Filename;ClassId;meta_class
00/00000_00000.ppm;00;0
00/00000_00001.ppm;00;0
00/00000_00002.ppm;00;0
00/00000_00003.ppm;00;0
00/00000_00004.ppm;00;0
00/00000_00005.ppm;00;0
00/00000_00006.ppm;00;0
00/00000_00007.ppm;00;0
00/00000_00008.ppm;00;0
00/00000_00009.ppm;00;0
00/00000_00010.ppm;00;0
00/00000_00011.ppm;00;0
00/00000_00012.ppm;00;0
00/00000_00013.ppm;00;0
00/00000_00014.ppm;00;0
00/00000_00015.ppm;00;0
00/00000_00016.ppm;00;0
00/00000_00017.ppm;00;0
00/00000_00018.ppm;00;0
00/00000_00019.ppm;00;0
00/00000_00020.ppm;00;0
00/00000_00021.ppm;00;0
00/00000_00022.ppm;00;0
00/00000_00023.ppm;00;0
00/00000_00024.ppm;00;0
00/00000_00025.ppm;00;0
00/00000_00026.ppm;00;0
00/00000_00027.ppm;00;0
00/00000_00028.ppm;00;0
00/00000_00029.ppm;00;0
00/00001_00000.ppm;00;0
00/00001_00001.ppm;00;0
00/00001_00002.ppm;00;0
00/00001_00003.ppm;00;0
00/00001_00004.ppm;00;0
00/00001_00005.ppm;00;0
00/00001_00006.ppm;00;0
00/00001_00007.ppm;00;0
00/00001_00008.ppm;00;0
00/00001_00009.ppm;00;0
00/00001_00010.ppm;00;0
00/00001_00011.ppm;00;0
00/00001_00012.ppm;00;0
00/00001_00013.ppm;00;0
00/00001_00014.ppm;00;0
00/00001_00015.ppm;00;0
00/00001_00016.ppm;00;0
00/00001_00017.ppm;00;0
00/00001_00018.ppm;00;0
00/00001_00019.ppm;00;0
00/00001_00020.ppm;00;0
00/00001_00021.ppm;00;0
00/00001_00022.ppm;00;0
00/00001_00023.ppm;00;0
00/00001_00024.ppm;00;0
00/00001_00025.ppm;00;0
00/00001_00026.ppm;00;0
00/00001_00027.ppm;00;0
00/00001_00028.ppm;00;0
00/00001_00029.ppm;00;0
00/00002_00000.ppm;00;0
00/00002_00001.ppm;00;0
00/00002_00002.ppm;00;0
00/00002_00003.ppm;00;0
00/00002_00004.ppm;00;0
00/00002_00005.ppm;00;0
00/00002_00006.ppm;00;0
00/00002_00007.ppm;00;0
00/00002_00008.ppm;00;0
00/00002_00009.ppm;00;0
00/00002_00010.ppm;00;0
00/00002_00011.ppm;00;0
00/00002_00012.ppm;00;0
00/00002_00013.ppm;00;0
00/00002_00014.ppm;00;0
00/00002_00015.ppm;00;0
00/00002_00016.ppm;00;0
00/00002_00017.ppm;00;0
00/00002_00018.ppm;00;0
00/00002_00019.ppm;00;0
00/00002_00020.ppm;00;0
00/00002_00021.ppm;00;0
00/00002_00022.ppm;00;0
00/00002_00023.ppm;00;0
00/00002_00024.ppm;00;0
00/00002_00025.ppm;00;0
00/00002_00026.ppm;00;0
00/00002_00027.ppm;00;0
00/00002_00028.ppm;00;0
00/00002_00029.ppm;00;0
00/00003_00000.ppm;00;0
00/00003_00001.ppm;00;0
00/00003_00002.ppm;00;0
00/00003_00003.ppm;00;0
00/00003_00004.ppm;00;0
00/00003_00005.ppm;00;0
00/00003_00006.ppm;00;0
00/00003_00007.ppm;00;0
00/00003_00008.ppm;00;0
00/00003_00009.ppm;00;0
00/00003_00010.ppm;00;0
00/00003_00011.ppm;00;0
00/00003_00012.ppm;00;0
00/00003_00013.ppm;00;0
00/00003_00014.ppm;00;0
00/00003_00015.ppm;00;0
00/00003_00016.ppm;00;0
00/00003_00017.ppm;00;0
00/00003_00018.ppm;00;0
00/00003_00019.ppm;00;0
00/00003_00020.ppm;00;0
00/00003_00021.ppm;00;0
00/00003_00022.ppm;00;0
00/00003_00023.ppm;00;0
00/00003_00024.ppm;00;0
00/00003_00025.ppm;00;0
00/00003_00026.ppm;00;0
00/00003_00027.ppm;00;0
00/00003_00028.ppm;00;0
00/00003_00029.ppm;00;0
00/00004_00000.ppm;00;0
00/00004_00001.ppm;00;0
00/00004_00002.ppm;00;0
00/00004_00003.ppm;00;0
00/00004_00004.ppm;00;0
00/00004_00005.ppm;00;0
00/00004_00006.ppm;00;0
00/00004_00007.ppm;00;0
00/00004_00008.ppm;00;0
00/00004_00009.ppm;00;0
00/00004_00010.ppm;00;0
00/00004_00011.ppm;00;0
00/00004_00012.ppm;00;0
00/00004_00013.ppm;00;0
00/00004_00014.ppm;00;0
00/00004_00015.ppm;00;0
00/00004_00016.ppm;00;0
00/00004_00017.ppm;00;0
00/00004_00018.ppm;00;0
00/00004_00019.ppm;00;0
00/00004_00020.ppm;00;0
00/00004_00021.ppm;00;0
00/00004_00022.ppm;00;0
00/00004_00023.ppm;00;0
00/00004_00024.ppm;00;0
00/00004_00025.ppm;00;0
00/00004_00026.ppm;00;0
00/00004_00027.ppm;00;0
00/00004_00028.ppm;00;0
00/00004_00029.ppm;00;0
01/00000_00000.ppm;01;0
01/00000_00001.ppm;01;0
01/00000_00002.ppm;01;0
01/00000_00003.ppm;01;0
01/00000_00004.ppm;01;0
01/00000_00005.ppm;01;0
01/00000_00006.ppm;01;0
01/00000_00007.ppm;01;0
01/00000_00008.ppm;01;0
01/00000_00009.ppm;01;0
01/00000_00010.ppm;01;0
01/00000_00011.ppm;01;0
01/00000_00012.ppm;01;0
01/00000_00013.ppm;01;0
01/00000_00014.ppm;01;0
01/00000_00015.ppm;01;0
01/00000_00016.ppm;01;0
01/00000_00017.ppm;01;0
01/00000_00018.ppm;01;0
01/00000_00019.ppm;01;0
01/00000_00020.ppm;01;0
01/00000_00021.ppm;01;0
01/00000_00022.ppm;01;0
01/00000_00023.ppm;01;0
01/00000_00024.ppm;01;0
01/00000_00025.ppm;01;0
01/00000_00026.ppm;01;0
01/00000_00027.ppm;01;0
01/00000_00028.ppm;01;0
01/00000_00029.ppm;01;0
01/00001_00000.ppm;01;0
01/00001_00001.ppm;01;0
01/00001_00002.ppm;01;0
01/00001_00003.ppm;01;0
01/00001_00004.ppm;01;0
01/00001_00005.ppm;01;0
01/00001_00006.ppm;01;0
01/00001_00007.ppm;01;0
01/00001_00008.ppm;01;0
01/00001_00009.ppm;01;0
01/00001_00010.ppm;01;0
01/00001_00011.ppm;01;0
01/00001_00012.ppm;01;0
01/00001_00013.ppm;01;0
01/00001_00014.ppm;01;0
01/00001_00015.ppm;01;0
01/00001_00016.ppm;01;0
01/00001_00017.ppm;01;0
01/00001_00018.ppm;01;0
01/00001_00019.ppm;01;0
01/00001_00020.ppm;01;0
01/00001_00021.ppm;01;0
01/00001_00022.ppm;01;0
01/00001_00023.ppm;01;0
01/00001_00024.ppm;01;0
01/00001_00025.ppm;01;0
01/00001_00026.ppm;01;0
01/00001_00027.ppm;01;0
01/00001_00028.ppm;01;0
01/00001_00029.ppm;01;0
01/00002_00000.ppm;01;0
01/00002_00001.ppm;01;0
01/00002_00002.ppm;01;0
01/00002_00003.ppm;01;0
01/00002_00004.ppm;01;0
01/00002_00005.ppm;01;0
01/00002_00006.ppm;01;0
01/00002_00007.ppm;01;0
01/00002_00008.ppm;01;0
01/00002_00009.ppm;01;0
01/00002_00010.ppm;01;0
01/00002_00011.ppm;01;0
01/00002_00012.ppm;01;0
01/00002_00013.ppm;01;0
01/00002_00014.ppm;01;0
01/00002_00015.ppm;01;0
01/00002_00016.ppm;01;0
01/00002_00017.ppm;01;0
01/00002_00018.ppm;01;0
01/00002_00019.ppm;01;0
01/00002_00020.ppm;01;0
01/00002_00021.ppm;01;0
01/00002_00022.ppm;01;0
01/00002_00023.ppm;01;0
01/00002_00024.ppm;01;0
01/00002_00025.ppm;01;0
01/00002_00026.ppm;01;0
01/00002_00027.ppm;01;0
01/00002_00028.ppm;01;0
01/00002_00029.ppm;01;0
01/00003_00000.ppm;01;0
01/00003_00001.ppm;01;0
01/00003_00002.ppm;01;0
01/00003_00003.ppm;01;0
01/00003_00004.ppm;01;0
01/00003_00005.ppm;01;0
01/00003_00006.ppm;01;0
01/00003_00007.ppm;01;0
01/00003_00008.ppm;01;0
01/00003_00009.ppm;01;0
01/00003_00010.ppm;01;0
01/00003_00011.ppm;01;0
01/00003_00012.ppm;01;0
01/00003_00013.ppm;01;0
01/00003_00014.ppm;01;0
01/00003_00015.ppm;01;0
01/00003_00016.ppm;01;0
01/00003_00017.ppm;01;0
01/00003_00018.ppm;01;0
01/00003_00019.ppm;01;0
01/00003_00020.ppm;01;0
01/00003_00021.ppm;01;0
01/00003_00022.ppm;01;0
01/00003_00023.ppm;01;0
01/00003_00024.ppm;01;0
01/00003_00025.ppm;01;0
01/00003_00026.ppm;01;0
01/00003_00027.ppm;01;0
01/00003_00028.ppm;01;0
01/00003_00029.ppm;01;0
01/00004_00000.ppm;01;0
01/00004_00001.ppm;01;0
01/00004_00002.ppm;01;0
01/00004_00003.ppm;01;0
01/00004_00004.ppm;01;0
01/00004_00005.ppm;01;0
01/00004_00006.ppm;01;0
01/00004_00007.ppm;01;0
01/00004_00008.ppm;01;0
01/00004_00009.ppm;01;0
01/00004_00010.ppm;01;0
01/00004_00011.ppm;01;0
01/00004_00012.ppm;01;0
01/00004_00013.ppm;01;0
01/00004_00014.ppm;01;0
01/00004_00015.ppm;01;0
01/00004_00016.ppm;01;0
01/00004_00017.ppm;01;0
01/00004_00018.ppm;01;0
01/00004_00019.ppm;01;0
01/00004_00020.ppm;01;0
01/00004_00021.ppm;01;0
01/00004_00022.ppm;01;0
01/00004_00023.ppm;01;0
01/00004_00024.ppm;01;0
01/00004_00025.ppm;01;0
01/00004_00026.ppm;01;0
01/00004_00027.ppm;01;0
01/00004_00028.ppm;01;0
01/00004_00029.ppm;01;0
01/00005_00000.ppm;01;0
01/00005_00001.ppm;01;0
01/00005_00002.ppm;01;0
01/00005_00003.ppm;01;0
01/00005_00004.ppm;01;0
01/00005_00005.ppm;01;0
01/00005_00006.ppm;01;0
01/00005_00007.ppm;01;0
01/00005_00008.ppm;01;0
01/00005_00009.ppm;01;0
01/00005_00010.ppm;01;0
01/00005_00011.ppm;01;0
01/00005_00012.ppm;01;0
01/00005_00013.ppm;01;0
01/00005_00014.ppm;01;0
01/00005_00015.ppm;01;0
01/00005_00016.ppm;01;0
01/00005_00017.ppm;01;0
01/00005_00018.ppm;01;0
01/00005_00019.ppm;01;0
01/00005_00020.ppm;01;0
01/00005_00021.ppm;01;0
01/00005_00022.ppm;01;0
01/00005_00023.ppm;01;0
01/00005_00024.ppm;01;0
01/00005_00025.ppm;01;0
01/00005_00026.ppm;01;0
01/00005_00027.ppm;01;0
01/00005_00028.ppm;01;0
01/00005_00029.ppm;01;0
01/00006_00000.ppm;01;0
01/00006_00001.ppm;01;0
01/00006_00002.ppm;01;0
01/00006_00003.ppm;01;0
01/00006_00004.ppm;01;0
01/00006_00005.ppm;01;0
01/00006_00006.ppm;01;0
01/00006_00007.ppm;01;0
01/00006_00008.ppm;01;0
01/00006_00009.ppm;01;0
01/00006_00010.ppm;01;0
01/00006_00011.ppm;01;0
01/00006_00012.ppm;01;0
01/00006_00013.ppm;01;0
01/00006_00014.ppm;01;0
01/00006_00015.ppm;01;0
01/00006_00016.ppm;01;0
01/00006_00017.ppm;01;0
01/00006_00018.ppm;01;0
01/00006_00019.ppm;01;0
01/00006_00020.ppm;01;0
01/00006_00021.ppm;01;0
01/00006_00022.ppm;01;0
01/00006_00023.ppm;01;0
01/00006_00024.ppm;01;0
01/00006_00025.ppm;01;0
01/00006_00026.ppm;01;0
01/00006_00027.ppm;01;0
01/00006_00028.ppm;01;0
01/00006_00029.ppm;01;0
01/00007_00000.ppm;01;0
01/00007_00001.ppm;01;0
01/00007_00002.ppm;01;0
01/00007_00003.ppm;01;0
01/00007_00004.ppm;01;0
01/00007_00005.ppm;01;0
01/00007_00006.ppm;01;0
01/00007_00007.ppm;01;0
01/00007_00008.ppm;01;0
01/00007_00009.ppm;01;0
01/00007_00010.ppm;01;0
01/00007_00011.ppm;01;0
01/00007_00012.ppm;01;0
01/00007_00013.ppm;01;0
01/00007_00014.ppm;01;0
01/00007_00015.ppm;01;0
01/00007_00016.ppm;01;0
01/00007_00017.ppm;01;0
01/00007_00018.ppm;01;0
01/00007_00019.ppm;01;0
01/00007_00020.ppm;01;0
01/00007_00021.ppm;01;0
01/00007_00022.ppm;01;0
01/00007_00023.ppm;01;0
01/00007_00024.ppm;01;0
01/00007_00025.ppm;01;0
01/00007_00026.ppm;01;0
01/00007_00027.ppm;01;0
01/00007_00028.ppm;01;0
01/00007_00029.ppm;01;0
01/00008_00000.ppm;01;0
01/00008_00001.ppm;01;0
01/00008_00002.ppm;01;0
01/00008_00003.ppm;01;0
01/00008_00004.ppm;01;0
01/00008_00005.ppm;01;0
01/00008_00006.ppm;01;0
01/00008_00007.ppm;01;0
01/00008_00008.ppm;01;0
01/00008_00009.ppm;01;0
01/00008_00010.ppm;01;0
01/00008_00011.ppm;01;0
01/00008_00012.ppm;01;0
01/00008_00013.ppm;01;0
01/00008_00014.ppm;01;0
01/00008_00015.ppm;01;0
01/00008_00016.ppm;01;0
01/00008_00017.ppm;01;0
01/00008_00018.ppm;01;0
01/00008_00019.ppm;01;0
01/00008_00020.ppm;01;0
01/00008_00021.ppm;01;0
01/00008_00022.ppm;01;0
01/00008_00023.ppm;01;0
01/00008_00024.ppm;01;0
01/00008_00025.ppm;01;0
01/00008_00026.ppm;01;0
01/00008_00027.ppm;01;0
01/00008_00028.ppm;01;0
01/00008_00029.ppm;01;0
01/00009_00000.ppm;01;0
01/00009_00001.ppm;01;0
01/00009_00002.ppm;01;0
01/00009_00003.ppm;01;0
01/00009_00004.ppm;01;0
01/00009_00005.ppm;01;0
01/00009_00006.ppm;01;0
01/00009_00007.ppm;01;0
01/00009_00008.ppm;01;0
01/00009_00009.ppm;01;0
01/00009_00010.ppm;01;0
01/00009_00011.ppm;01;0
01/00009_00012.ppm;01;0
01/00009_00013.ppm;01;0
01/00009_00014.ppm;01;0
01/00009_00015.ppm;01;0
01/00009_00016.ppm;01;0
01/00009_00017.ppm;01;0
01/00009_00018.ppm;01;0
01/00009_00019.ppm;01;0
01/00009_00020.ppm;01;0
01/00009_00021.ppm;01;0
01/00009_00022.ppm;01;0
01/00009_00023.ppm;01;0
01/00009_00024.ppm;01;0
01/00009_00025.ppm;01;0
01/00009_00026.ppm;01;0
01/00009_00027.ppm;01;0
01/00009_00028.ppm;01;0
01/00009_00029.ppm;01;0
01/00010_00000.ppm;01;0
01/00010_00001.ppm;01;0
01/00010_00002.ppm;01;0
01/00010_00003.ppm;01;0
01/00010_00004.ppm;01;0
01/00010_00005.ppm;01;0
01/00010_00006.ppm;01;0
01/00010_00007.ppm;01;0
01/00010_00008.ppm;01;0
01/00010_00009.ppm;01;0
01/00010_00010.ppm;01;0
01/00010_00011.ppm;01;0
01/00010_00012.ppm;01;0
01/00010_00013.ppm;01;0
01/00010_00014.ppm;01;0
01/00010_00015.ppm;01;0
01/00010_00016.ppm;01;0
01/00010_00017.ppm;01;0
01/00010_00018.ppm;01;0
01/00010_00019.ppm;01;0
01/00010_00020.ppm;01;0
01/00010_00021.ppm;01;0
01/00010_00022.ppm;01;0
01/00010_00023.ppm;01;0
01/00010_00024.ppm;01;0
01/00010_00025.ppm;01;0
01/00010_00026.ppm;01;0
01/00010_00027.ppm;01;0
01/00010_00028.ppm;01;0
01/00010_00029.ppm;01;0
01/00011_00000.ppm;01;0
01/00011_00001.ppm;01;0
01/00011_00002.ppm;01;0
01/00011_00003.ppm;01;0
01/00011_00004.ppm;01;0
01/00011_00005.ppm;01;0
01/00011_00006.ppm;01;0
01/00011_00007.ppm;01;0
01/00011_00008.ppm;01;0
01/00011_00009.ppm;01;0
01/00011_00010.ppm;01;0
01/00011_00011.ppm;01;0
01/00011_00012.ppm;01;0
01/00011_00013.ppm;01;0
01/00011_00014.ppm;01;0
01/00011_00015.ppm;01;0
01/00011_00016.ppm;01;0
01/00011_00017.ppm;01;0
01/00011_00018.ppm;01;0
01/00011_00019.ppm;01;0
01/00011_00020.ppm;01;0
01/00011_00021.ppm;01;0
01/00011_00022.ppm;01;0
01/00011_00023.ppm;01;0
01/00011_00024.ppm;01;0
01/00011_00025.ppm;01;0
01/00011_00026.ppm;01;0
01/00011_00027.ppm;01;0
01/00011_00028.ppm;01;0
01/00011_00029.ppm;01;0
01/00012_00000.ppm;01;0
01/00012_00001.ppm;01;0
01/00012_00002.ppm;01;0
01/00012_00003.ppm;01;0
01/00012_00004.ppm;01;0
01/00012_00005.ppm;01;0
01/00012_00006.ppm;01;0
01/00012_00007.ppm;01;0
01/00012_00008.ppm;01;0
01/00012_00009.ppm;01;0
01/00012_00010.ppm;01;0
01/00012_00011.ppm;01;0
01/00012_00012.ppm;01;0
01/00012_00013.ppm;01;0
01/00012_00014.ppm;01;0
01/00012_00015.ppm;01;0
01/00012_00016.ppm;01;0
01/00012_00017.ppm;01;0
01/00012_00018.ppm;01;0
01/00012_00019.ppm;01;0
01/00012_00020.ppm;01;0
01/00012_00021.ppm;01;0
01/00012_00022.ppm;01;0
01/00012_00023.ppm;01;0
01/00012_00024.ppm;01;0
01/00012_00025.ppm;01;0
01/00012_00026.ppm;01;0
01/00012_00027.ppm;01;0
01/00012_00028.ppm;01;0
01/00012_00029.ppm;01;0
01/00013_00000.ppm;01;0
01/00013_00001.ppm;01;0
01/00013_00002.ppm;01;0
01/00013_00003.ppm;01;0
01/00013_00004.ppm;01;0
01/00013_00005.ppm;01;0
01/00013_00006.ppm;01;0
01/00013_00007.ppm;01;0
01/00013_00008.ppm;01;0
01/00013_00009.ppm;01;0
01/00013_00010.ppm;01;0
01/00013_00011.ppm;01;0
01/00013_00012.ppm;01;0
01/00013_00013.ppm;01;0
01/00013_00014.ppm;01;0
01/00013_00015.ppm;01;0
01/00013_00016.ppm;01;0
01/00013_00017.ppm;01;0
01/00013_00018.ppm;01;0
01/00013_00019.ppm;01;0
01/00013_00020.ppm;01;0
01/00013_00021.ppm;01;0
01/00013_00022.ppm;01;0
01/00013_00023.ppm;01;0
01/00013_00024.ppm;01;0
01/00013_00025.ppm;01;0
01/00013_00026.ppm;01;0
01/00013_00027.ppm;01;0
01/00013_00028.ppm;01;0
01/00013_00029.ppm;01;0
01/00014_00000.ppm;01;0
01/00014_00001.ppm;01;0
01/00014_00002.ppm;01;0
01/00014_00003.ppm;01;0
01/00014_00004.ppm;01;0
01/00014_00005.ppm;01;0
01/00014_00006.ppm;01;0
01/00014_00007.ppm;01;0
01/00014_00008.ppm;01;0
01/00014_00009.ppm;01;0
01/00014_00010.ppm;01;0
01/00014_00011.ppm;01;0
01/00014_00012.ppm;01;0
01/00014_00013.ppm;01;0
01/00014_00014.ppm;01;0
01/00014_00015.ppm;01;0
01/00014_00016.ppm;01;0
01/00014_00017.ppm;01;0
01/00014_00018.ppm;01;0
01/00014_00019.ppm;01;0
01/00014_00020.ppm;01;0
01/00014_00021.ppm;01;0
01/00014_00022.ppm;01;0
01/00014_00023.ppm;01;0
01/00014_00024.ppm;01;0
01/00014_00025.ppm;01;0
01/00014_00026.ppm;01;0
01/00014_00027.ppm;01;0
01/00014_00028.ppm;01;0
01/00014_00029.ppm;01;0
01/00015_00000.ppm;01;0
01/00015_00001.ppm;01;0
01/00015_00002.ppm;01;0
01/00015_00003.ppm;01;0
01/00015_00004.ppm;01;0
01/00015_00005.ppm;01;0
01/00015_00006.ppm;01;0
01/00015_00007.ppm;01;0
01/00015_00008.ppm;01;0
01/00015_00009.ppm;01;0
01/00015_00010.ppm;01;0
01/00015_00011.ppm;01;0
01/00015_00012.ppm;01;0
01/00015_00013.ppm;01;0
01/00015_00014.ppm;01;0
01/00015_00015.ppm;01;0
01/00015_00016.ppm;01;0
01/00015_00017.ppm;01;0
01/00015_00018.ppm;01;0
01/00015_00019.ppm;01;0
01/00015_00020.ppm;01;0
01/00015_00021.ppm;01;0
01/00015_00022.ppm;01;0
01/00015_00023.ppm;01;0
01/00015_00024.ppm;01;0
01/00015_00025.ppm;01;0
01/00015_00026.ppm;01;0
01/00015_00027.ppm;01;0
01/00015_00028.ppm;01;0
01/00015_00029.ppm;01;0
01/00016_00000.ppm;01;0
01/00016_00001.ppm;01;0
01/00016_00002.ppm;01;0
01/00016_00003.ppm;01;0
01/00016_00004.ppm;01;0
01/00016_00005.ppm;01;0
01/00016_00006.ppm;01;0
01/00016_00007.ppm;01;0
01/00016_00008.ppm;01;0
01/00016_00009.ppm;01;0
01/00016_00010.ppm;01;0
01/00016_00011.ppm;01;0
01/00016_00012.ppm;01;0
01/00016_00013.ppm;01;0
01/00016_00014.ppm;01;0
01/00016_00015.ppm;01;0
01/00016_00016.ppm;01;0
01/00016_00017.ppm;01;0
01/00016_00018.ppm;01;0
01/00016_00019.ppm;01;0
01/00016_00020.ppm;01;0
01/00016_00021.ppm;01;0
01/00016_00022.ppm;01;0
01/00016_00023.ppm;01;0
01/00016_00024.ppm;01;0
01/00016_00025.ppm;01;0
01/00016_00026.ppm;01;0
01/00016_00027.ppm;01;0
01/00016_00028.ppm;01;0
01/00016_00029.ppm;01;0
01/00017_00000.ppm;01;0
01/00017_00001.ppm;01;0
01/00017_00002.ppm;01;0
01/00017_00003.ppm;01;0
01/00017_00004.ppm;01;0
01/00017_00005.ppm;01;0
01/00017_00006.ppm;01;0
01/00017_00007.ppm;01;0
01/00017_00008.ppm;01;0
01/00017_00009.ppm;01;0
01/00017_00010.ppm;01;0
01/00017_00011.ppm;01;0
01/00017_00012.ppm;01;0
01/00017_00013.ppm;01;0
01/00017_00014.ppm;01;0
01/00017_00015.ppm;01;0
01/00017_00016.ppm;01;0
01/00017_00017.ppm;01;0
01/00017_00018.ppm;01;0
01/00017_00019.ppm;01;0
01/00017_00020.ppm;01;0
01/00017_00021.ppm;01;0
01/00017_00022.ppm;01;0
01/00017_00023.ppm;01;0
01/00017_00024.ppm;01;0
01/00017_00025.ppm;01;0
01/00017_00026.ppm;01;0
01/00017_00027.ppm;01;0
01/00017_00028.ppm;01;0
01/00017_00029.ppm;01;0
01/00018_00000.ppm;01;0
01/00018_00001.ppm;01;0
01/00018_00002.ppm;01;0
01/00018_00003.ppm;01;0
01/00018_00004.ppm;01;0
01/00018_00005.ppm;01;0
01/00018_00006.ppm;01;0
01/00018_00007.ppm;01;0
01/00018_00008.ppm;01;0
01/00018_00009.ppm;01;0
01/00018_00010.ppm;01;0
01/00018_00011.ppm;01;0
01/00018_00012.ppm;01;0
01/00018_00013.ppm;01;0
01/00018_00014.ppm;01;0
01/00018_00015.ppm;01;0
01/00018_00016.ppm;01;0
01/00018_00017.ppm;01;0
01/00018_00018.ppm;01;0
01/00018_00019.ppm;01;0
01/00018_00020.ppm;01;0
01/00018_00021.ppm;01;0
01/00018_00022.ppm;01;0
01/00018_00023.ppm;01;0
01/00018_00024.ppm;01;0
01/00018_00025.ppm;01;0
01/00018_00026.ppm;01;0
01/00018_00027.ppm;01;0
01/00018_00028.ppm;01;0
01/00018_00029.ppm;01;0
01/00019_00000.ppm;01;0
01/00019_00001.ppm;01;0
01/00019_00002.ppm;01;0
01/00019_00003.ppm;01;0
01/00019_00004.ppm;01;0
01/00019_00005.ppm;01;0
01/00019_00006.ppm;01;0
01/00019_00007.ppm;01;0
01/00019_00008.ppm;01;0
01/00019_00009.ppm;01;0
01/00019_00010.ppm;01;0
01/00019_00011.ppm;01;0
01/00019_00012.ppm;01;0
01/00019_00013.ppm;01;0
01/00019_00014.ppm;01;0
01/00019_00015.ppm;01;0
01/00019_00016.ppm;01;0
01/00019_00017.ppm;01;0
01/00019_00018.ppm;01;0
01/00019_00019.ppm;01;0
01/00019_00020.ppm;01;0
01/00019_00021.ppm;01;0
01/00019_00022.ppm;01;0
01/00019_00023.ppm;01;0
01/00019_00024.ppm;01;0
01/00019_00025.ppm;01;0
01/00019_00026.ppm;01;0
01/00019_00027.ppm;01;0
01/00019_00028.ppm;01;0
01/00019_00029.ppm;01;0
01/00020_00000.ppm;01;0
01/00020_00001.ppm;01;0
01/00020_00002.ppm;01;0
01/00020_00003.ppm;01;0
01/00020_00004.ppm;01;0
01/00020_00005.ppm;01;0
01/00020_00006.ppm;01;0
01/00020_00007.ppm;01;0
01/00020_00008.ppm;01;0
01/00020_00009.ppm;01;0
01/00020_00010.ppm;01;0
01/00020_00011.ppm;01;0
01/00020_00012.ppm;01;0
01/00020_00013.ppm;01;0
01/00020_00014.ppm;01;0
01/00020_00015.ppm;01;0
01/00020_00016.ppm;01;0
01/00020_00017.ppm;01;0
01/00020_00018.ppm;01;0
01/00020_00019.ppm;01;0
01/00020_00020.ppm;01;0
01/00020_00021.ppm;01;0
01/00020_00022.ppm;01;0
01/00020_00023.ppm;01;0
01/00020_00024.ppm;01;0
01/00020_00025.ppm;01;0
01/00020_00026.ppm;01;0
01/00020_00027.ppm;01;0
01/00020_00028.ppm;01;0
01/00020_00029.ppm;01;0
01/00021_00000.ppm;01;0
01/00021_00001.ppm;01;0
01/00021_00002.ppm;01;0
01/00021_00003.ppm;01;0
01/00021_00004.ppm;01;0
01/00021_00005.ppm;01;0
01/00021_00006.ppm;01;0
01/00021_00007.ppm;01;0
01/00021_00008.ppm;01;0
01/00021_00009.ppm;01;0
01/00021_00010.ppm;01;0
01/00021_00011.ppm;01;0
01/00021_00012.ppm;01;0
01/00021_00013.ppm;01;0
01/00021_00014.ppm;01;0
01/00021_00015.ppm;01;0
01/00021_00016.ppm;01;0
01/00021_00017.ppm;01;0
01/00021_00018.ppm;01;0
01/00021_00019.ppm;01;0
01/00021_00020.ppm;01;0
01/00021_00021.ppm;01;0
01/00021_00022.ppm;01;0
01/00021_00023.ppm;01;0
01/00021_00024.ppm;01;0
01/00021_00025.ppm;01;0
01/00021_00026.ppm;01;0
01/00021_00027.ppm;01;0
01/00021_00028.ppm;01;0
01/00021_00029.ppm;01;0
01/00022_00000.ppm;01;0
01/00022_00001.ppm;01;0
01/00022_00002.ppm;01;0
01/00022_00003.ppm;01;0
01/00022_00004.ppm;01;0
01/00022_00005.ppm;01;0
01/00022_00006.ppm;01;0
01/00022_00007.ppm;01;0
01/00022_00008.ppm;01;0
01/00022_00009.ppm;01;0
01/00022_00010.ppm;01;0
01/00022_00011.ppm;01;0
01/00022_00012.ppm;01;0
01/00022_00013.ppm;01;0
01/00022_00014.ppm;01;0
01/00022_00015.ppm;01;0
01/00022_00016.ppm;01;0
01/00022_00017.ppm;01;0
01/00022_00018.ppm;01;0
01/00022_00019.ppm;01;0
01/00022_00020.ppm;01;0
01/00022_00021.ppm;01;0
01/00022_00022.ppm;01;0
01/00022_00023.ppm;01;0
01/00022_00024.ppm;01;0
01/00022_00025.ppm;01;0
01/00022_00026.ppm;01;0
01/00022_00027.ppm;01;0
01/00022_00028.ppm;01;0
01/00022_00029.ppm;01;0
01/00023_00000.ppm;01;0
01/00023_00001.ppm;01;0
01/00023_00002.ppm;01;0
01/00023_00003.ppm;01;0
01/00023_00004.ppm;01;0
01/00023_00005.ppm;01;0
01/00023_00006.ppm;01;0
01/00023_00007.ppm;01;0
01/00023_00008.ppm;01;0
01/00023_00009.ppm;01;0
01/00023_00010.ppm;01;0
01/00023_00011.ppm;01;0
01/00023_00012.ppm;01;0
01/00023_00013.ppm;01;0
01/00023_00014.ppm;01;0
01/00023_00015.ppm;01;0
01/00023_00016.ppm;01;0
01/00023_00017.ppm;01;0
01/00023_00018.ppm;01;0
01/00023_00019.ppm;01;0
01/00023_00020.ppm;01;0
01/00023_00021.ppm;01;0
01/00023_00022.ppm;01;0
01/00023_00023.ppm;01;0
01/00023_00024.ppm;01;0
01/00023_00025.ppm;01;0
01/00023_00026.ppm;01;0
01/00023_00027.ppm;01;0
01/00023_00028.ppm;01;0
01/00023_00029.ppm;01;0
01/00024_00000.ppm;01;0
01/00024_00001.ppm;01;0
01/00024_00002.ppm;01;0
01/00024_00003.ppm;01;0
01/00024_00004.ppm;01;0
01/00024_00005.ppm;01;0
01/00024_00006.ppm;01;0
01/00024_00007.ppm;01;0
01/00024_00008.ppm;01;0
01/00024_00009.ppm;01;0
01/00024_00010.ppm;01;0
01/00024_00011.ppm;01;0
01/00024_00012.ppm;01;0
01/00024_00013.ppm;01;0
01/00024_00014.ppm;01;0
01/00024_00015.ppm;01;0
01/00024_00016.ppm;01;0
01/00024_00017.ppm;01;0
01/00024_00018.ppm;01;0
01/00024_00019.ppm;01;0
01/00024_00020.ppm;01;0
01/00024_00021.ppm;01;0
01/00024_00022.ppm;01;0
01/00024_00023.ppm;01;0
01/00024_00024.ppm;01;0
01/00024_00025.ppm;01;0
01/00024_00026.ppm;01;0
01/00024_00027.ppm;01;0
01/00024_00028.ppm;01;0
01/00024_00029.ppm;01;0
01/00025_00000.ppm;01;0
01/00025_00001.ppm;01;0
01/00025_00002.ppm;01;0
01/00025_00003.ppm;01;0
01/00025_00004.ppm;01;0
01/00025_00005.ppm;01;0
01/00025_00006.ppm;01;0
01/00025_00007.ppm;01;0
01/00025_00008.ppm;01;0
01/00025_00009.ppm;01;0
01/00025_00010.ppm;01;0
01/00025_00011.ppm;01;0
01/00025_00012.ppm;01;0
01/00025_00013.ppm;01;0
01/00025_00014.ppm;01;0
01/00025_00015.ppm;01;0
01/00025_00016.ppm;01;0
01/00025_00017.ppm;01;0
01/00025_00018.ppm;01;0
01/00025_00019.ppm;01;0
01/00025_00020.ppm;01;0
01/00025_00021.ppm;01;0
01/00025_00022.ppm;01;0
01/00025_00023.ppm;01;0
01/00025_00024.ppm;01;0
01/00025_00025.ppm;01;0
01/00025_00026.ppm;01;0
01/00025_00027.ppm;01;0
01/00025_00028.ppm;01;0
01/00025_00029.ppm;01;0
01/00026_00000.ppm;01;0
01/00026_00001.ppm;01;0
01/00026_00002.ppm;01;0
01/00026_00003.ppm;01;0
01/00026_00004.ppm;01;0
01/00026_00005.ppm;01;0
01/00026_00006.ppm;01;0
01/00026_00007.ppm;01;0
01/00026_00008.ppm;01;0
01/00026_00009.ppm;01;0
01/00026_00010.ppm;01;0
01/00026_00011.ppm;01;0
01/00026_00012.ppm;01;0
01/00026_00013.ppm;01;0
01/00026_00014.ppm;01;0
01/00026_00015.ppm;01;0
01/00026_00016.ppm;01;0
01/00026_00017.ppm;01;0
01/00026_00018.ppm;01;0
01/00026_00019.ppm;01;0
01/00026_00020.ppm;01;0
01/00026_00021.ppm;01;0
01/00026_00022.ppm;01;0
01/00026_00023.ppm;01;0
01/00026_00024.ppm;01;0
01/00026_00025.ppm;01;0
01/00026_00026.ppm;01;0
01/00026_00027.ppm;01;0
01/00026_00028.ppm;01;0
01/00026_00029.ppm;01;0
01/00027_00000.ppm;01;0
01/00027_00001.ppm;01;0
01/00027_00002.ppm;01;0
01/00027_00003.ppm;01;0
01/00027_00004.ppm;01;0
01/00027_00005.ppm;01;0
01/00027_00006.ppm;01;0
01/00027_00007.ppm;01;0
01/00027_00008.ppm;01;0
01/00027_00009.ppm;01;0
01/00027_00010.ppm;01;0
01/00027_00011.ppm;01;0
01/00027_00012.ppm;01;0
01/00027_00013.ppm;01;0
01/00027_00014.ppm;01;0
01/00027_00015.ppm;01;0
01/00027_00016.ppm;01;0
01/00027_00017.ppm;01;0
01/00027_00018.ppm;01;0
01/00027_00019.ppm;01;0
01/00027_00020.ppm;01;0
01/00027_00021.ppm;01;0
01/00027_00022.ppm;01;0
01/00027_00023.ppm;01;0
01/00027_00024.ppm;01;0
01/00027_00025.ppm;01;0
01/00027_00026.ppm;01;0
01/00027_00027.ppm;01;0
01/00027_00028.ppm;01;0
01/00027_00029.ppm;01;0
01/00028_00000.ppm;01;0
01/00028_00001.ppm;01;0
01/00028_00002.ppm;01;0
01/00028_00003.ppm;01;0
01/00028_00004.ppm;01;0
01/00028_00005.ppm;01;0
01/00028_00006.ppm;01;0
01/00028_00007.ppm;01;0
01/00028_00008.ppm;01;0
01/00028_00009.ppm;01;0
01/00028_00010.ppm;01;0
01/00028_00011.ppm;01;0
01/00028_00012.ppm;01;0
01/00028_00013.ppm;01;0
01/00028_00014.ppm;01;0
01/00028_00015.ppm;01;0
01/00028_00016.ppm;01;0
01/00028_00017.ppm;01;0
01/00028_00018.ppm;01;0
01/00028_00019.ppm;01;0
01/00028_00020.ppm;01;0
01/00028_00021.ppm;01;0
01/00028_00022.ppm;01;0
01/00028_00023.ppm;01;0
01/00028_00024.ppm;01;0
01/00028_00025.ppm;01;0
01/00028_00026.ppm;01;0
01/00028_00027.ppm;01;0
01/00028_00028.ppm;01;0
01/00028_00029.ppm;01;0
01/00029_00000.ppm;01;0
01/00029_00001.ppm;01;0
01/00029_00002.ppm;01;0
01/00029_00003.ppm;01;0
01/00029_00004.ppm;01;0
01/00029_00005.ppm;01;0
01/00029_00006.ppm;01;0
01/00029_00007.ppm;01;0
01/00029_00008.ppm;01;0
01/00029_00009.ppm;01;0
01/00029_00010.ppm;01;0
01/00029_00011.ppm;01;0
01/00029_00012.ppm;01;0
01/00029_00013.ppm;01;0
01/00029_00014.ppm;01;0
01/00029_00015.ppm;01;0
01/00029_00016.ppm;01;0
01/00029_00017.ppm;01;0
01/00029_00018.ppm;01;0
01/00029_00019.ppm;01;0
01/00029_00020.ppm;01;0
01/00029_00021.ppm;01;0
01/00029_00022.ppm;01;0
01/00029_00023.ppm;01;0
01/00029_00024.ppm;01;0
01/00029_00025.ppm;01;0
01/00029_00026.ppm;01;0
01/00029_00027.ppm;01;0
01/00029_00028.ppm;01;0
01/00029_00029.ppm;01;0
01/00030_00000.ppm;01;0
01/00030_00001.ppm;01;0
01/00030_00002.ppm;01;0
01/00030_00003.ppm;01;0
01/00030_00004.ppm;01;0
01/00030_00005.ppm;01;0
01/00030_00006.ppm;01;0
01/00030_00007.ppm;01;0
01/00030_00008.ppm;01;0
01/00030_00009.ppm;01;0
01/00030_00010.ppm;01;0
01/00030_00011.ppm;01;0
01/00030_00012.ppm;01;0
01/00030_00013.ppm;01;0
01/00030_00014.ppm;01;0
01/00030_00015.ppm;01;0
01/00030_00016.ppm;01;0
01/00030_00017.ppm;01;0
01/00030_00018.ppm;01;0
01/00030_00019.ppm;01;0
01/00030_00020.ppm;01;0
01/00030_00021.ppm;01;0
01/00030_00022.ppm;01;0
01/00030_00023.ppm;01;0
01/00030_00024.ppm;01;0
01/00030_00025.ppm;01;0
01/00030_00026.ppm;01;0
01/00030_00027.ppm;01;0
01/00030_00028.ppm;01;0
01/00030_00029.ppm;01;0
01/00031_00000.ppm;01;0
01/00031_00001.ppm;01;0
01/00031_00002.ppm;01;0
01/00031_00003.ppm;01;0
01/00031_00004.ppm;01;0
01/00031_00005.ppm;01;0
01/00031_00006.ppm;01;0
01/00031_00007.ppm;01;0
01/00031_00008.ppm;01;0
01/00031_00009.ppm;01;0
01/00031_00010.ppm;01;0
01/00031_00011.ppm;01;0
01/00031_00012.ppm;01;0
01/00031_00013.ppm;01;0
01/00031_00014.ppm;01;0
01/00031_00015.ppm;01;0
01/00031_00016.ppm;01;0
01/00031_00017.ppm;01;0
01/00031_00018.ppm;01;0
01/00031_00019.ppm;01;0
01/00031_00020.ppm;01;0
01/00031_00021.ppm;01;0
01/00031_00022.ppm;01;0
01/00031_00023.ppm;01;0
01/00031_00024.ppm;01;0
01/00031_00025.ppm;01;0
01/00031_00026.ppm;01;0
01/00031_00027.ppm;01;0
01/00031_00028.ppm;01;0
01/00031_00029.ppm;01;0
01/00032_00000.ppm;01;0
01/00032_00001.ppm;01;0
01/00032_00002.ppm;01;0
01/00032_00003.ppm;01;0
01/00032_00004.ppm;01;0
01/00032_00005.ppm;01;0
01/00032_00006.ppm;01;0
01/00032_00007.ppm;01;0
01/00032_00008.ppm;01;0
01/00032_00009.ppm;01;0
01/00032_00010.ppm;01;0
01/00032_00011.ppm;01;0
01/00032_00012.ppm;01;0
01/00032_00013.ppm;01;0
01/00032_00014.ppm;01;0
01/00032_00015.ppm;01;0
01/00032_00016.ppm;01;0
01/00032_00017.ppm;01;0
01/00032_00018.ppm;01;0
01/00032_00019.ppm;01;0
01/00032_00020.ppm;01;0
01/00032_00021.ppm;01;0
01/00032_00022.ppm;01;0
01/00032_00023.ppm;01;0
01/00032_00024.ppm;01;0
01/00032_00025.ppm;01;0
01/00032_00026.ppm;01;0
01/00032_00027.ppm;01;0
01/00032_00028.ppm;01;0
01/00032_00029.ppm;01;0
01/00033_00000.ppm;01;0
01/00033_00001.ppm;01;0
01/00033_00002.ppm;01;0
01/00033_00003.ppm;01;0
01/00033_00004.ppm;01;0
01/00033_00005.ppm;01;0
01/00033_00006.ppm;01;0
01/00033_00007.ppm;01;0
01/00033_00008.ppm;01;0
01/00033_00009.ppm;01;0
01/00033_00010.ppm;01;0
01/00033_00011.ppm;01;0
01/00033_00012.ppm;01;0
01/00033_00013.ppm;01;0
01/00033_00014.ppm;01;0
01/00033_00015.ppm;01;0
01/00033_00016.ppm;01;0
01/00033_00017.ppm;01;0
01/00033_00018.ppm;01;0
01/00033_00019.ppm;01;0
01/00033_00020.ppm;01;0
01/00033_00021.ppm;01;0
01/00033_00022.ppm;01;0
01/00033_00023.ppm;01;0
01/00033_00024.ppm;01;0
01/00033_00025.ppm;01;0
01/00033_00026.ppm;01;0
01/00033_00027.ppm;01;0
01/00033_00028.ppm;01;0
01/00033_00029.ppm;01;0
01/00034_00000.ppm;01;0
01/00034_00001.ppm;01;0
01/00034_00002.ppm;01;0
01/00034_00003.ppm;01;0
01/00034_00004.ppm;01;0
01/00034_00005.ppm;01;0
01/00034_00006.ppm;01;0
01/00034_00007.ppm;01;0
01/00034_00008.ppm;01;0
01/00034_00009.ppm;01;0
01/00034_00010.ppm;01;0
01/00034_00011.ppm;01;0
01/00034_00012.ppm;01;0
01/00034_00013.ppm;01;0
01/00034_00014.ppm;01;0
01/00034_00015.ppm;01;0
01/00034_00016.ppm;01;0
01/00034_00017.ppm;01;0
01/00034_00018.ppm;01;0
01/00034_00019.ppm;01;0
01/00034_00020.ppm;01;0
01/00034_00021.ppm;01;0
01/00034_00022.ppm;01;0
01/00034_00023.ppm;01;0
01/00034_00024.ppm;01;0
01/00034_00025.ppm;01;0
01/00034_00026.ppm;01;0
01/00034_00027.ppm;01;0
01/00034_00028.ppm;01;0
01/00034_00029.ppm;01;0
01/00035_00000.ppm;01;0
01/00035_00001.ppm;01;0
01/00035_00002.ppm;01;0
01/00035_00003.ppm;01;0
01/00035_00004.ppm;01;0
01/00035_00005.ppm;01;0
01/00035_00006.ppm;01;0
01/00035_00007.ppm;01;0
01/00035_00008.ppm;01;0
01/00035_00009.ppm;01;0
01/00035_00010.ppm;01;0
01/00035_00011.ppm;01;0
01/00035_00012.ppm;01;0
01/00035_00013.ppm;01;0
01/00035_00014.ppm;01;0
01/00035_00015.ppm;01;0
01/00035_00016.ppm;01;0
01/00035_00017.ppm;01;0
01/00035_00018.ppm;01;0
01/00035_00019.ppm;01;0
01/00035_00020.ppm;01;0
01/00035_00021.ppm;01;0
01/00035_00022.ppm;01;0
01/00035_00023.ppm;01;0
01/00035_00024.ppm;01;0
01/00035_00025.ppm;01;0
01/00035_00026.ppm;01;0
01/00035_00027.ppm;01;0
01/00035_00028.ppm;01;0
01/00035_00029.ppm;01;0
01/00036_00000.ppm;01;0
01/00036_00001.ppm;01;0
01/00036_00002.ppm;01;0
01/00036_00003.ppm;01;0
01/00036_00004.ppm;01;0
01/00036_00005.ppm;01;0
01/00036_00006.ppm;01;0
01/00036_00007.ppm;01;0
01/00036_00008.ppm;01;0
01/00036_00009.ppm;01;0
01/00036_00010.ppm;01;0
01/00036_00011.ppm;01;0
01/00036_00012.ppm;01;0
01/00036_00013.ppm;01;0
01/00036_00014.ppm;01;0
01/00036_00015.ppm;01;0
01/00036_00016.ppm;01;0
01/00036_00017.ppm;01;0
01/00036_00018.ppm;01;0
01/00036_00019.ppm;01;0
01/00036_00020.ppm;01;0
01/00036_00021.ppm;01;0
01/00036_00022.ppm;01;0
01/00036_00023.ppm;01;0
01/00036_00024.ppm;01;0
01/00036_00025.ppm;01;0
01/00036_00026.ppm;01;0
01/00036_00027.ppm;01;0
01/00036_00028.ppm;01;0
01/00036_00029.ppm;01;0
01/00037_00000.ppm;01;0
01/00037_00001.ppm;01;0
01/00037_00002.ppm;01;0
01/00037_00003.ppm;01;0
01/00037_00004.ppm;01;0
01/00037_00005.ppm;01;0
01/00037_00006.ppm;01;0
01/00037_00007.ppm;01;0
01/00037_00008.ppm;01;0
01/00037_00009.ppm;01;0
01/00037_00010.ppm;01;0
01/00037_00011.ppm;01;0
01/00037_00012.ppm;01;0
01/00037_00013.ppm;01;0
01/00037_00014.ppm;01;0
01/00037_00015.ppm;01;0
01/00037_00016.ppm;01;0
01/00037_00017.ppm;01;0
01/00037_00018.ppm;01;0
01/00037_00019.ppm;01;0
01/00037_00020.ppm;01;0
01/00037_00021.ppm;01;0
01/00037_00022.ppm;01;0
01/00037_00023.ppm;01;0
01/00037_00024.ppm;01;0
01/00037_00025.ppm;01;0
01/00037_00026.ppm;01;0
01/00037_00027.ppm;01;0
01/00037_00028.ppm;01;0
01/00037_00029.ppm;01;0
01/00038_00000.ppm;01;0
01/00038_00001.ppm;01;0
01/00038_00002.ppm;01;0
01/00038_00003.ppm;01;0
01/00038_00004.ppm;01;0
01/00038_00005.ppm;01;0
01/00038_00006.ppm;01;0
01/00038_00007.ppm;01;0
01/00038_00008.ppm;01;0
01/00038_00009.ppm;01;0
01/00038_00010.ppm;01;0
01/00038_00011.ppm;01;0
01/00038_00012.ppm;01;0
01/00038_00013.ppm;01;0
01/00038_00014.ppm;01;0
01/00038_00015.ppm;01;0
01/00038_00016.ppm;01;0
01/00038_00017.ppm;01;0
01/00038_00018.ppm;01;0
01/00038_00019.ppm;01;0
01/00038_00020.ppm;01;0
01/00038_00021.ppm;01;0
01/00038_00022.ppm;01;0
01/00038_00023.ppm;01;0
01/00038_00024.ppm;01;0
01/00038_00025.ppm;01;0
01/00038_00026.ppm;01;0
01/00038_00027.ppm;01;0
01/00038_00028.ppm;01;0
01/00038_00029.ppm;01;0
01/00039_00000.ppm;01;0
01/00039_00001.ppm;01;0
01/00039_00002.ppm;01;0
01/00039_00003.ppm;01;0
01/00039_00004.ppm;01;0
01/00039_00005.ppm;01;0
01/00039_00006.ppm;01;0
01/00039_00007.ppm;01;0
01/00039_00008.ppm;01;0
01/00039_00009.ppm;01;0
01/00039_00010.ppm;01;0
01/00039_00011.ppm;01;0
01/00039_00012.ppm;01;0
01/00039_00013.ppm;01;0
01/00039_00014.ppm;01;0
01/00039_00015.ppm;01;0
01/00039_00016.ppm;01;0
01/00039_00017.ppm;01;0
01/00039_00018.ppm;01;0
01/00039_00019.ppm;01;0
01/00039_00020.ppm;01;0
01/00039_00021.ppm;01;0
01/00039_00022.ppm;01;0
01/00039_00023.ppm;01;0
01/00039_00024.ppm;01;0
01/00039_00025.ppm;01;0
01/00039_00026.ppm;01;0
01/00039_00027.ppm;01;0
01/00039_00028.ppm;01;0
01/00039_00029.ppm;01;0
01/00040_00000.ppm;01;0
01/00040_00001.ppm;01;0
01/00040_00002.ppm;01;0
01/00040_00003.ppm;01;0
01/00040_00004.ppm;01;0
01/00040_00005.ppm;01;0
01/00040_00006.ppm;01;0
01/00040_00007.ppm;01;0
01/00040_00008.ppm;01;0
01/00040_00009.ppm;01;0
01/00040_00010.ppm;01;0
01/00040_00011.ppm;01;0
01/00040_00012.ppm;01;0
01/00040_00013.ppm;01;0
01/00040_00014.ppm;01;0
01/00040_00015.ppm;01;0
01/00040_00016.ppm;01;0
01/00040_00017.ppm;01;0
01/00040_00018.ppm;01;0
01/00040_00019.ppm;01;0
01/00040_00020.ppm;01;0
01/00040_00021.ppm;01;0
01/00040_00022.ppm;01;0
01/00040_00023.ppm;01;0
01/00040_00024.ppm;01;0
01/00040_00025.ppm;01;0
01/00040_00026.ppm;01;0
01/00040_00027.ppm;01;0
01/00040_00028.ppm;01;0
01/00040_00029.ppm;01;0
01/00041_00000.ppm;01;0
01/00041_00001.ppm;01;0
01/00041_00002.ppm;01;0
01/00041_00003.ppm;01;0
01/00041_00004.ppm;01;0
01/00041_00005.ppm;01;0
01/00041_00006.ppm;01;0
01/00041_00007.ppm;01;0
01/00041_00008.ppm;01;0
01/00041_00009.ppm;01;0
01/00041_00010.ppm;01;0
01/00041_00011.ppm;01;0
01/00041_00012.ppm;01;0
01/00041_00013.ppm;01;0
01/00041_00014.ppm;01;0
01/00041_00015.ppm;01;0
01/00041_00016.ppm;01;0
01/00041_00017.ppm;01;0
01/00041_00018.ppm;01;0
01/00041_00019.ppm;01;0
01/00041_00020.ppm;01;0
01/00041_00021.ppm;01;0
01/00041_00022.ppm;01;0
01/00041_00023.ppm;01;0
01/00041_00024.ppm;01;0
01/00041_00025.ppm;01;0
01/00041_00026.ppm;01;0
01/00041_00027.ppm;01;0
01/00041_00028.ppm;01;0
01/00041_00029.ppm;01;0
01/00042_00000.ppm;01;0
01/00042_00001.ppm;01;0
01/00042_00002.ppm;01;0
01/00042_00003.ppm;01;0
01/00042_00004.ppm;01;0
01/00042_00005.ppm;01;0
01/00042_00006.ppm;01;0
01/00042_00007.ppm;01;0
01/00042_00008.ppm;01;0
01/00042_00009.ppm;01;0
01/00042_00010.ppm;01;0
01/00042_00011.ppm;01;0
01/00042_00012.ppm;01;0
01/00042_00013.ppm;01;0
01/00042_00014.ppm;01;0
01/00042_00015.ppm;01;0
01/00042_00016.ppm;01;0
01/00042_00017.ppm;01;0
01/00042_00018.ppm;01;0
01/00042_00019.ppm;01;0
01/00042_00020.ppm;01;0
01/00042_00021.ppm;01;0
01/00042_00022.ppm;01;0
01/00042_00023.ppm;01;0
01/00042_00024.ppm;01;0
01/00042_00025.ppm;01;0
01/00042_00026.ppm;01;0
01/00042_00027.ppm;01;0
01/00042_00028.ppm;01;0
01/00042_00029.ppm;01;0
01/00043_00000.ppm;01;0
01/00043_00001.ppm;01;0
01/00043_00002.ppm;01;0
01/00043_00003.ppm;01;0
01/00043_00004.ppm;01;0
01/00043_00005.ppm;01;0
01/00043_00006.ppm;01;0
01/00043_00007.ppm;01;0
01/00043_00008.ppm;01;0
01/00043_00009.ppm;01;0
01/00043_00010.ppm;01;0
01/00043_00011.ppm;01;0
01/00043_00012.ppm;01;0
01/00043_00013.ppm;01;0
01/00043_00014.ppm;01;0
01/00043_00015.ppm;01;0
01/00043_00016.ppm;01;0
01/00043_00017.ppm;01;0
01/00043_00018.ppm;01;0
01/00043_00019.ppm;01;0
01/00043_00020.ppm;01;0
01/00043_00021.ppm;01;0
01/00043_00022.ppm;01;0
01/00043_00023.ppm;01;0
01/00043_00024.ppm;01;0
01/00043_00025.ppm;01;0
01/00043_00026.ppm;01;0
01/00043_00027.ppm;01;0
01/00043_00028.ppm;01;0
01/00043_00029.ppm;01;0
01/00044_00000.ppm;01;0
01/00044_00001.ppm;01;0
01/00044_00002.ppm;01;0
01/00044_00003.ppm;01;0
01/00044_00004.ppm;01;0
01/00044_00005.ppm;01;0
01/00044_00006.ppm;01;0
01/00044_00007.ppm;01;0
01/00044_00008.ppm;01;0
01/00044_00009.ppm;01;0
01/00044_00010.ppm;01;0
01/00044_00011.ppm;01;0
01/00044_00012.ppm;01;0
01/00044_00013.ppm;01;0
01/00044_00014.ppm;01;0
01/00044_00015.ppm;01;0
01/00044_00016.ppm;01;0
01/00044_00017.ppm;01;0
01/00044_00018.ppm;01;0
01/00044_00019.ppm;01;0
01/00044_00020.ppm;01;0
01/00044_00021.ppm;01;0
01/00044_00022.ppm;01;0
01/00044_00023.ppm;01;0
01/00044_00024.ppm;01;0
01/00044_00025.ppm;01;0
01/00044_00026.ppm;01;0
01/00044_00027.ppm;01;0
01/00044_00028.ppm;01;0
01/00044_00029.ppm;01;0
01/00045_00000.ppm;01;0
01/00045_00001.ppm;01;0
01/00045_00002.ppm;01;0
01/00045_00003.ppm;01;0
01/00045_00004.ppm;01;0
01/00045_00005.ppm;01;0
01/00045_00006.ppm;01;0
01/00045_00007.ppm;01;0
01/00045_00008.ppm;01;0
01/00045_00009.ppm;01;0
01/00045_00010.ppm;01;0
01/00045_00011.ppm;01;0
01/00045_00012.ppm;01;0
01/00045_00013.ppm;01;0
01/00045_00014.ppm;01;0
01/00045_00015.ppm;01;0
01/00045_00016.ppm;01;0
01/00045_00017.ppm;01;0
01/00045_00018.ppm;01;0
01/00045_00019.ppm;01;0
01/00045_00020.ppm;01;0
01/00045_00021.ppm;01;0
01/00045_00022.ppm;01;0
01/00045_00023.ppm;01;0
01/00045_00024.ppm;01;0
01/00045_00025.ppm;01;0
01/00045_00026.ppm;01;0
01/00045_00027.ppm;01;0
01/00045_00028.ppm;01;0
01/00045_00029.ppm;01;0
01/00046_00000.ppm;01;0
01/00046_00001.ppm;01;0
01/00046_00002.ppm;01;0
01/00046_00003.ppm;01;0
01/00046_00004.ppm;01;0
01/00046_00005.ppm;01;0
01/00046_00006.ppm;01;0
01/00046_00007.ppm;01;0
01/00046_00008.ppm;01;0
01/00046_00009.ppm;01;0
01/00046_00010.ppm;01;0
01/00046_00011.ppm;01;0
01/00046_00012.ppm;01;0
01/00046_00013.ppm;01;0
01/00046_00014.ppm;01;0
01/00046_00015.ppm;01;0
01/00046_00016.ppm;01;0
01/00046_00017.ppm;01;0
01/00046_00018.ppm;01;0
01/00046_00019.ppm;01;0
01/00046_00020.ppm;01;0
01/00046_00021.ppm;01;0
01/00046_00022.ppm;01;0
01/00046_00023.ppm;01;0
01/00046_00024.ppm;01;0
01/00046_00025.ppm;01;0
01/00046_00026.ppm;01;0
01/00046_00027.ppm;01;0
01/00046_00028.ppm;01;0
01/00046_00029.ppm;01;0
01/00047_00000.ppm;01;0
01/00047_00001.ppm;01;0
01/00047_00002.ppm;01;0
01/00047_00003.ppm;01;0
01/00047_00004.ppm;01;0
01/00047_00005.ppm;01;0
01/00047_00006.ppm;01;0
01/00047_00007.ppm;01;0
01/00047_00008.ppm;01;0
01/00047_00009.ppm;01;0
01/00047_00010.ppm;01;0
01/00047_00011.ppm;01;0
01/00047_00012.ppm;01;0
01/00047_00013.ppm;01;0
01/00047_00014.ppm;01;0
01/00047_00015.ppm;01;0
01/00047_00016.ppm;01;0
01/00047_00017.ppm;01;0
01/00047_00018.ppm;01;0
01/00047_00019.ppm;01;0
01/00047_00020.ppm;01;0
01/00047_00021.ppm;01;0
01/00047_00022.ppm;01;0
01/00047_00023.ppm;01;0
01/00047_00024.ppm;01;0
01/00047_00025.ppm;01;0
01/00047_00026.ppm;01;0
01/00047_00027.ppm;01;0
01/00047_00028.ppm;01;0
01/00047_00029.ppm;01;0
01/00048_00000.ppm;01;0
01/00048_00001.ppm;01;0
01/00048_00002.ppm;01;0
01/00048_00003.ppm;01;0
01/00048_00004.ppm;01;0
01/00048_00005.ppm;01;0
01/00048_00006.ppm;01;0
01/00048_00007.ppm;01;0
01/00048_00008.ppm;01;0
01/00048_00009.ppm;01;0
01/00048_00010.ppm;01;0
01/00048_00011.ppm;01;0
01/00048_00012.ppm;01;0
01/00048_00013.ppm;01;0
01/00048_00014.ppm;01;0
01/00048_00015.ppm;01;0
01/00048_00016.ppm;01;0
01/00048_00017.ppm;01;0
01/00048_00018.ppm;01;0
01/00048_00019.ppm;01;0
01/00048_00020.ppm;01;0
01/00048_00021.ppm;01;0
01/00048_00022.ppm;01;0
01/00048_00023.ppm;01;0
01/00048_00024.ppm;01;0
01/00048_00025.ppm;01;0
01/00048_00026.ppm;01;0
01/00048_00027.ppm;01;0
01/00048_00028.ppm;01;0
01/00048_00029.ppm;01;0
01/00049_00000.ppm;01;0
01/00049_00001.ppm;01;0
01/00049_00002.ppm;01;0
01/00049_00003.ppm;01;0
01/00049_00004.ppm;01;0
01/00049_00005.ppm;01;0
01/00049_00006.ppm;01;0
01/00049_00007.ppm;01;0
01/00049_00008.ppm;01;0
01/00049_00009.ppm;01;0
01/00049_00010.ppm;01;0
01/00049_00011.ppm;01;0
01/00049_00012.ppm;01;0
01/00049_00013.ppm;01;0
01/00049_00014.ppm;01;0
01/00049_00015.ppm;01;0
01/00049_00016.ppm;01;0
01/00049_00017.ppm;01;0
01/00049_00018.ppm;01;0
01/00049_00019.ppm;01;0
01/00049_00020.ppm;01;0
01/00049_00021.ppm;01;0
01/00049_00022.ppm;01;0
01/00049_00023.ppm;01;0
01/00049_00024.ppm;01;0
01/00049_00025.ppm;01;0
01/00049_00026.ppm;01;0
01/00049_00027.ppm;01;0
01/00049_00028.ppm;01;0
01/00049_00029.ppm;01;0
02/00000_00000.ppm;02;0
02/00000_00001.ppm;02;0
02/00000_00002.ppm;02;0
02/00000_00003.ppm;02;0
02/00000_00004.ppm;02;0
02/00000_00005.ppm;02;0
02/00000_00006.ppm;02;0
02/00000_00007.ppm;02;0
02/00000_00008.ppm;02;0
02/00000_00009.ppm;02;0
02/00000_00010.ppm;02;0
02/00000_00011.ppm;02;0
02/00000_00012.ppm;02;0
02/00000_00013.ppm;02;0
02/00000_00014.ppm;02;0
02/00000_00015.ppm;02;0
02/00000_00016.ppm;02;0
02/00000_00017.ppm;02;0
02/00000_00018.ppm;02;0
02/00000_00019.ppm;02;0
02/00000_00020.ppm;02;0
02/00000_00021.ppm;02;0
02/00000_00022.ppm;02;0
02/00000_00023.ppm;02;0
02/00000_00024.ppm;02;0
02/00000_00025.ppm;02;0
02/00000_00026.ppm;02;0
02/00000_00027.ppm;02;0
02/00000_00028.ppm;02;0
02/00000_00029.ppm;02;0
02/00001_00000.ppm;02;0
02/00001_00001.ppm;02;0
02/00001_00002.ppm;02;0
02/00001_00003.ppm;02;0
02/00001_00004.ppm;02;0
02/00001_00005.ppm;02;0
02/00001_00006.ppm;02;0
02/00001_00007.ppm;02;0
02/00001_00008.ppm;02;0
02/00001_00009.ppm;02;0
02/00001_00010.ppm;02;0
02/00001_00011.ppm;02;0
02/00001_00012.ppm;02;0
02/00001_00013.ppm;02;0
02/00001_00014.ppm;02;0
02/00001_00015.ppm;02;0
02/00001_00016.ppm;02;0
02/00001_00017.ppm;02;0
02/00001_00018.ppm;02;0
02/00001_00019.ppm;02;0
02/00001_00020.ppm;02;0
02/00001_00021.ppm;02;0
02/00001_00022.ppm;02;0
02/00001_00023.ppm;02;0
02/00001_00024.ppm;02;0
02/00001_00025.ppm;02;0
02/00001_00026.ppm;02;0
02/00001_00027.ppm;02;0
02/00001_00028.ppm;02;0
02/00001_00029.ppm;02;0
02/00002_00000.ppm;02;0
02/00002_00001.ppm;02;0
02/00002_00002.ppm;02;0
02/00002_00003.ppm;02;0
02/00002_00004.ppm;02;0
02/00002_00005.ppm;02;0
02/00002_00006.ppm;02;0
02/00002_00007.ppm;02;0
02/00002_00008.ppm;02;0
02/00002_00009.ppm;02;0
02/00002_00010.ppm;02;0
02/00002_00011.ppm;02;0
02/00002_00012.ppm;02;0
02/00002_00013.ppm;02;0
02/00002_00014.ppm;02;0
02/00002_00015.ppm;02;0
02/00002_00016.ppm;02;0
02/00002_00017.ppm;02;0
02/00002_00018.ppm;02;0
02/00002_00019.ppm;02;0
02/00002_00020.ppm;02;0
02/00002_00021.ppm;02;0
02/00002_00022.ppm;02;0
02/00002_00023.ppm;02;0
02/00002_00024.ppm;02;0
02/00002_00025.ppm;02;0
02/00002_00026.ppm;02;0
02/00002_00027.ppm;02;0
02/00002_00028.ppm;02;0
02/00002_00029.ppm;02;0
02/00003_00000.ppm;02;0
02/00003_00001.ppm;02;0
02/00003_00002.ppm;02;0
02/00003_00003.ppm;02;0
02/00003_00004.ppm;02;0
02/00003_00005.ppm;02;0
02/00003_00006.ppm;02;0
02/00003_00007.ppm;02;0
02/00003_00008.ppm;02;0
02/00003_00009.ppm;02;0
02/00003_00010.ppm;02;0
02/00003_00011.ppm;02;0
02/00003_00012.ppm;02;0
02/00003_00013.ppm;02;0
02/00003_00014.ppm;02;0
02/00003_00015.ppm;02;0
02/00003_00016.ppm;02;0
02/00003_00017.ppm;02;0
02/00003_00018.ppm;02;0
02/00003_00019.ppm;02;0
02/00003_00020.ppm;02;0
02/00003_00021.ppm;02;0
02/00003_00022.ppm;02;0
02/00003_00023.ppm;02;0
02/00003_00024.ppm;02;0
02/00003_00025.ppm;02;0
02/00003_00026.ppm;02;0
02/00003_00027.ppm;02;0
02/00003_00028.ppm;02;0
02/00003_00029.ppm;02;0
02/00004_00000.ppm;02;0
02/00004_00001.ppm;02;0
02/00004_00002.ppm;02;0
02/00004_00003.ppm;02;0
02/00004_00004.ppm;02;0
02/00004_00005.ppm;02;0
02/00004_00006.ppm;02;0
02/00004_00007.ppm;02;0
02/00004_00008.ppm;02;0
02/00004_00009.ppm;02;0
02/00004_00010.ppm;02;0
02/00004_00011.ppm;02;0
02/00004_00012.ppm;02;0
02/00004_00013.ppm;02;0
02/00004_00014.ppm;02;0
02/00004_00015.ppm;02;0
02/00004_00016.ppm;02;0
02/00004_00017.ppm;02;0
02/00004_00018.ppm;02;0
02/00004_00019.ppm;02;0
02/00004_00020.ppm;02;0
02/00004_00021.ppm;02;0
02/00004_00022.ppm;02;0
02/00004_00023.ppm;02;0
02/00004_00024.ppm;02;0
02/00004_00025.ppm;02;0
02/00004_00026.ppm;02;0
02/00004_00027.ppm;02;0
02/00004_00028.ppm;02;0
02/00004_00029.ppm;02;0
02/00005_00000.ppm;02;0
02/00005_00001.ppm;02;0
02/00005_00002.ppm;02;0
02/00005_00003.ppm;02;0
02/00005_00004.ppm;02;0
02/00005_00005.ppm;02;0
02/00005_00006.ppm;02;0
02/00005_00007.ppm;02;0
02/00005_00008.ppm;02;0
02/00005_00009.ppm;02;0
02/00005_00010.ppm;02;0
02/00005_00011.ppm;02;0
02/00005_00012.ppm;02;0
02/00005_00013.ppm;02;0
02/00005_00014.ppm;02;0
02/00005_00015.ppm;02;0
02/00005_00016.ppm;02;0
02/00005_00017.ppm;02;0
02/00005_00018.ppm;02;0
02/00005_00019.ppm;02;0
02/00005_00020.ppm;02;0
02/00005_00021.ppm;02;0
02/00005_00022.ppm;02;0
02/00005_00023.ppm;02;0
02/00005_00024.ppm;02;0
02/00005_00025.ppm;02;0
02/00005_00026.ppm;02;0
02/00005_00027.ppm;02;0
02/00005_00028.ppm;02;0
02/00005_00029.ppm;02;0
02/00006_00000.ppm;02;0
02/00006_00001.ppm;02;0
02/00006_00002.ppm;02;0
02/00006_00003.ppm;02;0
02/00006_00004.ppm;02;0
02/00006_00005.ppm;02;0
02/00006_00006.ppm;02;0
02/00006_00007.ppm;02;0
02/00006_00008.ppm;02;0
02/00006_00009.ppm;02;0
02/00006_00010.ppm;02;0
02/00006_00011.ppm;02;0
02/00006_00012.ppm;02;0
02/00006_00013.ppm;02;0
02/00006_00014.ppm;02;0
02/00006_00015.ppm;02;0
02/00006_00016.ppm;02;0
02/00006_00017.ppm;02;0
02/00006_00018.ppm;02;0
02/00006_00019.ppm;02;0
02/00006_00020.ppm;02;0
02/00006_00021.ppm;02;0
02/00006_00022.ppm;02;0
02/00006_00023.ppm;02;0
02/00006_00024.ppm;02;0
02/00006_00025.ppm;02;0
02/00006_00026.ppm;02;0
02/00006_00027.ppm;02;0
02/00006_00028.ppm;02;0
02/00006_00029.ppm;02;0
02/00007_00000.ppm;02;0
02/00007_00001.ppm;02;0
02/00007_00002.ppm;02;0
02/00007_00003.ppm;02;0
02/00007_00004.ppm;02;0
02/00007_00005.ppm;02;0
02/00007_00006.ppm;02;0
02/00007_00007.ppm;02;0
02/00007_00008.ppm;02;0
02/00007_00009.ppm;02;0
02/00007_00010.ppm;02;0
02/00007_00011.ppm;02;0
02/00007_00012.ppm;02;0
02/00007_00013.ppm;02;0
02/00007_00014.ppm;02;0
02/00007_00015.ppm;02;0
02/00007_00016.ppm;02;0
02/00007_00017.ppm;02;0
02/00007_00018.ppm;02;0
02/00007_00019.ppm;02;0
02/00007_00020.ppm;02;0
02/00007_00021.ppm;02;0
02/00007_00022.ppm;02;0
02/00007_00023.ppm;02;0
02/00007_00024.ppm;02;0
02/00007_00025.ppm;02;0
02/00007_00026.ppm;02;0
02/00007_00027.ppm;02;0
02/00007_00028.ppm;02;0
02/00007_00029.ppm;02;0
02/00008_00000.ppm;02;0
02/00008_00001.ppm;02;0
02/00008_00002.ppm;02;0
02/00008_00003.ppm;02;0
02/00008_00004.ppm;02;0
02/00008_00005.ppm;02;0
02/00008_00006.ppm;02;0
02/00008_00007.ppm;02;0
02/00008_00008.ppm;02;0
02/00008_00009.ppm;02;0
02/00008_00010.ppm;02;0
02/00008_00011.ppm;02;0
02/00008_00012.ppm;02;0
02/00008_00013.ppm;02;0
02/00008_00014.ppm;02;0
02/00008_00015.ppm;02;0
02/00008_00016.ppm;02;0
02/00008_00017.ppm;02;0
02/00008_00018.ppm;02;0
02/00008_00019.ppm;02;0
02/00008_00020.ppm;02;0
02/00008_00021.ppm;02;0
02/00008_00022.ppm;02;0
02/00008_00023.ppm;02;0
02/00008_00024.ppm;02;0
02/00008_00025.ppm;02;0
02/00008_00026.ppm;02;0
02/00008_00027.ppm;02;0
02/00008_00028.ppm;02;0
02/00008_00029.ppm;02;0
02/00009_00000.ppm;02;0
02/00009_00001.ppm;02;0
02/00009_00002.ppm;02;0
02/00009_00003.ppm;02;0
02/00009_00004.ppm;02;0
02/00009_00005.ppm;02;0
02/00009_00006.ppm;02;0
02/00009_00007.ppm;02;0
02/00009_00008.ppm;02;0
02/00009_00009.ppm;02;0
02/00009_00010.ppm;02;0
02/00009_00011.ppm;02;0
02/00009_00012.ppm;02;0
02/00009_00013.ppm;02;0
02/00009_00014.ppm;02;0
02/00009_00015.ppm;02;0
02/00009_00016.ppm;02;0
02/00009_00017.ppm;02;0
02/00009_00018.ppm;02;0
02/00009_00019.ppm;02;0
02/00009_00020.ppm;02;0
02/00009_00021.ppm;02;0
02/00009_00022.ppm;02;0
02/00009_00023.ppm;02;0
02/00009_00024.ppm;02;0
02/00009_00025.ppm;02;0
02/00009_00026.ppm;02;0
02/00009_00027.ppm;02;0
02/00009_00028.ppm;02;0
02/00009_00029.ppm;02;0
02/00010_00000.ppm;02;0
02/00010_00001.ppm;02;0
02/00010_00002.ppm;02;0
02/00010_00003.ppm;02;0
02/00010_00004.ppm;02;0
02/00010_00005.ppm;02;0
02/00010_00006.ppm;02;0
02/00010_00007.ppm;02;0
02/00010_00008.ppm;02;0
02/00010_00009.ppm;02;0
02/00010_00010.ppm;02;0
02/00010_00011.ppm;02;0
02/00010_00012.ppm;02;0
02/00010_00013.ppm;02;0
02/00010_00014.ppm;02;0
02/00010_00015.ppm;02;0
02/00010_00016.ppm;02;0
02/00010_00017.ppm;02;0
02/00010_00018.ppm;02;0
02/00010_00019.ppm;02;0
02/00010_00020.ppm;02;0
02/00010_00021.ppm;02;0
02/00010_00022.ppm;02;0
02/00010_00023.ppm;02;0
02/00010_00024.ppm;02;0
02/00010_00025.ppm;02;0
02/00010_00026.ppm;02;0
02/00010_00027.ppm;02;0
02/00010_00028.ppm;02;0
02/00010_00029.ppm;02;0
02/00011_00000.ppm;02;0
02/00011_00001.ppm;02;0
02/00011_00002.ppm;02;0
02/00011_00003.ppm;02;0
02/00011_00004.ppm;02;0
02/00011_00005.ppm;02;0
02/00011_00006.ppm;02;0
02/00011_00007.ppm;02;0
02/00011_00008.ppm;02;0
02/00011_00009.ppm;02;0
02/00011_00010.ppm;02;0
02/00011_00011.ppm;02;0
02/00011_00012.ppm;02;0
02/00011_00013.ppm;02;0
02/00011_00014.ppm;02;0
02/00011_00015.ppm;02;0
02/00011_00016.ppm;02;0
02/00011_00017.ppm;02;0
02/00011_00018.ppm;02;0
02/00011_00019.ppm;02;0
02/00011_00020.ppm;02;0
02/00011_00021.ppm;02;0
02/00011_00022.ppm;02;0
02/00011_00023.ppm;02;0
02/00011_00024.ppm;02;0
02/00011_00025.ppm;02;0
02/00011_00026.ppm;02;0
02/00011_00027.ppm;02;0
02/00011_00028.ppm;02;0
02/00011_00029.ppm;02;0
02/00012_00000.ppm;02;0
02/00012_00001.ppm;02;0
02/00012_00002.ppm;02;0
02/00012_00003.ppm;02;0
02/00012_00004.ppm;02;0
02/00012_00005.ppm;02;0
02/00012_00006.ppm;02;0
02/00012_00007.ppm;02;0
02/00012_00008.ppm;02;0
02/00012_00009.ppm;02;0
02/00012_00010.ppm;02;0
02/00012_00011.ppm;02;0
02/00012_00012.ppm;02;0
02/00012_00013.ppm;02;0
02/00012_00014.ppm;02;0
02/00012_00015.ppm;02;0
02/00012_00016.ppm;02;0
02/00012_00017.ppm;02;0
02/00012_00018.ppm;02;0
02/00012_00019.ppm;02;0
02/00012_00020.ppm;02;0
02/00012_00021.ppm;02;0
02/00012_00022.ppm;02;0
02/00012_00023.ppm;02;0
02/00012_00024.ppm;02;0
02/00012_00025.ppm;02;0
02/00012_00026.ppm;02;0
02/00012_00027.ppm;02;0
02/00012_00028.ppm;02;0
02/00012_00029.ppm;02;0
02/00013_00000.ppm;02;0
02/00013_00001.ppm;02;0
02/00013_00002.ppm;02;0
02/00013_00003.ppm;02;0
02/00013_00004.ppm;02;0
02/00013_00005.ppm;02;0
02/00013_00006.ppm;02;0
02/00013_00007.ppm;02;0
02/00013_00008.ppm;02;0
02/00013_00009.ppm;02;0
02/00013_00010.ppm;02;0
02/00013_00011.ppm;02;0
02/00013_00012.ppm;02;0
02/00013_00013.ppm;02;0
02/00013_00014.ppm;02;0
02/00013_00015.ppm;02;0
02/00013_00016.ppm;02;0
02/00013_00017.ppm;02;0
02/00013_00018.ppm;02;0
02/00013_00019.ppm;02;0
02/00013_00020.ppm;02;0
02/00013_00021.ppm;02;0
02/00013_00022.ppm;02;0
02/00013_00023.ppm;02;0
02/00013_00024.ppm;02;0
02/00013_00025.ppm;02;0
02/00013_00026.ppm;02;0
02/00013_00027.ppm;02;0
02/00013_00028.ppm;02;0
02/00013_00029.ppm;02;0
02/00014_00000.ppm;02;0
02/00014_00001.ppm;02;0
02/00014_00002.ppm;02;0
02/00014_00003.ppm;02;0
02/00014_00004.ppm;02;0
02/00014_00005.ppm;02;0
02/00014_00006.ppm;02;0
02/00014_00007.ppm;02;0
02/00014_00008.ppm;02;0
02/00014_00009.ppm;02;0
02/00014_00010.ppm;02;0
02/00014_00011.ppm;02;0
02/00014_00012.ppm;02;0
02/00014_00013.ppm;02;0
02/00014_00014.ppm;02;0
02/00014_00015.ppm;02;0
02/00014_00016.ppm;02;0
02/00014_00017.ppm;02;0
02/00014_00018.ppm;02;0
02/00014_00019.ppm;02;0
02/00014_00020.ppm;02;0
02/00014_00021.ppm;02;0
02/00014_00022.ppm;02;0
02/00014_00023.ppm;02;0
02/00014_00024.ppm;02;0
02/00014_00025.ppm;02;0
02/00014_00026.ppm;02;0
02/00014_00027.ppm;02;0
02/00014_00028.ppm;02;0
02/00014_00029.ppm;02;0
02/00015_00000.ppm;02;0
02/00015_00001.ppm;02;0
02/00015_00002.ppm;02;0
02/00015_00003.ppm;02;0
02/00015_00004.ppm;02;0
02/00015_00005.ppm;02;0
02/00015_00006.ppm;02;0
02/00015_00007.ppm;02;0
02/00015_00008.ppm;02;0
02/00015_00009.ppm;02;0
02/00015_00010.ppm;02;0
02/00015_00011.ppm;02;0
02/00015_00012.ppm;02;0
02/00015_00013.ppm;02;0
02/00015_00014.ppm;02;0
02/00015_00015.ppm;02;0
02/00015_00016.ppm;02;0
02/00015_00017.ppm;02;0
02/00015_00018.ppm;02;0
02/00015_00019.ppm;02;0
02/00015_00020.ppm;02;0
02/00015_00021.ppm;02;0
02/00015_00022.ppm;02;0
02/00015_00023.ppm;02;0
02/00015_00024.ppm;02;0
02/00015_00025.ppm;02;0
02/00015_00026.ppm;02;0
02/00015_00027.ppm;02;0
02/00015_00028.ppm;02;0
02/00015_00029.ppm;02;0
02/00016_00000.ppm;02;0
02/00016_00001.ppm;02;0
02/00016_00002.ppm;02;0
02/00016_00003.ppm;02;0
02/00016_00004.ppm;02;0
02/00016_00005.ppm;02;0
02/00016_00006.ppm;02;0
02/00016_00007.ppm;02;0
02/00016_00008.ppm;02;0
02/00016_00009.ppm;02;0
02/00016_00010.ppm;02;0
02/00016_00011.ppm;02;0
02/00016_00012.ppm;02;0
02/00016_00013.ppm;02;0
02/00016_00014.ppm;02;0
02/00016_00015.ppm;02;0
02/00016_00016.ppm;02;0
02/00016_00017.ppm;02;0
02/00016_00018.ppm;02;0
02/00016_00019.ppm;02;0
02/00016_00020.ppm;02;0
02/00016_00021.ppm;02;0
02/00016_00022.ppm;02;0
02/00016_00023.ppm;02;0
02/00016_00024.ppm;02;0
02/00016_00025.ppm;02;0
02/00016_00026.ppm;02;0
02/00016_00027.ppm;02;0
02/00016_00028.ppm;02;0
02/00016_00029.ppm;02;0
02/00017_00000.ppm;02;0
02/00017_00001.ppm;02;0
02/00017_00002.ppm;02;0
02/00017_00003.ppm;02;0
02/00017_00004.ppm;02;0
02/00017_00005.ppm;02;0
02/00017_00006.ppm;02;0
02/00017_00007.ppm;02;0
02/00017_00008.ppm;02;0
02/00017_00009.ppm;02;0
02/00017_00010.ppm;02;0
02/00017_00011.ppm;02;0
02/00017_00012.ppm;02;0
02/00017_00013.ppm;02;0
02/00017_00014.ppm;02;0
02/00017_00015.ppm;02;0
02/00017_00016.ppm;02;0
02/00017_00017.ppm;02;0
02/00017_00018.ppm;02;0
02/00017_00019.ppm;02;0
02/00017_00020.ppm;02;0
02/00017_00021.ppm;02;0
02/00017_00022.ppm;02;0
02/00017_00023.ppm;02;0
02/00017_00024.ppm;02;0
02/00017_00025.ppm;02;0
02/00017_00026.ppm;02;0
02/00017_00027.ppm;02;0
02/00017_00028.ppm;02;0
02/00017_00029.ppm;02;0
02/00018_00000.ppm;02;0
02/00018_00001.ppm;02;0
02/00018_00002.ppm;02;0
02/00018_00003.ppm;02;0
02/00018_00004.ppm;02;0
02/00018_00005.ppm;02;0
02/00018_00006.ppm;02;0
02/00018_00007.ppm;02;0
02/00018_00008.ppm;02;0
02/00018_00009.ppm;02;0
02/00018_00010.ppm;02;0
02/00018_00011.ppm;02;0
02/00018_00012.ppm;02;0
02/00018_00013.ppm;02;0
02/00018_00014.ppm;02;0
02/00018_00015.ppm;02;0
02/00018_00016.ppm;02;0
02/00018_00017.ppm;02;0
02/00018_00018.ppm;02;0
02/00018_00019.ppm;02;0
02/00018_00020.ppm;02;0
02/00018_00021.ppm;02;0
02/00018_00022.ppm;02;0
02/00018_00023.ppm;02;0
02/00018_00024.ppm;02;0
02/00018_00025.ppm;02;0
02/00018_00026.ppm;02;0
02/00018_00027.ppm;02;0
02/00018_00028.ppm;02;0
02/00018_00029.ppm;02;0
02/00019_00000.ppm;02;0
02/00019_00001.ppm;02;0
02/00019_00002.ppm;02;0
02/00019_00003.ppm;02;0
02/00019_00004.ppm;02;0
02/00019_00005.ppm;02;0
02/00019_00006.ppm;02;0
02/00019_00007.ppm;02;0
02/00019_00008.ppm;02;0
02/00019_00009.ppm;02;0
02/00019_00010.ppm;02;0
02/00019_00011.ppm;02;0
02/00019_00012.ppm;02;0
02/00019_00013.ppm;02;0
02/00019_00014.ppm;02;0
02/00019_00015.ppm;02;0
02/00019_00016.ppm;02;0
02/00019_00017.ppm;02;0
02/00019_00018.ppm;02;0
02/00019_00019.ppm;02;0
02/00019_00020.ppm;02;0
02/00019_00021.ppm;02;0
02/00019_00022.ppm;02;0
02/00019_00023.ppm;02;0
02/00019_00024.ppm;02;0
02/00019_00025.ppm;02;0
02/00019_00026.ppm;02;0
02/00019_00027.ppm;02;0
02/00019_00028.ppm;02;0
02/00019_00029.ppm;02;0
02/00020_00000.ppm;02;0
02/00020_00001.ppm;02;0
02/00020_00002.ppm;02;0
02/00020_00003.ppm;02;0
02/00020_00004.ppm;02;0
02/00020_00005.ppm;02;0
02/00020_00006.ppm;02;0
02/00020_00007.ppm;02;0
02/00020_00008.ppm;02;0
02/00020_00009.ppm;02;0
02/00020_00010.ppm;02;0
02/00020_00011.ppm;02;0
02/00020_00012.ppm;02;0
02/00020_00013.ppm;02;0
02/00020_00014.ppm;02;0
02/00020_00015.ppm;02;0
02/00020_00016.ppm;02;0
02/00020_00017.ppm;02;0
02/00020_00018.ppm;02;0
02/00020_00019.ppm;02;0
02/00020_00020.ppm;02;0
02/00020_00021.ppm;02;0
02/00020_00022.ppm;02;0
02/00020_00023.ppm;02;0
02/00020_00024.ppm;02;0
02/00020_00025.ppm;02;0
02/00020_00026.ppm;02;0
02/00020_00027.ppm;02;0
02/00020_00028.ppm;02;0
02/00020_00029.ppm;02;0
02/00021_00000.ppm;02;0
02/00021_00001.ppm;02;0
02/00021_00002.ppm;02;0
02/00021_00003.ppm;02;0
02/00021_00004.ppm;02;0
02/00021_00005.ppm;02;0
02/00021_00006.ppm;02;0
02/00021_00007.ppm;02;0
02/00021_00008.ppm;02;0
02/00021_00009.ppm;02;0
02/00021_00010.ppm;02;0
02/00021_00011.ppm;02;0
02/00021_00012.ppm;02;0
02/00021_00013.ppm;02;0
02/00021_00014.ppm;02;0
02/00021_00015.ppm;02;0
02/00021_00016.ppm;02;0
02/00021_00017.ppm;02;0
02/00021_00018.ppm;02;0
02/00021_00019.ppm;02;0
02/00021_00020.ppm;02;0
02/00021_00021.ppm;02;0
02/00021_00022.ppm;02;0
02/00021_00023.ppm;02;0
02/00021_00024.ppm;02;0
02/00021_00025.ppm;02;0
02/00021_00026.ppm;02;0
02/00021_00027.ppm;02;0
02/00021_00028.ppm;02;0
02/00021_00029.ppm;02;0
02/00022_00000.ppm;02;0
02/00022_00001.ppm;02;0
02/00022_00002.ppm;02;0
02/00022_00003.ppm;02;0
02/00022_00004.ppm;02;0
02/00022_00005.ppm;02;0
02/00022_00006.ppm;02;0
02/00022_00007.ppm;02;0
02/00022_00008.ppm;02;0
02/00022_00009.ppm;02;0
02/00022_00010.ppm;02;0
02/00022_00011.ppm;02;0
02/00022_00012.ppm;02;0
02/00022_00013.ppm;02;0
02/00022_00014.ppm;02;0
02/00022_00015.ppm;02;0
02/00022_00016.ppm;02;0
02/00022_00017.ppm;02;0
02/00022_00018.ppm;02;0
02/00022_00019.ppm;02;0
02/00022_00020.ppm;02;0
02/00022_00021.ppm;02;0
02/00022_00022.ppm;02;0
02/00022_00023.ppm;02;0
02/00022_00024.ppm;02;0
02/00022_00025.ppm;02;0
02/00022_00026.ppm;02;0
02/00022_00027.ppm;02;0
02/00022_00028.ppm;02;0
02/00022_00029.ppm;02;0
02/00023_00000.ppm;02;0
02/00023_00001.ppm;02;0
02/00023_00002.ppm;02;0
02/00023_00003.ppm;02;0
02/00023_00004.ppm;02;0
02/00023_00005.ppm;02;0
02/00023_00006.ppm;02;0
02/00023_00007.ppm;02;0
02/00023_00008.ppm;02;0
02/00023_00009.ppm;02;0
02/00023_00010.ppm;02;0
02/00023_00011.ppm;02;0
02/00023_00012.ppm;02;0
02/00023_00013.ppm;02;0
02/00023_00014.ppm;02;0
02/00023_00015.ppm;02;0
02/00023_00016.ppm;02;0
02/00023_00017.ppm;02;0
02/00023_00018.ppm;02;0
02/00023_00019.ppm;02;0
02/00023_00020.ppm;02;0
02/00023_00021.ppm;02;0
02/00023_00022.ppm;02;0
02/00023_00023.ppm;02;0
02/00023_00024.ppm;02;0
02/00023_00025.ppm;02;0
02/00023_00026.ppm;02;0
02/00023_00027.ppm;02;0
02/00023_00028.ppm;02;0
02/00023_00029.ppm;02;0
02/00024_00000.ppm;02;0
02/00024_00001.ppm;02;0
02/00024_00002.ppm;02;0
02/00024_00003.ppm;02;0
02/00024_00004.ppm;02;0
02/00024_00005.ppm;02;0
02/00024_00006.ppm;02;0
02/00024_00007.ppm;02;0
02/00024_00008.ppm;02;0
02/00024_00009.ppm;02;0
02/00024_00010.ppm;02;0
02/00024_00011.ppm;02;0
02/00024_00012.ppm;02;0
02/00024_00013.ppm;02;0
02/00024_00014.ppm;02;0
02/00024_00015.ppm;02;0
02/00024_00016.ppm;02;0
02/00024_00017.ppm;02;0
02/00024_00018.ppm;02;0
02/00024_00019.ppm;02;0
02/00024_00020.ppm;02;0
02/00024_00021.ppm;02;0
02/00024_00022.ppm;02;0
02/00024_00023.ppm;02;0
02/00024_00024.ppm;02;0
02/00024_00025.ppm;02;0
02/00024_00026.ppm;02;0
02/00024_00027.ppm;02;0
02/00024_00028.ppm;02;0
02/00024_00029.ppm;02;0
02/00025_00000.ppm;02;0
02/00025_00001.ppm;02;0
02/00025_00002.ppm;02;0
02/00025_00003.ppm;02;0
02/00025_00004.ppm;02;0
02/00025_00005.ppm;02;0
02/00025_00006.ppm;02;0
02/00025_00007.ppm;02;0
02/00025_00008.ppm;02;0
02/00025_00009.ppm;02;0
02/00025_00010.ppm;02;0
02/00025_00011.ppm;02;0
02/00025_00012.ppm;02;0
02/00025_00013.ppm;02;0
02/00025_00014.ppm;02;0
02/00025_00015.ppm;02;0
02/00025_00016.ppm;02;0
02/00025_00017.ppm;02;0
02/00025_00018.ppm;02;0
02/00025_00019.ppm;02;0
02/00025_00020.ppm;02;0
02/00025_00021.ppm;02;0
02/00025_00022.ppm;02;0
02/00025_00023.ppm;02;0
02/00025_00024.ppm;02;0
02/00025_00025.ppm;02;0
02/00025_00026.ppm;02;0
02/00025_00027.ppm;02;0
02/00025_00028.ppm;02;0
02/00025_00029.ppm;02;0
02/00026_00000.ppm;02;0
02/00026_00001.ppm;02;0
02/00026_00002.ppm;02;0
02/00026_00003.ppm;02;0
02/00026_00004.ppm;02;0
02/00026_00005.ppm;02;0
02/00026_00006.ppm;02;0
02/00026_00007.ppm;02;0
02/00026_00008.ppm;02;0
02/00026_00009.ppm;02;0
02/00026_00010.ppm;02;0
02/00026_00011.ppm;02;0
02/00026_00012.ppm;02;0
02/00026_00013.ppm;02;0
02/00026_00014.ppm;02;0
02/00026_00015.ppm;02;0
02/00026_00016.ppm;02;0
02/00026_00017.ppm;02;0
02/00026_00018.ppm;02;0
02/00026_00019.ppm;02;0
02/00026_00020.ppm;02;0
02/00026_00021.ppm;02;0
02/00026_00022.ppm;02;0
02/00026_00023.ppm;02;0
02/00026_00024.ppm;02;0
02/00026_00025.ppm;02;0
02/00026_00026.ppm;02;0
02/00026_00027.ppm;02;0
02/00026_00028.ppm;02;0
02/00026_00029.ppm;02;0
02/00027_00000.ppm;02;0
02/00027_00001.ppm;02;0
02/00027_00002.ppm;02;0
02/00027_00003.ppm;02;0
02/00027_00004.ppm;02;0
02/00027_00005.ppm;02;0
02/00027_00006.ppm;02;0
02/00027_00007.ppm;02;0
02/00027_00008.ppm;02;0
02/00027_00009.ppm;02;0
02/00027_00010.ppm;02;0
02/00027_00011.ppm;02;0
02/00027_00012.ppm;02;0
02/00027_00013.ppm;02;0
02/00027_00014.ppm;02;0
02/00027_00015.ppm;02;0
02/00027_00016.ppm;02;0
02/00027_00017.ppm;02;0
02/00027_00018.ppm;02;0
02/00027_00019.ppm;02;0
02/00027_00020.ppm;02;0
02/00027_00021.ppm;02;0
02/00027_00022.ppm;02;0
02/00027_00023.ppm;02;0
02/00027_00024.ppm;02;0
02/00027_00025.ppm;02;0
02/00027_00026.ppm;02;0
02/00027_00027.ppm;02;0
02/00027_00028.ppm;02;0
02/00027_00029.ppm;02;0
02/00028_00000.ppm;02;0
02/00028_00001.ppm;02;0
02/00028_00002.ppm;02;0
02/00028_00003.ppm;02;0
02/00028_00004.ppm;02;0
02/00028_00005.ppm;02;0
02/00028_00006.ppm;02;0
02/00028_00007.ppm;02;0
02/00028_00008.ppm;02;0
02/00028_00009.ppm;02;0
02/00028_00010.ppm;02;0
02/00028_00011.ppm;02;0
02/00028_00012.ppm;02;0
02/00028_00013.ppm;02;0
02/00028_00014.ppm;02;0
02/00028_00015.ppm;02;0
02/00028_00016.ppm;02;0
02/00028_00017.ppm;02;0
02/00028_00018.ppm;02;0
02/00028_00019.ppm;02;0
02/00028_00020.ppm;02;0
02/00028_00021.ppm;02;0
02/00028_00022.ppm;02;0
02/00028_00023.ppm;02;0
02/00028_00024.ppm;02;0
02/00028_00025.ppm;02;0
02/00028_00026.ppm;02;0
02/00028_00027.ppm;02;0
02/00028_00028.ppm;02;0
02/00028_00029.ppm;02;0
02/00029_00000.ppm;02;0
02/00029_00001.ppm;02;0
02/00029_00002.ppm;02;0
02/00029_00003.ppm;02;0
02/00029_00004.ppm;02;0
02/00029_00005.ppm;02;0
02/00029_00006.ppm;02;0
02/00029_00007.ppm;02;0
02/00029_00008.ppm;02;0
02/00029_00009.ppm;02;0
02/00029_00010.ppm;02;0
02/00029_00011.ppm;02;0
02/00029_00012.ppm;02;0
02/00029_00013.ppm;02;0
02/00029_00014.ppm;02;0
02/00029_00015.ppm;02;0
02/00029_00016.ppm;02;0
02/00029_00017.ppm;02;0
02/00029_00018.ppm;02;0
02/00029_00019.ppm;02;0
02/00029_00020.ppm;02;0
02/00029_00021.ppm;02;0
02/00029_00022.ppm;02;0
02/00029_00023.ppm;02;0
02/00029_00024.ppm;02;0
02/00029_00025.ppm;02;0
02/00029_00026.ppm;02;0
02/00029_00027.ppm;02;0
02/00029_00028.ppm;02;0
02/00029_00029.ppm;02;0
02/00030_00000.ppm;02;0
02/00030_00001.ppm;02;0
02/00030_00002.ppm;02;0
02/00030_00003.ppm;02;0
02/00030_00004.ppm;02;0
02/00030_00005.ppm;02;0
02/00030_00006.ppm;02;0
02/00030_00007.ppm;02;0
02/00030_00008.ppm;02;0
02/00030_00009.ppm;02;0
02/00030_00010.ppm;02;0
02/00030_00011.ppm;02;0
02/00030_00012.ppm;02;0
02/00030_00013.ppm;02;0
02/00030_00014.ppm;02;0
02/00030_00015.ppm;02;0
02/00030_00016.ppm;02;0
02/00030_00017.ppm;02;0
02/00030_00018.ppm;02;0
02/00030_00019.ppm;02;0
02/00030_00020.ppm;02;0
02/00030_00021.ppm;02;0
02/00030_00022.ppm;02;0
02/00030_00023.ppm;02;0
02/00030_00024.ppm;02;0
02/00030_00025.ppm;02;0
02/00030_00026.ppm;02;0
02/00030_00027.ppm;02;0
02/00030_00028.ppm;02;0
02/00030_00029.ppm;02;0
02/00031_00000.ppm;02;0
02/00031_00001.ppm;02;0
02/00031_00002.ppm;02;0
02/00031_00003.ppm;02;0
02/00031_00004.ppm;02;0
02/00031_00005.ppm;02;0
02/00031_00006.ppm;02;0
02/00031_00007.ppm;02;0
02/00031_00008.ppm;02;0
02/00031_00009.ppm;02;0
02/00031_00010.ppm;02;0
02/00031_00011.ppm;02;0
02/00031_00012.ppm;02;0
02/00031_00013.ppm;02;0
02/00031_00014.ppm;02;0
02/00031_00015.ppm;02;0
02/00031_00016.ppm;02;0
02/00031_00017.ppm;02;0
02/00031_00018.ppm;02;0
02/00031_00019.ppm;02;0
02/00031_00020.ppm;02;0
02/00031_00021.ppm;02;0
02/00031_00022.ppm;02;0
02/00031_00023.ppm;02;0
02/00031_00024.ppm;02;0
02/00031_00025.ppm;02;0
02/00031_00026.ppm;02;0
02/00031_00027.ppm;02;0
02/00031_00028.ppm;02;0
02/00031_00029.ppm;02;0
02/00032_00000.ppm;02;0
02/00032_00001.ppm;02;0
02/00032_00002.ppm;02;0
02/00032_00003.ppm;02;0
02/00032_00004.ppm;02;0
02/00032_00005.ppm;02;0
02/00032_00006.ppm;02;0
02/00032_00007.ppm;02;0
02/00032_00008.ppm;02;0
02/00032_00009.ppm;02;0
02/00032_00010.ppm;02;0
02/00032_00011.ppm;02;0
02/00032_00012.ppm;02;0
02/00032_00013.ppm;02;0
02/00032_00014.ppm;02;0
02/00032_00015.ppm;02;0
02/00032_00016.ppm;02;0
02/00032_00017.ppm;02;0
02/00032_00018.ppm;02;0
02/00032_00019.ppm;02;0
02/00032_00020.ppm;02;0
02/00032_00021.ppm;02;0
02/00032_00022.ppm;02;0
02/00032_00023.ppm;02;0
02/00032_00024.ppm;02;0
02/00032_00025.ppm;02;0
02/00032_00026.ppm;02;0
02/00032_00027.ppm;02;0
02/00032_00028.ppm;02;0
02/00032_00029.ppm;02;0
02/00033_00000.ppm;02;0
02/00033_00001.ppm;02;0
02/00033_00002.ppm;02;0
02/00033_00003.ppm;02;0
02/00033_00004.ppm;02;0
02/00033_00005.ppm;02;0
02/00033_00006.ppm;02;0
02/00033_00007.ppm;02;0
02/00033_00008.ppm;02;0
02/00033_00009.ppm;02;0
02/00033_00010.ppm;02;0
02/00033_00011.ppm;02;0
02/00033_00012.ppm;02;0
02/00033_00013.ppm;02;0
02/00033_00014.ppm;02;0
02/00033_00015.ppm;02;0
02/00033_00016.ppm;02;0
02/00033_00017.ppm;02;0
02/00033_00018.ppm;02;0
02/00033_00019.ppm;02;0
02/00033_00020.ppm;02;0
02/00033_00021.ppm;02;0
02/00033_00022.ppm;02;0
02/00033_00023.ppm;02;0
02/00033_00024.ppm;02;0
02/00033_00025.ppm;02;0
02/00033_00026.ppm;02;0
02/00033_00027.ppm;02;0
02/00033_00028.ppm;02;0
02/00033_00029.ppm;02;0
02/00034_00000.ppm;02;0
02/00034_00001.ppm;02;0
02/00034_00002.ppm;02;0
02/00034_00003.ppm;02;0
02/00034_00004.ppm;02;0
02/00034_00005.ppm;02;0
02/00034_00006.ppm;02;0
02/00034_00007.ppm;02;0
02/00034_00008.ppm;02;0
02/00034_00009.ppm;02;0
02/00034_00010.ppm;02;0
02/00034_00011.ppm;02;0
02/00034_00012.ppm;02;0
02/00034_00013.ppm;02;0
02/00034_00014.ppm;02;0
02/00034_00015.ppm;02;0
02/00034_00016.ppm;02;0
02/00034_00017.ppm;02;0
02/00034_00018.ppm;02;0
02/00034_00019.ppm;02;0
02/00034_00020.ppm;02;0
02/00034_00021.ppm;02;0
02/00034_00022.ppm;02;0
02/00034_00023.ppm;02;0
02/00034_00024.ppm;02;0
02/00034_00025.ppm;02;0
02/00034_00026.ppm;02;0
02/00034_00027.ppm;02;0
02/00034_00028.ppm;02;0
02/00034_00029.ppm;02;0
02/00035_00000.ppm;02;0
02/00035_00001.ppm;02;0
02/00035_00002.ppm;02;0
02/00035_00003.ppm;02;0
02/00035_00004.ppm;02;0
02/00035_00005.ppm;02;0
02/00035_00006.ppm;02;0
02/00035_00007.ppm;02;0
02/00035_00008.ppm;02;0
02/00035_00009.ppm;02;0
02/00035_00010.ppm;02;0
02/00035_00011.ppm;02;0
02/00035_00012.ppm;02;0
02/00035_00013.ppm;02;0
02/00035_00014.ppm;02;0
02/00035_00015.ppm;02;0
02/00035_00016.ppm;02;0
02/00035_00017.ppm;02;0
02/00035_00018.ppm;02;0
02/00035_00019.ppm;02;0
02/00035_00020.ppm;02;0
02/00035_00021.ppm;02;0
02/00035_00022.ppm;02;0
02/00035_00023.ppm;02;0
02/00035_00024.ppm;02;0
02/00035_00025.ppm;02;0
02/00035_00026.ppm;02;0
02/00035_00027.ppm;02;0
02/00035_00028.ppm;02;0
02/00035_00029.ppm;02;0
02/00036_00000.ppm;02;0
02/00036_00001.ppm;02;0
02/00036_00002.ppm;02;0
02/00036_00003.ppm;02;0
02/00036_00004.ppm;02;0
02/00036_00005.ppm;02;0
02/00036_00006.ppm;02;0
02/00036_00007.ppm;02;0
02/00036_00008.ppm;02;0
02/00036_00009.ppm;02;0
02/00036_00010.ppm;02;0
02/00036_00011.ppm;02;0
02/00036_00012.ppm;02;0
02/00036_00013.ppm;02;0
02/00036_00014.ppm;02;0
02/00036_00015.ppm;02;0
02/00036_00016.ppm;02;0
02/00036_00017.ppm;02;0
02/00036_00018.ppm;02;0
02/00036_00019.ppm;02;0
02/00036_00020.ppm;02;0
02/00036_00021.ppm;02;0
02/00036_00022.ppm;02;0
02/00036_00023.ppm;02;0
02/00036_00024.ppm;02;0
02/00036_00025.ppm;02;0
02/00036_00026.ppm;02;0
02/00036_00027.ppm;02;0
02/00036_00028.ppm;02;0
02/00036_00029.ppm;02;0
02/00037_00000.ppm;02;0
02/00037_00001.ppm;02;0
02/00037_00002.ppm;02;0
02/00037_00003.ppm;02;0
02/00037_00004.ppm;02;0
02/00037_00005.ppm;02;0
02/00037_00006.ppm;02;0
02/00037_00007.ppm;02;0
02/00037_00008.ppm;02;0
02/00037_00009.ppm;02;0
02/00037_00010.ppm;02;0
02/00037_00011.ppm;02;0
02/00037_00012.ppm;02;0
02/00037_00013.ppm;02;0
02/00037_00014.ppm;02;0
02/00037_00015.ppm;02;0
02/00037_00016.ppm;02;0
02/00037_00017.ppm;02;0
02/00037_00018.ppm;02;0
02/00037_00019.ppm;02;0
02/00037_00020.ppm;02;0
02/00037_00021.ppm;02;0
02/00037_00022.ppm;02;0
02/00037_00023.ppm;02;0
02/00037_00024.ppm;02;0
02/00037_00025.ppm;02;0
02/00037_00026.ppm;02;0
02/00037_00027.ppm;02;0
02/00037_00028.ppm;02;0
02/00037_00029.ppm;02;0
02/00038_00000.ppm;02;0
02/00038_00001.ppm;02;0
02/00038_00002.ppm;02;0
02/00038_00003.ppm;02;0
02/00038_00004.ppm;02;0
02/00038_00005.ppm;02;0
02/00038_00006.ppm;02;0
02/00038_00007.ppm;02;0
02/00038_00008.ppm;02;0
02/00038_00009.ppm;02;0
02/00038_00010.ppm;02;0
02/00038_00011.ppm;02;0
02/00038_00012.ppm;02;0
02/00038_00013.ppm;02;0
02/00038_00014.ppm;02;0
02/00038_00015.ppm;02;0
02/00038_00016.ppm;02;0
02/00038_00017.ppm;02;0
02/00038_00018.ppm;02;0
02/00038_00019.ppm;02;0
02/00038_00020.ppm;02;0
02/00038_00021.ppm;02;0
02/00038_00022.ppm;02;0
02/00038_00023.ppm;02;0
02/00038_00024.ppm;02;0
02/00038_00025.ppm;02;0
02/00038_00026.ppm;02;0
02/00038_00027.ppm;02;0
02/00038_00028.ppm;02;0
02/00038_00029.ppm;02;0
02/00039_00000.ppm;02;0
02/00039_00001.ppm;02;0
02/00039_00002.ppm;02;0
02/00039_00003.ppm;02;0
02/00039_00004.ppm;02;0
02/00039_00005.ppm;02;0
02/00039_00006.ppm;02;0
02/00039_00007.ppm;02;0
02/00039_00008.ppm;02;0
02/00039_00009.ppm;02;0
02/00039_00010.ppm;02;0
02/00039_00011.ppm;02;0
02/00039_00012.ppm;02;0
02/00039_00013.ppm;02;0
02/00039_00014.ppm;02;0
02/00039_00015.ppm;02;0
02/00039_00016.ppm;02;0
02/00039_00017.ppm;02;0
02/00039_00018.ppm;02;0
02/00039_00019.ppm;02;0
02/00039_00020.ppm;02;0
02/00039_00021.ppm;02;0
02/00039_00022.ppm;02;0
02/00039_00023.ppm;02;0
02/00039_00024.ppm;02;0
02/00039_00025.ppm;02;0
02/00039_00026.ppm;02;0
02/00039_00027.ppm;02;0
02/00039_00028.ppm;02;0
02/00039_00029.ppm;02;0
02/00040_00000.ppm;02;0
02/00040_00001.ppm;02;0
02/00040_00002.ppm;02;0
02/00040_00003.ppm;02;0
02/00040_00004.ppm;02;0
02/00040_00005.ppm;02;0
02/00040_00006.ppm;02;0
02/00040_00007.ppm;02;0
02/00040_00008.ppm;02;0
02/00040_00009.ppm;02;0
02/00040_00010.ppm;02;0
02/00040_00011.ppm;02;0
02/00040_00012.ppm;02;0
02/00040_00013.ppm;02;0
02/00040_00014.ppm;02;0
02/00040_00015.ppm;02;0
02/00040_00016.ppm;02;0
02/00040_00017.ppm;02;0
02/00040_00018.ppm;02;0
02/00040_00019.ppm;02;0
02/00040_00020.ppm;02;0
02/00040_00021.ppm;02;0
02/00040_00022.ppm;02;0
02/00040_00023.ppm;02;0
02/00040_00024.ppm;02;0
02/00040_00025.ppm;02;0
02/00040_00026.ppm;02;0
02/00040_00027.ppm;02;0
02/00040_00028.ppm;02;0
02/00040_00029.ppm;02;0
02/00041_00000.ppm;02;0
02/00041_00001.ppm;02;0
02/00041_00002.ppm;02;0
02/00041_00003.ppm;02;0
02/00041_00004.ppm;02;0
02/00041_00005.ppm;02;0
02/00041_00006.ppm;02;0
02/00041_00007.ppm;02;0
02/00041_00008.ppm;02;0
02/00041_00009.ppm;02;0
02/00041_00010.ppm;02;0
02/00041_00011.ppm;02;0
02/00041_00012.ppm;02;0
02/00041_00013.ppm;02;0
02/00041_00014.ppm;02;0
02/00041_00015.ppm;02;0
02/00041_00016.ppm;02;0
02/00041_00017.ppm;02;0
02/00041_00018.ppm;02;0
02/00041_00019.ppm;02;0
02/00041_00020.ppm;02;0
02/00041_00021.ppm;02;0
02/00041_00022.ppm;02;0
02/00041_00023.ppm;02;0
02/00041_00024.ppm;02;0
02/00041_00025.ppm;02;0
02/00041_00026.ppm;02;0
02/00041_00027.ppm;02;0
02/00041_00028.ppm;02;0
02/00041_00029.ppm;02;0
02/00042_00000.ppm;02;0
02/00042_00001.ppm;02;0
02/00042_00002.ppm;02;0
02/00042_00003.ppm;02;0
02/00042_00004.ppm;02;0
02/00042_00005.ppm;02;0
02/00042_00006.ppm;02;0
02/00042_00007.ppm;02;0
02/00042_00008.ppm;02;0
02/00042_00009.ppm;02;0
02/00042_00010.ppm;02;0
02/00042_00011.ppm;02;0
02/00042_00012.ppm;02;0
02/00042_00013.ppm;02;0
02/00042_00014.ppm;02;0
02/00042_00015.ppm;02;0
02/00042_00016.ppm;02;0
02/00042_00017.ppm;02;0
02/00042_00018.ppm;02;0
02/00042_00019.ppm;02;0
02/00042_00020.ppm;02;0
02/00042_00021.ppm;02;0
02/00042_00022.ppm;02;0
02/00042_00023.ppm;02;0
02/00042_00024.ppm;02;0
02/00042_00025.ppm;02;0
02/00042_00026.ppm;02;0
02/00042_00027.ppm;02;0
02/00042_00028.ppm;02;0
02/00042_00029.ppm;02;0
02/00043_00000.ppm;02;0
02/00043_00001.ppm;02;0
02/00043_00002.ppm;02;0
02/00043_00003.ppm;02;0
02/00043_00004.ppm;02;0
02/00043_00005.ppm;02;0
02/00043_00006.ppm;02;0
02/00043_00007.ppm;02;0
02/00043_00008.ppm;02;0
02/00043_00009.ppm;02;0
02/00043_00010.ppm;02;0
02/00043_00011.ppm;02;0
02/00043_00012.ppm;02;0
02/00043_00013.ppm;02;0
02/00043_00014.ppm;02;0
02/00043_00015.ppm;02;0
02/00043_00016.ppm;02;0
02/00043_00017.ppm;02;0
02/00043_00018.ppm;02;0
02/00043_00019.ppm;02;0
02/00043_00020.ppm;02;0
02/00043_00021.ppm;02;0
02/00043_00022.ppm;02;0
02/00043_00023.ppm;02;0
02/00043_00024.ppm;02;0
02/00043_00025.ppm;02;0
02/00043_00026.ppm;02;0
02/00043_00027.ppm;02;0
02/00043_00028.ppm;02;0
02/00043_00029.ppm;02;0
02/00044_00000.ppm;02;0
02/00044_00001.ppm;02;0
02/00044_00002.ppm;02;0
02/00044_00003.ppm;02;0
02/00044_00004.ppm;02;0
02/00044_00005.ppm;02;0
02/00044_00006.ppm;02;0
02/00044_00007.ppm;02;0
02/00044_00008.ppm;02;0
02/00044_00009.ppm;02;0
02/00044_00010.ppm;02;0
02/00044_00011.ppm;02;0
02/00044_00012.ppm;02;0
02/00044_00013.ppm;02;0
02/00044_00014.ppm;02;0
02/00044_00015.ppm;02;0
02/00044_00016.ppm;02;0
02/00044_00017.ppm;02;0
02/00044_00018.ppm;02;0
02/00044_00019.ppm;02;0
02/00044_00020.ppm;02;0
02/00044_00021.ppm;02;0
02/00044_00022.ppm;02;0
02/00044_00023.ppm;02;0
02/00044_00024.ppm;02;0
02/00044_00025.ppm;02;0
02/00044_00026.ppm;02;0
02/00044_00027.ppm;02;0
02/00044_00028.ppm;02;0
02/00044_00029.ppm;02;0
02/00045_00000.ppm;02;0
02/00045_00001.ppm;02;0
02/00045_00002.ppm;02;0
02/00045_00003.ppm;02;0
02/00045_00004.ppm;02;0
02/00045_00005.ppm;02;0
02/00045_00006.ppm;02;0
02/00045_00007.ppm;02;0
02/00045_00008.ppm;02;0
02/00045_00009.ppm;02;0
02/00045_00010.ppm;02;0
02/00045_00011.ppm;02;0
02/00045_00012.ppm;02;0
02/00045_00013.ppm;02;0
02/00045_00014.ppm;02;0
02/00045_00015.ppm;02;0
02/00045_00016.ppm;02;0
02/00045_00017.ppm;02;0
02/00045_00018.ppm;02;0
02/00045_00019.ppm;02;0
02/00045_00020.ppm;02;0
02/00045_00021.ppm;02;0
02/00045_00022.ppm;02;0
02/00045_00023.ppm;02;0
02/00045_00024.ppm;02;0
02/00045_00025.ppm;02;0
02/00045_00026.ppm;02;0
02/00045_00027.ppm;02;0
02/00045_00028.ppm;02;0
02/00045_00029.ppm;02;0
02/00046_00000.ppm;02;0
02/00046_00001.ppm;02;0
02/00046_00002.ppm;02;0
02/00046_00003.ppm;02;0
02/00046_00004.ppm;02;0
02/00046_00005.ppm;02;0
02/00046_00006.ppm;02;0
02/00046_00007.ppm;02;0
02/00046_00008.ppm;02;0
02/00046_00009.ppm;02;0
02/00046_00010.ppm;02;0
02/00046_00011.ppm;02;0
02/00046_00012.ppm;02;0
02/00046_00013.ppm;02;0
02/00046_00014.ppm;02;0
02/00046_00015.ppm;02;0
02/00046_00016.ppm;02;0
02/00046_00017.ppm;02;0
02/00046_00018.ppm;02;0
02/00046_00019.ppm;02;0
02/00046_00020.ppm;02;0
02/00046_00021.ppm;02;0
02/00046_00022.ppm;02;0
02/00046_00023.ppm;02;0
02/00046_00024.ppm;02;0
02/00046_00025.ppm;02;0
02/00046_00026.ppm;02;0
02/00046_00027.ppm;02;0
02/00046_00028.ppm;02;0
02/00046_00029.ppm;02;0
02/00047_00000.ppm;02;0
02/00047_00001.ppm;02;0
02/00047_00002.ppm;02;0
02/00047_00003.ppm;02;0
02/00047_00004.ppm;02;0
02/00047_00005.ppm;02;0
02/00047_00006.ppm;02;0
02/00047_00007.ppm;02;0
02/00047_00008.ppm;02;0
02/00047_00009.ppm;02;0
02/00047_00010.ppm;02;0
02/00047_00011.ppm;02;0
02/00047_00012.ppm;02;0
02/00047_00013.ppm;02;0
02/00047_00014.ppm;02;0
02/00047_00015.ppm;02;0
02/00047_00016.ppm;02;0
02/00047_00017.ppm;02;0
02/00047_00018.ppm;02;0
02/00047_00019.ppm;02;0
02/00047_00020.ppm;02;0
02/00047_00021.ppm;02;0
02/00047_00022.ppm;02;0
02/00047_00023.ppm;02;0
02/00047_00024.ppm;02;0
02/00047_00025.ppm;02;0
02/00047_00026.ppm;02;0
02/00047_00027.ppm;02;0
02/00047_00028.ppm;02;0
02/00047_00029.ppm;02;0
02/00048_00000.ppm;02;0
02/00048_00001.ppm;02;0
02/00048_00002.ppm;02;0
02/00048_00003.ppm;02;0
02/00048_00004.ppm;02;0
02/00048_00005.ppm;02;0
02/00048_00006.ppm;02;0
02/00048_00007.ppm;02;0
02/00048_00008.ppm;02;0
02/00048_00009.ppm;02;0
02/00048_00010.ppm;02;0
02/00048_00011.ppm;02;0
02/00048_00012.ppm;02;0
02/00048_00013.ppm;02;0
02/00048_00014.ppm;02;0
02/00048_00015.ppm;02;0
02/00048_00016.ppm;02;0
02/00048_00017.ppm;02;0
02/00048_00018.ppm;02;0
02/00048_00019.ppm;02;0
02/00048_00020.ppm;02;0
02/00048_00021.ppm;02;0
02/00048_00022.ppm;02;0
02/00048_00023.ppm;02;0
02/00048_00024.ppm;02;0
02/00048_00025.ppm;02;0
02/00048_00026.ppm;02;0
02/00048_00027.ppm;02;0
02/00048_00028.ppm;02;0
02/00048_00029.ppm;02;0
02/00049_00000.ppm;02;0
02/00049_00001.ppm;02;0
02/00049_00002.ppm;02;0
02/00049_00003.ppm;02;0
02/00049_00004.ppm;02;0
02/00049_00005.ppm;02;0
02/00049_00006.ppm;02;0
02/00049_00007.ppm;02;0
02/00049_00008.ppm;02;0
02/00049_00009.ppm;02;0
02/00049_00010.ppm;02;0
02/00049_00011.ppm;02;0
02/00049_00012.ppm;02;0
02/00049_00013.ppm;02;0
02/00049_00014.ppm;02;0
02/00049_00015.ppm;02;0
02/00049_00016.ppm;02;0
02/00049_00017.ppm;02;0
02/00049_00018.ppm;02;0
02/00049_00019.ppm;02;0
02/00049_00020.ppm;02;0
02/00049_00021.ppm;02;0
02/00049_00022.ppm;02;0
02/00049_00023.ppm;02;0
02/00049_00024.ppm;02;0
02/00049_00025.ppm;02;0
02/00049_00026.ppm;02;0
02/00049_00027.ppm;02;0
02/00049_00028.ppm;02;0
02/00049_00029.ppm;02;0
03/00000_00000.ppm;03;0
03/00000_00001.ppm;03;0
03/00000_00002.ppm;03;0
03/00000_00003.ppm;03;0
03/00000_00004.ppm;03;0
03/00000_00005.ppm;03;0
03/00000_00006.ppm;03;0
03/00000_00007.ppm;03;0
03/00000_00008.ppm;03;0
03/00000_00009.ppm;03;0
03/00000_00010.ppm;03;0
03/00000_00011.ppm;03;0
03/00000_00012.ppm;03;0
03/00000_00013.ppm;03;0
03/00000_00014.ppm;03;0
03/00000_00015.ppm;03;0
03/00000_00016.ppm;03;0
03/00000_00017.ppm;03;0
03/00000_00018.ppm;03;0
03/00000_00019.ppm;03;0
03/00000_00020.ppm;03;0
03/00000_00021.ppm;03;0
03/00000_00022.ppm;03;0
03/00000_00023.ppm;03;0
03/00000_00024.ppm;03;0
03/00000_00025.ppm;03;0
03/00000_00026.ppm;03;0
03/00000_00027.ppm;03;0
03/00000_00028.ppm;03;0
03/00000_00029.ppm;03;0
03/00001_00000.ppm;03;0
03/00001_00001.ppm;03;0
03/00001_00002.ppm;03;0
03/00001_00003.ppm;03;0
03/00001_00004.ppm;03;0
03/00001_00005.ppm;03;0
03/00001_00006.ppm;03;0
03/00001_00007.ppm;03;0
03/00001_00008.ppm;03;0
03/00001_00009.ppm;03;0
03/00001_00010.ppm;03;0
03/00001_00011.ppm;03;0
03/00001_00012.ppm;03;0
03/00001_00013.ppm;03;0
03/00001_00014.ppm;03;0
03/00001_00015.ppm;03;0
03/00001_00016.ppm;03;0
03/00001_00017.ppm;03;0
03/00001_00018.ppm;03;0
03/00001_00019.ppm;03;0
03/00001_00020.ppm;03;0
03/00001_00021.ppm;03;0
03/00001_00022.ppm;03;0
03/00001_00023.ppm;03;0
03/00001_00024.ppm;03;0
03/00001_00025.ppm;03;0
03/00001_00026.ppm;03;0
03/00001_00027.ppm;03;0
03/00001_00028.ppm;03;0
03/00001_00029.ppm;03;0
03/00002_00000.ppm;03;0
03/00002_00001.ppm;03;0
03/00002_00002.ppm;03;0
03/00002_00003.ppm;03;0
03/00002_00004.ppm;03;0
03/00002_00005.ppm;03;0
03/00002_00006.ppm;03;0
03/00002_00007.ppm;03;0
03/00002_00008.ppm;03;0
03/00002_00009.ppm;03;0
03/00002_00010.ppm;03;0
03/00002_00011.ppm;03;0
03/00002_00012.ppm;03;0
03/00002_00013.ppm;03;0
03/00002_00014.ppm;03;0
03/00002_00015.ppm;03;0
03/00002_00016.ppm;03;0
03/00002_00017.ppm;03;0
03/00002_00018.ppm;03;0
03/00002_00019.ppm;03;0
03/00002_00020.ppm;03;0
03/00002_00021.ppm;03;0
03/00002_00022.ppm;03;0
03/00002_00023.ppm;03;0
03/00002_00024.ppm;03;0
03/00002_00025.ppm;03;0
03/00002_00026.ppm;03;0
03/00002_00027.ppm;03;0
03/00002_00028.ppm;03;0
03/00002_00029.ppm;03;0
03/00003_00000.ppm;03;0
03/00003_00001.ppm;03;0
03/00003_00002.ppm;03;0
03/00003_00003.ppm;03;0
03/00003_00004.ppm;03;0
03/00003_00005.ppm;03;0
03/00003_00006.ppm;03;0
03/00003_00007.ppm;03;0
03/00003_00008.ppm;03;0
03/00003_00009.ppm;03;0
03/00003_00010.ppm;03;0
03/00003_00011.ppm;03;0
03/00003_00012.ppm;03;0
03/00003_00013.ppm;03;0
03/00003_00014.ppm;03;0
03/00003_00015.ppm;03;0
03/00003_00016.ppm;03;0
03/00003_00017.ppm;03;0
03/00003_00018.ppm;03;0
03/00003_00019.ppm;03;0
03/00003_00020.ppm;03;0
03/00003_00021.ppm;03;0
03/00003_00022.ppm;03;0
03/00003_00023.ppm;03;0
03/00003_00024.ppm;03;0
03/00003_00025.ppm;03;0
03/00003_00026.ppm;03;0
03/00003_00027.ppm;03;0
03/00003_00028.ppm;03;0
03/00003_00029.ppm;03;0
03/00004_00000.ppm;03;0
03/00004_00001.ppm;03;0
03/00004_00002.ppm;03;0
03/00004_00003.ppm;03;0
03/00004_00004.ppm;03;0
03/00004_00005.ppm;03;0
03/00004_00006.ppm;03;0
03/00004_00007.ppm;03;0
03/00004_00008.ppm;03;0
03/00004_00009.ppm;03;0
03/00004_00010.ppm;03;0
03/00004_00011.ppm;03;0
03/00004_00012.ppm;03;0
03/00004_00013.ppm;03;0
03/00004_00014.ppm;03;0
03/00004_00015.ppm;03;0
03/00004_00016.ppm;03;0
03/00004_00017.ppm;03;0
03/00004_00018.ppm;03;0
03/00004_00019.ppm;03;0
03/00004_00020.ppm;03;0
03/00004_00021.ppm;03;0
03/00004_00022.ppm;03;0
03/00004_00023.ppm;03;0
03/00004_00024.ppm;03;0
03/00004_00025.ppm;03;0
03/00004_00026.ppm;03;0
03/00004_00027.ppm;03;0
03/00004_00028.ppm;03;0
03/00004_00029.ppm;03;0
03/00005_00000.ppm;03;0
03/00005_00001.ppm;03;0
03/00005_00002.ppm;03;0
03/00005_00003.ppm;03;0
03/00005_00004.ppm;03;0
03/00005_00005.ppm;03;0
03/00005_00006.ppm;03;0
03/00005_00007.ppm;03;0
03/00005_00008.ppm;03;0
03/00005_00009.ppm;03;0
03/00005_00010.ppm;03;0
03/00005_00011.ppm;03;0
03/00005_00012.ppm;03;0
03/00005_00013.ppm;03;0
03/00005_00014.ppm;03;0
03/00005_00015.ppm;03;0
03/00005_00016.ppm;03;0
03/00005_00017.ppm;03;0
03/00005_00018.ppm;03;0
03/00005_00019.ppm;03;0
03/00005_00020.ppm;03;0
03/00005_00021.ppm;03;0
03/00005_00022.ppm;03;0
03/00005_00023.ppm;03;0
03/00005_00024.ppm;03;0
03/00005_00025.ppm;03;0
03/00005_00026.ppm;03;0
03/00005_00027.ppm;03;0
03/00005_00028.ppm;03;0
03/00005_00029.ppm;03;0
03/00006_00000.ppm;03;0
03/00006_00001.ppm;03;0
03/00006_00002.ppm;03;0
03/00006_00003.ppm;03;0
03/00006_00004.ppm;03;0
03/00006_00005.ppm;03;0
03/00006_00006.ppm;03;0
03/00006_00007.ppm;03;0
03/00006_00008.ppm;03;0
03/00006_00009.ppm;03;0
03/00006_00010.ppm;03;0
03/00006_00011.ppm;03;0
03/00006_00012.ppm;03;0
03/00006_00013.ppm;03;0
03/00006_00014.ppm;03;0
03/00006_00015.ppm;03;0
03/00006_00016.ppm;03;0
03/00006_00017.ppm;03;0
03/00006_00018.ppm;03;0
03/00006_00019.ppm;03;0
03/00006_00020.ppm;03;0
03/00006_00021.ppm;03;0
03/00006_00022.ppm;03;0
03/00006_00023.ppm;03;0
03/00006_00024.ppm;03;0
03/00006_00025.ppm;03;0
03/00006_00026.ppm;03;0
03/00006_00027.ppm;03;0
03/00006_00028.ppm;03;0
03/00006_00029.ppm;03;0
03/00007_00000.ppm;03;0
03/00007_00001.ppm;03;0
03/00007_00002.ppm;03;0
03/00007_00003.ppm;03;0
03/00007_00004.ppm;03;0
03/00007_00005.ppm;03;0
03/00007_00006.ppm;03;0
03/00007_00007.ppm;03;0
03/00007_00008.ppm;03;0
03/00007_00009.ppm;03;0
03/00007_00010.ppm;03;0
03/00007_00011.ppm;03;0
03/00007_00012.ppm;03;0
03/00007_00013.ppm;03;0
03/00007_00014.ppm;03;0
03/00007_00015.ppm;03;0
03/00007_00016.ppm;03;0
03/00007_00017.ppm;03;0
03/00007_00018.ppm;03;0
03/00007_00019.ppm;03;0
03/00007_00020.ppm;03;0
03/00007_00021.ppm;03;0
03/00007_00022.ppm;03;0
03/00007_00023.ppm;03;0
03/00007_00024.ppm;03;0
03/00007_00025.ppm;03;0
03/00007_00026.ppm;03;0
03/00007_00027.ppm;03;0
03/00007_00028.ppm;03;0
03/00007_00029.ppm;03;0
03/00008_00000.ppm;03;0
03/00008_00001.ppm;03;0
03/00008_00002.ppm;03;0
03/00008_00003.ppm;03;0
03/00008_00004.ppm;03;0
03/00008_00005.ppm;03;0
03/00008_00006.ppm;03;0
03/00008_00007.ppm;03;0
03/00008_00008.ppm;03;0
03/00008_00009.ppm;03;0
03/00008_00010.ppm;03;0
03/00008_00011.ppm;03;0
03/00008_00012.ppm;03;0
03/00008_00013.ppm;03;0
03/00008_00014.ppm;03;0
03/00008_00015.ppm;03;0
03/00008_00016.ppm;03;0
03/00008_00017.ppm;03;0
03/00008_00018.ppm;03;0
03/00008_00019.ppm;03;0
03/00008_00020.ppm;03;0
03/00008_00021.ppm;03;0
03/00008_00022.ppm;03;0
03/00008_00023.ppm;03;0
03/00008_00024.ppm;03;0
03/00008_00025.ppm;03;0
03/00008_00026.ppm;03;0
03/00008_00027.ppm;03;0
03/00008_00028.ppm;03;0
03/00008_00029.ppm;03;0
03/00009_00000.ppm;03;0
03/00009_00001.ppm;03;0
03/00009_00002.ppm;03;0
03/00009_00003.ppm;03;0
03/00009_00004.ppm;03;0
03/00009_00005.ppm;03;0
03/00009_00006.ppm;03;0
03/00009_00007.ppm;03;0
03/00009_00008.ppm;03;0
03/00009_00009.ppm;03;0
03/00009_00010.ppm;03;0
03/00009_00011.ppm;03;0
03/00009_00012.ppm;03;0
03/00009_00013.ppm;03;0
03/00009_00014.ppm;03;0
03/00009_00015.ppm;03;0
03/00009_00016.ppm;03;0
03/00009_00017.ppm;03;0
03/00009_00018.ppm;03;0
03/00009_00019.ppm;03;0
03/00009_00020.ppm;03;0
03/00009_00021.ppm;03;0
03/00009_00022.ppm;03;0
03/00009_00023.ppm;03;0
03/00009_00024.ppm;03;0
03/00009_00025.ppm;03;0
03/00009_00026.ppm;03;0
03/00009_00027.ppm;03;0
03/00009_00028.ppm;03;0
03/00009_00029.ppm;03;0
03/00010_00000.ppm;03;0
03/00010_00001.ppm;03;0
03/00010_00002.ppm;03;0
03/00010_00003.ppm;03;0
03/00010_00004.ppm;03;0
03/00010_00005.ppm;03;0
03/00010_00006.ppm;03;0
03/00010_00007.ppm;03;0
03/00010_00008.ppm;03;0
03/00010_00009.ppm;03;0
03/00010_00010.ppm;03;0
03/00010_00011.ppm;03;0
03/00010_00012.ppm;03;0
03/00010_00013.ppm;03;0
03/00010_00014.ppm;03;0
03/00010_00015.ppm;03;0
03/00010_00016.ppm;03;0
03/00010_00017.ppm;03;0
03/00010_00018.ppm;03;0
03/00010_00019.ppm;03;0
03/00010_00020.ppm;03;0
03/00010_00021.ppm;03;0
03/00010_00022.ppm;03;0
03/00010_00023.ppm;03;0
03/00010_00024.ppm;03;0
03/00010_00025.ppm;03;0
03/00010_00026.ppm;03;0
03/00010_00027.ppm;03;0
03/00010_00028.ppm;03;0
03/00010_00029.ppm;03;0
03/00011_00000.ppm;03;0
03/00011_00001.ppm;03;0
03/00011_00002.ppm;03;0
03/00011_00003.ppm;03;0
03/00011_00004.ppm;03;0
03/00011_00005.ppm;03;0
03/00011_00006.ppm;03;0
03/00011_00007.ppm;03;0
03/00011_00008.ppm;03;0
03/00011_00009.ppm;03;0
03/00011_00010.ppm;03;0
03/00011_00011.ppm;03;0
03/00011_00012.ppm;03;0
03/00011_00013.ppm;03;0
03/00011_00014.ppm;03;0
03/00011_00015.ppm;03;0
03/00011_00016.ppm;03;0
03/00011_00017.ppm;03;0
03/00011_00018.ppm;03;0
03/00011_00019.ppm;03;0
03/00011_00020.ppm;03;0
03/00011_00021.ppm;03;0
03/00011_00022.ppm;03;0
03/00011_00023.ppm;03;0
03/00011_00024.ppm;03;0
03/00011_00025.ppm;03;0
03/00011_00026.ppm;03;0
03/00011_00027.ppm;03;0
03/00011_00028.ppm;03;0
03/00011_00029.ppm;03;0
03/00012_00000.ppm;03;0
03/00012_00001.ppm;03;0
03/00012_00002.ppm;03;0
03/00012_00003.ppm;03;0
03/00012_00004.ppm;03;0
03/00012_00005.ppm;03;0
03/00012_00006.ppm;03;0
03/00012_00007.ppm;03;0
03/00012_00008.ppm;03;0
03/00012_00009.ppm;03;0
03/00012_00010.ppm;03;0
03/00012_00011.ppm;03;0
03/00012_00012.ppm;03;0
03/00012_00013.ppm;03;0
03/00012_00014.ppm;03;0
03/00012_00015.ppm;03;0
03/00012_00016.ppm;03;0
03/00012_00017.ppm;03;0
03/00012_00018.ppm;03;0
03/00012_00019.ppm;03;0
03/00012_00020.ppm;03;0
03/00012_00021.ppm;03;0
03/00012_00022.ppm;03;0
03/00012_00023.ppm;03;0
03/00012_00024.ppm;03;0
03/00012_00025.ppm;03;0
03/00012_00026.ppm;03;0
03/00012_00027.ppm;03;0
03/00012_00028.ppm;03;0
03/00012_00029.ppm;03;0
03/00013_00000.ppm;03;0
03/00013_00001.ppm;03;0
03/00013_00002.ppm;03;0
03/00013_00003.ppm;03;0
03/00013_00004.ppm;03;0
03/00013_00005.ppm;03;0
03/00013_00006.ppm;03;0
03/00013_00007.ppm;03;0
03/00013_00008.ppm;03;0
03/00013_00009.ppm;03;0
03/00013_00010.ppm;03;0
03/00013_00011.ppm;03;0
03/00013_00012.ppm;03;0
03/00013_00013.ppm;03;0
03/00013_00014.ppm;03;0
03/00013_00015.ppm;03;0
03/00013_00016.ppm;03;0
03/00013_00017.ppm;03;0
03/00013_00018.ppm;03;0
03/00013_00019.ppm;03;0
03/00013_00020.ppm;03;0
03/00013_00021.ppm;03;0
03/00013_00022.ppm;03;0
03/00013_00023.ppm;03;0
03/00013_00024.ppm;03;0
03/00013_00025.ppm;03;0
03/00013_00026.ppm;03;0
03/00013_00027.ppm;03;0
03/00013_00028.ppm;03;0
03/00013_00029.ppm;03;0
03/00014_00000.ppm;03;0
03/00014_00001.ppm;03;0
03/00014_00002.ppm;03;0
03/00014_00003.ppm;03;0
03/00014_00004.ppm;03;0
03/00014_00005.ppm;03;0
03/00014_00006.ppm;03;0
03/00014_00007.ppm;03;0
03/00014_00008.ppm;03;0
03/00014_00009.ppm;03;0
03/00014_00010.ppm;03;0
03/00014_00011.ppm;03;0
03/00014_00012.ppm;03;0
03/00014_00013.ppm;03;0
03/00014_00014.ppm;03;0
03/00014_00015.ppm;03;0
03/00014_00016.ppm;03;0
03/00014_00017.ppm;03;0
03/00014_00018.ppm;03;0
03/00014_00019.ppm;03;0
03/00014_00020.ppm;03;0
03/00014_00021.ppm;03;0
03/00014_00022.ppm;03;0
03/00014_00023.ppm;03;0
03/00014_00024.ppm;03;0
03/00014_00025.ppm;03;0
03/00014_00026.ppm;03;0
03/00014_00027.ppm;03;0
03/00014_00028.ppm;03;0
03/00014_00029.ppm;03;0
03/00015_00000.ppm;03;0
03/00015_00001.ppm;03;0
03/00015_00002.ppm;03;0
03/00015_00003.ppm;03;0
03/00015_00004.ppm;03;0
03/00015_00005.ppm;03;0
03/00015_00006.ppm;03;0
03/00015_00007.ppm;03;0
03/00015_00008.ppm;03;0
03/00015_00009.ppm;03;0
03/00015_00010.ppm;03;0
03/00015_00011.ppm;03;0
03/00015_00012.ppm;03;0
03/00015_00013.ppm;03;0
03/00015_00014.ppm;03;0
03/00015_00015.ppm;03;0
03/00015_00016.ppm;03;0
03/00015_00017.ppm;03;0
03/00015_00018.ppm;03;0
03/00015_00019.ppm;03;0
03/00015_00020.ppm;03;0
03/00015_00021.ppm;03;0
03/00015_00022.ppm;03;0
03/00015_00023.ppm;03;0
03/00015_00024.ppm;03;0
03/00015_00025.ppm;03;0
03/00015_00026.ppm;03;0
03/00015_00027.ppm;03;0
03/00015_00028.ppm;03;0
03/00015_00029.ppm;03;0
03/00016_00000.ppm;03;0
03/00016_00001.ppm;03;0
03/00016_00002.ppm;03;0
03/00016_00003.ppm;03;0
03/00016_00004.ppm;03;0
03/00016_00005.ppm;03;0
03/00016_00006.ppm;03;0
03/00016_00007.ppm;03;0
03/00016_00008.ppm;03;0
03/00016_00009.ppm;03;0
03/00016_00010.ppm;03;0
03/00016_00011.ppm;03;0
03/00016_00012.ppm;03;0
03/00016_00013.ppm;03;0
03/00016_00014.ppm;03;0
03/00016_00015.ppm;03;0
03/00016_00016.ppm;03;0
03/00016_00017.ppm;03;0
03/00016_00018.ppm;03;0
03/00016_00019.ppm;03;0
03/00016_00020.ppm;03;0
03/00016_00021.ppm;03;0
03/00016_00022.ppm;03;0
03/00016_00023.ppm;03;0
03/00016_00024.ppm;03;0
03/00016_00025.ppm;03;0
03/00016_00026.ppm;03;0
03/00016_00027.ppm;03;0
03/00016_00028.ppm;03;0
03/00016_00029.ppm;03;0
03/00017_00000.ppm;03;0
03/00017_00001.ppm;03;0
03/00017_00002.ppm;03;0
03/00017_00003.ppm;03;0
03/00017_00004.ppm;03;0
03/00017_00005.ppm;03;0
03/00017_00006.ppm;03;0
03/00017_00007.ppm;03;0
03/00017_00008.ppm;03;0
03/00017_00009.ppm;03;0
03/00017_00010.ppm;03;0
03/00017_00011.ppm;03;0
03/00017_00012.ppm;03;0
03/00017_00013.ppm;03;0
03/00017_00014.ppm;03;0
03/00017_00015.ppm;03;0
03/00017_00016.ppm;03;0
03/00017_00017.ppm;03;0
03/00017_00018.ppm;03;0
03/00017_00019.ppm;03;0
03/00017_00020.ppm;03;0
03/00017_00021.ppm;03;0
03/00017_00022.ppm;03;0
03/00017_00023.ppm;03;0
03/00017_00024.ppm;03;0
03/00017_00025.ppm;03;0
03/00017_00026.ppm;03;0
03/00017_00027.ppm;03;0
03/00017_00028.ppm;03;0
03/00017_00029.ppm;03;0
03/00018_00000.ppm;03;0
03/00018_00001.ppm;03;0
03/00018_00002.ppm;03;0
03/00018_00003.ppm;03;0
03/00018_00004.ppm;03;0
03/00018_00005.ppm;03;0
03/00018_00006.ppm;03;0
03/00018_00007.ppm;03;0
03/00018_00008.ppm;03;0
03/00018_00009.ppm;03;0
03/00018_00010.ppm;03;0
03/00018_00011.ppm;03;0
03/00018_00012.ppm;03;0
03/00018_00013.ppm;03;0
03/00018_00014.ppm;03;0
03/00018_00015.ppm;03;0
03/00018_00016.ppm;03;0
03/00018_00017.ppm;03;0
03/00018_00018.ppm;03;0
03/00018_00019.ppm;03;0
03/00018_00020.ppm;03;0
03/00018_00021.ppm;03;0
03/00018_00022.ppm;03;0
03/00018_00023.ppm;03;0
03/00018_00024.ppm;03;0
03/00018_00025.ppm;03;0
03/00018_00026.ppm;03;0
03/00018_00027.ppm;03;0
03/00018_00028.ppm;03;0
03/00018_00029.ppm;03;0
03/00019_00000.ppm;03;0
03/00019_00001.ppm;03;0
03/00019_00002.ppm;03;0
03/00019_00003.ppm;03;0
03/00019_00004.ppm;03;0
03/00019_00005.ppm;03;0
03/00019_00006.ppm;03;0
03/00019_00007.ppm;03;0
03/00019_00008.ppm;03;0
03/00019_00009.ppm;03;0
03/00019_00010.ppm;03;0
03/00019_00011.ppm;03;0
03/00019_00012.ppm;03;0
03/00019_00013.ppm;03;0
03/00019_00014.ppm;03;0
03/00019_00015.ppm;03;0
03/00019_00016.ppm;03;0
03/00019_00017.ppm;03;0
03/00019_00018.ppm;03;0
03/00019_00019.ppm;03;0
03/00019_00020.ppm;03;0
03/00019_00021.ppm;03;0
03/00019_00022.ppm;03;0
03/00019_00023.ppm;03;0
03/00019_00024.ppm;03;0
03/00019_00025.ppm;03;0
03/00019_00026.ppm;03;0
03/00019_00027.ppm;03;0
03/00019_00028.ppm;03;0
03/00019_00029.ppm;03;0
03/00020_00000.ppm;03;0
03/00020_00001.ppm;03;0
03/00020_00002.ppm;03;0
03/00020_00003.ppm;03;0
03/00020_00004.ppm;03;0
03/00020_00005.ppm;03;0
03/00020_00006.ppm;03;0
03/00020_00007.ppm;03;0
03/00020_00008.ppm;03;0
03/00020_00009.ppm;03;0
03/00020_00010.ppm;03;0
03/00020_00011.ppm;03;0
03/00020_00012.ppm;03;0
03/00020_00013.ppm;03;0
03/00020_00014.ppm;03;0
03/00020_00015.ppm;03;0
03/00020_00016.ppm;03;0
03/00020_00017.ppm;03;0
03/00020_00018.ppm;03;0
03/00020_00019.ppm;03;0
03/00020_00020.ppm;03;0
03/00020_00021.ppm;03;0
03/00020_00022.ppm;03;0
03/00020_00023.ppm;03;0
03/00020_00024.ppm;03;0
03/00020_00025.ppm;03;0
03/00020_00026.ppm;03;0
03/00020_00027.ppm;03;0
03/00020_00028.ppm;03;0
03/00020_00029.ppm;03;0
03/00021_00000.ppm;03;0
03/00021_00001.ppm;03;0
03/00021_00002.ppm;03;0
03/00021_00003.ppm;03;0
03/00021_00004.ppm;03;0
03/00021_00005.ppm;03;0
03/00021_00006.ppm;03;0
03/00021_00007.ppm;03;0
03/00021_00008.ppm;03;0
03/00021_00009.ppm;03;0
03/00021_00010.ppm;03;0
03/00021_00011.ppm;03;0
03/00021_00012.ppm;03;0
03/00021_00013.ppm;03;0
03/00021_00014.ppm;03;0
03/00021_00015.ppm;03;0
03/00021_00016.ppm;03;0
03/00021_00017.ppm;03;0
03/00021_00018.ppm;03;0
03/00021_00019.ppm;03;0
03/00021_00020.ppm;03;0
03/00021_00021.ppm;03;0
03/00021_00022.ppm;03;0
03/00021_00023.ppm;03;0
03/00021_00024.ppm;03;0
03/00021_00025.ppm;03;0
03/00021_00026.ppm;03;0
03/00021_00027.ppm;03;0
03/00021_00028.ppm;03;0
03/00021_00029.ppm;03;0
03/00022_00000.ppm;03;0
03/00022_00001.ppm;03;0
03/00022_00002.ppm;03;0
03/00022_00003.ppm;03;0
03/00022_00004.ppm;03;0
03/00022_00005.ppm;03;0
03/00022_00006.ppm;03;0
03/00022_00007.ppm;03;0
03/00022_00008.ppm;03;0
03/00022_00009.ppm;03;0
03/00022_00010.ppm;03;0
03/00022_00011.ppm;03;0
03/00022_00012.ppm;03;0
03/00022_00013.ppm;03;0
03/00022_00014.ppm;03;0
03/00022_00015.ppm;03;0
03/00022_00016.ppm;03;0
03/00022_00017.ppm;03;0
03/00022_00018.ppm;03;0
03/00022_00019.ppm;03;0
03/00022_00020.ppm;03;0
03/00022_00021.ppm;03;0
03/00022_00022.ppm;03;0
03/00022_00023.ppm;03;0
03/00022_00024.ppm;03;0
03/00022_00025.ppm;03;0
03/00022_00026.ppm;03;0
03/00022_00027.ppm;03;0
03/00022_00028.ppm;03;0
03/00022_00029.ppm;03;0
03/00023_00000.ppm;03;0
03/00023_00001.ppm;03;0
03/00023_00002.ppm;03;0
03/00023_00003.ppm;03;0
03/00023_00004.ppm;03;0
03/00023_00005.ppm;03;0
03/00023_00006.ppm;03;0
03/00023_00007.ppm;03;0
03/00023_00008.ppm;03;0
03/00023_00009.ppm;03;0
03/00023_00010.ppm;03;0
03/00023_00011.ppm;03;0
03/00023_00012.ppm;03;0
03/00023_00013.ppm;03;0
03/00023_00014.ppm;03;0
03/00023_00015.ppm;03;0
03/00023_00016.ppm;03;0
03/00023_00017.ppm;03;0
03/00023_00018.ppm;03;0
03/00023_00019.ppm;03;0
03/00023_00020.ppm;03;0
03/00023_00021.ppm;03;0
03/00023_00022.ppm;03;0
03/00023_00023.ppm;03;0
03/00023_00024.ppm;03;0
03/00023_00025.ppm;03;0
03/00023_00026.ppm;03;0
03/00023_00027.ppm;03;0
03/00023_00028.ppm;03;0
03/00023_00029.ppm;03;0
03/00024_00000.ppm;03;0
03/00024_00001.ppm;03;0
03/00024_00002.ppm;03;0
03/00024_00003.ppm;03;0
03/00024_00004.ppm;03;0
03/00024_00005.ppm;03;0
03/00024_00006.ppm;03;0
03/00024_00007.ppm;03;0
03/00024_00008.ppm;03;0
03/00024_00009.ppm;03;0
03/00024_00010.ppm;03;0
03/00024_00011.ppm;03;0
03/00024_00012.ppm;03;0
03/00024_00013.ppm;03;0
03/00024_00014.ppm;03;0
03/00024_00015.ppm;03;0
03/00024_00016.ppm;03;0
03/00024_00017.ppm;03;0
03/00024_00018.ppm;03;0
03/00024_00019.ppm;03;0
03/00024_00020.ppm;03;0
03/00024_00021.ppm;03;0
03/00024_00022.ppm;03;0
03/00024_00023.ppm;03;0
03/00024_00024.ppm;03;0
03/00024_00025.ppm;03;0
03/00024_00026.ppm;03;0
03/00024_00027.ppm;03;0
03/00024_00028.ppm;03;0
03/00024_00029.ppm;03;0
03/00025_00000.ppm;03;0
03/00025_00001.ppm;03;0
03/00025_00002.ppm;03;0
03/00025_00003.ppm;03;0
03/00025_00004.ppm;03;0
03/00025_00005.ppm;03;0
03/00025_00006.ppm;03;0
03/00025_00007.ppm;03;0
03/00025_00008.ppm;03;0
03/00025_00009.ppm;03;0
03/00025_00010.ppm;03;0
03/00025_00011.ppm;03;0
03/00025_00012.ppm;03;0
03/00025_00013.ppm;03;0
03/00025_00014.ppm;03;0
03/00025_00015.ppm;03;0
03/00025_00016.ppm;03;0
03/00025_00017.ppm;03;0
03/00025_00018.ppm;03;0
03/00025_00019.ppm;03;0
03/00025_00020.ppm;03;0
03/00025_00021.ppm;03;0
03/00025_00022.ppm;03;0
03/00025_00023.ppm;03;0
03/00025_00024.ppm;03;0
03/00025_00025.ppm;03;0
03/00025_00026.ppm;03;0
03/00025_00027.ppm;03;0
03/00025_00028.ppm;03;0
03/00025_00029.ppm;03;0
03/00026_00000.ppm;03;0
03/00026_00001.ppm;03;0
03/00026_00002.ppm;03;0
03/00026_00003.ppm;03;0
03/00026_00004.ppm;03;0
03/00026_00005.ppm;03;0
03/00026_00006.ppm;03;0
03/00026_00007.ppm;03;0
03/00026_00008.ppm;03;0
03/00026_00009.ppm;03;0
03/00026_00010.ppm;03;0
03/00026_00011.ppm;03;0
03/00026_00012.ppm;03;0
03/00026_00013.ppm;03;0
03/00026_00014.ppm;03;0
03/00026_00015.ppm;03;0
03/00026_00016.ppm;03;0
03/00026_00017.ppm;03;0
03/00026_00018.ppm;03;0
03/00026_00019.ppm;03;0
03/00026_00020.ppm;03;0
03/00026_00021.ppm;03;0
03/00026_00022.ppm;03;0
03/00026_00023.ppm;03;0
03/00026_00024.ppm;03;0
03/00026_00025.ppm;03;0
03/00026_00026.ppm;03;0
03/00026_00027.ppm;03;0
03/00026_00028.ppm;03;0
03/00026_00029.ppm;03;0
03/00027_00000.ppm;03;0
03/00027_00001.ppm;03;0
03/00027_00002.ppm;03;0
03/00027_00003.ppm;03;0
03/00027_00004.ppm;03;0
03/00027_00005.ppm;03;0
03/00027_00006.ppm;03;0
03/00027_00007.ppm;03;0
03/00027_00008.ppm;03;0
03/00027_00009.ppm;03;0
03/00027_00010.ppm;03;0
03/00027_00011.ppm;03;0
03/00027_00012.ppm;03;0
03/00027_00013.ppm;03;0
03/00027_00014.ppm;03;0
03/00027_00015.ppm;03;0
03/00027_00016.ppm;03;0
03/00027_00017.ppm;03;0
03/00027_00018.ppm;03;0
03/00027_00019.ppm;03;0
03/00027_00020.ppm;03;0
03/00027_00021.ppm;03;0
03/00027_00022.ppm;03;0
03/00027_00023.ppm;03;0
03/00027_00024.ppm;03;0
03/00027_00025.ppm;03;0
03/00027_00026.ppm;03;0
03/00027_00027.ppm;03;0
03/00027_00028.ppm;03;0
03/00027_00029.ppm;03;0
03/00028_00000.ppm;03;0
03/00028_00001.ppm;03;0
03/00028_00002.ppm;03;0
03/00028_00003.ppm;03;0
03/00028_00004.ppm;03;0
03/00028_00005.ppm;03;0
03/00028_00006.ppm;03;0
03/00028_00007.ppm;03;0
03/00028_00008.ppm;03;0
03/00028_00009.ppm;03;0
03/00028_00010.ppm;03;0
03/00028_00011.ppm;03;0
03/00028_00012.ppm;03;0
03/00028_00013.ppm;03;0
03/00028_00014.ppm;03;0
03/00028_00015.ppm;03;0
03/00028_00016.ppm;03;0
03/00028_00017.ppm;03;0
03/00028_00018.ppm;03;0
03/00028_00019.ppm;03;0
03/00028_00020.ppm;03;0
03/00028_00021.ppm;03;0
03/00028_00022.ppm;03;0
03/00028_00023.ppm;03;0
03/00028_00024.ppm;03;0
03/00028_00025.ppm;03;0
03/00028_00026.ppm;03;0
03/00028_00027.ppm;03;0
03/00028_00028.ppm;03;0
03/00028_00029.ppm;03;0
03/00029_00000.ppm;03;0
03/00029_00001.ppm;03;0
03/00029_00002.ppm;03;0
03/00029_00003.ppm;03;0
03/00029_00004.ppm;03;0
03/00029_00005.ppm;03;0
03/00029_00006.ppm;03;0
03/00029_00007.ppm;03;0
03/00029_00008.ppm;03;0
03/00029_00009.ppm;03;0
03/00029_00010.ppm;03;0
03/00029_00011.ppm;03;0
03/00029_00012.ppm;03;0
03/00029_00013.ppm;03;0
03/00029_00014.ppm;03;0
03/00029_00015.ppm;03;0
03/00029_00016.ppm;03;0
03/00029_00017.ppm;03;0
03/00029_00018.ppm;03;0
03/00029_00019.ppm;03;0
03/00029_00020.ppm;03;0
03/00029_00021.ppm;03;0
03/00029_00022.ppm;03;0
03/00029_00023.ppm;03;0
03/00029_00024.ppm;03;0
03/00029_00025.ppm;03;0
03/00029_00026.ppm;03;0
03/00029_00027.ppm;03;0
03/00029_00028.ppm;03;0
03/00029_00029.ppm;03;0
03/00030_00000.ppm;03;0
03/00030_00001.ppm;03;0
03/00030_00002.ppm;03;0
03/00030_00003.ppm;03;0
03/00030_00004.ppm;03;0
03/00030_00005.ppm;03;0
03/00030_00006.ppm;03;0
03/00030_00007.ppm;03;0
03/00030_00008.ppm;03;0
03/00030_00009.ppm;03;0
03/00030_00010.ppm;03;0
03/00030_00011.ppm;03;0
03/00030_00012.ppm;03;0
03/00030_00013.ppm;03;0
03/00030_00014.ppm;03;0
03/00030_00015.ppm;03;0
03/00030_00016.ppm;03;0
03/00030_00017.ppm;03;0
03/00030_00018.ppm;03;0
03/00030_00019.ppm;03;0
03/00030_00020.ppm;03;0
03/00030_00021.ppm;03;0
03/00030_00022.ppm;03;0
03/00030_00023.ppm;03;0
03/00030_00024.ppm;03;0
03/00030_00025.ppm;03;0
03/00030_00026.ppm;03;0
03/00030_00027.ppm;03;0
03/00030_00028.ppm;03;0
03/00030_00029.ppm;03;0
03/00031_00000.ppm;03;0
03/00031_00001.ppm;03;0
03/00031_00002.ppm;03;0
03/00031_00003.ppm;03;0
03/00031_00004.ppm;03;0
03/00031_00005.ppm;03;0
03/00031_00006.ppm;03;0
03/00031_00007.ppm;03;0
03/00031_00008.ppm;03;0
03/00031_00009.ppm;03;0
03/00031_00010.ppm;03;0
03/00031_00011.ppm;03;0
03/00031_00012.ppm;03;0
03/00031_00013.ppm;03;0
03/00031_00014.ppm;03;0
03/00031_00015.ppm;03;0
03/00031_00016.ppm;03;0
03/00031_00017.ppm;03;0
03/00031_00018.ppm;03;0
03/00031_00019.ppm;03;0
03/00031_00020.ppm;03;0
03/00031_00021.ppm;03;0
03/00031_00022.ppm;03;0
03/00031_00023.ppm;03;0
03/00031_00024.ppm;03;0
03/00031_00025.ppm;03;0
03/00031_00026.ppm;03;0
03/00031_00027.ppm;03;0
03/00031_00028.ppm;03;0
03/00031_00029.ppm;03;0
04/00000_00000.ppm;04;0
04/00000_00001.ppm;04;0
04/00000_00002.ppm;04;0
04/00000_00003.ppm;04;0
04/00000_00004.ppm;04;0
04/00000_00005.ppm;04;0
04/00000_00006.ppm;04;0
04/00000_00007.ppm;04;0
04/00000_00008.ppm;04;0
04/00000_00009.ppm;04;0
04/00000_00010.ppm;04;0
04/00000_00011.ppm;04;0
04/00000_00012.ppm;04;0
04/00000_00013.ppm;04;0
04/00000_00014.ppm;04;0
04/00000_00015.ppm;04;0
04/00000_00016.ppm;04;0
04/00000_00017.ppm;04;0
04/00000_00018.ppm;04;0
04/00000_00019.ppm;04;0
04/00000_00020.ppm;04;0
04/00000_00021.ppm;04;0
04/00000_00022.ppm;04;0
04/00000_00023.ppm;04;0
04/00000_00024.ppm;04;0
04/00000_00025.ppm;04;0
04/00000_00026.ppm;04;0
04/00000_00027.ppm;04;0
04/00000_00028.ppm;04;0
04/00000_00029.ppm;04;0
04/00001_00000.ppm;04;0
04/00001_00001.ppm;04;0
04/00001_00002.ppm;04;0
04/00001_00003.ppm;04;0
04/00001_00004.ppm;04;0
04/00001_00005.ppm;04;0
04/00001_00006.ppm;04;0
04/00001_00007.ppm;04;0
04/00001_00008.ppm;04;0
04/00001_00009.ppm;04;0
04/00001_00010.ppm;04;0
04/00001_00011.ppm;04;0
04/00001_00012.ppm;04;0
04/00001_00013.ppm;04;0
04/00001_00014.ppm;04;0
04/00001_00015.ppm;04;0
04/00001_00016.ppm;04;0
04/00001_00017.ppm;04;0
04/00001_00018.ppm;04;0
04/00001_00019.ppm;04;0
04/00001_00020.ppm;04;0
04/00001_00021.ppm;04;0
04/00001_00022.ppm;04;0
04/00001_00023.ppm;04;0
04/00001_00024.ppm;04;0
04/00001_00025.ppm;04;0
04/00001_00026.ppm;04;0
04/00001_00027.ppm;04;0
04/00001_00028.ppm;04;0
04/00001_00029.ppm;04;0
04/00002_00000.ppm;04;0
04/00002_00001.ppm;04;0
04/00002_00002.ppm;04;0
04/00002_00003.ppm;04;0
04/00002_00004.ppm;04;0
04/00002_00005.ppm;04;0
04/00002_00006.ppm;04;0
04/00002_00007.ppm;04;0
04/00002_00008.ppm;04;0
04/00002_00009.ppm;04;0
04/00002_00010.ppm;04;0
04/00002_00011.ppm;04;0
04/00002_00012.ppm;04;0
04/00002_00013.ppm;04;0
04/00002_00014.ppm;04;0
04/00002_00015.ppm;04;0
04/00002_00016.ppm;04;0
04/00002_00017.ppm;04;0
04/00002_00018.ppm;04;0
04/00002_00019.ppm;04;0
04/00002_00020.ppm;04;0
04/00002_00021.ppm;04;0
04/00002_00022.ppm;04;0
04/00002_00023.ppm;04;0
04/00002_00024.ppm;04;0
04/00002_00025.ppm;04;0
04/00002_00026.ppm;04;0
04/00002_00027.ppm;04;0
04/00002_00028.ppm;04;0
04/00002_00029.ppm;04;0
04/00003_00000.ppm;04;0
04/00003_00001.ppm;04;0
04/00003_00002.ppm;04;0
04/00003_00003.ppm;04;0
04/00003_00004.ppm;04;0
04/00003_00005.ppm;04;0
04/00003_00006.ppm;04;0
04/00003_00007.ppm;04;0
04/00003_00008.ppm;04;0
04/00003_00009.ppm;04;0
04/00003_00010.ppm;04;0
04/00003_00011.ppm;04;0
04/00003_00012.ppm;04;0
04/00003_00013.ppm;04;0
04/00003_00014.ppm;04;0
04/00003_00015.ppm;04;0
04/00003_00016.ppm;04;0
04/00003_00017.ppm;04;0
04/00003_00018.ppm;04;0
04/00003_00019.ppm;04;0
04/00003_00020.ppm;04;0
04/00003_00021.ppm;04;0
04/00003_00022.ppm;04;0
04/00003_00023.ppm;04;0
04/00003_00024.ppm;04;0
04/00003_00025.ppm;04;0
04/00003_00026.ppm;04;0
04/00003_00027.ppm;04;0
04/00003_00028.ppm;04;0
04/00003_00029.ppm;04;0
04/00004_00000.ppm;04;0
04/00004_00001.ppm;04;0
04/00004_00002.ppm;04;0
04/00004_00003.ppm;04;0
04/00004_00004.ppm;04;0
04/00004_00005.ppm;04;0
04/00004_00006.ppm;04;0
04/00004_00007.ppm;04;0
04/00004_00008.ppm;04;0
04/00004_00009.ppm;04;0
04/00004_00010.ppm;04;0
04/00004_00011.ppm;04;0
04/00004_00012.ppm;04;0
04/00004_00013.ppm;04;0
04/00004_00014.ppm;04;0
04/00004_00015.ppm;04;0
04/00004_00016.ppm;04;0
04/00004_00017.ppm;04;0
04/00004_00018.ppm;04;0
04/00004_00019.ppm;04;0
04/00004_00020.ppm;04;0
04/00004_00021.ppm;04;0
04/00004_00022.ppm;04;0
04/00004_00023.ppm;04;0
04/00004_00024.ppm;04;0
04/00004_00025.ppm;04;0
04/00004_00026.ppm;04;0
04/00004_00027.ppm;04;0
04/00004_00028.ppm;04;0
04/00004_00029.ppm;04;0
04/00005_00000.ppm;04;0
04/00005_00001.ppm;04;0
04/00005_00002.ppm;04;0
04/00005_00003.ppm;04;0
04/00005_00004.ppm;04;0
04/00005_00005.ppm;04;0
04/00005_00006.ppm;04;0
04/00005_00007.ppm;04;0
04/00005_00008.ppm;04;0
04/00005_00009.ppm;04;0
04/00005_00010.ppm;04;0
04/00005_00011.ppm;04;0
04/00005_00012.ppm;04;0
04/00005_00013.ppm;04;0
04/00005_00014.ppm;04;0
04/00005_00015.ppm;04;0
04/00005_00016.ppm;04;0
04/00005_00017.ppm;04;0
04/00005_00018.ppm;04;0
04/00005_00019.ppm;04;0
04/00005_00020.ppm;04;0
04/00005_00021.ppm;04;0
04/00005_00022.ppm;04;0
04/00005_00023.ppm;04;0
04/00005_00024.ppm;04;0
04/00005_00025.ppm;04;0
04/00005_00026.ppm;04;0
04/00005_00027.ppm;04;0
04/00005_00028.ppm;04;0
04/00005_00029.ppm;04;0
04/00006_00000.ppm;04;0
04/00006_00001.ppm;04;0
04/00006_00002.ppm;04;0
04/00006_00003.ppm;04;0
04/00006_00004.ppm;04;0
04/00006_00005.ppm;04;0
04/00006_00006.ppm;04;0
04/00006_00007.ppm;04;0
04/00006_00008.ppm;04;0
04/00006_00009.ppm;04;0
04/00006_00010.ppm;04;0
04/00006_00011.ppm;04;0
04/00006_00012.ppm;04;0
04/00006_00013.ppm;04;0
04/00006_00014.ppm;04;0
04/00006_00015.ppm;04;0
04/00006_00016.ppm;04;0
04/00006_00017.ppm;04;0
04/00006_00018.ppm;04;0
04/00006_00019.ppm;04;0
04/00006_00020.ppm;04;0
04/00006_00021.ppm;04;0
04/00006_00022.ppm;04;0
04/00006_00023.ppm;04;0
04/00006_00024.ppm;04;0
04/00006_00025.ppm;04;0
04/00006_00026.ppm;04;0
04/00006_00027.ppm;04;0
04/00006_00028.ppm;04;0
04/00006_00029.ppm;04;0
04/00007_00000.ppm;04;0
04/00007_00001.ppm;04;0
04/00007_00002.ppm;04;0
04/00007_00003.ppm;04;0
04/00007_00004.ppm;04;0
04/00007_00005.ppm;04;0
04/00007_00006.ppm;04;0
04/00007_00007.ppm;04;0
04/00007_00008.ppm;04;0
04/00007_00009.ppm;04;0
04/00007_00010.ppm;04;0
04/00007_00011.ppm;04;0
04/00007_00012.ppm;04;0
04/00007_00013.ppm;04;0
04/00007_00014.ppm;04;0
04/00007_00015.ppm;04;0
04/00007_00016.ppm;04;0
04/00007_00017.ppm;04;0
04/00007_00018.ppm;04;0
04/00007_00019.ppm;04;0
04/00007_00020.ppm;04;0
04/00007_00021.ppm;04;0
04/00007_00022.ppm;04;0
04/00007_00023.ppm;04;0
04/00007_00024.ppm;04;0
04/00007_00025.ppm;04;0
04/00007_00026.ppm;04;0
04/00007_00027.ppm;04;0
04/00007_00028.ppm;04;0
04/00007_00029.ppm;04;0
04/00008_00000.ppm;04;0
04/00008_00001.ppm;04;0
04/00008_00002.ppm;04;0
04/00008_00003.ppm;04;0
04/00008_00004.ppm;04;0
04/00008_00005.ppm;04;0
04/00008_00006.ppm;04;0
04/00008_00007.ppm;04;0
04/00008_00008.ppm;04;0
04/00008_00009.ppm;04;0
04/00008_00010.ppm;04;0
04/00008_00011.ppm;04;0
04/00008_00012.ppm;04;0
04/00008_00013.ppm;04;0
04/00008_00014.ppm;04;0
04/00008_00015.ppm;04;0
04/00008_00016.ppm;04;0
04/00008_00017.ppm;04;0
04/00008_00018.ppm;04;0
04/00008_00019.ppm;04;0
04/00008_00020.ppm;04;0
04/00008_00021.ppm;04;0
04/00008_00022.ppm;04;0
04/00008_00023.ppm;04;0
04/00008_00024.ppm;04;0
04/00008_00025.ppm;04;0
04/00008_00026.ppm;04;0
04/00008_00027.ppm;04;0
04/00008_00028.ppm;04;0
04/00008_00029.ppm;04;0
04/00009_00000.ppm;04;0
04/00009_00001.ppm;04;0
04/00009_00002.ppm;04;0
04/00009_00003.ppm;04;0
04/00009_00004.ppm;04;0
04/00009_00005.ppm;04;0
04/00009_00006.ppm;04;0
04/00009_00007.ppm;04;0
04/00009_00008.ppm;04;0
04/00009_00009.ppm;04;0
04/00009_00010.ppm;04;0
04/00009_00011.ppm;04;0
04/00009_00012.ppm;04;0
04/00009_00013.ppm;04;0
04/00009_00014.ppm;04;0
04/00009_00015.ppm;04;0
04/00009_00016.ppm;04;0
04/00009_00017.ppm;04;0
04/00009_00018.ppm;04;0
04/00009_00019.ppm;04;0
04/00009_00020.ppm;04;0
04/00009_00021.ppm;04;0
04/00009_00022.ppm;04;0
04/00009_00023.ppm;04;0
04/00009_00024.ppm;04;0
04/00009_00025.ppm;04;0
04/00009_00026.ppm;04;0
04/00009_00027.ppm;04;0
04/00009_00028.ppm;04;0
04/00009_00029.ppm;04;0
04/00010_00000.ppm;04;0
04/00010_00001.ppm;04;0
04/00010_00002.ppm;04;0
04/00010_00003.ppm;04;0
04/00010_00004.ppm;04;0
04/00010_00005.ppm;04;0
04/00010_00006.ppm;04;0
04/00010_00007.ppm;04;0
04/00010_00008.ppm;04;0
04/00010_00009.ppm;04;0
04/00010_00010.ppm;04;0
04/00010_00011.ppm;04;0
04/00010_00012.ppm;04;0
04/00010_00013.ppm;04;0
04/00010_00014.ppm;04;0
04/00010_00015.ppm;04;0
04/00010_00016.ppm;04;0
04/00010_00017.ppm;04;0
04/00010_00018.ppm;04;0
04/00010_00019.ppm;04;0
04/00010_00020.ppm;04;0
04/00010_00021.ppm;04;0
04/00010_00022.ppm;04;0
04/00010_00023.ppm;04;0
04/00010_00024.ppm;04;0
04/00010_00025.ppm;04;0
04/00010_00026.ppm;04;0
04/00010_00027.ppm;04;0
04/00010_00028.ppm;04;0
04/00010_00029.ppm;04;0
04/00011_00000.ppm;04;0
04/00011_00001.ppm;04;0
04/00011_00002.ppm;04;0
04/00011_00003.ppm;04;0
04/00011_00004.ppm;04;0
04/00011_00005.ppm;04;0
04/00011_00006.ppm;04;0
04/00011_00007.ppm;04;0
04/00011_00008.ppm;04;0
04/00011_00009.ppm;04;0
04/00011_00010.ppm;04;0
04/00011_00011.ppm;04;0
04/00011_00012.ppm;04;0
04/00011_00013.ppm;04;0
04/00011_00014.ppm;04;0
04/00011_00015.ppm;04;0
04/00011_00016.ppm;04;0
04/00011_00017.ppm;04;0
04/00011_00018.ppm;04;0
04/00011_00019.ppm;04;0
04/00011_00020.ppm;04;0
04/00011_00021.ppm;04;0
04/00011_00022.ppm;04;0
04/00011_00023.ppm;04;0
04/00011_00024.ppm;04;0
04/00011_00025.ppm;04;0
04/00011_00026.ppm;04;0
04/00011_00027.ppm;04;0
04/00011_00028.ppm;04;0
04/00011_00029.ppm;04;0
04/00012_00000.ppm;04;0
04/00012_00001.ppm;04;0
04/00012_00002.ppm;04;0
04/00012_00003.ppm;04;0
04/00012_00004.ppm;04;0
04/00012_00005.ppm;04;0
04/00012_00006.ppm;04;0
04/00012_00007.ppm;04;0
04/00012_00008.ppm;04;0
04/00012_00009.ppm;04;0
04/00012_00010.ppm;04;0
04/00012_00011.ppm;04;0
04/00012_00012.ppm;04;0
04/00012_00013.ppm;04;0
04/00012_00014.ppm;04;0
04/00012_00015.ppm;04;0
04/00012_00016.ppm;04;0
04/00012_00017.ppm;04;0
04/00012_00018.ppm;04;0
04/00012_00019.ppm;04;0
04/00012_00020.ppm;04;0
04/00012_00021.ppm;04;0
04/00012_00022.ppm;04;0
04/00012_00023.ppm;04;0
04/00012_00024.ppm;04;0
04/00012_00025.ppm;04;0
04/00012_00026.ppm;04;0
04/00012_00027.ppm;04;0
04/00012_00028.ppm;04;0
04/00012_00029.ppm;04;0
04/00013_00000.ppm;04;0
04/00013_00001.ppm;04;0
04/00013_00002.ppm;04;0
04/00013_00003.ppm;04;0
04/00013_00004.ppm;04;0
04/00013_00005.ppm;04;0
04/00013_00006.ppm;04;0
04/00013_00007.ppm;04;0
04/00013_00008.ppm;04;0
04/00013_00009.ppm;04;0
04/00013_00010.ppm;04;0
04/00013_00011.ppm;04;0
04/00013_00012.ppm;04;0
04/00013_00013.ppm;04;0
04/00013_00014.ppm;04;0
04/00013_00015.ppm;04;0
04/00013_00016.ppm;04;0
04/00013_00017.ppm;04;0
04/00013_00018.ppm;04;0
04/00013_00019.ppm;04;0
04/00013_00020.ppm;04;0
04/00013_00021.ppm;04;0
04/00013_00022.ppm;04;0
04/00013_00023.ppm;04;0
04/00013_00024.ppm;04;0
04/00013_00025.ppm;04;0
04/00013_00026.ppm;04;0
04/00013_00027.ppm;04;0
04/00013_00028.ppm;04;0
04/00013_00029.ppm;04;0
04/00014_00000.ppm;04;0
04/00014_00001.ppm;04;0
04/00014_00002.ppm;04;0
04/00014_00003.ppm;04;0
04/00014_00004.ppm;04;0
04/00014_00005.ppm;04;0
04/00014_00006.ppm;04;0
04/00014_00007.ppm;04;0
04/00014_00008.ppm;04;0
04/00014_00009.ppm;04;0
04/00014_00010.ppm;04;0
04/00014_00011.ppm;04;0
04/00014_00012.ppm;04;0
04/00014_00013.ppm;04;0
04/00014_00014.ppm;04;0
04/00014_00015.ppm;04;0
04/00014_00016.ppm;04;0
04/00014_00017.ppm;04;0
04/00014_00018.ppm;04;0
04/00014_00019.ppm;04;0
04/00014_00020.ppm;04;0
04/00014_00021.ppm;04;0
04/00014_00022.ppm;04;0
04/00014_00023.ppm;04;0
04/00014_00024.ppm;04;0
04/00014_00025.ppm;04;0
04/00014_00026.ppm;04;0
04/00014_00027.ppm;04;0
04/00014_00028.ppm;04;0
04/00014_00029.ppm;04;0
04/00015_00000.ppm;04;0
04/00015_00001.ppm;04;0
04/00015_00002.ppm;04;0
04/00015_00003.ppm;04;0
04/00015_00004.ppm;04;0
04/00015_00005.ppm;04;0
04/00015_00006.ppm;04;0
04/00015_00007.ppm;04;0
04/00015_00008.ppm;04;0
04/00015_00009.ppm;04;0
04/00015_00010.ppm;04;0
04/00015_00011.ppm;04;0
04/00015_00012.ppm;04;0
04/00015_00013.ppm;04;0
04/00015_00014.ppm;04;0
04/00015_00015.ppm;04;0
04/00015_00016.ppm;04;0
04/00015_00017.ppm;04;0
04/00015_00018.ppm;04;0
04/00015_00019.ppm;04;0
04/00015_00020.ppm;04;0
04/00015_00021.ppm;04;0
04/00015_00022.ppm;04;0
04/00015_00023.ppm;04;0
04/00015_00024.ppm;04;0
04/00015_00025.ppm;04;0
04/00015_00026.ppm;04;0
04/00015_00027.ppm;04;0
04/00015_00028.ppm;04;0
04/00015_00029.ppm;04;0
04/00016_00000.ppm;04;0
04/00016_00001.ppm;04;0
04/00016_00002.ppm;04;0
04/00016_00003.ppm;04;0
04/00016_00004.ppm;04;0
04/00016_00005.ppm;04;0
04/00016_00006.ppm;04;0
04/00016_00007.ppm;04;0
04/00016_00008.ppm;04;0
04/00016_00009.ppm;04;0
04/00016_00010.ppm;04;0
04/00016_00011.ppm;04;0
04/00016_00012.ppm;04;0
04/00016_00013.ppm;04;0
04/00016_00014.ppm;04;0
04/00016_00015.ppm;04;0
04/00016_00016.ppm;04;0
04/00016_00017.ppm;04;0
04/00016_00018.ppm;04;0
04/00016_00019.ppm;04;0
04/00016_00020.ppm;04;0
04/00016_00021.ppm;04;0
04/00016_00022.ppm;04;0
04/00016_00023.ppm;04;0
04/00016_00024.ppm;04;0
04/00016_00025.ppm;04;0
04/00016_00026.ppm;04;0
04/00016_00027.ppm;04;0
04/00016_00028.ppm;04;0
04/00016_00029.ppm;04;0
04/00017_00000.ppm;04;0
04/00017_00001.ppm;04;0
04/00017_00002.ppm;04;0
04/00017_00003.ppm;04;0
04/00017_00004.ppm;04;0
04/00017_00005.ppm;04;0
04/00017_00006.ppm;04;0
04/00017_00007.ppm;04;0
04/00017_00008.ppm;04;0
04/00017_00009.ppm;04;0
04/00017_00010.ppm;04;0
04/00017_00011.ppm;04;0
04/00017_00012.ppm;04;0
04/00017_00013.ppm;04;0
04/00017_00014.ppm;04;0
04/00017_00015.ppm;04;0
04/00017_00016.ppm;04;0
04/00017_00017.ppm;04;0
04/00017_00018.ppm;04;0
04/00017_00019.ppm;04;0
04/00017_00020.ppm;04;0
04/00017_00021.ppm;04;0
04/00017_00022.ppm;04;0
04/00017_00023.ppm;04;0
04/00017_00024.ppm;04;0
04/00017_00025.ppm;04;0
04/00017_00026.ppm;04;0
04/00017_00027.ppm;04;0
04/00017_00028.ppm;04;0
04/00017_00029.ppm;04;0
04/00018_00000.ppm;04;0
04/00018_00001.ppm;04;0
04/00018_00002.ppm;04;0
04/00018_00003.ppm;04;0
04/00018_00004.ppm;04;0
04/00018_00005.ppm;04;0
04/00018_00006.ppm;04;0
04/00018_00007.ppm;04;0
04/00018_00008.ppm;04;0
04/00018_00009.ppm;04;0
04/00018_00010.ppm;04;0
04/00018_00011.ppm;04;0
04/00018_00012.ppm;04;0
04/00018_00013.ppm;04;0
04/00018_00014.ppm;04;0
04/00018_00015.ppm;04;0
04/00018_00016.ppm;04;0
04/00018_00017.ppm;04;0
04/00018_00018.ppm;04;0
04/00018_00019.ppm;04;0
04/00018_00020.ppm;04;0
04/00018_00021.ppm;04;0
04/00018_00022.ppm;04;0
04/00018_00023.ppm;04;0
04/00018_00024.ppm;04;0
04/00018_00025.ppm;04;0
04/00018_00026.ppm;04;0
04/00018_00027.ppm;04;0
04/00018_00028.ppm;04;0
04/00018_00029.ppm;04;0
04/00019_00000.ppm;04;0
04/00019_00001.ppm;04;0
04/00019_00002.ppm;04;0
04/00019_00003.ppm;04;0
04/00019_00004.ppm;04;0
04/00019_00005.ppm;04;0
04/00019_00006.ppm;04;0
04/00019_00007.ppm;04;0
04/00019_00008.ppm;04;0
04/00019_00009.ppm;04;0
04/00019_00010.ppm;04;0
04/00019_00011.ppm;04;0
04/00019_00012.ppm;04;0
04/00019_00013.ppm;04;0
04/00019_00014.ppm;04;0
04/00019_00015.ppm;04;0
04/00019_00016.ppm;04;0
04/00019_00017.ppm;04;0
04/00019_00018.ppm;04;0
04/00019_00019.ppm;04;0
04/00019_00020.ppm;04;0
04/00019_00021.ppm;04;0
04/00019_00022.ppm;04;0
04/00019_00023.ppm;04;0
04/00019_00024.ppm;04;0
04/00019_00025.ppm;04;0
04/00019_00026.ppm;04;0
04/00019_00027.ppm;04;0
04/00019_00028.ppm;04;0
04/00019_00029.ppm;04;0
04/00020_00000.ppm;04;0
04/00020_00001.ppm;04;0
04/00020_00002.ppm;04;0
04/00020_00003.ppm;04;0
04/00020_00004.ppm;04;0
04/00020_00005.ppm;04;0
04/00020_00006.ppm;04;0
04/00020_00007.ppm;04;0
04/00020_00008.ppm;04;0
04/00020_00009.ppm;04;0
04/00020_00010.ppm;04;0
04/00020_00011.ppm;04;0
04/00020_00012.ppm;04;0
04/00020_00013.ppm;04;0
04/00020_00014.ppm;04;0
04/00020_00015.ppm;04;0
04/00020_00016.ppm;04;0
04/00020_00017.ppm;04;0
04/00020_00018.ppm;04;0
04/00020_00019.ppm;04;0
04/00020_00020.ppm;04;0
04/00020_00021.ppm;04;0
04/00020_00022.ppm;04;0
04/00020_00023.ppm;04;0
04/00020_00024.ppm;04;0
04/00020_00025.ppm;04;0
04/00020_00026.ppm;04;0
04/00020_00027.ppm;04;0
04/00020_00028.ppm;04;0
04/00020_00029.ppm;04;0
04/00021_00000.ppm;04;0
04/00021_00001.ppm;04;0
04/00021_00002.ppm;04;0
04/00021_00003.ppm;04;0
04/00021_00004.ppm;04;0
04/00021_00005.ppm;04;0
04/00021_00006.ppm;04;0
04/00021_00007.ppm;04;0
04/00021_00008.ppm;04;0
04/00021_00009.ppm;04;0
04/00021_00010.ppm;04;0
04/00021_00011.ppm;04;0
04/00021_00012.ppm;04;0
04/00021_00013.ppm;04;0
04/00021_00014.ppm;04;0
04/00021_00015.ppm;04;0
04/00021_00016.ppm;04;0
04/00021_00017.ppm;04;0
04/00021_00018.ppm;04;0
04/00021_00019.ppm;04;0
04/00021_00020.ppm;04;0
04/00021_00021.ppm;04;0
04/00021_00022.ppm;04;0
04/00021_00023.ppm;04;0
04/00021_00024.ppm;04;0
04/00021_00025.ppm;04;0
04/00021_00026.ppm;04;0
04/00021_00027.ppm;04;0
04/00021_00028.ppm;04;0
04/00021_00029.ppm;04;0
04/00022_00000.ppm;04;0
04/00022_00001.ppm;04;0
04/00022_00002.ppm;04;0
04/00022_00003.ppm;04;0
04/00022_00004.ppm;04;0
04/00022_00005.ppm;04;0
04/00022_00006.ppm;04;0
04/00022_00007.ppm;04;0
04/00022_00008.ppm;04;0
04/00022_00009.ppm;04;0
04/00022_00010.ppm;04;0
04/00022_00011.ppm;04;0
04/00022_00012.ppm;04;0
04/00022_00013.ppm;04;0
04/00022_00014.ppm;04;0
04/00022_00015.ppm;04;0
04/00022_00016.ppm;04;0
04/00022_00017.ppm;04;0
04/00022_00018.ppm;04;0
04/00022_00019.ppm;04;0
04/00022_00020.ppm;04;0
04/00022_00021.ppm;04;0
04/00022_00022.ppm;04;0
04/00022_00023.ppm;04;0
04/00022_00024.ppm;04;0
04/00022_00025.ppm;04;0
04/00022_00026.ppm;04;0
04/00022_00027.ppm;04;0
04/00022_00028.ppm;04;0
04/00022_00029.ppm;04;0
04/00023_00000.ppm;04;0
04/00023_00001.ppm;04;0
04/00023_00002.ppm;04;0
04/00023_00003.ppm;04;0
04/00023_00004.ppm;04;0
04/00023_00005.ppm;04;0
04/00023_00006.ppm;04;0
04/00023_00007.ppm;04;0
04/00023_00008.ppm;04;0
04/00023_00009.ppm;04;0
04/00023_00010.ppm;04;0
04/00023_00011.ppm;04;0
04/00023_00012.ppm;04;0
04/00023_00013.ppm;04;0
04/00023_00014.ppm;04;0
04/00023_00015.ppm;04;0
04/00023_00016.ppm;04;0
04/00023_00017.ppm;04;0
04/00023_00018.ppm;04;0
04/00023_00019.ppm;04;0
04/00023_00020.ppm;04;0
04/00023_00021.ppm;04;0
04/00023_00022.ppm;04;0
04/00023_00023.ppm;04;0
04/00023_00024.ppm;04;0
04/00023_00025.ppm;04;0
04/00023_00026.ppm;04;0
04/00023_00027.ppm;04;0
04/00023_00028.ppm;04;0
04/00023_00029.ppm;04;0
04/00024_00000.ppm;04;0
04/00024_00001.ppm;04;0
04/00024_00002.ppm;04;0
04/00024_00003.ppm;04;0
04/00024_00004.ppm;04;0
04/00024_00005.ppm;04;0
04/00024_00006.ppm;04;0
04/00024_00007.ppm;04;0
04/00024_00008.ppm;04;0
04/00024_00009.ppm;04;0
04/00024_00010.ppm;04;0
04/00024_00011.ppm;04;0
04/00024_00012.ppm;04;0
04/00024_00013.ppm;04;0
04/00024_00014.ppm;04;0
04/00024_00015.ppm;04;0
04/00024_00016.ppm;04;0
04/00024_00017.ppm;04;0
04/00024_00018.ppm;04;0
04/00024_00019.ppm;04;0
04/00024_00020.ppm;04;0
04/00024_00021.ppm;04;0
04/00024_00022.ppm;04;0
04/00024_00023.ppm;04;0
04/00024_00024.ppm;04;0
04/00024_00025.ppm;04;0
04/00024_00026.ppm;04;0
04/00024_00027.ppm;04;0
04/00024_00028.ppm;04;0
04/00024_00029.ppm;04;0
04/00025_00000.ppm;04;0
04/00025_00001.ppm;04;0
04/00025_00002.ppm;04;0
04/00025_00003.ppm;04;0
04/00025_00004.ppm;04;0
04/00025_00005.ppm;04;0
04/00025_00006.ppm;04;0
04/00025_00007.ppm;04;0
04/00025_00008.ppm;04;0
04/00025_00009.ppm;04;0
04/00025_00010.ppm;04;0
04/00025_00011.ppm;04;0
04/00025_00012.ppm;04;0
04/00025_00013.ppm;04;0
04/00025_00014.ppm;04;0
04/00025_00015.ppm;04;0
04/00025_00016.ppm;04;0
04/00025_00017.ppm;04;0
04/00025_00018.ppm;04;0
04/00025_00019.ppm;04;0
04/00025_00020.ppm;04;0
04/00025_00021.ppm;04;0
04/00025_00022.ppm;04;0
04/00025_00023.ppm;04;0
04/00025_00024.ppm;04;0
04/00025_00025.ppm;04;0
04/00025_00026.ppm;04;0
04/00025_00027.ppm;04;0
04/00025_00028.ppm;04;0
04/00025_00029.ppm;04;0
04/00026_00000.ppm;04;0
04/00026_00001.ppm;04;0
04/00026_00002.ppm;04;0
04/00026_00003.ppm;04;0
04/00026_00004.ppm;04;0
04/00026_00005.ppm;04;0
04/00026_00006.ppm;04;0
04/00026_00007.ppm;04;0
04/00026_00008.ppm;04;0
04/00026_00009.ppm;04;0
04/00026_00010.ppm;04;0
04/00026_00011.ppm;04;0
04/00026_00012.ppm;04;0
04/00026_00013.ppm;04;0
04/00026_00014.ppm;04;0
04/00026_00015.ppm;04;0
04/00026_00016.ppm;04;0
04/00026_00017.ppm;04;0
04/00026_00018.ppm;04;0
04/00026_00019.ppm;04;0
04/00026_00020.ppm;04;0
04/00026_00021.ppm;04;0
04/00026_00022.ppm;04;0
04/00026_00023.ppm;04;0
04/00026_00024.ppm;04;0
04/00026_00025.ppm;04;0
04/00026_00026.ppm;04;0
04/00026_00027.ppm;04;0
04/00026_00028.ppm;04;0
04/00026_00029.ppm;04;0
04/00027_00000.ppm;04;0
04/00027_00001.ppm;04;0
04/00027_00002.ppm;04;0
04/00027_00003.ppm;04;0
04/00027_00004.ppm;04;0
04/00027_00005.ppm;04;0
04/00027_00006.ppm;04;0
04/00027_00007.ppm;04;0
04/00027_00008.ppm;04;0
04/00027_00009.ppm;04;0
04/00027_00010.ppm;04;0
04/00027_00011.ppm;04;0
04/00027_00012.ppm;04;0
04/00027_00013.ppm;04;0
04/00027_00014.ppm;04;0
04/00027_00015.ppm;04;0
04/00027_00016.ppm;04;0
04/00027_00017.ppm;04;0
04/00027_00018.ppm;04;0
04/00027_00019.ppm;04;0
04/00027_00020.ppm;04;0
04/00027_00021.ppm;04;0
04/00027_00022.ppm;04;0
04/00027_00023.ppm;04;0
04/00027_00024.ppm;04;0
04/00027_00025.ppm;04;0
04/00027_00026.ppm;04;0
04/00027_00027.ppm;04;0
04/00027_00028.ppm;04;0
04/00027_00029.ppm;04;0
04/00028_00000.ppm;04;0
04/00028_00001.ppm;04;0
04/00028_00002.ppm;04;0
04/00028_00003.ppm;04;0
04/00028_00004.ppm;04;0
04/00028_00005.ppm;04;0
04/00028_00006.ppm;04;0
04/00028_00007.ppm;04;0
04/00028_00008.ppm;04;0
04/00028_00009.ppm;04;0
04/00028_00010.ppm;04;0
04/00028_00011.ppm;04;0
04/00028_00012.ppm;04;0
04/00028_00013.ppm;04;0
04/00028_00014.ppm;04;0
04/00028_00015.ppm;04;0
04/00028_00016.ppm;04;0
04/00028_00017.ppm;04;0
04/00028_00018.ppm;04;0
04/00028_00019.ppm;04;0
04/00028_00020.ppm;04;0
04/00028_00021.ppm;04;0
04/00028_00022.ppm;04;0
04/00028_00023.ppm;04;0
04/00028_00024.ppm;04;0
04/00028_00025.ppm;04;0
04/00028_00026.ppm;04;0
04/00028_00027.ppm;04;0
04/00028_00028.ppm;04;0
04/00028_00029.ppm;04;0
04/00029_00000.ppm;04;0
04/00029_00001.ppm;04;0
04/00029_00002.ppm;04;0
04/00029_00003.ppm;04;0
04/00029_00004.ppm;04;0
04/00029_00005.ppm;04;0
04/00029_00006.ppm;04;0
04/00029_00007.ppm;04;0
04/00029_00008.ppm;04;0
04/00029_00009.ppm;04;0
04/00029_00010.ppm;04;0
04/00029_00011.ppm;04;0
04/00029_00012.ppm;04;0
04/00029_00013.ppm;04;0
04/00029_00014.ppm;04;0
04/00029_00015.ppm;04;0
04/00029_00016.ppm;04;0
04/00029_00017.ppm;04;0
04/00029_00018.ppm;04;0
04/00029_00019.ppm;04;0
04/00029_00020.ppm;04;0
04/00029_00021.ppm;04;0
04/00029_00022.ppm;04;0
04/00029_00023.ppm;04;0
04/00029_00024.ppm;04;0
04/00029_00025.ppm;04;0
04/00029_00026.ppm;04;0
04/00029_00027.ppm;04;0
04/00029_00028.ppm;04;0
04/00029_00029.ppm;04;0
04/00030_00000.ppm;04;0
04/00030_00001.ppm;04;0
04/00030_00002.ppm;04;0
04/00030_00003.ppm;04;0
04/00030_00004.ppm;04;0
04/00030_00005.ppm;04;0
04/00030_00006.ppm;04;0
04/00030_00007.ppm;04;0
04/00030_00008.ppm;04;0
04/00030_00009.ppm;04;0
04/00030_00010.ppm;04;0
04/00030_00011.ppm;04;0
04/00030_00012.ppm;04;0
04/00030_00013.ppm;04;0
04/00030_00014.ppm;04;0
04/00030_00015.ppm;04;0
04/00030_00016.ppm;04;0
04/00030_00017.ppm;04;0
04/00030_00018.ppm;04;0
04/00030_00019.ppm;04;0
04/00030_00020.ppm;04;0
04/00030_00021.ppm;04;0
04/00030_00022.ppm;04;0
04/00030_00023.ppm;04;0
04/00030_00024.ppm;04;0
04/00030_00025.ppm;04;0
04/00030_00026.ppm;04;0
04/00030_00027.ppm;04;0
04/00030_00028.ppm;04;0
04/00030_00029.ppm;04;0
04/00031_00000.ppm;04;0
04/00031_00001.ppm;04;0
04/00031_00002.ppm;04;0
04/00031_00003.ppm;04;0
04/00031_00004.ppm;04;0
04/00031_00005.ppm;04;0
04/00031_00006.ppm;04;0
04/00031_00007.ppm;04;0
04/00031_00008.ppm;04;0
04/00031_00009.ppm;04;0
04/00031_00010.ppm;04;0
04/00031_00011.ppm;04;0
04/00031_00012.ppm;04;0
04/00031_00013.ppm;04;0
04/00031_00014.ppm;04;0
04/00031_00015.ppm;04;0
04/00031_00016.ppm;04;0
04/00031_00017.ppm;04;0
04/00031_00018.ppm;04;0
04/00031_00019.ppm;04;0
04/00031_00020.ppm;04;0
04/00031_00021.ppm;04;0
04/00031_00022.ppm;04;0
04/00031_00023.ppm;04;0
04/00031_00024.ppm;04;0
04/00031_00025.ppm;04;0
04/00031_00026.ppm;04;0
04/00031_00027.ppm;04;0
04/00031_00028.ppm;04;0
04/00031_00029.ppm;04;0
04/00032_00000.ppm;04;0
04/00032_00001.ppm;04;0
04/00032_00002.ppm;04;0
04/00032_00003.ppm;04;0
04/00032_00004.ppm;04;0
04/00032_00005.ppm;04;0
04/00032_00006.ppm;04;0
04/00032_00007.ppm;04;0
04/00032_00008.ppm;04;0
04/00032_00009.ppm;04;0
04/00032_00010.ppm;04;0
04/00032_00011.ppm;04;0
04/00032_00012.ppm;04;0
04/00032_00013.ppm;04;0
04/00032_00014.ppm;04;0
04/00032_00015.ppm;04;0
04/00032_00016.ppm;04;0
04/00032_00017.ppm;04;0
04/00032_00018.ppm;04;0
04/00032_00019.ppm;04;0
04/00032_00020.ppm;04;0
04/00032_00021.ppm;04;0
04/00032_00022.ppm;04;0
04/00032_00023.ppm;04;0
04/00032_00024.ppm;04;0
04/00032_00025.ppm;04;0
04/00032_00026.ppm;04;0
04/00032_00027.ppm;04;0
04/00032_00028.ppm;04;0
04/00032_00029.ppm;04;0
04/00033_00000.ppm;04;0
04/00033_00001.ppm;04;0
04/00033_00002.ppm;04;0
04/00033_00003.ppm;04;0
04/00033_00004.ppm;04;0
04/00033_00005.ppm;04;0
04/00033_00006.ppm;04;0
04/00033_00007.ppm;04;0
04/00033_00008.ppm;04;0
04/00033_00009.ppm;04;0
04/00033_00010.ppm;04;0
04/00033_00011.ppm;04;0
04/00033_00012.ppm;04;0
04/00033_00013.ppm;04;0
04/00033_00014.ppm;04;0
04/00033_00015.ppm;04;0
04/00033_00016.ppm;04;0
04/00033_00017.ppm;04;0
04/00033_00018.ppm;04;0
04/00033_00019.ppm;04;0
04/00033_00020.ppm;04;0
04/00033_00021.ppm;04;0
04/00033_00022.ppm;04;0
04/00033_00023.ppm;04;0
04/00033_00024.ppm;04;0
04/00033_00025.ppm;04;0
04/00033_00026.ppm;04;0
04/00033_00027.ppm;04;0
04/00033_00028.ppm;04;0
04/00033_00029.ppm;04;0
04/00034_00000.ppm;04;0
04/00034_00001.ppm;04;0
04/00034_00002.ppm;04;0
04/00034_00003.ppm;04;0
04/00034_00004.ppm;04;0
04/00034_00005.ppm;04;0
04/00034_00006.ppm;04;0
04/00034_00007.ppm;04;0
04/00034_00008.ppm;04;0
04/00034_00009.ppm;04;0
04/00034_00010.ppm;04;0
04/00034_00011.ppm;04;0
04/00034_00012.ppm;04;0
04/00034_00013.ppm;04;0
04/00034_00014.ppm;04;0
04/00034_00015.ppm;04;0
04/00034_00016.ppm;04;0
04/00034_00017.ppm;04;0
04/00034_00018.ppm;04;0
04/00034_00019.ppm;04;0
04/00034_00020.ppm;04;0
04/00034_00021.ppm;04;0
04/00034_00022.ppm;04;0
04/00034_00023.ppm;04;0
04/00034_00024.ppm;04;0
04/00034_00025.ppm;04;0
04/00034_00026.ppm;04;0
04/00034_00027.ppm;04;0
04/00034_00028.ppm;04;0
04/00034_00029.ppm;04;0
04/00035_00000.ppm;04;0
04/00035_00001.ppm;04;0
04/00035_00002.ppm;04;0
04/00035_00003.ppm;04;0
04/00035_00004.ppm;04;0
04/00035_00005.ppm;04;0
04/00035_00006.ppm;04;0
04/00035_00007.ppm;04;0
04/00035_00008.ppm;04;0
04/00035_00009.ppm;04;0
04/00035_00010.ppm;04;0
04/00035_00011.ppm;04;0
04/00035_00012.ppm;04;0
04/00035_00013.ppm;04;0
04/00035_00014.ppm;04;0
04/00035_00015.ppm;04;0
04/00035_00016.ppm;04;0
04/00035_00017.ppm;04;0
04/00035_00018.ppm;04;0
04/00035_00019.ppm;04;0
04/00035_00020.ppm;04;0
04/00035_00021.ppm;04;0
04/00035_00022.ppm;04;0
04/00035_00023.ppm;04;0
04/00035_00024.ppm;04;0
04/00035_00025.ppm;04;0
04/00035_00026.ppm;04;0
04/00035_00027.ppm;04;0
04/00035_00028.ppm;04;0
04/00035_00029.ppm;04;0
04/00036_00000.ppm;04;0
04/00036_00001.ppm;04;0
04/00036_00002.ppm;04;0
04/00036_00003.ppm;04;0
04/00036_00004.ppm;04;0
04/00036_00005.ppm;04;0
04/00036_00006.ppm;04;0
04/00036_00007.ppm;04;0
04/00036_00008.ppm;04;0
04/00036_00009.ppm;04;0
04/00036_00010.ppm;04;0
04/00036_00011.ppm;04;0
04/00036_00012.ppm;04;0
04/00036_00013.ppm;04;0
04/00036_00014.ppm;04;0
04/00036_00015.ppm;04;0
04/00036_00016.ppm;04;0
04/00036_00017.ppm;04;0
04/00036_00018.ppm;04;0
04/00036_00019.ppm;04;0
04/00036_00020.ppm;04;0
04/00036_00021.ppm;04;0
04/00036_00022.ppm;04;0
04/00036_00023.ppm;04;0
04/00036_00024.ppm;04;0
04/00036_00025.ppm;04;0
04/00036_00026.ppm;04;0
04/00036_00027.ppm;04;0
04/00036_00028.ppm;04;0
04/00036_00029.ppm;04;0
04/00037_00000.ppm;04;0
04/00037_00001.ppm;04;0
04/00037_00002.ppm;04;0
04/00037_00003.ppm;04;0
04/00037_00004.ppm;04;0
04/00037_00005.ppm;04;0
04/00037_00006.ppm;04;0
04/00037_00007.ppm;04;0
04/00037_00008.ppm;04;0
04/00037_00009.ppm;04;0
04/00037_00010.ppm;04;0
04/00037_00011.ppm;04;0
04/00037_00012.ppm;04;0
04/00037_00013.ppm;04;0
04/00037_00014.ppm;04;0
04/00037_00015.ppm;04;0
04/00037_00016.ppm;04;0
04/00037_00017.ppm;04;0
04/00037_00018.ppm;04;0
04/00037_00019.ppm;04;0
04/00037_00020.ppm;04;0
04/00037_00021.ppm;04;0
04/00037_00022.ppm;04;0
04/00037_00023.ppm;04;0
04/00037_00024.ppm;04;0
04/00037_00025.ppm;04;0
04/00037_00026.ppm;04;0
04/00037_00027.ppm;04;0
04/00037_00028.ppm;04;0
04/00037_00029.ppm;04;0
04/00038_00000.ppm;04;0
04/00038_00001.ppm;04;0
04/00038_00002.ppm;04;0
04/00038_00003.ppm;04;0
04/00038_00004.ppm;04;0
04/00038_00005.ppm;04;0
04/00038_00006.ppm;04;0
04/00038_00007.ppm;04;0
04/00038_00008.ppm;04;0
04/00038_00009.ppm;04;0
04/00038_00010.ppm;04;0
04/00038_00011.ppm;04;0
04/00038_00012.ppm;04;0
04/00038_00013.ppm;04;0
04/00038_00014.ppm;04;0
04/00038_00015.ppm;04;0
04/00038_00016.ppm;04;0
04/00038_00017.ppm;04;0
04/00038_00018.ppm;04;0
04/00038_00019.ppm;04;0
04/00038_00020.ppm;04;0
04/00038_00021.ppm;04;0
04/00038_00022.ppm;04;0
04/00038_00023.ppm;04;0
04/00038_00024.ppm;04;0
04/00038_00025.ppm;04;0
04/00038_00026.ppm;04;0
04/00038_00027.ppm;04;0
04/00038_00028.ppm;04;0
04/00038_00029.ppm;04;0
04/00039_00000.ppm;04;0
04/00039_00001.ppm;04;0
04/00039_00002.ppm;04;0
04/00039_00003.ppm;04;0
04/00039_00004.ppm;04;0
04/00039_00005.ppm;04;0
04/00039_00006.ppm;04;0
04/00039_00007.ppm;04;0
04/00039_00008.ppm;04;0
04/00039_00009.ppm;04;0
04/00039_00010.ppm;04;0
04/00039_00011.ppm;04;0
04/00039_00012.ppm;04;0
04/00039_00013.ppm;04;0
04/00039_00014.ppm;04;0
04/00039_00015.ppm;04;0
04/00039_00016.ppm;04;0
04/00039_00017.ppm;04;0
04/00039_00018.ppm;04;0
04/00039_00019.ppm;04;0
04/00039_00020.ppm;04;0
04/00039_00021.ppm;04;0
04/00039_00022.ppm;04;0
04/00039_00023.ppm;04;0
04/00039_00024.ppm;04;0
04/00039_00025.ppm;04;0
04/00039_00026.ppm;04;0
04/00039_00027.ppm;04;0
04/00039_00028.ppm;04;0
04/00039_00029.ppm;04;0
04/00040_00000.ppm;04;0
04/00040_00001.ppm;04;0
04/00040_00002.ppm;04;0
04/00040_00003.ppm;04;0
04/00040_00004.ppm;04;0
04/00040_00005.ppm;04;0
04/00040_00006.ppm;04;0
04/00040_00007.ppm;04;0
04/00040_00008.ppm;04;0
04/00040_00009.ppm;04;0
04/00040_00010.ppm;04;0
04/00040_00011.ppm;04;0
04/00040_00012.ppm;04;0
04/00040_00013.ppm;04;0
04/00040_00014.ppm;04;0
04/00040_00015.ppm;04;0
04/00040_00016.ppm;04;0
04/00040_00017.ppm;04;0
04/00040_00018.ppm;04;0
04/00040_00019.ppm;04;0
04/00040_00020.ppm;04;0
04/00040_00021.ppm;04;0
04/00040_00022.ppm;04;0
04/00040_00023.ppm;04;0
04/00040_00024.ppm;04;0
04/00040_00025.ppm;04;0
04/00040_00026.ppm;04;0
04/00040_00027.ppm;04;0
04/00040_00028.ppm;04;0
04/00040_00029.ppm;04;0
04/00041_00000.ppm;04;0
04/00041_00001.ppm;04;0
04/00041_00002.ppm;04;0
04/00041_00003.ppm;04;0
04/00041_00004.ppm;04;0
04/00041_00005.ppm;04;0
04/00041_00006.ppm;04;0
04/00041_00007.ppm;04;0
04/00041_00008.ppm;04;0
04/00041_00009.ppm;04;0
04/00041_00010.ppm;04;0
04/00041_00011.ppm;04;0
04/00041_00012.ppm;04;0
04/00041_00013.ppm;04;0
04/00041_00014.ppm;04;0
04/00041_00015.ppm;04;0
04/00041_00016.ppm;04;0
04/00041_00017.ppm;04;0
04/00041_00018.ppm;04;0
04/00041_00019.ppm;04;0
04/00041_00020.ppm;04;0
04/00041_00021.ppm;04;0
04/00041_00022.ppm;04;0
04/00041_00023.ppm;04;0
04/00041_00024.ppm;04;0
04/00041_00025.ppm;04;0
04/00041_00026.ppm;04;0
04/00041_00027.ppm;04;0
04/00041_00028.ppm;04;0
04/00041_00029.ppm;04;0
04/00042_00000.ppm;04;0
04/00042_00001.ppm;04;0
04/00042_00002.ppm;04;0
04/00042_00003.ppm;04;0
04/00042_00004.ppm;04;0
04/00042_00005.ppm;04;0
04/00042_00006.ppm;04;0
04/00042_00007.ppm;04;0
04/00042_00008.ppm;04;0
04/00042_00009.ppm;04;0
04/00042_00010.ppm;04;0
04/00042_00011.ppm;04;0
04/00042_00012.ppm;04;0
04/00042_00013.ppm;04;0
04/00042_00014.ppm;04;0
04/00042_00015.ppm;04;0
04/00042_00016.ppm;04;0
04/00042_00017.ppm;04;0
04/00042_00018.ppm;04;0
04/00042_00019.ppm;04;0
04/00042_00020.ppm;04;0
04/00042_00021.ppm;04;0
04/00042_00022.ppm;04;0
04/00042_00023.ppm;04;0
04/00042_00024.ppm;04;0
04/00042_00025.ppm;04;0
04/00042_00026.ppm;04;0
04/00042_00027.ppm;04;0
04/00042_00028.ppm;04;0
04/00042_00029.ppm;04;0
04/00043_00000.ppm;04;0
04/00043_00001.ppm;04;0
04/00043_00002.ppm;04;0
04/00043_00003.ppm;04;0
04/00043_00004.ppm;04;0
04/00043_00005.ppm;04;0
04/00043_00006.ppm;04;0
04/00043_00007.ppm;04;0
04/00043_00008.ppm;04;0
04/00043_00009.ppm;04;0
04/00043_00010.ppm;04;0
04/00043_00011.ppm;04;0
04/00043_00012.ppm;04;0
04/00043_00013.ppm;04;0
04/00043_00014.ppm;04;0
04/00043_00015.ppm;04;0
04/00043_00016.ppm;04;0
04/00043_00017.ppm;04;0
04/00043_00018.ppm;04;0
04/00043_00019.ppm;04;0
04/00043_00020.ppm;04;0
04/00043_00021.ppm;04;0
04/00043_00022.ppm;04;0
04/00043_00023.ppm;04;0
04/00043_00024.ppm;04;0
04/00043_00025.ppm;04;0
04/00043_00026.ppm;04;0
04/00043_00027.ppm;04;0
04/00043_00028.ppm;04;0
04/00043_00029.ppm;04;0
05/00000_00000.ppm;05;0
05/00000_00001.ppm;05;0
05/00000_00002.ppm;05;0
05/00000_00003.ppm;05;0
05/00000_00004.ppm;05;0
05/00000_00005.ppm;05;0
05/00000_00006.ppm;05;0
05/00000_00007.ppm;05;0
05/00000_00008.ppm;05;0
05/00000_00009.ppm;05;0
05/00000_00010.ppm;05;0
05/00000_00011.ppm;05;0
05/00000_00012.ppm;05;0
05/00000_00013.ppm;05;0
05/00000_00014.ppm;05;0
05/00000_00015.ppm;05;0
05/00000_00016.ppm;05;0
05/00000_00017.ppm;05;0
05/00000_00018.ppm;05;0
05/00000_00019.ppm;05;0
05/00000_00020.ppm;05;0
05/00000_00021.ppm;05;0
05/00000_00022.ppm;05;0
05/00000_00023.ppm;05;0
05/00000_00024.ppm;05;0
05/00000_00025.ppm;05;0
05/00000_00026.ppm;05;0
05/00000_00027.ppm;05;0
05/00000_00028.ppm;05;0
05/00000_00029.ppm;05;0
05/00001_00000.ppm;05;0
05/00001_00001.ppm;05;0
05/00001_00002.ppm;05;0
05/00001_00003.ppm;05;0
05/00001_00004.ppm;05;0
05/00001_00005.ppm;05;0
05/00001_00006.ppm;05;0
05/00001_00007.ppm;05;0
05/00001_00008.ppm;05;0
05/00001_00009.ppm;05;0
05/00001_00010.ppm;05;0
05/00001_00011.ppm;05;0
05/00001_00012.ppm;05;0
05/00001_00013.ppm;05;0
05/00001_00014.ppm;05;0
05/00001_00015.ppm;05;0
05/00001_00016.ppm;05;0
05/00001_00017.ppm;05;0
05/00001_00018.ppm;05;0
05/00001_00019.ppm;05;0
05/00001_00020.ppm;05;0
05/00001_00021.ppm;05;0
05/00001_00022.ppm;05;0
05/00001_00023.ppm;05;0
05/00001_00024.ppm;05;0
05/00001_00025.ppm;05;0
05/00001_00026.ppm;05;0
05/00001_00027.ppm;05;0
05/00001_00028.ppm;05;0
05/00001_00029.ppm;05;0
05/00002_00000.ppm;05;0
05/00002_00001.ppm;05;0
05/00002_00002.ppm;05;0
05/00002_00003.ppm;05;0
05/00002_00004.ppm;05;0
05/00002_00005.ppm;05;0
05/00002_00006.ppm;05;0
05/00002_00007.ppm;05;0
05/00002_00008.ppm;05;0
05/00002_00009.ppm;05;0
05/00002_00010.ppm;05;0
05/00002_00011.ppm;05;0
05/00002_00012.ppm;05;0
05/00002_00013.ppm;05;0
05/00002_00014.ppm;05;0
05/00002_00015.ppm;05;0
05/00002_00016.ppm;05;0
05/00002_00017.ppm;05;0
05/00002_00018.ppm;05;0
05/00002_00019.ppm;05;0
05/00002_00020.ppm;05;0
05/00002_00021.ppm;05;0
05/00002_00022.ppm;05;0
05/00002_00023.ppm;05;0
05/00002_00024.ppm;05;0
05/00002_00025.ppm;05;0
05/00002_00026.ppm;05;0
05/00002_00027.ppm;05;0
05/00002_00028.ppm;05;0
05/00002_00029.ppm;05;0
05/00003_00000.ppm;05;0
05/00003_00001.ppm;05;0
05/00003_00002.ppm;05;0
05/00003_00003.ppm;05;0
05/00003_00004.ppm;05;0
05/00003_00005.ppm;05;0
05/00003_00006.ppm;05;0
05/00003_00007.ppm;05;0
05/00003_00008.ppm;05;0
05/00003_00009.ppm;05;0
05/00003_00010.ppm;05;0
05/00003_00011.ppm;05;0
05/00003_00012.ppm;05;0
05/00003_00013.ppm;05;0
05/00003_00014.ppm;05;0
05/00003_00015.ppm;05;0
05/00003_00016.ppm;05;0
05/00003_00017.ppm;05;0
05/00003_00018.ppm;05;0
05/00003_00019.ppm;05;0
05/00003_00020.ppm;05;0
05/00003_00021.ppm;05;0
05/00003_00022.ppm;05;0
05/00003_00023.ppm;05;0
05/00003_00024.ppm;05;0
05/00003_00025.ppm;05;0
05/00003_00026.ppm;05;0
05/00003_00027.ppm;05;0
05/00003_00028.ppm;05;0
05/00003_00029.ppm;05;0
05/00004_00000.ppm;05;0
05/00004_00001.ppm;05;0
05/00004_00002.ppm;05;0
05/00004_00003.ppm;05;0
05/00004_00004.ppm;05;0
05/00004_00005.ppm;05;0
05/00004_00006.ppm;05;0
05/00004_00007.ppm;05;0
05/00004_00008.ppm;05;0
05/00004_00009.ppm;05;0
05/00004_00010.ppm;05;0
05/00004_00011.ppm;05;0
05/00004_00012.ppm;05;0
05/00004_00013.ppm;05;0
05/00004_00014.ppm;05;0
05/00004_00015.ppm;05;0
05/00004_00016.ppm;05;0
05/00004_00017.ppm;05;0
05/00004_00018.ppm;05;0
05/00004_00019.ppm;05;0
05/00004_00020.ppm;05;0
05/00004_00021.ppm;05;0
05/00004_00022.ppm;05;0
05/00004_00023.ppm;05;0
05/00004_00024.ppm;05;0
05/00004_00025.ppm;05;0
05/00004_00026.ppm;05;0
05/00004_00027.ppm;05;0
05/00004_00028.ppm;05;0
05/00004_00029.ppm;05;0
05/00005_00000.ppm;05;0
05/00005_00001.ppm;05;0
05/00005_00002.ppm;05;0
05/00005_00003.ppm;05;0
05/00005_00004.ppm;05;0
05/00005_00005.ppm;05;0
05/00005_00006.ppm;05;0
05/00005_00007.ppm;05;0
05/00005_00008.ppm;05;0
05/00005_00009.ppm;05;0
05/00005_00010.ppm;05;0
05/00005_00011.ppm;05;0
05/00005_00012.ppm;05;0
05/00005_00013.ppm;05;0
05/00005_00014.ppm;05;0
05/00005_00015.ppm;05;0
05/00005_00016.ppm;05;0
05/00005_00017.ppm;05;0
05/00005_00018.ppm;05;0
05/00005_00019.ppm;05;0
05/00005_00020.ppm;05;0
05/00005_00021.ppm;05;0
05/00005_00022.ppm;05;0
05/00005_00023.ppm;05;0
05/00005_00024.ppm;05;0
05/00005_00025.ppm;05;0
05/00005_00026.ppm;05;0
05/00005_00027.ppm;05;0
05/00005_00028.ppm;05;0
05/00005_00029.ppm;05;0
05/00006_00000.ppm;05;0
05/00006_00001.ppm;05;0
05/00006_00002.ppm;05;0
05/00006_00003.ppm;05;0
05/00006_00004.ppm;05;0
05/00006_00005.ppm;05;0
05/00006_00006.ppm;05;0
05/00006_00007.ppm;05;0
05/00006_00008.ppm;05;0
05/00006_00009.ppm;05;0
05/00006_00010.ppm;05;0
05/00006_00011.ppm;05;0
05/00006_00012.ppm;05;0
05/00006_00013.ppm;05;0
05/00006_00014.ppm;05;0
05/00006_00015.ppm;05;0
05/00006_00016.ppm;05;0
05/00006_00017.ppm;05;0
05/00006_00018.ppm;05;0
05/00006_00019.ppm;05;0
05/00006_00020.ppm;05;0
05/00006_00021.ppm;05;0
05/00006_00022.ppm;05;0
05/00006_00023.ppm;05;0
05/00006_00024.ppm;05;0
05/00006_00025.ppm;05;0
05/00006_00026.ppm;05;0
05/00006_00027.ppm;05;0
05/00006_00028.ppm;05;0
05/00006_00029.ppm;05;0
05/00007_00000.ppm;05;0
05/00007_00001.ppm;05;0
05/00007_00002.ppm;05;0
05/00007_00003.ppm;05;0
05/00007_00004.ppm;05;0
05/00007_00005.ppm;05;0
05/00007_00006.ppm;05;0
05/00007_00007.ppm;05;0
05/00007_00008.ppm;05;0
05/00007_00009.ppm;05;0
05/00007_00010.ppm;05;0
05/00007_00011.ppm;05;0
05/00007_00012.ppm;05;0
05/00007_00013.ppm;05;0
05/00007_00014.ppm;05;0
05/00007_00015.ppm;05;0
05/00007_00016.ppm;05;0
05/00007_00017.ppm;05;0
05/00007_00018.ppm;05;0
05/00007_00019.ppm;05;0
05/00007_00020.ppm;05;0
05/00007_00021.ppm;05;0
05/00007_00022.ppm;05;0
05/00007_00023.ppm;05;0
05/00007_00024.ppm;05;0
05/00007_00025.ppm;05;0
05/00007_00026.ppm;05;0
05/00007_00027.ppm;05;0
05/00007_00028.ppm;05;0
05/00007_00029.ppm;05;0
05/00008_00000.ppm;05;0
05/00008_00001.ppm;05;0
05/00008_00002.ppm;05;0
05/00008_00003.ppm;05;0
05/00008_00004.ppm;05;0
05/00008_00005.ppm;05;0
05/00008_00006.ppm;05;0
05/00008_00007.ppm;05;0
05/00008_00008.ppm;05;0
05/00008_00009.ppm;05;0
05/00008_00010.ppm;05;0
05/00008_00011.ppm;05;0
05/00008_00012.ppm;05;0
05/00008_00013.ppm;05;0
05/00008_00014.ppm;05;0
05/00008_00015.ppm;05;0
05/00008_00016.ppm;05;0
05/00008_00017.ppm;05;0
05/00008_00018.ppm;05;0
05/00008_00019.ppm;05;0
05/00008_00020.ppm;05;0
05/00008_00021.ppm;05;0
05/00008_00022.ppm;05;0
05/00008_00023.ppm;05;0
05/00008_00024.ppm;05;0
05/00008_00025.ppm;05;0
05/00008_00026.ppm;05;0
05/00008_00027.ppm;05;0
05/00008_00028.ppm;05;0
05/00008_00029.ppm;05;0
05/00009_00000.ppm;05;0
05/00009_00001.ppm;05;0
05/00009_00002.ppm;05;0
05/00009_00003.ppm;05;0
05/00009_00004.ppm;05;0
05/00009_00005.ppm;05;0
05/00009_00006.ppm;05;0
05/00009_00007.ppm;05;0
05/00009_00008.ppm;05;0
05/00009_00009.ppm;05;0
05/00009_00010.ppm;05;0
05/00009_00011.ppm;05;0
05/00009_00012.ppm;05;0
05/00009_00013.ppm;05;0
05/00009_00014.ppm;05;0
05/00009_00015.ppm;05;0
05/00009_00016.ppm;05;0
05/00009_00017.ppm;05;0
05/00009_00018.ppm;05;0
05/00009_00019.ppm;05;0
05/00009_00020.ppm;05;0
05/00009_00021.ppm;05;0
05/00009_00022.ppm;05;0
05/00009_00023.ppm;05;0
05/00009_00024.ppm;05;0
05/00009_00025.ppm;05;0
05/00009_00026.ppm;05;0
05/00009_00027.ppm;05;0
05/00009_00028.ppm;05;0
05/00009_00029.ppm;05;0
05/00010_00000.ppm;05;0
05/00010_00001.ppm;05;0
05/00010_00002.ppm;05;0
05/00010_00003.ppm;05;0
05/00010_00004.ppm;05;0
05/00010_00005.ppm;05;0
05/00010_00006.ppm;05;0
05/00010_00007.ppm;05;0
05/00010_00008.ppm;05;0
05/00010_00009.ppm;05;0
05/00010_00010.ppm;05;0
05/00010_00011.ppm;05;0
05/00010_00012.ppm;05;0
05/00010_00013.ppm;05;0
05/00010_00014.ppm;05;0
05/00010_00015.ppm;05;0
05/00010_00016.ppm;05;0
05/00010_00017.ppm;05;0
05/00010_00018.ppm;05;0
05/00010_00019.ppm;05;0
05/00010_00020.ppm;05;0
05/00010_00021.ppm;05;0
05/00010_00022.ppm;05;0
05/00010_00023.ppm;05;0
05/00010_00024.ppm;05;0
05/00010_00025.ppm;05;0
05/00010_00026.ppm;05;0
05/00010_00027.ppm;05;0
05/00010_00028.ppm;05;0
05/00010_00029.ppm;05;0
05/00011_00000.ppm;05;0
05/00011_00001.ppm;05;0
05/00011_00002.ppm;05;0
05/00011_00003.ppm;05;0
05/00011_00004.ppm;05;0
05/00011_00005.ppm;05;0
05/00011_00006.ppm;05;0
05/00011_00007.ppm;05;0
05/00011_00008.ppm;05;0
05/00011_00009.ppm;05;0
05/00011_00010.ppm;05;0
05/00011_00011.ppm;05;0
05/00011_00012.ppm;05;0
05/00011_00013.ppm;05;0
05/00011_00014.ppm;05;0
05/00011_00015.ppm;05;0
05/00011_00016.ppm;05;0
05/00011_00017.ppm;05;0
05/00011_00018.ppm;05;0
05/00011_00019.ppm;05;0
05/00011_00020.ppm;05;0
05/00011_00021.ppm;05;0
05/00011_00022.ppm;05;0
05/00011_00023.ppm;05;0
05/00011_00024.ppm;05;0
05/00011_00025.ppm;05;0
05/00011_00026.ppm;05;0
05/00011_00027.ppm;05;0
05/00011_00028.ppm;05;0
05/00011_00029.ppm;05;0
05/00012_00000.ppm;05;0
05/00012_00001.ppm;05;0
05/00012_00002.ppm;05;0
05/00012_00003.ppm;05;0
05/00012_00004.ppm;05;0
05/00012_00005.ppm;05;0
05/00012_00006.ppm;05;0
05/00012_00007.ppm;05;0
05/00012_00008.ppm;05;0
05/00012_00009.ppm;05;0
05/00012_00010.ppm;05;0
05/00012_00011.ppm;05;0
05/00012_00012.ppm;05;0
05/00012_00013.ppm;05;0
05/00012_00014.ppm;05;0
05/00012_00015.ppm;05;0
05/00012_00016.ppm;05;0
05/00012_00017.ppm;05;0
05/00012_00018.ppm;05;0
05/00012_00019.ppm;05;0
05/00012_00020.ppm;05;0
05/00012_00021.ppm;05;0
05/00012_00022.ppm;05;0
05/00012_00023.ppm;05;0
05/00012_00024.ppm;05;0
05/00012_00025.ppm;05;0
05/00012_00026.ppm;05;0
05/00012_00027.ppm;05;0
05/00012_00028.ppm;05;0
05/00012_00029.ppm;05;0
05/00013_00000.ppm;05;0
05/00013_00001.ppm;05;0
05/00013_00002.ppm;05;0
05/00013_00003.ppm;05;0
05/00013_00004.ppm;05;0
05/00013_00005.ppm;05;0
05/00013_00006.ppm;05;0
05/00013_00007.ppm;05;0
05/00013_00008.ppm;05;0
05/00013_00009.ppm;05;0
05/00013_00010.ppm;05;0
05/00013_00011.ppm;05;0
05/00013_00012.ppm;05;0
05/00013_00013.ppm;05;0
05/00013_00014.ppm;05;0
05/00013_00015.ppm;05;0
05/00013_00016.ppm;05;0
05/00013_00017.ppm;05;0
05/00013_00018.ppm;05;0
05/00013_00019.ppm;05;0
05/00013_00020.ppm;05;0
05/00013_00021.ppm;05;0
05/00013_00022.ppm;05;0
05/00013_00023.ppm;05;0
05/00013_00024.ppm;05;0
05/00013_00025.ppm;05;0
05/00013_00026.ppm;05;0
05/00013_00027.ppm;05;0
05/00013_00028.ppm;05;0
05/00013_00029.ppm;05;0
05/00014_00000.ppm;05;0
05/00014_00001.ppm;05;0
05/00014_00002.ppm;05;0
05/00014_00003.ppm;05;0
05/00014_00004.ppm;05;0
05/00014_00005.ppm;05;0
05/00014_00006.ppm;05;0
05/00014_00007.ppm;05;0
05/00014_00008.ppm;05;0
05/00014_00009.ppm;05;0
05/00014_00010.ppm;05;0
05/00014_00011.ppm;05;0
05/00014_00012.ppm;05;0
05/00014_00013.ppm;05;0
05/00014_00014.ppm;05;0
05/00014_00015.ppm;05;0
05/00014_00016.ppm;05;0
05/00014_00017.ppm;05;0
05/00014_00018.ppm;05;0
05/00014_00019.ppm;05;0
05/00014_00020.ppm;05;0
05/00014_00021.ppm;05;0
05/00014_00022.ppm;05;0
05/00014_00023.ppm;05;0
05/00014_00024.ppm;05;0
05/00014_00025.ppm;05;0
05/00014_00026.ppm;05;0
05/00014_00027.ppm;05;0
05/00014_00028.ppm;05;0
05/00014_00029.ppm;05;0
05/00015_00000.ppm;05;0
05/00015_00001.ppm;05;0
05/00015_00002.ppm;05;0
05/00015_00003.ppm;05;0
05/00015_00004.ppm;05;0
05/00015_00005.ppm;05;0
05/00015_00006.ppm;05;0
05/00015_00007.ppm;05;0
05/00015_00008.ppm;05;0
05/00015_00009.ppm;05;0
05/00015_00010.ppm;05;0
05/00015_00011.ppm;05;0
05/00015_00012.ppm;05;0
05/00015_00013.ppm;05;0
05/00015_00014.ppm;05;0
05/00015_00015.ppm;05;0
05/00015_00016.ppm;05;0
05/00015_00017.ppm;05;0
05/00015_00018.ppm;05;0
05/00015_00019.ppm;05;0
05/00015_00020.ppm;05;0
05/00015_00021.ppm;05;0
05/00015_00022.ppm;05;0
05/00015_00023.ppm;05;0
05/00015_00024.ppm;05;0
05/00015_00025.ppm;05;0
05/00015_00026.ppm;05;0
05/00015_00027.ppm;05;0
05/00015_00028.ppm;05;0
05/00015_00029.ppm;05;0
05/00016_00000.ppm;05;0
05/00016_00001.ppm;05;0
05/00016_00002.ppm;05;0
05/00016_00003.ppm;05;0
05/00016_00004.ppm;05;0
05/00016_00005.ppm;05;0
05/00016_00006.ppm;05;0
05/00016_00007.ppm;05;0
05/00016_00008.ppm;05;0
05/00016_00009.ppm;05;0
05/00016_00010.ppm;05;0
05/00016_00011.ppm;05;0
05/00016_00012.ppm;05;0
05/00016_00013.ppm;05;0
05/00016_00014.ppm;05;0
05/00016_00015.ppm;05;0
05/00016_00016.ppm;05;0
05/00016_00017.ppm;05;0
05/00016_00018.ppm;05;0
05/00016_00019.ppm;05;0
05/00016_00020.ppm;05;0
05/00016_00021.ppm;05;0
05/00016_00022.ppm;05;0
05/00016_00023.ppm;05;0
05/00016_00024.ppm;05;0
05/00016_00025.ppm;05;0
05/00016_00026.ppm;05;0
05/00016_00027.ppm;05;0
05/00016_00028.ppm;05;0
05/00016_00029.ppm;05;0
05/00017_00000.ppm;05;0
05/00017_00001.ppm;05;0
05/00017_00002.ppm;05;0
05/00017_00003.ppm;05;0
05/00017_00004.ppm;05;0
05/00017_00005.ppm;05;0
05/00017_00006.ppm;05;0
05/00017_00007.ppm;05;0
05/00017_00008.ppm;05;0
05/00017_00009.ppm;05;0
05/00017_00010.ppm;05;0
05/00017_00011.ppm;05;0
05/00017_00012.ppm;05;0
05/00017_00013.ppm;05;0
05/00017_00014.ppm;05;0
05/00017_00015.ppm;05;0
05/00017_00016.ppm;05;0
05/00017_00017.ppm;05;0
05/00017_00018.ppm;05;0
05/00017_00019.ppm;05;0
05/00017_00020.ppm;05;0
05/00017_00021.ppm;05;0
05/00017_00022.ppm;05;0
05/00017_00023.ppm;05;0
05/00017_00024.ppm;05;0
05/00017_00025.ppm;05;0
05/00017_00026.ppm;05;0
05/00017_00027.ppm;05;0
05/00017_00028.ppm;05;0
05/00017_00029.ppm;05;0
05/00018_00000.ppm;05;0
05/00018_00001.ppm;05;0
05/00018_00002.ppm;05;0
05/00018_00003.ppm;05;0
05/00018_00004.ppm;05;0
05/00018_00005.ppm;05;0
05/00018_00006.ppm;05;0
05/00018_00007.ppm;05;0
05/00018_00008.ppm;05;0
05/00018_00009.ppm;05;0
05/00018_00010.ppm;05;0
05/00018_00011.ppm;05;0
05/00018_00012.ppm;05;0
05/00018_00013.ppm;05;0
05/00018_00014.ppm;05;0
05/00018_00015.ppm;05;0
05/00018_00016.ppm;05;0
05/00018_00017.ppm;05;0
05/00018_00018.ppm;05;0
05/00018_00019.ppm;05;0
05/00018_00020.ppm;05;0
05/00018_00021.ppm;05;0
05/00018_00022.ppm;05;0
05/00018_00023.ppm;05;0
05/00018_00024.ppm;05;0
05/00018_00025.ppm;05;0
05/00018_00026.ppm;05;0
05/00018_00027.ppm;05;0
05/00018_00028.ppm;05;0
05/00018_00029.ppm;05;0
05/00019_00000.ppm;05;0
05/00019_00001.ppm;05;0
05/00019_00002.ppm;05;0
05/00019_00003.ppm;05;0
05/00019_00004.ppm;05;0
05/00019_00005.ppm;05;0
05/00019_00006.ppm;05;0
05/00019_00007.ppm;05;0
05/00019_00008.ppm;05;0
05/00019_00009.ppm;05;0
05/00019_00010.ppm;05;0
05/00019_00011.ppm;05;0
05/00019_00012.ppm;05;0
05/00019_00013.ppm;05;0
05/00019_00014.ppm;05;0
05/00019_00015.ppm;05;0
05/00019_00016.ppm;05;0
05/00019_00017.ppm;05;0
05/00019_00018.ppm;05;0
05/00019_00019.ppm;05;0
05/00019_00020.ppm;05;0
05/00019_00021.ppm;05;0
05/00019_00022.ppm;05;0
05/00019_00023.ppm;05;0
05/00019_00024.ppm;05;0
05/00019_00025.ppm;05;0
05/00019_00026.ppm;05;0
05/00019_00027.ppm;05;0
05/00019_00028.ppm;05;0
05/00019_00029.ppm;05;0
05/00020_00000.ppm;05;0
05/00020_00001.ppm;05;0
05/00020_00002.ppm;05;0
05/00020_00003.ppm;05;0
05/00020_00004.ppm;05;0
05/00020_00005.ppm;05;0
05/00020_00006.ppm;05;0
05/00020_00007.ppm;05;0
05/00020_00008.ppm;05;0
05/00020_00009.ppm;05;0
05/00020_00010.ppm;05;0
05/00020_00011.ppm;05;0
05/00020_00012.ppm;05;0
05/00020_00013.ppm;05;0
05/00020_00014.ppm;05;0
05/00020_00015.ppm;05;0
05/00020_00016.ppm;05;0
05/00020_00017.ppm;05;0
05/00020_00018.ppm;05;0
05/00020_00019.ppm;05;0
05/00020_00020.ppm;05;0
05/00020_00021.ppm;05;0
05/00020_00022.ppm;05;0
05/00020_00023.ppm;05;0
05/00020_00024.ppm;05;0
05/00020_00025.ppm;05;0
05/00020_00026.ppm;05;0
05/00020_00027.ppm;05;0
05/00020_00028.ppm;05;0
05/00020_00029.ppm;05;0
05/00021_00000.ppm;05;0
05/00021_00001.ppm;05;0
05/00021_00002.ppm;05;0
05/00021_00003.ppm;05;0
05/00021_00004.ppm;05;0
05/00021_00005.ppm;05;0
05/00021_00006.ppm;05;0
05/00021_00007.ppm;05;0
05/00021_00008.ppm;05;0
05/00021_00009.ppm;05;0
05/00021_00010.ppm;05;0
05/00021_00011.ppm;05;0
05/00021_00012.ppm;05;0
05/00021_00013.ppm;05;0
05/00021_00014.ppm;05;0
05/00021_00015.ppm;05;0
05/00021_00016.ppm;05;0
05/00021_00017.ppm;05;0
05/00021_00018.ppm;05;0
05/00021_00019.ppm;05;0
05/00021_00020.ppm;05;0
05/00021_00021.ppm;05;0
05/00021_00022.ppm;05;0
05/00021_00023.ppm;05;0
05/00021_00024.ppm;05;0
05/00021_00025.ppm;05;0
05/00021_00026.ppm;05;0
05/00021_00027.ppm;05;0
05/00021_00028.ppm;05;0
05/00021_00029.ppm;05;0
05/00022_00000.ppm;05;0
05/00022_00001.ppm;05;0
05/00022_00002.ppm;05;0
05/00022_00003.ppm;05;0
05/00022_00004.ppm;05;0
05/00022_00005.ppm;05;0
05/00022_00006.ppm;05;0
05/00022_00007.ppm;05;0
05/00022_00008.ppm;05;0
05/00022_00009.ppm;05;0
05/00022_00010.ppm;05;0
05/00022_00011.ppm;05;0
05/00022_00012.ppm;05;0
05/00022_00013.ppm;05;0
05/00022_00014.ppm;05;0
05/00022_00015.ppm;05;0
05/00022_00016.ppm;05;0
05/00022_00017.ppm;05;0
05/00022_00018.ppm;05;0
05/00022_00019.ppm;05;0
05/00022_00020.ppm;05;0
05/00022_00021.ppm;05;0
05/00022_00022.ppm;05;0
05/00022_00023.ppm;05;0
05/00022_00024.ppm;05;0
05/00022_00025.ppm;05;0
05/00022_00026.ppm;05;0
05/00022_00027.ppm;05;0
05/00022_00028.ppm;05;0
05/00022_00029.ppm;05;0
05/00023_00000.ppm;05;0
05/00023_00001.ppm;05;0
05/00023_00002.ppm;05;0
05/00023_00003.ppm;05;0
05/00023_00004.ppm;05;0
05/00023_00005.ppm;05;0
05/00023_00006.ppm;05;0
05/00023_00007.ppm;05;0
05/00023_00008.ppm;05;0
05/00023_00009.ppm;05;0
05/00023_00010.ppm;05;0
05/00023_00011.ppm;05;0
05/00023_00012.ppm;05;0
05/00023_00013.ppm;05;0
05/00023_00014.ppm;05;0
05/00023_00015.ppm;05;0
05/00023_00016.ppm;05;0
05/00023_00017.ppm;05;0
05/00023_00018.ppm;05;0
05/00023_00019.ppm;05;0
05/00023_00020.ppm;05;0
05/00023_00021.ppm;05;0
05/00023_00022.ppm;05;0
05/00023_00023.ppm;05;0
05/00023_00024.ppm;05;0
05/00023_00025.ppm;05;0
05/00023_00026.ppm;05;0
05/00023_00027.ppm;05;0
05/00023_00028.ppm;05;0
05/00023_00029.ppm;05;0
05/00024_00000.ppm;05;0
05/00024_00001.ppm;05;0
05/00024_00002.ppm;05;0
05/00024_00003.ppm;05;0
05/00024_00004.ppm;05;0
05/00024_00005.ppm;05;0
05/00024_00006.ppm;05;0
05/00024_00007.ppm;05;0
05/00024_00008.ppm;05;0
05/00024_00009.ppm;05;0
05/00024_00010.ppm;05;0
05/00024_00011.ppm;05;0
05/00024_00012.ppm;05;0
05/00024_00013.ppm;05;0
05/00024_00014.ppm;05;0
05/00024_00015.ppm;05;0
05/00024_00016.ppm;05;0
05/00024_00017.ppm;05;0
05/00024_00018.ppm;05;0
05/00024_00019.ppm;05;0
05/00024_00020.ppm;05;0
05/00024_00021.ppm;05;0
05/00024_00022.ppm;05;0
05/00024_00023.ppm;05;0
05/00024_00024.ppm;05;0
05/00024_00025.ppm;05;0
05/00024_00026.ppm;05;0
05/00024_00027.ppm;05;0
05/00024_00028.ppm;05;0
05/00024_00029.ppm;05;0
05/00025_00000.ppm;05;0
05/00025_00001.ppm;05;0
05/00025_00002.ppm;05;0
05/00025_00003.ppm;05;0
05/00025_00004.ppm;05;0
05/00025_00005.ppm;05;0
05/00025_00006.ppm;05;0
05/00025_00007.ppm;05;0
05/00025_00008.ppm;05;0
05/00025_00009.ppm;05;0
05/00025_00010.ppm;05;0
05/00025_00011.ppm;05;0
05/00025_00012.ppm;05;0
05/00025_00013.ppm;05;0
05/00025_00014.ppm;05;0
05/00025_00015.ppm;05;0
05/00025_00016.ppm;05;0
05/00025_00017.ppm;05;0
05/00025_00018.ppm;05;0
05/00025_00019.ppm;05;0
05/00025_00020.ppm;05;0
05/00025_00021.ppm;05;0
05/00025_00022.ppm;05;0
05/00025_00023.ppm;05;0
05/00025_00024.ppm;05;0
05/00025_00025.ppm;05;0
05/00025_00026.ppm;05;0
05/00025_00027.ppm;05;0
05/00025_00028.ppm;05;0
05/00025_00029.ppm;05;0
05/00026_00000.ppm;05;0
05/00026_00001.ppm;05;0
05/00026_00002.ppm;05;0
05/00026_00003.ppm;05;0
05/00026_00004.ppm;05;0
05/00026_00005.ppm;05;0
05/00026_00006.ppm;05;0
05/00026_00007.ppm;05;0
05/00026_00008.ppm;05;0
05/00026_00009.ppm;05;0
05/00026_00010.ppm;05;0
05/00026_00011.ppm;05;0
05/00026_00012.ppm;05;0
05/00026_00013.ppm;05;0
05/00026_00014.ppm;05;0
05/00026_00015.ppm;05;0
05/00026_00016.ppm;05;0
05/00026_00017.ppm;05;0
05/00026_00018.ppm;05;0
05/00026_00019.ppm;05;0
05/00026_00020.ppm;05;0
05/00026_00021.ppm;05;0
05/00026_00022.ppm;05;0
05/00026_00023.ppm;05;0
05/00026_00024.ppm;05;0
05/00026_00025.ppm;05;0
05/00026_00026.ppm;05;0
05/00026_00027.ppm;05;0
05/00026_00028.ppm;05;0
05/00026_00029.ppm;05;0
05/00027_00000.ppm;05;0
05/00027_00001.ppm;05;0
05/00027_00002.ppm;05;0
05/00027_00003.ppm;05;0
05/00027_00004.ppm;05;0
05/00027_00005.ppm;05;0
05/00027_00006.ppm;05;0
05/00027_00007.ppm;05;0
05/00027_00008.ppm;05;0
05/00027_00009.ppm;05;0
05/00027_00010.ppm;05;0
05/00027_00011.ppm;05;0
05/00027_00012.ppm;05;0
05/00027_00013.ppm;05;0
05/00027_00014.ppm;05;0
05/00027_00015.ppm;05;0
05/00027_00016.ppm;05;0
05/00027_00017.ppm;05;0
05/00027_00018.ppm;05;0
05/00027_00019.ppm;05;0
05/00027_00020.ppm;05;0
05/00027_00021.ppm;05;0
05/00027_00022.ppm;05;0
05/00027_00023.ppm;05;0
05/00027_00024.ppm;05;0
05/00027_00025.ppm;05;0
05/00027_00026.ppm;05;0
05/00027_00027.ppm;05;0
05/00027_00028.ppm;05;0
05/00027_00029.ppm;05;0
05/00028_00000.ppm;05;0
05/00028_00001.ppm;05;0
05/00028_00002.ppm;05;0
05/00028_00003.ppm;05;0
05/00028_00004.ppm;05;0
05/00028_00005.ppm;05;0
05/00028_00006.ppm;05;0
05/00028_00007.ppm;05;0
05/00028_00008.ppm;05;0
05/00028_00009.ppm;05;0
05/00028_00010.ppm;05;0
05/00028_00011.ppm;05;0
05/00028_00012.ppm;05;0
05/00028_00013.ppm;05;0
05/00028_00014.ppm;05;0
05/00028_00015.ppm;05;0
05/00028_00016.ppm;05;0
05/00028_00017.ppm;05;0
05/00028_00018.ppm;05;0
05/00028_00019.ppm;05;0
05/00028_00020.ppm;05;0
05/00028_00021.ppm;05;0
05/00028_00022.ppm;05;0
05/00028_00023.ppm;05;0
05/00028_00024.ppm;05;0
05/00028_00025.ppm;05;0
05/00028_00026.ppm;05;0
05/00028_00027.ppm;05;0
05/00028_00028.ppm;05;0
05/00028_00029.ppm;05;0
05/00029_00000.ppm;05;0
05/00029_00001.ppm;05;0
05/00029_00002.ppm;05;0
05/00029_00003.ppm;05;0
05/00029_00004.ppm;05;0
05/00029_00005.ppm;05;0
05/00029_00006.ppm;05;0
05/00029_00007.ppm;05;0
05/00029_00008.ppm;05;0
05/00029_00009.ppm;05;0
05/00029_00010.ppm;05;0
05/00029_00011.ppm;05;0
05/00029_00012.ppm;05;0
05/00029_00013.ppm;05;0
05/00029_00014.ppm;05;0
05/00029_00015.ppm;05;0
05/00029_00016.ppm;05;0
05/00029_00017.ppm;05;0
05/00029_00018.ppm;05;0
05/00029_00019.ppm;05;0
05/00029_00020.ppm;05;0
05/00029_00021.ppm;05;0
05/00029_00022.ppm;05;0
05/00029_00023.ppm;05;0
05/00029_00024.ppm;05;0
05/00029_00025.ppm;05;0
05/00029_00026.ppm;05;0
05/00029_00027.ppm;05;0
05/00029_00028.ppm;05;0
05/00029_00029.ppm;05;0
05/00030_00000.ppm;05;0
05/00030_00001.ppm;05;0
05/00030_00002.ppm;05;0
05/00030_00003.ppm;05;0
05/00030_00004.ppm;05;0
05/00030_00005.ppm;05;0
05/00030_00006.ppm;05;0
05/00030_00007.ppm;05;0
05/00030_00008.ppm;05;0
05/00030_00009.ppm;05;0
05/00030_00010.ppm;05;0
05/00030_00011.ppm;05;0
05/00030_00012.ppm;05;0
05/00030_00013.ppm;05;0
05/00030_00014.ppm;05;0
05/00030_00015.ppm;05;0
05/00030_00016.ppm;05;0
05/00030_00017.ppm;05;0
05/00030_00018.ppm;05;0
05/00030_00019.ppm;05;0
05/00030_00020.ppm;05;0
05/00030_00021.ppm;05;0
05/00030_00022.ppm;05;0
05/00030_00023.ppm;05;0
05/00030_00024.ppm;05;0
05/00030_00025.ppm;05;0
05/00030_00026.ppm;05;0
05/00030_00027.ppm;05;0
05/00030_00028.ppm;05;0
05/00030_00029.ppm;05;0
05/00031_00000.ppm;05;0
05/00031_00001.ppm;05;0
05/00031_00002.ppm;05;0
05/00031_00003.ppm;05;0
05/00031_00004.ppm;05;0
05/00031_00005.ppm;05;0
05/00031_00006.ppm;05;0
05/00031_00007.ppm;05;0
05/00031_00008.ppm;05;0
05/00031_00009.ppm;05;0
05/00031_00010.ppm;05;0
05/00031_00011.ppm;05;0
05/00031_00012.ppm;05;0
05/00031_00013.ppm;05;0
05/00031_00014.ppm;05;0
05/00031_00015.ppm;05;0
05/00031_00016.ppm;05;0
05/00031_00017.ppm;05;0
05/00031_00018.ppm;05;0
05/00031_00019.ppm;05;0
05/00031_00020.ppm;05;0
05/00031_00021.ppm;05;0
05/00031_00022.ppm;05;0
05/00031_00023.ppm;05;0
05/00031_00024.ppm;05;0
05/00031_00025.ppm;05;0
05/00031_00026.ppm;05;0
05/00031_00027.ppm;05;0
05/00031_00028.ppm;05;0
05/00031_00029.ppm;05;0
05/00032_00000.ppm;05;0
05/00032_00001.ppm;05;0
05/00032_00002.ppm;05;0
05/00032_00003.ppm;05;0
05/00032_00004.ppm;05;0
05/00032_00005.ppm;05;0
05/00032_00006.ppm;05;0
05/00032_00007.ppm;05;0
05/00032_00008.ppm;05;0
05/00032_00009.ppm;05;0
05/00032_00010.ppm;05;0
05/00032_00011.ppm;05;0
05/00032_00012.ppm;05;0
05/00032_00013.ppm;05;0
05/00032_00014.ppm;05;0
05/00032_00015.ppm;05;0
05/00032_00016.ppm;05;0
05/00032_00017.ppm;05;0
05/00032_00018.ppm;05;0
05/00032_00019.ppm;05;0
05/00032_00020.ppm;05;0
05/00032_00021.ppm;05;0
05/00032_00022.ppm;05;0
05/00032_00023.ppm;05;0
05/00032_00024.ppm;05;0
05/00032_00025.ppm;05;0
05/00032_00026.ppm;05;0
05/00032_00027.ppm;05;0
05/00032_00028.ppm;05;0
05/00032_00029.ppm;05;0
05/00033_00000.ppm;05;0
05/00033_00001.ppm;05;0
05/00033_00002.ppm;05;0
05/00033_00003.ppm;05;0
05/00033_00004.ppm;05;0
05/00033_00005.ppm;05;0
05/00033_00006.ppm;05;0
05/00033_00007.ppm;05;0
05/00033_00008.ppm;05;0
05/00033_00009.ppm;05;0
05/00033_00010.ppm;05;0
05/00033_00011.ppm;05;0
05/00033_00012.ppm;05;0
05/00033_00013.ppm;05;0
05/00033_00014.ppm;05;0
05/00033_00015.ppm;05;0
05/00033_00016.ppm;05;0
05/00033_00017.ppm;05;0
05/00033_00018.ppm;05;0
05/00033_00019.ppm;05;0
05/00033_00020.ppm;05;0
05/00033_00021.ppm;05;0
05/00033_00022.ppm;05;0
05/00033_00023.ppm;05;0
05/00033_00024.ppm;05;0
05/00033_00025.ppm;05;0
05/00033_00026.ppm;05;0
05/00033_00027.ppm;05;0
05/00033_00028.ppm;05;0
05/00033_00029.ppm;05;0
05/00034_00000.ppm;05;0
05/00034_00001.ppm;05;0
05/00034_00002.ppm;05;0
05/00034_00003.ppm;05;0
05/00034_00004.ppm;05;0
05/00034_00005.ppm;05;0
05/00034_00006.ppm;05;0
05/00034_00007.ppm;05;0
05/00034_00008.ppm;05;0
05/00034_00009.ppm;05;0
05/00034_00010.ppm;05;0
05/00034_00011.ppm;05;0
05/00034_00012.ppm;05;0
05/00034_00013.ppm;05;0
05/00034_00014.ppm;05;0
05/00034_00015.ppm;05;0
05/00034_00016.ppm;05;0
05/00034_00017.ppm;05;0
05/00034_00018.ppm;05;0
05/00034_00019.ppm;05;0
05/00034_00020.ppm;05;0
05/00034_00021.ppm;05;0
05/00034_00022.ppm;05;0
05/00034_00023.ppm;05;0
05/00034_00024.ppm;05;0
05/00034_00025.ppm;05;0
05/00034_00026.ppm;05;0
05/00034_00027.ppm;05;0
05/00034_00028.ppm;05;0
05/00034_00029.ppm;05;0
05/00035_00000.ppm;05;0
05/00035_00001.ppm;05;0
05/00035_00002.ppm;05;0
05/00035_00003.ppm;05;0
05/00035_00004.ppm;05;0
05/00035_00005.ppm;05;0
05/00035_00006.ppm;05;0
05/00035_00007.ppm;05;0
05/00035_00008.ppm;05;0
05/00035_00009.ppm;05;0
05/00035_00010.ppm;05;0
05/00035_00011.ppm;05;0
05/00035_00012.ppm;05;0
05/00035_00013.ppm;05;0
05/00035_00014.ppm;05;0
05/00035_00015.ppm;05;0
05/00035_00016.ppm;05;0
05/00035_00017.ppm;05;0
05/00035_00018.ppm;05;0
05/00035_00019.ppm;05;0
05/00035_00020.ppm;05;0
05/00035_00021.ppm;05;0
05/00035_00022.ppm;05;0
05/00035_00023.ppm;05;0
05/00035_00024.ppm;05;0
05/00035_00025.ppm;05;0
05/00035_00026.ppm;05;0
05/00035_00027.ppm;05;0
05/00035_00028.ppm;05;0
05/00035_00029.ppm;05;0
05/00036_00000.ppm;05;0
05/00036_00001.ppm;05;0
05/00036_00002.ppm;05;0
05/00036_00003.ppm;05;0
05/00036_00004.ppm;05;0
05/00036_00005.ppm;05;0
05/00036_00006.ppm;05;0
05/00036_00007.ppm;05;0
05/00036_00008.ppm;05;0
05/00036_00009.ppm;05;0
05/00036_00010.ppm;05;0
05/00036_00011.ppm;05;0
05/00036_00012.ppm;05;0
05/00036_00013.ppm;05;0
05/00036_00014.ppm;05;0
05/00036_00015.ppm;05;0
05/00036_00016.ppm;05;0
05/00036_00017.ppm;05;0
05/00036_00018.ppm;05;0
05/00036_00019.ppm;05;0
05/00036_00020.ppm;05;0
05/00036_00021.ppm;05;0
05/00036_00022.ppm;05;0
05/00036_00023.ppm;05;0
05/00036_00024.ppm;05;0
05/00036_00025.ppm;05;0
05/00036_00026.ppm;05;0
05/00036_00027.ppm;05;0
05/00036_00028.ppm;05;0
05/00036_00029.ppm;05;0
05/00037_00000.ppm;05;0
05/00037_00001.ppm;05;0
05/00037_00002.ppm;05;0
05/00037_00003.ppm;05;0
05/00037_00004.ppm;05;0
05/00037_00005.ppm;05;0
05/00037_00006.ppm;05;0
05/00037_00007.ppm;05;0
05/00037_00008.ppm;05;0
05/00037_00009.ppm;05;0
05/00037_00010.ppm;05;0
05/00037_00011.ppm;05;0
05/00037_00012.ppm;05;0
05/00037_00013.ppm;05;0
05/00037_00014.ppm;05;0
05/00037_00015.ppm;05;0
05/00037_00016.ppm;05;0
05/00037_00017.ppm;05;0
05/00037_00018.ppm;05;0
05/00037_00019.ppm;05;0
05/00037_00020.ppm;05;0
05/00037_00021.ppm;05;0
05/00037_00022.ppm;05;0
05/00037_00023.ppm;05;0
05/00037_00024.ppm;05;0
05/00037_00025.ppm;05;0
05/00037_00026.ppm;05;0
05/00037_00027.ppm;05;0
05/00037_00028.ppm;05;0
05/00037_00029.ppm;05;0
05/00038_00000.ppm;05;0
05/00038_00001.ppm;05;0
05/00038_00002.ppm;05;0
05/00038_00003.ppm;05;0
05/00038_00004.ppm;05;0
05/00038_00005.ppm;05;0
05/00038_00006.ppm;05;0
05/00038_00007.ppm;05;0
05/00038_00008.ppm;05;0
05/00038_00009.ppm;05;0
05/00038_00010.ppm;05;0
05/00038_00011.ppm;05;0
05/00038_00012.ppm;05;0
05/00038_00013.ppm;05;0
05/00038_00014.ppm;05;0
05/00038_00015.ppm;05;0
05/00038_00016.ppm;05;0
05/00038_00017.ppm;05;0
05/00038_00018.ppm;05;0
05/00038_00019.ppm;05;0
05/00038_00020.ppm;05;0
05/00038_00021.ppm;05;0
05/00038_00022.ppm;05;0
05/00038_00023.ppm;05;0
05/00038_00024.ppm;05;0
05/00038_00025.ppm;05;0
05/00038_00026.ppm;05;0
05/00038_00027.ppm;05;0
05/00038_00028.ppm;05;0
05/00038_00029.ppm;05;0
05/00039_00000.ppm;05;0
05/00039_00001.ppm;05;0
05/00039_00002.ppm;05;0
05/00039_00003.ppm;05;0
05/00039_00004.ppm;05;0
05/00039_00005.ppm;05;0
05/00039_00006.ppm;05;0
05/00039_00007.ppm;05;0
05/00039_00008.ppm;05;0
05/00039_00009.ppm;05;0
05/00039_00010.ppm;05;0
05/00039_00011.ppm;05;0
05/00039_00012.ppm;05;0
05/00039_00013.ppm;05;0
05/00039_00014.ppm;05;0
05/00039_00015.ppm;05;0
05/00039_00016.ppm;05;0
05/00039_00017.ppm;05;0
05/00039_00018.ppm;05;0
05/00039_00019.ppm;05;0
05/00039_00020.ppm;05;0
05/00039_00021.ppm;05;0
05/00039_00022.ppm;05;0
05/00039_00023.ppm;05;0
05/00039_00024.ppm;05;0
05/00039_00025.ppm;05;0
05/00039_00026.ppm;05;0
05/00039_00027.ppm;05;0
05/00039_00028.ppm;05;0
05/00039_00029.ppm;05;0
05/00040_00000.ppm;05;0
05/00040_00001.ppm;05;0
05/00040_00002.ppm;05;0
05/00040_00003.ppm;05;0
05/00040_00004.ppm;05;0
05/00040_00005.ppm;05;0
05/00040_00006.ppm;05;0
05/00040_00007.ppm;05;0
05/00040_00008.ppm;05;0
05/00040_00009.ppm;05;0
05/00040_00010.ppm;05;0
05/00040_00011.ppm;05;0
05/00040_00012.ppm;05;0
05/00040_00013.ppm;05;0
05/00040_00014.ppm;05;0
05/00040_00015.ppm;05;0
05/00040_00016.ppm;05;0
05/00040_00017.ppm;05;0
05/00040_00018.ppm;05;0
05/00040_00019.ppm;05;0
05/00040_00020.ppm;05;0
05/00040_00021.ppm;05;0
05/00040_00022.ppm;05;0
05/00040_00023.ppm;05;0
05/00040_00024.ppm;05;0
05/00040_00025.ppm;05;0
05/00040_00026.ppm;05;0
05/00040_00027.ppm;05;0
05/00040_00028.ppm;05;0
05/00040_00029.ppm;05;0
05/00041_00000.ppm;05;0
05/00041_00001.ppm;05;0
05/00041_00002.ppm;05;0
05/00041_00003.ppm;05;0
05/00041_00004.ppm;05;0
05/00041_00005.ppm;05;0
05/00041_00006.ppm;05;0
05/00041_00007.ppm;05;0
05/00041_00008.ppm;05;0
05/00041_00009.ppm;05;0
05/00041_00010.ppm;05;0
05/00041_00011.ppm;05;0
05/00041_00012.ppm;05;0
05/00041_00013.ppm;05;0
05/00041_00014.ppm;05;0
05/00041_00015.ppm;05;0
05/00041_00016.ppm;05;0
05/00041_00017.ppm;05;0
05/00041_00018.ppm;05;0
05/00041_00019.ppm;05;0
05/00041_00020.ppm;05;0
05/00041_00021.ppm;05;0
05/00041_00022.ppm;05;0
05/00041_00023.ppm;05;0
05/00041_00024.ppm;05;0
05/00041_00025.ppm;05;0
05/00041_00026.ppm;05;0
05/00041_00027.ppm;05;0
05/00041_00028.ppm;05;0
05/00041_00029.ppm;05;0
06/00000_00000.ppm;06;0
06/00000_00001.ppm;06;0
06/00000_00002.ppm;06;0
06/00000_00003.ppm;06;0
06/00000_00004.ppm;06;0
06/00000_00005.ppm;06;0
06/00000_00006.ppm;06;0
06/00000_00007.ppm;06;0
06/00000_00008.ppm;06;0
06/00000_00009.ppm;06;0
06/00000_00010.ppm;06;0
06/00000_00011.ppm;06;0
06/00000_00012.ppm;06;0
06/00000_00013.ppm;06;0
06/00000_00014.ppm;06;0
06/00000_00015.ppm;06;0
06/00000_00016.ppm;06;0
06/00000_00017.ppm;06;0
06/00000_00018.ppm;06;0
06/00000_00019.ppm;06;0
06/00000_00020.ppm;06;0
06/00000_00021.ppm;06;0
06/00000_00022.ppm;06;0
06/00000_00023.ppm;06;0
06/00000_00024.ppm;06;0
06/00000_00025.ppm;06;0
06/00000_00026.ppm;06;0
06/00000_00027.ppm;06;0
06/00000_00028.ppm;06;0
06/00000_00029.ppm;06;0
06/00001_00000.ppm;06;0
06/00001_00001.ppm;06;0
06/00001_00002.ppm;06;0
06/00001_00003.ppm;06;0
06/00001_00004.ppm;06;0
06/00001_00005.ppm;06;0
06/00001_00006.ppm;06;0
06/00001_00007.ppm;06;0
06/00001_00008.ppm;06;0
06/00001_00009.ppm;06;0
06/00001_00010.ppm;06;0
06/00001_00011.ppm;06;0
06/00001_00012.ppm;06;0
06/00001_00013.ppm;06;0
06/00001_00014.ppm;06;0
06/00001_00015.ppm;06;0
06/00001_00016.ppm;06;0
06/00001_00017.ppm;06;0
06/00001_00018.ppm;06;0
06/00001_00019.ppm;06;0
06/00001_00020.ppm;06;0
06/00001_00021.ppm;06;0
06/00001_00022.ppm;06;0
06/00001_00023.ppm;06;0
06/00001_00024.ppm;06;0
06/00001_00025.ppm;06;0
06/00001_00026.ppm;06;0
06/00001_00027.ppm;06;0
06/00001_00028.ppm;06;0
06/00001_00029.ppm;06;0
06/00002_00000.ppm;06;0
06/00002_00001.ppm;06;0
06/00002_00002.ppm;06;0
06/00002_00003.ppm;06;0
06/00002_00004.ppm;06;0
06/00002_00005.ppm;06;0
06/00002_00006.ppm;06;0
06/00002_00007.ppm;06;0
06/00002_00008.ppm;06;0
06/00002_00009.ppm;06;0
06/00002_00010.ppm;06;0
06/00002_00011.ppm;06;0
06/00002_00012.ppm;06;0
06/00002_00013.ppm;06;0
06/00002_00014.ppm;06;0
06/00002_00015.ppm;06;0
06/00002_00016.ppm;06;0
06/00002_00017.ppm;06;0
06/00002_00018.ppm;06;0
06/00002_00019.ppm;06;0
06/00002_00020.ppm;06;0
06/00002_00021.ppm;06;0
06/00002_00022.ppm;06;0
06/00002_00023.ppm;06;0
06/00002_00024.ppm;06;0
06/00002_00025.ppm;06;0
06/00002_00026.ppm;06;0
06/00002_00027.ppm;06;0
06/00002_00028.ppm;06;0
06/00002_00029.ppm;06;0
06/00003_00000.ppm;06;0
06/00003_00001.ppm;06;0
06/00003_00002.ppm;06;0
06/00003_00003.ppm;06;0
06/00003_00004.ppm;06;0
06/00003_00005.ppm;06;0
06/00003_00006.ppm;06;0
06/00003_00007.ppm;06;0
06/00003_00008.ppm;06;0
06/00003_00009.ppm;06;0
06/00003_00010.ppm;06;0
06/00003_00011.ppm;06;0
06/00003_00012.ppm;06;0
06/00003_00013.ppm;06;0
06/00003_00014.ppm;06;0
06/00003_00015.ppm;06;0
06/00003_00016.ppm;06;0
06/00003_00017.ppm;06;0
06/00003_00018.ppm;06;0
06/00003_00019.ppm;06;0
06/00003_00020.ppm;06;0
06/00003_00021.ppm;06;0
06/00003_00022.ppm;06;0
06/00003_00023.ppm;06;0
06/00003_00024.ppm;06;0
06/00003_00025.ppm;06;0
06/00003_00026.ppm;06;0
06/00003_00027.ppm;06;0
06/00003_00028.ppm;06;0
06/00003_00029.ppm;06;0
06/00004_00000.ppm;06;0
06/00004_00001.ppm;06;0
06/00004_00002.ppm;06;0
06/00004_00003.ppm;06;0
06/00004_00004.ppm;06;0
06/00004_00005.ppm;06;0
06/00004_00006.ppm;06;0
06/00004_00007.ppm;06;0
06/00004_00008.ppm;06;0
06/00004_00009.ppm;06;0
06/00004_00010.ppm;06;0
06/00004_00011.ppm;06;0
06/00004_00012.ppm;06;0
06/00004_00013.ppm;06;0
06/00004_00014.ppm;06;0
06/00004_00015.ppm;06;0
06/00004_00016.ppm;06;0
06/00004_00017.ppm;06;0
06/00004_00018.ppm;06;0
06/00004_00019.ppm;06;0
06/00004_00020.ppm;06;0
06/00004_00021.ppm;06;0
06/00004_00022.ppm;06;0
06/00004_00023.ppm;06;0
06/00004_00024.ppm;06;0
06/00004_00025.ppm;06;0
06/00004_00026.ppm;06;0
06/00004_00027.ppm;06;0
06/00004_00028.ppm;06;0
06/00004_00029.ppm;06;0
06/00005_00000.ppm;06;0
06/00005_00001.ppm;06;0
06/00005_00002.ppm;06;0
06/00005_00003.ppm;06;0
06/00005_00004.ppm;06;0
06/00005_00005.ppm;06;0
06/00005_00006.ppm;06;0
06/00005_00007.ppm;06;0
06/00005_00008.ppm;06;0
06/00005_00009.ppm;06;0
06/00005_00010.ppm;06;0
06/00005_00011.ppm;06;0
06/00005_00012.ppm;06;0
06/00005_00013.ppm;06;0
06/00005_00014.ppm;06;0
06/00005_00015.ppm;06;0
06/00005_00016.ppm;06;0
06/00005_00017.ppm;06;0
06/00005_00018.ppm;06;0
06/00005_00019.ppm;06;0
06/00005_00020.ppm;06;0
06/00005_00021.ppm;06;0
06/00005_00022.ppm;06;0
06/00005_00023.ppm;06;0
06/00005_00024.ppm;06;0
06/00005_00025.ppm;06;0
06/00005_00026.ppm;06;0
06/00005_00027.ppm;06;0
06/00005_00028.ppm;06;0
06/00005_00029.ppm;06;0
06/00006_00000.ppm;06;0
06/00006_00001.ppm;06;0
06/00006_00002.ppm;06;0
06/00006_00003.ppm;06;0
06/00006_00004.ppm;06;0
06/00006_00005.ppm;06;0
06/00006_00006.ppm;06;0
06/00006_00007.ppm;06;0
06/00006_00008.ppm;06;0
06/00006_00009.ppm;06;0
06/00006_00010.ppm;06;0
06/00006_00011.ppm;06;0
06/00006_00012.ppm;06;0
06/00006_00013.ppm;06;0
06/00006_00014.ppm;06;0
06/00006_00015.ppm;06;0
06/00006_00016.ppm;06;0
06/00006_00017.ppm;06;0
06/00006_00018.ppm;06;0
06/00006_00019.ppm;06;0
06/00006_00020.ppm;06;0
06/00006_00021.ppm;06;0
06/00006_00022.ppm;06;0
06/00006_00023.ppm;06;0
06/00006_00024.ppm;06;0
06/00006_00025.ppm;06;0
06/00006_00026.ppm;06;0
06/00006_00027.ppm;06;0
06/00006_00028.ppm;06;0
06/00006_00029.ppm;06;0
06/00007_00000.ppm;06;0
06/00007_00001.ppm;06;0
06/00007_00002.ppm;06;0
06/00007_00003.ppm;06;0
06/00007_00004.ppm;06;0
06/00007_00005.ppm;06;0
06/00007_00006.ppm;06;0
06/00007_00007.ppm;06;0
06/00007_00008.ppm;06;0
06/00007_00009.ppm;06;0
06/00007_00010.ppm;06;0
06/00007_00011.ppm;06;0
06/00007_00012.ppm;06;0
06/00007_00013.ppm;06;0
06/00007_00014.ppm;06;0
06/00007_00015.ppm;06;0
06/00007_00016.ppm;06;0
06/00007_00017.ppm;06;0
06/00007_00018.ppm;06;0
06/00007_00019.ppm;06;0
06/00007_00020.ppm;06;0
06/00007_00021.ppm;06;0
06/00007_00022.ppm;06;0
06/00007_00023.ppm;06;0
06/00007_00024.ppm;06;0
06/00007_00025.ppm;06;0
06/00007_00026.ppm;06;0
06/00007_00027.ppm;06;0
06/00007_00028.ppm;06;0
06/00007_00029.ppm;06;0
06/00008_00000.ppm;06;0
06/00008_00001.ppm;06;0
06/00008_00002.ppm;06;0
06/00008_00003.ppm;06;0
06/00008_00004.ppm;06;0
06/00008_00005.ppm;06;0
06/00008_00006.ppm;06;0
06/00008_00007.ppm;06;0
06/00008_00008.ppm;06;0
06/00008_00009.ppm;06;0
06/00008_00010.ppm;06;0
06/00008_00011.ppm;06;0
06/00008_00012.ppm;06;0
06/00008_00013.ppm;06;0
06/00008_00014.ppm;06;0
06/00008_00015.ppm;06;0
06/00008_00016.ppm;06;0
06/00008_00017.ppm;06;0
06/00008_00018.ppm;06;0
06/00008_00019.ppm;06;0
06/00008_00020.ppm;06;0
06/00008_00021.ppm;06;0
06/00008_00022.ppm;06;0
06/00008_00023.ppm;06;0
06/00008_00024.ppm;06;0
06/00008_00025.ppm;06;0
06/00008_00026.ppm;06;0
06/00008_00027.ppm;06;0
06/00008_00028.ppm;06;0
06/00008_00029.ppm;06;0
06/00009_00000.ppm;06;0
06/00009_00001.ppm;06;0
06/00009_00002.ppm;06;0
06/00009_00003.ppm;06;0
06/00009_00004.ppm;06;0
06/00009_00005.ppm;06;0
06/00009_00006.ppm;06;0
06/00009_00007.ppm;06;0
06/00009_00008.ppm;06;0
06/00009_00009.ppm;06;0
06/00009_00010.ppm;06;0
06/00009_00011.ppm;06;0
06/00009_00012.ppm;06;0
06/00009_00013.ppm;06;0
06/00009_00014.ppm;06;0
06/00009_00015.ppm;06;0
06/00009_00016.ppm;06;0
06/00009_00017.ppm;06;0
06/00009_00018.ppm;06;0
06/00009_00019.ppm;06;0
06/00009_00020.ppm;06;0
06/00009_00021.ppm;06;0
06/00009_00022.ppm;06;0
06/00009_00023.ppm;06;0
06/00009_00024.ppm;06;0
06/00009_00025.ppm;06;0
06/00009_00026.ppm;06;0
06/00009_00027.ppm;06;0
06/00009_00028.ppm;06;0
06/00009_00029.ppm;06;0
07/00000_00000.ppm;07;0
07/00000_00001.ppm;07;0
07/00000_00002.ppm;07;0
07/00000_00003.ppm;07;0
07/00000_00004.ppm;07;0
07/00000_00005.ppm;07;0
07/00000_00006.ppm;07;0
07/00000_00007.ppm;07;0
07/00000_00008.ppm;07;0
07/00000_00009.ppm;07;0
07/00000_00010.ppm;07;0
07/00000_00011.ppm;07;0
07/00000_00012.ppm;07;0
07/00000_00013.ppm;07;0
07/00000_00014.ppm;07;0
07/00000_00015.ppm;07;0
07/00000_00016.ppm;07;0
07/00000_00017.ppm;07;0
07/00000_00018.ppm;07;0
07/00000_00019.ppm;07;0
07/00000_00020.ppm;07;0
07/00000_00021.ppm;07;0
07/00000_00022.ppm;07;0
07/00000_00023.ppm;07;0
07/00000_00024.ppm;07;0
07/00000_00025.ppm;07;0
07/00000_00026.ppm;07;0
07/00000_00027.ppm;07;0
07/00000_00028.ppm;07;0
07/00000_00029.ppm;07;0
07/00001_00000.ppm;07;0
07/00001_00001.ppm;07;0
07/00001_00002.ppm;07;0
07/00001_00003.ppm;07;0
07/00001_00004.ppm;07;0
07/00001_00005.ppm;07;0
07/00001_00006.ppm;07;0
07/00001_00007.ppm;07;0
07/00001_00008.ppm;07;0
07/00001_00009.ppm;07;0
07/00001_00010.ppm;07;0
07/00001_00011.ppm;07;0
07/00001_00012.ppm;07;0
07/00001_00013.ppm;07;0
07/00001_00014.ppm;07;0
07/00001_00015.ppm;07;0
07/00001_00016.ppm;07;0
07/00001_00017.ppm;07;0
07/00001_00018.ppm;07;0
07/00001_00019.ppm;07;0
07/00001_00020.ppm;07;0
07/00001_00021.ppm;07;0
07/00001_00022.ppm;07;0
07/00001_00023.ppm;07;0
07/00001_00024.ppm;07;0
07/00001_00025.ppm;07;0
07/00001_00026.ppm;07;0
07/00001_00027.ppm;07;0
07/00001_00028.ppm;07;0
07/00001_00029.ppm;07;0
07/00002_00000.ppm;07;0
07/00002_00001.ppm;07;0
07/00002_00002.ppm;07;0
07/00002_00003.ppm;07;0
07/00002_00004.ppm;07;0
07/00002_00005.ppm;07;0
07/00002_00006.ppm;07;0
07/00002_00007.ppm;07;0
07/00002_00008.ppm;07;0
07/00002_00009.ppm;07;0
07/00002_00010.ppm;07;0
07/00002_00011.ppm;07;0
07/00002_00012.ppm;07;0
07/00002_00013.ppm;07;0
07/00002_00014.ppm;07;0
07/00002_00015.ppm;07;0
07/00002_00016.ppm;07;0
07/00002_00017.ppm;07;0
07/00002_00018.ppm;07;0
07/00002_00019.ppm;07;0
07/00002_00020.ppm;07;0
07/00002_00021.ppm;07;0
07/00002_00022.ppm;07;0
07/00002_00023.ppm;07;0
07/00002_00024.ppm;07;0
07/00002_00025.ppm;07;0
07/00002_00026.ppm;07;0
07/00002_00027.ppm;07;0
07/00002_00028.ppm;07;0
07/00002_00029.ppm;07;0
07/00003_00000.ppm;07;0
07/00003_00001.ppm;07;0
07/00003_00002.ppm;07;0
07/00003_00003.ppm;07;0
07/00003_00004.ppm;07;0
07/00003_00005.ppm;07;0
07/00003_00006.ppm;07;0
07/00003_00007.ppm;07;0
07/00003_00008.ppm;07;0
07/00003_00009.ppm;07;0
07/00003_00010.ppm;07;0
07/00003_00011.ppm;07;0
07/00003_00012.ppm;07;0
07/00003_00013.ppm;07;0
07/00003_00014.ppm;07;0
07/00003_00015.ppm;07;0
07/00003_00016.ppm;07;0
07/00003_00017.ppm;07;0
07/00003_00018.ppm;07;0
07/00003_00019.ppm;07;0
07/00003_00020.ppm;07;0
07/00003_00021.ppm;07;0
07/00003_00022.ppm;07;0
07/00003_00023.ppm;07;0
07/00003_00024.ppm;07;0
07/00003_00025.ppm;07;0
07/00003_00026.ppm;07;0
07/00003_00027.ppm;07;0
07/00003_00028.ppm;07;0
07/00003_00029.ppm;07;0
07/00004_00000.ppm;07;0
07/00004_00001.ppm;07;0
07/00004_00002.ppm;07;0
07/00004_00003.ppm;07;0
07/00004_00004.ppm;07;0
07/00004_00005.ppm;07;0
07/00004_00006.ppm;07;0
07/00004_00007.ppm;07;0
07/00004_00008.ppm;07;0
07/00004_00009.ppm;07;0
07/00004_00010.ppm;07;0
07/00004_00011.ppm;07;0
07/00004_00012.ppm;07;0
07/00004_00013.ppm;07;0
07/00004_00014.ppm;07;0
07/00004_00015.ppm;07;0
07/00004_00016.ppm;07;0
07/00004_00017.ppm;07;0
07/00004_00018.ppm;07;0
07/00004_00019.ppm;07;0
07/00004_00020.ppm;07;0
07/00004_00021.ppm;07;0
07/00004_00022.ppm;07;0
07/00004_00023.ppm;07;0
07/00004_00024.ppm;07;0
07/00004_00025.ppm;07;0
07/00004_00026.ppm;07;0
07/00004_00027.ppm;07;0
07/00004_00028.ppm;07;0
07/00004_00029.ppm;07;0
07/00005_00000.ppm;07;0
07/00005_00001.ppm;07;0
07/00005_00002.ppm;07;0
07/00005_00003.ppm;07;0
07/00005_00004.ppm;07;0
07/00005_00005.ppm;07;0
07/00005_00006.ppm;07;0
07/00005_00007.ppm;07;0
07/00005_00008.ppm;07;0
07/00005_00009.ppm;07;0
07/00005_00010.ppm;07;0
07/00005_00011.ppm;07;0
07/00005_00012.ppm;07;0
07/00005_00013.ppm;07;0
07/00005_00014.ppm;07;0
07/00005_00015.ppm;07;0
07/00005_00016.ppm;07;0
07/00005_00017.ppm;07;0
07/00005_00018.ppm;07;0
07/00005_00019.ppm;07;0
07/00005_00020.ppm;07;0
07/00005_00021.ppm;07;0
07/00005_00022.ppm;07;0
07/00005_00023.ppm;07;0
07/00005_00024.ppm;07;0
07/00005_00025.ppm;07;0
07/00005_00026.ppm;07;0
07/00005_00027.ppm;07;0
07/00005_00028.ppm;07;0
07/00005_00029.ppm;07;0
07/00006_00000.ppm;07;0
07/00006_00001.ppm;07;0
07/00006_00002.ppm;07;0
07/00006_00003.ppm;07;0
07/00006_00004.ppm;07;0
07/00006_00005.ppm;07;0
07/00006_00006.ppm;07;0
07/00006_00007.ppm;07;0
07/00006_00008.ppm;07;0
07/00006_00009.ppm;07;0
07/00006_00010.ppm;07;0
07/00006_00011.ppm;07;0
07/00006_00012.ppm;07;0
07/00006_00013.ppm;07;0
07/00006_00014.ppm;07;0
07/00006_00015.ppm;07;0
07/00006_00016.ppm;07;0
07/00006_00017.ppm;07;0
07/00006_00018.ppm;07;0
07/00006_00019.ppm;07;0
07/00006_00020.ppm;07;0
07/00006_00021.ppm;07;0
07/00006_00022.ppm;07;0
07/00006_00023.ppm;07;0
07/00006_00024.ppm;07;0
07/00006_00025.ppm;07;0
07/00006_00026.ppm;07;0
07/00006_00027.ppm;07;0
07/00006_00028.ppm;07;0
07/00006_00029.ppm;07;0
07/00007_00000.ppm;07;0
07/00007_00001.ppm;07;0
07/00007_00002.ppm;07;0
07/00007_00003.ppm;07;0
07/00007_00004.ppm;07;0
07/00007_00005.ppm;07;0
07/00007_00006.ppm;07;0
07/00007_00007.ppm;07;0
07/00007_00008.ppm;07;0
07/00007_00009.ppm;07;0
07/00007_00010.ppm;07;0
07/00007_00011.ppm;07;0
07/00007_00012.ppm;07;0
07/00007_00013.ppm;07;0
07/00007_00014.ppm;07;0
07/00007_00015.ppm;07;0
07/00007_00016.ppm;07;0
07/00007_00017.ppm;07;0
07/00007_00018.ppm;07;0
07/00007_00019.ppm;07;0
07/00007_00020.ppm;07;0
07/00007_00021.ppm;07;0
07/00007_00022.ppm;07;0
07/00007_00023.ppm;07;0
07/00007_00024.ppm;07;0
07/00007_00025.ppm;07;0
07/00007_00026.ppm;07;0
07/00007_00027.ppm;07;0
07/00007_00028.ppm;07;0
07/00007_00029.ppm;07;0
07/00008_00000.ppm;07;0
07/00008_00001.ppm;07;0
07/00008_00002.ppm;07;0
07/00008_00003.ppm;07;0
07/00008_00004.ppm;07;0
07/00008_00005.ppm;07;0
07/00008_00006.ppm;07;0
07/00008_00007.ppm;07;0
07/00008_00008.ppm;07;0
07/00008_00009.ppm;07;0
07/00008_00010.ppm;07;0
07/00008_00011.ppm;07;0
07/00008_00012.ppm;07;0
07/00008_00013.ppm;07;0
07/00008_00014.ppm;07;0
07/00008_00015.ppm;07;0
07/00008_00016.ppm;07;0
07/00008_00017.ppm;07;0
07/00008_00018.ppm;07;0
07/00008_00019.ppm;07;0
07/00008_00020.ppm;07;0
07/00008_00021.ppm;07;0
07/00008_00022.ppm;07;0
07/00008_00023.ppm;07;0
07/00008_00024.ppm;07;0
07/00008_00025.ppm;07;0
07/00008_00026.ppm;07;0
07/00008_00027.ppm;07;0
07/00008_00028.ppm;07;0
07/00008_00029.ppm;07;0
07/00009_00000.ppm;07;0
07/00009_00001.ppm;07;0
07/00009_00002.ppm;07;0
07/00009_00003.ppm;07;0
07/00009_00004.ppm;07;0
07/00009_00005.ppm;07;0
07/00009_00006.ppm;07;0
07/00009_00007.ppm;07;0
07/00009_00008.ppm;07;0
07/00009_00009.ppm;07;0
07/00009_00010.ppm;07;0
07/00009_00011.ppm;07;0
07/00009_00012.ppm;07;0
07/00009_00013.ppm;07;0
07/00009_00014.ppm;07;0
07/00009_00015.ppm;07;0
07/00009_00016.ppm;07;0
07/00009_00017.ppm;07;0
07/00009_00018.ppm;07;0
07/00009_00019.ppm;07;0
07/00009_00020.ppm;07;0
07/00009_00021.ppm;07;0
07/00009_00022.ppm;07;0
07/00009_00023.ppm;07;0
07/00009_00024.ppm;07;0
07/00009_00025.ppm;07;0
07/00009_00026.ppm;07;0
07/00009_00027.ppm;07;0
07/00009_00028.ppm;07;0
07/00009_00029.ppm;07;0
07/00010_00000.ppm;07;0
07/00010_00001.ppm;07;0
07/00010_00002.ppm;07;0
07/00010_00003.ppm;07;0
07/00010_00004.ppm;07;0
07/00010_00005.ppm;07;0
07/00010_00006.ppm;07;0
07/00010_00007.ppm;07;0
07/00010_00008.ppm;07;0
07/00010_00009.ppm;07;0
07/00010_00010.ppm;07;0
07/00010_00011.ppm;07;0
07/00010_00012.ppm;07;0
07/00010_00013.ppm;07;0
07/00010_00014.ppm;07;0
07/00010_00015.ppm;07;0
07/00010_00016.ppm;07;0
07/00010_00017.ppm;07;0
07/00010_00018.ppm;07;0
07/00010_00019.ppm;07;0
07/00010_00020.ppm;07;0
07/00010_00021.ppm;07;0
07/00010_00022.ppm;07;0
07/00010_00023.ppm;07;0
07/00010_00024.ppm;07;0
07/00010_00025.ppm;07;0
07/00010_00026.ppm;07;0
07/00010_00027.ppm;07;0
07/00010_00028.ppm;07;0
07/00010_00029.ppm;07;0
07/00011_00000.ppm;07;0
07/00011_00001.ppm;07;0
07/00011_00002.ppm;07;0
07/00011_00003.ppm;07;0
07/00011_00004.ppm;07;0
07/00011_00005.ppm;07;0
07/00011_00006.ppm;07;0
07/00011_00007.ppm;07;0
07/00011_00008.ppm;07;0
07/00011_00009.ppm;07;0
07/00011_00010.ppm;07;0
07/00011_00011.ppm;07;0
07/00011_00012.ppm;07;0
07/00011_00013.ppm;07;0
07/00011_00014.ppm;07;0
07/00011_00015.ppm;07;0
07/00011_00016.ppm;07;0
07/00011_00017.ppm;07;0
07/00011_00018.ppm;07;0
07/00011_00019.ppm;07;0
07/00011_00020.ppm;07;0
07/00011_00021.ppm;07;0
07/00011_00022.ppm;07;0
07/00011_00023.ppm;07;0
07/00011_00024.ppm;07;0
07/00011_00025.ppm;07;0
07/00011_00026.ppm;07;0
07/00011_00027.ppm;07;0
07/00011_00028.ppm;07;0
07/00011_00029.ppm;07;0
07/00012_00000.ppm;07;0
07/00012_00001.ppm;07;0
07/00012_00002.ppm;07;0
07/00012_00003.ppm;07;0
07/00012_00004.ppm;07;0
07/00012_00005.ppm;07;0
07/00012_00006.ppm;07;0
07/00012_00007.ppm;07;0
07/00012_00008.ppm;07;0
07/00012_00009.ppm;07;0
07/00012_00010.ppm;07;0
07/00012_00011.ppm;07;0
07/00012_00012.ppm;07;0
07/00012_00013.ppm;07;0
07/00012_00014.ppm;07;0
07/00012_00015.ppm;07;0
07/00012_00016.ppm;07;0
07/00012_00017.ppm;07;0
07/00012_00018.ppm;07;0
07/00012_00019.ppm;07;0
07/00012_00020.ppm;07;0
07/00012_00021.ppm;07;0
07/00012_00022.ppm;07;0
07/00012_00023.ppm;07;0
07/00012_00024.ppm;07;0
07/00012_00025.ppm;07;0
07/00012_00026.ppm;07;0
07/00012_00027.ppm;07;0
07/00012_00028.ppm;07;0
07/00012_00029.ppm;07;0
07/00013_00000.ppm;07;0
07/00013_00001.ppm;07;0
07/00013_00002.ppm;07;0
07/00013_00003.ppm;07;0
07/00013_00004.ppm;07;0
07/00013_00005.ppm;07;0
07/00013_00006.ppm;07;0
07/00013_00007.ppm;07;0
07/00013_00008.ppm;07;0
07/00013_00009.ppm;07;0
07/00013_00010.ppm;07;0
07/00013_00011.ppm;07;0
07/00013_00012.ppm;07;0
07/00013_00013.ppm;07;0
07/00013_00014.ppm;07;0
07/00013_00015.ppm;07;0
07/00013_00016.ppm;07;0
07/00013_00017.ppm;07;0
07/00013_00018.ppm;07;0
07/00013_00019.ppm;07;0
07/00013_00020.ppm;07;0
07/00013_00021.ppm;07;0
07/00013_00022.ppm;07;0
07/00013_00023.ppm;07;0
07/00013_00024.ppm;07;0
07/00013_00025.ppm;07;0
07/00013_00026.ppm;07;0
07/00013_00027.ppm;07;0
07/00013_00028.ppm;07;0
07/00013_00029.ppm;07;0
07/00014_00000.ppm;07;0
07/00014_00001.ppm;07;0
07/00014_00002.ppm;07;0
07/00014_00003.ppm;07;0
07/00014_00004.ppm;07;0
07/00014_00005.ppm;07;0
07/00014_00006.ppm;07;0
07/00014_00007.ppm;07;0
07/00014_00008.ppm;07;0
07/00014_00009.ppm;07;0
07/00014_00010.ppm;07;0
07/00014_00011.ppm;07;0
07/00014_00012.ppm;07;0
07/00014_00013.ppm;07;0
07/00014_00014.ppm;07;0
07/00014_00015.ppm;07;0
07/00014_00016.ppm;07;0
07/00014_00017.ppm;07;0
07/00014_00018.ppm;07;0
07/00014_00019.ppm;07;0
07/00014_00020.ppm;07;0
07/00014_00021.ppm;07;0
07/00014_00022.ppm;07;0
07/00014_00023.ppm;07;0
07/00014_00024.ppm;07;0
07/00014_00025.ppm;07;0
07/00014_00026.ppm;07;0
07/00014_00027.ppm;07;0
07/00014_00028.ppm;07;0
07/00014_00029.ppm;07;0
07/00015_00000.ppm;07;0
07/00015_00001.ppm;07;0
07/00015_00002.ppm;07;0
07/00015_00003.ppm;07;0
07/00015_00004.ppm;07;0
07/00015_00005.ppm;07;0
07/00015_00006.ppm;07;0
07/00015_00007.ppm;07;0
07/00015_00008.ppm;07;0
07/00015_00009.ppm;07;0
07/00015_00010.ppm;07;0
07/00015_00011.ppm;07;0
07/00015_00012.ppm;07;0
07/00015_00013.ppm;07;0
07/00015_00014.ppm;07;0
07/00015_00015.ppm;07;0
07/00015_00016.ppm;07;0
07/00015_00017.ppm;07;0
07/00015_00018.ppm;07;0
07/00015_00019.ppm;07;0
07/00015_00020.ppm;07;0
07/00015_00021.ppm;07;0
07/00015_00022.ppm;07;0
07/00015_00023.ppm;07;0
07/00015_00024.ppm;07;0
07/00015_00025.ppm;07;0
07/00015_00026.ppm;07;0
07/00015_00027.ppm;07;0
07/00015_00028.ppm;07;0
07/00015_00029.ppm;07;0
07/00016_00000.ppm;07;0
07/00016_00001.ppm;07;0
07/00016_00002.ppm;07;0
07/00016_00003.ppm;07;0
07/00016_00004.ppm;07;0
07/00016_00005.ppm;07;0
07/00016_00006.ppm;07;0
07/00016_00007.ppm;07;0
07/00016_00008.ppm;07;0
07/00016_00009.ppm;07;0
07/00016_00010.ppm;07;0
07/00016_00011.ppm;07;0
07/00016_00012.ppm;07;0
07/00016_00013.ppm;07;0
07/00016_00014.ppm;07;0
07/00016_00015.ppm;07;0
07/00016_00016.ppm;07;0
07/00016_00017.ppm;07;0
07/00016_00018.ppm;07;0
07/00016_00019.ppm;07;0
07/00016_00020.ppm;07;0
07/00016_00021.ppm;07;0
07/00016_00022.ppm;07;0
07/00016_00023.ppm;07;0
07/00016_00024.ppm;07;0
07/00016_00025.ppm;07;0
07/00016_00026.ppm;07;0
07/00016_00027.ppm;07;0
07/00016_00028.ppm;07;0
07/00016_00029.ppm;07;0
07/00017_00000.ppm;07;0
07/00017_00001.ppm;07;0
07/00017_00002.ppm;07;0
07/00017_00003.ppm;07;0
07/00017_00004.ppm;07;0
07/00017_00005.ppm;07;0
07/00017_00006.ppm;07;0
07/00017_00007.ppm;07;0
07/00017_00008.ppm;07;0
07/00017_00009.ppm;07;0
07/00017_00010.ppm;07;0
07/00017_00011.ppm;07;0
07/00017_00012.ppm;07;0
07/00017_00013.ppm;07;0
07/00017_00014.ppm;07;0
07/00017_00015.ppm;07;0
07/00017_00016.ppm;07;0
07/00017_00017.ppm;07;0
07/00017_00018.ppm;07;0
07/00017_00019.ppm;07;0
07/00017_00020.ppm;07;0
07/00017_00021.ppm;07;0
07/00017_00022.ppm;07;0
07/00017_00023.ppm;07;0
07/00017_00024.ppm;07;0
07/00017_00025.ppm;07;0
07/00017_00026.ppm;07;0
07/00017_00027.ppm;07;0
07/00017_00028.ppm;07;0
07/00017_00029.ppm;07;0
07/00018_00000.ppm;07;0
07/00018_00001.ppm;07;0
07/00018_00002.ppm;07;0
07/00018_00003.ppm;07;0
07/00018_00004.ppm;07;0
07/00018_00005.ppm;07;0
07/00018_00006.ppm;07;0
07/00018_00007.ppm;07;0
07/00018_00008.ppm;07;0
07/00018_00009.ppm;07;0
07/00018_00010.ppm;07;0
07/00018_00011.ppm;07;0
07/00018_00012.ppm;07;0
07/00018_00013.ppm;07;0
07/00018_00014.ppm;07;0
07/00018_00015.ppm;07;0
07/00018_00016.ppm;07;0
07/00018_00017.ppm;07;0
07/00018_00018.ppm;07;0
07/00018_00019.ppm;07;0
07/00018_00020.ppm;07;0
07/00018_00021.ppm;07;0
07/00018_00022.ppm;07;0
07/00018_00023.ppm;07;0
07/00018_00024.ppm;07;0
07/00018_00025.ppm;07;0
07/00018_00026.ppm;07;0
07/00018_00027.ppm;07;0
07/00018_00028.ppm;07;0
07/00018_00029.ppm;07;0
07/00019_00000.ppm;07;0
07/00019_00001.ppm;07;0
07/00019_00002.ppm;07;0
07/00019_00003.ppm;07;0
07/00019_00004.ppm;07;0
07/00019_00005.ppm;07;0
07/00019_00006.ppm;07;0
07/00019_00007.ppm;07;0
07/00019_00008.ppm;07;0
07/00019_00009.ppm;07;0
07/00019_00010.ppm;07;0
07/00019_00011.ppm;07;0
07/00019_00012.ppm;07;0
07/00019_00013.ppm;07;0
07/00019_00014.ppm;07;0
07/00019_00015.ppm;07;0
07/00019_00016.ppm;07;0
07/00019_00017.ppm;07;0
07/00019_00018.ppm;07;0
07/00019_00019.ppm;07;0
07/00019_00020.ppm;07;0
07/00019_00021.ppm;07;0
07/00019_00022.ppm;07;0
07/00019_00023.ppm;07;0
07/00019_00024.ppm;07;0
07/00019_00025.ppm;07;0
07/00019_00026.ppm;07;0
07/00019_00027.ppm;07;0
07/00019_00028.ppm;07;0
07/00019_00029.ppm;07;0
07/00020_00000.ppm;07;0
07/00020_00001.ppm;07;0
07/00020_00002.ppm;07;0
07/00020_00003.ppm;07;0
07/00020_00004.ppm;07;0
07/00020_00005.ppm;07;0
07/00020_00006.ppm;07;0
07/00020_00007.ppm;07;0
07/00020_00008.ppm;07;0
07/00020_00009.ppm;07;0
07/00020_00010.ppm;07;0
07/00020_00011.ppm;07;0
07/00020_00012.ppm;07;0
07/00020_00013.ppm;07;0
07/00020_00014.ppm;07;0
07/00020_00015.ppm;07;0
07/00020_00016.ppm;07;0
07/00020_00017.ppm;07;0
07/00020_00018.ppm;07;0
07/00020_00019.ppm;07;0
07/00020_00020.ppm;07;0
07/00020_00021.ppm;07;0
07/00020_00022.ppm;07;0
07/00020_00023.ppm;07;0
07/00020_00024.ppm;07;0
07/00020_00025.ppm;07;0
07/00020_00026.ppm;07;0
07/00020_00027.ppm;07;0
07/00020_00028.ppm;07;0
07/00020_00029.ppm;07;0
07/00021_00000.ppm;07;0
07/00021_00001.ppm;07;0
07/00021_00002.ppm;07;0
07/00021_00003.ppm;07;0
07/00021_00004.ppm;07;0
07/00021_00005.ppm;07;0
07/00021_00006.ppm;07;0
07/00021_00007.ppm;07;0
07/00021_00008.ppm;07;0
07/00021_00009.ppm;07;0
07/00021_00010.ppm;07;0
07/00021_00011.ppm;07;0
07/00021_00012.ppm;07;0
07/00021_00013.ppm;07;0
07/00021_00014.ppm;07;0
07/00021_00015.ppm;07;0
07/00021_00016.ppm;07;0
07/00021_00017.ppm;07;0
07/00021_00018.ppm;07;0
07/00021_00019.ppm;07;0
07/00021_00020.ppm;07;0
07/00021_00021.ppm;07;0
07/00021_00022.ppm;07;0
07/00021_00023.ppm;07;0
07/00021_00024.ppm;07;0
07/00021_00025.ppm;07;0
07/00021_00026.ppm;07;0
07/00021_00027.ppm;07;0
07/00021_00028.ppm;07;0
07/00021_00029.ppm;07;0
07/00022_00000.ppm;07;0
07/00022_00001.ppm;07;0
07/00022_00002.ppm;07;0
07/00022_00003.ppm;07;0
07/00022_00004.ppm;07;0
07/00022_00005.ppm;07;0
07/00022_00006.ppm;07;0
07/00022_00007.ppm;07;0
07/00022_00008.ppm;07;0
07/00022_00009.ppm;07;0
07/00022_00010.ppm;07;0
07/00022_00011.ppm;07;0
07/00022_00012.ppm;07;0
07/00022_00013.ppm;07;0
07/00022_00014.ppm;07;0
07/00022_00015.ppm;07;0
07/00022_00016.ppm;07;0
07/00022_00017.ppm;07;0
07/00022_00018.ppm;07;0
07/00022_00019.ppm;07;0
07/00022_00020.ppm;07;0
07/00022_00021.ppm;07;0
07/00022_00022.ppm;07;0
07/00022_00023.ppm;07;0
07/00022_00024.ppm;07;0
07/00022_00025.ppm;07;0
07/00022_00026.ppm;07;0
07/00022_00027.ppm;07;0
07/00022_00028.ppm;07;0
07/00022_00029.ppm;07;0
07/00023_00000.ppm;07;0
07/00023_00001.ppm;07;0
07/00023_00002.ppm;07;0
07/00023_00003.ppm;07;0
07/00023_00004.ppm;07;0
07/00023_00005.ppm;07;0
07/00023_00006.ppm;07;0
07/00023_00007.ppm;07;0
07/00023_00008.ppm;07;0
07/00023_00009.ppm;07;0
07/00023_00010.ppm;07;0
07/00023_00011.ppm;07;0
07/00023_00012.ppm;07;0
07/00023_00013.ppm;07;0
07/00023_00014.ppm;07;0
07/00023_00015.ppm;07;0
07/00023_00016.ppm;07;0
07/00023_00017.ppm;07;0
07/00023_00018.ppm;07;0
07/00023_00019.ppm;07;0
07/00023_00020.ppm;07;0
07/00023_00021.ppm;07;0
07/00023_00022.ppm;07;0
07/00023_00023.ppm;07;0
07/00023_00024.ppm;07;0
07/00023_00025.ppm;07;0
07/00023_00026.ppm;07;0
07/00023_00027.ppm;07;0
07/00023_00028.ppm;07;0
07/00023_00029.ppm;07;0
07/00024_00000.ppm;07;0
07/00024_00001.ppm;07;0
07/00024_00002.ppm;07;0
07/00024_00003.ppm;07;0
07/00024_00004.ppm;07;0
07/00024_00005.ppm;07;0
07/00024_00006.ppm;07;0
07/00024_00007.ppm;07;0
07/00024_00008.ppm;07;0
07/00024_00009.ppm;07;0
07/00024_00010.ppm;07;0
07/00024_00011.ppm;07;0
07/00024_00012.ppm;07;0
07/00024_00013.ppm;07;0
07/00024_00014.ppm;07;0
07/00024_00015.ppm;07;0
07/00024_00016.ppm;07;0
07/00024_00017.ppm;07;0
07/00024_00018.ppm;07;0
07/00024_00019.ppm;07;0
07/00024_00020.ppm;07;0
07/00024_00021.ppm;07;0
07/00024_00022.ppm;07;0
07/00024_00023.ppm;07;0
07/00024_00024.ppm;07;0
07/00024_00025.ppm;07;0
07/00024_00026.ppm;07;0
07/00024_00027.ppm;07;0
07/00024_00028.ppm;07;0
07/00024_00029.ppm;07;0
07/00025_00000.ppm;07;0
07/00025_00001.ppm;07;0
07/00025_00002.ppm;07;0
07/00025_00003.ppm;07;0
07/00025_00004.ppm;07;0
07/00025_00005.ppm;07;0
07/00025_00006.ppm;07;0
07/00025_00007.ppm;07;0
07/00025_00008.ppm;07;0
07/00025_00009.ppm;07;0
07/00025_00010.ppm;07;0
07/00025_00011.ppm;07;0
07/00025_00012.ppm;07;0
07/00025_00013.ppm;07;0
07/00025_00014.ppm;07;0
07/00025_00015.ppm;07;0
07/00025_00016.ppm;07;0
07/00025_00017.ppm;07;0
07/00025_00018.ppm;07;0
07/00025_00019.ppm;07;0
07/00025_00020.ppm;07;0
07/00025_00021.ppm;07;0
07/00025_00022.ppm;07;0
07/00025_00023.ppm;07;0
07/00025_00024.ppm;07;0
07/00025_00025.ppm;07;0
07/00025_00026.ppm;07;0
07/00025_00027.ppm;07;0
07/00025_00028.ppm;07;0
07/00025_00029.ppm;07;0
07/00026_00000.ppm;07;0
07/00026_00001.ppm;07;0
07/00026_00002.ppm;07;0
07/00026_00003.ppm;07;0
07/00026_00004.ppm;07;0
07/00026_00005.ppm;07;0
07/00026_00006.ppm;07;0
07/00026_00007.ppm;07;0
07/00026_00008.ppm;07;0
07/00026_00009.ppm;07;0
07/00026_00010.ppm;07;0
07/00026_00011.ppm;07;0
07/00026_00012.ppm;07;0
07/00026_00013.ppm;07;0
07/00026_00014.ppm;07;0
07/00026_00015.ppm;07;0
07/00026_00016.ppm;07;0
07/00026_00017.ppm;07;0
07/00026_00018.ppm;07;0
07/00026_00019.ppm;07;0
07/00026_00020.ppm;07;0
07/00026_00021.ppm;07;0
07/00026_00022.ppm;07;0
07/00026_00023.ppm;07;0
07/00026_00024.ppm;07;0
07/00026_00025.ppm;07;0
07/00026_00026.ppm;07;0
07/00026_00027.ppm;07;0
07/00026_00028.ppm;07;0
07/00026_00029.ppm;07;0
07/00027_00000.ppm;07;0
07/00027_00001.ppm;07;0
07/00027_00002.ppm;07;0
07/00027_00003.ppm;07;0
07/00027_00004.ppm;07;0
07/00027_00005.ppm;07;0
07/00027_00006.ppm;07;0
07/00027_00007.ppm;07;0
07/00027_00008.ppm;07;0
07/00027_00009.ppm;07;0
07/00027_00010.ppm;07;0
07/00027_00011.ppm;07;0
07/00027_00012.ppm;07;0
07/00027_00013.ppm;07;0
07/00027_00014.ppm;07;0
07/00027_00015.ppm;07;0
07/00027_00016.ppm;07;0
07/00027_00017.ppm;07;0
07/00027_00018.ppm;07;0
07/00027_00019.ppm;07;0
07/00027_00020.ppm;07;0
07/00027_00021.ppm;07;0
07/00027_00022.ppm;07;0
07/00027_00023.ppm;07;0
07/00027_00024.ppm;07;0
07/00027_00025.ppm;07;0
07/00027_00026.ppm;07;0
07/00027_00027.ppm;07;0
07/00027_00028.ppm;07;0
07/00027_00029.ppm;07;0
07/00028_00000.ppm;07;0
07/00028_00001.ppm;07;0
07/00028_00002.ppm;07;0
07/00028_00003.ppm;07;0
07/00028_00004.ppm;07;0
07/00028_00005.ppm;07;0
07/00028_00006.ppm;07;0
07/00028_00007.ppm;07;0
07/00028_00008.ppm;07;0
07/00028_00009.ppm;07;0
07/00028_00010.ppm;07;0
07/00028_00011.ppm;07;0
07/00028_00012.ppm;07;0
07/00028_00013.ppm;07;0
07/00028_00014.ppm;07;0
07/00028_00015.ppm;07;0
07/00028_00016.ppm;07;0
07/00028_00017.ppm;07;0
07/00028_00018.ppm;07;0
07/00028_00019.ppm;07;0
07/00028_00020.ppm;07;0
07/00028_00021.ppm;07;0
07/00028_00022.ppm;07;0
07/00028_00023.ppm;07;0
07/00028_00024.ppm;07;0
07/00028_00025.ppm;07;0
07/00028_00026.ppm;07;0
07/00028_00027.ppm;07;0
07/00028_00028.ppm;07;0
07/00028_00029.ppm;07;0
07/00029_00000.ppm;07;0
07/00029_00001.ppm;07;0
07/00029_00002.ppm;07;0
07/00029_00003.ppm;07;0
07/00029_00004.ppm;07;0
07/00029_00005.ppm;07;0
07/00029_00006.ppm;07;0
07/00029_00007.ppm;07;0
07/00029_00008.ppm;07;0
07/00029_00009.ppm;07;0
07/00029_00010.ppm;07;0
07/00029_00011.ppm;07;0
07/00029_00012.ppm;07;0
07/00029_00013.ppm;07;0
07/00029_00014.ppm;07;0
07/00029_00015.ppm;07;0
07/00029_00016.ppm;07;0
07/00029_00017.ppm;07;0
07/00029_00018.ppm;07;0
07/00029_00019.ppm;07;0
07/00029_00020.ppm;07;0
07/00029_00021.ppm;07;0
07/00029_00022.ppm;07;0
07/00029_00023.ppm;07;0
07/00029_00024.ppm;07;0
07/00029_00025.ppm;07;0
07/00029_00026.ppm;07;0
07/00029_00027.ppm;07;0
07/00029_00028.ppm;07;0
07/00029_00029.ppm;07;0
07/00030_00000.ppm;07;0
07/00030_00001.ppm;07;0
07/00030_00002.ppm;07;0
07/00030_00003.ppm;07;0
07/00030_00004.ppm;07;0
07/00030_00005.ppm;07;0
07/00030_00006.ppm;07;0
07/00030_00007.ppm;07;0
07/00030_00008.ppm;07;0
07/00030_00009.ppm;07;0
07/00030_00010.ppm;07;0
07/00030_00011.ppm;07;0
07/00030_00012.ppm;07;0
07/00030_00013.ppm;07;0
07/00030_00014.ppm;07;0
07/00030_00015.ppm;07;0
07/00030_00016.ppm;07;0
07/00030_00017.ppm;07;0
07/00030_00018.ppm;07;0
07/00030_00019.ppm;07;0
07/00030_00020.ppm;07;0
07/00030_00021.ppm;07;0
07/00030_00022.ppm;07;0
07/00030_00023.ppm;07;0
07/00030_00024.ppm;07;0
07/00030_00025.ppm;07;0
07/00030_00026.ppm;07;0
07/00030_00027.ppm;07;0
07/00030_00028.ppm;07;0
07/00030_00029.ppm;07;0
07/00031_00000.ppm;07;0
07/00031_00001.ppm;07;0
07/00031_00002.ppm;07;0
07/00031_00003.ppm;07;0
07/00031_00004.ppm;07;0
07/00031_00005.ppm;07;0
07/00031_00006.ppm;07;0
07/00031_00007.ppm;07;0
07/00031_00008.ppm;07;0
07/00031_00009.ppm;07;0
07/00031_00010.ppm;07;0
07/00031_00011.ppm;07;0
07/00031_00012.ppm;07;0
07/00031_00013.ppm;07;0
07/00031_00014.ppm;07;0
07/00031_00015.ppm;07;0
07/00031_00016.ppm;07;0
07/00031_00017.ppm;07;0
07/00031_00018.ppm;07;0
07/00031_00019.ppm;07;0
07/00031_00020.ppm;07;0
07/00031_00021.ppm;07;0
07/00031_00022.ppm;07;0
07/00031_00023.ppm;07;0
07/00031_00024.ppm;07;0
07/00031_00025.ppm;07;0
07/00031_00026.ppm;07;0
07/00031_00027.ppm;07;0
07/00031_00028.ppm;07;0
07/00031_00029.ppm;07;0
08/00000_00000.ppm;08;0
08/00000_00001.ppm;08;0
08/00000_00002.ppm;08;0
08/00000_00003.ppm;08;0
08/00000_00004.ppm;08;0
08/00000_00005.ppm;08;0
08/00000_00006.ppm;08;0
08/00000_00007.ppm;08;0
08/00000_00008.ppm;08;0
08/00000_00009.ppm;08;0
08/00000_00010.ppm;08;0
08/00000_00011.ppm;08;0
08/00000_00012.ppm;08;0
08/00000_00013.ppm;08;0
08/00000_00014.ppm;08;0
08/00000_00015.ppm;08;0
08/00000_00016.ppm;08;0
08/00000_00017.ppm;08;0
08/00000_00018.ppm;08;0
08/00000_00019.ppm;08;0
08/00000_00020.ppm;08;0
08/00000_00021.ppm;08;0
08/00000_00022.ppm;08;0
08/00000_00023.ppm;08;0
08/00000_00024.ppm;08;0
08/00000_00025.ppm;08;0
08/00000_00026.ppm;08;0
08/00000_00027.ppm;08;0
08/00000_00028.ppm;08;0
08/00000_00029.ppm;08;0
08/00001_00000.ppm;08;0
08/00001_00001.ppm;08;0
08/00001_00002.ppm;08;0
08/00001_00003.ppm;08;0
08/00001_00004.ppm;08;0
08/00001_00005.ppm;08;0
08/00001_00006.ppm;08;0
08/00001_00007.ppm;08;0
08/00001_00008.ppm;08;0
08/00001_00009.ppm;08;0
08/00001_00010.ppm;08;0
08/00001_00011.ppm;08;0
08/00001_00012.ppm;08;0
08/00001_00013.ppm;08;0
08/00001_00014.ppm;08;0
08/00001_00015.ppm;08;0
08/00001_00016.ppm;08;0
08/00001_00017.ppm;08;0
08/00001_00018.ppm;08;0
08/00001_00019.ppm;08;0
08/00001_00020.ppm;08;0
08/00001_00021.ppm;08;0
08/00001_00022.ppm;08;0
08/00001_00023.ppm;08;0
08/00001_00024.ppm;08;0
08/00001_00025.ppm;08;0
08/00001_00026.ppm;08;0
08/00001_00027.ppm;08;0
08/00001_00028.ppm;08;0
08/00001_00029.ppm;08;0
08/00002_00000.ppm;08;0
08/00002_00001.ppm;08;0
08/00002_00002.ppm;08;0
08/00002_00003.ppm;08;0
08/00002_00004.ppm;08;0
08/00002_00005.ppm;08;0
08/00002_00006.ppm;08;0
08/00002_00007.ppm;08;0
08/00002_00008.ppm;08;0
08/00002_00009.ppm;08;0
08/00002_00010.ppm;08;0
08/00002_00011.ppm;08;0
08/00002_00012.ppm;08;0
08/00002_00013.ppm;08;0
08/00002_00014.ppm;08;0
08/00002_00015.ppm;08;0
08/00002_00016.ppm;08;0
08/00002_00017.ppm;08;0
08/00002_00018.ppm;08;0
08/00002_00019.ppm;08;0
08/00002_00020.ppm;08;0
08/00002_00021.ppm;08;0
08/00002_00022.ppm;08;0
08/00002_00023.ppm;08;0
08/00002_00024.ppm;08;0
08/00002_00025.ppm;08;0
08/00002_00026.ppm;08;0
08/00002_00027.ppm;08;0
08/00002_00028.ppm;08;0
08/00002_00029.ppm;08;0
08/00003_00000.ppm;08;0
08/00003_00001.ppm;08;0
08/00003_00002.ppm;08;0
08/00003_00003.ppm;08;0
08/00003_00004.ppm;08;0
08/00003_00005.ppm;08;0
08/00003_00006.ppm;08;0
08/00003_00007.ppm;08;0
08/00003_00008.ppm;08;0
08/00003_00009.ppm;08;0
08/00003_00010.ppm;08;0
08/00003_00011.ppm;08;0
08/00003_00012.ppm;08;0
08/00003_00013.ppm;08;0
08/00003_00014.ppm;08;0
08/00003_00015.ppm;08;0
08/00003_00016.ppm;08;0
08/00003_00017.ppm;08;0
08/00003_00018.ppm;08;0
08/00003_00019.ppm;08;0
08/00003_00020.ppm;08;0
08/00003_00021.ppm;08;0
08/00003_00022.ppm;08;0
08/00003_00023.ppm;08;0
08/00003_00024.ppm;08;0
08/00003_00025.ppm;08;0
08/00003_00026.ppm;08;0
08/00003_00027.ppm;08;0
08/00003_00028.ppm;08;0
08/00003_00029.ppm;08;0
08/00004_00000.ppm;08;0
08/00004_00001.ppm;08;0
08/00004_00002.ppm;08;0
08/00004_00003.ppm;08;0
08/00004_00004.ppm;08;0
08/00004_00005.ppm;08;0
08/00004_00006.ppm;08;0
08/00004_00007.ppm;08;0
08/00004_00008.ppm;08;0
08/00004_00009.ppm;08;0
08/00004_00010.ppm;08;0
08/00004_00011.ppm;08;0
08/00004_00012.ppm;08;0
08/00004_00013.ppm;08;0
08/00004_00014.ppm;08;0
08/00004_00015.ppm;08;0
08/00004_00016.ppm;08;0
08/00004_00017.ppm;08;0
08/00004_00018.ppm;08;0
08/00004_00019.ppm;08;0
08/00004_00020.ppm;08;0
08/00004_00021.ppm;08;0
08/00004_00022.ppm;08;0
08/00004_00023.ppm;08;0
08/00004_00024.ppm;08;0
08/00004_00025.ppm;08;0
08/00004_00026.ppm;08;0
08/00004_00027.ppm;08;0
08/00004_00028.ppm;08;0
08/00004_00029.ppm;08;0
08/00005_00000.ppm;08;0
08/00005_00001.ppm;08;0
08/00005_00002.ppm;08;0
08/00005_00003.ppm;08;0
08/00005_00004.ppm;08;0
08/00005_00005.ppm;08;0
08/00005_00006.ppm;08;0
08/00005_00007.ppm;08;0
08/00005_00008.ppm;08;0
08/00005_00009.ppm;08;0
08/00005_00010.ppm;08;0
08/00005_00011.ppm;08;0
08/00005_00012.ppm;08;0
08/00005_00013.ppm;08;0
08/00005_00014.ppm;08;0
08/00005_00015.ppm;08;0
08/00005_00016.ppm;08;0
08/00005_00017.ppm;08;0
08/00005_00018.ppm;08;0
08/00005_00019.ppm;08;0
08/00005_00020.ppm;08;0
08/00005_00021.ppm;08;0
08/00005_00022.ppm;08;0
08/00005_00023.ppm;08;0
08/00005_00024.ppm;08;0
08/00005_00025.ppm;08;0
08/00005_00026.ppm;08;0
08/00005_00027.ppm;08;0
08/00005_00028.ppm;08;0
08/00005_00029.ppm;08;0
08/00006_00000.ppm;08;0
08/00006_00001.ppm;08;0
08/00006_00002.ppm;08;0
08/00006_00003.ppm;08;0
08/00006_00004.ppm;08;0
08/00006_00005.ppm;08;0
08/00006_00006.ppm;08;0
08/00006_00007.ppm;08;0
08/00006_00008.ppm;08;0
08/00006_00009.ppm;08;0
08/00006_00010.ppm;08;0
08/00006_00011.ppm;08;0
08/00006_00012.ppm;08;0
08/00006_00013.ppm;08;0
08/00006_00014.ppm;08;0
08/00006_00015.ppm;08;0
08/00006_00016.ppm;08;0
08/00006_00017.ppm;08;0
08/00006_00018.ppm;08;0
08/00006_00019.ppm;08;0
08/00006_00020.ppm;08;0
08/00006_00021.ppm;08;0
08/00006_00022.ppm;08;0
08/00006_00023.ppm;08;0
08/00006_00024.ppm;08;0
08/00006_00025.ppm;08;0
08/00006_00026.ppm;08;0
08/00006_00027.ppm;08;0
08/00006_00028.ppm;08;0
08/00006_00029.ppm;08;0
08/00007_00000.ppm;08;0
08/00007_00001.ppm;08;0
08/00007_00002.ppm;08;0
08/00007_00003.ppm;08;0
08/00007_00004.ppm;08;0
08/00007_00005.ppm;08;0
08/00007_00006.ppm;08;0
08/00007_00007.ppm;08;0
08/00007_00008.ppm;08;0
08/00007_00009.ppm;08;0
08/00007_00010.ppm;08;0
08/00007_00011.ppm;08;0
08/00007_00012.ppm;08;0
08/00007_00013.ppm;08;0
08/00007_00014.ppm;08;0
08/00007_00015.ppm;08;0
08/00007_00016.ppm;08;0
08/00007_00017.ppm;08;0
08/00007_00018.ppm;08;0
08/00007_00019.ppm;08;0
08/00007_00020.ppm;08;0
08/00007_00021.ppm;08;0
08/00007_00022.ppm;08;0
08/00007_00023.ppm;08;0
08/00007_00024.ppm;08;0
08/00007_00025.ppm;08;0
08/00007_00026.ppm;08;0
08/00007_00027.ppm;08;0
08/00007_00028.ppm;08;0
08/00007_00029.ppm;08;0
08/00008_00000.ppm;08;0
08/00008_00001.ppm;08;0
08/00008_00002.ppm;08;0
08/00008_00003.ppm;08;0
08/00008_00004.ppm;08;0
08/00008_00005.ppm;08;0
08/00008_00006.ppm;08;0
08/00008_00007.ppm;08;0
08/00008_00008.ppm;08;0
08/00008_00009.ppm;08;0
08/00008_00010.ppm;08;0
08/00008_00011.ppm;08;0
08/00008_00012.ppm;08;0
08/00008_00013.ppm;08;0
08/00008_00014.ppm;08;0
08/00008_00015.ppm;08;0
08/00008_00016.ppm;08;0
08/00008_00017.ppm;08;0
08/00008_00018.ppm;08;0
08/00008_00019.ppm;08;0
08/00008_00020.ppm;08;0
08/00008_00021.ppm;08;0
08/00008_00022.ppm;08;0
08/00008_00023.ppm;08;0
08/00008_00024.ppm;08;0
08/00008_00025.ppm;08;0
08/00008_00026.ppm;08;0
08/00008_00027.ppm;08;0
08/00008_00028.ppm;08;0
08/00008_00029.ppm;08;0
08/00009_00000.ppm;08;0
08/00009_00001.ppm;08;0
08/00009_00002.ppm;08;0
08/00009_00003.ppm;08;0
08/00009_00004.ppm;08;0
08/00009_00005.ppm;08;0
08/00009_00006.ppm;08;0
08/00009_00007.ppm;08;0
08/00009_00008.ppm;08;0
08/00009_00009.ppm;08;0
08/00009_00010.ppm;08;0
08/00009_00011.ppm;08;0
08/00009_00012.ppm;08;0
08/00009_00013.ppm;08;0
08/00009_00014.ppm;08;0
08/00009_00015.ppm;08;0
08/00009_00016.ppm;08;0
08/00009_00017.ppm;08;0
08/00009_00018.ppm;08;0
08/00009_00019.ppm;08;0
08/00009_00020.ppm;08;0
08/00009_00021.ppm;08;0
08/00009_00022.ppm;08;0
08/00009_00023.ppm;08;0
08/00009_00024.ppm;08;0
08/00009_00025.ppm;08;0
08/00009_00026.ppm;08;0
08/00009_00027.ppm;08;0
08/00009_00028.ppm;08;0
08/00009_00029.ppm;08;0
08/00010_00000.ppm;08;0
08/00010_00001.ppm;08;0
08/00010_00002.ppm;08;0
08/00010_00003.ppm;08;0
08/00010_00004.ppm;08;0
08/00010_00005.ppm;08;0
08/00010_00006.ppm;08;0
08/00010_00007.ppm;08;0
08/00010_00008.ppm;08;0
08/00010_00009.ppm;08;0
08/00010_00010.ppm;08;0
08/00010_00011.ppm;08;0
08/00010_00012.ppm;08;0
08/00010_00013.ppm;08;0
08/00010_00014.ppm;08;0
08/00010_00015.ppm;08;0
08/00010_00016.ppm;08;0
08/00010_00017.ppm;08;0
08/00010_00018.ppm;08;0
08/00010_00019.ppm;08;0
08/00010_00020.ppm;08;0
08/00010_00021.ppm;08;0
08/00010_00022.ppm;08;0
08/00010_00023.ppm;08;0
08/00010_00024.ppm;08;0
08/00010_00025.ppm;08;0
08/00010_00026.ppm;08;0
08/00010_00027.ppm;08;0
08/00010_00028.ppm;08;0
08/00010_00029.ppm;08;0
08/00011_00000.ppm;08;0
08/00011_00001.ppm;08;0
08/00011_00002.ppm;08;0
08/00011_00003.ppm;08;0
08/00011_00004.ppm;08;0
08/00011_00005.ppm;08;0
08/00011_00006.ppm;08;0
08/00011_00007.ppm;08;0
08/00011_00008.ppm;08;0
08/00011_00009.ppm;08;0
08/00011_00010.ppm;08;0
08/00011_00011.ppm;08;0
08/00011_00012.ppm;08;0
08/00011_00013.ppm;08;0
08/00011_00014.ppm;08;0
08/00011_00015.ppm;08;0
08/00011_00016.ppm;08;0
08/00011_00017.ppm;08;0
08/00011_00018.ppm;08;0
08/00011_00019.ppm;08;0
08/00011_00020.ppm;08;0
08/00011_00021.ppm;08;0
08/00011_00022.ppm;08;0
08/00011_00023.ppm;08;0
08/00011_00024.ppm;08;0
08/00011_00025.ppm;08;0
08/00011_00026.ppm;08;0
08/00011_00027.ppm;08;0
08/00011_00028.ppm;08;0
08/00011_00029.ppm;08;0
08/00012_00000.ppm;08;0
08/00012_00001.ppm;08;0
08/00012_00002.ppm;08;0
08/00012_00003.ppm;08;0
08/00012_00004.ppm;08;0
08/00012_00005.ppm;08;0
08/00012_00006.ppm;08;0
08/00012_00007.ppm;08;0
08/00012_00008.ppm;08;0
08/00012_00009.ppm;08;0
08/00012_00010.ppm;08;0
08/00012_00011.ppm;08;0
08/00012_00012.ppm;08;0
08/00012_00013.ppm;08;0
08/00012_00014.ppm;08;0
08/00012_00015.ppm;08;0
08/00012_00016.ppm;08;0
08/00012_00017.ppm;08;0
08/00012_00018.ppm;08;0
08/00012_00019.ppm;08;0
08/00012_00020.ppm;08;0
08/00012_00021.ppm;08;0
08/00012_00022.ppm;08;0
08/00012_00023.ppm;08;0
08/00012_00024.ppm;08;0
08/00012_00025.ppm;08;0
08/00012_00026.ppm;08;0
08/00012_00027.ppm;08;0
08/00012_00028.ppm;08;0
08/00012_00029.ppm;08;0
08/00013_00000.ppm;08;0
08/00013_00001.ppm;08;0
08/00013_00002.ppm;08;0
08/00013_00003.ppm;08;0
08/00013_00004.ppm;08;0
08/00013_00005.ppm;08;0
08/00013_00006.ppm;08;0
08/00013_00007.ppm;08;0
08/00013_00008.ppm;08;0
08/00013_00009.ppm;08;0
08/00013_00010.ppm;08;0
08/00013_00011.ppm;08;0
08/00013_00012.ppm;08;0
08/00013_00013.ppm;08;0
08/00013_00014.ppm;08;0
08/00013_00015.ppm;08;0
08/00013_00016.ppm;08;0
08/00013_00017.ppm;08;0
08/00013_00018.ppm;08;0
08/00013_00019.ppm;08;0
08/00013_00020.ppm;08;0
08/00013_00021.ppm;08;0
08/00013_00022.ppm;08;0
08/00013_00023.ppm;08;0
08/00013_00024.ppm;08;0
08/00013_00025.ppm;08;0
08/00013_00026.ppm;08;0
08/00013_00027.ppm;08;0
08/00013_00028.ppm;08;0
08/00013_00029.ppm;08;0
08/00014_00000.ppm;08;0
08/00014_00001.ppm;08;0
08/00014_00002.ppm;08;0
08/00014_00003.ppm;08;0
08/00014_00004.ppm;08;0
08/00014_00005.ppm;08;0
08/00014_00006.ppm;08;0
08/00014_00007.ppm;08;0
08/00014_00008.ppm;08;0
08/00014_00009.ppm;08;0
08/00014_00010.ppm;08;0
08/00014_00011.ppm;08;0
08/00014_00012.ppm;08;0
08/00014_00013.ppm;08;0
08/00014_00014.ppm;08;0
08/00014_00015.ppm;08;0
08/00014_00016.ppm;08;0
08/00014_00017.ppm;08;0
08/00014_00018.ppm;08;0
08/00014_00019.ppm;08;0
08/00014_00020.ppm;08;0
08/00014_00021.ppm;08;0
08/00014_00022.ppm;08;0
08/00014_00023.ppm;08;0
08/00014_00024.ppm;08;0
08/00014_00025.ppm;08;0
08/00014_00026.ppm;08;0
08/00014_00027.ppm;08;0
08/00014_00028.ppm;08;0
08/00014_00029.ppm;08;0
08/00015_00000.ppm;08;0
08/00015_00001.ppm;08;0
08/00015_00002.ppm;08;0
08/00015_00003.ppm;08;0
08/00015_00004.ppm;08;0
08/00015_00005.ppm;08;0
08/00015_00006.ppm;08;0
08/00015_00007.ppm;08;0
08/00015_00008.ppm;08;0
08/00015_00009.ppm;08;0
08/00015_00010.ppm;08;0
08/00015_00011.ppm;08;0
08/00015_00012.ppm;08;0
08/00015_00013.ppm;08;0
08/00015_00014.ppm;08;0
08/00015_00015.ppm;08;0
08/00015_00016.ppm;08;0
08/00015_00017.ppm;08;0
08/00015_00018.ppm;08;0
08/00015_00019.ppm;08;0
08/00015_00020.ppm;08;0
08/00015_00021.ppm;08;0
08/00015_00022.ppm;08;0
08/00015_00023.ppm;08;0
08/00015_00024.ppm;08;0
08/00015_00025.ppm;08;0
08/00015_00026.ppm;08;0
08/00015_00027.ppm;08;0
08/00015_00028.ppm;08;0
08/00015_00029.ppm;08;0
08/00016_00000.ppm;08;0
08/00016_00001.ppm;08;0
08/00016_00002.ppm;08;0
08/00016_00003.ppm;08;0
08/00016_00004.ppm;08;0
08/00016_00005.ppm;08;0
08/00016_00006.ppm;08;0
08/00016_00007.ppm;08;0
08/00016_00008.ppm;08;0
08/00016_00009.ppm;08;0
08/00016_00010.ppm;08;0
08/00016_00011.ppm;08;0
08/00016_00012.ppm;08;0
08/00016_00013.ppm;08;0
08/00016_00014.ppm;08;0
08/00016_00015.ppm;08;0
08/00016_00016.ppm;08;0
08/00016_00017.ppm;08;0
08/00016_00018.ppm;08;0
08/00016_00019.ppm;08;0
08/00016_00020.ppm;08;0
08/00016_00021.ppm;08;0
08/00016_00022.ppm;08;0
08/00016_00023.ppm;08;0
08/00016_00024.ppm;08;0
08/00016_00025.ppm;08;0
08/00016_00026.ppm;08;0
08/00016_00027.ppm;08;0
08/00016_00028.ppm;08;0
08/00016_00029.ppm;08;0
08/00017_00000.ppm;08;0
08/00017_00001.ppm;08;0
08/00017_00002.ppm;08;0
08/00017_00003.ppm;08;0
08/00017_00004.ppm;08;0
08/00017_00005.ppm;08;0
08/00017_00006.ppm;08;0
08/00017_00007.ppm;08;0
08/00017_00008.ppm;08;0
08/00017_00009.ppm;08;0
08/00017_00010.ppm;08;0
08/00017_00011.ppm;08;0
08/00017_00012.ppm;08;0
08/00017_00013.ppm;08;0
08/00017_00014.ppm;08;0
08/00017_00015.ppm;08;0
08/00017_00016.ppm;08;0
08/00017_00017.ppm;08;0
08/00017_00018.ppm;08;0
08/00017_00019.ppm;08;0
08/00017_00020.ppm;08;0
08/00017_00021.ppm;08;0
08/00017_00022.ppm;08;0
08/00017_00023.ppm;08;0
08/00017_00024.ppm;08;0
08/00017_00025.ppm;08;0
08/00017_00026.ppm;08;0
08/00017_00027.ppm;08;0
08/00017_00028.ppm;08;0
08/00017_00029.ppm;08;0
08/00018_00000.ppm;08;0
08/00018_00001.ppm;08;0
08/00018_00002.ppm;08;0
08/00018_00003.ppm;08;0
08/00018_00004.ppm;08;0
08/00018_00005.ppm;08;0
08/00018_00006.ppm;08;0
08/00018_00007.ppm;08;0
08/00018_00008.ppm;08;0
08/00018_00009.ppm;08;0
08/00018_00010.ppm;08;0
08/00018_00011.ppm;08;0
08/00018_00012.ppm;08;0
08/00018_00013.ppm;08;0
08/00018_00014.ppm;08;0
08/00018_00015.ppm;08;0
08/00018_00016.ppm;08;0
08/00018_00017.ppm;08;0
08/00018_00018.ppm;08;0
08/00018_00019.ppm;08;0
08/00018_00020.ppm;08;0
08/00018_00021.ppm;08;0
08/00018_00022.ppm;08;0
08/00018_00023.ppm;08;0
08/00018_00024.ppm;08;0
08/00018_00025.ppm;08;0
08/00018_00026.ppm;08;0
08/00018_00027.ppm;08;0
08/00018_00028.ppm;08;0
08/00018_00029.ppm;08;0
08/00019_00000.ppm;08;0
08/00019_00001.ppm;08;0
08/00019_00002.ppm;08;0
08/00019_00003.ppm;08;0
08/00019_00004.ppm;08;0
08/00019_00005.ppm;08;0
08/00019_00006.ppm;08;0
08/00019_00007.ppm;08;0
08/00019_00008.ppm;08;0
08/00019_00009.ppm;08;0
08/00019_00010.ppm;08;0
08/00019_00011.ppm;08;0
08/00019_00012.ppm;08;0
08/00019_00013.ppm;08;0
08/00019_00014.ppm;08;0
08/00019_00015.ppm;08;0
08/00019_00016.ppm;08;0
08/00019_00017.ppm;08;0
08/00019_00018.ppm;08;0
08/00019_00019.ppm;08;0
08/00019_00020.ppm;08;0
08/00019_00021.ppm;08;0
08/00019_00022.ppm;08;0
08/00019_00023.ppm;08;0
08/00019_00024.ppm;08;0
08/00019_00025.ppm;08;0
08/00019_00026.ppm;08;0
08/00019_00027.ppm;08;0
08/00019_00028.ppm;08;0
08/00019_00029.ppm;08;0
08/00020_00000.ppm;08;0
08/00020_00001.ppm;08;0
08/00020_00002.ppm;08;0
08/00020_00003.ppm;08;0
08/00020_00004.ppm;08;0
08/00020_00005.ppm;08;0
08/00020_00006.ppm;08;0
08/00020_00007.ppm;08;0
08/00020_00008.ppm;08;0
08/00020_00009.ppm;08;0
08/00020_00010.ppm;08;0
08/00020_00011.ppm;08;0
08/00020_00012.ppm;08;0
08/00020_00013.ppm;08;0
08/00020_00014.ppm;08;0
08/00020_00015.ppm;08;0
08/00020_00016.ppm;08;0
08/00020_00017.ppm;08;0
08/00020_00018.ppm;08;0
08/00020_00019.ppm;08;0
08/00020_00020.ppm;08;0
08/00020_00021.ppm;08;0
08/00020_00022.ppm;08;0
08/00020_00023.ppm;08;0
08/00020_00024.ppm;08;0
08/00020_00025.ppm;08;0
08/00020_00026.ppm;08;0
08/00020_00027.ppm;08;0
08/00020_00028.ppm;08;0
08/00020_00029.ppm;08;0
08/00021_00000.ppm;08;0
08/00021_00001.ppm;08;0
08/00021_00002.ppm;08;0
08/00021_00003.ppm;08;0
08/00021_00004.ppm;08;0
08/00021_00005.ppm;08;0
08/00021_00006.ppm;08;0
08/00021_00007.ppm;08;0
08/00021_00008.ppm;08;0
08/00021_00009.ppm;08;0
08/00021_00010.ppm;08;0
08/00021_00011.ppm;08;0
08/00021_00012.ppm;08;0
08/00021_00013.ppm;08;0
08/00021_00014.ppm;08;0
08/00021_00015.ppm;08;0
08/00021_00016.ppm;08;0
08/00021_00017.ppm;08;0
08/00021_00018.ppm;08;0
08/00021_00019.ppm;08;0
08/00021_00020.ppm;08;0
08/00021_00021.ppm;08;0
08/00021_00022.ppm;08;0
08/00021_00023.ppm;08;0
08/00021_00024.ppm;08;0
08/00021_00025.ppm;08;0
08/00021_00026.ppm;08;0
08/00021_00027.ppm;08;0
08/00021_00028.ppm;08;0
08/00021_00029.ppm;08;0
08/00022_00000.ppm;08;0
08/00022_00001.ppm;08;0
08/00022_00002.ppm;08;0
08/00022_00003.ppm;08;0
08/00022_00004.ppm;08;0
08/00022_00005.ppm;08;0
08/00022_00006.ppm;08;0
08/00022_00007.ppm;08;0
08/00022_00008.ppm;08;0
08/00022_00009.ppm;08;0
08/00022_00010.ppm;08;0
08/00022_00011.ppm;08;0
08/00022_00012.ppm;08;0
08/00022_00013.ppm;08;0
08/00022_00014.ppm;08;0
08/00022_00015.ppm;08;0
08/00022_00016.ppm;08;0
08/00022_00017.ppm;08;0
08/00022_00018.ppm;08;0
08/00022_00019.ppm;08;0
08/00022_00020.ppm;08;0
08/00022_00021.ppm;08;0
08/00022_00022.ppm;08;0
08/00022_00023.ppm;08;0
08/00022_00024.ppm;08;0
08/00022_00025.ppm;08;0
08/00022_00026.ppm;08;0
08/00022_00027.ppm;08;0
08/00022_00028.ppm;08;0
08/00022_00029.ppm;08;0
08/00023_00000.ppm;08;0
08/00023_00001.ppm;08;0
08/00023_00002.ppm;08;0
08/00023_00003.ppm;08;0
08/00023_00004.ppm;08;0
08/00023_00005.ppm;08;0
08/00023_00006.ppm;08;0
08/00023_00007.ppm;08;0
08/00023_00008.ppm;08;0
08/00023_00009.ppm;08;0
08/00023_00010.ppm;08;0
08/00023_00011.ppm;08;0
08/00023_00012.ppm;08;0
08/00023_00013.ppm;08;0
08/00023_00014.ppm;08;0
08/00023_00015.ppm;08;0
08/00023_00016.ppm;08;0
08/00023_00017.ppm;08;0
08/00023_00018.ppm;08;0
08/00023_00019.ppm;08;0
08/00023_00020.ppm;08;0
08/00023_00021.ppm;08;0
08/00023_00022.ppm;08;0
08/00023_00023.ppm;08;0
08/00023_00024.ppm;08;0
08/00023_00025.ppm;08;0
08/00023_00026.ppm;08;0
08/00023_00027.ppm;08;0
08/00023_00028.ppm;08;0
08/00023_00029.ppm;08;0
08/00024_00000.ppm;08;0
08/00024_00001.ppm;08;0
08/00024_00002.ppm;08;0
08/00024_00003.ppm;08;0
08/00024_00004.ppm;08;0
08/00024_00005.ppm;08;0
08/00024_00006.ppm;08;0
08/00024_00007.ppm;08;0
08/00024_00008.ppm;08;0
08/00024_00009.ppm;08;0
08/00024_00010.ppm;08;0
08/00024_00011.ppm;08;0
08/00024_00012.ppm;08;0
08/00024_00013.ppm;08;0
08/00024_00014.ppm;08;0
08/00024_00015.ppm;08;0
08/00024_00016.ppm;08;0
08/00024_00017.ppm;08;0
08/00024_00018.ppm;08;0
08/00024_00019.ppm;08;0
08/00024_00020.ppm;08;0
08/00024_00021.ppm;08;0
08/00024_00022.ppm;08;0
08/00024_00023.ppm;08;0
08/00024_00024.ppm;08;0
08/00024_00025.ppm;08;0
08/00024_00026.ppm;08;0
08/00024_00027.ppm;08;0
08/00024_00028.ppm;08;0
08/00024_00029.ppm;08;0
08/00025_00000.ppm;08;0
08/00025_00001.ppm;08;0
08/00025_00002.ppm;08;0
08/00025_00003.ppm;08;0
08/00025_00004.ppm;08;0
08/00025_00005.ppm;08;0
08/00025_00006.ppm;08;0
08/00025_00007.ppm;08;0
08/00025_00008.ppm;08;0
08/00025_00009.ppm;08;0
08/00025_00010.ppm;08;0
08/00025_00011.ppm;08;0
08/00025_00012.ppm;08;0
08/00025_00013.ppm;08;0
08/00025_00014.ppm;08;0
08/00025_00015.ppm;08;0
08/00025_00016.ppm;08;0
08/00025_00017.ppm;08;0
08/00025_00018.ppm;08;0
08/00025_00019.ppm;08;0
08/00025_00020.ppm;08;0
08/00025_00021.ppm;08;0
08/00025_00022.ppm;08;0
08/00025_00023.ppm;08;0
08/00025_00024.ppm;08;0
08/00025_00025.ppm;08;0
08/00025_00026.ppm;08;0
08/00025_00027.ppm;08;0
08/00025_00028.ppm;08;0
08/00025_00029.ppm;08;0
08/00026_00000.ppm;08;0
08/00026_00001.ppm;08;0
08/00026_00002.ppm;08;0
08/00026_00003.ppm;08;0
08/00026_00004.ppm;08;0
08/00026_00005.ppm;08;0
08/00026_00006.ppm;08;0
08/00026_00007.ppm;08;0
08/00026_00008.ppm;08;0
08/00026_00009.ppm;08;0
08/00026_00010.ppm;08;0
08/00026_00011.ppm;08;0
08/00026_00012.ppm;08;0
08/00026_00013.ppm;08;0
08/00026_00014.ppm;08;0
08/00026_00015.ppm;08;0
08/00026_00016.ppm;08;0
08/00026_00017.ppm;08;0
08/00026_00018.ppm;08;0
08/00026_00019.ppm;08;0
08/00026_00020.ppm;08;0
08/00026_00021.ppm;08;0
08/00026_00022.ppm;08;0
08/00026_00023.ppm;08;0
08/00026_00024.ppm;08;0
08/00026_00025.ppm;08;0
08/00026_00026.ppm;08;0
08/00026_00027.ppm;08;0
08/00026_00028.ppm;08;0
08/00026_00029.ppm;08;0
08/00027_00000.ppm;08;0
08/00027_00001.ppm;08;0
08/00027_00002.ppm;08;0
08/00027_00003.ppm;08;0
08/00027_00004.ppm;08;0
08/00027_00005.ppm;08;0
08/00027_00006.ppm;08;0
08/00027_00007.ppm;08;0
08/00027_00008.ppm;08;0
08/00027_00009.ppm;08;0
08/00027_00010.ppm;08;0
08/00027_00011.ppm;08;0
08/00027_00012.ppm;08;0
08/00027_00013.ppm;08;0
08/00027_00014.ppm;08;0
08/00027_00015.ppm;08;0
08/00027_00016.ppm;08;0
08/00027_00017.ppm;08;0
08/00027_00018.ppm;08;0
08/00027_00019.ppm;08;0
08/00027_00020.ppm;08;0
08/00027_00021.ppm;08;0
08/00027_00022.ppm;08;0
08/00027_00023.ppm;08;0
08/00027_00024.ppm;08;0
08/00027_00025.ppm;08;0
08/00027_00026.ppm;08;0
08/00027_00027.ppm;08;0
08/00027_00028.ppm;08;0
08/00027_00029.ppm;08;0
08/00028_00000.ppm;08;0
08/00028_00001.ppm;08;0
08/00028_00002.ppm;08;0
08/00028_00003.ppm;08;0
08/00028_00004.ppm;08;0
08/00028_00005.ppm;08;0
08/00028_00006.ppm;08;0
08/00028_00007.ppm;08;0
08/00028_00008.ppm;08;0
08/00028_00009.ppm;08;0
08/00028_00010.ppm;08;0
08/00028_00011.ppm;08;0
08/00028_00012.ppm;08;0
08/00028_00013.ppm;08;0
08/00028_00014.ppm;08;0
08/00028_00015.ppm;08;0
08/00028_00016.ppm;08;0
08/00028_00017.ppm;08;0
08/00028_00018.ppm;08;0
08/00028_00019.ppm;08;0
08/00028_00020.ppm;08;0
08/00028_00021.ppm;08;0
08/00028_00022.ppm;08;0
08/00028_00023.ppm;08;0
08/00028_00024.ppm;08;0
08/00028_00025.ppm;08;0
08/00028_00026.ppm;08;0
08/00028_00027.ppm;08;0
08/00028_00028.ppm;08;0
08/00028_00029.ppm;08;0
08/00029_00000.ppm;08;0
08/00029_00001.ppm;08;0
08/00029_00002.ppm;08;0
08/00029_00003.ppm;08;0
08/00029_00004.ppm;08;0
08/00029_00005.ppm;08;0
08/00029_00006.ppm;08;0
08/00029_00007.ppm;08;0
08/00029_00008.ppm;08;0
08/00029_00009.ppm;08;0
08/00029_00010.ppm;08;0
08/00029_00011.ppm;08;0
08/00029_00012.ppm;08;0
08/00029_00013.ppm;08;0
08/00029_00014.ppm;08;0
08/00029_00015.ppm;08;0
08/00029_00016.ppm;08;0
08/00029_00017.ppm;08;0
08/00029_00018.ppm;08;0
08/00029_00019.ppm;08;0
08/00029_00020.ppm;08;0
08/00029_00021.ppm;08;0
08/00029_00022.ppm;08;0
08/00029_00023.ppm;08;0
08/00029_00024.ppm;08;0
08/00029_00025.ppm;08;0
08/00029_00026.ppm;08;0
08/00029_00027.ppm;08;0
08/00029_00028.ppm;08;0
08/00029_00029.ppm;08;0
08/00030_00000.ppm;08;0
08/00030_00001.ppm;08;0
08/00030_00002.ppm;08;0
08/00030_00003.ppm;08;0
08/00030_00004.ppm;08;0
08/00030_00005.ppm;08;0
08/00030_00006.ppm;08;0
08/00030_00007.ppm;08;0
08/00030_00008.ppm;08;0
08/00030_00009.ppm;08;0
08/00030_00010.ppm;08;0
08/00030_00011.ppm;08;0
08/00030_00012.ppm;08;0
08/00030_00013.ppm;08;0
08/00030_00014.ppm;08;0
08/00030_00015.ppm;08;0
08/00030_00016.ppm;08;0
08/00030_00017.ppm;08;0
08/00030_00018.ppm;08;0
08/00030_00019.ppm;08;0
08/00030_00020.ppm;08;0
08/00030_00021.ppm;08;0
08/00030_00022.ppm;08;0
08/00030_00023.ppm;08;0
08/00030_00024.ppm;08;0
08/00030_00025.ppm;08;0
08/00030_00026.ppm;08;0
08/00030_00027.ppm;08;0
08/00030_00028.ppm;08;0
08/00030_00029.ppm;08;0
08/00031_00000.ppm;08;0
08/00031_00001.ppm;08;0
08/00031_00002.ppm;08;0
08/00031_00003.ppm;08;0
08/00031_00004.ppm;08;0
08/00031_00005.ppm;08;0
08/00031_00006.ppm;08;0
08/00031_00007.ppm;08;0
08/00031_00008.ppm;08;0
08/00031_00009.ppm;08;0
08/00031_00010.ppm;08;0
08/00031_00011.ppm;08;0
08/00031_00012.ppm;08;0
08/00031_00013.ppm;08;0
08/00031_00014.ppm;08;0
08/00031_00015.ppm;08;0
08/00031_00016.ppm;08;0
08/00031_00017.ppm;08;0
08/00031_00018.ppm;08;0
08/00031_00019.ppm;08;0
08/00031_00020.ppm;08;0
08/00031_00021.ppm;08;0
08/00031_00022.ppm;08;0
08/00031_00023.ppm;08;0
08/00031_00024.ppm;08;0
08/00031_00025.ppm;08;0
08/00031_00026.ppm;08;0
08/00031_00027.ppm;08;0
08/00031_00028.ppm;08;0
08/00031_00029.ppm;08;0
09/00000_00000.ppm;09;0
09/00000_00001.ppm;09;0
09/00000_00002.ppm;09;0
09/00000_00003.ppm;09;0
09/00000_00004.ppm;09;0
09/00000_00005.ppm;09;0
09/00000_00006.ppm;09;0
09/00000_00007.ppm;09;0
09/00000_00008.ppm;09;0
09/00000_00009.ppm;09;0
09/00000_00010.ppm;09;0
09/00000_00011.ppm;09;0
09/00000_00012.ppm;09;0
09/00000_00013.ppm;09;0
09/00000_00014.ppm;09;0
09/00000_00015.ppm;09;0
09/00000_00016.ppm;09;0
09/00000_00017.ppm;09;0
09/00000_00018.ppm;09;0
09/00000_00019.ppm;09;0
09/00000_00020.ppm;09;0
09/00000_00021.ppm;09;0
09/00000_00022.ppm;09;0
09/00000_00023.ppm;09;0
09/00000_00024.ppm;09;0
09/00000_00025.ppm;09;0
09/00000_00026.ppm;09;0
09/00000_00027.ppm;09;0
09/00000_00028.ppm;09;0
09/00000_00029.ppm;09;0
09/00001_00000.ppm;09;0
09/00001_00001.ppm;09;0
09/00001_00002.ppm;09;0
09/00001_00003.ppm;09;0
09/00001_00004.ppm;09;0
09/00001_00005.ppm;09;0
09/00001_00006.ppm;09;0
09/00001_00007.ppm;09;0
09/00001_00008.ppm;09;0
09/00001_00009.ppm;09;0
09/00001_00010.ppm;09;0
09/00001_00011.ppm;09;0
09/00001_00012.ppm;09;0
09/00001_00013.ppm;09;0
09/00001_00014.ppm;09;0
09/00001_00015.ppm;09;0
09/00001_00016.ppm;09;0
09/00001_00017.ppm;09;0
09/00001_00018.ppm;09;0
09/00001_00019.ppm;09;0
09/00001_00020.ppm;09;0
09/00001_00021.ppm;09;0
09/00001_00022.ppm;09;0
09/00001_00023.ppm;09;0
09/00001_00024.ppm;09;0
09/00001_00025.ppm;09;0
09/00001_00026.ppm;09;0
09/00001_00027.ppm;09;0
09/00001_00028.ppm;09;0
09/00001_00029.ppm;09;0
09/00002_00000.ppm;09;0
09/00002_00001.ppm;09;0
09/00002_00002.ppm;09;0
09/00002_00003.ppm;09;0
09/00002_00004.ppm;09;0
09/00002_00005.ppm;09;0
09/00002_00006.ppm;09;0
09/00002_00007.ppm;09;0
09/00002_00008.ppm;09;0
09/00002_00009.ppm;09;0
09/00002_00010.ppm;09;0
09/00002_00011.ppm;09;0
09/00002_00012.ppm;09;0
09/00002_00013.ppm;09;0
09/00002_00014.ppm;09;0
09/00002_00015.ppm;09;0
09/00002_00016.ppm;09;0
09/00002_00017.ppm;09;0
09/00002_00018.ppm;09;0
09/00002_00019.ppm;09;0
09/00002_00020.ppm;09;0
09/00002_00021.ppm;09;0
09/00002_00022.ppm;09;0
09/00002_00023.ppm;09;0
09/00002_00024.ppm;09;0
09/00002_00025.ppm;09;0
09/00002_00026.ppm;09;0
09/00002_00027.ppm;09;0
09/00002_00028.ppm;09;0
09/00002_00029.ppm;09;0
09/00003_00000.ppm;09;0
09/00003_00001.ppm;09;0
09/00003_00002.ppm;09;0
09/00003_00003.ppm;09;0
09/00003_00004.ppm;09;0
09/00003_00005.ppm;09;0
09/00003_00006.ppm;09;0
09/00003_00007.ppm;09;0
09/00003_00008.ppm;09;0
09/00003_00009.ppm;09;0
09/00003_00010.ppm;09;0
09/00003_00011.ppm;09;0
09/00003_00012.ppm;09;0
09/00003_00013.ppm;09;0
09/00003_00014.ppm;09;0
09/00003_00015.ppm;09;0
09/00003_00016.ppm;09;0
09/00003_00017.ppm;09;0
09/00003_00018.ppm;09;0
09/00003_00019.ppm;09;0
09/00003_00020.ppm;09;0
09/00003_00021.ppm;09;0
09/00003_00022.ppm;09;0
09/00003_00023.ppm;09;0
09/00003_00024.ppm;09;0
09/00003_00025.ppm;09;0
09/00003_00026.ppm;09;0
09/00003_00027.ppm;09;0
09/00003_00028.ppm;09;0
09/00003_00029.ppm;09;0
09/00004_00000.ppm;09;0
09/00004_00001.ppm;09;0
09/00004_00002.ppm;09;0
09/00004_00003.ppm;09;0
09/00004_00004.ppm;09;0
09/00004_00005.ppm;09;0
09/00004_00006.ppm;09;0
09/00004_00007.ppm;09;0
09/00004_00008.ppm;09;0
09/00004_00009.ppm;09;0
09/00004_00010.ppm;09;0
09/00004_00011.ppm;09;0
09/00004_00012.ppm;09;0
09/00004_00013.ppm;09;0
09/00004_00014.ppm;09;0
09/00004_00015.ppm;09;0
09/00004_00016.ppm;09;0
09/00004_00017.ppm;09;0
09/00004_00018.ppm;09;0
09/00004_00019.ppm;09;0
09/00004_00020.ppm;09;0
09/00004_00021.ppm;09;0
09/00004_00022.ppm;09;0
09/00004_00023.ppm;09;0
09/00004_00024.ppm;09;0
09/00004_00025.ppm;09;0
09/00004_00026.ppm;09;0
09/00004_00027.ppm;09;0
09/00004_00028.ppm;09;0
09/00004_00029.ppm;09;0
09/00005_00000.ppm;09;0
09/00005_00001.ppm;09;0
09/00005_00002.ppm;09;0
09/00005_00003.ppm;09;0
09/00005_00004.ppm;09;0
09/00005_00005.ppm;09;0
09/00005_00006.ppm;09;0
09/00005_00007.ppm;09;0
09/00005_00008.ppm;09;0
09/00005_00009.ppm;09;0
09/00005_00010.ppm;09;0
09/00005_00011.ppm;09;0
09/00005_00012.ppm;09;0
09/00005_00013.ppm;09;0
09/00005_00014.ppm;09;0
09/00005_00015.ppm;09;0
09/00005_00016.ppm;09;0
09/00005_00017.ppm;09;0
09/00005_00018.ppm;09;0
09/00005_00019.ppm;09;0
09/00005_00020.ppm;09;0
09/00005_00021.ppm;09;0
09/00005_00022.ppm;09;0
09/00005_00023.ppm;09;0
09/00005_00024.ppm;09;0
09/00005_00025.ppm;09;0
09/00005_00026.ppm;09;0
09/00005_00027.ppm;09;0
09/00005_00028.ppm;09;0
09/00005_00029.ppm;09;0
09/00006_00000.ppm;09;0
09/00006_00001.ppm;09;0
09/00006_00002.ppm;09;0
09/00006_00003.ppm;09;0
09/00006_00004.ppm;09;0
09/00006_00005.ppm;09;0
09/00006_00006.ppm;09;0
09/00006_00007.ppm;09;0
09/00006_00008.ppm;09;0
09/00006_00009.ppm;09;0
09/00006_00010.ppm;09;0
09/00006_00011.ppm;09;0
09/00006_00012.ppm;09;0
09/00006_00013.ppm;09;0
09/00006_00014.ppm;09;0
09/00006_00015.ppm;09;0
09/00006_00016.ppm;09;0
09/00006_00017.ppm;09;0
09/00006_00018.ppm;09;0
09/00006_00019.ppm;09;0
09/00006_00020.ppm;09;0
09/00006_00021.ppm;09;0
09/00006_00022.ppm;09;0
09/00006_00023.ppm;09;0
09/00006_00024.ppm;09;0
09/00006_00025.ppm;09;0
09/00006_00026.ppm;09;0
09/00006_00027.ppm;09;0
09/00006_00028.ppm;09;0
09/00006_00029.ppm;09;0
09/00007_00000.ppm;09;0
09/00007_00001.ppm;09;0
09/00007_00002.ppm;09;0
09/00007_00003.ppm;09;0
09/00007_00004.ppm;09;0
09/00007_00005.ppm;09;0
09/00007_00006.ppm;09;0
09/00007_00007.ppm;09;0
09/00007_00008.ppm;09;0
09/00007_00009.ppm;09;0
09/00007_00010.ppm;09;0
09/00007_00011.ppm;09;0
09/00007_00012.ppm;09;0
09/00007_00013.ppm;09;0
09/00007_00014.ppm;09;0
09/00007_00015.ppm;09;0
09/00007_00016.ppm;09;0
09/00007_00017.ppm;09;0
09/00007_00018.ppm;09;0
09/00007_00019.ppm;09;0
09/00007_00020.ppm;09;0
09/00007_00021.ppm;09;0
09/00007_00022.ppm;09;0
09/00007_00023.ppm;09;0
09/00007_00024.ppm;09;0
09/00007_00025.ppm;09;0
09/00007_00026.ppm;09;0
09/00007_00027.ppm;09;0
09/00007_00028.ppm;09;0
09/00007_00029.ppm;09;0
09/00008_00000.ppm;09;0
09/00008_00001.ppm;09;0
09/00008_00002.ppm;09;0
09/00008_00003.ppm;09;0
09/00008_00004.ppm;09;0
09/00008_00005.ppm;09;0
09/00008_00006.ppm;09;0
09/00008_00007.ppm;09;0
09/00008_00008.ppm;09;0
09/00008_00009.ppm;09;0
09/00008_00010.ppm;09;0
09/00008_00011.ppm;09;0
09/00008_00012.ppm;09;0
09/00008_00013.ppm;09;0
09/00008_00014.ppm;09;0
09/00008_00015.ppm;09;0
09/00008_00016.ppm;09;0
09/00008_00017.ppm;09;0
09/00008_00018.ppm;09;0
09/00008_00019.ppm;09;0
09/00008_00020.ppm;09;0
09/00008_00021.ppm;09;0
09/00008_00022.ppm;09;0
09/00008_00023.ppm;09;0
09/00008_00024.ppm;09;0
09/00008_00025.ppm;09;0
09/00008_00026.ppm;09;0
09/00008_00027.ppm;09;0
09/00008_00028.ppm;09;0
09/00008_00029.ppm;09;0
09/00009_00000.ppm;09;0
09/00009_00001.ppm;09;0
09/00009_00002.ppm;09;0
09/00009_00003.ppm;09;0
09/00009_00004.ppm;09;0
09/00009_00005.ppm;09;0
09/00009_00006.ppm;09;0
09/00009_00007.ppm;09;0
09/00009_00008.ppm;09;0
09/00009_00009.ppm;09;0
09/00009_00010.ppm;09;0
09/00009_00011.ppm;09;0
09/00009_00012.ppm;09;0
09/00009_00013.ppm;09;0
09/00009_00014.ppm;09;0
09/00009_00015.ppm;09;0
09/00009_00016.ppm;09;0
09/00009_00017.ppm;09;0
09/00009_00018.ppm;09;0
09/00009_00019.ppm;09;0
09/00009_00020.ppm;09;0
09/00009_00021.ppm;09;0
09/00009_00022.ppm;09;0
09/00009_00023.ppm;09;0
09/00009_00024.ppm;09;0
09/00009_00025.ppm;09;0
09/00009_00026.ppm;09;0
09/00009_00027.ppm;09;0
09/00009_00028.ppm;09;0
09/00009_00029.ppm;09;0
09/00010_00000.ppm;09;0
09/00010_00001.ppm;09;0
09/00010_00002.ppm;09;0
09/00010_00003.ppm;09;0
09/00010_00004.ppm;09;0
09/00010_00005.ppm;09;0
09/00010_00006.ppm;09;0
09/00010_00007.ppm;09;0
09/00010_00008.ppm;09;0
09/00010_00009.ppm;09;0
09/00010_00010.ppm;09;0
09/00010_00011.ppm;09;0
09/00010_00012.ppm;09;0
09/00010_00013.ppm;09;0
09/00010_00014.ppm;09;0
09/00010_00015.ppm;09;0
09/00010_00016.ppm;09;0
09/00010_00017.ppm;09;0
09/00010_00018.ppm;09;0
09/00010_00019.ppm;09;0
09/00010_00020.ppm;09;0
09/00010_00021.ppm;09;0
09/00010_00022.ppm;09;0
09/00010_00023.ppm;09;0
09/00010_00024.ppm;09;0
09/00010_00025.ppm;09;0
09/00010_00026.ppm;09;0
09/00010_00027.ppm;09;0
09/00010_00028.ppm;09;0
09/00010_00029.ppm;09;0
09/00011_00000.ppm;09;0
09/00011_00001.ppm;09;0
09/00011_00002.ppm;09;0
09/00011_00003.ppm;09;0
09/00011_00004.ppm;09;0
09/00011_00005.ppm;09;0
09/00011_00006.ppm;09;0
09/00011_00007.ppm;09;0
09/00011_00008.ppm;09;0
09/00011_00009.ppm;09;0
09/00011_00010.ppm;09;0
09/00011_00011.ppm;09;0
09/00011_00012.ppm;09;0
09/00011_00013.ppm;09;0
09/00011_00014.ppm;09;0
09/00011_00015.ppm;09;0
09/00011_00016.ppm;09;0
09/00011_00017.ppm;09;0
09/00011_00018.ppm;09;0
09/00011_00019.ppm;09;0
09/00011_00020.ppm;09;0
09/00011_00021.ppm;09;0
09/00011_00022.ppm;09;0
09/00011_00023.ppm;09;0
09/00011_00024.ppm;09;0
09/00011_00025.ppm;09;0
09/00011_00026.ppm;09;0
09/00011_00027.ppm;09;0
09/00011_00028.ppm;09;0
09/00011_00029.ppm;09;0
09/00012_00000.ppm;09;0
09/00012_00001.ppm;09;0
09/00012_00002.ppm;09;0
09/00012_00003.ppm;09;0
09/00012_00004.ppm;09;0
09/00012_00005.ppm;09;0
09/00012_00006.ppm;09;0
09/00012_00007.ppm;09;0
09/00012_00008.ppm;09;0
09/00012_00009.ppm;09;0
09/00012_00010.ppm;09;0
09/00012_00011.ppm;09;0
09/00012_00012.ppm;09;0
09/00012_00013.ppm;09;0
09/00012_00014.ppm;09;0
09/00012_00015.ppm;09;0
09/00012_00016.ppm;09;0
09/00012_00017.ppm;09;0
09/00012_00018.ppm;09;0
09/00012_00019.ppm;09;0
09/00012_00020.ppm;09;0
09/00012_00021.ppm;09;0
09/00012_00022.ppm;09;0
09/00012_00023.ppm;09;0
09/00012_00024.ppm;09;0
09/00012_00025.ppm;09;0
09/00012_00026.ppm;09;0
09/00012_00027.ppm;09;0
09/00012_00028.ppm;09;0
09/00012_00029.ppm;09;0
09/00013_00000.ppm;09;0
09/00013_00001.ppm;09;0
09/00013_00002.ppm;09;0
09/00013_00003.ppm;09;0
09/00013_00004.ppm;09;0
09/00013_00005.ppm;09;0
09/00013_00006.ppm;09;0
09/00013_00007.ppm;09;0
09/00013_00008.ppm;09;0
09/00013_00009.ppm;09;0
09/00013_00010.ppm;09;0
09/00013_00011.ppm;09;0
09/00013_00012.ppm;09;0
09/00013_00013.ppm;09;0
09/00013_00014.ppm;09;0
09/00013_00015.ppm;09;0
09/00013_00016.ppm;09;0
09/00013_00017.ppm;09;0
09/00013_00018.ppm;09;0
09/00013_00019.ppm;09;0
09/00013_00020.ppm;09;0
09/00013_00021.ppm;09;0
09/00013_00022.ppm;09;0
09/00013_00023.ppm;09;0
09/00013_00024.ppm;09;0
09/00013_00025.ppm;09;0
09/00013_00026.ppm;09;0
09/00013_00027.ppm;09;0
09/00013_00028.ppm;09;0
09/00013_00029.ppm;09;0
09/00014_00000.ppm;09;0
09/00014_00001.ppm;09;0
09/00014_00002.ppm;09;0
09/00014_00003.ppm;09;0
09/00014_00004.ppm;09;0
09/00014_00005.ppm;09;0
09/00014_00006.ppm;09;0
09/00014_00007.ppm;09;0
09/00014_00008.ppm;09;0
09/00014_00009.ppm;09;0
09/00014_00010.ppm;09;0
09/00014_00011.ppm;09;0
09/00014_00012.ppm;09;0
09/00014_00013.ppm;09;0
09/00014_00014.ppm;09;0
09/00014_00015.ppm;09;0
09/00014_00016.ppm;09;0
09/00014_00017.ppm;09;0
09/00014_00018.ppm;09;0
09/00014_00019.ppm;09;0
09/00014_00020.ppm;09;0
09/00014_00021.ppm;09;0
09/00014_00022.ppm;09;0
09/00014_00023.ppm;09;0
09/00014_00024.ppm;09;0
09/00014_00025.ppm;09;0
09/00014_00026.ppm;09;0
09/00014_00027.ppm;09;0
09/00014_00028.ppm;09;0
09/00014_00029.ppm;09;0
09/00015_00000.ppm;09;0
09/00015_00001.ppm;09;0
09/00015_00002.ppm;09;0
09/00015_00003.ppm;09;0
09/00015_00004.ppm;09;0
09/00015_00005.ppm;09;0
09/00015_00006.ppm;09;0
09/00015_00007.ppm;09;0
09/00015_00008.ppm;09;0
09/00015_00009.ppm;09;0
09/00015_00010.ppm;09;0
09/00015_00011.ppm;09;0
09/00015_00012.ppm;09;0
09/00015_00013.ppm;09;0
09/00015_00014.ppm;09;0
09/00015_00015.ppm;09;0
09/00015_00016.ppm;09;0
09/00015_00017.ppm;09;0
09/00015_00018.ppm;09;0
09/00015_00019.ppm;09;0
09/00015_00020.ppm;09;0
09/00015_00021.ppm;09;0
09/00015_00022.ppm;09;0
09/00015_00023.ppm;09;0
09/00015_00024.ppm;09;0
09/00015_00025.ppm;09;0
09/00015_00026.ppm;09;0
09/00015_00027.ppm;09;0
09/00015_00028.ppm;09;0
09/00015_00029.ppm;09;0
09/00016_00000.ppm;09;0
09/00016_00001.ppm;09;0
09/00016_00002.ppm;09;0
09/00016_00003.ppm;09;0
09/00016_00004.ppm;09;0
09/00016_00005.ppm;09;0
09/00016_00006.ppm;09;0
09/00016_00007.ppm;09;0
09/00016_00008.ppm;09;0
09/00016_00009.ppm;09;0
09/00016_00010.ppm;09;0
09/00016_00011.ppm;09;0
09/00016_00012.ppm;09;0
09/00016_00013.ppm;09;0
09/00016_00014.ppm;09;0
09/00016_00015.ppm;09;0
09/00016_00016.ppm;09;0
09/00016_00017.ppm;09;0
09/00016_00018.ppm;09;0
09/00016_00019.ppm;09;0
09/00016_00020.ppm;09;0
09/00016_00021.ppm;09;0
09/00016_00022.ppm;09;0
09/00016_00023.ppm;09;0
09/00016_00024.ppm;09;0
09/00016_00025.ppm;09;0
09/00016_00026.ppm;09;0
09/00016_00027.ppm;09;0
09/00016_00028.ppm;09;0
09/00016_00029.ppm;09;0
09/00017_00000.ppm;09;0
09/00017_00001.ppm;09;0
09/00017_00002.ppm;09;0
09/00017_00003.ppm;09;0
09/00017_00004.ppm;09;0
09/00017_00005.ppm;09;0
09/00017_00006.ppm;09;0
09/00017_00007.ppm;09;0
09/00017_00008.ppm;09;0
09/00017_00009.ppm;09;0
09/00017_00010.ppm;09;0
09/00017_00011.ppm;09;0
09/00017_00012.ppm;09;0
09/00017_00013.ppm;09;0
09/00017_00014.ppm;09;0
09/00017_00015.ppm;09;0
09/00017_00016.ppm;09;0
09/00017_00017.ppm;09;0
09/00017_00018.ppm;09;0
09/00017_00019.ppm;09;0
09/00017_00020.ppm;09;0
09/00017_00021.ppm;09;0
09/00017_00022.ppm;09;0
09/00017_00023.ppm;09;0
09/00017_00024.ppm;09;0
09/00017_00025.ppm;09;0
09/00017_00026.ppm;09;0
09/00017_00027.ppm;09;0
09/00017_00028.ppm;09;0
09/00017_00029.ppm;09;0
09/00018_00000.ppm;09;0
09/00018_00001.ppm;09;0
09/00018_00002.ppm;09;0
09/00018_00003.ppm;09;0
09/00018_00004.ppm;09;0
09/00018_00005.ppm;09;0
09/00018_00006.ppm;09;0
09/00018_00007.ppm;09;0
09/00018_00008.ppm;09;0
09/00018_00009.ppm;09;0
09/00018_00010.ppm;09;0
09/00018_00011.ppm;09;0
09/00018_00012.ppm;09;0
09/00018_00013.ppm;09;0
09/00018_00014.ppm;09;0
09/00018_00015.ppm;09;0
09/00018_00016.ppm;09;0
09/00018_00017.ppm;09;0
09/00018_00018.ppm;09;0
09/00018_00019.ppm;09;0
09/00018_00020.ppm;09;0
09/00018_00021.ppm;09;0
09/00018_00022.ppm;09;0
09/00018_00023.ppm;09;0
09/00018_00024.ppm;09;0
09/00018_00025.ppm;09;0
09/00018_00026.ppm;09;0
09/00018_00027.ppm;09;0
09/00018_00028.ppm;09;0
09/00018_00029.ppm;09;0
09/00019_00000.ppm;09;0
09/00019_00001.ppm;09;0
09/00019_00002.ppm;09;0
09/00019_00003.ppm;09;0
09/00019_00004.ppm;09;0
09/00019_00005.ppm;09;0
09/00019_00006.ppm;09;0
09/00019_00007.ppm;09;0
09/00019_00008.ppm;09;0
09/00019_00009.ppm;09;0
09/00019_00010.ppm;09;0
09/00019_00011.ppm;09;0
09/00019_00012.ppm;09;0
09/00019_00013.ppm;09;0
09/00019_00014.ppm;09;0
09/00019_00015.ppm;09;0
09/00019_00016.ppm;09;0
09/00019_00017.ppm;09;0
09/00019_00018.ppm;09;0
09/00019_00019.ppm;09;0
09/00019_00020.ppm;09;0
09/00019_00021.ppm;09;0
09/00019_00022.ppm;09;0
09/00019_00023.ppm;09;0
09/00019_00024.ppm;09;0
09/00019_00025.ppm;09;0
09/00019_00026.ppm;09;0
09/00019_00027.ppm;09;0
09/00019_00028.ppm;09;0
09/00019_00029.ppm;09;0
09/00020_00000.ppm;09;0
09/00020_00001.ppm;09;0
09/00020_00002.ppm;09;0
09/00020_00003.ppm;09;0
09/00020_00004.ppm;09;0
09/00020_00005.ppm;09;0
09/00020_00006.ppm;09;0
09/00020_00007.ppm;09;0
09/00020_00008.ppm;09;0
09/00020_00009.ppm;09;0
09/00020_00010.ppm;09;0
09/00020_00011.ppm;09;0
09/00020_00012.ppm;09;0
09/00020_00013.ppm;09;0
09/00020_00014.ppm;09;0
09/00020_00015.ppm;09;0
09/00020_00016.ppm;09;0
09/00020_00017.ppm;09;0
09/00020_00018.ppm;09;0
09/00020_00019.ppm;09;0
09/00020_00020.ppm;09;0
09/00020_00021.ppm;09;0
09/00020_00022.ppm;09;0
09/00020_00023.ppm;09;0
09/00020_00024.ppm;09;0
09/00020_00025.ppm;09;0
09/00020_00026.ppm;09;0
09/00020_00027.ppm;09;0
09/00020_00028.ppm;09;0
09/00020_00029.ppm;09;0
09/00021_00000.ppm;09;0
09/00021_00001.ppm;09;0
09/00021_00002.ppm;09;0
09/00021_00003.ppm;09;0
09/00021_00004.ppm;09;0
09/00021_00005.ppm;09;0
09/00021_00006.ppm;09;0
09/00021_00007.ppm;09;0
09/00021_00008.ppm;09;0
09/00021_00009.ppm;09;0
09/00021_00010.ppm;09;0
09/00021_00011.ppm;09;0
09/00021_00012.ppm;09;0
09/00021_00013.ppm;09;0
09/00021_00014.ppm;09;0
09/00021_00015.ppm;09;0
09/00021_00016.ppm;09;0
09/00021_00017.ppm;09;0
09/00021_00018.ppm;09;0
09/00021_00019.ppm;09;0
09/00021_00020.ppm;09;0
09/00021_00021.ppm;09;0
09/00021_00022.ppm;09;0
09/00021_00023.ppm;09;0
09/00021_00024.ppm;09;0
09/00021_00025.ppm;09;0
09/00021_00026.ppm;09;0
09/00021_00027.ppm;09;0
09/00021_00028.ppm;09;0
09/00021_00029.ppm;09;0
09/00022_00000.ppm;09;0
09/00022_00001.ppm;09;0
09/00022_00002.ppm;09;0
09/00022_00003.ppm;09;0
09/00022_00004.ppm;09;0
09/00022_00005.ppm;09;0
09/00022_00006.ppm;09;0
09/00022_00007.ppm;09;0
09/00022_00008.ppm;09;0
09/00022_00009.ppm;09;0
09/00022_00010.ppm;09;0
09/00022_00011.ppm;09;0
09/00022_00012.ppm;09;0
09/00022_00013.ppm;09;0
09/00022_00014.ppm;09;0
09/00022_00015.ppm;09;0
09/00022_00016.ppm;09;0
09/00022_00017.ppm;09;0
09/00022_00018.ppm;09;0
09/00022_00019.ppm;09;0
09/00022_00020.ppm;09;0
09/00022_00021.ppm;09;0
09/00022_00022.ppm;09;0
09/00022_00023.ppm;09;0
09/00022_00024.ppm;09;0
09/00022_00025.ppm;09;0
09/00022_00026.ppm;09;0
09/00022_00027.ppm;09;0
09/00022_00028.ppm;09;0
09/00022_00029.ppm;09;0
09/00023_00000.ppm;09;0
09/00023_00001.ppm;09;0
09/00023_00002.ppm;09;0
09/00023_00003.ppm;09;0
09/00023_00004.ppm;09;0
09/00023_00005.ppm;09;0
09/00023_00006.ppm;09;0
09/00023_00007.ppm;09;0
09/00023_00008.ppm;09;0
09/00023_00009.ppm;09;0
09/00023_00010.ppm;09;0
09/00023_00011.ppm;09;0
09/00023_00012.ppm;09;0
09/00023_00013.ppm;09;0
09/00023_00014.ppm;09;0
09/00023_00015.ppm;09;0
09/00023_00016.ppm;09;0
09/00023_00017.ppm;09;0
09/00023_00018.ppm;09;0
09/00023_00019.ppm;09;0
09/00023_00020.ppm;09;0
09/00023_00021.ppm;09;0
09/00023_00022.ppm;09;0
09/00023_00023.ppm;09;0
09/00023_00024.ppm;09;0
09/00023_00025.ppm;09;0
09/00023_00026.ppm;09;0
09/00023_00027.ppm;09;0
09/00023_00028.ppm;09;0
09/00023_00029.ppm;09;0
09/00024_00000.ppm;09;0
09/00024_00001.ppm;09;0
09/00024_00002.ppm;09;0
09/00024_00003.ppm;09;0
09/00024_00004.ppm;09;0
09/00024_00005.ppm;09;0
09/00024_00006.ppm;09;0
09/00024_00007.ppm;09;0
09/00024_00008.ppm;09;0
09/00024_00009.ppm;09;0
09/00024_00010.ppm;09;0
09/00024_00011.ppm;09;0
09/00024_00012.ppm;09;0
09/00024_00013.ppm;09;0
09/00024_00014.ppm;09;0
09/00024_00015.ppm;09;0
09/00024_00016.ppm;09;0
09/00024_00017.ppm;09;0
09/00024_00018.ppm;09;0
09/00024_00019.ppm;09;0
09/00024_00020.ppm;09;0
09/00024_00021.ppm;09;0
09/00024_00022.ppm;09;0
09/00024_00023.ppm;09;0
09/00024_00024.ppm;09;0
09/00024_00025.ppm;09;0
09/00024_00026.ppm;09;0
09/00024_00027.ppm;09;0
09/00024_00028.ppm;09;0
09/00024_00029.ppm;09;0
09/00025_00000.ppm;09;0
09/00025_00001.ppm;09;0
09/00025_00002.ppm;09;0
09/00025_00003.ppm;09;0
09/00025_00004.ppm;09;0
09/00025_00005.ppm;09;0
09/00025_00006.ppm;09;0
09/00025_00007.ppm;09;0
09/00025_00008.ppm;09;0
09/00025_00009.ppm;09;0
09/00025_00010.ppm;09;0
09/00025_00011.ppm;09;0
09/00025_00012.ppm;09;0
09/00025_00013.ppm;09;0
09/00025_00014.ppm;09;0
09/00025_00015.ppm;09;0
09/00025_00016.ppm;09;0
09/00025_00017.ppm;09;0
09/00025_00018.ppm;09;0
09/00025_00019.ppm;09;0
09/00025_00020.ppm;09;0
09/00025_00021.ppm;09;0
09/00025_00022.ppm;09;0
09/00025_00023.ppm;09;0
09/00025_00024.ppm;09;0
09/00025_00025.ppm;09;0
09/00025_00026.ppm;09;0
09/00025_00027.ppm;09;0
09/00025_00028.ppm;09;0
09/00025_00029.ppm;09;0
09/00026_00000.ppm;09;0
09/00026_00001.ppm;09;0
09/00026_00002.ppm;09;0
09/00026_00003.ppm;09;0
09/00026_00004.ppm;09;0
09/00026_00005.ppm;09;0
09/00026_00006.ppm;09;0
09/00026_00007.ppm;09;0
09/00026_00008.ppm;09;0
09/00026_00009.ppm;09;0
09/00026_00010.ppm;09;0
09/00026_00011.ppm;09;0
09/00026_00012.ppm;09;0
09/00026_00013.ppm;09;0
09/00026_00014.ppm;09;0
09/00026_00015.ppm;09;0
09/00026_00016.ppm;09;0
09/00026_00017.ppm;09;0
09/00026_00018.ppm;09;0
09/00026_00019.ppm;09;0
09/00026_00020.ppm;09;0
09/00026_00021.ppm;09;0
09/00026_00022.ppm;09;0
09/00026_00023.ppm;09;0
09/00026_00024.ppm;09;0
09/00026_00025.ppm;09;0
09/00026_00026.ppm;09;0
09/00026_00027.ppm;09;0
09/00026_00028.ppm;09;0
09/00026_00029.ppm;09;0
09/00027_00000.ppm;09;0
09/00027_00001.ppm;09;0
09/00027_00002.ppm;09;0
09/00027_00003.ppm;09;0
09/00027_00004.ppm;09;0
09/00027_00005.ppm;09;0
09/00027_00006.ppm;09;0
09/00027_00007.ppm;09;0
09/00027_00008.ppm;09;0
09/00027_00009.ppm;09;0
09/00027_00010.ppm;09;0
09/00027_00011.ppm;09;0
09/00027_00012.ppm;09;0
09/00027_00013.ppm;09;0
09/00027_00014.ppm;09;0
09/00027_00015.ppm;09;0
09/00027_00016.ppm;09;0
09/00027_00017.ppm;09;0
09/00027_00018.ppm;09;0
09/00027_00019.ppm;09;0
09/00027_00020.ppm;09;0
09/00027_00021.ppm;09;0
09/00027_00022.ppm;09;0
09/00027_00023.ppm;09;0
09/00027_00024.ppm;09;0
09/00027_00025.ppm;09;0
09/00027_00026.ppm;09;0
09/00027_00027.ppm;09;0
09/00027_00028.ppm;09;0
09/00027_00029.ppm;09;0
09/00028_00000.ppm;09;0
09/00028_00001.ppm;09;0
09/00028_00002.ppm;09;0
09/00028_00003.ppm;09;0
09/00028_00004.ppm;09;0
09/00028_00005.ppm;09;0
09/00028_00006.ppm;09;0
09/00028_00007.ppm;09;0
09/00028_00008.ppm;09;0
09/00028_00009.ppm;09;0
09/00028_00010.ppm;09;0
09/00028_00011.ppm;09;0
09/00028_00012.ppm;09;0
09/00028_00013.ppm;09;0
09/00028_00014.ppm;09;0
09/00028_00015.ppm;09;0
09/00028_00016.ppm;09;0
09/00028_00017.ppm;09;0
09/00028_00018.ppm;09;0
09/00028_00019.ppm;09;0
09/00028_00020.ppm;09;0
09/00028_00021.ppm;09;0
09/00028_00022.ppm;09;0
09/00028_00023.ppm;09;0
09/00028_00024.ppm;09;0
09/00028_00025.ppm;09;0
09/00028_00026.ppm;09;0
09/00028_00027.ppm;09;0
09/00028_00028.ppm;09;0
09/00028_00029.ppm;09;0
09/00029_00000.ppm;09;0
09/00029_00001.ppm;09;0
09/00029_00002.ppm;09;0
09/00029_00003.ppm;09;0
09/00029_00004.ppm;09;0
09/00029_00005.ppm;09;0
09/00029_00006.ppm;09;0
09/00029_00007.ppm;09;0
09/00029_00008.ppm;09;0
09/00029_00009.ppm;09;0
09/00029_00010.ppm;09;0
09/00029_00011.ppm;09;0
09/00029_00012.ppm;09;0
09/00029_00013.ppm;09;0
09/00029_00014.ppm;09;0
09/00029_00015.ppm;09;0
09/00029_00016.ppm;09;0
09/00029_00017.ppm;09;0
09/00029_00018.ppm;09;0
09/00029_00019.ppm;09;0
09/00029_00020.ppm;09;0
09/00029_00021.ppm;09;0
09/00029_00022.ppm;09;0
09/00029_00023.ppm;09;0
09/00029_00024.ppm;09;0
09/00029_00025.ppm;09;0
09/00029_00026.ppm;09;0
09/00029_00027.ppm;09;0
09/00029_00028.ppm;09;0
09/00029_00029.ppm;09;0
09/00030_00000.ppm;09;0
09/00030_00001.ppm;09;0
09/00030_00002.ppm;09;0
09/00030_00003.ppm;09;0
09/00030_00004.ppm;09;0
09/00030_00005.ppm;09;0
09/00030_00006.ppm;09;0
09/00030_00007.ppm;09;0
09/00030_00008.ppm;09;0
09/00030_00009.ppm;09;0
09/00030_00010.ppm;09;0
09/00030_00011.ppm;09;0
09/00030_00012.ppm;09;0
09/00030_00013.ppm;09;0
09/00030_00014.ppm;09;0
09/00030_00015.ppm;09;0
09/00030_00016.ppm;09;0
09/00030_00017.ppm;09;0
09/00030_00018.ppm;09;0
09/00030_00019.ppm;09;0
09/00030_00020.ppm;09;0
09/00030_00021.ppm;09;0
09/00030_00022.ppm;09;0
09/00030_00023.ppm;09;0
09/00030_00024.ppm;09;0
09/00030_00025.ppm;09;0
09/00030_00026.ppm;09;0
09/00030_00027.ppm;09;0
09/00030_00028.ppm;09;0
09/00030_00029.ppm;09;0
09/00031_00000.ppm;09;0
09/00031_00001.ppm;09;0
09/00031_00002.ppm;09;0
09/00031_00003.ppm;09;0
09/00031_00004.ppm;09;0
09/00031_00005.ppm;09;0
09/00031_00006.ppm;09;0
09/00031_00007.ppm;09;0
09/00031_00008.ppm;09;0
09/00031_00009.ppm;09;0
09/00031_00010.ppm;09;0
09/00031_00011.ppm;09;0
09/00031_00012.ppm;09;0
09/00031_00013.ppm;09;0
09/00031_00014.ppm;09;0
09/00031_00015.ppm;09;0
09/00031_00016.ppm;09;0
09/00031_00017.ppm;09;0
09/00031_00018.ppm;09;0
09/00031_00019.ppm;09;0
09/00031_00020.ppm;09;0
09/00031_00021.ppm;09;0
09/00031_00022.ppm;09;0
09/00031_00023.ppm;09;0
09/00031_00024.ppm;09;0
09/00031_00025.ppm;09;0
09/00031_00026.ppm;09;0
09/00031_00027.ppm;09;0
09/00031_00028.ppm;09;0
09/00031_00029.ppm;09;0
09/00032_00000.ppm;09;0
09/00032_00001.ppm;09;0
09/00032_00002.ppm;09;0
09/00032_00003.ppm;09;0
09/00032_00004.ppm;09;0
09/00032_00005.ppm;09;0
09/00032_00006.ppm;09;0
09/00032_00007.ppm;09;0
09/00032_00008.ppm;09;0
09/00032_00009.ppm;09;0
09/00032_00010.ppm;09;0
09/00032_00011.ppm;09;0
09/00032_00012.ppm;09;0
09/00032_00013.ppm;09;0
09/00032_00014.ppm;09;0
09/00032_00015.ppm;09;0
09/00032_00016.ppm;09;0
09/00032_00017.ppm;09;0
09/00032_00018.ppm;09;0
09/00032_00019.ppm;09;0
09/00032_00020.ppm;09;0
09/00032_00021.ppm;09;0
09/00032_00022.ppm;09;0
09/00032_00023.ppm;09;0
09/00032_00024.ppm;09;0
09/00032_00025.ppm;09;0
09/00032_00026.ppm;09;0
09/00032_00027.ppm;09;0
09/00032_00028.ppm;09;0
09/00032_00029.ppm;09;0
10/00000_00000.ppm;10;0
10/00000_00001.ppm;10;0
10/00000_00002.ppm;10;0
10/00000_00003.ppm;10;0
10/00000_00004.ppm;10;0
10/00000_00005.ppm;10;0
10/00000_00006.ppm;10;0
10/00000_00007.ppm;10;0
10/00000_00008.ppm;10;0
10/00000_00009.ppm;10;0
10/00000_00010.ppm;10;0
10/00000_00011.ppm;10;0
10/00000_00012.ppm;10;0
10/00000_00013.ppm;10;0
10/00000_00014.ppm;10;0
10/00000_00015.ppm;10;0
10/00000_00016.ppm;10;0
10/00000_00017.ppm;10;0
10/00000_00018.ppm;10;0
10/00000_00019.ppm;10;0
10/00000_00020.ppm;10;0
10/00000_00021.ppm;10;0
10/00000_00022.ppm;10;0
10/00000_00023.ppm;10;0
10/00000_00024.ppm;10;0
10/00000_00025.ppm;10;0
10/00000_00026.ppm;10;0
10/00000_00027.ppm;10;0
10/00000_00028.ppm;10;0
10/00000_00029.ppm;10;0
10/00001_00000.ppm;10;0
10/00001_00001.ppm;10;0
10/00001_00002.ppm;10;0
10/00001_00003.ppm;10;0
10/00001_00004.ppm;10;0
10/00001_00005.ppm;10;0
10/00001_00006.ppm;10;0
10/00001_00007.ppm;10;0
10/00001_00008.ppm;10;0
10/00001_00009.ppm;10;0
10/00001_00010.ppm;10;0
10/00001_00011.ppm;10;0
10/00001_00012.ppm;10;0
10/00001_00013.ppm;10;0
10/00001_00014.ppm;10;0
10/00001_00015.ppm;10;0
10/00001_00016.ppm;10;0
10/00001_00017.ppm;10;0
10/00001_00018.ppm;10;0
10/00001_00019.ppm;10;0
10/00001_00020.ppm;10;0
10/00001_00021.ppm;10;0
10/00001_00022.ppm;10;0
10/00001_00023.ppm;10;0
10/00001_00024.ppm;10;0
10/00001_00025.ppm;10;0
10/00001_00026.ppm;10;0
10/00001_00027.ppm;10;0
10/00001_00028.ppm;10;0
10/00001_00029.ppm;10;0
10/00002_00000.ppm;10;0
10/00002_00001.ppm;10;0
10/00002_00002.ppm;10;0
10/00002_00003.ppm;10;0
10/00002_00004.ppm;10;0
10/00002_00005.ppm;10;0
10/00002_00006.ppm;10;0
10/00002_00007.ppm;10;0
10/00002_00008.ppm;10;0
10/00002_00009.ppm;10;0
10/00002_00010.ppm;10;0
10/00002_00011.ppm;10;0
10/00002_00012.ppm;10;0
10/00002_00013.ppm;10;0
10/00002_00014.ppm;10;0
10/00002_00015.ppm;10;0
10/00002_00016.ppm;10;0
10/00002_00017.ppm;10;0
10/00002_00018.ppm;10;0
10/00002_00019.ppm;10;0
10/00002_00020.ppm;10;0
10/00002_00021.ppm;10;0
10/00002_00022.ppm;10;0
10/00002_00023.ppm;10;0
10/00002_00024.ppm;10;0
10/00002_00025.ppm;10;0
10/00002_00026.ppm;10;0
10/00002_00027.ppm;10;0
10/00002_00028.ppm;10;0
10/00002_00029.ppm;10;0
10/00003_00000.ppm;10;0
10/00003_00001.ppm;10;0
10/00003_00002.ppm;10;0
10/00003_00003.ppm;10;0
10/00003_00004.ppm;10;0
10/00003_00005.ppm;10;0
10/00003_00006.ppm;10;0
10/00003_00007.ppm;10;0
10/00003_00008.ppm;10;0
10/00003_00009.ppm;10;0
10/00003_00010.ppm;10;0
10/00003_00011.ppm;10;0
10/00003_00012.ppm;10;0
10/00003_00013.ppm;10;0
10/00003_00014.ppm;10;0
10/00003_00015.ppm;10;0
10/00003_00016.ppm;10;0
10/00003_00017.ppm;10;0
10/00003_00018.ppm;10;0
10/00003_00019.ppm;10;0
10/00003_00020.ppm;10;0
10/00003_00021.ppm;10;0
10/00003_00022.ppm;10;0
10/00003_00023.ppm;10;0
10/00003_00024.ppm;10;0
10/00003_00025.ppm;10;0
10/00003_00026.ppm;10;0
10/00003_00027.ppm;10;0
10/00003_00028.ppm;10;0
10/00003_00029.ppm;10;0
10/00004_00000.ppm;10;0
10/00004_00001.ppm;10;0
10/00004_00002.ppm;10;0
10/00004_00003.ppm;10;0
10/00004_00004.ppm;10;0
10/00004_00005.ppm;10;0
10/00004_00006.ppm;10;0
10/00004_00007.ppm;10;0
10/00004_00008.ppm;10;0
10/00004_00009.ppm;10;0
10/00004_00010.ppm;10;0
10/00004_00011.ppm;10;0
10/00004_00012.ppm;10;0
10/00004_00013.ppm;10;0
10/00004_00014.ppm;10;0
10/00004_00015.ppm;10;0
10/00004_00016.ppm;10;0
10/00004_00017.ppm;10;0
10/00004_00018.ppm;10;0
10/00004_00019.ppm;10;0
10/00004_00020.ppm;10;0
10/00004_00021.ppm;10;0
10/00004_00022.ppm;10;0
10/00004_00023.ppm;10;0
10/00004_00024.ppm;10;0
10/00004_00025.ppm;10;0
10/00004_00026.ppm;10;0
10/00004_00027.ppm;10;0
10/00004_00028.ppm;10;0
10/00004_00029.ppm;10;0
10/00005_00000.ppm;10;0
10/00005_00001.ppm;10;0
10/00005_00002.ppm;10;0
10/00005_00003.ppm;10;0
10/00005_00004.ppm;10;0
10/00005_00005.ppm;10;0
10/00005_00006.ppm;10;0
10/00005_00007.ppm;10;0
10/00005_00008.ppm;10;0
10/00005_00009.ppm;10;0
10/00005_00010.ppm;10;0
10/00005_00011.ppm;10;0
10/00005_00012.ppm;10;0
10/00005_00013.ppm;10;0
10/00005_00014.ppm;10;0
10/00005_00015.ppm;10;0
10/00005_00016.ppm;10;0
10/00005_00017.ppm;10;0
10/00005_00018.ppm;10;0
10/00005_00019.ppm;10;0
10/00005_00020.ppm;10;0
10/00005_00021.ppm;10;0
10/00005_00022.ppm;10;0
10/00005_00023.ppm;10;0
10/00005_00024.ppm;10;0
10/00005_00025.ppm;10;0
10/00005_00026.ppm;10;0
10/00005_00027.ppm;10;0
10/00005_00028.ppm;10;0
10/00005_00029.ppm;10;0
10/00006_00000.ppm;10;0
10/00006_00001.ppm;10;0
10/00006_00002.ppm;10;0
10/00006_00003.ppm;10;0
10/00006_00004.ppm;10;0
10/00006_00005.ppm;10;0
10/00006_00006.ppm;10;0
10/00006_00007.ppm;10;0
10/00006_00008.ppm;10;0
10/00006_00009.ppm;10;0
10/00006_00010.ppm;10;0
10/00006_00011.ppm;10;0
10/00006_00012.ppm;10;0
10/00006_00013.ppm;10;0
10/00006_00014.ppm;10;0
10/00006_00015.ppm;10;0
10/00006_00016.ppm;10;0
10/00006_00017.ppm;10;0
10/00006_00018.ppm;10;0
10/00006_00019.ppm;10;0
10/00006_00020.ppm;10;0
10/00006_00021.ppm;10;0
10/00006_00022.ppm;10;0
10/00006_00023.ppm;10;0
10/00006_00024.ppm;10;0
10/00006_00025.ppm;10;0
10/00006_00026.ppm;10;0
10/00006_00027.ppm;10;0
10/00006_00028.ppm;10;0
10/00006_00029.ppm;10;0
10/00007_00000.ppm;10;0
10/00007_00001.ppm;10;0
10/00007_00002.ppm;10;0
10/00007_00003.ppm;10;0
10/00007_00004.ppm;10;0
10/00007_00005.ppm;10;0
10/00007_00006.ppm;10;0
10/00007_00007.ppm;10;0
10/00007_00008.ppm;10;0
10/00007_00009.ppm;10;0
10/00007_00010.ppm;10;0
10/00007_00011.ppm;10;0
10/00007_00012.ppm;10;0
10/00007_00013.ppm;10;0
10/00007_00014.ppm;10;0
10/00007_00015.ppm;10;0
10/00007_00016.ppm;10;0
10/00007_00017.ppm;10;0
10/00007_00018.ppm;10;0
10/00007_00019.ppm;10;0
10/00007_00020.ppm;10;0
10/00007_00021.ppm;10;0
10/00007_00022.ppm;10;0
10/00007_00023.ppm;10;0
10/00007_00024.ppm;10;0
10/00007_00025.ppm;10;0
10/00007_00026.ppm;10;0
10/00007_00027.ppm;10;0
10/00007_00028.ppm;10;0
10/00007_00029.ppm;10;0
10/00008_00000.ppm;10;0
10/00008_00001.ppm;10;0
10/00008_00002.ppm;10;0
10/00008_00003.ppm;10;0
10/00008_00004.ppm;10;0
10/00008_00005.ppm;10;0
10/00008_00006.ppm;10;0
10/00008_00007.ppm;10;0
10/00008_00008.ppm;10;0
10/00008_00009.ppm;10;0
10/00008_00010.ppm;10;0
10/00008_00011.ppm;10;0
10/00008_00012.ppm;10;0
10/00008_00013.ppm;10;0
10/00008_00014.ppm;10;0
10/00008_00015.ppm;10;0
10/00008_00016.ppm;10;0
10/00008_00017.ppm;10;0
10/00008_00018.ppm;10;0
10/00008_00019.ppm;10;0
10/00008_00020.ppm;10;0
10/00008_00021.ppm;10;0
10/00008_00022.ppm;10;0
10/00008_00023.ppm;10;0
10/00008_00024.ppm;10;0
10/00008_00025.ppm;10;0
10/00008_00026.ppm;10;0
10/00008_00027.ppm;10;0
10/00008_00028.ppm;10;0
10/00008_00029.ppm;10;0
10/00009_00000.ppm;10;0
10/00009_00001.ppm;10;0
10/00009_00002.ppm;10;0
10/00009_00003.ppm;10;0
10/00009_00004.ppm;10;0
10/00009_00005.ppm;10;0
10/00009_00006.ppm;10;0
10/00009_00007.ppm;10;0
10/00009_00008.ppm;10;0
10/00009_00009.ppm;10;0
10/00009_00010.ppm;10;0
10/00009_00011.ppm;10;0
10/00009_00012.ppm;10;0
10/00009_00013.ppm;10;0
10/00009_00014.ppm;10;0
10/00009_00015.ppm;10;0
10/00009_00016.ppm;10;0
10/00009_00017.ppm;10;0
10/00009_00018.ppm;10;0
10/00009_00019.ppm;10;0
10/00009_00020.ppm;10;0
10/00009_00021.ppm;10;0
10/00009_00022.ppm;10;0
10/00009_00023.ppm;10;0
10/00009_00024.ppm;10;0
10/00009_00025.ppm;10;0
10/00009_00026.ppm;10;0
10/00009_00027.ppm;10;0
10/00009_00028.ppm;10;0
10/00009_00029.ppm;10;0
10/00010_00000.ppm;10;0
10/00010_00001.ppm;10;0
10/00010_00002.ppm;10;0
10/00010_00003.ppm;10;0
10/00010_00004.ppm;10;0
10/00010_00005.ppm;10;0
10/00010_00006.ppm;10;0
10/00010_00007.ppm;10;0
10/00010_00008.ppm;10;0
10/00010_00009.ppm;10;0
10/00010_00010.ppm;10;0
10/00010_00011.ppm;10;0
10/00010_00012.ppm;10;0
10/00010_00013.ppm;10;0
10/00010_00014.ppm;10;0
10/00010_00015.ppm;10;0
10/00010_00016.ppm;10;0
10/00010_00017.ppm;10;0
10/00010_00018.ppm;10;0
10/00010_00019.ppm;10;0
10/00010_00020.ppm;10;0
10/00010_00021.ppm;10;0
10/00010_00022.ppm;10;0
10/00010_00023.ppm;10;0
10/00010_00024.ppm;10;0
10/00010_00025.ppm;10;0
10/00010_00026.ppm;10;0
10/00010_00027.ppm;10;0
10/00010_00028.ppm;10;0
10/00010_00029.ppm;10;0
10/00011_00000.ppm;10;0
10/00011_00001.ppm;10;0
10/00011_00002.ppm;10;0
10/00011_00003.ppm;10;0
10/00011_00004.ppm;10;0
10/00011_00005.ppm;10;0
10/00011_00006.ppm;10;0
10/00011_00007.ppm;10;0
10/00011_00008.ppm;10;0
10/00011_00009.ppm;10;0
10/00011_00010.ppm;10;0
10/00011_00011.ppm;10;0
10/00011_00012.ppm;10;0
10/00011_00013.ppm;10;0
10/00011_00014.ppm;10;0
10/00011_00015.ppm;10;0
10/00011_00016.ppm;10;0
10/00011_00017.ppm;10;0
10/00011_00018.ppm;10;0
10/00011_00019.ppm;10;0
10/00011_00020.ppm;10;0
10/00011_00021.ppm;10;0
10/00011_00022.ppm;10;0
10/00011_00023.ppm;10;0
10/00011_00024.ppm;10;0
10/00011_00025.ppm;10;0
10/00011_00026.ppm;10;0
10/00011_00027.ppm;10;0
10/00011_00028.ppm;10;0
10/00011_00029.ppm;10;0
10/00012_00000.ppm;10;0
10/00012_00001.ppm;10;0
10/00012_00002.ppm;10;0
10/00012_00003.ppm;10;0
10/00012_00004.ppm;10;0
10/00012_00005.ppm;10;0
10/00012_00006.ppm;10;0
10/00012_00007.ppm;10;0
10/00012_00008.ppm;10;0
10/00012_00009.ppm;10;0
10/00012_00010.ppm;10;0
10/00012_00011.ppm;10;0
10/00012_00012.ppm;10;0
10/00012_00013.ppm;10;0
10/00012_00014.ppm;10;0
10/00012_00015.ppm;10;0
10/00012_00016.ppm;10;0
10/00012_00017.ppm;10;0
10/00012_00018.ppm;10;0
10/00012_00019.ppm;10;0
10/00012_00020.ppm;10;0
10/00012_00021.ppm;10;0
10/00012_00022.ppm;10;0
10/00012_00023.ppm;10;0
10/00012_00024.ppm;10;0
10/00012_00025.ppm;10;0
10/00012_00026.ppm;10;0
10/00012_00027.ppm;10;0
10/00012_00028.ppm;10;0
10/00012_00029.ppm;10;0
10/00013_00000.ppm;10;0
10/00013_00001.ppm;10;0
10/00013_00002.ppm;10;0
10/00013_00003.ppm;10;0
10/00013_00004.ppm;10;0
10/00013_00005.ppm;10;0
10/00013_00006.ppm;10;0
10/00013_00007.ppm;10;0
10/00013_00008.ppm;10;0
10/00013_00009.ppm;10;0
10/00013_00010.ppm;10;0
10/00013_00011.ppm;10;0
10/00013_00012.ppm;10;0
10/00013_00013.ppm;10;0
10/00013_00014.ppm;10;0
10/00013_00015.ppm;10;0
10/00013_00016.ppm;10;0
10/00013_00017.ppm;10;0
10/00013_00018.ppm;10;0
10/00013_00019.ppm;10;0
10/00013_00020.ppm;10;0
10/00013_00021.ppm;10;0
10/00013_00022.ppm;10;0
10/00013_00023.ppm;10;0
10/00013_00024.ppm;10;0
10/00013_00025.ppm;10;0
10/00013_00026.ppm;10;0
10/00013_00027.ppm;10;0
10/00013_00028.ppm;10;0
10/00013_00029.ppm;10;0
10/00014_00000.ppm;10;0
10/00014_00001.ppm;10;0
10/00014_00002.ppm;10;0
10/00014_00003.ppm;10;0
10/00014_00004.ppm;10;0
10/00014_00005.ppm;10;0
10/00014_00006.ppm;10;0
10/00014_00007.ppm;10;0
10/00014_00008.ppm;10;0
10/00014_00009.ppm;10;0
10/00014_00010.ppm;10;0
10/00014_00011.ppm;10;0
10/00014_00012.ppm;10;0
10/00014_00013.ppm;10;0
10/00014_00014.ppm;10;0
10/00014_00015.ppm;10;0
10/00014_00016.ppm;10;0
10/00014_00017.ppm;10;0
10/00014_00018.ppm;10;0
10/00014_00019.ppm;10;0
10/00014_00020.ppm;10;0
10/00014_00021.ppm;10;0
10/00014_00022.ppm;10;0
10/00014_00023.ppm;10;0
10/00014_00024.ppm;10;0
10/00014_00025.ppm;10;0
10/00014_00026.ppm;10;0
10/00014_00027.ppm;10;0
10/00014_00028.ppm;10;0
10/00014_00029.ppm;10;0
10/00015_00000.ppm;10;0
10/00015_00001.ppm;10;0
10/00015_00002.ppm;10;0
10/00015_00003.ppm;10;0
10/00015_00004.ppm;10;0
10/00015_00005.ppm;10;0
10/00015_00006.ppm;10;0
10/00015_00007.ppm;10;0
10/00015_00008.ppm;10;0
10/00015_00009.ppm;10;0
10/00015_00010.ppm;10;0
10/00015_00011.ppm;10;0
10/00015_00012.ppm;10;0
10/00015_00013.ppm;10;0
10/00015_00014.ppm;10;0
10/00015_00015.ppm;10;0
10/00015_00016.ppm;10;0
10/00015_00017.ppm;10;0
10/00015_00018.ppm;10;0
10/00015_00019.ppm;10;0
10/00015_00020.ppm;10;0
10/00015_00021.ppm;10;0
10/00015_00022.ppm;10;0
10/00015_00023.ppm;10;0
10/00015_00024.ppm;10;0
10/00015_00025.ppm;10;0
10/00015_00026.ppm;10;0
10/00015_00027.ppm;10;0
10/00015_00028.ppm;10;0
10/00015_00029.ppm;10;0
10/00016_00000.ppm;10;0
10/00016_00001.ppm;10;0
10/00016_00002.ppm;10;0
10/00016_00003.ppm;10;0
10/00016_00004.ppm;10;0
10/00016_00005.ppm;10;0
10/00016_00006.ppm;10;0
10/00016_00007.ppm;10;0
10/00016_00008.ppm;10;0
10/00016_00009.ppm;10;0
10/00016_00010.ppm;10;0
10/00016_00011.ppm;10;0
10/00016_00012.ppm;10;0
10/00016_00013.ppm;10;0
10/00016_00014.ppm;10;0
10/00016_00015.ppm;10;0
10/00016_00016.ppm;10;0
10/00016_00017.ppm;10;0
10/00016_00018.ppm;10;0
10/00016_00019.ppm;10;0
10/00016_00020.ppm;10;0
10/00016_00021.ppm;10;0
10/00016_00022.ppm;10;0
10/00016_00023.ppm;10;0
10/00016_00024.ppm;10;0
10/00016_00025.ppm;10;0
10/00016_00026.ppm;10;0
10/00016_00027.ppm;10;0
10/00016_00028.ppm;10;0
10/00016_00029.ppm;10;0
10/00017_00000.ppm;10;0
10/00017_00001.ppm;10;0
10/00017_00002.ppm;10;0
10/00017_00003.ppm;10;0
10/00017_00004.ppm;10;0
10/00017_00005.ppm;10;0
10/00017_00006.ppm;10;0
10/00017_00007.ppm;10;0
10/00017_00008.ppm;10;0
10/00017_00009.ppm;10;0
10/00017_00010.ppm;10;0
10/00017_00011.ppm;10;0
10/00017_00012.ppm;10;0
10/00017_00013.ppm;10;0
10/00017_00014.ppm;10;0
10/00017_00015.ppm;10;0
10/00017_00016.ppm;10;0
10/00017_00017.ppm;10;0
10/00017_00018.ppm;10;0
10/00017_00019.ppm;10;0
10/00017_00020.ppm;10;0
10/00017_00021.ppm;10;0
10/00017_00022.ppm;10;0
10/00017_00023.ppm;10;0
10/00017_00024.ppm;10;0
10/00017_00025.ppm;10;0
10/00017_00026.ppm;10;0
10/00017_00027.ppm;10;0
10/00017_00028.ppm;10;0
10/00017_00029.ppm;10;0
10/00018_00000.ppm;10;0
10/00018_00001.ppm;10;0
10/00018_00002.ppm;10;0
10/00018_00003.ppm;10;0
10/00018_00004.ppm;10;0
10/00018_00005.ppm;10;0
10/00018_00006.ppm;10;0
10/00018_00007.ppm;10;0
10/00018_00008.ppm;10;0
10/00018_00009.ppm;10;0
10/00018_00010.ppm;10;0
10/00018_00011.ppm;10;0
10/00018_00012.ppm;10;0
10/00018_00013.ppm;10;0
10/00018_00014.ppm;10;0
10/00018_00015.ppm;10;0
10/00018_00016.ppm;10;0
10/00018_00017.ppm;10;0
10/00018_00018.ppm;10;0
10/00018_00019.ppm;10;0
10/00018_00020.ppm;10;0
10/00018_00021.ppm;10;0
10/00018_00022.ppm;10;0
10/00018_00023.ppm;10;0
10/00018_00024.ppm;10;0
10/00018_00025.ppm;10;0
10/00018_00026.ppm;10;0
10/00018_00027.ppm;10;0
10/00018_00028.ppm;10;0
10/00018_00029.ppm;10;0
10/00019_00000.ppm;10;0
10/00019_00001.ppm;10;0
10/00019_00002.ppm;10;0
10/00019_00003.ppm;10;0
10/00019_00004.ppm;10;0
10/00019_00005.ppm;10;0
10/00019_00006.ppm;10;0
10/00019_00007.ppm;10;0
10/00019_00008.ppm;10;0
10/00019_00009.ppm;10;0
10/00019_00010.ppm;10;0
10/00019_00011.ppm;10;0
10/00019_00012.ppm;10;0
10/00019_00013.ppm;10;0
10/00019_00014.ppm;10;0
10/00019_00015.ppm;10;0
10/00019_00016.ppm;10;0
10/00019_00017.ppm;10;0
10/00019_00018.ppm;10;0
10/00019_00019.ppm;10;0
10/00019_00020.ppm;10;0
10/00019_00021.ppm;10;0
10/00019_00022.ppm;10;0
10/00019_00023.ppm;10;0
10/00019_00024.ppm;10;0
10/00019_00025.ppm;10;0
10/00019_00026.ppm;10;0
10/00019_00027.ppm;10;0
10/00019_00028.ppm;10;0
10/00019_00029.ppm;10;0
10/00020_00000.ppm;10;0
10/00020_00001.ppm;10;0
10/00020_00002.ppm;10;0
10/00020_00003.ppm;10;0
10/00020_00004.ppm;10;0
10/00020_00005.ppm;10;0
10/00020_00006.ppm;10;0
10/00020_00007.ppm;10;0
10/00020_00008.ppm;10;0
10/00020_00009.ppm;10;0
10/00020_00010.ppm;10;0
10/00020_00011.ppm;10;0
10/00020_00012.ppm;10;0
10/00020_00013.ppm;10;0
10/00020_00014.ppm;10;0
10/00020_00015.ppm;10;0
10/00020_00016.ppm;10;0
10/00020_00017.ppm;10;0
10/00020_00018.ppm;10;0
10/00020_00019.ppm;10;0
10/00020_00020.ppm;10;0
10/00020_00021.ppm;10;0
10/00020_00022.ppm;10;0
10/00020_00023.ppm;10;0
10/00020_00024.ppm;10;0
10/00020_00025.ppm;10;0
10/00020_00026.ppm;10;0
10/00020_00027.ppm;10;0
10/00020_00028.ppm;10;0
10/00020_00029.ppm;10;0
10/00021_00000.ppm;10;0
10/00021_00001.ppm;10;0
10/00021_00002.ppm;10;0
10/00021_00003.ppm;10;0
10/00021_00004.ppm;10;0
10/00021_00005.ppm;10;0
10/00021_00006.ppm;10;0
10/00021_00007.ppm;10;0
10/00021_00008.ppm;10;0
10/00021_00009.ppm;10;0
10/00021_00010.ppm;10;0
10/00021_00011.ppm;10;0
10/00021_00012.ppm;10;0
10/00021_00013.ppm;10;0
10/00021_00014.ppm;10;0
10/00021_00015.ppm;10;0
10/00021_00016.ppm;10;0
10/00021_00017.ppm;10;0
10/00021_00018.ppm;10;0
10/00021_00019.ppm;10;0
10/00021_00020.ppm;10;0
10/00021_00021.ppm;10;0
10/00021_00022.ppm;10;0
10/00021_00023.ppm;10;0
10/00021_00024.ppm;10;0
10/00021_00025.ppm;10;0
10/00021_00026.ppm;10;0
10/00021_00027.ppm;10;0
10/00021_00028.ppm;10;0
10/00021_00029.ppm;10;0
10/00022_00000.ppm;10;0
10/00022_00001.ppm;10;0
10/00022_00002.ppm;10;0
10/00022_00003.ppm;10;0
10/00022_00004.ppm;10;0
10/00022_00005.ppm;10;0
10/00022_00006.ppm;10;0
10/00022_00007.ppm;10;0
10/00022_00008.ppm;10;0
10/00022_00009.ppm;10;0
10/00022_00010.ppm;10;0
10/00022_00011.ppm;10;0
10/00022_00012.ppm;10;0
10/00022_00013.ppm;10;0
10/00022_00014.ppm;10;0
10/00022_00015.ppm;10;0
10/00022_00016.ppm;10;0
10/00022_00017.ppm;10;0
10/00022_00018.ppm;10;0
10/00022_00019.ppm;10;0
10/00022_00020.ppm;10;0
10/00022_00021.ppm;10;0
10/00022_00022.ppm;10;0
10/00022_00023.ppm;10;0
10/00022_00024.ppm;10;0
10/00022_00025.ppm;10;0
10/00022_00026.ppm;10;0
10/00022_00027.ppm;10;0
10/00022_00028.ppm;10;0
10/00022_00029.ppm;10;0
10/00023_00000.ppm;10;0
10/00023_00001.ppm;10;0
10/00023_00002.ppm;10;0
10/00023_00003.ppm;10;0
10/00023_00004.ppm;10;0
10/00023_00005.ppm;10;0
10/00023_00006.ppm;10;0
10/00023_00007.ppm;10;0
10/00023_00008.ppm;10;0
10/00023_00009.ppm;10;0
10/00023_00010.ppm;10;0
10/00023_00011.ppm;10;0
10/00023_00012.ppm;10;0
10/00023_00013.ppm;10;0
10/00023_00014.ppm;10;0
10/00023_00015.ppm;10;0
10/00023_00016.ppm;10;0
10/00023_00017.ppm;10;0
10/00023_00018.ppm;10;0
10/00023_00019.ppm;10;0
10/00023_00020.ppm;10;0
10/00023_00021.ppm;10;0
10/00023_00022.ppm;10;0
10/00023_00023.ppm;10;0
10/00023_00024.ppm;10;0
10/00023_00025.ppm;10;0
10/00023_00026.ppm;10;0
10/00023_00027.ppm;10;0
10/00023_00028.ppm;10;0
10/00023_00029.ppm;10;0
10/00024_00000.ppm;10;0
10/00024_00001.ppm;10;0
10/00024_00002.ppm;10;0
10/00024_00003.ppm;10;0
10/00024_00004.ppm;10;0
10/00024_00005.ppm;10;0
10/00024_00006.ppm;10;0
10/00024_00007.ppm;10;0
10/00024_00008.ppm;10;0
10/00024_00009.ppm;10;0
10/00024_00010.ppm;10;0
10/00024_00011.ppm;10;0
10/00024_00012.ppm;10;0
10/00024_00013.ppm;10;0
10/00024_00014.ppm;10;0
10/00024_00015.ppm;10;0
10/00024_00016.ppm;10;0
10/00024_00017.ppm;10;0
10/00024_00018.ppm;10;0
10/00024_00019.ppm;10;0
10/00024_00020.ppm;10;0
10/00024_00021.ppm;10;0
10/00024_00022.ppm;10;0
10/00024_00023.ppm;10;0
10/00024_00024.ppm;10;0
10/00024_00025.ppm;10;0
10/00024_00026.ppm;10;0
10/00024_00027.ppm;10;0
10/00024_00028.ppm;10;0
10/00024_00029.ppm;10;0
10/00025_00000.ppm;10;0
10/00025_00001.ppm;10;0
10/00025_00002.ppm;10;0
10/00025_00003.ppm;10;0
10/00025_00004.ppm;10;0
10/00025_00005.ppm;10;0
10/00025_00006.ppm;10;0
10/00025_00007.ppm;10;0
10/00025_00008.ppm;10;0
10/00025_00009.ppm;10;0
10/00025_00010.ppm;10;0
10/00025_00011.ppm;10;0
10/00025_00012.ppm;10;0
10/00025_00013.ppm;10;0
10/00025_00014.ppm;10;0
10/00025_00015.ppm;10;0
10/00025_00016.ppm;10;0
10/00025_00017.ppm;10;0
10/00025_00018.ppm;10;0
10/00025_00019.ppm;10;0
10/00025_00020.ppm;10;0
10/00025_00021.ppm;10;0
10/00025_00022.ppm;10;0
10/00025_00023.ppm;10;0
10/00025_00024.ppm;10;0
10/00025_00025.ppm;10;0
10/00025_00026.ppm;10;0
10/00025_00027.ppm;10;0
10/00025_00028.ppm;10;0
10/00025_00029.ppm;10;0
10/00026_00000.ppm;10;0
10/00026_00001.ppm;10;0
10/00026_00002.ppm;10;0
10/00026_00003.ppm;10;0
10/00026_00004.ppm;10;0
10/00026_00005.ppm;10;0
10/00026_00006.ppm;10;0
10/00026_00007.ppm;10;0
10/00026_00008.ppm;10;0
10/00026_00009.ppm;10;0
10/00026_00010.ppm;10;0
10/00026_00011.ppm;10;0
10/00026_00012.ppm;10;0
10/00026_00013.ppm;10;0
10/00026_00014.ppm;10;0
10/00026_00015.ppm;10;0
10/00026_00016.ppm;10;0
10/00026_00017.ppm;10;0
10/00026_00018.ppm;10;0
10/00026_00019.ppm;10;0
10/00026_00020.ppm;10;0
10/00026_00021.ppm;10;0
10/00026_00022.ppm;10;0
10/00026_00023.ppm;10;0
10/00026_00024.ppm;10;0
10/00026_00025.ppm;10;0
10/00026_00026.ppm;10;0
10/00026_00027.ppm;10;0
10/00026_00028.ppm;10;0
10/00026_00029.ppm;10;0
10/00027_00000.ppm;10;0
10/00027_00001.ppm;10;0
10/00027_00002.ppm;10;0
10/00027_00003.ppm;10;0
10/00027_00004.ppm;10;0
10/00027_00005.ppm;10;0
10/00027_00006.ppm;10;0
10/00027_00007.ppm;10;0
10/00027_00008.ppm;10;0
10/00027_00009.ppm;10;0
10/00027_00010.ppm;10;0
10/00027_00011.ppm;10;0
10/00027_00012.ppm;10;0
10/00027_00013.ppm;10;0
10/00027_00014.ppm;10;0
10/00027_00015.ppm;10;0
10/00027_00016.ppm;10;0
10/00027_00017.ppm;10;0
10/00027_00018.ppm;10;0
10/00027_00019.ppm;10;0
10/00027_00020.ppm;10;0
10/00027_00021.ppm;10;0
10/00027_00022.ppm;10;0
10/00027_00023.ppm;10;0
10/00027_00024.ppm;10;0
10/00027_00025.ppm;10;0
10/00027_00026.ppm;10;0
10/00027_00027.ppm;10;0
10/00027_00028.ppm;10;0
10/00027_00029.ppm;10;0
10/00028_00000.ppm;10;0
10/00028_00001.ppm;10;0
10/00028_00002.ppm;10;0
10/00028_00003.ppm;10;0
10/00028_00004.ppm;10;0
10/00028_00005.ppm;10;0
10/00028_00006.ppm;10;0
10/00028_00007.ppm;10;0
10/00028_00008.ppm;10;0
10/00028_00009.ppm;10;0
10/00028_00010.ppm;10;0
10/00028_00011.ppm;10;0
10/00028_00012.ppm;10;0
10/00028_00013.ppm;10;0
10/00028_00014.ppm;10;0
10/00028_00015.ppm;10;0
10/00028_00016.ppm;10;0
10/00028_00017.ppm;10;0
10/00028_00018.ppm;10;0
10/00028_00019.ppm;10;0
10/00028_00020.ppm;10;0
10/00028_00021.ppm;10;0
10/00028_00022.ppm;10;0
10/00028_00023.ppm;10;0
10/00028_00024.ppm;10;0
10/00028_00025.ppm;10;0
10/00028_00026.ppm;10;0
10/00028_00027.ppm;10;0
10/00028_00028.ppm;10;0
10/00028_00029.ppm;10;0
10/00029_00000.ppm;10;0
10/00029_00001.ppm;10;0
10/00029_00002.ppm;10;0
10/00029_00003.ppm;10;0
10/00029_00004.ppm;10;0
10/00029_00005.ppm;10;0
10/00029_00006.ppm;10;0
10/00029_00007.ppm;10;0
10/00029_00008.ppm;10;0
10/00029_00009.ppm;10;0
10/00029_00010.ppm;10;0
10/00029_00011.ppm;10;0
10/00029_00012.ppm;10;0
10/00029_00013.ppm;10;0
10/00029_00014.ppm;10;0
10/00029_00015.ppm;10;0
10/00029_00016.ppm;10;0
10/00029_00017.ppm;10;0
10/00029_00018.ppm;10;0
10/00029_00019.ppm;10;0
10/00029_00020.ppm;10;0
10/00029_00021.ppm;10;0
10/00029_00022.ppm;10;0
10/00029_00023.ppm;10;0
10/00029_00024.ppm;10;0
10/00029_00025.ppm;10;0
10/00029_00026.ppm;10;0
10/00029_00027.ppm;10;0
10/00029_00028.ppm;10;0
10/00029_00029.ppm;10;0
10/00030_00000.ppm;10;0
10/00030_00001.ppm;10;0
10/00030_00002.ppm;10;0
10/00030_00003.ppm;10;0
10/00030_00004.ppm;10;0
10/00030_00005.ppm;10;0
10/00030_00006.ppm;10;0
10/00030_00007.ppm;10;0
10/00030_00008.ppm;10;0
10/00030_00009.ppm;10;0
10/00030_00010.ppm;10;0
10/00030_00011.ppm;10;0
10/00030_00012.ppm;10;0
10/00030_00013.ppm;10;0
10/00030_00014.ppm;10;0
10/00030_00015.ppm;10;0
10/00030_00016.ppm;10;0
10/00030_00017.ppm;10;0
10/00030_00018.ppm;10;0
10/00030_00019.ppm;10;0
10/00030_00020.ppm;10;0
10/00030_00021.ppm;10;0
10/00030_00022.ppm;10;0
10/00030_00023.ppm;10;0
10/00030_00024.ppm;10;0
10/00030_00025.ppm;10;0
10/00030_00026.ppm;10;0
10/00030_00027.ppm;10;0
10/00030_00028.ppm;10;0
10/00030_00029.ppm;10;0
10/00031_00000.ppm;10;0
10/00031_00001.ppm;10;0
10/00031_00002.ppm;10;0
10/00031_00003.ppm;10;0
10/00031_00004.ppm;10;0
10/00031_00005.ppm;10;0
10/00031_00006.ppm;10;0
10/00031_00007.ppm;10;0
10/00031_00008.ppm;10;0
10/00031_00009.ppm;10;0
10/00031_00010.ppm;10;0
10/00031_00011.ppm;10;0
10/00031_00012.ppm;10;0
10/00031_00013.ppm;10;0
10/00031_00014.ppm;10;0
10/00031_00015.ppm;10;0
10/00031_00016.ppm;10;0
10/00031_00017.ppm;10;0
10/00031_00018.ppm;10;0
10/00031_00019.ppm;10;0
10/00031_00020.ppm;10;0
10/00031_00021.ppm;10;0
10/00031_00022.ppm;10;0
10/00031_00023.ppm;10;0
10/00031_00024.ppm;10;0
10/00031_00025.ppm;10;0
10/00031_00026.ppm;10;0
10/00031_00027.ppm;10;0
10/00031_00028.ppm;10;0
10/00031_00029.ppm;10;0
10/00032_00000.ppm;10;0
10/00032_00001.ppm;10;0
10/00032_00002.ppm;10;0
10/00032_00003.ppm;10;0
10/00032_00004.ppm;10;0
10/00032_00005.ppm;10;0
10/00032_00006.ppm;10;0
10/00032_00007.ppm;10;0
10/00032_00008.ppm;10;0
10/00032_00009.ppm;10;0
10/00032_00010.ppm;10;0
10/00032_00011.ppm;10;0
10/00032_00012.ppm;10;0
10/00032_00013.ppm;10;0
10/00032_00014.ppm;10;0
10/00032_00015.ppm;10;0
10/00032_00016.ppm;10;0
10/00032_00017.ppm;10;0
10/00032_00018.ppm;10;0
10/00032_00019.ppm;10;0
10/00032_00020.ppm;10;0
10/00032_00021.ppm;10;0
10/00032_00022.ppm;10;0
10/00032_00023.ppm;10;0
10/00032_00024.ppm;10;0
10/00032_00025.ppm;10;0
10/00032_00026.ppm;10;0
10/00032_00027.ppm;10;0
10/00032_00028.ppm;10;0
10/00032_00029.ppm;10;0
10/00033_00000.ppm;10;0
10/00033_00001.ppm;10;0
10/00033_00002.ppm;10;0
10/00033_00003.ppm;10;0
10/00033_00004.ppm;10;0
10/00033_00005.ppm;10;0
10/00033_00006.ppm;10;0
10/00033_00007.ppm;10;0
10/00033_00008.ppm;10;0
10/00033_00009.ppm;10;0
10/00033_00010.ppm;10;0
10/00033_00011.ppm;10;0
10/00033_00012.ppm;10;0
10/00033_00013.ppm;10;0
10/00033_00014.ppm;10;0
10/00033_00015.ppm;10;0
10/00033_00016.ppm;10;0
10/00033_00017.ppm;10;0
10/00033_00018.ppm;10;0
10/00033_00019.ppm;10;0
10/00033_00020.ppm;10;0
10/00033_00021.ppm;10;0
10/00033_00022.ppm;10;0
10/00033_00023.ppm;10;0
10/00033_00024.ppm;10;0
10/00033_00025.ppm;10;0
10/00033_00026.ppm;10;0
10/00033_00027.ppm;10;0
10/00033_00028.ppm;10;0
10/00033_00029.ppm;10;0
10/00034_00000.ppm;10;0
10/00034_00001.ppm;10;0
10/00034_00002.ppm;10;0
10/00034_00003.ppm;10;0
10/00034_00004.ppm;10;0
10/00034_00005.ppm;10;0
10/00034_00006.ppm;10;0
10/00034_00007.ppm;10;0
10/00034_00008.ppm;10;0
10/00034_00009.ppm;10;0
10/00034_00010.ppm;10;0
10/00034_00011.ppm;10;0
10/00034_00012.ppm;10;0
10/00034_00013.ppm;10;0
10/00034_00014.ppm;10;0
10/00034_00015.ppm;10;0
10/00034_00016.ppm;10;0
10/00034_00017.ppm;10;0
10/00034_00018.ppm;10;0
10/00034_00019.ppm;10;0
10/00034_00020.ppm;10;0
10/00034_00021.ppm;10;0
10/00034_00022.ppm;10;0
10/00034_00023.ppm;10;0
10/00034_00024.ppm;10;0
10/00034_00025.ppm;10;0
10/00034_00026.ppm;10;0
10/00034_00027.ppm;10;0
10/00034_00028.ppm;10;0
10/00034_00029.ppm;10;0
10/00035_00000.ppm;10;0
10/00035_00001.ppm;10;0
10/00035_00002.ppm;10;0
10/00035_00003.ppm;10;0
10/00035_00004.ppm;10;0
10/00035_00005.ppm;10;0
10/00035_00006.ppm;10;0
10/00035_00007.ppm;10;0
10/00035_00008.ppm;10;0
10/00035_00009.ppm;10;0
10/00035_00010.ppm;10;0
10/00035_00011.ppm;10;0
10/00035_00012.ppm;10;0
10/00035_00013.ppm;10;0
10/00035_00014.ppm;10;0
10/00035_00015.ppm;10;0
10/00035_00016.ppm;10;0
10/00035_00017.ppm;10;0
10/00035_00018.ppm;10;0
10/00035_00019.ppm;10;0
10/00035_00020.ppm;10;0
10/00035_00021.ppm;10;0
10/00035_00022.ppm;10;0
10/00035_00023.ppm;10;0
10/00035_00024.ppm;10;0
10/00035_00025.ppm;10;0
10/00035_00026.ppm;10;0
10/00035_00027.ppm;10;0
10/00035_00028.ppm;10;0
10/00035_00029.ppm;10;0
10/00036_00000.ppm;10;0
10/00036_00001.ppm;10;0
10/00036_00002.ppm;10;0
10/00036_00003.ppm;10;0
10/00036_00004.ppm;10;0
10/00036_00005.ppm;10;0
10/00036_00006.ppm;10;0
10/00036_00007.ppm;10;0
10/00036_00008.ppm;10;0
10/00036_00009.ppm;10;0
10/00036_00010.ppm;10;0
10/00036_00011.ppm;10;0
10/00036_00012.ppm;10;0
10/00036_00013.ppm;10;0
10/00036_00014.ppm;10;0
10/00036_00015.ppm;10;0
10/00036_00016.ppm;10;0
10/00036_00017.ppm;10;0
10/00036_00018.ppm;10;0
10/00036_00019.ppm;10;0
10/00036_00020.ppm;10;0
10/00036_00021.ppm;10;0
10/00036_00022.ppm;10;0
10/00036_00023.ppm;10;0
10/00036_00024.ppm;10;0
10/00036_00025.ppm;10;0
10/00036_00026.ppm;10;0
10/00036_00027.ppm;10;0
10/00036_00028.ppm;10;0
10/00036_00029.ppm;10;0
10/00037_00000.ppm;10;0
10/00037_00001.ppm;10;0
10/00037_00002.ppm;10;0
10/00037_00003.ppm;10;0
10/00037_00004.ppm;10;0
10/00037_00005.ppm;10;0
10/00037_00006.ppm;10;0
10/00037_00007.ppm;10;0
10/00037_00008.ppm;10;0
10/00037_00009.ppm;10;0
10/00037_00010.ppm;10;0
10/00037_00011.ppm;10;0
10/00037_00012.ppm;10;0
10/00037_00013.ppm;10;0
10/00037_00014.ppm;10;0
10/00037_00015.ppm;10;0
10/00037_00016.ppm;10;0
10/00037_00017.ppm;10;0
10/00037_00018.ppm;10;0
10/00037_00019.ppm;10;0
10/00037_00020.ppm;10;0
10/00037_00021.ppm;10;0
10/00037_00022.ppm;10;0
10/00037_00023.ppm;10;0
10/00037_00024.ppm;10;0
10/00037_00025.ppm;10;0
10/00037_00026.ppm;10;0
10/00037_00027.ppm;10;0
10/00037_00028.ppm;10;0
10/00037_00029.ppm;10;0
10/00038_00000.ppm;10;0
10/00038_00001.ppm;10;0
10/00038_00002.ppm;10;0
10/00038_00003.ppm;10;0
10/00038_00004.ppm;10;0
10/00038_00005.ppm;10;0
10/00038_00006.ppm;10;0
10/00038_00007.ppm;10;0
10/00038_00008.ppm;10;0
10/00038_00009.ppm;10;0
10/00038_00010.ppm;10;0
10/00038_00011.ppm;10;0
10/00038_00012.ppm;10;0
10/00038_00013.ppm;10;0
10/00038_00014.ppm;10;0
10/00038_00015.ppm;10;0
10/00038_00016.ppm;10;0
10/00038_00017.ppm;10;0
10/00038_00018.ppm;10;0
10/00038_00019.ppm;10;0
10/00038_00020.ppm;10;0
10/00038_00021.ppm;10;0
10/00038_00022.ppm;10;0
10/00038_00023.ppm;10;0
10/00038_00024.ppm;10;0
10/00038_00025.ppm;10;0
10/00038_00026.ppm;10;0
10/00038_00027.ppm;10;0
10/00038_00028.ppm;10;0
10/00038_00029.ppm;10;0
10/00039_00000.ppm;10;0
10/00039_00001.ppm;10;0
10/00039_00002.ppm;10;0
10/00039_00003.ppm;10;0
10/00039_00004.ppm;10;0
10/00039_00005.ppm;10;0
10/00039_00006.ppm;10;0
10/00039_00007.ppm;10;0
10/00039_00008.ppm;10;0
10/00039_00009.ppm;10;0
10/00039_00010.ppm;10;0
10/00039_00011.ppm;10;0
10/00039_00012.ppm;10;0
10/00039_00013.ppm;10;0
10/00039_00014.ppm;10;0
10/00039_00015.ppm;10;0
10/00039_00016.ppm;10;0
10/00039_00017.ppm;10;0
10/00039_00018.ppm;10;0
10/00039_00019.ppm;10;0
10/00039_00020.ppm;10;0
10/00039_00021.ppm;10;0
10/00039_00022.ppm;10;0
10/00039_00023.ppm;10;0
10/00039_00024.ppm;10;0
10/00039_00025.ppm;10;0
10/00039_00026.ppm;10;0
10/00039_00027.ppm;10;0
10/00039_00028.ppm;10;0
10/00039_00029.ppm;10;0
10/00040_00000.ppm;10;0
10/00040_00001.ppm;10;0
10/00040_00002.ppm;10;0
10/00040_00003.ppm;10;0
10/00040_00004.ppm;10;0
10/00040_00005.ppm;10;0
10/00040_00006.ppm;10;0
10/00040_00007.ppm;10;0
10/00040_00008.ppm;10;0
10/00040_00009.ppm;10;0
10/00040_00010.ppm;10;0
10/00040_00011.ppm;10;0
10/00040_00012.ppm;10;0
10/00040_00013.ppm;10;0
10/00040_00014.ppm;10;0
10/00040_00015.ppm;10;0
10/00040_00016.ppm;10;0
10/00040_00017.ppm;10;0
10/00040_00018.ppm;10;0
10/00040_00019.ppm;10;0
10/00040_00020.ppm;10;0
10/00040_00021.ppm;10;0
10/00040_00022.ppm;10;0
10/00040_00023.ppm;10;0
10/00040_00024.ppm;10;0
10/00040_00025.ppm;10;0
10/00040_00026.ppm;10;0
10/00040_00027.ppm;10;0
10/00040_00028.ppm;10;0
10/00040_00029.ppm;10;0
10/00041_00000.ppm;10;0
10/00041_00001.ppm;10;0
10/00041_00002.ppm;10;0
10/00041_00003.ppm;10;0
10/00041_00004.ppm;10;0
10/00041_00005.ppm;10;0
10/00041_00006.ppm;10;0
10/00041_00007.ppm;10;0
10/00041_00008.ppm;10;0
10/00041_00009.ppm;10;0
10/00041_00010.ppm;10;0
10/00041_00011.ppm;10;0
10/00041_00012.ppm;10;0
10/00041_00013.ppm;10;0
10/00041_00014.ppm;10;0
10/00041_00015.ppm;10;0
10/00041_00016.ppm;10;0
10/00041_00017.ppm;10;0
10/00041_00018.ppm;10;0
10/00041_00019.ppm;10;0
10/00041_00020.ppm;10;0
10/00041_00021.ppm;10;0
10/00041_00022.ppm;10;0
10/00041_00023.ppm;10;0
10/00041_00024.ppm;10;0
10/00041_00025.ppm;10;0
10/00041_00026.ppm;10;0
10/00041_00027.ppm;10;0
10/00041_00028.ppm;10;0
10/00041_00029.ppm;10;0
10/00042_00000.ppm;10;0
10/00042_00001.ppm;10;0
10/00042_00002.ppm;10;0
10/00042_00003.ppm;10;0
10/00042_00004.ppm;10;0
10/00042_00005.ppm;10;0
10/00042_00006.ppm;10;0
10/00042_00007.ppm;10;0
10/00042_00008.ppm;10;0
10/00042_00009.ppm;10;0
10/00042_00010.ppm;10;0
10/00042_00011.ppm;10;0
10/00042_00012.ppm;10;0
10/00042_00013.ppm;10;0
10/00042_00014.ppm;10;0
10/00042_00015.ppm;10;0
10/00042_00016.ppm;10;0
10/00042_00017.ppm;10;0
10/00042_00018.ppm;10;0
10/00042_00019.ppm;10;0
10/00042_00020.ppm;10;0
10/00042_00021.ppm;10;0
10/00042_00022.ppm;10;0
10/00042_00023.ppm;10;0
10/00042_00024.ppm;10;0
10/00042_00025.ppm;10;0
10/00042_00026.ppm;10;0
10/00042_00027.ppm;10;0
10/00042_00028.ppm;10;0
10/00042_00029.ppm;10;0
10/00043_00000.ppm;10;0
10/00043_00001.ppm;10;0
10/00043_00002.ppm;10;0
10/00043_00003.ppm;10;0
10/00043_00004.ppm;10;0
10/00043_00005.ppm;10;0
10/00043_00006.ppm;10;0
10/00043_00007.ppm;10;0
10/00043_00008.ppm;10;0
10/00043_00009.ppm;10;0
10/00043_00010.ppm;10;0
10/00043_00011.ppm;10;0
10/00043_00012.ppm;10;0
10/00043_00013.ppm;10;0
10/00043_00014.ppm;10;0
10/00043_00015.ppm;10;0
10/00043_00016.ppm;10;0
10/00043_00017.ppm;10;0
10/00043_00018.ppm;10;0
10/00043_00019.ppm;10;0
10/00043_00020.ppm;10;0
10/00043_00021.ppm;10;0
10/00043_00022.ppm;10;0
10/00043_00023.ppm;10;0
10/00043_00024.ppm;10;0
10/00043_00025.ppm;10;0
10/00043_00026.ppm;10;0
10/00043_00027.ppm;10;0
10/00043_00028.ppm;10;0
10/00043_00029.ppm;10;0
10/00044_00000.ppm;10;0
10/00044_00001.ppm;10;0
10/00044_00002.ppm;10;0
10/00044_00003.ppm;10;0
10/00044_00004.ppm;10;0
10/00044_00005.ppm;10;0
10/00044_00006.ppm;10;0
10/00044_00007.ppm;10;0
10/00044_00008.ppm;10;0
10/00044_00009.ppm;10;0
10/00044_00010.ppm;10;0
10/00044_00011.ppm;10;0
10/00044_00012.ppm;10;0
10/00044_00013.ppm;10;0
10/00044_00014.ppm;10;0
10/00044_00015.ppm;10;0
10/00044_00016.ppm;10;0
10/00044_00017.ppm;10;0
10/00044_00018.ppm;10;0
10/00044_00019.ppm;10;0
10/00044_00020.ppm;10;0
10/00044_00021.ppm;10;0
10/00044_00022.ppm;10;0
10/00044_00023.ppm;10;0
10/00044_00024.ppm;10;0
10/00044_00025.ppm;10;0
10/00044_00026.ppm;10;0
10/00044_00027.ppm;10;0
10/00044_00028.ppm;10;0
10/00044_00029.ppm;10;0
11/00000_00000.ppm;11;0
11/00000_00001.ppm;11;0
11/00000_00002.ppm;11;0
11/00000_00003.ppm;11;0
11/00000_00004.ppm;11;0
11/00000_00005.ppm;11;0
11/00000_00006.ppm;11;0
11/00000_00007.ppm;11;0
11/00000_00008.ppm;11;0
11/00000_00009.ppm;11;0
11/00000_00010.ppm;11;0
11/00000_00011.ppm;11;0
11/00000_00012.ppm;11;0
11/00000_00013.ppm;11;0
11/00000_00014.ppm;11;0
11/00000_00015.ppm;11;0
11/00000_00016.ppm;11;0
11/00000_00017.ppm;11;0
11/00000_00018.ppm;11;0
11/00000_00019.ppm;11;0
11/00000_00020.ppm;11;0
11/00000_00021.ppm;11;0
11/00000_00022.ppm;11;0
11/00000_00023.ppm;11;0
11/00000_00024.ppm;11;0
11/00000_00025.ppm;11;0
11/00000_00026.ppm;11;0
11/00000_00027.ppm;11;0
11/00000_00028.ppm;11;0
11/00000_00029.ppm;11;0
11/00001_00000.ppm;11;0
11/00001_00001.ppm;11;0
11/00001_00002.ppm;11;0
11/00001_00003.ppm;11;0
11/00001_00004.ppm;11;0
11/00001_00005.ppm;11;0
11/00001_00006.ppm;11;0
11/00001_00007.ppm;11;0
11/00001_00008.ppm;11;0
11/00001_00009.ppm;11;0
11/00001_00010.ppm;11;0
11/00001_00011.ppm;11;0
11/00001_00012.ppm;11;0
11/00001_00013.ppm;11;0
11/00001_00014.ppm;11;0
11/00001_00015.ppm;11;0
11/00001_00016.ppm;11;0
11/00001_00017.ppm;11;0
11/00001_00018.ppm;11;0
11/00001_00019.ppm;11;0
11/00001_00020.ppm;11;0
11/00001_00021.ppm;11;0
11/00001_00022.ppm;11;0
11/00001_00023.ppm;11;0
11/00001_00024.ppm;11;0
11/00001_00025.ppm;11;0
11/00001_00026.ppm;11;0
11/00001_00027.ppm;11;0
11/00001_00028.ppm;11;0
11/00001_00029.ppm;11;0
11/00002_00000.ppm;11;0
11/00002_00001.ppm;11;0
11/00002_00002.ppm;11;0
11/00002_00003.ppm;11;0
11/00002_00004.ppm;11;0
11/00002_00005.ppm;11;0
11/00002_00006.ppm;11;0
11/00002_00007.ppm;11;0
11/00002_00008.ppm;11;0
11/00002_00009.ppm;11;0
11/00002_00010.ppm;11;0
11/00002_00011.ppm;11;0
11/00002_00012.ppm;11;0
11/00002_00013.ppm;11;0
11/00002_00014.ppm;11;0
11/00002_00015.ppm;11;0
11/00002_00016.ppm;11;0
11/00002_00017.ppm;11;0
11/00002_00018.ppm;11;0
11/00002_00019.ppm;11;0
11/00002_00020.ppm;11;0
11/00002_00021.ppm;11;0
11/00002_00022.ppm;11;0
11/00002_00023.ppm;11;0
11/00002_00024.ppm;11;0
11/00002_00025.ppm;11;0
11/00002_00026.ppm;11;0
11/00002_00027.ppm;11;0
11/00002_00028.ppm;11;0
11/00002_00029.ppm;11;0
11/00003_00000.ppm;11;0
11/00003_00001.ppm;11;0
11/00003_00002.ppm;11;0
11/00003_00003.ppm;11;0
11/00003_00004.ppm;11;0
11/00003_00005.ppm;11;0
11/00003_00006.ppm;11;0
11/00003_00007.ppm;11;0
11/00003_00008.ppm;11;0
11/00003_00009.ppm;11;0
11/00003_00010.ppm;11;0
11/00003_00011.ppm;11;0
11/00003_00012.ppm;11;0
11/00003_00013.ppm;11;0
11/00003_00014.ppm;11;0
11/00003_00015.ppm;11;0
11/00003_00016.ppm;11;0
11/00003_00017.ppm;11;0
11/00003_00018.ppm;11;0
11/00003_00019.ppm;11;0
11/00003_00020.ppm;11;0
11/00003_00021.ppm;11;0
11/00003_00022.ppm;11;0
11/00003_00023.ppm;11;0
11/00003_00024.ppm;11;0
11/00003_00025.ppm;11;0
11/00003_00026.ppm;11;0
11/00003_00027.ppm;11;0
11/00003_00028.ppm;11;0
11/00003_00029.ppm;11;0
11/00004_00000.ppm;11;0
11/00004_00001.ppm;11;0
11/00004_00002.ppm;11;0
11/00004_00003.ppm;11;0
11/00004_00004.ppm;11;0
11/00004_00005.ppm;11;0
11/00004_00006.ppm;11;0
11/00004_00007.ppm;11;0
11/00004_00008.ppm;11;0
11/00004_00009.ppm;11;0
11/00004_00010.ppm;11;0
11/00004_00011.ppm;11;0
11/00004_00012.ppm;11;0
11/00004_00013.ppm;11;0
11/00004_00014.ppm;11;0
11/00004_00015.ppm;11;0
11/00004_00016.ppm;11;0
11/00004_00017.ppm;11;0
11/00004_00018.ppm;11;0
11/00004_00019.ppm;11;0
11/00004_00020.ppm;11;0
11/00004_00021.ppm;11;0
11/00004_00022.ppm;11;0
11/00004_00023.ppm;11;0
11/00004_00024.ppm;11;0
11/00004_00025.ppm;11;0
11/00004_00026.ppm;11;0
11/00004_00027.ppm;11;0
11/00004_00028.ppm;11;0
11/00004_00029.ppm;11;0
11/00005_00000.ppm;11;0
11/00005_00001.ppm;11;0
11/00005_00002.ppm;11;0
11/00005_00003.ppm;11;0
11/00005_00004.ppm;11;0
11/00005_00005.ppm;11;0
11/00005_00006.ppm;11;0
11/00005_00007.ppm;11;0
11/00005_00008.ppm;11;0
11/00005_00009.ppm;11;0
11/00005_00010.ppm;11;0
11/00005_00011.ppm;11;0
11/00005_00012.ppm;11;0
11/00005_00013.ppm;11;0
11/00005_00014.ppm;11;0
11/00005_00015.ppm;11;0
11/00005_00016.ppm;11;0
11/00005_00017.ppm;11;0
11/00005_00018.ppm;11;0
11/00005_00019.ppm;11;0
11/00005_00020.ppm;11;0
11/00005_00021.ppm;11;0
11/00005_00022.ppm;11;0
11/00005_00023.ppm;11;0
11/00005_00024.ppm;11;0
11/00005_00025.ppm;11;0
11/00005_00026.ppm;11;0
11/00005_00027.ppm;11;0
11/00005_00028.ppm;11;0
11/00005_00029.ppm;11;0
11/00006_00000.ppm;11;0
11/00006_00001.ppm;11;0
11/00006_00002.ppm;11;0
11/00006_00003.ppm;11;0
11/00006_00004.ppm;11;0
11/00006_00005.ppm;11;0
11/00006_00006.ppm;11;0
11/00006_00007.ppm;11;0
11/00006_00008.ppm;11;0
11/00006_00009.ppm;11;0
11/00006_00010.ppm;11;0
11/00006_00011.ppm;11;0
11/00006_00012.ppm;11;0
11/00006_00013.ppm;11;0
11/00006_00014.ppm;11;0
11/00006_00015.ppm;11;0
11/00006_00016.ppm;11;0
11/00006_00017.ppm;11;0
11/00006_00018.ppm;11;0
11/00006_00019.ppm;11;0
11/00006_00020.ppm;11;0
11/00006_00021.ppm;11;0
11/00006_00022.ppm;11;0
11/00006_00023.ppm;11;0
11/00006_00024.ppm;11;0
11/00006_00025.ppm;11;0
11/00006_00026.ppm;11;0
11/00006_00027.ppm;11;0
11/00006_00028.ppm;11;0
11/00006_00029.ppm;11;0
11/00007_00000.ppm;11;0
11/00007_00001.ppm;11;0
11/00007_00002.ppm;11;0
11/00007_00003.ppm;11;0
11/00007_00004.ppm;11;0
11/00007_00005.ppm;11;0
11/00007_00006.ppm;11;0
11/00007_00007.ppm;11;0
11/00007_00008.ppm;11;0
11/00007_00009.ppm;11;0
11/00007_00010.ppm;11;0
11/00007_00011.ppm;11;0
11/00007_00012.ppm;11;0
11/00007_00013.ppm;11;0
11/00007_00014.ppm;11;0
11/00007_00015.ppm;11;0
11/00007_00016.ppm;11;0
11/00007_00017.ppm;11;0
11/00007_00018.ppm;11;0
11/00007_00019.ppm;11;0
11/00007_00020.ppm;11;0
11/00007_00021.ppm;11;0
11/00007_00022.ppm;11;0
11/00007_00023.ppm;11;0
11/00007_00024.ppm;11;0
11/00007_00025.ppm;11;0
11/00007_00026.ppm;11;0
11/00007_00027.ppm;11;0
11/00007_00028.ppm;11;0
11/00007_00029.ppm;11;0
11/00008_00000.ppm;11;0
11/00008_00001.ppm;11;0
11/00008_00002.ppm;11;0
11/00008_00003.ppm;11;0
11/00008_00004.ppm;11;0
11/00008_00005.ppm;11;0
11/00008_00006.ppm;11;0
11/00008_00007.ppm;11;0
11/00008_00008.ppm;11;0
11/00008_00009.ppm;11;0
11/00008_00010.ppm;11;0
11/00008_00011.ppm;11;0
11/00008_00012.ppm;11;0
11/00008_00013.ppm;11;0
11/00008_00014.ppm;11;0
11/00008_00015.ppm;11;0
11/00008_00016.ppm;11;0
11/00008_00017.ppm;11;0
11/00008_00018.ppm;11;0
11/00008_00019.ppm;11;0
11/00008_00020.ppm;11;0
11/00008_00021.ppm;11;0
11/00008_00022.ppm;11;0
11/00008_00023.ppm;11;0
11/00008_00024.ppm;11;0
11/00008_00025.ppm;11;0
11/00008_00026.ppm;11;0
11/00008_00027.ppm;11;0
11/00008_00028.ppm;11;0
11/00008_00029.ppm;11;0
11/00009_00000.ppm;11;0
11/00009_00001.ppm;11;0
11/00009_00002.ppm;11;0
11/00009_00003.ppm;11;0
11/00009_00004.ppm;11;0
11/00009_00005.ppm;11;0
11/00009_00006.ppm;11;0
11/00009_00007.ppm;11;0
11/00009_00008.ppm;11;0
11/00009_00009.ppm;11;0
11/00009_00010.ppm;11;0
11/00009_00011.ppm;11;0
11/00009_00012.ppm;11;0
11/00009_00013.ppm;11;0
11/00009_00014.ppm;11;0
11/00009_00015.ppm;11;0
11/00009_00016.ppm;11;0
11/00009_00017.ppm;11;0
11/00009_00018.ppm;11;0
11/00009_00019.ppm;11;0
11/00009_00020.ppm;11;0
11/00009_00021.ppm;11;0
11/00009_00022.ppm;11;0
11/00009_00023.ppm;11;0
11/00009_00024.ppm;11;0
11/00009_00025.ppm;11;0
11/00009_00026.ppm;11;0
11/00009_00027.ppm;11;0
11/00009_00028.ppm;11;0
11/00009_00029.ppm;11;0
11/00010_00000.ppm;11;0
11/00010_00001.ppm;11;0
11/00010_00002.ppm;11;0
11/00010_00003.ppm;11;0
11/00010_00004.ppm;11;0
11/00010_00005.ppm;11;0
11/00010_00006.ppm;11;0
11/00010_00007.ppm;11;0
11/00010_00008.ppm;11;0
11/00010_00009.ppm;11;0
11/00010_00010.ppm;11;0
11/00010_00011.ppm;11;0
11/00010_00012.ppm;11;0
11/00010_00013.ppm;11;0
11/00010_00014.ppm;11;0
11/00010_00015.ppm;11;0
11/00010_00016.ppm;11;0
11/00010_00017.ppm;11;0
11/00010_00018.ppm;11;0
11/00010_00019.ppm;11;0
11/00010_00020.ppm;11;0
11/00010_00021.ppm;11;0
11/00010_00022.ppm;11;0
11/00010_00023.ppm;11;0
11/00010_00024.ppm;11;0
11/00010_00025.ppm;11;0
11/00010_00026.ppm;11;0
11/00010_00027.ppm;11;0
11/00010_00028.ppm;11;0
11/00010_00029.ppm;11;0
11/00011_00000.ppm;11;0
11/00011_00001.ppm;11;0
11/00011_00002.ppm;11;0
11/00011_00003.ppm;11;0
11/00011_00004.ppm;11;0
11/00011_00005.ppm;11;0
11/00011_00006.ppm;11;0
11/00011_00007.ppm;11;0
11/00011_00008.ppm;11;0
11/00011_00009.ppm;11;0
11/00011_00010.ppm;11;0
11/00011_00011.ppm;11;0
11/00011_00012.ppm;11;0
11/00011_00013.ppm;11;0
11/00011_00014.ppm;11;0
11/00011_00015.ppm;11;0
11/00011_00016.ppm;11;0
11/00011_00017.ppm;11;0
11/00011_00018.ppm;11;0
11/00011_00019.ppm;11;0
11/00011_00020.ppm;11;0
11/00011_00021.ppm;11;0
11/00011_00022.ppm;11;0
11/00011_00023.ppm;11;0
11/00011_00024.ppm;11;0
11/00011_00025.ppm;11;0
11/00011_00026.ppm;11;0
11/00011_00027.ppm;11;0
11/00011_00028.ppm;11;0
11/00011_00029.ppm;11;0
11/00012_00000.ppm;11;0
11/00012_00001.ppm;11;0
11/00012_00002.ppm;11;0
11/00012_00003.ppm;11;0
11/00012_00004.ppm;11;0
11/00012_00005.ppm;11;0
11/00012_00006.ppm;11;0
11/00012_00007.ppm;11;0
11/00012_00008.ppm;11;0
11/00012_00009.ppm;11;0
11/00012_00010.ppm;11;0
11/00012_00011.ppm;11;0
11/00012_00012.ppm;11;0
11/00012_00013.ppm;11;0
11/00012_00014.ppm;11;0
11/00012_00015.ppm;11;0
11/00012_00016.ppm;11;0
11/00012_00017.ppm;11;0
11/00012_00018.ppm;11;0
11/00012_00019.ppm;11;0
11/00012_00020.ppm;11;0
11/00012_00021.ppm;11;0
11/00012_00022.ppm;11;0
11/00012_00023.ppm;11;0
11/00012_00024.ppm;11;0
11/00012_00025.ppm;11;0
11/00012_00026.ppm;11;0
11/00012_00027.ppm;11;0
11/00012_00028.ppm;11;0
11/00012_00029.ppm;11;0
11/00013_00000.ppm;11;0
11/00013_00001.ppm;11;0
11/00013_00002.ppm;11;0
11/00013_00003.ppm;11;0
11/00013_00004.ppm;11;0
11/00013_00005.ppm;11;0
11/00013_00006.ppm;11;0
11/00013_00007.ppm;11;0
11/00013_00008.ppm;11;0
11/00013_00009.ppm;11;0
11/00013_00010.ppm;11;0
11/00013_00011.ppm;11;0
11/00013_00012.ppm;11;0
11/00013_00013.ppm;11;0
11/00013_00014.ppm;11;0
11/00013_00015.ppm;11;0
11/00013_00016.ppm;11;0
11/00013_00017.ppm;11;0
11/00013_00018.ppm;11;0
11/00013_00019.ppm;11;0
11/00013_00020.ppm;11;0
11/00013_00021.ppm;11;0
11/00013_00022.ppm;11;0
11/00013_00023.ppm;11;0
11/00013_00024.ppm;11;0
11/00013_00025.ppm;11;0
11/00013_00026.ppm;11;0
11/00013_00027.ppm;11;0
11/00013_00028.ppm;11;0
11/00013_00029.ppm;11;0
11/00014_00000.ppm;11;0
11/00014_00001.ppm;11;0
11/00014_00002.ppm;11;0
11/00014_00003.ppm;11;0
11/00014_00004.ppm;11;0
11/00014_00005.ppm;11;0
11/00014_00006.ppm;11;0
11/00014_00007.ppm;11;0
11/00014_00008.ppm;11;0
11/00014_00009.ppm;11;0
11/00014_00010.ppm;11;0
11/00014_00011.ppm;11;0
11/00014_00012.ppm;11;0
11/00014_00013.ppm;11;0
11/00014_00014.ppm;11;0
11/00014_00015.ppm;11;0
11/00014_00016.ppm;11;0
11/00014_00017.ppm;11;0
11/00014_00018.ppm;11;0
11/00014_00019.ppm;11;0
11/00014_00020.ppm;11;0
11/00014_00021.ppm;11;0
11/00014_00022.ppm;11;0
11/00014_00023.ppm;11;0
11/00014_00024.ppm;11;0
11/00014_00025.ppm;11;0
11/00014_00026.ppm;11;0
11/00014_00027.ppm;11;0
11/00014_00028.ppm;11;0
11/00014_00029.ppm;11;0
11/00015_00000.ppm;11;0
11/00015_00001.ppm;11;0
11/00015_00002.ppm;11;0
11/00015_00003.ppm;11;0
11/00015_00004.ppm;11;0
11/00015_00005.ppm;11;0
11/00015_00006.ppm;11;0
11/00015_00007.ppm;11;0
11/00015_00008.ppm;11;0
11/00015_00009.ppm;11;0
11/00015_00010.ppm;11;0
11/00015_00011.ppm;11;0
11/00015_00012.ppm;11;0
11/00015_00013.ppm;11;0
11/00015_00014.ppm;11;0
11/00015_00015.ppm;11;0
11/00015_00016.ppm;11;0
11/00015_00017.ppm;11;0
11/00015_00018.ppm;11;0
11/00015_00019.ppm;11;0
11/00015_00020.ppm;11;0
11/00015_00021.ppm;11;0
11/00015_00022.ppm;11;0
11/00015_00023.ppm;11;0
11/00015_00024.ppm;11;0
11/00015_00025.ppm;11;0
11/00015_00026.ppm;11;0
11/00015_00027.ppm;11;0
11/00015_00028.ppm;11;0
11/00015_00029.ppm;11;0
11/00016_00000.ppm;11;0
11/00016_00001.ppm;11;0
11/00016_00002.ppm;11;0
11/00016_00003.ppm;11;0
11/00016_00004.ppm;11;0
11/00016_00005.ppm;11;0
11/00016_00006.ppm;11;0
11/00016_00007.ppm;11;0
11/00016_00008.ppm;11;0
11/00016_00009.ppm;11;0
11/00016_00010.ppm;11;0
11/00016_00011.ppm;11;0
11/00016_00012.ppm;11;0
11/00016_00013.ppm;11;0
11/00016_00014.ppm;11;0
11/00016_00015.ppm;11;0
11/00016_00016.ppm;11;0
11/00016_00017.ppm;11;0
11/00016_00018.ppm;11;0
11/00016_00019.ppm;11;0
11/00016_00020.ppm;11;0
11/00016_00021.ppm;11;0
11/00016_00022.ppm;11;0
11/00016_00023.ppm;11;0
11/00016_00024.ppm;11;0
11/00016_00025.ppm;11;0
11/00016_00026.ppm;11;0
11/00016_00027.ppm;11;0
11/00016_00028.ppm;11;0
11/00016_00029.ppm;11;0
11/00017_00000.ppm;11;0
11/00017_00001.ppm;11;0
11/00017_00002.ppm;11;0
11/00017_00003.ppm;11;0
11/00017_00004.ppm;11;0
11/00017_00005.ppm;11;0
11/00017_00006.ppm;11;0
11/00017_00007.ppm;11;0
11/00017_00008.ppm;11;0
11/00017_00009.ppm;11;0
11/00017_00010.ppm;11;0
11/00017_00011.ppm;11;0
11/00017_00012.ppm;11;0
11/00017_00013.ppm;11;0
11/00017_00014.ppm;11;0
11/00017_00015.ppm;11;0
11/00017_00016.ppm;11;0
11/00017_00017.ppm;11;0
11/00017_00018.ppm;11;0
11/00017_00019.ppm;11;0
11/00017_00020.ppm;11;0
11/00017_00021.ppm;11;0
11/00017_00022.ppm;11;0
11/00017_00023.ppm;11;0
11/00017_00024.ppm;11;0
11/00017_00025.ppm;11;0
11/00017_00026.ppm;11;0
11/00017_00027.ppm;11;0
11/00017_00028.ppm;11;0
11/00017_00029.ppm;11;0
11/00018_00000.ppm;11;0
11/00018_00001.ppm;11;0
11/00018_00002.ppm;11;0
11/00018_00003.ppm;11;0
11/00018_00004.ppm;11;0
11/00018_00005.ppm;11;0
11/00018_00006.ppm;11;0
11/00018_00007.ppm;11;0
11/00018_00008.ppm;11;0
11/00018_00009.ppm;11;0
11/00018_00010.ppm;11;0
11/00018_00011.ppm;11;0
11/00018_00012.ppm;11;0
11/00018_00013.ppm;11;0
11/00018_00014.ppm;11;0
11/00018_00015.ppm;11;0
11/00018_00016.ppm;11;0
11/00018_00017.ppm;11;0
11/00018_00018.ppm;11;0
11/00018_00019.ppm;11;0
11/00018_00020.ppm;11;0
11/00018_00021.ppm;11;0
11/00018_00022.ppm;11;0
11/00018_00023.ppm;11;0
11/00018_00024.ppm;11;0
11/00018_00025.ppm;11;0
11/00018_00026.ppm;11;0
11/00018_00027.ppm;11;0
11/00018_00028.ppm;11;0
11/00018_00029.ppm;11;0
11/00019_00000.ppm;11;0
11/00019_00001.ppm;11;0
11/00019_00002.ppm;11;0
11/00019_00003.ppm;11;0
11/00019_00004.ppm;11;0
11/00019_00005.ppm;11;0
11/00019_00006.ppm;11;0
11/00019_00007.ppm;11;0
11/00019_00008.ppm;11;0
11/00019_00009.ppm;11;0
11/00019_00010.ppm;11;0
11/00019_00011.ppm;11;0
11/00019_00012.ppm;11;0
11/00019_00013.ppm;11;0
11/00019_00014.ppm;11;0
11/00019_00015.ppm;11;0
11/00019_00016.ppm;11;0
11/00019_00017.ppm;11;0
11/00019_00018.ppm;11;0
11/00019_00019.ppm;11;0
11/00019_00020.ppm;11;0
11/00019_00021.ppm;11;0
11/00019_00022.ppm;11;0
11/00019_00023.ppm;11;0
11/00019_00024.ppm;11;0
11/00019_00025.ppm;11;0
11/00019_00026.ppm;11;0
11/00019_00027.ppm;11;0
11/00019_00028.ppm;11;0
11/00019_00029.ppm;11;0
11/00020_00000.ppm;11;0
11/00020_00001.ppm;11;0
11/00020_00002.ppm;11;0
11/00020_00003.ppm;11;0
11/00020_00004.ppm;11;0
11/00020_00005.ppm;11;0
11/00020_00006.ppm;11;0
11/00020_00007.ppm;11;0
11/00020_00008.ppm;11;0
11/00020_00009.ppm;11;0
11/00020_00010.ppm;11;0
11/00020_00011.ppm;11;0
11/00020_00012.ppm;11;0
11/00020_00013.ppm;11;0
11/00020_00014.ppm;11;0
11/00020_00015.ppm;11;0
11/00020_00016.ppm;11;0
11/00020_00017.ppm;11;0
11/00020_00018.ppm;11;0
11/00020_00019.ppm;11;0
11/00020_00020.ppm;11;0
11/00020_00021.ppm;11;0
11/00020_00022.ppm;11;0
11/00020_00023.ppm;11;0
11/00020_00024.ppm;11;0
11/00020_00025.ppm;11;0
11/00020_00026.ppm;11;0
11/00020_00027.ppm;11;0
11/00020_00028.ppm;11;0
11/00020_00029.ppm;11;0
11/00021_00000.ppm;11;0
11/00021_00001.ppm;11;0
11/00021_00002.ppm;11;0
11/00021_00003.ppm;11;0
11/00021_00004.ppm;11;0
11/00021_00005.ppm;11;0
11/00021_00006.ppm;11;0
11/00021_00007.ppm;11;0
11/00021_00008.ppm;11;0
11/00021_00009.ppm;11;0
11/00021_00010.ppm;11;0
11/00021_00011.ppm;11;0
11/00021_00012.ppm;11;0
11/00021_00013.ppm;11;0
11/00021_00014.ppm;11;0
11/00021_00015.ppm;11;0
11/00021_00016.ppm;11;0
11/00021_00017.ppm;11;0
11/00021_00018.ppm;11;0
11/00021_00019.ppm;11;0
11/00021_00020.ppm;11;0
11/00021_00021.ppm;11;0
11/00021_00022.ppm;11;0
11/00021_00023.ppm;11;0
11/00021_00024.ppm;11;0
11/00021_00025.ppm;11;0
11/00021_00026.ppm;11;0
11/00021_00027.ppm;11;0
11/00021_00028.ppm;11;0
11/00021_00029.ppm;11;0
11/00022_00000.ppm;11;0
11/00022_00001.ppm;11;0
11/00022_00002.ppm;11;0
11/00022_00003.ppm;11;0
11/00022_00004.ppm;11;0
11/00022_00005.ppm;11;0
11/00022_00006.ppm;11;0
11/00022_00007.ppm;11;0
11/00022_00008.ppm;11;0
11/00022_00009.ppm;11;0
11/00022_00010.ppm;11;0
11/00022_00011.ppm;11;0
11/00022_00012.ppm;11;0
11/00022_00013.ppm;11;0
11/00022_00014.ppm;11;0
11/00022_00015.ppm;11;0
11/00022_00016.ppm;11;0
11/00022_00017.ppm;11;0
11/00022_00018.ppm;11;0
11/00022_00019.ppm;11;0
11/00022_00020.ppm;11;0
11/00022_00021.ppm;11;0
11/00022_00022.ppm;11;0
11/00022_00023.ppm;11;0
11/00022_00024.ppm;11;0
11/00022_00025.ppm;11;0
11/00022_00026.ppm;11;0
11/00022_00027.ppm;11;0
11/00022_00028.ppm;11;0
11/00022_00029.ppm;11;0
11/00023_00000.ppm;11;0
11/00023_00001.ppm;11;0
11/00023_00002.ppm;11;0
11/00023_00003.ppm;11;0
11/00023_00004.ppm;11;0
11/00023_00005.ppm;11;0
11/00023_00006.ppm;11;0
11/00023_00007.ppm;11;0
11/00023_00008.ppm;11;0
11/00023_00009.ppm;11;0
11/00023_00010.ppm;11;0
11/00023_00011.ppm;11;0
11/00023_00012.ppm;11;0
11/00023_00013.ppm;11;0
11/00023_00014.ppm;11;0
11/00023_00015.ppm;11;0
11/00023_00016.ppm;11;0
11/00023_00017.ppm;11;0
11/00023_00018.ppm;11;0
11/00023_00019.ppm;11;0
11/00023_00020.ppm;11;0
11/00023_00021.ppm;11;0
11/00023_00022.ppm;11;0
11/00023_00023.ppm;11;0
11/00023_00024.ppm;11;0
11/00023_00025.ppm;11;0
11/00023_00026.ppm;11;0
11/00023_00027.ppm;11;0
11/00023_00028.ppm;11;0
11/00023_00029.ppm;11;0
11/00024_00000.ppm;11;0
11/00024_00001.ppm;11;0
11/00024_00002.ppm;11;0
11/00024_00003.ppm;11;0
11/00024_00004.ppm;11;0
11/00024_00005.ppm;11;0
11/00024_00006.ppm;11;0
11/00024_00007.ppm;11;0
11/00024_00008.ppm;11;0
11/00024_00009.ppm;11;0
11/00024_00010.ppm;11;0
11/00024_00011.ppm;11;0
11/00024_00012.ppm;11;0
11/00024_00013.ppm;11;0
11/00024_00014.ppm;11;0
11/00024_00015.ppm;11;0
11/00024_00016.ppm;11;0
11/00024_00017.ppm;11;0
11/00024_00018.ppm;11;0
11/00024_00019.ppm;11;0
11/00024_00020.ppm;11;0
11/00024_00021.ppm;11;0
11/00024_00022.ppm;11;0
11/00024_00023.ppm;11;0
11/00024_00024.ppm;11;0
11/00024_00025.ppm;11;0
11/00024_00026.ppm;11;0
11/00024_00027.ppm;11;0
11/00024_00028.ppm;11;0
11/00024_00029.ppm;11;0
11/00025_00000.ppm;11;0
11/00025_00001.ppm;11;0
11/00025_00002.ppm;11;0
11/00025_00003.ppm;11;0
11/00025_00004.ppm;11;0
11/00025_00005.ppm;11;0
11/00025_00006.ppm;11;0
11/00025_00007.ppm;11;0
11/00025_00008.ppm;11;0
11/00025_00009.ppm;11;0
11/00025_00010.ppm;11;0
11/00025_00011.ppm;11;0
11/00025_00012.ppm;11;0
11/00025_00013.ppm;11;0
11/00025_00014.ppm;11;0
11/00025_00015.ppm;11;0
11/00025_00016.ppm;11;0
11/00025_00017.ppm;11;0
11/00025_00018.ppm;11;0
11/00025_00019.ppm;11;0
11/00025_00020.ppm;11;0
11/00025_00021.ppm;11;0
11/00025_00022.ppm;11;0
11/00025_00023.ppm;11;0
11/00025_00024.ppm;11;0
11/00025_00025.ppm;11;0
11/00025_00026.ppm;11;0
11/00025_00027.ppm;11;0
11/00025_00028.ppm;11;0
11/00025_00029.ppm;11;0
11/00026_00000.ppm;11;0
11/00026_00001.ppm;11;0
11/00026_00002.ppm;11;0
11/00026_00003.ppm;11;0
11/00026_00004.ppm;11;0
11/00026_00005.ppm;11;0
11/00026_00006.ppm;11;0
11/00026_00007.ppm;11;0
11/00026_00008.ppm;11;0
11/00026_00009.ppm;11;0
11/00026_00010.ppm;11;0
11/00026_00011.ppm;11;0
11/00026_00012.ppm;11;0
11/00026_00013.ppm;11;0
11/00026_00014.ppm;11;0
11/00026_00015.ppm;11;0
11/00026_00016.ppm;11;0
11/00026_00017.ppm;11;0
11/00026_00018.ppm;11;0
11/00026_00019.ppm;11;0
11/00026_00020.ppm;11;0
11/00026_00021.ppm;11;0
11/00026_00022.ppm;11;0
11/00026_00023.ppm;11;0
11/00026_00024.ppm;11;0
11/00026_00025.ppm;11;0
11/00026_00026.ppm;11;0
11/00026_00027.ppm;11;0
11/00026_00028.ppm;11;0
11/00026_00029.ppm;11;0
11/00027_00000.ppm;11;0
11/00027_00001.ppm;11;0
11/00027_00002.ppm;11;0
11/00027_00003.ppm;11;0
11/00027_00004.ppm;11;0
11/00027_00005.ppm;11;0
11/00027_00006.ppm;11;0
11/00027_00007.ppm;11;0
11/00027_00008.ppm;11;0
11/00027_00009.ppm;11;0
11/00027_00010.ppm;11;0
11/00027_00011.ppm;11;0
11/00027_00012.ppm;11;0
11/00027_00013.ppm;11;0
11/00027_00014.ppm;11;0
11/00027_00015.ppm;11;0
11/00027_00016.ppm;11;0
11/00027_00017.ppm;11;0
11/00027_00018.ppm;11;0
11/00027_00019.ppm;11;0
11/00027_00020.ppm;11;0
11/00027_00021.ppm;11;0
11/00027_00022.ppm;11;0
11/00027_00023.ppm;11;0
11/00027_00024.ppm;11;0
11/00027_00025.ppm;11;0
11/00027_00026.ppm;11;0
11/00027_00027.ppm;11;0
11/00027_00028.ppm;11;0
11/00027_00029.ppm;11;0
11/00028_00000.ppm;11;0
11/00028_00001.ppm;11;0
11/00028_00002.ppm;11;0
11/00028_00003.ppm;11;0
11/00028_00004.ppm;11;0
11/00028_00005.ppm;11;0
11/00028_00006.ppm;11;0
11/00028_00007.ppm;11;0
11/00028_00008.ppm;11;0
11/00028_00009.ppm;11;0
11/00028_00010.ppm;11;0
11/00028_00011.ppm;11;0
11/00028_00012.ppm;11;0
11/00028_00013.ppm;11;0
11/00028_00014.ppm;11;0
11/00028_00015.ppm;11;0
11/00028_00016.ppm;11;0
11/00028_00017.ppm;11;0
11/00028_00018.ppm;11;0
11/00028_00019.ppm;11;0
11/00028_00020.ppm;11;0
11/00028_00021.ppm;11;0
11/00028_00022.ppm;11;0
11/00028_00023.ppm;11;0
11/00028_00024.ppm;11;0
11/00028_00025.ppm;11;0
11/00028_00026.ppm;11;0
11/00028_00027.ppm;11;0
11/00028_00028.ppm;11;0
11/00028_00029.ppm;11;0
11/00029_00000.ppm;11;0
11/00029_00001.ppm;11;0
11/00029_00002.ppm;11;0
11/00029_00003.ppm;11;0
11/00029_00004.ppm;11;0
11/00029_00005.ppm;11;0
11/00029_00006.ppm;11;0
11/00029_00007.ppm;11;0
11/00029_00008.ppm;11;0
11/00029_00009.ppm;11;0
11/00029_00010.ppm;11;0
11/00029_00011.ppm;11;0
11/00029_00012.ppm;11;0
11/00029_00013.ppm;11;0
11/00029_00014.ppm;11;0
11/00029_00015.ppm;11;0
11/00029_00016.ppm;11;0
11/00029_00017.ppm;11;0
11/00029_00018.ppm;11;0
11/00029_00019.ppm;11;0
11/00029_00020.ppm;11;0
11/00029_00021.ppm;11;0
11/00029_00022.ppm;11;0
11/00029_00023.ppm;11;0
11/00029_00024.ppm;11;0
11/00029_00025.ppm;11;0
11/00029_00026.ppm;11;0
11/00029_00027.ppm;11;0
11/00029_00028.ppm;11;0
11/00029_00029.ppm;11;0
12/00000_00000.ppm;12;0
12/00000_00001.ppm;12;0
12/00000_00002.ppm;12;0
12/00000_00003.ppm;12;0
12/00000_00004.ppm;12;0
12/00000_00005.ppm;12;0
12/00000_00006.ppm;12;0
12/00000_00007.ppm;12;0
12/00000_00008.ppm;12;0
12/00000_00009.ppm;12;0
12/00000_00010.ppm;12;0
12/00000_00011.ppm;12;0
12/00000_00012.ppm;12;0
12/00000_00013.ppm;12;0
12/00000_00014.ppm;12;0
12/00000_00015.ppm;12;0
12/00000_00016.ppm;12;0
12/00000_00017.ppm;12;0
12/00000_00018.ppm;12;0
12/00000_00019.ppm;12;0
12/00000_00020.ppm;12;0
12/00000_00021.ppm;12;0
12/00000_00022.ppm;12;0
12/00000_00023.ppm;12;0
12/00000_00024.ppm;12;0
12/00000_00025.ppm;12;0
12/00000_00026.ppm;12;0
12/00000_00027.ppm;12;0
12/00000_00028.ppm;12;0
12/00000_00029.ppm;12;0
12/00001_00000.ppm;12;0
12/00001_00001.ppm;12;0
12/00001_00002.ppm;12;0
12/00001_00003.ppm;12;0
12/00001_00004.ppm;12;0
12/00001_00005.ppm;12;0
12/00001_00006.ppm;12;0
12/00001_00007.ppm;12;0
12/00001_00008.ppm;12;0
12/00001_00009.ppm;12;0
12/00001_00010.ppm;12;0
12/00001_00011.ppm;12;0
12/00001_00012.ppm;12;0
12/00001_00013.ppm;12;0
12/00001_00014.ppm;12;0
12/00001_00015.ppm;12;0
12/00001_00016.ppm;12;0
12/00001_00017.ppm;12;0
12/00001_00018.ppm;12;0
12/00001_00019.ppm;12;0
12/00001_00020.ppm;12;0
12/00001_00021.ppm;12;0
12/00001_00022.ppm;12;0
12/00001_00023.ppm;12;0
12/00001_00024.ppm;12;0
12/00001_00025.ppm;12;0
12/00001_00026.ppm;12;0
12/00001_00027.ppm;12;0
12/00001_00028.ppm;12;0
12/00001_00029.ppm;12;0
12/00002_00000.ppm;12;0
12/00002_00001.ppm;12;0
12/00002_00002.ppm;12;0
12/00002_00003.ppm;12;0
12/00002_00004.ppm;12;0
12/00002_00005.ppm;12;0
12/00002_00006.ppm;12;0
12/00002_00007.ppm;12;0
12/00002_00008.ppm;12;0
12/00002_00009.ppm;12;0
12/00002_00010.ppm;12;0
12/00002_00011.ppm;12;0
12/00002_00012.ppm;12;0
12/00002_00013.ppm;12;0
12/00002_00014.ppm;12;0
12/00002_00015.ppm;12;0
12/00002_00016.ppm;12;0
12/00002_00017.ppm;12;0
12/00002_00018.ppm;12;0
12/00002_00019.ppm;12;0
12/00002_00020.ppm;12;0
12/00002_00021.ppm;12;0
12/00002_00022.ppm;12;0
12/00002_00023.ppm;12;0
12/00002_00024.ppm;12;0
12/00002_00025.ppm;12;0
12/00002_00026.ppm;12;0
12/00002_00027.ppm;12;0
12/00002_00028.ppm;12;0
12/00002_00029.ppm;12;0
12/00003_00000.ppm;12;0
12/00003_00001.ppm;12;0
12/00003_00002.ppm;12;0
12/00003_00003.ppm;12;0
12/00003_00004.ppm;12;0
12/00003_00005.ppm;12;0
12/00003_00006.ppm;12;0
12/00003_00007.ppm;12;0
12/00003_00008.ppm;12;0
12/00003_00009.ppm;12;0
12/00003_00010.ppm;12;0
12/00003_00011.ppm;12;0
12/00003_00012.ppm;12;0
12/00003_00013.ppm;12;0
12/00003_00014.ppm;12;0
12/00003_00015.ppm;12;0
12/00003_00016.ppm;12;0
12/00003_00017.ppm;12;0
12/00003_00018.ppm;12;0
12/00003_00019.ppm;12;0
12/00003_00020.ppm;12;0
12/00003_00021.ppm;12;0
12/00003_00022.ppm;12;0
12/00003_00023.ppm;12;0
12/00003_00024.ppm;12;0
12/00003_00025.ppm;12;0
12/00003_00026.ppm;12;0
12/00003_00027.ppm;12;0
12/00003_00028.ppm;12;0
12/00003_00029.ppm;12;0
12/00004_00000.ppm;12;0
12/00004_00001.ppm;12;0
12/00004_00002.ppm;12;0
12/00004_00003.ppm;12;0
12/00004_00004.ppm;12;0
12/00004_00005.ppm;12;0
12/00004_00006.ppm;12;0
12/00004_00007.ppm;12;0
12/00004_00008.ppm;12;0
12/00004_00009.ppm;12;0
12/00004_00010.ppm;12;0
12/00004_00011.ppm;12;0
12/00004_00012.ppm;12;0
12/00004_00013.ppm;12;0
12/00004_00014.ppm;12;0
12/00004_00015.ppm;12;0
12/00004_00016.ppm;12;0
12/00004_00017.ppm;12;0
12/00004_00018.ppm;12;0
12/00004_00019.ppm;12;0
12/00004_00020.ppm;12;0
12/00004_00021.ppm;12;0
12/00004_00022.ppm;12;0
12/00004_00023.ppm;12;0
12/00004_00024.ppm;12;0
12/00004_00025.ppm;12;0
12/00004_00026.ppm;12;0
12/00004_00027.ppm;12;0
12/00004_00028.ppm;12;0
12/00004_00029.ppm;12;0
12/00005_00000.ppm;12;0
12/00005_00001.ppm;12;0
12/00005_00002.ppm;12;0
12/00005_00003.ppm;12;0
12/00005_00004.ppm;12;0
12/00005_00005.ppm;12;0
12/00005_00006.ppm;12;0
12/00005_00007.ppm;12;0
12/00005_00008.ppm;12;0
12/00005_00009.ppm;12;0
12/00005_00010.ppm;12;0
12/00005_00011.ppm;12;0
12/00005_00012.ppm;12;0
12/00005_00013.ppm;12;0
12/00005_00014.ppm;12;0
12/00005_00015.ppm;12;0
12/00005_00016.ppm;12;0
12/00005_00017.ppm;12;0
12/00005_00018.ppm;12;0
12/00005_00019.ppm;12;0
12/00005_00020.ppm;12;0
12/00005_00021.ppm;12;0
12/00005_00022.ppm;12;0
12/00005_00023.ppm;12;0
12/00005_00024.ppm;12;0
12/00005_00025.ppm;12;0
12/00005_00026.ppm;12;0
12/00005_00027.ppm;12;0
12/00005_00028.ppm;12;0
12/00005_00029.ppm;12;0
12/00006_00000.ppm;12;0
12/00006_00001.ppm;12;0
12/00006_00002.ppm;12;0
12/00006_00003.ppm;12;0
12/00006_00004.ppm;12;0
12/00006_00005.ppm;12;0
12/00006_00006.ppm;12;0
12/00006_00007.ppm;12;0
12/00006_00008.ppm;12;0
12/00006_00009.ppm;12;0
12/00006_00010.ppm;12;0
12/00006_00011.ppm;12;0
12/00006_00012.ppm;12;0
12/00006_00013.ppm;12;0
12/00006_00014.ppm;12;0
12/00006_00015.ppm;12;0
12/00006_00016.ppm;12;0
12/00006_00017.ppm;12;0
12/00006_00018.ppm;12;0
12/00006_00019.ppm;12;0
12/00006_00020.ppm;12;0
12/00006_00021.ppm;12;0
12/00006_00022.ppm;12;0
12/00006_00023.ppm;12;0
12/00006_00024.ppm;12;0
12/00006_00025.ppm;12;0
12/00006_00026.ppm;12;0
12/00006_00027.ppm;12;0
12/00006_00028.ppm;12;0
12/00006_00029.ppm;12;0
12/00007_00000.ppm;12;0
12/00007_00001.ppm;12;0
12/00007_00002.ppm;12;0
12/00007_00003.ppm;12;0
12/00007_00004.ppm;12;0
12/00007_00005.ppm;12;0
12/00007_00006.ppm;12;0
12/00007_00007.ppm;12;0
12/00007_00008.ppm;12;0
12/00007_00009.ppm;12;0
12/00007_00010.ppm;12;0
12/00007_00011.ppm;12;0
12/00007_00012.ppm;12;0
12/00007_00013.ppm;12;0
12/00007_00014.ppm;12;0
12/00007_00015.ppm;12;0
12/00007_00016.ppm;12;0
12/00007_00017.ppm;12;0
12/00007_00018.ppm;12;0
12/00007_00019.ppm;12;0
12/00007_00020.ppm;12;0
12/00007_00021.ppm;12;0
12/00007_00022.ppm;12;0
12/00007_00023.ppm;12;0
12/00007_00024.ppm;12;0
12/00007_00025.ppm;12;0
12/00007_00026.ppm;12;0
12/00007_00027.ppm;12;0
12/00007_00028.ppm;12;0
12/00007_00029.ppm;12;0
12/00008_00000.ppm;12;0
12/00008_00001.ppm;12;0
12/00008_00002.ppm;12;0
12/00008_00003.ppm;12;0
12/00008_00004.ppm;12;0
12/00008_00005.ppm;12;0
12/00008_00006.ppm;12;0
12/00008_00007.ppm;12;0
12/00008_00008.ppm;12;0
12/00008_00009.ppm;12;0
12/00008_00010.ppm;12;0
12/00008_00011.ppm;12;0
12/00008_00012.ppm;12;0
12/00008_00013.ppm;12;0
12/00008_00014.ppm;12;0
12/00008_00015.ppm;12;0
12/00008_00016.ppm;12;0
12/00008_00017.ppm;12;0
12/00008_00018.ppm;12;0
12/00008_00019.ppm;12;0
12/00008_00020.ppm;12;0
12/00008_00021.ppm;12;0
12/00008_00022.ppm;12;0
12/00008_00023.ppm;12;0
12/00008_00024.ppm;12;0
12/00008_00025.ppm;12;0
12/00008_00026.ppm;12;0
12/00008_00027.ppm;12;0
12/00008_00028.ppm;12;0
12/00008_00029.ppm;12;0
12/00009_00000.ppm;12;0
12/00009_00001.ppm;12;0
12/00009_00002.ppm;12;0
12/00009_00003.ppm;12;0
12/00009_00004.ppm;12;0
12/00009_00005.ppm;12;0
12/00009_00006.ppm;12;0
12/00009_00007.ppm;12;0
12/00009_00008.ppm;12;0
12/00009_00009.ppm;12;0
12/00009_00010.ppm;12;0
12/00009_00011.ppm;12;0
12/00009_00012.ppm;12;0
12/00009_00013.ppm;12;0
12/00009_00014.ppm;12;0
12/00009_00015.ppm;12;0
12/00009_00016.ppm;12;0
12/00009_00017.ppm;12;0
12/00009_00018.ppm;12;0
12/00009_00019.ppm;12;0
12/00009_00020.ppm;12;0
12/00009_00021.ppm;12;0
12/00009_00022.ppm;12;0
12/00009_00023.ppm;12;0
12/00009_00024.ppm;12;0
12/00009_00025.ppm;12;0
12/00009_00026.ppm;12;0
12/00009_00027.ppm;12;0
12/00009_00028.ppm;12;0
12/00009_00029.ppm;12;0
12/00010_00000.ppm;12;0
12/00010_00001.ppm;12;0
12/00010_00002.ppm;12;0
12/00010_00003.ppm;12;0
12/00010_00004.ppm;12;0
12/00010_00005.ppm;12;0
12/00010_00006.ppm;12;0
12/00010_00007.ppm;12;0
12/00010_00008.ppm;12;0
12/00010_00009.ppm;12;0
12/00010_00010.ppm;12;0
12/00010_00011.ppm;12;0
12/00010_00012.ppm;12;0
12/00010_00013.ppm;12;0
12/00010_00014.ppm;12;0
12/00010_00015.ppm;12;0
12/00010_00016.ppm;12;0
12/00010_00017.ppm;12;0
12/00010_00018.ppm;12;0
12/00010_00019.ppm;12;0
12/00010_00020.ppm;12;0
12/00010_00021.ppm;12;0
12/00010_00022.ppm;12;0
12/00010_00023.ppm;12;0
12/00010_00024.ppm;12;0
12/00010_00025.ppm;12;0
12/00010_00026.ppm;12;0
12/00010_00027.ppm;12;0
12/00010_00028.ppm;12;0
12/00010_00029.ppm;12;0
12/00011_00000.ppm;12;0
12/00011_00001.ppm;12;0
12/00011_00002.ppm;12;0
12/00011_00003.ppm;12;0
12/00011_00004.ppm;12;0
12/00011_00005.ppm;12;0
12/00011_00006.ppm;12;0
12/00011_00007.ppm;12;0
12/00011_00008.ppm;12;0
12/00011_00009.ppm;12;0
12/00011_00010.ppm;12;0
12/00011_00011.ppm;12;0
12/00011_00012.ppm;12;0
12/00011_00013.ppm;12;0
12/00011_00014.ppm;12;0
12/00011_00015.ppm;12;0
12/00011_00016.ppm;12;0
12/00011_00017.ppm;12;0
12/00011_00018.ppm;12;0
12/00011_00019.ppm;12;0
12/00011_00020.ppm;12;0
12/00011_00021.ppm;12;0
12/00011_00022.ppm;12;0
12/00011_00023.ppm;12;0
12/00011_00024.ppm;12;0
12/00011_00025.ppm;12;0
12/00011_00026.ppm;12;0
12/00011_00027.ppm;12;0
12/00011_00028.ppm;12;0
12/00011_00029.ppm;12;0
12/00012_00000.ppm;12;0
12/00012_00001.ppm;12;0
12/00012_00002.ppm;12;0
12/00012_00003.ppm;12;0
12/00012_00004.ppm;12;0
12/00012_00005.ppm;12;0
12/00012_00006.ppm;12;0
12/00012_00007.ppm;12;0
12/00012_00008.ppm;12;0
12/00012_00009.ppm;12;0
12/00012_00010.ppm;12;0
12/00012_00011.ppm;12;0
12/00012_00012.ppm;12;0
12/00012_00013.ppm;12;0
12/00012_00014.ppm;12;0
12/00012_00015.ppm;12;0
12/00012_00016.ppm;12;0
12/00012_00017.ppm;12;0
12/00012_00018.ppm;12;0
12/00012_00019.ppm;12;0
12/00012_00020.ppm;12;0
12/00012_00021.ppm;12;0
12/00012_00022.ppm;12;0
12/00012_00023.ppm;12;0
12/00012_00024.ppm;12;0
12/00012_00025.ppm;12;0
12/00012_00026.ppm;12;0
12/00012_00027.ppm;12;0
12/00012_00028.ppm;12;0
12/00012_00029.ppm;12;0
12/00013_00000.ppm;12;0
12/00013_00001.ppm;12;0
12/00013_00002.ppm;12;0
12/00013_00003.ppm;12;0
12/00013_00004.ppm;12;0
12/00013_00005.ppm;12;0
12/00013_00006.ppm;12;0
12/00013_00007.ppm;12;0
12/00013_00008.ppm;12;0
12/00013_00009.ppm;12;0
12/00013_00010.ppm;12;0
12/00013_00011.ppm;12;0
12/00013_00012.ppm;12;0
12/00013_00013.ppm;12;0
12/00013_00014.ppm;12;0
12/00013_00015.ppm;12;0
12/00013_00016.ppm;12;0
12/00013_00017.ppm;12;0
12/00013_00018.ppm;12;0
12/00013_00019.ppm;12;0
12/00013_00020.ppm;12;0
12/00013_00021.ppm;12;0
12/00013_00022.ppm;12;0
12/00013_00023.ppm;12;0
12/00013_00024.ppm;12;0
12/00013_00025.ppm;12;0
12/00013_00026.ppm;12;0
12/00013_00027.ppm;12;0
12/00013_00028.ppm;12;0
12/00013_00029.ppm;12;0
12/00014_00000.ppm;12;0
12/00014_00001.ppm;12;0
12/00014_00002.ppm;12;0
12/00014_00003.ppm;12;0
12/00014_00004.ppm;12;0
12/00014_00005.ppm;12;0
12/00014_00006.ppm;12;0
12/00014_00007.ppm;12;0
12/00014_00008.ppm;12;0
12/00014_00009.ppm;12;0
12/00014_00010.ppm;12;0
12/00014_00011.ppm;12;0
12/00014_00012.ppm;12;0
12/00014_00013.ppm;12;0
12/00014_00014.ppm;12;0
12/00014_00015.ppm;12;0
12/00014_00016.ppm;12;0
12/00014_00017.ppm;12;0
12/00014_00018.ppm;12;0
12/00014_00019.ppm;12;0
12/00014_00020.ppm;12;0
12/00014_00021.ppm;12;0
12/00014_00022.ppm;12;0
12/00014_00023.ppm;12;0
12/00014_00024.ppm;12;0
12/00014_00025.ppm;12;0
12/00014_00026.ppm;12;0
12/00014_00027.ppm;12;0
12/00014_00028.ppm;12;0
12/00014_00029.ppm;12;0
12/00015_00000.ppm;12;0
12/00015_00001.ppm;12;0
12/00015_00002.ppm;12;0
12/00015_00003.ppm;12;0
12/00015_00004.ppm;12;0
12/00015_00005.ppm;12;0
12/00015_00006.ppm;12;0
12/00015_00007.ppm;12;0
12/00015_00008.ppm;12;0
12/00015_00009.ppm;12;0
12/00015_00010.ppm;12;0
12/00015_00011.ppm;12;0
12/00015_00012.ppm;12;0
12/00015_00013.ppm;12;0
12/00015_00014.ppm;12;0
12/00015_00015.ppm;12;0
12/00015_00016.ppm;12;0
12/00015_00017.ppm;12;0
12/00015_00018.ppm;12;0
12/00015_00019.ppm;12;0
12/00015_00020.ppm;12;0
12/00015_00021.ppm;12;0
12/00015_00022.ppm;12;0
12/00015_00023.ppm;12;0
12/00015_00024.ppm;12;0
12/00015_00025.ppm;12;0
12/00015_00026.ppm;12;0
12/00015_00027.ppm;12;0
12/00015_00028.ppm;12;0
12/00015_00029.ppm;12;0
12/00016_00000.ppm;12;0
12/00016_00001.ppm;12;0
12/00016_00002.ppm;12;0
12/00016_00003.ppm;12;0
12/00016_00004.ppm;12;0
12/00016_00005.ppm;12;0
12/00016_00006.ppm;12;0
12/00016_00007.ppm;12;0
12/00016_00008.ppm;12;0
12/00016_00009.ppm;12;0
12/00016_00010.ppm;12;0
12/00016_00011.ppm;12;0
12/00016_00012.ppm;12;0
12/00016_00013.ppm;12;0
12/00016_00014.ppm;12;0
12/00016_00015.ppm;12;0
12/00016_00016.ppm;12;0
12/00016_00017.ppm;12;0
12/00016_00018.ppm;12;0
12/00016_00019.ppm;12;0
12/00016_00020.ppm;12;0
12/00016_00021.ppm;12;0
12/00016_00022.ppm;12;0
12/00016_00023.ppm;12;0
12/00016_00024.ppm;12;0
12/00016_00025.ppm;12;0
12/00016_00026.ppm;12;0
12/00016_00027.ppm;12;0
12/00016_00028.ppm;12;0
12/00016_00029.ppm;12;0
12/00017_00000.ppm;12;0
12/00017_00001.ppm;12;0
12/00017_00002.ppm;12;0
12/00017_00003.ppm;12;0
12/00017_00004.ppm;12;0
12/00017_00005.ppm;12;0
12/00017_00006.ppm;12;0
12/00017_00007.ppm;12;0
12/00017_00008.ppm;12;0
12/00017_00009.ppm;12;0
12/00017_00010.ppm;12;0
12/00017_00011.ppm;12;0
12/00017_00012.ppm;12;0
12/00017_00013.ppm;12;0
12/00017_00014.ppm;12;0
12/00017_00015.ppm;12;0
12/00017_00016.ppm;12;0
12/00017_00017.ppm;12;0
12/00017_00018.ppm;12;0
12/00017_00019.ppm;12;0
12/00017_00020.ppm;12;0
12/00017_00021.ppm;12;0
12/00017_00022.ppm;12;0
12/00017_00023.ppm;12;0
12/00017_00024.ppm;12;0
12/00017_00025.ppm;12;0
12/00017_00026.ppm;12;0
12/00017_00027.ppm;12;0
12/00017_00028.ppm;12;0
12/00017_00029.ppm;12;0
12/00018_00000.ppm;12;0
12/00018_00001.ppm;12;0
12/00018_00002.ppm;12;0
12/00018_00003.ppm;12;0
12/00018_00004.ppm;12;0
12/00018_00005.ppm;12;0
12/00018_00006.ppm;12;0
12/00018_00007.ppm;12;0
12/00018_00008.ppm;12;0
12/00018_00009.ppm;12;0
12/00018_00010.ppm;12;0
12/00018_00011.ppm;12;0
12/00018_00012.ppm;12;0
12/00018_00013.ppm;12;0
12/00018_00014.ppm;12;0
12/00018_00015.ppm;12;0
12/00018_00016.ppm;12;0
12/00018_00017.ppm;12;0
12/00018_00018.ppm;12;0
12/00018_00019.ppm;12;0
12/00018_00020.ppm;12;0
12/00018_00021.ppm;12;0
12/00018_00022.ppm;12;0
12/00018_00023.ppm;12;0
12/00018_00024.ppm;12;0
12/00018_00025.ppm;12;0
12/00018_00026.ppm;12;0
12/00018_00027.ppm;12;0
12/00018_00028.ppm;12;0
12/00018_00029.ppm;12;0
12/00019_00000.ppm;12;0
12/00019_00001.ppm;12;0
12/00019_00002.ppm;12;0
12/00019_00003.ppm;12;0
12/00019_00004.ppm;12;0
12/00019_00005.ppm;12;0
12/00019_00006.ppm;12;0
12/00019_00007.ppm;12;0
12/00019_00008.ppm;12;0
12/00019_00009.ppm;12;0
12/00019_00010.ppm;12;0
12/00019_00011.ppm;12;0
12/00019_00012.ppm;12;0
12/00019_00013.ppm;12;0
12/00019_00014.ppm;12;0
12/00019_00015.ppm;12;0
12/00019_00016.ppm;12;0
12/00019_00017.ppm;12;0
12/00019_00018.ppm;12;0
12/00019_00019.ppm;12;0
12/00019_00020.ppm;12;0
12/00019_00021.ppm;12;0
12/00019_00022.ppm;12;0
12/00019_00023.ppm;12;0
12/00019_00024.ppm;12;0
12/00019_00025.ppm;12;0
12/00019_00026.ppm;12;0
12/00019_00027.ppm;12;0
12/00019_00028.ppm;12;0
12/00019_00029.ppm;12;0
12/00020_00000.ppm;12;0
12/00020_00001.ppm;12;0
12/00020_00002.ppm;12;0
12/00020_00003.ppm;12;0
12/00020_00004.ppm;12;0
12/00020_00005.ppm;12;0
12/00020_00006.ppm;12;0
12/00020_00007.ppm;12;0
12/00020_00008.ppm;12;0
12/00020_00009.ppm;12;0
12/00020_00010.ppm;12;0
12/00020_00011.ppm;12;0
12/00020_00012.ppm;12;0
12/00020_00013.ppm;12;0
12/00020_00014.ppm;12;0
12/00020_00015.ppm;12;0
12/00020_00016.ppm;12;0
12/00020_00017.ppm;12;0
12/00020_00018.ppm;12;0
12/00020_00019.ppm;12;0
12/00020_00020.ppm;12;0
12/00020_00021.ppm;12;0
12/00020_00022.ppm;12;0
12/00020_00023.ppm;12;0
12/00020_00024.ppm;12;0
12/00020_00025.ppm;12;0
12/00020_00026.ppm;12;0
12/00020_00027.ppm;12;0
12/00020_00028.ppm;12;0
12/00020_00029.ppm;12;0
12/00021_00000.ppm;12;0
12/00021_00001.ppm;12;0
12/00021_00002.ppm;12;0
12/00021_00003.ppm;12;0
12/00021_00004.ppm;12;0
12/00021_00005.ppm;12;0
12/00021_00006.ppm;12;0
12/00021_00007.ppm;12;0
12/00021_00008.ppm;12;0
12/00021_00009.ppm;12;0
12/00021_00010.ppm;12;0
12/00021_00011.ppm;12;0
12/00021_00012.ppm;12;0
12/00021_00013.ppm;12;0
12/00021_00014.ppm;12;0
12/00021_00015.ppm;12;0
12/00021_00016.ppm;12;0
12/00021_00017.ppm;12;0
12/00021_00018.ppm;12;0
12/00021_00019.ppm;12;0
12/00021_00020.ppm;12;0
12/00021_00021.ppm;12;0
12/00021_00022.ppm;12;0
12/00021_00023.ppm;12;0
12/00021_00024.ppm;12;0
12/00021_00025.ppm;12;0
12/00021_00026.ppm;12;0
12/00021_00027.ppm;12;0
12/00021_00028.ppm;12;0
12/00021_00029.ppm;12;0
12/00022_00000.ppm;12;0
12/00022_00001.ppm;12;0
12/00022_00002.ppm;12;0
12/00022_00003.ppm;12;0
12/00022_00004.ppm;12;0
12/00022_00005.ppm;12;0
12/00022_00006.ppm;12;0
12/00022_00007.ppm;12;0
12/00022_00008.ppm;12;0
12/00022_00009.ppm;12;0
12/00022_00010.ppm;12;0
12/00022_00011.ppm;12;0
12/00022_00012.ppm;12;0
12/00022_00013.ppm;12;0
12/00022_00014.ppm;12;0
12/00022_00015.ppm;12;0
12/00022_00016.ppm;12;0
12/00022_00017.ppm;12;0
12/00022_00018.ppm;12;0
12/00022_00019.ppm;12;0
12/00022_00020.ppm;12;0
12/00022_00021.ppm;12;0
12/00022_00022.ppm;12;0
12/00022_00023.ppm;12;0
12/00022_00024.ppm;12;0
12/00022_00025.ppm;12;0
12/00022_00026.ppm;12;0
12/00022_00027.ppm;12;0
12/00022_00028.ppm;12;0
12/00022_00029.ppm;12;0
12/00023_00000.ppm;12;0
12/00023_00001.ppm;12;0
12/00023_00002.ppm;12;0
12/00023_00003.ppm;12;0
12/00023_00004.ppm;12;0
12/00023_00005.ppm;12;0
12/00023_00006.ppm;12;0
12/00023_00007.ppm;12;0
12/00023_00008.ppm;12;0
12/00023_00009.ppm;12;0
12/00023_00010.ppm;12;0
12/00023_00011.ppm;12;0
12/00023_00012.ppm;12;0
12/00023_00013.ppm;12;0
12/00023_00014.ppm;12;0
12/00023_00015.ppm;12;0
12/00023_00016.ppm;12;0
12/00023_00017.ppm;12;0
12/00023_00018.ppm;12;0
12/00023_00019.ppm;12;0
12/00023_00020.ppm;12;0
12/00023_00021.ppm;12;0
12/00023_00022.ppm;12;0
12/00023_00023.ppm;12;0
12/00023_00024.ppm;12;0
12/00023_00025.ppm;12;0
12/00023_00026.ppm;12;0
12/00023_00027.ppm;12;0
12/00023_00028.ppm;12;0
12/00023_00029.ppm;12;0
12/00024_00000.ppm;12;0
12/00024_00001.ppm;12;0
12/00024_00002.ppm;12;0
12/00024_00003.ppm;12;0
12/00024_00004.ppm;12;0
12/00024_00005.ppm;12;0
12/00024_00006.ppm;12;0
12/00024_00007.ppm;12;0
12/00024_00008.ppm;12;0
12/00024_00009.ppm;12;0
12/00024_00010.ppm;12;0
12/00024_00011.ppm;12;0
12/00024_00012.ppm;12;0
12/00024_00013.ppm;12;0
12/00024_00014.ppm;12;0
12/00024_00015.ppm;12;0
12/00024_00016.ppm;12;0
12/00024_00017.ppm;12;0
12/00024_00018.ppm;12;0
12/00024_00019.ppm;12;0
12/00024_00020.ppm;12;0
12/00024_00021.ppm;12;0
12/00024_00022.ppm;12;0
12/00024_00023.ppm;12;0
12/00024_00024.ppm;12;0
12/00024_00025.ppm;12;0
12/00024_00026.ppm;12;0
12/00024_00027.ppm;12;0
12/00024_00028.ppm;12;0
12/00024_00029.ppm;12;0
12/00025_00000.ppm;12;0
12/00025_00001.ppm;12;0
12/00025_00002.ppm;12;0
12/00025_00003.ppm;12;0
12/00025_00004.ppm;12;0
12/00025_00005.ppm;12;0
12/00025_00006.ppm;12;0
12/00025_00007.ppm;12;0
12/00025_00008.ppm;12;0
12/00025_00009.ppm;12;0
12/00025_00010.ppm;12;0
12/00025_00011.ppm;12;0
12/00025_00012.ppm;12;0
12/00025_00013.ppm;12;0
12/00025_00014.ppm;12;0
12/00025_00015.ppm;12;0
12/00025_00016.ppm;12;0
12/00025_00017.ppm;12;0
12/00025_00018.ppm;12;0
12/00025_00019.ppm;12;0
12/00025_00020.ppm;12;0
12/00025_00021.ppm;12;0
12/00025_00022.ppm;12;0
12/00025_00023.ppm;12;0
12/00025_00024.ppm;12;0
12/00025_00025.ppm;12;0
12/00025_00026.ppm;12;0
12/00025_00027.ppm;12;0
12/00025_00028.ppm;12;0
12/00025_00029.ppm;12;0
12/00026_00000.ppm;12;0
12/00026_00001.ppm;12;0
12/00026_00002.ppm;12;0
12/00026_00003.ppm;12;0
12/00026_00004.ppm;12;0
12/00026_00005.ppm;12;0
12/00026_00006.ppm;12;0
12/00026_00007.ppm;12;0
12/00026_00008.ppm;12;0
12/00026_00009.ppm;12;0
12/00026_00010.ppm;12;0
12/00026_00011.ppm;12;0
12/00026_00012.ppm;12;0
12/00026_00013.ppm;12;0
12/00026_00014.ppm;12;0
12/00026_00015.ppm;12;0
12/00026_00016.ppm;12;0
12/00026_00017.ppm;12;0
12/00026_00018.ppm;12;0
12/00026_00019.ppm;12;0
12/00026_00020.ppm;12;0
12/00026_00021.ppm;12;0
12/00026_00022.ppm;12;0
12/00026_00023.ppm;12;0
12/00026_00024.ppm;12;0
12/00026_00025.ppm;12;0
12/00026_00026.ppm;12;0
12/00026_00027.ppm;12;0
12/00026_00028.ppm;12;0
12/00026_00029.ppm;12;0
12/00027_00000.ppm;12;0
12/00027_00001.ppm;12;0
12/00027_00002.ppm;12;0
12/00027_00003.ppm;12;0
12/00027_00004.ppm;12;0
12/00027_00005.ppm;12;0
12/00027_00006.ppm;12;0
12/00027_00007.ppm;12;0
12/00027_00008.ppm;12;0
12/00027_00009.ppm;12;0
12/00027_00010.ppm;12;0
12/00027_00011.ppm;12;0
12/00027_00012.ppm;12;0
12/00027_00013.ppm;12;0
12/00027_00014.ppm;12;0
12/00027_00015.ppm;12;0
12/00027_00016.ppm;12;0
12/00027_00017.ppm;12;0
12/00027_00018.ppm;12;0
12/00027_00019.ppm;12;0
12/00027_00020.ppm;12;0
12/00027_00021.ppm;12;0
12/00027_00022.ppm;12;0
12/00027_00023.ppm;12;0
12/00027_00024.ppm;12;0
12/00027_00025.ppm;12;0
12/00027_00026.ppm;12;0
12/00027_00027.ppm;12;0
12/00027_00028.ppm;12;0
12/00027_00029.ppm;12;0
12/00028_00000.ppm;12;0
12/00028_00001.ppm;12;0
12/00028_00002.ppm;12;0
12/00028_00003.ppm;12;0
12/00028_00004.ppm;12;0
12/00028_00005.ppm;12;0
12/00028_00006.ppm;12;0
12/00028_00007.ppm;12;0
12/00028_00008.ppm;12;0
12/00028_00009.ppm;12;0
12/00028_00010.ppm;12;0
12/00028_00011.ppm;12;0
12/00028_00012.ppm;12;0
12/00028_00013.ppm;12;0
12/00028_00014.ppm;12;0
12/00028_00015.ppm;12;0
12/00028_00016.ppm;12;0
12/00028_00017.ppm;12;0
12/00028_00018.ppm;12;0
12/00028_00019.ppm;12;0
12/00028_00020.ppm;12;0
12/00028_00021.ppm;12;0
12/00028_00022.ppm;12;0
12/00028_00023.ppm;12;0
12/00028_00024.ppm;12;0
12/00028_00025.ppm;12;0
12/00028_00026.ppm;12;0
12/00028_00027.ppm;12;0
12/00028_00028.ppm;12;0
12/00028_00029.ppm;12;0
12/00029_00000.ppm;12;0
12/00029_00001.ppm;12;0
12/00029_00002.ppm;12;0
12/00029_00003.ppm;12;0
12/00029_00004.ppm;12;0
12/00029_00005.ppm;12;0
12/00029_00006.ppm;12;0
12/00029_00007.ppm;12;0
12/00029_00008.ppm;12;0
12/00029_00009.ppm;12;0
12/00029_00010.ppm;12;0
12/00029_00011.ppm;12;0
12/00029_00012.ppm;12;0
12/00029_00013.ppm;12;0
12/00029_00014.ppm;12;0
12/00029_00015.ppm;12;0
12/00029_00016.ppm;12;0
12/00029_00017.ppm;12;0
12/00029_00018.ppm;12;0
12/00029_00019.ppm;12;0
12/00029_00020.ppm;12;0
12/00029_00021.ppm;12;0
12/00029_00022.ppm;12;0
12/00029_00023.ppm;12;0
12/00029_00024.ppm;12;0
12/00029_00025.ppm;12;0
12/00029_00026.ppm;12;0
12/00029_00027.ppm;12;0
12/00029_00028.ppm;12;0
12/00029_00029.ppm;12;0
12/00030_00000.ppm;12;0
12/00030_00001.ppm;12;0
12/00030_00002.ppm;12;0
12/00030_00003.ppm;12;0
12/00030_00004.ppm;12;0
12/00030_00005.ppm;12;0
12/00030_00006.ppm;12;0
12/00030_00007.ppm;12;0
12/00030_00008.ppm;12;0
12/00030_00009.ppm;12;0
12/00030_00010.ppm;12;0
12/00030_00011.ppm;12;0
12/00030_00012.ppm;12;0
12/00030_00013.ppm;12;0
12/00030_00014.ppm;12;0
12/00030_00015.ppm;12;0
12/00030_00016.ppm;12;0
12/00030_00017.ppm;12;0
12/00030_00018.ppm;12;0
12/00030_00019.ppm;12;0
12/00030_00020.ppm;12;0
12/00030_00021.ppm;12;0
12/00030_00022.ppm;12;0
12/00030_00023.ppm;12;0
12/00030_00024.ppm;12;0
12/00030_00025.ppm;12;0
12/00030_00026.ppm;12;0
12/00030_00027.ppm;12;0
12/00030_00028.ppm;12;0
12/00030_00029.ppm;12;0
12/00031_00000.ppm;12;0
12/00031_00001.ppm;12;0
12/00031_00002.ppm;12;0
12/00031_00003.ppm;12;0
12/00031_00004.ppm;12;0
12/00031_00005.ppm;12;0
12/00031_00006.ppm;12;0
12/00031_00007.ppm;12;0
12/00031_00008.ppm;12;0
12/00031_00009.ppm;12;0
12/00031_00010.ppm;12;0
12/00031_00011.ppm;12;0
12/00031_00012.ppm;12;0
12/00031_00013.ppm;12;0
12/00031_00014.ppm;12;0
12/00031_00015.ppm;12;0
12/00031_00016.ppm;12;0
12/00031_00017.ppm;12;0
12/00031_00018.ppm;12;0
12/00031_00019.ppm;12;0
12/00031_00020.ppm;12;0
12/00031_00021.ppm;12;0
12/00031_00022.ppm;12;0
12/00031_00023.ppm;12;0
12/00031_00024.ppm;12;0
12/00031_00025.ppm;12;0
12/00031_00026.ppm;12;0
12/00031_00027.ppm;12;0
12/00031_00028.ppm;12;0
12/00031_00029.ppm;12;0
12/00032_00000.ppm;12;0
12/00032_00001.ppm;12;0
12/00032_00002.ppm;12;0
12/00032_00003.ppm;12;0
12/00032_00004.ppm;12;0
12/00032_00005.ppm;12;0
12/00032_00006.ppm;12;0
12/00032_00007.ppm;12;0
12/00032_00008.ppm;12;0
12/00032_00009.ppm;12;0
12/00032_00010.ppm;12;0
12/00032_00011.ppm;12;0
12/00032_00012.ppm;12;0
12/00032_00013.ppm;12;0
12/00032_00014.ppm;12;0
12/00032_00015.ppm;12;0
12/00032_00016.ppm;12;0
12/00032_00017.ppm;12;0
12/00032_00018.ppm;12;0
12/00032_00019.ppm;12;0
12/00032_00020.ppm;12;0
12/00032_00021.ppm;12;0
12/00032_00022.ppm;12;0
12/00032_00023.ppm;12;0
12/00032_00024.ppm;12;0
12/00032_00025.ppm;12;0
12/00032_00026.ppm;12;0
12/00032_00027.ppm;12;0
12/00032_00028.ppm;12;0
12/00032_00029.ppm;12;0
12/00033_00000.ppm;12;0
12/00033_00001.ppm;12;0
12/00033_00002.ppm;12;0
12/00033_00003.ppm;12;0
12/00033_00004.ppm;12;0
12/00033_00005.ppm;12;0
12/00033_00006.ppm;12;0
12/00033_00007.ppm;12;0
12/00033_00008.ppm;12;0
12/00033_00009.ppm;12;0
12/00033_00010.ppm;12;0
12/00033_00011.ppm;12;0
12/00033_00012.ppm;12;0
12/00033_00013.ppm;12;0
12/00033_00014.ppm;12;0
12/00033_00015.ppm;12;0
12/00033_00016.ppm;12;0
12/00033_00017.ppm;12;0
12/00033_00018.ppm;12;0
12/00033_00019.ppm;12;0
12/00033_00020.ppm;12;0
12/00033_00021.ppm;12;0
12/00033_00022.ppm;12;0
12/00033_00023.ppm;12;0
12/00033_00024.ppm;12;0
12/00033_00025.ppm;12;0
12/00033_00026.ppm;12;0
12/00033_00027.ppm;12;0
12/00033_00028.ppm;12;0
12/00033_00029.ppm;12;0
12/00034_00000.ppm;12;0
12/00034_00001.ppm;12;0
12/00034_00002.ppm;12;0
12/00034_00003.ppm;12;0
12/00034_00004.ppm;12;0
12/00034_00005.ppm;12;0
12/00034_00006.ppm;12;0
12/00034_00007.ppm;12;0
12/00034_00008.ppm;12;0
12/00034_00009.ppm;12;0
12/00034_00010.ppm;12;0
12/00034_00011.ppm;12;0
12/00034_00012.ppm;12;0
12/00034_00013.ppm;12;0
12/00034_00014.ppm;12;0
12/00034_00015.ppm;12;0
12/00034_00016.ppm;12;0
12/00034_00017.ppm;12;0
12/00034_00018.ppm;12;0
12/00034_00019.ppm;12;0
12/00034_00020.ppm;12;0
12/00034_00021.ppm;12;0
12/00034_00022.ppm;12;0
12/00034_00023.ppm;12;0
12/00034_00024.ppm;12;0
12/00034_00025.ppm;12;0
12/00034_00026.ppm;12;0
12/00034_00027.ppm;12;0
12/00034_00028.ppm;12;0
12/00034_00029.ppm;12;0
12/00035_00000.ppm;12;0
12/00035_00001.ppm;12;0
12/00035_00002.ppm;12;0
12/00035_00003.ppm;12;0
12/00035_00004.ppm;12;0
12/00035_00005.ppm;12;0
12/00035_00006.ppm;12;0
12/00035_00007.ppm;12;0
12/00035_00008.ppm;12;0
12/00035_00009.ppm;12;0
12/00035_00010.ppm;12;0
12/00035_00011.ppm;12;0
12/00035_00012.ppm;12;0
12/00035_00013.ppm;12;0
12/00035_00014.ppm;12;0
12/00035_00015.ppm;12;0
12/00035_00016.ppm;12;0
12/00035_00017.ppm;12;0
12/00035_00018.ppm;12;0
12/00035_00019.ppm;12;0
12/00035_00020.ppm;12;0
12/00035_00021.ppm;12;0
12/00035_00022.ppm;12;0
12/00035_00023.ppm;12;0
12/00035_00024.ppm;12;0
12/00035_00025.ppm;12;0
12/00035_00026.ppm;12;0
12/00035_00027.ppm;12;0
12/00035_00028.ppm;12;0
12/00035_00029.ppm;12;0
12/00036_00000.ppm;12;0
12/00036_00001.ppm;12;0
12/00036_00002.ppm;12;0
12/00036_00003.ppm;12;0
12/00036_00004.ppm;12;0
12/00036_00005.ppm;12;0
12/00036_00006.ppm;12;0
12/00036_00007.ppm;12;0
12/00036_00008.ppm;12;0
12/00036_00009.ppm;12;0
12/00036_00010.ppm;12;0
12/00036_00011.ppm;12;0
12/00036_00012.ppm;12;0
12/00036_00013.ppm;12;0
12/00036_00014.ppm;12;0
12/00036_00015.ppm;12;0
12/00036_00016.ppm;12;0
12/00036_00017.ppm;12;0
12/00036_00018.ppm;12;0
12/00036_00019.ppm;12;0
12/00036_00020.ppm;12;0
12/00036_00021.ppm;12;0
12/00036_00022.ppm;12;0
12/00036_00023.ppm;12;0
12/00036_00024.ppm;12;0
12/00036_00025.ppm;12;0
12/00036_00026.ppm;12;0
12/00036_00027.ppm;12;0
12/00036_00028.ppm;12;0
12/00036_00029.ppm;12;0
12/00037_00000.ppm;12;0
12/00037_00001.ppm;12;0
12/00037_00002.ppm;12;0
12/00037_00003.ppm;12;0
12/00037_00004.ppm;12;0
12/00037_00005.ppm;12;0
12/00037_00006.ppm;12;0
12/00037_00007.ppm;12;0
12/00037_00008.ppm;12;0
12/00037_00009.ppm;12;0
12/00037_00010.ppm;12;0
12/00037_00011.ppm;12;0
12/00037_00012.ppm;12;0
12/00037_00013.ppm;12;0
12/00037_00014.ppm;12;0
12/00037_00015.ppm;12;0
12/00037_00016.ppm;12;0
12/00037_00017.ppm;12;0
12/00037_00018.ppm;12;0
12/00037_00019.ppm;12;0
12/00037_00020.ppm;12;0
12/00037_00021.ppm;12;0
12/00037_00022.ppm;12;0
12/00037_00023.ppm;12;0
12/00037_00024.ppm;12;0
12/00037_00025.ppm;12;0
12/00037_00026.ppm;12;0
12/00037_00027.ppm;12;0
12/00037_00028.ppm;12;0
12/00037_00029.ppm;12;0
12/00038_00000.ppm;12;0
12/00038_00001.ppm;12;0
12/00038_00002.ppm;12;0
12/00038_00003.ppm;12;0
12/00038_00004.ppm;12;0
12/00038_00005.ppm;12;0
12/00038_00006.ppm;12;0
12/00038_00007.ppm;12;0
12/00038_00008.ppm;12;0
12/00038_00009.ppm;12;0
12/00038_00010.ppm;12;0
12/00038_00011.ppm;12;0
12/00038_00012.ppm;12;0
12/00038_00013.ppm;12;0
12/00038_00014.ppm;12;0
12/00038_00015.ppm;12;0
12/00038_00016.ppm;12;0
12/00038_00017.ppm;12;0
12/00038_00018.ppm;12;0
12/00038_00019.ppm;12;0
12/00038_00020.ppm;12;0
12/00038_00021.ppm;12;0
12/00038_00022.ppm;12;0
12/00038_00023.ppm;12;0
12/00038_00024.ppm;12;0
12/00038_00025.ppm;12;0
12/00038_00026.ppm;12;0
12/00038_00027.ppm;12;0
12/00038_00028.ppm;12;0
12/00038_00029.ppm;12;0
12/00039_00000.ppm;12;0
12/00039_00001.ppm;12;0
12/00039_00002.ppm;12;0
12/00039_00003.ppm;12;0
12/00039_00004.ppm;12;0
12/00039_00005.ppm;12;0
12/00039_00006.ppm;12;0
12/00039_00007.ppm;12;0
12/00039_00008.ppm;12;0
12/00039_00009.ppm;12;0
12/00039_00010.ppm;12;0
12/00039_00011.ppm;12;0
12/00039_00012.ppm;12;0
12/00039_00013.ppm;12;0
12/00039_00014.ppm;12;0
12/00039_00015.ppm;12;0
12/00039_00016.ppm;12;0
12/00039_00017.ppm;12;0
12/00039_00018.ppm;12;0
12/00039_00019.ppm;12;0
12/00039_00020.ppm;12;0
12/00039_00021.ppm;12;0
12/00039_00022.ppm;12;0
12/00039_00023.ppm;12;0
12/00039_00024.ppm;12;0
12/00039_00025.ppm;12;0
12/00039_00026.ppm;12;0
12/00039_00027.ppm;12;0
12/00039_00028.ppm;12;0
12/00039_00029.ppm;12;0
12/00040_00000.ppm;12;0
12/00040_00001.ppm;12;0
12/00040_00002.ppm;12;0
12/00040_00003.ppm;12;0
12/00040_00004.ppm;12;0
12/00040_00005.ppm;12;0
12/00040_00006.ppm;12;0
12/00040_00007.ppm;12;0
12/00040_00008.ppm;12;0
12/00040_00009.ppm;12;0
12/00040_00010.ppm;12;0
12/00040_00011.ppm;12;0
12/00040_00012.ppm;12;0
12/00040_00013.ppm;12;0
12/00040_00014.ppm;12;0
12/00040_00015.ppm;12;0
12/00040_00016.ppm;12;0
12/00040_00017.ppm;12;0
12/00040_00018.ppm;12;0
12/00040_00019.ppm;12;0
12/00040_00020.ppm;12;0
12/00040_00021.ppm;12;0
12/00040_00022.ppm;12;0
12/00040_00023.ppm;12;0
12/00040_00024.ppm;12;0
12/00040_00025.ppm;12;0
12/00040_00026.ppm;12;0
12/00040_00027.ppm;12;0
12/00040_00028.ppm;12;0
12/00040_00029.ppm;12;0
12/00041_00000.ppm;12;0
12/00041_00001.ppm;12;0
12/00041_00002.ppm;12;0
12/00041_00003.ppm;12;0
12/00041_00004.ppm;12;0
12/00041_00005.ppm;12;0
12/00041_00006.ppm;12;0
12/00041_00007.ppm;12;0
12/00041_00008.ppm;12;0
12/00041_00009.ppm;12;0
12/00041_00010.ppm;12;0
12/00041_00011.ppm;12;0
12/00041_00012.ppm;12;0
12/00041_00013.ppm;12;0
12/00041_00014.ppm;12;0
12/00041_00015.ppm;12;0
12/00041_00016.ppm;12;0
12/00041_00017.ppm;12;0
12/00041_00018.ppm;12;0
12/00041_00019.ppm;12;0
12/00041_00020.ppm;12;0
12/00041_00021.ppm;12;0
12/00041_00022.ppm;12;0
12/00041_00023.ppm;12;0
12/00041_00024.ppm;12;0
12/00041_00025.ppm;12;0
12/00041_00026.ppm;12;0
12/00041_00027.ppm;12;0
12/00041_00028.ppm;12;0
12/00041_00029.ppm;12;0
12/00042_00000.ppm;12;0
12/00042_00001.ppm;12;0
12/00042_00002.ppm;12;0
12/00042_00003.ppm;12;0
12/00042_00004.ppm;12;0
12/00042_00005.ppm;12;0
12/00042_00006.ppm;12;0
12/00042_00007.ppm;12;0
12/00042_00008.ppm;12;0
12/00042_00009.ppm;12;0
12/00042_00010.ppm;12;0
12/00042_00011.ppm;12;0
12/00042_00012.ppm;12;0
12/00042_00013.ppm;12;0
12/00042_00014.ppm;12;0
12/00042_00015.ppm;12;0
12/00042_00016.ppm;12;0
12/00042_00017.ppm;12;0
12/00042_00018.ppm;12;0
12/00042_00019.ppm;12;0
12/00042_00020.ppm;12;0
12/00042_00021.ppm;12;0
12/00042_00022.ppm;12;0
12/00042_00023.ppm;12;0
12/00042_00024.ppm;12;0
12/00042_00025.ppm;12;0
12/00042_00026.ppm;12;0
12/00042_00027.ppm;12;0
12/00042_00028.ppm;12;0
12/00042_00029.ppm;12;0
12/00043_00000.ppm;12;0
12/00043_00001.ppm;12;0
12/00043_00002.ppm;12;0
12/00043_00003.ppm;12;0
12/00043_00004.ppm;12;0
12/00043_00005.ppm;12;0
12/00043_00006.ppm;12;0
12/00043_00007.ppm;12;0
12/00043_00008.ppm;12;0
12/00043_00009.ppm;12;0
12/00043_00010.ppm;12;0
12/00043_00011.ppm;12;0
12/00043_00012.ppm;12;0
12/00043_00013.ppm;12;0
12/00043_00014.ppm;12;0
12/00043_00015.ppm;12;0
12/00043_00016.ppm;12;0
12/00043_00017.ppm;12;0
12/00043_00018.ppm;12;0
12/00043_00019.ppm;12;0
12/00043_00020.ppm;12;0
12/00043_00021.ppm;12;0
12/00043_00022.ppm;12;0
12/00043_00023.ppm;12;0
12/00043_00024.ppm;12;0
12/00043_00025.ppm;12;0
12/00043_00026.ppm;12;0
12/00043_00027.ppm;12;0
12/00043_00028.ppm;12;0
12/00043_00029.ppm;12;0
12/00044_00000.ppm;12;0
12/00044_00001.ppm;12;0
12/00044_00002.ppm;12;0
12/00044_00003.ppm;12;0
12/00044_00004.ppm;12;0
12/00044_00005.ppm;12;0
12/00044_00006.ppm;12;0
12/00044_00007.ppm;12;0
12/00044_00008.ppm;12;0
12/00044_00009.ppm;12;0
12/00044_00010.ppm;12;0
12/00044_00011.ppm;12;0
12/00044_00012.ppm;12;0
12/00044_00013.ppm;12;0
12/00044_00014.ppm;12;0
12/00044_00015.ppm;12;0
12/00044_00016.ppm;12;0
12/00044_00017.ppm;12;0
12/00044_00018.ppm;12;0
12/00044_00019.ppm;12;0
12/00044_00020.ppm;12;0
12/00044_00021.ppm;12;0
12/00044_00022.ppm;12;0
12/00044_00023.ppm;12;0
12/00044_00024.ppm;12;0
12/00044_00025.ppm;12;0
12/00044_00026.ppm;12;0
12/00044_00027.ppm;12;0
12/00044_00028.ppm;12;0
12/00044_00029.ppm;12;0
12/00045_00000.ppm;12;0
12/00045_00001.ppm;12;0
12/00045_00002.ppm;12;0
12/00045_00003.ppm;12;0
12/00045_00004.ppm;12;0
12/00045_00005.ppm;12;0
12/00045_00006.ppm;12;0
12/00045_00007.ppm;12;0
12/00045_00008.ppm;12;0
12/00045_00009.ppm;12;0
12/00045_00010.ppm;12;0
12/00045_00011.ppm;12;0
12/00045_00012.ppm;12;0
12/00045_00013.ppm;12;0
12/00045_00014.ppm;12;0
12/00045_00015.ppm;12;0
12/00045_00016.ppm;12;0
12/00045_00017.ppm;12;0
12/00045_00018.ppm;12;0
12/00045_00019.ppm;12;0
12/00045_00020.ppm;12;0
12/00045_00021.ppm;12;0
12/00045_00022.ppm;12;0
12/00045_00023.ppm;12;0
12/00045_00024.ppm;12;0
12/00045_00025.ppm;12;0
12/00045_00026.ppm;12;0
12/00045_00027.ppm;12;0
12/00045_00028.ppm;12;0
12/00045_00029.ppm;12;0
12/00046_00000.ppm;12;0
12/00046_00001.ppm;12;0
12/00046_00002.ppm;12;0
12/00046_00003.ppm;12;0
12/00046_00004.ppm;12;0
12/00046_00005.ppm;12;0
12/00046_00006.ppm;12;0
12/00046_00007.ppm;12;0
12/00046_00008.ppm;12;0
12/00046_00009.ppm;12;0
12/00046_00010.ppm;12;0
12/00046_00011.ppm;12;0
12/00046_00012.ppm;12;0
12/00046_00013.ppm;12;0
12/00046_00014.ppm;12;0
12/00046_00015.ppm;12;0
12/00046_00016.ppm;12;0
12/00046_00017.ppm;12;0
12/00046_00018.ppm;12;0
12/00046_00019.ppm;12;0
12/00046_00020.ppm;12;0
12/00046_00021.ppm;12;0
12/00046_00022.ppm;12;0
12/00046_00023.ppm;12;0
12/00046_00024.ppm;12;0
12/00046_00025.ppm;12;0
12/00046_00026.ppm;12;0
12/00046_00027.ppm;12;0
12/00046_00028.ppm;12;0
12/00046_00029.ppm;12;0
13/00000_00000.ppm;13;0
13/00000_00001.ppm;13;0
13/00000_00002.ppm;13;0
13/00000_00003.ppm;13;0
13/00000_00004.ppm;13;0
13/00000_00005.ppm;13;0
13/00000_00006.ppm;13;0
13/00000_00007.ppm;13;0
13/00000_00008.ppm;13;0
13/00000_00009.ppm;13;0
13/00000_00010.ppm;13;0
13/00000_00011.ppm;13;0
13/00000_00012.ppm;13;0
13/00000_00013.ppm;13;0
13/00000_00014.ppm;13;0
13/00000_00015.ppm;13;0
13/00000_00016.ppm;13;0
13/00000_00017.ppm;13;0
13/00000_00018.ppm;13;0
13/00000_00019.ppm;13;0
13/00000_00020.ppm;13;0
13/00000_00021.ppm;13;0
13/00000_00022.ppm;13;0
13/00000_00023.ppm;13;0
13/00000_00024.ppm;13;0
13/00000_00025.ppm;13;0
13/00000_00026.ppm;13;0
13/00000_00027.ppm;13;0
13/00000_00028.ppm;13;0
13/00000_00029.ppm;13;0
13/00001_00000.ppm;13;0
13/00001_00001.ppm;13;0
13/00001_00002.ppm;13;0
13/00001_00003.ppm;13;0
13/00001_00004.ppm;13;0
13/00001_00005.ppm;13;0
13/00001_00006.ppm;13;0
13/00001_00007.ppm;13;0
13/00001_00008.ppm;13;0
13/00001_00009.ppm;13;0
13/00001_00010.ppm;13;0
13/00001_00011.ppm;13;0
13/00001_00012.ppm;13;0
13/00001_00013.ppm;13;0
13/00001_00014.ppm;13;0
13/00001_00015.ppm;13;0
13/00001_00016.ppm;13;0
13/00001_00017.ppm;13;0
13/00001_00018.ppm;13;0
13/00001_00019.ppm;13;0
13/00001_00020.ppm;13;0
13/00001_00021.ppm;13;0
13/00001_00022.ppm;13;0
13/00001_00023.ppm;13;0
13/00001_00024.ppm;13;0
13/00001_00025.ppm;13;0
13/00001_00026.ppm;13;0
13/00001_00027.ppm;13;0
13/00001_00028.ppm;13;0
13/00001_00029.ppm;13;0
13/00002_00000.ppm;13;0
13/00002_00001.ppm;13;0
13/00002_00002.ppm;13;0
13/00002_00003.ppm;13;0
13/00002_00004.ppm;13;0
13/00002_00005.ppm;13;0
13/00002_00006.ppm;13;0
13/00002_00007.ppm;13;0
13/00002_00008.ppm;13;0
13/00002_00009.ppm;13;0
13/00002_00010.ppm;13;0
13/00002_00011.ppm;13;0
13/00002_00012.ppm;13;0
13/00002_00013.ppm;13;0
13/00002_00014.ppm;13;0
13/00002_00015.ppm;13;0
13/00002_00016.ppm;13;0
13/00002_00017.ppm;13;0
13/00002_00018.ppm;13;0
13/00002_00019.ppm;13;0
13/00002_00020.ppm;13;0
13/00002_00021.ppm;13;0
13/00002_00022.ppm;13;0
13/00002_00023.ppm;13;0
13/00002_00024.ppm;13;0
13/00002_00025.ppm;13;0
13/00002_00026.ppm;13;0
13/00002_00027.ppm;13;0
13/00002_00028.ppm;13;0
13/00002_00029.ppm;13;0
13/00003_00000.ppm;13;0
13/00003_00001.ppm;13;0
13/00003_00002.ppm;13;0
13/00003_00003.ppm;13;0
13/00003_00004.ppm;13;0
13/00003_00005.ppm;13;0
13/00003_00006.ppm;13;0
13/00003_00007.ppm;13;0
13/00003_00008.ppm;13;0
13/00003_00009.ppm;13;0
13/00003_00010.ppm;13;0
13/00003_00011.ppm;13;0
13/00003_00012.ppm;13;0
13/00003_00013.ppm;13;0
13/00003_00014.ppm;13;0
13/00003_00015.ppm;13;0
13/00003_00016.ppm;13;0
13/00003_00017.ppm;13;0
13/00003_00018.ppm;13;0
13/00003_00019.ppm;13;0
13/00003_00020.ppm;13;0
13/00003_00021.ppm;13;0
13/00003_00022.ppm;13;0
13/00003_00023.ppm;13;0
13/00003_00024.ppm;13;0
13/00003_00025.ppm;13;0
13/00003_00026.ppm;13;0
13/00003_00027.ppm;13;0
13/00003_00028.ppm;13;0
13/00003_00029.ppm;13;0
13/00004_00000.ppm;13;0
13/00004_00001.ppm;13;0
13/00004_00002.ppm;13;0
13/00004_00003.ppm;13;0
13/00004_00004.ppm;13;0
13/00004_00005.ppm;13;0
13/00004_00006.ppm;13;0
13/00004_00007.ppm;13;0
13/00004_00008.ppm;13;0
13/00004_00009.ppm;13;0
13/00004_00010.ppm;13;0
13/00004_00011.ppm;13;0
13/00004_00012.ppm;13;0
13/00004_00013.ppm;13;0
13/00004_00014.ppm;13;0
13/00004_00015.ppm;13;0
13/00004_00016.ppm;13;0
13/00004_00017.ppm;13;0
13/00004_00018.ppm;13;0
13/00004_00019.ppm;13;0
13/00004_00020.ppm;13;0
13/00004_00021.ppm;13;0
13/00004_00022.ppm;13;0
13/00004_00023.ppm;13;0
13/00004_00024.ppm;13;0
13/00004_00025.ppm;13;0
13/00004_00026.ppm;13;0
13/00004_00027.ppm;13;0
13/00004_00028.ppm;13;0
13/00004_00029.ppm;13;0
13/00005_00000.ppm;13;0
13/00005_00001.ppm;13;0
13/00005_00002.ppm;13;0
13/00005_00003.ppm;13;0
13/00005_00004.ppm;13;0
13/00005_00005.ppm;13;0
13/00005_00006.ppm;13;0
13/00005_00007.ppm;13;0
13/00005_00008.ppm;13;0
13/00005_00009.ppm;13;0
13/00005_00010.ppm;13;0
13/00005_00011.ppm;13;0
13/00005_00012.ppm;13;0
13/00005_00013.ppm;13;0
13/00005_00014.ppm;13;0
13/00005_00015.ppm;13;0
13/00005_00016.ppm;13;0
13/00005_00017.ppm;13;0
13/00005_00018.ppm;13;0
13/00005_00019.ppm;13;0
13/00005_00020.ppm;13;0
13/00005_00021.ppm;13;0
13/00005_00022.ppm;13;0
13/00005_00023.ppm;13;0
13/00005_00024.ppm;13;0
13/00005_00025.ppm;13;0
13/00005_00026.ppm;13;0
13/00005_00027.ppm;13;0
13/00005_00028.ppm;13;0
13/00005_00029.ppm;13;0
13/00006_00000.ppm;13;0
13/00006_00001.ppm;13;0
13/00006_00002.ppm;13;0
13/00006_00003.ppm;13;0
13/00006_00004.ppm;13;0
13/00006_00005.ppm;13;0
13/00006_00006.ppm;13;0
13/00006_00007.ppm;13;0
13/00006_00008.ppm;13;0
13/00006_00009.ppm;13;0
13/00006_00010.ppm;13;0
13/00006_00011.ppm;13;0
13/00006_00012.ppm;13;0
13/00006_00013.ppm;13;0
13/00006_00014.ppm;13;0
13/00006_00015.ppm;13;0
13/00006_00016.ppm;13;0
13/00006_00017.ppm;13;0
13/00006_00018.ppm;13;0
13/00006_00019.ppm;13;0
13/00006_00020.ppm;13;0
13/00006_00021.ppm;13;0
13/00006_00022.ppm;13;0
13/00006_00023.ppm;13;0
13/00006_00024.ppm;13;0
13/00006_00025.ppm;13;0
13/00006_00026.ppm;13;0
13/00006_00027.ppm;13;0
13/00006_00028.ppm;13;0
13/00006_00029.ppm;13;0
13/00007_00000.ppm;13;0
13/00007_00001.ppm;13;0
13/00007_00002.ppm;13;0
13/00007_00003.ppm;13;0
13/00007_00004.ppm;13;0
13/00007_00005.ppm;13;0
13/00007_00006.ppm;13;0
13/00007_00007.ppm;13;0
13/00007_00008.ppm;13;0
13/00007_00009.ppm;13;0
13/00007_00010.ppm;13;0
13/00007_00011.ppm;13;0
13/00007_00012.ppm;13;0
13/00007_00013.ppm;13;0
13/00007_00014.ppm;13;0
13/00007_00015.ppm;13;0
13/00007_00016.ppm;13;0
13/00007_00017.ppm;13;0
13/00007_00018.ppm;13;0
13/00007_00019.ppm;13;0
13/00007_00020.ppm;13;0
13/00007_00021.ppm;13;0
13/00007_00022.ppm;13;0
13/00007_00023.ppm;13;0
13/00007_00024.ppm;13;0
13/00007_00025.ppm;13;0
13/00007_00026.ppm;13;0
13/00007_00027.ppm;13;0
13/00007_00028.ppm;13;0
13/00007_00029.ppm;13;0
13/00008_00000.ppm;13;0
13/00008_00001.ppm;13;0
13/00008_00002.ppm;13;0
13/00008_00003.ppm;13;0
13/00008_00004.ppm;13;0
13/00008_00005.ppm;13;0
13/00008_00006.ppm;13;0
13/00008_00007.ppm;13;0
13/00008_00008.ppm;13;0
13/00008_00009.ppm;13;0
13/00008_00010.ppm;13;0
13/00008_00011.ppm;13;0
13/00008_00012.ppm;13;0
13/00008_00013.ppm;13;0
13/00008_00014.ppm;13;0
13/00008_00015.ppm;13;0
13/00008_00016.ppm;13;0
13/00008_00017.ppm;13;0
13/00008_00018.ppm;13;0
13/00008_00019.ppm;13;0
13/00008_00020.ppm;13;0
13/00008_00021.ppm;13;0
13/00008_00022.ppm;13;0
13/00008_00023.ppm;13;0
13/00008_00024.ppm;13;0
13/00008_00025.ppm;13;0
13/00008_00026.ppm;13;0
13/00008_00027.ppm;13;0
13/00008_00028.ppm;13;0
13/00008_00029.ppm;13;0
13/00009_00000.ppm;13;0
13/00009_00001.ppm;13;0
13/00009_00002.ppm;13;0
13/00009_00003.ppm;13;0
13/00009_00004.ppm;13;0
13/00009_00005.ppm;13;0
13/00009_00006.ppm;13;0
13/00009_00007.ppm;13;0
13/00009_00008.ppm;13;0
13/00009_00009.ppm;13;0
13/00009_00010.ppm;13;0
13/00009_00011.ppm;13;0
13/00009_00012.ppm;13;0
13/00009_00013.ppm;13;0
13/00009_00014.ppm;13;0
13/00009_00015.ppm;13;0
13/00009_00016.ppm;13;0
13/00009_00017.ppm;13;0
13/00009_00018.ppm;13;0
13/00009_00019.ppm;13;0
13/00009_00020.ppm;13;0
13/00009_00021.ppm;13;0
13/00009_00022.ppm;13;0
13/00009_00023.ppm;13;0
13/00009_00024.ppm;13;0
13/00009_00025.ppm;13;0
13/00009_00026.ppm;13;0
13/00009_00027.ppm;13;0
13/00009_00028.ppm;13;0
13/00009_00029.ppm;13;0
13/00010_00000.ppm;13;0
13/00010_00001.ppm;13;0
13/00010_00002.ppm;13;0
13/00010_00003.ppm;13;0
13/00010_00004.ppm;13;0
13/00010_00005.ppm;13;0
13/00010_00006.ppm;13;0
13/00010_00007.ppm;13;0
13/00010_00008.ppm;13;0
13/00010_00009.ppm;13;0
13/00010_00010.ppm;13;0
13/00010_00011.ppm;13;0
13/00010_00012.ppm;13;0
13/00010_00013.ppm;13;0
13/00010_00014.ppm;13;0
13/00010_00015.ppm;13;0
13/00010_00016.ppm;13;0
13/00010_00017.ppm;13;0
13/00010_00018.ppm;13;0
13/00010_00019.ppm;13;0
13/00010_00020.ppm;13;0
13/00010_00021.ppm;13;0
13/00010_00022.ppm;13;0
13/00010_00023.ppm;13;0
13/00010_00024.ppm;13;0
13/00010_00025.ppm;13;0
13/00010_00026.ppm;13;0
13/00010_00027.ppm;13;0
13/00010_00028.ppm;13;0
13/00010_00029.ppm;13;0
13/00011_00000.ppm;13;0
13/00011_00001.ppm;13;0
13/00011_00002.ppm;13;0
13/00011_00003.ppm;13;0
13/00011_00004.ppm;13;0
13/00011_00005.ppm;13;0
13/00011_00006.ppm;13;0
13/00011_00007.ppm;13;0
13/00011_00008.ppm;13;0
13/00011_00009.ppm;13;0
13/00011_00010.ppm;13;0
13/00011_00011.ppm;13;0
13/00011_00012.ppm;13;0
13/00011_00013.ppm;13;0
13/00011_00014.ppm;13;0
13/00011_00015.ppm;13;0
13/00011_00016.ppm;13;0
13/00011_00017.ppm;13;0
13/00011_00018.ppm;13;0
13/00011_00019.ppm;13;0
13/00011_00020.ppm;13;0
13/00011_00021.ppm;13;0
13/00011_00022.ppm;13;0
13/00011_00023.ppm;13;0
13/00011_00024.ppm;13;0
13/00011_00025.ppm;13;0
13/00011_00026.ppm;13;0
13/00011_00027.ppm;13;0
13/00011_00028.ppm;13;0
13/00011_00029.ppm;13;0
13/00012_00000.ppm;13;0
13/00012_00001.ppm;13;0
13/00012_00002.ppm;13;0
13/00012_00003.ppm;13;0
13/00012_00004.ppm;13;0
13/00012_00005.ppm;13;0
13/00012_00006.ppm;13;0
13/00012_00007.ppm;13;0
13/00012_00008.ppm;13;0
13/00012_00009.ppm;13;0
13/00012_00010.ppm;13;0
13/00012_00011.ppm;13;0
13/00012_00012.ppm;13;0
13/00012_00013.ppm;13;0
13/00012_00014.ppm;13;0
13/00012_00015.ppm;13;0
13/00012_00016.ppm;13;0
13/00012_00017.ppm;13;0
13/00012_00018.ppm;13;0
13/00012_00019.ppm;13;0
13/00012_00020.ppm;13;0
13/00012_00021.ppm;13;0
13/00012_00022.ppm;13;0
13/00012_00023.ppm;13;0
13/00012_00024.ppm;13;0
13/00012_00025.ppm;13;0
13/00012_00026.ppm;13;0
13/00012_00027.ppm;13;0
13/00012_00028.ppm;13;0
13/00012_00029.ppm;13;0
13/00013_00000.ppm;13;0
13/00013_00001.ppm;13;0
13/00013_00002.ppm;13;0
13/00013_00003.ppm;13;0
13/00013_00004.ppm;13;0
13/00013_00005.ppm;13;0
13/00013_00006.ppm;13;0
13/00013_00007.ppm;13;0
13/00013_00008.ppm;13;0
13/00013_00009.ppm;13;0
13/00013_00010.ppm;13;0
13/00013_00011.ppm;13;0
13/00013_00012.ppm;13;0
13/00013_00013.ppm;13;0
13/00013_00014.ppm;13;0
13/00013_00015.ppm;13;0
13/00013_00016.ppm;13;0
13/00013_00017.ppm;13;0
13/00013_00018.ppm;13;0
13/00013_00019.ppm;13;0
13/00013_00020.ppm;13;0
13/00013_00021.ppm;13;0
13/00013_00022.ppm;13;0
13/00013_00023.ppm;13;0
13/00013_00024.ppm;13;0
13/00013_00025.ppm;13;0
13/00013_00026.ppm;13;0
13/00013_00027.ppm;13;0
13/00013_00028.ppm;13;0
13/00013_00029.ppm;13;0
13/00014_00000.ppm;13;0
13/00014_00001.ppm;13;0
13/00014_00002.ppm;13;0
13/00014_00003.ppm;13;0
13/00014_00004.ppm;13;0
13/00014_00005.ppm;13;0
13/00014_00006.ppm;13;0
13/00014_00007.ppm;13;0
13/00014_00008.ppm;13;0
13/00014_00009.ppm;13;0
13/00014_00010.ppm;13;0
13/00014_00011.ppm;13;0
13/00014_00012.ppm;13;0
13/00014_00013.ppm;13;0
13/00014_00014.ppm;13;0
13/00014_00015.ppm;13;0
13/00014_00016.ppm;13;0
13/00014_00017.ppm;13;0
13/00014_00018.ppm;13;0
13/00014_00019.ppm;13;0
13/00014_00020.ppm;13;0
13/00014_00021.ppm;13;0
13/00014_00022.ppm;13;0
13/00014_00023.ppm;13;0
13/00014_00024.ppm;13;0
13/00014_00025.ppm;13;0
13/00014_00026.ppm;13;0
13/00014_00027.ppm;13;0
13/00014_00028.ppm;13;0
13/00014_00029.ppm;13;0
13/00015_00000.ppm;13;0
13/00015_00001.ppm;13;0
13/00015_00002.ppm;13;0
13/00015_00003.ppm;13;0
13/00015_00004.ppm;13;0
13/00015_00005.ppm;13;0
13/00015_00006.ppm;13;0
13/00015_00007.ppm;13;0
13/00015_00008.ppm;13;0
13/00015_00009.ppm;13;0
13/00015_00010.ppm;13;0
13/00015_00011.ppm;13;0
13/00015_00012.ppm;13;0
13/00015_00013.ppm;13;0
13/00015_00014.ppm;13;0
13/00015_00015.ppm;13;0
13/00015_00016.ppm;13;0
13/00015_00017.ppm;13;0
13/00015_00018.ppm;13;0
13/00015_00019.ppm;13;0
13/00015_00020.ppm;13;0
13/00015_00021.ppm;13;0
13/00015_00022.ppm;13;0
13/00015_00023.ppm;13;0
13/00015_00024.ppm;13;0
13/00015_00025.ppm;13;0
13/00015_00026.ppm;13;0
13/00015_00027.ppm;13;0
13/00015_00028.ppm;13;0
13/00015_00029.ppm;13;0
13/00016_00000.ppm;13;0
13/00016_00001.ppm;13;0
13/00016_00002.ppm;13;0
13/00016_00003.ppm;13;0
13/00016_00004.ppm;13;0
13/00016_00005.ppm;13;0
13/00016_00006.ppm;13;0
13/00016_00007.ppm;13;0
13/00016_00008.ppm;13;0
13/00016_00009.ppm;13;0
13/00016_00010.ppm;13;0
13/00016_00011.ppm;13;0
13/00016_00012.ppm;13;0
13/00016_00013.ppm;13;0
13/00016_00014.ppm;13;0
13/00016_00015.ppm;13;0
13/00016_00016.ppm;13;0
13/00016_00017.ppm;13;0
13/00016_00018.ppm;13;0
13/00016_00019.ppm;13;0
13/00016_00020.ppm;13;0
13/00016_00021.ppm;13;0
13/00016_00022.ppm;13;0
13/00016_00023.ppm;13;0
13/00016_00024.ppm;13;0
13/00016_00025.ppm;13;0
13/00016_00026.ppm;13;0
13/00016_00027.ppm;13;0
13/00016_00028.ppm;13;0
13/00016_00029.ppm;13;0
13/00017_00000.ppm;13;0
13/00017_00001.ppm;13;0
13/00017_00002.ppm;13;0
13/00017_00003.ppm;13;0
13/00017_00004.ppm;13;0
13/00017_00005.ppm;13;0
13/00017_00006.ppm;13;0
13/00017_00007.ppm;13;0
13/00017_00008.ppm;13;0
13/00017_00009.ppm;13;0
13/00017_00010.ppm;13;0
13/00017_00011.ppm;13;0
13/00017_00012.ppm;13;0
13/00017_00013.ppm;13;0
13/00017_00014.ppm;13;0
13/00017_00015.ppm;13;0
13/00017_00016.ppm;13;0
13/00017_00017.ppm;13;0
13/00017_00018.ppm;13;0
13/00017_00019.ppm;13;0
13/00017_00020.ppm;13;0
13/00017_00021.ppm;13;0
13/00017_00022.ppm;13;0
13/00017_00023.ppm;13;0
13/00017_00024.ppm;13;0
13/00017_00025.ppm;13;0
13/00017_00026.ppm;13;0
13/00017_00027.ppm;13;0
13/00017_00028.ppm;13;0
13/00017_00029.ppm;13;0
13/00018_00000.ppm;13;0
13/00018_00001.ppm;13;0
13/00018_00002.ppm;13;0
13/00018_00003.ppm;13;0
13/00018_00004.ppm;13;0
13/00018_00005.ppm;13;0
13/00018_00006.ppm;13;0
13/00018_00007.ppm;13;0
13/00018_00008.ppm;13;0
13/00018_00009.ppm;13;0
13/00018_00010.ppm;13;0
13/00018_00011.ppm;13;0
13/00018_00012.ppm;13;0
13/00018_00013.ppm;13;0
13/00018_00014.ppm;13;0
13/00018_00015.ppm;13;0
13/00018_00016.ppm;13;0
13/00018_00017.ppm;13;0
13/00018_00018.ppm;13;0
13/00018_00019.ppm;13;0
13/00018_00020.ppm;13;0
13/00018_00021.ppm;13;0
13/00018_00022.ppm;13;0
13/00018_00023.ppm;13;0
13/00018_00024.ppm;13;0
13/00018_00025.ppm;13;0
13/00018_00026.ppm;13;0
13/00018_00027.ppm;13;0
13/00018_00028.ppm;13;0
13/00018_00029.ppm;13;0
13/00019_00000.ppm;13;0
13/00019_00001.ppm;13;0
13/00019_00002.ppm;13;0
13/00019_00003.ppm;13;0
13/00019_00004.ppm;13;0
13/00019_00005.ppm;13;0
13/00019_00006.ppm;13;0
13/00019_00007.ppm;13;0
13/00019_00008.ppm;13;0
13/00019_00009.ppm;13;0
13/00019_00010.ppm;13;0
13/00019_00011.ppm;13;0
13/00019_00012.ppm;13;0
13/00019_00013.ppm;13;0
13/00019_00014.ppm;13;0
13/00019_00015.ppm;13;0
13/00019_00016.ppm;13;0
13/00019_00017.ppm;13;0
13/00019_00018.ppm;13;0
13/00019_00019.ppm;13;0
13/00019_00020.ppm;13;0
13/00019_00021.ppm;13;0
13/00019_00022.ppm;13;0
13/00019_00023.ppm;13;0
13/00019_00024.ppm;13;0
13/00019_00025.ppm;13;0
13/00019_00026.ppm;13;0
13/00019_00027.ppm;13;0
13/00019_00028.ppm;13;0
13/00019_00029.ppm;13;0
13/00020_00000.ppm;13;0
13/00020_00001.ppm;13;0
13/00020_00002.ppm;13;0
13/00020_00003.ppm;13;0
13/00020_00004.ppm;13;0
13/00020_00005.ppm;13;0
13/00020_00006.ppm;13;0
13/00020_00007.ppm;13;0
13/00020_00008.ppm;13;0
13/00020_00009.ppm;13;0
13/00020_00010.ppm;13;0
13/00020_00011.ppm;13;0
13/00020_00012.ppm;13;0
13/00020_00013.ppm;13;0
13/00020_00014.ppm;13;0
13/00020_00015.ppm;13;0
13/00020_00016.ppm;13;0
13/00020_00017.ppm;13;0
13/00020_00018.ppm;13;0
13/00020_00019.ppm;13;0
13/00020_00020.ppm;13;0
13/00020_00021.ppm;13;0
13/00020_00022.ppm;13;0
13/00020_00023.ppm;13;0
13/00020_00024.ppm;13;0
13/00020_00025.ppm;13;0
13/00020_00026.ppm;13;0
13/00020_00027.ppm;13;0
13/00020_00028.ppm;13;0
13/00020_00029.ppm;13;0
13/00021_00000.ppm;13;0
13/00021_00001.ppm;13;0
13/00021_00002.ppm;13;0
13/00021_00003.ppm;13;0
13/00021_00004.ppm;13;0
13/00021_00005.ppm;13;0
13/00021_00006.ppm;13;0
13/00021_00007.ppm;13;0
13/00021_00008.ppm;13;0
13/00021_00009.ppm;13;0
13/00021_00010.ppm;13;0
13/00021_00011.ppm;13;0
13/00021_00012.ppm;13;0
13/00021_00013.ppm;13;0
13/00021_00014.ppm;13;0
13/00021_00015.ppm;13;0
13/00021_00016.ppm;13;0
13/00021_00017.ppm;13;0
13/00021_00018.ppm;13;0
13/00021_00019.ppm;13;0
13/00021_00020.ppm;13;0
13/00021_00021.ppm;13;0
13/00021_00022.ppm;13;0
13/00021_00023.ppm;13;0
13/00021_00024.ppm;13;0
13/00021_00025.ppm;13;0
13/00021_00026.ppm;13;0
13/00021_00027.ppm;13;0
13/00021_00028.ppm;13;0
13/00021_00029.ppm;13;0
13/00022_00000.ppm;13;0
13/00022_00001.ppm;13;0
13/00022_00002.ppm;13;0
13/00022_00003.ppm;13;0
13/00022_00004.ppm;13;0
13/00022_00005.ppm;13;0
13/00022_00006.ppm;13;0
13/00022_00007.ppm;13;0
13/00022_00008.ppm;13;0
13/00022_00009.ppm;13;0
13/00022_00010.ppm;13;0
13/00022_00011.ppm;13;0
13/00022_00012.ppm;13;0
13/00022_00013.ppm;13;0
13/00022_00014.ppm;13;0
13/00022_00015.ppm;13;0
13/00022_00016.ppm;13;0
13/00022_00017.ppm;13;0
13/00022_00018.ppm;13;0
13/00022_00019.ppm;13;0
13/00022_00020.ppm;13;0
13/00022_00021.ppm;13;0
13/00022_00022.ppm;13;0
13/00022_00023.ppm;13;0
13/00022_00024.ppm;13;0
13/00022_00025.ppm;13;0
13/00022_00026.ppm;13;0
13/00022_00027.ppm;13;0
13/00022_00028.ppm;13;0
13/00022_00029.ppm;13;0
13/00023_00000.ppm;13;0
13/00023_00001.ppm;13;0
13/00023_00002.ppm;13;0
13/00023_00003.ppm;13;0
13/00023_00004.ppm;13;0
13/00023_00005.ppm;13;0
13/00023_00006.ppm;13;0
13/00023_00007.ppm;13;0
13/00023_00008.ppm;13;0
13/00023_00009.ppm;13;0
13/00023_00010.ppm;13;0
13/00023_00011.ppm;13;0
13/00023_00012.ppm;13;0
13/00023_00013.ppm;13;0
13/00023_00014.ppm;13;0
13/00023_00015.ppm;13;0
13/00023_00016.ppm;13;0
13/00023_00017.ppm;13;0
13/00023_00018.ppm;13;0
13/00023_00019.ppm;13;0
13/00023_00020.ppm;13;0
13/00023_00021.ppm;13;0
13/00023_00022.ppm;13;0
13/00023_00023.ppm;13;0
13/00023_00024.ppm;13;0
13/00023_00025.ppm;13;0
13/00023_00026.ppm;13;0
13/00023_00027.ppm;13;0
13/00023_00028.ppm;13;0
13/00023_00029.ppm;13;0
13/00024_00000.ppm;13;0
13/00024_00001.ppm;13;0
13/00024_00002.ppm;13;0
13/00024_00003.ppm;13;0
13/00024_00004.ppm;13;0
13/00024_00005.ppm;13;0
13/00024_00006.ppm;13;0
13/00024_00007.ppm;13;0
13/00024_00008.ppm;13;0
13/00024_00009.ppm;13;0
13/00024_00010.ppm;13;0
13/00024_00011.ppm;13;0
13/00024_00012.ppm;13;0
13/00024_00013.ppm;13;0
13/00024_00014.ppm;13;0
13/00024_00015.ppm;13;0
13/00024_00016.ppm;13;0
13/00024_00017.ppm;13;0
13/00024_00018.ppm;13;0
13/00024_00019.ppm;13;0
13/00024_00020.ppm;13;0
13/00024_00021.ppm;13;0
13/00024_00022.ppm;13;0
13/00024_00023.ppm;13;0
13/00024_00024.ppm;13;0
13/00024_00025.ppm;13;0
13/00024_00026.ppm;13;0
13/00024_00027.ppm;13;0
13/00024_00028.ppm;13;0
13/00024_00029.ppm;13;0
13/00025_00000.ppm;13;0
13/00025_00001.ppm;13;0
13/00025_00002.ppm;13;0
13/00025_00003.ppm;13;0
13/00025_00004.ppm;13;0
13/00025_00005.ppm;13;0
13/00025_00006.ppm;13;0
13/00025_00007.ppm;13;0
13/00025_00008.ppm;13;0
13/00025_00009.ppm;13;0
13/00025_00010.ppm;13;0
13/00025_00011.ppm;13;0
13/00025_00012.ppm;13;0
13/00025_00013.ppm;13;0
13/00025_00014.ppm;13;0
13/00025_00015.ppm;13;0
13/00025_00016.ppm;13;0
13/00025_00017.ppm;13;0
13/00025_00018.ppm;13;0
13/00025_00019.ppm;13;0
13/00025_00020.ppm;13;0
13/00025_00021.ppm;13;0
13/00025_00022.ppm;13;0
13/00025_00023.ppm;13;0
13/00025_00024.ppm;13;0
13/00025_00025.ppm;13;0
13/00025_00026.ppm;13;0
13/00025_00027.ppm;13;0
13/00025_00028.ppm;13;0
13/00025_00029.ppm;13;0
13/00026_00000.ppm;13;0
13/00026_00001.ppm;13;0
13/00026_00002.ppm;13;0
13/00026_00003.ppm;13;0
13/00026_00004.ppm;13;0
13/00026_00005.ppm;13;0
13/00026_00006.ppm;13;0
13/00026_00007.ppm;13;0
13/00026_00008.ppm;13;0
13/00026_00009.ppm;13;0
13/00026_00010.ppm;13;0
13/00026_00011.ppm;13;0
13/00026_00012.ppm;13;0
13/00026_00013.ppm;13;0
13/00026_00014.ppm;13;0
13/00026_00015.ppm;13;0
13/00026_00016.ppm;13;0
13/00026_00017.ppm;13;0
13/00026_00018.ppm;13;0
13/00026_00019.ppm;13;0
13/00026_00020.ppm;13;0
13/00026_00021.ppm;13;0
13/00026_00022.ppm;13;0
13/00026_00023.ppm;13;0
13/00026_00024.ppm;13;0
13/00026_00025.ppm;13;0
13/00026_00026.ppm;13;0
13/00026_00027.ppm;13;0
13/00026_00028.ppm;13;0
13/00026_00029.ppm;13;0
13/00027_00000.ppm;13;0
13/00027_00001.ppm;13;0
13/00027_00002.ppm;13;0
13/00027_00003.ppm;13;0
13/00027_00004.ppm;13;0
13/00027_00005.ppm;13;0
13/00027_00006.ppm;13;0
13/00027_00007.ppm;13;0
13/00027_00008.ppm;13;0
13/00027_00009.ppm;13;0
13/00027_00010.ppm;13;0
13/00027_00011.ppm;13;0
13/00027_00012.ppm;13;0
13/00027_00013.ppm;13;0
13/00027_00014.ppm;13;0
13/00027_00015.ppm;13;0
13/00027_00016.ppm;13;0
13/00027_00017.ppm;13;0
13/00027_00018.ppm;13;0
13/00027_00019.ppm;13;0
13/00027_00020.ppm;13;0
13/00027_00021.ppm;13;0
13/00027_00022.ppm;13;0
13/00027_00023.ppm;13;0
13/00027_00024.ppm;13;0
13/00027_00025.ppm;13;0
13/00027_00026.ppm;13;0
13/00027_00027.ppm;13;0
13/00027_00028.ppm;13;0
13/00027_00029.ppm;13;0
13/00028_00000.ppm;13;0
13/00028_00001.ppm;13;0
13/00028_00002.ppm;13;0
13/00028_00003.ppm;13;0
13/00028_00004.ppm;13;0
13/00028_00005.ppm;13;0
13/00028_00006.ppm;13;0
13/00028_00007.ppm;13;0
13/00028_00008.ppm;13;0
13/00028_00009.ppm;13;0
13/00028_00010.ppm;13;0
13/00028_00011.ppm;13;0
13/00028_00012.ppm;13;0
13/00028_00013.ppm;13;0
13/00028_00014.ppm;13;0
13/00028_00015.ppm;13;0
13/00028_00016.ppm;13;0
13/00028_00017.ppm;13;0
13/00028_00018.ppm;13;0
13/00028_00019.ppm;13;0
13/00028_00020.ppm;13;0
13/00028_00021.ppm;13;0
13/00028_00022.ppm;13;0
13/00028_00023.ppm;13;0
13/00028_00024.ppm;13;0
13/00028_00025.ppm;13;0
13/00028_00026.ppm;13;0
13/00028_00027.ppm;13;0
13/00028_00028.ppm;13;0
13/00028_00029.ppm;13;0
13/00029_00000.ppm;13;0
13/00029_00001.ppm;13;0
13/00029_00002.ppm;13;0
13/00029_00003.ppm;13;0
13/00029_00004.ppm;13;0
13/00029_00005.ppm;13;0
13/00029_00006.ppm;13;0
13/00029_00007.ppm;13;0
13/00029_00008.ppm;13;0
13/00029_00009.ppm;13;0
13/00029_00010.ppm;13;0
13/00029_00011.ppm;13;0
13/00029_00012.ppm;13;0
13/00029_00013.ppm;13;0
13/00029_00014.ppm;13;0
13/00029_00015.ppm;13;0
13/00029_00016.ppm;13;0
13/00029_00017.ppm;13;0
13/00029_00018.ppm;13;0
13/00029_00019.ppm;13;0
13/00029_00020.ppm;13;0
13/00029_00021.ppm;13;0
13/00029_00022.ppm;13;0
13/00029_00023.ppm;13;0
13/00029_00024.ppm;13;0
13/00029_00025.ppm;13;0
13/00029_00026.ppm;13;0
13/00029_00027.ppm;13;0
13/00029_00028.ppm;13;0
13/00029_00029.ppm;13;0
13/00030_00000.ppm;13;0
13/00030_00001.ppm;13;0
13/00030_00002.ppm;13;0
13/00030_00003.ppm;13;0
13/00030_00004.ppm;13;0
13/00030_00005.ppm;13;0
13/00030_00006.ppm;13;0
13/00030_00007.ppm;13;0
13/00030_00008.ppm;13;0
13/00030_00009.ppm;13;0
13/00030_00010.ppm;13;0
13/00030_00011.ppm;13;0
13/00030_00012.ppm;13;0
13/00030_00013.ppm;13;0
13/00030_00014.ppm;13;0
13/00030_00015.ppm;13;0
13/00030_00016.ppm;13;0
13/00030_00017.ppm;13;0
13/00030_00018.ppm;13;0
13/00030_00019.ppm;13;0
13/00030_00020.ppm;13;0
13/00030_00021.ppm;13;0
13/00030_00022.ppm;13;0
13/00030_00023.ppm;13;0
13/00030_00024.ppm;13;0
13/00030_00025.ppm;13;0
13/00030_00026.ppm;13;0
13/00030_00027.ppm;13;0
13/00030_00028.ppm;13;0
13/00030_00029.ppm;13;0
13/00031_00000.ppm;13;0
13/00031_00001.ppm;13;0
13/00031_00002.ppm;13;0
13/00031_00003.ppm;13;0
13/00031_00004.ppm;13;0
13/00031_00005.ppm;13;0
13/00031_00006.ppm;13;0
13/00031_00007.ppm;13;0
13/00031_00008.ppm;13;0
13/00031_00009.ppm;13;0
13/00031_00010.ppm;13;0
13/00031_00011.ppm;13;0
13/00031_00012.ppm;13;0
13/00031_00013.ppm;13;0
13/00031_00014.ppm;13;0
13/00031_00015.ppm;13;0
13/00031_00016.ppm;13;0
13/00031_00017.ppm;13;0
13/00031_00018.ppm;13;0
13/00031_00019.ppm;13;0
13/00031_00020.ppm;13;0
13/00031_00021.ppm;13;0
13/00031_00022.ppm;13;0
13/00031_00023.ppm;13;0
13/00031_00024.ppm;13;0
13/00031_00025.ppm;13;0
13/00031_00026.ppm;13;0
13/00031_00027.ppm;13;0
13/00031_00028.ppm;13;0
13/00031_00029.ppm;13;0
13/00032_00000.ppm;13;0
13/00032_00001.ppm;13;0
13/00032_00002.ppm;13;0
13/00032_00003.ppm;13;0
13/00032_00004.ppm;13;0
13/00032_00005.ppm;13;0
13/00032_00006.ppm;13;0
13/00032_00007.ppm;13;0
13/00032_00008.ppm;13;0
13/00032_00009.ppm;13;0
13/00032_00010.ppm;13;0
13/00032_00011.ppm;13;0
13/00032_00012.ppm;13;0
13/00032_00013.ppm;13;0
13/00032_00014.ppm;13;0
13/00032_00015.ppm;13;0
13/00032_00016.ppm;13;0
13/00032_00017.ppm;13;0
13/00032_00018.ppm;13;0
13/00032_00019.ppm;13;0
13/00032_00020.ppm;13;0
13/00032_00021.ppm;13;0
13/00032_00022.ppm;13;0
13/00032_00023.ppm;13;0
13/00032_00024.ppm;13;0
13/00032_00025.ppm;13;0
13/00032_00026.ppm;13;0
13/00032_00027.ppm;13;0
13/00032_00028.ppm;13;0
13/00032_00029.ppm;13;0
13/00033_00000.ppm;13;0
13/00033_00001.ppm;13;0
13/00033_00002.ppm;13;0
13/00033_00003.ppm;13;0
13/00033_00004.ppm;13;0
13/00033_00005.ppm;13;0
13/00033_00006.ppm;13;0
13/00033_00007.ppm;13;0
13/00033_00008.ppm;13;0
13/00033_00009.ppm;13;0
13/00033_00010.ppm;13;0
13/00033_00011.ppm;13;0
13/00033_00012.ppm;13;0
13/00033_00013.ppm;13;0
13/00033_00014.ppm;13;0
13/00033_00015.ppm;13;0
13/00033_00016.ppm;13;0
13/00033_00017.ppm;13;0
13/00033_00018.ppm;13;0
13/00033_00019.ppm;13;0
13/00033_00020.ppm;13;0
13/00033_00021.ppm;13;0
13/00033_00022.ppm;13;0
13/00033_00023.ppm;13;0
13/00033_00024.ppm;13;0
13/00033_00025.ppm;13;0
13/00033_00026.ppm;13;0
13/00033_00027.ppm;13;0
13/00033_00028.ppm;13;0
13/00033_00029.ppm;13;0
13/00034_00000.ppm;13;0
13/00034_00001.ppm;13;0
13/00034_00002.ppm;13;0
13/00034_00003.ppm;13;0
13/00034_00004.ppm;13;0
13/00034_00005.ppm;13;0
13/00034_00006.ppm;13;0
13/00034_00007.ppm;13;0
13/00034_00008.ppm;13;0
13/00034_00009.ppm;13;0
13/00034_00010.ppm;13;0
13/00034_00011.ppm;13;0
13/00034_00012.ppm;13;0
13/00034_00013.ppm;13;0
13/00034_00014.ppm;13;0
13/00034_00015.ppm;13;0
13/00034_00016.ppm;13;0
13/00034_00017.ppm;13;0
13/00034_00018.ppm;13;0
13/00034_00019.ppm;13;0
13/00034_00020.ppm;13;0
13/00034_00021.ppm;13;0
13/00034_00022.ppm;13;0
13/00034_00023.ppm;13;0
13/00034_00024.ppm;13;0
13/00034_00025.ppm;13;0
13/00034_00026.ppm;13;0
13/00034_00027.ppm;13;0
13/00034_00028.ppm;13;0
13/00034_00029.ppm;13;0
13/00035_00000.ppm;13;0
13/00035_00001.ppm;13;0
13/00035_00002.ppm;13;0
13/00035_00003.ppm;13;0
13/00035_00004.ppm;13;0
13/00035_00005.ppm;13;0
13/00035_00006.ppm;13;0
13/00035_00007.ppm;13;0
13/00035_00008.ppm;13;0
13/00035_00009.ppm;13;0
13/00035_00010.ppm;13;0
13/00035_00011.ppm;13;0
13/00035_00012.ppm;13;0
13/00035_00013.ppm;13;0
13/00035_00014.ppm;13;0
13/00035_00015.ppm;13;0
13/00035_00016.ppm;13;0
13/00035_00017.ppm;13;0
13/00035_00018.ppm;13;0
13/00035_00019.ppm;13;0
13/00035_00020.ppm;13;0
13/00035_00021.ppm;13;0
13/00035_00022.ppm;13;0
13/00035_00023.ppm;13;0
13/00035_00024.ppm;13;0
13/00035_00025.ppm;13;0
13/00035_00026.ppm;13;0
13/00035_00027.ppm;13;0
13/00035_00028.ppm;13;0
13/00035_00029.ppm;13;0
13/00036_00000.ppm;13;0
13/00036_00001.ppm;13;0
13/00036_00002.ppm;13;0
13/00036_00003.ppm;13;0
13/00036_00004.ppm;13;0
13/00036_00005.ppm;13;0
13/00036_00006.ppm;13;0
13/00036_00007.ppm;13;0
13/00036_00008.ppm;13;0
13/00036_00009.ppm;13;0
13/00036_00010.ppm;13;0
13/00036_00011.ppm;13;0
13/00036_00012.ppm;13;0
13/00036_00013.ppm;13;0
13/00036_00014.ppm;13;0
13/00036_00015.ppm;13;0
13/00036_00016.ppm;13;0
13/00036_00017.ppm;13;0
13/00036_00018.ppm;13;0
13/00036_00019.ppm;13;0
13/00036_00020.ppm;13;0
13/00036_00021.ppm;13;0
13/00036_00022.ppm;13;0
13/00036_00023.ppm;13;0
13/00036_00024.ppm;13;0
13/00036_00025.ppm;13;0
13/00036_00026.ppm;13;0
13/00036_00027.ppm;13;0
13/00036_00028.ppm;13;0
13/00036_00029.ppm;13;0
13/00037_00000.ppm;13;0
13/00037_00001.ppm;13;0
13/00037_00002.ppm;13;0
13/00037_00003.ppm;13;0
13/00037_00004.ppm;13;0
13/00037_00005.ppm;13;0
13/00037_00006.ppm;13;0
13/00037_00007.ppm;13;0
13/00037_00008.ppm;13;0
13/00037_00009.ppm;13;0
13/00037_00010.ppm;13;0
13/00037_00011.ppm;13;0
13/00037_00012.ppm;13;0
13/00037_00013.ppm;13;0
13/00037_00014.ppm;13;0
13/00037_00015.ppm;13;0
13/00037_00016.ppm;13;0
13/00037_00017.ppm;13;0
13/00037_00018.ppm;13;0
13/00037_00019.ppm;13;0
13/00037_00020.ppm;13;0
13/00037_00021.ppm;13;0
13/00037_00022.ppm;13;0
13/00037_00023.ppm;13;0
13/00037_00024.ppm;13;0
13/00037_00025.ppm;13;0
13/00037_00026.ppm;13;0
13/00037_00027.ppm;13;0
13/00037_00028.ppm;13;0
13/00037_00029.ppm;13;0
13/00038_00000.ppm;13;0
13/00038_00001.ppm;13;0
13/00038_00002.ppm;13;0
13/00038_00003.ppm;13;0
13/00038_00004.ppm;13;0
13/00038_00005.ppm;13;0
13/00038_00006.ppm;13;0
13/00038_00007.ppm;13;0
13/00038_00008.ppm;13;0
13/00038_00009.ppm;13;0
13/00038_00010.ppm;13;0
13/00038_00011.ppm;13;0
13/00038_00012.ppm;13;0
13/00038_00013.ppm;13;0
13/00038_00014.ppm;13;0
13/00038_00015.ppm;13;0
13/00038_00016.ppm;13;0
13/00038_00017.ppm;13;0
13/00038_00018.ppm;13;0
13/00038_00019.ppm;13;0
13/00038_00020.ppm;13;0
13/00038_00021.ppm;13;0
13/00038_00022.ppm;13;0
13/00038_00023.ppm;13;0
13/00038_00024.ppm;13;0
13/00038_00025.ppm;13;0
13/00038_00026.ppm;13;0
13/00038_00027.ppm;13;0
13/00038_00028.ppm;13;0
13/00038_00029.ppm;13;0
13/00039_00000.ppm;13;0
13/00039_00001.ppm;13;0
13/00039_00002.ppm;13;0
13/00039_00003.ppm;13;0
13/00039_00004.ppm;13;0
13/00039_00005.ppm;13;0
13/00039_00006.ppm;13;0
13/00039_00007.ppm;13;0
13/00039_00008.ppm;13;0
13/00039_00009.ppm;13;0
13/00039_00010.ppm;13;0
13/00039_00011.ppm;13;0
13/00039_00012.ppm;13;0
13/00039_00013.ppm;13;0
13/00039_00014.ppm;13;0
13/00039_00015.ppm;13;0
13/00039_00016.ppm;13;0
13/00039_00017.ppm;13;0
13/00039_00018.ppm;13;0
13/00039_00019.ppm;13;0
13/00039_00020.ppm;13;0
13/00039_00021.ppm;13;0
13/00039_00022.ppm;13;0
13/00039_00023.ppm;13;0
13/00039_00024.ppm;13;0
13/00039_00025.ppm;13;0
13/00039_00026.ppm;13;0
13/00039_00027.ppm;13;0
13/00039_00028.ppm;13;0
13/00039_00029.ppm;13;0
13/00040_00000.ppm;13;0
13/00040_00001.ppm;13;0
13/00040_00002.ppm;13;0
13/00040_00003.ppm;13;0
13/00040_00004.ppm;13;0
13/00040_00005.ppm;13;0
13/00040_00006.ppm;13;0
13/00040_00007.ppm;13;0
13/00040_00008.ppm;13;0
13/00040_00009.ppm;13;0
13/00040_00010.ppm;13;0
13/00040_00011.ppm;13;0
13/00040_00012.ppm;13;0
13/00040_00013.ppm;13;0
13/00040_00014.ppm;13;0
13/00040_00015.ppm;13;0
13/00040_00016.ppm;13;0
13/00040_00017.ppm;13;0
13/00040_00018.ppm;13;0
13/00040_00019.ppm;13;0
13/00040_00020.ppm;13;0
13/00040_00021.ppm;13;0
13/00040_00022.ppm;13;0
13/00040_00023.ppm;13;0
13/00040_00024.ppm;13;0
13/00040_00025.ppm;13;0
13/00040_00026.ppm;13;0
13/00040_00027.ppm;13;0
13/00040_00028.ppm;13;0
13/00040_00029.ppm;13;0
13/00041_00000.ppm;13;0
13/00041_00001.ppm;13;0
13/00041_00002.ppm;13;0
13/00041_00003.ppm;13;0
13/00041_00004.ppm;13;0
13/00041_00005.ppm;13;0
13/00041_00006.ppm;13;0
13/00041_00007.ppm;13;0
13/00041_00008.ppm;13;0
13/00041_00009.ppm;13;0
13/00041_00010.ppm;13;0
13/00041_00011.ppm;13;0
13/00041_00012.ppm;13;0
13/00041_00013.ppm;13;0
13/00041_00014.ppm;13;0
13/00041_00015.ppm;13;0
13/00041_00016.ppm;13;0
13/00041_00017.ppm;13;0
13/00041_00018.ppm;13;0
13/00041_00019.ppm;13;0
13/00041_00020.ppm;13;0
13/00041_00021.ppm;13;0
13/00041_00022.ppm;13;0
13/00041_00023.ppm;13;0
13/00041_00024.ppm;13;0
13/00041_00025.ppm;13;0
13/00041_00026.ppm;13;0
13/00041_00027.ppm;13;0
13/00041_00028.ppm;13;0
13/00041_00029.ppm;13;0
13/00042_00000.ppm;13;0
13/00042_00001.ppm;13;0
13/00042_00002.ppm;13;0
13/00042_00003.ppm;13;0
13/00042_00004.ppm;13;0
13/00042_00005.ppm;13;0
13/00042_00006.ppm;13;0
13/00042_00007.ppm;13;0
13/00042_00008.ppm;13;0
13/00042_00009.ppm;13;0
13/00042_00010.ppm;13;0
13/00042_00011.ppm;13;0
13/00042_00012.ppm;13;0
13/00042_00013.ppm;13;0
13/00042_00014.ppm;13;0
13/00042_00015.ppm;13;0
13/00042_00016.ppm;13;0
13/00042_00017.ppm;13;0
13/00042_00018.ppm;13;0
13/00042_00019.ppm;13;0
13/00042_00020.ppm;13;0
13/00042_00021.ppm;13;0
13/00042_00022.ppm;13;0
13/00042_00023.ppm;13;0
13/00042_00024.ppm;13;0
13/00042_00025.ppm;13;0
13/00042_00026.ppm;13;0
13/00042_00027.ppm;13;0
13/00042_00028.ppm;13;0
13/00042_00029.ppm;13;0
13/00043_00000.ppm;13;0
13/00043_00001.ppm;13;0
13/00043_00002.ppm;13;0
13/00043_00003.ppm;13;0
13/00043_00004.ppm;13;0
13/00043_00005.ppm;13;0
13/00043_00006.ppm;13;0
13/00043_00007.ppm;13;0
13/00043_00008.ppm;13;0
13/00043_00009.ppm;13;0
13/00043_00010.ppm;13;0
13/00043_00011.ppm;13;0
13/00043_00012.ppm;13;0
13/00043_00013.ppm;13;0
13/00043_00014.ppm;13;0
13/00043_00015.ppm;13;0
13/00043_00016.ppm;13;0
13/00043_00017.ppm;13;0
13/00043_00018.ppm;13;0
13/00043_00019.ppm;13;0
13/00043_00020.ppm;13;0
13/00043_00021.ppm;13;0
13/00043_00022.ppm;13;0
13/00043_00023.ppm;13;0
13/00043_00024.ppm;13;0
13/00043_00025.ppm;13;0
13/00043_00026.ppm;13;0
13/00043_00027.ppm;13;0
13/00043_00028.ppm;13;0
13/00043_00029.ppm;13;0
13/00044_00000.ppm;13;0
13/00044_00001.ppm;13;0
13/00044_00002.ppm;13;0
13/00044_00003.ppm;13;0
13/00044_00004.ppm;13;0
13/00044_00005.ppm;13;0
13/00044_00006.ppm;13;0
13/00044_00007.ppm;13;0
13/00044_00008.ppm;13;0
13/00044_00009.ppm;13;0
13/00044_00010.ppm;13;0
13/00044_00011.ppm;13;0
13/00044_00012.ppm;13;0
13/00044_00013.ppm;13;0
13/00044_00014.ppm;13;0
13/00044_00015.ppm;13;0
13/00044_00016.ppm;13;0
13/00044_00017.ppm;13;0
13/00044_00018.ppm;13;0
13/00044_00019.ppm;13;0
13/00044_00020.ppm;13;0
13/00044_00021.ppm;13;0
13/00044_00022.ppm;13;0
13/00044_00023.ppm;13;0
13/00044_00024.ppm;13;0
13/00044_00025.ppm;13;0
13/00044_00026.ppm;13;0
13/00044_00027.ppm;13;0
13/00044_00028.ppm;13;0
13/00044_00029.ppm;13;0
13/00045_00000.ppm;13;0
13/00045_00001.ppm;13;0
13/00045_00002.ppm;13;0
13/00045_00003.ppm;13;0
13/00045_00004.ppm;13;0
13/00045_00005.ppm;13;0
13/00045_00006.ppm;13;0
13/00045_00007.ppm;13;0
13/00045_00008.ppm;13;0
13/00045_00009.ppm;13;0
13/00045_00010.ppm;13;0
13/00045_00011.ppm;13;0
13/00045_00012.ppm;13;0
13/00045_00013.ppm;13;0
13/00045_00014.ppm;13;0
13/00045_00015.ppm;13;0
13/00045_00016.ppm;13;0
13/00045_00017.ppm;13;0
13/00045_00018.ppm;13;0
13/00045_00019.ppm;13;0
13/00045_00020.ppm;13;0
13/00045_00021.ppm;13;0
13/00045_00022.ppm;13;0
13/00045_00023.ppm;13;0
13/00045_00024.ppm;13;0
13/00045_00025.ppm;13;0
13/00045_00026.ppm;13;0
13/00045_00027.ppm;13;0
13/00045_00028.ppm;13;0
13/00045_00029.ppm;13;0
13/00046_00000.ppm;13;0
13/00046_00001.ppm;13;0
13/00046_00002.ppm;13;0
13/00046_00003.ppm;13;0
13/00046_00004.ppm;13;0
13/00046_00005.ppm;13;0
13/00046_00006.ppm;13;0
13/00046_00007.ppm;13;0
13/00046_00008.ppm;13;0
13/00046_00009.ppm;13;0
13/00046_00010.ppm;13;0
13/00046_00011.ppm;13;0
13/00046_00012.ppm;13;0
13/00046_00013.ppm;13;0
13/00046_00014.ppm;13;0
13/00046_00015.ppm;13;0
13/00046_00016.ppm;13;0
13/00046_00017.ppm;13;0
13/00046_00018.ppm;13;0
13/00046_00019.ppm;13;0
13/00046_00020.ppm;13;0
13/00046_00021.ppm;13;0
13/00046_00022.ppm;13;0
13/00046_00023.ppm;13;0
13/00046_00024.ppm;13;0
13/00046_00025.ppm;13;0
13/00046_00026.ppm;13;0
13/00046_00027.ppm;13;0
13/00046_00028.ppm;13;0
13/00046_00029.ppm;13;0
13/00047_00000.ppm;13;0
13/00047_00001.ppm;13;0
13/00047_00002.ppm;13;0
13/00047_00003.ppm;13;0
13/00047_00004.ppm;13;0
13/00047_00005.ppm;13;0
13/00047_00006.ppm;13;0
13/00047_00007.ppm;13;0
13/00047_00008.ppm;13;0
13/00047_00009.ppm;13;0
13/00047_00010.ppm;13;0
13/00047_00011.ppm;13;0
13/00047_00012.ppm;13;0
13/00047_00013.ppm;13;0
13/00047_00014.ppm;13;0
13/00047_00015.ppm;13;0
13/00047_00016.ppm;13;0
13/00047_00017.ppm;13;0
13/00047_00018.ppm;13;0
13/00047_00019.ppm;13;0
13/00047_00020.ppm;13;0
13/00047_00021.ppm;13;0
13/00047_00022.ppm;13;0
13/00047_00023.ppm;13;0
13/00047_00024.ppm;13;0
13/00047_00025.ppm;13;0
13/00047_00026.ppm;13;0
13/00047_00027.ppm;13;0
13/00047_00028.ppm;13;0
13/00047_00029.ppm;13;0
14/00000_00000.ppm;14;0
14/00000_00001.ppm;14;0
14/00000_00002.ppm;14;0
14/00000_00003.ppm;14;0
14/00000_00004.ppm;14;0
14/00000_00005.ppm;14;0
14/00000_00006.ppm;14;0
14/00000_00007.ppm;14;0
14/00000_00008.ppm;14;0
14/00000_00009.ppm;14;0
14/00000_00010.ppm;14;0
14/00000_00011.ppm;14;0
14/00000_00012.ppm;14;0
14/00000_00013.ppm;14;0
14/00000_00014.ppm;14;0
14/00000_00015.ppm;14;0
14/00000_00016.ppm;14;0
14/00000_00017.ppm;14;0
14/00000_00018.ppm;14;0
14/00000_00019.ppm;14;0
14/00000_00020.ppm;14;0
14/00000_00021.ppm;14;0
14/00000_00022.ppm;14;0
14/00000_00023.ppm;14;0
14/00000_00024.ppm;14;0
14/00000_00025.ppm;14;0
14/00000_00026.ppm;14;0
14/00000_00027.ppm;14;0
14/00000_00028.ppm;14;0
14/00000_00029.ppm;14;0
14/00001_00000.ppm;14;0
14/00001_00001.ppm;14;0
14/00001_00002.ppm;14;0
14/00001_00003.ppm;14;0
14/00001_00004.ppm;14;0
14/00001_00005.ppm;14;0
14/00001_00006.ppm;14;0
14/00001_00007.ppm;14;0
14/00001_00008.ppm;14;0
14/00001_00009.ppm;14;0
14/00001_00010.ppm;14;0
14/00001_00011.ppm;14;0
14/00001_00012.ppm;14;0
14/00001_00013.ppm;14;0
14/00001_00014.ppm;14;0
14/00001_00015.ppm;14;0
14/00001_00016.ppm;14;0
14/00001_00017.ppm;14;0
14/00001_00018.ppm;14;0
14/00001_00019.ppm;14;0
14/00001_00020.ppm;14;0
14/00001_00021.ppm;14;0
14/00001_00022.ppm;14;0
14/00001_00023.ppm;14;0
14/00001_00024.ppm;14;0
14/00001_00025.ppm;14;0
14/00001_00026.ppm;14;0
14/00001_00027.ppm;14;0
14/00001_00028.ppm;14;0
14/00001_00029.ppm;14;0
14/00002_00000.ppm;14;0
14/00002_00001.ppm;14;0
14/00002_00002.ppm;14;0
14/00002_00003.ppm;14;0
14/00002_00004.ppm;14;0
14/00002_00005.ppm;14;0
14/00002_00006.ppm;14;0
14/00002_00007.ppm;14;0
14/00002_00008.ppm;14;0
14/00002_00009.ppm;14;0
14/00002_00010.ppm;14;0
14/00002_00011.ppm;14;0
14/00002_00012.ppm;14;0
14/00002_00013.ppm;14;0
14/00002_00014.ppm;14;0
14/00002_00015.ppm;14;0
14/00002_00016.ppm;14;0
14/00002_00017.ppm;14;0
14/00002_00018.ppm;14;0
14/00002_00019.ppm;14;0
14/00002_00020.ppm;14;0
14/00002_00021.ppm;14;0
14/00002_00022.ppm;14;0
14/00002_00023.ppm;14;0
14/00002_00024.ppm;14;0
14/00002_00025.ppm;14;0
14/00002_00026.ppm;14;0
14/00002_00027.ppm;14;0
14/00002_00028.ppm;14;0
14/00002_00029.ppm;14;0
14/00003_00000.ppm;14;0
14/00003_00001.ppm;14;0
14/00003_00002.ppm;14;0
14/00003_00003.ppm;14;0
14/00003_00004.ppm;14;0
14/00003_00005.ppm;14;0
14/00003_00006.ppm;14;0
14/00003_00007.ppm;14;0
14/00003_00008.ppm;14;0
14/00003_00009.ppm;14;0
14/00003_00010.ppm;14;0
14/00003_00011.ppm;14;0
14/00003_00012.ppm;14;0
14/00003_00013.ppm;14;0
14/00003_00014.ppm;14;0
14/00003_00015.ppm;14;0
14/00003_00016.ppm;14;0
14/00003_00017.ppm;14;0
14/00003_00018.ppm;14;0
14/00003_00019.ppm;14;0
14/00003_00020.ppm;14;0
14/00003_00021.ppm;14;0
14/00003_00022.ppm;14;0
14/00003_00023.ppm;14;0
14/00003_00024.ppm;14;0
14/00003_00025.ppm;14;0
14/00003_00026.ppm;14;0
14/00003_00027.ppm;14;0
14/00003_00028.ppm;14;0
14/00003_00029.ppm;14;0
14/00004_00000.ppm;14;0
14/00004_00001.ppm;14;0
14/00004_00002.ppm;14;0
14/00004_00003.ppm;14;0
14/00004_00004.ppm;14;0
14/00004_00005.ppm;14;0
14/00004_00006.ppm;14;0
14/00004_00007.ppm;14;0
14/00004_00008.ppm;14;0
14/00004_00009.ppm;14;0
14/00004_00010.ppm;14;0
14/00004_00011.ppm;14;0
14/00004_00012.ppm;14;0
14/00004_00013.ppm;14;0
14/00004_00014.ppm;14;0
14/00004_00015.ppm;14;0
14/00004_00016.ppm;14;0
14/00004_00017.ppm;14;0
14/00004_00018.ppm;14;0
14/00004_00019.ppm;14;0
14/00004_00020.ppm;14;0
14/00004_00021.ppm;14;0
14/00004_00022.ppm;14;0
14/00004_00023.ppm;14;0
14/00004_00024.ppm;14;0
14/00004_00025.ppm;14;0
14/00004_00026.ppm;14;0
14/00004_00027.ppm;14;0
14/00004_00028.ppm;14;0
14/00004_00029.ppm;14;0
14/00005_00000.ppm;14;0
14/00005_00001.ppm;14;0
14/00005_00002.ppm;14;0
14/00005_00003.ppm;14;0
14/00005_00004.ppm;14;0
14/00005_00005.ppm;14;0
14/00005_00006.ppm;14;0
14/00005_00007.ppm;14;0
14/00005_00008.ppm;14;0
14/00005_00009.ppm;14;0
14/00005_00010.ppm;14;0
14/00005_00011.ppm;14;0
14/00005_00012.ppm;14;0
14/00005_00013.ppm;14;0
14/00005_00014.ppm;14;0
14/00005_00015.ppm;14;0
14/00005_00016.ppm;14;0
14/00005_00017.ppm;14;0
14/00005_00018.ppm;14;0
14/00005_00019.ppm;14;0
14/00005_00020.ppm;14;0
14/00005_00021.ppm;14;0
14/00005_00022.ppm;14;0
14/00005_00023.ppm;14;0
14/00005_00024.ppm;14;0
14/00005_00025.ppm;14;0
14/00005_00026.ppm;14;0
14/00005_00027.ppm;14;0
14/00005_00028.ppm;14;0
14/00005_00029.ppm;14;0
14/00006_00000.ppm;14;0
14/00006_00001.ppm;14;0
14/00006_00002.ppm;14;0
14/00006_00003.ppm;14;0
14/00006_00004.ppm;14;0
14/00006_00005.ppm;14;0
14/00006_00006.ppm;14;0
14/00006_00007.ppm;14;0
14/00006_00008.ppm;14;0
14/00006_00009.ppm;14;0
14/00006_00010.ppm;14;0
14/00006_00011.ppm;14;0
14/00006_00012.ppm;14;0
14/00006_00013.ppm;14;0
14/00006_00014.ppm;14;0
14/00006_00015.ppm;14;0
14/00006_00016.ppm;14;0
14/00006_00017.ppm;14;0
14/00006_00018.ppm;14;0
14/00006_00019.ppm;14;0
14/00006_00020.ppm;14;0
14/00006_00021.ppm;14;0
14/00006_00022.ppm;14;0
14/00006_00023.ppm;14;0
14/00006_00024.ppm;14;0
14/00006_00025.ppm;14;0
14/00006_00026.ppm;14;0
14/00006_00027.ppm;14;0
14/00006_00028.ppm;14;0
14/00006_00029.ppm;14;0
14/00007_00000.ppm;14;0
14/00007_00001.ppm;14;0
14/00007_00002.ppm;14;0
14/00007_00003.ppm;14;0
14/00007_00004.ppm;14;0
14/00007_00005.ppm;14;0
14/00007_00006.ppm;14;0
14/00007_00007.ppm;14;0
14/00007_00008.ppm;14;0
14/00007_00009.ppm;14;0
14/00007_00010.ppm;14;0
14/00007_00011.ppm;14;0
14/00007_00012.ppm;14;0
14/00007_00013.ppm;14;0
14/00007_00014.ppm;14;0
14/00007_00015.ppm;14;0
14/00007_00016.ppm;14;0
14/00007_00017.ppm;14;0
14/00007_00018.ppm;14;0
14/00007_00019.ppm;14;0
14/00007_00020.ppm;14;0
14/00007_00021.ppm;14;0
14/00007_00022.ppm;14;0
14/00007_00023.ppm;14;0
14/00007_00024.ppm;14;0
14/00007_00025.ppm;14;0
14/00007_00026.ppm;14;0
14/00007_00027.ppm;14;0
14/00007_00028.ppm;14;0
14/00007_00029.ppm;14;0
14/00008_00000.ppm;14;0
14/00008_00001.ppm;14;0
14/00008_00002.ppm;14;0
14/00008_00003.ppm;14;0
14/00008_00004.ppm;14;0
14/00008_00005.ppm;14;0
14/00008_00006.ppm;14;0
14/00008_00007.ppm;14;0
14/00008_00008.ppm;14;0
14/00008_00009.ppm;14;0
14/00008_00010.ppm;14;0
14/00008_00011.ppm;14;0
14/00008_00012.ppm;14;0
14/00008_00013.ppm;14;0
14/00008_00014.ppm;14;0
14/00008_00015.ppm;14;0
14/00008_00016.ppm;14;0
14/00008_00017.ppm;14;0
14/00008_00018.ppm;14;0
14/00008_00019.ppm;14;0
14/00008_00020.ppm;14;0
14/00008_00021.ppm;14;0
14/00008_00022.ppm;14;0
14/00008_00023.ppm;14;0
14/00008_00024.ppm;14;0
14/00008_00025.ppm;14;0
14/00008_00026.ppm;14;0
14/00008_00027.ppm;14;0
14/00008_00028.ppm;14;0
14/00008_00029.ppm;14;0
14/00009_00000.ppm;14;0
14/00009_00001.ppm;14;0
14/00009_00002.ppm;14;0
14/00009_00003.ppm;14;0
14/00009_00004.ppm;14;0
14/00009_00005.ppm;14;0
14/00009_00006.ppm;14;0
14/00009_00007.ppm;14;0
14/00009_00008.ppm;14;0
14/00009_00009.ppm;14;0
14/00009_00010.ppm;14;0
14/00009_00011.ppm;14;0
14/00009_00012.ppm;14;0
14/00009_00013.ppm;14;0
14/00009_00014.ppm;14;0
14/00009_00015.ppm;14;0
14/00009_00016.ppm;14;0
14/00009_00017.ppm;14;0
14/00009_00018.ppm;14;0
14/00009_00019.ppm;14;0
14/00009_00020.ppm;14;0
14/00009_00021.ppm;14;0
14/00009_00022.ppm;14;0
14/00009_00023.ppm;14;0
14/00009_00024.ppm;14;0
14/00009_00025.ppm;14;0
14/00009_00026.ppm;14;0
14/00009_00027.ppm;14;0
14/00009_00028.ppm;14;0
14/00009_00029.ppm;14;0
14/00010_00000.ppm;14;0
14/00010_00001.ppm;14;0
14/00010_00002.ppm;14;0
14/00010_00003.ppm;14;0
14/00010_00004.ppm;14;0
14/00010_00005.ppm;14;0
14/00010_00006.ppm;14;0
14/00010_00007.ppm;14;0
14/00010_00008.ppm;14;0
14/00010_00009.ppm;14;0
14/00010_00010.ppm;14;0
14/00010_00011.ppm;14;0
14/00010_00012.ppm;14;0
14/00010_00013.ppm;14;0
14/00010_00014.ppm;14;0
14/00010_00015.ppm;14;0
14/00010_00016.ppm;14;0
14/00010_00017.ppm;14;0
14/00010_00018.ppm;14;0
14/00010_00019.ppm;14;0
14/00010_00020.ppm;14;0
14/00010_00021.ppm;14;0
14/00010_00022.ppm;14;0
14/00010_00023.ppm;14;0
14/00010_00024.ppm;14;0
14/00010_00025.ppm;14;0
14/00010_00026.ppm;14;0
14/00010_00027.ppm;14;0
14/00010_00028.ppm;14;0
14/00010_00029.ppm;14;0
14/00011_00000.ppm;14;0
14/00011_00001.ppm;14;0
14/00011_00002.ppm;14;0
14/00011_00003.ppm;14;0
14/00011_00004.ppm;14;0
14/00011_00005.ppm;14;0
14/00011_00006.ppm;14;0
14/00011_00007.ppm;14;0
14/00011_00008.ppm;14;0
14/00011_00009.ppm;14;0
14/00011_00010.ppm;14;0
14/00011_00011.ppm;14;0
14/00011_00012.ppm;14;0
14/00011_00013.ppm;14;0
14/00011_00014.ppm;14;0
14/00011_00015.ppm;14;0
14/00011_00016.ppm;14;0
14/00011_00017.ppm;14;0
14/00011_00018.ppm;14;0
14/00011_00019.ppm;14;0
14/00011_00020.ppm;14;0
14/00011_00021.ppm;14;0
14/00011_00022.ppm;14;0
14/00011_00023.ppm;14;0
14/00011_00024.ppm;14;0
14/00011_00025.ppm;14;0
14/00011_00026.ppm;14;0
14/00011_00027.ppm;14;0
14/00011_00028.ppm;14;0
14/00011_00029.ppm;14;0
14/00012_00000.ppm;14;0
14/00012_00001.ppm;14;0
14/00012_00002.ppm;14;0
14/00012_00003.ppm;14;0
14/00012_00004.ppm;14;0
14/00012_00005.ppm;14;0
14/00012_00006.ppm;14;0
14/00012_00007.ppm;14;0
14/00012_00008.ppm;14;0
14/00012_00009.ppm;14;0
14/00012_00010.ppm;14;0
14/00012_00011.ppm;14;0
14/00012_00012.ppm;14;0
14/00012_00013.ppm;14;0
14/00012_00014.ppm;14;0
14/00012_00015.ppm;14;0
14/00012_00016.ppm;14;0
14/00012_00017.ppm;14;0
14/00012_00018.ppm;14;0
14/00012_00019.ppm;14;0
14/00012_00020.ppm;14;0
14/00012_00021.ppm;14;0
14/00012_00022.ppm;14;0
14/00012_00023.ppm;14;0
14/00012_00024.ppm;14;0
14/00012_00025.ppm;14;0
14/00012_00026.ppm;14;0
14/00012_00027.ppm;14;0
14/00012_00028.ppm;14;0
14/00012_00029.ppm;14;0
14/00013_00000.ppm;14;0
14/00013_00001.ppm;14;0
14/00013_00002.ppm;14;0
14/00013_00003.ppm;14;0
14/00013_00004.ppm;14;0
14/00013_00005.ppm;14;0
14/00013_00006.ppm;14;0
14/00013_00007.ppm;14;0
14/00013_00008.ppm;14;0
14/00013_00009.ppm;14;0
14/00013_00010.ppm;14;0
14/00013_00011.ppm;14;0
14/00013_00012.ppm;14;0
14/00013_00013.ppm;14;0
14/00013_00014.ppm;14;0
14/00013_00015.ppm;14;0
14/00013_00016.ppm;14;0
14/00013_00017.ppm;14;0
14/00013_00018.ppm;14;0
14/00013_00019.ppm;14;0
14/00013_00020.ppm;14;0
14/00013_00021.ppm;14;0
14/00013_00022.ppm;14;0
14/00013_00023.ppm;14;0
14/00013_00024.ppm;14;0
14/00013_00025.ppm;14;0
14/00013_00026.ppm;14;0
14/00013_00027.ppm;14;0
14/00013_00028.ppm;14;0
14/00013_00029.ppm;14;0
14/00014_00000.ppm;14;0
14/00014_00001.ppm;14;0
14/00014_00002.ppm;14;0
14/00014_00003.ppm;14;0
14/00014_00004.ppm;14;0
14/00014_00005.ppm;14;0
14/00014_00006.ppm;14;0
14/00014_00007.ppm;14;0
14/00014_00008.ppm;14;0
14/00014_00009.ppm;14;0
14/00014_00010.ppm;14;0
14/00014_00011.ppm;14;0
14/00014_00012.ppm;14;0
14/00014_00013.ppm;14;0
14/00014_00014.ppm;14;0
14/00014_00015.ppm;14;0
14/00014_00016.ppm;14;0
14/00014_00017.ppm;14;0
14/00014_00018.ppm;14;0
14/00014_00019.ppm;14;0
14/00014_00020.ppm;14;0
14/00014_00021.ppm;14;0
14/00014_00022.ppm;14;0
14/00014_00023.ppm;14;0
14/00014_00024.ppm;14;0
14/00014_00025.ppm;14;0
14/00014_00026.ppm;14;0
14/00014_00027.ppm;14;0
14/00014_00028.ppm;14;0
14/00014_00029.ppm;14;0
14/00015_00000.ppm;14;0
14/00015_00001.ppm;14;0
14/00015_00002.ppm;14;0
14/00015_00003.ppm;14;0
14/00015_00004.ppm;14;0
14/00015_00005.ppm;14;0
14/00015_00006.ppm;14;0
14/00015_00007.ppm;14;0
14/00015_00008.ppm;14;0
14/00015_00009.ppm;14;0
14/00015_00010.ppm;14;0
14/00015_00011.ppm;14;0
14/00015_00012.ppm;14;0
14/00015_00013.ppm;14;0
14/00015_00014.ppm;14;0
14/00015_00015.ppm;14;0
14/00015_00016.ppm;14;0
14/00015_00017.ppm;14;0
14/00015_00018.ppm;14;0
14/00015_00019.ppm;14;0
14/00015_00020.ppm;14;0
14/00015_00021.ppm;14;0
14/00015_00022.ppm;14;0
14/00015_00023.ppm;14;0
14/00015_00024.ppm;14;0
14/00015_00025.ppm;14;0
14/00015_00026.ppm;14;0
14/00015_00027.ppm;14;0
14/00015_00028.ppm;14;0
14/00015_00029.ppm;14;0
14/00016_00000.ppm;14;0
14/00016_00001.ppm;14;0
14/00016_00002.ppm;14;0
14/00016_00003.ppm;14;0
14/00016_00004.ppm;14;0
14/00016_00005.ppm;14;0
14/00016_00006.ppm;14;0
14/00016_00007.ppm;14;0
14/00016_00008.ppm;14;0
14/00016_00009.ppm;14;0
14/00016_00010.ppm;14;0
14/00016_00011.ppm;14;0
14/00016_00012.ppm;14;0
14/00016_00013.ppm;14;0
14/00016_00014.ppm;14;0
14/00016_00015.ppm;14;0
14/00016_00016.ppm;14;0
14/00016_00017.ppm;14;0
14/00016_00018.ppm;14;0
14/00016_00019.ppm;14;0
14/00016_00020.ppm;14;0
14/00016_00021.ppm;14;0
14/00016_00022.ppm;14;0
14/00016_00023.ppm;14;0
14/00016_00024.ppm;14;0
14/00016_00025.ppm;14;0
14/00016_00026.ppm;14;0
14/00016_00027.ppm;14;0
14/00016_00028.ppm;14;0
14/00016_00029.ppm;14;0
14/00017_00000.ppm;14;0
14/00017_00001.ppm;14;0
14/00017_00002.ppm;14;0
14/00017_00003.ppm;14;0
14/00017_00004.ppm;14;0
14/00017_00005.ppm;14;0
14/00017_00006.ppm;14;0
14/00017_00007.ppm;14;0
14/00017_00008.ppm;14;0
14/00017_00009.ppm;14;0
14/00017_00010.ppm;14;0
14/00017_00011.ppm;14;0
14/00017_00012.ppm;14;0
14/00017_00013.ppm;14;0
14/00017_00014.ppm;14;0
14/00017_00015.ppm;14;0
14/00017_00016.ppm;14;0
14/00017_00017.ppm;14;0
14/00017_00018.ppm;14;0
14/00017_00019.ppm;14;0
14/00017_00020.ppm;14;0
14/00017_00021.ppm;14;0
14/00017_00022.ppm;14;0
14/00017_00023.ppm;14;0
14/00017_00024.ppm;14;0
14/00017_00025.ppm;14;0
14/00017_00026.ppm;14;0
14/00017_00027.ppm;14;0
14/00017_00028.ppm;14;0
14/00017_00029.ppm;14;0
15/00000_00000.ppm;15;0
15/00000_00001.ppm;15;0
15/00000_00002.ppm;15;0
15/00000_00003.ppm;15;0
15/00000_00004.ppm;15;0
15/00000_00005.ppm;15;0
15/00000_00006.ppm;15;0
15/00000_00007.ppm;15;0
15/00000_00008.ppm;15;0
15/00000_00009.ppm;15;0
15/00000_00010.ppm;15;0
15/00000_00011.ppm;15;0
15/00000_00012.ppm;15;0
15/00000_00013.ppm;15;0
15/00000_00014.ppm;15;0
15/00000_00015.ppm;15;0
15/00000_00016.ppm;15;0
15/00000_00017.ppm;15;0
15/00000_00018.ppm;15;0
15/00000_00019.ppm;15;0
15/00000_00020.ppm;15;0
15/00000_00021.ppm;15;0
15/00000_00022.ppm;15;0
15/00000_00023.ppm;15;0
15/00000_00024.ppm;15;0
15/00000_00025.ppm;15;0
15/00000_00026.ppm;15;0
15/00000_00027.ppm;15;0
15/00000_00028.ppm;15;0
15/00000_00029.ppm;15;0
15/00001_00000.ppm;15;0
15/00001_00001.ppm;15;0
15/00001_00002.ppm;15;0
15/00001_00003.ppm;15;0
15/00001_00004.ppm;15;0
15/00001_00005.ppm;15;0
15/00001_00006.ppm;15;0
15/00001_00007.ppm;15;0
15/00001_00008.ppm;15;0
15/00001_00009.ppm;15;0
15/00001_00010.ppm;15;0
15/00001_00011.ppm;15;0
15/00001_00012.ppm;15;0
15/00001_00013.ppm;15;0
15/00001_00014.ppm;15;0
15/00001_00015.ppm;15;0
15/00001_00016.ppm;15;0
15/00001_00017.ppm;15;0
15/00001_00018.ppm;15;0
15/00001_00019.ppm;15;0
15/00001_00020.ppm;15;0
15/00001_00021.ppm;15;0
15/00001_00022.ppm;15;0
15/00001_00023.ppm;15;0
15/00001_00024.ppm;15;0
15/00001_00025.ppm;15;0
15/00001_00026.ppm;15;0
15/00001_00027.ppm;15;0
15/00001_00028.ppm;15;0
15/00001_00029.ppm;15;0
15/00002_00000.ppm;15;0
15/00002_00001.ppm;15;0
15/00002_00002.ppm;15;0
15/00002_00003.ppm;15;0
15/00002_00004.ppm;15;0
15/00002_00005.ppm;15;0
15/00002_00006.ppm;15;0
15/00002_00007.ppm;15;0
15/00002_00008.ppm;15;0
15/00002_00009.ppm;15;0
15/00002_00010.ppm;15;0
15/00002_00011.ppm;15;0
15/00002_00012.ppm;15;0
15/00002_00013.ppm;15;0
15/00002_00014.ppm;15;0
15/00002_00015.ppm;15;0
15/00002_00016.ppm;15;0
15/00002_00017.ppm;15;0
15/00002_00018.ppm;15;0
15/00002_00019.ppm;15;0
15/00002_00020.ppm;15;0
15/00002_00021.ppm;15;0
15/00002_00022.ppm;15;0
15/00002_00023.ppm;15;0
15/00002_00024.ppm;15;0
15/00002_00025.ppm;15;0
15/00002_00026.ppm;15;0
15/00002_00027.ppm;15;0
15/00002_00028.ppm;15;0
15/00002_00029.ppm;15;0
15/00003_00000.ppm;15;0
15/00003_00001.ppm;15;0
15/00003_00002.ppm;15;0
15/00003_00003.ppm;15;0
15/00003_00004.ppm;15;0
15/00003_00005.ppm;15;0
15/00003_00006.ppm;15;0
15/00003_00007.ppm;15;0
15/00003_00008.ppm;15;0
15/00003_00009.ppm;15;0
15/00003_00010.ppm;15;0
15/00003_00011.ppm;15;0
15/00003_00012.ppm;15;0
15/00003_00013.ppm;15;0
15/00003_00014.ppm;15;0
15/00003_00015.ppm;15;0
15/00003_00016.ppm;15;0
15/00003_00017.ppm;15;0
15/00003_00018.ppm;15;0
15/00003_00019.ppm;15;0
15/00003_00020.ppm;15;0
15/00003_00021.ppm;15;0
15/00003_00022.ppm;15;0
15/00003_00023.ppm;15;0
15/00003_00024.ppm;15;0
15/00003_00025.ppm;15;0
15/00003_00026.ppm;15;0
15/00003_00027.ppm;15;0
15/00003_00028.ppm;15;0
15/00003_00029.ppm;15;0
15/00004_00000.ppm;15;0
15/00004_00001.ppm;15;0
15/00004_00002.ppm;15;0
15/00004_00003.ppm;15;0
15/00004_00004.ppm;15;0
15/00004_00005.ppm;15;0
15/00004_00006.ppm;15;0
15/00004_00007.ppm;15;0
15/00004_00008.ppm;15;0
15/00004_00009.ppm;15;0
15/00004_00010.ppm;15;0
15/00004_00011.ppm;15;0
15/00004_00012.ppm;15;0
15/00004_00013.ppm;15;0
15/00004_00014.ppm;15;0
15/00004_00015.ppm;15;0
15/00004_00016.ppm;15;0
15/00004_00017.ppm;15;0
15/00004_00018.ppm;15;0
15/00004_00019.ppm;15;0
15/00004_00020.ppm;15;0
15/00004_00021.ppm;15;0
15/00004_00022.ppm;15;0
15/00004_00023.ppm;15;0
15/00004_00024.ppm;15;0
15/00004_00025.ppm;15;0
15/00004_00026.ppm;15;0
15/00004_00027.ppm;15;0
15/00004_00028.ppm;15;0
15/00004_00029.ppm;15;0
15/00005_00000.ppm;15;0
15/00005_00001.ppm;15;0
15/00005_00002.ppm;15;0
15/00005_00003.ppm;15;0
15/00005_00004.ppm;15;0
15/00005_00005.ppm;15;0
15/00005_00006.ppm;15;0
15/00005_00007.ppm;15;0
15/00005_00008.ppm;15;0
15/00005_00009.ppm;15;0
15/00005_00010.ppm;15;0
15/00005_00011.ppm;15;0
15/00005_00012.ppm;15;0
15/00005_00013.ppm;15;0
15/00005_00014.ppm;15;0
15/00005_00015.ppm;15;0
15/00005_00016.ppm;15;0
15/00005_00017.ppm;15;0
15/00005_00018.ppm;15;0
15/00005_00019.ppm;15;0
15/00005_00020.ppm;15;0
15/00005_00021.ppm;15;0
15/00005_00022.ppm;15;0
15/00005_00023.ppm;15;0
15/00005_00024.ppm;15;0
15/00005_00025.ppm;15;0
15/00005_00026.ppm;15;0
15/00005_00027.ppm;15;0
15/00005_00028.ppm;15;0
15/00005_00029.ppm;15;0
15/00006_00000.ppm;15;0
15/00006_00001.ppm;15;0
15/00006_00002.ppm;15;0
15/00006_00003.ppm;15;0
15/00006_00004.ppm;15;0
15/00006_00005.ppm;15;0
15/00006_00006.ppm;15;0
15/00006_00007.ppm;15;0
15/00006_00008.ppm;15;0
15/00006_00009.ppm;15;0
15/00006_00010.ppm;15;0
15/00006_00011.ppm;15;0
15/00006_00012.ppm;15;0
15/00006_00013.ppm;15;0
15/00006_00014.ppm;15;0
15/00006_00015.ppm;15;0
15/00006_00016.ppm;15;0
15/00006_00017.ppm;15;0
15/00006_00018.ppm;15;0
15/00006_00019.ppm;15;0
15/00006_00020.ppm;15;0
15/00006_00021.ppm;15;0
15/00006_00022.ppm;15;0
15/00006_00023.ppm;15;0
15/00006_00024.ppm;15;0
15/00006_00025.ppm;15;0
15/00006_00026.ppm;15;0
15/00006_00027.ppm;15;0
15/00006_00028.ppm;15;0
15/00006_00029.ppm;15;0
15/00007_00000.ppm;15;0
15/00007_00001.ppm;15;0
15/00007_00002.ppm;15;0
15/00007_00003.ppm;15;0
15/00007_00004.ppm;15;0
15/00007_00005.ppm;15;0
15/00007_00006.ppm;15;0
15/00007_00007.ppm;15;0
15/00007_00008.ppm;15;0
15/00007_00009.ppm;15;0
15/00007_00010.ppm;15;0
15/00007_00011.ppm;15;0
15/00007_00012.ppm;15;0
15/00007_00013.ppm;15;0
15/00007_00014.ppm;15;0
15/00007_00015.ppm;15;0
15/00007_00016.ppm;15;0
15/00007_00017.ppm;15;0
15/00007_00018.ppm;15;0
15/00007_00019.ppm;15;0
15/00007_00020.ppm;15;0
15/00007_00021.ppm;15;0
15/00007_00022.ppm;15;0
15/00007_00023.ppm;15;0
15/00007_00024.ppm;15;0
15/00007_00025.ppm;15;0
15/00007_00026.ppm;15;0
15/00007_00027.ppm;15;0
15/00007_00028.ppm;15;0
15/00007_00029.ppm;15;0
15/00008_00000.ppm;15;0
15/00008_00001.ppm;15;0
15/00008_00002.ppm;15;0
15/00008_00003.ppm;15;0
15/00008_00004.ppm;15;0
15/00008_00005.ppm;15;0
15/00008_00006.ppm;15;0
15/00008_00007.ppm;15;0
15/00008_00008.ppm;15;0
15/00008_00009.ppm;15;0
15/00008_00010.ppm;15;0
15/00008_00011.ppm;15;0
15/00008_00012.ppm;15;0
15/00008_00013.ppm;15;0
15/00008_00014.ppm;15;0
15/00008_00015.ppm;15;0
15/00008_00016.ppm;15;0
15/00008_00017.ppm;15;0
15/00008_00018.ppm;15;0
15/00008_00019.ppm;15;0
15/00008_00020.ppm;15;0
15/00008_00021.ppm;15;0
15/00008_00022.ppm;15;0
15/00008_00023.ppm;15;0
15/00008_00024.ppm;15;0
15/00008_00025.ppm;15;0
15/00008_00026.ppm;15;0
15/00008_00027.ppm;15;0
15/00008_00028.ppm;15;0
15/00008_00029.ppm;15;0
15/00009_00000.ppm;15;0
15/00009_00001.ppm;15;0
15/00009_00002.ppm;15;0
15/00009_00003.ppm;15;0
15/00009_00004.ppm;15;0
15/00009_00005.ppm;15;0
15/00009_00006.ppm;15;0
15/00009_00007.ppm;15;0
15/00009_00008.ppm;15;0
15/00009_00009.ppm;15;0
15/00009_00010.ppm;15;0
15/00009_00011.ppm;15;0
15/00009_00012.ppm;15;0
15/00009_00013.ppm;15;0
15/00009_00014.ppm;15;0
15/00009_00015.ppm;15;0
15/00009_00016.ppm;15;0
15/00009_00017.ppm;15;0
15/00009_00018.ppm;15;0
15/00009_00019.ppm;15;0
15/00009_00020.ppm;15;0
15/00009_00021.ppm;15;0
15/00009_00022.ppm;15;0
15/00009_00023.ppm;15;0
15/00009_00024.ppm;15;0
15/00009_00025.ppm;15;0
15/00009_00026.ppm;15;0
15/00009_00027.ppm;15;0
15/00009_00028.ppm;15;0
15/00009_00029.ppm;15;0
15/00010_00000.ppm;15;0
15/00010_00001.ppm;15;0
15/00010_00002.ppm;15;0
15/00010_00003.ppm;15;0
15/00010_00004.ppm;15;0
15/00010_00005.ppm;15;0
15/00010_00006.ppm;15;0
15/00010_00007.ppm;15;0
15/00010_00008.ppm;15;0
15/00010_00009.ppm;15;0
15/00010_00010.ppm;15;0
15/00010_00011.ppm;15;0
15/00010_00012.ppm;15;0
15/00010_00013.ppm;15;0
15/00010_00014.ppm;15;0
15/00010_00015.ppm;15;0
15/00010_00016.ppm;15;0
15/00010_00017.ppm;15;0
15/00010_00018.ppm;15;0
15/00010_00019.ppm;15;0
15/00010_00020.ppm;15;0
15/00010_00021.ppm;15;0
15/00010_00022.ppm;15;0
15/00010_00023.ppm;15;0
15/00010_00024.ppm;15;0
15/00010_00025.ppm;15;0
15/00010_00026.ppm;15;0
15/00010_00027.ppm;15;0
15/00010_00028.ppm;15;0
15/00010_00029.ppm;15;0
15/00011_00000.ppm;15;0
15/00011_00001.ppm;15;0
15/00011_00002.ppm;15;0
15/00011_00003.ppm;15;0
15/00011_00004.ppm;15;0
15/00011_00005.ppm;15;0
15/00011_00006.ppm;15;0
15/00011_00007.ppm;15;0
15/00011_00008.ppm;15;0
15/00011_00009.ppm;15;0
15/00011_00010.ppm;15;0
15/00011_00011.ppm;15;0
15/00011_00012.ppm;15;0
15/00011_00013.ppm;15;0
15/00011_00014.ppm;15;0
15/00011_00015.ppm;15;0
15/00011_00016.ppm;15;0
15/00011_00017.ppm;15;0
15/00011_00018.ppm;15;0
15/00011_00019.ppm;15;0
15/00011_00020.ppm;15;0
15/00011_00021.ppm;15;0
15/00011_00022.ppm;15;0
15/00011_00023.ppm;15;0
15/00011_00024.ppm;15;0
15/00011_00025.ppm;15;0
15/00011_00026.ppm;15;0
15/00011_00027.ppm;15;0
15/00011_00028.ppm;15;0
15/00011_00029.ppm;15;0
15/00012_00000.ppm;15;0
15/00012_00001.ppm;15;0
15/00012_00002.ppm;15;0
15/00012_00003.ppm;15;0
15/00012_00004.ppm;15;0
15/00012_00005.ppm;15;0
15/00012_00006.ppm;15;0
15/00012_00007.ppm;15;0
15/00012_00008.ppm;15;0
15/00012_00009.ppm;15;0
15/00012_00010.ppm;15;0
15/00012_00011.ppm;15;0
15/00012_00012.ppm;15;0
15/00012_00013.ppm;15;0
15/00012_00014.ppm;15;0
15/00012_00015.ppm;15;0
15/00012_00016.ppm;15;0
15/00012_00017.ppm;15;0
15/00012_00018.ppm;15;0
15/00012_00019.ppm;15;0
15/00012_00020.ppm;15;0
15/00012_00021.ppm;15;0
15/00012_00022.ppm;15;0
15/00012_00023.ppm;15;0
15/00012_00024.ppm;15;0
15/00012_00025.ppm;15;0
15/00012_00026.ppm;15;0
15/00012_00027.ppm;15;0
15/00012_00028.ppm;15;0
15/00012_00029.ppm;15;0
15/00013_00000.ppm;15;0
15/00013_00001.ppm;15;0
15/00013_00002.ppm;15;0
15/00013_00003.ppm;15;0
15/00013_00004.ppm;15;0
15/00013_00005.ppm;15;0
15/00013_00006.ppm;15;0
15/00013_00007.ppm;15;0
15/00013_00008.ppm;15;0
15/00013_00009.ppm;15;0
15/00013_00010.ppm;15;0
15/00013_00011.ppm;15;0
15/00013_00012.ppm;15;0
15/00013_00013.ppm;15;0
15/00013_00014.ppm;15;0
15/00013_00015.ppm;15;0
15/00013_00016.ppm;15;0
15/00013_00017.ppm;15;0
15/00013_00018.ppm;15;0
15/00013_00019.ppm;15;0
15/00013_00020.ppm;15;0
15/00013_00021.ppm;15;0
15/00013_00022.ppm;15;0
15/00013_00023.ppm;15;0
15/00013_00024.ppm;15;0
15/00013_00025.ppm;15;0
15/00013_00026.ppm;15;0
15/00013_00027.ppm;15;0
15/00013_00028.ppm;15;0
15/00013_00029.ppm;15;0
16/00000_00000.ppm;16;0
16/00000_00001.ppm;16;0
16/00000_00002.ppm;16;0
16/00000_00003.ppm;16;0
16/00000_00004.ppm;16;0
16/00000_00005.ppm;16;0
16/00000_00006.ppm;16;0
16/00000_00007.ppm;16;0
16/00000_00008.ppm;16;0
16/00000_00009.ppm;16;0
16/00000_00010.ppm;16;0
16/00000_00011.ppm;16;0
16/00000_00012.ppm;16;0
16/00000_00013.ppm;16;0
16/00000_00014.ppm;16;0
16/00000_00015.ppm;16;0
16/00000_00016.ppm;16;0
16/00000_00017.ppm;16;0
16/00000_00018.ppm;16;0
16/00000_00019.ppm;16;0
16/00000_00020.ppm;16;0
16/00000_00021.ppm;16;0
16/00000_00022.ppm;16;0
16/00000_00023.ppm;16;0
16/00000_00024.ppm;16;0
16/00000_00025.ppm;16;0
16/00000_00026.ppm;16;0
16/00000_00027.ppm;16;0
16/00000_00028.ppm;16;0
16/00000_00029.ppm;16;0
16/00001_00000.ppm;16;0
16/00001_00001.ppm;16;0
16/00001_00002.ppm;16;0
16/00001_00003.ppm;16;0
16/00001_00004.ppm;16;0
16/00001_00005.ppm;16;0
16/00001_00006.ppm;16;0
16/00001_00007.ppm;16;0
16/00001_00008.ppm;16;0
16/00001_00009.ppm;16;0
16/00001_00010.ppm;16;0
16/00001_00011.ppm;16;0
16/00001_00012.ppm;16;0
16/00001_00013.ppm;16;0
16/00001_00014.ppm;16;0
16/00001_00015.ppm;16;0
16/00001_00016.ppm;16;0
16/00001_00017.ppm;16;0
16/00001_00018.ppm;16;0
16/00001_00019.ppm;16;0
16/00001_00020.ppm;16;0
16/00001_00021.ppm;16;0
16/00001_00022.ppm;16;0
16/00001_00023.ppm;16;0
16/00001_00024.ppm;16;0
16/00001_00025.ppm;16;0
16/00001_00026.ppm;16;0
16/00001_00027.ppm;16;0
16/00001_00028.ppm;16;0
16/00001_00029.ppm;16;0
16/00002_00000.ppm;16;0
16/00002_00001.ppm;16;0
16/00002_00002.ppm;16;0
16/00002_00003.ppm;16;0
16/00002_00004.ppm;16;0
16/00002_00005.ppm;16;0
16/00002_00006.ppm;16;0
16/00002_00007.ppm;16;0
16/00002_00008.ppm;16;0
16/00002_00009.ppm;16;0
16/00002_00010.ppm;16;0
16/00002_00011.ppm;16;0
16/00002_00012.ppm;16;0
16/00002_00013.ppm;16;0
16/00002_00014.ppm;16;0
16/00002_00015.ppm;16;0
16/00002_00016.ppm;16;0
16/00002_00017.ppm;16;0
16/00002_00018.ppm;16;0
16/00002_00019.ppm;16;0
16/00002_00020.ppm;16;0
16/00002_00021.ppm;16;0
16/00002_00022.ppm;16;0
16/00002_00023.ppm;16;0
16/00002_00024.ppm;16;0
16/00002_00025.ppm;16;0
16/00002_00026.ppm;16;0
16/00002_00027.ppm;16;0
16/00002_00028.ppm;16;0
16/00002_00029.ppm;16;0
16/00003_00000.ppm;16;0
16/00003_00001.ppm;16;0
16/00003_00002.ppm;16;0
16/00003_00003.ppm;16;0
16/00003_00004.ppm;16;0
16/00003_00005.ppm;16;0
16/00003_00006.ppm;16;0
16/00003_00007.ppm;16;0
16/00003_00008.ppm;16;0
16/00003_00009.ppm;16;0
16/00003_00010.ppm;16;0
16/00003_00011.ppm;16;0
16/00003_00012.ppm;16;0
16/00003_00013.ppm;16;0
16/00003_00014.ppm;16;0
16/00003_00015.ppm;16;0
16/00003_00016.ppm;16;0
16/00003_00017.ppm;16;0
16/00003_00018.ppm;16;0
16/00003_00019.ppm;16;0
16/00003_00020.ppm;16;0
16/00003_00021.ppm;16;0
16/00003_00022.ppm;16;0
16/00003_00023.ppm;16;0
16/00003_00024.ppm;16;0
16/00003_00025.ppm;16;0
16/00003_00026.ppm;16;0
16/00003_00027.ppm;16;0
16/00003_00028.ppm;16;0
16/00003_00029.ppm;16;0
16/00004_00000.ppm;16;0
16/00004_00001.ppm;16;0
16/00004_00002.ppm;16;0
16/00004_00003.ppm;16;0
16/00004_00004.ppm;16;0
16/00004_00005.ppm;16;0
16/00004_00006.ppm;16;0
16/00004_00007.ppm;16;0
16/00004_00008.ppm;16;0
16/00004_00009.ppm;16;0
16/00004_00010.ppm;16;0
16/00004_00011.ppm;16;0
16/00004_00012.ppm;16;0
16/00004_00013.ppm;16;0
16/00004_00014.ppm;16;0
16/00004_00015.ppm;16;0
16/00004_00016.ppm;16;0
16/00004_00017.ppm;16;0
16/00004_00018.ppm;16;0
16/00004_00019.ppm;16;0
16/00004_00020.ppm;16;0
16/00004_00021.ppm;16;0
16/00004_00022.ppm;16;0
16/00004_00023.ppm;16;0
16/00004_00024.ppm;16;0
16/00004_00025.ppm;16;0
16/00004_00026.ppm;16;0
16/00004_00027.ppm;16;0
16/00004_00028.ppm;16;0
16/00004_00029.ppm;16;0
16/00005_00000.ppm;16;0
16/00005_00001.ppm;16;0
16/00005_00002.ppm;16;0
16/00005_00003.ppm;16;0
16/00005_00004.ppm;16;0
16/00005_00005.ppm;16;0
16/00005_00006.ppm;16;0
16/00005_00007.ppm;16;0
16/00005_00008.ppm;16;0
16/00005_00009.ppm;16;0
16/00005_00010.ppm;16;0
16/00005_00011.ppm;16;0
16/00005_00012.ppm;16;0
16/00005_00013.ppm;16;0
16/00005_00014.ppm;16;0
16/00005_00015.ppm;16;0
16/00005_00016.ppm;16;0
16/00005_00017.ppm;16;0
16/00005_00018.ppm;16;0
16/00005_00019.ppm;16;0
16/00005_00020.ppm;16;0
16/00005_00021.ppm;16;0
16/00005_00022.ppm;16;0
16/00005_00023.ppm;16;0
16/00005_00024.ppm;16;0
16/00005_00025.ppm;16;0
16/00005_00026.ppm;16;0
16/00005_00027.ppm;16;0
16/00005_00028.ppm;16;0
16/00005_00029.ppm;16;0
16/00006_00000.ppm;16;0
16/00006_00001.ppm;16;0
16/00006_00002.ppm;16;0
16/00006_00003.ppm;16;0
16/00006_00004.ppm;16;0
16/00006_00005.ppm;16;0
16/00006_00006.ppm;16;0
16/00006_00007.ppm;16;0
16/00006_00008.ppm;16;0
16/00006_00009.ppm;16;0
16/00006_00010.ppm;16;0
16/00006_00011.ppm;16;0
16/00006_00012.ppm;16;0
16/00006_00013.ppm;16;0
16/00006_00014.ppm;16;0
16/00006_00015.ppm;16;0
16/00006_00016.ppm;16;0
16/00006_00017.ppm;16;0
16/00006_00018.ppm;16;0
16/00006_00019.ppm;16;0
16/00006_00020.ppm;16;0
16/00006_00021.ppm;16;0
16/00006_00022.ppm;16;0
16/00006_00023.ppm;16;0
16/00006_00024.ppm;16;0
16/00006_00025.ppm;16;0
16/00006_00026.ppm;16;0
16/00006_00027.ppm;16;0
16/00006_00028.ppm;16;0
16/00006_00029.ppm;16;0
16/00007_00000.ppm;16;0
16/00007_00001.ppm;16;0
16/00007_00002.ppm;16;0
16/00007_00003.ppm;16;0
16/00007_00004.ppm;16;0
16/00007_00005.ppm;16;0
16/00007_00006.ppm;16;0
16/00007_00007.ppm;16;0
16/00007_00008.ppm;16;0
16/00007_00009.ppm;16;0
16/00007_00010.ppm;16;0
16/00007_00011.ppm;16;0
16/00007_00012.ppm;16;0
16/00007_00013.ppm;16;0
16/00007_00014.ppm;16;0
16/00007_00015.ppm;16;0
16/00007_00016.ppm;16;0
16/00007_00017.ppm;16;0
16/00007_00018.ppm;16;0
16/00007_00019.ppm;16;0
16/00007_00020.ppm;16;0
16/00007_00021.ppm;16;0
16/00007_00022.ppm;16;0
16/00007_00023.ppm;16;0
16/00007_00024.ppm;16;0
16/00007_00025.ppm;16;0
16/00007_00026.ppm;16;0
16/00007_00027.ppm;16;0
16/00007_00028.ppm;16;0
16/00007_00029.ppm;16;0
16/00008_00000.ppm;16;0
16/00008_00001.ppm;16;0
16/00008_00002.ppm;16;0
16/00008_00003.ppm;16;0
16/00008_00004.ppm;16;0
16/00008_00005.ppm;16;0
16/00008_00006.ppm;16;0
16/00008_00007.ppm;16;0
16/00008_00008.ppm;16;0
16/00008_00009.ppm;16;0
16/00008_00010.ppm;16;0
16/00008_00011.ppm;16;0
16/00008_00012.ppm;16;0
16/00008_00013.ppm;16;0
16/00008_00014.ppm;16;0
16/00008_00015.ppm;16;0
16/00008_00016.ppm;16;0
16/00008_00017.ppm;16;0
16/00008_00018.ppm;16;0
16/00008_00019.ppm;16;0
16/00008_00020.ppm;16;0
16/00008_00021.ppm;16;0
16/00008_00022.ppm;16;0
16/00008_00023.ppm;16;0
16/00008_00024.ppm;16;0
16/00008_00025.ppm;16;0
16/00008_00026.ppm;16;0
16/00008_00027.ppm;16;0
16/00008_00028.ppm;16;0
16/00008_00029.ppm;16;0
16/00009_00000.ppm;16;0
16/00009_00001.ppm;16;0
16/00009_00002.ppm;16;0
16/00009_00003.ppm;16;0
16/00009_00004.ppm;16;0
16/00009_00005.ppm;16;0
16/00009_00006.ppm;16;0
16/00009_00007.ppm;16;0
16/00009_00008.ppm;16;0
16/00009_00009.ppm;16;0
16/00009_00010.ppm;16;0
16/00009_00011.ppm;16;0
16/00009_00012.ppm;16;0
16/00009_00013.ppm;16;0
16/00009_00014.ppm;16;0
16/00009_00015.ppm;16;0
16/00009_00016.ppm;16;0
16/00009_00017.ppm;16;0
16/00009_00018.ppm;16;0
16/00009_00019.ppm;16;0
16/00009_00020.ppm;16;0
16/00009_00021.ppm;16;0
16/00009_00022.ppm;16;0
16/00009_00023.ppm;16;0
16/00009_00024.ppm;16;0
16/00009_00025.ppm;16;0
16/00009_00026.ppm;16;0
16/00009_00027.ppm;16;0
16/00009_00028.ppm;16;0
16/00009_00029.ppm;16;0
17/00000_00000.ppm;17;0
17/00000_00001.ppm;17;0
17/00000_00002.ppm;17;0
17/00000_00003.ppm;17;0
17/00000_00004.ppm;17;0
17/00000_00005.ppm;17;0
17/00000_00006.ppm;17;0
17/00000_00007.ppm;17;0
17/00000_00008.ppm;17;0
17/00000_00009.ppm;17;0
17/00000_00010.ppm;17;0
17/00000_00011.ppm;17;0
17/00000_00012.ppm;17;0
17/00000_00013.ppm;17;0
17/00000_00014.ppm;17;0
17/00000_00015.ppm;17;0
17/00000_00016.ppm;17;0
17/00000_00017.ppm;17;0
17/00000_00018.ppm;17;0
17/00000_00019.ppm;17;0
17/00000_00020.ppm;17;0
17/00000_00021.ppm;17;0
17/00000_00022.ppm;17;0
17/00000_00023.ppm;17;0
17/00000_00024.ppm;17;0
17/00000_00025.ppm;17;0
17/00000_00026.ppm;17;0
17/00000_00027.ppm;17;0
17/00000_00028.ppm;17;0
17/00000_00029.ppm;17;0
17/00001_00000.ppm;17;0
17/00001_00001.ppm;17;0
17/00001_00002.ppm;17;0
17/00001_00003.ppm;17;0
17/00001_00004.ppm;17;0
17/00001_00005.ppm;17;0
17/00001_00006.ppm;17;0
17/00001_00007.ppm;17;0
17/00001_00008.ppm;17;0
17/00001_00009.ppm;17;0
17/00001_00010.ppm;17;0
17/00001_00011.ppm;17;0
17/00001_00012.ppm;17;0
17/00001_00013.ppm;17;0
17/00001_00014.ppm;17;0
17/00001_00015.ppm;17;0
17/00001_00016.ppm;17;0
17/00001_00017.ppm;17;0
17/00001_00018.ppm;17;0
17/00001_00019.ppm;17;0
17/00001_00020.ppm;17;0
17/00001_00021.ppm;17;0
17/00001_00022.ppm;17;0
17/00001_00023.ppm;17;0
17/00001_00024.ppm;17;0
17/00001_00025.ppm;17;0
17/00001_00026.ppm;17;0
17/00001_00027.ppm;17;0
17/00001_00028.ppm;17;0
17/00001_00029.ppm;17;0
17/00002_00000.ppm;17;0
17/00002_00001.ppm;17;0
17/00002_00002.ppm;17;0
17/00002_00003.ppm;17;0
17/00002_00004.ppm;17;0
17/00002_00005.ppm;17;0
17/00002_00006.ppm;17;0
17/00002_00007.ppm;17;0
17/00002_00008.ppm;17;0
17/00002_00009.ppm;17;0
17/00002_00010.ppm;17;0
17/00002_00011.ppm;17;0
17/00002_00012.ppm;17;0
17/00002_00013.ppm;17;0
17/00002_00014.ppm;17;0
17/00002_00015.ppm;17;0
17/00002_00016.ppm;17;0
17/00002_00017.ppm;17;0
17/00002_00018.ppm;17;0
17/00002_00019.ppm;17;0
17/00002_00020.ppm;17;0
17/00002_00021.ppm;17;0
17/00002_00022.ppm;17;0
17/00002_00023.ppm;17;0
17/00002_00024.ppm;17;0
17/00002_00025.ppm;17;0
17/00002_00026.ppm;17;0
17/00002_00027.ppm;17;0
17/00002_00028.ppm;17;0
17/00002_00029.ppm;17;0
17/00003_00000.ppm;17;0
17/00003_00001.ppm;17;0
17/00003_00002.ppm;17;0
17/00003_00003.ppm;17;0
17/00003_00004.ppm;17;0
17/00003_00005.ppm;17;0
17/00003_00006.ppm;17;0
17/00003_00007.ppm;17;0
17/00003_00008.ppm;17;0
17/00003_00009.ppm;17;0
17/00003_00010.ppm;17;0
17/00003_00011.ppm;17;0
17/00003_00012.ppm;17;0
17/00003_00013.ppm;17;0
17/00003_00014.ppm;17;0
17/00003_00015.ppm;17;0
17/00003_00016.ppm;17;0
17/00003_00017.ppm;17;0
17/00003_00018.ppm;17;0
17/00003_00019.ppm;17;0
17/00003_00020.ppm;17;0
17/00003_00021.ppm;17;0
17/00003_00022.ppm;17;0
17/00003_00023.ppm;17;0
17/00003_00024.ppm;17;0
17/00003_00025.ppm;17;0
17/00003_00026.ppm;17;0
17/00003_00027.ppm;17;0
17/00003_00028.ppm;17;0
17/00003_00029.ppm;17;0
17/00004_00000.ppm;17;0
17/00004_00001.ppm;17;0
17/00004_00002.ppm;17;0
17/00004_00003.ppm;17;0
17/00004_00004.ppm;17;0
17/00004_00005.ppm;17;0
17/00004_00006.ppm;17;0
17/00004_00007.ppm;17;0
17/00004_00008.ppm;17;0
17/00004_00009.ppm;17;0
17/00004_00010.ppm;17;0
17/00004_00011.ppm;17;0
17/00004_00012.ppm;17;0
17/00004_00013.ppm;17;0
17/00004_00014.ppm;17;0
17/00004_00015.ppm;17;0
17/00004_00016.ppm;17;0
17/00004_00017.ppm;17;0
17/00004_00018.ppm;17;0
17/00004_00019.ppm;17;0
17/00004_00020.ppm;17;0
17/00004_00021.ppm;17;0
17/00004_00022.ppm;17;0
17/00004_00023.ppm;17;0
17/00004_00024.ppm;17;0
17/00004_00025.ppm;17;0
17/00004_00026.ppm;17;0
17/00004_00027.ppm;17;0
17/00004_00028.ppm;17;0
17/00004_00029.ppm;17;0
17/00005_00000.ppm;17;0
17/00005_00001.ppm;17;0
17/00005_00002.ppm;17;0
17/00005_00003.ppm;17;0
17/00005_00004.ppm;17;0
17/00005_00005.ppm;17;0
17/00005_00006.ppm;17;0
17/00005_00007.ppm;17;0
17/00005_00008.ppm;17;0
17/00005_00009.ppm;17;0
17/00005_00010.ppm;17;0
17/00005_00011.ppm;17;0
17/00005_00012.ppm;17;0
17/00005_00013.ppm;17;0
17/00005_00014.ppm;17;0
17/00005_00015.ppm;17;0
17/00005_00016.ppm;17;0
17/00005_00017.ppm;17;0
17/00005_00018.ppm;17;0
17/00005_00019.ppm;17;0
17/00005_00020.ppm;17;0
17/00005_00021.ppm;17;0
17/00005_00022.ppm;17;0
17/00005_00023.ppm;17;0
17/00005_00024.ppm;17;0
17/00005_00025.ppm;17;0
17/00005_00026.ppm;17;0
17/00005_00027.ppm;17;0
17/00005_00028.ppm;17;0
17/00005_00029.ppm;17;0
17/00006_00000.ppm;17;0
17/00006_00001.ppm;17;0
17/00006_00002.ppm;17;0
17/00006_00003.ppm;17;0
17/00006_00004.ppm;17;0
17/00006_00005.ppm;17;0
17/00006_00006.ppm;17;0
17/00006_00007.ppm;17;0
17/00006_00008.ppm;17;0
17/00006_00009.ppm;17;0
17/00006_00010.ppm;17;0
17/00006_00011.ppm;17;0
17/00006_00012.ppm;17;0
17/00006_00013.ppm;17;0
17/00006_00014.ppm;17;0
17/00006_00015.ppm;17;0
17/00006_00016.ppm;17;0
17/00006_00017.ppm;17;0
17/00006_00018.ppm;17;0
17/00006_00019.ppm;17;0
17/00006_00020.ppm;17;0
17/00006_00021.ppm;17;0
17/00006_00022.ppm;17;0
17/00006_00023.ppm;17;0
17/00006_00024.ppm;17;0
17/00006_00025.ppm;17;0
17/00006_00026.ppm;17;0
17/00006_00027.ppm;17;0
17/00006_00028.ppm;17;0
17/00006_00029.ppm;17;0
17/00007_00000.ppm;17;0
17/00007_00001.ppm;17;0
17/00007_00002.ppm;17;0
17/00007_00003.ppm;17;0
17/00007_00004.ppm;17;0
17/00007_00005.ppm;17;0
17/00007_00006.ppm;17;0
17/00007_00007.ppm;17;0
17/00007_00008.ppm;17;0
17/00007_00009.ppm;17;0
17/00007_00010.ppm;17;0
17/00007_00011.ppm;17;0
17/00007_00012.ppm;17;0
17/00007_00013.ppm;17;0
17/00007_00014.ppm;17;0
17/00007_00015.ppm;17;0
17/00007_00016.ppm;17;0
17/00007_00017.ppm;17;0
17/00007_00018.ppm;17;0
17/00007_00019.ppm;17;0
17/00007_00020.ppm;17;0
17/00007_00021.ppm;17;0
17/00007_00022.ppm;17;0
17/00007_00023.ppm;17;0
17/00007_00024.ppm;17;0
17/00007_00025.ppm;17;0
17/00007_00026.ppm;17;0
17/00007_00027.ppm;17;0
17/00007_00028.ppm;17;0
17/00007_00029.ppm;17;0
17/00008_00000.ppm;17;0
17/00008_00001.ppm;17;0
17/00008_00002.ppm;17;0
17/00008_00003.ppm;17;0
17/00008_00004.ppm;17;0
17/00008_00005.ppm;17;0
17/00008_00006.ppm;17;0
17/00008_00007.ppm;17;0
17/00008_00008.ppm;17;0
17/00008_00009.ppm;17;0
17/00008_00010.ppm;17;0
17/00008_00011.ppm;17;0
17/00008_00012.ppm;17;0
17/00008_00013.ppm;17;0
17/00008_00014.ppm;17;0
17/00008_00015.ppm;17;0
17/00008_00016.ppm;17;0
17/00008_00017.ppm;17;0
17/00008_00018.ppm;17;0
17/00008_00019.ppm;17;0
17/00008_00020.ppm;17;0
17/00008_00021.ppm;17;0
17/00008_00022.ppm;17;0
17/00008_00023.ppm;17;0
17/00008_00024.ppm;17;0
17/00008_00025.ppm;17;0
17/00008_00026.ppm;17;0
17/00008_00027.ppm;17;0
17/00008_00028.ppm;17;0
17/00008_00029.ppm;17;0
17/00009_00000.ppm;17;0
17/00009_00001.ppm;17;0
17/00009_00002.ppm;17;0
17/00009_00003.ppm;17;0
17/00009_00004.ppm;17;0
17/00009_00005.ppm;17;0
17/00009_00006.ppm;17;0
17/00009_00007.ppm;17;0
17/00009_00008.ppm;17;0
17/00009_00009.ppm;17;0
17/00009_00010.ppm;17;0
17/00009_00011.ppm;17;0
17/00009_00012.ppm;17;0
17/00009_00013.ppm;17;0
17/00009_00014.ppm;17;0
17/00009_00015.ppm;17;0
17/00009_00016.ppm;17;0
17/00009_00017.ppm;17;0
17/00009_00018.ppm;17;0
17/00009_00019.ppm;17;0
17/00009_00020.ppm;17;0
17/00009_00021.ppm;17;0
17/00009_00022.ppm;17;0
17/00009_00023.ppm;17;0
17/00009_00024.ppm;17;0
17/00009_00025.ppm;17;0
17/00009_00026.ppm;17;0
17/00009_00027.ppm;17;0
17/00009_00028.ppm;17;0
17/00009_00029.ppm;17;0
17/00010_00000.ppm;17;0
17/00010_00001.ppm;17;0
17/00010_00002.ppm;17;0
17/00010_00003.ppm;17;0
17/00010_00004.ppm;17;0
17/00010_00005.ppm;17;0
17/00010_00006.ppm;17;0
17/00010_00007.ppm;17;0
17/00010_00008.ppm;17;0
17/00010_00009.ppm;17;0
17/00010_00010.ppm;17;0
17/00010_00011.ppm;17;0
17/00010_00012.ppm;17;0
17/00010_00013.ppm;17;0
17/00010_00014.ppm;17;0
17/00010_00015.ppm;17;0
17/00010_00016.ppm;17;0
17/00010_00017.ppm;17;0
17/00010_00018.ppm;17;0
17/00010_00019.ppm;17;0
17/00010_00020.ppm;17;0
17/00010_00021.ppm;17;0
17/00010_00022.ppm;17;0
17/00010_00023.ppm;17;0
17/00010_00024.ppm;17;0
17/00010_00025.ppm;17;0
17/00010_00026.ppm;17;0
17/00010_00027.ppm;17;0
17/00010_00028.ppm;17;0
17/00010_00029.ppm;17;0
17/00011_00000.ppm;17;0
17/00011_00001.ppm;17;0
17/00011_00002.ppm;17;0
17/00011_00003.ppm;17;0
17/00011_00004.ppm;17;0
17/00011_00005.ppm;17;0
17/00011_00006.ppm;17;0
17/00011_00007.ppm;17;0
17/00011_00008.ppm;17;0
17/00011_00009.ppm;17;0
17/00011_00010.ppm;17;0
17/00011_00011.ppm;17;0
17/00011_00012.ppm;17;0
17/00011_00013.ppm;17;0
17/00011_00014.ppm;17;0
17/00011_00015.ppm;17;0
17/00011_00016.ppm;17;0
17/00011_00017.ppm;17;0
17/00011_00018.ppm;17;0
17/00011_00019.ppm;17;0
17/00011_00020.ppm;17;0
17/00011_00021.ppm;17;0
17/00011_00022.ppm;17;0
17/00011_00023.ppm;17;0
17/00011_00024.ppm;17;0
17/00011_00025.ppm;17;0
17/00011_00026.ppm;17;0
17/00011_00027.ppm;17;0
17/00011_00028.ppm;17;0
17/00011_00029.ppm;17;0
17/00012_00000.ppm;17;0
17/00012_00001.ppm;17;0
17/00012_00002.ppm;17;0
17/00012_00003.ppm;17;0
17/00012_00004.ppm;17;0
17/00012_00005.ppm;17;0
17/00012_00006.ppm;17;0
17/00012_00007.ppm;17;0
17/00012_00008.ppm;17;0
17/00012_00009.ppm;17;0
17/00012_00010.ppm;17;0
17/00012_00011.ppm;17;0
17/00012_00012.ppm;17;0
17/00012_00013.ppm;17;0
17/00012_00014.ppm;17;0
17/00012_00015.ppm;17;0
17/00012_00016.ppm;17;0
17/00012_00017.ppm;17;0
17/00012_00018.ppm;17;0
17/00012_00019.ppm;17;0
17/00012_00020.ppm;17;0
17/00012_00021.ppm;17;0
17/00012_00022.ppm;17;0
17/00012_00023.ppm;17;0
17/00012_00024.ppm;17;0
17/00012_00025.ppm;17;0
17/00012_00026.ppm;17;0
17/00012_00027.ppm;17;0
17/00012_00028.ppm;17;0
17/00012_00029.ppm;17;0
17/00013_00000.ppm;17;0
17/00013_00001.ppm;17;0
17/00013_00002.ppm;17;0
17/00013_00003.ppm;17;0
17/00013_00004.ppm;17;0
17/00013_00005.ppm;17;0
17/00013_00006.ppm;17;0
17/00013_00007.ppm;17;0
17/00013_00008.ppm;17;0
17/00013_00009.ppm;17;0
17/00013_00010.ppm;17;0
17/00013_00011.ppm;17;0
17/00013_00012.ppm;17;0
17/00013_00013.ppm;17;0
17/00013_00014.ppm;17;0
17/00013_00015.ppm;17;0
17/00013_00016.ppm;17;0
17/00013_00017.ppm;17;0
17/00013_00018.ppm;17;0
17/00013_00019.ppm;17;0
17/00013_00020.ppm;17;0
17/00013_00021.ppm;17;0
17/00013_00022.ppm;17;0
17/00013_00023.ppm;17;0
17/00013_00024.ppm;17;0
17/00013_00025.ppm;17;0
17/00013_00026.ppm;17;0
17/00013_00027.ppm;17;0
17/00013_00028.ppm;17;0
17/00013_00029.ppm;17;0
17/00014_00000.ppm;17;0
17/00014_00001.ppm;17;0
17/00014_00002.ppm;17;0
17/00014_00003.ppm;17;0
17/00014_00004.ppm;17;0
17/00014_00005.ppm;17;0
17/00014_00006.ppm;17;0
17/00014_00007.ppm;17;0
17/00014_00008.ppm;17;0
17/00014_00009.ppm;17;0
17/00014_00010.ppm;17;0
17/00014_00011.ppm;17;0
17/00014_00012.ppm;17;0
17/00014_00013.ppm;17;0
17/00014_00014.ppm;17;0
17/00014_00015.ppm;17;0
17/00014_00016.ppm;17;0
17/00014_00017.ppm;17;0
17/00014_00018.ppm;17;0
17/00014_00019.ppm;17;0
17/00014_00020.ppm;17;0
17/00014_00021.ppm;17;0
17/00014_00022.ppm;17;0
17/00014_00023.ppm;17;0
17/00014_00024.ppm;17;0
17/00014_00025.ppm;17;0
17/00014_00026.ppm;17;0
17/00014_00027.ppm;17;0
17/00014_00028.ppm;17;0
17/00014_00029.ppm;17;0
17/00015_00000.ppm;17;0
17/00015_00001.ppm;17;0
17/00015_00002.ppm;17;0
17/00015_00003.ppm;17;0
17/00015_00004.ppm;17;0
17/00015_00005.ppm;17;0
17/00015_00006.ppm;17;0
17/00015_00007.ppm;17;0
17/00015_00008.ppm;17;0
17/00015_00009.ppm;17;0
17/00015_00010.ppm;17;0
17/00015_00011.ppm;17;0
17/00015_00012.ppm;17;0
17/00015_00013.ppm;17;0
17/00015_00014.ppm;17;0
17/00015_00015.ppm;17;0
17/00015_00016.ppm;17;0
17/00015_00017.ppm;17;0
17/00015_00018.ppm;17;0
17/00015_00019.ppm;17;0
17/00015_00020.ppm;17;0
17/00015_00021.ppm;17;0
17/00015_00022.ppm;17;0
17/00015_00023.ppm;17;0
17/00015_00024.ppm;17;0
17/00015_00025.ppm;17;0
17/00015_00026.ppm;17;0
17/00015_00027.ppm;17;0
17/00015_00028.ppm;17;0
17/00015_00029.ppm;17;0
17/00016_00000.ppm;17;0
17/00016_00001.ppm;17;0
17/00016_00002.ppm;17;0
17/00016_00003.ppm;17;0
17/00016_00004.ppm;17;0
17/00016_00005.ppm;17;0
17/00016_00006.ppm;17;0
17/00016_00007.ppm;17;0
17/00016_00008.ppm;17;0
17/00016_00009.ppm;17;0
17/00016_00010.ppm;17;0
17/00016_00011.ppm;17;0
17/00016_00012.ppm;17;0
17/00016_00013.ppm;17;0
17/00016_00014.ppm;17;0
17/00016_00015.ppm;17;0
17/00016_00016.ppm;17;0
17/00016_00017.ppm;17;0
17/00016_00018.ppm;17;0
17/00016_00019.ppm;17;0
17/00016_00020.ppm;17;0
17/00016_00021.ppm;17;0
17/00016_00022.ppm;17;0
17/00016_00023.ppm;17;0
17/00016_00024.ppm;17;0
17/00016_00025.ppm;17;0
17/00016_00026.ppm;17;0
17/00016_00027.ppm;17;0
17/00016_00028.ppm;17;0
17/00016_00029.ppm;17;0
17/00017_00000.ppm;17;0
17/00017_00001.ppm;17;0
17/00017_00002.ppm;17;0
17/00017_00003.ppm;17;0
17/00017_00004.ppm;17;0
17/00017_00005.ppm;17;0
17/00017_00006.ppm;17;0
17/00017_00007.ppm;17;0
17/00017_00008.ppm;17;0
17/00017_00009.ppm;17;0
17/00017_00010.ppm;17;0
17/00017_00011.ppm;17;0
17/00017_00012.ppm;17;0
17/00017_00013.ppm;17;0
17/00017_00014.ppm;17;0
17/00017_00015.ppm;17;0
17/00017_00016.ppm;17;0
17/00017_00017.ppm;17;0
17/00017_00018.ppm;17;0
17/00017_00019.ppm;17;0
17/00017_00020.ppm;17;0
17/00017_00021.ppm;17;0
17/00017_00022.ppm;17;0
17/00017_00023.ppm;17;0
17/00017_00024.ppm;17;0
17/00017_00025.ppm;17;0
17/00017_00026.ppm;17;0
17/00017_00027.ppm;17;0
17/00017_00028.ppm;17;0
17/00017_00029.ppm;17;0
17/00018_00000.ppm;17;0
17/00018_00001.ppm;17;0
17/00018_00002.ppm;17;0
17/00018_00003.ppm;17;0
17/00018_00004.ppm;17;0
17/00018_00005.ppm;17;0
17/00018_00006.ppm;17;0
17/00018_00007.ppm;17;0
17/00018_00008.ppm;17;0
17/00018_00009.ppm;17;0
17/00018_00010.ppm;17;0
17/00018_00011.ppm;17;0
17/00018_00012.ppm;17;0
17/00018_00013.ppm;17;0
17/00018_00014.ppm;17;0
17/00018_00015.ppm;17;0
17/00018_00016.ppm;17;0
17/00018_00017.ppm;17;0
17/00018_00018.ppm;17;0
17/00018_00019.ppm;17;0
17/00018_00020.ppm;17;0
17/00018_00021.ppm;17;0
17/00018_00022.ppm;17;0
17/00018_00023.ppm;17;0
17/00018_00024.ppm;17;0
17/00018_00025.ppm;17;0
17/00018_00026.ppm;17;0
17/00018_00027.ppm;17;0
17/00018_00028.ppm;17;0
17/00018_00029.ppm;17;0
17/00019_00000.ppm;17;0
17/00019_00001.ppm;17;0
17/00019_00002.ppm;17;0
17/00019_00003.ppm;17;0
17/00019_00004.ppm;17;0
17/00019_00005.ppm;17;0
17/00019_00006.ppm;17;0
17/00019_00007.ppm;17;0
17/00019_00008.ppm;17;0
17/00019_00009.ppm;17;0
17/00019_00010.ppm;17;0
17/00019_00011.ppm;17;0
17/00019_00012.ppm;17;0
17/00019_00013.ppm;17;0
17/00019_00014.ppm;17;0
17/00019_00015.ppm;17;0
17/00019_00016.ppm;17;0
17/00019_00017.ppm;17;0
17/00019_00018.ppm;17;0
17/00019_00019.ppm;17;0
17/00019_00020.ppm;17;0
17/00019_00021.ppm;17;0
17/00019_00022.ppm;17;0
17/00019_00023.ppm;17;0
17/00019_00024.ppm;17;0
17/00019_00025.ppm;17;0
17/00019_00026.ppm;17;0
17/00019_00027.ppm;17;0
17/00019_00028.ppm;17;0
17/00019_00029.ppm;17;0
17/00020_00000.ppm;17;0
17/00020_00001.ppm;17;0
17/00020_00002.ppm;17;0
17/00020_00003.ppm;17;0
17/00020_00004.ppm;17;0
17/00020_00005.ppm;17;0
17/00020_00006.ppm;17;0
17/00020_00007.ppm;17;0
17/00020_00008.ppm;17;0
17/00020_00009.ppm;17;0
17/00020_00010.ppm;17;0
17/00020_00011.ppm;17;0
17/00020_00012.ppm;17;0
17/00020_00013.ppm;17;0
17/00020_00014.ppm;17;0
17/00020_00015.ppm;17;0
17/00020_00016.ppm;17;0
17/00020_00017.ppm;17;0
17/00020_00018.ppm;17;0
17/00020_00019.ppm;17;0
17/00020_00020.ppm;17;0
17/00020_00021.ppm;17;0
17/00020_00022.ppm;17;0
17/00020_00023.ppm;17;0
17/00020_00024.ppm;17;0
17/00020_00025.ppm;17;0
17/00020_00026.ppm;17;0
17/00020_00027.ppm;17;0
17/00020_00028.ppm;17;0
17/00020_00029.ppm;17;0
17/00021_00000.ppm;17;0
17/00021_00001.ppm;17;0
17/00021_00002.ppm;17;0
17/00021_00003.ppm;17;0
17/00021_00004.ppm;17;0
17/00021_00005.ppm;17;0
17/00021_00006.ppm;17;0
17/00021_00007.ppm;17;0
17/00021_00008.ppm;17;0
17/00021_00009.ppm;17;0
17/00021_00010.ppm;17;0
17/00021_00011.ppm;17;0
17/00021_00012.ppm;17;0
17/00021_00013.ppm;17;0
17/00021_00014.ppm;17;0
17/00021_00015.ppm;17;0
17/00021_00016.ppm;17;0
17/00021_00017.ppm;17;0
17/00021_00018.ppm;17;0
17/00021_00019.ppm;17;0
17/00021_00020.ppm;17;0
17/00021_00021.ppm;17;0
17/00021_00022.ppm;17;0
17/00021_00023.ppm;17;0
17/00021_00024.ppm;17;0
17/00021_00025.ppm;17;0
17/00021_00026.ppm;17;0
17/00021_00027.ppm;17;0
17/00021_00028.ppm;17;0
17/00021_00029.ppm;17;0
17/00022_00000.ppm;17;0
17/00022_00001.ppm;17;0
17/00022_00002.ppm;17;0
17/00022_00003.ppm;17;0
17/00022_00004.ppm;17;0
17/00022_00005.ppm;17;0
17/00022_00006.ppm;17;0
17/00022_00007.ppm;17;0
17/00022_00008.ppm;17;0
17/00022_00009.ppm;17;0
17/00022_00010.ppm;17;0
17/00022_00011.ppm;17;0
17/00022_00012.ppm;17;0
17/00022_00013.ppm;17;0
17/00022_00014.ppm;17;0
17/00022_00015.ppm;17;0
17/00022_00016.ppm;17;0
17/00022_00017.ppm;17;0
17/00022_00018.ppm;17;0
17/00022_00019.ppm;17;0
17/00022_00020.ppm;17;0
17/00022_00021.ppm;17;0
17/00022_00022.ppm;17;0
17/00022_00023.ppm;17;0
17/00022_00024.ppm;17;0
17/00022_00025.ppm;17;0
17/00022_00026.ppm;17;0
17/00022_00027.ppm;17;0
17/00022_00028.ppm;17;0
17/00022_00029.ppm;17;0
17/00023_00000.ppm;17;0
17/00023_00001.ppm;17;0
17/00023_00002.ppm;17;0
17/00023_00003.ppm;17;0
17/00023_00004.ppm;17;0
17/00023_00005.ppm;17;0
17/00023_00006.ppm;17;0
17/00023_00007.ppm;17;0
17/00023_00008.ppm;17;0
17/00023_00009.ppm;17;0
17/00023_00010.ppm;17;0
17/00023_00011.ppm;17;0
17/00023_00012.ppm;17;0
17/00023_00013.ppm;17;0
17/00023_00014.ppm;17;0
17/00023_00015.ppm;17;0
17/00023_00016.ppm;17;0
17/00023_00017.ppm;17;0
17/00023_00018.ppm;17;0
17/00023_00019.ppm;17;0
17/00023_00020.ppm;17;0
17/00023_00021.ppm;17;0
17/00023_00022.ppm;17;0
17/00023_00023.ppm;17;0
17/00023_00024.ppm;17;0
17/00023_00025.ppm;17;0
17/00023_00026.ppm;17;0
17/00023_00027.ppm;17;0
17/00023_00028.ppm;17;0
17/00023_00029.ppm;17;0
17/00024_00000.ppm;17;0
17/00024_00001.ppm;17;0
17/00024_00002.ppm;17;0
17/00024_00003.ppm;17;0
17/00024_00004.ppm;17;0
17/00024_00005.ppm;17;0
17/00024_00006.ppm;17;0
17/00024_00007.ppm;17;0
17/00024_00008.ppm;17;0
17/00024_00009.ppm;17;0
17/00024_00010.ppm;17;0
17/00024_00011.ppm;17;0
17/00024_00012.ppm;17;0
17/00024_00013.ppm;17;0
17/00024_00014.ppm;17;0
17/00024_00015.ppm;17;0
17/00024_00016.ppm;17;0
17/00024_00017.ppm;17;0
17/00024_00018.ppm;17;0
17/00024_00019.ppm;17;0
17/00024_00020.ppm;17;0
17/00024_00021.ppm;17;0
17/00024_00022.ppm;17;0
17/00024_00023.ppm;17;0
17/00024_00024.ppm;17;0
17/00024_00025.ppm;17;0
17/00024_00026.ppm;17;0
17/00024_00027.ppm;17;0
17/00024_00028.ppm;17;0
17/00024_00029.ppm;17;0
18/00000_00000.ppm;18;0
18/00000_00001.ppm;18;0
18/00000_00002.ppm;18;0
18/00000_00003.ppm;18;0
18/00000_00004.ppm;18;0
18/00000_00005.ppm;18;0
18/00000_00006.ppm;18;0
18/00000_00007.ppm;18;0
18/00000_00008.ppm;18;0
18/00000_00009.ppm;18;0
18/00000_00010.ppm;18;0
18/00000_00011.ppm;18;0
18/00000_00012.ppm;18;0
18/00000_00013.ppm;18;0
18/00000_00014.ppm;18;0
18/00000_00015.ppm;18;0
18/00000_00016.ppm;18;0
18/00000_00017.ppm;18;0
18/00000_00018.ppm;18;0
18/00000_00019.ppm;18;0
18/00000_00020.ppm;18;0
18/00000_00021.ppm;18;0
18/00000_00022.ppm;18;0
18/00000_00023.ppm;18;0
18/00000_00024.ppm;18;0
18/00000_00025.ppm;18;0
18/00000_00026.ppm;18;0
18/00000_00027.ppm;18;0
18/00000_00028.ppm;18;0
18/00000_00029.ppm;18;0
18/00001_00000.ppm;18;0
18/00001_00001.ppm;18;0
18/00001_00002.ppm;18;0
18/00001_00003.ppm;18;0
18/00001_00004.ppm;18;0
18/00001_00005.ppm;18;0
18/00001_00006.ppm;18;0
18/00001_00007.ppm;18;0
18/00001_00008.ppm;18;0
18/00001_00009.ppm;18;0
18/00001_00010.ppm;18;0
18/00001_00011.ppm;18;0
18/00001_00012.ppm;18;0
18/00001_00013.ppm;18;0
18/00001_00014.ppm;18;0
18/00001_00015.ppm;18;0
18/00001_00016.ppm;18;0
18/00001_00017.ppm;18;0
18/00001_00018.ppm;18;0
18/00001_00019.ppm;18;0
18/00001_00020.ppm;18;0
18/00001_00021.ppm;18;0
18/00001_00022.ppm;18;0
18/00001_00023.ppm;18;0
18/00001_00024.ppm;18;0
18/00001_00025.ppm;18;0
18/00001_00026.ppm;18;0
18/00001_00027.ppm;18;0
18/00001_00028.ppm;18;0
18/00001_00029.ppm;18;0
18/00002_00000.ppm;18;0
18/00002_00001.ppm;18;0
18/00002_00002.ppm;18;0
18/00002_00003.ppm;18;0
18/00002_00004.ppm;18;0
18/00002_00005.ppm;18;0
18/00002_00006.ppm;18;0
18/00002_00007.ppm;18;0
18/00002_00008.ppm;18;0
18/00002_00009.ppm;18;0
18/00002_00010.ppm;18;0
18/00002_00011.ppm;18;0
18/00002_00012.ppm;18;0
18/00002_00013.ppm;18;0
18/00002_00014.ppm;18;0
18/00002_00015.ppm;18;0
18/00002_00016.ppm;18;0
18/00002_00017.ppm;18;0
18/00002_00018.ppm;18;0
18/00002_00019.ppm;18;0
18/00002_00020.ppm;18;0
18/00002_00021.ppm;18;0
18/00002_00022.ppm;18;0
18/00002_00023.ppm;18;0
18/00002_00024.ppm;18;0
18/00002_00025.ppm;18;0
18/00002_00026.ppm;18;0
18/00002_00027.ppm;18;0
18/00002_00028.ppm;18;0
18/00002_00029.ppm;18;0
18/00003_00000.ppm;18;0
18/00003_00001.ppm;18;0
18/00003_00002.ppm;18;0
18/00003_00003.ppm;18;0
18/00003_00004.ppm;18;0
18/00003_00005.ppm;18;0
18/00003_00006.ppm;18;0
18/00003_00007.ppm;18;0
18/00003_00008.ppm;18;0
18/00003_00009.ppm;18;0
18/00003_00010.ppm;18;0
18/00003_00011.ppm;18;0
18/00003_00012.ppm;18;0
18/00003_00013.ppm;18;0
18/00003_00014.ppm;18;0
18/00003_00015.ppm;18;0
18/00003_00016.ppm;18;0
18/00003_00017.ppm;18;0
18/00003_00018.ppm;18;0
18/00003_00019.ppm;18;0
18/00003_00020.ppm;18;0
18/00003_00021.ppm;18;0
18/00003_00022.ppm;18;0
18/00003_00023.ppm;18;0
18/00003_00024.ppm;18;0
18/00003_00025.ppm;18;0
18/00003_00026.ppm;18;0
18/00003_00027.ppm;18;0
18/00003_00028.ppm;18;0
18/00003_00029.ppm;18;0
18/00004_00000.ppm;18;0
18/00004_00001.ppm;18;0
18/00004_00002.ppm;18;0
18/00004_00003.ppm;18;0
18/00004_00004.ppm;18;0
18/00004_00005.ppm;18;0
18/00004_00006.ppm;18;0
18/00004_00007.ppm;18;0
18/00004_00008.ppm;18;0
18/00004_00009.ppm;18;0
18/00004_00010.ppm;18;0
18/00004_00011.ppm;18;0
18/00004_00012.ppm;18;0
18/00004_00013.ppm;18;0
18/00004_00014.ppm;18;0
18/00004_00015.ppm;18;0
18/00004_00016.ppm;18;0
18/00004_00017.ppm;18;0
18/00004_00018.ppm;18;0
18/00004_00019.ppm;18;0
18/00004_00020.ppm;18;0
18/00004_00021.ppm;18;0
18/00004_00022.ppm;18;0
18/00004_00023.ppm;18;0
18/00004_00024.ppm;18;0
18/00004_00025.ppm;18;0
18/00004_00026.ppm;18;0
18/00004_00027.ppm;18;0
18/00004_00028.ppm;18;0
18/00004_00029.ppm;18;0
18/00005_00000.ppm;18;0
18/00005_00001.ppm;18;0
18/00005_00002.ppm;18;0
18/00005_00003.ppm;18;0
18/00005_00004.ppm;18;0
18/00005_00005.ppm;18;0
18/00005_00006.ppm;18;0
18/00005_00007.ppm;18;0
18/00005_00008.ppm;18;0
18/00005_00009.ppm;18;0
18/00005_00010.ppm;18;0
18/00005_00011.ppm;18;0
18/00005_00012.ppm;18;0
18/00005_00013.ppm;18;0
18/00005_00014.ppm;18;0
18/00005_00015.ppm;18;0
18/00005_00016.ppm;18;0
18/00005_00017.ppm;18;0
18/00005_00018.ppm;18;0
18/00005_00019.ppm;18;0
18/00005_00020.ppm;18;0
18/00005_00021.ppm;18;0
18/00005_00022.ppm;18;0
18/00005_00023.ppm;18;0
18/00005_00024.ppm;18;0
18/00005_00025.ppm;18;0
18/00005_00026.ppm;18;0
18/00005_00027.ppm;18;0
18/00005_00028.ppm;18;0
18/00005_00029.ppm;18;0
18/00006_00000.ppm;18;0
18/00006_00001.ppm;18;0
18/00006_00002.ppm;18;0
18/00006_00003.ppm;18;0
18/00006_00004.ppm;18;0
18/00006_00005.ppm;18;0
18/00006_00006.ppm;18;0
18/00006_00007.ppm;18;0
18/00006_00008.ppm;18;0
18/00006_00009.ppm;18;0
18/00006_00010.ppm;18;0
18/00006_00011.ppm;18;0
18/00006_00012.ppm;18;0
18/00006_00013.ppm;18;0
18/00006_00014.ppm;18;0
18/00006_00015.ppm;18;0
18/00006_00016.ppm;18;0
18/00006_00017.ppm;18;0
18/00006_00018.ppm;18;0
18/00006_00019.ppm;18;0
18/00006_00020.ppm;18;0
18/00006_00021.ppm;18;0
18/00006_00022.ppm;18;0
18/00006_00023.ppm;18;0
18/00006_00024.ppm;18;0
18/00006_00025.ppm;18;0
18/00006_00026.ppm;18;0
18/00006_00027.ppm;18;0
18/00006_00028.ppm;18;0
18/00006_00029.ppm;18;0
18/00007_00000.ppm;18;0
18/00007_00001.ppm;18;0
18/00007_00002.ppm;18;0
18/00007_00003.ppm;18;0
18/00007_00004.ppm;18;0
18/00007_00005.ppm;18;0
18/00007_00006.ppm;18;0
18/00007_00007.ppm;18;0
18/00007_00008.ppm;18;0
18/00007_00009.ppm;18;0
18/00007_00010.ppm;18;0
18/00007_00011.ppm;18;0
18/00007_00012.ppm;18;0
18/00007_00013.ppm;18;0
18/00007_00014.ppm;18;0
18/00007_00015.ppm;18;0
18/00007_00016.ppm;18;0
18/00007_00017.ppm;18;0
18/00007_00018.ppm;18;0
18/00007_00019.ppm;18;0
18/00007_00020.ppm;18;0
18/00007_00021.ppm;18;0
18/00007_00022.ppm;18;0
18/00007_00023.ppm;18;0
18/00007_00024.ppm;18;0
18/00007_00025.ppm;18;0
18/00007_00026.ppm;18;0
18/00007_00027.ppm;18;0
18/00007_00028.ppm;18;0
18/00007_00029.ppm;18;0
18/00008_00000.ppm;18;0
18/00008_00001.ppm;18;0
18/00008_00002.ppm;18;0
18/00008_00003.ppm;18;0
18/00008_00004.ppm;18;0
18/00008_00005.ppm;18;0
18/00008_00006.ppm;18;0
18/00008_00007.ppm;18;0
18/00008_00008.ppm;18;0
18/00008_00009.ppm;18;0
18/00008_00010.ppm;18;0
18/00008_00011.ppm;18;0
18/00008_00012.ppm;18;0
18/00008_00013.ppm;18;0
18/00008_00014.ppm;18;0
18/00008_00015.ppm;18;0
18/00008_00016.ppm;18;0
18/00008_00017.ppm;18;0
18/00008_00018.ppm;18;0
18/00008_00019.ppm;18;0
18/00008_00020.ppm;18;0
18/00008_00021.ppm;18;0
18/00008_00022.ppm;18;0
18/00008_00023.ppm;18;0
18/00008_00024.ppm;18;0
18/00008_00025.ppm;18;0
18/00008_00026.ppm;18;0
18/00008_00027.ppm;18;0
18/00008_00028.ppm;18;0
18/00008_00029.ppm;18;0
18/00009_00000.ppm;18;0
18/00009_00001.ppm;18;0
18/00009_00002.ppm;18;0
18/00009_00003.ppm;18;0
18/00009_00004.ppm;18;0
18/00009_00005.ppm;18;0
18/00009_00006.ppm;18;0
18/00009_00007.ppm;18;0
18/00009_00008.ppm;18;0
18/00009_00009.ppm;18;0
18/00009_00010.ppm;18;0
18/00009_00011.ppm;18;0
18/00009_00012.ppm;18;0
18/00009_00013.ppm;18;0
18/00009_00014.ppm;18;0
18/00009_00015.ppm;18;0
18/00009_00016.ppm;18;0
18/00009_00017.ppm;18;0
18/00009_00018.ppm;18;0
18/00009_00019.ppm;18;0
18/00009_00020.ppm;18;0
18/00009_00021.ppm;18;0
18/00009_00022.ppm;18;0
18/00009_00023.ppm;18;0
18/00009_00024.ppm;18;0
18/00009_00025.ppm;18;0
18/00009_00026.ppm;18;0
18/00009_00027.ppm;18;0
18/00009_00028.ppm;18;0
18/00009_00029.ppm;18;0
18/00010_00000.ppm;18;0
18/00010_00001.ppm;18;0
18/00010_00002.ppm;18;0
18/00010_00003.ppm;18;0
18/00010_00004.ppm;18;0
18/00010_00005.ppm;18;0
18/00010_00006.ppm;18;0
18/00010_00007.ppm;18;0
18/00010_00008.ppm;18;0
18/00010_00009.ppm;18;0
18/00010_00010.ppm;18;0
18/00010_00011.ppm;18;0
18/00010_00012.ppm;18;0
18/00010_00013.ppm;18;0
18/00010_00014.ppm;18;0
18/00010_00015.ppm;18;0
18/00010_00016.ppm;18;0
18/00010_00017.ppm;18;0
18/00010_00018.ppm;18;0
18/00010_00019.ppm;18;0
18/00010_00020.ppm;18;0
18/00010_00021.ppm;18;0
18/00010_00022.ppm;18;0
18/00010_00023.ppm;18;0
18/00010_00024.ppm;18;0
18/00010_00025.ppm;18;0
18/00010_00026.ppm;18;0
18/00010_00027.ppm;18;0
18/00010_00028.ppm;18;0
18/00010_00029.ppm;18;0
18/00011_00000.ppm;18;0
18/00011_00001.ppm;18;0
18/00011_00002.ppm;18;0
18/00011_00003.ppm;18;0
18/00011_00004.ppm;18;0
18/00011_00005.ppm;18;0
18/00011_00006.ppm;18;0
18/00011_00007.ppm;18;0
18/00011_00008.ppm;18;0
18/00011_00009.ppm;18;0
18/00011_00010.ppm;18;0
18/00011_00011.ppm;18;0
18/00011_00012.ppm;18;0
18/00011_00013.ppm;18;0
18/00011_00014.ppm;18;0
18/00011_00015.ppm;18;0
18/00011_00016.ppm;18;0
18/00011_00017.ppm;18;0
18/00011_00018.ppm;18;0
18/00011_00019.ppm;18;0
18/00011_00020.ppm;18;0
18/00011_00021.ppm;18;0
18/00011_00022.ppm;18;0
18/00011_00023.ppm;18;0
18/00011_00024.ppm;18;0
18/00011_00025.ppm;18;0
18/00011_00026.ppm;18;0
18/00011_00027.ppm;18;0
18/00011_00028.ppm;18;0
18/00011_00029.ppm;18;0
18/00012_00000.ppm;18;0
18/00012_00001.ppm;18;0
18/00012_00002.ppm;18;0
18/00012_00003.ppm;18;0
18/00012_00004.ppm;18;0
18/00012_00005.ppm;18;0
18/00012_00006.ppm;18;0
18/00012_00007.ppm;18;0
18/00012_00008.ppm;18;0
18/00012_00009.ppm;18;0
18/00012_00010.ppm;18;0
18/00012_00011.ppm;18;0
18/00012_00012.ppm;18;0
18/00012_00013.ppm;18;0
18/00012_00014.ppm;18;0
18/00012_00015.ppm;18;0
18/00012_00016.ppm;18;0
18/00012_00017.ppm;18;0
18/00012_00018.ppm;18;0
18/00012_00019.ppm;18;0
18/00012_00020.ppm;18;0
18/00012_00021.ppm;18;0
18/00012_00022.ppm;18;0
18/00012_00023.ppm;18;0
18/00012_00024.ppm;18;0
18/00012_00025.ppm;18;0
18/00012_00026.ppm;18;0
18/00012_00027.ppm;18;0
18/00012_00028.ppm;18;0
18/00012_00029.ppm;18;0
18/00013_00000.ppm;18;0
18/00013_00001.ppm;18;0
18/00013_00002.ppm;18;0
18/00013_00003.ppm;18;0
18/00013_00004.ppm;18;0
18/00013_00005.ppm;18;0
18/00013_00006.ppm;18;0
18/00013_00007.ppm;18;0
18/00013_00008.ppm;18;0
18/00013_00009.ppm;18;0
18/00013_00010.ppm;18;0
18/00013_00011.ppm;18;0
18/00013_00012.ppm;18;0
18/00013_00013.ppm;18;0
18/00013_00014.ppm;18;0
18/00013_00015.ppm;18;0
18/00013_00016.ppm;18;0
18/00013_00017.ppm;18;0
18/00013_00018.ppm;18;0
18/00013_00019.ppm;18;0
18/00013_00020.ppm;18;0
18/00013_00021.ppm;18;0
18/00013_00022.ppm;18;0
18/00013_00023.ppm;18;0
18/00013_00024.ppm;18;0
18/00013_00025.ppm;18;0
18/00013_00026.ppm;18;0
18/00013_00027.ppm;18;0
18/00013_00028.ppm;18;0
18/00013_00029.ppm;18;0
18/00014_00000.ppm;18;0
18/00014_00001.ppm;18;0
18/00014_00002.ppm;18;0
18/00014_00003.ppm;18;0
18/00014_00004.ppm;18;0
18/00014_00005.ppm;18;0
18/00014_00006.ppm;18;0
18/00014_00007.ppm;18;0
18/00014_00008.ppm;18;0
18/00014_00009.ppm;18;0
18/00014_00010.ppm;18;0
18/00014_00011.ppm;18;0
18/00014_00012.ppm;18;0
18/00014_00013.ppm;18;0
18/00014_00014.ppm;18;0
18/00014_00015.ppm;18;0
18/00014_00016.ppm;18;0
18/00014_00017.ppm;18;0
18/00014_00018.ppm;18;0
18/00014_00019.ppm;18;0
18/00014_00020.ppm;18;0
18/00014_00021.ppm;18;0
18/00014_00022.ppm;18;0
18/00014_00023.ppm;18;0
18/00014_00024.ppm;18;0
18/00014_00025.ppm;18;0
18/00014_00026.ppm;18;0
18/00014_00027.ppm;18;0
18/00014_00028.ppm;18;0
18/00014_00029.ppm;18;0
18/00015_00000.ppm;18;0
18/00015_00001.ppm;18;0
18/00015_00002.ppm;18;0
18/00015_00003.ppm;18;0
18/00015_00004.ppm;18;0
18/00015_00005.ppm;18;0
18/00015_00006.ppm;18;0
18/00015_00007.ppm;18;0
18/00015_00008.ppm;18;0
18/00015_00009.ppm;18;0
18/00015_00010.ppm;18;0
18/00015_00011.ppm;18;0
18/00015_00012.ppm;18;0
18/00015_00013.ppm;18;0
18/00015_00014.ppm;18;0
18/00015_00015.ppm;18;0
18/00015_00016.ppm;18;0
18/00015_00017.ppm;18;0
18/00015_00018.ppm;18;0
18/00015_00019.ppm;18;0
18/00015_00020.ppm;18;0
18/00015_00021.ppm;18;0
18/00015_00022.ppm;18;0
18/00015_00023.ppm;18;0
18/00015_00024.ppm;18;0
18/00015_00025.ppm;18;0
18/00015_00026.ppm;18;0
18/00015_00027.ppm;18;0
18/00015_00028.ppm;18;0
18/00015_00029.ppm;18;0
18/00016_00000.ppm;18;0
18/00016_00001.ppm;18;0
18/00016_00002.ppm;18;0
18/00016_00003.ppm;18;0
18/00016_00004.ppm;18;0
18/00016_00005.ppm;18;0
18/00016_00006.ppm;18;0
18/00016_00007.ppm;18;0
18/00016_00008.ppm;18;0
18/00016_00009.ppm;18;0
18/00016_00010.ppm;18;0
18/00016_00011.ppm;18;0
18/00016_00012.ppm;18;0
18/00016_00013.ppm;18;0
18/00016_00014.ppm;18;0
18/00016_00015.ppm;18;0
18/00016_00016.ppm;18;0
18/00016_00017.ppm;18;0
18/00016_00018.ppm;18;0
18/00016_00019.ppm;18;0
18/00016_00020.ppm;18;0
18/00016_00021.ppm;18;0
18/00016_00022.ppm;18;0
18/00016_00023.ppm;18;0
18/00016_00024.ppm;18;0
18/00016_00025.ppm;18;0
18/00016_00026.ppm;18;0
18/00016_00027.ppm;18;0
18/00016_00028.ppm;18;0
18/00016_00029.ppm;18;0
18/00017_00000.ppm;18;0
18/00017_00001.ppm;18;0
18/00017_00002.ppm;18;0
18/00017_00003.ppm;18;0
18/00017_00004.ppm;18;0
18/00017_00005.ppm;18;0
18/00017_00006.ppm;18;0
18/00017_00007.ppm;18;0
18/00017_00008.ppm;18;0
18/00017_00009.ppm;18;0
18/00017_00010.ppm;18;0
18/00017_00011.ppm;18;0
18/00017_00012.ppm;18;0
18/00017_00013.ppm;18;0
18/00017_00014.ppm;18;0
18/00017_00015.ppm;18;0
18/00017_00016.ppm;18;0
18/00017_00017.ppm;18;0
18/00017_00018.ppm;18;0
18/00017_00019.ppm;18;0
18/00017_00020.ppm;18;0
18/00017_00021.ppm;18;0
18/00017_00022.ppm;18;0
18/00017_00023.ppm;18;0
18/00017_00024.ppm;18;0
18/00017_00025.ppm;18;0
18/00017_00026.ppm;18;0
18/00017_00027.ppm;18;0
18/00017_00028.ppm;18;0
18/00017_00029.ppm;18;0
18/00018_00000.ppm;18;0
18/00018_00001.ppm;18;0
18/00018_00002.ppm;18;0
18/00018_00003.ppm;18;0
18/00018_00004.ppm;18;0
18/00018_00005.ppm;18;0
18/00018_00006.ppm;18;0
18/00018_00007.ppm;18;0
18/00018_00008.ppm;18;0
18/00018_00009.ppm;18;0
18/00018_00010.ppm;18;0
18/00018_00011.ppm;18;0
18/00018_00012.ppm;18;0
18/00018_00013.ppm;18;0
18/00018_00014.ppm;18;0
18/00018_00015.ppm;18;0
18/00018_00016.ppm;18;0
18/00018_00017.ppm;18;0
18/00018_00018.ppm;18;0
18/00018_00019.ppm;18;0
18/00018_00020.ppm;18;0
18/00018_00021.ppm;18;0
18/00018_00022.ppm;18;0
18/00018_00023.ppm;18;0
18/00018_00024.ppm;18;0
18/00018_00025.ppm;18;0
18/00018_00026.ppm;18;0
18/00018_00027.ppm;18;0
18/00018_00028.ppm;18;0
18/00018_00029.ppm;18;0
18/00019_00000.ppm;18;0
18/00019_00001.ppm;18;0
18/00019_00002.ppm;18;0
18/00019_00003.ppm;18;0
18/00019_00004.ppm;18;0
18/00019_00005.ppm;18;0
18/00019_00006.ppm;18;0
18/00019_00007.ppm;18;0
18/00019_00008.ppm;18;0
18/00019_00009.ppm;18;0
18/00019_00010.ppm;18;0
18/00019_00011.ppm;18;0
18/00019_00012.ppm;18;0
18/00019_00013.ppm;18;0
18/00019_00014.ppm;18;0
18/00019_00015.ppm;18;0
18/00019_00016.ppm;18;0
18/00019_00017.ppm;18;0
18/00019_00018.ppm;18;0
18/00019_00019.ppm;18;0
18/00019_00020.ppm;18;0
18/00019_00021.ppm;18;0
18/00019_00022.ppm;18;0
18/00019_00023.ppm;18;0
18/00019_00024.ppm;18;0
18/00019_00025.ppm;18;0
18/00019_00026.ppm;18;0
18/00019_00027.ppm;18;0
18/00019_00028.ppm;18;0
18/00019_00029.ppm;18;0
18/00020_00000.ppm;18;0
18/00020_00001.ppm;18;0
18/00020_00002.ppm;18;0
18/00020_00003.ppm;18;0
18/00020_00004.ppm;18;0
18/00020_00005.ppm;18;0
18/00020_00006.ppm;18;0
18/00020_00007.ppm;18;0
18/00020_00008.ppm;18;0
18/00020_00009.ppm;18;0
18/00020_00010.ppm;18;0
18/00020_00011.ppm;18;0
18/00020_00012.ppm;18;0
18/00020_00013.ppm;18;0
18/00020_00014.ppm;18;0
18/00020_00015.ppm;18;0
18/00020_00016.ppm;18;0
18/00020_00017.ppm;18;0
18/00020_00018.ppm;18;0
18/00020_00019.ppm;18;0
18/00020_00020.ppm;18;0
18/00020_00021.ppm;18;0
18/00020_00022.ppm;18;0
18/00020_00023.ppm;18;0
18/00020_00024.ppm;18;0
18/00020_00025.ppm;18;0
18/00020_00026.ppm;18;0
18/00020_00027.ppm;18;0
18/00020_00028.ppm;18;0
18/00020_00029.ppm;18;0
18/00021_00000.ppm;18;0
18/00021_00001.ppm;18;0
18/00021_00002.ppm;18;0
18/00021_00003.ppm;18;0
18/00021_00004.ppm;18;0
18/00021_00005.ppm;18;0
18/00021_00006.ppm;18;0
18/00021_00007.ppm;18;0
18/00021_00008.ppm;18;0
18/00021_00009.ppm;18;0
18/00021_00010.ppm;18;0
18/00021_00011.ppm;18;0
18/00021_00012.ppm;18;0
18/00021_00013.ppm;18;0
18/00021_00014.ppm;18;0
18/00021_00015.ppm;18;0
18/00021_00016.ppm;18;0
18/00021_00017.ppm;18;0
18/00021_00018.ppm;18;0
18/00021_00019.ppm;18;0
18/00021_00020.ppm;18;0
18/00021_00021.ppm;18;0
18/00021_00022.ppm;18;0
18/00021_00023.ppm;18;0
18/00021_00024.ppm;18;0
18/00021_00025.ppm;18;0
18/00021_00026.ppm;18;0
18/00021_00027.ppm;18;0
18/00021_00028.ppm;18;0
18/00021_00029.ppm;18;0
18/00022_00000.ppm;18;0
18/00022_00001.ppm;18;0
18/00022_00002.ppm;18;0
18/00022_00003.ppm;18;0
18/00022_00004.ppm;18;0
18/00022_00005.ppm;18;0
18/00022_00006.ppm;18;0
18/00022_00007.ppm;18;0
18/00022_00008.ppm;18;0
18/00022_00009.ppm;18;0
18/00022_00010.ppm;18;0
18/00022_00011.ppm;18;0
18/00022_00012.ppm;18;0
18/00022_00013.ppm;18;0
18/00022_00014.ppm;18;0
18/00022_00015.ppm;18;0
18/00022_00016.ppm;18;0
18/00022_00017.ppm;18;0
18/00022_00018.ppm;18;0
18/00022_00019.ppm;18;0
18/00022_00020.ppm;18;0
18/00022_00021.ppm;18;0
18/00022_00022.ppm;18;0
18/00022_00023.ppm;18;0
18/00022_00024.ppm;18;0
18/00022_00025.ppm;18;0
18/00022_00026.ppm;18;0
18/00022_00027.ppm;18;0
18/00022_00028.ppm;18;0
18/00022_00029.ppm;18;0
18/00023_00000.ppm;18;0
18/00023_00001.ppm;18;0
18/00023_00002.ppm;18;0
18/00023_00003.ppm;18;0
18/00023_00004.ppm;18;0
18/00023_00005.ppm;18;0
18/00023_00006.ppm;18;0
18/00023_00007.ppm;18;0
18/00023_00008.ppm;18;0
18/00023_00009.ppm;18;0
18/00023_00010.ppm;18;0
18/00023_00011.ppm;18;0
18/00023_00012.ppm;18;0
18/00023_00013.ppm;18;0
18/00023_00014.ppm;18;0
18/00023_00015.ppm;18;0
18/00023_00016.ppm;18;0
18/00023_00017.ppm;18;0
18/00023_00018.ppm;18;0
18/00023_00019.ppm;18;0
18/00023_00020.ppm;18;0
18/00023_00021.ppm;18;0
18/00023_00022.ppm;18;0
18/00023_00023.ppm;18;0
18/00023_00024.ppm;18;0
18/00023_00025.ppm;18;0
18/00023_00026.ppm;18;0
18/00023_00027.ppm;18;0
18/00023_00028.ppm;18;0
18/00023_00029.ppm;18;0
18/00024_00000.ppm;18;0
18/00024_00001.ppm;18;0
18/00024_00002.ppm;18;0
18/00024_00003.ppm;18;0
18/00024_00004.ppm;18;0
18/00024_00005.ppm;18;0
18/00024_00006.ppm;18;0
18/00024_00007.ppm;18;0
18/00024_00008.ppm;18;0
18/00024_00009.ppm;18;0
18/00024_00010.ppm;18;0
18/00024_00011.ppm;18;0
18/00024_00012.ppm;18;0
18/00024_00013.ppm;18;0
18/00024_00014.ppm;18;0
18/00024_00015.ppm;18;0
18/00024_00016.ppm;18;0
18/00024_00017.ppm;18;0
18/00024_00018.ppm;18;0
18/00024_00019.ppm;18;0
18/00024_00020.ppm;18;0
18/00024_00021.ppm;18;0
18/00024_00022.ppm;18;0
18/00024_00023.ppm;18;0
18/00024_00024.ppm;18;0
18/00024_00025.ppm;18;0
18/00024_00026.ppm;18;0
18/00024_00027.ppm;18;0
18/00024_00028.ppm;18;0
18/00024_00029.ppm;18;0
18/00025_00000.ppm;18;0
18/00025_00001.ppm;18;0
18/00025_00002.ppm;18;0
18/00025_00003.ppm;18;0
18/00025_00004.ppm;18;0
18/00025_00005.ppm;18;0
18/00025_00006.ppm;18;0
18/00025_00007.ppm;18;0
18/00025_00008.ppm;18;0
18/00025_00009.ppm;18;0
18/00025_00010.ppm;18;0
18/00025_00011.ppm;18;0
18/00025_00012.ppm;18;0
18/00025_00013.ppm;18;0
18/00025_00014.ppm;18;0
18/00025_00015.ppm;18;0
18/00025_00016.ppm;18;0
18/00025_00017.ppm;18;0
18/00025_00018.ppm;18;0
18/00025_00019.ppm;18;0
18/00025_00020.ppm;18;0
18/00025_00021.ppm;18;0
18/00025_00022.ppm;18;0
18/00025_00023.ppm;18;0
18/00025_00024.ppm;18;0
18/00025_00025.ppm;18;0
18/00025_00026.ppm;18;0
18/00025_00027.ppm;18;0
18/00025_00028.ppm;18;0
18/00025_00029.ppm;18;0
18/00026_00000.ppm;18;0
18/00026_00001.ppm;18;0
18/00026_00002.ppm;18;0
18/00026_00003.ppm;18;0
18/00026_00004.ppm;18;0
18/00026_00005.ppm;18;0
18/00026_00006.ppm;18;0
18/00026_00007.ppm;18;0
18/00026_00008.ppm;18;0
18/00026_00009.ppm;18;0
18/00026_00010.ppm;18;0
18/00026_00011.ppm;18;0
18/00026_00012.ppm;18;0
18/00026_00013.ppm;18;0
18/00026_00014.ppm;18;0
18/00026_00015.ppm;18;0
18/00026_00016.ppm;18;0
18/00026_00017.ppm;18;0
18/00026_00018.ppm;18;0
18/00026_00019.ppm;18;0
18/00026_00020.ppm;18;0
18/00026_00021.ppm;18;0
18/00026_00022.ppm;18;0
18/00026_00023.ppm;18;0
18/00026_00024.ppm;18;0
18/00026_00025.ppm;18;0
18/00026_00026.ppm;18;0
18/00026_00027.ppm;18;0
18/00026_00028.ppm;18;0
18/00026_00029.ppm;18;0
19/00000_00000.ppm;19;0
19/00000_00001.ppm;19;0
19/00000_00002.ppm;19;0
19/00000_00003.ppm;19;0
19/00000_00004.ppm;19;0
19/00000_00005.ppm;19;0
19/00000_00006.ppm;19;0
19/00000_00007.ppm;19;0
19/00000_00008.ppm;19;0
19/00000_00009.ppm;19;0
19/00000_00010.ppm;19;0
19/00000_00011.ppm;19;0
19/00000_00012.ppm;19;0
19/00000_00013.ppm;19;0
19/00000_00014.ppm;19;0
19/00000_00015.ppm;19;0
19/00000_00016.ppm;19;0
19/00000_00017.ppm;19;0
19/00000_00018.ppm;19;0
19/00000_00019.ppm;19;0
19/00000_00020.ppm;19;0
19/00000_00021.ppm;19;0
19/00000_00022.ppm;19;0
19/00000_00023.ppm;19;0
19/00000_00024.ppm;19;0
19/00000_00025.ppm;19;0
19/00000_00026.ppm;19;0
19/00000_00027.ppm;19;0
19/00000_00028.ppm;19;0
19/00000_00029.ppm;19;0
19/00001_00000.ppm;19;0
19/00001_00001.ppm;19;0
19/00001_00002.ppm;19;0
19/00001_00003.ppm;19;0
19/00001_00004.ppm;19;0
19/00001_00005.ppm;19;0
19/00001_00006.ppm;19;0
19/00001_00007.ppm;19;0
19/00001_00008.ppm;19;0
19/00001_00009.ppm;19;0
19/00001_00010.ppm;19;0
19/00001_00011.ppm;19;0
19/00001_00012.ppm;19;0
19/00001_00013.ppm;19;0
19/00001_00014.ppm;19;0
19/00001_00015.ppm;19;0
19/00001_00016.ppm;19;0
19/00001_00017.ppm;19;0
19/00001_00018.ppm;19;0
19/00001_00019.ppm;19;0
19/00001_00020.ppm;19;0
19/00001_00021.ppm;19;0
19/00001_00022.ppm;19;0
19/00001_00023.ppm;19;0
19/00001_00024.ppm;19;0
19/00001_00025.ppm;19;0
19/00001_00026.ppm;19;0
19/00001_00027.ppm;19;0
19/00001_00028.ppm;19;0
19/00001_00029.ppm;19;0
19/00002_00000.ppm;19;0
19/00002_00001.ppm;19;0
19/00002_00002.ppm;19;0
19/00002_00003.ppm;19;0
19/00002_00004.ppm;19;0
19/00002_00005.ppm;19;0
19/00002_00006.ppm;19;0
19/00002_00007.ppm;19;0
19/00002_00008.ppm;19;0
19/00002_00009.ppm;19;0
19/00002_00010.ppm;19;0
19/00002_00011.ppm;19;0
19/00002_00012.ppm;19;0
19/00002_00013.ppm;19;0
19/00002_00014.ppm;19;0
19/00002_00015.ppm;19;0
19/00002_00016.ppm;19;0
19/00002_00017.ppm;19;0
19/00002_00018.ppm;19;0
19/00002_00019.ppm;19;0
19/00002_00020.ppm;19;0
19/00002_00021.ppm;19;0
19/00002_00022.ppm;19;0
19/00002_00023.ppm;19;0
19/00002_00024.ppm;19;0
19/00002_00025.ppm;19;0
19/00002_00026.ppm;19;0
19/00002_00027.ppm;19;0
19/00002_00028.ppm;19;0
19/00002_00029.ppm;19;0
19/00003_00000.ppm;19;0
19/00003_00001.ppm;19;0
19/00003_00002.ppm;19;0
19/00003_00003.ppm;19;0
19/00003_00004.ppm;19;0
19/00003_00005.ppm;19;0
19/00003_00006.ppm;19;0
19/00003_00007.ppm;19;0
19/00003_00008.ppm;19;0
19/00003_00009.ppm;19;0
19/00003_00010.ppm;19;0
19/00003_00011.ppm;19;0
19/00003_00012.ppm;19;0
19/00003_00013.ppm;19;0
19/00003_00014.ppm;19;0
19/00003_00015.ppm;19;0
19/00003_00016.ppm;19;0
19/00003_00017.ppm;19;0
19/00003_00018.ppm;19;0
19/00003_00019.ppm;19;0
19/00003_00020.ppm;19;0
19/00003_00021.ppm;19;0
19/00003_00022.ppm;19;0
19/00003_00023.ppm;19;0
19/00003_00024.ppm;19;0
19/00003_00025.ppm;19;0
19/00003_00026.ppm;19;0
19/00003_00027.ppm;19;0
19/00003_00028.ppm;19;0
19/00003_00029.ppm;19;0
19/00004_00000.ppm;19;0
19/00004_00001.ppm;19;0
19/00004_00002.ppm;19;0
19/00004_00003.ppm;19;0
19/00004_00004.ppm;19;0
19/00004_00005.ppm;19;0
19/00004_00006.ppm;19;0
19/00004_00007.ppm;19;0
19/00004_00008.ppm;19;0
19/00004_00009.ppm;19;0
19/00004_00010.ppm;19;0
19/00004_00011.ppm;19;0
19/00004_00012.ppm;19;0
19/00004_00013.ppm;19;0
19/00004_00014.ppm;19;0
19/00004_00015.ppm;19;0
19/00004_00016.ppm;19;0
19/00004_00017.ppm;19;0
19/00004_00018.ppm;19;0
19/00004_00019.ppm;19;0
19/00004_00020.ppm;19;0
19/00004_00021.ppm;19;0
19/00004_00022.ppm;19;0
19/00004_00023.ppm;19;0
19/00004_00024.ppm;19;0
19/00004_00025.ppm;19;0
19/00004_00026.ppm;19;0
19/00004_00027.ppm;19;0
19/00004_00028.ppm;19;0
19/00004_00029.ppm;19;0
20/00000_00000.ppm;20;0
20/00000_00001.ppm;20;0
20/00000_00002.ppm;20;0
20/00000_00003.ppm;20;0
20/00000_00004.ppm;20;0
20/00000_00005.ppm;20;0
20/00000_00006.ppm;20;0
20/00000_00007.ppm;20;0
20/00000_00008.ppm;20;0
20/00000_00009.ppm;20;0
20/00000_00010.ppm;20;0
20/00000_00011.ppm;20;0
20/00000_00012.ppm;20;0
20/00000_00013.ppm;20;0
20/00000_00014.ppm;20;0
20/00000_00015.ppm;20;0
20/00000_00016.ppm;20;0
20/00000_00017.ppm;20;0
20/00000_00018.ppm;20;0
20/00000_00019.ppm;20;0
20/00000_00020.ppm;20;0
20/00000_00021.ppm;20;0
20/00000_00022.ppm;20;0
20/00000_00023.ppm;20;0
20/00000_00024.ppm;20;0
20/00000_00025.ppm;20;0
20/00000_00026.ppm;20;0
20/00000_00027.ppm;20;0
20/00000_00028.ppm;20;0
20/00000_00029.ppm;20;0
20/00001_00000.ppm;20;0
20/00001_00001.ppm;20;0
20/00001_00002.ppm;20;0
20/00001_00003.ppm;20;0
20/00001_00004.ppm;20;0
20/00001_00005.ppm;20;0
20/00001_00006.ppm;20;0
20/00001_00007.ppm;20;0
20/00001_00008.ppm;20;0
20/00001_00009.ppm;20;0
20/00001_00010.ppm;20;0
20/00001_00011.ppm;20;0
20/00001_00012.ppm;20;0
20/00001_00013.ppm;20;0
20/00001_00014.ppm;20;0
20/00001_00015.ppm;20;0
20/00001_00016.ppm;20;0
20/00001_00017.ppm;20;0
20/00001_00018.ppm;20;0
20/00001_00019.ppm;20;0
20/00001_00020.ppm;20;0
20/00001_00021.ppm;20;0
20/00001_00022.ppm;20;0
20/00001_00023.ppm;20;0
20/00001_00024.ppm;20;0
20/00001_00025.ppm;20;0
20/00001_00026.ppm;20;0
20/00001_00027.ppm;20;0
20/00001_00028.ppm;20;0
20/00001_00029.ppm;20;0
20/00002_00000.ppm;20;0
20/00002_00001.ppm;20;0
20/00002_00002.ppm;20;0
20/00002_00003.ppm;20;0
20/00002_00004.ppm;20;0
20/00002_00005.ppm;20;0
20/00002_00006.ppm;20;0
20/00002_00007.ppm;20;0
20/00002_00008.ppm;20;0
20/00002_00009.ppm;20;0
20/00002_00010.ppm;20;0
20/00002_00011.ppm;20;0
20/00002_00012.ppm;20;0
20/00002_00013.ppm;20;0
20/00002_00014.ppm;20;0
20/00002_00015.ppm;20;0
20/00002_00016.ppm;20;0
20/00002_00017.ppm;20;0
20/00002_00018.ppm;20;0
20/00002_00019.ppm;20;0
20/00002_00020.ppm;20;0
20/00002_00021.ppm;20;0
20/00002_00022.ppm;20;0
20/00002_00023.ppm;20;0
20/00002_00024.ppm;20;0
20/00002_00025.ppm;20;0
20/00002_00026.ppm;20;0
20/00002_00027.ppm;20;0
20/00002_00028.ppm;20;0
20/00002_00029.ppm;20;0
20/00003_00000.ppm;20;0
20/00003_00001.ppm;20;0
20/00003_00002.ppm;20;0
20/00003_00003.ppm;20;0
20/00003_00004.ppm;20;0
20/00003_00005.ppm;20;0
20/00003_00006.ppm;20;0
20/00003_00007.ppm;20;0
20/00003_00008.ppm;20;0
20/00003_00009.ppm;20;0
20/00003_00010.ppm;20;0
20/00003_00011.ppm;20;0
20/00003_00012.ppm;20;0
20/00003_00013.ppm;20;0
20/00003_00014.ppm;20;0
20/00003_00015.ppm;20;0
20/00003_00016.ppm;20;0
20/00003_00017.ppm;20;0
20/00003_00018.ppm;20;0
20/00003_00019.ppm;20;0
20/00003_00020.ppm;20;0
20/00003_00021.ppm;20;0
20/00003_00022.ppm;20;0
20/00003_00023.ppm;20;0
20/00003_00024.ppm;20;0
20/00003_00025.ppm;20;0
20/00003_00026.ppm;20;0
20/00003_00027.ppm;20;0
20/00003_00028.ppm;20;0
20/00003_00029.ppm;20;0
20/00004_00000.ppm;20;0
20/00004_00001.ppm;20;0
20/00004_00002.ppm;20;0
20/00004_00003.ppm;20;0
20/00004_00004.ppm;20;0
20/00004_00005.ppm;20;0
20/00004_00006.ppm;20;0
20/00004_00007.ppm;20;0
20/00004_00008.ppm;20;0
20/00004_00009.ppm;20;0
20/00004_00010.ppm;20;0
20/00004_00011.ppm;20;0
20/00004_00012.ppm;20;0
20/00004_00013.ppm;20;0
20/00004_00014.ppm;20;0
20/00004_00015.ppm;20;0
20/00004_00016.ppm;20;0
20/00004_00017.ppm;20;0
20/00004_00018.ppm;20;0
20/00004_00019.ppm;20;0
20/00004_00020.ppm;20;0
20/00004_00021.ppm;20;0
20/00004_00022.ppm;20;0
20/00004_00023.ppm;20;0
20/00004_00024.ppm;20;0
20/00004_00025.ppm;20;0
20/00004_00026.ppm;20;0
20/00004_00027.ppm;20;0
20/00004_00028.ppm;20;0
20/00004_00029.ppm;20;0
20/00005_00000.ppm;20;0
20/00005_00001.ppm;20;0
20/00005_00002.ppm;20;0
20/00005_00003.ppm;20;0
20/00005_00004.ppm;20;0
20/00005_00005.ppm;20;0
20/00005_00006.ppm;20;0
20/00005_00007.ppm;20;0
20/00005_00008.ppm;20;0
20/00005_00009.ppm;20;0
20/00005_00010.ppm;20;0
20/00005_00011.ppm;20;0
20/00005_00012.ppm;20;0
20/00005_00013.ppm;20;0
20/00005_00014.ppm;20;0
20/00005_00015.ppm;20;0
20/00005_00016.ppm;20;0
20/00005_00017.ppm;20;0
20/00005_00018.ppm;20;0
20/00005_00019.ppm;20;0
20/00005_00020.ppm;20;0
20/00005_00021.ppm;20;0
20/00005_00022.ppm;20;0
20/00005_00023.ppm;20;0
20/00005_00024.ppm;20;0
20/00005_00025.ppm;20;0
20/00005_00026.ppm;20;0
20/00005_00027.ppm;20;0
20/00005_00028.ppm;20;0
20/00005_00029.ppm;20;0
20/00006_00000.ppm;20;0
20/00006_00001.ppm;20;0
20/00006_00002.ppm;20;0
20/00006_00003.ppm;20;0
20/00006_00004.ppm;20;0
20/00006_00005.ppm;20;0
20/00006_00006.ppm;20;0
20/00006_00007.ppm;20;0
20/00006_00008.ppm;20;0
20/00006_00009.ppm;20;0
20/00006_00010.ppm;20;0
20/00006_00011.ppm;20;0
20/00006_00012.ppm;20;0
20/00006_00013.ppm;20;0
20/00006_00014.ppm;20;0
20/00006_00015.ppm;20;0
20/00006_00016.ppm;20;0
20/00006_00017.ppm;20;0
20/00006_00018.ppm;20;0
20/00006_00019.ppm;20;0
20/00006_00020.ppm;20;0
20/00006_00021.ppm;20;0
20/00006_00022.ppm;20;0
20/00006_00023.ppm;20;0
20/00006_00024.ppm;20;0
20/00006_00025.ppm;20;0
20/00006_00026.ppm;20;0
20/00006_00027.ppm;20;0
20/00006_00028.ppm;20;0
20/00006_00029.ppm;20;0
20/00007_00000.ppm;20;0
20/00007_00001.ppm;20;0
20/00007_00002.ppm;20;0
20/00007_00003.ppm;20;0
20/00007_00004.ppm;20;0
20/00007_00005.ppm;20;0
20/00007_00006.ppm;20;0
20/00007_00007.ppm;20;0
20/00007_00008.ppm;20;0
20/00007_00009.ppm;20;0
20/00007_00010.ppm;20;0
20/00007_00011.ppm;20;0
20/00007_00012.ppm;20;0
20/00007_00013.ppm;20;0
20/00007_00014.ppm;20;0
20/00007_00015.ppm;20;0
20/00007_00016.ppm;20;0
20/00007_00017.ppm;20;0
20/00007_00018.ppm;20;0
20/00007_00019.ppm;20;0
20/00007_00020.ppm;20;0
20/00007_00021.ppm;20;0
20/00007_00022.ppm;20;0
20/00007_00023.ppm;20;0
20/00007_00024.ppm;20;0
20/00007_00025.ppm;20;0
20/00007_00026.ppm;20;0
20/00007_00027.ppm;20;0
20/00007_00028.ppm;20;0
20/00007_00029.ppm;20;0
21/00000_00000.ppm;21;0
21/00000_00001.ppm;21;0
21/00000_00002.ppm;21;0
21/00000_00003.ppm;21;0
21/00000_00004.ppm;21;0
21/00000_00005.ppm;21;0
21/00000_00006.ppm;21;0
21/00000_00007.ppm;21;0
21/00000_00008.ppm;21;0
21/00000_00009.ppm;21;0
21/00000_00010.ppm;21;0
21/00000_00011.ppm;21;0
21/00000_00012.ppm;21;0
21/00000_00013.ppm;21;0
21/00000_00014.ppm;21;0
21/00000_00015.ppm;21;0
21/00000_00016.ppm;21;0
21/00000_00017.ppm;21;0
21/00000_00018.ppm;21;0
21/00000_00019.ppm;21;0
21/00000_00020.ppm;21;0
21/00000_00021.ppm;21;0
21/00000_00022.ppm;21;0
21/00000_00023.ppm;21;0
21/00000_00024.ppm;21;0
21/00000_00025.ppm;21;0
21/00000_00026.ppm;21;0
21/00000_00027.ppm;21;0
21/00000_00028.ppm;21;0
21/00000_00029.ppm;21;0
21/00001_00000.ppm;21;0
21/00001_00001.ppm;21;0
21/00001_00002.ppm;21;0
21/00001_00003.ppm;21;0
21/00001_00004.ppm;21;0
21/00001_00005.ppm;21;0
21/00001_00006.ppm;21;0
21/00001_00007.ppm;21;0
21/00001_00008.ppm;21;0
21/00001_00009.ppm;21;0
21/00001_00010.ppm;21;0
21/00001_00011.ppm;21;0
21/00001_00012.ppm;21;0
21/00001_00013.ppm;21;0
21/00001_00014.ppm;21;0
21/00001_00015.ppm;21;0
21/00001_00016.ppm;21;0
21/00001_00017.ppm;21;0
21/00001_00018.ppm;21;0
21/00001_00019.ppm;21;0
21/00001_00020.ppm;21;0
21/00001_00021.ppm;21;0
21/00001_00022.ppm;21;0
21/00001_00023.ppm;21;0
21/00001_00024.ppm;21;0
21/00001_00025.ppm;21;0
21/00001_00026.ppm;21;0
21/00001_00027.ppm;21;0
21/00001_00028.ppm;21;0
21/00001_00029.ppm;21;0
21/00002_00000.ppm;21;0
21/00002_00001.ppm;21;0
21/00002_00002.ppm;21;0
21/00002_00003.ppm;21;0
21/00002_00004.ppm;21;0
21/00002_00005.ppm;21;0
21/00002_00006.ppm;21;0
21/00002_00007.ppm;21;0
21/00002_00008.ppm;21;0
21/00002_00009.ppm;21;0
21/00002_00010.ppm;21;0
21/00002_00011.ppm;21;0
21/00002_00012.ppm;21;0
21/00002_00013.ppm;21;0
21/00002_00014.ppm;21;0
21/00002_00015.ppm;21;0
21/00002_00016.ppm;21;0
21/00002_00017.ppm;21;0
21/00002_00018.ppm;21;0
21/00002_00019.ppm;21;0
21/00002_00020.ppm;21;0
21/00002_00021.ppm;21;0
21/00002_00022.ppm;21;0
21/00002_00023.ppm;21;0
21/00002_00024.ppm;21;0
21/00002_00025.ppm;21;0
21/00002_00026.ppm;21;0
21/00002_00027.ppm;21;0
21/00002_00028.ppm;21;0
21/00002_00029.ppm;21;0
21/00003_00000.ppm;21;0
21/00003_00001.ppm;21;0
21/00003_00002.ppm;21;0
21/00003_00003.ppm;21;0
21/00003_00004.ppm;21;0
21/00003_00005.ppm;21;0
21/00003_00006.ppm;21;0
21/00003_00007.ppm;21;0
21/00003_00008.ppm;21;0
21/00003_00009.ppm;21;0
21/00003_00010.ppm;21;0
21/00003_00011.ppm;21;0
21/00003_00012.ppm;21;0
21/00003_00013.ppm;21;0
21/00003_00014.ppm;21;0
21/00003_00015.ppm;21;0
21/00003_00016.ppm;21;0
21/00003_00017.ppm;21;0
21/00003_00018.ppm;21;0
21/00003_00019.ppm;21;0
21/00003_00020.ppm;21;0
21/00003_00021.ppm;21;0
21/00003_00022.ppm;21;0
21/00003_00023.ppm;21;0
21/00003_00024.ppm;21;0
21/00003_00025.ppm;21;0
21/00003_00026.ppm;21;0
21/00003_00027.ppm;21;0
21/00003_00028.ppm;21;0
21/00003_00029.ppm;21;0
21/00004_00000.ppm;21;0
21/00004_00001.ppm;21;0
21/00004_00002.ppm;21;0
21/00004_00003.ppm;21;0
21/00004_00004.ppm;21;0
21/00004_00005.ppm;21;0
21/00004_00006.ppm;21;0
21/00004_00007.ppm;21;0
21/00004_00008.ppm;21;0
21/00004_00009.ppm;21;0
21/00004_00010.ppm;21;0
21/00004_00011.ppm;21;0
21/00004_00012.ppm;21;0
21/00004_00013.ppm;21;0
21/00004_00014.ppm;21;0
21/00004_00015.ppm;21;0
21/00004_00016.ppm;21;0
21/00004_00017.ppm;21;0
21/00004_00018.ppm;21;0
21/00004_00019.ppm;21;0
21/00004_00020.ppm;21;0
21/00004_00021.ppm;21;0
21/00004_00022.ppm;21;0
21/00004_00023.ppm;21;0
21/00004_00024.ppm;21;0
21/00004_00025.ppm;21;0
21/00004_00026.ppm;21;0
21/00004_00027.ppm;21;0
21/00004_00028.ppm;21;0
21/00004_00029.ppm;21;0
21/00005_00000.ppm;21;0
21/00005_00001.ppm;21;0
21/00005_00002.ppm;21;0
21/00005_00003.ppm;21;0
21/00005_00004.ppm;21;0
21/00005_00005.ppm;21;0
21/00005_00006.ppm;21;0
21/00005_00007.ppm;21;0
21/00005_00008.ppm;21;0
21/00005_00009.ppm;21;0
21/00005_00010.ppm;21;0
21/00005_00011.ppm;21;0
21/00005_00012.ppm;21;0
21/00005_00013.ppm;21;0
21/00005_00014.ppm;21;0
21/00005_00015.ppm;21;0
21/00005_00016.ppm;21;0
21/00005_00017.ppm;21;0
21/00005_00018.ppm;21;0
21/00005_00019.ppm;21;0
21/00005_00020.ppm;21;0
21/00005_00021.ppm;21;0
21/00005_00022.ppm;21;0
21/00005_00023.ppm;21;0
21/00005_00024.ppm;21;0
21/00005_00025.ppm;21;0
21/00005_00026.ppm;21;0
21/00005_00027.ppm;21;0
21/00005_00028.ppm;21;0
21/00005_00029.ppm;21;0
21/00006_00000.ppm;21;0
21/00006_00001.ppm;21;0
21/00006_00002.ppm;21;0
21/00006_00003.ppm;21;0
21/00006_00004.ppm;21;0
21/00006_00005.ppm;21;0
21/00006_00006.ppm;21;0
21/00006_00007.ppm;21;0
21/00006_00008.ppm;21;0
21/00006_00009.ppm;21;0
21/00006_00010.ppm;21;0
21/00006_00011.ppm;21;0
21/00006_00012.ppm;21;0
21/00006_00013.ppm;21;0
21/00006_00014.ppm;21;0
21/00006_00015.ppm;21;0
21/00006_00016.ppm;21;0
21/00006_00017.ppm;21;0
21/00006_00018.ppm;21;0
21/00006_00019.ppm;21;0
21/00006_00020.ppm;21;0
21/00006_00021.ppm;21;0
21/00006_00022.ppm;21;0
21/00006_00023.ppm;21;0
21/00006_00024.ppm;21;0
21/00006_00025.ppm;21;0
21/00006_00026.ppm;21;0
21/00006_00027.ppm;21;0
21/00006_00028.ppm;21;0
21/00006_00029.ppm;21;0
21/00007_00000.ppm;21;0
21/00007_00001.ppm;21;0
21/00007_00002.ppm;21;0
21/00007_00003.ppm;21;0
21/00007_00004.ppm;21;0
21/00007_00005.ppm;21;0
21/00007_00006.ppm;21;0
21/00007_00007.ppm;21;0
21/00007_00008.ppm;21;0
21/00007_00009.ppm;21;0
21/00007_00010.ppm;21;0
21/00007_00011.ppm;21;0
21/00007_00012.ppm;21;0
21/00007_00013.ppm;21;0
21/00007_00014.ppm;21;0
21/00007_00015.ppm;21;0
21/00007_00016.ppm;21;0
21/00007_00017.ppm;21;0
21/00007_00018.ppm;21;0
21/00007_00019.ppm;21;0
21/00007_00020.ppm;21;0
21/00007_00021.ppm;21;0
21/00007_00022.ppm;21;0
21/00007_00023.ppm;21;0
21/00007_00024.ppm;21;0
21/00007_00025.ppm;21;0
21/00007_00026.ppm;21;0
21/00007_00027.ppm;21;0
21/00007_00028.ppm;21;0
21/00007_00029.ppm;21;0
22/00000_00000.ppm;22;0
22/00000_00001.ppm;22;0
22/00000_00002.ppm;22;0
22/00000_00003.ppm;22;0
22/00000_00004.ppm;22;0
22/00000_00005.ppm;22;0
22/00000_00006.ppm;22;0
22/00000_00007.ppm;22;0
22/00000_00008.ppm;22;0
22/00000_00009.ppm;22;0
22/00000_00010.ppm;22;0
22/00000_00011.ppm;22;0
22/00000_00012.ppm;22;0
22/00000_00013.ppm;22;0
22/00000_00014.ppm;22;0
22/00000_00015.ppm;22;0
22/00000_00016.ppm;22;0
22/00000_00017.ppm;22;0
22/00000_00018.ppm;22;0
22/00000_00019.ppm;22;0
22/00000_00020.ppm;22;0
22/00000_00021.ppm;22;0
22/00000_00022.ppm;22;0
22/00000_00023.ppm;22;0
22/00000_00024.ppm;22;0
22/00000_00025.ppm;22;0
22/00000_00026.ppm;22;0
22/00000_00027.ppm;22;0
22/00000_00028.ppm;22;0
22/00000_00029.ppm;22;0
22/00001_00000.ppm;22;0
22/00001_00001.ppm;22;0
22/00001_00002.ppm;22;0
22/00001_00003.ppm;22;0
22/00001_00004.ppm;22;0
22/00001_00005.ppm;22;0
22/00001_00006.ppm;22;0
22/00001_00007.ppm;22;0
22/00001_00008.ppm;22;0
22/00001_00009.ppm;22;0
22/00001_00010.ppm;22;0
22/00001_00011.ppm;22;0
22/00001_00012.ppm;22;0
22/00001_00013.ppm;22;0
22/00001_00014.ppm;22;0
22/00001_00015.ppm;22;0
22/00001_00016.ppm;22;0
22/00001_00017.ppm;22;0
22/00001_00018.ppm;22;0
22/00001_00019.ppm;22;0
22/00001_00020.ppm;22;0
22/00001_00021.ppm;22;0
22/00001_00022.ppm;22;0
22/00001_00023.ppm;22;0
22/00001_00024.ppm;22;0
22/00001_00025.ppm;22;0
22/00001_00026.ppm;22;0
22/00001_00027.ppm;22;0
22/00001_00028.ppm;22;0
22/00001_00029.ppm;22;0
22/00002_00000.ppm;22;0
22/00002_00001.ppm;22;0
22/00002_00002.ppm;22;0
22/00002_00003.ppm;22;0
22/00002_00004.ppm;22;0
22/00002_00005.ppm;22;0
22/00002_00006.ppm;22;0
22/00002_00007.ppm;22;0
22/00002_00008.ppm;22;0
22/00002_00009.ppm;22;0
22/00002_00010.ppm;22;0
22/00002_00011.ppm;22;0
22/00002_00012.ppm;22;0
22/00002_00013.ppm;22;0
22/00002_00014.ppm;22;0
22/00002_00015.ppm;22;0
22/00002_00016.ppm;22;0
22/00002_00017.ppm;22;0
22/00002_00018.ppm;22;0
22/00002_00019.ppm;22;0
22/00002_00020.ppm;22;0
22/00002_00021.ppm;22;0
22/00002_00022.ppm;22;0
22/00002_00023.ppm;22;0
22/00002_00024.ppm;22;0
22/00002_00025.ppm;22;0
22/00002_00026.ppm;22;0
22/00002_00027.ppm;22;0
22/00002_00028.ppm;22;0
22/00002_00029.ppm;22;0
22/00003_00000.ppm;22;0
22/00003_00001.ppm;22;0
22/00003_00002.ppm;22;0
22/00003_00003.ppm;22;0
22/00003_00004.ppm;22;0
22/00003_00005.ppm;22;0
22/00003_00006.ppm;22;0
22/00003_00007.ppm;22;0
22/00003_00008.ppm;22;0
22/00003_00009.ppm;22;0
22/00003_00010.ppm;22;0
22/00003_00011.ppm;22;0
22/00003_00012.ppm;22;0
22/00003_00013.ppm;22;0
22/00003_00014.ppm;22;0
22/00003_00015.ppm;22;0
22/00003_00016.ppm;22;0
22/00003_00017.ppm;22;0
22/00003_00018.ppm;22;0
22/00003_00019.ppm;22;0
22/00003_00020.ppm;22;0
22/00003_00021.ppm;22;0
22/00003_00022.ppm;22;0
22/00003_00023.ppm;22;0
22/00003_00024.ppm;22;0
22/00003_00025.ppm;22;0
22/00003_00026.ppm;22;0
22/00003_00027.ppm;22;0
22/00003_00028.ppm;22;0
22/00003_00029.ppm;22;0
22/00004_00000.ppm;22;0
22/00004_00001.ppm;22;0
22/00004_00002.ppm;22;0
22/00004_00003.ppm;22;0
22/00004_00004.ppm;22;0
22/00004_00005.ppm;22;0
22/00004_00006.ppm;22;0
22/00004_00007.ppm;22;0
22/00004_00008.ppm;22;0
22/00004_00009.ppm;22;0
22/00004_00010.ppm;22;0
22/00004_00011.ppm;22;0
22/00004_00012.ppm;22;0
22/00004_00013.ppm;22;0
22/00004_00014.ppm;22;0
22/00004_00015.ppm;22;0
22/00004_00016.ppm;22;0
22/00004_00017.ppm;22;0
22/00004_00018.ppm;22;0
22/00004_00019.ppm;22;0
22/00004_00020.ppm;22;0
22/00004_00021.ppm;22;0
22/00004_00022.ppm;22;0
22/00004_00023.ppm;22;0
22/00004_00024.ppm;22;0
22/00004_00025.ppm;22;0
22/00004_00026.ppm;22;0
22/00004_00027.ppm;22;0
22/00004_00028.ppm;22;0
22/00004_00029.ppm;22;0
22/00005_00000.ppm;22;0
22/00005_00001.ppm;22;0
22/00005_00002.ppm;22;0
22/00005_00003.ppm;22;0
22/00005_00004.ppm;22;0
22/00005_00005.ppm;22;0
22/00005_00006.ppm;22;0
22/00005_00007.ppm;22;0
22/00005_00008.ppm;22;0
22/00005_00009.ppm;22;0
22/00005_00010.ppm;22;0
22/00005_00011.ppm;22;0
22/00005_00012.ppm;22;0
22/00005_00013.ppm;22;0
22/00005_00014.ppm;22;0
22/00005_00015.ppm;22;0
22/00005_00016.ppm;22;0
22/00005_00017.ppm;22;0
22/00005_00018.ppm;22;0
22/00005_00019.ppm;22;0
22/00005_00020.ppm;22;0
22/00005_00021.ppm;22;0
22/00005_00022.ppm;22;0
22/00005_00023.ppm;22;0
22/00005_00024.ppm;22;0
22/00005_00025.ppm;22;0
22/00005_00026.ppm;22;0
22/00005_00027.ppm;22;0
22/00005_00028.ppm;22;0
22/00005_00029.ppm;22;0
22/00006_00000.ppm;22;0
22/00006_00001.ppm;22;0
22/00006_00002.ppm;22;0
22/00006_00003.ppm;22;0
22/00006_00004.ppm;22;0
22/00006_00005.ppm;22;0
22/00006_00006.ppm;22;0
22/00006_00007.ppm;22;0
22/00006_00008.ppm;22;0
22/00006_00009.ppm;22;0
22/00006_00010.ppm;22;0
22/00006_00011.ppm;22;0
22/00006_00012.ppm;22;0
22/00006_00013.ppm;22;0
22/00006_00014.ppm;22;0
22/00006_00015.ppm;22;0
22/00006_00016.ppm;22;0
22/00006_00017.ppm;22;0
22/00006_00018.ppm;22;0
22/00006_00019.ppm;22;0
22/00006_00020.ppm;22;0
22/00006_00021.ppm;22;0
22/00006_00022.ppm;22;0
22/00006_00023.ppm;22;0
22/00006_00024.ppm;22;0
22/00006_00025.ppm;22;0
22/00006_00026.ppm;22;0
22/00006_00027.ppm;22;0
22/00006_00028.ppm;22;0
22/00006_00029.ppm;22;0
22/00007_00000.ppm;22;0
22/00007_00001.ppm;22;0
22/00007_00002.ppm;22;0
22/00007_00003.ppm;22;0
22/00007_00004.ppm;22;0
22/00007_00005.ppm;22;0
22/00007_00006.ppm;22;0
22/00007_00007.ppm;22;0
22/00007_00008.ppm;22;0
22/00007_00009.ppm;22;0
22/00007_00010.ppm;22;0
22/00007_00011.ppm;22;0
22/00007_00012.ppm;22;0
22/00007_00013.ppm;22;0
22/00007_00014.ppm;22;0
22/00007_00015.ppm;22;0
22/00007_00016.ppm;22;0
22/00007_00017.ppm;22;0
22/00007_00018.ppm;22;0
22/00007_00019.ppm;22;0
22/00007_00020.ppm;22;0
22/00007_00021.ppm;22;0
22/00007_00022.ppm;22;0
22/00007_00023.ppm;22;0
22/00007_00024.ppm;22;0
22/00007_00025.ppm;22;0
22/00007_00026.ppm;22;0
22/00007_00027.ppm;22;0
22/00007_00028.ppm;22;0
22/00007_00029.ppm;22;0
22/00008_00000.ppm;22;0
22/00008_00001.ppm;22;0
22/00008_00002.ppm;22;0
22/00008_00003.ppm;22;0
22/00008_00004.ppm;22;0
22/00008_00005.ppm;22;0
22/00008_00006.ppm;22;0
22/00008_00007.ppm;22;0
22/00008_00008.ppm;22;0
22/00008_00009.ppm;22;0
22/00008_00010.ppm;22;0
22/00008_00011.ppm;22;0
22/00008_00012.ppm;22;0
22/00008_00013.ppm;22;0
22/00008_00014.ppm;22;0
22/00008_00015.ppm;22;0
22/00008_00016.ppm;22;0
22/00008_00017.ppm;22;0
22/00008_00018.ppm;22;0
22/00008_00019.ppm;22;0
22/00008_00020.ppm;22;0
22/00008_00021.ppm;22;0
22/00008_00022.ppm;22;0
22/00008_00023.ppm;22;0
22/00008_00024.ppm;22;0
22/00008_00025.ppm;22;0
22/00008_00026.ppm;22;0
22/00008_00027.ppm;22;0
22/00008_00028.ppm;22;0
22/00008_00029.ppm;22;0
23/00000_00000.ppm;23;0
23/00000_00001.ppm;23;0
23/00000_00002.ppm;23;0
23/00000_00003.ppm;23;0
23/00000_00004.ppm;23;0
23/00000_00005.ppm;23;0
23/00000_00006.ppm;23;0
23/00000_00007.ppm;23;0
23/00000_00008.ppm;23;0
23/00000_00009.ppm;23;0
23/00000_00010.ppm;23;0
23/00000_00011.ppm;23;0
23/00000_00012.ppm;23;0
23/00000_00013.ppm;23;0
23/00000_00014.ppm;23;0
23/00000_00015.ppm;23;0
23/00000_00016.ppm;23;0
23/00000_00017.ppm;23;0
23/00000_00018.ppm;23;0
23/00000_00019.ppm;23;0
23/00000_00020.ppm;23;0
23/00000_00021.ppm;23;0
23/00000_00022.ppm;23;0
23/00000_00023.ppm;23;0
23/00000_00024.ppm;23;0
23/00000_00025.ppm;23;0
23/00000_00026.ppm;23;0
23/00000_00027.ppm;23;0
23/00000_00028.ppm;23;0
23/00000_00029.ppm;23;0
23/00001_00000.ppm;23;0
23/00001_00001.ppm;23;0
23/00001_00002.ppm;23;0
23/00001_00003.ppm;23;0
23/00001_00004.ppm;23;0
23/00001_00005.ppm;23;0
23/00001_00006.ppm;23;0
23/00001_00007.ppm;23;0
23/00001_00008.ppm;23;0
23/00001_00009.ppm;23;0
23/00001_00010.ppm;23;0
23/00001_00011.ppm;23;0
23/00001_00012.ppm;23;0
23/00001_00013.ppm;23;0
23/00001_00014.ppm;23;0
23/00001_00015.ppm;23;0
23/00001_00016.ppm;23;0
23/00001_00017.ppm;23;0
23/00001_00018.ppm;23;0
23/00001_00019.ppm;23;0
23/00001_00020.ppm;23;0
23/00001_00021.ppm;23;0
23/00001_00022.ppm;23;0
23/00001_00023.ppm;23;0
23/00001_00024.ppm;23;0
23/00001_00025.ppm;23;0
23/00001_00026.ppm;23;0
23/00001_00027.ppm;23;0
23/00001_00028.ppm;23;0
23/00001_00029.ppm;23;0
23/00002_00000.ppm;23;0
23/00002_00001.ppm;23;0
23/00002_00002.ppm;23;0
23/00002_00003.ppm;23;0
23/00002_00004.ppm;23;0
23/00002_00005.ppm;23;0
23/00002_00006.ppm;23;0
23/00002_00007.ppm;23;0
23/00002_00008.ppm;23;0
23/00002_00009.ppm;23;0
23/00002_00010.ppm;23;0
23/00002_00011.ppm;23;0
23/00002_00012.ppm;23;0
23/00002_00013.ppm;23;0
23/00002_00014.ppm;23;0
23/00002_00015.ppm;23;0
23/00002_00016.ppm;23;0
23/00002_00017.ppm;23;0
23/00002_00018.ppm;23;0
23/00002_00019.ppm;23;0
23/00002_00020.ppm;23;0
23/00002_00021.ppm;23;0
23/00002_00022.ppm;23;0
23/00002_00023.ppm;23;0
23/00002_00024.ppm;23;0
23/00002_00025.ppm;23;0
23/00002_00026.ppm;23;0
23/00002_00027.ppm;23;0
23/00002_00028.ppm;23;0
23/00002_00029.ppm;23;0
23/00003_00000.ppm;23;0
23/00003_00001.ppm;23;0
23/00003_00002.ppm;23;0
23/00003_00003.ppm;23;0
23/00003_00004.ppm;23;0
23/00003_00005.ppm;23;0
23/00003_00006.ppm;23;0
23/00003_00007.ppm;23;0
23/00003_00008.ppm;23;0
23/00003_00009.ppm;23;0
23/00003_00010.ppm;23;0
23/00003_00011.ppm;23;0
23/00003_00012.ppm;23;0
23/00003_00013.ppm;23;0
23/00003_00014.ppm;23;0
23/00003_00015.ppm;23;0
23/00003_00016.ppm;23;0
23/00003_00017.ppm;23;0
23/00003_00018.ppm;23;0
23/00003_00019.ppm;23;0
23/00003_00020.ppm;23;0
23/00003_00021.ppm;23;0
23/00003_00022.ppm;23;0
23/00003_00023.ppm;23;0
23/00003_00024.ppm;23;0
23/00003_00025.ppm;23;0
23/00003_00026.ppm;23;0
23/00003_00027.ppm;23;0
23/00003_00028.ppm;23;0
23/00003_00029.ppm;23;0
23/00004_00000.ppm;23;0
23/00004_00001.ppm;23;0
23/00004_00002.ppm;23;0
23/00004_00003.ppm;23;0
23/00004_00004.ppm;23;0
23/00004_00005.ppm;23;0
23/00004_00006.ppm;23;0
23/00004_00007.ppm;23;0
23/00004_00008.ppm;23;0
23/00004_00009.ppm;23;0
23/00004_00010.ppm;23;0
23/00004_00011.ppm;23;0
23/00004_00012.ppm;23;0
23/00004_00013.ppm;23;0
23/00004_00014.ppm;23;0
23/00004_00015.ppm;23;0
23/00004_00016.ppm;23;0
23/00004_00017.ppm;23;0
23/00004_00018.ppm;23;0
23/00004_00019.ppm;23;0
23/00004_00020.ppm;23;0
23/00004_00021.ppm;23;0
23/00004_00022.ppm;23;0
23/00004_00023.ppm;23;0
23/00004_00024.ppm;23;0
23/00004_00025.ppm;23;0
23/00004_00026.ppm;23;0
23/00004_00027.ppm;23;0
23/00004_00028.ppm;23;0
23/00004_00029.ppm;23;0
23/00005_00000.ppm;23;0
23/00005_00001.ppm;23;0
23/00005_00002.ppm;23;0
23/00005_00003.ppm;23;0
23/00005_00004.ppm;23;0
23/00005_00005.ppm;23;0
23/00005_00006.ppm;23;0
23/00005_00007.ppm;23;0
23/00005_00008.ppm;23;0
23/00005_00009.ppm;23;0
23/00005_00010.ppm;23;0
23/00005_00011.ppm;23;0
23/00005_00012.ppm;23;0
23/00005_00013.ppm;23;0
23/00005_00014.ppm;23;0
23/00005_00015.ppm;23;0
23/00005_00016.ppm;23;0
23/00005_00017.ppm;23;0
23/00005_00018.ppm;23;0
23/00005_00019.ppm;23;0
23/00005_00020.ppm;23;0
23/00005_00021.ppm;23;0
23/00005_00022.ppm;23;0
23/00005_00023.ppm;23;0
23/00005_00024.ppm;23;0
23/00005_00025.ppm;23;0
23/00005_00026.ppm;23;0
23/00005_00027.ppm;23;0
23/00005_00028.ppm;23;0
23/00005_00029.ppm;23;0
23/00006_00000.ppm;23;0
23/00006_00001.ppm;23;0
23/00006_00002.ppm;23;0
23/00006_00003.ppm;23;0
23/00006_00004.ppm;23;0
23/00006_00005.ppm;23;0
23/00006_00006.ppm;23;0
23/00006_00007.ppm;23;0
23/00006_00008.ppm;23;0
23/00006_00009.ppm;23;0
23/00006_00010.ppm;23;0
23/00006_00011.ppm;23;0
23/00006_00012.ppm;23;0
23/00006_00013.ppm;23;0
23/00006_00014.ppm;23;0
23/00006_00015.ppm;23;0
23/00006_00016.ppm;23;0
23/00006_00017.ppm;23;0
23/00006_00018.ppm;23;0
23/00006_00019.ppm;23;0
23/00006_00020.ppm;23;0
23/00006_00021.ppm;23;0
23/00006_00022.ppm;23;0
23/00006_00023.ppm;23;0
23/00006_00024.ppm;23;0
23/00006_00025.ppm;23;0
23/00006_00026.ppm;23;0
23/00006_00027.ppm;23;0
23/00006_00028.ppm;23;0
23/00006_00029.ppm;23;0
23/00007_00000.ppm;23;0
23/00007_00001.ppm;23;0
23/00007_00002.ppm;23;0
23/00007_00003.ppm;23;0
23/00007_00004.ppm;23;0
23/00007_00005.ppm;23;0
23/00007_00006.ppm;23;0
23/00007_00007.ppm;23;0
23/00007_00008.ppm;23;0
23/00007_00009.ppm;23;0
23/00007_00010.ppm;23;0
23/00007_00011.ppm;23;0
23/00007_00012.ppm;23;0
23/00007_00013.ppm;23;0
23/00007_00014.ppm;23;0
23/00007_00015.ppm;23;0
23/00007_00016.ppm;23;0
23/00007_00017.ppm;23;0
23/00007_00018.ppm;23;0
23/00007_00019.ppm;23;0
23/00007_00020.ppm;23;0
23/00007_00021.ppm;23;0
23/00007_00022.ppm;23;0
23/00007_00023.ppm;23;0
23/00007_00024.ppm;23;0
23/00007_00025.ppm;23;0
23/00007_00026.ppm;23;0
23/00007_00027.ppm;23;0
23/00007_00028.ppm;23;0
23/00007_00029.ppm;23;0
23/00008_00000.ppm;23;0
23/00008_00001.ppm;23;0
23/00008_00002.ppm;23;0
23/00008_00003.ppm;23;0
23/00008_00004.ppm;23;0
23/00008_00005.ppm;23;0
23/00008_00006.ppm;23;0
23/00008_00007.ppm;23;0
23/00008_00008.ppm;23;0
23/00008_00009.ppm;23;0
23/00008_00010.ppm;23;0
23/00008_00011.ppm;23;0
23/00008_00012.ppm;23;0
23/00008_00013.ppm;23;0
23/00008_00014.ppm;23;0
23/00008_00015.ppm;23;0
23/00008_00016.ppm;23;0
23/00008_00017.ppm;23;0
23/00008_00018.ppm;23;0
23/00008_00019.ppm;23;0
23/00008_00020.ppm;23;0
23/00008_00021.ppm;23;0
23/00008_00022.ppm;23;0
23/00008_00023.ppm;23;0
23/00008_00024.ppm;23;0
23/00008_00025.ppm;23;0
23/00008_00026.ppm;23;0
23/00008_00027.ppm;23;0
23/00008_00028.ppm;23;0
23/00008_00029.ppm;23;0
23/00009_00000.ppm;23;0
23/00009_00001.ppm;23;0
23/00009_00002.ppm;23;0
23/00009_00003.ppm;23;0
23/00009_00004.ppm;23;0
23/00009_00005.ppm;23;0
23/00009_00006.ppm;23;0
23/00009_00007.ppm;23;0
23/00009_00008.ppm;23;0
23/00009_00009.ppm;23;0
23/00009_00010.ppm;23;0
23/00009_00011.ppm;23;0
23/00009_00012.ppm;23;0
23/00009_00013.ppm;23;0
23/00009_00014.ppm;23;0
23/00009_00015.ppm;23;0
23/00009_00016.ppm;23;0
23/00009_00017.ppm;23;0
23/00009_00018.ppm;23;0
23/00009_00019.ppm;23;0
23/00009_00020.ppm;23;0
23/00009_00021.ppm;23;0
23/00009_00022.ppm;23;0
23/00009_00023.ppm;23;0
23/00009_00024.ppm;23;0
23/00009_00025.ppm;23;0
23/00009_00026.ppm;23;0
23/00009_00027.ppm;23;0
23/00009_00028.ppm;23;0
23/00009_00029.ppm;23;0
23/00010_00000.ppm;23;0
23/00010_00001.ppm;23;0
23/00010_00002.ppm;23;0
23/00010_00003.ppm;23;0
23/00010_00004.ppm;23;0
23/00010_00005.ppm;23;0
23/00010_00006.ppm;23;0
23/00010_00007.ppm;23;0
23/00010_00008.ppm;23;0
23/00010_00009.ppm;23;0
23/00010_00010.ppm;23;0
23/00010_00011.ppm;23;0
23/00010_00012.ppm;23;0
23/00010_00013.ppm;23;0
23/00010_00014.ppm;23;0
23/00010_00015.ppm;23;0
23/00010_00016.ppm;23;0
23/00010_00017.ppm;23;0
23/00010_00018.ppm;23;0
23/00010_00019.ppm;23;0
23/00010_00020.ppm;23;0
23/00010_00021.ppm;23;0
23/00010_00022.ppm;23;0
23/00010_00023.ppm;23;0
23/00010_00024.ppm;23;0
23/00010_00025.ppm;23;0
23/00010_00026.ppm;23;0
23/00010_00027.ppm;23;0
23/00010_00028.ppm;23;0
23/00010_00029.ppm;23;0
23/00011_00000.ppm;23;0
23/00011_00001.ppm;23;0
23/00011_00002.ppm;23;0
23/00011_00003.ppm;23;0
23/00011_00004.ppm;23;0
23/00011_00005.ppm;23;0
23/00011_00006.ppm;23;0
23/00011_00007.ppm;23;0
23/00011_00008.ppm;23;0
23/00011_00009.ppm;23;0
23/00011_00010.ppm;23;0
23/00011_00011.ppm;23;0
23/00011_00012.ppm;23;0
23/00011_00013.ppm;23;0
23/00011_00014.ppm;23;0
23/00011_00015.ppm;23;0
23/00011_00016.ppm;23;0
23/00011_00017.ppm;23;0
23/00011_00018.ppm;23;0
23/00011_00019.ppm;23;0
23/00011_00020.ppm;23;0
23/00011_00021.ppm;23;0
23/00011_00022.ppm;23;0
23/00011_00023.ppm;23;0
23/00011_00024.ppm;23;0
23/00011_00025.ppm;23;0
23/00011_00026.ppm;23;0
23/00011_00027.ppm;23;0
23/00011_00028.ppm;23;0
23/00011_00029.ppm;23;0
24/00000_00000.ppm;24;0
24/00000_00001.ppm;24;0
24/00000_00002.ppm;24;0
24/00000_00003.ppm;24;0
24/00000_00004.ppm;24;0
24/00000_00005.ppm;24;0
24/00000_00006.ppm;24;0
24/00000_00007.ppm;24;0
24/00000_00008.ppm;24;0
24/00000_00009.ppm;24;0
24/00000_00010.ppm;24;0
24/00000_00011.ppm;24;0
24/00000_00012.ppm;24;0
24/00000_00013.ppm;24;0
24/00000_00014.ppm;24;0
24/00000_00015.ppm;24;0
24/00000_00016.ppm;24;0
24/00000_00017.ppm;24;0
24/00000_00018.ppm;24;0
24/00000_00019.ppm;24;0
24/00000_00020.ppm;24;0
24/00000_00021.ppm;24;0
24/00000_00022.ppm;24;0
24/00000_00023.ppm;24;0
24/00000_00024.ppm;24;0
24/00000_00025.ppm;24;0
24/00000_00026.ppm;24;0
24/00000_00027.ppm;24;0
24/00000_00028.ppm;24;0
24/00000_00029.ppm;24;0
24/00001_00000.ppm;24;0
24/00001_00001.ppm;24;0
24/00001_00002.ppm;24;0
24/00001_00003.ppm;24;0
24/00001_00004.ppm;24;0
24/00001_00005.ppm;24;0
24/00001_00006.ppm;24;0
24/00001_00007.ppm;24;0
24/00001_00008.ppm;24;0
24/00001_00009.ppm;24;0
24/00001_00010.ppm;24;0
24/00001_00011.ppm;24;0
24/00001_00012.ppm;24;0
24/00001_00013.ppm;24;0
24/00001_00014.ppm;24;0
24/00001_00015.ppm;24;0
24/00001_00016.ppm;24;0
24/00001_00017.ppm;24;0
24/00001_00018.ppm;24;0
24/00001_00019.ppm;24;0
24/00001_00020.ppm;24;0
24/00001_00021.ppm;24;0
24/00001_00022.ppm;24;0
24/00001_00023.ppm;24;0
24/00001_00024.ppm;24;0
24/00001_00025.ppm;24;0
24/00001_00026.ppm;24;0
24/00001_00027.ppm;24;0
24/00001_00028.ppm;24;0
24/00001_00029.ppm;24;0
24/00002_00000.ppm;24;0
24/00002_00001.ppm;24;0
24/00002_00002.ppm;24;0
24/00002_00003.ppm;24;0
24/00002_00004.ppm;24;0
24/00002_00005.ppm;24;0
24/00002_00006.ppm;24;0
24/00002_00007.ppm;24;0
24/00002_00008.ppm;24;0
24/00002_00009.ppm;24;0
24/00002_00010.ppm;24;0
24/00002_00011.ppm;24;0
24/00002_00012.ppm;24;0
24/00002_00013.ppm;24;0
24/00002_00014.ppm;24;0
24/00002_00015.ppm;24;0
24/00002_00016.ppm;24;0
24/00002_00017.ppm;24;0
24/00002_00018.ppm;24;0
24/00002_00019.ppm;24;0
24/00002_00020.ppm;24;0
24/00002_00021.ppm;24;0
24/00002_00022.ppm;24;0
24/00002_00023.ppm;24;0
24/00002_00024.ppm;24;0
24/00002_00025.ppm;24;0
24/00002_00026.ppm;24;0
24/00002_00027.ppm;24;0
24/00002_00028.ppm;24;0
24/00002_00029.ppm;24;0
24/00003_00000.ppm;24;0
24/00003_00001.ppm;24;0
24/00003_00002.ppm;24;0
24/00003_00003.ppm;24;0
24/00003_00004.ppm;24;0
24/00003_00005.ppm;24;0
24/00003_00006.ppm;24;0
24/00003_00007.ppm;24;0
24/00003_00008.ppm;24;0
24/00003_00009.ppm;24;0
24/00003_00010.ppm;24;0
24/00003_00011.ppm;24;0
24/00003_00012.ppm;24;0
24/00003_00013.ppm;24;0
24/00003_00014.ppm;24;0
24/00003_00015.ppm;24;0
24/00003_00016.ppm;24;0
24/00003_00017.ppm;24;0
24/00003_00018.ppm;24;0
24/00003_00019.ppm;24;0
24/00003_00020.ppm;24;0
24/00003_00021.ppm;24;0
24/00003_00022.ppm;24;0
24/00003_00023.ppm;24;0
24/00003_00024.ppm;24;0
24/00003_00025.ppm;24;0
24/00003_00026.ppm;24;0
24/00003_00027.ppm;24;0
24/00003_00028.ppm;24;0
24/00003_00029.ppm;24;0
24/00004_00000.ppm;24;0
24/00004_00001.ppm;24;0
24/00004_00002.ppm;24;0
24/00004_00003.ppm;24;0
24/00004_00004.ppm;24;0
24/00004_00005.ppm;24;0
24/00004_00006.ppm;24;0
24/00004_00007.ppm;24;0
24/00004_00008.ppm;24;0
24/00004_00009.ppm;24;0
24/00004_00010.ppm;24;0
24/00004_00011.ppm;24;0
24/00004_00012.ppm;24;0
24/00004_00013.ppm;24;0
24/00004_00014.ppm;24;0
24/00004_00015.ppm;24;0
24/00004_00016.ppm;24;0
24/00004_00017.ppm;24;0
24/00004_00018.ppm;24;0
24/00004_00019.ppm;24;0
24/00004_00020.ppm;24;0
24/00004_00021.ppm;24;0
24/00004_00022.ppm;24;0
24/00004_00023.ppm;24;0
24/00004_00024.ppm;24;0
24/00004_00025.ppm;24;0
24/00004_00026.ppm;24;0
24/00004_00027.ppm;24;0
24/00004_00028.ppm;24;0
24/00004_00029.ppm;24;0
24/00005_00000.ppm;24;0
24/00005_00001.ppm;24;0
24/00005_00002.ppm;24;0
24/00005_00003.ppm;24;0
24/00005_00004.ppm;24;0
24/00005_00005.ppm;24;0
24/00005_00006.ppm;24;0
24/00005_00007.ppm;24;0
24/00005_00008.ppm;24;0
24/00005_00009.ppm;24;0
24/00005_00010.ppm;24;0
24/00005_00011.ppm;24;0
24/00005_00012.ppm;24;0
24/00005_00013.ppm;24;0
24/00005_00014.ppm;24;0
24/00005_00015.ppm;24;0
24/00005_00016.ppm;24;0
24/00005_00017.ppm;24;0
24/00005_00018.ppm;24;0
24/00005_00019.ppm;24;0
24/00005_00020.ppm;24;0
24/00005_00021.ppm;24;0
24/00005_00022.ppm;24;0
24/00005_00023.ppm;24;0
24/00005_00024.ppm;24;0
24/00005_00025.ppm;24;0
24/00005_00026.ppm;24;0
24/00005_00027.ppm;24;0
24/00005_00028.ppm;24;0
24/00005_00029.ppm;24;0
25/00000_00000.ppm;25;0
25/00000_00001.ppm;25;0
25/00000_00002.ppm;25;0
25/00000_00003.ppm;25;0
25/00000_00004.ppm;25;0
25/00000_00005.ppm;25;0
25/00000_00006.ppm;25;0
25/00000_00007.ppm;25;0
25/00000_00008.ppm;25;0
25/00000_00009.ppm;25;0
25/00000_00010.ppm;25;0
25/00000_00011.ppm;25;0
25/00000_00012.ppm;25;0
25/00000_00013.ppm;25;0
25/00000_00014.ppm;25;0
25/00000_00015.ppm;25;0
25/00000_00016.ppm;25;0
25/00000_00017.ppm;25;0
25/00000_00018.ppm;25;0
25/00000_00019.ppm;25;0
25/00000_00020.ppm;25;0
25/00000_00021.ppm;25;0
25/00000_00022.ppm;25;0
25/00000_00023.ppm;25;0
25/00000_00024.ppm;25;0
25/00000_00025.ppm;25;0
25/00000_00026.ppm;25;0
25/00000_00027.ppm;25;0
25/00000_00028.ppm;25;0
25/00000_00029.ppm;25;0
25/00001_00000.ppm;25;0
25/00001_00001.ppm;25;0
25/00001_00002.ppm;25;0
25/00001_00003.ppm;25;0
25/00001_00004.ppm;25;0
25/00001_00005.ppm;25;0
25/00001_00006.ppm;25;0
25/00001_00007.ppm;25;0
25/00001_00008.ppm;25;0
25/00001_00009.ppm;25;0
25/00001_00010.ppm;25;0
25/00001_00011.ppm;25;0
25/00001_00012.ppm;25;0
25/00001_00013.ppm;25;0
25/00001_00014.ppm;25;0
25/00001_00015.ppm;25;0
25/00001_00016.ppm;25;0
25/00001_00017.ppm;25;0
25/00001_00018.ppm;25;0
25/00001_00019.ppm;25;0
25/00001_00020.ppm;25;0
25/00001_00021.ppm;25;0
25/00001_00022.ppm;25;0
25/00001_00023.ppm;25;0
25/00001_00024.ppm;25;0
25/00001_00025.ppm;25;0
25/00001_00026.ppm;25;0
25/00001_00027.ppm;25;0
25/00001_00028.ppm;25;0
25/00001_00029.ppm;25;0
25/00002_00000.ppm;25;0
25/00002_00001.ppm;25;0
25/00002_00002.ppm;25;0
25/00002_00003.ppm;25;0
25/00002_00004.ppm;25;0
25/00002_00005.ppm;25;0
25/00002_00006.ppm;25;0
25/00002_00007.ppm;25;0
25/00002_00008.ppm;25;0
25/00002_00009.ppm;25;0
25/00002_00010.ppm;25;0
25/00002_00011.ppm;25;0
25/00002_00012.ppm;25;0
25/00002_00013.ppm;25;0
25/00002_00014.ppm;25;0
25/00002_00015.ppm;25;0
25/00002_00016.ppm;25;0
25/00002_00017.ppm;25;0
25/00002_00018.ppm;25;0
25/00002_00019.ppm;25;0
25/00002_00020.ppm;25;0
25/00002_00021.ppm;25;0
25/00002_00022.ppm;25;0
25/00002_00023.ppm;25;0
25/00002_00024.ppm;25;0
25/00002_00025.ppm;25;0
25/00002_00026.ppm;25;0
25/00002_00027.ppm;25;0
25/00002_00028.ppm;25;0
25/00002_00029.ppm;25;0
25/00003_00000.ppm;25;0
25/00003_00001.ppm;25;0
25/00003_00002.ppm;25;0
25/00003_00003.ppm;25;0
25/00003_00004.ppm;25;0
25/00003_00005.ppm;25;0
25/00003_00006.ppm;25;0
25/00003_00007.ppm;25;0
25/00003_00008.ppm;25;0
25/00003_00009.ppm;25;0
25/00003_00010.ppm;25;0
25/00003_00011.ppm;25;0
25/00003_00012.ppm;25;0
25/00003_00013.ppm;25;0
25/00003_00014.ppm;25;0
25/00003_00015.ppm;25;0
25/00003_00016.ppm;25;0
25/00003_00017.ppm;25;0
25/00003_00018.ppm;25;0
25/00003_00019.ppm;25;0
25/00003_00020.ppm;25;0
25/00003_00021.ppm;25;0
25/00003_00022.ppm;25;0
25/00003_00023.ppm;25;0
25/00003_00024.ppm;25;0
25/00003_00025.ppm;25;0
25/00003_00026.ppm;25;0
25/00003_00027.ppm;25;0
25/00003_00028.ppm;25;0
25/00003_00029.ppm;25;0
25/00004_00000.ppm;25;0
25/00004_00001.ppm;25;0
25/00004_00002.ppm;25;0
25/00004_00003.ppm;25;0
25/00004_00004.ppm;25;0
25/00004_00005.ppm;25;0
25/00004_00006.ppm;25;0
25/00004_00007.ppm;25;0
25/00004_00008.ppm;25;0
25/00004_00009.ppm;25;0
25/00004_00010.ppm;25;0
25/00004_00011.ppm;25;0
25/00004_00012.ppm;25;0
25/00004_00013.ppm;25;0
25/00004_00014.ppm;25;0
25/00004_00015.ppm;25;0
25/00004_00016.ppm;25;0
25/00004_00017.ppm;25;0
25/00004_00018.ppm;25;0
25/00004_00019.ppm;25;0
25/00004_00020.ppm;25;0
25/00004_00021.ppm;25;0
25/00004_00022.ppm;25;0
25/00004_00023.ppm;25;0
25/00004_00024.ppm;25;0
25/00004_00025.ppm;25;0
25/00004_00026.ppm;25;0
25/00004_00027.ppm;25;0
25/00004_00028.ppm;25;0
25/00004_00029.ppm;25;0
25/00005_00000.ppm;25;0
25/00005_00001.ppm;25;0
25/00005_00002.ppm;25;0
25/00005_00003.ppm;25;0
25/00005_00004.ppm;25;0
25/00005_00005.ppm;25;0
25/00005_00006.ppm;25;0
25/00005_00007.ppm;25;0
25/00005_00008.ppm;25;0
25/00005_00009.ppm;25;0
25/00005_00010.ppm;25;0
25/00005_00011.ppm;25;0
25/00005_00012.ppm;25;0
25/00005_00013.ppm;25;0
25/00005_00014.ppm;25;0
25/00005_00015.ppm;25;0
25/00005_00016.ppm;25;0
25/00005_00017.ppm;25;0
25/00005_00018.ppm;25;0
25/00005_00019.ppm;25;0
25/00005_00020.ppm;25;0
25/00005_00021.ppm;25;0
25/00005_00022.ppm;25;0
25/00005_00023.ppm;25;0
25/00005_00024.ppm;25;0
25/00005_00025.ppm;25;0
25/00005_00026.ppm;25;0
25/00005_00027.ppm;25;0
25/00005_00028.ppm;25;0
25/00005_00029.ppm;25;0
25/00006_00000.ppm;25;0
25/00006_00001.ppm;25;0
25/00006_00002.ppm;25;0
25/00006_00003.ppm;25;0
25/00006_00004.ppm;25;0
25/00006_00005.ppm;25;0
25/00006_00006.ppm;25;0
25/00006_00007.ppm;25;0
25/00006_00008.ppm;25;0
25/00006_00009.ppm;25;0
25/00006_00010.ppm;25;0
25/00006_00011.ppm;25;0
25/00006_00012.ppm;25;0
25/00006_00013.ppm;25;0
25/00006_00014.ppm;25;0
25/00006_00015.ppm;25;0
25/00006_00016.ppm;25;0
25/00006_00017.ppm;25;0
25/00006_00018.ppm;25;0
25/00006_00019.ppm;25;0
25/00006_00020.ppm;25;0
25/00006_00021.ppm;25;0
25/00006_00022.ppm;25;0
25/00006_00023.ppm;25;0
25/00006_00024.ppm;25;0
25/00006_00025.ppm;25;0
25/00006_00026.ppm;25;0
25/00006_00027.ppm;25;0
25/00006_00028.ppm;25;0
25/00006_00029.ppm;25;0
25/00007_00000.ppm;25;0
25/00007_00001.ppm;25;0
25/00007_00002.ppm;25;0
25/00007_00003.ppm;25;0
25/00007_00004.ppm;25;0
25/00007_00005.ppm;25;0
25/00007_00006.ppm;25;0
25/00007_00007.ppm;25;0
25/00007_00008.ppm;25;0
25/00007_00009.ppm;25;0
25/00007_00010.ppm;25;0
25/00007_00011.ppm;25;0
25/00007_00012.ppm;25;0
25/00007_00013.ppm;25;0
25/00007_00014.ppm;25;0
25/00007_00015.ppm;25;0
25/00007_00016.ppm;25;0
25/00007_00017.ppm;25;0
25/00007_00018.ppm;25;0
25/00007_00019.ppm;25;0
25/00007_00020.ppm;25;0
25/00007_00021.ppm;25;0
25/00007_00022.ppm;25;0
25/00007_00023.ppm;25;0
25/00007_00024.ppm;25;0
25/00007_00025.ppm;25;0
25/00007_00026.ppm;25;0
25/00007_00027.ppm;25;0
25/00007_00028.ppm;25;0
25/00007_00029.ppm;25;0
25/00008_00000.ppm;25;0
25/00008_00001.ppm;25;0
25/00008_00002.ppm;25;0
25/00008_00003.ppm;25;0
25/00008_00004.ppm;25;0
25/00008_00005.ppm;25;0
25/00008_00006.ppm;25;0
25/00008_00007.ppm;25;0
25/00008_00008.ppm;25;0
25/00008_00009.ppm;25;0
25/00008_00010.ppm;25;0
25/00008_00011.ppm;25;0
25/00008_00012.ppm;25;0
25/00008_00013.ppm;25;0
25/00008_00014.ppm;25;0
25/00008_00015.ppm;25;0
25/00008_00016.ppm;25;0
25/00008_00017.ppm;25;0
25/00008_00018.ppm;25;0
25/00008_00019.ppm;25;0
25/00008_00020.ppm;25;0
25/00008_00021.ppm;25;0
25/00008_00022.ppm;25;0
25/00008_00023.ppm;25;0
25/00008_00024.ppm;25;0
25/00008_00025.ppm;25;0
25/00008_00026.ppm;25;0
25/00008_00027.ppm;25;0
25/00008_00028.ppm;25;0
25/00008_00029.ppm;25;0
25/00009_00000.ppm;25;0
25/00009_00001.ppm;25;0
25/00009_00002.ppm;25;0
25/00009_00003.ppm;25;0
25/00009_00004.ppm;25;0
25/00009_00005.ppm;25;0
25/00009_00006.ppm;25;0
25/00009_00007.ppm;25;0
25/00009_00008.ppm;25;0
25/00009_00009.ppm;25;0
25/00009_00010.ppm;25;0
25/00009_00011.ppm;25;0
25/00009_00012.ppm;25;0
25/00009_00013.ppm;25;0
25/00009_00014.ppm;25;0
25/00009_00015.ppm;25;0
25/00009_00016.ppm;25;0
25/00009_00017.ppm;25;0
25/00009_00018.ppm;25;0
25/00009_00019.ppm;25;0
25/00009_00020.ppm;25;0
25/00009_00021.ppm;25;0
25/00009_00022.ppm;25;0
25/00009_00023.ppm;25;0
25/00009_00024.ppm;25;0
25/00009_00025.ppm;25;0
25/00009_00026.ppm;25;0
25/00009_00027.ppm;25;0
25/00009_00028.ppm;25;0
25/00009_00029.ppm;25;0
25/00010_00000.ppm;25;0
25/00010_00001.ppm;25;0
25/00010_00002.ppm;25;0
25/00010_00003.ppm;25;0
25/00010_00004.ppm;25;0
25/00010_00005.ppm;25;0
25/00010_00006.ppm;25;0
25/00010_00007.ppm;25;0
25/00010_00008.ppm;25;0
25/00010_00009.ppm;25;0
25/00010_00010.ppm;25;0
25/00010_00011.ppm;25;0
25/00010_00012.ppm;25;0
25/00010_00013.ppm;25;0
25/00010_00014.ppm;25;0
25/00010_00015.ppm;25;0
25/00010_00016.ppm;25;0
25/00010_00017.ppm;25;0
25/00010_00018.ppm;25;0
25/00010_00019.ppm;25;0
25/00010_00020.ppm;25;0
25/00010_00021.ppm;25;0
25/00010_00022.ppm;25;0
25/00010_00023.ppm;25;0
25/00010_00024.ppm;25;0
25/00010_00025.ppm;25;0
25/00010_00026.ppm;25;0
25/00010_00027.ppm;25;0
25/00010_00028.ppm;25;0
25/00010_00029.ppm;25;0
25/00011_00000.ppm;25;0
25/00011_00001.ppm;25;0
25/00011_00002.ppm;25;0
25/00011_00003.ppm;25;0
25/00011_00004.ppm;25;0
25/00011_00005.ppm;25;0
25/00011_00006.ppm;25;0
25/00011_00007.ppm;25;0
25/00011_00008.ppm;25;0
25/00011_00009.ppm;25;0
25/00011_00010.ppm;25;0
25/00011_00011.ppm;25;0
25/00011_00012.ppm;25;0
25/00011_00013.ppm;25;0
25/00011_00014.ppm;25;0
25/00011_00015.ppm;25;0
25/00011_00016.ppm;25;0
25/00011_00017.ppm;25;0
25/00011_00018.ppm;25;0
25/00011_00019.ppm;25;0
25/00011_00020.ppm;25;0
25/00011_00021.ppm;25;0
25/00011_00022.ppm;25;0
25/00011_00023.ppm;25;0
25/00011_00024.ppm;25;0
25/00011_00025.ppm;25;0
25/00011_00026.ppm;25;0
25/00011_00027.ppm;25;0
25/00011_00028.ppm;25;0
25/00011_00029.ppm;25;0
25/00012_00000.ppm;25;0
25/00012_00001.ppm;25;0
25/00012_00002.ppm;25;0
25/00012_00003.ppm;25;0
25/00012_00004.ppm;25;0
25/00012_00005.ppm;25;0
25/00012_00006.ppm;25;0
25/00012_00007.ppm;25;0
25/00012_00008.ppm;25;0
25/00012_00009.ppm;25;0
25/00012_00010.ppm;25;0
25/00012_00011.ppm;25;0
25/00012_00012.ppm;25;0
25/00012_00013.ppm;25;0
25/00012_00014.ppm;25;0
25/00012_00015.ppm;25;0
25/00012_00016.ppm;25;0
25/00012_00017.ppm;25;0
25/00012_00018.ppm;25;0
25/00012_00019.ppm;25;0
25/00012_00020.ppm;25;0
25/00012_00021.ppm;25;0
25/00012_00022.ppm;25;0
25/00012_00023.ppm;25;0
25/00012_00024.ppm;25;0
25/00012_00025.ppm;25;0
25/00012_00026.ppm;25;0
25/00012_00027.ppm;25;0
25/00012_00028.ppm;25;0
25/00012_00029.ppm;25;0
25/00013_00000.ppm;25;0
25/00013_00001.ppm;25;0
25/00013_00002.ppm;25;0
25/00013_00003.ppm;25;0
25/00013_00004.ppm;25;0
25/00013_00005.ppm;25;0
25/00013_00006.ppm;25;0
25/00013_00007.ppm;25;0
25/00013_00008.ppm;25;0
25/00013_00009.ppm;25;0
25/00013_00010.ppm;25;0
25/00013_00011.ppm;25;0
25/00013_00012.ppm;25;0
25/00013_00013.ppm;25;0
25/00013_00014.ppm;25;0
25/00013_00015.ppm;25;0
25/00013_00016.ppm;25;0
25/00013_00017.ppm;25;0
25/00013_00018.ppm;25;0
25/00013_00019.ppm;25;0
25/00013_00020.ppm;25;0
25/00013_00021.ppm;25;0
25/00013_00022.ppm;25;0
25/00013_00023.ppm;25;0
25/00013_00024.ppm;25;0
25/00013_00025.ppm;25;0
25/00013_00026.ppm;25;0
25/00013_00027.ppm;25;0
25/00013_00028.ppm;25;0
25/00013_00029.ppm;25;0
25/00014_00000.ppm;25;0
25/00014_00001.ppm;25;0
25/00014_00002.ppm;25;0
25/00014_00003.ppm;25;0
25/00014_00004.ppm;25;0
25/00014_00005.ppm;25;0
25/00014_00006.ppm;25;0
25/00014_00007.ppm;25;0
25/00014_00008.ppm;25;0
25/00014_00009.ppm;25;0
25/00014_00010.ppm;25;0
25/00014_00011.ppm;25;0
25/00014_00012.ppm;25;0
25/00014_00013.ppm;25;0
25/00014_00014.ppm;25;0
25/00014_00015.ppm;25;0
25/00014_00016.ppm;25;0
25/00014_00017.ppm;25;0
25/00014_00018.ppm;25;0
25/00014_00019.ppm;25;0
25/00014_00020.ppm;25;0
25/00014_00021.ppm;25;0
25/00014_00022.ppm;25;0
25/00014_00023.ppm;25;0
25/00014_00024.ppm;25;0
25/00014_00025.ppm;25;0
25/00014_00026.ppm;25;0
25/00014_00027.ppm;25;0
25/00014_00028.ppm;25;0
25/00014_00029.ppm;25;0
25/00015_00000.ppm;25;0
25/00015_00001.ppm;25;0
25/00015_00002.ppm;25;0
25/00015_00003.ppm;25;0
25/00015_00004.ppm;25;0
25/00015_00005.ppm;25;0
25/00015_00006.ppm;25;0
25/00015_00007.ppm;25;0
25/00015_00008.ppm;25;0
25/00015_00009.ppm;25;0
25/00015_00010.ppm;25;0
25/00015_00011.ppm;25;0
25/00015_00012.ppm;25;0
25/00015_00013.ppm;25;0
25/00015_00014.ppm;25;0
25/00015_00015.ppm;25;0
25/00015_00016.ppm;25;0
25/00015_00017.ppm;25;0
25/00015_00018.ppm;25;0
25/00015_00019.ppm;25;0
25/00015_00020.ppm;25;0
25/00015_00021.ppm;25;0
25/00015_00022.ppm;25;0
25/00015_00023.ppm;25;0
25/00015_00024.ppm;25;0
25/00015_00025.ppm;25;0
25/00015_00026.ppm;25;0
25/00015_00027.ppm;25;0
25/00015_00028.ppm;25;0
25/00015_00029.ppm;25;0
25/00016_00000.ppm;25;0
25/00016_00001.ppm;25;0
25/00016_00002.ppm;25;0
25/00016_00003.ppm;25;0
25/00016_00004.ppm;25;0
25/00016_00005.ppm;25;0
25/00016_00006.ppm;25;0
25/00016_00007.ppm;25;0
25/00016_00008.ppm;25;0
25/00016_00009.ppm;25;0
25/00016_00010.ppm;25;0
25/00016_00011.ppm;25;0
25/00016_00012.ppm;25;0
25/00016_00013.ppm;25;0
25/00016_00014.ppm;25;0
25/00016_00015.ppm;25;0
25/00016_00016.ppm;25;0
25/00016_00017.ppm;25;0
25/00016_00018.ppm;25;0
25/00016_00019.ppm;25;0
25/00016_00020.ppm;25;0
25/00016_00021.ppm;25;0
25/00016_00022.ppm;25;0
25/00016_00023.ppm;25;0
25/00016_00024.ppm;25;0
25/00016_00025.ppm;25;0
25/00016_00026.ppm;25;0
25/00016_00027.ppm;25;0
25/00016_00028.ppm;25;0
25/00016_00029.ppm;25;0
25/00017_00000.ppm;25;0
25/00017_00001.ppm;25;0
25/00017_00002.ppm;25;0
25/00017_00003.ppm;25;0
25/00017_00004.ppm;25;0
25/00017_00005.ppm;25;0
25/00017_00006.ppm;25;0
25/00017_00007.ppm;25;0
25/00017_00008.ppm;25;0
25/00017_00009.ppm;25;0
25/00017_00010.ppm;25;0
25/00017_00011.ppm;25;0
25/00017_00012.ppm;25;0
25/00017_00013.ppm;25;0
25/00017_00014.ppm;25;0
25/00017_00015.ppm;25;0
25/00017_00016.ppm;25;0
25/00017_00017.ppm;25;0
25/00017_00018.ppm;25;0
25/00017_00019.ppm;25;0
25/00017_00020.ppm;25;0
25/00017_00021.ppm;25;0
25/00017_00022.ppm;25;0
25/00017_00023.ppm;25;0
25/00017_00024.ppm;25;0
25/00017_00025.ppm;25;0
25/00017_00026.ppm;25;0
25/00017_00027.ppm;25;0
25/00017_00028.ppm;25;0
25/00017_00029.ppm;25;0
25/00018_00000.ppm;25;0
25/00018_00001.ppm;25;0
25/00018_00002.ppm;25;0
25/00018_00003.ppm;25;0
25/00018_00004.ppm;25;0
25/00018_00005.ppm;25;0
25/00018_00006.ppm;25;0
25/00018_00007.ppm;25;0
25/00018_00008.ppm;25;0
25/00018_00009.ppm;25;0
25/00018_00010.ppm;25;0
25/00018_00011.ppm;25;0
25/00018_00012.ppm;25;0
25/00018_00013.ppm;25;0
25/00018_00014.ppm;25;0
25/00018_00015.ppm;25;0
25/00018_00016.ppm;25;0
25/00018_00017.ppm;25;0
25/00018_00018.ppm;25;0
25/00018_00019.ppm;25;0
25/00018_00020.ppm;25;0
25/00018_00021.ppm;25;0
25/00018_00022.ppm;25;0
25/00018_00023.ppm;25;0
25/00018_00024.ppm;25;0
25/00018_00025.ppm;25;0
25/00018_00026.ppm;25;0
25/00018_00027.ppm;25;0
25/00018_00028.ppm;25;0
25/00018_00029.ppm;25;0
25/00019_00000.ppm;25;0
25/00019_00001.ppm;25;0
25/00019_00002.ppm;25;0
25/00019_00003.ppm;25;0
25/00019_00004.ppm;25;0
25/00019_00005.ppm;25;0
25/00019_00006.ppm;25;0
25/00019_00007.ppm;25;0
25/00019_00008.ppm;25;0
25/00019_00009.ppm;25;0
25/00019_00010.ppm;25;0
25/00019_00011.ppm;25;0
25/00019_00012.ppm;25;0
25/00019_00013.ppm;25;0
25/00019_00014.ppm;25;0
25/00019_00015.ppm;25;0
25/00019_00016.ppm;25;0
25/00019_00017.ppm;25;0
25/00019_00018.ppm;25;0
25/00019_00019.ppm;25;0
25/00019_00020.ppm;25;0
25/00019_00021.ppm;25;0
25/00019_00022.ppm;25;0
25/00019_00023.ppm;25;0
25/00019_00024.ppm;25;0
25/00019_00025.ppm;25;0
25/00019_00026.ppm;25;0
25/00019_00027.ppm;25;0
25/00019_00028.ppm;25;0
25/00019_00029.ppm;25;0
25/00020_00000.ppm;25;0
25/00020_00001.ppm;25;0
25/00020_00002.ppm;25;0
25/00020_00003.ppm;25;0
25/00020_00004.ppm;25;0
25/00020_00005.ppm;25;0
25/00020_00006.ppm;25;0
25/00020_00007.ppm;25;0
25/00020_00008.ppm;25;0
25/00020_00009.ppm;25;0
25/00020_00010.ppm;25;0
25/00020_00011.ppm;25;0
25/00020_00012.ppm;25;0
25/00020_00013.ppm;25;0
25/00020_00014.ppm;25;0
25/00020_00015.ppm;25;0
25/00020_00016.ppm;25;0
25/00020_00017.ppm;25;0
25/00020_00018.ppm;25;0
25/00020_00019.ppm;25;0
25/00020_00020.ppm;25;0
25/00020_00021.ppm;25;0
25/00020_00022.ppm;25;0
25/00020_00023.ppm;25;0
25/00020_00024.ppm;25;0
25/00020_00025.ppm;25;0
25/00020_00026.ppm;25;0
25/00020_00027.ppm;25;0
25/00020_00028.ppm;25;0
25/00020_00029.ppm;25;0
25/00021_00000.ppm;25;0
25/00021_00001.ppm;25;0
25/00021_00002.ppm;25;0
25/00021_00003.ppm;25;0
25/00021_00004.ppm;25;0
25/00021_00005.ppm;25;0
25/00021_00006.ppm;25;0
25/00021_00007.ppm;25;0
25/00021_00008.ppm;25;0
25/00021_00009.ppm;25;0
25/00021_00010.ppm;25;0
25/00021_00011.ppm;25;0
25/00021_00012.ppm;25;0
25/00021_00013.ppm;25;0
25/00021_00014.ppm;25;0
25/00021_00015.ppm;25;0
25/00021_00016.ppm;25;0
25/00021_00017.ppm;25;0
25/00021_00018.ppm;25;0
25/00021_00019.ppm;25;0
25/00021_00020.ppm;25;0
25/00021_00021.ppm;25;0
25/00021_00022.ppm;25;0
25/00021_00023.ppm;25;0
25/00021_00024.ppm;25;0
25/00021_00025.ppm;25;0
25/00021_00026.ppm;25;0
25/00021_00027.ppm;25;0
25/00021_00028.ppm;25;0
25/00021_00029.ppm;25;0
25/00022_00000.ppm;25;0
25/00022_00001.ppm;25;0
25/00022_00002.ppm;25;0
25/00022_00003.ppm;25;0
25/00022_00004.ppm;25;0
25/00022_00005.ppm;25;0
25/00022_00006.ppm;25;0
25/00022_00007.ppm;25;0
25/00022_00008.ppm;25;0
25/00022_00009.ppm;25;0
25/00022_00010.ppm;25;0
25/00022_00011.ppm;25;0
25/00022_00012.ppm;25;0
25/00022_00013.ppm;25;0
25/00022_00014.ppm;25;0
25/00022_00015.ppm;25;0
25/00022_00016.ppm;25;0
25/00022_00017.ppm;25;0
25/00022_00018.ppm;25;0
25/00022_00019.ppm;25;0
25/00022_00020.ppm;25;0
25/00022_00021.ppm;25;0
25/00022_00022.ppm;25;0
25/00022_00023.ppm;25;0
25/00022_00024.ppm;25;0
25/00022_00025.ppm;25;0
25/00022_00026.ppm;25;0
25/00022_00027.ppm;25;0
25/00022_00028.ppm;25;0
25/00022_00029.ppm;25;0
25/00023_00000.ppm;25;0
25/00023_00001.ppm;25;0
25/00023_00002.ppm;25;0
25/00023_00003.ppm;25;0
25/00023_00004.ppm;25;0
25/00023_00005.ppm;25;0
25/00023_00006.ppm;25;0
25/00023_00007.ppm;25;0
25/00023_00008.ppm;25;0
25/00023_00009.ppm;25;0
25/00023_00010.ppm;25;0
25/00023_00011.ppm;25;0
25/00023_00012.ppm;25;0
25/00023_00013.ppm;25;0
25/00023_00014.ppm;25;0
25/00023_00015.ppm;25;0
25/00023_00016.ppm;25;0
25/00023_00017.ppm;25;0
25/00023_00018.ppm;25;0
25/00023_00019.ppm;25;0
25/00023_00020.ppm;25;0
25/00023_00021.ppm;25;0
25/00023_00022.ppm;25;0
25/00023_00023.ppm;25;0
25/00023_00024.ppm;25;0
25/00023_00025.ppm;25;0
25/00023_00026.ppm;25;0
25/00023_00027.ppm;25;0
25/00023_00028.ppm;25;0
25/00023_00029.ppm;25;0
25/00024_00000.ppm;25;0
25/00024_00001.ppm;25;0
25/00024_00002.ppm;25;0
25/00024_00003.ppm;25;0
25/00024_00004.ppm;25;0
25/00024_00005.ppm;25;0
25/00024_00006.ppm;25;0
25/00024_00007.ppm;25;0
25/00024_00008.ppm;25;0
25/00024_00009.ppm;25;0
25/00024_00010.ppm;25;0
25/00024_00011.ppm;25;0
25/00024_00012.ppm;25;0
25/00024_00013.ppm;25;0
25/00024_00014.ppm;25;0
25/00024_00015.ppm;25;0
25/00024_00016.ppm;25;0
25/00024_00017.ppm;25;0
25/00024_00018.ppm;25;0
25/00024_00019.ppm;25;0
25/00024_00020.ppm;25;0
25/00024_00021.ppm;25;0
25/00024_00022.ppm;25;0
25/00024_00023.ppm;25;0
25/00024_00024.ppm;25;0
25/00024_00025.ppm;25;0
25/00024_00026.ppm;25;0
25/00024_00027.ppm;25;0
25/00024_00028.ppm;25;0
25/00024_00029.ppm;25;0
25/00025_00000.ppm;25;0
25/00025_00001.ppm;25;0
25/00025_00002.ppm;25;0
25/00025_00003.ppm;25;0
25/00025_00004.ppm;25;0
25/00025_00005.ppm;25;0
25/00025_00006.ppm;25;0
25/00025_00007.ppm;25;0
25/00025_00008.ppm;25;0
25/00025_00009.ppm;25;0
25/00025_00010.ppm;25;0
25/00025_00011.ppm;25;0
25/00025_00012.ppm;25;0
25/00025_00013.ppm;25;0
25/00025_00014.ppm;25;0
25/00025_00015.ppm;25;0
25/00025_00016.ppm;25;0
25/00025_00017.ppm;25;0
25/00025_00018.ppm;25;0
25/00025_00019.ppm;25;0
25/00025_00020.ppm;25;0
25/00025_00021.ppm;25;0
25/00025_00022.ppm;25;0
25/00025_00023.ppm;25;0
25/00025_00024.ppm;25;0
25/00025_00025.ppm;25;0
25/00025_00026.ppm;25;0
25/00025_00027.ppm;25;0
25/00025_00028.ppm;25;0
25/00025_00029.ppm;25;0
25/00026_00000.ppm;25;0
25/00026_00001.ppm;25;0
25/00026_00002.ppm;25;0
25/00026_00003.ppm;25;0
25/00026_00004.ppm;25;0
25/00026_00005.ppm;25;0
25/00026_00006.ppm;25;0
25/00026_00007.ppm;25;0
25/00026_00008.ppm;25;0
25/00026_00009.ppm;25;0
25/00026_00010.ppm;25;0
25/00026_00011.ppm;25;0
25/00026_00012.ppm;25;0
25/00026_00013.ppm;25;0
25/00026_00014.ppm;25;0
25/00026_00015.ppm;25;0
25/00026_00016.ppm;25;0
25/00026_00017.ppm;25;0
25/00026_00018.ppm;25;0
25/00026_00019.ppm;25;0
25/00026_00020.ppm;25;0
25/00026_00021.ppm;25;0
25/00026_00022.ppm;25;0
25/00026_00023.ppm;25;0
25/00026_00024.ppm;25;0
25/00026_00025.ppm;25;0
25/00026_00026.ppm;25;0
25/00026_00027.ppm;25;0
25/00026_00028.ppm;25;0
25/00026_00029.ppm;25;0
25/00027_00000.ppm;25;0
25/00027_00001.ppm;25;0
25/00027_00002.ppm;25;0
25/00027_00003.ppm;25;0
25/00027_00004.ppm;25;0
25/00027_00005.ppm;25;0
25/00027_00006.ppm;25;0
25/00027_00007.ppm;25;0
25/00027_00008.ppm;25;0
25/00027_00009.ppm;25;0
25/00027_00010.ppm;25;0
25/00027_00011.ppm;25;0
25/00027_00012.ppm;25;0
25/00027_00013.ppm;25;0
25/00027_00014.ppm;25;0
25/00027_00015.ppm;25;0
25/00027_00016.ppm;25;0
25/00027_00017.ppm;25;0
25/00027_00018.ppm;25;0
25/00027_00019.ppm;25;0
25/00027_00020.ppm;25;0
25/00027_00021.ppm;25;0
25/00027_00022.ppm;25;0
25/00027_00023.ppm;25;0
25/00027_00024.ppm;25;0
25/00027_00025.ppm;25;0
25/00027_00026.ppm;25;0
25/00027_00027.ppm;25;0
25/00027_00028.ppm;25;0
25/00027_00029.ppm;25;0
25/00028_00000.ppm;25;0
25/00028_00001.ppm;25;0
25/00028_00002.ppm;25;0
25/00028_00003.ppm;25;0
25/00028_00004.ppm;25;0
25/00028_00005.ppm;25;0
25/00028_00006.ppm;25;0
25/00028_00007.ppm;25;0
25/00028_00008.ppm;25;0
25/00028_00009.ppm;25;0
25/00028_00010.ppm;25;0
25/00028_00011.ppm;25;0
25/00028_00012.ppm;25;0
25/00028_00013.ppm;25;0
25/00028_00014.ppm;25;0
25/00028_00015.ppm;25;0
25/00028_00016.ppm;25;0
25/00028_00017.ppm;25;0
25/00028_00018.ppm;25;0
25/00028_00019.ppm;25;0
25/00028_00020.ppm;25;0
25/00028_00021.ppm;25;0
25/00028_00022.ppm;25;0
25/00028_00023.ppm;25;0
25/00028_00024.ppm;25;0
25/00028_00025.ppm;25;0
25/00028_00026.ppm;25;0
25/00028_00027.ppm;25;0
25/00028_00028.ppm;25;0
25/00028_00029.ppm;25;0
25/00029_00000.ppm;25;0
25/00029_00001.ppm;25;0
25/00029_00002.ppm;25;0
25/00029_00003.ppm;25;0
25/00029_00004.ppm;25;0
25/00029_00005.ppm;25;0
25/00029_00006.ppm;25;0
25/00029_00007.ppm;25;0
25/00029_00008.ppm;25;0
25/00029_00009.ppm;25;0
25/00029_00010.ppm;25;0
25/00029_00011.ppm;25;0
25/00029_00012.ppm;25;0
25/00029_00013.ppm;25;0
25/00029_00014.ppm;25;0
25/00029_00015.ppm;25;0
25/00029_00016.ppm;25;0
25/00029_00017.ppm;25;0
25/00029_00018.ppm;25;0
25/00029_00019.ppm;25;0
25/00029_00020.ppm;25;0
25/00029_00021.ppm;25;0
25/00029_00022.ppm;25;0
25/00029_00023.ppm;25;0
25/00029_00024.ppm;25;0
25/00029_00025.ppm;25;0
25/00029_00026.ppm;25;0
25/00029_00027.ppm;25;0
25/00029_00028.ppm;25;0
25/00029_00029.ppm;25;0
25/00030_00000.ppm;25;0
25/00030_00001.ppm;25;0
25/00030_00002.ppm;25;0
25/00030_00003.ppm;25;0
25/00030_00004.ppm;25;0
25/00030_00005.ppm;25;0
25/00030_00006.ppm;25;0
25/00030_00007.ppm;25;0
25/00030_00008.ppm;25;0
25/00030_00009.ppm;25;0
25/00030_00010.ppm;25;0
25/00030_00011.ppm;25;0
25/00030_00012.ppm;25;0
25/00030_00013.ppm;25;0
25/00030_00014.ppm;25;0
25/00030_00015.ppm;25;0
25/00030_00016.ppm;25;0
25/00030_00017.ppm;25;0
25/00030_00018.ppm;25;0
25/00030_00019.ppm;25;0
25/00030_00020.ppm;25;0
25/00030_00021.ppm;25;0
25/00030_00022.ppm;25;0
25/00030_00023.ppm;25;0
25/00030_00024.ppm;25;0
25/00030_00025.ppm;25;0
25/00030_00026.ppm;25;0
25/00030_00027.ppm;25;0
25/00030_00028.ppm;25;0
25/00030_00029.ppm;25;0
25/00031_00000.ppm;25;0
25/00031_00001.ppm;25;0
25/00031_00002.ppm;25;0
25/00031_00003.ppm;25;0
25/00031_00004.ppm;25;0
25/00031_00005.ppm;25;0
25/00031_00006.ppm;25;0
25/00031_00007.ppm;25;0
25/00031_00008.ppm;25;0
25/00031_00009.ppm;25;0
25/00031_00010.ppm;25;0
25/00031_00011.ppm;25;0
25/00031_00012.ppm;25;0
25/00031_00013.ppm;25;0
25/00031_00014.ppm;25;0
25/00031_00015.ppm;25;0
25/00031_00016.ppm;25;0
25/00031_00017.ppm;25;0
25/00031_00018.ppm;25;0
25/00031_00019.ppm;25;0
25/00031_00020.ppm;25;0
25/00031_00021.ppm;25;0
25/00031_00022.ppm;25;0
25/00031_00023.ppm;25;0
25/00031_00024.ppm;25;0
25/00031_00025.ppm;25;0
25/00031_00026.ppm;25;0
25/00031_00027.ppm;25;0
25/00031_00028.ppm;25;0
25/00031_00029.ppm;25;0
25/00032_00000.ppm;25;0
25/00032_00001.ppm;25;0
25/00032_00002.ppm;25;0
25/00032_00003.ppm;25;0
25/00032_00004.ppm;25;0
25/00032_00005.ppm;25;0
25/00032_00006.ppm;25;0
25/00032_00007.ppm;25;0
25/00032_00008.ppm;25;0
25/00032_00009.ppm;25;0
25/00032_00010.ppm;25;0
25/00032_00011.ppm;25;0
25/00032_00012.ppm;25;0
25/00032_00013.ppm;25;0
25/00032_00014.ppm;25;0
25/00032_00015.ppm;25;0
25/00032_00016.ppm;25;0
25/00032_00017.ppm;25;0
25/00032_00018.ppm;25;0
25/00032_00019.ppm;25;0
25/00032_00020.ppm;25;0
25/00032_00021.ppm;25;0
25/00032_00022.ppm;25;0
25/00032_00023.ppm;25;0
25/00032_00024.ppm;25;0
25/00032_00025.ppm;25;0
25/00032_00026.ppm;25;0
25/00032_00027.ppm;25;0
25/00032_00028.ppm;25;0
25/00032_00029.ppm;25;0
25/00033_00000.ppm;25;0
25/00033_00001.ppm;25;0
25/00033_00002.ppm;25;0
25/00033_00003.ppm;25;0
25/00033_00004.ppm;25;0
25/00033_00005.ppm;25;0
25/00033_00006.ppm;25;0
25/00033_00007.ppm;25;0
25/00033_00008.ppm;25;0
25/00033_00009.ppm;25;0
25/00033_00010.ppm;25;0
25/00033_00011.ppm;25;0
25/00033_00012.ppm;25;0
25/00033_00013.ppm;25;0
25/00033_00014.ppm;25;0
25/00033_00015.ppm;25;0
25/00033_00016.ppm;25;0
25/00033_00017.ppm;25;0
25/00033_00018.ppm;25;0
25/00033_00019.ppm;25;0
25/00033_00020.ppm;25;0
25/00033_00021.ppm;25;0
25/00033_00022.ppm;25;0
25/00033_00023.ppm;25;0
25/00033_00024.ppm;25;0
25/00033_00025.ppm;25;0
25/00033_00026.ppm;25;0
25/00033_00027.ppm;25;0
25/00033_00028.ppm;25;0
25/00033_00029.ppm;25;0
26/00000_00000.ppm;26;0
26/00000_00001.ppm;26;0
26/00000_00002.ppm;26;0
26/00000_00003.ppm;26;0
26/00000_00004.ppm;26;0
26/00000_00005.ppm;26;0
26/00000_00006.ppm;26;0
26/00000_00007.ppm;26;0
26/00000_00008.ppm;26;0
26/00000_00009.ppm;26;0
26/00000_00010.ppm;26;0
26/00000_00011.ppm;26;0
26/00000_00012.ppm;26;0
26/00000_00013.ppm;26;0
26/00000_00014.ppm;26;0
26/00000_00015.ppm;26;0
26/00000_00016.ppm;26;0
26/00000_00017.ppm;26;0
26/00000_00018.ppm;26;0
26/00000_00019.ppm;26;0
26/00000_00020.ppm;26;0
26/00000_00021.ppm;26;0
26/00000_00022.ppm;26;0
26/00000_00023.ppm;26;0
26/00000_00024.ppm;26;0
26/00000_00025.ppm;26;0
26/00000_00026.ppm;26;0
26/00000_00027.ppm;26;0
26/00000_00028.ppm;26;0
26/00000_00029.ppm;26;0
26/00001_00000.ppm;26;0
26/00001_00001.ppm;26;0
26/00001_00002.ppm;26;0
26/00001_00003.ppm;26;0
26/00001_00004.ppm;26;0
26/00001_00005.ppm;26;0
26/00001_00006.ppm;26;0
26/00001_00007.ppm;26;0
26/00001_00008.ppm;26;0
26/00001_00009.ppm;26;0
26/00001_00010.ppm;26;0
26/00001_00011.ppm;26;0
26/00001_00012.ppm;26;0
26/00001_00013.ppm;26;0
26/00001_00014.ppm;26;0
26/00001_00015.ppm;26;0
26/00001_00016.ppm;26;0
26/00001_00017.ppm;26;0
26/00001_00018.ppm;26;0
26/00001_00019.ppm;26;0
26/00001_00020.ppm;26;0
26/00001_00021.ppm;26;0
26/00001_00022.ppm;26;0
26/00001_00023.ppm;26;0
26/00001_00024.ppm;26;0
26/00001_00025.ppm;26;0
26/00001_00026.ppm;26;0
26/00001_00027.ppm;26;0
26/00001_00028.ppm;26;0
26/00001_00029.ppm;26;0
26/00002_00000.ppm;26;0
26/00002_00001.ppm;26;0
26/00002_00002.ppm;26;0
26/00002_00003.ppm;26;0
26/00002_00004.ppm;26;0
26/00002_00005.ppm;26;0
26/00002_00006.ppm;26;0
26/00002_00007.ppm;26;0
26/00002_00008.ppm;26;0
26/00002_00009.ppm;26;0
26/00002_00010.ppm;26;0
26/00002_00011.ppm;26;0
26/00002_00012.ppm;26;0
26/00002_00013.ppm;26;0
26/00002_00014.ppm;26;0
26/00002_00015.ppm;26;0
26/00002_00016.ppm;26;0
26/00002_00017.ppm;26;0
26/00002_00018.ppm;26;0
26/00002_00019.ppm;26;0
26/00002_00020.ppm;26;0
26/00002_00021.ppm;26;0
26/00002_00022.ppm;26;0
26/00002_00023.ppm;26;0
26/00002_00024.ppm;26;0
26/00002_00025.ppm;26;0
26/00002_00026.ppm;26;0
26/00002_00027.ppm;26;0
26/00002_00028.ppm;26;0
26/00002_00029.ppm;26;0
26/00003_00000.ppm;26;0
26/00003_00001.ppm;26;0
26/00003_00002.ppm;26;0
26/00003_00003.ppm;26;0
26/00003_00004.ppm;26;0
26/00003_00005.ppm;26;0
26/00003_00006.ppm;26;0
26/00003_00007.ppm;26;0
26/00003_00008.ppm;26;0
26/00003_00009.ppm;26;0
26/00003_00010.ppm;26;0
26/00003_00011.ppm;26;0
26/00003_00012.ppm;26;0
26/00003_00013.ppm;26;0
26/00003_00014.ppm;26;0
26/00003_00015.ppm;26;0
26/00003_00016.ppm;26;0
26/00003_00017.ppm;26;0
26/00003_00018.ppm;26;0
26/00003_00019.ppm;26;0
26/00003_00020.ppm;26;0
26/00003_00021.ppm;26;0
26/00003_00022.ppm;26;0
26/00003_00023.ppm;26;0
26/00003_00024.ppm;26;0
26/00003_00025.ppm;26;0
26/00003_00026.ppm;26;0
26/00003_00027.ppm;26;0
26/00003_00028.ppm;26;0
26/00003_00029.ppm;26;0
26/00004_00000.ppm;26;0
26/00004_00001.ppm;26;0
26/00004_00002.ppm;26;0
26/00004_00003.ppm;26;0
26/00004_00004.ppm;26;0
26/00004_00005.ppm;26;0
26/00004_00006.ppm;26;0
26/00004_00007.ppm;26;0
26/00004_00008.ppm;26;0
26/00004_00009.ppm;26;0
26/00004_00010.ppm;26;0
26/00004_00011.ppm;26;0
26/00004_00012.ppm;26;0
26/00004_00013.ppm;26;0
26/00004_00014.ppm;26;0
26/00004_00015.ppm;26;0
26/00004_00016.ppm;26;0
26/00004_00017.ppm;26;0
26/00004_00018.ppm;26;0
26/00004_00019.ppm;26;0
26/00004_00020.ppm;26;0
26/00004_00021.ppm;26;0
26/00004_00022.ppm;26;0
26/00004_00023.ppm;26;0
26/00004_00024.ppm;26;0
26/00004_00025.ppm;26;0
26/00004_00026.ppm;26;0
26/00004_00027.ppm;26;0
26/00004_00028.ppm;26;0
26/00004_00029.ppm;26;0
26/00005_00000.ppm;26;0
26/00005_00001.ppm;26;0
26/00005_00002.ppm;26;0
26/00005_00003.ppm;26;0
26/00005_00004.ppm;26;0
26/00005_00005.ppm;26;0
26/00005_00006.ppm;26;0
26/00005_00007.ppm;26;0
26/00005_00008.ppm;26;0
26/00005_00009.ppm;26;0
26/00005_00010.ppm;26;0
26/00005_00011.ppm;26;0
26/00005_00012.ppm;26;0
26/00005_00013.ppm;26;0
26/00005_00014.ppm;26;0
26/00005_00015.ppm;26;0
26/00005_00016.ppm;26;0
26/00005_00017.ppm;26;0
26/00005_00018.ppm;26;0
26/00005_00019.ppm;26;0
26/00005_00020.ppm;26;0
26/00005_00021.ppm;26;0
26/00005_00022.ppm;26;0
26/00005_00023.ppm;26;0
26/00005_00024.ppm;26;0
26/00005_00025.ppm;26;0
26/00005_00026.ppm;26;0
26/00005_00027.ppm;26;0
26/00005_00028.ppm;26;0
26/00005_00029.ppm;26;0
26/00006_00000.ppm;26;0
26/00006_00001.ppm;26;0
26/00006_00002.ppm;26;0
26/00006_00003.ppm;26;0
26/00006_00004.ppm;26;0
26/00006_00005.ppm;26;0
26/00006_00006.ppm;26;0
26/00006_00007.ppm;26;0
26/00006_00008.ppm;26;0
26/00006_00009.ppm;26;0
26/00006_00010.ppm;26;0
26/00006_00011.ppm;26;0
26/00006_00012.ppm;26;0
26/00006_00013.ppm;26;0
26/00006_00014.ppm;26;0
26/00006_00015.ppm;26;0
26/00006_00016.ppm;26;0
26/00006_00017.ppm;26;0
26/00006_00018.ppm;26;0
26/00006_00019.ppm;26;0
26/00006_00020.ppm;26;0
26/00006_00021.ppm;26;0
26/00006_00022.ppm;26;0
26/00006_00023.ppm;26;0
26/00006_00024.ppm;26;0
26/00006_00025.ppm;26;0
26/00006_00026.ppm;26;0
26/00006_00027.ppm;26;0
26/00006_00028.ppm;26;0
26/00006_00029.ppm;26;0
26/00007_00000.ppm;26;0
26/00007_00001.ppm;26;0
26/00007_00002.ppm;26;0
26/00007_00003.ppm;26;0
26/00007_00004.ppm;26;0
26/00007_00005.ppm;26;0
26/00007_00006.ppm;26;0
26/00007_00007.ppm;26;0
26/00007_00008.ppm;26;0
26/00007_00009.ppm;26;0
26/00007_00010.ppm;26;0
26/00007_00011.ppm;26;0
26/00007_00012.ppm;26;0
26/00007_00013.ppm;26;0
26/00007_00014.ppm;26;0
26/00007_00015.ppm;26;0
26/00007_00016.ppm;26;0
26/00007_00017.ppm;26;0
26/00007_00018.ppm;26;0
26/00007_00019.ppm;26;0
26/00007_00020.ppm;26;0
26/00007_00021.ppm;26;0
26/00007_00022.ppm;26;0
26/00007_00023.ppm;26;0
26/00007_00024.ppm;26;0
26/00007_00025.ppm;26;0
26/00007_00026.ppm;26;0
26/00007_00027.ppm;26;0
26/00007_00028.ppm;26;0
26/00007_00029.ppm;26;0
26/00008_00000.ppm;26;0
26/00008_00001.ppm;26;0
26/00008_00002.ppm;26;0
26/00008_00003.ppm;26;0
26/00008_00004.ppm;26;0
26/00008_00005.ppm;26;0
26/00008_00006.ppm;26;0
26/00008_00007.ppm;26;0
26/00008_00008.ppm;26;0
26/00008_00009.ppm;26;0
26/00008_00010.ppm;26;0
26/00008_00011.ppm;26;0
26/00008_00012.ppm;26;0
26/00008_00013.ppm;26;0
26/00008_00014.ppm;26;0
26/00008_00015.ppm;26;0
26/00008_00016.ppm;26;0
26/00008_00017.ppm;26;0
26/00008_00018.ppm;26;0
26/00008_00019.ppm;26;0
26/00008_00020.ppm;26;0
26/00008_00021.ppm;26;0
26/00008_00022.ppm;26;0
26/00008_00023.ppm;26;0
26/00008_00024.ppm;26;0
26/00008_00025.ppm;26;0
26/00008_00026.ppm;26;0
26/00008_00027.ppm;26;0
26/00008_00028.ppm;26;0
26/00008_00029.ppm;26;0
26/00009_00000.ppm;26;0
26/00009_00001.ppm;26;0
26/00009_00002.ppm;26;0
26/00009_00003.ppm;26;0
26/00009_00004.ppm;26;0
26/00009_00005.ppm;26;0
26/00009_00006.ppm;26;0
26/00009_00007.ppm;26;0
26/00009_00008.ppm;26;0
26/00009_00009.ppm;26;0
26/00009_00010.ppm;26;0
26/00009_00011.ppm;26;0
26/00009_00012.ppm;26;0
26/00009_00013.ppm;26;0
26/00009_00014.ppm;26;0
26/00009_00015.ppm;26;0
26/00009_00016.ppm;26;0
26/00009_00017.ppm;26;0
26/00009_00018.ppm;26;0
26/00009_00019.ppm;26;0
26/00009_00020.ppm;26;0
26/00009_00021.ppm;26;0
26/00009_00022.ppm;26;0
26/00009_00023.ppm;26;0
26/00009_00024.ppm;26;0
26/00009_00025.ppm;26;0
26/00009_00026.ppm;26;0
26/00009_00027.ppm;26;0
26/00009_00028.ppm;26;0
26/00009_00029.ppm;26;0
26/00010_00000.ppm;26;0
26/00010_00001.ppm;26;0
26/00010_00002.ppm;26;0
26/00010_00003.ppm;26;0
26/00010_00004.ppm;26;0
26/00010_00005.ppm;26;0
26/00010_00006.ppm;26;0
26/00010_00007.ppm;26;0
26/00010_00008.ppm;26;0
26/00010_00009.ppm;26;0
26/00010_00010.ppm;26;0
26/00010_00011.ppm;26;0
26/00010_00012.ppm;26;0
26/00010_00013.ppm;26;0
26/00010_00014.ppm;26;0
26/00010_00015.ppm;26;0
26/00010_00016.ppm;26;0
26/00010_00017.ppm;26;0
26/00010_00018.ppm;26;0
26/00010_00019.ppm;26;0
26/00010_00020.ppm;26;0
26/00010_00021.ppm;26;0
26/00010_00022.ppm;26;0
26/00010_00023.ppm;26;0
26/00010_00024.ppm;26;0
26/00010_00025.ppm;26;0
26/00010_00026.ppm;26;0
26/00010_00027.ppm;26;0
26/00010_00028.ppm;26;0
26/00010_00029.ppm;26;0
26/00011_00000.ppm;26;0
26/00011_00001.ppm;26;0
26/00011_00002.ppm;26;0
26/00011_00003.ppm;26;0
26/00011_00004.ppm;26;0
26/00011_00005.ppm;26;0
26/00011_00006.ppm;26;0
26/00011_00007.ppm;26;0
26/00011_00008.ppm;26;0
26/00011_00009.ppm;26;0
26/00011_00010.ppm;26;0
26/00011_00011.ppm;26;0
26/00011_00012.ppm;26;0
26/00011_00013.ppm;26;0
26/00011_00014.ppm;26;0
26/00011_00015.ppm;26;0
26/00011_00016.ppm;26;0
26/00011_00017.ppm;26;0
26/00011_00018.ppm;26;0
26/00011_00019.ppm;26;0
26/00011_00020.ppm;26;0
26/00011_00021.ppm;26;0
26/00011_00022.ppm;26;0
26/00011_00023.ppm;26;0
26/00011_00024.ppm;26;0
26/00011_00025.ppm;26;0
26/00011_00026.ppm;26;0
26/00011_00027.ppm;26;0
26/00011_00028.ppm;26;0
26/00011_00029.ppm;26;0
26/00012_00000.ppm;26;0
26/00012_00001.ppm;26;0
26/00012_00002.ppm;26;0
26/00012_00003.ppm;26;0
26/00012_00004.ppm;26;0
26/00012_00005.ppm;26;0
26/00012_00006.ppm;26;0
26/00012_00007.ppm;26;0
26/00012_00008.ppm;26;0
26/00012_00009.ppm;26;0
26/00012_00010.ppm;26;0
26/00012_00011.ppm;26;0
26/00012_00012.ppm;26;0
26/00012_00013.ppm;26;0
26/00012_00014.ppm;26;0
26/00012_00015.ppm;26;0
26/00012_00016.ppm;26;0
26/00012_00017.ppm;26;0
26/00012_00018.ppm;26;0
26/00012_00019.ppm;26;0
26/00012_00020.ppm;26;0
26/00012_00021.ppm;26;0
26/00012_00022.ppm;26;0
26/00012_00023.ppm;26;0
26/00012_00024.ppm;26;0
26/00012_00025.ppm;26;0
26/00012_00026.ppm;26;0
26/00012_00027.ppm;26;0
26/00012_00028.ppm;26;0
26/00012_00029.ppm;26;0
26/00013_00000.ppm;26;0
26/00013_00001.ppm;26;0
26/00013_00002.ppm;26;0
26/00013_00003.ppm;26;0
26/00013_00004.ppm;26;0
26/00013_00005.ppm;26;0
26/00013_00006.ppm;26;0
26/00013_00007.ppm;26;0
26/00013_00008.ppm;26;0
26/00013_00009.ppm;26;0
26/00013_00010.ppm;26;0
26/00013_00011.ppm;26;0
26/00013_00012.ppm;26;0
26/00013_00013.ppm;26;0
26/00013_00014.ppm;26;0
26/00013_00015.ppm;26;0
26/00013_00016.ppm;26;0
26/00013_00017.ppm;26;0
26/00013_00018.ppm;26;0
26/00013_00019.ppm;26;0
26/00013_00020.ppm;26;0
26/00013_00021.ppm;26;0
26/00013_00022.ppm;26;0
26/00013_00023.ppm;26;0
26/00013_00024.ppm;26;0
26/00013_00025.ppm;26;0
26/00013_00026.ppm;26;0
26/00013_00027.ppm;26;0
26/00013_00028.ppm;26;0
26/00013_00029.ppm;26;0
27/00000_00000.ppm;27;0
27/00000_00001.ppm;27;0
27/00000_00002.ppm;27;0
27/00000_00003.ppm;27;0
27/00000_00004.ppm;27;0
27/00000_00005.ppm;27;0
27/00000_00006.ppm;27;0
27/00000_00007.ppm;27;0
27/00000_00008.ppm;27;0
27/00000_00009.ppm;27;0
27/00000_00010.ppm;27;0
27/00000_00011.ppm;27;0
27/00000_00012.ppm;27;0
27/00000_00013.ppm;27;0
27/00000_00014.ppm;27;0
27/00000_00015.ppm;27;0
27/00000_00016.ppm;27;0
27/00000_00017.ppm;27;0
27/00000_00018.ppm;27;0
27/00000_00019.ppm;27;0
27/00000_00020.ppm;27;0
27/00000_00021.ppm;27;0
27/00000_00022.ppm;27;0
27/00000_00023.ppm;27;0
27/00000_00024.ppm;27;0
27/00000_00025.ppm;27;0
27/00000_00026.ppm;27;0
27/00000_00027.ppm;27;0
27/00000_00028.ppm;27;0
27/00000_00029.ppm;27;0
27/00001_00000.ppm;27;0
27/00001_00001.ppm;27;0
27/00001_00002.ppm;27;0
27/00001_00003.ppm;27;0
27/00001_00004.ppm;27;0
27/00001_00005.ppm;27;0
27/00001_00006.ppm;27;0
27/00001_00007.ppm;27;0
27/00001_00008.ppm;27;0
27/00001_00009.ppm;27;0
27/00001_00010.ppm;27;0
27/00001_00011.ppm;27;0
27/00001_00012.ppm;27;0
27/00001_00013.ppm;27;0
27/00001_00014.ppm;27;0
27/00001_00015.ppm;27;0
27/00001_00016.ppm;27;0
27/00001_00017.ppm;27;0
27/00001_00018.ppm;27;0
27/00001_00019.ppm;27;0
27/00001_00020.ppm;27;0
27/00001_00021.ppm;27;0
27/00001_00022.ppm;27;0
27/00001_00023.ppm;27;0
27/00001_00024.ppm;27;0
27/00001_00025.ppm;27;0
27/00001_00026.ppm;27;0
27/00001_00027.ppm;27;0
27/00001_00028.ppm;27;0
27/00001_00029.ppm;27;0
27/00002_00000.ppm;27;0
27/00002_00001.ppm;27;0
27/00002_00002.ppm;27;0
27/00002_00003.ppm;27;0
27/00002_00004.ppm;27;0
27/00002_00005.ppm;27;0
27/00002_00006.ppm;27;0
27/00002_00007.ppm;27;0
27/00002_00008.ppm;27;0
27/00002_00009.ppm;27;0
27/00002_00010.ppm;27;0
27/00002_00011.ppm;27;0
27/00002_00012.ppm;27;0
27/00002_00013.ppm;27;0
27/00002_00014.ppm;27;0
27/00002_00015.ppm;27;0
27/00002_00016.ppm;27;0
27/00002_00017.ppm;27;0
27/00002_00018.ppm;27;0
27/00002_00019.ppm;27;0
27/00002_00020.ppm;27;0
27/00002_00021.ppm;27;0
27/00002_00022.ppm;27;0
27/00002_00023.ppm;27;0
27/00002_00024.ppm;27;0
27/00002_00025.ppm;27;0
27/00002_00026.ppm;27;0
27/00002_00027.ppm;27;0
27/00002_00028.ppm;27;0
27/00002_00029.ppm;27;0
27/00003_00000.ppm;27;0
27/00003_00001.ppm;27;0
27/00003_00002.ppm;27;0
27/00003_00003.ppm;27;0
27/00003_00004.ppm;27;0
27/00003_00005.ppm;27;0
27/00003_00006.ppm;27;0
27/00003_00007.ppm;27;0
27/00003_00008.ppm;27;0
27/00003_00009.ppm;27;0
27/00003_00010.ppm;27;0
27/00003_00011.ppm;27;0
27/00003_00012.ppm;27;0
27/00003_00013.ppm;27;0
27/00003_00014.ppm;27;0
27/00003_00015.ppm;27;0
27/00003_00016.ppm;27;0
27/00003_00017.ppm;27;0
27/00003_00018.ppm;27;0
27/00003_00019.ppm;27;0
27/00003_00020.ppm;27;0
27/00003_00021.ppm;27;0
27/00003_00022.ppm;27;0
27/00003_00023.ppm;27;0
27/00003_00024.ppm;27;0
27/00003_00025.ppm;27;0
27/00003_00026.ppm;27;0
27/00003_00027.ppm;27;0
27/00003_00028.ppm;27;0
27/00003_00029.ppm;27;0
27/00004_00000.ppm;27;0
27/00004_00001.ppm;27;0
27/00004_00002.ppm;27;0
27/00004_00003.ppm;27;0
27/00004_00004.ppm;27;0
27/00004_00005.ppm;27;0
27/00004_00006.ppm;27;0
27/00004_00007.ppm;27;0
27/00004_00008.ppm;27;0
27/00004_00009.ppm;27;0
27/00004_00010.ppm;27;0
27/00004_00011.ppm;27;0
27/00004_00012.ppm;27;0
27/00004_00013.ppm;27;0
27/00004_00014.ppm;27;0
27/00004_00015.ppm;27;0
27/00004_00016.ppm;27;0
27/00004_00017.ppm;27;0
27/00004_00018.ppm;27;0
27/00004_00019.ppm;27;0
27/00004_00020.ppm;27;0
27/00004_00021.ppm;27;0
27/00004_00022.ppm;27;0
27/00004_00023.ppm;27;0
27/00004_00024.ppm;27;0
27/00004_00025.ppm;27;0
27/00004_00026.ppm;27;0
27/00004_00027.ppm;27;0
27/00004_00028.ppm;27;0
27/00004_00029.ppm;27;0
27/00005_00000.ppm;27;0
27/00005_00001.ppm;27;0
27/00005_00002.ppm;27;0
27/00005_00003.ppm;27;0
27/00005_00004.ppm;27;0
27/00005_00005.ppm;27;0
27/00005_00006.ppm;27;0
27/00005_00007.ppm;27;0
27/00005_00008.ppm;27;0
27/00005_00009.ppm;27;0
27/00005_00010.ppm;27;0
27/00005_00011.ppm;27;0
27/00005_00012.ppm;27;0
27/00005_00013.ppm;27;0
27/00005_00014.ppm;27;0
27/00005_00015.ppm;27;0
27/00005_00016.ppm;27;0
27/00005_00017.ppm;27;0
27/00005_00018.ppm;27;0
27/00005_00019.ppm;27;0
27/00005_00020.ppm;27;0
27/00005_00021.ppm;27;0
27/00005_00022.ppm;27;0
27/00005_00023.ppm;27;0
27/00005_00024.ppm;27;0
27/00005_00025.ppm;27;0
27/00005_00026.ppm;27;0
27/00005_00027.ppm;27;0
27/00005_00028.ppm;27;0
27/00005_00029.ppm;27;0
28/00000_00000.ppm;28;0
28/00000_00001.ppm;28;0
28/00000_00002.ppm;28;0
28/00000_00003.ppm;28;0
28/00000_00004.ppm;28;0
28/00000_00005.ppm;28;0
28/00000_00006.ppm;28;0
28/00000_00007.ppm;28;0
28/00000_00008.ppm;28;0
28/00000_00009.ppm;28;0
28/00000_00010.ppm;28;0
28/00000_00011.ppm;28;0
28/00000_00012.ppm;28;0
28/00000_00013.ppm;28;0
28/00000_00014.ppm;28;0
28/00000_00015.ppm;28;0
28/00000_00016.ppm;28;0
28/00000_00017.ppm;28;0
28/00000_00018.ppm;28;0
28/00000_00019.ppm;28;0
28/00000_00020.ppm;28;0
28/00000_00021.ppm;28;0
28/00000_00022.ppm;28;0
28/00000_00023.ppm;28;0
28/00000_00024.ppm;28;0
28/00000_00025.ppm;28;0
28/00000_00026.ppm;28;0
28/00000_00027.ppm;28;0
28/00000_00028.ppm;28;0
28/00000_00029.ppm;28;0
28/00001_00000.ppm;28;0
28/00001_00001.ppm;28;0
28/00001_00002.ppm;28;0
28/00001_00003.ppm;28;0
28/00001_00004.ppm;28;0
28/00001_00005.ppm;28;0
28/00001_00006.ppm;28;0
28/00001_00007.ppm;28;0
28/00001_00008.ppm;28;0
28/00001_00009.ppm;28;0
28/00001_00010.ppm;28;0
28/00001_00011.ppm;28;0
28/00001_00012.ppm;28;0
28/00001_00013.ppm;28;0
28/00001_00014.ppm;28;0
28/00001_00015.ppm;28;0
28/00001_00016.ppm;28;0
28/00001_00017.ppm;28;0
28/00001_00018.ppm;28;0
28/00001_00019.ppm;28;0
28/00001_00020.ppm;28;0
28/00001_00021.ppm;28;0
28/00001_00022.ppm;28;0
28/00001_00023.ppm;28;0
28/00001_00024.ppm;28;0
28/00001_00025.ppm;28;0
28/00001_00026.ppm;28;0
28/00001_00027.ppm;28;0
28/00001_00028.ppm;28;0
28/00001_00029.ppm;28;0
28/00002_00000.ppm;28;0
28/00002_00001.ppm;28;0
28/00002_00002.ppm;28;0
28/00002_00003.ppm;28;0
28/00002_00004.ppm;28;0
28/00002_00005.ppm;28;0
28/00002_00006.ppm;28;0
28/00002_00007.ppm;28;0
28/00002_00008.ppm;28;0
28/00002_00009.ppm;28;0
28/00002_00010.ppm;28;0
28/00002_00011.ppm;28;0
28/00002_00012.ppm;28;0
28/00002_00013.ppm;28;0
28/00002_00014.ppm;28;0
28/00002_00015.ppm;28;0
28/00002_00016.ppm;28;0
28/00002_00017.ppm;28;0
28/00002_00018.ppm;28;0
28/00002_00019.ppm;28;0
28/00002_00020.ppm;28;0
28/00002_00021.ppm;28;0
28/00002_00022.ppm;28;0
28/00002_00023.ppm;28;0
28/00002_00024.ppm;28;0
28/00002_00025.ppm;28;0
28/00002_00026.ppm;28;0
28/00002_00027.ppm;28;0
28/00002_00028.ppm;28;0
28/00002_00029.ppm;28;0
28/00003_00000.ppm;28;0
28/00003_00001.ppm;28;0
28/00003_00002.ppm;28;0
28/00003_00003.ppm;28;0
28/00003_00004.ppm;28;0
28/00003_00005.ppm;28;0
28/00003_00006.ppm;28;0
28/00003_00007.ppm;28;0
28/00003_00008.ppm;28;0
28/00003_00009.ppm;28;0
28/00003_00010.ppm;28;0
28/00003_00011.ppm;28;0
28/00003_00012.ppm;28;0
28/00003_00013.ppm;28;0
28/00003_00014.ppm;28;0
28/00003_00015.ppm;28;0
28/00003_00016.ppm;28;0
28/00003_00017.ppm;28;0
28/00003_00018.ppm;28;0
28/00003_00019.ppm;28;0
28/00003_00020.ppm;28;0
28/00003_00021.ppm;28;0
28/00003_00022.ppm;28;0
28/00003_00023.ppm;28;0
28/00003_00024.ppm;28;0
28/00003_00025.ppm;28;0
28/00003_00026.ppm;28;0
28/00003_00027.ppm;28;0
28/00003_00028.ppm;28;0
28/00003_00029.ppm;28;0
28/00004_00000.ppm;28;0
28/00004_00001.ppm;28;0
28/00004_00002.ppm;28;0
28/00004_00003.ppm;28;0
28/00004_00004.ppm;28;0
28/00004_00005.ppm;28;0
28/00004_00006.ppm;28;0
28/00004_00007.ppm;28;0
28/00004_00008.ppm;28;0
28/00004_00009.ppm;28;0
28/00004_00010.ppm;28;0
28/00004_00011.ppm;28;0
28/00004_00012.ppm;28;0
28/00004_00013.ppm;28;0
28/00004_00014.ppm;28;0
28/00004_00015.ppm;28;0
28/00004_00016.ppm;28;0
28/00004_00017.ppm;28;0
28/00004_00018.ppm;28;0
28/00004_00019.ppm;28;0
28/00004_00020.ppm;28;0
28/00004_00021.ppm;28;0
28/00004_00022.ppm;28;0
28/00004_00023.ppm;28;0
28/00004_00024.ppm;28;0
28/00004_00025.ppm;28;0
28/00004_00026.ppm;28;0
28/00004_00027.ppm;28;0
28/00004_00028.ppm;28;0
28/00004_00029.ppm;28;0
28/00005_00000.ppm;28;0
28/00005_00001.ppm;28;0
28/00005_00002.ppm;28;0
28/00005_00003.ppm;28;0
28/00005_00004.ppm;28;0
28/00005_00005.ppm;28;0
28/00005_00006.ppm;28;0
28/00005_00007.ppm;28;0
28/00005_00008.ppm;28;0
28/00005_00009.ppm;28;0
28/00005_00010.ppm;28;0
28/00005_00011.ppm;28;0
28/00005_00012.ppm;28;0
28/00005_00013.ppm;28;0
28/00005_00014.ppm;28;0
28/00005_00015.ppm;28;0
28/00005_00016.ppm;28;0
28/00005_00017.ppm;28;0
28/00005_00018.ppm;28;0
28/00005_00019.ppm;28;0
28/00005_00020.ppm;28;0
28/00005_00021.ppm;28;0
28/00005_00022.ppm;28;0
28/00005_00023.ppm;28;0
28/00005_00024.ppm;28;0
28/00005_00025.ppm;28;0
28/00005_00026.ppm;28;0
28/00005_00027.ppm;28;0
28/00005_00028.ppm;28;0
28/00005_00029.ppm;28;0
28/00006_00000.ppm;28;0
28/00006_00001.ppm;28;0
28/00006_00002.ppm;28;0
28/00006_00003.ppm;28;0
28/00006_00004.ppm;28;0
28/00006_00005.ppm;28;0
28/00006_00006.ppm;28;0
28/00006_00007.ppm;28;0
28/00006_00008.ppm;28;0
28/00006_00009.ppm;28;0
28/00006_00010.ppm;28;0
28/00006_00011.ppm;28;0
28/00006_00012.ppm;28;0
28/00006_00013.ppm;28;0
28/00006_00014.ppm;28;0
28/00006_00015.ppm;28;0
28/00006_00016.ppm;28;0
28/00006_00017.ppm;28;0
28/00006_00018.ppm;28;0
28/00006_00019.ppm;28;0
28/00006_00020.ppm;28;0
28/00006_00021.ppm;28;0
28/00006_00022.ppm;28;0
28/00006_00023.ppm;28;0
28/00006_00024.ppm;28;0
28/00006_00025.ppm;28;0
28/00006_00026.ppm;28;0
28/00006_00027.ppm;28;0
28/00006_00028.ppm;28;0
28/00006_00029.ppm;28;0
28/00007_00000.ppm;28;0
28/00007_00001.ppm;28;0
28/00007_00002.ppm;28;0
28/00007_00003.ppm;28;0
28/00007_00004.ppm;28;0
28/00007_00005.ppm;28;0
28/00007_00006.ppm;28;0
28/00007_00007.ppm;28;0
28/00007_00008.ppm;28;0
28/00007_00009.ppm;28;0
28/00007_00010.ppm;28;0
28/00007_00011.ppm;28;0
28/00007_00012.ppm;28;0
28/00007_00013.ppm;28;0
28/00007_00014.ppm;28;0
28/00007_00015.ppm;28;0
28/00007_00016.ppm;28;0
28/00007_00017.ppm;28;0
28/00007_00018.ppm;28;0
28/00007_00019.ppm;28;0
28/00007_00020.ppm;28;0
28/00007_00021.ppm;28;0
28/00007_00022.ppm;28;0
28/00007_00023.ppm;28;0
28/00007_00024.ppm;28;0
28/00007_00025.ppm;28;0
28/00007_00026.ppm;28;0
28/00007_00027.ppm;28;0
28/00007_00028.ppm;28;0
28/00007_00029.ppm;28;0
28/00008_00000.ppm;28;0
28/00008_00001.ppm;28;0
28/00008_00002.ppm;28;0
28/00008_00003.ppm;28;0
28/00008_00004.ppm;28;0
28/00008_00005.ppm;28;0
28/00008_00006.ppm;28;0
28/00008_00007.ppm;28;0
28/00008_00008.ppm;28;0
28/00008_00009.ppm;28;0
28/00008_00010.ppm;28;0
28/00008_00011.ppm;28;0
28/00008_00012.ppm;28;0
28/00008_00013.ppm;28;0
28/00008_00014.ppm;28;0
28/00008_00015.ppm;28;0
28/00008_00016.ppm;28;0
28/00008_00017.ppm;28;0
28/00008_00018.ppm;28;0
28/00008_00019.ppm;28;0
28/00008_00020.ppm;28;0
28/00008_00021.ppm;28;0
28/00008_00022.ppm;28;0
28/00008_00023.ppm;28;0
28/00008_00024.ppm;28;0
28/00008_00025.ppm;28;0
28/00008_00026.ppm;28;0
28/00008_00027.ppm;28;0
28/00008_00028.ppm;28;0
28/00008_00029.ppm;28;0
28/00009_00000.ppm;28;0
28/00009_00001.ppm;28;0
28/00009_00002.ppm;28;0
28/00009_00003.ppm;28;0
28/00009_00004.ppm;28;0
28/00009_00005.ppm;28;0
28/00009_00006.ppm;28;0
28/00009_00007.ppm;28;0
28/00009_00008.ppm;28;0
28/00009_00009.ppm;28;0
28/00009_00010.ppm;28;0
28/00009_00011.ppm;28;0
28/00009_00012.ppm;28;0
28/00009_00013.ppm;28;0
28/00009_00014.ppm;28;0
28/00009_00015.ppm;28;0
28/00009_00016.ppm;28;0
28/00009_00017.ppm;28;0
28/00009_00018.ppm;28;0
28/00009_00019.ppm;28;0
28/00009_00020.ppm;28;0
28/00009_00021.ppm;28;0
28/00009_00022.ppm;28;0
28/00009_00023.ppm;28;0
28/00009_00024.ppm;28;0
28/00009_00025.ppm;28;0
28/00009_00026.ppm;28;0
28/00009_00027.ppm;28;0
28/00009_00028.ppm;28;0
28/00009_00029.ppm;28;0
28/00010_00000.ppm;28;0
28/00010_00001.ppm;28;0
28/00010_00002.ppm;28;0
28/00010_00003.ppm;28;0
28/00010_00004.ppm;28;0
28/00010_00005.ppm;28;0
28/00010_00006.ppm;28;0
28/00010_00007.ppm;28;0
28/00010_00008.ppm;28;0
28/00010_00009.ppm;28;0
28/00010_00010.ppm;28;0
28/00010_00011.ppm;28;0
28/00010_00012.ppm;28;0
28/00010_00013.ppm;28;0
28/00010_00014.ppm;28;0
28/00010_00015.ppm;28;0
28/00010_00016.ppm;28;0
28/00010_00017.ppm;28;0
28/00010_00018.ppm;28;0
28/00010_00019.ppm;28;0
28/00010_00020.ppm;28;0
28/00010_00021.ppm;28;0
28/00010_00022.ppm;28;0
28/00010_00023.ppm;28;0
28/00010_00024.ppm;28;0
28/00010_00025.ppm;28;0
28/00010_00026.ppm;28;0
28/00010_00027.ppm;28;0
28/00010_00028.ppm;28;0
28/00010_00029.ppm;28;0
28/00011_00000.ppm;28;0
28/00011_00001.ppm;28;0
28/00011_00002.ppm;28;0
28/00011_00003.ppm;28;0
28/00011_00004.ppm;28;0
28/00011_00005.ppm;28;0
28/00011_00006.ppm;28;0
28/00011_00007.ppm;28;0
28/00011_00008.ppm;28;0
28/00011_00009.ppm;28;0
28/00011_00010.ppm;28;0
28/00011_00011.ppm;28;0
28/00011_00012.ppm;28;0
28/00011_00013.ppm;28;0
28/00011_00014.ppm;28;0
28/00011_00015.ppm;28;0
28/00011_00016.ppm;28;0
28/00011_00017.ppm;28;0
28/00011_00018.ppm;28;0
28/00011_00019.ppm;28;0
28/00011_00020.ppm;28;0
28/00011_00021.ppm;28;0
28/00011_00022.ppm;28;0
28/00011_00023.ppm;28;0
28/00011_00024.ppm;28;0
28/00011_00025.ppm;28;0
28/00011_00026.ppm;28;0
28/00011_00027.ppm;28;0
28/00011_00028.ppm;28;0
28/00011_00029.ppm;28;0
29/00000_00000.ppm;29;0
29/00000_00001.ppm;29;0
29/00000_00002.ppm;29;0
29/00000_00003.ppm;29;0
29/00000_00004.ppm;29;0
29/00000_00005.ppm;29;0
29/00000_00006.ppm;29;0
29/00000_00007.ppm;29;0
29/00000_00008.ppm;29;0
29/00000_00009.ppm;29;0
29/00000_00010.ppm;29;0
29/00000_00011.ppm;29;0
29/00000_00012.ppm;29;0
29/00000_00013.ppm;29;0
29/00000_00014.ppm;29;0
29/00000_00015.ppm;29;0
29/00000_00016.ppm;29;0
29/00000_00017.ppm;29;0
29/00000_00018.ppm;29;0
29/00000_00019.ppm;29;0
29/00000_00020.ppm;29;0
29/00000_00021.ppm;29;0
29/00000_00022.ppm;29;0
29/00000_00023.ppm;29;0
29/00000_00024.ppm;29;0
29/00000_00025.ppm;29;0
29/00000_00026.ppm;29;0
29/00000_00027.ppm;29;0
29/00000_00028.ppm;29;0
29/00000_00029.ppm;29;0
29/00001_00000.ppm;29;0
29/00001_00001.ppm;29;0
29/00001_00002.ppm;29;0
29/00001_00003.ppm;29;0
29/00001_00004.ppm;29;0
29/00001_00005.ppm;29;0
29/00001_00006.ppm;29;0
29/00001_00007.ppm;29;0
29/00001_00008.ppm;29;0
29/00001_00009.ppm;29;0
29/00001_00010.ppm;29;0
29/00001_00011.ppm;29;0
29/00001_00012.ppm;29;0
29/00001_00013.ppm;29;0
29/00001_00014.ppm;29;0
29/00001_00015.ppm;29;0
29/00001_00016.ppm;29;0
29/00001_00017.ppm;29;0
29/00001_00018.ppm;29;0
29/00001_00019.ppm;29;0
29/00001_00020.ppm;29;0
29/00001_00021.ppm;29;0
29/00001_00022.ppm;29;0
29/00001_00023.ppm;29;0
29/00001_00024.ppm;29;0
29/00001_00025.ppm;29;0
29/00001_00026.ppm;29;0
29/00001_00027.ppm;29;0
29/00001_00028.ppm;29;0
29/00001_00029.ppm;29;0
29/00002_00000.ppm;29;0
29/00002_00001.ppm;29;0
29/00002_00002.ppm;29;0
29/00002_00003.ppm;29;0
29/00002_00004.ppm;29;0
29/00002_00005.ppm;29;0
29/00002_00006.ppm;29;0
29/00002_00007.ppm;29;0
29/00002_00008.ppm;29;0
29/00002_00009.ppm;29;0
29/00002_00010.ppm;29;0
29/00002_00011.ppm;29;0
29/00002_00012.ppm;29;0
29/00002_00013.ppm;29;0
29/00002_00014.ppm;29;0
29/00002_00015.ppm;29;0
29/00002_00016.ppm;29;0
29/00002_00017.ppm;29;0
29/00002_00018.ppm;29;0
29/00002_00019.ppm;29;0
29/00002_00020.ppm;29;0
29/00002_00021.ppm;29;0
29/00002_00022.ppm;29;0
29/00002_00023.ppm;29;0
29/00002_00024.ppm;29;0
29/00002_00025.ppm;29;0
29/00002_00026.ppm;29;0
29/00002_00027.ppm;29;0
29/00002_00028.ppm;29;0
29/00002_00029.ppm;29;0
29/00003_00000.ppm;29;0
29/00003_00001.ppm;29;0
29/00003_00002.ppm;29;0
29/00003_00003.ppm;29;0
29/00003_00004.ppm;29;0
29/00003_00005.ppm;29;0
29/00003_00006.ppm;29;0
29/00003_00007.ppm;29;0
29/00003_00008.ppm;29;0
29/00003_00009.ppm;29;0
29/00003_00010.ppm;29;0
29/00003_00011.ppm;29;0
29/00003_00012.ppm;29;0
29/00003_00013.ppm;29;0
29/00003_00014.ppm;29;0
29/00003_00015.ppm;29;0
29/00003_00016.ppm;29;0
29/00003_00017.ppm;29;0
29/00003_00018.ppm;29;0
29/00003_00019.ppm;29;0
29/00003_00020.ppm;29;0
29/00003_00021.ppm;29;0
29/00003_00022.ppm;29;0
29/00003_00023.ppm;29;0
29/00003_00024.ppm;29;0
29/00003_00025.ppm;29;0
29/00003_00026.ppm;29;0
29/00003_00027.ppm;29;0
29/00003_00028.ppm;29;0
29/00003_00029.ppm;29;0
29/00004_00000.ppm;29;0
29/00004_00001.ppm;29;0
29/00004_00002.ppm;29;0
29/00004_00003.ppm;29;0
29/00004_00004.ppm;29;0
29/00004_00005.ppm;29;0
29/00004_00006.ppm;29;0
29/00004_00007.ppm;29;0
29/00004_00008.ppm;29;0
29/00004_00009.ppm;29;0
29/00004_00010.ppm;29;0
29/00004_00011.ppm;29;0
29/00004_00012.ppm;29;0
29/00004_00013.ppm;29;0
29/00004_00014.ppm;29;0
29/00004_00015.ppm;29;0
29/00004_00016.ppm;29;0
29/00004_00017.ppm;29;0
29/00004_00018.ppm;29;0
29/00004_00019.ppm;29;0
29/00004_00020.ppm;29;0
29/00004_00021.ppm;29;0
29/00004_00022.ppm;29;0
29/00004_00023.ppm;29;0
29/00004_00024.ppm;29;0
29/00004_00025.ppm;29;0
29/00004_00026.ppm;29;0
29/00004_00027.ppm;29;0
29/00004_00028.ppm;29;0
29/00004_00029.ppm;29;0
29/00005_00000.ppm;29;0
29/00005_00001.ppm;29;0
29/00005_00002.ppm;29;0
29/00005_00003.ppm;29;0
29/00005_00004.ppm;29;0
29/00005_00005.ppm;29;0
29/00005_00006.ppm;29;0
29/00005_00007.ppm;29;0
29/00005_00008.ppm;29;0
29/00005_00009.ppm;29;0
29/00005_00010.ppm;29;0
29/00005_00011.ppm;29;0
29/00005_00012.ppm;29;0
29/00005_00013.ppm;29;0
29/00005_00014.ppm;29;0
29/00005_00015.ppm;29;0
29/00005_00016.ppm;29;0
29/00005_00017.ppm;29;0
29/00005_00018.ppm;29;0
29/00005_00019.ppm;29;0
29/00005_00020.ppm;29;0
29/00005_00021.ppm;29;0
29/00005_00022.ppm;29;0
29/00005_00023.ppm;29;0
29/00005_00024.ppm;29;0
29/00005_00025.ppm;29;0
29/00005_00026.ppm;29;0
29/00005_00027.ppm;29;0
29/00005_00028.ppm;29;0
29/00005_00029.ppm;29;0
30/00000_00000.ppm;30;0
30/00000_00001.ppm;30;0
30/00000_00002.ppm;30;0
30/00000_00003.ppm;30;0
30/00000_00004.ppm;30;0
30/00000_00005.ppm;30;0
30/00000_00006.ppm;30;0
30/00000_00007.ppm;30;0
30/00000_00008.ppm;30;0
30/00000_00009.ppm;30;0
30/00000_00010.ppm;30;0
30/00000_00011.ppm;30;0
30/00000_00012.ppm;30;0
30/00000_00013.ppm;30;0
30/00000_00014.ppm;30;0
30/00000_00015.ppm;30;0
30/00000_00016.ppm;30;0
30/00000_00017.ppm;30;0
30/00000_00018.ppm;30;0
30/00000_00019.ppm;30;0
30/00000_00020.ppm;30;0
30/00000_00021.ppm;30;0
30/00000_00022.ppm;30;0
30/00000_00023.ppm;30;0
30/00000_00024.ppm;30;0
30/00000_00025.ppm;30;0
30/00000_00026.ppm;30;0
30/00000_00027.ppm;30;0
30/00000_00028.ppm;30;0
30/00000_00029.ppm;30;0
30/00001_00000.ppm;30;0
30/00001_00001.ppm;30;0
30/00001_00002.ppm;30;0
30/00001_00003.ppm;30;0
30/00001_00004.ppm;30;0
30/00001_00005.ppm;30;0
30/00001_00006.ppm;30;0
30/00001_00007.ppm;30;0
30/00001_00008.ppm;30;0
30/00001_00009.ppm;30;0
30/00001_00010.ppm;30;0
30/00001_00011.ppm;30;0
30/00001_00012.ppm;30;0
30/00001_00013.ppm;30;0
30/00001_00014.ppm;30;0
30/00001_00015.ppm;30;0
30/00001_00016.ppm;30;0
30/00001_00017.ppm;30;0
30/00001_00018.ppm;30;0
30/00001_00019.ppm;30;0
30/00001_00020.ppm;30;0
30/00001_00021.ppm;30;0
30/00001_00022.ppm;30;0
30/00001_00023.ppm;30;0
30/00001_00024.ppm;30;0
30/00001_00025.ppm;30;0
30/00001_00026.ppm;30;0
30/00001_00027.ppm;30;0
30/00001_00028.ppm;30;0
30/00001_00029.ppm;30;0
30/00002_00000.ppm;30;0
30/00002_00001.ppm;30;0
30/00002_00002.ppm;30;0
30/00002_00003.ppm;30;0
30/00002_00004.ppm;30;0
30/00002_00005.ppm;30;0
30/00002_00006.ppm;30;0
30/00002_00007.ppm;30;0
30/00002_00008.ppm;30;0
30/00002_00009.ppm;30;0
30/00002_00010.ppm;30;0
30/00002_00011.ppm;30;0
30/00002_00012.ppm;30;0
30/00002_00013.ppm;30;0
30/00002_00014.ppm;30;0
30/00002_00015.ppm;30;0
30/00002_00016.ppm;30;0
30/00002_00017.ppm;30;0
30/00002_00018.ppm;30;0
30/00002_00019.ppm;30;0
30/00002_00020.ppm;30;0
30/00002_00021.ppm;30;0
30/00002_00022.ppm;30;0
30/00002_00023.ppm;30;0
30/00002_00024.ppm;30;0
30/00002_00025.ppm;30;0
30/00002_00026.ppm;30;0
30/00002_00027.ppm;30;0
30/00002_00028.ppm;30;0
30/00002_00029.ppm;30;0
30/00003_00000.ppm;30;0
30/00003_00001.ppm;30;0
30/00003_00002.ppm;30;0
30/00003_00003.ppm;30;0
30/00003_00004.ppm;30;0
30/00003_00005.ppm;30;0
30/00003_00006.ppm;30;0
30/00003_00007.ppm;30;0
30/00003_00008.ppm;30;0
30/00003_00009.ppm;30;0
30/00003_00010.ppm;30;0
30/00003_00011.ppm;30;0
30/00003_00012.ppm;30;0
30/00003_00013.ppm;30;0
30/00003_00014.ppm;30;0
30/00003_00015.ppm;30;0
30/00003_00016.ppm;30;0
30/00003_00017.ppm;30;0
30/00003_00018.ppm;30;0
30/00003_00019.ppm;30;0
30/00003_00020.ppm;30;0
30/00003_00021.ppm;30;0
30/00003_00022.ppm;30;0
30/00003_00023.ppm;30;0
30/00003_00024.ppm;30;0
30/00003_00025.ppm;30;0
30/00003_00026.ppm;30;0
30/00003_00027.ppm;30;0
30/00003_00028.ppm;30;0
30/00003_00029.ppm;30;0
30/00004_00000.ppm;30;0
30/00004_00001.ppm;30;0
30/00004_00002.ppm;30;0
30/00004_00003.ppm;30;0
30/00004_00004.ppm;30;0
30/00004_00005.ppm;30;0
30/00004_00006.ppm;30;0
30/00004_00007.ppm;30;0
30/00004_00008.ppm;30;0
30/00004_00009.ppm;30;0
30/00004_00010.ppm;30;0
30/00004_00011.ppm;30;0
30/00004_00012.ppm;30;0
30/00004_00013.ppm;30;0
30/00004_00014.ppm;30;0
30/00004_00015.ppm;30;0
30/00004_00016.ppm;30;0
30/00004_00017.ppm;30;0
30/00004_00018.ppm;30;0
30/00004_00019.ppm;30;0
30/00004_00020.ppm;30;0
30/00004_00021.ppm;30;0
30/00004_00022.ppm;30;0
30/00004_00023.ppm;30;0
30/00004_00024.ppm;30;0
30/00004_00025.ppm;30;0
30/00004_00026.ppm;30;0
30/00004_00027.ppm;30;0
30/00004_00028.ppm;30;0
30/00004_00029.ppm;30;0
30/00005_00000.ppm;30;0
30/00005_00001.ppm;30;0
30/00005_00002.ppm;30;0
30/00005_00003.ppm;30;0
30/00005_00004.ppm;30;0
30/00005_00005.ppm;30;0
30/00005_00006.ppm;30;0
30/00005_00007.ppm;30;0
30/00005_00008.ppm;30;0
30/00005_00009.ppm;30;0
30/00005_00010.ppm;30;0
30/00005_00011.ppm;30;0
30/00005_00012.ppm;30;0
30/00005_00013.ppm;30;0
30/00005_00014.ppm;30;0
30/00005_00015.ppm;30;0
30/00005_00016.ppm;30;0
30/00005_00017.ppm;30;0
30/00005_00018.ppm;30;0
30/00005_00019.ppm;30;0
30/00005_00020.ppm;30;0
30/00005_00021.ppm;30;0
30/00005_00022.ppm;30;0
30/00005_00023.ppm;30;0
30/00005_00024.ppm;30;0
30/00005_00025.ppm;30;0
30/00005_00026.ppm;30;0
30/00005_00027.ppm;30;0
30/00005_00028.ppm;30;0
30/00005_00029.ppm;30;0
30/00006_00000.ppm;30;0
30/00006_00001.ppm;30;0
30/00006_00002.ppm;30;0
30/00006_00003.ppm;30;0
30/00006_00004.ppm;30;0
30/00006_00005.ppm;30;0
30/00006_00006.ppm;30;0
30/00006_00007.ppm;30;0
30/00006_00008.ppm;30;0
30/00006_00009.ppm;30;0
30/00006_00010.ppm;30;0
30/00006_00011.ppm;30;0
30/00006_00012.ppm;30;0
30/00006_00013.ppm;30;0
30/00006_00014.ppm;30;0
30/00006_00015.ppm;30;0
30/00006_00016.ppm;30;0
30/00006_00017.ppm;30;0
30/00006_00018.ppm;30;0
30/00006_00019.ppm;30;0
30/00006_00020.ppm;30;0
30/00006_00021.ppm;30;0
30/00006_00022.ppm;30;0
30/00006_00023.ppm;30;0
30/00006_00024.ppm;30;0
30/00006_00025.ppm;30;0
30/00006_00026.ppm;30;0
30/00006_00027.ppm;30;0
30/00006_00028.ppm;30;0
30/00006_00029.ppm;30;0
30/00007_00000.ppm;30;0
30/00007_00001.ppm;30;0
30/00007_00002.ppm;30;0
30/00007_00003.ppm;30;0
30/00007_00004.ppm;30;0
30/00007_00005.ppm;30;0
30/00007_00006.ppm;30;0
30/00007_00007.ppm;30;0
30/00007_00008.ppm;30;0
30/00007_00009.ppm;30;0
30/00007_00010.ppm;30;0
30/00007_00011.ppm;30;0
30/00007_00012.ppm;30;0
30/00007_00013.ppm;30;0
30/00007_00014.ppm;30;0
30/00007_00015.ppm;30;0
30/00007_00016.ppm;30;0
30/00007_00017.ppm;30;0
30/00007_00018.ppm;30;0
30/00007_00019.ppm;30;0
30/00007_00020.ppm;30;0
30/00007_00021.ppm;30;0
30/00007_00022.ppm;30;0
30/00007_00023.ppm;30;0
30/00007_00024.ppm;30;0
30/00007_00025.ppm;30;0
30/00007_00026.ppm;30;0
30/00007_00027.ppm;30;0
30/00007_00028.ppm;30;0
30/00007_00029.ppm;30;0
30/00008_00000.ppm;30;0
30/00008_00001.ppm;30;0
30/00008_00002.ppm;30;0
30/00008_00003.ppm;30;0
30/00008_00004.ppm;30;0
30/00008_00005.ppm;30;0
30/00008_00006.ppm;30;0
30/00008_00007.ppm;30;0
30/00008_00008.ppm;30;0
30/00008_00009.ppm;30;0
30/00008_00010.ppm;30;0
30/00008_00011.ppm;30;0
30/00008_00012.ppm;30;0
30/00008_00013.ppm;30;0
30/00008_00014.ppm;30;0
30/00008_00015.ppm;30;0
30/00008_00016.ppm;30;0
30/00008_00017.ppm;30;0
30/00008_00018.ppm;30;0
30/00008_00019.ppm;30;0
30/00008_00020.ppm;30;0
30/00008_00021.ppm;30;0
30/00008_00022.ppm;30;0
30/00008_00023.ppm;30;0
30/00008_00024.ppm;30;0
30/00008_00025.ppm;30;0
30/00008_00026.ppm;30;0
30/00008_00027.ppm;30;0
30/00008_00028.ppm;30;0
30/00008_00029.ppm;30;0
30/00009_00000.ppm;30;0
30/00009_00001.ppm;30;0
30/00009_00002.ppm;30;0
30/00009_00003.ppm;30;0
30/00009_00004.ppm;30;0
30/00009_00005.ppm;30;0
30/00009_00006.ppm;30;0
30/00009_00007.ppm;30;0
30/00009_00008.ppm;30;0
30/00009_00009.ppm;30;0
30/00009_00010.ppm;30;0
30/00009_00011.ppm;30;0
30/00009_00012.ppm;30;0
30/00009_00013.ppm;30;0
30/00009_00014.ppm;30;0
30/00009_00015.ppm;30;0
30/00009_00016.ppm;30;0
30/00009_00017.ppm;30;0
30/00009_00018.ppm;30;0
30/00009_00019.ppm;30;0
30/00009_00020.ppm;30;0
30/00009_00021.ppm;30;0
30/00009_00022.ppm;30;0
30/00009_00023.ppm;30;0
30/00009_00024.ppm;30;0
30/00009_00025.ppm;30;0
30/00009_00026.ppm;30;0
30/00009_00027.ppm;30;0
30/00009_00028.ppm;30;0
30/00009_00029.ppm;30;0
31/00000_00000.ppm;31;0
31/00000_00001.ppm;31;0
31/00000_00002.ppm;31;0
31/00000_00003.ppm;31;0
31/00000_00004.ppm;31;0
31/00000_00005.ppm;31;0
31/00000_00006.ppm;31;0
31/00000_00007.ppm;31;0
31/00000_00008.ppm;31;0
31/00000_00009.ppm;31;0
31/00000_00010.ppm;31;0
31/00000_00011.ppm;31;0
31/00000_00012.ppm;31;0
31/00000_00013.ppm;31;0
31/00000_00014.ppm;31;0
31/00000_00015.ppm;31;0
31/00000_00016.ppm;31;0
31/00000_00017.ppm;31;0
31/00000_00018.ppm;31;0
31/00000_00019.ppm;31;0
31/00000_00020.ppm;31;0
31/00000_00021.ppm;31;0
31/00000_00022.ppm;31;0
31/00000_00023.ppm;31;0
31/00000_00024.ppm;31;0
31/00000_00025.ppm;31;0
31/00000_00026.ppm;31;0
31/00000_00027.ppm;31;0
31/00000_00028.ppm;31;0
31/00000_00029.ppm;31;0
31/00001_00000.ppm;31;0
31/00001_00001.ppm;31;0
31/00001_00002.ppm;31;0
31/00001_00003.ppm;31;0
31/00001_00004.ppm;31;0
31/00001_00005.ppm;31;0
31/00001_00006.ppm;31;0
31/00001_00007.ppm;31;0
31/00001_00008.ppm;31;0
31/00001_00009.ppm;31;0
31/00001_00010.ppm;31;0
31/00001_00011.ppm;31;0
31/00001_00012.ppm;31;0
31/00001_00013.ppm;31;0
31/00001_00014.ppm;31;0
31/00001_00015.ppm;31;0
31/00001_00016.ppm;31;0
31/00001_00017.ppm;31;0
31/00001_00018.ppm;31;0
31/00001_00019.ppm;31;0
31/00001_00020.ppm;31;0
31/00001_00021.ppm;31;0
31/00001_00022.ppm;31;0
31/00001_00023.ppm;31;0
31/00001_00024.ppm;31;0
31/00001_00025.ppm;31;0
31/00001_00026.ppm;31;0
31/00001_00027.ppm;31;0
31/00001_00028.ppm;31;0
31/00001_00029.ppm;31;0
31/00002_00000.ppm;31;0
31/00002_00001.ppm;31;0
31/00002_00002.ppm;31;0
31/00002_00003.ppm;31;0
31/00002_00004.ppm;31;0
31/00002_00005.ppm;31;0
31/00002_00006.ppm;31;0
31/00002_00007.ppm;31;0
31/00002_00008.ppm;31;0
31/00002_00009.ppm;31;0
31/00002_00010.ppm;31;0
31/00002_00011.ppm;31;0
31/00002_00012.ppm;31;0
31/00002_00013.ppm;31;0
31/00002_00014.ppm;31;0
31/00002_00015.ppm;31;0
31/00002_00016.ppm;31;0
31/00002_00017.ppm;31;0
31/00002_00018.ppm;31;0
31/00002_00019.ppm;31;0
31/00002_00020.ppm;31;0
31/00002_00021.ppm;31;0
31/00002_00022.ppm;31;0
31/00002_00023.ppm;31;0
31/00002_00024.ppm;31;0
31/00002_00025.ppm;31;0
31/00002_00026.ppm;31;0
31/00002_00027.ppm;31;0
31/00002_00028.ppm;31;0
31/00002_00029.ppm;31;0
31/00003_00000.ppm;31;0
31/00003_00001.ppm;31;0
31/00003_00002.ppm;31;0
31/00003_00003.ppm;31;0
31/00003_00004.ppm;31;0
31/00003_00005.ppm;31;0
31/00003_00006.ppm;31;0
31/00003_00007.ppm;31;0
31/00003_00008.ppm;31;0
31/00003_00009.ppm;31;0
31/00003_00010.ppm;31;0
31/00003_00011.ppm;31;0
31/00003_00012.ppm;31;0
31/00003_00013.ppm;31;0
31/00003_00014.ppm;31;0
31/00003_00015.ppm;31;0
31/00003_00016.ppm;31;0
31/00003_00017.ppm;31;0
31/00003_00018.ppm;31;0
31/00003_00019.ppm;31;0
31/00003_00020.ppm;31;0
31/00003_00021.ppm;31;0
31/00003_00022.ppm;31;0
31/00003_00023.ppm;31;0
31/00003_00024.ppm;31;0
31/00003_00025.ppm;31;0
31/00003_00026.ppm;31;0
31/00003_00027.ppm;31;0
31/00003_00028.ppm;31;0
31/00003_00029.ppm;31;0
31/00004_00000.ppm;31;0
31/00004_00001.ppm;31;0
31/00004_00002.ppm;31;0
31/00004_00003.ppm;31;0
31/00004_00004.ppm;31;0
31/00004_00005.ppm;31;0
31/00004_00006.ppm;31;0
31/00004_00007.ppm;31;0
31/00004_00008.ppm;31;0
31/00004_00009.ppm;31;0
31/00004_00010.ppm;31;0
31/00004_00011.ppm;31;0
31/00004_00012.ppm;31;0
31/00004_00013.ppm;31;0
31/00004_00014.ppm;31;0
31/00004_00015.ppm;31;0
31/00004_00016.ppm;31;0
31/00004_00017.ppm;31;0
31/00004_00018.ppm;31;0
31/00004_00019.ppm;31;0
31/00004_00020.ppm;31;0
31/00004_00021.ppm;31;0
31/00004_00022.ppm;31;0
31/00004_00023.ppm;31;0
31/00004_00024.ppm;31;0
31/00004_00025.ppm;31;0
31/00004_00026.ppm;31;0
31/00004_00027.ppm;31;0
31/00004_00028.ppm;31;0
31/00004_00029.ppm;31;0
31/00005_00000.ppm;31;0
31/00005_00001.ppm;31;0
31/00005_00002.ppm;31;0
31/00005_00003.ppm;31;0
31/00005_00004.ppm;31;0
31/00005_00005.ppm;31;0
31/00005_00006.ppm;31;0
31/00005_00007.ppm;31;0
31/00005_00008.ppm;31;0
31/00005_00009.ppm;31;0
31/00005_00010.ppm;31;0
31/00005_00011.ppm;31;0
31/00005_00012.ppm;31;0
31/00005_00013.ppm;31;0
31/00005_00014.ppm;31;0
31/00005_00015.ppm;31;0
31/00005_00016.ppm;31;0
31/00005_00017.ppm;31;0
31/00005_00018.ppm;31;0
31/00005_00019.ppm;31;0
31/00005_00020.ppm;31;0
31/00005_00021.ppm;31;0
31/00005_00022.ppm;31;0
31/00005_00023.ppm;31;0
31/00005_00024.ppm;31;0
31/00005_00025.ppm;31;0
31/00005_00026.ppm;31;0
31/00005_00027.ppm;31;0
31/00005_00028.ppm;31;0
31/00005_00029.ppm;31;0
31/00006_00000.ppm;31;0
31/00006_00001.ppm;31;0
31/00006_00002.ppm;31;0
31/00006_00003.ppm;31;0
31/00006_00004.ppm;31;0
31/00006_00005.ppm;31;0
31/00006_00006.ppm;31;0
31/00006_00007.ppm;31;0
31/00006_00008.ppm;31;0
31/00006_00009.ppm;31;0
31/00006_00010.ppm;31;0
31/00006_00011.ppm;31;0
31/00006_00012.ppm;31;0
31/00006_00013.ppm;31;0
31/00006_00014.ppm;31;0
31/00006_00015.ppm;31;0
31/00006_00016.ppm;31;0
31/00006_00017.ppm;31;0
31/00006_00018.ppm;31;0
31/00006_00019.ppm;31;0
31/00006_00020.ppm;31;0
31/00006_00021.ppm;31;0
31/00006_00022.ppm;31;0
31/00006_00023.ppm;31;0
31/00006_00024.ppm;31;0
31/00006_00025.ppm;31;0
31/00006_00026.ppm;31;0
31/00006_00027.ppm;31;0
31/00006_00028.ppm;31;0
31/00006_00029.ppm;31;0
31/00007_00000.ppm;31;0
31/00007_00001.ppm;31;0
31/00007_00002.ppm;31;0
31/00007_00003.ppm;31;0
31/00007_00004.ppm;31;0
31/00007_00005.ppm;31;0
31/00007_00006.ppm;31;0
31/00007_00007.ppm;31;0
31/00007_00008.ppm;31;0
31/00007_00009.ppm;31;0
31/00007_00010.ppm;31;0
31/00007_00011.ppm;31;0
31/00007_00012.ppm;31;0
31/00007_00013.ppm;31;0
31/00007_00014.ppm;31;0
31/00007_00015.ppm;31;0
31/00007_00016.ppm;31;0
31/00007_00017.ppm;31;0
31/00007_00018.ppm;31;0
31/00007_00019.ppm;31;0
31/00007_00020.ppm;31;0
31/00007_00021.ppm;31;0
31/00007_00022.ppm;31;0
31/00007_00023.ppm;31;0
31/00007_00024.ppm;31;0
31/00007_00025.ppm;31;0
31/00007_00026.ppm;31;0
31/00007_00027.ppm;31;0
31/00007_00028.ppm;31;0
31/00007_00029.ppm;31;0
31/00008_00000.ppm;31;0
31/00008_00001.ppm;31;0
31/00008_00002.ppm;31;0
31/00008_00003.ppm;31;0
31/00008_00004.ppm;31;0
31/00008_00005.ppm;31;0
31/00008_00006.ppm;31;0
31/00008_00007.ppm;31;0
31/00008_00008.ppm;31;0
31/00008_00009.ppm;31;0
31/00008_00010.ppm;31;0
31/00008_00011.ppm;31;0
31/00008_00012.ppm;31;0
31/00008_00013.ppm;31;0
31/00008_00014.ppm;31;0
31/00008_00015.ppm;31;0
31/00008_00016.ppm;31;0
31/00008_00017.ppm;31;0
31/00008_00018.ppm;31;0
31/00008_00019.ppm;31;0
31/00008_00020.ppm;31;0
31/00008_00021.ppm;31;0
31/00008_00022.ppm;31;0
31/00008_00023.ppm;31;0
31/00008_00024.ppm;31;0
31/00008_00025.ppm;31;0
31/00008_00026.ppm;31;0
31/00008_00027.ppm;31;0
31/00008_00028.ppm;31;0
31/00008_00029.ppm;31;0
31/00009_00000.ppm;31;0
31/00009_00001.ppm;31;0
31/00009_00002.ppm;31;0
31/00009_00003.ppm;31;0
31/00009_00004.ppm;31;0
31/00009_00005.ppm;31;0
31/00009_00006.ppm;31;0
31/00009_00007.ppm;31;0
31/00009_00008.ppm;31;0
31/00009_00009.ppm;31;0
31/00009_00010.ppm;31;0
31/00009_00011.ppm;31;0
31/00009_00012.ppm;31;0
31/00009_00013.ppm;31;0
31/00009_00014.ppm;31;0
31/00009_00015.ppm;31;0
31/00009_00016.ppm;31;0
31/00009_00017.ppm;31;0
31/00009_00018.ppm;31;0
31/00009_00019.ppm;31;0
31/00009_00020.ppm;31;0
31/00009_00021.ppm;31;0
31/00009_00022.ppm;31;0
31/00009_00023.ppm;31;0
31/00009_00024.ppm;31;0
31/00009_00025.ppm;31;0
31/00009_00026.ppm;31;0
31/00009_00027.ppm;31;0
31/00009_00028.ppm;31;0
31/00009_00029.ppm;31;0
31/00010_00000.ppm;31;0
31/00010_00001.ppm;31;0
31/00010_00002.ppm;31;0
31/00010_00003.ppm;31;0
31/00010_00004.ppm;31;0
31/00010_00005.ppm;31;0
31/00010_00006.ppm;31;0
31/00010_00007.ppm;31;0
31/00010_00008.ppm;31;0
31/00010_00009.ppm;31;0
31/00010_00010.ppm;31;0
31/00010_00011.ppm;31;0
31/00010_00012.ppm;31;0
31/00010_00013.ppm;31;0
31/00010_00014.ppm;31;0
31/00010_00015.ppm;31;0
31/00010_00016.ppm;31;0
31/00010_00017.ppm;31;0
31/00010_00018.ppm;31;0
31/00010_00019.ppm;31;0
31/00010_00020.ppm;31;0
31/00010_00021.ppm;31;0
31/00010_00022.ppm;31;0
31/00010_00023.ppm;31;0
31/00010_00024.ppm;31;0
31/00010_00025.ppm;31;0
31/00010_00026.ppm;31;0
31/00010_00027.ppm;31;0
31/00010_00028.ppm;31;0
31/00010_00029.ppm;31;0
31/00011_00000.ppm;31;0
31/00011_00001.ppm;31;0
31/00011_00002.ppm;31;0
31/00011_00003.ppm;31;0
31/00011_00004.ppm;31;0
31/00011_00005.ppm;31;0
31/00011_00006.ppm;31;0
31/00011_00007.ppm;31;0
31/00011_00008.ppm;31;0
31/00011_00009.ppm;31;0
31/00011_00010.ppm;31;0
31/00011_00011.ppm;31;0
31/00011_00012.ppm;31;0
31/00011_00013.ppm;31;0
31/00011_00014.ppm;31;0
31/00011_00015.ppm;31;0
31/00011_00016.ppm;31;0
31/00011_00017.ppm;31;0
31/00011_00018.ppm;31;0
31/00011_00019.ppm;31;0
31/00011_00020.ppm;31;0
31/00011_00021.ppm;31;0
31/00011_00022.ppm;31;0
31/00011_00023.ppm;31;0
31/00011_00024.ppm;31;0
31/00011_00025.ppm;31;0
31/00011_00026.ppm;31;0
31/00011_00027.ppm;31;0
31/00011_00028.ppm;31;0
31/00011_00029.ppm;31;0
31/00012_00000.ppm;31;0
31/00012_00001.ppm;31;0
31/00012_00002.ppm;31;0
31/00012_00003.ppm;31;0
31/00012_00004.ppm;31;0
31/00012_00005.ppm;31;0
31/00012_00006.ppm;31;0
31/00012_00007.ppm;31;0
31/00012_00008.ppm;31;0
31/00012_00009.ppm;31;0
31/00012_00010.ppm;31;0
31/00012_00011.ppm;31;0
31/00012_00012.ppm;31;0
31/00012_00013.ppm;31;0
31/00012_00014.ppm;31;0
31/00012_00015.ppm;31;0
31/00012_00016.ppm;31;0
31/00012_00017.ppm;31;0
31/00012_00018.ppm;31;0
31/00012_00019.ppm;31;0
31/00012_00020.ppm;31;0
31/00012_00021.ppm;31;0
31/00012_00022.ppm;31;0
31/00012_00023.ppm;31;0
31/00012_00024.ppm;31;0
31/00012_00025.ppm;31;0
31/00012_00026.ppm;31;0
31/00012_00027.ppm;31;0
31/00012_00028.ppm;31;0
31/00012_00029.ppm;31;0
31/00013_00000.ppm;31;0
31/00013_00001.ppm;31;0
31/00013_00002.ppm;31;0
31/00013_00003.ppm;31;0
31/00013_00004.ppm;31;0
31/00013_00005.ppm;31;0
31/00013_00006.ppm;31;0
31/00013_00007.ppm;31;0
31/00013_00008.ppm;31;0
31/00013_00009.ppm;31;0
31/00013_00010.ppm;31;0
31/00013_00011.ppm;31;0
31/00013_00012.ppm;31;0
31/00013_00013.ppm;31;0
31/00013_00014.ppm;31;0
31/00013_00015.ppm;31;0
31/00013_00016.ppm;31;0
31/00013_00017.ppm;31;0
31/00013_00018.ppm;31;0
31/00013_00019.ppm;31;0
31/00013_00020.ppm;31;0
31/00013_00021.ppm;31;0
31/00013_00022.ppm;31;0
31/00013_00023.ppm;31;0
31/00013_00024.ppm;31;0
31/00013_00025.ppm;31;0
31/00013_00026.ppm;31;0
31/00013_00027.ppm;31;0
31/00013_00028.ppm;31;0
31/00013_00029.ppm;31;0
31/00014_00000.ppm;31;0
31/00014_00001.ppm;31;0
31/00014_00002.ppm;31;0
31/00014_00003.ppm;31;0
31/00014_00004.ppm;31;0
31/00014_00005.ppm;31;0
31/00014_00006.ppm;31;0
31/00014_00007.ppm;31;0
31/00014_00008.ppm;31;0
31/00014_00009.ppm;31;0
31/00014_00010.ppm;31;0
31/00014_00011.ppm;31;0
31/00014_00012.ppm;31;0
31/00014_00013.ppm;31;0
31/00014_00014.ppm;31;0
31/00014_00015.ppm;31;0
31/00014_00016.ppm;31;0
31/00014_00017.ppm;31;0
31/00014_00018.ppm;31;0
31/00014_00019.ppm;31;0
31/00014_00020.ppm;31;0
31/00014_00021.ppm;31;0
31/00014_00022.ppm;31;0
31/00014_00023.ppm;31;0
31/00014_00024.ppm;31;0
31/00014_00025.ppm;31;0
31/00014_00026.ppm;31;0
31/00014_00027.ppm;31;0
31/00014_00028.ppm;31;0
31/00014_00029.ppm;31;0
31/00015_00000.ppm;31;0
31/00015_00001.ppm;31;0
31/00015_00002.ppm;31;0
31/00015_00003.ppm;31;0
31/00015_00004.ppm;31;0
31/00015_00005.ppm;31;0
31/00015_00006.ppm;31;0
31/00015_00007.ppm;31;0
31/00015_00008.ppm;31;0
31/00015_00009.ppm;31;0
31/00015_00010.ppm;31;0
31/00015_00011.ppm;31;0
31/00015_00012.ppm;31;0
31/00015_00013.ppm;31;0
31/00015_00014.ppm;31;0
31/00015_00015.ppm;31;0
31/00015_00016.ppm;31;0
31/00015_00017.ppm;31;0
31/00015_00018.ppm;31;0
31/00015_00019.ppm;31;0
31/00015_00020.ppm;31;0
31/00015_00021.ppm;31;0
31/00015_00022.ppm;31;0
31/00015_00023.ppm;31;0
31/00015_00024.ppm;31;0
31/00015_00025.ppm;31;0
31/00015_00026.ppm;31;0
31/00015_00027.ppm;31;0
31/00015_00028.ppm;31;0
31/00015_00029.ppm;31;0
31/00016_00000.ppm;31;0
31/00016_00001.ppm;31;0
31/00016_00002.ppm;31;0
31/00016_00003.ppm;31;0
31/00016_00004.ppm;31;0
31/00016_00005.ppm;31;0
31/00016_00006.ppm;31;0
31/00016_00007.ppm;31;0
31/00016_00008.ppm;31;0
31/00016_00009.ppm;31;0
31/00016_00010.ppm;31;0
31/00016_00011.ppm;31;0
31/00016_00012.ppm;31;0
31/00016_00013.ppm;31;0
31/00016_00014.ppm;31;0
31/00016_00015.ppm;31;0
31/00016_00016.ppm;31;0
31/00016_00017.ppm;31;0
31/00016_00018.ppm;31;0
31/00016_00019.ppm;31;0
31/00016_00020.ppm;31;0
31/00016_00021.ppm;31;0
31/00016_00022.ppm;31;0
31/00016_00023.ppm;31;0
31/00016_00024.ppm;31;0
31/00016_00025.ppm;31;0
31/00016_00026.ppm;31;0
31/00016_00027.ppm;31;0
31/00016_00028.ppm;31;0
31/00016_00029.ppm;31;0
31/00017_00000.ppm;31;0
31/00017_00001.ppm;31;0
31/00017_00002.ppm;31;0
31/00017_00003.ppm;31;0
31/00017_00004.ppm;31;0
31/00017_00005.ppm;31;0
31/00017_00006.ppm;31;0
31/00017_00007.ppm;31;0
31/00017_00008.ppm;31;0
31/00017_00009.ppm;31;0
31/00017_00010.ppm;31;0
31/00017_00011.ppm;31;0
31/00017_00012.ppm;31;0
31/00017_00013.ppm;31;0
31/00017_00014.ppm;31;0
31/00017_00015.ppm;31;0
31/00017_00016.ppm;31;0
31/00017_00017.ppm;31;0
31/00017_00018.ppm;31;0
31/00017_00019.ppm;31;0
31/00017_00020.ppm;31;0
31/00017_00021.ppm;31;0
31/00017_00022.ppm;31;0
31/00017_00023.ppm;31;0
31/00017_00024.ppm;31;0
31/00017_00025.ppm;31;0
31/00017_00026.ppm;31;0
31/00017_00027.ppm;31;0
31/00017_00028.ppm;31;0
31/00017_00029.ppm;31;0
32/00000_00000.ppm;32;0
32/00000_00001.ppm;32;0
32/00000_00002.ppm;32;0
32/00000_00003.ppm;32;0
32/00000_00004.ppm;32;0
32/00000_00005.ppm;32;0
32/00000_00006.ppm;32;0
32/00000_00007.ppm;32;0
32/00000_00008.ppm;32;0
32/00000_00009.ppm;32;0
32/00000_00010.ppm;32;0
32/00000_00011.ppm;32;0
32/00000_00012.ppm;32;0
32/00000_00013.ppm;32;0
32/00000_00014.ppm;32;0
32/00000_00015.ppm;32;0
32/00000_00016.ppm;32;0
32/00000_00017.ppm;32;0
32/00000_00018.ppm;32;0
32/00000_00019.ppm;32;0
32/00000_00020.ppm;32;0
32/00000_00021.ppm;32;0
32/00000_00022.ppm;32;0
32/00000_00023.ppm;32;0
32/00000_00024.ppm;32;0
32/00000_00025.ppm;32;0
32/00000_00026.ppm;32;0
32/00000_00027.ppm;32;0
32/00000_00028.ppm;32;0
32/00000_00029.ppm;32;0
32/00001_00000.ppm;32;0
32/00001_00001.ppm;32;0
32/00001_00002.ppm;32;0
32/00001_00003.ppm;32;0
32/00001_00004.ppm;32;0
32/00001_00005.ppm;32;0
32/00001_00006.ppm;32;0
32/00001_00007.ppm;32;0
32/00001_00008.ppm;32;0
32/00001_00009.ppm;32;0
32/00001_00010.ppm;32;0
32/00001_00011.ppm;32;0
32/00001_00012.ppm;32;0
32/00001_00013.ppm;32;0
32/00001_00014.ppm;32;0
32/00001_00015.ppm;32;0
32/00001_00016.ppm;32;0
32/00001_00017.ppm;32;0
32/00001_00018.ppm;32;0
32/00001_00019.ppm;32;0
32/00001_00020.ppm;32;0
32/00001_00021.ppm;32;0
32/00001_00022.ppm;32;0
32/00001_00023.ppm;32;0
32/00001_00024.ppm;32;0
32/00001_00025.ppm;32;0
32/00001_00026.ppm;32;0
32/00001_00027.ppm;32;0
32/00001_00028.ppm;32;0
32/00001_00029.ppm;32;0
32/00002_00000.ppm;32;0
32/00002_00001.ppm;32;0
32/00002_00002.ppm;32;0
32/00002_00003.ppm;32;0
32/00002_00004.ppm;32;0
32/00002_00005.ppm;32;0
32/00002_00006.ppm;32;0
32/00002_00007.ppm;32;0
32/00002_00008.ppm;32;0
32/00002_00009.ppm;32;0
32/00002_00010.ppm;32;0
32/00002_00011.ppm;32;0
32/00002_00012.ppm;32;0
32/00002_00013.ppm;32;0
32/00002_00014.ppm;32;0
32/00002_00015.ppm;32;0
32/00002_00016.ppm;32;0
32/00002_00017.ppm;32;0
32/00002_00018.ppm;32;0
32/00002_00019.ppm;32;0
32/00002_00020.ppm;32;0
32/00002_00021.ppm;32;0
32/00002_00022.ppm;32;0
32/00002_00023.ppm;32;0
32/00002_00024.ppm;32;0
32/00002_00025.ppm;32;0
32/00002_00026.ppm;32;0
32/00002_00027.ppm;32;0
32/00002_00028.ppm;32;0
32/00002_00029.ppm;32;0
32/00003_00000.ppm;32;0
32/00003_00001.ppm;32;0
32/00003_00002.ppm;32;0
32/00003_00003.ppm;32;0
32/00003_00004.ppm;32;0
32/00003_00005.ppm;32;0
32/00003_00006.ppm;32;0
32/00003_00007.ppm;32;0
32/00003_00008.ppm;32;0
32/00003_00009.ppm;32;0
32/00003_00010.ppm;32;0
32/00003_00011.ppm;32;0
32/00003_00012.ppm;32;0
32/00003_00013.ppm;32;0
32/00003_00014.ppm;32;0
32/00003_00015.ppm;32;0
32/00003_00016.ppm;32;0
32/00003_00017.ppm;32;0
32/00003_00018.ppm;32;0
32/00003_00019.ppm;32;0
32/00003_00020.ppm;32;0
32/00003_00021.ppm;32;0
32/00003_00022.ppm;32;0
32/00003_00023.ppm;32;0
32/00003_00024.ppm;32;0
32/00003_00025.ppm;32;0
32/00003_00026.ppm;32;0
32/00003_00027.ppm;32;0
32/00003_00028.ppm;32;0
32/00003_00029.ppm;32;0
32/00004_00000.ppm;32;0
32/00004_00001.ppm;32;0
32/00004_00002.ppm;32;0
32/00004_00003.ppm;32;0
32/00004_00004.ppm;32;0
32/00004_00005.ppm;32;0
32/00004_00006.ppm;32;0
32/00004_00007.ppm;32;0
32/00004_00008.ppm;32;0
32/00004_00009.ppm;32;0
32/00004_00010.ppm;32;0
32/00004_00011.ppm;32;0
32/00004_00012.ppm;32;0
32/00004_00013.ppm;32;0
32/00004_00014.ppm;32;0
32/00004_00015.ppm;32;0
32/00004_00016.ppm;32;0
32/00004_00017.ppm;32;0
32/00004_00018.ppm;32;0
32/00004_00019.ppm;32;0
32/00004_00020.ppm;32;0
32/00004_00021.ppm;32;0
32/00004_00022.ppm;32;0
32/00004_00023.ppm;32;0
32/00004_00024.ppm;32;0
32/00004_00025.ppm;32;0
32/00004_00026.ppm;32;0
32/00004_00027.ppm;32;0
32/00004_00028.ppm;32;0
32/00004_00029.ppm;32;0
32/00005_00000.ppm;32;0
32/00005_00001.ppm;32;0
32/00005_00002.ppm;32;0
32/00005_00003.ppm;32;0
32/00005_00004.ppm;32;0
32/00005_00005.ppm;32;0
32/00005_00006.ppm;32;0
32/00005_00007.ppm;32;0
32/00005_00008.ppm;32;0
32/00005_00009.ppm;32;0
32/00005_00010.ppm;32;0
32/00005_00011.ppm;32;0
32/00005_00012.ppm;32;0
32/00005_00013.ppm;32;0
32/00005_00014.ppm;32;0
32/00005_00015.ppm;32;0
32/00005_00016.ppm;32;0
32/00005_00017.ppm;32;0
32/00005_00018.ppm;32;0
32/00005_00019.ppm;32;0
32/00005_00020.ppm;32;0
32/00005_00021.ppm;32;0
32/00005_00022.ppm;32;0
32/00005_00023.ppm;32;0
32/00005_00024.ppm;32;0
32/00005_00025.ppm;32;0
32/00005_00026.ppm;32;0
32/00005_00027.ppm;32;0
32/00005_00028.ppm;32;0
32/00005_00029.ppm;32;0
33/00000_00000.ppm;33;0
33/00000_00001.ppm;33;0
33/00000_00002.ppm;33;0
33/00000_00003.ppm;33;0
33/00000_00004.ppm;33;0
33/00000_00005.ppm;33;0
33/00000_00006.ppm;33;0
33/00000_00007.ppm;33;0
33/00000_00008.ppm;33;0
33/00000_00009.ppm;33;0
33/00000_00010.ppm;33;0
33/00000_00011.ppm;33;0
33/00000_00012.ppm;33;0
33/00000_00013.ppm;33;0
33/00000_00014.ppm;33;0
33/00000_00015.ppm;33;0
33/00000_00016.ppm;33;0
33/00000_00017.ppm;33;0
33/00000_00018.ppm;33;0
33/00000_00019.ppm;33;0
33/00000_00020.ppm;33;0
33/00000_00021.ppm;33;0
33/00000_00022.ppm;33;0
33/00000_00023.ppm;33;0
33/00000_00024.ppm;33;0
33/00000_00025.ppm;33;0
33/00000_00026.ppm;33;0
33/00000_00027.ppm;33;0
33/00000_00028.ppm;33;0
33/00000_00029.ppm;33;0
33/00001_00000.ppm;33;0
33/00001_00001.ppm;33;0
33/00001_00002.ppm;33;0
33/00001_00003.ppm;33;0
33/00001_00004.ppm;33;0
33/00001_00005.ppm;33;0
33/00001_00006.ppm;33;0
33/00001_00007.ppm;33;0
33/00001_00008.ppm;33;0
33/00001_00009.ppm;33;0
33/00001_00010.ppm;33;0
33/00001_00011.ppm;33;0
33/00001_00012.ppm;33;0
33/00001_00013.ppm;33;0
33/00001_00014.ppm;33;0
33/00001_00015.ppm;33;0
33/00001_00016.ppm;33;0
33/00001_00017.ppm;33;0
33/00001_00018.ppm;33;0
33/00001_00019.ppm;33;0
33/00001_00020.ppm;33;0
33/00001_00021.ppm;33;0
33/00001_00022.ppm;33;0
33/00001_00023.ppm;33;0
33/00001_00024.ppm;33;0
33/00001_00025.ppm;33;0
33/00001_00026.ppm;33;0
33/00001_00027.ppm;33;0
33/00001_00028.ppm;33;0
33/00001_00029.ppm;33;0
33/00002_00000.ppm;33;0
33/00002_00001.ppm;33;0
33/00002_00002.ppm;33;0
33/00002_00003.ppm;33;0
33/00002_00004.ppm;33;0
33/00002_00005.ppm;33;0
33/00002_00006.ppm;33;0
33/00002_00007.ppm;33;0
33/00002_00008.ppm;33;0
33/00002_00009.ppm;33;0
33/00002_00010.ppm;33;0
33/00002_00011.ppm;33;0
33/00002_00012.ppm;33;0
33/00002_00013.ppm;33;0
33/00002_00014.ppm;33;0
33/00002_00015.ppm;33;0
33/00002_00016.ppm;33;0
33/00002_00017.ppm;33;0
33/00002_00018.ppm;33;0
33/00002_00019.ppm;33;0
33/00002_00020.ppm;33;0
33/00002_00021.ppm;33;0
33/00002_00022.ppm;33;0
33/00002_00023.ppm;33;0
33/00002_00024.ppm;33;0
33/00002_00025.ppm;33;0
33/00002_00026.ppm;33;0
33/00002_00027.ppm;33;0
33/00002_00028.ppm;33;0
33/00002_00029.ppm;33;0
33/00003_00000.ppm;33;0
33/00003_00001.ppm;33;0
33/00003_00002.ppm;33;0
33/00003_00003.ppm;33;0
33/00003_00004.ppm;33;0
33/00003_00005.ppm;33;0
33/00003_00006.ppm;33;0
33/00003_00007.ppm;33;0
33/00003_00008.ppm;33;0
33/00003_00009.ppm;33;0
33/00003_00010.ppm;33;0
33/00003_00011.ppm;33;0
33/00003_00012.ppm;33;0
33/00003_00013.ppm;33;0
33/00003_00014.ppm;33;0
33/00003_00015.ppm;33;0
33/00003_00016.ppm;33;0
33/00003_00017.ppm;33;0
33/00003_00018.ppm;33;0
33/00003_00019.ppm;33;0
33/00003_00020.ppm;33;0
33/00003_00021.ppm;33;0
33/00003_00022.ppm;33;0
33/00003_00023.ppm;33;0
33/00003_00024.ppm;33;0
33/00003_00025.ppm;33;0
33/00003_00026.ppm;33;0
33/00003_00027.ppm;33;0
33/00003_00028.ppm;33;0
33/00003_00029.ppm;33;0
33/00004_00000.ppm;33;0
33/00004_00001.ppm;33;0
33/00004_00002.ppm;33;0
33/00004_00003.ppm;33;0
33/00004_00004.ppm;33;0
33/00004_00005.ppm;33;0
33/00004_00006.ppm;33;0
33/00004_00007.ppm;33;0
33/00004_00008.ppm;33;0
33/00004_00009.ppm;33;0
33/00004_00010.ppm;33;0
33/00004_00011.ppm;33;0
33/00004_00012.ppm;33;0
33/00004_00013.ppm;33;0
33/00004_00014.ppm;33;0
33/00004_00015.ppm;33;0
33/00004_00016.ppm;33;0
33/00004_00017.ppm;33;0
33/00004_00018.ppm;33;0
33/00004_00019.ppm;33;0
33/00004_00020.ppm;33;0
33/00004_00021.ppm;33;0
33/00004_00022.ppm;33;0
33/00004_00023.ppm;33;0
33/00004_00024.ppm;33;0
33/00004_00025.ppm;33;0
33/00004_00026.ppm;33;0
33/00004_00027.ppm;33;0
33/00004_00028.ppm;33;0
33/00004_00029.ppm;33;0
33/00005_00000.ppm;33;0
33/00005_00001.ppm;33;0
33/00005_00002.ppm;33;0
33/00005_00003.ppm;33;0
33/00005_00004.ppm;33;0
33/00005_00005.ppm;33;0
33/00005_00006.ppm;33;0
33/00005_00007.ppm;33;0
33/00005_00008.ppm;33;0
33/00005_00009.ppm;33;0
33/00005_00010.ppm;33;0
33/00005_00011.ppm;33;0
33/00005_00012.ppm;33;0
33/00005_00013.ppm;33;0
33/00005_00014.ppm;33;0
33/00005_00015.ppm;33;0
33/00005_00016.ppm;33;0
33/00005_00017.ppm;33;0
33/00005_00018.ppm;33;0
33/00005_00019.ppm;33;0
33/00005_00020.ppm;33;0
33/00005_00021.ppm;33;0
33/00005_00022.ppm;33;0
33/00005_00023.ppm;33;0
33/00005_00024.ppm;33;0
33/00005_00025.ppm;33;0
33/00005_00026.ppm;33;0
33/00005_00027.ppm;33;0
33/00005_00028.ppm;33;0
33/00005_00029.ppm;33;0
33/00006_00000.ppm;33;0
33/00006_00001.ppm;33;0
33/00006_00002.ppm;33;0
33/00006_00003.ppm;33;0
33/00006_00004.ppm;33;0
33/00006_00005.ppm;33;0
33/00006_00006.ppm;33;0
33/00006_00007.ppm;33;0
33/00006_00008.ppm;33;0
33/00006_00009.ppm;33;0
33/00006_00010.ppm;33;0
33/00006_00011.ppm;33;0
33/00006_00012.ppm;33;0
33/00006_00013.ppm;33;0
33/00006_00014.ppm;33;0
33/00006_00015.ppm;33;0
33/00006_00016.ppm;33;0
33/00006_00017.ppm;33;0
33/00006_00018.ppm;33;0
33/00006_00019.ppm;33;0
33/00006_00020.ppm;33;0
33/00006_00021.ppm;33;0
33/00006_00022.ppm;33;0
33/00006_00023.ppm;33;0
33/00006_00024.ppm;33;0
33/00006_00025.ppm;33;0
33/00006_00026.ppm;33;0
33/00006_00027.ppm;33;0
33/00006_00028.ppm;33;0
33/00006_00029.ppm;33;0
33/00007_00000.ppm;33;0
33/00007_00001.ppm;33;0
33/00007_00002.ppm;33;0
33/00007_00003.ppm;33;0
33/00007_00004.ppm;33;0
33/00007_00005.ppm;33;0
33/00007_00006.ppm;33;0
33/00007_00007.ppm;33;0
33/00007_00008.ppm;33;0
33/00007_00009.ppm;33;0
33/00007_00010.ppm;33;0
33/00007_00011.ppm;33;0
33/00007_00012.ppm;33;0
33/00007_00013.ppm;33;0
33/00007_00014.ppm;33;0
33/00007_00015.ppm;33;0
33/00007_00016.ppm;33;0
33/00007_00017.ppm;33;0
33/00007_00018.ppm;33;0
33/00007_00019.ppm;33;0
33/00007_00020.ppm;33;0
33/00007_00021.ppm;33;0
33/00007_00022.ppm;33;0
33/00007_00023.ppm;33;0
33/00007_00024.ppm;33;0
33/00007_00025.ppm;33;0
33/00007_00026.ppm;33;0
33/00007_00027.ppm;33;0
33/00007_00028.ppm;33;0
33/00007_00029.ppm;33;0
33/00008_00000.ppm;33;0
33/00008_00001.ppm;33;0
33/00008_00002.ppm;33;0
33/00008_00003.ppm;33;0
33/00008_00004.ppm;33;0
33/00008_00005.ppm;33;0
33/00008_00006.ppm;33;0
33/00008_00007.ppm;33;0
33/00008_00008.ppm;33;0
33/00008_00009.ppm;33;0
33/00008_00010.ppm;33;0
33/00008_00011.ppm;33;0
33/00008_00012.ppm;33;0
33/00008_00013.ppm;33;0
33/00008_00014.ppm;33;0
33/00008_00015.ppm;33;0
33/00008_00016.ppm;33;0
33/00008_00017.ppm;33;0
33/00008_00018.ppm;33;0
33/00008_00019.ppm;33;0
33/00008_00020.ppm;33;0
33/00008_00021.ppm;33;0
33/00008_00022.ppm;33;0
33/00008_00023.ppm;33;0
33/00008_00024.ppm;33;0
33/00008_00025.ppm;33;0
33/00008_00026.ppm;33;0
33/00008_00027.ppm;33;0
33/00008_00028.ppm;33;0
33/00008_00029.ppm;33;0
33/00009_00000.ppm;33;0
33/00009_00001.ppm;33;0
33/00009_00002.ppm;33;0
33/00009_00003.ppm;33;0
33/00009_00004.ppm;33;0
33/00009_00005.ppm;33;0
33/00009_00006.ppm;33;0
33/00009_00007.ppm;33;0
33/00009_00008.ppm;33;0
33/00009_00009.ppm;33;0
33/00009_00010.ppm;33;0
33/00009_00011.ppm;33;0
33/00009_00012.ppm;33;0
33/00009_00013.ppm;33;0
33/00009_00014.ppm;33;0
33/00009_00015.ppm;33;0
33/00009_00016.ppm;33;0
33/00009_00017.ppm;33;0
33/00009_00018.ppm;33;0
33/00009_00019.ppm;33;0
33/00009_00020.ppm;33;0
33/00009_00021.ppm;33;0
33/00009_00022.ppm;33;0
33/00009_00023.ppm;33;0
33/00009_00024.ppm;33;0
33/00009_00025.ppm;33;0
33/00009_00026.ppm;33;0
33/00009_00027.ppm;33;0
33/00009_00028.ppm;33;0
33/00009_00029.ppm;33;0
33/00010_00000.ppm;33;0
33/00010_00001.ppm;33;0
33/00010_00002.ppm;33;0
33/00010_00003.ppm;33;0
33/00010_00004.ppm;33;0
33/00010_00005.ppm;33;0
33/00010_00006.ppm;33;0
33/00010_00007.ppm;33;0
33/00010_00008.ppm;33;0
33/00010_00009.ppm;33;0
33/00010_00010.ppm;33;0
33/00010_00011.ppm;33;0
33/00010_00012.ppm;33;0
33/00010_00013.ppm;33;0
33/00010_00014.ppm;33;0
33/00010_00015.ppm;33;0
33/00010_00016.ppm;33;0
33/00010_00017.ppm;33;0
33/00010_00018.ppm;33;0
33/00010_00019.ppm;33;0
33/00010_00020.ppm;33;0
33/00010_00021.ppm;33;0
33/00010_00022.ppm;33;0
33/00010_00023.ppm;33;0
33/00010_00024.ppm;33;0
33/00010_00025.ppm;33;0
33/00010_00026.ppm;33;0
33/00010_00027.ppm;33;0
33/00010_00028.ppm;33;0
33/00010_00029.ppm;33;0
33/00011_00000.ppm;33;0
33/00011_00001.ppm;33;0
33/00011_00002.ppm;33;0
33/00011_00003.ppm;33;0
33/00011_00004.ppm;33;0
33/00011_00005.ppm;33;0
33/00011_00006.ppm;33;0
33/00011_00007.ppm;33;0
33/00011_00008.ppm;33;0
33/00011_00009.ppm;33;0
33/00011_00010.ppm;33;0
33/00011_00011.ppm;33;0
33/00011_00012.ppm;33;0
33/00011_00013.ppm;33;0
33/00011_00014.ppm;33;0
33/00011_00015.ppm;33;0
33/00011_00016.ppm;33;0
33/00011_00017.ppm;33;0
33/00011_00018.ppm;33;0
33/00011_00019.ppm;33;0
33/00011_00020.ppm;33;0
33/00011_00021.ppm;33;0
33/00011_00022.ppm;33;0
33/00011_00023.ppm;33;0
33/00011_00024.ppm;33;0
33/00011_00025.ppm;33;0
33/00011_00026.ppm;33;0
33/00011_00027.ppm;33;0
33/00011_00028.ppm;33;0
33/00011_00029.ppm;33;0
33/00012_00000.ppm;33;0
33/00012_00001.ppm;33;0
33/00012_00002.ppm;33;0
33/00012_00003.ppm;33;0
33/00012_00004.ppm;33;0
33/00012_00005.ppm;33;0
33/00012_00006.ppm;33;0
33/00012_00007.ppm;33;0
33/00012_00008.ppm;33;0
33/00012_00009.ppm;33;0
33/00012_00010.ppm;33;0
33/00012_00011.ppm;33;0
33/00012_00012.ppm;33;0
33/00012_00013.ppm;33;0
33/00012_00014.ppm;33;0
33/00012_00015.ppm;33;0
33/00012_00016.ppm;33;0
33/00012_00017.ppm;33;0
33/00012_00018.ppm;33;0
33/00012_00019.ppm;33;0
33/00012_00020.ppm;33;0
33/00012_00021.ppm;33;0
33/00012_00022.ppm;33;0
33/00012_00023.ppm;33;0
33/00012_00024.ppm;33;0
33/00012_00025.ppm;33;0
33/00012_00026.ppm;33;0
33/00012_00027.ppm;33;0
33/00012_00028.ppm;33;0
33/00012_00029.ppm;33;0
33/00013_00000.ppm;33;0
33/00013_00001.ppm;33;0
33/00013_00002.ppm;33;0
33/00013_00003.ppm;33;0
33/00013_00004.ppm;33;0
33/00013_00005.ppm;33;0
33/00013_00006.ppm;33;0
33/00013_00007.ppm;33;0
33/00013_00008.ppm;33;0
33/00013_00009.ppm;33;0
33/00013_00010.ppm;33;0
33/00013_00011.ppm;33;0
33/00013_00012.ppm;33;0
33/00013_00013.ppm;33;0
33/00013_00014.ppm;33;0
33/00013_00015.ppm;33;0
33/00013_00016.ppm;33;0
33/00013_00017.ppm;33;0
33/00013_00018.ppm;33;0
33/00013_00019.ppm;33;0
33/00013_00020.ppm;33;0
33/00013_00021.ppm;33;0
33/00013_00022.ppm;33;0
33/00013_00023.ppm;33;0
33/00013_00024.ppm;33;0
33/00013_00025.ppm;33;0
33/00013_00026.ppm;33;0
33/00013_00027.ppm;33;0
33/00013_00028.ppm;33;0
33/00013_00029.ppm;33;0
33/00014_00000.ppm;33;0
33/00014_00001.ppm;33;0
33/00014_00002.ppm;33;0
33/00014_00003.ppm;33;0
33/00014_00004.ppm;33;0
33/00014_00005.ppm;33;0
33/00014_00006.ppm;33;0
33/00014_00007.ppm;33;0
33/00014_00008.ppm;33;0
33/00014_00009.ppm;33;0
33/00014_00010.ppm;33;0
33/00014_00011.ppm;33;0
33/00014_00012.ppm;33;0
33/00014_00013.ppm;33;0
33/00014_00014.ppm;33;0
33/00014_00015.ppm;33;0
33/00014_00016.ppm;33;0
33/00014_00017.ppm;33;0
33/00014_00018.ppm;33;0
33/00014_00019.ppm;33;0
33/00014_00020.ppm;33;0
33/00014_00021.ppm;33;0
33/00014_00022.ppm;33;0
33/00014_00023.ppm;33;0
33/00014_00024.ppm;33;0
33/00014_00025.ppm;33;0
33/00014_00026.ppm;33;0
33/00014_00027.ppm;33;0
33/00014_00028.ppm;33;0
33/00014_00029.ppm;33;0
33/00015_00000.ppm;33;0
33/00015_00001.ppm;33;0
33/00015_00002.ppm;33;0
33/00015_00003.ppm;33;0
33/00015_00004.ppm;33;0
33/00015_00005.ppm;33;0
33/00015_00006.ppm;33;0
33/00015_00007.ppm;33;0
33/00015_00008.ppm;33;0
33/00015_00009.ppm;33;0
33/00015_00010.ppm;33;0
33/00015_00011.ppm;33;0
33/00015_00012.ppm;33;0
33/00015_00013.ppm;33;0
33/00015_00014.ppm;33;0
33/00015_00015.ppm;33;0
33/00015_00016.ppm;33;0
33/00015_00017.ppm;33;0
33/00015_00018.ppm;33;0
33/00015_00019.ppm;33;0
33/00015_00020.ppm;33;0
33/00015_00021.ppm;33;0
33/00015_00022.ppm;33;0
33/00015_00023.ppm;33;0
33/00015_00024.ppm;33;0
33/00015_00025.ppm;33;0
33/00015_00026.ppm;33;0
33/00015_00027.ppm;33;0
33/00015_00028.ppm;33;0
33/00015_00029.ppm;33;0
34/00000_00000.ppm;34;0
34/00000_00001.ppm;34;0
34/00000_00002.ppm;34;0
34/00000_00003.ppm;34;0
34/00000_00004.ppm;34;0
34/00000_00005.ppm;34;0
34/00000_00006.ppm;34;0
34/00000_00007.ppm;34;0
34/00000_00008.ppm;34;0
34/00000_00009.ppm;34;0
34/00000_00010.ppm;34;0
34/00000_00011.ppm;34;0
34/00000_00012.ppm;34;0
34/00000_00013.ppm;34;0
34/00000_00014.ppm;34;0
34/00000_00015.ppm;34;0
34/00000_00016.ppm;34;0
34/00000_00017.ppm;34;0
34/00000_00018.ppm;34;0
34/00000_00019.ppm;34;0
34/00000_00020.ppm;34;0
34/00000_00021.ppm;34;0
34/00000_00022.ppm;34;0
34/00000_00023.ppm;34;0
34/00000_00024.ppm;34;0
34/00000_00025.ppm;34;0
34/00000_00026.ppm;34;0
34/00000_00027.ppm;34;0
34/00000_00028.ppm;34;0
34/00000_00029.ppm;34;0
34/00001_00000.ppm;34;0
34/00001_00001.ppm;34;0
34/00001_00002.ppm;34;0
34/00001_00003.ppm;34;0
34/00001_00004.ppm;34;0
34/00001_00005.ppm;34;0
34/00001_00006.ppm;34;0
34/00001_00007.ppm;34;0
34/00001_00008.ppm;34;0
34/00001_00009.ppm;34;0
34/00001_00010.ppm;34;0
34/00001_00011.ppm;34;0
34/00001_00012.ppm;34;0
34/00001_00013.ppm;34;0
34/00001_00014.ppm;34;0
34/00001_00015.ppm;34;0
34/00001_00016.ppm;34;0
34/00001_00017.ppm;34;0
34/00001_00018.ppm;34;0
34/00001_00019.ppm;34;0
34/00001_00020.ppm;34;0
34/00001_00021.ppm;34;0
34/00001_00022.ppm;34;0
34/00001_00023.ppm;34;0
34/00001_00024.ppm;34;0
34/00001_00025.ppm;34;0
34/00001_00026.ppm;34;0
34/00001_00027.ppm;34;0
34/00001_00028.ppm;34;0
34/00001_00029.ppm;34;0
34/00002_00000.ppm;34;0
34/00002_00001.ppm;34;0
34/00002_00002.ppm;34;0
34/00002_00003.ppm;34;0
34/00002_00004.ppm;34;0
34/00002_00005.ppm;34;0
34/00002_00006.ppm;34;0
34/00002_00007.ppm;34;0
34/00002_00008.ppm;34;0
34/00002_00009.ppm;34;0
34/00002_00010.ppm;34;0
34/00002_00011.ppm;34;0
34/00002_00012.ppm;34;0
34/00002_00013.ppm;34;0
34/00002_00014.ppm;34;0
34/00002_00015.ppm;34;0
34/00002_00016.ppm;34;0
34/00002_00017.ppm;34;0
34/00002_00018.ppm;34;0
34/00002_00019.ppm;34;0
34/00002_00020.ppm;34;0
34/00002_00021.ppm;34;0
34/00002_00022.ppm;34;0
34/00002_00023.ppm;34;0
34/00002_00024.ppm;34;0
34/00002_00025.ppm;34;0
34/00002_00026.ppm;34;0
34/00002_00027.ppm;34;0
34/00002_00028.ppm;34;0
34/00002_00029.ppm;34;0
34/00003_00000.ppm;34;0
34/00003_00001.ppm;34;0
34/00003_00002.ppm;34;0
34/00003_00003.ppm;34;0
34/00003_00004.ppm;34;0
34/00003_00005.ppm;34;0
34/00003_00006.ppm;34;0
34/00003_00007.ppm;34;0
34/00003_00008.ppm;34;0
34/00003_00009.ppm;34;0
34/00003_00010.ppm;34;0
34/00003_00011.ppm;34;0
34/00003_00012.ppm;34;0
34/00003_00013.ppm;34;0
34/00003_00014.ppm;34;0
34/00003_00015.ppm;34;0
34/00003_00016.ppm;34;0
34/00003_00017.ppm;34;0
34/00003_00018.ppm;34;0
34/00003_00019.ppm;34;0
34/00003_00020.ppm;34;0
34/00003_00021.ppm;34;0
34/00003_00022.ppm;34;0
34/00003_00023.ppm;34;0
34/00003_00024.ppm;34;0
34/00003_00025.ppm;34;0
34/00003_00026.ppm;34;0
34/00003_00027.ppm;34;0
34/00003_00028.ppm;34;0
34/00003_00029.ppm;34;0
34/00004_00000.ppm;34;0
34/00004_00001.ppm;34;0
34/00004_00002.ppm;34;0
34/00004_00003.ppm;34;0
34/00004_00004.ppm;34;0
34/00004_00005.ppm;34;0
34/00004_00006.ppm;34;0
34/00004_00007.ppm;34;0
34/00004_00008.ppm;34;0
34/00004_00009.ppm;34;0
34/00004_00010.ppm;34;0
34/00004_00011.ppm;34;0
34/00004_00012.ppm;34;0
34/00004_00013.ppm;34;0
34/00004_00014.ppm;34;0
34/00004_00015.ppm;34;0
34/00004_00016.ppm;34;0
34/00004_00017.ppm;34;0
34/00004_00018.ppm;34;0
34/00004_00019.ppm;34;0
34/00004_00020.ppm;34;0
34/00004_00021.ppm;34;0
34/00004_00022.ppm;34;0
34/00004_00023.ppm;34;0
34/00004_00024.ppm;34;0
34/00004_00025.ppm;34;0
34/00004_00026.ppm;34;0
34/00004_00027.ppm;34;0
34/00004_00028.ppm;34;0
34/00004_00029.ppm;34;0
34/00005_00000.ppm;34;0
34/00005_00001.ppm;34;0
34/00005_00002.ppm;34;0
34/00005_00003.ppm;34;0
34/00005_00004.ppm;34;0
34/00005_00005.ppm;34;0
34/00005_00006.ppm;34;0
34/00005_00007.ppm;34;0
34/00005_00008.ppm;34;0
34/00005_00009.ppm;34;0
34/00005_00010.ppm;34;0
34/00005_00011.ppm;34;0
34/00005_00012.ppm;34;0
34/00005_00013.ppm;34;0
34/00005_00014.ppm;34;0
34/00005_00015.ppm;34;0
34/00005_00016.ppm;34;0
34/00005_00017.ppm;34;0
34/00005_00018.ppm;34;0
34/00005_00019.ppm;34;0
34/00005_00020.ppm;34;0
34/00005_00021.ppm;34;0
34/00005_00022.ppm;34;0
34/00005_00023.ppm;34;0
34/00005_00024.ppm;34;0
34/00005_00025.ppm;34;0
34/00005_00026.ppm;34;0
34/00005_00027.ppm;34;0
34/00005_00028.ppm;34;0
34/00005_00029.ppm;34;0
34/00006_00000.ppm;34;0
34/00006_00001.ppm;34;0
34/00006_00002.ppm;34;0
34/00006_00003.ppm;34;0
34/00006_00004.ppm;34;0
34/00006_00005.ppm;34;0
34/00006_00006.ppm;34;0
34/00006_00007.ppm;34;0
34/00006_00008.ppm;34;0
34/00006_00009.ppm;34;0
34/00006_00010.ppm;34;0
34/00006_00011.ppm;34;0
34/00006_00012.ppm;34;0
34/00006_00013.ppm;34;0
34/00006_00014.ppm;34;0
34/00006_00015.ppm;34;0
34/00006_00016.ppm;34;0
34/00006_00017.ppm;34;0
34/00006_00018.ppm;34;0
34/00006_00019.ppm;34;0
34/00006_00020.ppm;34;0
34/00006_00021.ppm;34;0
34/00006_00022.ppm;34;0
34/00006_00023.ppm;34;0
34/00006_00024.ppm;34;0
34/00006_00025.ppm;34;0
34/00006_00026.ppm;34;0
34/00006_00027.ppm;34;0
34/00006_00028.ppm;34;0
34/00006_00029.ppm;34;0
34/00007_00000.ppm;34;0
34/00007_00001.ppm;34;0
34/00007_00002.ppm;34;0
34/00007_00003.ppm;34;0
34/00007_00004.ppm;34;0
34/00007_00005.ppm;34;0
34/00007_00006.ppm;34;0
34/00007_00007.ppm;34;0
34/00007_00008.ppm;34;0
34/00007_00009.ppm;34;0
34/00007_00010.ppm;34;0
34/00007_00011.ppm;34;0
34/00007_00012.ppm;34;0
34/00007_00013.ppm;34;0
34/00007_00014.ppm;34;0
34/00007_00015.ppm;34;0
34/00007_00016.ppm;34;0
34/00007_00017.ppm;34;0
34/00007_00018.ppm;34;0
34/00007_00019.ppm;34;0
34/00007_00020.ppm;34;0
34/00007_00021.ppm;34;0
34/00007_00022.ppm;34;0
34/00007_00023.ppm;34;0
34/00007_00024.ppm;34;0
34/00007_00025.ppm;34;0
34/00007_00026.ppm;34;0
34/00007_00027.ppm;34;0
34/00007_00028.ppm;34;0
34/00007_00029.ppm;34;0
34/00008_00000.ppm;34;0
34/00008_00001.ppm;34;0
34/00008_00002.ppm;34;0
34/00008_00003.ppm;34;0
34/00008_00004.ppm;34;0
34/00008_00005.ppm;34;0
34/00008_00006.ppm;34;0
34/00008_00007.ppm;34;0
34/00008_00008.ppm;34;0
34/00008_00009.ppm;34;0
34/00008_00010.ppm;34;0
34/00008_00011.ppm;34;0
34/00008_00012.ppm;34;0
34/00008_00013.ppm;34;0
34/00008_00014.ppm;34;0
34/00008_00015.ppm;34;0
34/00008_00016.ppm;34;0
34/00008_00017.ppm;34;0
34/00008_00018.ppm;34;0
34/00008_00019.ppm;34;0
34/00008_00020.ppm;34;0
34/00008_00021.ppm;34;0
34/00008_00022.ppm;34;0
34/00008_00023.ppm;34;0
34/00008_00024.ppm;34;0
34/00008_00025.ppm;34;0
34/00008_00026.ppm;34;0
34/00008_00027.ppm;34;0
34/00008_00028.ppm;34;0
34/00008_00029.ppm;34;0
34/00009_00000.ppm;34;0
34/00009_00001.ppm;34;0
34/00009_00002.ppm;34;0
34/00009_00003.ppm;34;0
34/00009_00004.ppm;34;0
34/00009_00005.ppm;34;0
34/00009_00006.ppm;34;0
34/00009_00007.ppm;34;0
34/00009_00008.ppm;34;0
34/00009_00009.ppm;34;0
34/00009_00010.ppm;34;0
34/00009_00011.ppm;34;0
34/00009_00012.ppm;34;0
34/00009_00013.ppm;34;0
34/00009_00014.ppm;34;0
34/00009_00015.ppm;34;0
34/00009_00016.ppm;34;0
34/00009_00017.ppm;34;0
34/00009_00018.ppm;34;0
34/00009_00019.ppm;34;0
34/00009_00020.ppm;34;0
34/00009_00021.ppm;34;0
34/00009_00022.ppm;34;0
34/00009_00023.ppm;34;0
34/00009_00024.ppm;34;0
34/00009_00025.ppm;34;0
34/00009_00026.ppm;34;0
34/00009_00027.ppm;34;0
34/00009_00028.ppm;34;0
34/00009_00029.ppm;34;0
35/00000_00000.ppm;35;0
35/00000_00001.ppm;35;0
35/00000_00002.ppm;35;0
35/00000_00003.ppm;35;0
35/00000_00004.ppm;35;0
35/00000_00005.ppm;35;0
35/00000_00006.ppm;35;0
35/00000_00007.ppm;35;0
35/00000_00008.ppm;35;0
35/00000_00009.ppm;35;0
35/00000_00010.ppm;35;0
35/00000_00011.ppm;35;0
35/00000_00012.ppm;35;0
35/00000_00013.ppm;35;0
35/00000_00014.ppm;35;0
35/00000_00015.ppm;35;0
35/00000_00016.ppm;35;0
35/00000_00017.ppm;35;0
35/00000_00018.ppm;35;0
35/00000_00019.ppm;35;0
35/00000_00020.ppm;35;0
35/00000_00021.ppm;35;0
35/00000_00022.ppm;35;0
35/00000_00023.ppm;35;0
35/00000_00024.ppm;35;0
35/00000_00025.ppm;35;0
35/00000_00026.ppm;35;0
35/00000_00027.ppm;35;0
35/00000_00028.ppm;35;0
35/00000_00029.ppm;35;0
35/00001_00000.ppm;35;0
35/00001_00001.ppm;35;0
35/00001_00002.ppm;35;0
35/00001_00003.ppm;35;0
35/00001_00004.ppm;35;0
35/00001_00005.ppm;35;0
35/00001_00006.ppm;35;0
35/00001_00007.ppm;35;0
35/00001_00008.ppm;35;0
35/00001_00009.ppm;35;0
35/00001_00010.ppm;35;0
35/00001_00011.ppm;35;0
35/00001_00012.ppm;35;0
35/00001_00013.ppm;35;0
35/00001_00014.ppm;35;0
35/00001_00015.ppm;35;0
35/00001_00016.ppm;35;0
35/00001_00017.ppm;35;0
35/00001_00018.ppm;35;0
35/00001_00019.ppm;35;0
35/00001_00020.ppm;35;0
35/00001_00021.ppm;35;0
35/00001_00022.ppm;35;0
35/00001_00023.ppm;35;0
35/00001_00024.ppm;35;0
35/00001_00025.ppm;35;0
35/00001_00026.ppm;35;0
35/00001_00027.ppm;35;0
35/00001_00028.ppm;35;0
35/00001_00029.ppm;35;0
35/00002_00000.ppm;35;0
35/00002_00001.ppm;35;0
35/00002_00002.ppm;35;0
35/00002_00003.ppm;35;0
35/00002_00004.ppm;35;0
35/00002_00005.ppm;35;0
35/00002_00006.ppm;35;0
35/00002_00007.ppm;35;0
35/00002_00008.ppm;35;0
35/00002_00009.ppm;35;0
35/00002_00010.ppm;35;0
35/00002_00011.ppm;35;0
35/00002_00012.ppm;35;0
35/00002_00013.ppm;35;0
35/00002_00014.ppm;35;0
35/00002_00015.ppm;35;0
35/00002_00016.ppm;35;0
35/00002_00017.ppm;35;0
35/00002_00018.ppm;35;0
35/00002_00019.ppm;35;0
35/00002_00020.ppm;35;0
35/00002_00021.ppm;35;0
35/00002_00022.ppm;35;0
35/00002_00023.ppm;35;0
35/00002_00024.ppm;35;0
35/00002_00025.ppm;35;0
35/00002_00026.ppm;35;0
35/00002_00027.ppm;35;0
35/00002_00028.ppm;35;0
35/00002_00029.ppm;35;0
35/00003_00000.ppm;35;0
35/00003_00001.ppm;35;0
35/00003_00002.ppm;35;0
35/00003_00003.ppm;35;0
35/00003_00004.ppm;35;0
35/00003_00005.ppm;35;0
35/00003_00006.ppm;35;0
35/00003_00007.ppm;35;0
35/00003_00008.ppm;35;0
35/00003_00009.ppm;35;0
35/00003_00010.ppm;35;0
35/00003_00011.ppm;35;0
35/00003_00012.ppm;35;0
35/00003_00013.ppm;35;0
35/00003_00014.ppm;35;0
35/00003_00015.ppm;35;0
35/00003_00016.ppm;35;0
35/00003_00017.ppm;35;0
35/00003_00018.ppm;35;0
35/00003_00019.ppm;35;0
35/00003_00020.ppm;35;0
35/00003_00021.ppm;35;0
35/00003_00022.ppm;35;0
35/00003_00023.ppm;35;0
35/00003_00024.ppm;35;0
35/00003_00025.ppm;35;0
35/00003_00026.ppm;35;0
35/00003_00027.ppm;35;0
35/00003_00028.ppm;35;0
35/00003_00029.ppm;35;0
35/00004_00000.ppm;35;0
35/00004_00001.ppm;35;0
35/00004_00002.ppm;35;0
35/00004_00003.ppm;35;0
35/00004_00004.ppm;35;0
35/00004_00005.ppm;35;0
35/00004_00006.ppm;35;0
35/00004_00007.ppm;35;0
35/00004_00008.ppm;35;0
35/00004_00009.ppm;35;0
35/00004_00010.ppm;35;0
35/00004_00011.ppm;35;0
35/00004_00012.ppm;35;0
35/00004_00013.ppm;35;0
35/00004_00014.ppm;35;0
35/00004_00015.ppm;35;0
35/00004_00016.ppm;35;0
35/00004_00017.ppm;35;0
35/00004_00018.ppm;35;0
35/00004_00019.ppm;35;0
35/00004_00020.ppm;35;0
35/00004_00021.ppm;35;0
35/00004_00022.ppm;35;0
35/00004_00023.ppm;35;0
35/00004_00024.ppm;35;0
35/00004_00025.ppm;35;0
35/00004_00026.ppm;35;0
35/00004_00027.ppm;35;0
35/00004_00028.ppm;35;0
35/00004_00029.ppm;35;0
35/00005_00000.ppm;35;0
35/00005_00001.ppm;35;0
35/00005_00002.ppm;35;0
35/00005_00003.ppm;35;0
35/00005_00004.ppm;35;0
35/00005_00005.ppm;35;0
35/00005_00006.ppm;35;0
35/00005_00007.ppm;35;0
35/00005_00008.ppm;35;0
35/00005_00009.ppm;35;0
35/00005_00010.ppm;35;0
35/00005_00011.ppm;35;0
35/00005_00012.ppm;35;0
35/00005_00013.ppm;35;0
35/00005_00014.ppm;35;0
35/00005_00015.ppm;35;0
35/00005_00016.ppm;35;0
35/00005_00017.ppm;35;0
35/00005_00018.ppm;35;0
35/00005_00019.ppm;35;0
35/00005_00020.ppm;35;0
35/00005_00021.ppm;35;0
35/00005_00022.ppm;35;0
35/00005_00023.ppm;35;0
35/00005_00024.ppm;35;0
35/00005_00025.ppm;35;0
35/00005_00026.ppm;35;0
35/00005_00027.ppm;35;0
35/00005_00028.ppm;35;0
35/00005_00029.ppm;35;0
35/00006_00000.ppm;35;0
35/00006_00001.ppm;35;0
35/00006_00002.ppm;35;0
35/00006_00003.ppm;35;0
35/00006_00004.ppm;35;0
35/00006_00005.ppm;35;0
35/00006_00006.ppm;35;0
35/00006_00007.ppm;35;0
35/00006_00008.ppm;35;0
35/00006_00009.ppm;35;0
35/00006_00010.ppm;35;0
35/00006_00011.ppm;35;0
35/00006_00012.ppm;35;0
35/00006_00013.ppm;35;0
35/00006_00014.ppm;35;0
35/00006_00015.ppm;35;0
35/00006_00016.ppm;35;0
35/00006_00017.ppm;35;0
35/00006_00018.ppm;35;0
35/00006_00019.ppm;35;0
35/00006_00020.ppm;35;0
35/00006_00021.ppm;35;0
35/00006_00022.ppm;35;0
35/00006_00023.ppm;35;0
35/00006_00024.ppm;35;0
35/00006_00025.ppm;35;0
35/00006_00026.ppm;35;0
35/00006_00027.ppm;35;0
35/00006_00028.ppm;35;0
35/00006_00029.ppm;35;0
35/00007_00000.ppm;35;0
35/00007_00001.ppm;35;0
35/00007_00002.ppm;35;0
35/00007_00003.ppm;35;0
35/00007_00004.ppm;35;0
35/00007_00005.ppm;35;0
35/00007_00006.ppm;35;0
35/00007_00007.ppm;35;0
35/00007_00008.ppm;35;0
35/00007_00009.ppm;35;0
35/00007_00010.ppm;35;0
35/00007_00011.ppm;35;0
35/00007_00012.ppm;35;0
35/00007_00013.ppm;35;0
35/00007_00014.ppm;35;0
35/00007_00015.ppm;35;0
35/00007_00016.ppm;35;0
35/00007_00017.ppm;35;0
35/00007_00018.ppm;35;0
35/00007_00019.ppm;35;0
35/00007_00020.ppm;35;0
35/00007_00021.ppm;35;0
35/00007_00022.ppm;35;0
35/00007_00023.ppm;35;0
35/00007_00024.ppm;35;0
35/00007_00025.ppm;35;0
35/00007_00026.ppm;35;0
35/00007_00027.ppm;35;0
35/00007_00028.ppm;35;0
35/00007_00029.ppm;35;0
35/00008_00000.ppm;35;0
35/00008_00001.ppm;35;0
35/00008_00002.ppm;35;0
35/00008_00003.ppm;35;0
35/00008_00004.ppm;35;0
35/00008_00005.ppm;35;0
35/00008_00006.ppm;35;0
35/00008_00007.ppm;35;0
35/00008_00008.ppm;35;0
35/00008_00009.ppm;35;0
35/00008_00010.ppm;35;0
35/00008_00011.ppm;35;0
35/00008_00012.ppm;35;0
35/00008_00013.ppm;35;0
35/00008_00014.ppm;35;0
35/00008_00015.ppm;35;0
35/00008_00016.ppm;35;0
35/00008_00017.ppm;35;0
35/00008_00018.ppm;35;0
35/00008_00019.ppm;35;0
35/00008_00020.ppm;35;0
35/00008_00021.ppm;35;0
35/00008_00022.ppm;35;0
35/00008_00023.ppm;35;0
35/00008_00024.ppm;35;0
35/00008_00025.ppm;35;0
35/00008_00026.ppm;35;0
35/00008_00027.ppm;35;0
35/00008_00028.ppm;35;0
35/00008_00029.ppm;35;0
35/00009_00000.ppm;35;0
35/00009_00001.ppm;35;0
35/00009_00002.ppm;35;0
35/00009_00003.ppm;35;0
35/00009_00004.ppm;35;0
35/00009_00005.ppm;35;0
35/00009_00006.ppm;35;0
35/00009_00007.ppm;35;0
35/00009_00008.ppm;35;0
35/00009_00009.ppm;35;0
35/00009_00010.ppm;35;0
35/00009_00011.ppm;35;0
35/00009_00012.ppm;35;0
35/00009_00013.ppm;35;0
35/00009_00014.ppm;35;0
35/00009_00015.ppm;35;0
35/00009_00016.ppm;35;0
35/00009_00017.ppm;35;0
35/00009_00018.ppm;35;0
35/00009_00019.ppm;35;0
35/00009_00020.ppm;35;0
35/00009_00021.ppm;35;0
35/00009_00022.ppm;35;0
35/00009_00023.ppm;35;0
35/00009_00024.ppm;35;0
35/00009_00025.ppm;35;0
35/00009_00026.ppm;35;0
35/00009_00027.ppm;35;0
35/00009_00028.ppm;35;0
35/00009_00029.ppm;35;0
35/00010_00000.ppm;35;0
35/00010_00001.ppm;35;0
35/00010_00002.ppm;35;0
35/00010_00003.ppm;35;0
35/00010_00004.ppm;35;0
35/00010_00005.ppm;35;0
35/00010_00006.ppm;35;0
35/00010_00007.ppm;35;0
35/00010_00008.ppm;35;0
35/00010_00009.ppm;35;0
35/00010_00010.ppm;35;0
35/00010_00011.ppm;35;0
35/00010_00012.ppm;35;0
35/00010_00013.ppm;35;0
35/00010_00014.ppm;35;0
35/00010_00015.ppm;35;0
35/00010_00016.ppm;35;0
35/00010_00017.ppm;35;0
35/00010_00018.ppm;35;0
35/00010_00019.ppm;35;0
35/00010_00020.ppm;35;0
35/00010_00021.ppm;35;0
35/00010_00022.ppm;35;0
35/00010_00023.ppm;35;0
35/00010_00024.ppm;35;0
35/00010_00025.ppm;35;0
35/00010_00026.ppm;35;0
35/00010_00027.ppm;35;0
35/00010_00028.ppm;35;0
35/00010_00029.ppm;35;0
35/00011_00000.ppm;35;0
35/00011_00001.ppm;35;0
35/00011_00002.ppm;35;0
35/00011_00003.ppm;35;0
35/00011_00004.ppm;35;0
35/00011_00005.ppm;35;0
35/00011_00006.ppm;35;0
35/00011_00007.ppm;35;0
35/00011_00008.ppm;35;0
35/00011_00009.ppm;35;0
35/00011_00010.ppm;35;0
35/00011_00011.ppm;35;0
35/00011_00012.ppm;35;0
35/00011_00013.ppm;35;0
35/00011_00014.ppm;35;0
35/00011_00015.ppm;35;0
35/00011_00016.ppm;35;0
35/00011_00017.ppm;35;0
35/00011_00018.ppm;35;0
35/00011_00019.ppm;35;0
35/00011_00020.ppm;35;0
35/00011_00021.ppm;35;0
35/00011_00022.ppm;35;0
35/00011_00023.ppm;35;0
35/00011_00024.ppm;35;0
35/00011_00025.ppm;35;0
35/00011_00026.ppm;35;0
35/00011_00027.ppm;35;0
35/00011_00028.ppm;35;0
35/00011_00029.ppm;35;0
35/00012_00000.ppm;35;0
35/00012_00001.ppm;35;0
35/00012_00002.ppm;35;0
35/00012_00003.ppm;35;0
35/00012_00004.ppm;35;0
35/00012_00005.ppm;35;0
35/00012_00006.ppm;35;0
35/00012_00007.ppm;35;0
35/00012_00008.ppm;35;0
35/00012_00009.ppm;35;0
35/00012_00010.ppm;35;0
35/00012_00011.ppm;35;0
35/00012_00012.ppm;35;0
35/00012_00013.ppm;35;0
35/00012_00014.ppm;35;0
35/00012_00015.ppm;35;0
35/00012_00016.ppm;35;0
35/00012_00017.ppm;35;0
35/00012_00018.ppm;35;0
35/00012_00019.ppm;35;0
35/00012_00020.ppm;35;0
35/00012_00021.ppm;35;0
35/00012_00022.ppm;35;0
35/00012_00023.ppm;35;0
35/00012_00024.ppm;35;0
35/00012_00025.ppm;35;0
35/00012_00026.ppm;35;0
35/00012_00027.ppm;35;0
35/00012_00028.ppm;35;0
35/00012_00029.ppm;35;0
35/00013_00000.ppm;35;0
35/00013_00001.ppm;35;0
35/00013_00002.ppm;35;0
35/00013_00003.ppm;35;0
35/00013_00004.ppm;35;0
35/00013_00005.ppm;35;0
35/00013_00006.ppm;35;0
35/00013_00007.ppm;35;0
35/00013_00008.ppm;35;0
35/00013_00009.ppm;35;0
35/00013_00010.ppm;35;0
35/00013_00011.ppm;35;0
35/00013_00012.ppm;35;0
35/00013_00013.ppm;35;0
35/00013_00014.ppm;35;0
35/00013_00015.ppm;35;0
35/00013_00016.ppm;35;0
35/00013_00017.ppm;35;0
35/00013_00018.ppm;35;0
35/00013_00019.ppm;35;0
35/00013_00020.ppm;35;0
35/00013_00021.ppm;35;0
35/00013_00022.ppm;35;0
35/00013_00023.ppm;35;0
35/00013_00024.ppm;35;0
35/00013_00025.ppm;35;0
35/00013_00026.ppm;35;0
35/00013_00027.ppm;35;0
35/00013_00028.ppm;35;0
35/00013_00029.ppm;35;0
35/00014_00000.ppm;35;0
35/00014_00001.ppm;35;0
35/00014_00002.ppm;35;0
35/00014_00003.ppm;35;0
35/00014_00004.ppm;35;0
35/00014_00005.ppm;35;0
35/00014_00006.ppm;35;0
35/00014_00007.ppm;35;0
35/00014_00008.ppm;35;0
35/00014_00009.ppm;35;0
35/00014_00010.ppm;35;0
35/00014_00011.ppm;35;0
35/00014_00012.ppm;35;0
35/00014_00013.ppm;35;0
35/00014_00014.ppm;35;0
35/00014_00015.ppm;35;0
35/00014_00016.ppm;35;0
35/00014_00017.ppm;35;0
35/00014_00018.ppm;35;0
35/00014_00019.ppm;35;0
35/00014_00020.ppm;35;0
35/00014_00021.ppm;35;0
35/00014_00022.ppm;35;0
35/00014_00023.ppm;35;0
35/00014_00024.ppm;35;0
35/00014_00025.ppm;35;0
35/00014_00026.ppm;35;0
35/00014_00027.ppm;35;0
35/00014_00028.ppm;35;0
35/00014_00029.ppm;35;0
35/00015_00000.ppm;35;0
35/00015_00001.ppm;35;0
35/00015_00002.ppm;35;0
35/00015_00003.ppm;35;0
35/00015_00004.ppm;35;0
35/00015_00005.ppm;35;0
35/00015_00006.ppm;35;0
35/00015_00007.ppm;35;0
35/00015_00008.ppm;35;0
35/00015_00009.ppm;35;0
35/00015_00010.ppm;35;0
35/00015_00011.ppm;35;0
35/00015_00012.ppm;35;0
35/00015_00013.ppm;35;0
35/00015_00014.ppm;35;0
35/00015_00015.ppm;35;0
35/00015_00016.ppm;35;0
35/00015_00017.ppm;35;0
35/00015_00018.ppm;35;0
35/00015_00019.ppm;35;0
35/00015_00020.ppm;35;0
35/00015_00021.ppm;35;0
35/00015_00022.ppm;35;0
35/00015_00023.ppm;35;0
35/00015_00024.ppm;35;0
35/00015_00025.ppm;35;0
35/00015_00026.ppm;35;0
35/00015_00027.ppm;35;0
35/00015_00028.ppm;35;0
35/00015_00029.ppm;35;0
35/00016_00000.ppm;35;0
35/00016_00001.ppm;35;0
35/00016_00002.ppm;35;0
35/00016_00003.ppm;35;0
35/00016_00004.ppm;35;0
35/00016_00005.ppm;35;0
35/00016_00006.ppm;35;0
35/00016_00007.ppm;35;0
35/00016_00008.ppm;35;0
35/00016_00009.ppm;35;0
35/00016_00010.ppm;35;0
35/00016_00011.ppm;35;0
35/00016_00012.ppm;35;0
35/00016_00013.ppm;35;0
35/00016_00014.ppm;35;0
35/00016_00015.ppm;35;0
35/00016_00016.ppm;35;0
35/00016_00017.ppm;35;0
35/00016_00018.ppm;35;0
35/00016_00019.ppm;35;0
35/00016_00020.ppm;35;0
35/00016_00021.ppm;35;0
35/00016_00022.ppm;35;0
35/00016_00023.ppm;35;0
35/00016_00024.ppm;35;0
35/00016_00025.ppm;35;0
35/00016_00026.ppm;35;0
35/00016_00027.ppm;35;0
35/00016_00028.ppm;35;0
35/00016_00029.ppm;35;0
35/00017_00000.ppm;35;0
35/00017_00001.ppm;35;0
35/00017_00002.ppm;35;0
35/00017_00003.ppm;35;0
35/00017_00004.ppm;35;0
35/00017_00005.ppm;35;0
35/00017_00006.ppm;35;0
35/00017_00007.ppm;35;0
35/00017_00008.ppm;35;0
35/00017_00009.ppm;35;0
35/00017_00010.ppm;35;0
35/00017_00011.ppm;35;0
35/00017_00012.ppm;35;0
35/00017_00013.ppm;35;0
35/00017_00014.ppm;35;0
35/00017_00015.ppm;35;0
35/00017_00016.ppm;35;0
35/00017_00017.ppm;35;0
35/00017_00018.ppm;35;0
35/00017_00019.ppm;35;0
35/00017_00020.ppm;35;0
35/00017_00021.ppm;35;0
35/00017_00022.ppm;35;0
35/00017_00023.ppm;35;0
35/00017_00024.ppm;35;0
35/00017_00025.ppm;35;0
35/00017_00026.ppm;35;0
35/00017_00027.ppm;35;0
35/00017_00028.ppm;35;0
35/00017_00029.ppm;35;0
35/00018_00000.ppm;35;0
35/00018_00001.ppm;35;0
35/00018_00002.ppm;35;0
35/00018_00003.ppm;35;0
35/00018_00004.ppm;35;0
35/00018_00005.ppm;35;0
35/00018_00006.ppm;35;0
35/00018_00007.ppm;35;0
35/00018_00008.ppm;35;0
35/00018_00009.ppm;35;0
35/00018_00010.ppm;35;0
35/00018_00011.ppm;35;0
35/00018_00012.ppm;35;0
35/00018_00013.ppm;35;0
35/00018_00014.ppm;35;0
35/00018_00015.ppm;35;0
35/00018_00016.ppm;35;0
35/00018_00017.ppm;35;0
35/00018_00018.ppm;35;0
35/00018_00019.ppm;35;0
35/00018_00020.ppm;35;0
35/00018_00021.ppm;35;0
35/00018_00022.ppm;35;0
35/00018_00023.ppm;35;0
35/00018_00024.ppm;35;0
35/00018_00025.ppm;35;0
35/00018_00026.ppm;35;0
35/00018_00027.ppm;35;0
35/00018_00028.ppm;35;0
35/00018_00029.ppm;35;0
35/00019_00000.ppm;35;0
35/00019_00001.ppm;35;0
35/00019_00002.ppm;35;0
35/00019_00003.ppm;35;0
35/00019_00004.ppm;35;0
35/00019_00005.ppm;35;0
35/00019_00006.ppm;35;0
35/00019_00007.ppm;35;0
35/00019_00008.ppm;35;0
35/00019_00009.ppm;35;0
35/00019_00010.ppm;35;0
35/00019_00011.ppm;35;0
35/00019_00012.ppm;35;0
35/00019_00013.ppm;35;0
35/00019_00014.ppm;35;0
35/00019_00015.ppm;35;0
35/00019_00016.ppm;35;0
35/00019_00017.ppm;35;0
35/00019_00018.ppm;35;0
35/00019_00019.ppm;35;0
35/00019_00020.ppm;35;0
35/00019_00021.ppm;35;0
35/00019_00022.ppm;35;0
35/00019_00023.ppm;35;0
35/00019_00024.ppm;35;0
35/00019_00025.ppm;35;0
35/00019_00026.ppm;35;0
35/00019_00027.ppm;35;0
35/00019_00028.ppm;35;0
35/00019_00029.ppm;35;0
35/00020_00000.ppm;35;0
35/00020_00001.ppm;35;0
35/00020_00002.ppm;35;0
35/00020_00003.ppm;35;0
35/00020_00004.ppm;35;0
35/00020_00005.ppm;35;0
35/00020_00006.ppm;35;0
35/00020_00007.ppm;35;0
35/00020_00008.ppm;35;0
35/00020_00009.ppm;35;0
35/00020_00010.ppm;35;0
35/00020_00011.ppm;35;0
35/00020_00012.ppm;35;0
35/00020_00013.ppm;35;0
35/00020_00014.ppm;35;0
35/00020_00015.ppm;35;0
35/00020_00016.ppm;35;0
35/00020_00017.ppm;35;0
35/00020_00018.ppm;35;0
35/00020_00019.ppm;35;0
35/00020_00020.ppm;35;0
35/00020_00021.ppm;35;0
35/00020_00022.ppm;35;0
35/00020_00023.ppm;35;0
35/00020_00024.ppm;35;0
35/00020_00025.ppm;35;0
35/00020_00026.ppm;35;0
35/00020_00027.ppm;35;0
35/00020_00028.ppm;35;0
35/00020_00029.ppm;35;0
35/00021_00000.ppm;35;0
35/00021_00001.ppm;35;0
35/00021_00002.ppm;35;0
35/00021_00003.ppm;35;0
35/00021_00004.ppm;35;0
35/00021_00005.ppm;35;0
35/00021_00006.ppm;35;0
35/00021_00007.ppm;35;0
35/00021_00008.ppm;35;0
35/00021_00009.ppm;35;0
35/00021_00010.ppm;35;0
35/00021_00011.ppm;35;0
35/00021_00012.ppm;35;0
35/00021_00013.ppm;35;0
35/00021_00014.ppm;35;0
35/00021_00015.ppm;35;0
35/00021_00016.ppm;35;0
35/00021_00017.ppm;35;0
35/00021_00018.ppm;35;0
35/00021_00019.ppm;35;0
35/00021_00020.ppm;35;0
35/00021_00021.ppm;35;0
35/00021_00022.ppm;35;0
35/00021_00023.ppm;35;0
35/00021_00024.ppm;35;0
35/00021_00025.ppm;35;0
35/00021_00026.ppm;35;0
35/00021_00027.ppm;35;0
35/00021_00028.ppm;35;0
35/00021_00029.ppm;35;0
35/00022_00000.ppm;35;0
35/00022_00001.ppm;35;0
35/00022_00002.ppm;35;0
35/00022_00003.ppm;35;0
35/00022_00004.ppm;35;0
35/00022_00005.ppm;35;0
35/00022_00006.ppm;35;0
35/00022_00007.ppm;35;0
35/00022_00008.ppm;35;0
35/00022_00009.ppm;35;0
35/00022_00010.ppm;35;0
35/00022_00011.ppm;35;0
35/00022_00012.ppm;35;0
35/00022_00013.ppm;35;0
35/00022_00014.ppm;35;0
35/00022_00015.ppm;35;0
35/00022_00016.ppm;35;0
35/00022_00017.ppm;35;0
35/00022_00018.ppm;35;0
35/00022_00019.ppm;35;0
35/00022_00020.ppm;35;0
35/00022_00021.ppm;35;0
35/00022_00022.ppm;35;0
35/00022_00023.ppm;35;0
35/00022_00024.ppm;35;0
35/00022_00025.ppm;35;0
35/00022_00026.ppm;35;0
35/00022_00027.ppm;35;0
35/00022_00028.ppm;35;0
35/00022_00029.ppm;35;0
35/00023_00000.ppm;35;0
35/00023_00001.ppm;35;0
35/00023_00002.ppm;35;0
35/00023_00003.ppm;35;0
35/00023_00004.ppm;35;0
35/00023_00005.ppm;35;0
35/00023_00006.ppm;35;0
35/00023_00007.ppm;35;0
35/00023_00008.ppm;35;0
35/00023_00009.ppm;35;0
35/00023_00010.ppm;35;0
35/00023_00011.ppm;35;0
35/00023_00012.ppm;35;0
35/00023_00013.ppm;35;0
35/00023_00014.ppm;35;0
35/00023_00015.ppm;35;0
35/00023_00016.ppm;35;0
35/00023_00017.ppm;35;0
35/00023_00018.ppm;35;0
35/00023_00019.ppm;35;0
35/00023_00020.ppm;35;0
35/00023_00021.ppm;35;0
35/00023_00022.ppm;35;0
35/00023_00023.ppm;35;0
35/00023_00024.ppm;35;0
35/00023_00025.ppm;35;0
35/00023_00026.ppm;35;0
35/00023_00027.ppm;35;0
35/00023_00028.ppm;35;0
35/00023_00029.ppm;35;0
35/00024_00000.ppm;35;0
35/00024_00001.ppm;35;0
35/00024_00002.ppm;35;0
35/00024_00003.ppm;35;0
35/00024_00004.ppm;35;0
35/00024_00005.ppm;35;0
35/00024_00006.ppm;35;0
35/00024_00007.ppm;35;0
35/00024_00008.ppm;35;0
35/00024_00009.ppm;35;0
35/00024_00010.ppm;35;0
35/00024_00011.ppm;35;0
35/00024_00012.ppm;35;0
35/00024_00013.ppm;35;0
35/00024_00014.ppm;35;0
35/00024_00015.ppm;35;0
35/00024_00016.ppm;35;0
35/00024_00017.ppm;35;0
35/00024_00018.ppm;35;0
35/00024_00019.ppm;35;0
35/00024_00020.ppm;35;0
35/00024_00021.ppm;35;0
35/00024_00022.ppm;35;0
35/00024_00023.ppm;35;0
35/00024_00024.ppm;35;0
35/00024_00025.ppm;35;0
35/00024_00026.ppm;35;0
35/00024_00027.ppm;35;0
35/00024_00028.ppm;35;0
35/00024_00029.ppm;35;0
35/00025_00000.ppm;35;0
35/00025_00001.ppm;35;0
35/00025_00002.ppm;35;0
35/00025_00003.ppm;35;0
35/00025_00004.ppm;35;0
35/00025_00005.ppm;35;0
35/00025_00006.ppm;35;0
35/00025_00007.ppm;35;0
35/00025_00008.ppm;35;0
35/00025_00009.ppm;35;0
35/00025_00010.ppm;35;0
35/00025_00011.ppm;35;0
35/00025_00012.ppm;35;0
35/00025_00013.ppm;35;0
35/00025_00014.ppm;35;0
35/00025_00015.ppm;35;0
35/00025_00016.ppm;35;0
35/00025_00017.ppm;35;0
35/00025_00018.ppm;35;0
35/00025_00019.ppm;35;0
35/00025_00020.ppm;35;0
35/00025_00021.ppm;35;0
35/00025_00022.ppm;35;0
35/00025_00023.ppm;35;0
35/00025_00024.ppm;35;0
35/00025_00025.ppm;35;0
35/00025_00026.ppm;35;0
35/00025_00027.ppm;35;0
35/00025_00028.ppm;35;0
35/00025_00029.ppm;35;0
35/00026_00000.ppm;35;0
35/00026_00001.ppm;35;0
35/00026_00002.ppm;35;0
35/00026_00003.ppm;35;0
35/00026_00004.ppm;35;0
35/00026_00005.ppm;35;0
35/00026_00006.ppm;35;0
35/00026_00007.ppm;35;0
35/00026_00008.ppm;35;0
35/00026_00009.ppm;35;0
35/00026_00010.ppm;35;0
35/00026_00011.ppm;35;0
35/00026_00012.ppm;35;0
35/00026_00013.ppm;35;0
35/00026_00014.ppm;35;0
35/00026_00015.ppm;35;0
35/00026_00016.ppm;35;0
35/00026_00017.ppm;35;0
35/00026_00018.ppm;35;0
35/00026_00019.ppm;35;0
35/00026_00020.ppm;35;0
35/00026_00021.ppm;35;0
35/00026_00022.ppm;35;0
35/00026_00023.ppm;35;0
35/00026_00024.ppm;35;0
35/00026_00025.ppm;35;0
35/00026_00026.ppm;35;0
35/00026_00027.ppm;35;0
35/00026_00028.ppm;35;0
35/00026_00029.ppm;35;0
36/00000_00000.ppm;36;0
36/00000_00001.ppm;36;0
36/00000_00002.ppm;36;0
36/00000_00003.ppm;36;0
36/00000_00004.ppm;36;0
36/00000_00005.ppm;36;0
36/00000_00006.ppm;36;0
36/00000_00007.ppm;36;0
36/00000_00008.ppm;36;0
36/00000_00009.ppm;36;0
36/00000_00010.ppm;36;0
36/00000_00011.ppm;36;0
36/00000_00012.ppm;36;0
36/00000_00013.ppm;36;0
36/00000_00014.ppm;36;0
36/00000_00015.ppm;36;0
36/00000_00016.ppm;36;0
36/00000_00017.ppm;36;0
36/00000_00018.ppm;36;0
36/00000_00019.ppm;36;0
36/00000_00020.ppm;36;0
36/00000_00021.ppm;36;0
36/00000_00022.ppm;36;0
36/00000_00023.ppm;36;0
36/00000_00024.ppm;36;0
36/00000_00025.ppm;36;0
36/00000_00026.ppm;36;0
36/00000_00027.ppm;36;0
36/00000_00028.ppm;36;0
36/00000_00029.ppm;36;0
36/00001_00000.ppm;36;0
36/00001_00001.ppm;36;0
36/00001_00002.ppm;36;0
36/00001_00003.ppm;36;0
36/00001_00004.ppm;36;0
36/00001_00005.ppm;36;0
36/00001_00006.ppm;36;0
36/00001_00007.ppm;36;0
36/00001_00008.ppm;36;0
36/00001_00009.ppm;36;0
36/00001_00010.ppm;36;0
36/00001_00011.ppm;36;0
36/00001_00012.ppm;36;0
36/00001_00013.ppm;36;0
36/00001_00014.ppm;36;0
36/00001_00015.ppm;36;0
36/00001_00016.ppm;36;0
36/00001_00017.ppm;36;0
36/00001_00018.ppm;36;0
36/00001_00019.ppm;36;0
36/00001_00020.ppm;36;0
36/00001_00021.ppm;36;0
36/00001_00022.ppm;36;0
36/00001_00023.ppm;36;0
36/00001_00024.ppm;36;0
36/00001_00025.ppm;36;0
36/00001_00026.ppm;36;0
36/00001_00027.ppm;36;0
36/00001_00028.ppm;36;0
36/00001_00029.ppm;36;0
36/00002_00000.ppm;36;0
36/00002_00001.ppm;36;0
36/00002_00002.ppm;36;0
36/00002_00003.ppm;36;0
36/00002_00004.ppm;36;0
36/00002_00005.ppm;36;0
36/00002_00006.ppm;36;0
36/00002_00007.ppm;36;0
36/00002_00008.ppm;36;0
36/00002_00009.ppm;36;0
36/00002_00010.ppm;36;0
36/00002_00011.ppm;36;0
36/00002_00012.ppm;36;0
36/00002_00013.ppm;36;0
36/00002_00014.ppm;36;0
36/00002_00015.ppm;36;0
36/00002_00016.ppm;36;0
36/00002_00017.ppm;36;0
36/00002_00018.ppm;36;0
36/00002_00019.ppm;36;0
36/00002_00020.ppm;36;0
36/00002_00021.ppm;36;0
36/00002_00022.ppm;36;0
36/00002_00023.ppm;36;0
36/00002_00024.ppm;36;0
36/00002_00025.ppm;36;0
36/00002_00026.ppm;36;0
36/00002_00027.ppm;36;0
36/00002_00028.ppm;36;0
36/00002_00029.ppm;36;0
36/00003_00000.ppm;36;0
36/00003_00001.ppm;36;0
36/00003_00002.ppm;36;0
36/00003_00003.ppm;36;0
36/00003_00004.ppm;36;0
36/00003_00005.ppm;36;0
36/00003_00006.ppm;36;0
36/00003_00007.ppm;36;0
36/00003_00008.ppm;36;0
36/00003_00009.ppm;36;0
36/00003_00010.ppm;36;0
36/00003_00011.ppm;36;0
36/00003_00012.ppm;36;0
36/00003_00013.ppm;36;0
36/00003_00014.ppm;36;0
36/00003_00015.ppm;36;0
36/00003_00016.ppm;36;0
36/00003_00017.ppm;36;0
36/00003_00018.ppm;36;0
36/00003_00019.ppm;36;0
36/00003_00020.ppm;36;0
36/00003_00021.ppm;36;0
36/00003_00022.ppm;36;0
36/00003_00023.ppm;36;0
36/00003_00024.ppm;36;0
36/00003_00025.ppm;36;0
36/00003_00026.ppm;36;0
36/00003_00027.ppm;36;0
36/00003_00028.ppm;36;0
36/00003_00029.ppm;36;0
36/00004_00000.ppm;36;0
36/00004_00001.ppm;36;0
36/00004_00002.ppm;36;0
36/00004_00003.ppm;36;0
36/00004_00004.ppm;36;0
36/00004_00005.ppm;36;0
36/00004_00006.ppm;36;0
36/00004_00007.ppm;36;0
36/00004_00008.ppm;36;0
36/00004_00009.ppm;36;0
36/00004_00010.ppm;36;0
36/00004_00011.ppm;36;0
36/00004_00012.ppm;36;0
36/00004_00013.ppm;36;0
36/00004_00014.ppm;36;0
36/00004_00015.ppm;36;0
36/00004_00016.ppm;36;0
36/00004_00017.ppm;36;0
36/00004_00018.ppm;36;0
36/00004_00019.ppm;36;0
36/00004_00020.ppm;36;0
36/00004_00021.ppm;36;0
36/00004_00022.ppm;36;0
36/00004_00023.ppm;36;0
36/00004_00024.ppm;36;0
36/00004_00025.ppm;36;0
36/00004_00026.ppm;36;0
36/00004_00027.ppm;36;0
36/00004_00028.ppm;36;0
36/00004_00029.ppm;36;0
36/00005_00000.ppm;36;0
36/00005_00001.ppm;36;0
36/00005_00002.ppm;36;0
36/00005_00003.ppm;36;0
36/00005_00004.ppm;36;0
36/00005_00005.ppm;36;0
36/00005_00006.ppm;36;0
36/00005_00007.ppm;36;0
36/00005_00008.ppm;36;0
36/00005_00009.ppm;36;0
36/00005_00010.ppm;36;0
36/00005_00011.ppm;36;0
36/00005_00012.ppm;36;0
36/00005_00013.ppm;36;0
36/00005_00014.ppm;36;0
36/00005_00015.ppm;36;0
36/00005_00016.ppm;36;0
36/00005_00017.ppm;36;0
36/00005_00018.ppm;36;0
36/00005_00019.ppm;36;0
36/00005_00020.ppm;36;0
36/00005_00021.ppm;36;0
36/00005_00022.ppm;36;0
36/00005_00023.ppm;36;0
36/00005_00024.ppm;36;0
36/00005_00025.ppm;36;0
36/00005_00026.ppm;36;0
36/00005_00027.ppm;36;0
36/00005_00028.ppm;36;0
36/00005_00029.ppm;36;0
36/00006_00000.ppm;36;0
36/00006_00001.ppm;36;0
36/00006_00002.ppm;36;0
36/00006_00003.ppm;36;0
36/00006_00004.ppm;36;0
36/00006_00005.ppm;36;0
36/00006_00006.ppm;36;0
36/00006_00007.ppm;36;0
36/00006_00008.ppm;36;0
36/00006_00009.ppm;36;0
36/00006_00010.ppm;36;0
36/00006_00011.ppm;36;0
36/00006_00012.ppm;36;0
36/00006_00013.ppm;36;0
36/00006_00014.ppm;36;0
36/00006_00015.ppm;36;0
36/00006_00016.ppm;36;0
36/00006_00017.ppm;36;0
36/00006_00018.ppm;36;0
36/00006_00019.ppm;36;0
36/00006_00020.ppm;36;0
36/00006_00021.ppm;36;0
36/00006_00022.ppm;36;0
36/00006_00023.ppm;36;0
36/00006_00024.ppm;36;0
36/00006_00025.ppm;36;0
36/00006_00026.ppm;36;0
36/00006_00027.ppm;36;0
36/00006_00028.ppm;36;0
36/00006_00029.ppm;36;0
36/00007_00000.ppm;36;0
36/00007_00001.ppm;36;0
36/00007_00002.ppm;36;0
36/00007_00003.ppm;36;0
36/00007_00004.ppm;36;0
36/00007_00005.ppm;36;0
36/00007_00006.ppm;36;0
36/00007_00007.ppm;36;0
36/00007_00008.ppm;36;0
36/00007_00009.ppm;36;0
36/00007_00010.ppm;36;0
36/00007_00011.ppm;36;0
36/00007_00012.ppm;36;0
36/00007_00013.ppm;36;0
36/00007_00014.ppm;36;0
36/00007_00015.ppm;36;0
36/00007_00016.ppm;36;0
36/00007_00017.ppm;36;0
36/00007_00018.ppm;36;0
36/00007_00019.ppm;36;0
36/00007_00020.ppm;36;0
36/00007_00021.ppm;36;0
36/00007_00022.ppm;36;0
36/00007_00023.ppm;36;0
36/00007_00024.ppm;36;0
36/00007_00025.ppm;36;0
36/00007_00026.ppm;36;0
36/00007_00027.ppm;36;0
36/00007_00028.ppm;36;0
36/00007_00029.ppm;36;0
36/00008_00000.ppm;36;0
36/00008_00001.ppm;36;0
36/00008_00002.ppm;36;0
36/00008_00003.ppm;36;0
36/00008_00004.ppm;36;0
36/00008_00005.ppm;36;0
36/00008_00006.ppm;36;0
36/00008_00007.ppm;36;0
36/00008_00008.ppm;36;0
36/00008_00009.ppm;36;0
36/00008_00010.ppm;36;0
36/00008_00011.ppm;36;0
36/00008_00012.ppm;36;0
36/00008_00013.ppm;36;0
36/00008_00014.ppm;36;0
36/00008_00015.ppm;36;0
36/00008_00016.ppm;36;0
36/00008_00017.ppm;36;0
36/00008_00018.ppm;36;0
36/00008_00019.ppm;36;0
36/00008_00020.ppm;36;0
36/00008_00021.ppm;36;0
36/00008_00022.ppm;36;0
36/00008_00023.ppm;36;0
36/00008_00024.ppm;36;0
36/00008_00025.ppm;36;0
36/00008_00026.ppm;36;0
36/00008_00027.ppm;36;0
36/00008_00028.ppm;36;0
36/00008_00029.ppm;36;0
37/00000_00000.ppm;37;0
37/00000_00001.ppm;37;0
37/00000_00002.ppm;37;0
37/00000_00003.ppm;37;0
37/00000_00004.ppm;37;0
37/00000_00005.ppm;37;0
37/00000_00006.ppm;37;0
37/00000_00007.ppm;37;0
37/00000_00008.ppm;37;0
37/00000_00009.ppm;37;0
37/00000_00010.ppm;37;0
37/00000_00011.ppm;37;0
37/00000_00012.ppm;37;0
37/00000_00013.ppm;37;0
37/00000_00014.ppm;37;0
37/00000_00015.ppm;37;0
37/00000_00016.ppm;37;0
37/00000_00017.ppm;37;0
37/00000_00018.ppm;37;0
37/00000_00019.ppm;37;0
37/00000_00020.ppm;37;0
37/00000_00021.ppm;37;0
37/00000_00022.ppm;37;0
37/00000_00023.ppm;37;0
37/00000_00024.ppm;37;0
37/00000_00025.ppm;37;0
37/00000_00026.ppm;37;0
37/00000_00027.ppm;37;0
37/00000_00028.ppm;37;0
37/00000_00029.ppm;37;0
37/00001_00000.ppm;37;0
37/00001_00001.ppm;37;0
37/00001_00002.ppm;37;0
37/00001_00003.ppm;37;0
37/00001_00004.ppm;37;0
37/00001_00005.ppm;37;0
37/00001_00006.ppm;37;0
37/00001_00007.ppm;37;0
37/00001_00008.ppm;37;0
37/00001_00009.ppm;37;0
37/00001_00010.ppm;37;0
37/00001_00011.ppm;37;0
37/00001_00012.ppm;37;0
37/00001_00013.ppm;37;0
37/00001_00014.ppm;37;0
37/00001_00015.ppm;37;0
37/00001_00016.ppm;37;0
37/00001_00017.ppm;37;0
37/00001_00018.ppm;37;0
37/00001_00019.ppm;37;0
37/00001_00020.ppm;37;0
37/00001_00021.ppm;37;0
37/00001_00022.ppm;37;0
37/00001_00023.ppm;37;0
37/00001_00024.ppm;37;0
37/00001_00025.ppm;37;0
37/00001_00026.ppm;37;0
37/00001_00027.ppm;37;0
37/00001_00028.ppm;37;0
37/00001_00029.ppm;37;0
37/00002_00000.ppm;37;0
37/00002_00001.ppm;37;0
37/00002_00002.ppm;37;0
37/00002_00003.ppm;37;0
37/00002_00004.ppm;37;0
37/00002_00005.ppm;37;0
37/00002_00006.ppm;37;0
37/00002_00007.ppm;37;0
37/00002_00008.ppm;37;0
37/00002_00009.ppm;37;0
37/00002_00010.ppm;37;0
37/00002_00011.ppm;37;0
37/00002_00012.ppm;37;0
37/00002_00013.ppm;37;0
37/00002_00014.ppm;37;0
37/00002_00015.ppm;37;0
37/00002_00016.ppm;37;0
37/00002_00017.ppm;37;0
37/00002_00018.ppm;37;0
37/00002_00019.ppm;37;0
37/00002_00020.ppm;37;0
37/00002_00021.ppm;37;0
37/00002_00022.ppm;37;0
37/00002_00023.ppm;37;0
37/00002_00024.ppm;37;0
37/00002_00025.ppm;37;0
37/00002_00026.ppm;37;0
37/00002_00027.ppm;37;0
37/00002_00028.ppm;37;0
37/00002_00029.ppm;37;0
37/00003_00000.ppm;37;0
37/00003_00001.ppm;37;0
37/00003_00002.ppm;37;0
37/00003_00003.ppm;37;0
37/00003_00004.ppm;37;0
37/00003_00005.ppm;37;0
37/00003_00006.ppm;37;0
37/00003_00007.ppm;37;0
37/00003_00008.ppm;37;0
37/00003_00009.ppm;37;0
37/00003_00010.ppm;37;0
37/00003_00011.ppm;37;0
37/00003_00012.ppm;37;0
37/00003_00013.ppm;37;0
37/00003_00014.ppm;37;0
37/00003_00015.ppm;37;0
37/00003_00016.ppm;37;0
37/00003_00017.ppm;37;0
37/00003_00018.ppm;37;0
37/00003_00019.ppm;37;0
37/00003_00020.ppm;37;0
37/00003_00021.ppm;37;0
37/00003_00022.ppm;37;0
37/00003_00023.ppm;37;0
37/00003_00024.ppm;37;0
37/00003_00025.ppm;37;0
37/00003_00026.ppm;37;0
37/00003_00027.ppm;37;0
37/00003_00028.ppm;37;0
37/00003_00029.ppm;37;0
37/00004_00000.ppm;37;0
37/00004_00001.ppm;37;0
37/00004_00002.ppm;37;0
37/00004_00003.ppm;37;0
37/00004_00004.ppm;37;0
37/00004_00005.ppm;37;0
37/00004_00006.ppm;37;0
37/00004_00007.ppm;37;0
37/00004_00008.ppm;37;0
37/00004_00009.ppm;37;0
37/00004_00010.ppm;37;0
37/00004_00011.ppm;37;0
37/00004_00012.ppm;37;0
37/00004_00013.ppm;37;0
37/00004_00014.ppm;37;0
37/00004_00015.ppm;37;0
37/00004_00016.ppm;37;0
37/00004_00017.ppm;37;0
37/00004_00018.ppm;37;0
37/00004_00019.ppm;37;0
37/00004_00020.ppm;37;0
37/00004_00021.ppm;37;0
37/00004_00022.ppm;37;0
37/00004_00023.ppm;37;0
37/00004_00024.ppm;37;0
37/00004_00025.ppm;37;0
37/00004_00026.ppm;37;0
37/00004_00027.ppm;37;0
37/00004_00028.ppm;37;0
37/00004_00029.ppm;37;0
38/00000_00000.ppm;38;0
38/00000_00001.ppm;38;0
38/00000_00002.ppm;38;0
38/00000_00003.ppm;38;0
38/00000_00004.ppm;38;0
38/00000_00005.ppm;38;0
38/00000_00006.ppm;38;0
38/00000_00007.ppm;38;0
38/00000_00008.ppm;38;0
38/00000_00009.ppm;38;0
38/00000_00010.ppm;38;0
38/00000_00011.ppm;38;0
38/00000_00012.ppm;38;0
38/00000_00013.ppm;38;0
38/00000_00014.ppm;38;0
38/00000_00015.ppm;38;0
38/00000_00016.ppm;38;0
38/00000_00017.ppm;38;0
38/00000_00018.ppm;38;0
38/00000_00019.ppm;38;0
38/00000_00020.ppm;38;0
38/00000_00021.ppm;38;0
38/00000_00022.ppm;38;0
38/00000_00023.ppm;38;0
38/00000_00024.ppm;38;0
38/00000_00025.ppm;38;0
38/00000_00026.ppm;38;0
38/00000_00027.ppm;38;0
38/00000_00028.ppm;38;0
38/00000_00029.ppm;38;0
38/00001_00000.ppm;38;0
38/00001_00001.ppm;38;0
38/00001_00002.ppm;38;0
38/00001_00003.ppm;38;0
38/00001_00004.ppm;38;0
38/00001_00005.ppm;38;0
38/00001_00006.ppm;38;0
38/00001_00007.ppm;38;0
38/00001_00008.ppm;38;0
38/00001_00009.ppm;38;0
38/00001_00010.ppm;38;0
38/00001_00011.ppm;38;0
38/00001_00012.ppm;38;0
38/00001_00013.ppm;38;0
38/00001_00014.ppm;38;0
38/00001_00015.ppm;38;0
38/00001_00016.ppm;38;0
38/00001_00017.ppm;38;0
38/00001_00018.ppm;38;0
38/00001_00019.ppm;38;0
38/00001_00020.ppm;38;0
38/00001_00021.ppm;38;0
38/00001_00022.ppm;38;0
38/00001_00023.ppm;38;0
38/00001_00024.ppm;38;0
38/00001_00025.ppm;38;0
38/00001_00026.ppm;38;0
38/00001_00027.ppm;38;0
38/00001_00028.ppm;38;0
38/00001_00029.ppm;38;0
38/00002_00000.ppm;38;0
38/00002_00001.ppm;38;0
38/00002_00002.ppm;38;0
38/00002_00003.ppm;38;0
38/00002_00004.ppm;38;0
38/00002_00005.ppm;38;0
38/00002_00006.ppm;38;0
38/00002_00007.ppm;38;0
38/00002_00008.ppm;38;0
38/00002_00009.ppm;38;0
38/00002_00010.ppm;38;0
38/00002_00011.ppm;38;0
38/00002_00012.ppm;38;0
38/00002_00013.ppm;38;0
38/00002_00014.ppm;38;0
38/00002_00015.ppm;38;0
38/00002_00016.ppm;38;0
38/00002_00017.ppm;38;0
38/00002_00018.ppm;38;0
38/00002_00019.ppm;38;0
38/00002_00020.ppm;38;0
38/00002_00021.ppm;38;0
38/00002_00022.ppm;38;0
38/00002_00023.ppm;38;0
38/00002_00024.ppm;38;0
38/00002_00025.ppm;38;0
38/00002_00026.ppm;38;0
38/00002_00027.ppm;38;0
38/00002_00028.ppm;38;0
38/00002_00029.ppm;38;0
38/00003_00000.ppm;38;0
38/00003_00001.ppm;38;0
38/00003_00002.ppm;38;0
38/00003_00003.ppm;38;0
38/00003_00004.ppm;38;0
38/00003_00005.ppm;38;0
38/00003_00006.ppm;38;0
38/00003_00007.ppm;38;0
38/00003_00008.ppm;38;0
38/00003_00009.ppm;38;0
38/00003_00010.ppm;38;0
38/00003_00011.ppm;38;0
38/00003_00012.ppm;38;0
38/00003_00013.ppm;38;0
38/00003_00014.ppm;38;0
38/00003_00015.ppm;38;0
38/00003_00016.ppm;38;0
38/00003_00017.ppm;38;0
38/00003_00018.ppm;38;0
38/00003_00019.ppm;38;0
38/00003_00020.ppm;38;0
38/00003_00021.ppm;38;0
38/00003_00022.ppm;38;0
38/00003_00023.ppm;38;0
38/00003_00024.ppm;38;0
38/00003_00025.ppm;38;0
38/00003_00026.ppm;38;0
38/00003_00027.ppm;38;0
38/00003_00028.ppm;38;0
38/00003_00029.ppm;38;0
38/00004_00000.ppm;38;0
38/00004_00001.ppm;38;0
38/00004_00002.ppm;38;0
38/00004_00003.ppm;38;0
38/00004_00004.ppm;38;0
38/00004_00005.ppm;38;0
38/00004_00006.ppm;38;0
38/00004_00007.ppm;38;0
38/00004_00008.ppm;38;0
38/00004_00009.ppm;38;0
38/00004_00010.ppm;38;0
38/00004_00011.ppm;38;0
38/00004_00012.ppm;38;0
38/00004_00013.ppm;38;0
38/00004_00014.ppm;38;0
38/00004_00015.ppm;38;0
38/00004_00016.ppm;38;0
38/00004_00017.ppm;38;0
38/00004_00018.ppm;38;0
38/00004_00019.ppm;38;0
38/00004_00020.ppm;38;0
38/00004_00021.ppm;38;0
38/00004_00022.ppm;38;0
38/00004_00023.ppm;38;0
38/00004_00024.ppm;38;0
38/00004_00025.ppm;38;0
38/00004_00026.ppm;38;0
38/00004_00027.ppm;38;0
38/00004_00028.ppm;38;0
38/00004_00029.ppm;38;0
38/00005_00000.ppm;38;0
38/00005_00001.ppm;38;0
38/00005_00002.ppm;38;0
38/00005_00003.ppm;38;0
38/00005_00004.ppm;38;0
38/00005_00005.ppm;38;0
38/00005_00006.ppm;38;0
38/00005_00007.ppm;38;0
38/00005_00008.ppm;38;0
38/00005_00009.ppm;38;0
38/00005_00010.ppm;38;0
38/00005_00011.ppm;38;0
38/00005_00012.ppm;38;0
38/00005_00013.ppm;38;0
38/00005_00014.ppm;38;0
38/00005_00015.ppm;38;0
38/00005_00016.ppm;38;0
38/00005_00017.ppm;38;0
38/00005_00018.ppm;38;0
38/00005_00019.ppm;38;0
38/00005_00020.ppm;38;0
38/00005_00021.ppm;38;0
38/00005_00022.ppm;38;0
38/00005_00023.ppm;38;0
38/00005_00024.ppm;38;0
38/00005_00025.ppm;38;0
38/00005_00026.ppm;38;0
38/00005_00027.ppm;38;0
38/00005_00028.ppm;38;0
38/00005_00029.ppm;38;0
38/00006_00000.ppm;38;0
38/00006_00001.ppm;38;0
38/00006_00002.ppm;38;0
38/00006_00003.ppm;38;0
38/00006_00004.ppm;38;0
38/00006_00005.ppm;38;0
38/00006_00006.ppm;38;0
38/00006_00007.ppm;38;0
38/00006_00008.ppm;38;0
38/00006_00009.ppm;38;0
38/00006_00010.ppm;38;0
38/00006_00011.ppm;38;0
38/00006_00012.ppm;38;0
38/00006_00013.ppm;38;0
38/00006_00014.ppm;38;0
38/00006_00015.ppm;38;0
38/00006_00016.ppm;38;0
38/00006_00017.ppm;38;0
38/00006_00018.ppm;38;0
38/00006_00019.ppm;38;0
38/00006_00020.ppm;38;0
38/00006_00021.ppm;38;0
38/00006_00022.ppm;38;0
38/00006_00023.ppm;38;0
38/00006_00024.ppm;38;0
38/00006_00025.ppm;38;0
38/00006_00026.ppm;38;0
38/00006_00027.ppm;38;0
38/00006_00028.ppm;38;0
38/00006_00029.ppm;38;0
38/00007_00000.ppm;38;0
38/00007_00001.ppm;38;0
38/00007_00002.ppm;38;0
38/00007_00003.ppm;38;0
38/00007_00004.ppm;38;0
38/00007_00005.ppm;38;0
38/00007_00006.ppm;38;0
38/00007_00007.ppm;38;0
38/00007_00008.ppm;38;0
38/00007_00009.ppm;38;0
38/00007_00010.ppm;38;0
38/00007_00011.ppm;38;0
38/00007_00012.ppm;38;0
38/00007_00013.ppm;38;0
38/00007_00014.ppm;38;0
38/00007_00015.ppm;38;0
38/00007_00016.ppm;38;0
38/00007_00017.ppm;38;0
38/00007_00018.ppm;38;0
38/00007_00019.ppm;38;0
38/00007_00020.ppm;38;0
38/00007_00021.ppm;38;0
38/00007_00022.ppm;38;0
38/00007_00023.ppm;38;0
38/00007_00024.ppm;38;0
38/00007_00025.ppm;38;0
38/00007_00026.ppm;38;0
38/00007_00027.ppm;38;0
38/00007_00028.ppm;38;0
38/00007_00029.ppm;38;0
38/00008_00000.ppm;38;0
38/00008_00001.ppm;38;0
38/00008_00002.ppm;38;0
38/00008_00003.ppm;38;0
38/00008_00004.ppm;38;0
38/00008_00005.ppm;38;0
38/00008_00006.ppm;38;0
38/00008_00007.ppm;38;0
38/00008_00008.ppm;38;0
38/00008_00009.ppm;38;0
38/00008_00010.ppm;38;0
38/00008_00011.ppm;38;0
38/00008_00012.ppm;38;0
38/00008_00013.ppm;38;0
38/00008_00014.ppm;38;0
38/00008_00015.ppm;38;0
38/00008_00016.ppm;38;0
38/00008_00017.ppm;38;0
38/00008_00018.ppm;38;0
38/00008_00019.ppm;38;0
38/00008_00020.ppm;38;0
38/00008_00021.ppm;38;0
38/00008_00022.ppm;38;0
38/00008_00023.ppm;38;0
38/00008_00024.ppm;38;0
38/00008_00025.ppm;38;0
38/00008_00026.ppm;38;0
38/00008_00027.ppm;38;0
38/00008_00028.ppm;38;0
38/00008_00029.ppm;38;0
38/00009_00000.ppm;38;0
38/00009_00001.ppm;38;0
38/00009_00002.ppm;38;0
38/00009_00003.ppm;38;0
38/00009_00004.ppm;38;0
38/00009_00005.ppm;38;0
38/00009_00006.ppm;38;0
38/00009_00007.ppm;38;0
38/00009_00008.ppm;38;0
38/00009_00009.ppm;38;0
38/00009_00010.ppm;38;0
38/00009_00011.ppm;38;0
38/00009_00012.ppm;38;0
38/00009_00013.ppm;38;0
38/00009_00014.ppm;38;0
38/00009_00015.ppm;38;0
38/00009_00016.ppm;38;0
38/00009_00017.ppm;38;0
38/00009_00018.ppm;38;0
38/00009_00019.ppm;38;0
38/00009_00020.ppm;38;0
38/00009_00021.ppm;38;0
38/00009_00022.ppm;38;0
38/00009_00023.ppm;38;0
38/00009_00024.ppm;38;0
38/00009_00025.ppm;38;0
38/00009_00026.ppm;38;0
38/00009_00027.ppm;38;0
38/00009_00028.ppm;38;0
38/00009_00029.ppm;38;0
38/00010_00000.ppm;38;0
38/00010_00001.ppm;38;0
38/00010_00002.ppm;38;0
38/00010_00003.ppm;38;0
38/00010_00004.ppm;38;0
38/00010_00005.ppm;38;0
38/00010_00006.ppm;38;0
38/00010_00007.ppm;38;0
38/00010_00008.ppm;38;0
38/00010_00009.ppm;38;0
38/00010_00010.ppm;38;0
38/00010_00011.ppm;38;0
38/00010_00012.ppm;38;0
38/00010_00013.ppm;38;0
38/00010_00014.ppm;38;0
38/00010_00015.ppm;38;0
38/00010_00016.ppm;38;0
38/00010_00017.ppm;38;0
38/00010_00018.ppm;38;0
38/00010_00019.ppm;38;0
38/00010_00020.ppm;38;0
38/00010_00021.ppm;38;0
38/00010_00022.ppm;38;0
38/00010_00023.ppm;38;0
38/00010_00024.ppm;38;0
38/00010_00025.ppm;38;0
38/00010_00026.ppm;38;0
38/00010_00027.ppm;38;0
38/00010_00028.ppm;38;0
38/00010_00029.ppm;38;0
38/00011_00000.ppm;38;0
38/00011_00001.ppm;38;0
38/00011_00002.ppm;38;0
38/00011_00003.ppm;38;0
38/00011_00004.ppm;38;0
38/00011_00005.ppm;38;0
38/00011_00006.ppm;38;0
38/00011_00007.ppm;38;0
38/00011_00008.ppm;38;0
38/00011_00009.ppm;38;0
38/00011_00010.ppm;38;0
38/00011_00011.ppm;38;0
38/00011_00012.ppm;38;0
38/00011_00013.ppm;38;0
38/00011_00014.ppm;38;0
38/00011_00015.ppm;38;0
38/00011_00016.ppm;38;0
38/00011_00017.ppm;38;0
38/00011_00018.ppm;38;0
38/00011_00019.ppm;38;0
38/00011_00020.ppm;38;0
38/00011_00021.ppm;38;0
38/00011_00022.ppm;38;0
38/00011_00023.ppm;38;0
38/00011_00024.ppm;38;0
38/00011_00025.ppm;38;0
38/00011_00026.ppm;38;0
38/00011_00027.ppm;38;0
38/00011_00028.ppm;38;0
38/00011_00029.ppm;38;0
38/00012_00000.ppm;38;0
38/00012_00001.ppm;38;0
38/00012_00002.ppm;38;0
38/00012_00003.ppm;38;0
38/00012_00004.ppm;38;0
38/00012_00005.ppm;38;0
38/00012_00006.ppm;38;0
38/00012_00007.ppm;38;0
38/00012_00008.ppm;38;0
38/00012_00009.ppm;38;0
38/00012_00010.ppm;38;0
38/00012_00011.ppm;38;0
38/00012_00012.ppm;38;0
38/00012_00013.ppm;38;0
38/00012_00014.ppm;38;0
38/00012_00015.ppm;38;0
38/00012_00016.ppm;38;0
38/00012_00017.ppm;38;0
38/00012_00018.ppm;38;0
38/00012_00019.ppm;38;0
38/00012_00020.ppm;38;0
38/00012_00021.ppm;38;0
38/00012_00022.ppm;38;0
38/00012_00023.ppm;38;0
38/00012_00024.ppm;38;0
38/00012_00025.ppm;38;0
38/00012_00026.ppm;38;0
38/00012_00027.ppm;38;0
38/00012_00028.ppm;38;0
38/00012_00029.ppm;38;0
38/00013_00000.ppm;38;0
38/00013_00001.ppm;38;0
38/00013_00002.ppm;38;0
38/00013_00003.ppm;38;0
38/00013_00004.ppm;38;0
38/00013_00005.ppm;38;0
38/00013_00006.ppm;38;0
38/00013_00007.ppm;38;0
38/00013_00008.ppm;38;0
38/00013_00009.ppm;38;0
38/00013_00010.ppm;38;0
38/00013_00011.ppm;38;0
38/00013_00012.ppm;38;0
38/00013_00013.ppm;38;0
38/00013_00014.ppm;38;0
38/00013_00015.ppm;38;0
38/00013_00016.ppm;38;0
38/00013_00017.ppm;38;0
38/00013_00018.ppm;38;0
38/00013_00019.ppm;38;0
38/00013_00020.ppm;38;0
38/00013_00021.ppm;38;0
38/00013_00022.ppm;38;0
38/00013_00023.ppm;38;0
38/00013_00024.ppm;38;0
38/00013_00025.ppm;38;0
38/00013_00026.ppm;38;0
38/00013_00027.ppm;38;0
38/00013_00028.ppm;38;0
38/00013_00029.ppm;38;0
38/00014_00000.ppm;38;0
38/00014_00001.ppm;38;0
38/00014_00002.ppm;38;0
38/00014_00003.ppm;38;0
38/00014_00004.ppm;38;0
38/00014_00005.ppm;38;0
38/00014_00006.ppm;38;0
38/00014_00007.ppm;38;0
38/00014_00008.ppm;38;0
38/00014_00009.ppm;38;0
38/00014_00010.ppm;38;0
38/00014_00011.ppm;38;0
38/00014_00012.ppm;38;0
38/00014_00013.ppm;38;0
38/00014_00014.ppm;38;0
38/00014_00015.ppm;38;0
38/00014_00016.ppm;38;0
38/00014_00017.ppm;38;0
38/00014_00018.ppm;38;0
38/00014_00019.ppm;38;0
38/00014_00020.ppm;38;0
38/00014_00021.ppm;38;0
38/00014_00022.ppm;38;0
38/00014_00023.ppm;38;0
38/00014_00024.ppm;38;0
38/00014_00025.ppm;38;0
38/00014_00026.ppm;38;0
38/00014_00027.ppm;38;0
38/00014_00028.ppm;38;0
38/00014_00029.ppm;38;0
38/00015_00000.ppm;38;0
38/00015_00001.ppm;38;0
38/00015_00002.ppm;38;0
38/00015_00003.ppm;38;0
38/00015_00004.ppm;38;0
38/00015_00005.ppm;38;0
38/00015_00006.ppm;38;0
38/00015_00007.ppm;38;0
38/00015_00008.ppm;38;0
38/00015_00009.ppm;38;0
38/00015_00010.ppm;38;0
38/00015_00011.ppm;38;0
38/00015_00012.ppm;38;0
38/00015_00013.ppm;38;0
38/00015_00014.ppm;38;0
38/00015_00015.ppm;38;0
38/00015_00016.ppm;38;0
38/00015_00017.ppm;38;0
38/00015_00018.ppm;38;0
38/00015_00019.ppm;38;0
38/00015_00020.ppm;38;0
38/00015_00021.ppm;38;0
38/00015_00022.ppm;38;0
38/00015_00023.ppm;38;0
38/00015_00024.ppm;38;0
38/00015_00025.ppm;38;0
38/00015_00026.ppm;38;0
38/00015_00027.ppm;38;0
38/00015_00028.ppm;38;0
38/00015_00029.ppm;38;0
38/00016_00000.ppm;38;0
38/00016_00001.ppm;38;0
38/00016_00002.ppm;38;0
38/00016_00003.ppm;38;0
38/00016_00004.ppm;38;0
38/00016_00005.ppm;38;0
38/00016_00006.ppm;38;0
38/00016_00007.ppm;38;0
38/00016_00008.ppm;38;0
38/00016_00009.ppm;38;0
38/00016_00010.ppm;38;0
38/00016_00011.ppm;38;0
38/00016_00012.ppm;38;0
38/00016_00013.ppm;38;0
38/00016_00014.ppm;38;0
38/00016_00015.ppm;38;0
38/00016_00016.ppm;38;0
38/00016_00017.ppm;38;0
38/00016_00018.ppm;38;0
38/00016_00019.ppm;38;0
38/00016_00020.ppm;38;0
38/00016_00021.ppm;38;0
38/00016_00022.ppm;38;0
38/00016_00023.ppm;38;0
38/00016_00024.ppm;38;0
38/00016_00025.ppm;38;0
38/00016_00026.ppm;38;0
38/00016_00027.ppm;38;0
38/00016_00028.ppm;38;0
38/00016_00029.ppm;38;0
38/00017_00000.ppm;38;0
38/00017_00001.ppm;38;0
38/00017_00002.ppm;38;0
38/00017_00003.ppm;38;0
38/00017_00004.ppm;38;0
38/00017_00005.ppm;38;0
38/00017_00006.ppm;38;0
38/00017_00007.ppm;38;0
38/00017_00008.ppm;38;0
38/00017_00009.ppm;38;0
38/00017_00010.ppm;38;0
38/00017_00011.ppm;38;0
38/00017_00012.ppm;38;0
38/00017_00013.ppm;38;0
38/00017_00014.ppm;38;0
38/00017_00015.ppm;38;0
38/00017_00016.ppm;38;0
38/00017_00017.ppm;38;0
38/00017_00018.ppm;38;0
38/00017_00019.ppm;38;0
38/00017_00020.ppm;38;0
38/00017_00021.ppm;38;0
38/00017_00022.ppm;38;0
38/00017_00023.ppm;38;0
38/00017_00024.ppm;38;0
38/00017_00025.ppm;38;0
38/00017_00026.ppm;38;0
38/00017_00027.ppm;38;0
38/00017_00028.ppm;38;0
38/00017_00029.ppm;38;0
38/00018_00000.ppm;38;0
38/00018_00001.ppm;38;0
38/00018_00002.ppm;38;0
38/00018_00003.ppm;38;0
38/00018_00004.ppm;38;0
38/00018_00005.ppm;38;0
38/00018_00006.ppm;38;0
38/00018_00007.ppm;38;0
38/00018_00008.ppm;38;0
38/00018_00009.ppm;38;0
38/00018_00010.ppm;38;0
38/00018_00011.ppm;38;0
38/00018_00012.ppm;38;0
38/00018_00013.ppm;38;0
38/00018_00014.ppm;38;0
38/00018_00015.ppm;38;0
38/00018_00016.ppm;38;0
38/00018_00017.ppm;38;0
38/00018_00018.ppm;38;0
38/00018_00019.ppm;38;0
38/00018_00020.ppm;38;0
38/00018_00021.ppm;38;0
38/00018_00022.ppm;38;0
38/00018_00023.ppm;38;0
38/00018_00024.ppm;38;0
38/00018_00025.ppm;38;0
38/00018_00026.ppm;38;0
38/00018_00027.ppm;38;0
38/00018_00028.ppm;38;0
38/00018_00029.ppm;38;0
38/00019_00000.ppm;38;0
38/00019_00001.ppm;38;0
38/00019_00002.ppm;38;0
38/00019_00003.ppm;38;0
38/00019_00004.ppm;38;0
38/00019_00005.ppm;38;0
38/00019_00006.ppm;38;0
38/00019_00007.ppm;38;0
38/00019_00008.ppm;38;0
38/00019_00009.ppm;38;0
38/00019_00010.ppm;38;0
38/00019_00011.ppm;38;0
38/00019_00012.ppm;38;0
38/00019_00013.ppm;38;0
38/00019_00014.ppm;38;0
38/00019_00015.ppm;38;0
38/00019_00016.ppm;38;0
38/00019_00017.ppm;38;0
38/00019_00018.ppm;38;0
38/00019_00019.ppm;38;0
38/00019_00020.ppm;38;0
38/00019_00021.ppm;38;0
38/00019_00022.ppm;38;0
38/00019_00023.ppm;38;0
38/00019_00024.ppm;38;0
38/00019_00025.ppm;38;0
38/00019_00026.ppm;38;0
38/00019_00027.ppm;38;0
38/00019_00028.ppm;38;0
38/00019_00029.ppm;38;0
38/00020_00000.ppm;38;0
38/00020_00001.ppm;38;0
38/00020_00002.ppm;38;0
38/00020_00003.ppm;38;0
38/00020_00004.ppm;38;0
38/00020_00005.ppm;38;0
38/00020_00006.ppm;38;0
38/00020_00007.ppm;38;0
38/00020_00008.ppm;38;0
38/00020_00009.ppm;38;0
38/00020_00010.ppm;38;0
38/00020_00011.ppm;38;0
38/00020_00012.ppm;38;0
38/00020_00013.ppm;38;0
38/00020_00014.ppm;38;0
38/00020_00015.ppm;38;0
38/00020_00016.ppm;38;0
38/00020_00017.ppm;38;0
38/00020_00018.ppm;38;0
38/00020_00019.ppm;38;0
38/00020_00020.ppm;38;0
38/00020_00021.ppm;38;0
38/00020_00022.ppm;38;0
38/00020_00023.ppm;38;0
38/00020_00024.ppm;38;0
38/00020_00025.ppm;38;0
38/00020_00026.ppm;38;0
38/00020_00027.ppm;38;0
38/00020_00028.ppm;38;0
38/00020_00029.ppm;38;0
38/00021_00000.ppm;38;0
38/00021_00001.ppm;38;0
38/00021_00002.ppm;38;0
38/00021_00003.ppm;38;0
38/00021_00004.ppm;38;0
38/00021_00005.ppm;38;0
38/00021_00006.ppm;38;0
38/00021_00007.ppm;38;0
38/00021_00008.ppm;38;0
38/00021_00009.ppm;38;0
38/00021_00010.ppm;38;0
38/00021_00011.ppm;38;0
38/00021_00012.ppm;38;0
38/00021_00013.ppm;38;0
38/00021_00014.ppm;38;0
38/00021_00015.ppm;38;0
38/00021_00016.ppm;38;0
38/00021_00017.ppm;38;0
38/00021_00018.ppm;38;0
38/00021_00019.ppm;38;0
38/00021_00020.ppm;38;0
38/00021_00021.ppm;38;0
38/00021_00022.ppm;38;0
38/00021_00023.ppm;38;0
38/00021_00024.ppm;38;0
38/00021_00025.ppm;38;0
38/00021_00026.ppm;38;0
38/00021_00027.ppm;38;0
38/00021_00028.ppm;38;0
38/00021_00029.ppm;38;0
38/00022_00000.ppm;38;0
38/00022_00001.ppm;38;0
38/00022_00002.ppm;38;0
38/00022_00003.ppm;38;0
38/00022_00004.ppm;38;0
38/00022_00005.ppm;38;0
38/00022_00006.ppm;38;0
38/00022_00007.ppm;38;0
38/00022_00008.ppm;38;0
38/00022_00009.ppm;38;0
38/00022_00010.ppm;38;0
38/00022_00011.ppm;38;0
38/00022_00012.ppm;38;0
38/00022_00013.ppm;38;0
38/00022_00014.ppm;38;0
38/00022_00015.ppm;38;0
38/00022_00016.ppm;38;0
38/00022_00017.ppm;38;0
38/00022_00018.ppm;38;0
38/00022_00019.ppm;38;0
38/00022_00020.ppm;38;0
38/00022_00021.ppm;38;0
38/00022_00022.ppm;38;0
38/00022_00023.ppm;38;0
38/00022_00024.ppm;38;0
38/00022_00025.ppm;38;0
38/00022_00026.ppm;38;0
38/00022_00027.ppm;38;0
38/00022_00028.ppm;38;0
38/00022_00029.ppm;38;0
38/00023_00000.ppm;38;0
38/00023_00001.ppm;38;0
38/00023_00002.ppm;38;0
38/00023_00003.ppm;38;0
38/00023_00004.ppm;38;0
38/00023_00005.ppm;38;0
38/00023_00006.ppm;38;0
38/00023_00007.ppm;38;0
38/00023_00008.ppm;38;0
38/00023_00009.ppm;38;0
38/00023_00010.ppm;38;0
38/00023_00011.ppm;38;0
38/00023_00012.ppm;38;0
38/00023_00013.ppm;38;0
38/00023_00014.ppm;38;0
38/00023_00015.ppm;38;0
38/00023_00016.ppm;38;0
38/00023_00017.ppm;38;0
38/00023_00018.ppm;38;0
38/00023_00019.ppm;38;0
38/00023_00020.ppm;38;0
38/00023_00021.ppm;38;0
38/00023_00022.ppm;38;0
38/00023_00023.ppm;38;0
38/00023_00024.ppm;38;0
38/00023_00025.ppm;38;0
38/00023_00026.ppm;38;0
38/00023_00027.ppm;38;0
38/00023_00028.ppm;38;0
38/00023_00029.ppm;38;0
38/00024_00000.ppm;38;0
38/00024_00001.ppm;38;0
38/00024_00002.ppm;38;0
38/00024_00003.ppm;38;0
38/00024_00004.ppm;38;0
38/00024_00005.ppm;38;0
38/00024_00006.ppm;38;0
38/00024_00007.ppm;38;0
38/00024_00008.ppm;38;0
38/00024_00009.ppm;38;0
38/00024_00010.ppm;38;0
38/00024_00011.ppm;38;0
38/00024_00012.ppm;38;0
38/00024_00013.ppm;38;0
38/00024_00014.ppm;38;0
38/00024_00015.ppm;38;0
38/00024_00016.ppm;38;0
38/00024_00017.ppm;38;0
38/00024_00018.ppm;38;0
38/00024_00019.ppm;38;0
38/00024_00020.ppm;38;0
38/00024_00021.ppm;38;0
38/00024_00022.ppm;38;0
38/00024_00023.ppm;38;0
38/00024_00024.ppm;38;0
38/00024_00025.ppm;38;0
38/00024_00026.ppm;38;0
38/00024_00027.ppm;38;0
38/00024_00028.ppm;38;0
38/00024_00029.ppm;38;0
38/00025_00000.ppm;38;0
38/00025_00001.ppm;38;0
38/00025_00002.ppm;38;0
38/00025_00003.ppm;38;0
38/00025_00004.ppm;38;0
38/00025_00005.ppm;38;0
38/00025_00006.ppm;38;0
38/00025_00007.ppm;38;0
38/00025_00008.ppm;38;0
38/00025_00009.ppm;38;0
38/00025_00010.ppm;38;0
38/00025_00011.ppm;38;0
38/00025_00012.ppm;38;0
38/00025_00013.ppm;38;0
38/00025_00014.ppm;38;0
38/00025_00015.ppm;38;0
38/00025_00016.ppm;38;0
38/00025_00017.ppm;38;0
38/00025_00018.ppm;38;0
38/00025_00019.ppm;38;0
38/00025_00020.ppm;38;0
38/00025_00021.ppm;38;0
38/00025_00022.ppm;38;0
38/00025_00023.ppm;38;0
38/00025_00024.ppm;38;0
38/00025_00025.ppm;38;0
38/00025_00026.ppm;38;0
38/00025_00027.ppm;38;0
38/00025_00028.ppm;38;0
38/00025_00029.ppm;38;0
38/00026_00000.ppm;38;0
38/00026_00001.ppm;38;0
38/00026_00002.ppm;38;0
38/00026_00003.ppm;38;0
38/00026_00004.ppm;38;0
38/00026_00005.ppm;38;0
38/00026_00006.ppm;38;0
38/00026_00007.ppm;38;0
38/00026_00008.ppm;38;0
38/00026_00009.ppm;38;0
38/00026_00010.ppm;38;0
38/00026_00011.ppm;38;0
38/00026_00012.ppm;38;0
38/00026_00013.ppm;38;0
38/00026_00014.ppm;38;0
38/00026_00015.ppm;38;0
38/00026_00016.ppm;38;0
38/00026_00017.ppm;38;0
38/00026_00018.ppm;38;0
38/00026_00019.ppm;38;0
38/00026_00020.ppm;38;0
38/00026_00021.ppm;38;0
38/00026_00022.ppm;38;0
38/00026_00023.ppm;38;0
38/00026_00024.ppm;38;0
38/00026_00025.ppm;38;0
38/00026_00026.ppm;38;0
38/00026_00027.ppm;38;0
38/00026_00028.ppm;38;0
38/00026_00029.ppm;38;0
38/00027_00000.ppm;38;0
38/00027_00001.ppm;38;0
38/00027_00002.ppm;38;0
38/00027_00003.ppm;38;0
38/00027_00004.ppm;38;0
38/00027_00005.ppm;38;0
38/00027_00006.ppm;38;0
38/00027_00007.ppm;38;0
38/00027_00008.ppm;38;0
38/00027_00009.ppm;38;0
38/00027_00010.ppm;38;0
38/00027_00011.ppm;38;0
38/00027_00012.ppm;38;0
38/00027_00013.ppm;38;0
38/00027_00014.ppm;38;0
38/00027_00015.ppm;38;0
38/00027_00016.ppm;38;0
38/00027_00017.ppm;38;0
38/00027_00018.ppm;38;0
38/00027_00019.ppm;38;0
38/00027_00020.ppm;38;0
38/00027_00021.ppm;38;0
38/00027_00022.ppm;38;0
38/00027_00023.ppm;38;0
38/00027_00024.ppm;38;0
38/00027_00025.ppm;38;0
38/00027_00026.ppm;38;0
38/00027_00027.ppm;38;0
38/00027_00028.ppm;38;0
38/00027_00029.ppm;38;0
38/00028_00000.ppm;38;0
38/00028_00001.ppm;38;0
38/00028_00002.ppm;38;0
38/00028_00003.ppm;38;0
38/00028_00004.ppm;38;0
38/00028_00005.ppm;38;0
38/00028_00006.ppm;38;0
38/00028_00007.ppm;38;0
38/00028_00008.ppm;38;0
38/00028_00009.ppm;38;0
38/00028_00010.ppm;38;0
38/00028_00011.ppm;38;0
38/00028_00012.ppm;38;0
38/00028_00013.ppm;38;0
38/00028_00014.ppm;38;0
38/00028_00015.ppm;38;0
38/00028_00016.ppm;38;0
38/00028_00017.ppm;38;0
38/00028_00018.ppm;38;0
38/00028_00019.ppm;38;0
38/00028_00020.ppm;38;0
38/00028_00021.ppm;38;0
38/00028_00022.ppm;38;0
38/00028_00023.ppm;38;0
38/00028_00024.ppm;38;0
38/00028_00025.ppm;38;0
38/00028_00026.ppm;38;0
38/00028_00027.ppm;38;0
38/00028_00028.ppm;38;0
38/00028_00029.ppm;38;0
38/00029_00000.ppm;38;0
38/00029_00001.ppm;38;0
38/00029_00002.ppm;38;0
38/00029_00003.ppm;38;0
38/00029_00004.ppm;38;0
38/00029_00005.ppm;38;0
38/00029_00006.ppm;38;0
38/00029_00007.ppm;38;0
38/00029_00008.ppm;38;0
38/00029_00009.ppm;38;0
38/00029_00010.ppm;38;0
38/00029_00011.ppm;38;0
38/00029_00012.ppm;38;0
38/00029_00013.ppm;38;0
38/00029_00014.ppm;38;0
38/00029_00015.ppm;38;0
38/00029_00016.ppm;38;0
38/00029_00017.ppm;38;0
38/00029_00018.ppm;38;0
38/00029_00019.ppm;38;0
38/00029_00020.ppm;38;0
38/00029_00021.ppm;38;0
38/00029_00022.ppm;38;0
38/00029_00023.ppm;38;0
38/00029_00024.ppm;38;0
38/00029_00025.ppm;38;0
38/00029_00026.ppm;38;0
38/00029_00027.ppm;38;0
38/00029_00028.ppm;38;0
38/00029_00029.ppm;38;0
38/00030_00000.ppm;38;0
38/00030_00001.ppm;38;0
38/00030_00002.ppm;38;0
38/00030_00003.ppm;38;0
38/00030_00004.ppm;38;0
38/00030_00005.ppm;38;0
38/00030_00006.ppm;38;0
38/00030_00007.ppm;38;0
38/00030_00008.ppm;38;0
38/00030_00009.ppm;38;0
38/00030_00010.ppm;38;0
38/00030_00011.ppm;38;0
38/00030_00012.ppm;38;0
38/00030_00013.ppm;38;0
38/00030_00014.ppm;38;0
38/00030_00015.ppm;38;0
38/00030_00016.ppm;38;0
38/00030_00017.ppm;38;0
38/00030_00018.ppm;38;0
38/00030_00019.ppm;38;0
38/00030_00020.ppm;38;0
38/00030_00021.ppm;38;0
38/00030_00022.ppm;38;0
38/00030_00023.ppm;38;0
38/00030_00024.ppm;38;0
38/00030_00025.ppm;38;0
38/00030_00026.ppm;38;0
38/00030_00027.ppm;38;0
38/00030_00028.ppm;38;0
38/00030_00029.ppm;38;0
38/00031_00000.ppm;38;0
38/00031_00001.ppm;38;0
38/00031_00002.ppm;38;0
38/00031_00003.ppm;38;0
38/00031_00004.ppm;38;0
38/00031_00005.ppm;38;0
38/00031_00006.ppm;38;0
38/00031_00007.ppm;38;0
38/00031_00008.ppm;38;0
38/00031_00009.ppm;38;0
38/00031_00010.ppm;38;0
38/00031_00011.ppm;38;0
38/00031_00012.ppm;38;0
38/00031_00013.ppm;38;0
38/00031_00014.ppm;38;0
38/00031_00015.ppm;38;0
38/00031_00016.ppm;38;0
38/00031_00017.ppm;38;0
38/00031_00018.ppm;38;0
38/00031_00019.ppm;38;0
38/00031_00020.ppm;38;0
38/00031_00021.ppm;38;0
38/00031_00022.ppm;38;0
38/00031_00023.ppm;38;0
38/00031_00024.ppm;38;0
38/00031_00025.ppm;38;0
38/00031_00026.ppm;38;0
38/00031_00027.ppm;38;0
38/00031_00028.ppm;38;0
38/00031_00029.ppm;38;0
38/00032_00000.ppm;38;0
38/00032_00001.ppm;38;0
38/00032_00002.ppm;38;0
38/00032_00003.ppm;38;0
38/00032_00004.ppm;38;0
38/00032_00005.ppm;38;0
38/00032_00006.ppm;38;0
38/00032_00007.ppm;38;0
38/00032_00008.ppm;38;0
38/00032_00009.ppm;38;0
38/00032_00010.ppm;38;0
38/00032_00011.ppm;38;0
38/00032_00012.ppm;38;0
38/00032_00013.ppm;38;0
38/00032_00014.ppm;38;0
38/00032_00015.ppm;38;0
38/00032_00016.ppm;38;0
38/00032_00017.ppm;38;0
38/00032_00018.ppm;38;0
38/00032_00019.ppm;38;0
38/00032_00020.ppm;38;0
38/00032_00021.ppm;38;0
38/00032_00022.ppm;38;0
38/00032_00023.ppm;38;0
38/00032_00024.ppm;38;0
38/00032_00025.ppm;38;0
38/00032_00026.ppm;38;0
38/00032_00027.ppm;38;0
38/00032_00028.ppm;38;0
38/00032_00029.ppm;38;0
38/00033_00000.ppm;38;0
38/00033_00001.ppm;38;0
38/00033_00002.ppm;38;0
38/00033_00003.ppm;38;0
38/00033_00004.ppm;38;0
38/00033_00005.ppm;38;0
38/00033_00006.ppm;38;0
38/00033_00007.ppm;38;0
38/00033_00008.ppm;38;0
38/00033_00009.ppm;38;0
38/00033_00010.ppm;38;0
38/00033_00011.ppm;38;0
38/00033_00012.ppm;38;0
38/00033_00013.ppm;38;0
38/00033_00014.ppm;38;0
38/00033_00015.ppm;38;0
38/00033_00016.ppm;38;0
38/00033_00017.ppm;38;0
38/00033_00018.ppm;38;0
38/00033_00019.ppm;38;0
38/00033_00020.ppm;38;0
38/00033_00021.ppm;38;0
38/00033_00022.ppm;38;0
38/00033_00023.ppm;38;0
38/00033_00024.ppm;38;0
38/00033_00025.ppm;38;0
38/00033_00026.ppm;38;0
38/00033_00027.ppm;38;0
38/00033_00028.ppm;38;0
38/00033_00029.ppm;38;0
38/00034_00000.ppm;38;0
38/00034_00001.ppm;38;0
38/00034_00002.ppm;38;0
38/00034_00003.ppm;38;0
38/00034_00004.ppm;38;0
38/00034_00005.ppm;38;0
38/00034_00006.ppm;38;0
38/00034_00007.ppm;38;0
38/00034_00008.ppm;38;0
38/00034_00009.ppm;38;0
38/00034_00010.ppm;38;0
38/00034_00011.ppm;38;0
38/00034_00012.ppm;38;0
38/00034_00013.ppm;38;0
38/00034_00014.ppm;38;0
38/00034_00015.ppm;38;0
38/00034_00016.ppm;38;0
38/00034_00017.ppm;38;0
38/00034_00018.ppm;38;0
38/00034_00019.ppm;38;0
38/00034_00020.ppm;38;0
38/00034_00021.ppm;38;0
38/00034_00022.ppm;38;0
38/00034_00023.ppm;38;0
38/00034_00024.ppm;38;0
38/00034_00025.ppm;38;0
38/00034_00026.ppm;38;0
38/00034_00027.ppm;38;0
38/00034_00028.ppm;38;0
38/00034_00029.ppm;38;0
38/00035_00000.ppm;38;0
38/00035_00001.ppm;38;0
38/00035_00002.ppm;38;0
38/00035_00003.ppm;38;0
38/00035_00004.ppm;38;0
38/00035_00005.ppm;38;0
38/00035_00006.ppm;38;0
38/00035_00007.ppm;38;0
38/00035_00008.ppm;38;0
38/00035_00009.ppm;38;0
38/00035_00010.ppm;38;0
38/00035_00011.ppm;38;0
38/00035_00012.ppm;38;0
38/00035_00013.ppm;38;0
38/00035_00014.ppm;38;0
38/00035_00015.ppm;38;0
38/00035_00016.ppm;38;0
38/00035_00017.ppm;38;0
38/00035_00018.ppm;38;0
38/00035_00019.ppm;38;0
38/00035_00020.ppm;38;0
38/00035_00021.ppm;38;0
38/00035_00022.ppm;38;0
38/00035_00023.ppm;38;0
38/00035_00024.ppm;38;0
38/00035_00025.ppm;38;0
38/00035_00026.ppm;38;0
38/00035_00027.ppm;38;0
38/00035_00028.ppm;38;0
38/00035_00029.ppm;38;0
38/00036_00000.ppm;38;0
38/00036_00001.ppm;38;0
38/00036_00002.ppm;38;0
38/00036_00003.ppm;38;0
38/00036_00004.ppm;38;0
38/00036_00005.ppm;38;0
38/00036_00006.ppm;38;0
38/00036_00007.ppm;38;0
38/00036_00008.ppm;38;0
38/00036_00009.ppm;38;0
38/00036_00010.ppm;38;0
38/00036_00011.ppm;38;0
38/00036_00012.ppm;38;0
38/00036_00013.ppm;38;0
38/00036_00014.ppm;38;0
38/00036_00015.ppm;38;0
38/00036_00016.ppm;38;0
38/00036_00017.ppm;38;0
38/00036_00018.ppm;38;0
38/00036_00019.ppm;38;0
38/00036_00020.ppm;38;0
38/00036_00021.ppm;38;0
38/00036_00022.ppm;38;0
38/00036_00023.ppm;38;0
38/00036_00024.ppm;38;0
38/00036_00025.ppm;38;0
38/00036_00026.ppm;38;0
38/00036_00027.ppm;38;0
38/00036_00028.ppm;38;0
38/00036_00029.ppm;38;0
38/00037_00000.ppm;38;0
38/00037_00001.ppm;38;0
38/00037_00002.ppm;38;0
38/00037_00003.ppm;38;0
38/00037_00004.ppm;38;0
38/00037_00005.ppm;38;0
38/00037_00006.ppm;38;0
38/00037_00007.ppm;38;0
38/00037_00008.ppm;38;0
38/00037_00009.ppm;38;0
38/00037_00010.ppm;38;0
38/00037_00011.ppm;38;0
38/00037_00012.ppm;38;0
38/00037_00013.ppm;38;0
38/00037_00014.ppm;38;0
38/00037_00015.ppm;38;0
38/00037_00016.ppm;38;0
38/00037_00017.ppm;38;0
38/00037_00018.ppm;38;0
38/00037_00019.ppm;38;0
38/00037_00020.ppm;38;0
38/00037_00021.ppm;38;0
38/00037_00022.ppm;38;0
38/00037_00023.ppm;38;0
38/00037_00024.ppm;38;0
38/00037_00025.ppm;38;0
38/00037_00026.ppm;38;0
38/00037_00027.ppm;38;0
38/00037_00028.ppm;38;0
38/00037_00029.ppm;38;0
38/00038_00000.ppm;38;0
38/00038_00001.ppm;38;0
38/00038_00002.ppm;38;0
38/00038_00003.ppm;38;0
38/00038_00004.ppm;38;0
38/00038_00005.ppm;38;0
38/00038_00006.ppm;38;0
38/00038_00007.ppm;38;0
38/00038_00008.ppm;38;0
38/00038_00009.ppm;38;0
38/00038_00010.ppm;38;0
38/00038_00011.ppm;38;0
38/00038_00012.ppm;38;0
38/00038_00013.ppm;38;0
38/00038_00014.ppm;38;0
38/00038_00015.ppm;38;0
38/00038_00016.ppm;38;0
38/00038_00017.ppm;38;0
38/00038_00018.ppm;38;0
38/00038_00019.ppm;38;0
38/00038_00020.ppm;38;0
38/00038_00021.ppm;38;0
38/00038_00022.ppm;38;0
38/00038_00023.ppm;38;0
38/00038_00024.ppm;38;0
38/00038_00025.ppm;38;0
38/00038_00026.ppm;38;0
38/00038_00027.ppm;38;0
38/00038_00028.ppm;38;0
38/00038_00029.ppm;38;0
38/00039_00000.ppm;38;0
38/00039_00001.ppm;38;0
38/00039_00002.ppm;38;0
38/00039_00003.ppm;38;0
38/00039_00004.ppm;38;0
38/00039_00005.ppm;38;0
38/00039_00006.ppm;38;0
38/00039_00007.ppm;38;0
38/00039_00008.ppm;38;0
38/00039_00009.ppm;38;0
38/00039_00010.ppm;38;0
38/00039_00011.ppm;38;0
38/00039_00012.ppm;38;0
38/00039_00013.ppm;38;0
38/00039_00014.ppm;38;0
38/00039_00015.ppm;38;0
38/00039_00016.ppm;38;0
38/00039_00017.ppm;38;0
38/00039_00018.ppm;38;0
38/00039_00019.ppm;38;0
38/00039_00020.ppm;38;0
38/00039_00021.ppm;38;0
38/00039_00022.ppm;38;0
38/00039_00023.ppm;38;0
38/00039_00024.ppm;38;0
38/00039_00025.ppm;38;0
38/00039_00026.ppm;38;0
38/00039_00027.ppm;38;0
38/00039_00028.ppm;38;0
38/00039_00029.ppm;38;0
38/00040_00000.ppm;38;0
38/00040_00001.ppm;38;0
38/00040_00002.ppm;38;0
38/00040_00003.ppm;38;0
38/00040_00004.ppm;38;0
38/00040_00005.ppm;38;0
38/00040_00006.ppm;38;0
38/00040_00007.ppm;38;0
38/00040_00008.ppm;38;0
38/00040_00009.ppm;38;0
38/00040_00010.ppm;38;0
38/00040_00011.ppm;38;0
38/00040_00012.ppm;38;0
38/00040_00013.ppm;38;0
38/00040_00014.ppm;38;0
38/00040_00015.ppm;38;0
38/00040_00016.ppm;38;0
38/00040_00017.ppm;38;0
38/00040_00018.ppm;38;0
38/00040_00019.ppm;38;0
38/00040_00020.ppm;38;0
38/00040_00021.ppm;38;0
38/00040_00022.ppm;38;0
38/00040_00023.ppm;38;0
38/00040_00024.ppm;38;0
38/00040_00025.ppm;38;0
38/00040_00026.ppm;38;0
38/00040_00027.ppm;38;0
38/00040_00028.ppm;38;0
38/00040_00029.ppm;38;0
38/00041_00000.ppm;38;0
38/00041_00001.ppm;38;0
38/00041_00002.ppm;38;0
38/00041_00003.ppm;38;0
38/00041_00004.ppm;38;0
38/00041_00005.ppm;38;0
38/00041_00006.ppm;38;0
38/00041_00007.ppm;38;0
38/00041_00008.ppm;38;0
38/00041_00009.ppm;38;0
38/00041_00010.ppm;38;0
38/00041_00011.ppm;38;0
38/00041_00012.ppm;38;0
38/00041_00013.ppm;38;0
38/00041_00014.ppm;38;0
38/00041_00015.ppm;38;0
38/00041_00016.ppm;38;0
38/00041_00017.ppm;38;0
38/00041_00018.ppm;38;0
38/00041_00019.ppm;38;0
38/00041_00020.ppm;38;0
38/00041_00021.ppm;38;0
38/00041_00022.ppm;38;0
38/00041_00023.ppm;38;0
38/00041_00024.ppm;38;0
38/00041_00025.ppm;38;0
38/00041_00026.ppm;38;0
38/00041_00027.ppm;38;0
38/00041_00028.ppm;38;0
38/00041_00029.ppm;38;0
38/00042_00000.ppm;38;0
38/00042_00001.ppm;38;0
38/00042_00002.ppm;38;0
38/00042_00003.ppm;38;0
38/00042_00004.ppm;38;0
38/00042_00005.ppm;38;0
38/00042_00006.ppm;38;0
38/00042_00007.ppm;38;0
38/00042_00008.ppm;38;0
38/00042_00009.ppm;38;0
38/00042_00010.ppm;38;0
38/00042_00011.ppm;38;0
38/00042_00012.ppm;38;0
38/00042_00013.ppm;38;0
38/00042_00014.ppm;38;0
38/00042_00015.ppm;38;0
38/00042_00016.ppm;38;0
38/00042_00017.ppm;38;0
38/00042_00018.ppm;38;0
38/00042_00019.ppm;38;0
38/00042_00020.ppm;38;0
38/00042_00021.ppm;38;0
38/00042_00022.ppm;38;0
38/00042_00023.ppm;38;0
38/00042_00024.ppm;38;0
38/00042_00025.ppm;38;0
38/00042_00026.ppm;38;0
38/00042_00027.ppm;38;0
38/00042_00028.ppm;38;0
38/00042_00029.ppm;38;0
38/00043_00000.ppm;38;0
38/00043_00001.ppm;38;0
38/00043_00002.ppm;38;0
38/00043_00003.ppm;38;0
38/00043_00004.ppm;38;0
38/00043_00005.ppm;38;0
38/00043_00006.ppm;38;0
38/00043_00007.ppm;38;0
38/00043_00008.ppm;38;0
38/00043_00009.ppm;38;0
38/00043_00010.ppm;38;0
38/00043_00011.ppm;38;0
38/00043_00012.ppm;38;0
38/00043_00013.ppm;38;0
38/00043_00014.ppm;38;0
38/00043_00015.ppm;38;0
38/00043_00016.ppm;38;0
38/00043_00017.ppm;38;0
38/00043_00018.ppm;38;0
38/00043_00019.ppm;38;0
38/00043_00020.ppm;38;0
38/00043_00021.ppm;38;0
38/00043_00022.ppm;38;0
38/00043_00023.ppm;38;0
38/00043_00024.ppm;38;0
38/00043_00025.ppm;38;0
38/00043_00026.ppm;38;0
38/00043_00027.ppm;38;0
38/00043_00028.ppm;38;0
38/00043_00029.ppm;38;0
38/00044_00000.ppm;38;0
38/00044_00001.ppm;38;0
38/00044_00002.ppm;38;0
38/00044_00003.ppm;38;0
38/00044_00004.ppm;38;0
38/00044_00005.ppm;38;0
38/00044_00006.ppm;38;0
38/00044_00007.ppm;38;0
38/00044_00008.ppm;38;0
38/00044_00009.ppm;38;0
38/00044_00010.ppm;38;0
38/00044_00011.ppm;38;0
38/00044_00012.ppm;38;0
38/00044_00013.ppm;38;0
38/00044_00014.ppm;38;0
38/00044_00015.ppm;38;0
38/00044_00016.ppm;38;0
38/00044_00017.ppm;38;0
38/00044_00018.ppm;38;0
38/00044_00019.ppm;38;0
38/00044_00020.ppm;38;0
38/00044_00021.ppm;38;0
38/00044_00022.ppm;38;0
38/00044_00023.ppm;38;0
38/00044_00024.ppm;38;0
38/00044_00025.ppm;38;0
38/00044_00026.ppm;38;0
38/00044_00027.ppm;38;0
38/00044_00028.ppm;38;0
38/00044_00029.ppm;38;0
38/00045_00000.ppm;38;0
38/00045_00001.ppm;38;0
38/00045_00002.ppm;38;0
38/00045_00003.ppm;38;0
38/00045_00004.ppm;38;0
38/00045_00005.ppm;38;0
38/00045_00006.ppm;38;0
38/00045_00007.ppm;38;0
38/00045_00008.ppm;38;0
38/00045_00009.ppm;38;0
38/00045_00010.ppm;38;0
38/00045_00011.ppm;38;0
38/00045_00012.ppm;38;0
38/00045_00013.ppm;38;0
38/00045_00014.ppm;38;0
38/00045_00015.ppm;38;0
38/00045_00016.ppm;38;0
38/00045_00017.ppm;38;0
38/00045_00018.ppm;38;0
38/00045_00019.ppm;38;0
38/00045_00020.ppm;38;0
38/00045_00021.ppm;38;0
38/00045_00022.ppm;38;0
38/00045_00023.ppm;38;0
38/00045_00024.ppm;38;0
38/00045_00025.ppm;38;0
38/00045_00026.ppm;38;0
38/00045_00027.ppm;38;0
38/00045_00028.ppm;38;0
38/00045_00029.ppm;38;0
39/00000_00000.ppm;39;0
39/00000_00001.ppm;39;0
39/00000_00002.ppm;39;0
39/00000_00003.ppm;39;0
39/00000_00004.ppm;39;0
39/00000_00005.ppm;39;0
39/00000_00006.ppm;39;0
39/00000_00007.ppm;39;0
39/00000_00008.ppm;39;0
39/00000_00009.ppm;39;0
39/00000_00010.ppm;39;0
39/00000_00011.ppm;39;0
39/00000_00012.ppm;39;0
39/00000_00013.ppm;39;0
39/00000_00014.ppm;39;0
39/00000_00015.ppm;39;0
39/00000_00016.ppm;39;0
39/00000_00017.ppm;39;0
39/00000_00018.ppm;39;0
39/00000_00019.ppm;39;0
39/00000_00020.ppm;39;0
39/00000_00021.ppm;39;0
39/00000_00022.ppm;39;0
39/00000_00023.ppm;39;0
39/00000_00024.ppm;39;0
39/00000_00025.ppm;39;0
39/00000_00026.ppm;39;0
39/00000_00027.ppm;39;0
39/00000_00028.ppm;39;0
39/00000_00029.ppm;39;0
39/00001_00000.ppm;39;0
39/00001_00001.ppm;39;0
39/00001_00002.ppm;39;0
39/00001_00003.ppm;39;0
39/00001_00004.ppm;39;0
39/00001_00005.ppm;39;0
39/00001_00006.ppm;39;0
39/00001_00007.ppm;39;0
39/00001_00008.ppm;39;0
39/00001_00009.ppm;39;0
39/00001_00010.ppm;39;0
39/00001_00011.ppm;39;0
39/00001_00012.ppm;39;0
39/00001_00013.ppm;39;0
39/00001_00014.ppm;39;0
39/00001_00015.ppm;39;0
39/00001_00016.ppm;39;0
39/00001_00017.ppm;39;0
39/00001_00018.ppm;39;0
39/00001_00019.ppm;39;0
39/00001_00020.ppm;39;0
39/00001_00021.ppm;39;0
39/00001_00022.ppm;39;0
39/00001_00023.ppm;39;0
39/00001_00024.ppm;39;0
39/00001_00025.ppm;39;0
39/00001_00026.ppm;39;0
39/00001_00027.ppm;39;0
39/00001_00028.ppm;39;0
39/00001_00029.ppm;39;0
39/00002_00000.ppm;39;0
39/00002_00001.ppm;39;0
39/00002_00002.ppm;39;0
39/00002_00003.ppm;39;0
39/00002_00004.ppm;39;0
39/00002_00005.ppm;39;0
39/00002_00006.ppm;39;0
39/00002_00007.ppm;39;0
39/00002_00008.ppm;39;0
39/00002_00009.ppm;39;0
39/00002_00010.ppm;39;0
39/00002_00011.ppm;39;0
39/00002_00012.ppm;39;0
39/00002_00013.ppm;39;0
39/00002_00014.ppm;39;0
39/00002_00015.ppm;39;0
39/00002_00016.ppm;39;0
39/00002_00017.ppm;39;0
39/00002_00018.ppm;39;0
39/00002_00019.ppm;39;0
39/00002_00020.ppm;39;0
39/00002_00021.ppm;39;0
39/00002_00022.ppm;39;0
39/00002_00023.ppm;39;0
39/00002_00024.ppm;39;0
39/00002_00025.ppm;39;0
39/00002_00026.ppm;39;0
39/00002_00027.ppm;39;0
39/00002_00028.ppm;39;0
39/00002_00029.ppm;39;0
39/00003_00000.ppm;39;0
39/00003_00001.ppm;39;0
39/00003_00002.ppm;39;0
39/00003_00003.ppm;39;0
39/00003_00004.ppm;39;0
39/00003_00005.ppm;39;0
39/00003_00006.ppm;39;0
39/00003_00007.ppm;39;0
39/00003_00008.ppm;39;0
39/00003_00009.ppm;39;0
39/00003_00010.ppm;39;0
39/00003_00011.ppm;39;0
39/00003_00012.ppm;39;0
39/00003_00013.ppm;39;0
39/00003_00014.ppm;39;0
39/00003_00015.ppm;39;0
39/00003_00016.ppm;39;0
39/00003_00017.ppm;39;0
39/00003_00018.ppm;39;0
39/00003_00019.ppm;39;0
39/00003_00020.ppm;39;0
39/00003_00021.ppm;39;0
39/00003_00022.ppm;39;0
39/00003_00023.ppm;39;0
39/00003_00024.ppm;39;0
39/00003_00025.ppm;39;0
39/00003_00026.ppm;39;0
39/00003_00027.ppm;39;0
39/00003_00028.ppm;39;0
39/00003_00029.ppm;39;0
39/00004_00000.ppm;39;0
39/00004_00001.ppm;39;0
39/00004_00002.ppm;39;0
39/00004_00003.ppm;39;0
39/00004_00004.ppm;39;0
39/00004_00005.ppm;39;0
39/00004_00006.ppm;39;0
39/00004_00007.ppm;39;0
39/00004_00008.ppm;39;0
39/00004_00009.ppm;39;0
39/00004_00010.ppm;39;0
39/00004_00011.ppm;39;0
39/00004_00012.ppm;39;0
39/00004_00013.ppm;39;0
39/00004_00014.ppm;39;0
39/00004_00015.ppm;39;0
39/00004_00016.ppm;39;0
39/00004_00017.ppm;39;0
39/00004_00018.ppm;39;0
39/00004_00019.ppm;39;0
39/00004_00020.ppm;39;0
39/00004_00021.ppm;39;0
39/00004_00022.ppm;39;0
39/00004_00023.ppm;39;0
39/00004_00024.ppm;39;0
39/00004_00025.ppm;39;0
39/00004_00026.ppm;39;0
39/00004_00027.ppm;39;0
39/00004_00028.ppm;39;0
39/00004_00029.ppm;39;0
39/00005_00000.ppm;39;0
39/00005_00001.ppm;39;0
39/00005_00002.ppm;39;0
39/00005_00003.ppm;39;0
39/00005_00004.ppm;39;0
39/00005_00005.ppm;39;0
39/00005_00006.ppm;39;0
39/00005_00007.ppm;39;0
39/00005_00008.ppm;39;0
39/00005_00009.ppm;39;0
39/00005_00010.ppm;39;0
39/00005_00011.ppm;39;0
39/00005_00012.ppm;39;0
39/00005_00013.ppm;39;0
39/00005_00014.ppm;39;0
39/00005_00015.ppm;39;0
39/00005_00016.ppm;39;0
39/00005_00017.ppm;39;0
39/00005_00018.ppm;39;0
39/00005_00019.ppm;39;0
39/00005_00020.ppm;39;0
39/00005_00021.ppm;39;0
39/00005_00022.ppm;39;0
39/00005_00023.ppm;39;0
39/00005_00024.ppm;39;0
39/00005_00025.ppm;39;0
39/00005_00026.ppm;39;0
39/00005_00027.ppm;39;0
39/00005_00028.ppm;39;0
39/00005_00029.ppm;39;0
39/00006_00000.ppm;39;0
39/00006_00001.ppm;39;0
39/00006_00002.ppm;39;0
39/00006_00003.ppm;39;0
39/00006_00004.ppm;39;0
39/00006_00005.ppm;39;0
39/00006_00006.ppm;39;0
39/00006_00007.ppm;39;0
39/00006_00008.ppm;39;0
39/00006_00009.ppm;39;0
39/00006_00010.ppm;39;0
39/00006_00011.ppm;39;0
39/00006_00012.ppm;39;0
39/00006_00013.ppm;39;0
39/00006_00014.ppm;39;0
39/00006_00015.ppm;39;0
39/00006_00016.ppm;39;0
39/00006_00017.ppm;39;0
39/00006_00018.ppm;39;0
39/00006_00019.ppm;39;0
39/00006_00020.ppm;39;0
39/00006_00021.ppm;39;0
39/00006_00022.ppm;39;0
39/00006_00023.ppm;39;0
39/00006_00024.ppm;39;0
39/00006_00025.ppm;39;0
39/00006_00026.ppm;39;0
39/00006_00027.ppm;39;0
39/00006_00028.ppm;39;0
39/00006_00029.ppm;39;0
40/00000_00000.ppm;40;0
40/00000_00001.ppm;40;0
40/00000_00002.ppm;40;0
40/00000_00003.ppm;40;0
40/00000_00004.ppm;40;0
40/00000_00005.ppm;40;0
40/00000_00006.ppm;40;0
40/00000_00007.ppm;40;0
40/00000_00008.ppm;40;0
40/00000_00009.ppm;40;0
40/00000_00010.ppm;40;0
40/00000_00011.ppm;40;0
40/00000_00012.ppm;40;0
40/00000_00013.ppm;40;0
40/00000_00014.ppm;40;0
40/00000_00015.ppm;40;0
40/00000_00016.ppm;40;0
40/00000_00017.ppm;40;0
40/00000_00018.ppm;40;0
40/00000_00019.ppm;40;0
40/00000_00020.ppm;40;0
40/00000_00021.ppm;40;0
40/00000_00022.ppm;40;0
40/00000_00023.ppm;40;0
40/00000_00024.ppm;40;0
40/00000_00025.ppm;40;0
40/00000_00026.ppm;40;0
40/00000_00027.ppm;40;0
40/00000_00028.ppm;40;0
40/00000_00029.ppm;40;0
40/00001_00000.ppm;40;0
40/00001_00001.ppm;40;0
40/00001_00002.ppm;40;0
40/00001_00003.ppm;40;0
40/00001_00004.ppm;40;0
40/00001_00005.ppm;40;0
40/00001_00006.ppm;40;0
40/00001_00007.ppm;40;0
40/00001_00008.ppm;40;0
40/00001_00009.ppm;40;0
40/00001_00010.ppm;40;0
40/00001_00011.ppm;40;0
40/00001_00012.ppm;40;0
40/00001_00013.ppm;40;0
40/00001_00014.ppm;40;0
40/00001_00015.ppm;40;0
40/00001_00016.ppm;40;0
40/00001_00017.ppm;40;0
40/00001_00018.ppm;40;0
40/00001_00019.ppm;40;0
40/00001_00020.ppm;40;0
40/00001_00021.ppm;40;0
40/00001_00022.ppm;40;0
40/00001_00023.ppm;40;0
40/00001_00024.ppm;40;0
40/00001_00025.ppm;40;0
40/00001_00026.ppm;40;0
40/00001_00027.ppm;40;0
40/00001_00028.ppm;40;0
40/00001_00029.ppm;40;0
40/00002_00000.ppm;40;0
40/00002_00001.ppm;40;0
40/00002_00002.ppm;40;0
40/00002_00003.ppm;40;0
40/00002_00004.ppm;40;0
40/00002_00005.ppm;40;0
40/00002_00006.ppm;40;0
40/00002_00007.ppm;40;0
40/00002_00008.ppm;40;0
40/00002_00009.ppm;40;0
40/00002_00010.ppm;40;0
40/00002_00011.ppm;40;0
40/00002_00012.ppm;40;0
40/00002_00013.ppm;40;0
40/00002_00014.ppm;40;0
40/00002_00015.ppm;40;0
40/00002_00016.ppm;40;0
40/00002_00017.ppm;40;0
40/00002_00018.ppm;40;0
40/00002_00019.ppm;40;0
40/00002_00020.ppm;40;0
40/00002_00021.ppm;40;0
40/00002_00022.ppm;40;0
40/00002_00023.ppm;40;0
40/00002_00024.ppm;40;0
40/00002_00025.ppm;40;0
40/00002_00026.ppm;40;0
40/00002_00027.ppm;40;0
40/00002_00028.ppm;40;0
40/00002_00029.ppm;40;0
40/00003_00000.ppm;40;0
40/00003_00001.ppm;40;0
40/00003_00002.ppm;40;0
40/00003_00003.ppm;40;0
40/00003_00004.ppm;40;0
40/00003_00005.ppm;40;0
40/00003_00006.ppm;40;0
40/00003_00007.ppm;40;0
40/00003_00008.ppm;40;0
40/00003_00009.ppm;40;0
40/00003_00010.ppm;40;0
40/00003_00011.ppm;40;0
40/00003_00012.ppm;40;0
40/00003_00013.ppm;40;0
40/00003_00014.ppm;40;0
40/00003_00015.ppm;40;0
40/00003_00016.ppm;40;0
40/00003_00017.ppm;40;0
40/00003_00018.ppm;40;0
40/00003_00019.ppm;40;0
40/00003_00020.ppm;40;0
40/00003_00021.ppm;40;0
40/00003_00022.ppm;40;0
40/00003_00023.ppm;40;0
40/00003_00024.ppm;40;0
40/00003_00025.ppm;40;0
40/00003_00026.ppm;40;0
40/00003_00027.ppm;40;0
40/00003_00028.ppm;40;0
40/00003_00029.ppm;40;0
40/00004_00000.ppm;40;0
40/00004_00001.ppm;40;0
40/00004_00002.ppm;40;0
40/00004_00003.ppm;40;0
40/00004_00004.ppm;40;0
40/00004_00005.ppm;40;0
40/00004_00006.ppm;40;0
40/00004_00007.ppm;40;0
40/00004_00008.ppm;40;0
40/00004_00009.ppm;40;0
40/00004_00010.ppm;40;0
40/00004_00011.ppm;40;0
40/00004_00012.ppm;40;0
40/00004_00013.ppm;40;0
40/00004_00014.ppm;40;0
40/00004_00015.ppm;40;0
40/00004_00016.ppm;40;0
40/00004_00017.ppm;40;0
40/00004_00018.ppm;40;0
40/00004_00019.ppm;40;0
40/00004_00020.ppm;40;0
40/00004_00021.ppm;40;0
40/00004_00022.ppm;40;0
40/00004_00023.ppm;40;0
40/00004_00024.ppm;40;0
40/00004_00025.ppm;40;0
40/00004_00026.ppm;40;0
40/00004_00027.ppm;40;0
40/00004_00028.ppm;40;0
40/00004_00029.ppm;40;0
40/00005_00000.ppm;40;0
40/00005_00001.ppm;40;0
40/00005_00002.ppm;40;0
40/00005_00003.ppm;40;0
40/00005_00004.ppm;40;0
40/00005_00005.ppm;40;0
40/00005_00006.ppm;40;0
40/00005_00007.ppm;40;0
40/00005_00008.ppm;40;0
40/00005_00009.ppm;40;0
40/00005_00010.ppm;40;0
40/00005_00011.ppm;40;0
40/00005_00012.ppm;40;0
40/00005_00013.ppm;40;0
40/00005_00014.ppm;40;0
40/00005_00015.ppm;40;0
40/00005_00016.ppm;40;0
40/00005_00017.ppm;40;0
40/00005_00018.ppm;40;0
40/00005_00019.ppm;40;0
40/00005_00020.ppm;40;0
40/00005_00021.ppm;40;0
40/00005_00022.ppm;40;0
40/00005_00023.ppm;40;0
40/00005_00024.ppm;40;0
40/00005_00025.ppm;40;0
40/00005_00026.ppm;40;0
40/00005_00027.ppm;40;0
40/00005_00028.ppm;40;0
40/00005_00029.ppm;40;0
40/00006_00000.ppm;40;0
40/00006_00001.ppm;40;0
40/00006_00002.ppm;40;0
40/00006_00003.ppm;40;0
40/00006_00004.ppm;40;0
40/00006_00005.ppm;40;0
40/00006_00006.ppm;40;0
40/00006_00007.ppm;40;0
40/00006_00008.ppm;40;0
40/00006_00009.ppm;40;0
40/00006_00010.ppm;40;0
40/00006_00011.ppm;40;0
40/00006_00012.ppm;40;0
40/00006_00013.ppm;40;0
40/00006_00014.ppm;40;0
40/00006_00015.ppm;40;0
40/00006_00016.ppm;40;0
40/00006_00017.ppm;40;0
40/00006_00018.ppm;40;0
40/00006_00019.ppm;40;0
40/00006_00020.ppm;40;0
40/00006_00021.ppm;40;0
40/00006_00022.ppm;40;0
40/00006_00023.ppm;40;0
40/00006_00024.ppm;40;0
40/00006_00025.ppm;40;0
40/00006_00026.ppm;40;0
40/00006_00027.ppm;40;0
40/00006_00028.ppm;40;0
40/00006_00029.ppm;40;0
40/00007_00000.ppm;40;0
40/00007_00001.ppm;40;0
40/00007_00002.ppm;40;0
40/00007_00003.ppm;40;0
40/00007_00004.ppm;40;0
40/00007_00005.ppm;40;0
40/00007_00006.ppm;40;0
40/00007_00007.ppm;40;0
40/00007_00008.ppm;40;0
40/00007_00009.ppm;40;0
40/00007_00010.ppm;40;0
40/00007_00011.ppm;40;0
40/00007_00012.ppm;40;0
40/00007_00013.ppm;40;0
40/00007_00014.ppm;40;0
40/00007_00015.ppm;40;0
40/00007_00016.ppm;40;0
40/00007_00017.ppm;40;0
40/00007_00018.ppm;40;0
40/00007_00019.ppm;40;0
40/00007_00020.ppm;40;0
40/00007_00021.ppm;40;0
40/00007_00022.ppm;40;0
40/00007_00023.ppm;40;0
40/00007_00024.ppm;40;0
40/00007_00025.ppm;40;0
40/00007_00026.ppm;40;0
40/00007_00027.ppm;40;0
40/00007_00028.ppm;40;0
40/00007_00029.ppm;40;0
41/00000_00000.ppm;41;0
41/00000_00001.ppm;41;0
41/00000_00002.ppm;41;0
41/00000_00003.ppm;41;0
41/00000_00004.ppm;41;0
41/00000_00005.ppm;41;0
41/00000_00006.ppm;41;0
41/00000_00007.ppm;41;0
41/00000_00008.ppm;41;0
41/00000_00009.ppm;41;0
41/00000_00010.ppm;41;0
41/00000_00011.ppm;41;0
41/00000_00012.ppm;41;0
41/00000_00013.ppm;41;0
41/00000_00014.ppm;41;0
41/00000_00015.ppm;41;0
41/00000_00016.ppm;41;0
41/00000_00017.ppm;41;0
41/00000_00018.ppm;41;0
41/00000_00019.ppm;41;0
41/00000_00020.ppm;41;0
41/00000_00021.ppm;41;0
41/00000_00022.ppm;41;0
41/00000_00023.ppm;41;0
41/00000_00024.ppm;41;0
41/00000_00025.ppm;41;0
41/00000_00026.ppm;41;0
41/00000_00027.ppm;41;0
41/00000_00028.ppm;41;0
41/00000_00029.ppm;41;0
41/00001_00000.ppm;41;0
41/00001_00001.ppm;41;0
41/00001_00002.ppm;41;0
41/00001_00003.ppm;41;0
41/00001_00004.ppm;41;0
41/00001_00005.ppm;41;0
41/00001_00006.ppm;41;0
41/00001_00007.ppm;41;0
41/00001_00008.ppm;41;0
41/00001_00009.ppm;41;0
41/00001_00010.ppm;41;0
41/00001_00011.ppm;41;0
41/00001_00012.ppm;41;0
41/00001_00013.ppm;41;0
41/00001_00014.ppm;41;0
41/00001_00015.ppm;41;0
41/00001_00016.ppm;41;0
41/00001_00017.ppm;41;0
41/00001_00018.ppm;41;0
41/00001_00019.ppm;41;0
41/00001_00020.ppm;41;0
41/00001_00021.ppm;41;0
41/00001_00022.ppm;41;0
41/00001_00023.ppm;41;0
41/00001_00024.ppm;41;0
41/00001_00025.ppm;41;0
41/00001_00026.ppm;41;0
41/00001_00027.ppm;41;0
41/00001_00028.ppm;41;0
41/00001_00029.ppm;41;0
41/00002_00000.ppm;41;0
41/00002_00001.ppm;41;0
41/00002_00002.ppm;41;0
41/00002_00003.ppm;41;0
41/00002_00004.ppm;41;0
41/00002_00005.ppm;41;0
41/00002_00006.ppm;41;0
41/00002_00007.ppm;41;0
41/00002_00008.ppm;41;0
41/00002_00009.ppm;41;0
41/00002_00010.ppm;41;0
41/00002_00011.ppm;41;0
41/00002_00012.ppm;41;0
41/00002_00013.ppm;41;0
41/00002_00014.ppm;41;0
41/00002_00015.ppm;41;0
41/00002_00016.ppm;41;0
41/00002_00017.ppm;41;0
41/00002_00018.ppm;41;0
41/00002_00019.ppm;41;0
41/00002_00020.ppm;41;0
41/00002_00021.ppm;41;0
41/00002_00022.ppm;41;0
41/00002_00023.ppm;41;0
41/00002_00024.ppm;41;0
41/00002_00025.ppm;41;0
41/00002_00026.ppm;41;0
41/00002_00027.ppm;41;0
41/00002_00028.ppm;41;0
41/00002_00029.ppm;41;0
41/00003_00000.ppm;41;0
41/00003_00001.ppm;41;0
41/00003_00002.ppm;41;0
41/00003_00003.ppm;41;0
41/00003_00004.ppm;41;0
41/00003_00005.ppm;41;0
41/00003_00006.ppm;41;0
41/00003_00007.ppm;41;0
41/00003_00008.ppm;41;0
41/00003_00009.ppm;41;0
41/00003_00010.ppm;41;0
41/00003_00011.ppm;41;0
41/00003_00012.ppm;41;0
41/00003_00013.ppm;41;0
41/00003_00014.ppm;41;0
41/00003_00015.ppm;41;0
41/00003_00016.ppm;41;0
41/00003_00017.ppm;41;0
41/00003_00018.ppm;41;0
41/00003_00019.ppm;41;0
41/00003_00020.ppm;41;0
41/00003_00021.ppm;41;0
41/00003_00022.ppm;41;0
41/00003_00023.ppm;41;0
41/00003_00024.ppm;41;0
41/00003_00025.ppm;41;0
41/00003_00026.ppm;41;0
41/00003_00027.ppm;41;0
41/00003_00028.ppm;41;0
41/00003_00029.ppm;41;0
41/00004_00000.ppm;41;0
41/00004_00001.ppm;41;0
41/00004_00002.ppm;41;0
41/00004_00003.ppm;41;0
41/00004_00004.ppm;41;0
41/00004_00005.ppm;41;0
41/00004_00006.ppm;41;0
41/00004_00007.ppm;41;0
41/00004_00008.ppm;41;0
41/00004_00009.ppm;41;0
41/00004_00010.ppm;41;0
41/00004_00011.ppm;41;0
41/00004_00012.ppm;41;0
41/00004_00013.ppm;41;0
41/00004_00014.ppm;41;0
41/00004_00015.ppm;41;0
41/00004_00016.ppm;41;0
41/00004_00017.ppm;41;0
41/00004_00018.ppm;41;0
41/00004_00019.ppm;41;0
41/00004_00020.ppm;41;0
41/00004_00021.ppm;41;0
41/00004_00022.ppm;41;0
41/00004_00023.ppm;41;0
41/00004_00024.ppm;41;0
41/00004_00025.ppm;41;0
41/00004_00026.ppm;41;0
41/00004_00027.ppm;41;0
41/00004_00028.ppm;41;0
41/00004_00029.ppm;41;0
41/00005_00000.ppm;41;0
41/00005_00001.ppm;41;0
41/00005_00002.ppm;41;0
41/00005_00003.ppm;41;0
41/00005_00004.ppm;41;0
41/00005_00005.ppm;41;0
41/00005_00006.ppm;41;0
41/00005_00007.ppm;41;0
41/00005_00008.ppm;41;0
41/00005_00009.ppm;41;0
41/00005_00010.ppm;41;0
41/00005_00011.ppm;41;0
41/00005_00012.ppm;41;0
41/00005_00013.ppm;41;0
41/00005_00014.ppm;41;0
41/00005_00015.ppm;41;0
41/00005_00016.ppm;41;0
41/00005_00017.ppm;41;0
41/00005_00018.ppm;41;0
41/00005_00019.ppm;41;0
41/00005_00020.ppm;41;0
41/00005_00021.ppm;41;0
41/00005_00022.ppm;41;0
41/00005_00023.ppm;41;0
41/00005_00024.ppm;41;0
41/00005_00025.ppm;41;0
41/00005_00026.ppm;41;0
41/00005_00027.ppm;41;0
41/00005_00028.ppm;41;0
41/00005_00029.ppm;41;0
42/00000_00000.ppm;42;0
42/00000_00001.ppm;42;0
42/00000_00002.ppm;42;0
42/00000_00003.ppm;42;0
42/00000_00004.ppm;42;0
42/00000_00005.ppm;42;0
42/00000_00006.ppm;42;0
42/00000_00007.ppm;42;0
42/00000_00008.ppm;42;0
42/00000_00009.ppm;42;0
42/00000_00010.ppm;42;0
42/00000_00011.ppm;42;0
42/00000_00012.ppm;42;0
42/00000_00013.ppm;42;0
42/00000_00014.ppm;42;0
42/00000_00015.ppm;42;0
42/00000_00016.ppm;42;0
42/00000_00017.ppm;42;0
42/00000_00018.ppm;42;0
42/00000_00019.ppm;42;0
42/00000_00020.ppm;42;0
42/00000_00021.ppm;42;0
42/00000_00022.ppm;42;0
42/00000_00023.ppm;42;0
42/00000_00024.ppm;42;0
42/00000_00025.ppm;42;0
42/00000_00026.ppm;42;0
42/00000_00027.ppm;42;0
42/00000_00028.ppm;42;0
42/00000_00029.ppm;42;0
42/00001_00000.ppm;42;0
42/00001_00001.ppm;42;0
42/00001_00002.ppm;42;0
42/00001_00003.ppm;42;0
42/00001_00004.ppm;42;0
42/00001_00005.ppm;42;0
42/00001_00006.ppm;42;0
42/00001_00007.ppm;42;0
42/00001_00008.ppm;42;0
42/00001_00009.ppm;42;0
42/00001_00010.ppm;42;0
42/00001_00011.ppm;42;0
42/00001_00012.ppm;42;0
42/00001_00013.ppm;42;0
42/00001_00014.ppm;42;0
42/00001_00015.ppm;42;0
42/00001_00016.ppm;42;0
42/00001_00017.ppm;42;0
42/00001_00018.ppm;42;0
42/00001_00019.ppm;42;0
42/00001_00020.ppm;42;0
42/00001_00021.ppm;42;0
42/00001_00022.ppm;42;0
42/00001_00023.ppm;42;0
42/00001_00024.ppm;42;0
42/00001_00025.ppm;42;0
42/00001_00026.ppm;42;0
42/00001_00027.ppm;42;0
42/00001_00028.ppm;42;0
42/00001_00029.ppm;42;0
42/00002_00000.ppm;42;0
42/00002_00001.ppm;42;0
42/00002_00002.ppm;42;0
42/00002_00003.ppm;42;0
42/00002_00004.ppm;42;0
42/00002_00005.ppm;42;0
42/00002_00006.ppm;42;0
42/00002_00007.ppm;42;0
42/00002_00008.ppm;42;0
42/00002_00009.ppm;42;0
42/00002_00010.ppm;42;0
42/00002_00011.ppm;42;0
42/00002_00012.ppm;42;0
42/00002_00013.ppm;42;0
42/00002_00014.ppm;42;0
42/00002_00015.ppm;42;0
42/00002_00016.ppm;42;0
42/00002_00017.ppm;42;0
42/00002_00018.ppm;42;0
42/00002_00019.ppm;42;0
42/00002_00020.ppm;42;0
42/00002_00021.ppm;42;0
42/00002_00022.ppm;42;0
42/00002_00023.ppm;42;0
42/00002_00024.ppm;42;0
42/00002_00025.ppm;42;0
42/00002_00026.ppm;42;0
42/00002_00027.ppm;42;0
42/00002_00028.ppm;42;0
42/00002_00029.ppm;42;0
42/00003_00000.ppm;42;0
42/00003_00001.ppm;42;0
42/00003_00002.ppm;42;0
42/00003_00003.ppm;42;0
42/00003_00004.ppm;42;0
42/00003_00005.ppm;42;0
42/00003_00006.ppm;42;0
42/00003_00007.ppm;42;0
42/00003_00008.ppm;42;0
42/00003_00009.ppm;42;0
42/00003_00010.ppm;42;0
42/00003_00011.ppm;42;0
42/00003_00012.ppm;42;0
42/00003_00013.ppm;42;0
42/00003_00014.ppm;42;0
42/00003_00015.ppm;42;0
42/00003_00016.ppm;42;0
42/00003_00017.ppm;42;0
42/00003_00018.ppm;42;0
42/00003_00019.ppm;42;0
42/00003_00020.ppm;42;0
42/00003_00021.ppm;42;0
42/00003_00022.ppm;42;0
42/00003_00023.ppm;42;0
42/00003_00024.ppm;42;0
42/00003_00025.ppm;42;0
42/00003_00026.ppm;42;0
42/00003_00027.ppm;42;0
42/00003_00028.ppm;42;0
42/00003_00029.ppm;42;0
42/00004_00000.ppm;42;0
42/00004_00001.ppm;42;0
42/00004_00002.ppm;42;0
42/00004_00003.ppm;42;0
42/00004_00004.ppm;42;0
42/00004_00005.ppm;42;0
42/00004_00006.ppm;42;0
42/00004_00007.ppm;42;0
42/00004_00008.ppm;42;0
42/00004_00009.ppm;42;0
42/00004_00010.ppm;42;0
42/00004_00011.ppm;42;0
42/00004_00012.ppm;42;0
42/00004_00013.ppm;42;0
42/00004_00014.ppm;42;0
42/00004_00015.ppm;42;0
42/00004_00016.ppm;42;0
42/00004_00017.ppm;42;0
42/00004_00018.ppm;42;0
42/00004_00019.ppm;42;0
42/00004_00020.ppm;42;0
42/00004_00021.ppm;42;0
42/00004_00022.ppm;42;0
42/00004_00023.ppm;42;0
42/00004_00024.ppm;42;0
42/00004_00025.ppm;42;0
42/00004_00026.ppm;42;0
42/00004_00027.ppm;42;0
42/00004_00028.ppm;42;0
42/00004_00029.ppm;42;0
42/00005_00000.ppm;42;0
42/00005_00001.ppm;42;0
42/00005_00002.ppm;42;0
42/00005_00003.ppm;42;0
42/00005_00004.ppm;42;0
42/00005_00005.ppm;42;0
42/00005_00006.ppm;42;0
42/00005_00007.ppm;42;0
42/00005_00008.ppm;42;0
42/00005_00009.ppm;42;0
42/00005_00010.ppm;42;0
42/00005_00011.ppm;42;0
42/00005_00012.ppm;42;0
42/00005_00013.ppm;42;0
42/00005_00014.ppm;42;0
42/00005_00015.ppm;42;0
42/00005_00016.ppm;42;0
42/00005_00017.ppm;42;0
42/00005_00018.ppm;42;0
42/00005_00019.ppm;42;0
42/00005_00020.ppm;42;0
42/00005_00021.ppm;42;0
42/00005_00022.ppm;42;0
42/00005_00023.ppm;42;0
42/00005_00024.ppm;42;0
42/00005_00025.ppm;42;0
42/00005_00026.ppm;42;0
42/00005_00027.ppm;42;0
42/00005_00028.ppm;42;0
42/00005_00029.ppm;42;0
