Filename;ClassId;meta_class_null;meta_class_one;meta_class
1/0001.png;0;1;0;0
1/0002.png;0;1;0;0
1/0003.png;0;1;0;0
1/0004.png;0;1;0;0
1/0005.png;0;1;0;0
1/0006.png;0;1;0;0
1/0007.png;0;1;0;0
1/0008.png;0;1;0;0
1/0009.png;0;1;0;0
1/0010.png;0;1;0;0
1/0011.png;0;1;0;0
1/0012.png;0;1;0;0
1/0013.png;0;1;0;0
1/0014.png;0;1;0;0
1/0015.png;0;1;0;0
1/0016.png;0;1;0;0
1/0017.png;0;1;0;0
1/0018.png;0;1;0;0
1/0019.png;0;1;0;0
1/0020.png;0;1;0;0
1/0021.png;0;1;0;0
1/0022.png;0;1;0;0
1/0023.png;0;1;0;0
1/0024.png;0;1;0;0
1/0025.png;0;1;0;0
1/0026.png;0;1;0;0
1/0027.png;0;1;0;0
1/0028.png;0;1;0;0
1/0029.png;0;1;0;0
1/0030.png;0;1;0;0
1/0031.png;0;1;0;0
1/0032.png;0;1;0;0
1/0033.png;0;1;0;0
1/0034.png;0;1;0;0
1/0035.png;0;1;0;0
1/0036.png;0;1;0;0
1/0037.png;0;1;0;0
1/0038.png;0;1;0;0
1/0039.png;0;1;0;0
1/0040.png;0;1;0;0
1/0041.png;0;1;0;0
1/0042.png;0;1;0;0
1/0043.png;0;1;0;0
1/0044.png;0;1;0;0
1/0045.png;0;1;0;0
1/0046.png;0;1;0;0
1/0047.png;0;1;0;0
1/0048.png;0;1;0;0
1/0049.png;0;1;0;0
1/0050.png;0;1;0;0
1/0051.png;0;1;0;0
1/0052.png;0;1;0;0
1/0053.png;0;1;0;0
1/0054.png;0;1;0;0
1/0055.png;0;1;0;0
1/0056.png;0;1;0;0
1/0057.png;0;1;0;0
1/0058.png;0;1;0;0
1/0059.png;0;1;0;0
1/0060.png;0;1;0;0
1/0061.png;0;1;0;0
1/0062.png;0;1;0;0
1/0063.png;0;1;0;0
1/0064.png;0;1;0;0
1/0065.png;0;1;0;0
1/0066.png;0;1;0;0
1/0067.png;0;1;0;0
1/0068.png;0;1;0;0
1/0069.png;0;1;0;0
1/0070.png;0;1;0;0
1/0071.png;0;1;0;0
1/0072.png;0;1;0;0
1/0073.png;0;1;0;0
1/0074.png;0;1;0;0
1/0075.png;0;1;0;0
1/0076.png;0;1;0;0
1/0077.png;0;1;0;0
1/0078.png;0;1;0;0
1/0079.png;0;1;0;0
1/0080.png;0;1;0;0
1/0081.png;0;1;0;0
1/0082.png;0;1;0;0
1/0083.png;0;1;0;0
1/0084.png;0;1;0;0
1/0085.png;0;1;0;0
1/0086.png;0;1;0;0
1/0087.png;0;1;0;0
1/0088.png;0;1;0;0
1/0089.png;0;1;0;0
1/0090.png;0;1;0;0
1/0091.png;0;1;0;0
1/0092.png;0;1;0;0
1/0093.png;0;1;0;0
1/0094.png;0;1;0;0
1/0095.png;0;1;0;0
1/0096.png;0;1;0;0
1/0097.png;0;1;0;0
1/0098.png;0;1;0;0
1/0099.png;0;1;0;0
1/0100.png;0;1;0;0
1/0101.png;0;1;0;0
1/0102.png;0;1;0;0
1/0103.png;0;1;0;0
1/0104.png;0;1;0;0
1/0105.png;0;1;0;0
1/0106.png;0;1;0;0
1/0107.png;0;1;0;0
1/0108.png;0;1;0;0
1/0109.png;0;1;0;0
1/0110.png;0;1;0;0
1/0111.png;0;1;0;0
1/0112.png;0;1;0;0
1/0113.png;0;1;0;0
1/0114.png;0;1;0;0
1/0115.png;0;1;0;0
1/0116.png;0;1;0;0
1/0117.png;0;1;0;0
1/0118.png;0;1;0;0
1/0119.png;0;1;0;0
1/0120.png;0;1;0;0
1/0121.png;0;1;0;0
1/0122.png;0;1;0;0
1/0123.png;0;1;0;0
1/0124.png;0;1;0;0
1/0125.png;0;1;0;0
1/0126.png;0;1;0;0
1/0127.png;0;1;0;0
1/0128.png;0;1;0;0
1/0129.png;0;1;0;0
1/0130.png;0;1;0;0
1/0131.png;0;1;0;0
1/0132.png;0;1;0;0
1/0133.png;0;1;0;0
1/0134.png;0;1;0;0
1/0135.png;0;1;0;0
1/0136.png;0;1;0;0
1/0137.png;0;1;0;0
1/0138.png;0;1;0;0
1/0139.png;0;1;0;0
1/0140.png;0;1;0;0
1/0141.png;0;1;0;0
1/0142.png;0;1;0;0
1/0143.png;0;1;0;0
1/0144.png;0;1;0;0
1/0145.png;0;1;0;0
1/0146.png;0;1;0;0
1/0147.png;0;1;0;0
1/0148.png;0;1;0;0
1/0149.png;0;1;0;0
1/0150.png;0;1;0;0
1/0151.png;0;1;0;0
1/0152.png;0;1;0;0
1/0153.png;0;1;0;0
1/0154.png;0;1;0;0
1/0155.png;0;1;0;0
1/0156.png;0;1;0;0
1/0157.png;0;1;0;0
1/0158.png;0;1;0;0
1/0159.png;0;1;0;0
1/0160.png;0;1;0;0
1/0161.png;0;1;0;0
1/0162.png;0;1;0;0
1/0163.png;0;1;0;0
1/0164.png;0;1;0;0
1/0165.png;0;1;0;0
1/0166.png;0;1;0;0
1/0167.png;0;1;0;0
1/0168.png;0;1;0;0
1/0169.png;0;1;0;0
1/0170.png;0;1;0;0
1/0171.png;0;1;0;0
1/0172.png;0;1;0;0
1/0173.png;0;1;0;0
1/0174.png;0;1;0;0
1/0175.png;0;1;0;0
1/0176.png;0;1;0;0
1/0177.png;0;1;0;0
1/0178.png;0;1;0;0
1/0179.png;0;1;0;0
1/0180.png;0;1;0;0
1/0181.png;0;1;0;0
1/0182.png;0;1;0;0
1/0183.png;0;1;0;0
1/0184.png;0;1;0;0
1/0185.png;0;1;0;0
1/0186.png;0;1;0;0
1/0187.png;0;1;0;0
1/0188.png;0;1;0;0
1/0189.png;0;1;0;0
1/0190.png;0;1;0;0
1/0191.png;0;1;0;0
1/0192.png;0;1;0;0
1/0193.png;0;1;0;0
1/0194.png;0;1;0;0
1/0195.png;0;1;0;0
1/0196.png;0;1;0;0
1/0197.png;0;1;0;0
1/0198.png;0;1;0;0
1/0199.png;0;1;0;0
1/0200.png;0;1;0;0
1/0201.png;0;1;0;0
1/0202.png;0;1;0;0
1/0203.png;0;1;0;0
1/0204.png;0;1;0;0
1/0205.png;0;1;0;0
1/0206.png;0;1;0;0
1/0207.png;0;1;0;0
1/0208.png;0;1;0;0
1/0209.png;0;1;0;0
1/0210.png;0;1;0;0
1/0211.png;0;1;0;0
1/0212.png;0;1;0;0
1/0213.png;0;1;0;0
1/0214.png;0;1;0;0
1/0215.png;0;1;0;0
1/0216.png;0;1;0;0
1/0217.png;0;1;0;0
1/0218.png;0;1;0;0
1/0219.png;0;1;0;0
1/0220.png;0;1;0;0
1/0221.png;0;1;0;0
1/0222.png;0;1;0;0
1/0223.png;0;1;0;0
1/0224.png;0;1;0;0
1/0225.png;0;1;0;0
1/0226.png;0;1;0;0
1/0227.png;0;1;0;0
1/0228.png;0;1;0;0
1/0229.png;0;1;0;0
1/0230.png;0;1;0;0
1/0231.png;0;1;0;0
1/0232.png;0;1;0;0
1/0233.png;0;1;0;0
1/0234.png;0;1;0;0
1/0235.png;0;1;0;0
1/0236.png;0;1;0;0
1/0237.png;0;1;0;0
1/0238.png;0;1;0;0
1/0239.png;0;1;0;0
1/0240.png;0;1;0;0
1/0241.png;0;1;0;0
1/0242.png;0;1;0;0
1/0243.png;0;1;0;0
1/0244.png;0;1;0;0
1/0245.png;0;1;0;0
1/0246.png;0;1;0;0
1/0247.png;0;1;0;0
1/0248.png;0;1;0;0
1/0249.png;0;1;0;0
1/0250.png;0;1;0;0
1/0251.png;0;1;0;0
1/0252.png;0;1;0;0
1/0253.png;0;1;0;0
1/0254.png;0;1;0;0
1/0255.png;0;1;0;0
1/0256.png;0;1;0;0
1/0257.png;0;1;0;0
1/0258.png;0;1;0;0
1/0259.png;0;1;0;0
1/0260.png;0;1;0;0
1/0261.png;0;1;0;0
1/0262.png;0;1;0;0
1/0263.png;0;1;0;0
1/0264.png;0;1;0;0
1/0265.png;0;1;0;0
1/0266.png;0;1;0;0
1/0267.png;0;1;0;0
1/0268.png;0;1;0;0
1/0269.png;0;1;0;0
1/0270.png;0;1;0;0
1/0271.png;0;1;0;0
1/0272.png;0;1;0;0
1/0273.png;0;1;0;0
1/0274.png;0;1;0;0
1/0275.png;0;1;0;0
1/0276.png;0;1;0;0
1/0277.png;0;1;0;0
1/0278.png;0;1;0;0
1/0279.png;0;1;0;0
1/0280.png;0;1;0;0
1/0281.png;0;1;0;0
1/0282.png;0;1;0;0
1/0283.png;0;1;0;0
1/0284.png;0;1;0;0
1/0285.png;0;1;0;0
1/0286.png;0;1;0;0
1/0287.png;0;1;0;0
1/0288.png;0;1;0;0
1/0289.png;0;1;0;0
1/0290.png;0;1;0;0
1/0291.png;0;1;0;0
1/0292.png;0;1;0;0
1/0293.png;0;1;0;0
1/0294.png;0;1;0;0
1/0295.png;0;1;0;0
1/0296.png;0;1;0;0
1/0297.png;0;1;0;0
1/0298.png;0;1;0;0
1/0299.png;0;1;0;0
1/0300.png;0;1;0;0
1/0301.png;0;1;0;0
1/0302.png;0;1;0;0
1/0303.png;0;1;0;0
1/0304.png;0;1;0;0
1/0305.png;0;1;0;0
1/0306.png;0;1;0;0
1/0307.png;0;1;0;0
1/0308.png;0;1;0;0
1/0309.png;0;1;0;0
1/0310.png;0;1;0;0
1/0311.png;0;1;0;0
1/0312.png;0;1;0;0
1/0313.png;0;1;0;0
1/0314.png;0;1;0;0
1/0315.png;0;1;0;0
1/0316.png;0;1;0;0
1/0317.png;0;1;0;0
1/0318.png;0;1;0;0
1/0319.png;0;1;0;0
1/0320.png;0;1;0;0
1/0321.png;0;1;0;0
1/0322.png;0;1;0;0
1/0323.png;0;1;0;0
1/0324.png;0;1;0;0
1/0325.png;0;1;0;0
1/0326.png;0;1;0;0
1/0327.png;0;1;0;0
1/0328.png;0;1;0;0
1/0329.png;0;1;0;0
1/0330.png;0;1;0;0
1/0331.png;0;1;0;0
1/0332.png;0;1;0;0
1/0333.png;0;1;0;0
1/0334.png;0;1;0;0
1/0335.png;0;1;0;0
1/0336.png;0;1;0;0
1/0337.png;0;1;0;0
1/0338.png;0;1;0;0
1/0339.png;0;1;0;0
1/0340.png;0;1;0;0
1/0341.png;0;1;0;0
1/0342.png;0;1;0;0
1/0343.png;0;1;0;0
1/0344.png;0;1;0;0
1/0345.png;0;1;0;0
1/0346.png;0;1;0;0
1/0347.png;0;1;0;0
1/0348.png;0;1;0;0
1/0349.png;0;1;0;0
1/0350.png;0;1;0;0
1/0351.png;0;1;0;0
1/0352.png;0;1;0;0
1/0353.png;0;1;0;0
1/0354.png;0;1;0;0
1/0355.png;0;1;0;0
1/0356.png;0;1;0;0
1/0357.png;0;1;0;0
1/0358.png;0;1;0;0
1/0359.png;0;1;0;0
1/0360.png;0;1;0;0
1/0361.png;0;1;0;0
1/0362.png;0;1;0;0
1/0363.png;0;1;0;0
1/0364.png;0;1;0;0
1/0365.png;0;1;0;0
1/0366.png;0;1;0;0
1/0367.png;0;1;0;0
1/0368.png;0;1;0;0
1/0369.png;0;1;0;0
1/0370.png;0;1;0;0
1/0371.png;0;1;0;0
1/0372.png;0;1;0;0
1/0373.png;0;1;0;0
1/0374.png;0;1;0;0
1/0375.png;0;1;0;0
1/0376.png;0;1;0;0
1/0377.png;0;1;0;0
1/0378.png;0;1;0;0
1/0379.png;0;1;0;0
1/0380.png;0;1;0;0
1/0381.png;0;1;0;0
1/0382.png;0;1;0;0
1/0383.png;0;1;0;0
1/0384.png;0;1;0;0
1/0385.png;0;1;0;0
1/0386.png;0;1;0;0
1/0387.png;0;1;0;0
1/0388.png;0;1;0;0
1/0389.png;0;1;0;0
1/0390.png;0;1;0;0
1/0391.png;0;1;0;0
1/0392.png;0;1;0;0
1/0393.png;0;1;0;0
1/0394.png;0;1;0;0
1/0395.png;0;1;0;0
1/0396.png;0;1;0;0
1/0397.png;0;1;0;0
1/0398.png;0;1;0;0
1/0399.png;0;1;0;0
1/0400.png;0;1;0;0
1/0401.png;0;1;0;0
1/0402.png;0;1;0;0
1/0403.png;0;1;0;0
1/0404.png;0;1;0;0
1/0405.png;0;1;0;0
1/0406.png;0;1;0;0
1/0407.png;0;1;0;0
1/0408.png;0;1;0;0
1/0409.png;0;1;0;0
1/0410.png;0;1;0;0
1/0411.png;0;1;0;0
1/0412.png;0;1;0;0
1/0413.png;0;1;0;0
1/0414.png;0;1;0;0
1/0415.png;0;1;0;0
1/0416.png;0;1;0;0
1/0417.png;0;1;0;0
1/0418.png;0;1;0;0
1/0419.png;0;1;0;0
1/0420.png;0;1;0;0
1/0421.png;0;1;0;0
1/0422.png;0;1;0;0
1/0423.png;0;1;0;0
1/0424.png;0;1;0;0
1/0425.png;0;1;0;0
1/0426.png;0;1;0;0
1/0427.png;0;1;0;0
1/0428.png;0;1;0;0
1/0429.png;0;1;0;0
1/0430.png;0;1;0;0
1/0431.png;0;1;0;0
1/0432.png;0;1;0;0
1/0433.png;0;1;0;0
1/0434.png;0;1;0;0
1/0435.png;0;1;0;0
1/0436.png;0;1;0;0
1/0437.png;0;1;0;0
1/0438.png;0;1;0;0
1/0439.png;0;1;0;0
1/0440.png;0;1;0;0
1/0441.png;0;1;0;0
1/0442.png;0;1;0;0
1/0443.png;0;1;0;0
1/0444.png;0;1;0;0
1/0445.png;0;1;0;0
1/0446.png;0;1;0;0
1/0447.png;0;1;0;0
1/0448.png;0;1;0;0
1/0449.png;0;1;0;0
1/0450.png;0;1;0;0
1/0451.png;0;1;0;0
1/0452.png;0;1;0;0
1/0453.png;0;1;0;0
1/0454.png;0;1;0;0
1/0455.png;0;1;0;0
1/0456.png;0;1;0;0
1/0457.png;0;1;0;0
1/0458.png;0;1;0;0
1/0459.png;0;1;0;0
1/0460.png;0;1;0;0
1/0461.png;0;1;0;0
1/0462.png;0;1;0;0
1/0463.png;0;1;0;0
1/0464.png;0;1;0;0
1/0465.png;0;1;0;0
1/0466.png;0;1;0;0
1/0467.png;0;1;0;0
1/0468.png;0;1;0;0
1/0469.png;0;1;0;0
1/0470.png;0;1;0;0
1/0471.png;0;1;0;0
1/0472.png;0;1;0;0
1/0473.png;0;1;0;0
1/0474.png;0;1;0;0
1/0475.png;0;1;0;0
1/0476.png;0;1;0;0
1/0477.png;0;1;0;0
1/0478.png;0;1;0;0
1/0479.png;0;1;0;0
1/0480.png;0;1;0;0
1/0481.png;0;1;0;0
1/0482.png;0;1;0;0
1/0483.png;0;1;0;0
1/0484.png;0;1;0;0
1/0485.png;0;1;0;0
1/0486.png;0;1;0;0
1/0487.png;0;1;0;0
1/0488.png;0;1;0;0
1/0489.png;0;1;0;0
1/0490.png;0;1;0;0
1/0491.png;0;1;0;0
1/0492.png;0;1;0;0
1/0493.png;0;1;0;0
1/0494.png;0;1;0;0
1/0495.png;0;1;0;0
1/0496.png;0;1;0;0
1/0497.png;0;1;0;0
1/0498.png;0;1;0;0
1/0499.png;0;1;0;0
1/0500.png;0;1;0;0
1/0501.png;0;1;0;0
1/0502.png;0;1;0;0
1/0503.png;0;1;0;0
1/0504.png;0;1;0;0
1/0505.png;0;1;0;0
1/0506.png;0;1;0;0
1/0507.png;0;1;0;0
1/0508.png;0;1;0;0
1/0509.png;0;1;0;0
1/0510.png;0;1;0;0
1/0511.png;0;1;0;0
1/0512.png;0;1;0;0
1/0513.png;0;1;0;0
1/0514.png;0;1;0;0
1/0515.png;0;1;0;0
1/0516.png;0;1;0;0
1/0517.png;0;1;0;0
1/0518.png;0;1;0;0
1/0519.png;0;1;0;0
1/0520.png;0;1;0;0
1/0521.png;0;1;0;0
1/0522.png;0;1;0;0
1/0523.png;0;1;0;0
1/0524.png;0;1;0;0
1/0525.png;0;1;0;0
1/0526.png;0;1;0;0
1/0527.png;0;1;0;0
1/0528.png;0;1;0;0
1/0529.png;0;1;0;0
1/0530.png;0;1;0;0
1/0531.png;0;1;0;0
1/0532.png;0;1;0;0
1/0533.png;0;1;0;0
1/0534.png;0;1;0;0
1/0535.png;0;1;0;0
1/0536.png;0;1;0;0
1/0537.png;0;1;0;0
1/0538.png;0;1;0;0
1/0539.png;0;1;0;0
1/0540.png;0;1;0;0
1/0541.png;0;1;0;0
1/0542.png;0;1;0;0
1/0543.png;0;1;0;0
1/0544.png;0;1;0;0
1/0545.png;0;1;0;0
1/0546.png;0;1;0;0
1/0547.png;0;1;0;0
1/0548.png;0;1;0;0
1/0549.png;0;1;0;0
1/0550.png;0;1;0;0
1/0551.png;0;1;0;0
1/0552.png;0;1;0;0
1/0553.png;0;1;0;0
1/0554.png;0;1;0;0
1/0555.png;0;1;0;0
1/0556.png;0;1;0;0
1/0557.png;0;1;0;0
1/0558.png;0;1;0;0
1/0559.png;0;1;0;0
1/0560.png;0;1;0;0
1/0561.png;0;1;0;0
1/0562.png;0;1;0;0
1/0563.png;0;1;0;0
1/0564.png;0;1;0;0
1/0565.png;0;1;0;0
1/0566.png;0;1;0;0
1/0567.png;0;1;0;0
1/0568.png;0;1;0;0
1/0569.png;0;1;0;0
1/0570.png;0;1;0;0
1/0571.png;0;1;0;0
1/0572.png;0;1;0;0
1/0573.png;0;1;0;0
1/0574.png;0;1;0;0
1/0575.png;0;1;0;0
1/0576.png;0;1;0;0
1/0577.png;0;1;0;0
1/0578.png;0;1;0;0
1/0579.png;0;1;0;0
1/0580.png;0;1;0;0
1/0581.png;0;1;0;0
1/0582.png;0;1;0;0
1/0583.png;0;1;0;0
1/0584.png;0;1;0;0
1/0585.png;0;1;0;0
1/0586.png;0;1;0;0
1/0587.png;0;1;0;0
1/0588.png;0;1;0;0
1/0589.png;0;1;0;0
1/0590.png;0;1;0;0
1/0591.png;0;1;0;0
1/0592.png;0;1;0;0
1/0593.png;0;1;0;0
1/0594.png;0;1;0;0
1/0595.png;0;1;0;0
1/0596.png;0;1;0;0
1/0597.png;0;1;0;0
1/0598.png;0;1;0;0
1/0599.png;0;1;0;0
1/0600.png;0;1;0;0
1/0601.png;0;1;0;0
1/0602.png;0;1;0;0
1/0603.png;0;1;0;0
1/0604.png;0;1;0;0
1/0605.png;0;1;0;0
1/0606.png;0;1;0;0
1/0607.png;0;1;0;0
1/0608.png;0;1;0;0
1/0609.png;0;1;0;0
1/0610.png;0;1;0;0
1/0611.png;0;1;0;0
1/0612.png;0;1;0;0
1/0613.png;0;1;0;0
1/0614.png;0;1;0;0
1/0615.png;0;1;0;0
1/0616.png;0;1;0;0
1/0617.png;0;1;0;0
1/0618.png;0;1;0;0
1/0619.png;0;1;0;0
1/0620.png;0;1;0;0
1/0621.png;0;1;0;0
1/0622.png;0;1;0;0
1/0623.png;0;1;0;0
1/0624.png;0;1;0;0
1/0625.png;0;1;0;0
1/0626.png;0;1;0;0
1/0627.png;0;1;0;0
1/0628.png;0;1;0;0
1/0629.png;0;1;0;0
1/0630.png;0;1;0;0
1/0631.png;0;1;0;0
1/0632.png;0;1;0;0
1/0633.png;0;1;0;0
1/0634.png;0;1;0;0
1/0635.png;0;1;0;0
1/0636.png;0;1;0;0
1/0637.png;0;1;0;0
1/0638.png;0;1;0;0
1/0639.png;0;1;0;0
1/0640.png;0;1;0;0
1/0641.png;0;1;0;0
1/0642.png;0;1;0;0
1/0643.png;0;1;0;0
1/0644.png;0;1;0;0
1/0645.png;0;1;0;0
1/0646.png;0;1;0;0
1/0647.png;0;1;0;0
1/0648.png;0;1;0;0
1/0649.png;0;1;0;0
1/0650.png;0;1;0;0
1/0651.png;0;1;0;0
1/0652.png;0;1;0;0
1/0653.png;0;1;0;0
1/0654.png;0;1;0;0
1/0655.png;0;1;0;0
1/0656.png;0;1;0;0
1/0657.png;0;1;0;0
1/0658.png;0;1;0;0
1/0659.png;0;1;0;0
1/0660.png;0;1;0;0
1/0661.png;0;1;0;0
1/0662.png;0;1;0;0
1/0663.png;0;1;0;0
1/0664.png;0;1;0;0
1/0665.png;0;1;0;0
1/0666.png;0;1;0;0
1/0667.png;0;1;0;0
1/0668.png;0;1;0;0
1/0669.png;0;1;0;0
1/0670.png;0;1;0;0
1/0671.png;0;1;0;0
1/0672.png;0;1;0;0
1/0673.png;0;1;0;0
1/0674.png;0;1;0;0
1/0675.png;0;1;0;0
1/0676.png;0;1;0;0
1/0677.png;0;1;0;0
1/0678.png;0;1;0;0
1/0679.png;0;1;0;0
1/0680.png;0;1;0;0
1/0681.png;0;1;0;0
1/0682.png;0;1;0;0
1/0683.png;0;1;0;0
1/0684.png;0;1;0;0
1/0685.png;0;1;0;0
1/0686.png;0;1;0;0
1/0687.png;0;1;0;0
1/0688.png;0;1;0;0
1/0689.png;0;1;0;0
1/0690.png;0;1;0;0
1/0691.png;0;1;0;0
1/0692.png;0;1;0;0
1/0693.png;0;1;0;0
1/0694.png;0;1;0;0
1/0695.png;0;1;0;0
1/0696.png;0;1;0;0
1/0697.png;0;1;0;0
1/0698.png;0;1;0;0
1/0699.png;0;1;0;0
1/0700.png;0;1;0;0
1/0701.png;0;1;0;0
1/0702.png;0;1;0;0
1/0703.png;0;1;0;0
1/0704.png;0;1;0;0
1/0705.png;0;1;0;0
1/0706.png;0;1;0;0
1/0707.png;0;1;0;0
1/0708.png;0;1;0;0
1/0709.png;0;1;0;0
1/0710.png;0;1;0;0
1/0711.png;0;1;0;0
1/0712.png;0;1;0;0
1/0713.png;0;1;0;0
1/0714.png;0;1;0;0
1/0715.png;0;1;0;0
1/0716.png;0;1;0;0
1/0717.png;0;1;0;0
1/0718.png;0;1;0;0
1/0719.png;0;1;0;0
1/0720.png;0;1;0;0
1/0721.png;0;1;0;0
1/0722.png;0;1;0;0
1/0723.png;0;1;0;0
1/0724.png;0;1;0;0
1/0725.png;0;1;0;0
1/0726.png;0;1;0;0
1/0727.png;0;1;0;0
1/0728.png;0;1;0;0
1/0729.png;0;1;0;0
1/0730.png;0;1;0;0
1/0731.png;0;1;0;0
1/0732.png;0;1;0;0
1/0733.png;0;1;0;0
1/0734.png;0;1;0;0
1/0735.png;0;1;0;0
1/0736.png;0;1;0;0
1/0737.png;0;1;0;0
1/0738.png;0;1;0;0
1/0739.png;0;1;0;0
1/0740.png;0;1;0;0
1/0741.png;0;1;0;0
1/0742.png;0;1;0;0
1/0743.png;0;1;0;0
1/0744.png;0;1;0;0
1/0745.png;0;1;0;0
1/0746.png;0;1;0;0
1/0747.png;0;1;0;0
1/0748.png;0;1;0;0
1/0749.png;0;1;0;0
1/0750.png;0;1;0;0
1/0751.png;0;1;0;0
1/0752.png;0;1;0;0
1/0753.png;0;1;0;0
1/0754.png;0;1;0;0
1/0755.png;0;1;0;0
1/0756.png;0;1;0;0
1/0757.png;0;1;0;0
1/0758.png;0;1;0;0
1/0759.png;0;1;0;0
1/0760.png;0;1;0;0
1/0761.png;0;1;0;0
1/0762.png;0;1;0;0
1/0763.png;0;1;0;0
1/0764.png;0;1;0;0
1/0765.png;0;1;0;0
1/0766.png;0;1;0;0
1/0767.png;0;1;0;0
1/0768.png;0;1;0;0
1/0769.png;0;1;0;0
1/0770.png;0;1;0;0
1/0771.png;0;1;0;0
1/0772.png;0;1;0;0
1/0773.png;0;1;0;0
1/0774.png;0;1;0;0
1/0775.png;0;1;0;0
1/0776.png;0;1;0;0
1/0777.png;0;1;0;0
1/0778.png;0;1;0;0
1/0779.png;0;1;0;0
1/0780.png;0;1;0;0
1/0781.png;0;1;0;0
1/0782.png;0;1;0;0
1/0783.png;0;1;0;0
1/0784.png;0;1;0;0
1/0785.png;0;1;0;0
1/0786.png;0;1;0;0
1/0787.png;0;1;0;0
1/0788.png;0;1;0;0
1/0789.png;0;1;0;0
1/0790.png;0;1;0;0
1/0791.png;0;1;0;0
1/0792.png;0;1;0;0
1/0793.png;0;1;0;0
1/0794.png;0;1;0;0
1/0795.png;0;1;0;0
1/0796.png;0;1;0;0
1/0797.png;0;1;0;0
1/0798.png;0;1;0;0
1/0799.png;0;1;0;0
1/0800.png;0;1;0;0
1/0801.png;0;1;0;0
1/0802.png;0;1;0;0
1/0803.png;0;1;0;0
1/0804.png;0;1;0;0
1/0805.png;0;1;0;0
1/0806.png;0;1;0;0
1/0807.png;0;1;0;0
1/0808.png;0;1;0;0
1/0809.png;0;1;0;0
1/0810.png;0;1;0;0
1/0811.png;0;1;0;0
1/0812.png;0;1;0;0
1/0813.png;0;1;0;0
1/0814.png;0;1;0;0
1/0815.png;0;1;0;0
1/0816.png;0;1;0;0
1/0817.png;0;1;0;0
1/0818.png;0;1;0;0
1/0819.png;0;1;0;0
1/0820.png;0;1;0;0
1/0821.png;0;1;0;0
1/0822.png;0;1;0;0
1/0823.png;0;1;0;0
1/0824.png;0;1;0;0
1/0825.png;0;1;0;0
1/0826.png;0;1;0;0
1/0827.png;0;1;0;0
1/0828.png;0;1;0;0
1/0829.png;0;1;0;0
1/0830.png;0;1;0;0
1/0831.png;0;1;0;0
1/0832.png;0;1;0;0
1/0833.png;0;1;0;0
1/0834.png;0;1;0;0
1/0835.png;0;1;0;0
1/0836.png;0;1;0;0
1/0837.png;0;1;0;0
1/0838.png;0;1;0;0
1/0839.png;0;1;0;0
1/0840.png;0;1;0;0
1/0841.png;0;1;0;0
1/0842.png;0;1;0;0
1/0843.png;0;1;0;0
1/0844.png;0;1;0;0
1/0845.png;0;1;0;0
1/0846.png;0;1;0;0
1/0847.png;0;1;0;0
1/0848.png;0;1;0;0
1/0849.png;0;1;0;0
1/0850.png;0;1;0;0
1/0851.png;0;1;0;0
1/0852.png;0;1;0;0
1/0853.png;0;1;0;0
1/0854.png;0;1;0;0
1/0855.png;0;1;0;0
1/0856.png;0;1;0;0
1/0857.png;0;1;0;0
1/0858.png;0;1;0;0
1/0859.png;0;1;0;0
1/0860.png;0;1;0;0
1/0861.png;0;1;0;0
1/0862.png;0;1;0;0
1/0863.png;0;1;0;0
1/0864.png;0;1;0;0
1/0865.png;0;1;0;0
1/0866.png;0;1;0;0
1/0867.png;0;1;0;0
1/0868.png;0;1;0;0
1/0869.png;0;1;0;0
1/0870.png;0;1;0;0
1/0871.png;0;1;0;0
1/0872.png;0;1;0;0
1/0873.png;0;1;0;0
1/0874.png;0;1;0;0
1/0875.png;0;1;0;0
1/0876.png;0;1;0;0
1/0877.png;0;1;0;0
1/0878.png;0;1;0;0
1/0879.png;0;1;0;0
1/0880.png;0;1;0;0
1/0881.png;0;1;0;0
1/0882.png;0;1;0;0
1/0883.png;0;1;0;0
1/0884.png;0;1;0;0
1/0885.png;0;1;0;0
1/0886.png;0;1;0;0
1/0887.png;0;1;0;0
1/0888.png;0;1;0;0
1/0889.png;0;1;0;0
1/0890.png;0;1;0;0
1/0891.png;0;1;0;0
1/0892.png;0;1;0;0
1/0893.png;0;1;0;0
1/0894.png;0;1;0;0
1/0895.png;0;1;0;0
1/0896.png;0;1;0;0
1/0897.png;0;1;0;0
1/0898.png;0;1;0;0
1/0899.png;0;1;0;0
1/0900.png;0;1;0;0
1/0901.png;0;1;0;0
1/0902.png;0;1;0;0
1/0903.png;0;1;0;0
1/0904.png;0;1;0;0
1/0905.png;0;1;0;0
1/0906.png;0;1;0;0
1/0907.png;0;1;0;0
1/0908.png;0;1;0;0
1/0909.png;0;1;0;0
1/0910.png;0;1;0;0
1/0911.png;0;1;0;0
1/0912.png;0;1;0;0
1/0913.png;0;1;0;0
1/0914.png;0;1;0;0
1/0915.png;0;1;0;0
1/0916.png;0;1;0;0
1/0917.png;0;1;0;0
1/0918.png;0;1;0;0
1/0919.png;0;1;0;0
1/0920.png;0;1;0;0
1/0921.png;0;1;0;0
1/0922.png;0;1;0;0
1/0923.png;0;1;0;0
1/0924.png;0;1;0;0
1/0925.png;0;1;0;0
1/0926.png;0;1;0;0
1/0927.png;0;1;0;0
1/0928.png;0;1;0;0
1/0929.png;0;1;0;0
1/0930.png;0;1;0;0
1/0931.png;0;1;0;0
1/0932.png;0;1;0;0
1/0933.png;0;1;0;0
1/0934.png;0;1;0;0
1/0935.png;0;1;0;0
1/0936.png;0;1;0;0
1/0937.png;0;1;0;0
1/0938.png;0;1;0;0
1/0939.png;0;1;0;0
1/0940.png;0;1;0;0
1/0941.png;0;1;0;0
1/0942.png;0;1;0;0
1/0943.png;0;1;0;0
1/0944.png;0;1;0;0
1/0945.png;0;1;0;0
1/0946.png;0;1;0;0
1/0947.png;0;1;0;0
1/0948.png;0;1;0;0
1/0949.png;0;1;0;0
1/0950.png;0;1;0;0
1/0951.png;0;1;0;0
1/0952.png;0;1;0;0
1/0953.png;0;1;0;0
1/0954.png;0;1;0;0
1/0955.png;0;1;0;0
1/0956.png;0;1;0;0
1/0957.png;0;1;0;0
1/0958.png;0;1;0;0
1/0959.png;0;1;0;0
1/0960.png;0;1;0;0
1/0961.png;0;1;0;0
1/0962.png;0;1;0;0
1/0963.png;0;1;0;0
1/0964.png;0;1;0;0
1/0965.png;0;1;0;0
1/0966.png;0;1;0;0
1/0967.png;0;1;0;0
1/0968.png;0;1;0;0
1/0969.png;0;1;0;0
1/0970.png;0;1;0;0
1/0971.png;0;1;0;0
1/0972.png;0;1;0;0
1/0973.png;0;1;0;0
1/0974.png;0;1;0;0
1/0975.png;0;1;0;0
1/0976.png;0;1;0;0
1/0977.png;0;1;0;0
1/0978.png;0;1;0;0
1/0979.png;0;1;0;0
1/0980.png;0;1;0;0
1/0981.png;0;1;0;0
1/0982.png;0;1;0;0
1/0983.png;0;1;0;0
1/0984.png;0;1;0;0
1/0985.png;0;1;0;0
1/0986.png;0;1;0;0
1/0987.png;0;1;0;0
1/0988.png;0;1;0;0
1/0989.png;0;1;0;0
1/0990.png;0;1;0;0
1/0991.png;0;1;0;0
1/0992.png;0;1;0;0
1/0993.png;0;1;0;0
1/0994.png;0;1;0;0
1/0995.png;0;1;0;0
1/0996.png;0;1;0;0
1/0997.png;0;1;0;0
1/0998.png;0;1;0;0
1/0999.png;0;1;0;0
1/1000.png;0;1;0;0
1/1001.png;0;1;0;0
1/1002.png;0;1;0;0
1/1003.png;0;1;0;0
1/1004.png;0;1;0;0
1/1005.png;0;1;0;0
1/1006.png;0;1;0;0
1/1007.png;0;1;0;0
1/1008.png;0;1;0;0
1/1009.png;0;1;0;0
1/1010.png;0;1;0;0
1/1011.png;0;1;0;0
1/1012.png;0;1;0;0
1/1013.png;0;1;0;0
1/1014.png;0;1;0;0
1/1015.png;0;1;0;0
1/1016.png;0;1;0;0
1/1017.png;0;1;0;0
1/1018.png;0;1;0;0
1/1019.png;0;1;0;0
1/1020.png;0;1;0;0
1/1021.png;0;1;0;0
1/1022.png;0;1;0;0
1/1023.png;0;1;0;0
1/1024.png;0;1;0;0
1/1025.png;0;1;0;0
1/1026.png;0;1;0;0
1/1027.png;0;1;0;0
1/1028.png;0;1;0;0
1/1029.png;0;1;0;0
1/1030.png;0;1;0;0
1/1031.png;0;1;0;0
1/1032.png;0;1;0;0
1/1033.png;0;1;0;0
1/1034.png;0;1;0;0
1/1035.png;0;1;0;0
1/1036.png;0;1;0;0
1/1037.png;0;1;0;0
1/1038.png;0;1;0;0
1/1039.png;0;1;0;0
1/1040.png;0;1;0;0
1/1041.png;0;1;0;0
1/1042.png;0;1;0;0
1/1043.png;0;1;0;0
1/1044.png;0;1;0;0
1/1045.png;0;1;0;0
1/1046.png;0;1;0;0
1/1047.png;0;1;0;0
1/1048.png;0;1;0;0
1/1049.png;0;1;0;0
1/1050.png;0;1;0;0
1/1051.png;0;1;0;0
1/1052.png;0;1;0;0
1/1053.png;0;1;0;0
1/1054.png;0;1;0;0
1/1055.png;0;1;0;0
1/1056.png;0;1;0;0
1/1057.png;0;1;0;0
1/1058.png;0;1;0;0
1/1059.png;0;1;0;0
1/1060.png;0;1;0;0
1/1061.png;0;1;0;0
1/1062.png;0;1;0;0
1/1063.png;0;1;0;0
1/1064.png;0;1;0;0
1/1065.png;0;1;0;0
1/1066.png;0;1;0;0
1/1067.png;0;1;0;0
1/1068.png;0;1;0;0
1/1069.png;0;1;0;0
1/1070.png;0;1;0;0
1/1071.png;0;1;0;0
1/1072.png;0;1;0;0
1/1073.png;0;1;0;0
1/1074.png;0;1;0;0
1/1075.png;0;1;0;0
1/1076.png;0;1;0;0
1/1077.png;0;1;0;0
1/1078.png;0;1;0;0
1/1079.png;0;1;0;0
1/1080.png;0;1;0;0
1/1081.png;0;1;0;0
1/1082.png;0;1;0;0
1/1083.png;0;1;0;0
1/1084.png;0;1;0;0
1/1085.png;0;1;0;0
1/1086.png;0;1;0;0
1/1087.png;0;1;0;0
1/1088.png;0;1;0;0
1/1089.png;0;1;0;0
1/1090.png;0;1;0;0
1/1091.png;0;1;0;0
1/1092.png;0;1;0;0
1/1093.png;0;1;0;0
1/1094.png;0;1;0;0
1/1095.png;0;1;0;0
1/1096.png;0;1;0;0
1/1097.png;0;1;0;0
1/1098.png;0;1;0;0
1/1099.png;0;1;0;0
1/1100.png;0;1;0;0
1/1101.png;0;1;0;0
1/1102.png;0;1;0;0
1/1103.png;0;1;0;0
1/1104.png;0;1;0;0
1/1105.png;0;1;0;0
1/1106.png;0;1;0;0
1/1107.png;0;1;0;0
1/1108.png;0;1;0;0
1/1109.png;0;1;0;0
1/1110.png;0;1;0;0
1/1111.png;0;1;0;0
1/1112.png;0;1;0;0
1/1113.png;0;1;0;0
1/1114.png;0;1;0;0
1/1115.png;0;1;0;0
1/1116.png;0;1;0;0
1/1117.png;0;1;0;0
1/1118.png;0;1;0;0
1/1119.png;0;1;0;0
1/1120.png;0;1;0;0
1/1121.png;0;1;0;0
1/1122.png;0;1;0;0
1/1123.png;0;1;0;0
1/1124.png;0;1;0;0
1/1125.png;0;1;0;0
1/1126.png;0;1;0;0
1/1127.png;0;1;0;0
1/1128.png;0;1;0;0
1/1129.png;0;1;0;0
1/1130.png;0;1;0;0
1/1131.png;0;1;0;0
1/1132.png;0;1;0;0
1/1133.png;0;1;0;0
1/1134.png;0;1;0;0
1/1135.png;0;1;0;0
1/1136.png;0;1;0;0
1/1137.png;0;1;0;0
1/1138.png;0;1;0;0
1/1139.png;0;1;0;0
1/1140.png;0;1;0;0
1/1141.png;0;1;0;0
1/1142.png;0;1;0;0
1/1143.png;0;1;0;0
1/1144.png;0;1;0;0
1/1145.png;0;1;0;0
1/1146.png;0;1;0;0
1/1147.png;0;1;0;0
1/1148.png;0;1;0;0
1/1149.png;0;1;0;0
1/1150.png;0;1;0;0
1/1151.png;0;1;0;0
1/1152.png;0;1;0;0
1/1153.png;0;1;0;0
1/1154.png;0;1;0;0
1/1155.png;0;1;0;0
1/1156.png;0;1;0;0
1/1157.png;0;1;0;0
1/1158.png;0;1;0;0
1/1159.png;0;1;0;0
1/1160.png;0;1;0;0
1/1161.png;0;1;0;0
1/1162.png;0;1;0;0
1/1163.png;0;1;0;0
1/1164.png;0;1;0;0
1/1165.png;0;1;0;0
1/1166.png;0;1;0;0
1/1167.png;0;1;0;0
1/1168.png;0;1;0;0
1/1169.png;0;1;0;0
1/1170.png;0;1;0;0
1/1171.png;0;1;0;0
1/1172.png;0;1;0;0
1/1173.png;0;1;0;0
1/1174.png;0;1;0;0
1/1175.png;0;1;0;0
1/1176.png;0;1;0;0
1/1177.png;0;1;0;0
1/1178.png;0;1;0;0
1/1179.png;0;1;0;0
1/1180.png;0;1;0;0
1/1181.png;0;1;0;0
1/1182.png;0;1;0;0
1/1183.png;0;1;0;0
1/1184.png;0;1;0;0
1/1185.png;0;1;0;0
1/1186.png;0;1;0;0
1/1187.png;0;1;0;0
1/1188.png;0;1;0;0
1/1189.png;0;1;0;0
1/1190.png;0;1;0;0
1/1191.png;0;1;0;0
1/1192.png;0;1;0;0
1/1193.png;0;1;0;0
1/1194.png;0;1;0;0
1/1195.png;0;1;0;0
1/1196.png;0;1;0;0
1/1197.png;0;1;0;0
1/1198.png;0;1;0;0
1/1199.png;0;1;0;0
1/1200.png;0;1;0;0
1/1201.png;0;1;0;0
1/1202.png;0;1;0;0
1/1203.png;0;1;0;0
1/1204.png;0;1;0;0
1/1205.png;0;1;0;0
1/1206.png;0;1;0;0
1/1207.png;0;1;0;0
1/1208.png;0;1;0;0
1/1209.png;0;1;0;0
1/1210.png;0;1;0;0
1/1211.png;0;1;0;0
1/1212.png;0;1;0;0
1/1213.png;0;1;0;0
1/1214.png;0;1;0;0
1/1215.png;0;1;0;0
1/1216.png;0;1;0;0
1/1217.png;0;1;0;0
1/1218.png;0;1;0;0
1/1219.png;0;1;0;0
1/1220.png;0;1;0;0
1/1221.png;0;1;0;0
1/1222.png;0;1;0;0
1/1223.png;0;1;0;0
1/1224.png;0;1;0;0
1/1225.png;0;1;0;0
1/1226.png;0;1;0;0
1/1227.png;0;1;0;0
1/1228.png;0;1;0;0
1/1229.png;0;1;0;0
1/1230.png;0;1;0;0
1/1231.png;0;1;0;0
1/1232.png;0;1;0;0
1/1233.png;0;1;0;0
1/1234.png;0;1;0;0
1/1235.png;0;1;0;0
1/1236.png;0;1;0;0
1/1237.png;0;1;0;0
1/1238.png;0;1;0;0
1/1239.png;0;1;0;0
1/1240.png;0;1;0;0
1/1241.png;0;1;0;0
1/1242.png;0;1;0;0
1/1243.png;0;1;0;0
1/1244.png;0;1;0;0
1/1245.png;0;1;0;0
1/1246.png;0;1;0;0
1/1247.png;0;1;0;0
1/1248.png;0;1;0;0
1/1249.png;0;1;0;0
1/1250.png;0;1;0;0
1/1251.png;0;1;0;0
1/1252.png;0;1;0;0
1/1253.png;0;1;0;0
1/1254.png;0;1;0;0
1/1255.png;0;1;0;0
1/1256.png;0;1;0;0
1/1257.png;0;1;0;0
1/1258.png;0;1;0;0
1/1259.png;0;1;0;0
1/1260.png;0;1;0;0
1/1261.png;0;1;0;0
1/1262.png;0;1;0;0
1/1263.png;0;1;0;0
1/1264.png;0;1;0;0
1/1265.png;0;1;0;0
1/1266.png;0;1;0;0
1/1267.png;0;1;0;0
1/1268.png;0;1;0;0
1/1269.png;0;1;0;0
1/1270.png;0;1;0;0
1/1271.png;0;1;0;0
1/1272.png;0;1;0;0
1/1273.png;0;1;0;0
1/1274.png;0;1;0;0
1/1275.png;0;1;0;0
1/1276.png;0;1;0;0
1/1277.png;0;1;0;0
1/1278.png;0;1;0;0
1/1279.png;0;1;0;0
1/1280.png;0;1;0;0
1/1281.png;0;1;0;0
1/1282.png;0;1;0;0
1/1283.png;0;1;0;0
1/1284.png;0;1;0;0
1/1285.png;0;1;0;0
1/1286.png;0;1;0;0
1/1287.png;0;1;0;0
1/1288.png;0;1;0;0
1/1289.png;0;1;0;0
1/1290.png;0;1;0;0
1/1291.png;0;1;0;0
1/1292.png;0;1;0;0
1/1293.png;0;1;0;0
1/1294.png;0;1;0;0
1/1295.png;0;1;0;0
1/1296.png;0;1;0;0
1/1297.png;0;1;0;0
1/1298.png;0;1;0;0
1/1299.png;0;1;0;0
1/1300.png;0;1;0;0
1/1301.png;0;1;0;0
1/1302.png;0;1;0;0
1/1303.png;0;1;0;0
1/1304.png;0;1;0;0
1/1305.png;0;1;0;0
1/1306.png;0;1;0;0
1/1307.png;0;1;0;0
1/1308.png;0;1;0;0
1/1309.png;0;1;0;0
1/1310.png;0;1;0;0
1/1311.png;0;1;0;0
1/1312.png;0;1;0;0
1/1313.png;0;1;0;0
1/1314.png;0;1;0;0
1/1315.png;0;1;0;0
1/1316.png;0;1;0;0
1/1317.png;0;1;0;0
1/1318.png;0;1;0;0
1/1319.png;0;1;0;0
1/1320.png;0;1;0;0
1/1321.png;0;1;0;0
1/1322.png;0;1;0;0
1/1323.png;0;1;0;0
1/1324.png;0;1;0;0
1/1325.png;0;1;0;0
1/1326.png;0;1;0;0
1/1327.png;0;1;0;0
1/1328.png;0;1;0;0
1/1329.png;0;1;0;0
1/1330.png;0;1;0;0
1/1331.png;0;1;0;0
1/1332.png;0;1;0;0
1/1333.png;0;1;0;0
1/1334.png;0;1;0;0
1/1335.png;0;1;0;0
1/1336.png;0;1;0;0
1/1337.png;0;1;0;0
1/1338.png;0;1;0;0
1/1339.png;0;1;0;0
1/1340.png;0;1;0;0
1/1341.png;0;1;0;0
1/1342.png;0;1;0;0
1/1343.png;0;1;0;0
1/1344.png;0;1;0;0
1/1345.png;0;1;0;0
1/1346.png;0;1;0;0
1/1347.png;0;1;0;0
1/1348.png;0;1;0;0
1/1349.png;0;1;0;0
1/1350.png;0;1;0;0
1/1351.png;0;1;0;0
1/1352.png;0;1;0;0
1/1353.png;0;1;0;0
1/1354.png;0;1;0;0
1/1355.png;0;1;0;0
1/1356.png;0;1;0;0
1/1357.png;0;1;0;0
1/1358.png;0;1;0;0
1/1359.png;0;1;0;0
1/1360.png;0;1;0;0
1/1361.png;0;1;0;0
1/1362.png;0;1;0;0
1/1363.png;0;1;0;0
1/1364.png;0;1;0;0
1/1365.png;0;1;0;0
1/1366.png;0;1;0;0
1/1367.png;0;1;0;0
1/1368.png;0;1;0;0
1/1369.png;0;1;0;0
1/1370.png;0;1;0;0
1/1371.png;0;1;0;0
1/1372.png;0;1;0;0
1/1373.png;0;1;0;0
1/1374.png;0;1;0;0
1/1375.png;0;1;0;0
1/1376.png;0;1;0;0
1/1377.png;0;1;0;0
1/1378.png;0;1;0;0
1/1379.png;0;1;0;0
1/1380.png;0;1;0;0
1/1381.png;0;1;0;0
1/1382.png;0;1;0;0
1/1383.png;0;1;0;0
1/1384.png;0;1;0;0
1/1385.png;0;1;0;0
1/1386.png;0;1;0;0
1/1387.png;0;1;0;0
1/1388.png;0;1;0;0
1/1389.png;0;1;0;0
1/1390.png;0;1;0;0
1/1391.png;0;1;0;0
1/1392.png;0;1;0;0
1/1393.png;0;1;0;0
1/1394.png;0;1;0;0
1/1395.png;0;1;0;0
1/1396.png;0;1;0;0
1/1397.png;0;1;0;0
1/1398.png;0;1;0;0
1/1399.png;0;1;0;0
1/1400.png;0;1;0;0
1/1401.png;0;1;0;0
1/1402.png;0;1;0;0
1/1403.png;0;1;0;0
1/1404.png;0;1;0;0
1/1405.png;0;1;0;0
1/1406.png;0;1;0;0
1/1407.png;0;1;0;0
1/1408.png;0;1;0;0
1/1409.png;0;1;0;0
1/1410.png;0;1;0;0
1/1411.png;0;1;0;0
1/1412.png;0;1;0;0
1/1413.png;0;1;0;0
1/1414.png;0;1;0;0
1/1415.png;0;1;0;0
1/1416.png;0;1;0;0
1/1417.png;0;1;0;0
1/1418.png;0;1;0;0
1/1419.png;0;1;0;0
1/1420.png;0;1;0;0
1/1421.png;0;1;0;0
1/1422.png;0;1;0;0
1/1423.png;0;1;0;0
1/1424.png;0;1;0;0
1/1425.png;0;1;0;0
1/1426.png;0;1;0;0
1/1427.png;0;1;0;0
1/1428.png;0;1;0;0
1/1429.png;0;1;0;0
1/1430.png;0;1;0;0
1/1431.png;0;1;0;0
1/1432.png;0;1;0;0
1/1433.png;0;1;0;0
1/1434.png;0;1;0;0
1/1435.png;0;1;0;0
1/1436.png;0;1;0;0
1/1437.png;0;1;0;0
1/1438.png;0;1;0;0
1/1439.png;0;1;0;0
1/1440.png;0;1;0;0
1/1441.png;0;1;0;0
1/1442.png;0;1;0;0
1/1443.png;0;1;0;0
1/1444.png;0;1;0;0
1/1445.png;0;1;0;0
1/1446.png;0;1;0;0
1/1447.png;0;1;0;0
1/1448.png;0;1;0;0
1/1449.png;0;1;0;0
1/1450.png;0;1;0;0
1/1451.png;0;1;0;0
1/1452.png;0;1;0;0
1/1453.png;0;1;0;0
1/1454.png;0;1;0;0
1/1455.png;0;1;0;0
1/1456.png;0;1;0;0
1/1457.png;0;1;0;0
1/1458.png;0;1;0;0
1/1459.png;0;1;0;0
1/1460.png;0;1;0;0
1/1461.png;0;1;0;0
1/1462.png;0;1;0;0
1/1463.png;0;1;0;0
1/1464.png;0;1;0;0
1/1465.png;0;1;0;0
1/1466.png;0;1;0;0
1/1467.png;0;1;0;0
1/1468.png;0;1;0;0
1/1469.png;0;1;0;0
1/1470.png;0;1;0;0
1/1471.png;0;1;0;0
1/1472.png;0;1;0;0
1/1473.png;0;1;0;0
1/1474.png;0;1;0;0
1/1475.png;0;1;0;0
1/1476.png;0;1;0;0
1/1477.png;0;1;0;0
1/1478.png;0;1;0;0
1/1479.png;0;1;0;0
1/1480.png;0;1;0;0
1/1481.png;0;1;0;0
1/1482.png;0;1;0;0
1/1483.png;0;1;0;0
1/1484.png;0;1;0;0
1/1485.png;0;1;0;0
1/1486.png;0;1;0;0
1/1487.png;0;1;0;0
1/1488.png;0;1;0;0
1/1489.png;0;1;0;0
1/1490.png;0;1;0;0
1/1491.png;0;1;0;0
1/1492.png;0;1;0;0
1/1493.png;0;1;0;0
1/1494.png;0;1;0;0
1/1495.png;0;1;0;0
1/1496.png;0;1;0;0
1/1497.png;0;1;0;0
1/1498.png;0;1;0;0
1/1499.png;0;1;0;0
1/1500.png;0;1;0;0
1/1501.png;0;1;0;0
1/1502.png;0;1;0;0
1/1503.png;0;1;0;0
1/1504.png;0;1;0;0
1/1505.png;0;1;0;0
1/1506.png;0;1;0;0
1/1507.png;0;1;0;0
1/1508.png;0;1;0;0
1/1509.png;0;1;0;0
1/1510.png;0;1;0;0
1/1511.png;0;1;0;0
1/1512.png;0;1;0;0
1/1513.png;0;1;0;0
1/1514.png;0;1;0;0
1/1515.png;0;1;0;0
1/1516.png;0;1;0;0
1/1517.png;0;1;0;0
1/1518.png;0;1;0;0
1/1519.png;0;1;0;0
1/1520.png;0;1;0;0
1/1521.png;0;1;0;0
1/1522.png;0;1;0;0
1/1523.png;0;1;0;0
1/1524.png;0;1;0;0
1/1525.png;0;1;0;0
1/1526.png;0;1;0;0
1/1527.png;0;1;0;0
1/1528.png;0;1;0;0
1/1529.png;0;1;0;0
1/1530.png;0;1;0;0
1/1531.png;0;1;0;0
1/1532.png;0;1;0;0
1/1533.png;0;1;0;0
1/1534.png;0;1;0;0
1/1535.png;0;1;0;0
1/1536.png;0;1;0;0
1/1537.png;0;1;0;0
1/1538.png;0;1;0;0
1/1539.png;0;1;0;0
1/1540.png;0;1;0;0
1/1541.png;0;1;0;0
1/1542.png;0;1;0;0
1/1543.png;0;1;0;0
1/1544.png;0;1;0;0
1/1545.png;0;1;0;0
1/1546.png;0;1;0;0
1/1547.png;0;1;0;0
1/1548.png;0;1;0;0
1/1549.png;0;1;0;0
1/1550.png;0;1;0;0
1/1551.png;0;1;0;0
1/1552.png;0;1;0;0
1/1553.png;0;1;0;0
1/1554.png;0;1;0;0
1/1555.png;0;1;0;0
1/1556.png;0;1;0;0
1/1557.png;0;1;0;0
1/1558.png;0;1;0;0
1/1559.png;0;1;0;0
1/1560.png;0;1;0;0
1/1561.png;0;1;0;0
1/1562.png;0;1;0;0
1/1563.png;0;1;0;0
1/1564.png;0;1;0;0
1/1565.png;0;1;0;0
1/1566.png;0;1;0;0
1/1567.png;0;1;0;0
1/1568.png;0;1;0;0
1/1569.png;0;1;0;0
1/1570.png;0;1;0;0
1/1571.png;0;1;0;0
1/1572.png;0;1;0;0
1/1573.png;0;1;0;0
1/1574.png;0;1;0;0
1/1575.png;0;1;0;0
1/1576.png;0;1;0;0
1/1577.png;0;1;0;0
1/1578.png;0;1;0;0
1/1579.png;0;1;0;0
1/1580.png;0;1;0;0
1/1581.png;0;1;0;0
1/1582.png;0;1;0;0
1/1583.png;0;1;0;0
1/1584.png;0;1;0;0
1/1585.png;0;1;0;0
1/1586.png;0;1;0;0
1/1587.png;0;1;0;0
1/1588.png;0;1;0;0
1/1589.png;0;1;0;0
1/1590.png;0;1;0;0
1/1591.png;0;1;0;0
1/1592.png;0;1;0;0
1/1593.png;0;1;0;0
1/1594.png;0;1;0;0
1/1595.png;0;1;0;0
1/1596.png;0;1;0;0
1/1597.png;0;1;0;0
1/1598.png;0;1;0;0
1/1599.png;0;1;0;0
1/1600.png;0;1;0;0
1/1601.png;0;1;0;0
1/1602.png;0;1;0;0
1/1603.png;0;1;0;0
1/1604.png;0;1;0;0
1/1605.png;0;1;0;0
1/1606.png;0;1;0;0
1/1607.png;0;1;0;0
1/1608.png;0;1;0;0
1/1609.png;0;1;0;0
1/1610.png;0;1;0;0
1/1611.png;0;1;0;0
1/1612.png;0;1;0;0
1/1613.png;0;1;0;0
1/1614.png;0;1;0;0
1/1615.png;0;1;0;0
1/1616.png;0;1;0;0
1/1617.png;0;1;0;0
1/1618.png;0;1;0;0
1/1619.png;0;1;0;0
1/1620.png;0;1;0;0
1/1621.png;0;1;0;0
1/1622.png;0;1;0;0
1/1623.png;0;1;0;0
1/1624.png;0;1;0;0
1/1625.png;0;1;0;0
1/1626.png;0;1;0;0
1/1627.png;0;1;0;0
1/1628.png;0;1;0;0
1/1629.png;0;1;0;0
1/1630.png;0;1;0;0
1/1631.png;0;1;0;0
1/1632.png;0;1;0;0
1/1633.png;0;1;0;0
1/1634.png;0;1;0;0
1/1635.png;0;1;0;0
1/1636.png;0;1;0;0
1/1637.png;0;1;0;0
1/1638.png;0;1;0;0
1/1639.png;0;1;0;0
1/1640.png;0;1;0;0
1/1641.png;0;1;0;0
1/1642.png;0;1;0;0
1/1643.png;0;1;0;0
1/1644.png;0;1;0;0
1/1645.png;0;1;0;0
1/1646.png;0;1;0;0
1/1647.png;0;1;0;0
1/1648.png;0;1;0;0
1/1649.png;0;1;0;0
1/1650.png;0;1;0;0
1/1651.png;0;1;0;0
1/1652.png;0;1;0;0
1/1653.png;0;1;0;0
1/1654.png;0;1;0;0
1/1655.png;0;1;0;0
1/1656.png;0;1;0;0
1/1657.png;0;1;0;0
1/1658.png;0;1;0;0
1/1659.png;0;1;0;0
1/1660.png;0;1;0;0
1/1661.png;0;1;0;0
1/1662.png;0;1;0;0
1/1663.png;0;1;0;0
1/1664.png;0;1;0;0
1/1665.png;0;1;0;0
1/1666.png;0;1;0;0
1/1667.png;0;1;0;0
1/1668.png;0;1;0;0
1/1669.png;0;1;0;0
1/1670.png;0;1;0;0
1/1671.png;0;1;0;0
1/1672.png;0;1;0;0
1/1673.png;0;1;0;0
1/1674.png;0;1;0;0
1/1675.png;0;1;0;0
1/1676.png;0;1;0;0
1/1677.png;0;1;0;0
1/1678.png;0;1;0;0
1/1679.png;0;1;0;0
1/1680.png;0;1;0;0
1/1681.png;0;1;0;0
1/1682.png;0;1;0;0
1/1683.png;0;1;0;0
1/1684.png;0;1;0;0
1/1685.png;0;1;0;0
1/1686.png;0;1;0;0
1/1687.png;0;1;0;0
1/1688.png;0;1;0;0
1/1689.png;0;1;0;0
1/1690.png;0;1;0;0
1/1691.png;0;1;0;0
1/1692.png;0;1;0;0
1/1693.png;0;1;0;0
1/1694.png;0;1;0;0
1/1695.png;0;1;0;0
1/1696.png;0;1;0;0
1/1697.png;0;1;0;0
1/1698.png;0;1;0;0
1/1699.png;0;1;0;0
1/1700.png;0;1;0;0
1/1701.png;0;1;0;0
1/1702.png;0;1;0;0
1/1703.png;0;1;0;0
1/1704.png;0;1;0;0
1/1705.png;0;1;0;0
1/1706.png;0;1;0;0
1/1707.png;0;1;0;0
1/1708.png;0;1;0;0
1/1709.png;0;1;0;0
1/1710.png;0;1;0;0
1/1711.png;0;1;0;0
1/1712.png;0;1;0;0
1/1713.png;0;1;0;0
1/1714.png;0;1;0;0
1/1715.png;0;1;0;0
1/1716.png;0;1;0;0
1/1717.png;0;1;0;0
1/1718.png;0;1;0;0
1/1719.png;0;1;0;0
1/1720.png;0;1;0;0
1/1721.png;0;1;0;0
1/1722.png;0;1;0;0
1/1723.png;0;1;0;0
1/1724.png;0;1;0;0
1/1725.png;0;1;0;0
1/1726.png;0;1;0;0
1/1727.png;0;1;0;0
1/1728.png;0;1;0;0
1/1729.png;0;1;0;0
1/1730.png;0;1;0;0
1/1731.png;0;1;0;0
1/1732.png;0;1;0;0
1/1733.png;0;1;0;0
1/1734.png;0;1;0;0
1/1735.png;0;1;0;0
1/1736.png;0;1;0;0
1/1737.png;0;1;0;0
1/1738.png;0;1;0;0
1/1739.png;0;1;0;0
1/1740.png;0;1;0;0
1/1741.png;0;1;0;0
1/1742.png;0;1;0;0
1/1743.png;0;1;0;0
1/1744.png;0;1;0;0
1/1745.png;0;1;0;0
1/1746.png;0;1;0;0
1/1747.png;0;1;0;0
1/1748.png;0;1;0;0
1/1749.png;0;1;0;0
1/1750.png;0;1;0;0
1/1751.png;0;1;0;0
1/1752.png;0;1;0;0
1/1753.png;0;1;0;0
1/1754.png;0;1;0;0
1/1755.png;0;1;0;0
1/1756.png;0;1;0;0
1/1757.png;0;1;0;0
1/1758.png;0;1;0;0
1/1759.png;0;1;0;0
1/1760.png;0;1;0;0
1/1761.png;0;1;0;0
1/1762.png;0;1;0;0
1/1763.png;0;1;0;0
1/1764.png;0;1;0;0
1/1765.png;0;1;0;0
1/1766.png;0;1;0;0
1/1767.png;0;1;0;0
1/1768.png;0;1;0;0
1/1769.png;0;1;0;0
1/1770.png;0;1;0;0
1/1771.png;0;1;0;0
1/1772.png;0;1;0;0
1/1773.png;0;1;0;0
1/1774.png;0;1;0;0
1/1775.png;0;1;0;0
1/1776.png;0;1;0;0
1/1777.png;0;1;0;0
1/1778.png;0;1;0;0
1/1779.png;0;1;0;0
1/1780.png;0;1;0;0
1/1781.png;0;1;0;0
1/1782.png;0;1;0;0
1/1783.png;0;1;0;0
1/1784.png;0;1;0;0
1/1785.png;0;1;0;0
1/1786.png;0;1;0;0
1/1787.png;0;1;0;0
1/1788.png;0;1;0;0
1/1789.png;0;1;0;0
1/1790.png;0;1;0;0
1/1791.png;0;1;0;0
1/1792.png;0;1;0;0
1/1793.png;0;1;0;0
1/1794.png;0;1;0;0
1/1795.png;0;1;0;0
1/1796.png;0;1;0;0
1/1797.png;0;1;0;0
1/1798.png;0;1;0;0
1/1799.png;0;1;0;0
1/1800.png;0;1;0;0
1/1801.png;0;1;0;0
1/1802.png;0;1;0;0
1/1803.png;0;1;0;0
1/1804.png;0;1;0;0
1/1805.png;0;1;0;0
1/1806.png;0;1;0;0
1/1807.png;0;1;0;0
1/1808.png;0;1;0;0
1/1809.png;0;1;0;0
1/1810.png;0;1;0;0
1/1811.png;0;1;0;0
1/1812.png;0;1;0;0
1/1813.png;0;1;0;0
1/1814.png;0;1;0;0
1/1815.png;0;1;0;0
1/1816.png;0;1;0;0
1/1817.png;0;1;0;0
1/1818.png;0;1;0;0
1/1819.png;0;1;0;0
1/1820.png;0;1;0;0
1/1821.png;0;1;0;0
1/1822.png;0;1;0;0
1/1823.png;0;1;0;0
1/1824.png;0;1;0;0
1/1825.png;0;1;0;0
1/1826.png;0;1;0;0
1/1827.png;0;1;0;0
1/1828.png;0;1;0;0
1/1829.png;0;1;0;0
1/1830.png;0;1;0;0
1/1831.png;0;1;0;0
1/1832.png;0;1;0;0
1/1833.png;0;1;0;0
1/1834.png;0;1;0;0
1/1835.png;0;1;0;0
1/1836.png;0;1;0;0
1/1837.png;0;1;0;0
1/1838.png;0;1;0;0
1/1839.png;0;1;0;0
1/1840.png;0;1;0;0
1/1841.png;0;1;0;0
1/1842.png;0;1;0;0
1/1843.png;0;1;0;0
1/1844.png;0;1;0;0
1/1845.png;0;1;0;0
1/1846.png;0;1;0;0
1/1847.png;0;1;0;0
1/1848.png;0;1;0;0
1/1849.png;0;1;0;0
1/1850.png;0;1;0;0
1/1851.png;0;1;0;0
1/1852.png;0;1;0;0
1/1853.png;0;1;0;0
1/1854.png;0;1;0;0
1/1855.png;0;1;0;0
1/1856.png;0;1;0;0
1/1857.png;0;1;0;0
1/1858.png;0;1;0;0
1/1859.png;0;1;0;0
1/1860.png;0;1;0;0
1/1861.png;0;1;0;0
1/1862.png;0;1;0;0
1/1863.png;0;1;0;0
1/1864.png;0;1;0;0
1/1865.png;0;1;0;0
1/1866.png;0;1;0;0
1/1867.png;0;1;0;0
1/1868.png;0;1;0;0
1/1869.png;0;1;0;0
1/1870.png;0;1;0;0
1/1871.png;0;1;0;0
1/1872.png;0;1;0;0
1/1873.png;0;1;0;0
1/1874.png;0;1;0;0
1/1875.png;0;1;0;0
1/1876.png;0;1;0;0
1/1877.png;0;1;0;0
1/1878.png;0;1;0;0
1/1879.png;0;1;0;0
1/1880.png;0;1;0;0
1/1881.png;0;1;0;0
1/1882.png;0;1;0;0
1/1883.png;0;1;0;0
1/1884.png;0;1;0;0
1/1885.png;0;1;0;0
1/1886.png;0;1;0;0
1/1887.png;0;1;0;0
1/1888.png;0;1;0;0
1/1889.png;0;1;0;0
1/1890.png;0;1;0;0
1/1891.png;0;1;0;0
1/1892.png;0;1;0;0
1/1893.png;0;1;0;0
1/1894.png;0;1;0;0
1/1895.png;0;1;0;0
1/1896.png;0;1;0;0
1/1897.png;0;1;0;0
1/1898.png;0;1;0;0
1/1899.png;0;1;0;0
1/1900.png;0;1;0;0
1/1901.png;0;1;0;0
1/1902.png;0;1;0;0
1/1903.png;0;1;0;0
1/1904.png;0;1;0;0
1/1905.png;0;1;0;0
1/1906.png;0;1;0;0
1/1907.png;0;1;0;0
1/1908.png;0;1;0;0
1/1909.png;0;1;0;0
1/1910.png;0;1;0;0
1/1911.png;0;1;0;0
1/1912.png;0;1;0;0
1/1913.png;0;1;0;0
1/1914.png;0;1;0;0
1/1915.png;0;1;0;0
1/1916.png;0;1;0;0
1/1917.png;0;1;0;0
1/1918.png;0;1;0;0
1/1919.png;0;1;0;0
1/1920.png;0;1;0;0
1/1921.png;0;1;0;0
1/1922.png;0;1;0;0
1/1923.png;0;1;0;0
1/1924.png;0;1;0;0
1/1925.png;0;1;0;0
1/1926.png;0;1;0;0
1/1927.png;0;1;0;0
1/1928.png;0;1;0;0
1/1929.png;0;1;0;0
1/1930.png;0;1;0;0
1/1931.png;0;1;0;0
1/1932.png;0;1;0;0
1/1933.png;0;1;0;0
1/1934.png;0;1;0;0
1/1935.png;0;1;0;0
1/1936.png;0;1;0;0
1/1937.png;0;1;0;0
1/1938.png;0;1;0;0
1/1939.png;0;1;0;0
1/1940.png;0;1;0;0
1/1941.png;0;1;0;0
1/1942.png;0;1;0;0
1/1943.png;0;1;0;0
1/1944.png;0;1;0;0
1/1945.png;0;1;0;0
1/1946.png;0;1;0;0
1/1947.png;0;1;0;0
1/1948.png;0;1;0;0
1/1949.png;0;1;0;0
1/1950.png;0;1;0;0
1/1951.png;0;1;0;0
1/1952.png;0;1;0;0
1/1953.png;0;1;0;0
1/1954.png;0;1;0;0
1/1955.png;0;1;0;0
1/1956.png;0;1;0;0
1/1957.png;0;1;0;0
1/1958.png;0;1;0;0
1/1959.png;0;1;0;0
1/1960.png;0;1;0;0
1/1961.png;0;1;0;0
1/1962.png;0;1;0;0
1/1963.png;0;1;0;0
1/1964.png;0;1;0;0
1/1965.png;0;1;0;0
1/1966.png;0;1;0;0
1/1967.png;0;1;0;0
1/1968.png;0;1;0;0
1/1969.png;0;1;0;0
1/1970.png;0;1;0;0
1/1971.png;0;1;0;0
1/1972.png;0;1;0;0
1/1973.png;0;1;0;0
1/1974.png;0;1;0;0
1/1975.png;0;1;0;0
1/1976.png;0;1;0;0
1/1977.png;0;1;0;0
1/1978.png;0;1;0;0
1/1979.png;0;1;0;0
1/1980.png;0;1;0;0
1/1981.png;0;1;0;0
1/1982.png;0;1;0;0
1/1983.png;0;1;0;0
1/1984.png;0;1;0;0
1/1985.png;0;1;0;0
1/1986.png;0;1;0;0
1/1987.png;0;1;0;0
1/1988.png;0;1;0;0
1/1989.png;0;1;0;0
1/1990.png;0;1;0;0
1/1991.png;0;1;0;0
1/1992.png;0;1;0;0
1/1993.png;0;1;0;0
1/1994.png;0;1;0;0
1/1995.png;0;1;0;0
1/1996.png;0;1;0;0
1/1997.png;0;1;0;0
1/1998.png;0;1;0;0
1/1999.png;0;1;0;0
1/2000.png;0;1;0;0
1/2001.png;0;1;0;0
1/2002.png;0;1;0;0
1/2003.png;0;1;0;0
1/2004.png;0;1;0;0
1/2005.png;0;1;0;0
1/2006.png;0;1;0;0
1/2007.png;0;1;0;0
1/2008.png;0;1;0;0
1/2009.png;0;1;0;0
1/2010.png;0;1;0;0
1/2011.png;0;1;0;0
1/2012.png;0;1;0;0
1/2013.png;0;1;0;0
1/2014.png;0;1;0;0
1/2015.png;0;1;0;0
1/2016.png;0;1;0;0
1/2017.png;0;1;0;0
1/2018.png;0;1;0;0
1/2019.png;0;1;0;0
1/2020.png;0;1;0;0
1/2021.png;0;1;0;0
1/2022.png;0;1;0;0
1/2023.png;0;1;0;0
1/2024.png;0;1;0;0
1/2025.png;0;1;0;0
1/2026.png;0;1;0;0
1/2027.png;0;1;0;0
1/2028.png;0;1;0;0
1/2029.png;0;1;0;0
1/2030.png;0;1;0;0
1/2031.png;0;1;0;0
1/2032.png;0;1;0;0
1/2033.png;0;1;0;0
1/2034.png;0;1;0;0
1/2035.png;0;1;0;0
1/2036.png;0;1;0;0
1/2037.png;0;1;0;0
1/2038.png;0;1;0;0
1/2039.png;0;1;0;0
1/2040.png;0;1;0;0
1/2041.png;0;1;0;0
1/2042.png;0;1;0;0
1/2043.png;0;1;0;0
1/2044.png;0;1;0;0
1/2045.png;0;1;0;0
1/2046.png;0;1;0;0
1/2047.png;0;1;0;0
1/2048.png;0;1;0;0
1/2049.png;0;1;0;0
1/2050.png;0;1;0;0
1/2051.png;0;1;0;0
1/2052.png;0;1;0;0
1/2053.png;0;1;0;0
1/2054.png;0;1;0;0
1/2055.png;0;1;0;0
1/2056.png;0;1;0;0
1/2057.png;0;1;0;0
1/2058.png;0;1;0;0
1/2059.png;0;1;0;0
1/2060.png;0;1;0;0
1/2061.png;0;1;0;0
1/2062.png;0;1;0;0
1/2063.png;0;1;0;0
1/2064.png;0;1;0;0
1/2065.png;0;1;0;0
1/2066.png;0;1;0;0
1/2067.png;0;1;0;0
1/2068.png;0;1;0;0
1/2069.png;0;1;0;0
1/2070.png;0;1;0;0
1/2071.png;0;1;0;0
1/2072.png;0;1;0;0
1/2073.png;0;1;0;0
1/2074.png;0;1;0;0
1/2075.png;0;1;0;0
1/2076.png;0;1;0;0
1/2077.png;0;1;0;0
1/2078.png;0;1;0;0
1/2079.png;0;1;0;0
1/2080.png;0;1;0;0
1/2081.png;0;1;0;0
1/2082.png;0;1;0;0
1/2083.png;0;1;0;0
1/2084.png;0;1;0;0
1/2085.png;0;1;0;0
1/2086.png;0;1;0;0
1/2087.png;0;1;0;0
1/2088.png;0;1;0;0
1/2089.png;0;1;0;0
1/2090.png;0;1;0;0
1/2091.png;0;1;0;0
1/2092.png;0;1;0;0
1/2093.png;0;1;0;0
1/2094.png;0;1;0;0
1/2095.png;0;1;0;0
1/2096.png;0;1;0;0
1/2097.png;0;1;0;0
1/2098.png;0;1;0;0
1/2099.png;0;1;0;0
1/2100.png;0;1;0;0
1/2101.png;0;1;0;0
1/2102.png;0;1;0;0
1/2103.png;0;1;0;0
1/2104.png;0;1;0;0
1/2105.png;0;1;0;0
1/2106.png;0;1;0;0
1/2107.png;0;1;0;0
1/2108.png;0;1;0;0
1/2109.png;0;1;0;0
1/2110.png;0;1;0;0
1/2111.png;0;1;0;0
1/2112.png;0;1;0;0
1/2113.png;0;1;0;0
1/2114.png;0;1;0;0
1/2115.png;0;1;0;0
1/2116.png;0;1;0;0
1/2117.png;0;1;0;0
1/2118.png;0;1;0;0
1/2119.png;0;1;0;0
1/2120.png;0;1;0;0
1/2121.png;0;1;0;0
1/2122.png;0;1;0;0
1/2123.png;0;1;0;0
1/2124.png;0;1;0;0
1/2125.png;0;1;0;0
1/2126.png;0;1;0;0
1/2127.png;0;1;0;0
1/2128.png;0;1;0;0
1/2129.png;0;1;0;0
1/2130.png;0;1;0;0
1/2131.png;0;1;0;0
1/2132.png;0;1;0;0
1/2133.png;0;1;0;0
1/2134.png;0;1;0;0
1/2135.png;0;1;0;0
1/2136.png;0;1;0;0
1/2137.png;0;1;0;0
1/2138.png;0;1;0;0
1/2139.png;0;1;0;0
1/2140.png;0;1;0;0
1/2141.png;0;1;0;0
1/2142.png;0;1;0;0
1/2143.png;0;1;0;0
1/2144.png;0;1;0;0
1/2145.png;0;1;0;0
1/2146.png;0;1;0;0
1/2147.png;0;1;0;0
1/2148.png;0;1;0;0
1/2149.png;0;1;0;0
1/2150.png;0;1;0;0
1/2151.png;0;1;0;0
1/2152.png;0;1;0;0
1/2153.png;0;1;0;0
1/2154.png;0;1;0;0
1/2155.png;0;1;0;0
1/2156.png;0;1;0;0
1/2157.png;0;1;0;0
1/2158.png;0;1;0;0
1/2159.png;0;1;0;0
1/2160.png;0;1;0;0
1/2161.png;0;1;0;0
1/2162.png;0;1;0;0
1/2163.png;0;1;0;0
1/2164.png;0;1;0;0
1/2165.png;0;1;0;0
1/2166.png;0;1;0;0
1/2167.png;0;1;0;0
1/2168.png;0;1;0;0
1/2169.png;0;1;0;0
1/2170.png;0;1;0;0
1/2171.png;0;1;0;0
1/2172.png;0;1;0;0
1/2173.png;0;1;0;0
1/2174.png;0;1;0;0
1/2175.png;0;1;0;0
1/2176.png;0;1;0;0
1/2177.png;0;1;0;0
1/2178.png;0;1;0;0
1/2179.png;0;1;0;0
1/2180.png;0;1;0;0
1/2181.png;0;1;0;0
1/2182.png;0;1;0;0
1/2183.png;0;1;0;0
1/2184.png;0;1;0;0
1/2185.png;0;1;0;0
1/2186.png;0;1;0;0
1/2187.png;0;1;0;0
1/2188.png;0;1;0;0
1/2189.png;0;1;0;0
1/2190.png;0;1;0;0
1/2191.png;0;1;0;0
1/2192.png;0;1;0;0
1/2193.png;0;1;0;0
1/2194.png;0;1;0;0
1/2195.png;0;1;0;0
1/2196.png;0;1;0;0
1/2197.png;0;1;0;0
1/2198.png;0;1;0;0
1/2199.png;0;1;0;0
1/2200.png;0;1;0;0
1/2201.png;0;1;0;0
1/2202.png;0;1;0;0
1/2203.png;0;1;0;0
1/2204.png;0;1;0;0
1/2205.png;0;1;0;0
1/2206.png;0;1;0;0
1/2207.png;0;1;0;0
1/2208.png;0;1;0;0
1/2209.png;0;1;0;0
1/2210.png;0;1;0;0
1/2211.png;0;1;0;0
1/2212.png;0;1;0;0
1/2213.png;0;1;0;0
1/2214.png;0;1;0;0
1/2215.png;0;1;0;0
1/2216.png;0;1;0;0
1/2217.png;0;1;0;0
1/2218.png;0;1;0;0
1/2219.png;0;1;0;0
1/2220.png;0;1;0;0
1/2221.png;0;1;0;0
1/2222.png;0;1;0;0
1/2223.png;0;1;0;0
1/2224.png;0;1;0;0
1/2225.png;0;1;0;0
1/2226.png;0;1;0;0
1/2227.png;0;1;0;0
1/2228.png;0;1;0;0
1/2229.png;0;1;0;0
1/2230.png;0;1;0;0
1/2231.png;0;1;0;0
1/2232.png;0;1;0;0
1/2233.png;0;1;0;0
1/2234.png;0;1;0;0
1/2235.png;0;1;0;0
1/2236.png;0;1;0;0
1/2237.png;0;1;0;0
1/2238.png;0;1;0;0
1/2239.png;0;1;0;0
1/2240.png;0;1;0;0
1/2241.png;0;1;0;0
1/2242.png;0;1;0;0
1/2243.png;0;1;0;0
1/2244.png;0;1;0;0
1/2245.png;0;1;0;0
1/2246.png;0;1;0;0
1/2247.png;0;1;0;0
1/2248.png;0;1;0;0
1/2249.png;0;1;0;0
1/2250.png;0;1;0;0
1/2251.png;0;1;0;0
1/2252.png;0;1;0;0
1/2253.png;0;1;0;0
1/2254.png;0;1;0;0
1/2255.png;0;1;0;0
1/2256.png;0;1;0;0
1/2257.png;0;1;0;0
1/2258.png;0;1;0;0
1/2259.png;0;1;0;0
1/2260.png;0;1;0;0
1/2261.png;0;1;0;0
1/2262.png;0;1;0;0
1/2263.png;0;1;0;0
1/2264.png;0;1;0;0
1/2265.png;0;1;0;0
1/2266.png;0;1;0;0
1/2267.png;0;1;0;0
1/2268.png;0;1;0;0
1/2269.png;0;1;0;0
1/2270.png;0;1;0;0
1/2271.png;0;1;0;0
1/2272.png;0;1;0;0
1/2273.png;0;1;0;0
1/2274.png;0;1;0;0
1/2275.png;0;1;0;0
1/2276.png;0;1;0;0
1/2277.png;0;1;0;0
1/2278.png;0;1;0;0
1/2279.png;0;1;0;0
1/2280.png;0;1;0;0
1/2281.png;0;1;0;0
1/2282.png;0;1;0;0
1/2283.png;0;1;0;0
1/2284.png;0;1;0;0
1/2285.png;0;1;0;0
1/2286.png;0;1;0;0
1/2287.png;0;1;0;0
1/2288.png;0;1;0;0
1/2289.png;0;1;0;0
1/2290.png;0;1;0;0
1/2291.png;0;1;0;0
1/2292.png;0;1;0;0
1/2293.png;0;1;0;0
1/2294.png;0;1;0;0
1/2295.png;0;1;0;0
1/2296.png;0;1;0;0
1/2297.png;0;1;0;0
1/2298.png;0;1;0;0
1/2299.png;0;1;0;0
1/2300.png;0;1;0;0
1/2301.png;0;1;0;0
1/2302.png;0;1;0;0
1/2303.png;0;1;0;0
1/2304.png;0;1;0;0
1/2305.png;0;1;0;0
1/2306.png;0;1;0;0
1/2307.png;0;1;0;0
1/2308.png;0;1;0;0
1/2309.png;0;1;0;0
1/2310.png;0;1;0;0
1/2311.png;0;1;0;0
1/2312.png;0;1;0;0
1/2313.png;0;1;0;0
1/2314.png;0;1;0;0
1/2315.png;0;1;0;0
1/2316.png;0;1;0;0
1/2317.png;0;1;0;0
1/2318.png;0;1;0;0
1/2319.png;0;1;0;0
1/2320.png;0;1;0;0
1/2321.png;0;1;0;0
1/2322.png;0;1;0;0
1/2323.png;0;1;0;0
1/2324.png;0;1;0;0
1/2325.png;0;1;0;0
1/2326.png;0;1;0;0
1/2327.png;0;1;0;0
1/2328.png;0;1;0;0
1/2329.png;0;1;0;0
1/2330.png;0;1;0;0
1/2331.png;0;1;0;0
1/2332.png;0;1;0;0
1/2333.png;0;1;0;0
1/2334.png;0;1;0;0
1/2335.png;0;1;0;0
1/2336.png;0;1;0;0
1/2337.png;0;1;0;0
1/2338.png;0;1;0;0
1/2339.png;0;1;0;0
1/2340.png;0;1;0;0
1/2341.png;0;1;0;0
1/2342.png;0;1;0;0
1/2343.png;0;1;0;0
1/2344.png;0;1;0;0
1/2345.png;0;1;0;0
1/2346.png;0;1;0;0
1/2347.png;0;1;0;0
1/2348.png;0;1;0;0
1/2349.png;0;1;0;0
1/2350.png;0;1;0;0
1/2351.png;0;1;0;0
1/2352.png;0;1;0;0
1/2353.png;0;1;0;0
1/2354.png;0;1;0;0
1/2355.png;0;1;0;0
1/2356.png;0;1;0;0
1/2357.png;0;1;0;0
1/2358.png;0;1;0;0
1/2359.png;0;1;0;0
1/2360.png;0;1;0;0
1/2361.png;0;1;0;0
1/2362.png;0;1;0;0
1/2363.png;0;1;0;0
1/2364.png;0;1;0;0
1/2365.png;0;1;0;0
1/2366.png;0;1;0;0
1/2367.png;0;1;0;0
1/2368.png;0;1;0;0
1/2369.png;0;1;0;0
1/2370.png;0;1;0;0
1/2371.png;0;1;0;0
1/2372.png;0;1;0;0
1/2373.png;0;1;0;0
1/2374.png;0;1;0;0
1/2375.png;0;1;0;0
1/2376.png;0;1;0;0
1/2377.png;0;1;0;0
1/2378.png;0;1;0;0
1/2379.png;0;1;0;0
1/2380.png;0;1;0;0
1/2381.png;0;1;0;0
1/2382.png;0;1;0;0
1/2383.png;0;1;0;0
1/2384.png;0;1;0;0
1/2385.png;0;1;0;0
1/2386.png;0;1;0;0
1/2387.png;0;1;0;0
1/2388.png;0;1;0;0
1/2389.png;0;1;0;0
1/2390.png;0;1;0;0
1/2391.png;0;1;0;0
1/2392.png;0;1;0;0
1/2393.png;0;1;0;0
1/2394.png;0;1;0;0
1/2395.png;0;1;0;0
1/2396.png;0;1;0;0
1/2397.png;0;1;0;0
1/2398.png;0;1;0;0
1/2399.png;0;1;0;0
1/2400.png;0;1;0;0
1/2401.png;0;1;0;0
1/2402.png;0;1;0;0
1/2403.png;0;1;0;0
1/2404.png;0;1;0;0
1/2405.png;0;1;0;0
1/2406.png;0;1;0;0
1/2407.png;0;1;0;0
1/2408.png;0;1;0;0
1/2409.png;0;1;0;0
1/2410.png;0;1;0;0
1/2411.png;0;1;0;0
1/2412.png;0;1;0;0
1/2413.png;0;1;0;0
1/2414.png;0;1;0;0
1/2415.png;0;1;0;0
1/2416.png;0;1;0;0
1/2417.png;0;1;0;0
1/2418.png;0;1;0;0
1/2419.png;0;1;0;0
1/2420.png;0;1;0;0
1/2421.png;0;1;0;0
1/2422.png;0;1;0;0
1/2423.png;0;1;0;0
1/2424.png;0;1;0;0
1/2425.png;0;1;0;0
1/2426.png;0;1;0;0
1/2427.png;0;1;0;0
1/2428.png;0;1;0;0
1/2429.png;0;1;0;0
1/2430.png;0;1;0;0
1/2431.png;0;1;0;0
1/2432.png;0;1;0;0
1/2433.png;0;1;0;0
1/2434.png;0;1;0;0
1/2435.png;0;1;0;0
1/2436.png;0;1;0;0
1/2437.png;0;1;0;0
1/2438.png;0;1;0;0
1/2439.png;0;1;0;0
1/2440.png;0;1;0;0
1/2441.png;0;1;0;0
1/2442.png;0;1;0;0
1/2443.png;0;1;0;0
1/2444.png;0;1;0;0
1/2445.png;0;1;0;0
1/2446.png;0;1;0;0
1/2447.png;0;1;0;0
1/2448.png;0;1;0;0
1/2449.png;0;1;0;0
1/2450.png;0;1;0;0
1/2451.png;0;1;0;0
1/2452.png;0;1;0;0
1/2453.png;0;1;0;0
1/2454.png;0;1;0;0
1/2455.png;0;1;0;0
1/2456.png;0;1;0;0
1/2457.png;0;1;0;0
1/2458.png;0;1;0;0
1/2459.png;0;1;0;0
1/2460.png;0;1;0;0
1/2461.png;0;1;0;0
1/2462.png;0;1;0;0
1/2463.png;0;1;0;0
1/2464.png;0;1;0;0
1/2465.png;0;1;0;0
1/2466.png;0;1;0;0
1/2467.png;0;1;0;0
1/2468.png;0;1;0;0
1/2469.png;0;1;0;0
1/2470.png;0;1;0;0
1/2471.png;0;1;0;0
1/2472.png;0;1;0;0
1/2473.png;0;1;0;0
1/2474.png;0;1;0;0
1/2475.png;0;1;0;0
1/2476.png;0;1;0;0
1/2477.png;0;1;0;0
1/2478.png;0;1;0;0
1/2479.png;0;1;0;0
1/2480.png;0;1;0;0
1/2481.png;0;1;0;0
1/2482.png;0;1;0;0
1/2483.png;0;1;0;0
1/2484.png;0;1;0;0
1/2485.png;0;1;0;0
1/2486.png;0;1;0;0
1/2487.png;0;1;0;0
1/2488.png;0;1;0;0
1/2489.png;0;1;0;0
1/2490.png;0;1;0;0
1/2491.png;0;1;0;0
1/2492.png;0;1;0;0
1/2493.png;0;1;0;0
1/2494.png;0;1;0;0
1/2495.png;0;1;0;0
1/2496.png;0;1;0;0
1/2497.png;0;1;0;0
1/2498.png;0;1;0;0
1/2499.png;0;1;0;0
1/2500.png;0;1;0;0
1/2501.png;0;1;0;0
1/2502.png;0;1;0;0
1/2503.png;0;1;0;0
1/2504.png;0;1;0;0
1/2505.png;0;1;0;0
1/2506.png;0;1;0;0
1/2507.png;0;1;0;0
1/2508.png;0;1;0;0
1/2509.png;0;1;0;0
1/2510.png;0;1;0;0
1/2511.png;0;1;0;0
1/2512.png;0;1;0;0
1/2513.png;0;1;0;0
1/2514.png;0;1;0;0
1/2515.png;0;1;0;0
1/2516.png;0;1;0;0
1/2517.png;0;1;0;0
1/2518.png;0;1;0;0
1/2519.png;0;1;0;0
1/2520.png;0;1;0;0
1/2521.png;0;1;0;0
1/2522.png;0;1;0;0
1/2523.png;0;1;0;0
1/2524.png;0;1;0;0
1/2525.png;0;1;0;0
1/2526.png;0;1;0;0
1/2527.png;0;1;0;0
1/2528.png;0;1;0;0
1/2529.png;0;1;0;0
1/2530.png;0;1;0;0
1/2531.png;0;1;0;0
1/2532.png;0;1;0;0
1/2533.png;0;1;0;0
1/2534.png;0;1;0;0
1/2535.png;0;1;0;0
1/2536.png;0;1;0;0
1/2537.png;0;1;0;0
1/2538.png;0;1;0;0
1/2539.png;0;1;0;0
1/2540.png;0;1;0;0
1/2541.png;0;1;0;0
1/2542.png;0;1;0;0
1/2543.png;0;1;0;0
1/2544.png;0;1;0;0
1/2545.png;0;1;0;0
1/2546.png;0;1;0;0
1/2547.png;0;1;0;0
1/2548.png;0;1;0;0
1/2549.png;0;1;0;0
1/2550.png;0;1;0;0
1/2551.png;0;1;0;0
1/2552.png;0;1;0;0
1/2553.png;0;1;0;0
1/2554.png;0;1;0;0
1/2555.png;0;1;0;0
1/2556.png;0;1;0;0
1/2557.png;0;1;0;0
1/2558.png;0;1;0;0
1/2559.png;0;1;0;0
1/2560.png;0;1;0;0
1/2561.png;0;1;0;0
1/2562.png;0;1;0;0
1/2563.png;0;1;0;0
1/2564.png;0;1;0;0
1/2565.png;0;1;0;0
1/2566.png;0;1;0;0
1/2567.png;0;1;0;0
1/2568.png;0;1;0;0
1/2569.png;0;1;0;0
1/2570.png;0;1;0;0
1/2571.png;0;1;0;0
1/2572.png;0;1;0;0
1/2573.png;0;1;0;0
1/2574.png;0;1;0;0
1/2575.png;0;1;0;0
1/2576.png;0;1;0;0
1/2577.png;0;1;0;0
1/2578.png;0;1;0;0
1/2579.png;0;1;0;0
1/2580.png;0;1;0;0
1/2581.png;0;1;0;0
1/2582.png;0;1;0;0
1/2583.png;0;1;0;0
1/2584.png;0;1;0;0
1/2585.png;0;1;0;0
1/2586.png;0;1;0;0
1/2587.png;0;1;0;0
1/2588.png;0;1;0;0
1/2589.png;0;1;0;0
1/2590.png;0;1;0;0
1/2591.png;0;1;0;0
1/2592.png;0;1;0;0
1/2593.png;0;1;0;0
1/2594.png;0;1;0;0
1/2595.png;0;1;0;0
1/2596.png;0;1;0;0
1/2597.png;0;1;0;0
1/2598.png;0;1;0;0
1/2599.png;0;1;0;0
1/2600.png;0;1;0;0
1/2601.png;0;1;0;0
1/2602.png;0;1;0;0
1/2603.png;0;1;0;0
1/2604.png;0;1;0;0
1/2605.png;0;1;0;0
1/2606.png;0;1;0;0
1/2607.png;0;1;0;0
1/2608.png;0;1;0;0
1/2609.png;0;1;0;0
1/2610.png;0;1;0;0
1/2611.png;0;1;0;0
1/2612.png;0;1;0;0
1/2613.png;0;1;0;0
1/2614.png;0;1;0;0
1/2615.png;0;1;0;0
1/2616.png;0;1;0;0
1/2617.png;0;1;0;0
1/2618.png;0;1;0;0
1/2619.png;0;1;0;0
1/2620.png;0;1;0;0
1/2621.png;0;1;0;0
1/2622.png;0;1;0;0
1/2623.png;0;1;0;0
1/2624.png;0;1;0;0
1/2625.png;0;1;0;0
1/2626.png;0;1;0;0
1/2627.png;0;1;0;0
1/2628.png;0;1;0;0
1/2629.png;0;1;0;0
1/2630.png;0;1;0;0
1/2631.png;0;1;0;0
1/2632.png;0;1;0;0
1/2633.png;0;1;0;0
1/2634.png;0;1;0;0
1/2635.png;0;1;0;0
1/2636.png;0;1;0;0
1/2637.png;0;1;0;0
1/2638.png;0;1;0;0
1/2639.png;0;1;0;0
1/2640.png;0;1;0;0
1/2641.png;0;1;0;0
1/2642.png;0;1;0;0
1/2643.png;0;1;0;0
1/2644.png;0;1;0;0
1/2645.png;0;1;0;0
1/2646.png;0;1;0;0
1/2647.png;0;1;0;0
1/2648.png;0;1;0;0
1/2649.png;0;1;0;0
1/2650.png;0;1;0;0
1/2651.png;0;1;0;0
1/2652.png;0;1;0;0
1/2653.png;0;1;0;0
1/2654.png;0;1;0;0
1/2655.png;0;1;0;0
1/2656.png;0;1;0;0
1/2657.png;0;1;0;0
1/2658.png;0;1;0;0
1/2659.png;0;1;0;0
1/2660.png;0;1;0;0
1/2661.png;0;1;0;0
1/2662.png;0;1;0;0
1/2663.png;0;1;0;0
1/2664.png;0;1;0;0
1/2665.png;0;1;0;0
1/2666.png;0;1;0;0
1/2667.png;0;1;0;0
1/2668.png;0;1;0;0
1/2669.png;0;1;0;0
1/2670.png;0;1;0;0
1/2671.png;0;1;0;0
1/2672.png;0;1;0;0
1/2673.png;0;1;0;0
1/2674.png;0;1;0;0
1/2675.png;0;1;0;0
1/2676.png;0;1;0;0
1/2677.png;0;1;0;0
1/2678.png;0;1;0;0
1/2679.png;0;1;0;0
1/2680.png;0;1;0;0
1/2681.png;0;1;0;0
1/2682.png;0;1;0;0
1/2683.png;0;1;0;0
1/2684.png;0;1;0;0
1/2685.png;0;1;0;0
1/2686.png;0;1;0;0
1/2687.png;0;1;0;0
1/2688.png;0;1;0;0
1/2689.png;0;1;0;0
1/2690.png;0;1;0;0
1/2691.png;0;1;0;0
1/2692.png;0;1;0;0
1/2693.png;0;1;0;0
1/2694.png;0;1;0;0
1/2695.png;0;1;0;0
1/2696.png;0;1;0;0
1/2697.png;0;1;0;0
1/2698.png;0;1;0;0
1/2699.png;0;1;0;0
1/2700.png;0;1;0;0
1/2701.png;0;1;0;0
1/2702.png;0;1;0;0
1/2703.png;0;1;0;0
1/2704.png;0;1;0;0
1/2705.png;0;1;0;0
1/2706.png;0;1;0;0
1/2707.png;0;1;0;0
1/2708.png;0;1;0;0
1/2709.png;0;1;0;0
1/2710.png;0;1;0;0
1/2711.png;0;1;0;0
1/2712.png;0;1;0;0
1/2713.png;0;1;0;0
1/2714.png;0;1;0;0
1/2715.png;0;1;0;0
1/2716.png;0;1;0;0
1/2717.png;0;1;0;0
1/2718.png;0;1;0;0
1/2719.png;0;1;0;0
1/2720.png;0;1;0;0
1/2721.png;0;1;0;0
1/2722.png;0;1;0;0
1/2723.png;0;1;0;0
1/2724.png;0;1;0;0
1/2725.png;0;1;0;0
1/2726.png;0;1;0;0
1/2727.png;0;1;0;0
1/2728.png;0;1;0;0
1/2729.png;0;1;0;0
1/2730.png;0;1;0;0
1/2731.png;0;1;0;0
1/2732.png;0;1;0;0
1/2733.png;0;1;0;0
1/2734.png;0;1;0;0
1/2735.png;0;1;0;0
1/2736.png;0;1;0;0
1/2737.png;0;1;0;0
1/2738.png;0;1;0;0
1/2739.png;0;1;0;0
1/2740.png;0;1;0;0
1/2741.png;0;1;0;0
1/2742.png;0;1;0;0
1/2743.png;0;1;0;0
1/2744.png;0;1;0;0
1/2745.png;0;1;0;0
1/2746.png;0;1;0;0
1/2747.png;0;1;0;0
1/2748.png;0;1;0;0
1/2749.png;0;1;0;0
1/2750.png;0;1;0;0
1/2751.png;0;1;0;0
1/2752.png;0;1;0;0
1/2753.png;0;1;0;0
1/2754.png;0;1;0;0
1/2755.png;0;1;0;0
1/2756.png;0;1;0;0
1/2757.png;0;1;0;0
1/2758.png;0;1;0;0
1/2759.png;0;1;0;0
1/2760.png;0;1;0;0
1/2761.png;0;1;0;0
1/2762.png;0;1;0;0
1/2763.png;0;1;0;0
1/2764.png;0;1;0;0
1/2765.png;0;1;0;0
1/2766.png;0;1;0;0
1/2767.png;0;1;0;0
1/2768.png;0;1;0;0
1/2769.png;0;1;0;0
1/2770.png;0;1;0;0
1/2771.png;0;1;0;0
1/2772.png;0;1;0;0
1/2773.png;0;1;0;0
1/2774.png;0;1;0;0
1/2775.png;0;1;0;0
1/2776.png;0;1;0;0
1/2777.png;0;1;0;0
1/2778.png;0;1;0;0
1/2779.png;0;1;0;0
1/2780.png;0;1;0;0
1/2781.png;0;1;0;0
1/2782.png;0;1;0;0
1/2783.png;0;1;0;0
1/2784.png;0;1;0;0
1/2785.png;0;1;0;0
1/2786.png;0;1;0;0
1/2787.png;0;1;0;0
1/2788.png;0;1;0;0
1/2789.png;0;1;0;0
1/2790.png;0;1;0;0
1/2791.png;0;1;0;0
1/2792.png;0;1;0;0
1/2793.png;0;1;0;0
1/2794.png;0;1;0;0
1/2795.png;0;1;0;0
1/2796.png;0;1;0;0
1/2797.png;0;1;0;0
1/2798.png;0;1;0;0
1/2799.png;0;1;0;0
1/2800.png;0;1;0;0
1/2801.png;0;1;0;0
1/2802.png;0;1;0;0
1/2803.png;0;1;0;0
1/2804.png;0;1;0;0
1/2805.png;0;1;0;0
1/2806.png;0;1;0;0
1/2807.png;0;1;0;0
1/2808.png;0;1;0;0
1/2809.png;0;1;0;0
1/2810.png;0;1;0;0
1/2811.png;0;1;0;0
1/2812.png;0;1;0;0
1/2813.png;0;1;0;0
1/2814.png;0;1;0;0
1/2815.png;0;1;0;0
1/2816.png;0;1;0;0
1/2817.png;0;1;0;0
1/2818.png;0;1;0;0
1/2819.png;0;1;0;0
1/2820.png;0;1;0;0
1/2821.png;0;1;0;0
1/2822.png;0;1;0;0
1/2823.png;0;1;0;0
1/2824.png;0;1;0;0
1/2825.png;0;1;0;0
1/2826.png;0;1;0;0
1/2827.png;0;1;0;0
1/2828.png;0;1;0;0
1/2829.png;0;1;0;0
1/2830.png;0;1;0;0
1/2831.png;0;1;0;0
1/2832.png;0;1;0;0
1/2833.png;0;1;0;0
1/2834.png;0;1;0;0
1/2835.png;0;1;0;0
1/2836.png;0;1;0;0
1/2837.png;0;1;0;0
1/2838.png;0;1;0;0
1/2839.png;0;1;0;0
1/2840.png;0;1;0;0
1/2841.png;0;1;0;0
1/2842.png;0;1;0;0
1/2843.png;0;1;0;0
1/2844.png;0;1;0;0
1/2845.png;0;1;0;0
1/2846.png;0;1;0;0
1/2847.png;0;1;0;0
1/2848.png;0;1;0;0
1/2849.png;0;1;0;0
1/2850.png;0;1;0;0
1/2851.png;0;1;0;0
1/2852.png;0;1;0;0
1/2853.png;0;1;0;0
1/2854.png;0;1;0;0
1/2855.png;0;1;0;0
1/2856.png;0;1;0;0
1/2857.png;0;1;0;0
1/2858.png;0;1;0;0
1/2859.png;0;1;0;0
1/2860.png;0;1;0;0
1/2861.png;0;1;0;0
1/2862.png;0;1;0;0
1/2863.png;0;1;0;0
1/2864.png;0;1;0;0
1/2865.png;0;1;0;0
1/2866.png;0;1;0;0
1/2867.png;0;1;0;0
1/2868.png;0;1;0;0
1/2869.png;0;1;0;0
1/2870.png;0;1;0;0
1/2871.png;0;1;0;0
1/2872.png;0;1;0;0
1/2873.png;0;1;0;0
1/2874.png;0;1;0;0
1/2875.png;0;1;0;0
1/2876.png;0;1;0;0
1/2877.png;0;1;0;0
1/2878.png;0;1;0;0
1/2879.png;0;1;0;0
1/2880.png;0;1;0;0
1/2881.png;0;1;0;0
1/2882.png;0;1;0;0
1/2883.png;0;1;0;0
1/2884.png;0;1;0;0
1/2885.png;0;1;0;0
1/2886.png;0;1;0;0
1/2887.png;0;1;0;0
1/2888.png;0;1;0;0
1/2889.png;0;1;0;0
1/2890.png;0;1;0;0
1/2891.png;0;1;0;0
1/2892.png;0;1;0;0
1/2893.png;0;1;0;0
1/2894.png;0;1;0;0
1/2895.png;0;1;0;0
1/2896.png;0;1;0;0
1/2897.png;0;1;0;0
1/2898.png;0;1;0;0
1/2899.png;0;1;0;0
1/2900.png;0;1;0;0
1/2901.png;0;1;0;0
1/2902.png;0;1;0;0
1/2903.png;0;1;0;0
1/2904.png;0;1;0;0
1/2905.png;0;1;0;0
1/2906.png;0;1;0;0
1/2907.png;0;1;0;0
1/2908.png;0;1;0;0
1/2909.png;0;1;0;0
1/2910.png;0;1;0;0
1/2911.png;0;1;0;0
1/2912.png;0;1;0;0
1/2913.png;0;1;0;0
1/2914.png;0;1;0;0
1/2915.png;0;1;0;0
1/2916.png;0;1;0;0
1/2917.png;0;1;0;0
1/2918.png;0;1;0;0
1/2919.png;0;1;0;0
1/2920.png;0;1;0;0
1/2921.png;0;1;0;0
1/2922.png;0;1;0;0
1/2923.png;0;1;0;0
1/2924.png;0;1;0;0
1/2925.png;0;1;0;0
1/2926.png;0;1;0;0
1/2927.png;0;1;0;0
1/2928.png;0;1;0;0
1/2929.png;0;1;0;0
1/2930.png;0;1;0;0
1/2931.png;0;1;0;0
1/2932.png;0;1;0;0
1/2933.png;0;1;0;0
1/2934.png;0;1;0;0
1/2935.png;0;1;0;0
1/2936.png;0;1;0;0
1/2937.png;0;1;0;0
1/2938.png;0;1;0;0
1/2939.png;0;1;0;0
1/2940.png;0;1;0;0
1/2941.png;0;1;0;0
1/2942.png;0;1;0;0
1/2943.png;0;1;0;0
1/2944.png;0;1;0;0
1/2945.png;0;1;0;0
1/2946.png;0;1;0;0
1/2947.png;0;1;0;0
1/2948.png;0;1;0;0
1/2949.png;0;1;0;0
1/2950.png;0;1;0;0
1/2951.png;0;1;0;0
1/2952.png;0;1;0;0
1/2953.png;0;1;0;0
1/2954.png;0;1;0;0
1/2955.png;0;1;0;0
1/2956.png;0;1;0;0
1/2957.png;0;1;0;0
1/2958.png;0;1;0;0
1/2959.png;0;1;0;0
1/2960.png;0;1;0;0
1/2961.png;0;1;0;0
1/2962.png;0;1;0;0
1/2963.png;0;1;0;0
1/2964.png;0;1;0;0
1/2965.png;0;1;0;0
1/2966.png;0;1;0;0
1/2967.png;0;1;0;0
1/2968.png;0;1;0;0
1/2969.png;0;1;0;0
1/2970.png;0;1;0;0
1/2971.png;0;1;0;0
1/2972.png;0;1;0;0
1/2973.png;0;1;0;0
1/2974.png;0;1;0;0
1/2975.png;0;1;0;0
1/2976.png;0;1;0;0
1/2977.png;0;1;0;0
1/2978.png;0;1;0;0
1/2979.png;0;1;0;0
1/2980.png;0;1;0;0
1/2981.png;0;1;0;0
1/2982.png;0;1;0;0
1/2983.png;0;1;0;0
1/2984.png;0;1;0;0
1/2985.png;0;1;0;0
1/2986.png;0;1;0;0
1/2987.png;0;1;0;0
1/2988.png;0;1;0;0
1/2989.png;0;1;0;0
1/2990.png;0;1;0;0
1/2991.png;0;1;0;0
1/2992.png;0;1;0;0
1/2993.png;0;1;0;0
1/2994.png;0;1;0;0
1/2995.png;0;1;0;0
1/2996.png;0;1;0;0
1/2997.png;0;1;0;0
1/2998.png;0;1;0;0
1/2999.png;0;1;0;0
1/3000.png;0;1;0;0
1/3001.png;0;1;0;0
1/3002.png;0;1;0;0
1/3003.png;0;1;0;0
1/3004.png;0;1;0;0
1/3005.png;0;1;0;0
1/3006.png;0;1;0;0
1/3007.png;0;1;0;0
1/3008.png;0;1;0;0
1/3009.png;0;1;0;0
1/3010.png;0;1;0;0
1/3011.png;0;1;0;0
1/3012.png;0;1;0;0
1/3013.png;0;1;0;0
1/3014.png;0;1;0;0
1/3015.png;0;1;0;0
1/3016.png;0;1;0;0
1/3017.png;0;1;0;0
1/3018.png;0;1;0;0
1/3019.png;0;1;0;0
1/3020.png;0;1;0;0
1/3021.png;0;1;0;0
1/3022.png;0;1;0;0
1/3023.png;0;1;0;0
1/3024.png;0;1;0;0
1/3025.png;0;1;0;0
1/3026.png;0;1;0;0
1/3027.png;0;1;0;0
1/3028.png;0;1;0;0
1/3029.png;0;1;0;0
1/3030.png;0;1;0;0
1/3031.png;0;1;0;0
1/3032.png;0;1;0;0
1/3033.png;0;1;0;0
1/3034.png;0;1;0;0
1/3035.png;0;1;0;0
1/3036.png;0;1;0;0
1/3037.png;0;1;0;0
1/3038.png;0;1;0;0
1/3039.png;0;1;0;0
1/3040.png;0;1;0;0
1/3041.png;0;1;0;0
1/3042.png;0;1;0;0
1/3043.png;0;1;0;0
1/3044.png;0;1;0;0
1/3045.png;0;1;0;0
1/3046.png;0;1;0;0
1/3047.png;0;1;0;0
1/3048.png;0;1;0;0
1/3049.png;0;1;0;0
1/3050.png;0;1;0;0
1/3051.png;0;1;0;0
1/3052.png;0;1;0;0
1/3053.png;0;1;0;0
1/3054.png;0;1;0;0
1/3055.png;0;1;0;0
1/3056.png;0;1;0;0
1/3057.png;0;1;0;0
1/3058.png;0;1;0;0
1/3059.png;0;1;0;0
1/3060.png;0;1;0;0
1/3061.png;0;1;0;0
1/3062.png;0;1;0;0
1/3063.png;0;1;0;0
1/3064.png;0;1;0;0
1/3065.png;0;1;0;0
1/3066.png;0;1;0;0
1/3067.png;0;1;0;0
1/3068.png;0;1;0;0
1/3069.png;0;1;0;0
1/3070.png;0;1;0;0
1/3071.png;0;1;0;0
1/3072.png;0;1;0;0
1/3073.png;0;1;0;0
1/3074.png;0;1;0;0
1/3075.png;0;1;0;0
1/3076.png;0;1;0;0
1/3077.png;0;1;0;0
1/3078.png;0;1;0;0
1/3079.png;0;1;0;0
1/3080.png;0;1;0;0
1/3081.png;0;1;0;0
1/3082.png;0;1;0;0
1/3083.png;0;1;0;0
1/3084.png;0;1;0;0
1/3085.png;0;1;0;0
1/3086.png;0;1;0;0
1/3087.png;0;1;0;0
1/3088.png;0;1;0;0
1/3089.png;0;1;0;0
1/3090.png;0;1;0;0
1/3091.png;0;1;0;0
1/3092.png;0;1;0;0
1/3093.png;0;1;0;0
1/3094.png;0;1;0;0
1/3095.png;0;1;0;0
1/3096.png;0;1;0;0
1/3097.png;0;1;0;0
1/3098.png;0;1;0;0
1/3099.png;0;1;0;0
1/3100.png;0;1;0;0
1/3101.png;0;1;0;0
1/3102.png;0;1;0;0
1/3103.png;0;1;0;0
1/3104.png;0;1;0;0
1/3105.png;0;1;0;0
1/3106.png;0;1;0;0
1/3107.png;0;1;0;0
1/3108.png;0;1;0;0
1/3109.png;0;1;0;0
1/3110.png;0;1;0;0
1/3111.png;0;1;0;0
1/3112.png;0;1;0;0
1/3113.png;0;1;0;0
1/3114.png;0;1;0;0
1/3115.png;0;1;0;0
1/3116.png;0;1;0;0
1/3117.png;0;1;0;0
1/3118.png;0;1;0;0
1/3119.png;0;1;0;0
1/3120.png;0;1;0;0
1/3121.png;0;1;0;0
1/3122.png;0;1;0;0
1/3123.png;0;1;0;0
1/3124.png;0;1;0;0
1/3125.png;0;1;0;0
1/3126.png;0;1;0;0
1/3127.png;0;1;0;0
1/3128.png;0;1;0;0
1/3129.png;0;1;0;0
1/3130.png;0;1;0;0
1/3131.png;0;1;0;0
1/3132.png;0;1;0;0
1/3133.png;0;1;0;0
1/3134.png;0;1;0;0
1/3135.png;0;1;0;0
1/3136.png;0;1;0;0
1/3137.png;0;1;0;0
1/3138.png;0;1;0;0
1/3139.png;0;1;0;0
1/3140.png;0;1;0;0
1/3141.png;0;1;0;0
1/3142.png;0;1;0;0
1/3143.png;0;1;0;0
1/3144.png;0;1;0;0
1/3145.png;0;1;0;0
1/3146.png;0;1;0;0
1/3147.png;0;1;0;0
1/3148.png;0;1;0;0
1/3149.png;0;1;0;0
1/3150.png;0;1;0;0
1/3151.png;0;1;0;0
1/3152.png;0;1;0;0
1/3153.png;0;1;0;0
1/3154.png;0;1;0;0
1/3155.png;0;1;0;0
1/3156.png;0;1;0;0
1/3157.png;0;1;0;0
1/3158.png;0;1;0;0
1/3159.png;0;1;0;0
1/3160.png;0;1;0;0
1/3161.png;0;1;0;0
1/3162.png;0;1;0;0
1/3163.png;0;1;0;0
1/3164.png;0;1;0;0
1/3165.png;0;1;0;0
1/3166.png;0;1;0;0
1/3167.png;0;1;0;0
1/3168.png;0;1;0;0
1/3169.png;0;1;0;0
1/3170.png;0;1;0;0
1/3171.png;0;1;0;0
1/3172.png;0;1;0;0
1/3173.png;0;1;0;0
1/3174.png;0;1;0;0
1/3175.png;0;1;0;0
1/3176.png;0;1;0;0
1/3177.png;0;1;0;0
1/3178.png;0;1;0;0
1/3179.png;0;1;0;0
1/3180.png;0;1;0;0
1/3181.png;0;1;0;0
1/3182.png;0;1;0;0
1/3183.png;0;1;0;0
1/3184.png;0;1;0;0
1/3185.png;0;1;0;0
1/3186.png;0;1;0;0
1/3187.png;0;1;0;0
1/3188.png;0;1;0;0
1/3189.png;0;1;0;0
1/3190.png;0;1;0;0
1/3191.png;0;1;0;0
1/3192.png;0;1;0;0
1/3193.png;0;1;0;0
1/3194.png;0;1;0;0
1/3195.png;0;1;0;0
1/3196.png;0;1;0;0
1/3197.png;0;1;0;0
1/3198.png;0;1;0;0
1/3199.png;0;1;0;0
1/3200.png;0;1;0;0
1/3201.png;0;1;0;0
1/3202.png;0;1;0;0
1/3203.png;0;1;0;0
1/3204.png;0;1;0;0
1/3205.png;0;1;0;0
1/3206.png;0;1;0;0
1/3207.png;0;1;0;0
1/3208.png;0;1;0;0
1/3209.png;0;1;0;0
1/3210.png;0;1;0;0
1/3211.png;0;1;0;0
1/3212.png;0;1;0;0
1/3213.png;0;1;0;0
1/3214.png;0;1;0;0
1/3215.png;0;1;0;0
1/3216.png;0;1;0;0
1/3217.png;0;1;0;0
1/3218.png;0;1;0;0
1/3219.png;0;1;0;0
1/3220.png;0;1;0;0
1/3221.png;0;1;0;0
1/3222.png;0;1;0;0
1/3223.png;0;1;0;0
1/3224.png;0;1;0;0
1/3225.png;0;1;0;0
1/3226.png;0;1;0;0
1/3227.png;0;1;0;0
1/3228.png;0;1;0;0
1/3229.png;0;1;0;0
1/3230.png;0;1;0;0
1/3231.png;0;1;0;0
1/3232.png;0;1;0;0
1/3233.png;0;1;0;0
1/3234.png;0;1;0;0
1/3235.png;0;1;0;0
1/3236.png;0;1;0;0
1/3237.png;0;1;0;0
1/3238.png;0;1;0;0
1/3239.png;0;1;0;0
1/3240.png;0;1;0;0
1/3241.png;0;1;0;0
1/3242.png;0;1;0;0
1/3243.png;0;1;0;0
1/3244.png;0;1;0;0
1/3245.png;0;1;0;0
1/3246.png;0;1;0;0
1/3247.png;0;1;0;0
1/3248.png;0;1;0;0
1/3249.png;0;1;0;0
1/3250.png;0;1;0;0
1/3251.png;0;1;0;0
1/3252.png;0;1;0;0
1/3253.png;0;1;0;0
1/3254.png;0;1;0;0
1/3255.png;0;1;0;0
1/3256.png;0;1;0;0
1/3257.png;0;1;0;0
1/3258.png;0;1;0;0
1/3259.png;0;1;0;0
1/3260.png;0;1;0;0
1/3261.png;0;1;0;0
1/3262.png;0;1;0;0
1/3263.png;0;1;0;0
1/3264.png;0;1;0;0
1/3265.png;0;1;0;0
1/3266.png;0;1;0;0
1/3267.png;0;1;0;0
1/3268.png;0;1;0;0
1/3269.png;0;1;0;0
1/3270.png;0;1;0;0
1/3271.png;0;1;0;0
1/3272.png;0;1;0;0
1/3273.png;0;1;0;0
1/3274.png;0;1;0;0
1/3275.png;0;1;0;0
1/3276.png;0;1;0;0
1/3277.png;0;1;0;0
1/3278.png;0;1;0;0
1/3279.png;0;1;0;0
1/3280.png;0;1;0;0
1/3281.png;0;1;0;0
1/3282.png;0;1;0;0
1/3283.png;0;1;0;0
1/3284.png;0;1;0;0
1/3285.png;0;1;0;0
1/3286.png;0;1;0;0
1/3287.png;0;1;0;0
1/3288.png;0;1;0;0
1/3289.png;0;1;0;0
1/3290.png;0;1;0;0
1/3291.png;0;1;0;0
1/3292.png;0;1;0;0
1/3293.png;0;1;0;0
1/3294.png;0;1;0;0
1/3295.png;0;1;0;0
1/3296.png;0;1;0;0
1/3297.png;0;1;0;0
1/3298.png;0;1;0;0
1/3299.png;0;1;0;0
1/3300.png;0;1;0;0
1/3301.png;0;1;0;0
1/3302.png;0;1;0;0
1/3303.png;0;1;0;0
1/3304.png;0;1;0;0
1/3305.png;0;1;0;0
1/3306.png;0;1;0;0
1/3307.png;0;1;0;0
1/3308.png;0;1;0;0
1/3309.png;0;1;0;0
1/3310.png;0;1;0;0
1/3311.png;0;1;0;0
1/3312.png;0;1;0;0
1/3313.png;0;1;0;0
1/3314.png;0;1;0;0
1/3315.png;0;1;0;0
1/3316.png;0;1;0;0
1/3317.png;0;1;0;0
1/3318.png;0;1;0;0
1/3319.png;0;1;0;0
1/3320.png;0;1;0;0
1/3321.png;0;1;0;0
1/3322.png;0;1;0;0
1/3323.png;0;1;0;0
1/3324.png;0;1;0;0
1/3325.png;0;1;0;0
1/3326.png;0;1;0;0
1/3327.png;0;1;0;0
1/3328.png;0;1;0;0
1/3329.png;0;1;0;0
1/3330.png;0;1;0;0
1/3331.png;0;1;0;0
1/3332.png;0;1;0;0
1/3333.png;0;1;0;0
1/3334.png;0;1;0;0
1/3335.png;0;1;0;0
1/3336.png;0;1;0;0
1/3337.png;0;1;0;0
1/3338.png;0;1;0;0
1/3339.png;0;1;0;0
1/3340.png;0;1;0;0
1/3341.png;0;1;0;0
1/3342.png;0;1;0;0
1/3343.png;0;1;0;0
1/3344.png;0;1;0;0
1/3345.png;0;1;0;0
1/3346.png;0;1;0;0
1/3347.png;0;1;0;0
1/3348.png;0;1;0;0
1/3349.png;0;1;0;0
1/3350.png;0;1;0;0
1/3351.png;0;1;0;0
1/3352.png;0;1;0;0
1/3353.png;0;1;0;0
1/3354.png;0;1;0;0
1/3355.png;0;1;0;0
1/3356.png;0;1;0;0
1/3357.png;0;1;0;0
1/3358.png;0;1;0;0
1/3359.png;0;1;0;0
1/3360.png;0;1;0;0
1/3361.png;0;1;0;0
1/3362.png;0;1;0;0
1/3363.png;0;1;0;0
1/3364.png;0;1;0;0
1/3365.png;0;1;0;0
1/3366.png;0;1;0;0
1/3367.png;0;1;0;0
1/3368.png;0;1;0;0
1/3369.png;0;1;0;0
1/3370.png;0;1;0;0
1/3371.png;0;1;0;0
1/3372.png;0;1;0;0
1/3373.png;0;1;0;0
1/3374.png;0;1;0;0
1/3375.png;0;1;0;0
1/3376.png;0;1;0;0
1/3377.png;0;1;0;0
1/3378.png;0;1;0;0
1/3379.png;0;1;0;0
1/3380.png;0;1;0;0
1/3381.png;0;1;0;0
1/3382.png;0;1;0;0
1/3383.png;0;1;0;0
1/3384.png;0;1;0;0
1/3385.png;0;1;0;0
1/3386.png;0;1;0;0
1/3387.png;0;1;0;0
1/3388.png;0;1;0;0
1/3389.png;0;1;0;0
1/3390.png;0;1;0;0
1/3391.png;0;1;0;0
1/3392.png;0;1;0;0
1/3393.png;0;1;0;0
1/3394.png;0;1;0;0
1/3395.png;0;1;0;0
1/3396.png;0;1;0;0
1/3397.png;0;1;0;0
1/3398.png;0;1;0;0
1/3399.png;0;1;0;0
1/3400.png;0;1;0;0
1/3401.png;0;1;0;0
1/3402.png;0;1;0;0
1/3403.png;0;1;0;0
1/3404.png;0;1;0;0
1/3405.png;0;1;0;0
1/3406.png;0;1;0;0
1/3407.png;0;1;0;0
1/3408.png;0;1;0;0
1/3409.png;0;1;0;0
1/3410.png;0;1;0;0
1/3411.png;0;1;0;0
1/3412.png;0;1;0;0
1/3413.png;0;1;0;0
1/3414.png;0;1;0;0
1/3415.png;0;1;0;0
1/3416.png;0;1;0;0
1/3417.png;0;1;0;0
1/3418.png;0;1;0;0
1/3419.png;0;1;0;0
1/3420.png;0;1;0;0
1/3421.png;0;1;0;0
1/3422.png;0;1;0;0
1/3423.png;0;1;0;0
1/3424.png;0;1;0;0
1/3425.png;0;1;0;0
1/3426.png;0;1;0;0
1/3427.png;0;1;0;0
1/3428.png;0;1;0;0
1/3429.png;0;1;0;0
1/3430.png;0;1;0;0
1/3431.png;0;1;0;0
1/3432.png;0;1;0;0
1/3433.png;0;1;0;0
1/3434.png;0;1;0;0
1/3435.png;0;1;0;0
1/3436.png;0;1;0;0
1/3437.png;0;1;0;0
1/3438.png;0;1;0;0
1/3439.png;0;1;0;0
1/3440.png;0;1;0;0
1/3441.png;0;1;0;0
1/3442.png;0;1;0;0
1/3443.png;0;1;0;0
1/3444.png;0;1;0;0
1/3445.png;0;1;0;0
1/3446.png;0;1;0;0
1/3447.png;0;1;0;0
1/3448.png;0;1;0;0
1/3449.png;0;1;0;0
1/3450.png;0;1;0;0
1/3451.png;0;1;0;0
1/3452.png;0;1;0;0
1/3453.png;0;1;0;0
1/3454.png;0;1;0;0
1/3455.png;0;1;0;0
1/3456.png;0;1;0;0
1/3457.png;0;1;0;0
1/3458.png;0;1;0;0
1/3459.png;0;1;0;0
1/3460.png;0;1;0;0
1/3461.png;0;1;0;0
1/3462.png;0;1;0;0
1/3463.png;0;1;0;0
1/3464.png;0;1;0;0
1/3465.png;0;1;0;0
1/3466.png;0;1;0;0
1/3467.png;0;1;0;0
1/3468.png;0;1;0;0
1/3469.png;0;1;0;0
1/3470.png;0;1;0;0
1/3471.png;0;1;0;0
1/3472.png;0;1;0;0
1/3473.png;0;1;0;0
1/3474.png;0;1;0;0
1/3475.png;0;1;0;0
1/3476.png;0;1;0;0
1/3477.png;0;1;0;0
1/3478.png;0;1;0;0
1/3479.png;0;1;0;0
1/3480.png;0;1;0;0
1/3481.png;0;1;0;0
1/3482.png;0;1;0;0
1/3483.png;0;1;0;0
1/3484.png;0;1;0;0
1/3485.png;0;1;0;0
1/3486.png;0;1;0;0
1/3487.png;0;1;0;0
1/3488.png;0;1;0;0
1/3489.png;0;1;0;0
1/3490.png;0;1;0;0
1/3491.png;0;1;0;0
1/3492.png;0;1;0;0
1/3493.png;0;1;0;0
1/3494.png;0;1;0;0
1/3495.png;0;1;0;0
1/3496.png;0;1;0;0
1/3497.png;0;1;0;0
1/3498.png;0;1;0;0
1/3499.png;0;1;0;0
1/3500.png;0;1;0;0
1/3501.png;0;1;0;0
1/3502.png;0;1;0;0
1/3503.png;0;1;0;0
1/3504.png;0;1;0;0
1/3505.png;0;1;0;0
1/3506.png;0;1;0;0
1/3507.png;0;1;0;0
1/3508.png;0;1;0;0
1/3509.png;0;1;0;0
1/3510.png;0;1;0;0
1/3511.png;0;1;0;0
1/3512.png;0;1;0;0
1/3513.png;0;1;0;0
1/3514.png;0;1;0;0
1/3515.png;0;1;0;0
1/3516.png;0;1;0;0
1/3517.png;0;1;0;0
1/3518.png;0;1;0;0
1/3519.png;0;1;0;0
1/3520.png;0;1;0;0
1/3521.png;0;1;0;0
1/3522.png;0;1;0;0
1/3523.png;0;1;0;0
1/3524.png;0;1;0;0
1/3525.png;0;1;0;0
1/3526.png;0;1;0;0
1/3527.png;0;1;0;0
1/3528.png;0;1;0;0
1/3529.png;0;1;0;0
1/3530.png;0;1;0;0
1/3531.png;0;1;0;0
1/3532.png;0;1;0;0
1/3533.png;0;1;0;0
1/3534.png;0;1;0;0
1/3535.png;0;1;0;0
1/3536.png;0;1;0;0
1/3537.png;0;1;0;0
1/3538.png;0;1;0;0
1/3539.png;0;1;0;0
1/3540.png;0;1;0;0
1/3541.png;0;1;0;0
1/3542.png;0;1;0;0
1/3543.png;0;1;0;0
1/3544.png;0;1;0;0
1/3545.png;0;1;0;0
1/3546.png;0;1;0;0
1/3547.png;0;1;0;0
1/3548.png;0;1;0;0
1/3549.png;0;1;0;0
1/3550.png;0;1;0;0
1/3551.png;0;1;0;0
1/3552.png;0;1;0;0
1/3553.png;0;1;0;0
1/3554.png;0;1;0;0
1/3555.png;0;1;0;0
1/3556.png;0;1;0;0
1/3557.png;0;1;0;0
1/3558.png;0;1;0;0
1/3559.png;0;1;0;0
1/3560.png;0;1;0;0
1/3561.png;0;1;0;0
1/3562.png;0;1;0;0
1/3563.png;0;1;0;0
1/3564.png;0;1;0;0
1/3565.png;0;1;0;0
1/3566.png;0;1;0;0
1/3567.png;0;1;0;0
1/3568.png;0;1;0;0
1/3569.png;0;1;0;0
1/3570.png;0;1;0;0
1/3571.png;0;1;0;0
1/3572.png;0;1;0;0
1/3573.png;0;1;0;0
1/3574.png;0;1;0;0
1/3575.png;0;1;0;0
1/3576.png;0;1;0;0
1/3577.png;0;1;0;0
1/3578.png;0;1;0;0
1/3579.png;0;1;0;0
1/3580.png;0;1;0;0
1/3581.png;0;1;0;0
1/3582.png;0;1;0;0
1/3583.png;0;1;0;0
1/3584.png;0;1;0;0
1/3585.png;0;1;0;0
1/3586.png;0;1;0;0
1/3587.png;0;1;0;0
1/3588.png;0;1;0;0
1/3589.png;0;1;0;0
1/3590.png;0;1;0;0
1/3591.png;0;1;0;0
1/3592.png;0;1;0;0
1/3593.png;0;1;0;0
1/3594.png;0;1;0;0
1/3595.png;0;1;0;0
1/3596.png;0;1;0;0
1/3597.png;0;1;0;0
1/3598.png;0;1;0;0
1/3599.png;0;1;0;0
1/3600.png;0;1;0;0
1/3601.png;0;1;0;0
1/3602.png;0;1;0;0
1/3603.png;0;1;0;0
1/3604.png;0;1;0;0
1/3605.png;0;1;0;0
1/3606.png;0;1;0;0
1/3607.png;0;1;0;0
1/3608.png;0;1;0;0
1/3609.png;0;1;0;0
1/3610.png;0;1;0;0
1/3611.png;0;1;0;0
1/3612.png;0;1;0;0
1/3613.png;0;1;0;0
1/3614.png;0;1;0;0
1/3615.png;0;1;0;0
1/3616.png;0;1;0;0
1/3617.png;0;1;0;0
1/3618.png;0;1;0;0
1/3619.png;0;1;0;0
1/3620.png;0;1;0;0
1/3621.png;0;1;0;0
1/3622.png;0;1;0;0
1/3623.png;0;1;0;0
1/3624.png;0;1;0;0
1/3625.png;0;1;0;0
1/3626.png;0;1;0;0
1/3627.png;0;1;0;0
1/3628.png;0;1;0;0
1/3629.png;0;1;0;0
1/3630.png;0;1;0;0
1/3631.png;0;1;0;0
1/3632.png;0;1;0;0
1/3633.png;0;1;0;0
1/3634.png;0;1;0;0
1/3635.png;0;1;0;0
1/3636.png;0;1;0;0
1/3637.png;0;1;0;0
1/3638.png;0;1;0;0
1/3639.png;0;1;0;0
1/3640.png;0;1;0;0
1/3641.png;0;1;0;0
1/3642.png;0;1;0;0
1/3643.png;0;1;0;0
1/3644.png;0;1;0;0
1/3645.png;0;1;0;0
1/3646.png;0;1;0;0
1/3647.png;0;1;0;0
1/3648.png;0;1;0;0
1/3649.png;0;1;0;0
1/3650.png;0;1;0;0
1/3651.png;0;1;0;0
1/3652.png;0;1;0;0
1/3653.png;0;1;0;0
1/3654.png;0;1;0;0
1/3655.png;0;1;0;0
1/3656.png;0;1;0;0
1/3657.png;0;1;0;0
1/3658.png;0;1;0;0
1/3659.png;0;1;0;0
1/3660.png;0;1;0;0
1/3661.png;0;1;0;0
1/3662.png;0;1;0;0
1/3663.png;0;1;0;0
1/3664.png;0;1;0;0
1/3665.png;0;1;0;0
1/3666.png;0;1;0;0
1/3667.png;0;1;0;0
1/3668.png;0;1;0;0
1/3669.png;0;1;0;0
1/3670.png;0;1;0;0
1/3671.png;0;1;0;0
1/3672.png;0;1;0;0
1/3673.png;0;1;0;0
1/3674.png;0;1;0;0
1/3675.png;0;1;0;0
1/3676.png;0;1;0;0
1/3677.png;0;1;0;0
1/3678.png;0;1;0;0
1/3679.png;0;1;0;0
1/3680.png;0;1;0;0
1/3681.png;0;1;0;0
1/3682.png;0;1;0;0
1/3683.png;0;1;0;0
1/3684.png;0;1;0;0
1/3685.png;0;1;0;0
1/3686.png;0;1;0;0
1/3687.png;0;1;0;0
1/3688.png;0;1;0;0
1/3689.png;0;1;0;0
1/3690.png;0;1;0;0
1/3691.png;0;1;0;0
1/3692.png;0;1;0;0
1/3693.png;0;1;0;0
1/3694.png;0;1;0;0
1/3695.png;0;1;0;0
1/3696.png;0;1;0;0
1/3697.png;0;1;0;0
1/3698.png;0;1;0;0
1/3699.png;0;1;0;0
1/3700.png;0;1;0;0
1/3701.png;0;1;0;0
1/3702.png;0;1;0;0
1/3703.png;0;1;0;0
1/3704.png;0;1;0;0
1/3705.png;0;1;0;0
1/3706.png;0;1;0;0
1/3707.png;0;1;0;0
1/3708.png;0;1;0;0
1/3709.png;0;1;0;0
1/3710.png;0;1;0;0
1/3711.png;0;1;0;0
1/3712.png;0;1;0;0
1/3713.png;0;1;0;0
1/3714.png;0;1;0;0
1/3715.png;0;1;0;0
1/3716.png;0;1;0;0
1/3717.png;0;1;0;0
1/3718.png;0;1;0;0
1/3719.png;0;1;0;0
1/3720.png;0;1;0;0
1/3721.png;0;1;0;0
1/3722.png;0;1;0;0
1/3723.png;0;1;0;0
1/3724.png;0;1;0;0
1/3725.png;0;1;0;0
1/3726.png;0;1;0;0
1/3727.png;0;1;0;0
1/3728.png;0;1;0;0
1/3729.png;0;1;0;0
1/3730.png;0;1;0;0
1/3731.png;0;1;0;0
1/3732.png;0;1;0;0
1/3733.png;0;1;0;0
1/3734.png;0;1;0;0
1/3735.png;0;1;0;0
1/3736.png;0;1;0;0
1/3737.png;0;1;0;0
1/3738.png;0;1;0;0
1/3739.png;0;1;0;0
1/3740.png;0;1;0;0
1/3741.png;0;1;0;0
1/3742.png;0;1;0;0
1/3743.png;0;1;0;0
1/3744.png;0;1;0;0
1/3745.png;0;1;0;0
1/3746.png;0;1;0;0
1/3747.png;0;1;0;0
1/3748.png;0;1;0;0
1/3749.png;0;1;0;0
1/3750.png;0;1;0;0
1/3751.png;0;1;0;0
1/3752.png;0;1;0;0
1/3753.png;0;1;0;0
1/3754.png;0;1;0;0
1/3755.png;0;1;0;0
1/3756.png;0;1;0;0
1/3757.png;0;1;0;0
1/3758.png;0;1;0;0
1/3759.png;0;1;0;0
1/3760.png;0;1;0;0
1/3761.png;0;1;0;0
1/3762.png;0;1;0;0
1/3763.png;0;1;0;0
1/3764.png;0;1;0;0
1/3765.png;0;1;0;0
1/3766.png;0;1;0;0
1/3767.png;0;1;0;0
1/3768.png;0;1;0;0
1/3769.png;0;1;0;0
1/3770.png;0;1;0;0
1/3771.png;0;1;0;0
1/3772.png;0;1;0;0
1/3773.png;0;1;0;0
1/3774.png;0;1;0;0
1/3775.png;0;1;0;0
1/3776.png;0;1;0;0
1/3777.png;0;1;0;0
1/3778.png;0;1;0;0
1/3779.png;0;1;0;0
1/3780.png;0;1;0;0
1/3781.png;0;1;0;0
1/3782.png;0;1;0;0
1/3783.png;0;1;0;0
1/3784.png;0;1;0;0
1/3785.png;0;1;0;0
1/3786.png;0;1;0;0
1/3787.png;0;1;0;0
1/3788.png;0;1;0;0
1/3789.png;0;1;0;0
1/3790.png;0;1;0;0
1/3791.png;0;1;0;0
1/3792.png;0;1;0;0
1/3793.png;0;1;0;0
1/3794.png;0;1;0;0
1/3795.png;0;1;0;0
1/3796.png;0;1;0;0
1/3797.png;0;1;0;0
1/3798.png;0;1;0;0
1/3799.png;0;1;0;0
1/3800.png;0;1;0;0
1/3801.png;0;1;0;0
1/3802.png;0;1;0;0
1/3803.png;0;1;0;0
1/3804.png;0;1;0;0
1/3805.png;0;1;0;0
1/3806.png;0;1;0;0
1/3807.png;0;1;0;0
1/3808.png;0;1;0;0
1/3809.png;0;1;0;0
1/3810.png;0;1;0;0
1/3811.png;0;1;0;0
1/3812.png;0;1;0;0
1/3813.png;0;1;0;0
1/3814.png;0;1;0;0
1/3815.png;0;1;0;0
1/3816.png;0;1;0;0
1/3817.png;0;1;0;0
1/3818.png;0;1;0;0
1/3819.png;0;1;0;0
1/3820.png;0;1;0;0
1/3821.png;0;1;0;0
1/3822.png;0;1;0;0
1/3823.png;0;1;0;0
1/3824.png;0;1;0;0
1/3825.png;0;1;0;0
1/3826.png;0;1;0;0
1/3827.png;0;1;0;0
1/3828.png;0;1;0;0
1/3829.png;0;1;0;0
1/3830.png;0;1;0;0
1/3831.png;0;1;0;0
1/3832.png;0;1;0;0
1/3833.png;0;1;0;0
1/3834.png;0;1;0;0
1/3835.png;0;1;0;0
1/3836.png;0;1;0;0
1/3837.png;0;1;0;0
1/3838.png;0;1;0;0
1/3839.png;0;1;0;0
1/3840.png;0;1;0;0
1/3841.png;0;1;0;0
1/3842.png;0;1;0;0
1/3843.png;0;1;0;0
1/3844.png;0;1;0;0
1/3845.png;0;1;0;0
1/3846.png;0;1;0;0
1/3847.png;0;1;0;0
1/3848.png;0;1;0;0
1/3849.png;0;1;0;0
1/3850.png;0;1;0;0
1/3851.png;0;1;0;0
1/3852.png;0;1;0;0
1/3853.png;0;1;0;0
1/3854.png;0;1;0;0
1/3855.png;0;1;0;0
1/3856.png;0;1;0;0
1/3857.png;0;1;0;0
1/3858.png;0;1;0;0
1/3859.png;0;1;0;0
1/3860.png;0;1;0;0
1/3861.png;0;1;0;0
1/3862.png;0;1;0;0
1/3863.png;0;1;0;0
1/3864.png;0;1;0;0
1/3865.png;0;1;0;0
1/3866.png;0;1;0;0
1/3867.png;0;1;0;0
1/3868.png;0;1;0;0
1/3869.png;0;1;0;0
1/3870.png;0;1;0;0
1/3871.png;0;1;0;0
1/3872.png;0;1;0;0
1/3873.png;0;1;0;0
1/3874.png;0;1;0;0
1/3875.png;0;1;0;0
1/3876.png;0;1;0;0
1/3877.png;0;1;0;0
1/3878.png;0;1;0;0
1/3879.png;0;1;0;0
1/3880.png;0;1;0;0
1/3881.png;0;1;0;0
1/3882.png;0;1;0;0
1/3883.png;0;1;0;0
1/3884.png;0;1;0;0
1/3885.png;0;1;0;0
1/3886.png;0;1;0;0
1/3887.png;0;1;0;0
1/3888.png;0;1;0;0
1/3889.png;0;1;0;0
1/3890.png;0;1;0;0
1/3891.png;0;1;0;0
1/3892.png;0;1;0;0
1/3893.png;0;1;0;0
1/3894.png;0;1;0;0
1/3895.png;0;1;0;0
1/3896.png;0;1;0;0
1/3897.png;0;1;0;0
1/3898.png;0;1;0;0
1/3899.png;0;1;0;0
1/3900.png;0;1;0;0
1/3901.png;0;1;0;0
1/3902.png;0;1;0;0
1/3903.png;0;1;0;0
1/3904.png;0;1;0;0
1/3905.png;0;1;0;0
1/3906.png;0;1;0;0
1/3907.png;0;1;0;0
1/3908.png;0;1;0;0
1/3909.png;0;1;0;0
1/3910.png;0;1;0;0
1/3911.png;0;1;0;0
1/3912.png;0;1;0;0
1/3913.png;0;1;0;0
1/3914.png;0;1;0;0
1/3915.png;0;1;0;0
1/3916.png;0;1;0;0
1/3917.png;0;1;0;0
1/3918.png;0;1;0;0
1/3919.png;0;1;0;0
1/3920.png;0;1;0;0
1/3921.png;0;1;0;0
1/3922.png;0;1;0;0
1/3923.png;0;1;0;0
1/3924.png;0;1;0;0
1/3925.png;0;1;0;0
1/3926.png;0;1;0;0
1/3927.png;0;1;0;0
1/3928.png;0;1;0;0
1/3929.png;0;1;0;0
1/3930.png;0;1;0;0
1/3931.png;0;1;0;0
1/3932.png;0;1;0;0
1/3933.png;0;1;0;0
1/3934.png;0;1;0;0
1/3935.png;0;1;0;0
1/3936.png;0;1;0;0
1/3937.png;0;1;0;0
1/3938.png;0;1;0;0
1/3939.png;0;1;0;0
1/3940.png;0;1;0;0
1/3941.png;0;1;0;0
1/3942.png;0;1;0;0
1/3943.png;0;1;0;0
1/3944.png;0;1;0;0
1/3945.png;0;1;0;0
1/3946.png;0;1;0;0
1/3947.png;0;1;0;0
1/3948.png;0;1;0;0
1/3949.png;0;1;0;0
1/3950.png;0;1;0;0
1/3951.png;0;1;0;0
1/3952.png;0;1;0;0
1/3953.png;0;1;0;0
1/3954.png;0;1;0;0
1/3955.png;0;1;0;0
1/3956.png;0;1;0;0
1/3957.png;0;1;0;0
1/3958.png;0;1;0;0
1/3959.png;0;1;0;0
1/3960.png;0;1;0;0
1/3961.png;0;1;0;0
1/3962.png;0;1;0;0
1/3963.png;0;1;0;0
1/3964.png;0;1;0;0
1/3965.png;0;1;0;0
1/3966.png;0;1;0;0
1/3967.png;0;1;0;0
1/3968.png;0;1;0;0
1/3969.png;0;1;0;0
1/3970.png;0;1;0;0
1/3971.png;0;1;0;0
1/3972.png;0;1;0;0
1/3973.png;0;1;0;0
1/3974.png;0;1;0;0
1/3975.png;0;1;0;0
1/3976.png;0;1;0;0
1/3977.png;0;1;0;0
1/3978.png;0;1;0;0
1/3979.png;0;1;0;0
1/3980.png;0;1;0;0
1/3981.png;0;1;0;0
1/3982.png;0;1;0;0
1/3983.png;0;1;0;0
1/3984.png;0;1;0;0
1/3985.png;0;1;0;0
1/3986.png;0;1;0;0
1/3987.png;0;1;0;0
1/3988.png;0;1;0;0
1/3989.png;0;1;0;0
1/3990.png;0;1;0;0
1/3991.png;0;1;0;0
1/3992.png;0;1;0;0
1/3993.png;0;1;0;0
1/3994.png;0;1;0;0
1/3995.png;0;1;0;0
1/3996.png;0;1;0;0
1/3997.png;0;1;0;0
1/3998.png;0;1;0;0
1/3999.png;0;1;0;0
1/4000.png;0;1;0;0
1/4001.png;0;1;0;0
1/4002.png;0;1;0;0
1/4003.png;0;1;0;0
1/4004.png;0;1;0;0
1/4005.png;0;1;0;0
1/4006.png;0;1;0;0
1/4007.png;0;1;0;0
1/4008.png;0;1;0;0
1/4009.png;0;1;0;0
1/4010.png;0;1;0;0
1/4011.png;0;1;0;0
1/4012.png;0;1;0;0
1/4013.png;0;1;0;0
1/4014.png;0;1;0;0
1/4015.png;0;1;0;0
1/4016.png;0;1;0;0
1/4017.png;0;1;0;0
1/4018.png;0;1;0;0
1/4019.png;0;1;0;0
1/4020.png;0;1;0;0
1/4021.png;0;1;0;0
1/4022.png;0;1;0;0
1/4023.png;0;1;0;0
1/4024.png;0;1;0;0
1/4025.png;0;1;0;0
1/4026.png;0;1;0;0
1/4027.png;0;1;0;0
1/4028.png;0;1;0;0
1/4029.png;0;1;0;0
1/4030.png;0;1;0;0
1/4031.png;0;1;0;0
1/4032.png;0;1;0;0
1/4033.png;0;1;0;0
1/4034.png;0;1;0;0
1/4035.png;0;1;0;0
1/4036.png;0;1;0;0
1/4037.png;0;1;0;0
1/4038.png;0;1;0;0
1/4039.png;0;1;0;0
1/4040.png;0;1;0;0
1/4041.png;0;1;0;0
1/4042.png;0;1;0;0
1/4043.png;0;1;0;0
1/4044.png;0;1;0;0
1/4045.png;0;1;0;0
1/4046.png;0;1;0;0
1/4047.png;0;1;0;0
1/4048.png;0;1;0;0
1/4049.png;0;1;0;0
1/4050.png;0;1;0;0
1/4051.png;0;1;0;0
1/4052.png;0;1;0;0
1/4053.png;0;1;0;0
1/4054.png;0;1;0;0
1/4055.png;0;1;0;0
1/4056.png;0;1;0;0
1/4057.png;0;1;0;0
1/4058.png;0;1;0;0
1/4059.png;0;1;0;0
1/4060.png;0;1;0;0
1/4061.png;0;1;0;0
1/4062.png;0;1;0;0
1/4063.png;0;1;0;0
1/4064.png;0;1;0;0
1/4065.png;0;1;0;0
1/4066.png;0;1;0;0
1/4067.png;0;1;0;0
1/4068.png;0;1;0;0
1/4069.png;0;1;0;0
1/4070.png;0;1;0;0
1/4071.png;0;1;0;0
1/4072.png;0;1;0;0
1/4073.png;0;1;0;0
1/4074.png;0;1;0;0
1/4075.png;0;1;0;0
1/4076.png;0;1;0;0
1/4077.png;0;1;0;0
1/4078.png;0;1;0;0
1/4079.png;0;1;0;0
1/4080.png;0;1;0;0
1/4081.png;0;1;0;0
1/4082.png;0;1;0;0
1/4083.png;0;1;0;0
1/4084.png;0;1;0;0
1/4085.png;0;1;0;0
1/4086.png;0;1;0;0
1/4087.png;0;1;0;0
1/4088.png;0;1;0;0
1/4089.png;0;1;0;0
1/4090.png;0;1;0;0
1/4091.png;0;1;0;0
1/4092.png;0;1;0;0
1/4093.png;0;1;0;0
1/4094.png;0;1;0;0
1/4095.png;0;1;0;0
1/4096.png;0;1;0;0
1/4097.png;0;1;0;0
1/4098.png;0;1;0;0
1/4099.png;0;1;0;0
1/4100.png;0;1;0;0
1/4101.png;0;1;0;0
1/4102.png;0;1;0;0
1/4103.png;0;1;0;0
1/4104.png;0;1;0;0
1/4105.png;0;1;0;0
1/4106.png;0;1;0;0
1/4107.png;0;1;0;0
1/4108.png;0;1;0;0
1/4109.png;0;1;0;0
1/4110.png;0;1;0;0
1/4111.png;0;1;0;0
1/4112.png;0;1;0;0
1/4113.png;0;1;0;0
1/4114.png;0;1;0;0
1/4115.png;0;1;0;0
1/4116.png;0;1;0;0
1/4117.png;0;1;0;0
1/4118.png;0;1;0;0
1/4119.png;0;1;0;0
1/4120.png;0;1;0;0
1/4121.png;0;1;0;0
1/4122.png;0;1;0;0
1/4123.png;0;1;0;0
1/4124.png;0;1;0;0
1/4125.png;0;1;0;0
1/4126.png;0;1;0;0
1/4127.png;0;1;0;0
1/4128.png;0;1;0;0
1/4129.png;0;1;0;0
1/4130.png;0;1;0;0
1/4131.png;0;1;0;0
1/4132.png;0;1;0;0
1/4133.png;0;1;0;0
1/4134.png;0;1;0;0
1/4135.png;0;1;0;0
1/4136.png;0;1;0;0
1/4137.png;0;1;0;0
1/4138.png;0;1;0;0
1/4139.png;0;1;0;0
1/4140.png;0;1;0;0
1/4141.png;0;1;0;0
1/4142.png;0;1;0;0
1/4143.png;0;1;0;0
1/4144.png;0;1;0;0
1/4145.png;0;1;0;0
1/4146.png;0;1;0;0
1/4147.png;0;1;0;0
1/4148.png;0;1;0;0
1/4149.png;0;1;0;0
1/4150.png;0;1;0;0
1/4151.png;0;1;0;0
1/4152.png;0;1;0;0
1/4153.png;0;1;0;0
1/4154.png;0;1;0;0
1/4155.png;0;1;0;0
1/4156.png;0;1;0;0
1/4157.png;0;1;0;0
1/4158.png;0;1;0;0
1/4159.png;0;1;0;0
1/4160.png;0;1;0;0
1/4161.png;0;1;0;0
1/4162.png;0;1;0;0
1/4163.png;0;1;0;0
1/4164.png;0;1;0;0
1/4165.png;0;1;0;0
1/4166.png;0;1;0;0
1/4167.png;0;1;0;0
1/4168.png;0;1;0;0
1/4169.png;0;1;0;0
1/4170.png;0;1;0;0
1/4171.png;0;1;0;0
1/4172.png;0;1;0;0
1/4173.png;0;1;0;0
1/4174.png;0;1;0;0
1/4175.png;0;1;0;0
1/4176.png;0;1;0;0
1/4177.png;0;1;0;0
1/4178.png;0;1;0;0
1/4179.png;0;1;0;0
1/4180.png;0;1;0;0
1/4181.png;0;1;0;0
1/4182.png;0;1;0;0
1/4183.png;0;1;0;0
1/4184.png;0;1;0;0
1/4185.png;0;1;0;0
1/4186.png;0;1;0;0
1/4187.png;0;1;0;0
1/4188.png;0;1;0;0
1/4189.png;0;1;0;0
1/4190.png;0;1;0;0
1/4191.png;0;1;0;0
1/4192.png;0;1;0;0
1/4193.png;0;1;0;0
1/4194.png;0;1;0;0
1/4195.png;0;1;0;0
1/4196.png;0;1;0;0
1/4197.png;0;1;0;0
1/4198.png;0;1;0;0
1/4199.png;0;1;0;0
1/4200.png;0;1;0;0
1/4201.png;0;1;0;0
1/4202.png;0;1;0;0
1/4203.png;0;1;0;0
1/4204.png;0;1;0;0
1/4205.png;0;1;0;0
1/4206.png;0;1;0;0
1/4207.png;0;1;0;0
1/4208.png;0;1;0;0
1/4209.png;0;1;0;0
1/4210.png;0;1;0;0
1/4211.png;0;1;0;0
1/4212.png;0;1;0;0
1/4213.png;0;1;0;0
1/4214.png;0;1;0;0
1/4215.png;0;1;0;0
1/4216.png;0;1;0;0
1/4217.png;0;1;0;0
1/4218.png;0;1;0;0
1/4219.png;0;1;0;0
1/4220.png;0;1;0;0
1/4221.png;0;1;0;0
1/4222.png;0;1;0;0
1/4223.png;0;1;0;0
1/4224.png;0;1;0;0
1/4225.png;0;1;0;0
1/4226.png;0;1;0;0
1/4227.png;0;1;0;0
1/4228.png;0;1;0;0
1/4229.png;0;1;0;0
1/4230.png;0;1;0;0
1/4231.png;0;1;0;0
1/4232.png;0;1;0;0
1/4233.png;0;1;0;0
1/4234.png;0;1;0;0
1/4235.png;0;1;0;0
1/4236.png;0;1;0;0
1/4237.png;0;1;0;0
1/4238.png;0;1;0;0
1/4239.png;0;1;0;0
1/4240.png;0;1;0;0
1/4241.png;0;1;0;0
1/4242.png;0;1;0;0
1/4243.png;0;1;0;0
1/4244.png;0;1;0;0
1/4245.png;0;1;0;0
1/4246.png;0;1;0;0
1/4247.png;0;1;0;0
1/4248.png;0;1;0;0
1/4249.png;0;1;0;0
1/4250.png;0;1;0;0
1/4251.png;0;1;0;0
1/4252.png;0;1;0;0
1/4253.png;0;1;0;0
1/4254.png;0;1;0;0
1/4255.png;0;1;0;0
1/4256.png;0;1;0;0
1/4257.png;0;1;0;0
1/4258.png;0;1;0;0
1/4259.png;0;1;0;0
1/4260.png;0;1;0;0
1/4261.png;0;1;0;0
1/4262.png;0;1;0;0
1/4263.png;0;1;0;0
1/4264.png;0;1;0;0
1/4265.png;0;1;0;0
1/4266.png;0;1;0;0
1/4267.png;0;1;0;0
1/4268.png;0;1;0;0
1/4269.png;0;1;0;0
1/4270.png;0;1;0;0
1/4271.png;0;1;0;0
1/4272.png;0;1;0;0
1/4273.png;0;1;0;0
1/4274.png;0;1;0;0
1/4275.png;0;1;0;0
1/4276.png;0;1;0;0
1/4277.png;0;1;0;0
1/4278.png;0;1;0;0
1/4279.png;0;1;0;0
1/4280.png;0;1;0;0
1/4281.png;0;1;0;0
1/4282.png;0;1;0;0
1/4283.png;0;1;0;0
1/4284.png;0;1;0;0
1/4285.png;0;1;0;0
1/4286.png;0;1;0;0
1/4287.png;0;1;0;0
1/4288.png;0;1;0;0
1/4289.png;0;1;0;0
1/4290.png;0;1;0;0
1/4291.png;0;1;0;0
1/4292.png;0;1;0;0
1/4293.png;0;1;0;0
1/4294.png;0;1;0;0
1/4295.png;0;1;0;0
1/4296.png;0;1;0;0
1/4297.png;0;1;0;0
1/4298.png;0;1;0;0
1/4299.png;0;1;0;0
1/4300.png;0;1;0;0
1/4301.png;0;1;0;0
1/4302.png;0;1;0;0
1/4303.png;0;1;0;0
1/4304.png;0;1;0;0
1/4305.png;0;1;0;0
1/4306.png;0;1;0;0
1/4307.png;0;1;0;0
1/4308.png;0;1;0;0
1/4309.png;0;1;0;0
1/4310.png;0;1;0;0
1/4311.png;0;1;0;0
1/4312.png;0;1;0;0
1/4313.png;0;1;0;0
1/4314.png;0;1;0;0
1/4315.png;0;1;0;0
1/4316.png;0;1;0;0
1/4317.png;0;1;0;0
1/4318.png;0;1;0;0
1/4319.png;0;1;0;0
1/4320.png;0;1;0;0
1/4321.png;0;1;0;0
1/4322.png;0;1;0;0
1/4323.png;0;1;0;0
1/4324.png;0;1;0;0
1/4325.png;0;1;0;0
1/4326.png;0;1;0;0
1/4327.png;0;1;0;0
1/4328.png;0;1;0;0
1/4329.png;0;1;0;0
1/4330.png;0;1;0;0
1/4331.png;0;1;0;0
1/4332.png;0;1;0;0
1/4333.png;0;1;0;0
1/4334.png;0;1;0;0
1/4335.png;0;1;0;0
1/4336.png;0;1;0;0
1/4337.png;0;1;0;0
1/4338.png;0;1;0;0
1/4339.png;0;1;0;0
1/4340.png;0;1;0;0
1/4341.png;0;1;0;0
1/4342.png;0;1;0;0
1/4343.png;0;1;0;0
1/4344.png;0;1;0;0
1/4345.png;0;1;0;0
1/4346.png;0;1;0;0
1/4347.png;0;1;0;0
1/4348.png;0;1;0;0
1/4349.png;0;1;0;0
1/4350.png;0;1;0;0
1/4351.png;0;1;0;0
1/4352.png;0;1;0;0
1/4353.png;0;1;0;0
1/4354.png;0;1;0;0
1/4355.png;0;1;0;0
1/4356.png;0;1;0;0
1/4357.png;0;1;0;0
1/4358.png;0;1;0;0
1/4359.png;0;1;0;0
1/4360.png;0;1;0;0
1/4361.png;0;1;0;0
1/4362.png;0;1;0;0
1/4363.png;0;1;0;0
1/4364.png;0;1;0;0
1/4365.png;0;1;0;0
1/4366.png;0;1;0;0
1/4367.png;0;1;0;0
1/4368.png;0;1;0;0
1/4369.png;0;1;0;0
1/4370.png;0;1;0;0
1/4371.png;0;1;0;0
1/4372.png;0;1;0;0
1/4373.png;0;1;0;0
1/4374.png;0;1;0;0
1/4375.png;0;1;0;0
1/4376.png;0;1;0;0
1/4377.png;0;1;0;0
1/4378.png;0;1;0;0
1/4379.png;0;1;0;0
1/4380.png;0;1;0;0
1/4381.png;0;1;0;0
1/4382.png;0;1;0;0
1/4383.png;0;1;0;0
1/4384.png;0;1;0;0
1/4385.png;0;1;0;0
1/4386.png;0;1;0;0
1/4387.png;0;1;0;0
1/4388.png;0;1;0;0
1/4389.png;0;1;0;0
1/4390.png;0;1;0;0
1/4391.png;0;1;0;0
1/4392.png;0;1;0;0
1/4393.png;0;1;0;0
1/4394.png;0;1;0;0
1/4395.png;0;1;0;0
1/4396.png;0;1;0;0
1/4397.png;0;1;0;0
1/4398.png;0;1;0;0
1/4399.png;0;1;0;0
1/4400.png;0;1;0;0
1/4401.png;0;1;0;0
1/4402.png;0;1;0;0
1/4403.png;0;1;0;0
1/4404.png;0;1;0;0
1/4405.png;0;1;0;0
1/4406.png;0;1;0;0
1/4407.png;0;1;0;0
1/4408.png;0;1;0;0
1/4409.png;0;1;0;0
1/4410.png;0;1;0;0
1/4411.png;0;1;0;0
1/4412.png;0;1;0;0
1/4413.png;0;1;0;0
1/4414.png;0;1;0;0
1/4415.png;0;1;0;0
1/4416.png;0;1;0;0
1/4417.png;0;1;0;0
1/4418.png;0;1;0;0
1/4419.png;0;1;0;0
1/4420.png;0;1;0;0
1/4421.png;0;1;0;0
1/4422.png;0;1;0;0
1/4423.png;0;1;0;0
1/4424.png;0;1;0;0
1/4425.png;0;1;0;0
1/4426.png;0;1;0;0
1/4427.png;0;1;0;0
1/4428.png;0;1;0;0
1/4429.png;0;1;0;0
1/4430.png;0;1;0;0
1/4431.png;0;1;0;0
1/4432.png;0;1;0;0
1/4433.png;0;1;0;0
1/4434.png;0;1;0;0
1/4435.png;0;1;0;0
1/4436.png;0;1;0;0
1/4437.png;0;1;0;0
1/4438.png;0;1;0;0
1/4439.png;0;1;0;0
1/4440.png;0;1;0;0
1/4441.png;0;1;0;0
1/4442.png;0;1;0;0
1/4443.png;0;1;0;0
1/4444.png;0;1;0;0
1/4445.png;0;1;0;0
1/4446.png;0;1;0;0
1/4447.png;0;1;0;0
1/4448.png;0;1;0;0
1/4449.png;0;1;0;0
1/4450.png;0;1;0;0
1/4451.png;0;1;0;0
1/4452.png;0;1;0;0
1/4453.png;0;1;0;0
1/4454.png;0;1;0;0
1/4455.png;0;1;0;0
1/4456.png;0;1;0;0
1/4457.png;0;1;0;0
1/4458.png;0;1;0;0
1/4459.png;0;1;0;0
1/4460.png;0;1;0;0
1/4461.png;0;1;0;0
1/4462.png;0;1;0;0
1/4463.png;0;1;0;0
1/4464.png;0;1;0;0
1/4465.png;0;1;0;0
1/4466.png;0;1;0;0
1/4467.png;0;1;0;0
1/4468.png;0;1;0;0
1/4469.png;0;1;0;0
1/4470.png;0;1;0;0
1/4471.png;0;1;0;0
1/4472.png;0;1;0;0
1/4473.png;0;1;0;0
1/4474.png;0;1;0;0
1/4475.png;0;1;0;0
1/4476.png;0;1;0;0
1/4477.png;0;1;0;0
1/4478.png;0;1;0;0
1/4479.png;0;1;0;0
1/4480.png;0;1;0;0
1/4481.png;0;1;0;0
1/4482.png;0;1;0;0
1/4483.png;0;1;0;0
1/4484.png;0;1;0;0
1/4485.png;0;1;0;0
1/4486.png;0;1;0;0
1/4487.png;0;1;0;0
1/4488.png;0;1;0;0
1/4489.png;0;1;0;0
1/4490.png;0;1;0;0
1/4491.png;0;1;0;0
1/4492.png;0;1;0;0
1/4493.png;0;1;0;0
1/4494.png;0;1;0;0
1/4495.png;0;1;0;0
1/4496.png;0;1;0;0
1/4497.png;0;1;0;0
1/4498.png;0;1;0;0
1/4499.png;0;1;0;0
1/4500.png;0;1;0;0
1/4501.png;0;1;0;0
1/4502.png;0;1;0;0
1/4503.png;0;1;0;0
1/4504.png;0;1;0;0
1/4505.png;0;1;0;0
1/4506.png;0;1;0;0
1/4507.png;0;1;0;0
1/4508.png;0;1;0;0
1/4509.png;0;1;0;0
1/4510.png;0;1;0;0
1/4511.png;0;1;0;0
1/4512.png;0;1;0;0
1/4513.png;0;1;0;0
1/4514.png;0;1;0;0
1/4515.png;0;1;0;0
1/4516.png;0;1;0;0
1/4517.png;0;1;0;0
1/4518.png;0;1;0;0
1/4519.png;0;1;0;0
1/4520.png;0;1;0;0
1/4521.png;0;1;0;0
1/4522.png;0;1;0;0
1/4523.png;0;1;0;0
1/4524.png;0;1;0;0
1/4525.png;0;1;0;0
1/4526.png;0;1;0;0
1/4527.png;0;1;0;0
1/4528.png;0;1;0;0
1/4529.png;0;1;0;0
1/4530.png;0;1;0;0
1/4531.png;0;1;0;0
1/4532.png;0;1;0;0
1/4533.png;0;1;0;0
1/4534.png;0;1;0;0
1/4535.png;0;1;0;0
1/4536.png;0;1;0;0
1/4537.png;0;1;0;0
1/4538.png;0;1;0;0
1/4539.png;0;1;0;0
1/4540.png;0;1;0;0
1/4541.png;0;1;0;0
1/4542.png;0;1;0;0
1/4543.png;0;1;0;0
1/4544.png;0;1;0;0
1/4545.png;0;1;0;0
1/4546.png;0;1;0;0
1/4547.png;0;1;0;0
1/4548.png;0;1;0;0
1/4549.png;0;1;0;0
1/4550.png;0;1;0;0
1/4551.png;0;1;0;0
1/4552.png;0;1;0;0
1/4553.png;0;1;0;0
1/4554.png;0;1;0;0
1/4555.png;0;1;0;0
1/4556.png;0;1;0;0
1/4557.png;0;1;0;0
1/4558.png;0;1;0;0
1/4559.png;0;1;0;0
1/4560.png;0;1;0;0
1/4561.png;0;1;0;0
1/4562.png;0;1;0;0
1/4563.png;0;1;0;0
1/4564.png;0;1;0;0
1/4565.png;0;1;0;0
1/4566.png;0;1;0;0
1/4567.png;0;1;0;0
1/4568.png;0;1;0;0
1/4569.png;0;1;0;0
1/4570.png;0;1;0;0
1/4571.png;0;1;0;0
1/4572.png;0;1;0;0
1/4573.png;0;1;0;0
1/4574.png;0;1;0;0
1/4575.png;0;1;0;0
1/4576.png;0;1;0;0
1/4577.png;0;1;0;0
1/4578.png;0;1;0;0
1/4579.png;0;1;0;0
1/4580.png;0;1;0;0
1/4581.png;0;1;0;0
1/4582.png;0;1;0;0
1/4583.png;0;1;0;0
1/4584.png;0;1;0;0
1/4585.png;0;1;0;0
1/4586.png;0;1;0;0
1/4587.png;0;1;0;0
1/4588.png;0;1;0;0
1/4589.png;0;1;0;0
1/4590.png;0;1;0;0
1/4591.png;0;1;0;0
1/4592.png;0;1;0;0
1/4593.png;0;1;0;0
1/4594.png;0;1;0;0
1/4595.png;0;1;0;0
1/4596.png;0;1;0;0
1/4597.png;0;1;0;0
1/4598.png;0;1;0;0
1/4599.png;0;1;0;0
1/4600.png;0;1;0;0
1/4601.png;0;1;0;0
1/4602.png;0;1;0;0
1/4603.png;0;1;0;0
1/4604.png;0;1;0;0
1/4605.png;0;1;0;0
1/4606.png;0;1;0;0
1/4607.png;0;1;0;0
1/4608.png;0;1;0;0
1/4609.png;0;1;0;0
1/4610.png;0;1;0;0
1/4611.png;0;1;0;0
1/4612.png;0;1;0;0
1/4613.png;0;1;0;0
1/4614.png;0;1;0;0
1/4615.png;0;1;0;0
1/4616.png;0;1;0;0
1/4617.png;0;1;0;0
1/4618.png;0;1;0;0
1/4619.png;0;1;0;0
1/4620.png;0;1;0;0
1/4621.png;0;1;0;0
1/4622.png;0;1;0;0
1/4623.png;0;1;0;0
1/4624.png;0;1;0;0
1/4625.png;0;1;0;0
1/4626.png;0;1;0;0
1/4627.png;0;1;0;0
1/4628.png;0;1;0;0
1/4629.png;0;1;0;0
1/4630.png;0;1;0;0
1/4631.png;0;1;0;0
1/4632.png;0;1;0;0
1/4633.png;0;1;0;0
1/4634.png;0;1;0;0
1/4635.png;0;1;0;0
1/4636.png;0;1;0;0
1/4637.png;0;1;0;0
1/4638.png;0;1;0;0
1/4639.png;0;1;0;0
1/4640.png;0;1;0;0
1/4641.png;0;1;0;0
1/4642.png;0;1;0;0
1/4643.png;0;1;0;0
1/4644.png;0;1;0;0
1/4645.png;0;1;0;0
1/4646.png;0;1;0;0
1/4647.png;0;1;0;0
1/4648.png;0;1;0;0
1/4649.png;0;1;0;0
1/4650.png;0;1;0;0
1/4651.png;0;1;0;0
1/4652.png;0;1;0;0
1/4653.png;0;1;0;0
1/4654.png;0;1;0;0
1/4655.png;0;1;0;0
1/4656.png;0;1;0;0
1/4657.png;0;1;0;0
1/4658.png;0;1;0;0
1/4659.png;0;1;0;0
1/4660.png;0;1;0;0
1/4661.png;0;1;0;0
1/4662.png;0;1;0;0
1/4663.png;0;1;0;0
1/4664.png;0;1;0;0
1/4665.png;0;1;0;0
1/4666.png;0;1;0;0
1/4667.png;0;1;0;0
1/4668.png;0;1;0;0
1/4669.png;0;1;0;0
1/4670.png;0;1;0;0
1/4671.png;0;1;0;0
1/4672.png;0;1;0;0
1/4673.png;0;1;0;0
1/4674.png;0;1;0;0
1/4675.png;0;1;0;0
1/4676.png;0;1;0;0
1/4677.png;0;1;0;0
1/4678.png;0;1;0;0
1/4679.png;0;1;0;0
1/4680.png;0;1;0;0
1/4681.png;0;1;0;0
1/4682.png;0;1;0;0
1/4683.png;0;1;0;0
1/4684.png;0;1;0;0
1/4685.png;0;1;0;0
1/4686.png;0;1;0;0
1/4687.png;0;1;0;0
1/4688.png;0;1;0;0
1/4689.png;0;1;0;0
1/4690.png;0;1;0;0
1/4691.png;0;1;0;0
1/4692.png;0;1;0;0
1/4693.png;0;1;0;0
1/4694.png;0;1;0;0
1/4695.png;0;1;0;0
1/4696.png;0;1;0;0
1/4697.png;0;1;0;0
1/4698.png;0;1;0;0
1/4699.png;0;1;0;0
1/4700.png;0;1;0;0
1/4701.png;0;1;0;0
1/4702.png;0;1;0;0
1/4703.png;0;1;0;0
1/4704.png;0;1;0;0
1/4705.png;0;1;0;0
1/4706.png;0;1;0;0
1/4707.png;0;1;0;0
1/4708.png;0;1;0;0
1/4709.png;0;1;0;0
1/4710.png;0;1;0;0
1/4711.png;0;1;0;0
1/4712.png;0;1;0;0
1/4713.png;0;1;0;0
1/4714.png;0;1;0;0
1/4715.png;0;1;0;0
1/4716.png;0;1;0;0
1/4717.png;0;1;0;0
1/4718.png;0;1;0;0
1/4719.png;0;1;0;0
1/4720.png;0;1;0;0
1/4721.png;0;1;0;0
1/4722.png;0;1;0;0
1/4723.png;0;1;0;0
1/4724.png;0;1;0;0
1/4725.png;0;1;0;0
1/4726.png;0;1;0;0
1/4727.png;0;1;0;0
1/4728.png;0;1;0;0
1/4729.png;0;1;0;0
1/4730.png;0;1;0;0
1/4731.png;0;1;0;0
1/4732.png;0;1;0;0
1/4733.png;0;1;0;0
1/4734.png;0;1;0;0
1/4735.png;0;1;0;0
1/4736.png;0;1;0;0
1/4737.png;0;1;0;0
1/4738.png;0;1;0;0
1/4739.png;0;1;0;0
1/4740.png;0;1;0;0
1/4741.png;0;1;0;0
1/4742.png;0;1;0;0
1/4743.png;0;1;0;0
1/4744.png;0;1;0;0
1/4745.png;0;1;0;0
1/4746.png;0;1;0;0
1/4747.png;0;1;0;0
1/4748.png;0;1;0;0
1/4749.png;0;1;0;0
1/4750.png;0;1;0;0
1/4751.png;0;1;0;0
1/4752.png;0;1;0;0
1/4753.png;0;1;0;0
1/4754.png;0;1;0;0
1/4755.png;0;1;0;0
1/4756.png;0;1;0;0
1/4757.png;0;1;0;0
1/4758.png;0;1;0;0
1/4759.png;0;1;0;0
1/4760.png;0;1;0;0
1/4761.png;0;1;0;0
1/4762.png;0;1;0;0
1/4763.png;0;1;0;0
1/4764.png;0;1;0;0
1/4765.png;0;1;0;0
1/4766.png;0;1;0;0
1/4767.png;0;1;0;0
1/4768.png;0;1;0;0
1/4769.png;0;1;0;0
1/4770.png;0;1;0;0
1/4771.png;0;1;0;0
1/4772.png;0;1;0;0
1/4773.png;0;1;0;0
1/4774.png;0;1;0;0
1/4775.png;0;1;0;0
1/4776.png;0;1;0;0
1/4777.png;0;1;0;0
1/4778.png;0;1;0;0
1/4779.png;0;1;0;0
1/4780.png;0;1;0;0
1/4781.png;0;1;0;0
1/4782.png;0;1;0;0
1/4783.png;0;1;0;0
1/4784.png;0;1;0;0
1/4785.png;0;1;0;0
1/4786.png;0;1;0;0
1/4787.png;0;1;0;0
1/4788.png;0;1;0;0
1/4789.png;0;1;0;0
1/4790.png;0;1;0;0
1/4791.png;0;1;0;0
1/4792.png;0;1;0;0
1/4793.png;0;1;0;0
1/4794.png;0;1;0;0
1/4795.png;0;1;0;0
1/4796.png;0;1;0;0
1/4797.png;0;1;0;0
1/4798.png;0;1;0;0
1/4799.png;0;1;0;0
1/4800.png;0;1;0;0
1/4801.png;0;1;0;0
1/4802.png;0;1;0;0
1/4803.png;0;1;0;0
1/4804.png;0;1;0;0
1/4805.png;0;1;0;0
1/4806.png;0;1;0;0
1/4807.png;0;1;0;0
1/4808.png;0;1;0;0
1/4809.png;0;1;0;0
1/4810.png;0;1;0;0
1/4811.png;0;1;0;0
1/4812.png;0;1;0;0
1/4813.png;0;1;0;0
1/4814.png;0;1;0;0
1/4815.png;0;1;0;0
1/4816.png;0;1;0;0
1/4817.png;0;1;0;0
1/4818.png;0;1;0;0
1/4819.png;0;1;0;0
1/4820.png;0;1;0;0
1/4821.png;0;1;0;0
1/4822.png;0;1;0;0
1/4823.png;0;1;0;0
1/4824.png;0;1;0;0
1/4825.png;0;1;0;0
1/4826.png;0;1;0;0
1/4827.png;0;1;0;0
1/4828.png;0;1;0;0
1/4829.png;0;1;0;0
1/4830.png;0;1;0;0
1/4831.png;0;1;0;0
1/4832.png;0;1;0;0
1/4833.png;0;1;0;0
1/4834.png;0;1;0;0
1/4835.png;0;1;0;0
1/4836.png;0;1;0;0
1/4837.png;0;1;0;0
1/4838.png;0;1;0;0
1/4839.png;0;1;0;0
1/4840.png;0;1;0;0
1/4841.png;0;1;0;0
1/4842.png;0;1;0;0
1/4843.png;0;1;0;0
1/4844.png;0;1;0;0
1/4845.png;0;1;0;0
1/4846.png;0;1;0;0
1/4847.png;0;1;0;0
1/4848.png;0;1;0;0
1/4849.png;0;1;0;0
1/4850.png;0;1;0;0
1/4851.png;0;1;0;0
1/4852.png;0;1;0;0
1/4853.png;0;1;0;0
1/4854.png;0;1;0;0
1/4855.png;0;1;0;0
1/4856.png;0;1;0;0
1/4857.png;0;1;0;0
1/4858.png;0;1;0;0
1/4859.png;0;1;0;0
1/4860.png;0;1;0;0
1/4861.png;0;1;0;0
1/4862.png;0;1;0;0
1/4863.png;0;1;0;0
1/4864.png;0;1;0;0
1/4865.png;0;1;0;0
1/4866.png;0;1;0;0
1/4867.png;0;1;0;0
1/4868.png;0;1;0;0
1/4869.png;0;1;0;0
1/4870.png;0;1;0;0
1/4871.png;0;1;0;0
1/4872.png;0;1;0;0
1/4873.png;0;1;0;0
1/4874.png;0;1;0;0
1/4875.png;0;1;0;0
1/4876.png;0;1;0;0
1/4877.png;0;1;0;0
1/4878.png;0;1;0;0
1/4879.png;0;1;0;0
1/4880.png;0;1;0;0
1/4881.png;0;1;0;0
1/4882.png;0;1;0;0
1/4883.png;0;1;0;0
1/4884.png;0;1;0;0
1/4885.png;0;1;0;0
1/4886.png;0;1;0;0
1/4887.png;0;1;0;0
1/4888.png;0;1;0;0
1/4889.png;0;1;0;0
1/4890.png;0;1;0;0
1/4891.png;0;1;0;0
1/4892.png;0;1;0;0
1/4893.png;0;1;0;0
1/4894.png;0;1;0;0
1/4895.png;0;1;0;0
1/4896.png;0;1;0;0
1/4897.png;0;1;0;0
1/4898.png;0;1;0;0
1/4899.png;0;1;0;0
1/4900.png;0;1;0;0
1/4901.png;0;1;0;0
1/4902.png;0;1;0;0
1/4903.png;0;1;0;0
1/4904.png;0;1;0;0
1/4905.png;0;1;0;0
1/4906.png;0;1;0;0
1/4907.png;0;1;0;0
1/4908.png;0;1;0;0
1/4909.png;0;1;0;0
1/4910.png;0;1;0;0
1/4911.png;0;1;0;0
1/4912.png;0;1;0;0
1/4913.png;0;1;0;0
1/4914.png;0;1;0;0
1/4915.png;0;1;0;0
1/4916.png;0;1;0;0
1/4917.png;0;1;0;0
1/4918.png;0;1;0;0
1/4919.png;0;1;0;0
1/4920.png;0;1;0;0
1/4921.png;0;1;0;0
1/4922.png;0;1;0;0
1/4923.png;0;1;0;0
1/4924.png;0;1;0;0
1/4925.png;0;1;0;0
1/4926.png;0;1;0;0
1/4927.png;0;1;0;0
1/4928.png;0;1;0;0
1/4929.png;0;1;0;0
1/4930.png;0;1;0;0
1/4931.png;0;1;0;0
1/4932.png;0;1;0;0
1/4933.png;0;1;0;0
1/4934.png;0;1;0;0
1/4935.png;0;1;0;0
1/4936.png;0;1;0;0
1/4937.png;0;1;0;0
1/4938.png;0;1;0;0
1/4939.png;0;1;0;0
1/4940.png;0;1;0;0
1/4941.png;0;1;0;0
1/4942.png;0;1;0;0
1/4943.png;0;1;0;0
1/4944.png;0;1;0;0
1/4945.png;0;1;0;0
1/4946.png;0;1;0;0
1/4947.png;0;1;0;0
1/4948.png;0;1;0;0
1/4949.png;0;1;0;0
1/4950.png;0;1;0;0
1/4951.png;0;1;0;0
1/4952.png;0;1;0;0
1/4953.png;0;1;0;0
1/4954.png;0;1;0;0
1/4955.png;0;1;0;0
1/4956.png;0;1;0;0
1/4957.png;0;1;0;0
1/4958.png;0;1;0;0
1/4959.png;0;1;0;0
1/4960.png;0;1;0;0
1/4961.png;0;1;0;0
1/4962.png;0;1;0;0
1/4963.png;0;1;0;0
1/4964.png;0;1;0;0
1/4965.png;0;1;0;0
1/4966.png;0;1;0;0
1/4967.png;0;1;0;0
1/4968.png;0;1;0;0
1/4969.png;0;1;0;0
1/4970.png;0;1;0;0
1/4971.png;0;1;0;0
1/4972.png;0;1;0;0
1/4973.png;0;1;0;0
1/4974.png;0;1;0;0
1/4975.png;0;1;0;0
1/4976.png;0;1;0;0
1/4977.png;0;1;0;0
1/4978.png;0;1;0;0
1/4979.png;0;1;0;0
1/4980.png;0;1;0;0
1/4981.png;0;1;0;0
1/4982.png;0;1;0;0
1/4983.png;0;1;0;0
1/4984.png;0;1;0;0
1/4985.png;0;1;0;0
1/4986.png;0;1;0;0
1/4987.png;0;1;0;0
1/4988.png;0;1;0;0
1/4989.png;0;1;0;0
1/4990.png;0;1;0;0
1/4991.png;0;1;0;0
1/4992.png;0;1;0;0
1/4993.png;0;1;0;0
1/4994.png;0;1;0;0
1/4995.png;0;1;0;0
1/4996.png;0;1;0;0
1/4997.png;0;1;0;0
1/4998.png;0;1;0;0
1/4999.png;0;1;0;0
1/5000.png;0;1;0;0
10/0001.png;9;1;0;0
10/0002.png;9;1;0;0
10/0003.png;9;1;0;0
10/0004.png;9;1;0;0
10/0005.png;9;1;0;0
10/0006.png;9;1;0;0
10/0007.png;9;1;0;0
10/0008.png;9;1;0;0
10/0009.png;9;1;0;0
10/0010.png;9;1;0;0
10/0011.png;9;1;0;0
10/0012.png;9;1;0;0
10/0013.png;9;1;0;0
10/0014.png;9;1;0;0
10/0015.png;9;1;0;0
10/0016.png;9;1;0;0
10/0017.png;9;1;0;0
10/0018.png;9;1;0;0
10/0019.png;9;1;0;0
10/0020.png;9;1;0;0
10/0021.png;9;1;0;0
10/0022.png;9;1;0;0
10/0023.png;9;1;0;0
10/0024.png;9;1;0;0
10/0025.png;9;1;0;0
10/0026.png;9;1;0;0
10/0027.png;9;1;0;0
10/0028.png;9;1;0;0
10/0029.png;9;1;0;0
10/0030.png;9;1;0;0
10/0031.png;9;1;0;0
10/0032.png;9;1;0;0
10/0033.png;9;1;0;0
10/0034.png;9;1;0;0
10/0035.png;9;1;0;0
10/0036.png;9;1;0;0
10/0037.png;9;1;0;0
10/0038.png;9;1;0;0
10/0039.png;9;1;0;0
10/0040.png;9;1;0;0
10/0041.png;9;1;0;0
10/0042.png;9;1;0;0
10/0043.png;9;1;0;0
10/0044.png;9;1;0;0
10/0045.png;9;1;0;0
10/0046.png;9;1;0;0
10/0047.png;9;1;0;0
10/0048.png;9;1;0;0
10/0049.png;9;1;0;0
10/0050.png;9;1;0;0
10/0051.png;9;1;0;0
10/0052.png;9;1;0;0
10/0053.png;9;1;0;0
10/0054.png;9;1;0;0
10/0055.png;9;1;0;0
10/0056.png;9;1;0;0
10/0057.png;9;1;0;0
10/0058.png;9;1;0;0
10/0059.png;9;1;0;0
10/0060.png;9;1;0;0
10/0061.png;9;1;0;0
10/0062.png;9;1;0;0
10/0063.png;9;1;0;0
10/0064.png;9;1;0;0
10/0065.png;9;1;0;0
10/0066.png;9;1;0;0
10/0067.png;9;1;0;0
10/0068.png;9;1;0;0
10/0069.png;9;1;0;0
10/0070.png;9;1;0;0
10/0071.png;9;1;0;0
10/0072.png;9;1;0;0
10/0073.png;9;1;0;0
10/0074.png;9;1;0;0
10/0075.png;9;1;0;0
10/0076.png;9;1;0;0
10/0077.png;9;1;0;0
10/0078.png;9;1;0;0
10/0079.png;9;1;0;0
10/0080.png;9;1;0;0
10/0081.png;9;1;0;0
10/0082.png;9;1;0;0
10/0083.png;9;1;0;0
10/0084.png;9;1;0;0
10/0085.png;9;1;0;0
10/0086.png;9;1;0;0
10/0087.png;9;1;0;0
10/0088.png;9;1;0;0
10/0089.png;9;1;0;0
10/0090.png;9;1;0;0
10/0091.png;9;1;0;0
10/0092.png;9;1;0;0
10/0093.png;9;1;0;0
10/0094.png;9;1;0;0
10/0095.png;9;1;0;0
10/0096.png;9;1;0;0
10/0097.png;9;1;0;0
10/0098.png;9;1;0;0
10/0099.png;9;1;0;0
10/0100.png;9;1;0;0
10/0101.png;9;1;0;0
10/0102.png;9;1;0;0
10/0103.png;9;1;0;0
10/0104.png;9;1;0;0
10/0105.png;9;1;0;0
10/0106.png;9;1;0;0
10/0107.png;9;1;0;0
10/0108.png;9;1;0;0
10/0109.png;9;1;0;0
10/0110.png;9;1;0;0
10/0111.png;9;1;0;0
10/0112.png;9;1;0;0
10/0113.png;9;1;0;0
10/0114.png;9;1;0;0
10/0115.png;9;1;0;0
10/0116.png;9;1;0;0
10/0117.png;9;1;0;0
10/0118.png;9;1;0;0
10/0119.png;9;1;0;0
10/0120.png;9;1;0;0
10/0121.png;9;1;0;0
10/0122.png;9;1;0;0
10/0123.png;9;1;0;0
10/0124.png;9;1;0;0
10/0125.png;9;1;0;0
10/0126.png;9;1;0;0
10/0127.png;9;1;0;0
10/0128.png;9;1;0;0
10/0129.png;9;1;0;0
10/0130.png;9;1;0;0
10/0131.png;9;1;0;0
10/0132.png;9;1;0;0
10/0133.png;9;1;0;0
10/0134.png;9;1;0;0
10/0135.png;9;1;0;0
10/0136.png;9;1;0;0
10/0137.png;9;1;0;0
10/0138.png;9;1;0;0
10/0139.png;9;1;0;0
10/0140.png;9;1;0;0
10/0141.png;9;1;0;0
10/0142.png;9;1;0;0
10/0143.png;9;1;0;0
10/0144.png;9;1;0;0
10/0145.png;9;1;0;0
10/0146.png;9;1;0;0
10/0147.png;9;1;0;0
10/0148.png;9;1;0;0
10/0149.png;9;1;0;0
10/0150.png;9;1;0;0
10/0151.png;9;1;0;0
10/0152.png;9;1;0;0
10/0153.png;9;1;0;0
10/0154.png;9;1;0;0
10/0155.png;9;1;0;0
10/0156.png;9;1;0;0
10/0157.png;9;1;0;0
10/0158.png;9;1;0;0
10/0159.png;9;1;0;0
10/0160.png;9;1;0;0
10/0161.png;9;1;0;0
10/0162.png;9;1;0;0
10/0163.png;9;1;0;0
10/0164.png;9;1;0;0
10/0165.png;9;1;0;0
10/0166.png;9;1;0;0
10/0167.png;9;1;0;0
10/0168.png;9;1;0;0
10/0169.png;9;1;0;0
10/0170.png;9;1;0;0
10/0171.png;9;1;0;0
10/0172.png;9;1;0;0
10/0173.png;9;1;0;0
10/0174.png;9;1;0;0
10/0175.png;9;1;0;0
10/0176.png;9;1;0;0
10/0177.png;9;1;0;0
10/0178.png;9;1;0;0
10/0179.png;9;1;0;0
10/0180.png;9;1;0;0
10/0181.png;9;1;0;0
10/0182.png;9;1;0;0
10/0183.png;9;1;0;0
10/0184.png;9;1;0;0
10/0185.png;9;1;0;0
10/0186.png;9;1;0;0
10/0187.png;9;1;0;0
10/0188.png;9;1;0;0
10/0189.png;9;1;0;0
10/0190.png;9;1;0;0
10/0191.png;9;1;0;0
10/0192.png;9;1;0;0
10/0193.png;9;1;0;0
10/0194.png;9;1;0;0
10/0195.png;9;1;0;0
10/0196.png;9;1;0;0
10/0197.png;9;1;0;0
10/0198.png;9;1;0;0
10/0199.png;9;1;0;0
10/0200.png;9;1;0;0
10/0201.png;9;1;0;0
10/0202.png;9;1;0;0
10/0203.png;9;1;0;0
10/0204.png;9;1;0;0
10/0205.png;9;1;0;0
10/0206.png;9;1;0;0
10/0207.png;9;1;0;0
10/0208.png;9;1;0;0
10/0209.png;9;1;0;0
10/0210.png;9;1;0;0
10/0211.png;9;1;0;0
10/0212.png;9;1;0;0
10/0213.png;9;1;0;0
10/0214.png;9;1;0;0
10/0215.png;9;1;0;0
10/0216.png;9;1;0;0
10/0217.png;9;1;0;0
10/0218.png;9;1;0;0
10/0219.png;9;1;0;0
10/0220.png;9;1;0;0
10/0221.png;9;1;0;0
10/0222.png;9;1;0;0
10/0223.png;9;1;0;0
10/0224.png;9;1;0;0
10/0225.png;9;1;0;0
10/0226.png;9;1;0;0
10/0227.png;9;1;0;0
10/0228.png;9;1;0;0
10/0229.png;9;1;0;0
10/0230.png;9;1;0;0
10/0231.png;9;1;0;0
10/0232.png;9;1;0;0
10/0233.png;9;1;0;0
10/0234.png;9;1;0;0
10/0235.png;9;1;0;0
10/0236.png;9;1;0;0
10/0237.png;9;1;0;0
10/0238.png;9;1;0;0
10/0239.png;9;1;0;0
10/0240.png;9;1;0;0
10/0241.png;9;1;0;0
10/0242.png;9;1;0;0
10/0243.png;9;1;0;0
10/0244.png;9;1;0;0
10/0245.png;9;1;0;0
10/0246.png;9;1;0;0
10/0247.png;9;1;0;0
10/0248.png;9;1;0;0
10/0249.png;9;1;0;0
10/0250.png;9;1;0;0
10/0251.png;9;1;0;0
10/0252.png;9;1;0;0
10/0253.png;9;1;0;0
10/0254.png;9;1;0;0
10/0255.png;9;1;0;0
10/0256.png;9;1;0;0
10/0257.png;9;1;0;0
10/0258.png;9;1;0;0
10/0259.png;9;1;0;0
10/0260.png;9;1;0;0
10/0261.png;9;1;0;0
10/0262.png;9;1;0;0
10/0263.png;9;1;0;0
10/0264.png;9;1;0;0
10/0265.png;9;1;0;0
10/0266.png;9;1;0;0
10/0267.png;9;1;0;0
10/0268.png;9;1;0;0
10/0269.png;9;1;0;0
10/0270.png;9;1;0;0
10/0271.png;9;1;0;0
10/0272.png;9;1;0;0
10/0273.png;9;1;0;0
10/0274.png;9;1;0;0
10/0275.png;9;1;0;0
10/0276.png;9;1;0;0
10/0277.png;9;1;0;0
10/0278.png;9;1;0;0
10/0279.png;9;1;0;0
10/0280.png;9;1;0;0
10/0281.png;9;1;0;0
10/0282.png;9;1;0;0
10/0283.png;9;1;0;0
10/0284.png;9;1;0;0
10/0285.png;9;1;0;0
10/0286.png;9;1;0;0
10/0287.png;9;1;0;0
10/0288.png;9;1;0;0
10/0289.png;9;1;0;0
10/0290.png;9;1;0;0
10/0291.png;9;1;0;0
10/0292.png;9;1;0;0
10/0293.png;9;1;0;0
10/0294.png;9;1;0;0
10/0295.png;9;1;0;0
10/0296.png;9;1;0;0
10/0297.png;9;1;0;0
10/0298.png;9;1;0;0
10/0299.png;9;1;0;0
10/0300.png;9;1;0;0
10/0301.png;9;1;0;0
10/0302.png;9;1;0;0
10/0303.png;9;1;0;0
10/0304.png;9;1;0;0
10/0305.png;9;1;0;0
10/0306.png;9;1;0;0
10/0307.png;9;1;0;0
10/0308.png;9;1;0;0
10/0309.png;9;1;0;0
10/0310.png;9;1;0;0
10/0311.png;9;1;0;0
10/0312.png;9;1;0;0
10/0313.png;9;1;0;0
10/0314.png;9;1;0;0
10/0315.png;9;1;0;0
10/0316.png;9;1;0;0
10/0317.png;9;1;0;0
10/0318.png;9;1;0;0
10/0319.png;9;1;0;0
10/0320.png;9;1;0;0
10/0321.png;9;1;0;0
10/0322.png;9;1;0;0
10/0323.png;9;1;0;0
10/0324.png;9;1;0;0
10/0325.png;9;1;0;0
10/0326.png;9;1;0;0
10/0327.png;9;1;0;0
10/0328.png;9;1;0;0
10/0329.png;9;1;0;0
10/0330.png;9;1;0;0
10/0331.png;9;1;0;0
10/0332.png;9;1;0;0
10/0333.png;9;1;0;0
10/0334.png;9;1;0;0
10/0335.png;9;1;0;0
10/0336.png;9;1;0;0
10/0337.png;9;1;0;0
10/0338.png;9;1;0;0
10/0339.png;9;1;0;0
10/0340.png;9;1;0;0
10/0341.png;9;1;0;0
10/0342.png;9;1;0;0
10/0343.png;9;1;0;0
10/0344.png;9;1;0;0
10/0345.png;9;1;0;0
10/0346.png;9;1;0;0
10/0347.png;9;1;0;0
10/0348.png;9;1;0;0
10/0349.png;9;1;0;0
10/0350.png;9;1;0;0
10/0351.png;9;1;0;0
10/0352.png;9;1;0;0
10/0353.png;9;1;0;0
10/0354.png;9;1;0;0
10/0355.png;9;1;0;0
10/0356.png;9;1;0;0
10/0357.png;9;1;0;0
10/0358.png;9;1;0;0
10/0359.png;9;1;0;0
10/0360.png;9;1;0;0
10/0361.png;9;1;0;0
10/0362.png;9;1;0;0
10/0363.png;9;1;0;0
10/0364.png;9;1;0;0
10/0365.png;9;1;0;0
10/0366.png;9;1;0;0
10/0367.png;9;1;0;0
10/0368.png;9;1;0;0
10/0369.png;9;1;0;0
10/0370.png;9;1;0;0
10/0371.png;9;1;0;0
10/0372.png;9;1;0;0
10/0373.png;9;1;0;0
10/0374.png;9;1;0;0
10/0375.png;9;1;0;0
10/0376.png;9;1;0;0
10/0377.png;9;1;0;0
10/0378.png;9;1;0;0
10/0379.png;9;1;0;0
10/0380.png;9;1;0;0
10/0381.png;9;1;0;0
10/0382.png;9;1;0;0
10/0383.png;9;1;0;0
10/0384.png;9;1;0;0
10/0385.png;9;1;0;0
10/0386.png;9;1;0;0
10/0387.png;9;1;0;0
10/0388.png;9;1;0;0
10/0389.png;9;1;0;0
10/0390.png;9;1;0;0
10/0391.png;9;1;0;0
10/0392.png;9;1;0;0
10/0393.png;9;1;0;0
10/0394.png;9;1;0;0
10/0395.png;9;1;0;0
10/0396.png;9;1;0;0
10/0397.png;9;1;0;0
10/0398.png;9;1;0;0
10/0399.png;9;1;0;0
10/0400.png;9;1;0;0
10/0401.png;9;1;0;0
10/0402.png;9;1;0;0
10/0403.png;9;1;0;0
10/0404.png;9;1;0;0
10/0405.png;9;1;0;0
10/0406.png;9;1;0;0
10/0407.png;9;1;0;0
10/0408.png;9;1;0;0
10/0409.png;9;1;0;0
10/0410.png;9;1;0;0
10/0411.png;9;1;0;0
10/0412.png;9;1;0;0
10/0413.png;9;1;0;0
10/0414.png;9;1;0;0
10/0415.png;9;1;0;0
10/0416.png;9;1;0;0
10/0417.png;9;1;0;0
10/0418.png;9;1;0;0
10/0419.png;9;1;0;0
10/0420.png;9;1;0;0
10/0421.png;9;1;0;0
10/0422.png;9;1;0;0
10/0423.png;9;1;0;0
10/0424.png;9;1;0;0
10/0425.png;9;1;0;0
10/0426.png;9;1;0;0
10/0427.png;9;1;0;0
10/0428.png;9;1;0;0
10/0429.png;9;1;0;0
10/0430.png;9;1;0;0
10/0431.png;9;1;0;0
10/0432.png;9;1;0;0
10/0433.png;9;1;0;0
10/0434.png;9;1;0;0
10/0435.png;9;1;0;0
10/0436.png;9;1;0;0
10/0437.png;9;1;0;0
10/0438.png;9;1;0;0
10/0439.png;9;1;0;0
10/0440.png;9;1;0;0
10/0441.png;9;1;0;0
10/0442.png;9;1;0;0
10/0443.png;9;1;0;0
10/0444.png;9;1;0;0
10/0445.png;9;1;0;0
10/0446.png;9;1;0;0
10/0447.png;9;1;0;0
10/0448.png;9;1;0;0
10/0449.png;9;1;0;0
10/0450.png;9;1;0;0
10/0451.png;9;1;0;0
10/0452.png;9;1;0;0
10/0453.png;9;1;0;0
10/0454.png;9;1;0;0
10/0455.png;9;1;0;0
10/0456.png;9;1;0;0
10/0457.png;9;1;0;0
10/0458.png;9;1;0;0
10/0459.png;9;1;0;0
10/0460.png;9;1;0;0
10/0461.png;9;1;0;0
10/0462.png;9;1;0;0
10/0463.png;9;1;0;0
10/0464.png;9;1;0;0
10/0465.png;9;1;0;0
10/0466.png;9;1;0;0
10/0467.png;9;1;0;0
10/0468.png;9;1;0;0
10/0469.png;9;1;0;0
10/0470.png;9;1;0;0
10/0471.png;9;1;0;0
10/0472.png;9;1;0;0
10/0473.png;9;1;0;0
10/0474.png;9;1;0;0
10/0475.png;9;1;0;0
10/0476.png;9;1;0;0
10/0477.png;9;1;0;0
10/0478.png;9;1;0;0
10/0479.png;9;1;0;0
10/0480.png;9;1;0;0
10/0481.png;9;1;0;0
10/0482.png;9;1;0;0
10/0483.png;9;1;0;0
10/0484.png;9;1;0;0
10/0485.png;9;1;0;0
10/0486.png;9;1;0;0
10/0487.png;9;1;0;0
10/0488.png;9;1;0;0
10/0489.png;9;1;0;0
10/0490.png;9;1;0;0
10/0491.png;9;1;0;0
10/0492.png;9;1;0;0
10/0493.png;9;1;0;0
10/0494.png;9;1;0;0
10/0495.png;9;1;0;0
10/0496.png;9;1;0;0
10/0497.png;9;1;0;0
10/0498.png;9;1;0;0
10/0499.png;9;1;0;0
10/0500.png;9;1;0;0
10/0501.png;9;1;0;0
10/0502.png;9;1;0;0
10/0503.png;9;1;0;0
10/0504.png;9;1;0;0
10/0505.png;9;1;0;0
10/0506.png;9;1;0;0
10/0507.png;9;1;0;0
10/0508.png;9;1;0;0
10/0509.png;9;1;0;0
10/0510.png;9;1;0;0
10/0511.png;9;1;0;0
10/0512.png;9;1;0;0
10/0513.png;9;1;0;0
10/0514.png;9;1;0;0
10/0515.png;9;1;0;0
10/0516.png;9;1;0;0
10/0517.png;9;1;0;0
10/0518.png;9;1;0;0
10/0519.png;9;1;0;0
10/0520.png;9;1;0;0
10/0521.png;9;1;0;0
10/0522.png;9;1;0;0
10/0523.png;9;1;0;0
10/0524.png;9;1;0;0
10/0525.png;9;1;0;0
10/0526.png;9;1;0;0
10/0527.png;9;1;0;0
10/0528.png;9;1;0;0
10/0529.png;9;1;0;0
10/0530.png;9;1;0;0
10/0531.png;9;1;0;0
10/0532.png;9;1;0;0
10/0533.png;9;1;0;0
10/0534.png;9;1;0;0
10/0535.png;9;1;0;0
10/0536.png;9;1;0;0
10/0537.png;9;1;0;0
10/0538.png;9;1;0;0
10/0539.png;9;1;0;0
10/0540.png;9;1;0;0
10/0541.png;9;1;0;0
10/0542.png;9;1;0;0
10/0543.png;9;1;0;0
10/0544.png;9;1;0;0
10/0545.png;9;1;0;0
10/0546.png;9;1;0;0
10/0547.png;9;1;0;0
10/0548.png;9;1;0;0
10/0549.png;9;1;0;0
10/0550.png;9;1;0;0
10/0551.png;9;1;0;0
10/0552.png;9;1;0;0
10/0553.png;9;1;0;0
10/0554.png;9;1;0;0
10/0555.png;9;1;0;0
10/0556.png;9;1;0;0
10/0557.png;9;1;0;0
10/0558.png;9;1;0;0
10/0559.png;9;1;0;0
10/0560.png;9;1;0;0
10/0561.png;9;1;0;0
10/0562.png;9;1;0;0
10/0563.png;9;1;0;0
10/0564.png;9;1;0;0
10/0565.png;9;1;0;0
10/0566.png;9;1;0;0
10/0567.png;9;1;0;0
10/0568.png;9;1;0;0
10/0569.png;9;1;0;0
10/0570.png;9;1;0;0
10/0571.png;9;1;0;0
10/0572.png;9;1;0;0
10/0573.png;9;1;0;0
10/0574.png;9;1;0;0
10/0575.png;9;1;0;0
10/0576.png;9;1;0;0
10/0577.png;9;1;0;0
10/0578.png;9;1;0;0
10/0579.png;9;1;0;0
10/0580.png;9;1;0;0
10/0581.png;9;1;0;0
10/0582.png;9;1;0;0
10/0583.png;9;1;0;0
10/0584.png;9;1;0;0
10/0585.png;9;1;0;0
10/0586.png;9;1;0;0
10/0587.png;9;1;0;0
10/0588.png;9;1;0;0
10/0589.png;9;1;0;0
10/0590.png;9;1;0;0
10/0591.png;9;1;0;0
10/0592.png;9;1;0;0
10/0593.png;9;1;0;0
10/0594.png;9;1;0;0
10/0595.png;9;1;0;0
10/0596.png;9;1;0;0
10/0597.png;9;1;0;0
10/0598.png;9;1;0;0
10/0599.png;9;1;0;0
10/0600.png;9;1;0;0
10/0601.png;9;1;0;0
10/0602.png;9;1;0;0
10/0603.png;9;1;0;0
10/0604.png;9;1;0;0
10/0605.png;9;1;0;0
10/0606.png;9;1;0;0
10/0607.png;9;1;0;0
10/0608.png;9;1;0;0
10/0609.png;9;1;0;0
10/0610.png;9;1;0;0
10/0611.png;9;1;0;0
10/0612.png;9;1;0;0
10/0613.png;9;1;0;0
10/0614.png;9;1;0;0
10/0615.png;9;1;0;0
10/0616.png;9;1;0;0
10/0617.png;9;1;0;0
10/0618.png;9;1;0;0
10/0619.png;9;1;0;0
10/0620.png;9;1;0;0
10/0621.png;9;1;0;0
10/0622.png;9;1;0;0
10/0623.png;9;1;0;0
10/0624.png;9;1;0;0
10/0625.png;9;1;0;0
10/0626.png;9;1;0;0
10/0627.png;9;1;0;0
10/0628.png;9;1;0;0
10/0629.png;9;1;0;0
10/0630.png;9;1;0;0
10/0631.png;9;1;0;0
10/0632.png;9;1;0;0
10/0633.png;9;1;0;0
10/0634.png;9;1;0;0
10/0635.png;9;1;0;0
10/0636.png;9;1;0;0
10/0637.png;9;1;0;0
10/0638.png;9;1;0;0
10/0639.png;9;1;0;0
10/0640.png;9;1;0;0
10/0641.png;9;1;0;0
10/0642.png;9;1;0;0
10/0643.png;9;1;0;0
10/0644.png;9;1;0;0
10/0645.png;9;1;0;0
10/0646.png;9;1;0;0
10/0647.png;9;1;0;0
10/0648.png;9;1;0;0
10/0649.png;9;1;0;0
10/0650.png;9;1;0;0
10/0651.png;9;1;0;0
10/0652.png;9;1;0;0
10/0653.png;9;1;0;0
10/0654.png;9;1;0;0
10/0655.png;9;1;0;0
10/0656.png;9;1;0;0
10/0657.png;9;1;0;0
10/0658.png;9;1;0;0
10/0659.png;9;1;0;0
10/0660.png;9;1;0;0
10/0661.png;9;1;0;0
10/0662.png;9;1;0;0
10/0663.png;9;1;0;0
10/0664.png;9;1;0;0
10/0665.png;9;1;0;0
10/0666.png;9;1;0;0
10/0667.png;9;1;0;0
10/0668.png;9;1;0;0
10/0669.png;9;1;0;0
10/0670.png;9;1;0;0
10/0671.png;9;1;0;0
10/0672.png;9;1;0;0
10/0673.png;9;1;0;0
10/0674.png;9;1;0;0
10/0675.png;9;1;0;0
10/0676.png;9;1;0;0
10/0677.png;9;1;0;0
10/0678.png;9;1;0;0
10/0679.png;9;1;0;0
10/0680.png;9;1;0;0
10/0681.png;9;1;0;0
10/0682.png;9;1;0;0
10/0683.png;9;1;0;0
10/0684.png;9;1;0;0
10/0685.png;9;1;0;0
10/0686.png;9;1;0;0
10/0687.png;9;1;0;0
10/0688.png;9;1;0;0
10/0689.png;9;1;0;0
10/0690.png;9;1;0;0
10/0691.png;9;1;0;0
10/0692.png;9;1;0;0
10/0693.png;9;1;0;0
10/0694.png;9;1;0;0
10/0695.png;9;1;0;0
10/0696.png;9;1;0;0
10/0697.png;9;1;0;0
10/0698.png;9;1;0;0
10/0699.png;9;1;0;0
10/0700.png;9;1;0;0
10/0701.png;9;1;0;0
10/0702.png;9;1;0;0
10/0703.png;9;1;0;0
10/0704.png;9;1;0;0
10/0705.png;9;1;0;0
10/0706.png;9;1;0;0
10/0707.png;9;1;0;0
10/0708.png;9;1;0;0
10/0709.png;9;1;0;0
10/0710.png;9;1;0;0
10/0711.png;9;1;0;0
10/0712.png;9;1;0;0
10/0713.png;9;1;0;0
10/0714.png;9;1;0;0
10/0715.png;9;1;0;0
10/0716.png;9;1;0;0
10/0717.png;9;1;0;0
10/0718.png;9;1;0;0
10/0719.png;9;1;0;0
10/0720.png;9;1;0;0
10/0721.png;9;1;0;0
10/0722.png;9;1;0;0
10/0723.png;9;1;0;0
10/0724.png;9;1;0;0
10/0725.png;9;1;0;0
10/0726.png;9;1;0;0
10/0727.png;9;1;0;0
10/0728.png;9;1;0;0
10/0729.png;9;1;0;0
10/0730.png;9;1;0;0
10/0731.png;9;1;0;0
10/0732.png;9;1;0;0
10/0733.png;9;1;0;0
10/0734.png;9;1;0;0
10/0735.png;9;1;0;0
10/0736.png;9;1;0;0
10/0737.png;9;1;0;0
10/0738.png;9;1;0;0
10/0739.png;9;1;0;0
10/0740.png;9;1;0;0
10/0741.png;9;1;0;0
10/0742.png;9;1;0;0
10/0743.png;9;1;0;0
10/0744.png;9;1;0;0
10/0745.png;9;1;0;0
10/0746.png;9;1;0;0
10/0747.png;9;1;0;0
10/0748.png;9;1;0;0
10/0749.png;9;1;0;0
10/0750.png;9;1;0;0
10/0751.png;9;1;0;0
10/0752.png;9;1;0;0
10/0753.png;9;1;0;0
10/0754.png;9;1;0;0
10/0755.png;9;1;0;0
10/0756.png;9;1;0;0
10/0757.png;9;1;0;0
10/0758.png;9;1;0;0
10/0759.png;9;1;0;0
10/0760.png;9;1;0;0
10/0761.png;9;1;0;0
10/0762.png;9;1;0;0
10/0763.png;9;1;0;0
10/0764.png;9;1;0;0
10/0765.png;9;1;0;0
10/0766.png;9;1;0;0
10/0767.png;9;1;0;0
10/0768.png;9;1;0;0
10/0769.png;9;1;0;0
10/0770.png;9;1;0;0
10/0771.png;9;1;0;0
10/0772.png;9;1;0;0
10/0773.png;9;1;0;0
10/0774.png;9;1;0;0
10/0775.png;9;1;0;0
10/0776.png;9;1;0;0
10/0777.png;9;1;0;0
10/0778.png;9;1;0;0
10/0779.png;9;1;0;0
10/0780.png;9;1;0;0
10/0781.png;9;1;0;0
10/0782.png;9;1;0;0
10/0783.png;9;1;0;0
10/0784.png;9;1;0;0
10/0785.png;9;1;0;0
10/0786.png;9;1;0;0
10/0787.png;9;1;0;0
10/0788.png;9;1;0;0
10/0789.png;9;1;0;0
10/0790.png;9;1;0;0
10/0791.png;9;1;0;0
10/0792.png;9;1;0;0
10/0793.png;9;1;0;0
10/0794.png;9;1;0;0
10/0795.png;9;1;0;0
10/0796.png;9;1;0;0
10/0797.png;9;1;0;0
10/0798.png;9;1;0;0
10/0799.png;9;1;0;0
10/0800.png;9;1;0;0
10/0801.png;9;1;0;0
10/0802.png;9;1;0;0
10/0803.png;9;1;0;0
10/0804.png;9;1;0;0
10/0805.png;9;1;0;0
10/0806.png;9;1;0;0
10/0807.png;9;1;0;0
10/0808.png;9;1;0;0
10/0809.png;9;1;0;0
10/0810.png;9;1;0;0
10/0811.png;9;1;0;0
10/0812.png;9;1;0;0
10/0813.png;9;1;0;0
10/0814.png;9;1;0;0
10/0815.png;9;1;0;0
10/0816.png;9;1;0;0
10/0817.png;9;1;0;0
10/0818.png;9;1;0;0
10/0819.png;9;1;0;0
10/0820.png;9;1;0;0
10/0821.png;9;1;0;0
10/0822.png;9;1;0;0
10/0823.png;9;1;0;0
10/0824.png;9;1;0;0
10/0825.png;9;1;0;0
10/0826.png;9;1;0;0
10/0827.png;9;1;0;0
10/0828.png;9;1;0;0
10/0829.png;9;1;0;0
10/0830.png;9;1;0;0
10/0831.png;9;1;0;0
10/0832.png;9;1;0;0
10/0833.png;9;1;0;0
10/0834.png;9;1;0;0
10/0835.png;9;1;0;0
10/0836.png;9;1;0;0
10/0837.png;9;1;0;0
10/0838.png;9;1;0;0
10/0839.png;9;1;0;0
10/0840.png;9;1;0;0
10/0841.png;9;1;0;0
10/0842.png;9;1;0;0
10/0843.png;9;1;0;0
10/0844.png;9;1;0;0
10/0845.png;9;1;0;0
10/0846.png;9;1;0;0
10/0847.png;9;1;0;0
10/0848.png;9;1;0;0
10/0849.png;9;1;0;0
10/0850.png;9;1;0;0
10/0851.png;9;1;0;0
10/0852.png;9;1;0;0
10/0853.png;9;1;0;0
10/0854.png;9;1;0;0
10/0855.png;9;1;0;0
10/0856.png;9;1;0;0
10/0857.png;9;1;0;0
10/0858.png;9;1;0;0
10/0859.png;9;1;0;0
10/0860.png;9;1;0;0
10/0861.png;9;1;0;0
10/0862.png;9;1;0;0
10/0863.png;9;1;0;0
10/0864.png;9;1;0;0
10/0865.png;9;1;0;0
10/0866.png;9;1;0;0
10/0867.png;9;1;0;0
10/0868.png;9;1;0;0
10/0869.png;9;1;0;0
10/0870.png;9;1;0;0
10/0871.png;9;1;0;0
10/0872.png;9;1;0;0
10/0873.png;9;1;0;0
10/0874.png;9;1;0;0
10/0875.png;9;1;0;0
10/0876.png;9;1;0;0
10/0877.png;9;1;0;0
10/0878.png;9;1;0;0
10/0879.png;9;1;0;0
10/0880.png;9;1;0;0
10/0881.png;9;1;0;0
10/0882.png;9;1;0;0
10/0883.png;9;1;0;0
10/0884.png;9;1;0;0
10/0885.png;9;1;0;0
10/0886.png;9;1;0;0
10/0887.png;9;1;0;0
10/0888.png;9;1;0;0
10/0889.png;9;1;0;0
10/0890.png;9;1;0;0
10/0891.png;9;1;0;0
10/0892.png;9;1;0;0
10/0893.png;9;1;0;0
10/0894.png;9;1;0;0
10/0895.png;9;1;0;0
10/0896.png;9;1;0;0
10/0897.png;9;1;0;0
10/0898.png;9;1;0;0
10/0899.png;9;1;0;0
10/0900.png;9;1;0;0
10/0901.png;9;1;0;0
10/0902.png;9;1;0;0
10/0903.png;9;1;0;0
10/0904.png;9;1;0;0
10/0905.png;9;1;0;0
10/0906.png;9;1;0;0
10/0907.png;9;1;0;0
10/0908.png;9;1;0;0
10/0909.png;9;1;0;0
10/0910.png;9;1;0;0
10/0911.png;9;1;0;0
10/0912.png;9;1;0;0
10/0913.png;9;1;0;0
10/0914.png;9;1;0;0
10/0915.png;9;1;0;0
10/0916.png;9;1;0;0
10/0917.png;9;1;0;0
10/0918.png;9;1;0;0
10/0919.png;9;1;0;0
10/0920.png;9;1;0;0
10/0921.png;9;1;0;0
10/0922.png;9;1;0;0
10/0923.png;9;1;0;0
10/0924.png;9;1;0;0
10/0925.png;9;1;0;0
10/0926.png;9;1;0;0
10/0927.png;9;1;0;0
10/0928.png;9;1;0;0
10/0929.png;9;1;0;0
10/0930.png;9;1;0;0
10/0931.png;9;1;0;0
10/0932.png;9;1;0;0
10/0933.png;9;1;0;0
10/0934.png;9;1;0;0
10/0935.png;9;1;0;0
10/0936.png;9;1;0;0
10/0937.png;9;1;0;0
10/0938.png;9;1;0;0
10/0939.png;9;1;0;0
10/0940.png;9;1;0;0
10/0941.png;9;1;0;0
10/0942.png;9;1;0;0
10/0943.png;9;1;0;0
10/0944.png;9;1;0;0
10/0945.png;9;1;0;0
10/0946.png;9;1;0;0
10/0947.png;9;1;0;0
10/0948.png;9;1;0;0
10/0949.png;9;1;0;0
10/0950.png;9;1;0;0
10/0951.png;9;1;0;0
10/0952.png;9;1;0;0
10/0953.png;9;1;0;0
10/0954.png;9;1;0;0
10/0955.png;9;1;0;0
10/0956.png;9;1;0;0
10/0957.png;9;1;0;0
10/0958.png;9;1;0;0
10/0959.png;9;1;0;0
10/0960.png;9;1;0;0
10/0961.png;9;1;0;0
10/0962.png;9;1;0;0
10/0963.png;9;1;0;0
10/0964.png;9;1;0;0
10/0965.png;9;1;0;0
10/0966.png;9;1;0;0
10/0967.png;9;1;0;0
10/0968.png;9;1;0;0
10/0969.png;9;1;0;0
10/0970.png;9;1;0;0
10/0971.png;9;1;0;0
10/0972.png;9;1;0;0
10/0973.png;9;1;0;0
10/0974.png;9;1;0;0
10/0975.png;9;1;0;0
10/0976.png;9;1;0;0
10/0977.png;9;1;0;0
10/0978.png;9;1;0;0
10/0979.png;9;1;0;0
10/0980.png;9;1;0;0
10/0981.png;9;1;0;0
10/0982.png;9;1;0;0
10/0983.png;9;1;0;0
10/0984.png;9;1;0;0
10/0985.png;9;1;0;0
10/0986.png;9;1;0;0
10/0987.png;9;1;0;0
10/0988.png;9;1;0;0
10/0989.png;9;1;0;0
10/0990.png;9;1;0;0
10/0991.png;9;1;0;0
10/0992.png;9;1;0;0
10/0993.png;9;1;0;0
10/0994.png;9;1;0;0
10/0995.png;9;1;0;0
10/0996.png;9;1;0;0
10/0997.png;9;1;0;0
10/0998.png;9;1;0;0
10/0999.png;9;1;0;0
10/1000.png;9;1;0;0
10/1001.png;9;1;0;0
10/1002.png;9;1;0;0
10/1003.png;9;1;0;0
10/1004.png;9;1;0;0
10/1005.png;9;1;0;0
10/1006.png;9;1;0;0
10/1007.png;9;1;0;0
10/1008.png;9;1;0;0
10/1009.png;9;1;0;0
10/1010.png;9;1;0;0
10/1011.png;9;1;0;0
10/1012.png;9;1;0;0
10/1013.png;9;1;0;0
10/1014.png;9;1;0;0
10/1015.png;9;1;0;0
10/1016.png;9;1;0;0
10/1017.png;9;1;0;0
10/1018.png;9;1;0;0
10/1019.png;9;1;0;0
10/1020.png;9;1;0;0
10/1021.png;9;1;0;0
10/1022.png;9;1;0;0
10/1023.png;9;1;0;0
10/1024.png;9;1;0;0
10/1025.png;9;1;0;0
10/1026.png;9;1;0;0
10/1027.png;9;1;0;0
10/1028.png;9;1;0;0
10/1029.png;9;1;0;0
10/1030.png;9;1;0;0
10/1031.png;9;1;0;0
10/1032.png;9;1;0;0
10/1033.png;9;1;0;0
10/1034.png;9;1;0;0
10/1035.png;9;1;0;0
10/1036.png;9;1;0;0
10/1037.png;9;1;0;0
10/1038.png;9;1;0;0
10/1039.png;9;1;0;0
10/1040.png;9;1;0;0
10/1041.png;9;1;0;0
10/1042.png;9;1;0;0
10/1043.png;9;1;0;0
10/1044.png;9;1;0;0
10/1045.png;9;1;0;0
10/1046.png;9;1;0;0
10/1047.png;9;1;0;0
10/1048.png;9;1;0;0
10/1049.png;9;1;0;0
10/1050.png;9;1;0;0
10/1051.png;9;1;0;0
10/1052.png;9;1;0;0
10/1053.png;9;1;0;0
10/1054.png;9;1;0;0
10/1055.png;9;1;0;0
10/1056.png;9;1;0;0
10/1057.png;9;1;0;0
10/1058.png;9;1;0;0
10/1059.png;9;1;0;0
10/1060.png;9;1;0;0
10/1061.png;9;1;0;0
10/1062.png;9;1;0;0
10/1063.png;9;1;0;0
10/1064.png;9;1;0;0
10/1065.png;9;1;0;0
10/1066.png;9;1;0;0
10/1067.png;9;1;0;0
10/1068.png;9;1;0;0
10/1069.png;9;1;0;0
10/1070.png;9;1;0;0
10/1071.png;9;1;0;0
10/1072.png;9;1;0;0
10/1073.png;9;1;0;0
10/1074.png;9;1;0;0
10/1075.png;9;1;0;0
10/1076.png;9;1;0;0
10/1077.png;9;1;0;0
10/1078.png;9;1;0;0
10/1079.png;9;1;0;0
10/1080.png;9;1;0;0
10/1081.png;9;1;0;0
10/1082.png;9;1;0;0
10/1083.png;9;1;0;0
10/1084.png;9;1;0;0
10/1085.png;9;1;0;0
10/1086.png;9;1;0;0
10/1087.png;9;1;0;0
10/1088.png;9;1;0;0
10/1089.png;9;1;0;0
10/1090.png;9;1;0;0
10/1091.png;9;1;0;0
10/1092.png;9;1;0;0
10/1093.png;9;1;0;0
10/1094.png;9;1;0;0
10/1095.png;9;1;0;0
10/1096.png;9;1;0;0
10/1097.png;9;1;0;0
10/1098.png;9;1;0;0
10/1099.png;9;1;0;0
10/1100.png;9;1;0;0
10/1101.png;9;1;0;0
10/1102.png;9;1;0;0
10/1103.png;9;1;0;0
10/1104.png;9;1;0;0
10/1105.png;9;1;0;0
10/1106.png;9;1;0;0
10/1107.png;9;1;0;0
10/1108.png;9;1;0;0
10/1109.png;9;1;0;0
10/1110.png;9;1;0;0
10/1111.png;9;1;0;0
10/1112.png;9;1;0;0
10/1113.png;9;1;0;0
10/1114.png;9;1;0;0
10/1115.png;9;1;0;0
10/1116.png;9;1;0;0
10/1117.png;9;1;0;0
10/1118.png;9;1;0;0
10/1119.png;9;1;0;0
10/1120.png;9;1;0;0
10/1121.png;9;1;0;0
10/1122.png;9;1;0;0
10/1123.png;9;1;0;0
10/1124.png;9;1;0;0
10/1125.png;9;1;0;0
10/1126.png;9;1;0;0
10/1127.png;9;1;0;0
10/1128.png;9;1;0;0
10/1129.png;9;1;0;0
10/1130.png;9;1;0;0
10/1131.png;9;1;0;0
10/1132.png;9;1;0;0
10/1133.png;9;1;0;0
10/1134.png;9;1;0;0
10/1135.png;9;1;0;0
10/1136.png;9;1;0;0
10/1137.png;9;1;0;0
10/1138.png;9;1;0;0
10/1139.png;9;1;0;0
10/1140.png;9;1;0;0
10/1141.png;9;1;0;0
10/1142.png;9;1;0;0
10/1143.png;9;1;0;0
10/1144.png;9;1;0;0
10/1145.png;9;1;0;0
10/1146.png;9;1;0;0
10/1147.png;9;1;0;0
10/1148.png;9;1;0;0
10/1149.png;9;1;0;0
10/1150.png;9;1;0;0
10/1151.png;9;1;0;0
10/1152.png;9;1;0;0
10/1153.png;9;1;0;0
10/1154.png;9;1;0;0
10/1155.png;9;1;0;0
10/1156.png;9;1;0;0
10/1157.png;9;1;0;0
10/1158.png;9;1;0;0
10/1159.png;9;1;0;0
10/1160.png;9;1;0;0
10/1161.png;9;1;0;0
10/1162.png;9;1;0;0
10/1163.png;9;1;0;0
10/1164.png;9;1;0;0
10/1165.png;9;1;0;0
10/1166.png;9;1;0;0
10/1167.png;9;1;0;0
10/1168.png;9;1;0;0
10/1169.png;9;1;0;0
10/1170.png;9;1;0;0
10/1171.png;9;1;0;0
10/1172.png;9;1;0;0
10/1173.png;9;1;0;0
10/1174.png;9;1;0;0
10/1175.png;9;1;0;0
10/1176.png;9;1;0;0
10/1177.png;9;1;0;0
10/1178.png;9;1;0;0
10/1179.png;9;1;0;0
10/1180.png;9;1;0;0
10/1181.png;9;1;0;0
10/1182.png;9;1;0;0
10/1183.png;9;1;0;0
10/1184.png;9;1;0;0
10/1185.png;9;1;0;0
10/1186.png;9;1;0;0
10/1187.png;9;1;0;0
10/1188.png;9;1;0;0
10/1189.png;9;1;0;0
10/1190.png;9;1;0;0
10/1191.png;9;1;0;0
10/1192.png;9;1;0;0
10/1193.png;9;1;0;0
10/1194.png;9;1;0;0
10/1195.png;9;1;0;0
10/1196.png;9;1;0;0
10/1197.png;9;1;0;0
10/1198.png;9;1;0;0
10/1199.png;9;1;0;0
10/1200.png;9;1;0;0
10/1201.png;9;1;0;0
10/1202.png;9;1;0;0
10/1203.png;9;1;0;0
10/1204.png;9;1;0;0
10/1205.png;9;1;0;0
10/1206.png;9;1;0;0
10/1207.png;9;1;0;0
10/1208.png;9;1;0;0
10/1209.png;9;1;0;0
10/1210.png;9;1;0;0
10/1211.png;9;1;0;0
10/1212.png;9;1;0;0
10/1213.png;9;1;0;0
10/1214.png;9;1;0;0
10/1215.png;9;1;0;0
10/1216.png;9;1;0;0
10/1217.png;9;1;0;0
10/1218.png;9;1;0;0
10/1219.png;9;1;0;0
10/1220.png;9;1;0;0
10/1221.png;9;1;0;0
10/1222.png;9;1;0;0
10/1223.png;9;1;0;0
10/1224.png;9;1;0;0
10/1225.png;9;1;0;0
10/1226.png;9;1;0;0
10/1227.png;9;1;0;0
10/1228.png;9;1;0;0
10/1229.png;9;1;0;0
10/1230.png;9;1;0;0
10/1231.png;9;1;0;0
10/1232.png;9;1;0;0
10/1233.png;9;1;0;0
10/1234.png;9;1;0;0
10/1235.png;9;1;0;0
10/1236.png;9;1;0;0
10/1237.png;9;1;0;0
10/1238.png;9;1;0;0
10/1239.png;9;1;0;0
10/1240.png;9;1;0;0
10/1241.png;9;1;0;0
10/1242.png;9;1;0;0
10/1243.png;9;1;0;0
10/1244.png;9;1;0;0
10/1245.png;9;1;0;0
10/1246.png;9;1;0;0
10/1247.png;9;1;0;0
10/1248.png;9;1;0;0
10/1249.png;9;1;0;0
10/1250.png;9;1;0;0
10/1251.png;9;1;0;0
10/1252.png;9;1;0;0
10/1253.png;9;1;0;0
10/1254.png;9;1;0;0
10/1255.png;9;1;0;0
10/1256.png;9;1;0;0
10/1257.png;9;1;0;0
10/1258.png;9;1;0;0
10/1259.png;9;1;0;0
10/1260.png;9;1;0;0
10/1261.png;9;1;0;0
10/1262.png;9;1;0;0
10/1263.png;9;1;0;0
10/1264.png;9;1;0;0
10/1265.png;9;1;0;0
10/1266.png;9;1;0;0
10/1267.png;9;1;0;0
10/1268.png;9;1;0;0
10/1269.png;9;1;0;0
10/1270.png;9;1;0;0
10/1271.png;9;1;0;0
10/1272.png;9;1;0;0
10/1273.png;9;1;0;0
10/1274.png;9;1;0;0
10/1275.png;9;1;0;0
10/1276.png;9;1;0;0
10/1277.png;9;1;0;0
10/1278.png;9;1;0;0
10/1279.png;9;1;0;0
10/1280.png;9;1;0;0
10/1281.png;9;1;0;0
10/1282.png;9;1;0;0
10/1283.png;9;1;0;0
10/1284.png;9;1;0;0
10/1285.png;9;1;0;0
10/1286.png;9;1;0;0
10/1287.png;9;1;0;0
10/1288.png;9;1;0;0
10/1289.png;9;1;0;0
10/1290.png;9;1;0;0
10/1291.png;9;1;0;0
10/1292.png;9;1;0;0
10/1293.png;9;1;0;0
10/1294.png;9;1;0;0
10/1295.png;9;1;0;0
10/1296.png;9;1;0;0
10/1297.png;9;1;0;0
10/1298.png;9;1;0;0
10/1299.png;9;1;0;0
10/1300.png;9;1;0;0
10/1301.png;9;1;0;0
10/1302.png;9;1;0;0
10/1303.png;9;1;0;0
10/1304.png;9;1;0;0
10/1305.png;9;1;0;0
10/1306.png;9;1;0;0
10/1307.png;9;1;0;0
10/1308.png;9;1;0;0
10/1309.png;9;1;0;0
10/1310.png;9;1;0;0
10/1311.png;9;1;0;0
10/1312.png;9;1;0;0
10/1313.png;9;1;0;0
10/1314.png;9;1;0;0
10/1315.png;9;1;0;0
10/1316.png;9;1;0;0
10/1317.png;9;1;0;0
10/1318.png;9;1;0;0
10/1319.png;9;1;0;0
10/1320.png;9;1;0;0
10/1321.png;9;1;0;0
10/1322.png;9;1;0;0
10/1323.png;9;1;0;0
10/1324.png;9;1;0;0
10/1325.png;9;1;0;0
10/1326.png;9;1;0;0
10/1327.png;9;1;0;0
10/1328.png;9;1;0;0
10/1329.png;9;1;0;0
10/1330.png;9;1;0;0
10/1331.png;9;1;0;0
10/1332.png;9;1;0;0
10/1333.png;9;1;0;0
10/1334.png;9;1;0;0
10/1335.png;9;1;0;0
10/1336.png;9;1;0;0
10/1337.png;9;1;0;0
10/1338.png;9;1;0;0
10/1339.png;9;1;0;0
10/1340.png;9;1;0;0
10/1341.png;9;1;0;0
10/1342.png;9;1;0;0
10/1343.png;9;1;0;0
10/1344.png;9;1;0;0
10/1345.png;9;1;0;0
10/1346.png;9;1;0;0
10/1347.png;9;1;0;0
10/1348.png;9;1;0;0
10/1349.png;9;1;0;0
10/1350.png;9;1;0;0
10/1351.png;9;1;0;0
10/1352.png;9;1;0;0
10/1353.png;9;1;0;0
10/1354.png;9;1;0;0
10/1355.png;9;1;0;0
10/1356.png;9;1;0;0
10/1357.png;9;1;0;0
10/1358.png;9;1;0;0
10/1359.png;9;1;0;0
10/1360.png;9;1;0;0
10/1361.png;9;1;0;0
10/1362.png;9;1;0;0
10/1363.png;9;1;0;0
10/1364.png;9;1;0;0
10/1365.png;9;1;0;0
10/1366.png;9;1;0;0
10/1367.png;9;1;0;0
10/1368.png;9;1;0;0
10/1369.png;9;1;0;0
10/1370.png;9;1;0;0
10/1371.png;9;1;0;0
10/1372.png;9;1;0;0
10/1373.png;9;1;0;0
10/1374.png;9;1;0;0
10/1375.png;9;1;0;0
10/1376.png;9;1;0;0
10/1377.png;9;1;0;0
10/1378.png;9;1;0;0
10/1379.png;9;1;0;0
10/1380.png;9;1;0;0
10/1381.png;9;1;0;0
10/1382.png;9;1;0;0
10/1383.png;9;1;0;0
10/1384.png;9;1;0;0
10/1385.png;9;1;0;0
10/1386.png;9;1;0;0
10/1387.png;9;1;0;0
10/1388.png;9;1;0;0
10/1389.png;9;1;0;0
10/1390.png;9;1;0;0
10/1391.png;9;1;0;0
10/1392.png;9;1;0;0
10/1393.png;9;1;0;0
10/1394.png;9;1;0;0
10/1395.png;9;1;0;0
10/1396.png;9;1;0;0
10/1397.png;9;1;0;0
10/1398.png;9;1;0;0
10/1399.png;9;1;0;0
10/1400.png;9;1;0;0
10/1401.png;9;1;0;0
10/1402.png;9;1;0;0
10/1403.png;9;1;0;0
10/1404.png;9;1;0;0
10/1405.png;9;1;0;0
10/1406.png;9;1;0;0
10/1407.png;9;1;0;0
10/1408.png;9;1;0;0
10/1409.png;9;1;0;0
10/1410.png;9;1;0;0
10/1411.png;9;1;0;0
10/1412.png;9;1;0;0
10/1413.png;9;1;0;0
10/1414.png;9;1;0;0
10/1415.png;9;1;0;0
10/1416.png;9;1;0;0
10/1417.png;9;1;0;0
10/1418.png;9;1;0;0
10/1419.png;9;1;0;0
10/1420.png;9;1;0;0
10/1421.png;9;1;0;0
10/1422.png;9;1;0;0
10/1423.png;9;1;0;0
10/1424.png;9;1;0;0
10/1425.png;9;1;0;0
10/1426.png;9;1;0;0
10/1427.png;9;1;0;0
10/1428.png;9;1;0;0
10/1429.png;9;1;0;0
10/1430.png;9;1;0;0
10/1431.png;9;1;0;0
10/1432.png;9;1;0;0
10/1433.png;9;1;0;0
10/1434.png;9;1;0;0
10/1435.png;9;1;0;0
10/1436.png;9;1;0;0
10/1437.png;9;1;0;0
10/1438.png;9;1;0;0
10/1439.png;9;1;0;0
10/1440.png;9;1;0;0
10/1441.png;9;1;0;0
10/1442.png;9;1;0;0
10/1443.png;9;1;0;0
10/1444.png;9;1;0;0
10/1445.png;9;1;0;0
10/1446.png;9;1;0;0
10/1447.png;9;1;0;0
10/1448.png;9;1;0;0
10/1449.png;9;1;0;0
10/1450.png;9;1;0;0
10/1451.png;9;1;0;0
10/1452.png;9;1;0;0
10/1453.png;9;1;0;0
10/1454.png;9;1;0;0
10/1455.png;9;1;0;0
10/1456.png;9;1;0;0
10/1457.png;9;1;0;0
10/1458.png;9;1;0;0
10/1459.png;9;1;0;0
10/1460.png;9;1;0;0
10/1461.png;9;1;0;0
10/1462.png;9;1;0;0
10/1463.png;9;1;0;0
10/1464.png;9;1;0;0
10/1465.png;9;1;0;0
10/1466.png;9;1;0;0
10/1467.png;9;1;0;0
10/1468.png;9;1;0;0
10/1469.png;9;1;0;0
10/1470.png;9;1;0;0
10/1471.png;9;1;0;0
10/1472.png;9;1;0;0
10/1473.png;9;1;0;0
10/1474.png;9;1;0;0
10/1475.png;9;1;0;0
10/1476.png;9;1;0;0
10/1477.png;9;1;0;0
10/1478.png;9;1;0;0
10/1479.png;9;1;0;0
10/1480.png;9;1;0;0
10/1481.png;9;1;0;0
10/1482.png;9;1;0;0
10/1483.png;9;1;0;0
10/1484.png;9;1;0;0
10/1485.png;9;1;0;0
10/1486.png;9;1;0;0
10/1487.png;9;1;0;0
10/1488.png;9;1;0;0
10/1489.png;9;1;0;0
10/1490.png;9;1;0;0
10/1491.png;9;1;0;0
10/1492.png;9;1;0;0
10/1493.png;9;1;0;0
10/1494.png;9;1;0;0
10/1495.png;9;1;0;0
10/1496.png;9;1;0;0
10/1497.png;9;1;0;0
10/1498.png;9;1;0;0
10/1499.png;9;1;0;0
10/1500.png;9;1;0;0
10/1501.png;9;1;0;0
10/1502.png;9;1;0;0
10/1503.png;9;1;0;0
10/1504.png;9;1;0;0
10/1505.png;9;1;0;0
10/1506.png;9;1;0;0
10/1507.png;9;1;0;0
10/1508.png;9;1;0;0
10/1509.png;9;1;0;0
10/1510.png;9;1;0;0
10/1511.png;9;1;0;0
10/1512.png;9;1;0;0
10/1513.png;9;1;0;0
10/1514.png;9;1;0;0
10/1515.png;9;1;0;0
10/1516.png;9;1;0;0
10/1517.png;9;1;0;0
10/1518.png;9;1;0;0
10/1519.png;9;1;0;0
10/1520.png;9;1;0;0
10/1521.png;9;1;0;0
10/1522.png;9;1;0;0
10/1523.png;9;1;0;0
10/1524.png;9;1;0;0
10/1525.png;9;1;0;0
10/1526.png;9;1;0;0
10/1527.png;9;1;0;0
10/1528.png;9;1;0;0
10/1529.png;9;1;0;0
10/1530.png;9;1;0;0
10/1531.png;9;1;0;0
10/1532.png;9;1;0;0
10/1533.png;9;1;0;0
10/1534.png;9;1;0;0
10/1535.png;9;1;0;0
10/1536.png;9;1;0;0
10/1537.png;9;1;0;0
10/1538.png;9;1;0;0
10/1539.png;9;1;0;0
10/1540.png;9;1;0;0
10/1541.png;9;1;0;0
10/1542.png;9;1;0;0
10/1543.png;9;1;0;0
10/1544.png;9;1;0;0
10/1545.png;9;1;0;0
10/1546.png;9;1;0;0
10/1547.png;9;1;0;0
10/1548.png;9;1;0;0
10/1549.png;9;1;0;0
10/1550.png;9;1;0;0
10/1551.png;9;1;0;0
10/1552.png;9;1;0;0
10/1553.png;9;1;0;0
10/1554.png;9;1;0;0
10/1555.png;9;1;0;0
10/1556.png;9;1;0;0
10/1557.png;9;1;0;0
10/1558.png;9;1;0;0
10/1559.png;9;1;0;0
10/1560.png;9;1;0;0
10/1561.png;9;1;0;0
10/1562.png;9;1;0;0
10/1563.png;9;1;0;0
10/1564.png;9;1;0;0
10/1565.png;9;1;0;0
10/1566.png;9;1;0;0
10/1567.png;9;1;0;0
10/1568.png;9;1;0;0
10/1569.png;9;1;0;0
10/1570.png;9;1;0;0
10/1571.png;9;1;0;0
10/1572.png;9;1;0;0
10/1573.png;9;1;0;0
10/1574.png;9;1;0;0
10/1575.png;9;1;0;0
10/1576.png;9;1;0;0
10/1577.png;9;1;0;0
10/1578.png;9;1;0;0
10/1579.png;9;1;0;0
10/1580.png;9;1;0;0
10/1581.png;9;1;0;0
10/1582.png;9;1;0;0
10/1583.png;9;1;0;0
10/1584.png;9;1;0;0
10/1585.png;9;1;0;0
10/1586.png;9;1;0;0
10/1587.png;9;1;0;0
10/1588.png;9;1;0;0
10/1589.png;9;1;0;0
10/1590.png;9;1;0;0
10/1591.png;9;1;0;0
10/1592.png;9;1;0;0
10/1593.png;9;1;0;0
10/1594.png;9;1;0;0
10/1595.png;9;1;0;0
10/1596.png;9;1;0;0
10/1597.png;9;1;0;0
10/1598.png;9;1;0;0
10/1599.png;9;1;0;0
10/1600.png;9;1;0;0
10/1601.png;9;1;0;0
10/1602.png;9;1;0;0
10/1603.png;9;1;0;0
10/1604.png;9;1;0;0
10/1605.png;9;1;0;0
10/1606.png;9;1;0;0
10/1607.png;9;1;0;0
10/1608.png;9;1;0;0
10/1609.png;9;1;0;0
10/1610.png;9;1;0;0
10/1611.png;9;1;0;0
10/1612.png;9;1;0;0
10/1613.png;9;1;0;0
10/1614.png;9;1;0;0
10/1615.png;9;1;0;0
10/1616.png;9;1;0;0
10/1617.png;9;1;0;0
10/1618.png;9;1;0;0
10/1619.png;9;1;0;0
10/1620.png;9;1;0;0
10/1621.png;9;1;0;0
10/1622.png;9;1;0;0
10/1623.png;9;1;0;0
10/1624.png;9;1;0;0
10/1625.png;9;1;0;0
10/1626.png;9;1;0;0
10/1627.png;9;1;0;0
10/1628.png;9;1;0;0
10/1629.png;9;1;0;0
10/1630.png;9;1;0;0
10/1631.png;9;1;0;0
10/1632.png;9;1;0;0
10/1633.png;9;1;0;0
10/1634.png;9;1;0;0
10/1635.png;9;1;0;0
10/1636.png;9;1;0;0
10/1637.png;9;1;0;0
10/1638.png;9;1;0;0
10/1639.png;9;1;0;0
10/1640.png;9;1;0;0
10/1641.png;9;1;0;0
10/1642.png;9;1;0;0
10/1643.png;9;1;0;0
10/1644.png;9;1;0;0
10/1645.png;9;1;0;0
10/1646.png;9;1;0;0
10/1647.png;9;1;0;0
10/1648.png;9;1;0;0
10/1649.png;9;1;0;0
10/1650.png;9;1;0;0
10/1651.png;9;1;0;0
10/1652.png;9;1;0;0
10/1653.png;9;1;0;0
10/1654.png;9;1;0;0
10/1655.png;9;1;0;0
10/1656.png;9;1;0;0
10/1657.png;9;1;0;0
10/1658.png;9;1;0;0
10/1659.png;9;1;0;0
10/1660.png;9;1;0;0
10/1661.png;9;1;0;0
10/1662.png;9;1;0;0
10/1663.png;9;1;0;0
10/1664.png;9;1;0;0
10/1665.png;9;1;0;0
10/1666.png;9;1;0;0
10/1667.png;9;1;0;0
10/1668.png;9;1;0;0
10/1669.png;9;1;0;0
10/1670.png;9;1;0;0
10/1671.png;9;1;0;0
10/1672.png;9;1;0;0
10/1673.png;9;1;0;0
10/1674.png;9;1;0;0
10/1675.png;9;1;0;0
10/1676.png;9;1;0;0
10/1677.png;9;1;0;0
10/1678.png;9;1;0;0
10/1679.png;9;1;0;0
10/1680.png;9;1;0;0
10/1681.png;9;1;0;0
10/1682.png;9;1;0;0
10/1683.png;9;1;0;0
10/1684.png;9;1;0;0
10/1685.png;9;1;0;0
10/1686.png;9;1;0;0
10/1687.png;9;1;0;0
10/1688.png;9;1;0;0
10/1689.png;9;1;0;0
10/1690.png;9;1;0;0
10/1691.png;9;1;0;0
10/1692.png;9;1;0;0
10/1693.png;9;1;0;0
10/1694.png;9;1;0;0
10/1695.png;9;1;0;0
10/1696.png;9;1;0;0
10/1697.png;9;1;0;0
10/1698.png;9;1;0;0
10/1699.png;9;1;0;0
10/1700.png;9;1;0;0
10/1701.png;9;1;0;0
10/1702.png;9;1;0;0
10/1703.png;9;1;0;0
10/1704.png;9;1;0;0
10/1705.png;9;1;0;0
10/1706.png;9;1;0;0
10/1707.png;9;1;0;0
10/1708.png;9;1;0;0
10/1709.png;9;1;0;0
10/1710.png;9;1;0;0
10/1711.png;9;1;0;0
10/1712.png;9;1;0;0
10/1713.png;9;1;0;0
10/1714.png;9;1;0;0
10/1715.png;9;1;0;0
10/1716.png;9;1;0;0
10/1717.png;9;1;0;0
10/1718.png;9;1;0;0
10/1719.png;9;1;0;0
10/1720.png;9;1;0;0
10/1721.png;9;1;0;0
10/1722.png;9;1;0;0
10/1723.png;9;1;0;0
10/1724.png;9;1;0;0
10/1725.png;9;1;0;0
10/1726.png;9;1;0;0
10/1727.png;9;1;0;0
10/1728.png;9;1;0;0
10/1729.png;9;1;0;0
10/1730.png;9;1;0;0
10/1731.png;9;1;0;0
10/1732.png;9;1;0;0
10/1733.png;9;1;0;0
10/1734.png;9;1;0;0
10/1735.png;9;1;0;0
10/1736.png;9;1;0;0
10/1737.png;9;1;0;0
10/1738.png;9;1;0;0
10/1739.png;9;1;0;0
10/1740.png;9;1;0;0
10/1741.png;9;1;0;0
10/1742.png;9;1;0;0
10/1743.png;9;1;0;0
10/1744.png;9;1;0;0
10/1745.png;9;1;0;0
10/1746.png;9;1;0;0
10/1747.png;9;1;0;0
10/1748.png;9;1;0;0
10/1749.png;9;1;0;0
10/1750.png;9;1;0;0
10/1751.png;9;1;0;0
10/1752.png;9;1;0;0
10/1753.png;9;1;0;0
10/1754.png;9;1;0;0
10/1755.png;9;1;0;0
10/1756.png;9;1;0;0
10/1757.png;9;1;0;0
10/1758.png;9;1;0;0
10/1759.png;9;1;0;0
10/1760.png;9;1;0;0
10/1761.png;9;1;0;0
10/1762.png;9;1;0;0
10/1763.png;9;1;0;0
10/1764.png;9;1;0;0
10/1765.png;9;1;0;0
10/1766.png;9;1;0;0
10/1767.png;9;1;0;0
10/1768.png;9;1;0;0
10/1769.png;9;1;0;0
10/1770.png;9;1;0;0
10/1771.png;9;1;0;0
10/1772.png;9;1;0;0
10/1773.png;9;1;0;0
10/1774.png;9;1;0;0
10/1775.png;9;1;0;0
10/1776.png;9;1;0;0
10/1777.png;9;1;0;0
10/1778.png;9;1;0;0
10/1779.png;9;1;0;0
10/1780.png;9;1;0;0
10/1781.png;9;1;0;0
10/1782.png;9;1;0;0
10/1783.png;9;1;0;0
10/1784.png;9;1;0;0
10/1785.png;9;1;0;0
10/1786.png;9;1;0;0
10/1787.png;9;1;0;0
10/1788.png;9;1;0;0
10/1789.png;9;1;0;0
10/1790.png;9;1;0;0
10/1791.png;9;1;0;0
10/1792.png;9;1;0;0
10/1793.png;9;1;0;0
10/1794.png;9;1;0;0
10/1795.png;9;1;0;0
10/1796.png;9;1;0;0
10/1797.png;9;1;0;0
10/1798.png;9;1;0;0
10/1799.png;9;1;0;0
10/1800.png;9;1;0;0
10/1801.png;9;1;0;0
10/1802.png;9;1;0;0
10/1803.png;9;1;0;0
10/1804.png;9;1;0;0
10/1805.png;9;1;0;0
10/1806.png;9;1;0;0
10/1807.png;9;1;0;0
10/1808.png;9;1;0;0
10/1809.png;9;1;0;0
10/1810.png;9;1;0;0
10/1811.png;9;1;0;0
10/1812.png;9;1;0;0
10/1813.png;9;1;0;0
10/1814.png;9;1;0;0
10/1815.png;9;1;0;0
10/1816.png;9;1;0;0
10/1817.png;9;1;0;0
10/1818.png;9;1;0;0
10/1819.png;9;1;0;0
10/1820.png;9;1;0;0
10/1821.png;9;1;0;0
10/1822.png;9;1;0;0
10/1823.png;9;1;0;0
10/1824.png;9;1;0;0
10/1825.png;9;1;0;0
10/1826.png;9;1;0;0
10/1827.png;9;1;0;0
10/1828.png;9;1;0;0
10/1829.png;9;1;0;0
10/1830.png;9;1;0;0
10/1831.png;9;1;0;0
10/1832.png;9;1;0;0
10/1833.png;9;1;0;0
10/1834.png;9;1;0;0
10/1835.png;9;1;0;0
10/1836.png;9;1;0;0
10/1837.png;9;1;0;0
10/1838.png;9;1;0;0
10/1839.png;9;1;0;0
10/1840.png;9;1;0;0
10/1841.png;9;1;0;0
10/1842.png;9;1;0;0
10/1843.png;9;1;0;0
10/1844.png;9;1;0;0
10/1845.png;9;1;0;0
10/1846.png;9;1;0;0
10/1847.png;9;1;0;0
10/1848.png;9;1;0;0
10/1849.png;9;1;0;0
10/1850.png;9;1;0;0
10/1851.png;9;1;0;0
10/1852.png;9;1;0;0
10/1853.png;9;1;0;0
10/1854.png;9;1;0;0
10/1855.png;9;1;0;0
10/1856.png;9;1;0;0
10/1857.png;9;1;0;0
10/1858.png;9;1;0;0
10/1859.png;9;1;0;0
10/1860.png;9;1;0;0
10/1861.png;9;1;0;0
10/1862.png;9;1;0;0
10/1863.png;9;1;0;0
10/1864.png;9;1;0;0
10/1865.png;9;1;0;0
10/1866.png;9;1;0;0
10/1867.png;9;1;0;0
10/1868.png;9;1;0;0
10/1869.png;9;1;0;0
10/1870.png;9;1;0;0
10/1871.png;9;1;0;0
10/1872.png;9;1;0;0
10/1873.png;9;1;0;0
10/1874.png;9;1;0;0
10/1875.png;9;1;0;0
10/1876.png;9;1;0;0
10/1877.png;9;1;0;0
10/1878.png;9;1;0;0
10/1879.png;9;1;0;0
10/1880.png;9;1;0;0
10/1881.png;9;1;0;0
10/1882.png;9;1;0;0
10/1883.png;9;1;0;0
10/1884.png;9;1;0;0
10/1885.png;9;1;0;0
10/1886.png;9;1;0;0
10/1887.png;9;1;0;0
10/1888.png;9;1;0;0
10/1889.png;9;1;0;0
10/1890.png;9;1;0;0
10/1891.png;9;1;0;0
10/1892.png;9;1;0;0
10/1893.png;9;1;0;0
10/1894.png;9;1;0;0
10/1895.png;9;1;0;0
10/1896.png;9;1;0;0
10/1897.png;9;1;0;0
10/1898.png;9;1;0;0
10/1899.png;9;1;0;0
10/1900.png;9;1;0;0
10/1901.png;9;1;0;0
10/1902.png;9;1;0;0
10/1903.png;9;1;0;0
10/1904.png;9;1;0;0
10/1905.png;9;1;0;0
10/1906.png;9;1;0;0
10/1907.png;9;1;0;0
10/1908.png;9;1;0;0
10/1909.png;9;1;0;0
10/1910.png;9;1;0;0
10/1911.png;9;1;0;0
10/1912.png;9;1;0;0
10/1913.png;9;1;0;0
10/1914.png;9;1;0;0
10/1915.png;9;1;0;0
10/1916.png;9;1;0;0
10/1917.png;9;1;0;0
10/1918.png;9;1;0;0
10/1919.png;9;1;0;0
10/1920.png;9;1;0;0
10/1921.png;9;1;0;0
10/1922.png;9;1;0;0
10/1923.png;9;1;0;0
10/1924.png;9;1;0;0
10/1925.png;9;1;0;0
10/1926.png;9;1;0;0
10/1927.png;9;1;0;0
10/1928.png;9;1;0;0
10/1929.png;9;1;0;0
10/1930.png;9;1;0;0
10/1931.png;9;1;0;0
10/1932.png;9;1;0;0
10/1933.png;9;1;0;0
10/1934.png;9;1;0;0
10/1935.png;9;1;0;0
10/1936.png;9;1;0;0
10/1937.png;9;1;0;0
10/1938.png;9;1;0;0
10/1939.png;9;1;0;0
10/1940.png;9;1;0;0
10/1941.png;9;1;0;0
10/1942.png;9;1;0;0
10/1943.png;9;1;0;0
10/1944.png;9;1;0;0
10/1945.png;9;1;0;0
10/1946.png;9;1;0;0
10/1947.png;9;1;0;0
10/1948.png;9;1;0;0
10/1949.png;9;1;0;0
10/1950.png;9;1;0;0
10/1951.png;9;1;0;0
10/1952.png;9;1;0;0
10/1953.png;9;1;0;0
10/1954.png;9;1;0;0
10/1955.png;9;1;0;0
10/1956.png;9;1;0;0
10/1957.png;9;1;0;0
10/1958.png;9;1;0;0
10/1959.png;9;1;0;0
10/1960.png;9;1;0;0
10/1961.png;9;1;0;0
10/1962.png;9;1;0;0
10/1963.png;9;1;0;0
10/1964.png;9;1;0;0
10/1965.png;9;1;0;0
10/1966.png;9;1;0;0
10/1967.png;9;1;0;0
10/1968.png;9;1;0;0
10/1969.png;9;1;0;0
10/1970.png;9;1;0;0
10/1971.png;9;1;0;0
10/1972.png;9;1;0;0
10/1973.png;9;1;0;0
10/1974.png;9;1;0;0
10/1975.png;9;1;0;0
10/1976.png;9;1;0;0
10/1977.png;9;1;0;0
10/1978.png;9;1;0;0
10/1979.png;9;1;0;0
10/1980.png;9;1;0;0
10/1981.png;9;1;0;0
10/1982.png;9;1;0;0
10/1983.png;9;1;0;0
10/1984.png;9;1;0;0
10/1985.png;9;1;0;0
10/1986.png;9;1;0;0
10/1987.png;9;1;0;0
10/1988.png;9;1;0;0
10/1989.png;9;1;0;0
10/1990.png;9;1;0;0
10/1991.png;9;1;0;0
10/1992.png;9;1;0;0
10/1993.png;9;1;0;0
10/1994.png;9;1;0;0
10/1995.png;9;1;0;0
10/1996.png;9;1;0;0
10/1997.png;9;1;0;0
10/1998.png;9;1;0;0
10/1999.png;9;1;0;0
10/2000.png;9;1;0;0
10/2001.png;9;1;0;0
10/2002.png;9;1;0;0
10/2003.png;9;1;0;0
10/2004.png;9;1;0;0
10/2005.png;9;1;0;0
10/2006.png;9;1;0;0
10/2007.png;9;1;0;0
10/2008.png;9;1;0;0
10/2009.png;9;1;0;0
10/2010.png;9;1;0;0
10/2011.png;9;1;0;0
10/2012.png;9;1;0;0
10/2013.png;9;1;0;0
10/2014.png;9;1;0;0
10/2015.png;9;1;0;0
10/2016.png;9;1;0;0
10/2017.png;9;1;0;0
10/2018.png;9;1;0;0
10/2019.png;9;1;0;0
10/2020.png;9;1;0;0
10/2021.png;9;1;0;0
10/2022.png;9;1;0;0
10/2023.png;9;1;0;0
10/2024.png;9;1;0;0
10/2025.png;9;1;0;0
10/2026.png;9;1;0;0
10/2027.png;9;1;0;0
10/2028.png;9;1;0;0
10/2029.png;9;1;0;0
10/2030.png;9;1;0;0
10/2031.png;9;1;0;0
10/2032.png;9;1;0;0
10/2033.png;9;1;0;0
10/2034.png;9;1;0;0
10/2035.png;9;1;0;0
10/2036.png;9;1;0;0
10/2037.png;9;1;0;0
10/2038.png;9;1;0;0
10/2039.png;9;1;0;0
10/2040.png;9;1;0;0
10/2041.png;9;1;0;0
10/2042.png;9;1;0;0
10/2043.png;9;1;0;0
10/2044.png;9;1;0;0
10/2045.png;9;1;0;0
10/2046.png;9;1;0;0
10/2047.png;9;1;0;0
10/2048.png;9;1;0;0
10/2049.png;9;1;0;0
10/2050.png;9;1;0;0
10/2051.png;9;1;0;0
10/2052.png;9;1;0;0
10/2053.png;9;1;0;0
10/2054.png;9;1;0;0
10/2055.png;9;1;0;0
10/2056.png;9;1;0;0
10/2057.png;9;1;0;0
10/2058.png;9;1;0;0
10/2059.png;9;1;0;0
10/2060.png;9;1;0;0
10/2061.png;9;1;0;0
10/2062.png;9;1;0;0
10/2063.png;9;1;0;0
10/2064.png;9;1;0;0
10/2065.png;9;1;0;0
10/2066.png;9;1;0;0
10/2067.png;9;1;0;0
10/2068.png;9;1;0;0
10/2069.png;9;1;0;0
10/2070.png;9;1;0;0
10/2071.png;9;1;0;0
10/2072.png;9;1;0;0
10/2073.png;9;1;0;0
10/2074.png;9;1;0;0
10/2075.png;9;1;0;0
10/2076.png;9;1;0;0
10/2077.png;9;1;0;0
10/2078.png;9;1;0;0
10/2079.png;9;1;0;0
10/2080.png;9;1;0;0
10/2081.png;9;1;0;0
10/2082.png;9;1;0;0
10/2083.png;9;1;0;0
10/2084.png;9;1;0;0
10/2085.png;9;1;0;0
10/2086.png;9;1;0;0
10/2087.png;9;1;0;0
10/2088.png;9;1;0;0
10/2089.png;9;1;0;0
10/2090.png;9;1;0;0
10/2091.png;9;1;0;0
10/2092.png;9;1;0;0
10/2093.png;9;1;0;0
10/2094.png;9;1;0;0
10/2095.png;9;1;0;0
10/2096.png;9;1;0;0
10/2097.png;9;1;0;0
10/2098.png;9;1;0;0
10/2099.png;9;1;0;0
10/2100.png;9;1;0;0
10/2101.png;9;1;0;0
10/2102.png;9;1;0;0
10/2103.png;9;1;0;0
10/2104.png;9;1;0;0
10/2105.png;9;1;0;0
10/2106.png;9;1;0;0
10/2107.png;9;1;0;0
10/2108.png;9;1;0;0
10/2109.png;9;1;0;0
10/2110.png;9;1;0;0
10/2111.png;9;1;0;0
10/2112.png;9;1;0;0
10/2113.png;9;1;0;0
10/2114.png;9;1;0;0
10/2115.png;9;1;0;0
10/2116.png;9;1;0;0
10/2117.png;9;1;0;0
10/2118.png;9;1;0;0
10/2119.png;9;1;0;0
10/2120.png;9;1;0;0
10/2121.png;9;1;0;0
10/2122.png;9;1;0;0
10/2123.png;9;1;0;0
10/2124.png;9;1;0;0
10/2125.png;9;1;0;0
10/2126.png;9;1;0;0
10/2127.png;9;1;0;0
10/2128.png;9;1;0;0
10/2129.png;9;1;0;0
10/2130.png;9;1;0;0
10/2131.png;9;1;0;0
10/2132.png;9;1;0;0
10/2133.png;9;1;0;0
10/2134.png;9;1;0;0
10/2135.png;9;1;0;0
10/2136.png;9;1;0;0
10/2137.png;9;1;0;0
10/2138.png;9;1;0;0
10/2139.png;9;1;0;0
10/2140.png;9;1;0;0
10/2141.png;9;1;0;0
10/2142.png;9;1;0;0
10/2143.png;9;1;0;0
10/2144.png;9;1;0;0
10/2145.png;9;1;0;0
10/2146.png;9;1;0;0
10/2147.png;9;1;0;0
10/2148.png;9;1;0;0
10/2149.png;9;1;0;0
10/2150.png;9;1;0;0
10/2151.png;9;1;0;0
10/2152.png;9;1;0;0
10/2153.png;9;1;0;0
10/2154.png;9;1;0;0
10/2155.png;9;1;0;0
10/2156.png;9;1;0;0
10/2157.png;9;1;0;0
10/2158.png;9;1;0;0
10/2159.png;9;1;0;0
10/2160.png;9;1;0;0
10/2161.png;9;1;0;0
10/2162.png;9;1;0;0
10/2163.png;9;1;0;0
10/2164.png;9;1;0;0
10/2165.png;9;1;0;0
10/2166.png;9;1;0;0
10/2167.png;9;1;0;0
10/2168.png;9;1;0;0
10/2169.png;9;1;0;0
10/2170.png;9;1;0;0
10/2171.png;9;1;0;0
10/2172.png;9;1;0;0
10/2173.png;9;1;0;0
10/2174.png;9;1;0;0
10/2175.png;9;1;0;0
10/2176.png;9;1;0;0
10/2177.png;9;1;0;0
10/2178.png;9;1;0;0
10/2179.png;9;1;0;0
10/2180.png;9;1;0;0
10/2181.png;9;1;0;0
10/2182.png;9;1;0;0
10/2183.png;9;1;0;0
10/2184.png;9;1;0;0
10/2185.png;9;1;0;0
10/2186.png;9;1;0;0
10/2187.png;9;1;0;0
10/2188.png;9;1;0;0
10/2189.png;9;1;0;0
10/2190.png;9;1;0;0
10/2191.png;9;1;0;0
10/2192.png;9;1;0;0
10/2193.png;9;1;0;0
10/2194.png;9;1;0;0
10/2195.png;9;1;0;0
10/2196.png;9;1;0;0
10/2197.png;9;1;0;0
10/2198.png;9;1;0;0
10/2199.png;9;1;0;0
10/2200.png;9;1;0;0
10/2201.png;9;1;0;0
10/2202.png;9;1;0;0
10/2203.png;9;1;0;0
10/2204.png;9;1;0;0
10/2205.png;9;1;0;0
10/2206.png;9;1;0;0
10/2207.png;9;1;0;0
10/2208.png;9;1;0;0
10/2209.png;9;1;0;0
10/2210.png;9;1;0;0
10/2211.png;9;1;0;0
10/2212.png;9;1;0;0
10/2213.png;9;1;0;0
10/2214.png;9;1;0;0
10/2215.png;9;1;0;0
10/2216.png;9;1;0;0
10/2217.png;9;1;0;0
10/2218.png;9;1;0;0
10/2219.png;9;1;0;0
10/2220.png;9;1;0;0
10/2221.png;9;1;0;0
10/2222.png;9;1;0;0
10/2223.png;9;1;0;0
10/2224.png;9;1;0;0
10/2225.png;9;1;0;0
10/2226.png;9;1;0;0
10/2227.png;9;1;0;0
10/2228.png;9;1;0;0
10/2229.png;9;1;0;0
10/2230.png;9;1;0;0
10/2231.png;9;1;0;0
10/2232.png;9;1;0;0
10/2233.png;9;1;0;0
10/2234.png;9;1;0;0
10/2235.png;9;1;0;0
10/2236.png;9;1;0;0
10/2237.png;9;1;0;0
10/2238.png;9;1;0;0
10/2239.png;9;1;0;0
10/2240.png;9;1;0;0
10/2241.png;9;1;0;0
10/2242.png;9;1;0;0
10/2243.png;9;1;0;0
10/2244.png;9;1;0;0
10/2245.png;9;1;0;0
10/2246.png;9;1;0;0
10/2247.png;9;1;0;0
10/2248.png;9;1;0;0
10/2249.png;9;1;0;0
10/2250.png;9;1;0;0
10/2251.png;9;1;0;0
10/2252.png;9;1;0;0
10/2253.png;9;1;0;0
10/2254.png;9;1;0;0
10/2255.png;9;1;0;0
10/2256.png;9;1;0;0
10/2257.png;9;1;0;0
10/2258.png;9;1;0;0
10/2259.png;9;1;0;0
10/2260.png;9;1;0;0
10/2261.png;9;1;0;0
10/2262.png;9;1;0;0
10/2263.png;9;1;0;0
10/2264.png;9;1;0;0
10/2265.png;9;1;0;0
10/2266.png;9;1;0;0
10/2267.png;9;1;0;0
10/2268.png;9;1;0;0
10/2269.png;9;1;0;0
10/2270.png;9;1;0;0
10/2271.png;9;1;0;0
10/2272.png;9;1;0;0
10/2273.png;9;1;0;0
10/2274.png;9;1;0;0
10/2275.png;9;1;0;0
10/2276.png;9;1;0;0
10/2277.png;9;1;0;0
10/2278.png;9;1;0;0
10/2279.png;9;1;0;0
10/2280.png;9;1;0;0
10/2281.png;9;1;0;0
10/2282.png;9;1;0;0
10/2283.png;9;1;0;0
10/2284.png;9;1;0;0
10/2285.png;9;1;0;0
10/2286.png;9;1;0;0
10/2287.png;9;1;0;0
10/2288.png;9;1;0;0
10/2289.png;9;1;0;0
10/2290.png;9;1;0;0
10/2291.png;9;1;0;0
10/2292.png;9;1;0;0
10/2293.png;9;1;0;0
10/2294.png;9;1;0;0
10/2295.png;9;1;0;0
10/2296.png;9;1;0;0
10/2297.png;9;1;0;0
10/2298.png;9;1;0;0
10/2299.png;9;1;0;0
10/2300.png;9;1;0;0
10/2301.png;9;1;0;0
10/2302.png;9;1;0;0
10/2303.png;9;1;0;0
10/2304.png;9;1;0;0
10/2305.png;9;1;0;0
10/2306.png;9;1;0;0
10/2307.png;9;1;0;0
10/2308.png;9;1;0;0
10/2309.png;9;1;0;0
10/2310.png;9;1;0;0
10/2311.png;9;1;0;0
10/2312.png;9;1;0;0
10/2313.png;9;1;0;0
10/2314.png;9;1;0;0
10/2315.png;9;1;0;0
10/2316.png;9;1;0;0
10/2317.png;9;1;0;0
10/2318.png;9;1;0;0
10/2319.png;9;1;0;0
10/2320.png;9;1;0;0
10/2321.png;9;1;0;0
10/2322.png;9;1;0;0
10/2323.png;9;1;0;0
10/2324.png;9;1;0;0
10/2325.png;9;1;0;0
10/2326.png;9;1;0;0
10/2327.png;9;1;0;0
10/2328.png;9;1;0;0
10/2329.png;9;1;0;0
10/2330.png;9;1;0;0
10/2331.png;9;1;0;0
10/2332.png;9;1;0;0
10/2333.png;9;1;0;0
10/2334.png;9;1;0;0
10/2335.png;9;1;0;0
10/2336.png;9;1;0;0
10/2337.png;9;1;0;0
10/2338.png;9;1;0;0
10/2339.png;9;1;0;0
10/2340.png;9;1;0;0
10/2341.png;9;1;0;0
10/2342.png;9;1;0;0
10/2343.png;9;1;0;0
10/2344.png;9;1;0;0
10/2345.png;9;1;0;0
10/2346.png;9;1;0;0
10/2347.png;9;1;0;0
10/2348.png;9;1;0;0
10/2349.png;9;1;0;0
10/2350.png;9;1;0;0
10/2351.png;9;1;0;0
10/2352.png;9;1;0;0
10/2353.png;9;1;0;0
10/2354.png;9;1;0;0
10/2355.png;9;1;0;0
10/2356.png;9;1;0;0
10/2357.png;9;1;0;0
10/2358.png;9;1;0;0
10/2359.png;9;1;0;0
10/2360.png;9;1;0;0
10/2361.png;9;1;0;0
10/2362.png;9;1;0;0
10/2363.png;9;1;0;0
10/2364.png;9;1;0;0
10/2365.png;9;1;0;0
10/2366.png;9;1;0;0
10/2367.png;9;1;0;0
10/2368.png;9;1;0;0
10/2369.png;9;1;0;0
10/2370.png;9;1;0;0
10/2371.png;9;1;0;0
10/2372.png;9;1;0;0
10/2373.png;9;1;0;0
10/2374.png;9;1;0;0
10/2375.png;9;1;0;0
10/2376.png;9;1;0;0
10/2377.png;9;1;0;0
10/2378.png;9;1;0;0
10/2379.png;9;1;0;0
10/2380.png;9;1;0;0
10/2381.png;9;1;0;0
10/2382.png;9;1;0;0
10/2383.png;9;1;0;0
10/2384.png;9;1;0;0
10/2385.png;9;1;0;0
10/2386.png;9;1;0;0
10/2387.png;9;1;0;0
10/2388.png;9;1;0;0
10/2389.png;9;1;0;0
10/2390.png;9;1;0;0
10/2391.png;9;1;0;0
10/2392.png;9;1;0;0
10/2393.png;9;1;0;0
10/2394.png;9;1;0;0
10/2395.png;9;1;0;0
10/2396.png;9;1;0;0
10/2397.png;9;1;0;0
10/2398.png;9;1;0;0
10/2399.png;9;1;0;0
10/2400.png;9;1;0;0
10/2401.png;9;1;0;0
10/2402.png;9;1;0;0
10/2403.png;9;1;0;0
10/2404.png;9;1;0;0
10/2405.png;9;1;0;0
10/2406.png;9;1;0;0
10/2407.png;9;1;0;0
10/2408.png;9;1;0;0
10/2409.png;9;1;0;0
10/2410.png;9;1;0;0
10/2411.png;9;1;0;0
10/2412.png;9;1;0;0
10/2413.png;9;1;0;0
10/2414.png;9;1;0;0
10/2415.png;9;1;0;0
10/2416.png;9;1;0;0
10/2417.png;9;1;0;0
10/2418.png;9;1;0;0
10/2419.png;9;1;0;0
10/2420.png;9;1;0;0
10/2421.png;9;1;0;0
10/2422.png;9;1;0;0
10/2423.png;9;1;0;0
10/2424.png;9;1;0;0
10/2425.png;9;1;0;0
10/2426.png;9;1;0;0
10/2427.png;9;1;0;0
10/2428.png;9;1;0;0
10/2429.png;9;1;0;0
10/2430.png;9;1;0;0
10/2431.png;9;1;0;0
10/2432.png;9;1;0;0
10/2433.png;9;1;0;0
10/2434.png;9;1;0;0
10/2435.png;9;1;0;0
10/2436.png;9;1;0;0
10/2437.png;9;1;0;0
10/2438.png;9;1;0;0
10/2439.png;9;1;0;0
10/2440.png;9;1;0;0
10/2441.png;9;1;0;0
10/2442.png;9;1;0;0
10/2443.png;9;1;0;0
10/2444.png;9;1;0;0
10/2445.png;9;1;0;0
10/2446.png;9;1;0;0
10/2447.png;9;1;0;0
10/2448.png;9;1;0;0
10/2449.png;9;1;0;0
10/2450.png;9;1;0;0
10/2451.png;9;1;0;0
10/2452.png;9;1;0;0
10/2453.png;9;1;0;0
10/2454.png;9;1;0;0
10/2455.png;9;1;0;0
10/2456.png;9;1;0;0
10/2457.png;9;1;0;0
10/2458.png;9;1;0;0
10/2459.png;9;1;0;0
10/2460.png;9;1;0;0
10/2461.png;9;1;0;0
10/2462.png;9;1;0;0
10/2463.png;9;1;0;0
10/2464.png;9;1;0;0
10/2465.png;9;1;0;0
10/2466.png;9;1;0;0
10/2467.png;9;1;0;0
10/2468.png;9;1;0;0
10/2469.png;9;1;0;0
10/2470.png;9;1;0;0
10/2471.png;9;1;0;0
10/2472.png;9;1;0;0
10/2473.png;9;1;0;0
10/2474.png;9;1;0;0
10/2475.png;9;1;0;0
10/2476.png;9;1;0;0
10/2477.png;9;1;0;0
10/2478.png;9;1;0;0
10/2479.png;9;1;0;0
10/2480.png;9;1;0;0
10/2481.png;9;1;0;0
10/2482.png;9;1;0;0
10/2483.png;9;1;0;0
10/2484.png;9;1;0;0
10/2485.png;9;1;0;0
10/2486.png;9;1;0;0
10/2487.png;9;1;0;0
10/2488.png;9;1;0;0
10/2489.png;9;1;0;0
10/2490.png;9;1;0;0
10/2491.png;9;1;0;0
10/2492.png;9;1;0;0
10/2493.png;9;1;0;0
10/2494.png;9;1;0;0
10/2495.png;9;1;0;0
10/2496.png;9;1;0;0
10/2497.png;9;1;0;0
10/2498.png;9;1;0;0
10/2499.png;9;1;0;0
10/2500.png;9;1;0;0
10/2501.png;9;1;0;0
10/2502.png;9;1;0;0
10/2503.png;9;1;0;0
10/2504.png;9;1;0;0
10/2505.png;9;1;0;0
10/2506.png;9;1;0;0
10/2507.png;9;1;0;0
10/2508.png;9;1;0;0
10/2509.png;9;1;0;0
10/2510.png;9;1;0;0
10/2511.png;9;1;0;0
10/2512.png;9;1;0;0
10/2513.png;9;1;0;0
10/2514.png;9;1;0;0
10/2515.png;9;1;0;0
10/2516.png;9;1;0;0
10/2517.png;9;1;0;0
10/2518.png;9;1;0;0
10/2519.png;9;1;0;0
10/2520.png;9;1;0;0
10/2521.png;9;1;0;0
10/2522.png;9;1;0;0
10/2523.png;9;1;0;0
10/2524.png;9;1;0;0
10/2525.png;9;1;0;0
10/2526.png;9;1;0;0
10/2527.png;9;1;0;0
10/2528.png;9;1;0;0
10/2529.png;9;1;0;0
10/2530.png;9;1;0;0
10/2531.png;9;1;0;0
10/2532.png;9;1;0;0
10/2533.png;9;1;0;0
10/2534.png;9;1;0;0
10/2535.png;9;1;0;0
10/2536.png;9;1;0;0
10/2537.png;9;1;0;0
10/2538.png;9;1;0;0
10/2539.png;9;1;0;0
10/2540.png;9;1;0;0
10/2541.png;9;1;0;0
10/2542.png;9;1;0;0
10/2543.png;9;1;0;0
10/2544.png;9;1;0;0
10/2545.png;9;1;0;0
10/2546.png;9;1;0;0
10/2547.png;9;1;0;0
10/2548.png;9;1;0;0
10/2549.png;9;1;0;0
10/2550.png;9;1;0;0
10/2551.png;9;1;0;0
10/2552.png;9;1;0;0
10/2553.png;9;1;0;0
10/2554.png;9;1;0;0
10/2555.png;9;1;0;0
10/2556.png;9;1;0;0
10/2557.png;9;1;0;0
10/2558.png;9;1;0;0
10/2559.png;9;1;0;0
10/2560.png;9;1;0;0
10/2561.png;9;1;0;0
10/2562.png;9;1;0;0
10/2563.png;9;1;0;0
10/2564.png;9;1;0;0
10/2565.png;9;1;0;0
10/2566.png;9;1;0;0
10/2567.png;9;1;0;0
10/2568.png;9;1;0;0
10/2569.png;9;1;0;0
10/2570.png;9;1;0;0
10/2571.png;9;1;0;0
10/2572.png;9;1;0;0
10/2573.png;9;1;0;0
10/2574.png;9;1;0;0
10/2575.png;9;1;0;0
10/2576.png;9;1;0;0
10/2577.png;9;1;0;0
10/2578.png;9;1;0;0
10/2579.png;9;1;0;0
10/2580.png;9;1;0;0
10/2581.png;9;1;0;0
10/2582.png;9;1;0;0
10/2583.png;9;1;0;0
10/2584.png;9;1;0;0
10/2585.png;9;1;0;0
10/2586.png;9;1;0;0
10/2587.png;9;1;0;0
10/2588.png;9;1;0;0
10/2589.png;9;1;0;0
10/2590.png;9;1;0;0
10/2591.png;9;1;0;0
10/2592.png;9;1;0;0
10/2593.png;9;1;0;0
10/2594.png;9;1;0;0
10/2595.png;9;1;0;0
10/2596.png;9;1;0;0
10/2597.png;9;1;0;0
10/2598.png;9;1;0;0
10/2599.png;9;1;0;0
10/2600.png;9;1;0;0
10/2601.png;9;1;0;0
10/2602.png;9;1;0;0
10/2603.png;9;1;0;0
10/2604.png;9;1;0;0
10/2605.png;9;1;0;0
10/2606.png;9;1;0;0
10/2607.png;9;1;0;0
10/2608.png;9;1;0;0
10/2609.png;9;1;0;0
10/2610.png;9;1;0;0
10/2611.png;9;1;0;0
10/2612.png;9;1;0;0
10/2613.png;9;1;0;0
10/2614.png;9;1;0;0
10/2615.png;9;1;0;0
10/2616.png;9;1;0;0
10/2617.png;9;1;0;0
10/2618.png;9;1;0;0
10/2619.png;9;1;0;0
10/2620.png;9;1;0;0
10/2621.png;9;1;0;0
10/2622.png;9;1;0;0
10/2623.png;9;1;0;0
10/2624.png;9;1;0;0
10/2625.png;9;1;0;0
10/2626.png;9;1;0;0
10/2627.png;9;1;0;0
10/2628.png;9;1;0;0
10/2629.png;9;1;0;0
10/2630.png;9;1;0;0
10/2631.png;9;1;0;0
10/2632.png;9;1;0;0
10/2633.png;9;1;0;0
10/2634.png;9;1;0;0
10/2635.png;9;1;0;0
10/2636.png;9;1;0;0
10/2637.png;9;1;0;0
10/2638.png;9;1;0;0
10/2639.png;9;1;0;0
10/2640.png;9;1;0;0
10/2641.png;9;1;0;0
10/2642.png;9;1;0;0
10/2643.png;9;1;0;0
10/2644.png;9;1;0;0
10/2645.png;9;1;0;0
10/2646.png;9;1;0;0
10/2647.png;9;1;0;0
10/2648.png;9;1;0;0
10/2649.png;9;1;0;0
10/2650.png;9;1;0;0
10/2651.png;9;1;0;0
10/2652.png;9;1;0;0
10/2653.png;9;1;0;0
10/2654.png;9;1;0;0
10/2655.png;9;1;0;0
10/2656.png;9;1;0;0
10/2657.png;9;1;0;0
10/2658.png;9;1;0;0
10/2659.png;9;1;0;0
10/2660.png;9;1;0;0
10/2661.png;9;1;0;0
10/2662.png;9;1;0;0
10/2663.png;9;1;0;0
10/2664.png;9;1;0;0
10/2665.png;9;1;0;0
10/2666.png;9;1;0;0
10/2667.png;9;1;0;0
10/2668.png;9;1;0;0
10/2669.png;9;1;0;0
10/2670.png;9;1;0;0
10/2671.png;9;1;0;0
10/2672.png;9;1;0;0
10/2673.png;9;1;0;0
10/2674.png;9;1;0;0
10/2675.png;9;1;0;0
10/2676.png;9;1;0;0
10/2677.png;9;1;0;0
10/2678.png;9;1;0;0
10/2679.png;9;1;0;0
10/2680.png;9;1;0;0
10/2681.png;9;1;0;0
10/2682.png;9;1;0;0
10/2683.png;9;1;0;0
10/2684.png;9;1;0;0
10/2685.png;9;1;0;0
10/2686.png;9;1;0;0
10/2687.png;9;1;0;0
10/2688.png;9;1;0;0
10/2689.png;9;1;0;0
10/2690.png;9;1;0;0
10/2691.png;9;1;0;0
10/2692.png;9;1;0;0
10/2693.png;9;1;0;0
10/2694.png;9;1;0;0
10/2695.png;9;1;0;0
10/2696.png;9;1;0;0
10/2697.png;9;1;0;0
10/2698.png;9;1;0;0
10/2699.png;9;1;0;0
10/2700.png;9;1;0;0
10/2701.png;9;1;0;0
10/2702.png;9;1;0;0
10/2703.png;9;1;0;0
10/2704.png;9;1;0;0
10/2705.png;9;1;0;0
10/2706.png;9;1;0;0
10/2707.png;9;1;0;0
10/2708.png;9;1;0;0
10/2709.png;9;1;0;0
10/2710.png;9;1;0;0
10/2711.png;9;1;0;0
10/2712.png;9;1;0;0
10/2713.png;9;1;0;0
10/2714.png;9;1;0;0
10/2715.png;9;1;0;0
10/2716.png;9;1;0;0
10/2717.png;9;1;0;0
10/2718.png;9;1;0;0
10/2719.png;9;1;0;0
10/2720.png;9;1;0;0
10/2721.png;9;1;0;0
10/2722.png;9;1;0;0
10/2723.png;9;1;0;0
10/2724.png;9;1;0;0
10/2725.png;9;1;0;0
10/2726.png;9;1;0;0
10/2727.png;9;1;0;0
10/2728.png;9;1;0;0
10/2729.png;9;1;0;0
10/2730.png;9;1;0;0
10/2731.png;9;1;0;0
10/2732.png;9;1;0;0
10/2733.png;9;1;0;0
10/2734.png;9;1;0;0
10/2735.png;9;1;0;0
10/2736.png;9;1;0;0
10/2737.png;9;1;0;0
10/2738.png;9;1;0;0
10/2739.png;9;1;0;0
10/2740.png;9;1;0;0
10/2741.png;9;1;0;0
10/2742.png;9;1;0;0
10/2743.png;9;1;0;0
10/2744.png;9;1;0;0
10/2745.png;9;1;0;0
10/2746.png;9;1;0;0
10/2747.png;9;1;0;0
10/2748.png;9;1;0;0
10/2749.png;9;1;0;0
10/2750.png;9;1;0;0
10/2751.png;9;1;0;0
10/2752.png;9;1;0;0
10/2753.png;9;1;0;0
10/2754.png;9;1;0;0
10/2755.png;9;1;0;0
10/2756.png;9;1;0;0
10/2757.png;9;1;0;0
10/2758.png;9;1;0;0
10/2759.png;9;1;0;0
10/2760.png;9;1;0;0
10/2761.png;9;1;0;0
10/2762.png;9;1;0;0
10/2763.png;9;1;0;0
10/2764.png;9;1;0;0
10/2765.png;9;1;0;0
10/2766.png;9;1;0;0
10/2767.png;9;1;0;0
10/2768.png;9;1;0;0
10/2769.png;9;1;0;0
10/2770.png;9;1;0;0
10/2771.png;9;1;0;0
10/2772.png;9;1;0;0
10/2773.png;9;1;0;0
10/2774.png;9;1;0;0
10/2775.png;9;1;0;0
10/2776.png;9;1;0;0
10/2777.png;9;1;0;0
10/2778.png;9;1;0;0
10/2779.png;9;1;0;0
10/2780.png;9;1;0;0
10/2781.png;9;1;0;0
10/2782.png;9;1;0;0
10/2783.png;9;1;0;0
10/2784.png;9;1;0;0
10/2785.png;9;1;0;0
10/2786.png;9;1;0;0
10/2787.png;9;1;0;0
10/2788.png;9;1;0;0
10/2789.png;9;1;0;0
10/2790.png;9;1;0;0
10/2791.png;9;1;0;0
10/2792.png;9;1;0;0
10/2793.png;9;1;0;0
10/2794.png;9;1;0;0
10/2795.png;9;1;0;0
10/2796.png;9;1;0;0
10/2797.png;9;1;0;0
10/2798.png;9;1;0;0
10/2799.png;9;1;0;0
10/2800.png;9;1;0;0
10/2801.png;9;1;0;0
10/2802.png;9;1;0;0
10/2803.png;9;1;0;0
10/2804.png;9;1;0;0
10/2805.png;9;1;0;0
10/2806.png;9;1;0;0
10/2807.png;9;1;0;0
10/2808.png;9;1;0;0
10/2809.png;9;1;0;0
10/2810.png;9;1;0;0
10/2811.png;9;1;0;0
10/2812.png;9;1;0;0
10/2813.png;9;1;0;0
10/2814.png;9;1;0;0
10/2815.png;9;1;0;0
10/2816.png;9;1;0;0
10/2817.png;9;1;0;0
10/2818.png;9;1;0;0
10/2819.png;9;1;0;0
10/2820.png;9;1;0;0
10/2821.png;9;1;0;0
10/2822.png;9;1;0;0
10/2823.png;9;1;0;0
10/2824.png;9;1;0;0
10/2825.png;9;1;0;0
10/2826.png;9;1;0;0
10/2827.png;9;1;0;0
10/2828.png;9;1;0;0
10/2829.png;9;1;0;0
10/2830.png;9;1;0;0
10/2831.png;9;1;0;0
10/2832.png;9;1;0;0
10/2833.png;9;1;0;0
10/2834.png;9;1;0;0
10/2835.png;9;1;0;0
10/2836.png;9;1;0;0
10/2837.png;9;1;0;0
10/2838.png;9;1;0;0
10/2839.png;9;1;0;0
10/2840.png;9;1;0;0
10/2841.png;9;1;0;0
10/2842.png;9;1;0;0
10/2843.png;9;1;0;0
10/2844.png;9;1;0;0
10/2845.png;9;1;0;0
10/2846.png;9;1;0;0
10/2847.png;9;1;0;0
10/2848.png;9;1;0;0
10/2849.png;9;1;0;0
10/2850.png;9;1;0;0
10/2851.png;9;1;0;0
10/2852.png;9;1;0;0
10/2853.png;9;1;0;0
10/2854.png;9;1;0;0
10/2855.png;9;1;0;0
10/2856.png;9;1;0;0
10/2857.png;9;1;0;0
10/2858.png;9;1;0;0
10/2859.png;9;1;0;0
10/2860.png;9;1;0;0
10/2861.png;9;1;0;0
10/2862.png;9;1;0;0
10/2863.png;9;1;0;0
10/2864.png;9;1;0;0
10/2865.png;9;1;0;0
10/2866.png;9;1;0;0
10/2867.png;9;1;0;0
10/2868.png;9;1;0;0
10/2869.png;9;1;0;0
10/2870.png;9;1;0;0
10/2871.png;9;1;0;0
10/2872.png;9;1;0;0
10/2873.png;9;1;0;0
10/2874.png;9;1;0;0
10/2875.png;9;1;0;0
10/2876.png;9;1;0;0
10/2877.png;9;1;0;0
10/2878.png;9;1;0;0
10/2879.png;9;1;0;0
10/2880.png;9;1;0;0
10/2881.png;9;1;0;0
10/2882.png;9;1;0;0
10/2883.png;9;1;0;0
10/2884.png;9;1;0;0
10/2885.png;9;1;0;0
10/2886.png;9;1;0;0
10/2887.png;9;1;0;0
10/2888.png;9;1;0;0
10/2889.png;9;1;0;0
10/2890.png;9;1;0;0
10/2891.png;9;1;0;0
10/2892.png;9;1;0;0
10/2893.png;9;1;0;0
10/2894.png;9;1;0;0
10/2895.png;9;1;0;0
10/2896.png;9;1;0;0
10/2897.png;9;1;0;0
10/2898.png;9;1;0;0
10/2899.png;9;1;0;0
10/2900.png;9;1;0;0
10/2901.png;9;1;0;0
10/2902.png;9;1;0;0
10/2903.png;9;1;0;0
10/2904.png;9;1;0;0
10/2905.png;9;1;0;0
10/2906.png;9;1;0;0
10/2907.png;9;1;0;0
10/2908.png;9;1;0;0
10/2909.png;9;1;0;0
10/2910.png;9;1;0;0
10/2911.png;9;1;0;0
10/2912.png;9;1;0;0
10/2913.png;9;1;0;0
10/2914.png;9;1;0;0
10/2915.png;9;1;0;0
10/2916.png;9;1;0;0
10/2917.png;9;1;0;0
10/2918.png;9;1;0;0
10/2919.png;9;1;0;0
10/2920.png;9;1;0;0
10/2921.png;9;1;0;0
10/2922.png;9;1;0;0
10/2923.png;9;1;0;0
10/2924.png;9;1;0;0
10/2925.png;9;1;0;0
10/2926.png;9;1;0;0
10/2927.png;9;1;0;0
10/2928.png;9;1;0;0
10/2929.png;9;1;0;0
10/2930.png;9;1;0;0
10/2931.png;9;1;0;0
10/2932.png;9;1;0;0
10/2933.png;9;1;0;0
10/2934.png;9;1;0;0
10/2935.png;9;1;0;0
10/2936.png;9;1;0;0
10/2937.png;9;1;0;0
10/2938.png;9;1;0;0
10/2939.png;9;1;0;0
10/2940.png;9;1;0;0
10/2941.png;9;1;0;0
10/2942.png;9;1;0;0
10/2943.png;9;1;0;0
10/2944.png;9;1;0;0
10/2945.png;9;1;0;0
10/2946.png;9;1;0;0
10/2947.png;9;1;0;0
10/2948.png;9;1;0;0
10/2949.png;9;1;0;0
10/2950.png;9;1;0;0
10/2951.png;9;1;0;0
10/2952.png;9;1;0;0
10/2953.png;9;1;0;0
10/2954.png;9;1;0;0
10/2955.png;9;1;0;0
10/2956.png;9;1;0;0
10/2957.png;9;1;0;0
10/2958.png;9;1;0;0
10/2959.png;9;1;0;0
10/2960.png;9;1;0;0
10/2961.png;9;1;0;0
10/2962.png;9;1;0;0
10/2963.png;9;1;0;0
10/2964.png;9;1;0;0
10/2965.png;9;1;0;0
10/2966.png;9;1;0;0
10/2967.png;9;1;0;0
10/2968.png;9;1;0;0
10/2969.png;9;1;0;0
10/2970.png;9;1;0;0
10/2971.png;9;1;0;0
10/2972.png;9;1;0;0
10/2973.png;9;1;0;0
10/2974.png;9;1;0;0
10/2975.png;9;1;0;0
10/2976.png;9;1;0;0
10/2977.png;9;1;0;0
10/2978.png;9;1;0;0
10/2979.png;9;1;0;0
10/2980.png;9;1;0;0
10/2981.png;9;1;0;0
10/2982.png;9;1;0;0
10/2983.png;9;1;0;0
10/2984.png;9;1;0;0
10/2985.png;9;1;0;0
10/2986.png;9;1;0;0
10/2987.png;9;1;0;0
10/2988.png;9;1;0;0
10/2989.png;9;1;0;0
10/2990.png;9;1;0;0
10/2991.png;9;1;0;0
10/2992.png;9;1;0;0
10/2993.png;9;1;0;0
10/2994.png;9;1;0;0
10/2995.png;9;1;0;0
10/2996.png;9;1;0;0
10/2997.png;9;1;0;0
10/2998.png;9;1;0;0
10/2999.png;9;1;0;0
10/3000.png;9;1;0;0
10/3001.png;9;1;0;0
10/3002.png;9;1;0;0
10/3003.png;9;1;0;0
10/3004.png;9;1;0;0
10/3005.png;9;1;0;0
10/3006.png;9;1;0;0
10/3007.png;9;1;0;0
10/3008.png;9;1;0;0
10/3009.png;9;1;0;0
10/3010.png;9;1;0;0
10/3011.png;9;1;0;0
10/3012.png;9;1;0;0
10/3013.png;9;1;0;0
10/3014.png;9;1;0;0
10/3015.png;9;1;0;0
10/3016.png;9;1;0;0
10/3017.png;9;1;0;0
10/3018.png;9;1;0;0
10/3019.png;9;1;0;0
10/3020.png;9;1;0;0
10/3021.png;9;1;0;0
10/3022.png;9;1;0;0
10/3023.png;9;1;0;0
10/3024.png;9;1;0;0
10/3025.png;9;1;0;0
10/3026.png;9;1;0;0
10/3027.png;9;1;0;0
10/3028.png;9;1;0;0
10/3029.png;9;1;0;0
10/3030.png;9;1;0;0
10/3031.png;9;1;0;0
10/3032.png;9;1;0;0
10/3033.png;9;1;0;0
10/3034.png;9;1;0;0
10/3035.png;9;1;0;0
10/3036.png;9;1;0;0
10/3037.png;9;1;0;0
10/3038.png;9;1;0;0
10/3039.png;9;1;0;0
10/3040.png;9;1;0;0
10/3041.png;9;1;0;0
10/3042.png;9;1;0;0
10/3043.png;9;1;0;0
10/3044.png;9;1;0;0
10/3045.png;9;1;0;0
10/3046.png;9;1;0;0
10/3047.png;9;1;0;0
10/3048.png;9;1;0;0
10/3049.png;9;1;0;0
10/3050.png;9;1;0;0
10/3051.png;9;1;0;0
10/3052.png;9;1;0;0
10/3053.png;9;1;0;0
10/3054.png;9;1;0;0
10/3055.png;9;1;0;0
10/3056.png;9;1;0;0
10/3057.png;9;1;0;0
10/3058.png;9;1;0;0
10/3059.png;9;1;0;0
10/3060.png;9;1;0;0
10/3061.png;9;1;0;0
10/3062.png;9;1;0;0
10/3063.png;9;1;0;0
10/3064.png;9;1;0;0
10/3065.png;9;1;0;0
10/3066.png;9;1;0;0
10/3067.png;9;1;0;0
10/3068.png;9;1;0;0
10/3069.png;9;1;0;0
10/3070.png;9;1;0;0
10/3071.png;9;1;0;0
10/3072.png;9;1;0;0
10/3073.png;9;1;0;0
10/3074.png;9;1;0;0
10/3075.png;9;1;0;0
10/3076.png;9;1;0;0
10/3077.png;9;1;0;0
10/3078.png;9;1;0;0
10/3079.png;9;1;0;0
10/3080.png;9;1;0;0
10/3081.png;9;1;0;0
10/3082.png;9;1;0;0
10/3083.png;9;1;0;0
10/3084.png;9;1;0;0
10/3085.png;9;1;0;0
10/3086.png;9;1;0;0
10/3087.png;9;1;0;0
10/3088.png;9;1;0;0
10/3089.png;9;1;0;0
10/3090.png;9;1;0;0
10/3091.png;9;1;0;0
10/3092.png;9;1;0;0
10/3093.png;9;1;0;0
10/3094.png;9;1;0;0
10/3095.png;9;1;0;0
10/3096.png;9;1;0;0
10/3097.png;9;1;0;0
10/3098.png;9;1;0;0
10/3099.png;9;1;0;0
10/3100.png;9;1;0;0
10/3101.png;9;1;0;0
10/3102.png;9;1;0;0
10/3103.png;9;1;0;0
10/3104.png;9;1;0;0
10/3105.png;9;1;0;0
10/3106.png;9;1;0;0
10/3107.png;9;1;0;0
10/3108.png;9;1;0;0
10/3109.png;9;1;0;0
10/3110.png;9;1;0;0
10/3111.png;9;1;0;0
10/3112.png;9;1;0;0
10/3113.png;9;1;0;0
10/3114.png;9;1;0;0
10/3115.png;9;1;0;0
10/3116.png;9;1;0;0
10/3117.png;9;1;0;0
10/3118.png;9;1;0;0
10/3119.png;9;1;0;0
10/3120.png;9;1;0;0
10/3121.png;9;1;0;0
10/3122.png;9;1;0;0
10/3123.png;9;1;0;0
10/3124.png;9;1;0;0
10/3125.png;9;1;0;0
10/3126.png;9;1;0;0
10/3127.png;9;1;0;0
10/3128.png;9;1;0;0
10/3129.png;9;1;0;0
10/3130.png;9;1;0;0
10/3131.png;9;1;0;0
10/3132.png;9;1;0;0
10/3133.png;9;1;0;0
10/3134.png;9;1;0;0
10/3135.png;9;1;0;0
10/3136.png;9;1;0;0
10/3137.png;9;1;0;0
10/3138.png;9;1;0;0
10/3139.png;9;1;0;0
10/3140.png;9;1;0;0
10/3141.png;9;1;0;0
10/3142.png;9;1;0;0
10/3143.png;9;1;0;0
10/3144.png;9;1;0;0
10/3145.png;9;1;0;0
10/3146.png;9;1;0;0
10/3147.png;9;1;0;0
10/3148.png;9;1;0;0
10/3149.png;9;1;0;0
10/3150.png;9;1;0;0
10/3151.png;9;1;0;0
10/3152.png;9;1;0;0
10/3153.png;9;1;0;0
10/3154.png;9;1;0;0
10/3155.png;9;1;0;0
10/3156.png;9;1;0;0
10/3157.png;9;1;0;0
10/3158.png;9;1;0;0
10/3159.png;9;1;0;0
10/3160.png;9;1;0;0
10/3161.png;9;1;0;0
10/3162.png;9;1;0;0
10/3163.png;9;1;0;0
10/3164.png;9;1;0;0
10/3165.png;9;1;0;0
10/3166.png;9;1;0;0
10/3167.png;9;1;0;0
10/3168.png;9;1;0;0
10/3169.png;9;1;0;0
10/3170.png;9;1;0;0
10/3171.png;9;1;0;0
10/3172.png;9;1;0;0
10/3173.png;9;1;0;0
10/3174.png;9;1;0;0
10/3175.png;9;1;0;0
10/3176.png;9;1;0;0
10/3177.png;9;1;0;0
10/3178.png;9;1;0;0
10/3179.png;9;1;0;0
10/3180.png;9;1;0;0
10/3181.png;9;1;0;0
10/3182.png;9;1;0;0
10/3183.png;9;1;0;0
10/3184.png;9;1;0;0
10/3185.png;9;1;0;0
10/3186.png;9;1;0;0
10/3187.png;9;1;0;0
10/3188.png;9;1;0;0
10/3189.png;9;1;0;0
10/3190.png;9;1;0;0
10/3191.png;9;1;0;0
10/3192.png;9;1;0;0
10/3193.png;9;1;0;0
10/3194.png;9;1;0;0
10/3195.png;9;1;0;0
10/3196.png;9;1;0;0
10/3197.png;9;1;0;0
10/3198.png;9;1;0;0
10/3199.png;9;1;0;0
10/3200.png;9;1;0;0
10/3201.png;9;1;0;0
10/3202.png;9;1;0;0
10/3203.png;9;1;0;0
10/3204.png;9;1;0;0
10/3205.png;9;1;0;0
10/3206.png;9;1;0;0
10/3207.png;9;1;0;0
10/3208.png;9;1;0;0
10/3209.png;9;1;0;0
10/3210.png;9;1;0;0
10/3211.png;9;1;0;0
10/3212.png;9;1;0;0
10/3213.png;9;1;0;0
10/3214.png;9;1;0;0
10/3215.png;9;1;0;0
10/3216.png;9;1;0;0
10/3217.png;9;1;0;0
10/3218.png;9;1;0;0
10/3219.png;9;1;0;0
10/3220.png;9;1;0;0
10/3221.png;9;1;0;0
10/3222.png;9;1;0;0
10/3223.png;9;1;0;0
10/3224.png;9;1;0;0
10/3225.png;9;1;0;0
10/3226.png;9;1;0;0
10/3227.png;9;1;0;0
10/3228.png;9;1;0;0
10/3229.png;9;1;0;0
10/3230.png;9;1;0;0
10/3231.png;9;1;0;0
10/3232.png;9;1;0;0
10/3233.png;9;1;0;0
10/3234.png;9;1;0;0
10/3235.png;9;1;0;0
10/3236.png;9;1;0;0
10/3237.png;9;1;0;0
10/3238.png;9;1;0;0
10/3239.png;9;1;0;0
10/3240.png;9;1;0;0
10/3241.png;9;1;0;0
10/3242.png;9;1;0;0
10/3243.png;9;1;0;0
10/3244.png;9;1;0;0
10/3245.png;9;1;0;0
10/3246.png;9;1;0;0
10/3247.png;9;1;0;0
10/3248.png;9;1;0;0
10/3249.png;9;1;0;0
10/3250.png;9;1;0;0
10/3251.png;9;1;0;0
10/3252.png;9;1;0;0
10/3253.png;9;1;0;0
10/3254.png;9;1;0;0
10/3255.png;9;1;0;0
10/3256.png;9;1;0;0
10/3257.png;9;1;0;0
10/3258.png;9;1;0;0
10/3259.png;9;1;0;0
10/3260.png;9;1;0;0
10/3261.png;9;1;0;0
10/3262.png;9;1;0;0
10/3263.png;9;1;0;0
10/3264.png;9;1;0;0
10/3265.png;9;1;0;0
10/3266.png;9;1;0;0
10/3267.png;9;1;0;0
10/3268.png;9;1;0;0
10/3269.png;9;1;0;0
10/3270.png;9;1;0;0
10/3271.png;9;1;0;0
10/3272.png;9;1;0;0
10/3273.png;9;1;0;0
10/3274.png;9;1;0;0
10/3275.png;9;1;0;0
10/3276.png;9;1;0;0
10/3277.png;9;1;0;0
10/3278.png;9;1;0;0
10/3279.png;9;1;0;0
10/3280.png;9;1;0;0
10/3281.png;9;1;0;0
10/3282.png;9;1;0;0
10/3283.png;9;1;0;0
10/3284.png;9;1;0;0
10/3285.png;9;1;0;0
10/3286.png;9;1;0;0
10/3287.png;9;1;0;0
10/3288.png;9;1;0;0
10/3289.png;9;1;0;0
10/3290.png;9;1;0;0
10/3291.png;9;1;0;0
10/3292.png;9;1;0;0
10/3293.png;9;1;0;0
10/3294.png;9;1;0;0
10/3295.png;9;1;0;0
10/3296.png;9;1;0;0
10/3297.png;9;1;0;0
10/3298.png;9;1;0;0
10/3299.png;9;1;0;0
10/3300.png;9;1;0;0
10/3301.png;9;1;0;0
10/3302.png;9;1;0;0
10/3303.png;9;1;0;0
10/3304.png;9;1;0;0
10/3305.png;9;1;0;0
10/3306.png;9;1;0;0
10/3307.png;9;1;0;0
10/3308.png;9;1;0;0
10/3309.png;9;1;0;0
10/3310.png;9;1;0;0
10/3311.png;9;1;0;0
10/3312.png;9;1;0;0
10/3313.png;9;1;0;0
10/3314.png;9;1;0;0
10/3315.png;9;1;0;0
10/3316.png;9;1;0;0
10/3317.png;9;1;0;0
10/3318.png;9;1;0;0
10/3319.png;9;1;0;0
10/3320.png;9;1;0;0
10/3321.png;9;1;0;0
10/3322.png;9;1;0;0
10/3323.png;9;1;0;0
10/3324.png;9;1;0;0
10/3325.png;9;1;0;0
10/3326.png;9;1;0;0
10/3327.png;9;1;0;0
10/3328.png;9;1;0;0
10/3329.png;9;1;0;0
10/3330.png;9;1;0;0
10/3331.png;9;1;0;0
10/3332.png;9;1;0;0
10/3333.png;9;1;0;0
10/3334.png;9;1;0;0
10/3335.png;9;1;0;0
10/3336.png;9;1;0;0
10/3337.png;9;1;0;0
10/3338.png;9;1;0;0
10/3339.png;9;1;0;0
10/3340.png;9;1;0;0
10/3341.png;9;1;0;0
10/3342.png;9;1;0;0
10/3343.png;9;1;0;0
10/3344.png;9;1;0;0
10/3345.png;9;1;0;0
10/3346.png;9;1;0;0
10/3347.png;9;1;0;0
10/3348.png;9;1;0;0
10/3349.png;9;1;0;0
10/3350.png;9;1;0;0
10/3351.png;9;1;0;0
10/3352.png;9;1;0;0
10/3353.png;9;1;0;0
10/3354.png;9;1;0;0
10/3355.png;9;1;0;0
10/3356.png;9;1;0;0
10/3357.png;9;1;0;0
10/3358.png;9;1;0;0
10/3359.png;9;1;0;0
10/3360.png;9;1;0;0
10/3361.png;9;1;0;0
10/3362.png;9;1;0;0
10/3363.png;9;1;0;0
10/3364.png;9;1;0;0
10/3365.png;9;1;0;0
10/3366.png;9;1;0;0
10/3367.png;9;1;0;0
10/3368.png;9;1;0;0
10/3369.png;9;1;0;0
10/3370.png;9;1;0;0
10/3371.png;9;1;0;0
10/3372.png;9;1;0;0
10/3373.png;9;1;0;0
10/3374.png;9;1;0;0
10/3375.png;9;1;0;0
10/3376.png;9;1;0;0
10/3377.png;9;1;0;0
10/3378.png;9;1;0;0
10/3379.png;9;1;0;0
10/3380.png;9;1;0;0
10/3381.png;9;1;0;0
10/3382.png;9;1;0;0
10/3383.png;9;1;0;0
10/3384.png;9;1;0;0
10/3385.png;9;1;0;0
10/3386.png;9;1;0;0
10/3387.png;9;1;0;0
10/3388.png;9;1;0;0
10/3389.png;9;1;0;0
10/3390.png;9;1;0;0
10/3391.png;9;1;0;0
10/3392.png;9;1;0;0
10/3393.png;9;1;0;0
10/3394.png;9;1;0;0
10/3395.png;9;1;0;0
10/3396.png;9;1;0;0
10/3397.png;9;1;0;0
10/3398.png;9;1;0;0
10/3399.png;9;1;0;0
10/3400.png;9;1;0;0
10/3401.png;9;1;0;0
10/3402.png;9;1;0;0
10/3403.png;9;1;0;0
10/3404.png;9;1;0;0
10/3405.png;9;1;0;0
10/3406.png;9;1;0;0
10/3407.png;9;1;0;0
10/3408.png;9;1;0;0
10/3409.png;9;1;0;0
10/3410.png;9;1;0;0
10/3411.png;9;1;0;0
10/3412.png;9;1;0;0
10/3413.png;9;1;0;0
10/3414.png;9;1;0;0
10/3415.png;9;1;0;0
10/3416.png;9;1;0;0
10/3417.png;9;1;0;0
10/3418.png;9;1;0;0
10/3419.png;9;1;0;0
10/3420.png;9;1;0;0
10/3421.png;9;1;0;0
10/3422.png;9;1;0;0
10/3423.png;9;1;0;0
10/3424.png;9;1;0;0
10/3425.png;9;1;0;0
10/3426.png;9;1;0;0
10/3427.png;9;1;0;0
10/3428.png;9;1;0;0
10/3429.png;9;1;0;0
10/3430.png;9;1;0;0
10/3431.png;9;1;0;0
10/3432.png;9;1;0;0
10/3433.png;9;1;0;0
10/3434.png;9;1;0;0
10/3435.png;9;1;0;0
10/3436.png;9;1;0;0
10/3437.png;9;1;0;0
10/3438.png;9;1;0;0
10/3439.png;9;1;0;0
10/3440.png;9;1;0;0
10/3441.png;9;1;0;0
10/3442.png;9;1;0;0
10/3443.png;9;1;0;0
10/3444.png;9;1;0;0
10/3445.png;9;1;0;0
10/3446.png;9;1;0;0
10/3447.png;9;1;0;0
10/3448.png;9;1;0;0
10/3449.png;9;1;0;0
10/3450.png;9;1;0;0
10/3451.png;9;1;0;0
10/3452.png;9;1;0;0
10/3453.png;9;1;0;0
10/3454.png;9;1;0;0
10/3455.png;9;1;0;0
10/3456.png;9;1;0;0
10/3457.png;9;1;0;0
10/3458.png;9;1;0;0
10/3459.png;9;1;0;0
10/3460.png;9;1;0;0
10/3461.png;9;1;0;0
10/3462.png;9;1;0;0
10/3463.png;9;1;0;0
10/3464.png;9;1;0;0
10/3465.png;9;1;0;0
10/3466.png;9;1;0;0
10/3467.png;9;1;0;0
10/3468.png;9;1;0;0
10/3469.png;9;1;0;0
10/3470.png;9;1;0;0
10/3471.png;9;1;0;0
10/3472.png;9;1;0;0
10/3473.png;9;1;0;0
10/3474.png;9;1;0;0
10/3475.png;9;1;0;0
10/3476.png;9;1;0;0
10/3477.png;9;1;0;0
10/3478.png;9;1;0;0
10/3479.png;9;1;0;0
10/3480.png;9;1;0;0
10/3481.png;9;1;0;0
10/3482.png;9;1;0;0
10/3483.png;9;1;0;0
10/3484.png;9;1;0;0
10/3485.png;9;1;0;0
10/3486.png;9;1;0;0
10/3487.png;9;1;0;0
10/3488.png;9;1;0;0
10/3489.png;9;1;0;0
10/3490.png;9;1;0;0
10/3491.png;9;1;0;0
10/3492.png;9;1;0;0
10/3493.png;9;1;0;0
10/3494.png;9;1;0;0
10/3495.png;9;1;0;0
10/3496.png;9;1;0;0
10/3497.png;9;1;0;0
10/3498.png;9;1;0;0
10/3499.png;9;1;0;0
10/3500.png;9;1;0;0
10/3501.png;9;1;0;0
10/3502.png;9;1;0;0
10/3503.png;9;1;0;0
10/3504.png;9;1;0;0
10/3505.png;9;1;0;0
10/3506.png;9;1;0;0
10/3507.png;9;1;0;0
10/3508.png;9;1;0;0
10/3509.png;9;1;0;0
10/3510.png;9;1;0;0
10/3511.png;9;1;0;0
10/3512.png;9;1;0;0
10/3513.png;9;1;0;0
10/3514.png;9;1;0;0
10/3515.png;9;1;0;0
10/3516.png;9;1;0;0
10/3517.png;9;1;0;0
10/3518.png;9;1;0;0
10/3519.png;9;1;0;0
10/3520.png;9;1;0;0
10/3521.png;9;1;0;0
10/3522.png;9;1;0;0
10/3523.png;9;1;0;0
10/3524.png;9;1;0;0
10/3525.png;9;1;0;0
10/3526.png;9;1;0;0
10/3527.png;9;1;0;0
10/3528.png;9;1;0;0
10/3529.png;9;1;0;0
10/3530.png;9;1;0;0
10/3531.png;9;1;0;0
10/3532.png;9;1;0;0
10/3533.png;9;1;0;0
10/3534.png;9;1;0;0
10/3535.png;9;1;0;0
10/3536.png;9;1;0;0
10/3537.png;9;1;0;0
10/3538.png;9;1;0;0
10/3539.png;9;1;0;0
10/3540.png;9;1;0;0
10/3541.png;9;1;0;0
10/3542.png;9;1;0;0
10/3543.png;9;1;0;0
10/3544.png;9;1;0;0
10/3545.png;9;1;0;0
10/3546.png;9;1;0;0
10/3547.png;9;1;0;0
10/3548.png;9;1;0;0
10/3549.png;9;1;0;0
10/3550.png;9;1;0;0
10/3551.png;9;1;0;0
10/3552.png;9;1;0;0
10/3553.png;9;1;0;0
10/3554.png;9;1;0;0
10/3555.png;9;1;0;0
10/3556.png;9;1;0;0
10/3557.png;9;1;0;0
10/3558.png;9;1;0;0
10/3559.png;9;1;0;0
10/3560.png;9;1;0;0
10/3561.png;9;1;0;0
10/3562.png;9;1;0;0
10/3563.png;9;1;0;0
10/3564.png;9;1;0;0
10/3565.png;9;1;0;0
10/3566.png;9;1;0;0
10/3567.png;9;1;0;0
10/3568.png;9;1;0;0
10/3569.png;9;1;0;0
10/3570.png;9;1;0;0
10/3571.png;9;1;0;0
10/3572.png;9;1;0;0
10/3573.png;9;1;0;0
10/3574.png;9;1;0;0
10/3575.png;9;1;0;0
10/3576.png;9;1;0;0
10/3577.png;9;1;0;0
10/3578.png;9;1;0;0
10/3579.png;9;1;0;0
10/3580.png;9;1;0;0
10/3581.png;9;1;0;0
10/3582.png;9;1;0;0
10/3583.png;9;1;0;0
10/3584.png;9;1;0;0
10/3585.png;9;1;0;0
10/3586.png;9;1;0;0
10/3587.png;9;1;0;0
10/3588.png;9;1;0;0
10/3589.png;9;1;0;0
10/3590.png;9;1;0;0
10/3591.png;9;1;0;0
10/3592.png;9;1;0;0
10/3593.png;9;1;0;0
10/3594.png;9;1;0;0
10/3595.png;9;1;0;0
10/3596.png;9;1;0;0
10/3597.png;9;1;0;0
10/3598.png;9;1;0;0
10/3599.png;9;1;0;0
10/3600.png;9;1;0;0
10/3601.png;9;1;0;0
10/3602.png;9;1;0;0
10/3603.png;9;1;0;0
10/3604.png;9;1;0;0
10/3605.png;9;1;0;0
10/3606.png;9;1;0;0
10/3607.png;9;1;0;0
10/3608.png;9;1;0;0
10/3609.png;9;1;0;0
10/3610.png;9;1;0;0
10/3611.png;9;1;0;0
10/3612.png;9;1;0;0
10/3613.png;9;1;0;0
10/3614.png;9;1;0;0
10/3615.png;9;1;0;0
10/3616.png;9;1;0;0
10/3617.png;9;1;0;0
10/3618.png;9;1;0;0
10/3619.png;9;1;0;0
10/3620.png;9;1;0;0
10/3621.png;9;1;0;0
10/3622.png;9;1;0;0
10/3623.png;9;1;0;0
10/3624.png;9;1;0;0
10/3625.png;9;1;0;0
10/3626.png;9;1;0;0
10/3627.png;9;1;0;0
10/3628.png;9;1;0;0
10/3629.png;9;1;0;0
10/3630.png;9;1;0;0
10/3631.png;9;1;0;0
10/3632.png;9;1;0;0
10/3633.png;9;1;0;0
10/3634.png;9;1;0;0
10/3635.png;9;1;0;0
10/3636.png;9;1;0;0
10/3637.png;9;1;0;0
10/3638.png;9;1;0;0
10/3639.png;9;1;0;0
10/3640.png;9;1;0;0
10/3641.png;9;1;0;0
10/3642.png;9;1;0;0
10/3643.png;9;1;0;0
10/3644.png;9;1;0;0
10/3645.png;9;1;0;0
10/3646.png;9;1;0;0
10/3647.png;9;1;0;0
10/3648.png;9;1;0;0
10/3649.png;9;1;0;0
10/3650.png;9;1;0;0
10/3651.png;9;1;0;0
10/3652.png;9;1;0;0
10/3653.png;9;1;0;0
10/3654.png;9;1;0;0
10/3655.png;9;1;0;0
10/3656.png;9;1;0;0
10/3657.png;9;1;0;0
10/3658.png;9;1;0;0
10/3659.png;9;1;0;0
10/3660.png;9;1;0;0
10/3661.png;9;1;0;0
10/3662.png;9;1;0;0
10/3663.png;9;1;0;0
10/3664.png;9;1;0;0
10/3665.png;9;1;0;0
10/3666.png;9;1;0;0
10/3667.png;9;1;0;0
10/3668.png;9;1;0;0
10/3669.png;9;1;0;0
10/3670.png;9;1;0;0
10/3671.png;9;1;0;0
10/3672.png;9;1;0;0
10/3673.png;9;1;0;0
10/3674.png;9;1;0;0
10/3675.png;9;1;0;0
10/3676.png;9;1;0;0
10/3677.png;9;1;0;0
10/3678.png;9;1;0;0
10/3679.png;9;1;0;0
10/3680.png;9;1;0;0
10/3681.png;9;1;0;0
10/3682.png;9;1;0;0
10/3683.png;9;1;0;0
10/3684.png;9;1;0;0
10/3685.png;9;1;0;0
10/3686.png;9;1;0;0
10/3687.png;9;1;0;0
10/3688.png;9;1;0;0
10/3689.png;9;1;0;0
10/3690.png;9;1;0;0
10/3691.png;9;1;0;0
10/3692.png;9;1;0;0
10/3693.png;9;1;0;0
10/3694.png;9;1;0;0
10/3695.png;9;1;0;0
10/3696.png;9;1;0;0
10/3697.png;9;1;0;0
10/3698.png;9;1;0;0
10/3699.png;9;1;0;0
10/3700.png;9;1;0;0
10/3701.png;9;1;0;0
10/3702.png;9;1;0;0
10/3703.png;9;1;0;0
10/3704.png;9;1;0;0
10/3705.png;9;1;0;0
10/3706.png;9;1;0;0
10/3707.png;9;1;0;0
10/3708.png;9;1;0;0
10/3709.png;9;1;0;0
10/3710.png;9;1;0;0
10/3711.png;9;1;0;0
10/3712.png;9;1;0;0
10/3713.png;9;1;0;0
10/3714.png;9;1;0;0
10/3715.png;9;1;0;0
10/3716.png;9;1;0;0
10/3717.png;9;1;0;0
10/3718.png;9;1;0;0
10/3719.png;9;1;0;0
10/3720.png;9;1;0;0
10/3721.png;9;1;0;0
10/3722.png;9;1;0;0
10/3723.png;9;1;0;0
10/3724.png;9;1;0;0
10/3725.png;9;1;0;0
10/3726.png;9;1;0;0
10/3727.png;9;1;0;0
10/3728.png;9;1;0;0
10/3729.png;9;1;0;0
10/3730.png;9;1;0;0
10/3731.png;9;1;0;0
10/3732.png;9;1;0;0
10/3733.png;9;1;0;0
10/3734.png;9;1;0;0
10/3735.png;9;1;0;0
10/3736.png;9;1;0;0
10/3737.png;9;1;0;0
10/3738.png;9;1;0;0
10/3739.png;9;1;0;0
10/3740.png;9;1;0;0
10/3741.png;9;1;0;0
10/3742.png;9;1;0;0
10/3743.png;9;1;0;0
10/3744.png;9;1;0;0
10/3745.png;9;1;0;0
10/3746.png;9;1;0;0
10/3747.png;9;1;0;0
10/3748.png;9;1;0;0
10/3749.png;9;1;0;0
10/3750.png;9;1;0;0
10/3751.png;9;1;0;0
10/3752.png;9;1;0;0
10/3753.png;9;1;0;0
10/3754.png;9;1;0;0
10/3755.png;9;1;0;0
10/3756.png;9;1;0;0
10/3757.png;9;1;0;0
10/3758.png;9;1;0;0
10/3759.png;9;1;0;0
10/3760.png;9;1;0;0
10/3761.png;9;1;0;0
10/3762.png;9;1;0;0
10/3763.png;9;1;0;0
10/3764.png;9;1;0;0
10/3765.png;9;1;0;0
10/3766.png;9;1;0;0
10/3767.png;9;1;0;0
10/3768.png;9;1;0;0
10/3769.png;9;1;0;0
10/3770.png;9;1;0;0
10/3771.png;9;1;0;0
10/3772.png;9;1;0;0
10/3773.png;9;1;0;0
10/3774.png;9;1;0;0
10/3775.png;9;1;0;0
10/3776.png;9;1;0;0
10/3777.png;9;1;0;0
10/3778.png;9;1;0;0
10/3779.png;9;1;0;0
10/3780.png;9;1;0;0
10/3781.png;9;1;0;0
10/3782.png;9;1;0;0
10/3783.png;9;1;0;0
10/3784.png;9;1;0;0
10/3785.png;9;1;0;0
10/3786.png;9;1;0;0
10/3787.png;9;1;0;0
10/3788.png;9;1;0;0
10/3789.png;9;1;0;0
10/3790.png;9;1;0;0
10/3791.png;9;1;0;0
10/3792.png;9;1;0;0
10/3793.png;9;1;0;0
10/3794.png;9;1;0;0
10/3795.png;9;1;0;0
10/3796.png;9;1;0;0
10/3797.png;9;1;0;0
10/3798.png;9;1;0;0
10/3799.png;9;1;0;0
10/3800.png;9;1;0;0
10/3801.png;9;1;0;0
10/3802.png;9;1;0;0
10/3803.png;9;1;0;0
10/3804.png;9;1;0;0
10/3805.png;9;1;0;0
10/3806.png;9;1;0;0
10/3807.png;9;1;0;0
10/3808.png;9;1;0;0
10/3809.png;9;1;0;0
10/3810.png;9;1;0;0
10/3811.png;9;1;0;0
10/3812.png;9;1;0;0
10/3813.png;9;1;0;0
10/3814.png;9;1;0;0
10/3815.png;9;1;0;0
10/3816.png;9;1;0;0
10/3817.png;9;1;0;0
10/3818.png;9;1;0;0
10/3819.png;9;1;0;0
10/3820.png;9;1;0;0
10/3821.png;9;1;0;0
10/3822.png;9;1;0;0
10/3823.png;9;1;0;0
10/3824.png;9;1;0;0
10/3825.png;9;1;0;0
10/3826.png;9;1;0;0
10/3827.png;9;1;0;0
10/3828.png;9;1;0;0
10/3829.png;9;1;0;0
10/3830.png;9;1;0;0
10/3831.png;9;1;0;0
10/3832.png;9;1;0;0
10/3833.png;9;1;0;0
10/3834.png;9;1;0;0
10/3835.png;9;1;0;0
10/3836.png;9;1;0;0
10/3837.png;9;1;0;0
10/3838.png;9;1;0;0
10/3839.png;9;1;0;0
10/3840.png;9;1;0;0
10/3841.png;9;1;0;0
10/3842.png;9;1;0;0
10/3843.png;9;1;0;0
10/3844.png;9;1;0;0
10/3845.png;9;1;0;0
10/3846.png;9;1;0;0
10/3847.png;9;1;0;0
10/3848.png;9;1;0;0
10/3849.png;9;1;0;0
10/3850.png;9;1;0;0
10/3851.png;9;1;0;0
10/3852.png;9;1;0;0
10/3853.png;9;1;0;0
10/3854.png;9;1;0;0
10/3855.png;9;1;0;0
10/3856.png;9;1;0;0
10/3857.png;9;1;0;0
10/3858.png;9;1;0;0
10/3859.png;9;1;0;0
10/3860.png;9;1;0;0
10/3861.png;9;1;0;0
10/3862.png;9;1;0;0
10/3863.png;9;1;0;0
10/3864.png;9;1;0;0
10/3865.png;9;1;0;0
10/3866.png;9;1;0;0
10/3867.png;9;1;0;0
10/3868.png;9;1;0;0
10/3869.png;9;1;0;0
10/3870.png;9;1;0;0
10/3871.png;9;1;0;0
10/3872.png;9;1;0;0
10/3873.png;9;1;0;0
10/3874.png;9;1;0;0
10/3875.png;9;1;0;0
10/3876.png;9;1;0;0
10/3877.png;9;1;0;0
10/3878.png;9;1;0;0
10/3879.png;9;1;0;0
10/3880.png;9;1;0;0
10/3881.png;9;1;0;0
10/3882.png;9;1;0;0
10/3883.png;9;1;0;0
10/3884.png;9;1;0;0
10/3885.png;9;1;0;0
10/3886.png;9;1;0;0
10/3887.png;9;1;0;0
10/3888.png;9;1;0;0
10/3889.png;9;1;0;0
10/3890.png;9;1;0;0
10/3891.png;9;1;0;0
10/3892.png;9;1;0;0
10/3893.png;9;1;0;0
10/3894.png;9;1;0;0
10/3895.png;9;1;0;0
10/3896.png;9;1;0;0
10/3897.png;9;1;0;0
10/3898.png;9;1;0;0
10/3899.png;9;1;0;0
10/3900.png;9;1;0;0
10/3901.png;9;1;0;0
10/3902.png;9;1;0;0
10/3903.png;9;1;0;0
10/3904.png;9;1;0;0
10/3905.png;9;1;0;0
10/3906.png;9;1;0;0
10/3907.png;9;1;0;0
10/3908.png;9;1;0;0
10/3909.png;9;1;0;0
10/3910.png;9;1;0;0
10/3911.png;9;1;0;0
10/3912.png;9;1;0;0
10/3913.png;9;1;0;0
10/3914.png;9;1;0;0
10/3915.png;9;1;0;0
10/3916.png;9;1;0;0
10/3917.png;9;1;0;0
10/3918.png;9;1;0;0
10/3919.png;9;1;0;0
10/3920.png;9;1;0;0
10/3921.png;9;1;0;0
10/3922.png;9;1;0;0
10/3923.png;9;1;0;0
10/3924.png;9;1;0;0
10/3925.png;9;1;0;0
10/3926.png;9;1;0;0
10/3927.png;9;1;0;0
10/3928.png;9;1;0;0
10/3929.png;9;1;0;0
10/3930.png;9;1;0;0
10/3931.png;9;1;0;0
10/3932.png;9;1;0;0
10/3933.png;9;1;0;0
10/3934.png;9;1;0;0
10/3935.png;9;1;0;0
10/3936.png;9;1;0;0
10/3937.png;9;1;0;0
10/3938.png;9;1;0;0
10/3939.png;9;1;0;0
10/3940.png;9;1;0;0
10/3941.png;9;1;0;0
10/3942.png;9;1;0;0
10/3943.png;9;1;0;0
10/3944.png;9;1;0;0
10/3945.png;9;1;0;0
10/3946.png;9;1;0;0
10/3947.png;9;1;0;0
10/3948.png;9;1;0;0
10/3949.png;9;1;0;0
10/3950.png;9;1;0;0
10/3951.png;9;1;0;0
10/3952.png;9;1;0;0
10/3953.png;9;1;0;0
10/3954.png;9;1;0;0
10/3955.png;9;1;0;0
10/3956.png;9;1;0;0
10/3957.png;9;1;0;0
10/3958.png;9;1;0;0
10/3959.png;9;1;0;0
10/3960.png;9;1;0;0
10/3961.png;9;1;0;0
10/3962.png;9;1;0;0
10/3963.png;9;1;0;0
10/3964.png;9;1;0;0
10/3965.png;9;1;0;0
10/3966.png;9;1;0;0
10/3967.png;9;1;0;0
10/3968.png;9;1;0;0
10/3969.png;9;1;0;0
10/3970.png;9;1;0;0
10/3971.png;9;1;0;0
10/3972.png;9;1;0;0
10/3973.png;9;1;0;0
10/3974.png;9;1;0;0
10/3975.png;9;1;0;0
10/3976.png;9;1;0;0
10/3977.png;9;1;0;0
10/3978.png;9;1;0;0
10/3979.png;9;1;0;0
10/3980.png;9;1;0;0
10/3981.png;9;1;0;0
10/3982.png;9;1;0;0
10/3983.png;9;1;0;0
10/3984.png;9;1;0;0
10/3985.png;9;1;0;0
10/3986.png;9;1;0;0
10/3987.png;9;1;0;0
10/3988.png;9;1;0;0
10/3989.png;9;1;0;0
10/3990.png;9;1;0;0
10/3991.png;9;1;0;0
10/3992.png;9;1;0;0
10/3993.png;9;1;0;0
10/3994.png;9;1;0;0
10/3995.png;9;1;0;0
10/3996.png;9;1;0;0
10/3997.png;9;1;0;0
10/3998.png;9;1;0;0
10/3999.png;9;1;0;0
10/4000.png;9;1;0;0
10/4001.png;9;1;0;0
10/4002.png;9;1;0;0
10/4003.png;9;1;0;0
10/4004.png;9;1;0;0
10/4005.png;9;1;0;0
10/4006.png;9;1;0;0
10/4007.png;9;1;0;0
10/4008.png;9;1;0;0
10/4009.png;9;1;0;0
10/4010.png;9;1;0;0
10/4011.png;9;1;0;0
10/4012.png;9;1;0;0
10/4013.png;9;1;0;0
10/4014.png;9;1;0;0
10/4015.png;9;1;0;0
10/4016.png;9;1;0;0
10/4017.png;9;1;0;0
10/4018.png;9;1;0;0
10/4019.png;9;1;0;0
10/4020.png;9;1;0;0
10/4021.png;9;1;0;0
10/4022.png;9;1;0;0
10/4023.png;9;1;0;0
10/4024.png;9;1;0;0
10/4025.png;9;1;0;0
10/4026.png;9;1;0;0
10/4027.png;9;1;0;0
10/4028.png;9;1;0;0
10/4029.png;9;1;0;0
10/4030.png;9;1;0;0
10/4031.png;9;1;0;0
10/4032.png;9;1;0;0
10/4033.png;9;1;0;0
10/4034.png;9;1;0;0
10/4035.png;9;1;0;0
10/4036.png;9;1;0;0
10/4037.png;9;1;0;0
10/4038.png;9;1;0;0
10/4039.png;9;1;0;0
10/4040.png;9;1;0;0
10/4041.png;9;1;0;0
10/4042.png;9;1;0;0
10/4043.png;9;1;0;0
10/4044.png;9;1;0;0
10/4045.png;9;1;0;0
10/4046.png;9;1;0;0
10/4047.png;9;1;0;0
10/4048.png;9;1;0;0
10/4049.png;9;1;0;0
10/4050.png;9;1;0;0
10/4051.png;9;1;0;0
10/4052.png;9;1;0;0
10/4053.png;9;1;0;0
10/4054.png;9;1;0;0
10/4055.png;9;1;0;0
10/4056.png;9;1;0;0
10/4057.png;9;1;0;0
10/4058.png;9;1;0;0
10/4059.png;9;1;0;0
10/4060.png;9;1;0;0
10/4061.png;9;1;0;0
10/4062.png;9;1;0;0
10/4063.png;9;1;0;0
10/4064.png;9;1;0;0
10/4065.png;9;1;0;0
10/4066.png;9;1;0;0
10/4067.png;9;1;0;0
10/4068.png;9;1;0;0
10/4069.png;9;1;0;0
10/4070.png;9;1;0;0
10/4071.png;9;1;0;0
10/4072.png;9;1;0;0
10/4073.png;9;1;0;0
10/4074.png;9;1;0;0
10/4075.png;9;1;0;0
10/4076.png;9;1;0;0
10/4077.png;9;1;0;0
10/4078.png;9;1;0;0
10/4079.png;9;1;0;0
10/4080.png;9;1;0;0
10/4081.png;9;1;0;0
10/4082.png;9;1;0;0
10/4083.png;9;1;0;0
10/4084.png;9;1;0;0
10/4085.png;9;1;0;0
10/4086.png;9;1;0;0
10/4087.png;9;1;0;0
10/4088.png;9;1;0;0
10/4089.png;9;1;0;0
10/4090.png;9;1;0;0
10/4091.png;9;1;0;0
10/4092.png;9;1;0;0
10/4093.png;9;1;0;0
10/4094.png;9;1;0;0
10/4095.png;9;1;0;0
10/4096.png;9;1;0;0
10/4097.png;9;1;0;0
10/4098.png;9;1;0;0
10/4099.png;9;1;0;0
10/4100.png;9;1;0;0
10/4101.png;9;1;0;0
10/4102.png;9;1;0;0
10/4103.png;9;1;0;0
10/4104.png;9;1;0;0
10/4105.png;9;1;0;0
10/4106.png;9;1;0;0
10/4107.png;9;1;0;0
10/4108.png;9;1;0;0
10/4109.png;9;1;0;0
10/4110.png;9;1;0;0
10/4111.png;9;1;0;0
10/4112.png;9;1;0;0
10/4113.png;9;1;0;0
10/4114.png;9;1;0;0
10/4115.png;9;1;0;0
10/4116.png;9;1;0;0
10/4117.png;9;1;0;0
10/4118.png;9;1;0;0
10/4119.png;9;1;0;0
10/4120.png;9;1;0;0
10/4121.png;9;1;0;0
10/4122.png;9;1;0;0
10/4123.png;9;1;0;0
10/4124.png;9;1;0;0
10/4125.png;9;1;0;0
10/4126.png;9;1;0;0
10/4127.png;9;1;0;0
10/4128.png;9;1;0;0
10/4129.png;9;1;0;0
10/4130.png;9;1;0;0
10/4131.png;9;1;0;0
10/4132.png;9;1;0;0
10/4133.png;9;1;0;0
10/4134.png;9;1;0;0
10/4135.png;9;1;0;0
10/4136.png;9;1;0;0
10/4137.png;9;1;0;0
10/4138.png;9;1;0;0
10/4139.png;9;1;0;0
10/4140.png;9;1;0;0
10/4141.png;9;1;0;0
10/4142.png;9;1;0;0
10/4143.png;9;1;0;0
10/4144.png;9;1;0;0
10/4145.png;9;1;0;0
10/4146.png;9;1;0;0
10/4147.png;9;1;0;0
10/4148.png;9;1;0;0
10/4149.png;9;1;0;0
10/4150.png;9;1;0;0
10/4151.png;9;1;0;0
10/4152.png;9;1;0;0
10/4153.png;9;1;0;0
10/4154.png;9;1;0;0
10/4155.png;9;1;0;0
10/4156.png;9;1;0;0
10/4157.png;9;1;0;0
10/4158.png;9;1;0;0
10/4159.png;9;1;0;0
10/4160.png;9;1;0;0
10/4161.png;9;1;0;0
10/4162.png;9;1;0;0
10/4163.png;9;1;0;0
10/4164.png;9;1;0;0
10/4165.png;9;1;0;0
10/4166.png;9;1;0;0
10/4167.png;9;1;0;0
10/4168.png;9;1;0;0
10/4169.png;9;1;0;0
10/4170.png;9;1;0;0
10/4171.png;9;1;0;0
10/4172.png;9;1;0;0
10/4173.png;9;1;0;0
10/4174.png;9;1;0;0
10/4175.png;9;1;0;0
10/4176.png;9;1;0;0
10/4177.png;9;1;0;0
10/4178.png;9;1;0;0
10/4179.png;9;1;0;0
10/4180.png;9;1;0;0
10/4181.png;9;1;0;0
10/4182.png;9;1;0;0
10/4183.png;9;1;0;0
10/4184.png;9;1;0;0
10/4185.png;9;1;0;0
10/4186.png;9;1;0;0
10/4187.png;9;1;0;0
10/4188.png;9;1;0;0
10/4189.png;9;1;0;0
10/4190.png;9;1;0;0
10/4191.png;9;1;0;0
10/4192.png;9;1;0;0
10/4193.png;9;1;0;0
10/4194.png;9;1;0;0
10/4195.png;9;1;0;0
10/4196.png;9;1;0;0
10/4197.png;9;1;0;0
10/4198.png;9;1;0;0
10/4199.png;9;1;0;0
10/4200.png;9;1;0;0
10/4201.png;9;1;0;0
10/4202.png;9;1;0;0
10/4203.png;9;1;0;0
10/4204.png;9;1;0;0
10/4205.png;9;1;0;0
10/4206.png;9;1;0;0
10/4207.png;9;1;0;0
10/4208.png;9;1;0;0
10/4209.png;9;1;0;0
10/4210.png;9;1;0;0
10/4211.png;9;1;0;0
10/4212.png;9;1;0;0
10/4213.png;9;1;0;0
10/4214.png;9;1;0;0
10/4215.png;9;1;0;0
10/4216.png;9;1;0;0
10/4217.png;9;1;0;0
10/4218.png;9;1;0;0
10/4219.png;9;1;0;0
10/4220.png;9;1;0;0
10/4221.png;9;1;0;0
10/4222.png;9;1;0;0
10/4223.png;9;1;0;0
10/4224.png;9;1;0;0
10/4225.png;9;1;0;0
10/4226.png;9;1;0;0
10/4227.png;9;1;0;0
10/4228.png;9;1;0;0
10/4229.png;9;1;0;0
10/4230.png;9;1;0;0
10/4231.png;9;1;0;0
10/4232.png;9;1;0;0
10/4233.png;9;1;0;0
10/4234.png;9;1;0;0
10/4235.png;9;1;0;0
10/4236.png;9;1;0;0
10/4237.png;9;1;0;0
10/4238.png;9;1;0;0
10/4239.png;9;1;0;0
10/4240.png;9;1;0;0
10/4241.png;9;1;0;0
10/4242.png;9;1;0;0
10/4243.png;9;1;0;0
10/4244.png;9;1;0;0
10/4245.png;9;1;0;0
10/4246.png;9;1;0;0
10/4247.png;9;1;0;0
10/4248.png;9;1;0;0
10/4249.png;9;1;0;0
10/4250.png;9;1;0;0
10/4251.png;9;1;0;0
10/4252.png;9;1;0;0
10/4253.png;9;1;0;0
10/4254.png;9;1;0;0
10/4255.png;9;1;0;0
10/4256.png;9;1;0;0
10/4257.png;9;1;0;0
10/4258.png;9;1;0;0
10/4259.png;9;1;0;0
10/4260.png;9;1;0;0
10/4261.png;9;1;0;0
10/4262.png;9;1;0;0
10/4263.png;9;1;0;0
10/4264.png;9;1;0;0
10/4265.png;9;1;0;0
10/4266.png;9;1;0;0
10/4267.png;9;1;0;0
10/4268.png;9;1;0;0
10/4269.png;9;1;0;0
10/4270.png;9;1;0;0
10/4271.png;9;1;0;0
10/4272.png;9;1;0;0
10/4273.png;9;1;0;0
10/4274.png;9;1;0;0
10/4275.png;9;1;0;0
10/4276.png;9;1;0;0
10/4277.png;9;1;0;0
10/4278.png;9;1;0;0
10/4279.png;9;1;0;0
10/4280.png;9;1;0;0
10/4281.png;9;1;0;0
10/4282.png;9;1;0;0
10/4283.png;9;1;0;0
10/4284.png;9;1;0;0
10/4285.png;9;1;0;0
10/4286.png;9;1;0;0
10/4287.png;9;1;0;0
10/4288.png;9;1;0;0
10/4289.png;9;1;0;0
10/4290.png;9;1;0;0
10/4291.png;9;1;0;0
10/4292.png;9;1;0;0
10/4293.png;9;1;0;0
10/4294.png;9;1;0;0
10/4295.png;9;1;0;0
10/4296.png;9;1;0;0
10/4297.png;9;1;0;0
10/4298.png;9;1;0;0
10/4299.png;9;1;0;0
10/4300.png;9;1;0;0
10/4301.png;9;1;0;0
10/4302.png;9;1;0;0
10/4303.png;9;1;0;0
10/4304.png;9;1;0;0
10/4305.png;9;1;0;0
10/4306.png;9;1;0;0
10/4307.png;9;1;0;0
10/4308.png;9;1;0;0
10/4309.png;9;1;0;0
10/4310.png;9;1;0;0
10/4311.png;9;1;0;0
10/4312.png;9;1;0;0
10/4313.png;9;1;0;0
10/4314.png;9;1;0;0
10/4315.png;9;1;0;0
10/4316.png;9;1;0;0
10/4317.png;9;1;0;0
10/4318.png;9;1;0;0
10/4319.png;9;1;0;0
10/4320.png;9;1;0;0
10/4321.png;9;1;0;0
10/4322.png;9;1;0;0
10/4323.png;9;1;0;0
10/4324.png;9;1;0;0
10/4325.png;9;1;0;0
10/4326.png;9;1;0;0
10/4327.png;9;1;0;0
10/4328.png;9;1;0;0
10/4329.png;9;1;0;0
10/4330.png;9;1;0;0
10/4331.png;9;1;0;0
10/4332.png;9;1;0;0
10/4333.png;9;1;0;0
10/4334.png;9;1;0;0
10/4335.png;9;1;0;0
10/4336.png;9;1;0;0
10/4337.png;9;1;0;0
10/4338.png;9;1;0;0
10/4339.png;9;1;0;0
10/4340.png;9;1;0;0
10/4341.png;9;1;0;0
10/4342.png;9;1;0;0
10/4343.png;9;1;0;0
10/4344.png;9;1;0;0
10/4345.png;9;1;0;0
10/4346.png;9;1;0;0
10/4347.png;9;1;0;0
10/4348.png;9;1;0;0
10/4349.png;9;1;0;0
10/4350.png;9;1;0;0
10/4351.png;9;1;0;0
10/4352.png;9;1;0;0
10/4353.png;9;1;0;0
10/4354.png;9;1;0;0
10/4355.png;9;1;0;0
10/4356.png;9;1;0;0
10/4357.png;9;1;0;0
10/4358.png;9;1;0;0
10/4359.png;9;1;0;0
10/4360.png;9;1;0;0
10/4361.png;9;1;0;0
10/4362.png;9;1;0;0
10/4363.png;9;1;0;0
10/4364.png;9;1;0;0
10/4365.png;9;1;0;0
10/4366.png;9;1;0;0
10/4367.png;9;1;0;0
10/4368.png;9;1;0;0
10/4369.png;9;1;0;0
10/4370.png;9;1;0;0
10/4371.png;9;1;0;0
10/4372.png;9;1;0;0
10/4373.png;9;1;0;0
10/4374.png;9;1;0;0
10/4375.png;9;1;0;0
10/4376.png;9;1;0;0
10/4377.png;9;1;0;0
10/4378.png;9;1;0;0
10/4379.png;9;1;0;0
10/4380.png;9;1;0;0
10/4381.png;9;1;0;0
10/4382.png;9;1;0;0
10/4383.png;9;1;0;0
10/4384.png;9;1;0;0
10/4385.png;9;1;0;0
10/4386.png;9;1;0;0
10/4387.png;9;1;0;0
10/4388.png;9;1;0;0
10/4389.png;9;1;0;0
10/4390.png;9;1;0;0
10/4391.png;9;1;0;0
10/4392.png;9;1;0;0
10/4393.png;9;1;0;0
10/4394.png;9;1;0;0
10/4395.png;9;1;0;0
10/4396.png;9;1;0;0
10/4397.png;9;1;0;0
10/4398.png;9;1;0;0
10/4399.png;9;1;0;0
10/4400.png;9;1;0;0
10/4401.png;9;1;0;0
10/4402.png;9;1;0;0
10/4403.png;9;1;0;0
10/4404.png;9;1;0;0
10/4405.png;9;1;0;0
10/4406.png;9;1;0;0
10/4407.png;9;1;0;0
10/4408.png;9;1;0;0
10/4409.png;9;1;0;0
10/4410.png;9;1;0;0
10/4411.png;9;1;0;0
10/4412.png;9;1;0;0
10/4413.png;9;1;0;0
10/4414.png;9;1;0;0
10/4415.png;9;1;0;0
10/4416.png;9;1;0;0
10/4417.png;9;1;0;0
10/4418.png;9;1;0;0
10/4419.png;9;1;0;0
10/4420.png;9;1;0;0
10/4421.png;9;1;0;0
10/4422.png;9;1;0;0
10/4423.png;9;1;0;0
10/4424.png;9;1;0;0
10/4425.png;9;1;0;0
10/4426.png;9;1;0;0
10/4427.png;9;1;0;0
10/4428.png;9;1;0;0
10/4429.png;9;1;0;0
10/4430.png;9;1;0;0
10/4431.png;9;1;0;0
10/4432.png;9;1;0;0
10/4433.png;9;1;0;0
10/4434.png;9;1;0;0
10/4435.png;9;1;0;0
10/4436.png;9;1;0;0
10/4437.png;9;1;0;0
10/4438.png;9;1;0;0
10/4439.png;9;1;0;0
10/4440.png;9;1;0;0
10/4441.png;9;1;0;0
10/4442.png;9;1;0;0
10/4443.png;9;1;0;0
10/4444.png;9;1;0;0
10/4445.png;9;1;0;0
10/4446.png;9;1;0;0
10/4447.png;9;1;0;0
10/4448.png;9;1;0;0
10/4449.png;9;1;0;0
10/4450.png;9;1;0;0
10/4451.png;9;1;0;0
10/4452.png;9;1;0;0
10/4453.png;9;1;0;0
10/4454.png;9;1;0;0
10/4455.png;9;1;0;0
10/4456.png;9;1;0;0
10/4457.png;9;1;0;0
10/4458.png;9;1;0;0
10/4459.png;9;1;0;0
10/4460.png;9;1;0;0
10/4461.png;9;1;0;0
10/4462.png;9;1;0;0
10/4463.png;9;1;0;0
10/4464.png;9;1;0;0
10/4465.png;9;1;0;0
10/4466.png;9;1;0;0
10/4467.png;9;1;0;0
10/4468.png;9;1;0;0
10/4469.png;9;1;0;0
10/4470.png;9;1;0;0
10/4471.png;9;1;0;0
10/4472.png;9;1;0;0
10/4473.png;9;1;0;0
10/4474.png;9;1;0;0
10/4475.png;9;1;0;0
10/4476.png;9;1;0;0
10/4477.png;9;1;0;0
10/4478.png;9;1;0;0
10/4479.png;9;1;0;0
10/4480.png;9;1;0;0
10/4481.png;9;1;0;0
10/4482.png;9;1;0;0
10/4483.png;9;1;0;0
10/4484.png;9;1;0;0
10/4485.png;9;1;0;0
10/4486.png;9;1;0;0
10/4487.png;9;1;0;0
10/4488.png;9;1;0;0
10/4489.png;9;1;0;0
10/4490.png;9;1;0;0
10/4491.png;9;1;0;0
10/4492.png;9;1;0;0
10/4493.png;9;1;0;0
10/4494.png;9;1;0;0
10/4495.png;9;1;0;0
10/4496.png;9;1;0;0
10/4497.png;9;1;0;0
10/4498.png;9;1;0;0
10/4499.png;9;1;0;0
10/4500.png;9;1;0;0
10/4501.png;9;1;0;0
10/4502.png;9;1;0;0
10/4503.png;9;1;0;0
10/4504.png;9;1;0;0
10/4505.png;9;1;0;0
10/4506.png;9;1;0;0
10/4507.png;9;1;0;0
10/4508.png;9;1;0;0
10/4509.png;9;1;0;0
10/4510.png;9;1;0;0
10/4511.png;9;1;0;0
10/4512.png;9;1;0;0
10/4513.png;9;1;0;0
10/4514.png;9;1;0;0
10/4515.png;9;1;0;0
10/4516.png;9;1;0;0
10/4517.png;9;1;0;0
10/4518.png;9;1;0;0
10/4519.png;9;1;0;0
10/4520.png;9;1;0;0
10/4521.png;9;1;0;0
10/4522.png;9;1;0;0
10/4523.png;9;1;0;0
10/4524.png;9;1;0;0
10/4525.png;9;1;0;0
10/4526.png;9;1;0;0
10/4527.png;9;1;0;0
10/4528.png;9;1;0;0
10/4529.png;9;1;0;0
10/4530.png;9;1;0;0
10/4531.png;9;1;0;0
10/4532.png;9;1;0;0
10/4533.png;9;1;0;0
10/4534.png;9;1;0;0
10/4535.png;9;1;0;0
10/4536.png;9;1;0;0
10/4537.png;9;1;0;0
10/4538.png;9;1;0;0
10/4539.png;9;1;0;0
10/4540.png;9;1;0;0
10/4541.png;9;1;0;0
10/4542.png;9;1;0;0
10/4543.png;9;1;0;0
10/4544.png;9;1;0;0
10/4545.png;9;1;0;0
10/4546.png;9;1;0;0
10/4547.png;9;1;0;0
10/4548.png;9;1;0;0
10/4549.png;9;1;0;0
10/4550.png;9;1;0;0
10/4551.png;9;1;0;0
10/4552.png;9;1;0;0
10/4553.png;9;1;0;0
10/4554.png;9;1;0;0
10/4555.png;9;1;0;0
10/4556.png;9;1;0;0
10/4557.png;9;1;0;0
10/4558.png;9;1;0;0
10/4559.png;9;1;0;0
10/4560.png;9;1;0;0
10/4561.png;9;1;0;0
10/4562.png;9;1;0;0
10/4563.png;9;1;0;0
10/4564.png;9;1;0;0
10/4565.png;9;1;0;0
10/4566.png;9;1;0;0
10/4567.png;9;1;0;0
10/4568.png;9;1;0;0
10/4569.png;9;1;0;0
10/4570.png;9;1;0;0
10/4571.png;9;1;0;0
10/4572.png;9;1;0;0
10/4573.png;9;1;0;0
10/4574.png;9;1;0;0
10/4575.png;9;1;0;0
10/4576.png;9;1;0;0
10/4577.png;9;1;0;0
10/4578.png;9;1;0;0
10/4579.png;9;1;0;0
10/4580.png;9;1;0;0
10/4581.png;9;1;0;0
10/4582.png;9;1;0;0
10/4583.png;9;1;0;0
10/4584.png;9;1;0;0
10/4585.png;9;1;0;0
10/4586.png;9;1;0;0
10/4587.png;9;1;0;0
10/4588.png;9;1;0;0
10/4589.png;9;1;0;0
10/4590.png;9;1;0;0
10/4591.png;9;1;0;0
10/4592.png;9;1;0;0
10/4593.png;9;1;0;0
10/4594.png;9;1;0;0
10/4595.png;9;1;0;0
10/4596.png;9;1;0;0
10/4597.png;9;1;0;0
10/4598.png;9;1;0;0
10/4599.png;9;1;0;0
10/4600.png;9;1;0;0
10/4601.png;9;1;0;0
10/4602.png;9;1;0;0
10/4603.png;9;1;0;0
10/4604.png;9;1;0;0
10/4605.png;9;1;0;0
10/4606.png;9;1;0;0
10/4607.png;9;1;0;0
10/4608.png;9;1;0;0
10/4609.png;9;1;0;0
10/4610.png;9;1;0;0
10/4611.png;9;1;0;0
10/4612.png;9;1;0;0
10/4613.png;9;1;0;0
10/4614.png;9;1;0;0
10/4615.png;9;1;0;0
10/4616.png;9;1;0;0
10/4617.png;9;1;0;0
10/4618.png;9;1;0;0
10/4619.png;9;1;0;0
10/4620.png;9;1;0;0
10/4621.png;9;1;0;0
10/4622.png;9;1;0;0
10/4623.png;9;1;0;0
10/4624.png;9;1;0;0
10/4625.png;9;1;0;0
10/4626.png;9;1;0;0
10/4627.png;9;1;0;0
10/4628.png;9;1;0;0
10/4629.png;9;1;0;0
10/4630.png;9;1;0;0
10/4631.png;9;1;0;0
10/4632.png;9;1;0;0
10/4633.png;9;1;0;0
10/4634.png;9;1;0;0
10/4635.png;9;1;0;0
10/4636.png;9;1;0;0
10/4637.png;9;1;0;0
10/4638.png;9;1;0;0
10/4639.png;9;1;0;0
10/4640.png;9;1;0;0
10/4641.png;9;1;0;0
10/4642.png;9;1;0;0
10/4643.png;9;1;0;0
10/4644.png;9;1;0;0
10/4645.png;9;1;0;0
10/4646.png;9;1;0;0
10/4647.png;9;1;0;0
10/4648.png;9;1;0;0
10/4649.png;9;1;0;0
10/4650.png;9;1;0;0
10/4651.png;9;1;0;0
10/4652.png;9;1;0;0
10/4653.png;9;1;0;0
10/4654.png;9;1;0;0
10/4655.png;9;1;0;0
10/4656.png;9;1;0;0
10/4657.png;9;1;0;0
10/4658.png;9;1;0;0
10/4659.png;9;1;0;0
10/4660.png;9;1;0;0
10/4661.png;9;1;0;0
10/4662.png;9;1;0;0
10/4663.png;9;1;0;0
10/4664.png;9;1;0;0
10/4665.png;9;1;0;0
10/4666.png;9;1;0;0
10/4667.png;9;1;0;0
10/4668.png;9;1;0;0
10/4669.png;9;1;0;0
10/4670.png;9;1;0;0
10/4671.png;9;1;0;0
10/4672.png;9;1;0;0
10/4673.png;9;1;0;0
10/4674.png;9;1;0;0
10/4675.png;9;1;0;0
10/4676.png;9;1;0;0
10/4677.png;9;1;0;0
10/4678.png;9;1;0;0
10/4679.png;9;1;0;0
10/4680.png;9;1;0;0
10/4681.png;9;1;0;0
10/4682.png;9;1;0;0
10/4683.png;9;1;0;0
10/4684.png;9;1;0;0
10/4685.png;9;1;0;0
10/4686.png;9;1;0;0
10/4687.png;9;1;0;0
10/4688.png;9;1;0;0
10/4689.png;9;1;0;0
10/4690.png;9;1;0;0
10/4691.png;9;1;0;0
10/4692.png;9;1;0;0
10/4693.png;9;1;0;0
10/4694.png;9;1;0;0
10/4695.png;9;1;0;0
10/4696.png;9;1;0;0
10/4697.png;9;1;0;0
10/4698.png;9;1;0;0
10/4699.png;9;1;0;0
10/4700.png;9;1;0;0
10/4701.png;9;1;0;0
10/4702.png;9;1;0;0
10/4703.png;9;1;0;0
10/4704.png;9;1;0;0
10/4705.png;9;1;0;0
10/4706.png;9;1;0;0
10/4707.png;9;1;0;0
10/4708.png;9;1;0;0
10/4709.png;9;1;0;0
10/4710.png;9;1;0;0
10/4711.png;9;1;0;0
10/4712.png;9;1;0;0
10/4713.png;9;1;0;0
10/4714.png;9;1;0;0
10/4715.png;9;1;0;0
10/4716.png;9;1;0;0
10/4717.png;9;1;0;0
10/4718.png;9;1;0;0
10/4719.png;9;1;0;0
10/4720.png;9;1;0;0
10/4721.png;9;1;0;0
10/4722.png;9;1;0;0
10/4723.png;9;1;0;0
10/4724.png;9;1;0;0
10/4725.png;9;1;0;0
10/4726.png;9;1;0;0
10/4727.png;9;1;0;0
10/4728.png;9;1;0;0
10/4729.png;9;1;0;0
10/4730.png;9;1;0;0
10/4731.png;9;1;0;0
10/4732.png;9;1;0;0
10/4733.png;9;1;0;0
10/4734.png;9;1;0;0
10/4735.png;9;1;0;0
10/4736.png;9;1;0;0
10/4737.png;9;1;0;0
10/4738.png;9;1;0;0
10/4739.png;9;1;0;0
10/4740.png;9;1;0;0
10/4741.png;9;1;0;0
10/4742.png;9;1;0;0
10/4743.png;9;1;0;0
10/4744.png;9;1;0;0
10/4745.png;9;1;0;0
10/4746.png;9;1;0;0
10/4747.png;9;1;0;0
10/4748.png;9;1;0;0
10/4749.png;9;1;0;0
10/4750.png;9;1;0;0
10/4751.png;9;1;0;0
10/4752.png;9;1;0;0
10/4753.png;9;1;0;0
10/4754.png;9;1;0;0
10/4755.png;9;1;0;0
10/4756.png;9;1;0;0
10/4757.png;9;1;0;0
10/4758.png;9;1;0;0
10/4759.png;9;1;0;0
10/4760.png;9;1;0;0
10/4761.png;9;1;0;0
10/4762.png;9;1;0;0
10/4763.png;9;1;0;0
10/4764.png;9;1;0;0
10/4765.png;9;1;0;0
10/4766.png;9;1;0;0
10/4767.png;9;1;0;0
10/4768.png;9;1;0;0
10/4769.png;9;1;0;0
10/4770.png;9;1;0;0
10/4771.png;9;1;0;0
10/4772.png;9;1;0;0
10/4773.png;9;1;0;0
10/4774.png;9;1;0;0
10/4775.png;9;1;0;0
10/4776.png;9;1;0;0
10/4777.png;9;1;0;0
10/4778.png;9;1;0;0
10/4779.png;9;1;0;0
10/4780.png;9;1;0;0
10/4781.png;9;1;0;0
10/4782.png;9;1;0;0
10/4783.png;9;1;0;0
10/4784.png;9;1;0;0
10/4785.png;9;1;0;0
10/4786.png;9;1;0;0
10/4787.png;9;1;0;0
10/4788.png;9;1;0;0
10/4789.png;9;1;0;0
10/4790.png;9;1;0;0
10/4791.png;9;1;0;0
10/4792.png;9;1;0;0
10/4793.png;9;1;0;0
10/4794.png;9;1;0;0
10/4795.png;9;1;0;0
10/4796.png;9;1;0;0
10/4797.png;9;1;0;0
10/4798.png;9;1;0;0
10/4799.png;9;1;0;0
10/4800.png;9;1;0;0
10/4801.png;9;1;0;0
10/4802.png;9;1;0;0
10/4803.png;9;1;0;0
10/4804.png;9;1;0;0
10/4805.png;9;1;0;0
10/4806.png;9;1;0;0
10/4807.png;9;1;0;0
10/4808.png;9;1;0;0
10/4809.png;9;1;0;0
10/4810.png;9;1;0;0
10/4811.png;9;1;0;0
10/4812.png;9;1;0;0
10/4813.png;9;1;0;0
10/4814.png;9;1;0;0
10/4815.png;9;1;0;0
10/4816.png;9;1;0;0
10/4817.png;9;1;0;0
10/4818.png;9;1;0;0
10/4819.png;9;1;0;0
10/4820.png;9;1;0;0
10/4821.png;9;1;0;0
10/4822.png;9;1;0;0
10/4823.png;9;1;0;0
10/4824.png;9;1;0;0
10/4825.png;9;1;0;0
10/4826.png;9;1;0;0
10/4827.png;9;1;0;0
10/4828.png;9;1;0;0
10/4829.png;9;1;0;0
10/4830.png;9;1;0;0
10/4831.png;9;1;0;0
10/4832.png;9;1;0;0
10/4833.png;9;1;0;0
10/4834.png;9;1;0;0
10/4835.png;9;1;0;0
10/4836.png;9;1;0;0
10/4837.png;9;1;0;0
10/4838.png;9;1;0;0
10/4839.png;9;1;0;0
10/4840.png;9;1;0;0
10/4841.png;9;1;0;0
10/4842.png;9;1;0;0
10/4843.png;9;1;0;0
10/4844.png;9;1;0;0
10/4845.png;9;1;0;0
10/4846.png;9;1;0;0
10/4847.png;9;1;0;0
10/4848.png;9;1;0;0
10/4849.png;9;1;0;0
10/4850.png;9;1;0;0
10/4851.png;9;1;0;0
10/4852.png;9;1;0;0
10/4853.png;9;1;0;0
10/4854.png;9;1;0;0
10/4855.png;9;1;0;0
10/4856.png;9;1;0;0
10/4857.png;9;1;0;0
10/4858.png;9;1;0;0
10/4859.png;9;1;0;0
10/4860.png;9;1;0;0
10/4861.png;9;1;0;0
10/4862.png;9;1;0;0
10/4863.png;9;1;0;0
10/4864.png;9;1;0;0
10/4865.png;9;1;0;0
10/4866.png;9;1;0;0
10/4867.png;9;1;0;0
10/4868.png;9;1;0;0
10/4869.png;9;1;0;0
10/4870.png;9;1;0;0
10/4871.png;9;1;0;0
10/4872.png;9;1;0;0
10/4873.png;9;1;0;0
10/4874.png;9;1;0;0
10/4875.png;9;1;0;0
10/4876.png;9;1;0;0
10/4877.png;9;1;0;0
10/4878.png;9;1;0;0
10/4879.png;9;1;0;0
10/4880.png;9;1;0;0
10/4881.png;9;1;0;0
10/4882.png;9;1;0;0
10/4883.png;9;1;0;0
10/4884.png;9;1;0;0
10/4885.png;9;1;0;0
10/4886.png;9;1;0;0
10/4887.png;9;1;0;0
10/4888.png;9;1;0;0
10/4889.png;9;1;0;0
10/4890.png;9;1;0;0
10/4891.png;9;1;0;0
10/4892.png;9;1;0;0
10/4893.png;9;1;0;0
10/4894.png;9;1;0;0
10/4895.png;9;1;0;0
10/4896.png;9;1;0;0
10/4897.png;9;1;0;0
10/4898.png;9;1;0;0
10/4899.png;9;1;0;0
10/4900.png;9;1;0;0
10/4901.png;9;1;0;0
10/4902.png;9;1;0;0
10/4903.png;9;1;0;0
10/4904.png;9;1;0;0
10/4905.png;9;1;0;0
10/4906.png;9;1;0;0
10/4907.png;9;1;0;0
10/4908.png;9;1;0;0
10/4909.png;9;1;0;0
10/4910.png;9;1;0;0
10/4911.png;9;1;0;0
10/4912.png;9;1;0;0
10/4913.png;9;1;0;0
10/4914.png;9;1;0;0
10/4915.png;9;1;0;0
10/4916.png;9;1;0;0
10/4917.png;9;1;0;0
10/4918.png;9;1;0;0
10/4919.png;9;1;0;0
10/4920.png;9;1;0;0
10/4921.png;9;1;0;0
10/4922.png;9;1;0;0
10/4923.png;9;1;0;0
10/4924.png;9;1;0;0
10/4925.png;9;1;0;0
10/4926.png;9;1;0;0
10/4927.png;9;1;0;0
10/4928.png;9;1;0;0
10/4929.png;9;1;0;0
10/4930.png;9;1;0;0
10/4931.png;9;1;0;0
10/4932.png;9;1;0;0
10/4933.png;9;1;0;0
10/4934.png;9;1;0;0
10/4935.png;9;1;0;0
10/4936.png;9;1;0;0
10/4937.png;9;1;0;0
10/4938.png;9;1;0;0
10/4939.png;9;1;0;0
10/4940.png;9;1;0;0
10/4941.png;9;1;0;0
10/4942.png;9;1;0;0
10/4943.png;9;1;0;0
10/4944.png;9;1;0;0
10/4945.png;9;1;0;0
10/4946.png;9;1;0;0
10/4947.png;9;1;0;0
10/4948.png;9;1;0;0
10/4949.png;9;1;0;0
10/4950.png;9;1;0;0
10/4951.png;9;1;0;0
10/4952.png;9;1;0;0
10/4953.png;9;1;0;0
10/4954.png;9;1;0;0
10/4955.png;9;1;0;0
10/4956.png;9;1;0;0
10/4957.png;9;1;0;0
10/4958.png;9;1;0;0
10/4959.png;9;1;0;0
10/4960.png;9;1;0;0
10/4961.png;9;1;0;0
10/4962.png;9;1;0;0
10/4963.png;9;1;0;0
10/4964.png;9;1;0;0
10/4965.png;9;1;0;0
10/4966.png;9;1;0;0
10/4967.png;9;1;0;0
10/4968.png;9;1;0;0
10/4969.png;9;1;0;0
10/4970.png;9;1;0;0
10/4971.png;9;1;0;0
10/4972.png;9;1;0;0
10/4973.png;9;1;0;0
10/4974.png;9;1;0;0
10/4975.png;9;1;0;0
10/4976.png;9;1;0;0
10/4977.png;9;1;0;0
10/4978.png;9;1;0;0
10/4979.png;9;1;0;0
10/4980.png;9;1;0;0
10/4981.png;9;1;0;0
10/4982.png;9;1;0;0
10/4983.png;9;1;0;0
10/4984.png;9;1;0;0
10/4985.png;9;1;0;0
10/4986.png;9;1;0;0
10/4987.png;9;1;0;0
10/4988.png;9;1;0;0
10/4989.png;9;1;0;0
10/4990.png;9;1;0;0
10/4991.png;9;1;0;0
10/4992.png;9;1;0;0
10/4993.png;9;1;0;0
10/4994.png;9;1;0;0
10/4995.png;9;1;0;0
10/4996.png;9;1;0;0
10/4997.png;9;1;0;0
10/4998.png;9;1;0;0
10/4999.png;9;1;0;0
10/5000.png;9;1;0;0
2/0001.png;1;1;0;0
2/0002.png;1;1;0;0
2/0003.png;1;1;0;0
2/0004.png;1;1;0;0
2/0005.png;1;1;0;0
2/0006.png;1;1;0;0
2/0007.png;1;1;0;0
2/0008.png;1;1;0;0
2/0009.png;1;1;0;0
2/0010.png;1;1;0;0
2/0011.png;1;1;0;0
2/0012.png;1;1;0;0
2/0013.png;1;1;0;0
2/0014.png;1;1;0;0
2/0015.png;1;1;0;0
2/0016.png;1;1;0;0
2/0017.png;1;1;0;0
2/0018.png;1;1;0;0
2/0019.png;1;1;0;0
2/0020.png;1;1;0;0
2/0021.png;1;1;0;0
2/0022.png;1;1;0;0
2/0023.png;1;1;0;0
2/0024.png;1;1;0;0
2/0025.png;1;1;0;0
2/0026.png;1;1;0;0
2/0027.png;1;1;0;0
2/0028.png;1;1;0;0
2/0029.png;1;1;0;0
2/0030.png;1;1;0;0
2/0031.png;1;1;0;0
2/0032.png;1;1;0;0
2/0033.png;1;1;0;0
2/0034.png;1;1;0;0
2/0035.png;1;1;0;0
2/0036.png;1;1;0;0
2/0037.png;1;1;0;0
2/0038.png;1;1;0;0
2/0039.png;1;1;0;0
2/0040.png;1;1;0;0
2/0041.png;1;1;0;0
2/0042.png;1;1;0;0
2/0043.png;1;1;0;0
2/0044.png;1;1;0;0
2/0045.png;1;1;0;0
2/0046.png;1;1;0;0
2/0047.png;1;1;0;0
2/0048.png;1;1;0;0
2/0049.png;1;1;0;0
2/0050.png;1;1;0;0
2/0051.png;1;1;0;0
2/0052.png;1;1;0;0
2/0053.png;1;1;0;0
2/0054.png;1;1;0;0
2/0055.png;1;1;0;0
2/0056.png;1;1;0;0
2/0057.png;1;1;0;0
2/0058.png;1;1;0;0
2/0059.png;1;1;0;0
2/0060.png;1;1;0;0
2/0061.png;1;1;0;0
2/0062.png;1;1;0;0
2/0063.png;1;1;0;0
2/0064.png;1;1;0;0
2/0065.png;1;1;0;0
2/0066.png;1;1;0;0
2/0067.png;1;1;0;0
2/0068.png;1;1;0;0
2/0069.png;1;1;0;0
2/0070.png;1;1;0;0
2/0071.png;1;1;0;0
2/0072.png;1;1;0;0
2/0073.png;1;1;0;0
2/0074.png;1;1;0;0
2/0075.png;1;1;0;0
2/0076.png;1;1;0;0
2/0077.png;1;1;0;0
2/0078.png;1;1;0;0
2/0079.png;1;1;0;0
2/0080.png;1;1;0;0
2/0081.png;1;1;0;0
2/0082.png;1;1;0;0
2/0083.png;1;1;0;0
2/0084.png;1;1;0;0
2/0085.png;1;1;0;0
2/0086.png;1;1;0;0
2/0087.png;1;1;0;0
2/0088.png;1;1;0;0
2/0089.png;1;1;0;0
2/0090.png;1;1;0;0
2/0091.png;1;1;0;0
2/0092.png;1;1;0;0
2/0093.png;1;1;0;0
2/0094.png;1;1;0;0
2/0095.png;1;1;0;0
2/0096.png;1;1;0;0
2/0097.png;1;1;0;0
2/0098.png;1;1;0;0
2/0099.png;1;1;0;0
2/0100.png;1;1;0;0
2/0101.png;1;1;0;0
2/0102.png;1;1;0;0
2/0103.png;1;1;0;0
2/0104.png;1;1;0;0
2/0105.png;1;1;0;0
2/0106.png;1;1;0;0
2/0107.png;1;1;0;0
2/0108.png;1;1;0;0
2/0109.png;1;1;0;0
2/0110.png;1;1;0;0
2/0111.png;1;1;0;0
2/0112.png;1;1;0;0
2/0113.png;1;1;0;0
2/0114.png;1;1;0;0
2/0115.png;1;1;0;0
2/0116.png;1;1;0;0
2/0117.png;1;1;0;0
2/0118.png;1;1;0;0
2/0119.png;1;1;0;0
2/0120.png;1;1;0;0
2/0121.png;1;1;0;0
2/0122.png;1;1;0;0
2/0123.png;1;1;0;0
2/0124.png;1;1;0;0
2/0125.png;1;1;0;0
2/0126.png;1;1;0;0
2/0127.png;1;1;0;0
2/0128.png;1;1;0;0
2/0129.png;1;1;0;0
2/0130.png;1;1;0;0
2/0131.png;1;1;0;0
2/0132.png;1;1;0;0
2/0133.png;1;1;0;0
2/0134.png;1;1;0;0
2/0135.png;1;1;0;0
2/0136.png;1;1;0;0
2/0137.png;1;1;0;0
2/0138.png;1;1;0;0
2/0139.png;1;1;0;0
2/0140.png;1;1;0;0
2/0141.png;1;1;0;0
2/0142.png;1;1;0;0
2/0143.png;1;1;0;0
2/0144.png;1;1;0;0
2/0145.png;1;1;0;0
2/0146.png;1;1;0;0
2/0147.png;1;1;0;0
2/0148.png;1;1;0;0
2/0149.png;1;1;0;0
2/0150.png;1;1;0;0
2/0151.png;1;1;0;0
2/0152.png;1;1;0;0
2/0153.png;1;1;0;0
2/0154.png;1;1;0;0
2/0155.png;1;1;0;0
2/0156.png;1;1;0;0
2/0157.png;1;1;0;0
2/0158.png;1;1;0;0
2/0159.png;1;1;0;0
2/0160.png;1;1;0;0
2/0161.png;1;1;0;0
2/0162.png;1;1;0;0
2/0163.png;1;1;0;0
2/0164.png;1;1;0;0
2/0165.png;1;1;0;0
2/0166.png;1;1;0;0
2/0167.png;1;1;0;0
2/0168.png;1;1;0;0
2/0169.png;1;1;0;0
2/0170.png;1;1;0;0
2/0171.png;1;1;0;0
2/0172.png;1;1;0;0
2/0173.png;1;1;0;0
2/0174.png;1;1;0;0
2/0175.png;1;1;0;0
2/0176.png;1;1;0;0
2/0177.png;1;1;0;0
2/0178.png;1;1;0;0
2/0179.png;1;1;0;0
2/0180.png;1;1;0;0
2/0181.png;1;1;0;0
2/0182.png;1;1;0;0
2/0183.png;1;1;0;0
2/0184.png;1;1;0;0
2/0185.png;1;1;0;0
2/0186.png;1;1;0;0
2/0187.png;1;1;0;0
2/0188.png;1;1;0;0
2/0189.png;1;1;0;0
2/0190.png;1;1;0;0
2/0191.png;1;1;0;0
2/0192.png;1;1;0;0
2/0193.png;1;1;0;0
2/0194.png;1;1;0;0
2/0195.png;1;1;0;0
2/0196.png;1;1;0;0
2/0197.png;1;1;0;0
2/0198.png;1;1;0;0
2/0199.png;1;1;0;0
2/0200.png;1;1;0;0
2/0201.png;1;1;0;0
2/0202.png;1;1;0;0
2/0203.png;1;1;0;0
2/0204.png;1;1;0;0
2/0205.png;1;1;0;0
2/0206.png;1;1;0;0
2/0207.png;1;1;0;0
2/0208.png;1;1;0;0
2/0209.png;1;1;0;0
2/0210.png;1;1;0;0
2/0211.png;1;1;0;0
2/0212.png;1;1;0;0
2/0213.png;1;1;0;0
2/0214.png;1;1;0;0
2/0215.png;1;1;0;0
2/0216.png;1;1;0;0
2/0217.png;1;1;0;0
2/0218.png;1;1;0;0
2/0219.png;1;1;0;0
2/0220.png;1;1;0;0
2/0221.png;1;1;0;0
2/0222.png;1;1;0;0
2/0223.png;1;1;0;0
2/0224.png;1;1;0;0
2/0225.png;1;1;0;0
2/0226.png;1;1;0;0
2/0227.png;1;1;0;0
2/0228.png;1;1;0;0
2/0229.png;1;1;0;0
2/0230.png;1;1;0;0
2/0231.png;1;1;0;0
2/0232.png;1;1;0;0
2/0233.png;1;1;0;0
2/0234.png;1;1;0;0
2/0235.png;1;1;0;0
2/0236.png;1;1;0;0
2/0237.png;1;1;0;0
2/0238.png;1;1;0;0
2/0239.png;1;1;0;0
2/0240.png;1;1;0;0
2/0241.png;1;1;0;0
2/0242.png;1;1;0;0
2/0243.png;1;1;0;0
2/0244.png;1;1;0;0
2/0245.png;1;1;0;0
2/0246.png;1;1;0;0
2/0247.png;1;1;0;0
2/0248.png;1;1;0;0
2/0249.png;1;1;0;0
2/0250.png;1;1;0;0
2/0251.png;1;1;0;0
2/0252.png;1;1;0;0
2/0253.png;1;1;0;0
2/0254.png;1;1;0;0
2/0255.png;1;1;0;0
2/0256.png;1;1;0;0
2/0257.png;1;1;0;0
2/0258.png;1;1;0;0
2/0259.png;1;1;0;0
2/0260.png;1;1;0;0
2/0261.png;1;1;0;0
2/0262.png;1;1;0;0
2/0263.png;1;1;0;0
2/0264.png;1;1;0;0
2/0265.png;1;1;0;0
2/0266.png;1;1;0;0
2/0267.png;1;1;0;0
2/0268.png;1;1;0;0
2/0269.png;1;1;0;0
2/0270.png;1;1;0;0
2/0271.png;1;1;0;0
2/0272.png;1;1;0;0
2/0273.png;1;1;0;0
2/0274.png;1;1;0;0
2/0275.png;1;1;0;0
2/0276.png;1;1;0;0
2/0277.png;1;1;0;0
2/0278.png;1;1;0;0
2/0279.png;1;1;0;0
2/0280.png;1;1;0;0
2/0281.png;1;1;0;0
2/0282.png;1;1;0;0
2/0283.png;1;1;0;0
2/0284.png;1;1;0;0
2/0285.png;1;1;0;0
2/0286.png;1;1;0;0
2/0287.png;1;1;0;0
2/0288.png;1;1;0;0
2/0289.png;1;1;0;0
2/0290.png;1;1;0;0
2/0291.png;1;1;0;0
2/0292.png;1;1;0;0
2/0293.png;1;1;0;0
2/0294.png;1;1;0;0
2/0295.png;1;1;0;0
2/0296.png;1;1;0;0
2/0297.png;1;1;0;0
2/0298.png;1;1;0;0
2/0299.png;1;1;0;0
2/0300.png;1;1;0;0
2/0301.png;1;1;0;0
2/0302.png;1;1;0;0
2/0303.png;1;1;0;0
2/0304.png;1;1;0;0
2/0305.png;1;1;0;0
2/0306.png;1;1;0;0
2/0307.png;1;1;0;0
2/0308.png;1;1;0;0
2/0309.png;1;1;0;0
2/0310.png;1;1;0;0
2/0311.png;1;1;0;0
2/0312.png;1;1;0;0
2/0313.png;1;1;0;0
2/0314.png;1;1;0;0
2/0315.png;1;1;0;0
2/0316.png;1;1;0;0
2/0317.png;1;1;0;0
2/0318.png;1;1;0;0
2/0319.png;1;1;0;0
2/0320.png;1;1;0;0
2/0321.png;1;1;0;0
2/0322.png;1;1;0;0
2/0323.png;1;1;0;0
2/0324.png;1;1;0;0
2/0325.png;1;1;0;0
2/0326.png;1;1;0;0
2/0327.png;1;1;0;0
2/0328.png;1;1;0;0
2/0329.png;1;1;0;0
2/0330.png;1;1;0;0
2/0331.png;1;1;0;0
2/0332.png;1;1;0;0
2/0333.png;1;1;0;0
2/0334.png;1;1;0;0
2/0335.png;1;1;0;0
2/0336.png;1;1;0;0
2/0337.png;1;1;0;0
2/0338.png;1;1;0;0
2/0339.png;1;1;0;0
2/0340.png;1;1;0;0
2/0341.png;1;1;0;0
2/0342.png;1;1;0;0
2/0343.png;1;1;0;0
2/0344.png;1;1;0;0
2/0345.png;1;1;0;0
2/0346.png;1;1;0;0
2/0347.png;1;1;0;0
2/0348.png;1;1;0;0
2/0349.png;1;1;0;0
2/0350.png;1;1;0;0
2/0351.png;1;1;0;0
2/0352.png;1;1;0;0
2/0353.png;1;1;0;0
2/0354.png;1;1;0;0
2/0355.png;1;1;0;0
2/0356.png;1;1;0;0
2/0357.png;1;1;0;0
2/0358.png;1;1;0;0
2/0359.png;1;1;0;0
2/0360.png;1;1;0;0
2/0361.png;1;1;0;0
2/0362.png;1;1;0;0
2/0363.png;1;1;0;0
2/0364.png;1;1;0;0
2/0365.png;1;1;0;0
2/0366.png;1;1;0;0
2/0367.png;1;1;0;0
2/0368.png;1;1;0;0
2/0369.png;1;1;0;0
2/0370.png;1;1;0;0
2/0371.png;1;1;0;0
2/0372.png;1;1;0;0
2/0373.png;1;1;0;0
2/0374.png;1;1;0;0
2/0375.png;1;1;0;0
2/0376.png;1;1;0;0
2/0377.png;1;1;0;0
2/0378.png;1;1;0;0
2/0379.png;1;1;0;0
2/0380.png;1;1;0;0
2/0381.png;1;1;0;0
2/0382.png;1;1;0;0
2/0383.png;1;1;0;0
2/0384.png;1;1;0;0
2/0385.png;1;1;0;0
2/0386.png;1;1;0;0
2/0387.png;1;1;0;0
2/0388.png;1;1;0;0
2/0389.png;1;1;0;0
2/0390.png;1;1;0;0
2/0391.png;1;1;0;0
2/0392.png;1;1;0;0
2/0393.png;1;1;0;0
2/0394.png;1;1;0;0
2/0395.png;1;1;0;0
2/0396.png;1;1;0;0
2/0397.png;1;1;0;0
2/0398.png;1;1;0;0
2/0399.png;1;1;0;0
2/0400.png;1;1;0;0
2/0401.png;1;1;0;0
2/0402.png;1;1;0;0
2/0403.png;1;1;0;0
2/0404.png;1;1;0;0
2/0405.png;1;1;0;0
2/0406.png;1;1;0;0
2/0407.png;1;1;0;0
2/0408.png;1;1;0;0
2/0409.png;1;1;0;0
2/0410.png;1;1;0;0
2/0411.png;1;1;0;0
2/0412.png;1;1;0;0
2/0413.png;1;1;0;0
2/0414.png;1;1;0;0
2/0415.png;1;1;0;0
2/0416.png;1;1;0;0
2/0417.png;1;1;0;0
2/0418.png;1;1;0;0
2/0419.png;1;1;0;0
2/0420.png;1;1;0;0
2/0421.png;1;1;0;0
2/0422.png;1;1;0;0
2/0423.png;1;1;0;0
2/0424.png;1;1;0;0
2/0425.png;1;1;0;0
2/0426.png;1;1;0;0
2/0427.png;1;1;0;0
2/0428.png;1;1;0;0
2/0429.png;1;1;0;0
2/0430.png;1;1;0;0
2/0431.png;1;1;0;0
2/0432.png;1;1;0;0
2/0433.png;1;1;0;0
2/0434.png;1;1;0;0
2/0435.png;1;1;0;0
2/0436.png;1;1;0;0
2/0437.png;1;1;0;0
2/0438.png;1;1;0;0
2/0439.png;1;1;0;0
2/0440.png;1;1;0;0
2/0441.png;1;1;0;0
2/0442.png;1;1;0;0
2/0443.png;1;1;0;0
2/0444.png;1;1;0;0
2/0445.png;1;1;0;0
2/0446.png;1;1;0;0
2/0447.png;1;1;0;0
2/0448.png;1;1;0;0
2/0449.png;1;1;0;0
2/0450.png;1;1;0;0
2/0451.png;1;1;0;0
2/0452.png;1;1;0;0
2/0453.png;1;1;0;0
2/0454.png;1;1;0;0
2/0455.png;1;1;0;0
2/0456.png;1;1;0;0
2/0457.png;1;1;0;0
2/0458.png;1;1;0;0
2/0459.png;1;1;0;0
2/0460.png;1;1;0;0
2/0461.png;1;1;0;0
2/0462.png;1;1;0;0
2/0463.png;1;1;0;0
2/0464.png;1;1;0;0
2/0465.png;1;1;0;0
2/0466.png;1;1;0;0
2/0467.png;1;1;0;0
2/0468.png;1;1;0;0
2/0469.png;1;1;0;0
2/0470.png;1;1;0;0
2/0471.png;1;1;0;0
2/0472.png;1;1;0;0
2/0473.png;1;1;0;0
2/0474.png;1;1;0;0
2/0475.png;1;1;0;0
2/0476.png;1;1;0;0
2/0477.png;1;1;0;0
2/0478.png;1;1;0;0
2/0479.png;1;1;0;0
2/0480.png;1;1;0;0
2/0481.png;1;1;0;0
2/0482.png;1;1;0;0
2/0483.png;1;1;0;0
2/0484.png;1;1;0;0
2/0485.png;1;1;0;0
2/0486.png;1;1;0;0
2/0487.png;1;1;0;0
2/0488.png;1;1;0;0
2/0489.png;1;1;0;0
2/0490.png;1;1;0;0
2/0491.png;1;1;0;0
2/0492.png;1;1;0;0
2/0493.png;1;1;0;0
2/0494.png;1;1;0;0
2/0495.png;1;1;0;0
2/0496.png;1;1;0;0
2/0497.png;1;1;0;0
2/0498.png;1;1;0;0
2/0499.png;1;1;0;0
2/0500.png;1;1;0;0
2/0501.png;1;1;0;0
2/0502.png;1;1;0;0
2/0503.png;1;1;0;0
2/0504.png;1;1;0;0
2/0505.png;1;1;0;0
2/0506.png;1;1;0;0
2/0507.png;1;1;0;0
2/0508.png;1;1;0;0
2/0509.png;1;1;0;0
2/0510.png;1;1;0;0
2/0511.png;1;1;0;0
2/0512.png;1;1;0;0
2/0513.png;1;1;0;0
2/0514.png;1;1;0;0
2/0515.png;1;1;0;0
2/0516.png;1;1;0;0
2/0517.png;1;1;0;0
2/0518.png;1;1;0;0
2/0519.png;1;1;0;0
2/0520.png;1;1;0;0
2/0521.png;1;1;0;0
2/0522.png;1;1;0;0
2/0523.png;1;1;0;0
2/0524.png;1;1;0;0
2/0525.png;1;1;0;0
2/0526.png;1;1;0;0
2/0527.png;1;1;0;0
2/0528.png;1;1;0;0
2/0529.png;1;1;0;0
2/0530.png;1;1;0;0
2/0531.png;1;1;0;0
2/0532.png;1;1;0;0
2/0533.png;1;1;0;0
2/0534.png;1;1;0;0
2/0535.png;1;1;0;0
2/0536.png;1;1;0;0
2/0537.png;1;1;0;0
2/0538.png;1;1;0;0
2/0539.png;1;1;0;0
2/0540.png;1;1;0;0
2/0541.png;1;1;0;0
2/0542.png;1;1;0;0
2/0543.png;1;1;0;0
2/0544.png;1;1;0;0
2/0545.png;1;1;0;0
2/0546.png;1;1;0;0
2/0547.png;1;1;0;0
2/0548.png;1;1;0;0
2/0549.png;1;1;0;0
2/0550.png;1;1;0;0
2/0551.png;1;1;0;0
2/0552.png;1;1;0;0
2/0553.png;1;1;0;0
2/0554.png;1;1;0;0
2/0555.png;1;1;0;0
2/0556.png;1;1;0;0
2/0557.png;1;1;0;0
2/0558.png;1;1;0;0
2/0559.png;1;1;0;0
2/0560.png;1;1;0;0
2/0561.png;1;1;0;0
2/0562.png;1;1;0;0
2/0563.png;1;1;0;0
2/0564.png;1;1;0;0
2/0565.png;1;1;0;0
2/0566.png;1;1;0;0
2/0567.png;1;1;0;0
2/0568.png;1;1;0;0
2/0569.png;1;1;0;0
2/0570.png;1;1;0;0
2/0571.png;1;1;0;0
2/0572.png;1;1;0;0
2/0573.png;1;1;0;0
2/0574.png;1;1;0;0
2/0575.png;1;1;0;0
2/0576.png;1;1;0;0
2/0577.png;1;1;0;0
2/0578.png;1;1;0;0
2/0579.png;1;1;0;0
2/0580.png;1;1;0;0
2/0581.png;1;1;0;0
2/0582.png;1;1;0;0
2/0583.png;1;1;0;0
2/0584.png;1;1;0;0
2/0585.png;1;1;0;0
2/0586.png;1;1;0;0
2/0587.png;1;1;0;0
2/0588.png;1;1;0;0
2/0589.png;1;1;0;0
2/0590.png;1;1;0;0
2/0591.png;1;1;0;0
2/0592.png;1;1;0;0
2/0593.png;1;1;0;0
2/0594.png;1;1;0;0
2/0595.png;1;1;0;0
2/0596.png;1;1;0;0
2/0597.png;1;1;0;0
2/0598.png;1;1;0;0
2/0599.png;1;1;0;0
2/0600.png;1;1;0;0
2/0601.png;1;1;0;0
2/0602.png;1;1;0;0
2/0603.png;1;1;0;0
2/0604.png;1;1;0;0
2/0605.png;1;1;0;0
2/0606.png;1;1;0;0
2/0607.png;1;1;0;0
2/0608.png;1;1;0;0
2/0609.png;1;1;0;0
2/0610.png;1;1;0;0
2/0611.png;1;1;0;0
2/0612.png;1;1;0;0
2/0613.png;1;1;0;0
2/0614.png;1;1;0;0
2/0615.png;1;1;0;0
2/0616.png;1;1;0;0
2/0617.png;1;1;0;0
2/0618.png;1;1;0;0
2/0619.png;1;1;0;0
2/0620.png;1;1;0;0
2/0621.png;1;1;0;0
2/0622.png;1;1;0;0
2/0623.png;1;1;0;0
2/0624.png;1;1;0;0
2/0625.png;1;1;0;0
2/0626.png;1;1;0;0
2/0627.png;1;1;0;0
2/0628.png;1;1;0;0
2/0629.png;1;1;0;0
2/0630.png;1;1;0;0
2/0631.png;1;1;0;0
2/0632.png;1;1;0;0
2/0633.png;1;1;0;0
2/0634.png;1;1;0;0
2/0635.png;1;1;0;0
2/0636.png;1;1;0;0
2/0637.png;1;1;0;0
2/0638.png;1;1;0;0
2/0639.png;1;1;0;0
2/0640.png;1;1;0;0
2/0641.png;1;1;0;0
2/0642.png;1;1;0;0
2/0643.png;1;1;0;0
2/0644.png;1;1;0;0
2/0645.png;1;1;0;0
2/0646.png;1;1;0;0
2/0647.png;1;1;0;0
2/0648.png;1;1;0;0
2/0649.png;1;1;0;0
2/0650.png;1;1;0;0
2/0651.png;1;1;0;0
2/0652.png;1;1;0;0
2/0653.png;1;1;0;0
2/0654.png;1;1;0;0
2/0655.png;1;1;0;0
2/0656.png;1;1;0;0
2/0657.png;1;1;0;0
2/0658.png;1;1;0;0
2/0659.png;1;1;0;0
2/0660.png;1;1;0;0
2/0661.png;1;1;0;0
2/0662.png;1;1;0;0
2/0663.png;1;1;0;0
2/0664.png;1;1;0;0
2/0665.png;1;1;0;0
2/0666.png;1;1;0;0
2/0667.png;1;1;0;0
2/0668.png;1;1;0;0
2/0669.png;1;1;0;0
2/0670.png;1;1;0;0
2/0671.png;1;1;0;0
2/0672.png;1;1;0;0
2/0673.png;1;1;0;0
2/0674.png;1;1;0;0
2/0675.png;1;1;0;0
2/0676.png;1;1;0;0
2/0677.png;1;1;0;0
2/0678.png;1;1;0;0
2/0679.png;1;1;0;0
2/0680.png;1;1;0;0
2/0681.png;1;1;0;0
2/0682.png;1;1;0;0
2/0683.png;1;1;0;0
2/0684.png;1;1;0;0
2/0685.png;1;1;0;0
2/0686.png;1;1;0;0
2/0687.png;1;1;0;0
2/0688.png;1;1;0;0
2/0689.png;1;1;0;0
2/0690.png;1;1;0;0
2/0691.png;1;1;0;0
2/0692.png;1;1;0;0
2/0693.png;1;1;0;0
2/0694.png;1;1;0;0
2/0695.png;1;1;0;0
2/0696.png;1;1;0;0
2/0697.png;1;1;0;0
2/0698.png;1;1;0;0
2/0699.png;1;1;0;0
2/0700.png;1;1;0;0
2/0701.png;1;1;0;0
2/0702.png;1;1;0;0
2/0703.png;1;1;0;0
2/0704.png;1;1;0;0
2/0705.png;1;1;0;0
2/0706.png;1;1;0;0
2/0707.png;1;1;0;0
2/0708.png;1;1;0;0
2/0709.png;1;1;0;0
2/0710.png;1;1;0;0
2/0711.png;1;1;0;0
2/0712.png;1;1;0;0
2/0713.png;1;1;0;0
2/0714.png;1;1;0;0
2/0715.png;1;1;0;0
2/0716.png;1;1;0;0
2/0717.png;1;1;0;0
2/0718.png;1;1;0;0
2/0719.png;1;1;0;0
2/0720.png;1;1;0;0
2/0721.png;1;1;0;0
2/0722.png;1;1;0;0
2/0723.png;1;1;0;0
2/0724.png;1;1;0;0
2/0725.png;1;1;0;0
2/0726.png;1;1;0;0
2/0727.png;1;1;0;0
2/0728.png;1;1;0;0
2/0729.png;1;1;0;0
2/0730.png;1;1;0;0
2/0731.png;1;1;0;0
2/0732.png;1;1;0;0
2/0733.png;1;1;0;0
2/0734.png;1;1;0;0
2/0735.png;1;1;0;0
2/0736.png;1;1;0;0
2/0737.png;1;1;0;0
2/0738.png;1;1;0;0
2/0739.png;1;1;0;0
2/0740.png;1;1;0;0
2/0741.png;1;1;0;0
2/0742.png;1;1;0;0
2/0743.png;1;1;0;0
2/0744.png;1;1;0;0
2/0745.png;1;1;0;0
2/0746.png;1;1;0;0
2/0747.png;1;1;0;0
2/0748.png;1;1;0;0
2/0749.png;1;1;0;0
2/0750.png;1;1;0;0
2/0751.png;1;1;0;0
2/0752.png;1;1;0;0
2/0753.png;1;1;0;0
2/0754.png;1;1;0;0
2/0755.png;1;1;0;0
2/0756.png;1;1;0;0
2/0757.png;1;1;0;0
2/0758.png;1;1;0;0
2/0759.png;1;1;0;0
2/0760.png;1;1;0;0
2/0761.png;1;1;0;0
2/0762.png;1;1;0;0
2/0763.png;1;1;0;0
2/0764.png;1;1;0;0
2/0765.png;1;1;0;0
2/0766.png;1;1;0;0
2/0767.png;1;1;0;0
2/0768.png;1;1;0;0
2/0769.png;1;1;0;0
2/0770.png;1;1;0;0
2/0771.png;1;1;0;0
2/0772.png;1;1;0;0
2/0773.png;1;1;0;0
2/0774.png;1;1;0;0
2/0775.png;1;1;0;0
2/0776.png;1;1;0;0
2/0777.png;1;1;0;0
2/0778.png;1;1;0;0
2/0779.png;1;1;0;0
2/0780.png;1;1;0;0
2/0781.png;1;1;0;0
2/0782.png;1;1;0;0
2/0783.png;1;1;0;0
2/0784.png;1;1;0;0
2/0785.png;1;1;0;0
2/0786.png;1;1;0;0
2/0787.png;1;1;0;0
2/0788.png;1;1;0;0
2/0789.png;1;1;0;0
2/0790.png;1;1;0;0
2/0791.png;1;1;0;0
2/0792.png;1;1;0;0
2/0793.png;1;1;0;0
2/0794.png;1;1;0;0
2/0795.png;1;1;0;0
2/0796.png;1;1;0;0
2/0797.png;1;1;0;0
2/0798.png;1;1;0;0
2/0799.png;1;1;0;0
2/0800.png;1;1;0;0
2/0801.png;1;1;0;0
2/0802.png;1;1;0;0
2/0803.png;1;1;0;0
2/0804.png;1;1;0;0
2/0805.png;1;1;0;0
2/0806.png;1;1;0;0
2/0807.png;1;1;0;0
2/0808.png;1;1;0;0
2/0809.png;1;1;0;0
2/0810.png;1;1;0;0
2/0811.png;1;1;0;0
2/0812.png;1;1;0;0
2/0813.png;1;1;0;0
2/0814.png;1;1;0;0
2/0815.png;1;1;0;0
2/0816.png;1;1;0;0
2/0817.png;1;1;0;0
2/0818.png;1;1;0;0
2/0819.png;1;1;0;0
2/0820.png;1;1;0;0
2/0821.png;1;1;0;0
2/0822.png;1;1;0;0
2/0823.png;1;1;0;0
2/0824.png;1;1;0;0
2/0825.png;1;1;0;0
2/0826.png;1;1;0;0
2/0827.png;1;1;0;0
2/0828.png;1;1;0;0
2/0829.png;1;1;0;0
2/0830.png;1;1;0;0
2/0831.png;1;1;0;0
2/0832.png;1;1;0;0
2/0833.png;1;1;0;0
2/0834.png;1;1;0;0
2/0835.png;1;1;0;0
2/0836.png;1;1;0;0
2/0837.png;1;1;0;0
2/0838.png;1;1;0;0
2/0839.png;1;1;0;0
2/0840.png;1;1;0;0
2/0841.png;1;1;0;0
2/0842.png;1;1;0;0
2/0843.png;1;1;0;0
2/0844.png;1;1;0;0
2/0845.png;1;1;0;0
2/0846.png;1;1;0;0
2/0847.png;1;1;0;0
2/0848.png;1;1;0;0
2/0849.png;1;1;0;0
2/0850.png;1;1;0;0
2/0851.png;1;1;0;0
2/0852.png;1;1;0;0
2/0853.png;1;1;0;0
2/0854.png;1;1;0;0
2/0855.png;1;1;0;0
2/0856.png;1;1;0;0
2/0857.png;1;1;0;0
2/0858.png;1;1;0;0
2/0859.png;1;1;0;0
2/0860.png;1;1;0;0
2/0861.png;1;1;0;0
2/0862.png;1;1;0;0
2/0863.png;1;1;0;0
2/0864.png;1;1;0;0
2/0865.png;1;1;0;0
2/0866.png;1;1;0;0
2/0867.png;1;1;0;0
2/0868.png;1;1;0;0
2/0869.png;1;1;0;0
2/0870.png;1;1;0;0
2/0871.png;1;1;0;0
2/0872.png;1;1;0;0
2/0873.png;1;1;0;0
2/0874.png;1;1;0;0
2/0875.png;1;1;0;0
2/0876.png;1;1;0;0
2/0877.png;1;1;0;0
2/0878.png;1;1;0;0
2/0879.png;1;1;0;0
2/0880.png;1;1;0;0
2/0881.png;1;1;0;0
2/0882.png;1;1;0;0
2/0883.png;1;1;0;0
2/0884.png;1;1;0;0
2/0885.png;1;1;0;0
2/0886.png;1;1;0;0
2/0887.png;1;1;0;0
2/0888.png;1;1;0;0
2/0889.png;1;1;0;0
2/0890.png;1;1;0;0
2/0891.png;1;1;0;0
2/0892.png;1;1;0;0
2/0893.png;1;1;0;0
2/0894.png;1;1;0;0
2/0895.png;1;1;0;0
2/0896.png;1;1;0;0
2/0897.png;1;1;0;0
2/0898.png;1;1;0;0
2/0899.png;1;1;0;0
2/0900.png;1;1;0;0
2/0901.png;1;1;0;0
2/0902.png;1;1;0;0
2/0903.png;1;1;0;0
2/0904.png;1;1;0;0
2/0905.png;1;1;0;0
2/0906.png;1;1;0;0
2/0907.png;1;1;0;0
2/0908.png;1;1;0;0
2/0909.png;1;1;0;0
2/0910.png;1;1;0;0
2/0911.png;1;1;0;0
2/0912.png;1;1;0;0
2/0913.png;1;1;0;0
2/0914.png;1;1;0;0
2/0915.png;1;1;0;0
2/0916.png;1;1;0;0
2/0917.png;1;1;0;0
2/0918.png;1;1;0;0
2/0919.png;1;1;0;0
2/0920.png;1;1;0;0
2/0921.png;1;1;0;0
2/0922.png;1;1;0;0
2/0923.png;1;1;0;0
2/0924.png;1;1;0;0
2/0925.png;1;1;0;0
2/0926.png;1;1;0;0
2/0927.png;1;1;0;0
2/0928.png;1;1;0;0
2/0929.png;1;1;0;0
2/0930.png;1;1;0;0
2/0931.png;1;1;0;0
2/0932.png;1;1;0;0
2/0933.png;1;1;0;0
2/0934.png;1;1;0;0
2/0935.png;1;1;0;0
2/0936.png;1;1;0;0
2/0937.png;1;1;0;0
2/0938.png;1;1;0;0
2/0939.png;1;1;0;0
2/0940.png;1;1;0;0
2/0941.png;1;1;0;0
2/0942.png;1;1;0;0
2/0943.png;1;1;0;0
2/0944.png;1;1;0;0
2/0945.png;1;1;0;0
2/0946.png;1;1;0;0
2/0947.png;1;1;0;0
2/0948.png;1;1;0;0
2/0949.png;1;1;0;0
2/0950.png;1;1;0;0
2/0951.png;1;1;0;0
2/0952.png;1;1;0;0
2/0953.png;1;1;0;0
2/0954.png;1;1;0;0
2/0955.png;1;1;0;0
2/0956.png;1;1;0;0
2/0957.png;1;1;0;0
2/0958.png;1;1;0;0
2/0959.png;1;1;0;0
2/0960.png;1;1;0;0
2/0961.png;1;1;0;0
2/0962.png;1;1;0;0
2/0963.png;1;1;0;0
2/0964.png;1;1;0;0
2/0965.png;1;1;0;0
2/0966.png;1;1;0;0
2/0967.png;1;1;0;0
2/0968.png;1;1;0;0
2/0969.png;1;1;0;0
2/0970.png;1;1;0;0
2/0971.png;1;1;0;0
2/0972.png;1;1;0;0
2/0973.png;1;1;0;0
2/0974.png;1;1;0;0
2/0975.png;1;1;0;0
2/0976.png;1;1;0;0
2/0977.png;1;1;0;0
2/0978.png;1;1;0;0
2/0979.png;1;1;0;0
2/0980.png;1;1;0;0
2/0981.png;1;1;0;0
2/0982.png;1;1;0;0
2/0983.png;1;1;0;0
2/0984.png;1;1;0;0
2/0985.png;1;1;0;0
2/0986.png;1;1;0;0
2/0987.png;1;1;0;0
2/0988.png;1;1;0;0
2/0989.png;1;1;0;0
2/0990.png;1;1;0;0
2/0991.png;1;1;0;0
2/0992.png;1;1;0;0
2/0993.png;1;1;0;0
2/0994.png;1;1;0;0
2/0995.png;1;1;0;0
2/0996.png;1;1;0;0
2/0997.png;1;1;0;0
2/0998.png;1;1;0;0
2/0999.png;1;1;0;0
2/1000.png;1;1;0;0
2/1001.png;1;1;0;0
2/1002.png;1;1;0;0
2/1003.png;1;1;0;0
2/1004.png;1;1;0;0
2/1005.png;1;1;0;0
2/1006.png;1;1;0;0
2/1007.png;1;1;0;0
2/1008.png;1;1;0;0
2/1009.png;1;1;0;0
2/1010.png;1;1;0;0
2/1011.png;1;1;0;0
2/1012.png;1;1;0;0
2/1013.png;1;1;0;0
2/1014.png;1;1;0;0
2/1015.png;1;1;0;0
2/1016.png;1;1;0;0
2/1017.png;1;1;0;0
2/1018.png;1;1;0;0
2/1019.png;1;1;0;0
2/1020.png;1;1;0;0
2/1021.png;1;1;0;0
2/1022.png;1;1;0;0
2/1023.png;1;1;0;0
2/1024.png;1;1;0;0
2/1025.png;1;1;0;0
2/1026.png;1;1;0;0
2/1027.png;1;1;0;0
2/1028.png;1;1;0;0
2/1029.png;1;1;0;0
2/1030.png;1;1;0;0
2/1031.png;1;1;0;0
2/1032.png;1;1;0;0
2/1033.png;1;1;0;0
2/1034.png;1;1;0;0
2/1035.png;1;1;0;0
2/1036.png;1;1;0;0
2/1037.png;1;1;0;0
2/1038.png;1;1;0;0
2/1039.png;1;1;0;0
2/1040.png;1;1;0;0
2/1041.png;1;1;0;0
2/1042.png;1;1;0;0
2/1043.png;1;1;0;0
2/1044.png;1;1;0;0
2/1045.png;1;1;0;0
2/1046.png;1;1;0;0
2/1047.png;1;1;0;0
2/1048.png;1;1;0;0
2/1049.png;1;1;0;0
2/1050.png;1;1;0;0
2/1051.png;1;1;0;0
2/1052.png;1;1;0;0
2/1053.png;1;1;0;0
2/1054.png;1;1;0;0
2/1055.png;1;1;0;0
2/1056.png;1;1;0;0
2/1057.png;1;1;0;0
2/1058.png;1;1;0;0
2/1059.png;1;1;0;0
2/1060.png;1;1;0;0
2/1061.png;1;1;0;0
2/1062.png;1;1;0;0
2/1063.png;1;1;0;0
2/1064.png;1;1;0;0
2/1065.png;1;1;0;0
2/1066.png;1;1;0;0
2/1067.png;1;1;0;0
2/1068.png;1;1;0;0
2/1069.png;1;1;0;0
2/1070.png;1;1;0;0
2/1071.png;1;1;0;0
2/1072.png;1;1;0;0
2/1073.png;1;1;0;0
2/1074.png;1;1;0;0
2/1075.png;1;1;0;0
2/1076.png;1;1;0;0
2/1077.png;1;1;0;0
2/1078.png;1;1;0;0
2/1079.png;1;1;0;0
2/1080.png;1;1;0;0
2/1081.png;1;1;0;0
2/1082.png;1;1;0;0
2/1083.png;1;1;0;0
2/1084.png;1;1;0;0
2/1085.png;1;1;0;0
2/1086.png;1;1;0;0
2/1087.png;1;1;0;0
2/1088.png;1;1;0;0
2/1089.png;1;1;0;0
2/1090.png;1;1;0;0
2/1091.png;1;1;0;0
2/1092.png;1;1;0;0
2/1093.png;1;1;0;0
2/1094.png;1;1;0;0
2/1095.png;1;1;0;0
2/1096.png;1;1;0;0
2/1097.png;1;1;0;0
2/1098.png;1;1;0;0
2/1099.png;1;1;0;0
2/1100.png;1;1;0;0
2/1101.png;1;1;0;0
2/1102.png;1;1;0;0
2/1103.png;1;1;0;0
2/1104.png;1;1;0;0
2/1105.png;1;1;0;0
2/1106.png;1;1;0;0
2/1107.png;1;1;0;0
2/1108.png;1;1;0;0
2/1109.png;1;1;0;0
2/1110.png;1;1;0;0
2/1111.png;1;1;0;0
2/1112.png;1;1;0;0
2/1113.png;1;1;0;0
2/1114.png;1;1;0;0
2/1115.png;1;1;0;0
2/1116.png;1;1;0;0
2/1117.png;1;1;0;0
2/1118.png;1;1;0;0
2/1119.png;1;1;0;0
2/1120.png;1;1;0;0
2/1121.png;1;1;0;0
2/1122.png;1;1;0;0
2/1123.png;1;1;0;0
2/1124.png;1;1;0;0
2/1125.png;1;1;0;0
2/1126.png;1;1;0;0
2/1127.png;1;1;0;0
2/1128.png;1;1;0;0
2/1129.png;1;1;0;0
2/1130.png;1;1;0;0
2/1131.png;1;1;0;0
2/1132.png;1;1;0;0
2/1133.png;1;1;0;0
2/1134.png;1;1;0;0
2/1135.png;1;1;0;0
2/1136.png;1;1;0;0
2/1137.png;1;1;0;0
2/1138.png;1;1;0;0
2/1139.png;1;1;0;0
2/1140.png;1;1;0;0
2/1141.png;1;1;0;0
2/1142.png;1;1;0;0
2/1143.png;1;1;0;0
2/1144.png;1;1;0;0
2/1145.png;1;1;0;0
2/1146.png;1;1;0;0
2/1147.png;1;1;0;0
2/1148.png;1;1;0;0
2/1149.png;1;1;0;0
2/1150.png;1;1;0;0
2/1151.png;1;1;0;0
2/1152.png;1;1;0;0
2/1153.png;1;1;0;0
2/1154.png;1;1;0;0
2/1155.png;1;1;0;0
2/1156.png;1;1;0;0
2/1157.png;1;1;0;0
2/1158.png;1;1;0;0
2/1159.png;1;1;0;0
2/1160.png;1;1;0;0
2/1161.png;1;1;0;0
2/1162.png;1;1;0;0
2/1163.png;1;1;0;0
2/1164.png;1;1;0;0
2/1165.png;1;1;0;0
2/1166.png;1;1;0;0
2/1167.png;1;1;0;0
2/1168.png;1;1;0;0
2/1169.png;1;1;0;0
2/1170.png;1;1;0;0
2/1171.png;1;1;0;0
2/1172.png;1;1;0;0
2/1173.png;1;1;0;0
2/1174.png;1;1;0;0
2/1175.png;1;1;0;0
2/1176.png;1;1;0;0
2/1177.png;1;1;0;0
2/1178.png;1;1;0;0
2/1179.png;1;1;0;0
2/1180.png;1;1;0;0
2/1181.png;1;1;0;0
2/1182.png;1;1;0;0
2/1183.png;1;1;0;0
2/1184.png;1;1;0;0
2/1185.png;1;1;0;0
2/1186.png;1;1;0;0
2/1187.png;1;1;0;0
2/1188.png;1;1;0;0
2/1189.png;1;1;0;0
2/1190.png;1;1;0;0
2/1191.png;1;1;0;0
2/1192.png;1;1;0;0
2/1193.png;1;1;0;0
2/1194.png;1;1;0;0
2/1195.png;1;1;0;0
2/1196.png;1;1;0;0
2/1197.png;1;1;0;0
2/1198.png;1;1;0;0
2/1199.png;1;1;0;0
2/1200.png;1;1;0;0
2/1201.png;1;1;0;0
2/1202.png;1;1;0;0
2/1203.png;1;1;0;0
2/1204.png;1;1;0;0
2/1205.png;1;1;0;0
2/1206.png;1;1;0;0
2/1207.png;1;1;0;0
2/1208.png;1;1;0;0
2/1209.png;1;1;0;0
2/1210.png;1;1;0;0
2/1211.png;1;1;0;0
2/1212.png;1;1;0;0
2/1213.png;1;1;0;0
2/1214.png;1;1;0;0
2/1215.png;1;1;0;0
2/1216.png;1;1;0;0
2/1217.png;1;1;0;0
2/1218.png;1;1;0;0
2/1219.png;1;1;0;0
2/1220.png;1;1;0;0
2/1221.png;1;1;0;0
2/1222.png;1;1;0;0
2/1223.png;1;1;0;0
2/1224.png;1;1;0;0
2/1225.png;1;1;0;0
2/1226.png;1;1;0;0
2/1227.png;1;1;0;0
2/1228.png;1;1;0;0
2/1229.png;1;1;0;0
2/1230.png;1;1;0;0
2/1231.png;1;1;0;0
2/1232.png;1;1;0;0
2/1233.png;1;1;0;0
2/1234.png;1;1;0;0
2/1235.png;1;1;0;0
2/1236.png;1;1;0;0
2/1237.png;1;1;0;0
2/1238.png;1;1;0;0
2/1239.png;1;1;0;0
2/1240.png;1;1;0;0
2/1241.png;1;1;0;0
2/1242.png;1;1;0;0
2/1243.png;1;1;0;0
2/1244.png;1;1;0;0
2/1245.png;1;1;0;0
2/1246.png;1;1;0;0
2/1247.png;1;1;0;0
2/1248.png;1;1;0;0
2/1249.png;1;1;0;0
2/1250.png;1;1;0;0
2/1251.png;1;1;0;0
2/1252.png;1;1;0;0
2/1253.png;1;1;0;0
2/1254.png;1;1;0;0
2/1255.png;1;1;0;0
2/1256.png;1;1;0;0
2/1257.png;1;1;0;0
2/1258.png;1;1;0;0
2/1259.png;1;1;0;0
2/1260.png;1;1;0;0
2/1261.png;1;1;0;0
2/1262.png;1;1;0;0
2/1263.png;1;1;0;0
2/1264.png;1;1;0;0
2/1265.png;1;1;0;0
2/1266.png;1;1;0;0
2/1267.png;1;1;0;0
2/1268.png;1;1;0;0
2/1269.png;1;1;0;0
2/1270.png;1;1;0;0
2/1271.png;1;1;0;0
2/1272.png;1;1;0;0
2/1273.png;1;1;0;0
2/1274.png;1;1;0;0
2/1275.png;1;1;0;0
2/1276.png;1;1;0;0
2/1277.png;1;1;0;0
2/1278.png;1;1;0;0
2/1279.png;1;1;0;0
2/1280.png;1;1;0;0
2/1281.png;1;1;0;0
2/1282.png;1;1;0;0
2/1283.png;1;1;0;0
2/1284.png;1;1;0;0
2/1285.png;1;1;0;0
2/1286.png;1;1;0;0
2/1287.png;1;1;0;0
2/1288.png;1;1;0;0
2/1289.png;1;1;0;0
2/1290.png;1;1;0;0
2/1291.png;1;1;0;0
2/1292.png;1;1;0;0
2/1293.png;1;1;0;0
2/1294.png;1;1;0;0
2/1295.png;1;1;0;0
2/1296.png;1;1;0;0
2/1297.png;1;1;0;0
2/1298.png;1;1;0;0
2/1299.png;1;1;0;0
2/1300.png;1;1;0;0
2/1301.png;1;1;0;0
2/1302.png;1;1;0;0
2/1303.png;1;1;0;0
2/1304.png;1;1;0;0
2/1305.png;1;1;0;0
2/1306.png;1;1;0;0
2/1307.png;1;1;0;0
2/1308.png;1;1;0;0
2/1309.png;1;1;0;0
2/1310.png;1;1;0;0
2/1311.png;1;1;0;0
2/1312.png;1;1;0;0
2/1313.png;1;1;0;0
2/1314.png;1;1;0;0
2/1315.png;1;1;0;0
2/1316.png;1;1;0;0
2/1317.png;1;1;0;0
2/1318.png;1;1;0;0
2/1319.png;1;1;0;0
2/1320.png;1;1;0;0
2/1321.png;1;1;0;0
2/1322.png;1;1;0;0
2/1323.png;1;1;0;0
2/1324.png;1;1;0;0
2/1325.png;1;1;0;0
2/1326.png;1;1;0;0
2/1327.png;1;1;0;0
2/1328.png;1;1;0;0
2/1329.png;1;1;0;0
2/1330.png;1;1;0;0
2/1331.png;1;1;0;0
2/1332.png;1;1;0;0
2/1333.png;1;1;0;0
2/1334.png;1;1;0;0
2/1335.png;1;1;0;0
2/1336.png;1;1;0;0
2/1337.png;1;1;0;0
2/1338.png;1;1;0;0
2/1339.png;1;1;0;0
2/1340.png;1;1;0;0
2/1341.png;1;1;0;0
2/1342.png;1;1;0;0
2/1343.png;1;1;0;0
2/1344.png;1;1;0;0
2/1345.png;1;1;0;0
2/1346.png;1;1;0;0
2/1347.png;1;1;0;0
2/1348.png;1;1;0;0
2/1349.png;1;1;0;0
2/1350.png;1;1;0;0
2/1351.png;1;1;0;0
2/1352.png;1;1;0;0
2/1353.png;1;1;0;0
2/1354.png;1;1;0;0
2/1355.png;1;1;0;0
2/1356.png;1;1;0;0
2/1357.png;1;1;0;0
2/1358.png;1;1;0;0
2/1359.png;1;1;0;0
2/1360.png;1;1;0;0
2/1361.png;1;1;0;0
2/1362.png;1;1;0;0
2/1363.png;1;1;0;0
2/1364.png;1;1;0;0
2/1365.png;1;1;0;0
2/1366.png;1;1;0;0
2/1367.png;1;1;0;0
2/1368.png;1;1;0;0
2/1369.png;1;1;0;0
2/1370.png;1;1;0;0
2/1371.png;1;1;0;0
2/1372.png;1;1;0;0
2/1373.png;1;1;0;0
2/1374.png;1;1;0;0
2/1375.png;1;1;0;0
2/1376.png;1;1;0;0
2/1377.png;1;1;0;0
2/1378.png;1;1;0;0
2/1379.png;1;1;0;0
2/1380.png;1;1;0;0
2/1381.png;1;1;0;0
2/1382.png;1;1;0;0
2/1383.png;1;1;0;0
2/1384.png;1;1;0;0
2/1385.png;1;1;0;0
2/1386.png;1;1;0;0
2/1387.png;1;1;0;0
2/1388.png;1;1;0;0
2/1389.png;1;1;0;0
2/1390.png;1;1;0;0
2/1391.png;1;1;0;0
2/1392.png;1;1;0;0
2/1393.png;1;1;0;0
2/1394.png;1;1;0;0
2/1395.png;1;1;0;0
2/1396.png;1;1;0;0
2/1397.png;1;1;0;0
2/1398.png;1;1;0;0
2/1399.png;1;1;0;0
2/1400.png;1;1;0;0
2/1401.png;1;1;0;0
2/1402.png;1;1;0;0
2/1403.png;1;1;0;0
2/1404.png;1;1;0;0
2/1405.png;1;1;0;0
2/1406.png;1;1;0;0
2/1407.png;1;1;0;0
2/1408.png;1;1;0;0
2/1409.png;1;1;0;0
2/1410.png;1;1;0;0
2/1411.png;1;1;0;0
2/1412.png;1;1;0;0
2/1413.png;1;1;0;0
2/1414.png;1;1;0;0
2/1415.png;1;1;0;0
2/1416.png;1;1;0;0
2/1417.png;1;1;0;0
2/1418.png;1;1;0;0
2/1419.png;1;1;0;0
2/1420.png;1;1;0;0
2/1421.png;1;1;0;0
2/1422.png;1;1;0;0
2/1423.png;1;1;0;0
2/1424.png;1;1;0;0
2/1425.png;1;1;0;0
2/1426.png;1;1;0;0
2/1427.png;1;1;0;0
2/1428.png;1;1;0;0
2/1429.png;1;1;0;0
2/1430.png;1;1;0;0
2/1431.png;1;1;0;0
2/1432.png;1;1;0;0
2/1433.png;1;1;0;0
2/1434.png;1;1;0;0
2/1435.png;1;1;0;0
2/1436.png;1;1;0;0
2/1437.png;1;1;0;0
2/1438.png;1;1;0;0
2/1439.png;1;1;0;0
2/1440.png;1;1;0;0
2/1441.png;1;1;0;0
2/1442.png;1;1;0;0
2/1443.png;1;1;0;0
2/1444.png;1;1;0;0
2/1445.png;1;1;0;0
2/1446.png;1;1;0;0
2/1447.png;1;1;0;0
2/1448.png;1;1;0;0
2/1449.png;1;1;0;0
2/1450.png;1;1;0;0
2/1451.png;1;1;0;0
2/1452.png;1;1;0;0
2/1453.png;1;1;0;0
2/1454.png;1;1;0;0
2/1455.png;1;1;0;0
2/1456.png;1;1;0;0
2/1457.png;1;1;0;0
2/1458.png;1;1;0;0
2/1459.png;1;1;0;0
2/1460.png;1;1;0;0
2/1461.png;1;1;0;0
2/1462.png;1;1;0;0
2/1463.png;1;1;0;0
2/1464.png;1;1;0;0
2/1465.png;1;1;0;0
2/1466.png;1;1;0;0
2/1467.png;1;1;0;0
2/1468.png;1;1;0;0
2/1469.png;1;1;0;0
2/1470.png;1;1;0;0
2/1471.png;1;1;0;0
2/1472.png;1;1;0;0
2/1473.png;1;1;0;0
2/1474.png;1;1;0;0
2/1475.png;1;1;0;0
2/1476.png;1;1;0;0
2/1477.png;1;1;0;0
2/1478.png;1;1;0;0
2/1479.png;1;1;0;0
2/1480.png;1;1;0;0
2/1481.png;1;1;0;0
2/1482.png;1;1;0;0
2/1483.png;1;1;0;0
2/1484.png;1;1;0;0
2/1485.png;1;1;0;0
2/1486.png;1;1;0;0
2/1487.png;1;1;0;0
2/1488.png;1;1;0;0
2/1489.png;1;1;0;0
2/1490.png;1;1;0;0
2/1491.png;1;1;0;0
2/1492.png;1;1;0;0
2/1493.png;1;1;0;0
2/1494.png;1;1;0;0
2/1495.png;1;1;0;0
2/1496.png;1;1;0;0
2/1497.png;1;1;0;0
2/1498.png;1;1;0;0
2/1499.png;1;1;0;0
2/1500.png;1;1;0;0
2/1501.png;1;1;0;0
2/1502.png;1;1;0;0
2/1503.png;1;1;0;0
2/1504.png;1;1;0;0
2/1505.png;1;1;0;0
2/1506.png;1;1;0;0
2/1507.png;1;1;0;0
2/1508.png;1;1;0;0
2/1509.png;1;1;0;0
2/1510.png;1;1;0;0
2/1511.png;1;1;0;0
2/1512.png;1;1;0;0
2/1513.png;1;1;0;0
2/1514.png;1;1;0;0
2/1515.png;1;1;0;0
2/1516.png;1;1;0;0
2/1517.png;1;1;0;0
2/1518.png;1;1;0;0
2/1519.png;1;1;0;0
2/1520.png;1;1;0;0
2/1521.png;1;1;0;0
2/1522.png;1;1;0;0
2/1523.png;1;1;0;0
2/1524.png;1;1;0;0
2/1525.png;1;1;0;0
2/1526.png;1;1;0;0
2/1527.png;1;1;0;0
2/1528.png;1;1;0;0
2/1529.png;1;1;0;0
2/1530.png;1;1;0;0
2/1531.png;1;1;0;0
2/1532.png;1;1;0;0
2/1533.png;1;1;0;0
2/1534.png;1;1;0;0
2/1535.png;1;1;0;0
2/1536.png;1;1;0;0
2/1537.png;1;1;0;0
2/1538.png;1;1;0;0
2/1539.png;1;1;0;0
2/1540.png;1;1;0;0
2/1541.png;1;1;0;0
2/1542.png;1;1;0;0
2/1543.png;1;1;0;0
2/1544.png;1;1;0;0
2/1545.png;1;1;0;0
2/1546.png;1;1;0;0
2/1547.png;1;1;0;0
2/1548.png;1;1;0;0
2/1549.png;1;1;0;0
2/1550.png;1;1;0;0
2/1551.png;1;1;0;0
2/1552.png;1;1;0;0
2/1553.png;1;1;0;0
2/1554.png;1;1;0;0
2/1555.png;1;1;0;0
2/1556.png;1;1;0;0
2/1557.png;1;1;0;0
2/1558.png;1;1;0;0
2/1559.png;1;1;0;0
2/1560.png;1;1;0;0
2/1561.png;1;1;0;0
2/1562.png;1;1;0;0
2/1563.png;1;1;0;0
2/1564.png;1;1;0;0
2/1565.png;1;1;0;0
2/1566.png;1;1;0;0
2/1567.png;1;1;0;0
2/1568.png;1;1;0;0
2/1569.png;1;1;0;0
2/1570.png;1;1;0;0
2/1571.png;1;1;0;0
2/1572.png;1;1;0;0
2/1573.png;1;1;0;0
2/1574.png;1;1;0;0
2/1575.png;1;1;0;0
2/1576.png;1;1;0;0
2/1577.png;1;1;0;0
2/1578.png;1;1;0;0
2/1579.png;1;1;0;0
2/1580.png;1;1;0;0
2/1581.png;1;1;0;0
2/1582.png;1;1;0;0
2/1583.png;1;1;0;0
2/1584.png;1;1;0;0
2/1585.png;1;1;0;0
2/1586.png;1;1;0;0
2/1587.png;1;1;0;0
2/1588.png;1;1;0;0
2/1589.png;1;1;0;0
2/1590.png;1;1;0;0
2/1591.png;1;1;0;0
2/1592.png;1;1;0;0
2/1593.png;1;1;0;0
2/1594.png;1;1;0;0
2/1595.png;1;1;0;0
2/1596.png;1;1;0;0
2/1597.png;1;1;0;0
2/1598.png;1;1;0;0
2/1599.png;1;1;0;0
2/1600.png;1;1;0;0
2/1601.png;1;1;0;0
2/1602.png;1;1;0;0
2/1603.png;1;1;0;0
2/1604.png;1;1;0;0
2/1605.png;1;1;0;0
2/1606.png;1;1;0;0
2/1607.png;1;1;0;0
2/1608.png;1;1;0;0
2/1609.png;1;1;0;0
2/1610.png;1;1;0;0
2/1611.png;1;1;0;0
2/1612.png;1;1;0;0
2/1613.png;1;1;0;0
2/1614.png;1;1;0;0
2/1615.png;1;1;0;0
2/1616.png;1;1;0;0
2/1617.png;1;1;0;0
2/1618.png;1;1;0;0
2/1619.png;1;1;0;0
2/1620.png;1;1;0;0
2/1621.png;1;1;0;0
2/1622.png;1;1;0;0
2/1623.png;1;1;0;0
2/1624.png;1;1;0;0
2/1625.png;1;1;0;0
2/1626.png;1;1;0;0
2/1627.png;1;1;0;0
2/1628.png;1;1;0;0
2/1629.png;1;1;0;0
2/1630.png;1;1;0;0
2/1631.png;1;1;0;0
2/1632.png;1;1;0;0
2/1633.png;1;1;0;0
2/1634.png;1;1;0;0
2/1635.png;1;1;0;0
2/1636.png;1;1;0;0
2/1637.png;1;1;0;0
2/1638.png;1;1;0;0
2/1639.png;1;1;0;0
2/1640.png;1;1;0;0
2/1641.png;1;1;0;0
2/1642.png;1;1;0;0
2/1643.png;1;1;0;0
2/1644.png;1;1;0;0
2/1645.png;1;1;0;0
2/1646.png;1;1;0;0
2/1647.png;1;1;0;0
2/1648.png;1;1;0;0
2/1649.png;1;1;0;0
2/1650.png;1;1;0;0
2/1651.png;1;1;0;0
2/1652.png;1;1;0;0
2/1653.png;1;1;0;0
2/1654.png;1;1;0;0
2/1655.png;1;1;0;0
2/1656.png;1;1;0;0
2/1657.png;1;1;0;0
2/1658.png;1;1;0;0
2/1659.png;1;1;0;0
2/1660.png;1;1;0;0
2/1661.png;1;1;0;0
2/1662.png;1;1;0;0
2/1663.png;1;1;0;0
2/1664.png;1;1;0;0
2/1665.png;1;1;0;0
2/1666.png;1;1;0;0
2/1667.png;1;1;0;0
2/1668.png;1;1;0;0
2/1669.png;1;1;0;0
2/1670.png;1;1;0;0
2/1671.png;1;1;0;0
2/1672.png;1;1;0;0
2/1673.png;1;1;0;0
2/1674.png;1;1;0;0
2/1675.png;1;1;0;0
2/1676.png;1;1;0;0
2/1677.png;1;1;0;0
2/1678.png;1;1;0;0
2/1679.png;1;1;0;0
2/1680.png;1;1;0;0
2/1681.png;1;1;0;0
2/1682.png;1;1;0;0
2/1683.png;1;1;0;0
2/1684.png;1;1;0;0
2/1685.png;1;1;0;0
2/1686.png;1;1;0;0
2/1687.png;1;1;0;0
2/1688.png;1;1;0;0
2/1689.png;1;1;0;0
2/1690.png;1;1;0;0
2/1691.png;1;1;0;0
2/1692.png;1;1;0;0
2/1693.png;1;1;0;0
2/1694.png;1;1;0;0
2/1695.png;1;1;0;0
2/1696.png;1;1;0;0
2/1697.png;1;1;0;0
2/1698.png;1;1;0;0
2/1699.png;1;1;0;0
2/1700.png;1;1;0;0
2/1701.png;1;1;0;0
2/1702.png;1;1;0;0
2/1703.png;1;1;0;0
2/1704.png;1;1;0;0
2/1705.png;1;1;0;0
2/1706.png;1;1;0;0
2/1707.png;1;1;0;0
2/1708.png;1;1;0;0
2/1709.png;1;1;0;0
2/1710.png;1;1;0;0
2/1711.png;1;1;0;0
2/1712.png;1;1;0;0
2/1713.png;1;1;0;0
2/1714.png;1;1;0;0
2/1715.png;1;1;0;0
2/1716.png;1;1;0;0
2/1717.png;1;1;0;0
2/1718.png;1;1;0;0
2/1719.png;1;1;0;0
2/1720.png;1;1;0;0
2/1721.png;1;1;0;0
2/1722.png;1;1;0;0
2/1723.png;1;1;0;0
2/1724.png;1;1;0;0
2/1725.png;1;1;0;0
2/1726.png;1;1;0;0
2/1727.png;1;1;0;0
2/1728.png;1;1;0;0
2/1729.png;1;1;0;0
2/1730.png;1;1;0;0
2/1731.png;1;1;0;0
2/1732.png;1;1;0;0
2/1733.png;1;1;0;0
2/1734.png;1;1;0;0
2/1735.png;1;1;0;0
2/1736.png;1;1;0;0
2/1737.png;1;1;0;0
2/1738.png;1;1;0;0
2/1739.png;1;1;0;0
2/1740.png;1;1;0;0
2/1741.png;1;1;0;0
2/1742.png;1;1;0;0
2/1743.png;1;1;0;0
2/1744.png;1;1;0;0
2/1745.png;1;1;0;0
2/1746.png;1;1;0;0
2/1747.png;1;1;0;0
2/1748.png;1;1;0;0
2/1749.png;1;1;0;0
2/1750.png;1;1;0;0
2/1751.png;1;1;0;0
2/1752.png;1;1;0;0
2/1753.png;1;1;0;0
2/1754.png;1;1;0;0
2/1755.png;1;1;0;0
2/1756.png;1;1;0;0
2/1757.png;1;1;0;0
2/1758.png;1;1;0;0
2/1759.png;1;1;0;0
2/1760.png;1;1;0;0
2/1761.png;1;1;0;0
2/1762.png;1;1;0;0
2/1763.png;1;1;0;0
2/1764.png;1;1;0;0
2/1765.png;1;1;0;0
2/1766.png;1;1;0;0
2/1767.png;1;1;0;0
2/1768.png;1;1;0;0
2/1769.png;1;1;0;0
2/1770.png;1;1;0;0
2/1771.png;1;1;0;0
2/1772.png;1;1;0;0
2/1773.png;1;1;0;0
2/1774.png;1;1;0;0
2/1775.png;1;1;0;0
2/1776.png;1;1;0;0
2/1777.png;1;1;0;0
2/1778.png;1;1;0;0
2/1779.png;1;1;0;0
2/1780.png;1;1;0;0
2/1781.png;1;1;0;0
2/1782.png;1;1;0;0
2/1783.png;1;1;0;0
2/1784.png;1;1;0;0
2/1785.png;1;1;0;0
2/1786.png;1;1;0;0
2/1787.png;1;1;0;0
2/1788.png;1;1;0;0
2/1789.png;1;1;0;0
2/1790.png;1;1;0;0
2/1791.png;1;1;0;0
2/1792.png;1;1;0;0
2/1793.png;1;1;0;0
2/1794.png;1;1;0;0
2/1795.png;1;1;0;0
2/1796.png;1;1;0;0
2/1797.png;1;1;0;0
2/1798.png;1;1;0;0
2/1799.png;1;1;0;0
2/1800.png;1;1;0;0
2/1801.png;1;1;0;0
2/1802.png;1;1;0;0
2/1803.png;1;1;0;0
2/1804.png;1;1;0;0
2/1805.png;1;1;0;0
2/1806.png;1;1;0;0
2/1807.png;1;1;0;0
2/1808.png;1;1;0;0
2/1809.png;1;1;0;0
2/1810.png;1;1;0;0
2/1811.png;1;1;0;0
2/1812.png;1;1;0;0
2/1813.png;1;1;0;0
2/1814.png;1;1;0;0
2/1815.png;1;1;0;0
2/1816.png;1;1;0;0
2/1817.png;1;1;0;0
2/1818.png;1;1;0;0
2/1819.png;1;1;0;0
2/1820.png;1;1;0;0
2/1821.png;1;1;0;0
2/1822.png;1;1;0;0
2/1823.png;1;1;0;0
2/1824.png;1;1;0;0
2/1825.png;1;1;0;0
2/1826.png;1;1;0;0
2/1827.png;1;1;0;0
2/1828.png;1;1;0;0
2/1829.png;1;1;0;0
2/1830.png;1;1;0;0
2/1831.png;1;1;0;0
2/1832.png;1;1;0;0
2/1833.png;1;1;0;0
2/1834.png;1;1;0;0
2/1835.png;1;1;0;0
2/1836.png;1;1;0;0
2/1837.png;1;1;0;0
2/1838.png;1;1;0;0
2/1839.png;1;1;0;0
2/1840.png;1;1;0;0
2/1841.png;1;1;0;0
2/1842.png;1;1;0;0
2/1843.png;1;1;0;0
2/1844.png;1;1;0;0
2/1845.png;1;1;0;0
2/1846.png;1;1;0;0
2/1847.png;1;1;0;0
2/1848.png;1;1;0;0
2/1849.png;1;1;0;0
2/1850.png;1;1;0;0
2/1851.png;1;1;0;0
2/1852.png;1;1;0;0
2/1853.png;1;1;0;0
2/1854.png;1;1;0;0
2/1855.png;1;1;0;0
2/1856.png;1;1;0;0
2/1857.png;1;1;0;0
2/1858.png;1;1;0;0
2/1859.png;1;1;0;0
2/1860.png;1;1;0;0
2/1861.png;1;1;0;0
2/1862.png;1;1;0;0
2/1863.png;1;1;0;0
2/1864.png;1;1;0;0
2/1865.png;1;1;0;0
2/1866.png;1;1;0;0
2/1867.png;1;1;0;0
2/1868.png;1;1;0;0
2/1869.png;1;1;0;0
2/1870.png;1;1;0;0
2/1871.png;1;1;0;0
2/1872.png;1;1;0;0
2/1873.png;1;1;0;0
2/1874.png;1;1;0;0
2/1875.png;1;1;0;0
2/1876.png;1;1;0;0
2/1877.png;1;1;0;0
2/1878.png;1;1;0;0
2/1879.png;1;1;0;0
2/1880.png;1;1;0;0
2/1881.png;1;1;0;0
2/1882.png;1;1;0;0
2/1883.png;1;1;0;0
2/1884.png;1;1;0;0
2/1885.png;1;1;0;0
2/1886.png;1;1;0;0
2/1887.png;1;1;0;0
2/1888.png;1;1;0;0
2/1889.png;1;1;0;0
2/1890.png;1;1;0;0
2/1891.png;1;1;0;0
2/1892.png;1;1;0;0
2/1893.png;1;1;0;0
2/1894.png;1;1;0;0
2/1895.png;1;1;0;0
2/1896.png;1;1;0;0
2/1897.png;1;1;0;0
2/1898.png;1;1;0;0
2/1899.png;1;1;0;0
2/1900.png;1;1;0;0
2/1901.png;1;1;0;0
2/1902.png;1;1;0;0
2/1903.png;1;1;0;0
2/1904.png;1;1;0;0
2/1905.png;1;1;0;0
2/1906.png;1;1;0;0
2/1907.png;1;1;0;0
2/1908.png;1;1;0;0
2/1909.png;1;1;0;0
2/1910.png;1;1;0;0
2/1911.png;1;1;0;0
2/1912.png;1;1;0;0
2/1913.png;1;1;0;0
2/1914.png;1;1;0;0
2/1915.png;1;1;0;0
2/1916.png;1;1;0;0
2/1917.png;1;1;0;0
2/1918.png;1;1;0;0
2/1919.png;1;1;0;0
2/1920.png;1;1;0;0
2/1921.png;1;1;0;0
2/1922.png;1;1;0;0
2/1923.png;1;1;0;0
2/1924.png;1;1;0;0
2/1925.png;1;1;0;0
2/1926.png;1;1;0;0
2/1927.png;1;1;0;0
2/1928.png;1;1;0;0
2/1929.png;1;1;0;0
2/1930.png;1;1;0;0
2/1931.png;1;1;0;0
2/1932.png;1;1;0;0
2/1933.png;1;1;0;0
2/1934.png;1;1;0;0
2/1935.png;1;1;0;0
2/1936.png;1;1;0;0
2/1937.png;1;1;0;0
2/1938.png;1;1;0;0
2/1939.png;1;1;0;0
2/1940.png;1;1;0;0
2/1941.png;1;1;0;0
2/1942.png;1;1;0;0
2/1943.png;1;1;0;0
2/1944.png;1;1;0;0
2/1945.png;1;1;0;0
2/1946.png;1;1;0;0
2/1947.png;1;1;0;0
2/1948.png;1;1;0;0
2/1949.png;1;1;0;0
2/1950.png;1;1;0;0
2/1951.png;1;1;0;0
2/1952.png;1;1;0;0
2/1953.png;1;1;0;0
2/1954.png;1;1;0;0
2/1955.png;1;1;0;0
2/1956.png;1;1;0;0
2/1957.png;1;1;0;0
2/1958.png;1;1;0;0
2/1959.png;1;1;0;0
2/1960.png;1;1;0;0
2/1961.png;1;1;0;0
2/1962.png;1;1;0;0
2/1963.png;1;1;0;0
2/1964.png;1;1;0;0
2/1965.png;1;1;0;0
2/1966.png;1;1;0;0
2/1967.png;1;1;0;0
2/1968.png;1;1;0;0
2/1969.png;1;1;0;0
2/1970.png;1;1;0;0
2/1971.png;1;1;0;0
2/1972.png;1;1;0;0
2/1973.png;1;1;0;0
2/1974.png;1;1;0;0
2/1975.png;1;1;0;0
2/1976.png;1;1;0;0
2/1977.png;1;1;0;0
2/1978.png;1;1;0;0
2/1979.png;1;1;0;0
2/1980.png;1;1;0;0
2/1981.png;1;1;0;0
2/1982.png;1;1;0;0
2/1983.png;1;1;0;0
2/1984.png;1;1;0;0
2/1985.png;1;1;0;0
2/1986.png;1;1;0;0
2/1987.png;1;1;0;0
2/1988.png;1;1;0;0
2/1989.png;1;1;0;0
2/1990.png;1;1;0;0
2/1991.png;1;1;0;0
2/1992.png;1;1;0;0
2/1993.png;1;1;0;0
2/1994.png;1;1;0;0
2/1995.png;1;1;0;0
2/1996.png;1;1;0;0
2/1997.png;1;1;0;0
2/1998.png;1;1;0;0
2/1999.png;1;1;0;0
2/2000.png;1;1;0;0
2/2001.png;1;1;0;0
2/2002.png;1;1;0;0
2/2003.png;1;1;0;0
2/2004.png;1;1;0;0
2/2005.png;1;1;0;0
2/2006.png;1;1;0;0
2/2007.png;1;1;0;0
2/2008.png;1;1;0;0
2/2009.png;1;1;0;0
2/2010.png;1;1;0;0
2/2011.png;1;1;0;0
2/2012.png;1;1;0;0
2/2013.png;1;1;0;0
2/2014.png;1;1;0;0
2/2015.png;1;1;0;0
2/2016.png;1;1;0;0
2/2017.png;1;1;0;0
2/2018.png;1;1;0;0
2/2019.png;1;1;0;0
2/2020.png;1;1;0;0
2/2021.png;1;1;0;0
2/2022.png;1;1;0;0
2/2023.png;1;1;0;0
2/2024.png;1;1;0;0
2/2025.png;1;1;0;0
2/2026.png;1;1;0;0
2/2027.png;1;1;0;0
2/2028.png;1;1;0;0
2/2029.png;1;1;0;0
2/2030.png;1;1;0;0
2/2031.png;1;1;0;0
2/2032.png;1;1;0;0
2/2033.png;1;1;0;0
2/2034.png;1;1;0;0
2/2035.png;1;1;0;0
2/2036.png;1;1;0;0
2/2037.png;1;1;0;0
2/2038.png;1;1;0;0
2/2039.png;1;1;0;0
2/2040.png;1;1;0;0
2/2041.png;1;1;0;0
2/2042.png;1;1;0;0
2/2043.png;1;1;0;0
2/2044.png;1;1;0;0
2/2045.png;1;1;0;0
2/2046.png;1;1;0;0
2/2047.png;1;1;0;0
2/2048.png;1;1;0;0
2/2049.png;1;1;0;0
2/2050.png;1;1;0;0
2/2051.png;1;1;0;0
2/2052.png;1;1;0;0
2/2053.png;1;1;0;0
2/2054.png;1;1;0;0
2/2055.png;1;1;0;0
2/2056.png;1;1;0;0
2/2057.png;1;1;0;0
2/2058.png;1;1;0;0
2/2059.png;1;1;0;0
2/2060.png;1;1;0;0
2/2061.png;1;1;0;0
2/2062.png;1;1;0;0
2/2063.png;1;1;0;0
2/2064.png;1;1;0;0
2/2065.png;1;1;0;0
2/2066.png;1;1;0;0
2/2067.png;1;1;0;0
2/2068.png;1;1;0;0
2/2069.png;1;1;0;0
2/2070.png;1;1;0;0
2/2071.png;1;1;0;0
2/2072.png;1;1;0;0
2/2073.png;1;1;0;0
2/2074.png;1;1;0;0
2/2075.png;1;1;0;0
2/2076.png;1;1;0;0
2/2077.png;1;1;0;0
2/2078.png;1;1;0;0
2/2079.png;1;1;0;0
2/2080.png;1;1;0;0
2/2081.png;1;1;0;0
2/2082.png;1;1;0;0
2/2083.png;1;1;0;0
2/2084.png;1;1;0;0
2/2085.png;1;1;0;0
2/2086.png;1;1;0;0
2/2087.png;1;1;0;0
2/2088.png;1;1;0;0
2/2089.png;1;1;0;0
2/2090.png;1;1;0;0
2/2091.png;1;1;0;0
2/2092.png;1;1;0;0
2/2093.png;1;1;0;0
2/2094.png;1;1;0;0
2/2095.png;1;1;0;0
2/2096.png;1;1;0;0
2/2097.png;1;1;0;0
2/2098.png;1;1;0;0
2/2099.png;1;1;0;0
2/2100.png;1;1;0;0
2/2101.png;1;1;0;0
2/2102.png;1;1;0;0
2/2103.png;1;1;0;0
2/2104.png;1;1;0;0
2/2105.png;1;1;0;0
2/2106.png;1;1;0;0
2/2107.png;1;1;0;0
2/2108.png;1;1;0;0
2/2109.png;1;1;0;0
2/2110.png;1;1;0;0
2/2111.png;1;1;0;0
2/2112.png;1;1;0;0
2/2113.png;1;1;0;0
2/2114.png;1;1;0;0
2/2115.png;1;1;0;0
2/2116.png;1;1;0;0
2/2117.png;1;1;0;0
2/2118.png;1;1;0;0
2/2119.png;1;1;0;0
2/2120.png;1;1;0;0
2/2121.png;1;1;0;0
2/2122.png;1;1;0;0
2/2123.png;1;1;0;0
2/2124.png;1;1;0;0
2/2125.png;1;1;0;0
2/2126.png;1;1;0;0
2/2127.png;1;1;0;0
2/2128.png;1;1;0;0
2/2129.png;1;1;0;0
2/2130.png;1;1;0;0
2/2131.png;1;1;0;0
2/2132.png;1;1;0;0
2/2133.png;1;1;0;0
2/2134.png;1;1;0;0
2/2135.png;1;1;0;0
2/2136.png;1;1;0;0
2/2137.png;1;1;0;0
2/2138.png;1;1;0;0
2/2139.png;1;1;0;0
2/2140.png;1;1;0;0
2/2141.png;1;1;0;0
2/2142.png;1;1;0;0
2/2143.png;1;1;0;0
2/2144.png;1;1;0;0
2/2145.png;1;1;0;0
2/2146.png;1;1;0;0
2/2147.png;1;1;0;0
2/2148.png;1;1;0;0
2/2149.png;1;1;0;0
2/2150.png;1;1;0;0
2/2151.png;1;1;0;0
2/2152.png;1;1;0;0
2/2153.png;1;1;0;0
2/2154.png;1;1;0;0
2/2155.png;1;1;0;0
2/2156.png;1;1;0;0
2/2157.png;1;1;0;0
2/2158.png;1;1;0;0
2/2159.png;1;1;0;0
2/2160.png;1;1;0;0
2/2161.png;1;1;0;0
2/2162.png;1;1;0;0
2/2163.png;1;1;0;0
2/2164.png;1;1;0;0
2/2165.png;1;1;0;0
2/2166.png;1;1;0;0
2/2167.png;1;1;0;0
2/2168.png;1;1;0;0
2/2169.png;1;1;0;0
2/2170.png;1;1;0;0
2/2171.png;1;1;0;0
2/2172.png;1;1;0;0
2/2173.png;1;1;0;0
2/2174.png;1;1;0;0
2/2175.png;1;1;0;0
2/2176.png;1;1;0;0
2/2177.png;1;1;0;0
2/2178.png;1;1;0;0
2/2179.png;1;1;0;0
2/2180.png;1;1;0;0
2/2181.png;1;1;0;0
2/2182.png;1;1;0;0
2/2183.png;1;1;0;0
2/2184.png;1;1;0;0
2/2185.png;1;1;0;0
2/2186.png;1;1;0;0
2/2187.png;1;1;0;0
2/2188.png;1;1;0;0
2/2189.png;1;1;0;0
2/2190.png;1;1;0;0
2/2191.png;1;1;0;0
2/2192.png;1;1;0;0
2/2193.png;1;1;0;0
2/2194.png;1;1;0;0
2/2195.png;1;1;0;0
2/2196.png;1;1;0;0
2/2197.png;1;1;0;0
2/2198.png;1;1;0;0
2/2199.png;1;1;0;0
2/2200.png;1;1;0;0
2/2201.png;1;1;0;0
2/2202.png;1;1;0;0
2/2203.png;1;1;0;0
2/2204.png;1;1;0;0
2/2205.png;1;1;0;0
2/2206.png;1;1;0;0
2/2207.png;1;1;0;0
2/2208.png;1;1;0;0
2/2209.png;1;1;0;0
2/2210.png;1;1;0;0
2/2211.png;1;1;0;0
2/2212.png;1;1;0;0
2/2213.png;1;1;0;0
2/2214.png;1;1;0;0
2/2215.png;1;1;0;0
2/2216.png;1;1;0;0
2/2217.png;1;1;0;0
2/2218.png;1;1;0;0
2/2219.png;1;1;0;0
2/2220.png;1;1;0;0
2/2221.png;1;1;0;0
2/2222.png;1;1;0;0
2/2223.png;1;1;0;0
2/2224.png;1;1;0;0
2/2225.png;1;1;0;0
2/2226.png;1;1;0;0
2/2227.png;1;1;0;0
2/2228.png;1;1;0;0
2/2229.png;1;1;0;0
2/2230.png;1;1;0;0
2/2231.png;1;1;0;0
2/2232.png;1;1;0;0
2/2233.png;1;1;0;0
2/2234.png;1;1;0;0
2/2235.png;1;1;0;0
2/2236.png;1;1;0;0
2/2237.png;1;1;0;0
2/2238.png;1;1;0;0
2/2239.png;1;1;0;0
2/2240.png;1;1;0;0
2/2241.png;1;1;0;0
2/2242.png;1;1;0;0
2/2243.png;1;1;0;0
2/2244.png;1;1;0;0
2/2245.png;1;1;0;0
2/2246.png;1;1;0;0
2/2247.png;1;1;0;0
2/2248.png;1;1;0;0
2/2249.png;1;1;0;0
2/2250.png;1;1;0;0
2/2251.png;1;1;0;0
2/2252.png;1;1;0;0
2/2253.png;1;1;0;0
2/2254.png;1;1;0;0
2/2255.png;1;1;0;0
2/2256.png;1;1;0;0
2/2257.png;1;1;0;0
2/2258.png;1;1;0;0
2/2259.png;1;1;0;0
2/2260.png;1;1;0;0
2/2261.png;1;1;0;0
2/2262.png;1;1;0;0
2/2263.png;1;1;0;0
2/2264.png;1;1;0;0
2/2265.png;1;1;0;0
2/2266.png;1;1;0;0
2/2267.png;1;1;0;0
2/2268.png;1;1;0;0
2/2269.png;1;1;0;0
2/2270.png;1;1;0;0
2/2271.png;1;1;0;0
2/2272.png;1;1;0;0
2/2273.png;1;1;0;0
2/2274.png;1;1;0;0
2/2275.png;1;1;0;0
2/2276.png;1;1;0;0
2/2277.png;1;1;0;0
2/2278.png;1;1;0;0
2/2279.png;1;1;0;0
2/2280.png;1;1;0;0
2/2281.png;1;1;0;0
2/2282.png;1;1;0;0
2/2283.png;1;1;0;0
2/2284.png;1;1;0;0
2/2285.png;1;1;0;0
2/2286.png;1;1;0;0
2/2287.png;1;1;0;0
2/2288.png;1;1;0;0
2/2289.png;1;1;0;0
2/2290.png;1;1;0;0
2/2291.png;1;1;0;0
2/2292.png;1;1;0;0
2/2293.png;1;1;0;0
2/2294.png;1;1;0;0
2/2295.png;1;1;0;0
2/2296.png;1;1;0;0
2/2297.png;1;1;0;0
2/2298.png;1;1;0;0
2/2299.png;1;1;0;0
2/2300.png;1;1;0;0
2/2301.png;1;1;0;0
2/2302.png;1;1;0;0
2/2303.png;1;1;0;0
2/2304.png;1;1;0;0
2/2305.png;1;1;0;0
2/2306.png;1;1;0;0
2/2307.png;1;1;0;0
2/2308.png;1;1;0;0
2/2309.png;1;1;0;0
2/2310.png;1;1;0;0
2/2311.png;1;1;0;0
2/2312.png;1;1;0;0
2/2313.png;1;1;0;0
2/2314.png;1;1;0;0
2/2315.png;1;1;0;0
2/2316.png;1;1;0;0
2/2317.png;1;1;0;0
2/2318.png;1;1;0;0
2/2319.png;1;1;0;0
2/2320.png;1;1;0;0
2/2321.png;1;1;0;0
2/2322.png;1;1;0;0
2/2323.png;1;1;0;0
2/2324.png;1;1;0;0
2/2325.png;1;1;0;0
2/2326.png;1;1;0;0
2/2327.png;1;1;0;0
2/2328.png;1;1;0;0
2/2329.png;1;1;0;0
2/2330.png;1;1;0;0
2/2331.png;1;1;0;0
2/2332.png;1;1;0;0
2/2333.png;1;1;0;0
2/2334.png;1;1;0;0
2/2335.png;1;1;0;0
2/2336.png;1;1;0;0
2/2337.png;1;1;0;0
2/2338.png;1;1;0;0
2/2339.png;1;1;0;0
2/2340.png;1;1;0;0
2/2341.png;1;1;0;0
2/2342.png;1;1;0;0
2/2343.png;1;1;0;0
2/2344.png;1;1;0;0
2/2345.png;1;1;0;0
2/2346.png;1;1;0;0
2/2347.png;1;1;0;0
2/2348.png;1;1;0;0
2/2349.png;1;1;0;0
2/2350.png;1;1;0;0
2/2351.png;1;1;0;0
2/2352.png;1;1;0;0
2/2353.png;1;1;0;0
2/2354.png;1;1;0;0
2/2355.png;1;1;0;0
2/2356.png;1;1;0;0
2/2357.png;1;1;0;0
2/2358.png;1;1;0;0
2/2359.png;1;1;0;0
2/2360.png;1;1;0;0
2/2361.png;1;1;0;0
2/2362.png;1;1;0;0
2/2363.png;1;1;0;0
2/2364.png;1;1;0;0
2/2365.png;1;1;0;0
2/2366.png;1;1;0;0
2/2367.png;1;1;0;0
2/2368.png;1;1;0;0
2/2369.png;1;1;0;0
2/2370.png;1;1;0;0
2/2371.png;1;1;0;0
2/2372.png;1;1;0;0
2/2373.png;1;1;0;0
2/2374.png;1;1;0;0
2/2375.png;1;1;0;0
2/2376.png;1;1;0;0
2/2377.png;1;1;0;0
2/2378.png;1;1;0;0
2/2379.png;1;1;0;0
2/2380.png;1;1;0;0
2/2381.png;1;1;0;0
2/2382.png;1;1;0;0
2/2383.png;1;1;0;0
2/2384.png;1;1;0;0
2/2385.png;1;1;0;0
2/2386.png;1;1;0;0
2/2387.png;1;1;0;0
2/2388.png;1;1;0;0
2/2389.png;1;1;0;0
2/2390.png;1;1;0;0
2/2391.png;1;1;0;0
2/2392.png;1;1;0;0
2/2393.png;1;1;0;0
2/2394.png;1;1;0;0
2/2395.png;1;1;0;0
2/2396.png;1;1;0;0
2/2397.png;1;1;0;0
2/2398.png;1;1;0;0
2/2399.png;1;1;0;0
2/2400.png;1;1;0;0
2/2401.png;1;1;0;0
2/2402.png;1;1;0;0
2/2403.png;1;1;0;0
2/2404.png;1;1;0;0
2/2405.png;1;1;0;0
2/2406.png;1;1;0;0
2/2407.png;1;1;0;0
2/2408.png;1;1;0;0
2/2409.png;1;1;0;0
2/2410.png;1;1;0;0
2/2411.png;1;1;0;0
2/2412.png;1;1;0;0
2/2413.png;1;1;0;0
2/2414.png;1;1;0;0
2/2415.png;1;1;0;0
2/2416.png;1;1;0;0
2/2417.png;1;1;0;0
2/2418.png;1;1;0;0
2/2419.png;1;1;0;0
2/2420.png;1;1;0;0
2/2421.png;1;1;0;0
2/2422.png;1;1;0;0
2/2423.png;1;1;0;0
2/2424.png;1;1;0;0
2/2425.png;1;1;0;0
2/2426.png;1;1;0;0
2/2427.png;1;1;0;0
2/2428.png;1;1;0;0
2/2429.png;1;1;0;0
2/2430.png;1;1;0;0
2/2431.png;1;1;0;0
2/2432.png;1;1;0;0
2/2433.png;1;1;0;0
2/2434.png;1;1;0;0
2/2435.png;1;1;0;0
2/2436.png;1;1;0;0
2/2437.png;1;1;0;0
2/2438.png;1;1;0;0
2/2439.png;1;1;0;0
2/2440.png;1;1;0;0
2/2441.png;1;1;0;0
2/2442.png;1;1;0;0
2/2443.png;1;1;0;0
2/2444.png;1;1;0;0
2/2445.png;1;1;0;0
2/2446.png;1;1;0;0
2/2447.png;1;1;0;0
2/2448.png;1;1;0;0
2/2449.png;1;1;0;0
2/2450.png;1;1;0;0
2/2451.png;1;1;0;0
2/2452.png;1;1;0;0
2/2453.png;1;1;0;0
2/2454.png;1;1;0;0
2/2455.png;1;1;0;0
2/2456.png;1;1;0;0
2/2457.png;1;1;0;0
2/2458.png;1;1;0;0
2/2459.png;1;1;0;0
2/2460.png;1;1;0;0
2/2461.png;1;1;0;0
2/2462.png;1;1;0;0
2/2463.png;1;1;0;0
2/2464.png;1;1;0;0
2/2465.png;1;1;0;0
2/2466.png;1;1;0;0
2/2467.png;1;1;0;0
2/2468.png;1;1;0;0
2/2469.png;1;1;0;0
2/2470.png;1;1;0;0
2/2471.png;1;1;0;0
2/2472.png;1;1;0;0
2/2473.png;1;1;0;0
2/2474.png;1;1;0;0
2/2475.png;1;1;0;0
2/2476.png;1;1;0;0
2/2477.png;1;1;0;0
2/2478.png;1;1;0;0
2/2479.png;1;1;0;0
2/2480.png;1;1;0;0
2/2481.png;1;1;0;0
2/2482.png;1;1;0;0
2/2483.png;1;1;0;0
2/2484.png;1;1;0;0
2/2485.png;1;1;0;0
2/2486.png;1;1;0;0
2/2487.png;1;1;0;0
2/2488.png;1;1;0;0
2/2489.png;1;1;0;0
2/2490.png;1;1;0;0
2/2491.png;1;1;0;0
2/2492.png;1;1;0;0
2/2493.png;1;1;0;0
2/2494.png;1;1;0;0
2/2495.png;1;1;0;0
2/2496.png;1;1;0;0
2/2497.png;1;1;0;0
2/2498.png;1;1;0;0
2/2499.png;1;1;0;0
2/2500.png;1;1;0;0
2/2501.png;1;1;0;0
2/2502.png;1;1;0;0
2/2503.png;1;1;0;0
2/2504.png;1;1;0;0
2/2505.png;1;1;0;0
2/2506.png;1;1;0;0
2/2507.png;1;1;0;0
2/2508.png;1;1;0;0
2/2509.png;1;1;0;0
2/2510.png;1;1;0;0
2/2511.png;1;1;0;0
2/2512.png;1;1;0;0
2/2513.png;1;1;0;0
2/2514.png;1;1;0;0
2/2515.png;1;1;0;0
2/2516.png;1;1;0;0
2/2517.png;1;1;0;0
2/2518.png;1;1;0;0
2/2519.png;1;1;0;0
2/2520.png;1;1;0;0
2/2521.png;1;1;0;0
2/2522.png;1;1;0;0
2/2523.png;1;1;0;0
2/2524.png;1;1;0;0
2/2525.png;1;1;0;0
2/2526.png;1;1;0;0
2/2527.png;1;1;0;0
2/2528.png;1;1;0;0
2/2529.png;1;1;0;0
2/2530.png;1;1;0;0
2/2531.png;1;1;0;0
2/2532.png;1;1;0;0
2/2533.png;1;1;0;0
2/2534.png;1;1;0;0
2/2535.png;1;1;0;0
2/2536.png;1;1;0;0
2/2537.png;1;1;0;0
2/2538.png;1;1;0;0
2/2539.png;1;1;0;0
2/2540.png;1;1;0;0
2/2541.png;1;1;0;0
2/2542.png;1;1;0;0
2/2543.png;1;1;0;0
2/2544.png;1;1;0;0
2/2545.png;1;1;0;0
2/2546.png;1;1;0;0
2/2547.png;1;1;0;0
2/2548.png;1;1;0;0
2/2549.png;1;1;0;0
2/2550.png;1;1;0;0
2/2551.png;1;1;0;0
2/2552.png;1;1;0;0
2/2553.png;1;1;0;0
2/2554.png;1;1;0;0
2/2555.png;1;1;0;0
2/2556.png;1;1;0;0
2/2557.png;1;1;0;0
2/2558.png;1;1;0;0
2/2559.png;1;1;0;0
2/2560.png;1;1;0;0
2/2561.png;1;1;0;0
2/2562.png;1;1;0;0
2/2563.png;1;1;0;0
2/2564.png;1;1;0;0
2/2565.png;1;1;0;0
2/2566.png;1;1;0;0
2/2567.png;1;1;0;0
2/2568.png;1;1;0;0
2/2569.png;1;1;0;0
2/2570.png;1;1;0;0
2/2571.png;1;1;0;0
2/2572.png;1;1;0;0
2/2573.png;1;1;0;0
2/2574.png;1;1;0;0
2/2575.png;1;1;0;0
2/2576.png;1;1;0;0
2/2577.png;1;1;0;0
2/2578.png;1;1;0;0
2/2579.png;1;1;0;0
2/2580.png;1;1;0;0
2/2581.png;1;1;0;0
2/2582.png;1;1;0;0
2/2583.png;1;1;0;0
2/2584.png;1;1;0;0
2/2585.png;1;1;0;0
2/2586.png;1;1;0;0
2/2587.png;1;1;0;0
2/2588.png;1;1;0;0
2/2589.png;1;1;0;0
2/2590.png;1;1;0;0
2/2591.png;1;1;0;0
2/2592.png;1;1;0;0
2/2593.png;1;1;0;0
2/2594.png;1;1;0;0
2/2595.png;1;1;0;0
2/2596.png;1;1;0;0
2/2597.png;1;1;0;0
2/2598.png;1;1;0;0
2/2599.png;1;1;0;0
2/2600.png;1;1;0;0
2/2601.png;1;1;0;0
2/2602.png;1;1;0;0
2/2603.png;1;1;0;0
2/2604.png;1;1;0;0
2/2605.png;1;1;0;0
2/2606.png;1;1;0;0
2/2607.png;1;1;0;0
2/2608.png;1;1;0;0
2/2609.png;1;1;0;0
2/2610.png;1;1;0;0
2/2611.png;1;1;0;0
2/2612.png;1;1;0;0
2/2613.png;1;1;0;0
2/2614.png;1;1;0;0
2/2615.png;1;1;0;0
2/2616.png;1;1;0;0
2/2617.png;1;1;0;0
2/2618.png;1;1;0;0
2/2619.png;1;1;0;0
2/2620.png;1;1;0;0
2/2621.png;1;1;0;0
2/2622.png;1;1;0;0
2/2623.png;1;1;0;0
2/2624.png;1;1;0;0
2/2625.png;1;1;0;0
2/2626.png;1;1;0;0
2/2627.png;1;1;0;0
2/2628.png;1;1;0;0
2/2629.png;1;1;0;0
2/2630.png;1;1;0;0
2/2631.png;1;1;0;0
2/2632.png;1;1;0;0
2/2633.png;1;1;0;0
2/2634.png;1;1;0;0
2/2635.png;1;1;0;0
2/2636.png;1;1;0;0
2/2637.png;1;1;0;0
2/2638.png;1;1;0;0
2/2639.png;1;1;0;0
2/2640.png;1;1;0;0
2/2641.png;1;1;0;0
2/2642.png;1;1;0;0
2/2643.png;1;1;0;0
2/2644.png;1;1;0;0
2/2645.png;1;1;0;0
2/2646.png;1;1;0;0
2/2647.png;1;1;0;0
2/2648.png;1;1;0;0
2/2649.png;1;1;0;0
2/2650.png;1;1;0;0
2/2651.png;1;1;0;0
2/2652.png;1;1;0;0
2/2653.png;1;1;0;0
2/2654.png;1;1;0;0
2/2655.png;1;1;0;0
2/2656.png;1;1;0;0
2/2657.png;1;1;0;0
2/2658.png;1;1;0;0
2/2659.png;1;1;0;0
2/2660.png;1;1;0;0
2/2661.png;1;1;0;0
2/2662.png;1;1;0;0
2/2663.png;1;1;0;0
2/2664.png;1;1;0;0
2/2665.png;1;1;0;0
2/2666.png;1;1;0;0
2/2667.png;1;1;0;0
2/2668.png;1;1;0;0
2/2669.png;1;1;0;0
2/2670.png;1;1;0;0
2/2671.png;1;1;0;0
2/2672.png;1;1;0;0
2/2673.png;1;1;0;0
2/2674.png;1;1;0;0
2/2675.png;1;1;0;0
2/2676.png;1;1;0;0
2/2677.png;1;1;0;0
2/2678.png;1;1;0;0
2/2679.png;1;1;0;0
2/2680.png;1;1;0;0
2/2681.png;1;1;0;0
2/2682.png;1;1;0;0
2/2683.png;1;1;0;0
2/2684.png;1;1;0;0
2/2685.png;1;1;0;0
2/2686.png;1;1;0;0
2/2687.png;1;1;0;0
2/2688.png;1;1;0;0
2/2689.png;1;1;0;0
2/2690.png;1;1;0;0
2/2691.png;1;1;0;0
2/2692.png;1;1;0;0
2/2693.png;1;1;0;0
2/2694.png;1;1;0;0
2/2695.png;1;1;0;0
2/2696.png;1;1;0;0
2/2697.png;1;1;0;0
2/2698.png;1;1;0;0
2/2699.png;1;1;0;0
2/2700.png;1;1;0;0
2/2701.png;1;1;0;0
2/2702.png;1;1;0;0
2/2703.png;1;1;0;0
2/2704.png;1;1;0;0
2/2705.png;1;1;0;0
2/2706.png;1;1;0;0
2/2707.png;1;1;0;0
2/2708.png;1;1;0;0
2/2709.png;1;1;0;0
2/2710.png;1;1;0;0
2/2711.png;1;1;0;0
2/2712.png;1;1;0;0
2/2713.png;1;1;0;0
2/2714.png;1;1;0;0
2/2715.png;1;1;0;0
2/2716.png;1;1;0;0
2/2717.png;1;1;0;0
2/2718.png;1;1;0;0
2/2719.png;1;1;0;0
2/2720.png;1;1;0;0
2/2721.png;1;1;0;0
2/2722.png;1;1;0;0
2/2723.png;1;1;0;0
2/2724.png;1;1;0;0
2/2725.png;1;1;0;0
2/2726.png;1;1;0;0
2/2727.png;1;1;0;0
2/2728.png;1;1;0;0
2/2729.png;1;1;0;0
2/2730.png;1;1;0;0
2/2731.png;1;1;0;0
2/2732.png;1;1;0;0
2/2733.png;1;1;0;0
2/2734.png;1;1;0;0
2/2735.png;1;1;0;0
2/2736.png;1;1;0;0
2/2737.png;1;1;0;0
2/2738.png;1;1;0;0
2/2739.png;1;1;0;0
2/2740.png;1;1;0;0
2/2741.png;1;1;0;0
2/2742.png;1;1;0;0
2/2743.png;1;1;0;0
2/2744.png;1;1;0;0
2/2745.png;1;1;0;0
2/2746.png;1;1;0;0
2/2747.png;1;1;0;0
2/2748.png;1;1;0;0
2/2749.png;1;1;0;0
2/2750.png;1;1;0;0
2/2751.png;1;1;0;0
2/2752.png;1;1;0;0
2/2753.png;1;1;0;0
2/2754.png;1;1;0;0
2/2755.png;1;1;0;0
2/2756.png;1;1;0;0
2/2757.png;1;1;0;0
2/2758.png;1;1;0;0
2/2759.png;1;1;0;0
2/2760.png;1;1;0;0
2/2761.png;1;1;0;0
2/2762.png;1;1;0;0
2/2763.png;1;1;0;0
2/2764.png;1;1;0;0
2/2765.png;1;1;0;0
2/2766.png;1;1;0;0
2/2767.png;1;1;0;0
2/2768.png;1;1;0;0
2/2769.png;1;1;0;0
2/2770.png;1;1;0;0
2/2771.png;1;1;0;0
2/2772.png;1;1;0;0
2/2773.png;1;1;0;0
2/2774.png;1;1;0;0
2/2775.png;1;1;0;0
2/2776.png;1;1;0;0
2/2777.png;1;1;0;0
2/2778.png;1;1;0;0
2/2779.png;1;1;0;0
2/2780.png;1;1;0;0
2/2781.png;1;1;0;0
2/2782.png;1;1;0;0
2/2783.png;1;1;0;0
2/2784.png;1;1;0;0
2/2785.png;1;1;0;0
2/2786.png;1;1;0;0
2/2787.png;1;1;0;0
2/2788.png;1;1;0;0
2/2789.png;1;1;0;0
2/2790.png;1;1;0;0
2/2791.png;1;1;0;0
2/2792.png;1;1;0;0
2/2793.png;1;1;0;0
2/2794.png;1;1;0;0
2/2795.png;1;1;0;0
2/2796.png;1;1;0;0
2/2797.png;1;1;0;0
2/2798.png;1;1;0;0
2/2799.png;1;1;0;0
2/2800.png;1;1;0;0
2/2801.png;1;1;0;0
2/2802.png;1;1;0;0
2/2803.png;1;1;0;0
2/2804.png;1;1;0;0
2/2805.png;1;1;0;0
2/2806.png;1;1;0;0
2/2807.png;1;1;0;0
2/2808.png;1;1;0;0
2/2809.png;1;1;0;0
2/2810.png;1;1;0;0
2/2811.png;1;1;0;0
2/2812.png;1;1;0;0
2/2813.png;1;1;0;0
2/2814.png;1;1;0;0
2/2815.png;1;1;0;0
2/2816.png;1;1;0;0
2/2817.png;1;1;0;0
2/2818.png;1;1;0;0
2/2819.png;1;1;0;0
2/2820.png;1;1;0;0
2/2821.png;1;1;0;0
2/2822.png;1;1;0;0
2/2823.png;1;1;0;0
2/2824.png;1;1;0;0
2/2825.png;1;1;0;0
2/2826.png;1;1;0;0
2/2827.png;1;1;0;0
2/2828.png;1;1;0;0
2/2829.png;1;1;0;0
2/2830.png;1;1;0;0
2/2831.png;1;1;0;0
2/2832.png;1;1;0;0
2/2833.png;1;1;0;0
2/2834.png;1;1;0;0
2/2835.png;1;1;0;0
2/2836.png;1;1;0;0
2/2837.png;1;1;0;0
2/2838.png;1;1;0;0
2/2839.png;1;1;0;0
2/2840.png;1;1;0;0
2/2841.png;1;1;0;0
2/2842.png;1;1;0;0
2/2843.png;1;1;0;0
2/2844.png;1;1;0;0
2/2845.png;1;1;0;0
2/2846.png;1;1;0;0
2/2847.png;1;1;0;0
2/2848.png;1;1;0;0
2/2849.png;1;1;0;0
2/2850.png;1;1;0;0
2/2851.png;1;1;0;0
2/2852.png;1;1;0;0
2/2853.png;1;1;0;0
2/2854.png;1;1;0;0
2/2855.png;1;1;0;0
2/2856.png;1;1;0;0
2/2857.png;1;1;0;0
2/2858.png;1;1;0;0
2/2859.png;1;1;0;0
2/2860.png;1;1;0;0
2/2861.png;1;1;0;0
2/2862.png;1;1;0;0
2/2863.png;1;1;0;0
2/2864.png;1;1;0;0
2/2865.png;1;1;0;0
2/2866.png;1;1;0;0
2/2867.png;1;1;0;0
2/2868.png;1;1;0;0
2/2869.png;1;1;0;0
2/2870.png;1;1;0;0
2/2871.png;1;1;0;0
2/2872.png;1;1;0;0
2/2873.png;1;1;0;0
2/2874.png;1;1;0;0
2/2875.png;1;1;0;0
2/2876.png;1;1;0;0
2/2877.png;1;1;0;0
2/2878.png;1;1;0;0
2/2879.png;1;1;0;0
2/2880.png;1;1;0;0
2/2881.png;1;1;0;0
2/2882.png;1;1;0;0
2/2883.png;1;1;0;0
2/2884.png;1;1;0;0
2/2885.png;1;1;0;0
2/2886.png;1;1;0;0
2/2887.png;1;1;0;0
2/2888.png;1;1;0;0
2/2889.png;1;1;0;0
2/2890.png;1;1;0;0
2/2891.png;1;1;0;0
2/2892.png;1;1;0;0
2/2893.png;1;1;0;0
2/2894.png;1;1;0;0
2/2895.png;1;1;0;0
2/2896.png;1;1;0;0
2/2897.png;1;1;0;0
2/2898.png;1;1;0;0
2/2899.png;1;1;0;0
2/2900.png;1;1;0;0
2/2901.png;1;1;0;0
2/2902.png;1;1;0;0
2/2903.png;1;1;0;0
2/2904.png;1;1;0;0
2/2905.png;1;1;0;0
2/2906.png;1;1;0;0
2/2907.png;1;1;0;0
2/2908.png;1;1;0;0
2/2909.png;1;1;0;0
2/2910.png;1;1;0;0
2/2911.png;1;1;0;0
2/2912.png;1;1;0;0
2/2913.png;1;1;0;0
2/2914.png;1;1;0;0
2/2915.png;1;1;0;0
2/2916.png;1;1;0;0
2/2917.png;1;1;0;0
2/2918.png;1;1;0;0
2/2919.png;1;1;0;0
2/2920.png;1;1;0;0
2/2921.png;1;1;0;0
2/2922.png;1;1;0;0
2/2923.png;1;1;0;0
2/2924.png;1;1;0;0
2/2925.png;1;1;0;0
2/2926.png;1;1;0;0
2/2927.png;1;1;0;0
2/2928.png;1;1;0;0
2/2929.png;1;1;0;0
2/2930.png;1;1;0;0
2/2931.png;1;1;0;0
2/2932.png;1;1;0;0
2/2933.png;1;1;0;0
2/2934.png;1;1;0;0
2/2935.png;1;1;0;0
2/2936.png;1;1;0;0
2/2937.png;1;1;0;0
2/2938.png;1;1;0;0
2/2939.png;1;1;0;0
2/2940.png;1;1;0;0
2/2941.png;1;1;0;0
2/2942.png;1;1;0;0
2/2943.png;1;1;0;0
2/2944.png;1;1;0;0
2/2945.png;1;1;0;0
2/2946.png;1;1;0;0
2/2947.png;1;1;0;0
2/2948.png;1;1;0;0
2/2949.png;1;1;0;0
2/2950.png;1;1;0;0
2/2951.png;1;1;0;0
2/2952.png;1;1;0;0
2/2953.png;1;1;0;0
2/2954.png;1;1;0;0
2/2955.png;1;1;0;0
2/2956.png;1;1;0;0
2/2957.png;1;1;0;0
2/2958.png;1;1;0;0
2/2959.png;1;1;0;0
2/2960.png;1;1;0;0
2/2961.png;1;1;0;0
2/2962.png;1;1;0;0
2/2963.png;1;1;0;0
2/2964.png;1;1;0;0
2/2965.png;1;1;0;0
2/2966.png;1;1;0;0
2/2967.png;1;1;0;0
2/2968.png;1;1;0;0
2/2969.png;1;1;0;0
2/2970.png;1;1;0;0
2/2971.png;1;1;0;0
2/2972.png;1;1;0;0
2/2973.png;1;1;0;0
2/2974.png;1;1;0;0
2/2975.png;1;1;0;0
2/2976.png;1;1;0;0
2/2977.png;1;1;0;0
2/2978.png;1;1;0;0
2/2979.png;1;1;0;0
2/2980.png;1;1;0;0
2/2981.png;1;1;0;0
2/2982.png;1;1;0;0
2/2983.png;1;1;0;0
2/2984.png;1;1;0;0
2/2985.png;1;1;0;0
2/2986.png;1;1;0;0
2/2987.png;1;1;0;0
2/2988.png;1;1;0;0
2/2989.png;1;1;0;0
2/2990.png;1;1;0;0
2/2991.png;1;1;0;0
2/2992.png;1;1;0;0
2/2993.png;1;1;0;0
2/2994.png;1;1;0;0
2/2995.png;1;1;0;0
2/2996.png;1;1;0;0
2/2997.png;1;1;0;0
2/2998.png;1;1;0;0
2/2999.png;1;1;0;0
2/3000.png;1;1;0;0
2/3001.png;1;1;0;0
2/3002.png;1;1;0;0
2/3003.png;1;1;0;0
2/3004.png;1;1;0;0
2/3005.png;1;1;0;0
2/3006.png;1;1;0;0
2/3007.png;1;1;0;0
2/3008.png;1;1;0;0
2/3009.png;1;1;0;0
2/3010.png;1;1;0;0
2/3011.png;1;1;0;0
2/3012.png;1;1;0;0
2/3013.png;1;1;0;0
2/3014.png;1;1;0;0
2/3015.png;1;1;0;0
2/3016.png;1;1;0;0
2/3017.png;1;1;0;0
2/3018.png;1;1;0;0
2/3019.png;1;1;0;0
2/3020.png;1;1;0;0
2/3021.png;1;1;0;0
2/3022.png;1;1;0;0
2/3023.png;1;1;0;0
2/3024.png;1;1;0;0
2/3025.png;1;1;0;0
2/3026.png;1;1;0;0
2/3027.png;1;1;0;0
2/3028.png;1;1;0;0
2/3029.png;1;1;0;0
2/3030.png;1;1;0;0
2/3031.png;1;1;0;0
2/3032.png;1;1;0;0
2/3033.png;1;1;0;0
2/3034.png;1;1;0;0
2/3035.png;1;1;0;0
2/3036.png;1;1;0;0
2/3037.png;1;1;0;0
2/3038.png;1;1;0;0
2/3039.png;1;1;0;0
2/3040.png;1;1;0;0
2/3041.png;1;1;0;0
2/3042.png;1;1;0;0
2/3043.png;1;1;0;0
2/3044.png;1;1;0;0
2/3045.png;1;1;0;0
2/3046.png;1;1;0;0
2/3047.png;1;1;0;0
2/3048.png;1;1;0;0
2/3049.png;1;1;0;0
2/3050.png;1;1;0;0
2/3051.png;1;1;0;0
2/3052.png;1;1;0;0
2/3053.png;1;1;0;0
2/3054.png;1;1;0;0
2/3055.png;1;1;0;0
2/3056.png;1;1;0;0
2/3057.png;1;1;0;0
2/3058.png;1;1;0;0
2/3059.png;1;1;0;0
2/3060.png;1;1;0;0
2/3061.png;1;1;0;0
2/3062.png;1;1;0;0
2/3063.png;1;1;0;0
2/3064.png;1;1;0;0
2/3065.png;1;1;0;0
2/3066.png;1;1;0;0
2/3067.png;1;1;0;0
2/3068.png;1;1;0;0
2/3069.png;1;1;0;0
2/3070.png;1;1;0;0
2/3071.png;1;1;0;0
2/3072.png;1;1;0;0
2/3073.png;1;1;0;0
2/3074.png;1;1;0;0
2/3075.png;1;1;0;0
2/3076.png;1;1;0;0
2/3077.png;1;1;0;0
2/3078.png;1;1;0;0
2/3079.png;1;1;0;0
2/3080.png;1;1;0;0
2/3081.png;1;1;0;0
2/3082.png;1;1;0;0
2/3083.png;1;1;0;0
2/3084.png;1;1;0;0
2/3085.png;1;1;0;0
2/3086.png;1;1;0;0
2/3087.png;1;1;0;0
2/3088.png;1;1;0;0
2/3089.png;1;1;0;0
2/3090.png;1;1;0;0
2/3091.png;1;1;0;0
2/3092.png;1;1;0;0
2/3093.png;1;1;0;0
2/3094.png;1;1;0;0
2/3095.png;1;1;0;0
2/3096.png;1;1;0;0
2/3097.png;1;1;0;0
2/3098.png;1;1;0;0
2/3099.png;1;1;0;0
2/3100.png;1;1;0;0
2/3101.png;1;1;0;0
2/3102.png;1;1;0;0
2/3103.png;1;1;0;0
2/3104.png;1;1;0;0
2/3105.png;1;1;0;0
2/3106.png;1;1;0;0
2/3107.png;1;1;0;0
2/3108.png;1;1;0;0
2/3109.png;1;1;0;0
2/3110.png;1;1;0;0
2/3111.png;1;1;0;0
2/3112.png;1;1;0;0
2/3113.png;1;1;0;0
2/3114.png;1;1;0;0
2/3115.png;1;1;0;0
2/3116.png;1;1;0;0
2/3117.png;1;1;0;0
2/3118.png;1;1;0;0
2/3119.png;1;1;0;0
2/3120.png;1;1;0;0
2/3121.png;1;1;0;0
2/3122.png;1;1;0;0
2/3123.png;1;1;0;0
2/3124.png;1;1;0;0
2/3125.png;1;1;0;0
2/3126.png;1;1;0;0
2/3127.png;1;1;0;0
2/3128.png;1;1;0;0
2/3129.png;1;1;0;0
2/3130.png;1;1;0;0
2/3131.png;1;1;0;0
2/3132.png;1;1;0;0
2/3133.png;1;1;0;0
2/3134.png;1;1;0;0
2/3135.png;1;1;0;0
2/3136.png;1;1;0;0
2/3137.png;1;1;0;0
2/3138.png;1;1;0;0
2/3139.png;1;1;0;0
2/3140.png;1;1;0;0
2/3141.png;1;1;0;0
2/3142.png;1;1;0;0
2/3143.png;1;1;0;0
2/3144.png;1;1;0;0
2/3145.png;1;1;0;0
2/3146.png;1;1;0;0
2/3147.png;1;1;0;0
2/3148.png;1;1;0;0
2/3149.png;1;1;0;0
2/3150.png;1;1;0;0
2/3151.png;1;1;0;0
2/3152.png;1;1;0;0
2/3153.png;1;1;0;0
2/3154.png;1;1;0;0
2/3155.png;1;1;0;0
2/3156.png;1;1;0;0
2/3157.png;1;1;0;0
2/3158.png;1;1;0;0
2/3159.png;1;1;0;0
2/3160.png;1;1;0;0
2/3161.png;1;1;0;0
2/3162.png;1;1;0;0
2/3163.png;1;1;0;0
2/3164.png;1;1;0;0
2/3165.png;1;1;0;0
2/3166.png;1;1;0;0
2/3167.png;1;1;0;0
2/3168.png;1;1;0;0
2/3169.png;1;1;0;0
2/3170.png;1;1;0;0
2/3171.png;1;1;0;0
2/3172.png;1;1;0;0
2/3173.png;1;1;0;0
2/3174.png;1;1;0;0
2/3175.png;1;1;0;0
2/3176.png;1;1;0;0
2/3177.png;1;1;0;0
2/3178.png;1;1;0;0
2/3179.png;1;1;0;0
2/3180.png;1;1;0;0
2/3181.png;1;1;0;0
2/3182.png;1;1;0;0
2/3183.png;1;1;0;0
2/3184.png;1;1;0;0
2/3185.png;1;1;0;0
2/3186.png;1;1;0;0
2/3187.png;1;1;0;0
2/3188.png;1;1;0;0
2/3189.png;1;1;0;0
2/3190.png;1;1;0;0
2/3191.png;1;1;0;0
2/3192.png;1;1;0;0
2/3193.png;1;1;0;0
2/3194.png;1;1;0;0
2/3195.png;1;1;0;0
2/3196.png;1;1;0;0
2/3197.png;1;1;0;0
2/3198.png;1;1;0;0
2/3199.png;1;1;0;0
2/3200.png;1;1;0;0
2/3201.png;1;1;0;0
2/3202.png;1;1;0;0
2/3203.png;1;1;0;0
2/3204.png;1;1;0;0
2/3205.png;1;1;0;0
2/3206.png;1;1;0;0
2/3207.png;1;1;0;0
2/3208.png;1;1;0;0
2/3209.png;1;1;0;0
2/3210.png;1;1;0;0
2/3211.png;1;1;0;0
2/3212.png;1;1;0;0
2/3213.png;1;1;0;0
2/3214.png;1;1;0;0
2/3215.png;1;1;0;0
2/3216.png;1;1;0;0
2/3217.png;1;1;0;0
2/3218.png;1;1;0;0
2/3219.png;1;1;0;0
2/3220.png;1;1;0;0
2/3221.png;1;1;0;0
2/3222.png;1;1;0;0
2/3223.png;1;1;0;0
2/3224.png;1;1;0;0
2/3225.png;1;1;0;0
2/3226.png;1;1;0;0
2/3227.png;1;1;0;0
2/3228.png;1;1;0;0
2/3229.png;1;1;0;0
2/3230.png;1;1;0;0
2/3231.png;1;1;0;0
2/3232.png;1;1;0;0
2/3233.png;1;1;0;0
2/3234.png;1;1;0;0
2/3235.png;1;1;0;0
2/3236.png;1;1;0;0
2/3237.png;1;1;0;0
2/3238.png;1;1;0;0
2/3239.png;1;1;0;0
2/3240.png;1;1;0;0
2/3241.png;1;1;0;0
2/3242.png;1;1;0;0
2/3243.png;1;1;0;0
2/3244.png;1;1;0;0
2/3245.png;1;1;0;0
2/3246.png;1;1;0;0
2/3247.png;1;1;0;0
2/3248.png;1;1;0;0
2/3249.png;1;1;0;0
2/3250.png;1;1;0;0
2/3251.png;1;1;0;0
2/3252.png;1;1;0;0
2/3253.png;1;1;0;0
2/3254.png;1;1;0;0
2/3255.png;1;1;0;0
2/3256.png;1;1;0;0
2/3257.png;1;1;0;0
2/3258.png;1;1;0;0
2/3259.png;1;1;0;0
2/3260.png;1;1;0;0
2/3261.png;1;1;0;0
2/3262.png;1;1;0;0
2/3263.png;1;1;0;0
2/3264.png;1;1;0;0
2/3265.png;1;1;0;0
2/3266.png;1;1;0;0
2/3267.png;1;1;0;0
2/3268.png;1;1;0;0
2/3269.png;1;1;0;0
2/3270.png;1;1;0;0
2/3271.png;1;1;0;0
2/3272.png;1;1;0;0
2/3273.png;1;1;0;0
2/3274.png;1;1;0;0
2/3275.png;1;1;0;0
2/3276.png;1;1;0;0
2/3277.png;1;1;0;0
2/3278.png;1;1;0;0
2/3279.png;1;1;0;0
2/3280.png;1;1;0;0
2/3281.png;1;1;0;0
2/3282.png;1;1;0;0
2/3283.png;1;1;0;0
2/3284.png;1;1;0;0
2/3285.png;1;1;0;0
2/3286.png;1;1;0;0
2/3287.png;1;1;0;0
2/3288.png;1;1;0;0
2/3289.png;1;1;0;0
2/3290.png;1;1;0;0
2/3291.png;1;1;0;0
2/3292.png;1;1;0;0
2/3293.png;1;1;0;0
2/3294.png;1;1;0;0
2/3295.png;1;1;0;0
2/3296.png;1;1;0;0
2/3297.png;1;1;0;0
2/3298.png;1;1;0;0
2/3299.png;1;1;0;0
2/3300.png;1;1;0;0
2/3301.png;1;1;0;0
2/3302.png;1;1;0;0
2/3303.png;1;1;0;0
2/3304.png;1;1;0;0
2/3305.png;1;1;0;0
2/3306.png;1;1;0;0
2/3307.png;1;1;0;0
2/3308.png;1;1;0;0
2/3309.png;1;1;0;0
2/3310.png;1;1;0;0
2/3311.png;1;1;0;0
2/3312.png;1;1;0;0
2/3313.png;1;1;0;0
2/3314.png;1;1;0;0
2/3315.png;1;1;0;0
2/3316.png;1;1;0;0
2/3317.png;1;1;0;0
2/3318.png;1;1;0;0
2/3319.png;1;1;0;0
2/3320.png;1;1;0;0
2/3321.png;1;1;0;0
2/3322.png;1;1;0;0
2/3323.png;1;1;0;0
2/3324.png;1;1;0;0
2/3325.png;1;1;0;0
2/3326.png;1;1;0;0
2/3327.png;1;1;0;0
2/3328.png;1;1;0;0
2/3329.png;1;1;0;0
2/3330.png;1;1;0;0
2/3331.png;1;1;0;0
2/3332.png;1;1;0;0
2/3333.png;1;1;0;0
2/3334.png;1;1;0;0
2/3335.png;1;1;0;0
2/3336.png;1;1;0;0
2/3337.png;1;1;0;0
2/3338.png;1;1;0;0
2/3339.png;1;1;0;0
2/3340.png;1;1;0;0
2/3341.png;1;1;0;0
2/3342.png;1;1;0;0
2/3343.png;1;1;0;0
2/3344.png;1;1;0;0
2/3345.png;1;1;0;0
2/3346.png;1;1;0;0
2/3347.png;1;1;0;0
2/3348.png;1;1;0;0
2/3349.png;1;1;0;0
2/3350.png;1;1;0;0
2/3351.png;1;1;0;0
2/3352.png;1;1;0;0
2/3353.png;1;1;0;0
2/3354.png;1;1;0;0
2/3355.png;1;1;0;0
2/3356.png;1;1;0;0
2/3357.png;1;1;0;0
2/3358.png;1;1;0;0
2/3359.png;1;1;0;0
2/3360.png;1;1;0;0
2/3361.png;1;1;0;0
2/3362.png;1;1;0;0
2/3363.png;1;1;0;0
2/3364.png;1;1;0;0
2/3365.png;1;1;0;0
2/3366.png;1;1;0;0
2/3367.png;1;1;0;0
2/3368.png;1;1;0;0
2/3369.png;1;1;0;0
2/3370.png;1;1;0;0
2/3371.png;1;1;0;0
2/3372.png;1;1;0;0
2/3373.png;1;1;0;0
2/3374.png;1;1;0;0
2/3375.png;1;1;0;0
2/3376.png;1;1;0;0
2/3377.png;1;1;0;0
2/3378.png;1;1;0;0
2/3379.png;1;1;0;0
2/3380.png;1;1;0;0
2/3381.png;1;1;0;0
2/3382.png;1;1;0;0
2/3383.png;1;1;0;0
2/3384.png;1;1;0;0
2/3385.png;1;1;0;0
2/3386.png;1;1;0;0
2/3387.png;1;1;0;0
2/3388.png;1;1;0;0
2/3389.png;1;1;0;0
2/3390.png;1;1;0;0
2/3391.png;1;1;0;0
2/3392.png;1;1;0;0
2/3393.png;1;1;0;0
2/3394.png;1;1;0;0
2/3395.png;1;1;0;0
2/3396.png;1;1;0;0
2/3397.png;1;1;0;0
2/3398.png;1;1;0;0
2/3399.png;1;1;0;0
2/3400.png;1;1;0;0
2/3401.png;1;1;0;0
2/3402.png;1;1;0;0
2/3403.png;1;1;0;0
2/3404.png;1;1;0;0
2/3405.png;1;1;0;0
2/3406.png;1;1;0;0
2/3407.png;1;1;0;0
2/3408.png;1;1;0;0
2/3409.png;1;1;0;0
2/3410.png;1;1;0;0
2/3411.png;1;1;0;0
2/3412.png;1;1;0;0
2/3413.png;1;1;0;0
2/3414.png;1;1;0;0
2/3415.png;1;1;0;0
2/3416.png;1;1;0;0
2/3417.png;1;1;0;0
2/3418.png;1;1;0;0
2/3419.png;1;1;0;0
2/3420.png;1;1;0;0
2/3421.png;1;1;0;0
2/3422.png;1;1;0;0
2/3423.png;1;1;0;0
2/3424.png;1;1;0;0
2/3425.png;1;1;0;0
2/3426.png;1;1;0;0
2/3427.png;1;1;0;0
2/3428.png;1;1;0;0
2/3429.png;1;1;0;0
2/3430.png;1;1;0;0
2/3431.png;1;1;0;0
2/3432.png;1;1;0;0
2/3433.png;1;1;0;0
2/3434.png;1;1;0;0
2/3435.png;1;1;0;0
2/3436.png;1;1;0;0
2/3437.png;1;1;0;0
2/3438.png;1;1;0;0
2/3439.png;1;1;0;0
2/3440.png;1;1;0;0
2/3441.png;1;1;0;0
2/3442.png;1;1;0;0
2/3443.png;1;1;0;0
2/3444.png;1;1;0;0
2/3445.png;1;1;0;0
2/3446.png;1;1;0;0
2/3447.png;1;1;0;0
2/3448.png;1;1;0;0
2/3449.png;1;1;0;0
2/3450.png;1;1;0;0
2/3451.png;1;1;0;0
2/3452.png;1;1;0;0
2/3453.png;1;1;0;0
2/3454.png;1;1;0;0
2/3455.png;1;1;0;0
2/3456.png;1;1;0;0
2/3457.png;1;1;0;0
2/3458.png;1;1;0;0
2/3459.png;1;1;0;0
2/3460.png;1;1;0;0
2/3461.png;1;1;0;0
2/3462.png;1;1;0;0
2/3463.png;1;1;0;0
2/3464.png;1;1;0;0
2/3465.png;1;1;0;0
2/3466.png;1;1;0;0
2/3467.png;1;1;0;0
2/3468.png;1;1;0;0
2/3469.png;1;1;0;0
2/3470.png;1;1;0;0
2/3471.png;1;1;0;0
2/3472.png;1;1;0;0
2/3473.png;1;1;0;0
2/3474.png;1;1;0;0
2/3475.png;1;1;0;0
2/3476.png;1;1;0;0
2/3477.png;1;1;0;0
2/3478.png;1;1;0;0
2/3479.png;1;1;0;0
2/3480.png;1;1;0;0
2/3481.png;1;1;0;0
2/3482.png;1;1;0;0
2/3483.png;1;1;0;0
2/3484.png;1;1;0;0
2/3485.png;1;1;0;0
2/3486.png;1;1;0;0
2/3487.png;1;1;0;0
2/3488.png;1;1;0;0
2/3489.png;1;1;0;0
2/3490.png;1;1;0;0
2/3491.png;1;1;0;0
2/3492.png;1;1;0;0
2/3493.png;1;1;0;0
2/3494.png;1;1;0;0
2/3495.png;1;1;0;0
2/3496.png;1;1;0;0
2/3497.png;1;1;0;0
2/3498.png;1;1;0;0
2/3499.png;1;1;0;0
2/3500.png;1;1;0;0
2/3501.png;1;1;0;0
2/3502.png;1;1;0;0
2/3503.png;1;1;0;0
2/3504.png;1;1;0;0
2/3505.png;1;1;0;0
2/3506.png;1;1;0;0
2/3507.png;1;1;0;0
2/3508.png;1;1;0;0
2/3509.png;1;1;0;0
2/3510.png;1;1;0;0
2/3511.png;1;1;0;0
2/3512.png;1;1;0;0
2/3513.png;1;1;0;0
2/3514.png;1;1;0;0
2/3515.png;1;1;0;0
2/3516.png;1;1;0;0
2/3517.png;1;1;0;0
2/3518.png;1;1;0;0
2/3519.png;1;1;0;0
2/3520.png;1;1;0;0
2/3521.png;1;1;0;0
2/3522.png;1;1;0;0
2/3523.png;1;1;0;0
2/3524.png;1;1;0;0
2/3525.png;1;1;0;0
2/3526.png;1;1;0;0
2/3527.png;1;1;0;0
2/3528.png;1;1;0;0
2/3529.png;1;1;0;0
2/3530.png;1;1;0;0
2/3531.png;1;1;0;0
2/3532.png;1;1;0;0
2/3533.png;1;1;0;0
2/3534.png;1;1;0;0
2/3535.png;1;1;0;0
2/3536.png;1;1;0;0
2/3537.png;1;1;0;0
2/3538.png;1;1;0;0
2/3539.png;1;1;0;0
2/3540.png;1;1;0;0
2/3541.png;1;1;0;0
2/3542.png;1;1;0;0
2/3543.png;1;1;0;0
2/3544.png;1;1;0;0
2/3545.png;1;1;0;0
2/3546.png;1;1;0;0
2/3547.png;1;1;0;0
2/3548.png;1;1;0;0
2/3549.png;1;1;0;0
2/3550.png;1;1;0;0
2/3551.png;1;1;0;0
2/3552.png;1;1;0;0
2/3553.png;1;1;0;0
2/3554.png;1;1;0;0
2/3555.png;1;1;0;0
2/3556.png;1;1;0;0
2/3557.png;1;1;0;0
2/3558.png;1;1;0;0
2/3559.png;1;1;0;0
2/3560.png;1;1;0;0
2/3561.png;1;1;0;0
2/3562.png;1;1;0;0
2/3563.png;1;1;0;0
2/3564.png;1;1;0;0
2/3565.png;1;1;0;0
2/3566.png;1;1;0;0
2/3567.png;1;1;0;0
2/3568.png;1;1;0;0
2/3569.png;1;1;0;0
2/3570.png;1;1;0;0
2/3571.png;1;1;0;0
2/3572.png;1;1;0;0
2/3573.png;1;1;0;0
2/3574.png;1;1;0;0
2/3575.png;1;1;0;0
2/3576.png;1;1;0;0
2/3577.png;1;1;0;0
2/3578.png;1;1;0;0
2/3579.png;1;1;0;0
2/3580.png;1;1;0;0
2/3581.png;1;1;0;0
2/3582.png;1;1;0;0
2/3583.png;1;1;0;0
2/3584.png;1;1;0;0
2/3585.png;1;1;0;0
2/3586.png;1;1;0;0
2/3587.png;1;1;0;0
2/3588.png;1;1;0;0
2/3589.png;1;1;0;0
2/3590.png;1;1;0;0
2/3591.png;1;1;0;0
2/3592.png;1;1;0;0
2/3593.png;1;1;0;0
2/3594.png;1;1;0;0
2/3595.png;1;1;0;0
2/3596.png;1;1;0;0
2/3597.png;1;1;0;0
2/3598.png;1;1;0;0
2/3599.png;1;1;0;0
2/3600.png;1;1;0;0
2/3601.png;1;1;0;0
2/3602.png;1;1;0;0
2/3603.png;1;1;0;0
2/3604.png;1;1;0;0
2/3605.png;1;1;0;0
2/3606.png;1;1;0;0
2/3607.png;1;1;0;0
2/3608.png;1;1;0;0
2/3609.png;1;1;0;0
2/3610.png;1;1;0;0
2/3611.png;1;1;0;0
2/3612.png;1;1;0;0
2/3613.png;1;1;0;0
2/3614.png;1;1;0;0
2/3615.png;1;1;0;0
2/3616.png;1;1;0;0
2/3617.png;1;1;0;0
2/3618.png;1;1;0;0
2/3619.png;1;1;0;0
2/3620.png;1;1;0;0
2/3621.png;1;1;0;0
2/3622.png;1;1;0;0
2/3623.png;1;1;0;0
2/3624.png;1;1;0;0
2/3625.png;1;1;0;0
2/3626.png;1;1;0;0
2/3627.png;1;1;0;0
2/3628.png;1;1;0;0
2/3629.png;1;1;0;0
2/3630.png;1;1;0;0
2/3631.png;1;1;0;0
2/3632.png;1;1;0;0
2/3633.png;1;1;0;0
2/3634.png;1;1;0;0
2/3635.png;1;1;0;0
2/3636.png;1;1;0;0
2/3637.png;1;1;0;0
2/3638.png;1;1;0;0
2/3639.png;1;1;0;0
2/3640.png;1;1;0;0
2/3641.png;1;1;0;0
2/3642.png;1;1;0;0
2/3643.png;1;1;0;0
2/3644.png;1;1;0;0
2/3645.png;1;1;0;0
2/3646.png;1;1;0;0
2/3647.png;1;1;0;0
2/3648.png;1;1;0;0
2/3649.png;1;1;0;0
2/3650.png;1;1;0;0
2/3651.png;1;1;0;0
2/3652.png;1;1;0;0
2/3653.png;1;1;0;0
2/3654.png;1;1;0;0
2/3655.png;1;1;0;0
2/3656.png;1;1;0;0
2/3657.png;1;1;0;0
2/3658.png;1;1;0;0
2/3659.png;1;1;0;0
2/3660.png;1;1;0;0
2/3661.png;1;1;0;0
2/3662.png;1;1;0;0
2/3663.png;1;1;0;0
2/3664.png;1;1;0;0
2/3665.png;1;1;0;0
2/3666.png;1;1;0;0
2/3667.png;1;1;0;0
2/3668.png;1;1;0;0
2/3669.png;1;1;0;0
2/3670.png;1;1;0;0
2/3671.png;1;1;0;0
2/3672.png;1;1;0;0
2/3673.png;1;1;0;0
2/3674.png;1;1;0;0
2/3675.png;1;1;0;0
2/3676.png;1;1;0;0
2/3677.png;1;1;0;0
2/3678.png;1;1;0;0
2/3679.png;1;1;0;0
2/3680.png;1;1;0;0
2/3681.png;1;1;0;0
2/3682.png;1;1;0;0
2/3683.png;1;1;0;0
2/3684.png;1;1;0;0
2/3685.png;1;1;0;0
2/3686.png;1;1;0;0
2/3687.png;1;1;0;0
2/3688.png;1;1;0;0
2/3689.png;1;1;0;0
2/3690.png;1;1;0;0
2/3691.png;1;1;0;0
2/3692.png;1;1;0;0
2/3693.png;1;1;0;0
2/3694.png;1;1;0;0
2/3695.png;1;1;0;0
2/3696.png;1;1;0;0
2/3697.png;1;1;0;0
2/3698.png;1;1;0;0
2/3699.png;1;1;0;0
2/3700.png;1;1;0;0
2/3701.png;1;1;0;0
2/3702.png;1;1;0;0
2/3703.png;1;1;0;0
2/3704.png;1;1;0;0
2/3705.png;1;1;0;0
2/3706.png;1;1;0;0
2/3707.png;1;1;0;0
2/3708.png;1;1;0;0
2/3709.png;1;1;0;0
2/3710.png;1;1;0;0
2/3711.png;1;1;0;0
2/3712.png;1;1;0;0
2/3713.png;1;1;0;0
2/3714.png;1;1;0;0
2/3715.png;1;1;0;0
2/3716.png;1;1;0;0
2/3717.png;1;1;0;0
2/3718.png;1;1;0;0
2/3719.png;1;1;0;0
2/3720.png;1;1;0;0
2/3721.png;1;1;0;0
2/3722.png;1;1;0;0
2/3723.png;1;1;0;0
2/3724.png;1;1;0;0
2/3725.png;1;1;0;0
2/3726.png;1;1;0;0
2/3727.png;1;1;0;0
2/3728.png;1;1;0;0
2/3729.png;1;1;0;0
2/3730.png;1;1;0;0
2/3731.png;1;1;0;0
2/3732.png;1;1;0;0
2/3733.png;1;1;0;0
2/3734.png;1;1;0;0
2/3735.png;1;1;0;0
2/3736.png;1;1;0;0
2/3737.png;1;1;0;0
2/3738.png;1;1;0;0
2/3739.png;1;1;0;0
2/3740.png;1;1;0;0
2/3741.png;1;1;0;0
2/3742.png;1;1;0;0
2/3743.png;1;1;0;0
2/3744.png;1;1;0;0
2/3745.png;1;1;0;0
2/3746.png;1;1;0;0
2/3747.png;1;1;0;0
2/3748.png;1;1;0;0
2/3749.png;1;1;0;0
2/3750.png;1;1;0;0
2/3751.png;1;1;0;0
2/3752.png;1;1;0;0
2/3753.png;1;1;0;0
2/3754.png;1;1;0;0
2/3755.png;1;1;0;0
2/3756.png;1;1;0;0
2/3757.png;1;1;0;0
2/3758.png;1;1;0;0
2/3759.png;1;1;0;0
2/3760.png;1;1;0;0
2/3761.png;1;1;0;0
2/3762.png;1;1;0;0
2/3763.png;1;1;0;0
2/3764.png;1;1;0;0
2/3765.png;1;1;0;0
2/3766.png;1;1;0;0
2/3767.png;1;1;0;0
2/3768.png;1;1;0;0
2/3769.png;1;1;0;0
2/3770.png;1;1;0;0
2/3771.png;1;1;0;0
2/3772.png;1;1;0;0
2/3773.png;1;1;0;0
2/3774.png;1;1;0;0
2/3775.png;1;1;0;0
2/3776.png;1;1;0;0
2/3777.png;1;1;0;0
2/3778.png;1;1;0;0
2/3779.png;1;1;0;0
2/3780.png;1;1;0;0
2/3781.png;1;1;0;0
2/3782.png;1;1;0;0
2/3783.png;1;1;0;0
2/3784.png;1;1;0;0
2/3785.png;1;1;0;0
2/3786.png;1;1;0;0
2/3787.png;1;1;0;0
2/3788.png;1;1;0;0
2/3789.png;1;1;0;0
2/3790.png;1;1;0;0
2/3791.png;1;1;0;0
2/3792.png;1;1;0;0
2/3793.png;1;1;0;0
2/3794.png;1;1;0;0
2/3795.png;1;1;0;0
2/3796.png;1;1;0;0
2/3797.png;1;1;0;0
2/3798.png;1;1;0;0
2/3799.png;1;1;0;0
2/3800.png;1;1;0;0
2/3801.png;1;1;0;0
2/3802.png;1;1;0;0
2/3803.png;1;1;0;0
2/3804.png;1;1;0;0
2/3805.png;1;1;0;0
2/3806.png;1;1;0;0
2/3807.png;1;1;0;0
2/3808.png;1;1;0;0
2/3809.png;1;1;0;0
2/3810.png;1;1;0;0
2/3811.png;1;1;0;0
2/3812.png;1;1;0;0
2/3813.png;1;1;0;0
2/3814.png;1;1;0;0
2/3815.png;1;1;0;0
2/3816.png;1;1;0;0
2/3817.png;1;1;0;0
2/3818.png;1;1;0;0
2/3819.png;1;1;0;0
2/3820.png;1;1;0;0
2/3821.png;1;1;0;0
2/3822.png;1;1;0;0
2/3823.png;1;1;0;0
2/3824.png;1;1;0;0
2/3825.png;1;1;0;0
2/3826.png;1;1;0;0
2/3827.png;1;1;0;0
2/3828.png;1;1;0;0
2/3829.png;1;1;0;0
2/3830.png;1;1;0;0
2/3831.png;1;1;0;0
2/3832.png;1;1;0;0
2/3833.png;1;1;0;0
2/3834.png;1;1;0;0
2/3835.png;1;1;0;0
2/3836.png;1;1;0;0
2/3837.png;1;1;0;0
2/3838.png;1;1;0;0
2/3839.png;1;1;0;0
2/3840.png;1;1;0;0
2/3841.png;1;1;0;0
2/3842.png;1;1;0;0
2/3843.png;1;1;0;0
2/3844.png;1;1;0;0
2/3845.png;1;1;0;0
2/3846.png;1;1;0;0
2/3847.png;1;1;0;0
2/3848.png;1;1;0;0
2/3849.png;1;1;0;0
2/3850.png;1;1;0;0
2/3851.png;1;1;0;0
2/3852.png;1;1;0;0
2/3853.png;1;1;0;0
2/3854.png;1;1;0;0
2/3855.png;1;1;0;0
2/3856.png;1;1;0;0
2/3857.png;1;1;0;0
2/3858.png;1;1;0;0
2/3859.png;1;1;0;0
2/3860.png;1;1;0;0
2/3861.png;1;1;0;0
2/3862.png;1;1;0;0
2/3863.png;1;1;0;0
2/3864.png;1;1;0;0
2/3865.png;1;1;0;0
2/3866.png;1;1;0;0
2/3867.png;1;1;0;0
2/3868.png;1;1;0;0
2/3869.png;1;1;0;0
2/3870.png;1;1;0;0
2/3871.png;1;1;0;0
2/3872.png;1;1;0;0
2/3873.png;1;1;0;0
2/3874.png;1;1;0;0
2/3875.png;1;1;0;0
2/3876.png;1;1;0;0
2/3877.png;1;1;0;0
2/3878.png;1;1;0;0
2/3879.png;1;1;0;0
2/3880.png;1;1;0;0
2/3881.png;1;1;0;0
2/3882.png;1;1;0;0
2/3883.png;1;1;0;0
2/3884.png;1;1;0;0
2/3885.png;1;1;0;0
2/3886.png;1;1;0;0
2/3887.png;1;1;0;0
2/3888.png;1;1;0;0
2/3889.png;1;1;0;0
2/3890.png;1;1;0;0
2/3891.png;1;1;0;0
2/3892.png;1;1;0;0
2/3893.png;1;1;0;0
2/3894.png;1;1;0;0
2/3895.png;1;1;0;0
2/3896.png;1;1;0;0
2/3897.png;1;1;0;0
2/3898.png;1;1;0;0
2/3899.png;1;1;0;0
2/3900.png;1;1;0;0
2/3901.png;1;1;0;0
2/3902.png;1;1;0;0
2/3903.png;1;1;0;0
2/3904.png;1;1;0;0
2/3905.png;1;1;0;0
2/3906.png;1;1;0;0
2/3907.png;1;1;0;0
2/3908.png;1;1;0;0
2/3909.png;1;1;0;0
2/3910.png;1;1;0;0
2/3911.png;1;1;0;0
2/3912.png;1;1;0;0
2/3913.png;1;1;0;0
2/3914.png;1;1;0;0
2/3915.png;1;1;0;0
2/3916.png;1;1;0;0
2/3917.png;1;1;0;0
2/3918.png;1;1;0;0
2/3919.png;1;1;0;0
2/3920.png;1;1;0;0
2/3921.png;1;1;0;0
2/3922.png;1;1;0;0
2/3923.png;1;1;0;0
2/3924.png;1;1;0;0
2/3925.png;1;1;0;0
2/3926.png;1;1;0;0
2/3927.png;1;1;0;0
2/3928.png;1;1;0;0
2/3929.png;1;1;0;0
2/3930.png;1;1;0;0
2/3931.png;1;1;0;0
2/3932.png;1;1;0;0
2/3933.png;1;1;0;0
2/3934.png;1;1;0;0
2/3935.png;1;1;0;0
2/3936.png;1;1;0;0
2/3937.png;1;1;0;0
2/3938.png;1;1;0;0
2/3939.png;1;1;0;0
2/3940.png;1;1;0;0
2/3941.png;1;1;0;0
2/3942.png;1;1;0;0
2/3943.png;1;1;0;0
2/3944.png;1;1;0;0
2/3945.png;1;1;0;0
2/3946.png;1;1;0;0
2/3947.png;1;1;0;0
2/3948.png;1;1;0;0
2/3949.png;1;1;0;0
2/3950.png;1;1;0;0
2/3951.png;1;1;0;0
2/3952.png;1;1;0;0
2/3953.png;1;1;0;0
2/3954.png;1;1;0;0
2/3955.png;1;1;0;0
2/3956.png;1;1;0;0
2/3957.png;1;1;0;0
2/3958.png;1;1;0;0
2/3959.png;1;1;0;0
2/3960.png;1;1;0;0
2/3961.png;1;1;0;0
2/3962.png;1;1;0;0
2/3963.png;1;1;0;0
2/3964.png;1;1;0;0
2/3965.png;1;1;0;0
2/3966.png;1;1;0;0
2/3967.png;1;1;0;0
2/3968.png;1;1;0;0
2/3969.png;1;1;0;0
2/3970.png;1;1;0;0
2/3971.png;1;1;0;0
2/3972.png;1;1;0;0
2/3973.png;1;1;0;0
2/3974.png;1;1;0;0
2/3975.png;1;1;0;0
2/3976.png;1;1;0;0
2/3977.png;1;1;0;0
2/3978.png;1;1;0;0
2/3979.png;1;1;0;0
2/3980.png;1;1;0;0
2/3981.png;1;1;0;0
2/3982.png;1;1;0;0
2/3983.png;1;1;0;0
2/3984.png;1;1;0;0
2/3985.png;1;1;0;0
2/3986.png;1;1;0;0
2/3987.png;1;1;0;0
2/3988.png;1;1;0;0
2/3989.png;1;1;0;0
2/3990.png;1;1;0;0
2/3991.png;1;1;0;0
2/3992.png;1;1;0;0
2/3993.png;1;1;0;0
2/3994.png;1;1;0;0
2/3995.png;1;1;0;0
2/3996.png;1;1;0;0
2/3997.png;1;1;0;0
2/3998.png;1;1;0;0
2/3999.png;1;1;0;0
2/4000.png;1;1;0;0
2/4001.png;1;1;0;0
2/4002.png;1;1;0;0
2/4003.png;1;1;0;0
2/4004.png;1;1;0;0
2/4005.png;1;1;0;0
2/4006.png;1;1;0;0
2/4007.png;1;1;0;0
2/4008.png;1;1;0;0
2/4009.png;1;1;0;0
2/4010.png;1;1;0;0
2/4011.png;1;1;0;0
2/4012.png;1;1;0;0
2/4013.png;1;1;0;0
2/4014.png;1;1;0;0
2/4015.png;1;1;0;0
2/4016.png;1;1;0;0
2/4017.png;1;1;0;0
2/4018.png;1;1;0;0
2/4019.png;1;1;0;0
2/4020.png;1;1;0;0
2/4021.png;1;1;0;0
2/4022.png;1;1;0;0
2/4023.png;1;1;0;0
2/4024.png;1;1;0;0
2/4025.png;1;1;0;0
2/4026.png;1;1;0;0
2/4027.png;1;1;0;0
2/4028.png;1;1;0;0
2/4029.png;1;1;0;0
2/4030.png;1;1;0;0
2/4031.png;1;1;0;0
2/4032.png;1;1;0;0
2/4033.png;1;1;0;0
2/4034.png;1;1;0;0
2/4035.png;1;1;0;0
2/4036.png;1;1;0;0
2/4037.png;1;1;0;0
2/4038.png;1;1;0;0
2/4039.png;1;1;0;0
2/4040.png;1;1;0;0
2/4041.png;1;1;0;0
2/4042.png;1;1;0;0
2/4043.png;1;1;0;0
2/4044.png;1;1;0;0
2/4045.png;1;1;0;0
2/4046.png;1;1;0;0
2/4047.png;1;1;0;0
2/4048.png;1;1;0;0
2/4049.png;1;1;0;0
2/4050.png;1;1;0;0
2/4051.png;1;1;0;0
2/4052.png;1;1;0;0
2/4053.png;1;1;0;0
2/4054.png;1;1;0;0
2/4055.png;1;1;0;0
2/4056.png;1;1;0;0
2/4057.png;1;1;0;0
2/4058.png;1;1;0;0
2/4059.png;1;1;0;0
2/4060.png;1;1;0;0
2/4061.png;1;1;0;0
2/4062.png;1;1;0;0
2/4063.png;1;1;0;0
2/4064.png;1;1;0;0
2/4065.png;1;1;0;0
2/4066.png;1;1;0;0
2/4067.png;1;1;0;0
2/4068.png;1;1;0;0
2/4069.png;1;1;0;0
2/4070.png;1;1;0;0
2/4071.png;1;1;0;0
2/4072.png;1;1;0;0
2/4073.png;1;1;0;0
2/4074.png;1;1;0;0
2/4075.png;1;1;0;0
2/4076.png;1;1;0;0
2/4077.png;1;1;0;0
2/4078.png;1;1;0;0
2/4079.png;1;1;0;0
2/4080.png;1;1;0;0
2/4081.png;1;1;0;0
2/4082.png;1;1;0;0
2/4083.png;1;1;0;0
2/4084.png;1;1;0;0
2/4085.png;1;1;0;0
2/4086.png;1;1;0;0
2/4087.png;1;1;0;0
2/4088.png;1;1;0;0
2/4089.png;1;1;0;0
2/4090.png;1;1;0;0
2/4091.png;1;1;0;0
2/4092.png;1;1;0;0
2/4093.png;1;1;0;0
2/4094.png;1;1;0;0
2/4095.png;1;1;0;0
2/4096.png;1;1;0;0
2/4097.png;1;1;0;0
2/4098.png;1;1;0;0
2/4099.png;1;1;0;0
2/4100.png;1;1;0;0
2/4101.png;1;1;0;0
2/4102.png;1;1;0;0
2/4103.png;1;1;0;0
2/4104.png;1;1;0;0
2/4105.png;1;1;0;0
2/4106.png;1;1;0;0
2/4107.png;1;1;0;0
2/4108.png;1;1;0;0
2/4109.png;1;1;0;0
2/4110.png;1;1;0;0
2/4111.png;1;1;0;0
2/4112.png;1;1;0;0
2/4113.png;1;1;0;0
2/4114.png;1;1;0;0
2/4115.png;1;1;0;0
2/4116.png;1;1;0;0
2/4117.png;1;1;0;0
2/4118.png;1;1;0;0
2/4119.png;1;1;0;0
2/4120.png;1;1;0;0
2/4121.png;1;1;0;0
2/4122.png;1;1;0;0
2/4123.png;1;1;0;0
2/4124.png;1;1;0;0
2/4125.png;1;1;0;0
2/4126.png;1;1;0;0
2/4127.png;1;1;0;0
2/4128.png;1;1;0;0
2/4129.png;1;1;0;0
2/4130.png;1;1;0;0
2/4131.png;1;1;0;0
2/4132.png;1;1;0;0
2/4133.png;1;1;0;0
2/4134.png;1;1;0;0
2/4135.png;1;1;0;0
2/4136.png;1;1;0;0
2/4137.png;1;1;0;0
2/4138.png;1;1;0;0
2/4139.png;1;1;0;0
2/4140.png;1;1;0;0
2/4141.png;1;1;0;0
2/4142.png;1;1;0;0
2/4143.png;1;1;0;0
2/4144.png;1;1;0;0
2/4145.png;1;1;0;0
2/4146.png;1;1;0;0
2/4147.png;1;1;0;0
2/4148.png;1;1;0;0
2/4149.png;1;1;0;0
2/4150.png;1;1;0;0
2/4151.png;1;1;0;0
2/4152.png;1;1;0;0
2/4153.png;1;1;0;0
2/4154.png;1;1;0;0
2/4155.png;1;1;0;0
2/4156.png;1;1;0;0
2/4157.png;1;1;0;0
2/4158.png;1;1;0;0
2/4159.png;1;1;0;0
2/4160.png;1;1;0;0
2/4161.png;1;1;0;0
2/4162.png;1;1;0;0
2/4163.png;1;1;0;0
2/4164.png;1;1;0;0
2/4165.png;1;1;0;0
2/4166.png;1;1;0;0
2/4167.png;1;1;0;0
2/4168.png;1;1;0;0
2/4169.png;1;1;0;0
2/4170.png;1;1;0;0
2/4171.png;1;1;0;0
2/4172.png;1;1;0;0
2/4173.png;1;1;0;0
2/4174.png;1;1;0;0
2/4175.png;1;1;0;0
2/4176.png;1;1;0;0
2/4177.png;1;1;0;0
2/4178.png;1;1;0;0
2/4179.png;1;1;0;0
2/4180.png;1;1;0;0
2/4181.png;1;1;0;0
2/4182.png;1;1;0;0
2/4183.png;1;1;0;0
2/4184.png;1;1;0;0
2/4185.png;1;1;0;0
2/4186.png;1;1;0;0
2/4187.png;1;1;0;0
2/4188.png;1;1;0;0
2/4189.png;1;1;0;0
2/4190.png;1;1;0;0
2/4191.png;1;1;0;0
2/4192.png;1;1;0;0
2/4193.png;1;1;0;0
2/4194.png;1;1;0;0
2/4195.png;1;1;0;0
2/4196.png;1;1;0;0
2/4197.png;1;1;0;0
2/4198.png;1;1;0;0
2/4199.png;1;1;0;0
2/4200.png;1;1;0;0
2/4201.png;1;1;0;0
2/4202.png;1;1;0;0
2/4203.png;1;1;0;0
2/4204.png;1;1;0;0
2/4205.png;1;1;0;0
2/4206.png;1;1;0;0
2/4207.png;1;1;0;0
2/4208.png;1;1;0;0
2/4209.png;1;1;0;0
2/4210.png;1;1;0;0
2/4211.png;1;1;0;0
2/4212.png;1;1;0;0
2/4213.png;1;1;0;0
2/4214.png;1;1;0;0
2/4215.png;1;1;0;0
2/4216.png;1;1;0;0
2/4217.png;1;1;0;0
2/4218.png;1;1;0;0
2/4219.png;1;1;0;0
2/4220.png;1;1;0;0
2/4221.png;1;1;0;0
2/4222.png;1;1;0;0
2/4223.png;1;1;0;0
2/4224.png;1;1;0;0
2/4225.png;1;1;0;0
2/4226.png;1;1;0;0
2/4227.png;1;1;0;0
2/4228.png;1;1;0;0
2/4229.png;1;1;0;0
2/4230.png;1;1;0;0
2/4231.png;1;1;0;0
2/4232.png;1;1;0;0
2/4233.png;1;1;0;0
2/4234.png;1;1;0;0
2/4235.png;1;1;0;0
2/4236.png;1;1;0;0
2/4237.png;1;1;0;0
2/4238.png;1;1;0;0
2/4239.png;1;1;0;0
2/4240.png;1;1;0;0
2/4241.png;1;1;0;0
2/4242.png;1;1;0;0
2/4243.png;1;1;0;0
2/4244.png;1;1;0;0
2/4245.png;1;1;0;0
2/4246.png;1;1;0;0
2/4247.png;1;1;0;0
2/4248.png;1;1;0;0
2/4249.png;1;1;0;0
2/4250.png;1;1;0;0
2/4251.png;1;1;0;0
2/4252.png;1;1;0;0
2/4253.png;1;1;0;0
2/4254.png;1;1;0;0
2/4255.png;1;1;0;0
2/4256.png;1;1;0;0
2/4257.png;1;1;0;0
2/4258.png;1;1;0;0
2/4259.png;1;1;0;0
2/4260.png;1;1;0;0
2/4261.png;1;1;0;0
2/4262.png;1;1;0;0
2/4263.png;1;1;0;0
2/4264.png;1;1;0;0
2/4265.png;1;1;0;0
2/4266.png;1;1;0;0
2/4267.png;1;1;0;0
2/4268.png;1;1;0;0
2/4269.png;1;1;0;0
2/4270.png;1;1;0;0
2/4271.png;1;1;0;0
2/4272.png;1;1;0;0
2/4273.png;1;1;0;0
2/4274.png;1;1;0;0
2/4275.png;1;1;0;0
2/4276.png;1;1;0;0
2/4277.png;1;1;0;0
2/4278.png;1;1;0;0
2/4279.png;1;1;0;0
2/4280.png;1;1;0;0
2/4281.png;1;1;0;0
2/4282.png;1;1;0;0
2/4283.png;1;1;0;0
2/4284.png;1;1;0;0
2/4285.png;1;1;0;0
2/4286.png;1;1;0;0
2/4287.png;1;1;0;0
2/4288.png;1;1;0;0
2/4289.png;1;1;0;0
2/4290.png;1;1;0;0
2/4291.png;1;1;0;0
2/4292.png;1;1;0;0
2/4293.png;1;1;0;0
2/4294.png;1;1;0;0
2/4295.png;1;1;0;0
2/4296.png;1;1;0;0
2/4297.png;1;1;0;0
2/4298.png;1;1;0;0
2/4299.png;1;1;0;0
2/4300.png;1;1;0;0
2/4301.png;1;1;0;0
2/4302.png;1;1;0;0
2/4303.png;1;1;0;0
2/4304.png;1;1;0;0
2/4305.png;1;1;0;0
2/4306.png;1;1;0;0
2/4307.png;1;1;0;0
2/4308.png;1;1;0;0
2/4309.png;1;1;0;0
2/4310.png;1;1;0;0
2/4311.png;1;1;0;0
2/4312.png;1;1;0;0
2/4313.png;1;1;0;0
2/4314.png;1;1;0;0
2/4315.png;1;1;0;0
2/4316.png;1;1;0;0
2/4317.png;1;1;0;0
2/4318.png;1;1;0;0
2/4319.png;1;1;0;0
2/4320.png;1;1;0;0
2/4321.png;1;1;0;0
2/4322.png;1;1;0;0
2/4323.png;1;1;0;0
2/4324.png;1;1;0;0
2/4325.png;1;1;0;0
2/4326.png;1;1;0;0
2/4327.png;1;1;0;0
2/4328.png;1;1;0;0
2/4329.png;1;1;0;0
2/4330.png;1;1;0;0
2/4331.png;1;1;0;0
2/4332.png;1;1;0;0
2/4333.png;1;1;0;0
2/4334.png;1;1;0;0
2/4335.png;1;1;0;0
2/4336.png;1;1;0;0
2/4337.png;1;1;0;0
2/4338.png;1;1;0;0
2/4339.png;1;1;0;0
2/4340.png;1;1;0;0
2/4341.png;1;1;0;0
2/4342.png;1;1;0;0
2/4343.png;1;1;0;0
2/4344.png;1;1;0;0
2/4345.png;1;1;0;0
2/4346.png;1;1;0;0
2/4347.png;1;1;0;0
2/4348.png;1;1;0;0
2/4349.png;1;1;0;0
2/4350.png;1;1;0;0
2/4351.png;1;1;0;0
2/4352.png;1;1;0;0
2/4353.png;1;1;0;0
2/4354.png;1;1;0;0
2/4355.png;1;1;0;0
2/4356.png;1;1;0;0
2/4357.png;1;1;0;0
2/4358.png;1;1;0;0
2/4359.png;1;1;0;0
2/4360.png;1;1;0;0
2/4361.png;1;1;0;0
2/4362.png;1;1;0;0
2/4363.png;1;1;0;0
2/4364.png;1;1;0;0
2/4365.png;1;1;0;0
2/4366.png;1;1;0;0
2/4367.png;1;1;0;0
2/4368.png;1;1;0;0
2/4369.png;1;1;0;0
2/4370.png;1;1;0;0
2/4371.png;1;1;0;0
2/4372.png;1;1;0;0
2/4373.png;1;1;0;0
2/4374.png;1;1;0;0
2/4375.png;1;1;0;0
2/4376.png;1;1;0;0
2/4377.png;1;1;0;0
2/4378.png;1;1;0;0
2/4379.png;1;1;0;0
2/4380.png;1;1;0;0
2/4381.png;1;1;0;0
2/4382.png;1;1;0;0
2/4383.png;1;1;0;0
2/4384.png;1;1;0;0
2/4385.png;1;1;0;0
2/4386.png;1;1;0;0
2/4387.png;1;1;0;0
2/4388.png;1;1;0;0
2/4389.png;1;1;0;0
2/4390.png;1;1;0;0
2/4391.png;1;1;0;0
2/4392.png;1;1;0;0
2/4393.png;1;1;0;0
2/4394.png;1;1;0;0
2/4395.png;1;1;0;0
2/4396.png;1;1;0;0
2/4397.png;1;1;0;0
2/4398.png;1;1;0;0
2/4399.png;1;1;0;0
2/4400.png;1;1;0;0
2/4401.png;1;1;0;0
2/4402.png;1;1;0;0
2/4403.png;1;1;0;0
2/4404.png;1;1;0;0
2/4405.png;1;1;0;0
2/4406.png;1;1;0;0
2/4407.png;1;1;0;0
2/4408.png;1;1;0;0
2/4409.png;1;1;0;0
2/4410.png;1;1;0;0
2/4411.png;1;1;0;0
2/4412.png;1;1;0;0
2/4413.png;1;1;0;0
2/4414.png;1;1;0;0
2/4415.png;1;1;0;0
2/4416.png;1;1;0;0
2/4417.png;1;1;0;0
2/4418.png;1;1;0;0
2/4419.png;1;1;0;0
2/4420.png;1;1;0;0
2/4421.png;1;1;0;0
2/4422.png;1;1;0;0
2/4423.png;1;1;0;0
2/4424.png;1;1;0;0
2/4425.png;1;1;0;0
2/4426.png;1;1;0;0
2/4427.png;1;1;0;0
2/4428.png;1;1;0;0
2/4429.png;1;1;0;0
2/4430.png;1;1;0;0
2/4431.png;1;1;0;0
2/4432.png;1;1;0;0
2/4433.png;1;1;0;0
2/4434.png;1;1;0;0
2/4435.png;1;1;0;0
2/4436.png;1;1;0;0
2/4437.png;1;1;0;0
2/4438.png;1;1;0;0
2/4439.png;1;1;0;0
2/4440.png;1;1;0;0
2/4441.png;1;1;0;0
2/4442.png;1;1;0;0
2/4443.png;1;1;0;0
2/4444.png;1;1;0;0
2/4445.png;1;1;0;0
2/4446.png;1;1;0;0
2/4447.png;1;1;0;0
2/4448.png;1;1;0;0
2/4449.png;1;1;0;0
2/4450.png;1;1;0;0
2/4451.png;1;1;0;0
2/4452.png;1;1;0;0
2/4453.png;1;1;0;0
2/4454.png;1;1;0;0
2/4455.png;1;1;0;0
2/4456.png;1;1;0;0
2/4457.png;1;1;0;0
2/4458.png;1;1;0;0
2/4459.png;1;1;0;0
2/4460.png;1;1;0;0
2/4461.png;1;1;0;0
2/4462.png;1;1;0;0
2/4463.png;1;1;0;0
2/4464.png;1;1;0;0
2/4465.png;1;1;0;0
2/4466.png;1;1;0;0
2/4467.png;1;1;0;0
2/4468.png;1;1;0;0
2/4469.png;1;1;0;0
2/4470.png;1;1;0;0
2/4471.png;1;1;0;0
2/4472.png;1;1;0;0
2/4473.png;1;1;0;0
2/4474.png;1;1;0;0
2/4475.png;1;1;0;0
2/4476.png;1;1;0;0
2/4477.png;1;1;0;0
2/4478.png;1;1;0;0
2/4479.png;1;1;0;0
2/4480.png;1;1;0;0
2/4481.png;1;1;0;0
2/4482.png;1;1;0;0
2/4483.png;1;1;0;0
2/4484.png;1;1;0;0
2/4485.png;1;1;0;0
2/4486.png;1;1;0;0
2/4487.png;1;1;0;0
2/4488.png;1;1;0;0
2/4489.png;1;1;0;0
2/4490.png;1;1;0;0
2/4491.png;1;1;0;0
2/4492.png;1;1;0;0
2/4493.png;1;1;0;0
2/4494.png;1;1;0;0
2/4495.png;1;1;0;0
2/4496.png;1;1;0;0
2/4497.png;1;1;0;0
2/4498.png;1;1;0;0
2/4499.png;1;1;0;0
2/4500.png;1;1;0;0
2/4501.png;1;1;0;0
2/4502.png;1;1;0;0
2/4503.png;1;1;0;0
2/4504.png;1;1;0;0
2/4505.png;1;1;0;0
2/4506.png;1;1;0;0
2/4507.png;1;1;0;0
2/4508.png;1;1;0;0
2/4509.png;1;1;0;0
2/4510.png;1;1;0;0
2/4511.png;1;1;0;0
2/4512.png;1;1;0;0
2/4513.png;1;1;0;0
2/4514.png;1;1;0;0
2/4515.png;1;1;0;0
2/4516.png;1;1;0;0
2/4517.png;1;1;0;0
2/4518.png;1;1;0;0
2/4519.png;1;1;0;0
2/4520.png;1;1;0;0
2/4521.png;1;1;0;0
2/4522.png;1;1;0;0
2/4523.png;1;1;0;0
2/4524.png;1;1;0;0
2/4525.png;1;1;0;0
2/4526.png;1;1;0;0
2/4527.png;1;1;0;0
2/4528.png;1;1;0;0
2/4529.png;1;1;0;0
2/4530.png;1;1;0;0
2/4531.png;1;1;0;0
2/4532.png;1;1;0;0
2/4533.png;1;1;0;0
2/4534.png;1;1;0;0
2/4535.png;1;1;0;0
2/4536.png;1;1;0;0
2/4537.png;1;1;0;0
2/4538.png;1;1;0;0
2/4539.png;1;1;0;0
2/4540.png;1;1;0;0
2/4541.png;1;1;0;0
2/4542.png;1;1;0;0
2/4543.png;1;1;0;0
2/4544.png;1;1;0;0
2/4545.png;1;1;0;0
2/4546.png;1;1;0;0
2/4547.png;1;1;0;0
2/4548.png;1;1;0;0
2/4549.png;1;1;0;0
2/4550.png;1;1;0;0
2/4551.png;1;1;0;0
2/4552.png;1;1;0;0
2/4553.png;1;1;0;0
2/4554.png;1;1;0;0
2/4555.png;1;1;0;0
2/4556.png;1;1;0;0
2/4557.png;1;1;0;0
2/4558.png;1;1;0;0
2/4559.png;1;1;0;0
2/4560.png;1;1;0;0
2/4561.png;1;1;0;0
2/4562.png;1;1;0;0
2/4563.png;1;1;0;0
2/4564.png;1;1;0;0
2/4565.png;1;1;0;0
2/4566.png;1;1;0;0
2/4567.png;1;1;0;0
2/4568.png;1;1;0;0
2/4569.png;1;1;0;0
2/4570.png;1;1;0;0
2/4571.png;1;1;0;0
2/4572.png;1;1;0;0
2/4573.png;1;1;0;0
2/4574.png;1;1;0;0
2/4575.png;1;1;0;0
2/4576.png;1;1;0;0
2/4577.png;1;1;0;0
2/4578.png;1;1;0;0
2/4579.png;1;1;0;0
2/4580.png;1;1;0;0
2/4581.png;1;1;0;0
2/4582.png;1;1;0;0
2/4583.png;1;1;0;0
2/4584.png;1;1;0;0
2/4585.png;1;1;0;0
2/4586.png;1;1;0;0
2/4587.png;1;1;0;0
2/4588.png;1;1;0;0
2/4589.png;1;1;0;0
2/4590.png;1;1;0;0
2/4591.png;1;1;0;0
2/4592.png;1;1;0;0
2/4593.png;1;1;0;0
2/4594.png;1;1;0;0
2/4595.png;1;1;0;0
2/4596.png;1;1;0;0
2/4597.png;1;1;0;0
2/4598.png;1;1;0;0
2/4599.png;1;1;0;0
2/4600.png;1;1;0;0
2/4601.png;1;1;0;0
2/4602.png;1;1;0;0
2/4603.png;1;1;0;0
2/4604.png;1;1;0;0
2/4605.png;1;1;0;0
2/4606.png;1;1;0;0
2/4607.png;1;1;0;0
2/4608.png;1;1;0;0
2/4609.png;1;1;0;0
2/4610.png;1;1;0;0
2/4611.png;1;1;0;0
2/4612.png;1;1;0;0
2/4613.png;1;1;0;0
2/4614.png;1;1;0;0
2/4615.png;1;1;0;0
2/4616.png;1;1;0;0
2/4617.png;1;1;0;0
2/4618.png;1;1;0;0
2/4619.png;1;1;0;0
2/4620.png;1;1;0;0
2/4621.png;1;1;0;0
2/4622.png;1;1;0;0
2/4623.png;1;1;0;0
2/4624.png;1;1;0;0
2/4625.png;1;1;0;0
2/4626.png;1;1;0;0
2/4627.png;1;1;0;0
2/4628.png;1;1;0;0
2/4629.png;1;1;0;0
2/4630.png;1;1;0;0
2/4631.png;1;1;0;0
2/4632.png;1;1;0;0
2/4633.png;1;1;0;0
2/4634.png;1;1;0;0
2/4635.png;1;1;0;0
2/4636.png;1;1;0;0
2/4637.png;1;1;0;0
2/4638.png;1;1;0;0
2/4639.png;1;1;0;0
2/4640.png;1;1;0;0
2/4641.png;1;1;0;0
2/4642.png;1;1;0;0
2/4643.png;1;1;0;0
2/4644.png;1;1;0;0
2/4645.png;1;1;0;0
2/4646.png;1;1;0;0
2/4647.png;1;1;0;0
2/4648.png;1;1;0;0
2/4649.png;1;1;0;0
2/4650.png;1;1;0;0
2/4651.png;1;1;0;0
2/4652.png;1;1;0;0
2/4653.png;1;1;0;0
2/4654.png;1;1;0;0
2/4655.png;1;1;0;0
2/4656.png;1;1;0;0
2/4657.png;1;1;0;0
2/4658.png;1;1;0;0
2/4659.png;1;1;0;0
2/4660.png;1;1;0;0
2/4661.png;1;1;0;0
2/4662.png;1;1;0;0
2/4663.png;1;1;0;0
2/4664.png;1;1;0;0
2/4665.png;1;1;0;0
2/4666.png;1;1;0;0
2/4667.png;1;1;0;0
2/4668.png;1;1;0;0
2/4669.png;1;1;0;0
2/4670.png;1;1;0;0
2/4671.png;1;1;0;0
2/4672.png;1;1;0;0
2/4673.png;1;1;0;0
2/4674.png;1;1;0;0
2/4675.png;1;1;0;0
2/4676.png;1;1;0;0
2/4677.png;1;1;0;0
2/4678.png;1;1;0;0
2/4679.png;1;1;0;0
2/4680.png;1;1;0;0
2/4681.png;1;1;0;0
2/4682.png;1;1;0;0
2/4683.png;1;1;0;0
2/4684.png;1;1;0;0
2/4685.png;1;1;0;0
2/4686.png;1;1;0;0
2/4687.png;1;1;0;0
2/4688.png;1;1;0;0
2/4689.png;1;1;0;0
2/4690.png;1;1;0;0
2/4691.png;1;1;0;0
2/4692.png;1;1;0;0
2/4693.png;1;1;0;0
2/4694.png;1;1;0;0
2/4695.png;1;1;0;0
2/4696.png;1;1;0;0
2/4697.png;1;1;0;0
2/4698.png;1;1;0;0
2/4699.png;1;1;0;0
2/4700.png;1;1;0;0
2/4701.png;1;1;0;0
2/4702.png;1;1;0;0
2/4703.png;1;1;0;0
2/4704.png;1;1;0;0
2/4705.png;1;1;0;0
2/4706.png;1;1;0;0
2/4707.png;1;1;0;0
2/4708.png;1;1;0;0
2/4709.png;1;1;0;0
2/4710.png;1;1;0;0
2/4711.png;1;1;0;0
2/4712.png;1;1;0;0
2/4713.png;1;1;0;0
2/4714.png;1;1;0;0
2/4715.png;1;1;0;0
2/4716.png;1;1;0;0
2/4717.png;1;1;0;0
2/4718.png;1;1;0;0
2/4719.png;1;1;0;0
2/4720.png;1;1;0;0
2/4721.png;1;1;0;0
2/4722.png;1;1;0;0
2/4723.png;1;1;0;0
2/4724.png;1;1;0;0
2/4725.png;1;1;0;0
2/4726.png;1;1;0;0
2/4727.png;1;1;0;0
2/4728.png;1;1;0;0
2/4729.png;1;1;0;0
2/4730.png;1;1;0;0
2/4731.png;1;1;0;0
2/4732.png;1;1;0;0
2/4733.png;1;1;0;0
2/4734.png;1;1;0;0
2/4735.png;1;1;0;0
2/4736.png;1;1;0;0
2/4737.png;1;1;0;0
2/4738.png;1;1;0;0
2/4739.png;1;1;0;0
2/4740.png;1;1;0;0
2/4741.png;1;1;0;0
2/4742.png;1;1;0;0
2/4743.png;1;1;0;0
2/4744.png;1;1;0;0
2/4745.png;1;1;0;0
2/4746.png;1;1;0;0
2/4747.png;1;1;0;0
2/4748.png;1;1;0;0
2/4749.png;1;1;0;0
2/4750.png;1;1;0;0
2/4751.png;1;1;0;0
2/4752.png;1;1;0;0
2/4753.png;1;1;0;0
2/4754.png;1;1;0;0
2/4755.png;1;1;0;0
2/4756.png;1;1;0;0
2/4757.png;1;1;0;0
2/4758.png;1;1;0;0
2/4759.png;1;1;0;0
2/4760.png;1;1;0;0
2/4761.png;1;1;0;0
2/4762.png;1;1;0;0
2/4763.png;1;1;0;0
2/4764.png;1;1;0;0
2/4765.png;1;1;0;0
2/4766.png;1;1;0;0
2/4767.png;1;1;0;0
2/4768.png;1;1;0;0
2/4769.png;1;1;0;0
2/4770.png;1;1;0;0
2/4771.png;1;1;0;0
2/4772.png;1;1;0;0
2/4773.png;1;1;0;0
2/4774.png;1;1;0;0
2/4775.png;1;1;0;0
2/4776.png;1;1;0;0
2/4777.png;1;1;0;0
2/4778.png;1;1;0;0
2/4779.png;1;1;0;0
2/4780.png;1;1;0;0
2/4781.png;1;1;0;0
2/4782.png;1;1;0;0
2/4783.png;1;1;0;0
2/4784.png;1;1;0;0
2/4785.png;1;1;0;0
2/4786.png;1;1;0;0
2/4787.png;1;1;0;0
2/4788.png;1;1;0;0
2/4789.png;1;1;0;0
2/4790.png;1;1;0;0
2/4791.png;1;1;0;0
2/4792.png;1;1;0;0
2/4793.png;1;1;0;0
2/4794.png;1;1;0;0
2/4795.png;1;1;0;0
2/4796.png;1;1;0;0
2/4797.png;1;1;0;0
2/4798.png;1;1;0;0
2/4799.png;1;1;0;0
2/4800.png;1;1;0;0
2/4801.png;1;1;0;0
2/4802.png;1;1;0;0
2/4803.png;1;1;0;0
2/4804.png;1;1;0;0
2/4805.png;1;1;0;0
2/4806.png;1;1;0;0
2/4807.png;1;1;0;0
2/4808.png;1;1;0;0
2/4809.png;1;1;0;0
2/4810.png;1;1;0;0
2/4811.png;1;1;0;0
2/4812.png;1;1;0;0
2/4813.png;1;1;0;0
2/4814.png;1;1;0;0
2/4815.png;1;1;0;0
2/4816.png;1;1;0;0
2/4817.png;1;1;0;0
2/4818.png;1;1;0;0
2/4819.png;1;1;0;0
2/4820.png;1;1;0;0
2/4821.png;1;1;0;0
2/4822.png;1;1;0;0
2/4823.png;1;1;0;0
2/4824.png;1;1;0;0
2/4825.png;1;1;0;0
2/4826.png;1;1;0;0
2/4827.png;1;1;0;0
2/4828.png;1;1;0;0
2/4829.png;1;1;0;0
2/4830.png;1;1;0;0
2/4831.png;1;1;0;0
2/4832.png;1;1;0;0
2/4833.png;1;1;0;0
2/4834.png;1;1;0;0
2/4835.png;1;1;0;0
2/4836.png;1;1;0;0
2/4837.png;1;1;0;0
2/4838.png;1;1;0;0
2/4839.png;1;1;0;0
2/4840.png;1;1;0;0
2/4841.png;1;1;0;0
2/4842.png;1;1;0;0
2/4843.png;1;1;0;0
2/4844.png;1;1;0;0
2/4845.png;1;1;0;0
2/4846.png;1;1;0;0
2/4847.png;1;1;0;0
2/4848.png;1;1;0;0
2/4849.png;1;1;0;0
2/4850.png;1;1;0;0
2/4851.png;1;1;0;0
2/4852.png;1;1;0;0
2/4853.png;1;1;0;0
2/4854.png;1;1;0;0
2/4855.png;1;1;0;0
2/4856.png;1;1;0;0
2/4857.png;1;1;0;0
2/4858.png;1;1;0;0
2/4859.png;1;1;0;0
2/4860.png;1;1;0;0
2/4861.png;1;1;0;0
2/4862.png;1;1;0;0
2/4863.png;1;1;0;0
2/4864.png;1;1;0;0
2/4865.png;1;1;0;0
2/4866.png;1;1;0;0
2/4867.png;1;1;0;0
2/4868.png;1;1;0;0
2/4869.png;1;1;0;0
2/4870.png;1;1;0;0
2/4871.png;1;1;0;0
2/4872.png;1;1;0;0
2/4873.png;1;1;0;0
2/4874.png;1;1;0;0
2/4875.png;1;1;0;0
2/4876.png;1;1;0;0
2/4877.png;1;1;0;0
2/4878.png;1;1;0;0
2/4879.png;1;1;0;0
2/4880.png;1;1;0;0
2/4881.png;1;1;0;0
2/4882.png;1;1;0;0
2/4883.png;1;1;0;0
2/4884.png;1;1;0;0
2/4885.png;1;1;0;0
2/4886.png;1;1;0;0
2/4887.png;1;1;0;0
2/4888.png;1;1;0;0
2/4889.png;1;1;0;0
2/4890.png;1;1;0;0
2/4891.png;1;1;0;0
2/4892.png;1;1;0;0
2/4893.png;1;1;0;0
2/4894.png;1;1;0;0
2/4895.png;1;1;0;0
2/4896.png;1;1;0;0
2/4897.png;1;1;0;0
2/4898.png;1;1;0;0
2/4899.png;1;1;0;0
2/4900.png;1;1;0;0
2/4901.png;1;1;0;0
2/4902.png;1;1;0;0
2/4903.png;1;1;0;0
2/4904.png;1;1;0;0
2/4905.png;1;1;0;0
2/4906.png;1;1;0;0
2/4907.png;1;1;0;0
2/4908.png;1;1;0;0
2/4909.png;1;1;0;0
2/4910.png;1;1;0;0
2/4911.png;1;1;0;0
2/4912.png;1;1;0;0
2/4913.png;1;1;0;0
2/4914.png;1;1;0;0
2/4915.png;1;1;0;0
2/4916.png;1;1;0;0
2/4917.png;1;1;0;0
2/4918.png;1;1;0;0
2/4919.png;1;1;0;0
2/4920.png;1;1;0;0
2/4921.png;1;1;0;0
2/4922.png;1;1;0;0
2/4923.png;1;1;0;0
2/4924.png;1;1;0;0
2/4925.png;1;1;0;0
2/4926.png;1;1;0;0
2/4927.png;1;1;0;0
2/4928.png;1;1;0;0
2/4929.png;1;1;0;0
2/4930.png;1;1;0;0
2/4931.png;1;1;0;0
2/4932.png;1;1;0;0
2/4933.png;1;1;0;0
2/4934.png;1;1;0;0
2/4935.png;1;1;0;0
2/4936.png;1;1;0;0
2/4937.png;1;1;0;0
2/4938.png;1;1;0;0
2/4939.png;1;1;0;0
2/4940.png;1;1;0;0
2/4941.png;1;1;0;0
2/4942.png;1;1;0;0
2/4943.png;1;1;0;0
2/4944.png;1;1;0;0
2/4945.png;1;1;0;0
2/4946.png;1;1;0;0
2/4947.png;1;1;0;0
2/4948.png;1;1;0;0
2/4949.png;1;1;0;0
2/4950.png;1;1;0;0
2/4951.png;1;1;0;0
2/4952.png;1;1;0;0
2/4953.png;1;1;0;0
2/4954.png;1;1;0;0
2/4955.png;1;1;0;0
2/4956.png;1;1;0;0
2/4957.png;1;1;0;0
2/4958.png;1;1;0;0
2/4959.png;1;1;0;0
2/4960.png;1;1;0;0
2/4961.png;1;1;0;0
2/4962.png;1;1;0;0
2/4963.png;1;1;0;0
2/4964.png;1;1;0;0
2/4965.png;1;1;0;0
2/4966.png;1;1;0;0
2/4967.png;1;1;0;0
2/4968.png;1;1;0;0
2/4969.png;1;1;0;0
2/4970.png;1;1;0;0
2/4971.png;1;1;0;0
2/4972.png;1;1;0;0
2/4973.png;1;1;0;0
2/4974.png;1;1;0;0
2/4975.png;1;1;0;0
2/4976.png;1;1;0;0
2/4977.png;1;1;0;0
2/4978.png;1;1;0;0
2/4979.png;1;1;0;0
2/4980.png;1;1;0;0
2/4981.png;1;1;0;0
2/4982.png;1;1;0;0
2/4983.png;1;1;0;0
2/4984.png;1;1;0;0
2/4985.png;1;1;0;0
2/4986.png;1;1;0;0
2/4987.png;1;1;0;0
2/4988.png;1;1;0;0
2/4989.png;1;1;0;0
2/4990.png;1;1;0;0
2/4991.png;1;1;0;0
2/4992.png;1;1;0;0
2/4993.png;1;1;0;0
2/4994.png;1;1;0;0
2/4995.png;1;1;0;0
2/4996.png;1;1;0;0
2/4997.png;1;1;0;0
2/4998.png;1;1;0;0
2/4999.png;1;1;0;0
2/5000.png;1;1;0;0
3/0001.png;2;1;0;0
3/0002.png;2;1;0;0
3/0003.png;2;1;0;0
3/0004.png;2;1;0;0
3/0005.png;2;1;0;0
3/0006.png;2;1;0;0
3/0007.png;2;1;0;0
3/0008.png;2;1;0;0
3/0009.png;2;1;0;0
3/0010.png;2;1;0;0
3/0011.png;2;1;0;0
3/0012.png;2;1;0;0
3/0013.png;2;1;0;0
3/0014.png;2;1;0;0
3/0015.png;2;1;0;0
3/0016.png;2;1;0;0
3/0017.png;2;1;0;0
3/0018.png;2;1;0;0
3/0019.png;2;1;0;0
3/0020.png;2;1;0;0
3/0021.png;2;1;0;0
3/0022.png;2;1;0;0
3/0023.png;2;1;0;0
3/0024.png;2;1;0;0
3/0025.png;2;1;0;0
3/0026.png;2;1;0;0
3/0027.png;2;1;0;0
3/0028.png;2;1;0;0
3/0029.png;2;1;0;0
3/0030.png;2;1;0;0
3/0031.png;2;1;0;0
3/0032.png;2;1;0;0
3/0033.png;2;1;0;0
3/0034.png;2;1;0;0
3/0035.png;2;1;0;0
3/0036.png;2;1;0;0
3/0037.png;2;1;0;0
3/0038.png;2;1;0;0
3/0039.png;2;1;0;0
3/0040.png;2;1;0;0
3/0041.png;2;1;0;0
3/0042.png;2;1;0;0
3/0043.png;2;1;0;0
3/0044.png;2;1;0;0
3/0045.png;2;1;0;0
3/0046.png;2;1;0;0
3/0047.png;2;1;0;0
3/0048.png;2;1;0;0
3/0049.png;2;1;0;0
3/0050.png;2;1;0;0
3/0051.png;2;1;0;0
3/0052.png;2;1;0;0
3/0053.png;2;1;0;0
3/0054.png;2;1;0;0
3/0055.png;2;1;0;0
3/0056.png;2;1;0;0
3/0057.png;2;1;0;0
3/0058.png;2;1;0;0
3/0059.png;2;1;0;0
3/0060.png;2;1;0;0
3/0061.png;2;1;0;0
3/0062.png;2;1;0;0
3/0063.png;2;1;0;0
3/0064.png;2;1;0;0
3/0065.png;2;1;0;0
3/0066.png;2;1;0;0
3/0067.png;2;1;0;0
3/0068.png;2;1;0;0
3/0069.png;2;1;0;0
3/0070.png;2;1;0;0
3/0071.png;2;1;0;0
3/0072.png;2;1;0;0
3/0073.png;2;1;0;0
3/0074.png;2;1;0;0
3/0075.png;2;1;0;0
3/0076.png;2;1;0;0
3/0077.png;2;1;0;0
3/0078.png;2;1;0;0
3/0079.png;2;1;0;0
3/0080.png;2;1;0;0
3/0081.png;2;1;0;0
3/0082.png;2;1;0;0
3/0083.png;2;1;0;0
3/0084.png;2;1;0;0
3/0085.png;2;1;0;0
3/0086.png;2;1;0;0
3/0087.png;2;1;0;0
3/0088.png;2;1;0;0
3/0089.png;2;1;0;0
3/0090.png;2;1;0;0
3/0091.png;2;1;0;0
3/0092.png;2;1;0;0
3/0093.png;2;1;0;0
3/0094.png;2;1;0;0
3/0095.png;2;1;0;0
3/0096.png;2;1;0;0
3/0097.png;2;1;0;0
3/0098.png;2;1;0;0
3/0099.png;2;1;0;0
3/0100.png;2;1;0;0
3/0101.png;2;1;0;0
3/0102.png;2;1;0;0
3/0103.png;2;1;0;0
3/0104.png;2;1;0;0
3/0105.png;2;1;0;0
3/0106.png;2;1;0;0
3/0107.png;2;1;0;0
3/0108.png;2;1;0;0
3/0109.png;2;1;0;0
3/0110.png;2;1;0;0
3/0111.png;2;1;0;0
3/0112.png;2;1;0;0
3/0113.png;2;1;0;0
3/0114.png;2;1;0;0
3/0115.png;2;1;0;0
3/0116.png;2;1;0;0
3/0117.png;2;1;0;0
3/0118.png;2;1;0;0
3/0119.png;2;1;0;0
3/0120.png;2;1;0;0
3/0121.png;2;1;0;0
3/0122.png;2;1;0;0
3/0123.png;2;1;0;0
3/0124.png;2;1;0;0
3/0125.png;2;1;0;0
3/0126.png;2;1;0;0
3/0127.png;2;1;0;0
3/0128.png;2;1;0;0
3/0129.png;2;1;0;0
3/0130.png;2;1;0;0
3/0131.png;2;1;0;0
3/0132.png;2;1;0;0
3/0133.png;2;1;0;0
3/0134.png;2;1;0;0
3/0135.png;2;1;0;0
3/0136.png;2;1;0;0
3/0137.png;2;1;0;0
3/0138.png;2;1;0;0
3/0139.png;2;1;0;0
3/0140.png;2;1;0;0
3/0141.png;2;1;0;0
3/0142.png;2;1;0;0
3/0143.png;2;1;0;0
3/0144.png;2;1;0;0
3/0145.png;2;1;0;0
3/0146.png;2;1;0;0
3/0147.png;2;1;0;0
3/0148.png;2;1;0;0
3/0149.png;2;1;0;0
3/0150.png;2;1;0;0
3/0151.png;2;1;0;0
3/0152.png;2;1;0;0
3/0153.png;2;1;0;0
3/0154.png;2;1;0;0
3/0155.png;2;1;0;0
3/0156.png;2;1;0;0
3/0157.png;2;1;0;0
3/0158.png;2;1;0;0
3/0159.png;2;1;0;0
3/0160.png;2;1;0;0
3/0161.png;2;1;0;0
3/0162.png;2;1;0;0
3/0163.png;2;1;0;0
3/0164.png;2;1;0;0
3/0165.png;2;1;0;0
3/0166.png;2;1;0;0
3/0167.png;2;1;0;0
3/0168.png;2;1;0;0
3/0169.png;2;1;0;0
3/0170.png;2;1;0;0
3/0171.png;2;1;0;0
3/0172.png;2;1;0;0
3/0173.png;2;1;0;0
3/0174.png;2;1;0;0
3/0175.png;2;1;0;0
3/0176.png;2;1;0;0
3/0177.png;2;1;0;0
3/0178.png;2;1;0;0
3/0179.png;2;1;0;0
3/0180.png;2;1;0;0
3/0181.png;2;1;0;0
3/0182.png;2;1;0;0
3/0183.png;2;1;0;0
3/0184.png;2;1;0;0
3/0185.png;2;1;0;0
3/0186.png;2;1;0;0
3/0187.png;2;1;0;0
3/0188.png;2;1;0;0
3/0189.png;2;1;0;0
3/0190.png;2;1;0;0
3/0191.png;2;1;0;0
3/0192.png;2;1;0;0
3/0193.png;2;1;0;0
3/0194.png;2;1;0;0
3/0195.png;2;1;0;0
3/0196.png;2;1;0;0
3/0197.png;2;1;0;0
3/0198.png;2;1;0;0
3/0199.png;2;1;0;0
3/0200.png;2;1;0;0
3/0201.png;2;1;0;0
3/0202.png;2;1;0;0
3/0203.png;2;1;0;0
3/0204.png;2;1;0;0
3/0205.png;2;1;0;0
3/0206.png;2;1;0;0
3/0207.png;2;1;0;0
3/0208.png;2;1;0;0
3/0209.png;2;1;0;0
3/0210.png;2;1;0;0
3/0211.png;2;1;0;0
3/0212.png;2;1;0;0
3/0213.png;2;1;0;0
3/0214.png;2;1;0;0
3/0215.png;2;1;0;0
3/0216.png;2;1;0;0
3/0217.png;2;1;0;0
3/0218.png;2;1;0;0
3/0219.png;2;1;0;0
3/0220.png;2;1;0;0
3/0221.png;2;1;0;0
3/0222.png;2;1;0;0
3/0223.png;2;1;0;0
3/0224.png;2;1;0;0
3/0225.png;2;1;0;0
3/0226.png;2;1;0;0
3/0227.png;2;1;0;0
3/0228.png;2;1;0;0
3/0229.png;2;1;0;0
3/0230.png;2;1;0;0
3/0231.png;2;1;0;0
3/0232.png;2;1;0;0
3/0233.png;2;1;0;0
3/0234.png;2;1;0;0
3/0235.png;2;1;0;0
3/0236.png;2;1;0;0
3/0237.png;2;1;0;0
3/0238.png;2;1;0;0
3/0239.png;2;1;0;0
3/0240.png;2;1;0;0
3/0241.png;2;1;0;0
3/0242.png;2;1;0;0
3/0243.png;2;1;0;0
3/0244.png;2;1;0;0
3/0245.png;2;1;0;0
3/0246.png;2;1;0;0
3/0247.png;2;1;0;0
3/0248.png;2;1;0;0
3/0249.png;2;1;0;0
3/0250.png;2;1;0;0
3/0251.png;2;1;0;0
3/0252.png;2;1;0;0
3/0253.png;2;1;0;0
3/0254.png;2;1;0;0
3/0255.png;2;1;0;0
3/0256.png;2;1;0;0
3/0257.png;2;1;0;0
3/0258.png;2;1;0;0
3/0259.png;2;1;0;0
3/0260.png;2;1;0;0
3/0261.png;2;1;0;0
3/0262.png;2;1;0;0
3/0263.png;2;1;0;0
3/0264.png;2;1;0;0
3/0265.png;2;1;0;0
3/0266.png;2;1;0;0
3/0267.png;2;1;0;0
3/0268.png;2;1;0;0
3/0269.png;2;1;0;0
3/0270.png;2;1;0;0
3/0271.png;2;1;0;0
3/0272.png;2;1;0;0
3/0273.png;2;1;0;0
3/0274.png;2;1;0;0
3/0275.png;2;1;0;0
3/0276.png;2;1;0;0
3/0277.png;2;1;0;0
3/0278.png;2;1;0;0
3/0279.png;2;1;0;0
3/0280.png;2;1;0;0
3/0281.png;2;1;0;0
3/0282.png;2;1;0;0
3/0283.png;2;1;0;0
3/0284.png;2;1;0;0
3/0285.png;2;1;0;0
3/0286.png;2;1;0;0
3/0287.png;2;1;0;0
3/0288.png;2;1;0;0
3/0289.png;2;1;0;0
3/0290.png;2;1;0;0
3/0291.png;2;1;0;0
3/0292.png;2;1;0;0
3/0293.png;2;1;0;0
3/0294.png;2;1;0;0
3/0295.png;2;1;0;0
3/0296.png;2;1;0;0
3/0297.png;2;1;0;0
3/0298.png;2;1;0;0
3/0299.png;2;1;0;0
3/0300.png;2;1;0;0
3/0301.png;2;1;0;0
3/0302.png;2;1;0;0
3/0303.png;2;1;0;0
3/0304.png;2;1;0;0
3/0305.png;2;1;0;0
3/0306.png;2;1;0;0
3/0307.png;2;1;0;0
3/0308.png;2;1;0;0
3/0309.png;2;1;0;0
3/0310.png;2;1;0;0
3/0311.png;2;1;0;0
3/0312.png;2;1;0;0
3/0313.png;2;1;0;0
3/0314.png;2;1;0;0
3/0315.png;2;1;0;0
3/0316.png;2;1;0;0
3/0317.png;2;1;0;0
3/0318.png;2;1;0;0
3/0319.png;2;1;0;0
3/0320.png;2;1;0;0
3/0321.png;2;1;0;0
3/0322.png;2;1;0;0
3/0323.png;2;1;0;0
3/0324.png;2;1;0;0
3/0325.png;2;1;0;0
3/0326.png;2;1;0;0
3/0327.png;2;1;0;0
3/0328.png;2;1;0;0
3/0329.png;2;1;0;0
3/0330.png;2;1;0;0
3/0331.png;2;1;0;0
3/0332.png;2;1;0;0
3/0333.png;2;1;0;0
3/0334.png;2;1;0;0
3/0335.png;2;1;0;0
3/0336.png;2;1;0;0
3/0337.png;2;1;0;0
3/0338.png;2;1;0;0
3/0339.png;2;1;0;0
3/0340.png;2;1;0;0
3/0341.png;2;1;0;0
3/0342.png;2;1;0;0
3/0343.png;2;1;0;0
3/0344.png;2;1;0;0
3/0345.png;2;1;0;0
3/0346.png;2;1;0;0
3/0347.png;2;1;0;0
3/0348.png;2;1;0;0
3/0349.png;2;1;0;0
3/0350.png;2;1;0;0
3/0351.png;2;1;0;0
3/0352.png;2;1;0;0
3/0353.png;2;1;0;0
3/0354.png;2;1;0;0
3/0355.png;2;1;0;0
3/0356.png;2;1;0;0
3/0357.png;2;1;0;0
3/0358.png;2;1;0;0
3/0359.png;2;1;0;0
3/0360.png;2;1;0;0
3/0361.png;2;1;0;0
3/0362.png;2;1;0;0
3/0363.png;2;1;0;0
3/0364.png;2;1;0;0
3/0365.png;2;1;0;0
3/0366.png;2;1;0;0
3/0367.png;2;1;0;0
3/0368.png;2;1;0;0
3/0369.png;2;1;0;0
3/0370.png;2;1;0;0
3/0371.png;2;1;0;0
3/0372.png;2;1;0;0
3/0373.png;2;1;0;0
3/0374.png;2;1;0;0
3/0375.png;2;1;0;0
3/0376.png;2;1;0;0
3/0377.png;2;1;0;0
3/0378.png;2;1;0;0
3/0379.png;2;1;0;0
3/0380.png;2;1;0;0
3/0381.png;2;1;0;0
3/0382.png;2;1;0;0
3/0383.png;2;1;0;0
3/0384.png;2;1;0;0
3/0385.png;2;1;0;0
3/0386.png;2;1;0;0
3/0387.png;2;1;0;0
3/0388.png;2;1;0;0
3/0389.png;2;1;0;0
3/0390.png;2;1;0;0
3/0391.png;2;1;0;0
3/0392.png;2;1;0;0
3/0393.png;2;1;0;0
3/0394.png;2;1;0;0
3/0395.png;2;1;0;0
3/0396.png;2;1;0;0
3/0397.png;2;1;0;0
3/0398.png;2;1;0;0
3/0399.png;2;1;0;0
3/0400.png;2;1;0;0
3/0401.png;2;1;0;0
3/0402.png;2;1;0;0
3/0403.png;2;1;0;0
3/0404.png;2;1;0;0
3/0405.png;2;1;0;0
3/0406.png;2;1;0;0
3/0407.png;2;1;0;0
3/0408.png;2;1;0;0
3/0409.png;2;1;0;0
3/0410.png;2;1;0;0
3/0411.png;2;1;0;0
3/0412.png;2;1;0;0
3/0413.png;2;1;0;0
3/0414.png;2;1;0;0
3/0415.png;2;1;0;0
3/0416.png;2;1;0;0
3/0417.png;2;1;0;0
3/0418.png;2;1;0;0
3/0419.png;2;1;0;0
3/0420.png;2;1;0;0
3/0421.png;2;1;0;0
3/0422.png;2;1;0;0
3/0423.png;2;1;0;0
3/0424.png;2;1;0;0
3/0425.png;2;1;0;0
3/0426.png;2;1;0;0
3/0427.png;2;1;0;0
3/0428.png;2;1;0;0
3/0429.png;2;1;0;0
3/0430.png;2;1;0;0
3/0431.png;2;1;0;0
3/0432.png;2;1;0;0
3/0433.png;2;1;0;0
3/0434.png;2;1;0;0
3/0435.png;2;1;0;0
3/0436.png;2;1;0;0
3/0437.png;2;1;0;0
3/0438.png;2;1;0;0
3/0439.png;2;1;0;0
3/0440.png;2;1;0;0
3/0441.png;2;1;0;0
3/0442.png;2;1;0;0
3/0443.png;2;1;0;0
3/0444.png;2;1;0;0
3/0445.png;2;1;0;0
3/0446.png;2;1;0;0
3/0447.png;2;1;0;0
3/0448.png;2;1;0;0
3/0449.png;2;1;0;0
3/0450.png;2;1;0;0
3/0451.png;2;1;0;0
3/0452.png;2;1;0;0
3/0453.png;2;1;0;0
3/0454.png;2;1;0;0
3/0455.png;2;1;0;0
3/0456.png;2;1;0;0
3/0457.png;2;1;0;0
3/0458.png;2;1;0;0
3/0459.png;2;1;0;0
3/0460.png;2;1;0;0
3/0461.png;2;1;0;0
3/0462.png;2;1;0;0
3/0463.png;2;1;0;0
3/0464.png;2;1;0;0
3/0465.png;2;1;0;0
3/0466.png;2;1;0;0
3/0467.png;2;1;0;0
3/0468.png;2;1;0;0
3/0469.png;2;1;0;0
3/0470.png;2;1;0;0
3/0471.png;2;1;0;0
3/0472.png;2;1;0;0
3/0473.png;2;1;0;0
3/0474.png;2;1;0;0
3/0475.png;2;1;0;0
3/0476.png;2;1;0;0
3/0477.png;2;1;0;0
3/0478.png;2;1;0;0
3/0479.png;2;1;0;0
3/0480.png;2;1;0;0
3/0481.png;2;1;0;0
3/0482.png;2;1;0;0
3/0483.png;2;1;0;0
3/0484.png;2;1;0;0
3/0485.png;2;1;0;0
3/0486.png;2;1;0;0
3/0487.png;2;1;0;0
3/0488.png;2;1;0;0
3/0489.png;2;1;0;0
3/0490.png;2;1;0;0
3/0491.png;2;1;0;0
3/0492.png;2;1;0;0
3/0493.png;2;1;0;0
3/0494.png;2;1;0;0
3/0495.png;2;1;0;0
3/0496.png;2;1;0;0
3/0497.png;2;1;0;0
3/0498.png;2;1;0;0
3/0499.png;2;1;0;0
3/0500.png;2;1;0;0
3/0501.png;2;1;0;0
3/0502.png;2;1;0;0
3/0503.png;2;1;0;0
3/0504.png;2;1;0;0
3/0505.png;2;1;0;0
3/0506.png;2;1;0;0
3/0507.png;2;1;0;0
3/0508.png;2;1;0;0
3/0509.png;2;1;0;0
3/0510.png;2;1;0;0
3/0511.png;2;1;0;0
3/0512.png;2;1;0;0
3/0513.png;2;1;0;0
3/0514.png;2;1;0;0
3/0515.png;2;1;0;0
3/0516.png;2;1;0;0
3/0517.png;2;1;0;0
3/0518.png;2;1;0;0
3/0519.png;2;1;0;0
3/0520.png;2;1;0;0
3/0521.png;2;1;0;0
3/0522.png;2;1;0;0
3/0523.png;2;1;0;0
3/0524.png;2;1;0;0
3/0525.png;2;1;0;0
3/0526.png;2;1;0;0
3/0527.png;2;1;0;0
3/0528.png;2;1;0;0
3/0529.png;2;1;0;0
3/0530.png;2;1;0;0
3/0531.png;2;1;0;0
3/0532.png;2;1;0;0
3/0533.png;2;1;0;0
3/0534.png;2;1;0;0
3/0535.png;2;1;0;0
3/0536.png;2;1;0;0
3/0537.png;2;1;0;0
3/0538.png;2;1;0;0
3/0539.png;2;1;0;0
3/0540.png;2;1;0;0
3/0541.png;2;1;0;0
3/0542.png;2;1;0;0
3/0543.png;2;1;0;0
3/0544.png;2;1;0;0
3/0545.png;2;1;0;0
3/0546.png;2;1;0;0
3/0547.png;2;1;0;0
3/0548.png;2;1;0;0
3/0549.png;2;1;0;0
3/0550.png;2;1;0;0
3/0551.png;2;1;0;0
3/0552.png;2;1;0;0
3/0553.png;2;1;0;0
3/0554.png;2;1;0;0
3/0555.png;2;1;0;0
3/0556.png;2;1;0;0
3/0557.png;2;1;0;0
3/0558.png;2;1;0;0
3/0559.png;2;1;0;0
3/0560.png;2;1;0;0
3/0561.png;2;1;0;0
3/0562.png;2;1;0;0
3/0563.png;2;1;0;0
3/0564.png;2;1;0;0
3/0565.png;2;1;0;0
3/0566.png;2;1;0;0
3/0567.png;2;1;0;0
3/0568.png;2;1;0;0
3/0569.png;2;1;0;0
3/0570.png;2;1;0;0
3/0571.png;2;1;0;0
3/0572.png;2;1;0;0
3/0573.png;2;1;0;0
3/0574.png;2;1;0;0
3/0575.png;2;1;0;0
3/0576.png;2;1;0;0
3/0577.png;2;1;0;0
3/0578.png;2;1;0;0
3/0579.png;2;1;0;0
3/0580.png;2;1;0;0
3/0581.png;2;1;0;0
3/0582.png;2;1;0;0
3/0583.png;2;1;0;0
3/0584.png;2;1;0;0
3/0585.png;2;1;0;0
3/0586.png;2;1;0;0
3/0587.png;2;1;0;0
3/0588.png;2;1;0;0
3/0589.png;2;1;0;0
3/0590.png;2;1;0;0
3/0591.png;2;1;0;0
3/0592.png;2;1;0;0
3/0593.png;2;1;0;0
3/0594.png;2;1;0;0
3/0595.png;2;1;0;0
3/0596.png;2;1;0;0
3/0597.png;2;1;0;0
3/0598.png;2;1;0;0
3/0599.png;2;1;0;0
3/0600.png;2;1;0;0
3/0601.png;2;1;0;0
3/0602.png;2;1;0;0
3/0603.png;2;1;0;0
3/0604.png;2;1;0;0
3/0605.png;2;1;0;0
3/0606.png;2;1;0;0
3/0607.png;2;1;0;0
3/0608.png;2;1;0;0
3/0609.png;2;1;0;0
3/0610.png;2;1;0;0
3/0611.png;2;1;0;0
3/0612.png;2;1;0;0
3/0613.png;2;1;0;0
3/0614.png;2;1;0;0
3/0615.png;2;1;0;0
3/0616.png;2;1;0;0
3/0617.png;2;1;0;0
3/0618.png;2;1;0;0
3/0619.png;2;1;0;0
3/0620.png;2;1;0;0
3/0621.png;2;1;0;0
3/0622.png;2;1;0;0
3/0623.png;2;1;0;0
3/0624.png;2;1;0;0
3/0625.png;2;1;0;0
3/0626.png;2;1;0;0
3/0627.png;2;1;0;0
3/0628.png;2;1;0;0
3/0629.png;2;1;0;0
3/0630.png;2;1;0;0
3/0631.png;2;1;0;0
3/0632.png;2;1;0;0
3/0633.png;2;1;0;0
3/0634.png;2;1;0;0
3/0635.png;2;1;0;0
3/0636.png;2;1;0;0
3/0637.png;2;1;0;0
3/0638.png;2;1;0;0
3/0639.png;2;1;0;0
3/0640.png;2;1;0;0
3/0641.png;2;1;0;0
3/0642.png;2;1;0;0
3/0643.png;2;1;0;0
3/0644.png;2;1;0;0
3/0645.png;2;1;0;0
3/0646.png;2;1;0;0
3/0647.png;2;1;0;0
3/0648.png;2;1;0;0
3/0649.png;2;1;0;0
3/0650.png;2;1;0;0
3/0651.png;2;1;0;0
3/0652.png;2;1;0;0
3/0653.png;2;1;0;0
3/0654.png;2;1;0;0
3/0655.png;2;1;0;0
3/0656.png;2;1;0;0
3/0657.png;2;1;0;0
3/0658.png;2;1;0;0
3/0659.png;2;1;0;0
3/0660.png;2;1;0;0
3/0661.png;2;1;0;0
3/0662.png;2;1;0;0
3/0663.png;2;1;0;0
3/0664.png;2;1;0;0
3/0665.png;2;1;0;0
3/0666.png;2;1;0;0
3/0667.png;2;1;0;0
3/0668.png;2;1;0;0
3/0669.png;2;1;0;0
3/0670.png;2;1;0;0
3/0671.png;2;1;0;0
3/0672.png;2;1;0;0
3/0673.png;2;1;0;0
3/0674.png;2;1;0;0
3/0675.png;2;1;0;0
3/0676.png;2;1;0;0
3/0677.png;2;1;0;0
3/0678.png;2;1;0;0
3/0679.png;2;1;0;0
3/0680.png;2;1;0;0
3/0681.png;2;1;0;0
3/0682.png;2;1;0;0
3/0683.png;2;1;0;0
3/0684.png;2;1;0;0
3/0685.png;2;1;0;0
3/0686.png;2;1;0;0
3/0687.png;2;1;0;0
3/0688.png;2;1;0;0
3/0689.png;2;1;0;0
3/0690.png;2;1;0;0
3/0691.png;2;1;0;0
3/0692.png;2;1;0;0
3/0693.png;2;1;0;0
3/0694.png;2;1;0;0
3/0695.png;2;1;0;0
3/0696.png;2;1;0;0
3/0697.png;2;1;0;0
3/0698.png;2;1;0;0
3/0699.png;2;1;0;0
3/0700.png;2;1;0;0
3/0701.png;2;1;0;0
3/0702.png;2;1;0;0
3/0703.png;2;1;0;0
3/0704.png;2;1;0;0
3/0705.png;2;1;0;0
3/0706.png;2;1;0;0
3/0707.png;2;1;0;0
3/0708.png;2;1;0;0
3/0709.png;2;1;0;0
3/0710.png;2;1;0;0
3/0711.png;2;1;0;0
3/0712.png;2;1;0;0
3/0713.png;2;1;0;0
3/0714.png;2;1;0;0
3/0715.png;2;1;0;0
3/0716.png;2;1;0;0
3/0717.png;2;1;0;0
3/0718.png;2;1;0;0
3/0719.png;2;1;0;0
3/0720.png;2;1;0;0
3/0721.png;2;1;0;0
3/0722.png;2;1;0;0
3/0723.png;2;1;0;0
3/0724.png;2;1;0;0
3/0725.png;2;1;0;0
3/0726.png;2;1;0;0
3/0727.png;2;1;0;0
3/0728.png;2;1;0;0
3/0729.png;2;1;0;0
3/0730.png;2;1;0;0
3/0731.png;2;1;0;0
3/0732.png;2;1;0;0
3/0733.png;2;1;0;0
3/0734.png;2;1;0;0
3/0735.png;2;1;0;0
3/0736.png;2;1;0;0
3/0737.png;2;1;0;0
3/0738.png;2;1;0;0
3/0739.png;2;1;0;0
3/0740.png;2;1;0;0
3/0741.png;2;1;0;0
3/0742.png;2;1;0;0
3/0743.png;2;1;0;0
3/0744.png;2;1;0;0
3/0745.png;2;1;0;0
3/0746.png;2;1;0;0
3/0747.png;2;1;0;0
3/0748.png;2;1;0;0
3/0749.png;2;1;0;0
3/0750.png;2;1;0;0
3/0751.png;2;1;0;0
3/0752.png;2;1;0;0
3/0753.png;2;1;0;0
3/0754.png;2;1;0;0
3/0755.png;2;1;0;0
3/0756.png;2;1;0;0
3/0757.png;2;1;0;0
3/0758.png;2;1;0;0
3/0759.png;2;1;0;0
3/0760.png;2;1;0;0
3/0761.png;2;1;0;0
3/0762.png;2;1;0;0
3/0763.png;2;1;0;0
3/0764.png;2;1;0;0
3/0765.png;2;1;0;0
3/0766.png;2;1;0;0
3/0767.png;2;1;0;0
3/0768.png;2;1;0;0
3/0769.png;2;1;0;0
3/0770.png;2;1;0;0
3/0771.png;2;1;0;0
3/0772.png;2;1;0;0
3/0773.png;2;1;0;0
3/0774.png;2;1;0;0
3/0775.png;2;1;0;0
3/0776.png;2;1;0;0
3/0777.png;2;1;0;0
3/0778.png;2;1;0;0
3/0779.png;2;1;0;0
3/0780.png;2;1;0;0
3/0781.png;2;1;0;0
3/0782.png;2;1;0;0
3/0783.png;2;1;0;0
3/0784.png;2;1;0;0
3/0785.png;2;1;0;0
3/0786.png;2;1;0;0
3/0787.png;2;1;0;0
3/0788.png;2;1;0;0
3/0789.png;2;1;0;0
3/0790.png;2;1;0;0
3/0791.png;2;1;0;0
3/0792.png;2;1;0;0
3/0793.png;2;1;0;0
3/0794.png;2;1;0;0
3/0795.png;2;1;0;0
3/0796.png;2;1;0;0
3/0797.png;2;1;0;0
3/0798.png;2;1;0;0
3/0799.png;2;1;0;0
3/0800.png;2;1;0;0
3/0801.png;2;1;0;0
3/0802.png;2;1;0;0
3/0803.png;2;1;0;0
3/0804.png;2;1;0;0
3/0805.png;2;1;0;0
3/0806.png;2;1;0;0
3/0807.png;2;1;0;0
3/0808.png;2;1;0;0
3/0809.png;2;1;0;0
3/0810.png;2;1;0;0
3/0811.png;2;1;0;0
3/0812.png;2;1;0;0
3/0813.png;2;1;0;0
3/0814.png;2;1;0;0
3/0815.png;2;1;0;0
3/0816.png;2;1;0;0
3/0817.png;2;1;0;0
3/0818.png;2;1;0;0
3/0819.png;2;1;0;0
3/0820.png;2;1;0;0
3/0821.png;2;1;0;0
3/0822.png;2;1;0;0
3/0823.png;2;1;0;0
3/0824.png;2;1;0;0
3/0825.png;2;1;0;0
3/0826.png;2;1;0;0
3/0827.png;2;1;0;0
3/0828.png;2;1;0;0
3/0829.png;2;1;0;0
3/0830.png;2;1;0;0
3/0831.png;2;1;0;0
3/0832.png;2;1;0;0
3/0833.png;2;1;0;0
3/0834.png;2;1;0;0
3/0835.png;2;1;0;0
3/0836.png;2;1;0;0
3/0837.png;2;1;0;0
3/0838.png;2;1;0;0
3/0839.png;2;1;0;0
3/0840.png;2;1;0;0
3/0841.png;2;1;0;0
3/0842.png;2;1;0;0
3/0843.png;2;1;0;0
3/0844.png;2;1;0;0
3/0845.png;2;1;0;0
3/0846.png;2;1;0;0
3/0847.png;2;1;0;0
3/0848.png;2;1;0;0
3/0849.png;2;1;0;0
3/0850.png;2;1;0;0
3/0851.png;2;1;0;0
3/0852.png;2;1;0;0
3/0853.png;2;1;0;0
3/0854.png;2;1;0;0
3/0855.png;2;1;0;0
3/0856.png;2;1;0;0
3/0857.png;2;1;0;0
3/0858.png;2;1;0;0
3/0859.png;2;1;0;0
3/0860.png;2;1;0;0
3/0861.png;2;1;0;0
3/0862.png;2;1;0;0
3/0863.png;2;1;0;0
3/0864.png;2;1;0;0
3/0865.png;2;1;0;0
3/0866.png;2;1;0;0
3/0867.png;2;1;0;0
3/0868.png;2;1;0;0
3/0869.png;2;1;0;0
3/0870.png;2;1;0;0
3/0871.png;2;1;0;0
3/0872.png;2;1;0;0
3/0873.png;2;1;0;0
3/0874.png;2;1;0;0
3/0875.png;2;1;0;0
3/0876.png;2;1;0;0
3/0877.png;2;1;0;0
3/0878.png;2;1;0;0
3/0879.png;2;1;0;0
3/0880.png;2;1;0;0
3/0881.png;2;1;0;0
3/0882.png;2;1;0;0
3/0883.png;2;1;0;0
3/0884.png;2;1;0;0
3/0885.png;2;1;0;0
3/0886.png;2;1;0;0
3/0887.png;2;1;0;0
3/0888.png;2;1;0;0
3/0889.png;2;1;0;0
3/0890.png;2;1;0;0
3/0891.png;2;1;0;0
3/0892.png;2;1;0;0
3/0893.png;2;1;0;0
3/0894.png;2;1;0;0
3/0895.png;2;1;0;0
3/0896.png;2;1;0;0
3/0897.png;2;1;0;0
3/0898.png;2;1;0;0
3/0899.png;2;1;0;0
3/0900.png;2;1;0;0
3/0901.png;2;1;0;0
3/0902.png;2;1;0;0
3/0903.png;2;1;0;0
3/0904.png;2;1;0;0
3/0905.png;2;1;0;0
3/0906.png;2;1;0;0
3/0907.png;2;1;0;0
3/0908.png;2;1;0;0
3/0909.png;2;1;0;0
3/0910.png;2;1;0;0
3/0911.png;2;1;0;0
3/0912.png;2;1;0;0
3/0913.png;2;1;0;0
3/0914.png;2;1;0;0
3/0915.png;2;1;0;0
3/0916.png;2;1;0;0
3/0917.png;2;1;0;0
3/0918.png;2;1;0;0
3/0919.png;2;1;0;0
3/0920.png;2;1;0;0
3/0921.png;2;1;0;0
3/0922.png;2;1;0;0
3/0923.png;2;1;0;0
3/0924.png;2;1;0;0
3/0925.png;2;1;0;0
3/0926.png;2;1;0;0
3/0927.png;2;1;0;0
3/0928.png;2;1;0;0
3/0929.png;2;1;0;0
3/0930.png;2;1;0;0
3/0931.png;2;1;0;0
3/0932.png;2;1;0;0
3/0933.png;2;1;0;0
3/0934.png;2;1;0;0
3/0935.png;2;1;0;0
3/0936.png;2;1;0;0
3/0937.png;2;1;0;0
3/0938.png;2;1;0;0
3/0939.png;2;1;0;0
3/0940.png;2;1;0;0
3/0941.png;2;1;0;0
3/0942.png;2;1;0;0
3/0943.png;2;1;0;0
3/0944.png;2;1;0;0
3/0945.png;2;1;0;0
3/0946.png;2;1;0;0
3/0947.png;2;1;0;0
3/0948.png;2;1;0;0
3/0949.png;2;1;0;0
3/0950.png;2;1;0;0
3/0951.png;2;1;0;0
3/0952.png;2;1;0;0
3/0953.png;2;1;0;0
3/0954.png;2;1;0;0
3/0955.png;2;1;0;0
3/0956.png;2;1;0;0
3/0957.png;2;1;0;0
3/0958.png;2;1;0;0
3/0959.png;2;1;0;0
3/0960.png;2;1;0;0
3/0961.png;2;1;0;0
3/0962.png;2;1;0;0
3/0963.png;2;1;0;0
3/0964.png;2;1;0;0
3/0965.png;2;1;0;0
3/0966.png;2;1;0;0
3/0967.png;2;1;0;0
3/0968.png;2;1;0;0
3/0969.png;2;1;0;0
3/0970.png;2;1;0;0
3/0971.png;2;1;0;0
3/0972.png;2;1;0;0
3/0973.png;2;1;0;0
3/0974.png;2;1;0;0
3/0975.png;2;1;0;0
3/0976.png;2;1;0;0
3/0977.png;2;1;0;0
3/0978.png;2;1;0;0
3/0979.png;2;1;0;0
3/0980.png;2;1;0;0
3/0981.png;2;1;0;0
3/0982.png;2;1;0;0
3/0983.png;2;1;0;0
3/0984.png;2;1;0;0
3/0985.png;2;1;0;0
3/0986.png;2;1;0;0
3/0987.png;2;1;0;0
3/0988.png;2;1;0;0
3/0989.png;2;1;0;0
3/0990.png;2;1;0;0
3/0991.png;2;1;0;0
3/0992.png;2;1;0;0
3/0993.png;2;1;0;0
3/0994.png;2;1;0;0
3/0995.png;2;1;0;0
3/0996.png;2;1;0;0
3/0997.png;2;1;0;0
3/0998.png;2;1;0;0
3/0999.png;2;1;0;0
3/1000.png;2;1;0;0
3/1001.png;2;1;0;0
3/1002.png;2;1;0;0
3/1003.png;2;1;0;0
3/1004.png;2;1;0;0
3/1005.png;2;1;0;0
3/1006.png;2;1;0;0
3/1007.png;2;1;0;0
3/1008.png;2;1;0;0
3/1009.png;2;1;0;0
3/1010.png;2;1;0;0
3/1011.png;2;1;0;0
3/1012.png;2;1;0;0
3/1013.png;2;1;0;0
3/1014.png;2;1;0;0
3/1015.png;2;1;0;0
3/1016.png;2;1;0;0
3/1017.png;2;1;0;0
3/1018.png;2;1;0;0
3/1019.png;2;1;0;0
3/1020.png;2;1;0;0
3/1021.png;2;1;0;0
3/1022.png;2;1;0;0
3/1023.png;2;1;0;0
3/1024.png;2;1;0;0
3/1025.png;2;1;0;0
3/1026.png;2;1;0;0
3/1027.png;2;1;0;0
3/1028.png;2;1;0;0
3/1029.png;2;1;0;0
3/1030.png;2;1;0;0
3/1031.png;2;1;0;0
3/1032.png;2;1;0;0
3/1033.png;2;1;0;0
3/1034.png;2;1;0;0
3/1035.png;2;1;0;0
3/1036.png;2;1;0;0
3/1037.png;2;1;0;0
3/1038.png;2;1;0;0
3/1039.png;2;1;0;0
3/1040.png;2;1;0;0
3/1041.png;2;1;0;0
3/1042.png;2;1;0;0
3/1043.png;2;1;0;0
3/1044.png;2;1;0;0
3/1045.png;2;1;0;0
3/1046.png;2;1;0;0
3/1047.png;2;1;0;0
3/1048.png;2;1;0;0
3/1049.png;2;1;0;0
3/1050.png;2;1;0;0
3/1051.png;2;1;0;0
3/1052.png;2;1;0;0
3/1053.png;2;1;0;0
3/1054.png;2;1;0;0
3/1055.png;2;1;0;0
3/1056.png;2;1;0;0
3/1057.png;2;1;0;0
3/1058.png;2;1;0;0
3/1059.png;2;1;0;0
3/1060.png;2;1;0;0
3/1061.png;2;1;0;0
3/1062.png;2;1;0;0
3/1063.png;2;1;0;0
3/1064.png;2;1;0;0
3/1065.png;2;1;0;0
3/1066.png;2;1;0;0
3/1067.png;2;1;0;0
3/1068.png;2;1;0;0
3/1069.png;2;1;0;0
3/1070.png;2;1;0;0
3/1071.png;2;1;0;0
3/1072.png;2;1;0;0
3/1073.png;2;1;0;0
3/1074.png;2;1;0;0
3/1075.png;2;1;0;0
3/1076.png;2;1;0;0
3/1077.png;2;1;0;0
3/1078.png;2;1;0;0
3/1079.png;2;1;0;0
3/1080.png;2;1;0;0
3/1081.png;2;1;0;0
3/1082.png;2;1;0;0
3/1083.png;2;1;0;0
3/1084.png;2;1;0;0
3/1085.png;2;1;0;0
3/1086.png;2;1;0;0
3/1087.png;2;1;0;0
3/1088.png;2;1;0;0
3/1089.png;2;1;0;0
3/1090.png;2;1;0;0
3/1091.png;2;1;0;0
3/1092.png;2;1;0;0
3/1093.png;2;1;0;0
3/1094.png;2;1;0;0
3/1095.png;2;1;0;0
3/1096.png;2;1;0;0
3/1097.png;2;1;0;0
3/1098.png;2;1;0;0
3/1099.png;2;1;0;0
3/1100.png;2;1;0;0
3/1101.png;2;1;0;0
3/1102.png;2;1;0;0
3/1103.png;2;1;0;0
3/1104.png;2;1;0;0
3/1105.png;2;1;0;0
3/1106.png;2;1;0;0
3/1107.png;2;1;0;0
3/1108.png;2;1;0;0
3/1109.png;2;1;0;0
3/1110.png;2;1;0;0
3/1111.png;2;1;0;0
3/1112.png;2;1;0;0
3/1113.png;2;1;0;0
3/1114.png;2;1;0;0
3/1115.png;2;1;0;0
3/1116.png;2;1;0;0
3/1117.png;2;1;0;0
3/1118.png;2;1;0;0
3/1119.png;2;1;0;0
3/1120.png;2;1;0;0
3/1121.png;2;1;0;0
3/1122.png;2;1;0;0
3/1123.png;2;1;0;0
3/1124.png;2;1;0;0
3/1125.png;2;1;0;0
3/1126.png;2;1;0;0
3/1127.png;2;1;0;0
3/1128.png;2;1;0;0
3/1129.png;2;1;0;0
3/1130.png;2;1;0;0
3/1131.png;2;1;0;0
3/1132.png;2;1;0;0
3/1133.png;2;1;0;0
3/1134.png;2;1;0;0
3/1135.png;2;1;0;0
3/1136.png;2;1;0;0
3/1137.png;2;1;0;0
3/1138.png;2;1;0;0
3/1139.png;2;1;0;0
3/1140.png;2;1;0;0
3/1141.png;2;1;0;0
3/1142.png;2;1;0;0
3/1143.png;2;1;0;0
3/1144.png;2;1;0;0
3/1145.png;2;1;0;0
3/1146.png;2;1;0;0
3/1147.png;2;1;0;0
3/1148.png;2;1;0;0
3/1149.png;2;1;0;0
3/1150.png;2;1;0;0
3/1151.png;2;1;0;0
3/1152.png;2;1;0;0
3/1153.png;2;1;0;0
3/1154.png;2;1;0;0
3/1155.png;2;1;0;0
3/1156.png;2;1;0;0
3/1157.png;2;1;0;0
3/1158.png;2;1;0;0
3/1159.png;2;1;0;0
3/1160.png;2;1;0;0
3/1161.png;2;1;0;0
3/1162.png;2;1;0;0
3/1163.png;2;1;0;0
3/1164.png;2;1;0;0
3/1165.png;2;1;0;0
3/1166.png;2;1;0;0
3/1167.png;2;1;0;0
3/1168.png;2;1;0;0
3/1169.png;2;1;0;0
3/1170.png;2;1;0;0
3/1171.png;2;1;0;0
3/1172.png;2;1;0;0
3/1173.png;2;1;0;0
3/1174.png;2;1;0;0
3/1175.png;2;1;0;0
3/1176.png;2;1;0;0
3/1177.png;2;1;0;0
3/1178.png;2;1;0;0
3/1179.png;2;1;0;0
3/1180.png;2;1;0;0
3/1181.png;2;1;0;0
3/1182.png;2;1;0;0
3/1183.png;2;1;0;0
3/1184.png;2;1;0;0
3/1185.png;2;1;0;0
3/1186.png;2;1;0;0
3/1187.png;2;1;0;0
3/1188.png;2;1;0;0
3/1189.png;2;1;0;0
3/1190.png;2;1;0;0
3/1191.png;2;1;0;0
3/1192.png;2;1;0;0
3/1193.png;2;1;0;0
3/1194.png;2;1;0;0
3/1195.png;2;1;0;0
3/1196.png;2;1;0;0
3/1197.png;2;1;0;0
3/1198.png;2;1;0;0
3/1199.png;2;1;0;0
3/1200.png;2;1;0;0
3/1201.png;2;1;0;0
3/1202.png;2;1;0;0
3/1203.png;2;1;0;0
3/1204.png;2;1;0;0
3/1205.png;2;1;0;0
3/1206.png;2;1;0;0
3/1207.png;2;1;0;0
3/1208.png;2;1;0;0
3/1209.png;2;1;0;0
3/1210.png;2;1;0;0
3/1211.png;2;1;0;0
3/1212.png;2;1;0;0
3/1213.png;2;1;0;0
3/1214.png;2;1;0;0
3/1215.png;2;1;0;0
3/1216.png;2;1;0;0
3/1217.png;2;1;0;0
3/1218.png;2;1;0;0
3/1219.png;2;1;0;0
3/1220.png;2;1;0;0
3/1221.png;2;1;0;0
3/1222.png;2;1;0;0
3/1223.png;2;1;0;0
3/1224.png;2;1;0;0
3/1225.png;2;1;0;0
3/1226.png;2;1;0;0
3/1227.png;2;1;0;0
3/1228.png;2;1;0;0
3/1229.png;2;1;0;0
3/1230.png;2;1;0;0
3/1231.png;2;1;0;0
3/1232.png;2;1;0;0
3/1233.png;2;1;0;0
3/1234.png;2;1;0;0
3/1235.png;2;1;0;0
3/1236.png;2;1;0;0
3/1237.png;2;1;0;0
3/1238.png;2;1;0;0
3/1239.png;2;1;0;0
3/1240.png;2;1;0;0
3/1241.png;2;1;0;0
3/1242.png;2;1;0;0
3/1243.png;2;1;0;0
3/1244.png;2;1;0;0
3/1245.png;2;1;0;0
3/1246.png;2;1;0;0
3/1247.png;2;1;0;0
3/1248.png;2;1;0;0
3/1249.png;2;1;0;0
3/1250.png;2;1;0;0
3/1251.png;2;1;0;0
3/1252.png;2;1;0;0
3/1253.png;2;1;0;0
3/1254.png;2;1;0;0
3/1255.png;2;1;0;0
3/1256.png;2;1;0;0
3/1257.png;2;1;0;0
3/1258.png;2;1;0;0
3/1259.png;2;1;0;0
3/1260.png;2;1;0;0
3/1261.png;2;1;0;0
3/1262.png;2;1;0;0
3/1263.png;2;1;0;0
3/1264.png;2;1;0;0
3/1265.png;2;1;0;0
3/1266.png;2;1;0;0
3/1267.png;2;1;0;0
3/1268.png;2;1;0;0
3/1269.png;2;1;0;0
3/1270.png;2;1;0;0
3/1271.png;2;1;0;0
3/1272.png;2;1;0;0
3/1273.png;2;1;0;0
3/1274.png;2;1;0;0
3/1275.png;2;1;0;0
3/1276.png;2;1;0;0
3/1277.png;2;1;0;0
3/1278.png;2;1;0;0
3/1279.png;2;1;0;0
3/1280.png;2;1;0;0
3/1281.png;2;1;0;0
3/1282.png;2;1;0;0
3/1283.png;2;1;0;0
3/1284.png;2;1;0;0
3/1285.png;2;1;0;0
3/1286.png;2;1;0;0
3/1287.png;2;1;0;0
3/1288.png;2;1;0;0
3/1289.png;2;1;0;0
3/1290.png;2;1;0;0
3/1291.png;2;1;0;0
3/1292.png;2;1;0;0
3/1293.png;2;1;0;0
3/1294.png;2;1;0;0
3/1295.png;2;1;0;0
3/1296.png;2;1;0;0
3/1297.png;2;1;0;0
3/1298.png;2;1;0;0
3/1299.png;2;1;0;0
3/1300.png;2;1;0;0
3/1301.png;2;1;0;0
3/1302.png;2;1;0;0
3/1303.png;2;1;0;0
3/1304.png;2;1;0;0
3/1305.png;2;1;0;0
3/1306.png;2;1;0;0
3/1307.png;2;1;0;0
3/1308.png;2;1;0;0
3/1309.png;2;1;0;0
3/1310.png;2;1;0;0
3/1311.png;2;1;0;0
3/1312.png;2;1;0;0
3/1313.png;2;1;0;0
3/1314.png;2;1;0;0
3/1315.png;2;1;0;0
3/1316.png;2;1;0;0
3/1317.png;2;1;0;0
3/1318.png;2;1;0;0
3/1319.png;2;1;0;0
3/1320.png;2;1;0;0
3/1321.png;2;1;0;0
3/1322.png;2;1;0;0
3/1323.png;2;1;0;0
3/1324.png;2;1;0;0
3/1325.png;2;1;0;0
3/1326.png;2;1;0;0
3/1327.png;2;1;0;0
3/1328.png;2;1;0;0
3/1329.png;2;1;0;0
3/1330.png;2;1;0;0
3/1331.png;2;1;0;0
3/1332.png;2;1;0;0
3/1333.png;2;1;0;0
3/1334.png;2;1;0;0
3/1335.png;2;1;0;0
3/1336.png;2;1;0;0
3/1337.png;2;1;0;0
3/1338.png;2;1;0;0
3/1339.png;2;1;0;0
3/1340.png;2;1;0;0
3/1341.png;2;1;0;0
3/1342.png;2;1;0;0
3/1343.png;2;1;0;0
3/1344.png;2;1;0;0
3/1345.png;2;1;0;0
3/1346.png;2;1;0;0
3/1347.png;2;1;0;0
3/1348.png;2;1;0;0
3/1349.png;2;1;0;0
3/1350.png;2;1;0;0
3/1351.png;2;1;0;0
3/1352.png;2;1;0;0
3/1353.png;2;1;0;0
3/1354.png;2;1;0;0
3/1355.png;2;1;0;0
3/1356.png;2;1;0;0
3/1357.png;2;1;0;0
3/1358.png;2;1;0;0
3/1359.png;2;1;0;0
3/1360.png;2;1;0;0
3/1361.png;2;1;0;0
3/1362.png;2;1;0;0
3/1363.png;2;1;0;0
3/1364.png;2;1;0;0
3/1365.png;2;1;0;0
3/1366.png;2;1;0;0
3/1367.png;2;1;0;0
3/1368.png;2;1;0;0
3/1369.png;2;1;0;0
3/1370.png;2;1;0;0
3/1371.png;2;1;0;0
3/1372.png;2;1;0;0
3/1373.png;2;1;0;0
3/1374.png;2;1;0;0
3/1375.png;2;1;0;0
3/1376.png;2;1;0;0
3/1377.png;2;1;0;0
3/1378.png;2;1;0;0
3/1379.png;2;1;0;0
3/1380.png;2;1;0;0
3/1381.png;2;1;0;0
3/1382.png;2;1;0;0
3/1383.png;2;1;0;0
3/1384.png;2;1;0;0
3/1385.png;2;1;0;0
3/1386.png;2;1;0;0
3/1387.png;2;1;0;0
3/1388.png;2;1;0;0
3/1389.png;2;1;0;0
3/1390.png;2;1;0;0
3/1391.png;2;1;0;0
3/1392.png;2;1;0;0
3/1393.png;2;1;0;0
3/1394.png;2;1;0;0
3/1395.png;2;1;0;0
3/1396.png;2;1;0;0
3/1397.png;2;1;0;0
3/1398.png;2;1;0;0
3/1399.png;2;1;0;0
3/1400.png;2;1;0;0
3/1401.png;2;1;0;0
3/1402.png;2;1;0;0
3/1403.png;2;1;0;0
3/1404.png;2;1;0;0
3/1405.png;2;1;0;0
3/1406.png;2;1;0;0
3/1407.png;2;1;0;0
3/1408.png;2;1;0;0
3/1409.png;2;1;0;0
3/1410.png;2;1;0;0
3/1411.png;2;1;0;0
3/1412.png;2;1;0;0
3/1413.png;2;1;0;0
3/1414.png;2;1;0;0
3/1415.png;2;1;0;0
3/1416.png;2;1;0;0
3/1417.png;2;1;0;0
3/1418.png;2;1;0;0
3/1419.png;2;1;0;0
3/1420.png;2;1;0;0
3/1421.png;2;1;0;0
3/1422.png;2;1;0;0
3/1423.png;2;1;0;0
3/1424.png;2;1;0;0
3/1425.png;2;1;0;0
3/1426.png;2;1;0;0
3/1427.png;2;1;0;0
3/1428.png;2;1;0;0
3/1429.png;2;1;0;0
3/1430.png;2;1;0;0
3/1431.png;2;1;0;0
3/1432.png;2;1;0;0
3/1433.png;2;1;0;0
3/1434.png;2;1;0;0
3/1435.png;2;1;0;0
3/1436.png;2;1;0;0
3/1437.png;2;1;0;0
3/1438.png;2;1;0;0
3/1439.png;2;1;0;0
3/1440.png;2;1;0;0
3/1441.png;2;1;0;0
3/1442.png;2;1;0;0
3/1443.png;2;1;0;0
3/1444.png;2;1;0;0
3/1445.png;2;1;0;0
3/1446.png;2;1;0;0
3/1447.png;2;1;0;0
3/1448.png;2;1;0;0
3/1449.png;2;1;0;0
3/1450.png;2;1;0;0
3/1451.png;2;1;0;0
3/1452.png;2;1;0;0
3/1453.png;2;1;0;0
3/1454.png;2;1;0;0
3/1455.png;2;1;0;0
3/1456.png;2;1;0;0
3/1457.png;2;1;0;0
3/1458.png;2;1;0;0
3/1459.png;2;1;0;0
3/1460.png;2;1;0;0
3/1461.png;2;1;0;0
3/1462.png;2;1;0;0
3/1463.png;2;1;0;0
3/1464.png;2;1;0;0
3/1465.png;2;1;0;0
3/1466.png;2;1;0;0
3/1467.png;2;1;0;0
3/1468.png;2;1;0;0
3/1469.png;2;1;0;0
3/1470.png;2;1;0;0
3/1471.png;2;1;0;0
3/1472.png;2;1;0;0
3/1473.png;2;1;0;0
3/1474.png;2;1;0;0
3/1475.png;2;1;0;0
3/1476.png;2;1;0;0
3/1477.png;2;1;0;0
3/1478.png;2;1;0;0
3/1479.png;2;1;0;0
3/1480.png;2;1;0;0
3/1481.png;2;1;0;0
3/1482.png;2;1;0;0
3/1483.png;2;1;0;0
3/1484.png;2;1;0;0
3/1485.png;2;1;0;0
3/1486.png;2;1;0;0
3/1487.png;2;1;0;0
3/1488.png;2;1;0;0
3/1489.png;2;1;0;0
3/1490.png;2;1;0;0
3/1491.png;2;1;0;0
3/1492.png;2;1;0;0
3/1493.png;2;1;0;0
3/1494.png;2;1;0;0
3/1495.png;2;1;0;0
3/1496.png;2;1;0;0
3/1497.png;2;1;0;0
3/1498.png;2;1;0;0
3/1499.png;2;1;0;0
3/1500.png;2;1;0;0
3/1501.png;2;1;0;0
3/1502.png;2;1;0;0
3/1503.png;2;1;0;0
3/1504.png;2;1;0;0
3/1505.png;2;1;0;0
3/1506.png;2;1;0;0
3/1507.png;2;1;0;0
3/1508.png;2;1;0;0
3/1509.png;2;1;0;0
3/1510.png;2;1;0;0
3/1511.png;2;1;0;0
3/1512.png;2;1;0;0
3/1513.png;2;1;0;0
3/1514.png;2;1;0;0
3/1515.png;2;1;0;0
3/1516.png;2;1;0;0
3/1517.png;2;1;0;0
3/1518.png;2;1;0;0
3/1519.png;2;1;0;0
3/1520.png;2;1;0;0
3/1521.png;2;1;0;0
3/1522.png;2;1;0;0
3/1523.png;2;1;0;0
3/1524.png;2;1;0;0
3/1525.png;2;1;0;0
3/1526.png;2;1;0;0
3/1527.png;2;1;0;0
3/1528.png;2;1;0;0
3/1529.png;2;1;0;0
3/1530.png;2;1;0;0
3/1531.png;2;1;0;0
3/1532.png;2;1;0;0
3/1533.png;2;1;0;0
3/1534.png;2;1;0;0
3/1535.png;2;1;0;0
3/1536.png;2;1;0;0
3/1537.png;2;1;0;0
3/1538.png;2;1;0;0
3/1539.png;2;1;0;0
3/1540.png;2;1;0;0
3/1541.png;2;1;0;0
3/1542.png;2;1;0;0
3/1543.png;2;1;0;0
3/1544.png;2;1;0;0
3/1545.png;2;1;0;0
3/1546.png;2;1;0;0
3/1547.png;2;1;0;0
3/1548.png;2;1;0;0
3/1549.png;2;1;0;0
3/1550.png;2;1;0;0
3/1551.png;2;1;0;0
3/1552.png;2;1;0;0
3/1553.png;2;1;0;0
3/1554.png;2;1;0;0
3/1555.png;2;1;0;0
3/1556.png;2;1;0;0
3/1557.png;2;1;0;0
3/1558.png;2;1;0;0
3/1559.png;2;1;0;0
3/1560.png;2;1;0;0
3/1561.png;2;1;0;0
3/1562.png;2;1;0;0
3/1563.png;2;1;0;0
3/1564.png;2;1;0;0
3/1565.png;2;1;0;0
3/1566.png;2;1;0;0
3/1567.png;2;1;0;0
3/1568.png;2;1;0;0
3/1569.png;2;1;0;0
3/1570.png;2;1;0;0
3/1571.png;2;1;0;0
3/1572.png;2;1;0;0
3/1573.png;2;1;0;0
3/1574.png;2;1;0;0
3/1575.png;2;1;0;0
3/1576.png;2;1;0;0
3/1577.png;2;1;0;0
3/1578.png;2;1;0;0
3/1579.png;2;1;0;0
3/1580.png;2;1;0;0
3/1581.png;2;1;0;0
3/1582.png;2;1;0;0
3/1583.png;2;1;0;0
3/1584.png;2;1;0;0
3/1585.png;2;1;0;0
3/1586.png;2;1;0;0
3/1587.png;2;1;0;0
3/1588.png;2;1;0;0
3/1589.png;2;1;0;0
3/1590.png;2;1;0;0
3/1591.png;2;1;0;0
3/1592.png;2;1;0;0
3/1593.png;2;1;0;0
3/1594.png;2;1;0;0
3/1595.png;2;1;0;0
3/1596.png;2;1;0;0
3/1597.png;2;1;0;0
3/1598.png;2;1;0;0
3/1599.png;2;1;0;0
3/1600.png;2;1;0;0
3/1601.png;2;1;0;0
3/1602.png;2;1;0;0
3/1603.png;2;1;0;0
3/1604.png;2;1;0;0
3/1605.png;2;1;0;0
3/1606.png;2;1;0;0
3/1607.png;2;1;0;0
3/1608.png;2;1;0;0
3/1609.png;2;1;0;0
3/1610.png;2;1;0;0
3/1611.png;2;1;0;0
3/1612.png;2;1;0;0
3/1613.png;2;1;0;0
3/1614.png;2;1;0;0
3/1615.png;2;1;0;0
3/1616.png;2;1;0;0
3/1617.png;2;1;0;0
3/1618.png;2;1;0;0
3/1619.png;2;1;0;0
3/1620.png;2;1;0;0
3/1621.png;2;1;0;0
3/1622.png;2;1;0;0
3/1623.png;2;1;0;0
3/1624.png;2;1;0;0
3/1625.png;2;1;0;0
3/1626.png;2;1;0;0
3/1627.png;2;1;0;0
3/1628.png;2;1;0;0
3/1629.png;2;1;0;0
3/1630.png;2;1;0;0
3/1631.png;2;1;0;0
3/1632.png;2;1;0;0
3/1633.png;2;1;0;0
3/1634.png;2;1;0;0
3/1635.png;2;1;0;0
3/1636.png;2;1;0;0
3/1637.png;2;1;0;0
3/1638.png;2;1;0;0
3/1639.png;2;1;0;0
3/1640.png;2;1;0;0
3/1641.png;2;1;0;0
3/1642.png;2;1;0;0
3/1643.png;2;1;0;0
3/1644.png;2;1;0;0
3/1645.png;2;1;0;0
3/1646.png;2;1;0;0
3/1647.png;2;1;0;0
3/1648.png;2;1;0;0
3/1649.png;2;1;0;0
3/1650.png;2;1;0;0
3/1651.png;2;1;0;0
3/1652.png;2;1;0;0
3/1653.png;2;1;0;0
3/1654.png;2;1;0;0
3/1655.png;2;1;0;0
3/1656.png;2;1;0;0
3/1657.png;2;1;0;0
3/1658.png;2;1;0;0
3/1659.png;2;1;0;0
3/1660.png;2;1;0;0
3/1661.png;2;1;0;0
3/1662.png;2;1;0;0
3/1663.png;2;1;0;0
3/1664.png;2;1;0;0
3/1665.png;2;1;0;0
3/1666.png;2;1;0;0
3/1667.png;2;1;0;0
3/1668.png;2;1;0;0
3/1669.png;2;1;0;0
3/1670.png;2;1;0;0
3/1671.png;2;1;0;0
3/1672.png;2;1;0;0
3/1673.png;2;1;0;0
3/1674.png;2;1;0;0
3/1675.png;2;1;0;0
3/1676.png;2;1;0;0
3/1677.png;2;1;0;0
3/1678.png;2;1;0;0
3/1679.png;2;1;0;0
3/1680.png;2;1;0;0
3/1681.png;2;1;0;0
3/1682.png;2;1;0;0
3/1683.png;2;1;0;0
3/1684.png;2;1;0;0
3/1685.png;2;1;0;0
3/1686.png;2;1;0;0
3/1687.png;2;1;0;0
3/1688.png;2;1;0;0
3/1689.png;2;1;0;0
3/1690.png;2;1;0;0
3/1691.png;2;1;0;0
3/1692.png;2;1;0;0
3/1693.png;2;1;0;0
3/1694.png;2;1;0;0
3/1695.png;2;1;0;0
3/1696.png;2;1;0;0
3/1697.png;2;1;0;0
3/1698.png;2;1;0;0
3/1699.png;2;1;0;0
3/1700.png;2;1;0;0
3/1701.png;2;1;0;0
3/1702.png;2;1;0;0
3/1703.png;2;1;0;0
3/1704.png;2;1;0;0
3/1705.png;2;1;0;0
3/1706.png;2;1;0;0
3/1707.png;2;1;0;0
3/1708.png;2;1;0;0
3/1709.png;2;1;0;0
3/1710.png;2;1;0;0
3/1711.png;2;1;0;0
3/1712.png;2;1;0;0
3/1713.png;2;1;0;0
3/1714.png;2;1;0;0
3/1715.png;2;1;0;0
3/1716.png;2;1;0;0
3/1717.png;2;1;0;0
3/1718.png;2;1;0;0
3/1719.png;2;1;0;0
3/1720.png;2;1;0;0
3/1721.png;2;1;0;0
3/1722.png;2;1;0;0
3/1723.png;2;1;0;0
3/1724.png;2;1;0;0
3/1725.png;2;1;0;0
3/1726.png;2;1;0;0
3/1727.png;2;1;0;0
3/1728.png;2;1;0;0
3/1729.png;2;1;0;0
3/1730.png;2;1;0;0
3/1731.png;2;1;0;0
3/1732.png;2;1;0;0
3/1733.png;2;1;0;0
3/1734.png;2;1;0;0
3/1735.png;2;1;0;0
3/1736.png;2;1;0;0
3/1737.png;2;1;0;0
3/1738.png;2;1;0;0
3/1739.png;2;1;0;0
3/1740.png;2;1;0;0
3/1741.png;2;1;0;0
3/1742.png;2;1;0;0
3/1743.png;2;1;0;0
3/1744.png;2;1;0;0
3/1745.png;2;1;0;0
3/1746.png;2;1;0;0
3/1747.png;2;1;0;0
3/1748.png;2;1;0;0
3/1749.png;2;1;0;0
3/1750.png;2;1;0;0
3/1751.png;2;1;0;0
3/1752.png;2;1;0;0
3/1753.png;2;1;0;0
3/1754.png;2;1;0;0
3/1755.png;2;1;0;0
3/1756.png;2;1;0;0
3/1757.png;2;1;0;0
3/1758.png;2;1;0;0
3/1759.png;2;1;0;0
3/1760.png;2;1;0;0
3/1761.png;2;1;0;0
3/1762.png;2;1;0;0
3/1763.png;2;1;0;0
3/1764.png;2;1;0;0
3/1765.png;2;1;0;0
3/1766.png;2;1;0;0
3/1767.png;2;1;0;0
3/1768.png;2;1;0;0
3/1769.png;2;1;0;0
3/1770.png;2;1;0;0
3/1771.png;2;1;0;0
3/1772.png;2;1;0;0
3/1773.png;2;1;0;0
3/1774.png;2;1;0;0
3/1775.png;2;1;0;0
3/1776.png;2;1;0;0
3/1777.png;2;1;0;0
3/1778.png;2;1;0;0
3/1779.png;2;1;0;0
3/1780.png;2;1;0;0
3/1781.png;2;1;0;0
3/1782.png;2;1;0;0
3/1783.png;2;1;0;0
3/1784.png;2;1;0;0
3/1785.png;2;1;0;0
3/1786.png;2;1;0;0
3/1787.png;2;1;0;0
3/1788.png;2;1;0;0
3/1789.png;2;1;0;0
3/1790.png;2;1;0;0
3/1791.png;2;1;0;0
3/1792.png;2;1;0;0
3/1793.png;2;1;0;0
3/1794.png;2;1;0;0
3/1795.png;2;1;0;0
3/1796.png;2;1;0;0
3/1797.png;2;1;0;0
3/1798.png;2;1;0;0
3/1799.png;2;1;0;0
3/1800.png;2;1;0;0
3/1801.png;2;1;0;0
3/1802.png;2;1;0;0
3/1803.png;2;1;0;0
3/1804.png;2;1;0;0
3/1805.png;2;1;0;0
3/1806.png;2;1;0;0
3/1807.png;2;1;0;0
3/1808.png;2;1;0;0
3/1809.png;2;1;0;0
3/1810.png;2;1;0;0
3/1811.png;2;1;0;0
3/1812.png;2;1;0;0
3/1813.png;2;1;0;0
3/1814.png;2;1;0;0
3/1815.png;2;1;0;0
3/1816.png;2;1;0;0
3/1817.png;2;1;0;0
3/1818.png;2;1;0;0
3/1819.png;2;1;0;0
3/1820.png;2;1;0;0
3/1821.png;2;1;0;0
3/1822.png;2;1;0;0
3/1823.png;2;1;0;0
3/1824.png;2;1;0;0
3/1825.png;2;1;0;0
3/1826.png;2;1;0;0
3/1827.png;2;1;0;0
3/1828.png;2;1;0;0
3/1829.png;2;1;0;0
3/1830.png;2;1;0;0
3/1831.png;2;1;0;0
3/1832.png;2;1;0;0
3/1833.png;2;1;0;0
3/1834.png;2;1;0;0
3/1835.png;2;1;0;0
3/1836.png;2;1;0;0
3/1837.png;2;1;0;0
3/1838.png;2;1;0;0
3/1839.png;2;1;0;0
3/1840.png;2;1;0;0
3/1841.png;2;1;0;0
3/1842.png;2;1;0;0
3/1843.png;2;1;0;0
3/1844.png;2;1;0;0
3/1845.png;2;1;0;0
3/1846.png;2;1;0;0
3/1847.png;2;1;0;0
3/1848.png;2;1;0;0
3/1849.png;2;1;0;0
3/1850.png;2;1;0;0
3/1851.png;2;1;0;0
3/1852.png;2;1;0;0
3/1853.png;2;1;0;0
3/1854.png;2;1;0;0
3/1855.png;2;1;0;0
3/1856.png;2;1;0;0
3/1857.png;2;1;0;0
3/1858.png;2;1;0;0
3/1859.png;2;1;0;0
3/1860.png;2;1;0;0
3/1861.png;2;1;0;0
3/1862.png;2;1;0;0
3/1863.png;2;1;0;0
3/1864.png;2;1;0;0
3/1865.png;2;1;0;0
3/1866.png;2;1;0;0
3/1867.png;2;1;0;0
3/1868.png;2;1;0;0
3/1869.png;2;1;0;0
3/1870.png;2;1;0;0
3/1871.png;2;1;0;0
3/1872.png;2;1;0;0
3/1873.png;2;1;0;0
3/1874.png;2;1;0;0
3/1875.png;2;1;0;0
3/1876.png;2;1;0;0
3/1877.png;2;1;0;0
3/1878.png;2;1;0;0
3/1879.png;2;1;0;0
3/1880.png;2;1;0;0
3/1881.png;2;1;0;0
3/1882.png;2;1;0;0
3/1883.png;2;1;0;0
3/1884.png;2;1;0;0
3/1885.png;2;1;0;0
3/1886.png;2;1;0;0
3/1887.png;2;1;0;0
3/1888.png;2;1;0;0
3/1889.png;2;1;0;0
3/1890.png;2;1;0;0
3/1891.png;2;1;0;0
3/1892.png;2;1;0;0
3/1893.png;2;1;0;0
3/1894.png;2;1;0;0
3/1895.png;2;1;0;0
3/1896.png;2;1;0;0
3/1897.png;2;1;0;0
3/1898.png;2;1;0;0
3/1899.png;2;1;0;0
3/1900.png;2;1;0;0
3/1901.png;2;1;0;0
3/1902.png;2;1;0;0
3/1903.png;2;1;0;0
3/1904.png;2;1;0;0
3/1905.png;2;1;0;0
3/1906.png;2;1;0;0
3/1907.png;2;1;0;0
3/1908.png;2;1;0;0
3/1909.png;2;1;0;0
3/1910.png;2;1;0;0
3/1911.png;2;1;0;0
3/1912.png;2;1;0;0
3/1913.png;2;1;0;0
3/1914.png;2;1;0;0
3/1915.png;2;1;0;0
3/1916.png;2;1;0;0
3/1917.png;2;1;0;0
3/1918.png;2;1;0;0
3/1919.png;2;1;0;0
3/1920.png;2;1;0;0
3/1921.png;2;1;0;0
3/1922.png;2;1;0;0
3/1923.png;2;1;0;0
3/1924.png;2;1;0;0
3/1925.png;2;1;0;0
3/1926.png;2;1;0;0
3/1927.png;2;1;0;0
3/1928.png;2;1;0;0
3/1929.png;2;1;0;0
3/1930.png;2;1;0;0
3/1931.png;2;1;0;0
3/1932.png;2;1;0;0
3/1933.png;2;1;0;0
3/1934.png;2;1;0;0
3/1935.png;2;1;0;0
3/1936.png;2;1;0;0
3/1937.png;2;1;0;0
3/1938.png;2;1;0;0
3/1939.png;2;1;0;0
3/1940.png;2;1;0;0
3/1941.png;2;1;0;0
3/1942.png;2;1;0;0
3/1943.png;2;1;0;0
3/1944.png;2;1;0;0
3/1945.png;2;1;0;0
3/1946.png;2;1;0;0
3/1947.png;2;1;0;0
3/1948.png;2;1;0;0
3/1949.png;2;1;0;0
3/1950.png;2;1;0;0
3/1951.png;2;1;0;0
3/1952.png;2;1;0;0
3/1953.png;2;1;0;0
3/1954.png;2;1;0;0
3/1955.png;2;1;0;0
3/1956.png;2;1;0;0
3/1957.png;2;1;0;0
3/1958.png;2;1;0;0
3/1959.png;2;1;0;0
3/1960.png;2;1;0;0
3/1961.png;2;1;0;0
3/1962.png;2;1;0;0
3/1963.png;2;1;0;0
3/1964.png;2;1;0;0
3/1965.png;2;1;0;0
3/1966.png;2;1;0;0
3/1967.png;2;1;0;0
3/1968.png;2;1;0;0
3/1969.png;2;1;0;0
3/1970.png;2;1;0;0
3/1971.png;2;1;0;0
3/1972.png;2;1;0;0
3/1973.png;2;1;0;0
3/1974.png;2;1;0;0
3/1975.png;2;1;0;0
3/1976.png;2;1;0;0
3/1977.png;2;1;0;0
3/1978.png;2;1;0;0
3/1979.png;2;1;0;0
3/1980.png;2;1;0;0
3/1981.png;2;1;0;0
3/1982.png;2;1;0;0
3/1983.png;2;1;0;0
3/1984.png;2;1;0;0
3/1985.png;2;1;0;0
3/1986.png;2;1;0;0
3/1987.png;2;1;0;0
3/1988.png;2;1;0;0
3/1989.png;2;1;0;0
3/1990.png;2;1;0;0
3/1991.png;2;1;0;0
3/1992.png;2;1;0;0
3/1993.png;2;1;0;0
3/1994.png;2;1;0;0
3/1995.png;2;1;0;0
3/1996.png;2;1;0;0
3/1997.png;2;1;0;0
3/1998.png;2;1;0;0
3/1999.png;2;1;0;0
3/2000.png;2;1;0;0
3/2001.png;2;1;0;0
3/2002.png;2;1;0;0
3/2003.png;2;1;0;0
3/2004.png;2;1;0;0
3/2005.png;2;1;0;0
3/2006.png;2;1;0;0
3/2007.png;2;1;0;0
3/2008.png;2;1;0;0
3/2009.png;2;1;0;0
3/2010.png;2;1;0;0
3/2011.png;2;1;0;0
3/2012.png;2;1;0;0
3/2013.png;2;1;0;0
3/2014.png;2;1;0;0
3/2015.png;2;1;0;0
3/2016.png;2;1;0;0
3/2017.png;2;1;0;0
3/2018.png;2;1;0;0
3/2019.png;2;1;0;0
3/2020.png;2;1;0;0
3/2021.png;2;1;0;0
3/2022.png;2;1;0;0
3/2023.png;2;1;0;0
3/2024.png;2;1;0;0
3/2025.png;2;1;0;0
3/2026.png;2;1;0;0
3/2027.png;2;1;0;0
3/2028.png;2;1;0;0
3/2029.png;2;1;0;0
3/2030.png;2;1;0;0
3/2031.png;2;1;0;0
3/2032.png;2;1;0;0
3/2033.png;2;1;0;0
3/2034.png;2;1;0;0
3/2035.png;2;1;0;0
3/2036.png;2;1;0;0
3/2037.png;2;1;0;0
3/2038.png;2;1;0;0
3/2039.png;2;1;0;0
3/2040.png;2;1;0;0
3/2041.png;2;1;0;0
3/2042.png;2;1;0;0
3/2043.png;2;1;0;0
3/2044.png;2;1;0;0
3/2045.png;2;1;0;0
3/2046.png;2;1;0;0
3/2047.png;2;1;0;0
3/2048.png;2;1;0;0
3/2049.png;2;1;0;0
3/2050.png;2;1;0;0
3/2051.png;2;1;0;0
3/2052.png;2;1;0;0
3/2053.png;2;1;0;0
3/2054.png;2;1;0;0
3/2055.png;2;1;0;0
3/2056.png;2;1;0;0
3/2057.png;2;1;0;0
3/2058.png;2;1;0;0
3/2059.png;2;1;0;0
3/2060.png;2;1;0;0
3/2061.png;2;1;0;0
3/2062.png;2;1;0;0
3/2063.png;2;1;0;0
3/2064.png;2;1;0;0
3/2065.png;2;1;0;0
3/2066.png;2;1;0;0
3/2067.png;2;1;0;0
3/2068.png;2;1;0;0
3/2069.png;2;1;0;0
3/2070.png;2;1;0;0
3/2071.png;2;1;0;0
3/2072.png;2;1;0;0
3/2073.png;2;1;0;0
3/2074.png;2;1;0;0
3/2075.png;2;1;0;0
3/2076.png;2;1;0;0
3/2077.png;2;1;0;0
3/2078.png;2;1;0;0
3/2079.png;2;1;0;0
3/2080.png;2;1;0;0
3/2081.png;2;1;0;0
3/2082.png;2;1;0;0
3/2083.png;2;1;0;0
3/2084.png;2;1;0;0
3/2085.png;2;1;0;0
3/2086.png;2;1;0;0
3/2087.png;2;1;0;0
3/2088.png;2;1;0;0
3/2089.png;2;1;0;0
3/2090.png;2;1;0;0
3/2091.png;2;1;0;0
3/2092.png;2;1;0;0
3/2093.png;2;1;0;0
3/2094.png;2;1;0;0
3/2095.png;2;1;0;0
3/2096.png;2;1;0;0
3/2097.png;2;1;0;0
3/2098.png;2;1;0;0
3/2099.png;2;1;0;0
3/2100.png;2;1;0;0
3/2101.png;2;1;0;0
3/2102.png;2;1;0;0
3/2103.png;2;1;0;0
3/2104.png;2;1;0;0
3/2105.png;2;1;0;0
3/2106.png;2;1;0;0
3/2107.png;2;1;0;0
3/2108.png;2;1;0;0
3/2109.png;2;1;0;0
3/2110.png;2;1;0;0
3/2111.png;2;1;0;0
3/2112.png;2;1;0;0
3/2113.png;2;1;0;0
3/2114.png;2;1;0;0
3/2115.png;2;1;0;0
3/2116.png;2;1;0;0
3/2117.png;2;1;0;0
3/2118.png;2;1;0;0
3/2119.png;2;1;0;0
3/2120.png;2;1;0;0
3/2121.png;2;1;0;0
3/2122.png;2;1;0;0
3/2123.png;2;1;0;0
3/2124.png;2;1;0;0
3/2125.png;2;1;0;0
3/2126.png;2;1;0;0
3/2127.png;2;1;0;0
3/2128.png;2;1;0;0
3/2129.png;2;1;0;0
3/2130.png;2;1;0;0
3/2131.png;2;1;0;0
3/2132.png;2;1;0;0
3/2133.png;2;1;0;0
3/2134.png;2;1;0;0
3/2135.png;2;1;0;0
3/2136.png;2;1;0;0
3/2137.png;2;1;0;0
3/2138.png;2;1;0;0
3/2139.png;2;1;0;0
3/2140.png;2;1;0;0
3/2141.png;2;1;0;0
3/2142.png;2;1;0;0
3/2143.png;2;1;0;0
3/2144.png;2;1;0;0
3/2145.png;2;1;0;0
3/2146.png;2;1;0;0
3/2147.png;2;1;0;0
3/2148.png;2;1;0;0
3/2149.png;2;1;0;0
3/2150.png;2;1;0;0
3/2151.png;2;1;0;0
3/2152.png;2;1;0;0
3/2153.png;2;1;0;0
3/2154.png;2;1;0;0
3/2155.png;2;1;0;0
3/2156.png;2;1;0;0
3/2157.png;2;1;0;0
3/2158.png;2;1;0;0
3/2159.png;2;1;0;0
3/2160.png;2;1;0;0
3/2161.png;2;1;0;0
3/2162.png;2;1;0;0
3/2163.png;2;1;0;0
3/2164.png;2;1;0;0
3/2165.png;2;1;0;0
3/2166.png;2;1;0;0
3/2167.png;2;1;0;0
3/2168.png;2;1;0;0
3/2169.png;2;1;0;0
3/2170.png;2;1;0;0
3/2171.png;2;1;0;0
3/2172.png;2;1;0;0
3/2173.png;2;1;0;0
3/2174.png;2;1;0;0
3/2175.png;2;1;0;0
3/2176.png;2;1;0;0
3/2177.png;2;1;0;0
3/2178.png;2;1;0;0
3/2179.png;2;1;0;0
3/2180.png;2;1;0;0
3/2181.png;2;1;0;0
3/2182.png;2;1;0;0
3/2183.png;2;1;0;0
3/2184.png;2;1;0;0
3/2185.png;2;1;0;0
3/2186.png;2;1;0;0
3/2187.png;2;1;0;0
3/2188.png;2;1;0;0
3/2189.png;2;1;0;0
3/2190.png;2;1;0;0
3/2191.png;2;1;0;0
3/2192.png;2;1;0;0
3/2193.png;2;1;0;0
3/2194.png;2;1;0;0
3/2195.png;2;1;0;0
3/2196.png;2;1;0;0
3/2197.png;2;1;0;0
3/2198.png;2;1;0;0
3/2199.png;2;1;0;0
3/2200.png;2;1;0;0
3/2201.png;2;1;0;0
3/2202.png;2;1;0;0
3/2203.png;2;1;0;0
3/2204.png;2;1;0;0
3/2205.png;2;1;0;0
3/2206.png;2;1;0;0
3/2207.png;2;1;0;0
3/2208.png;2;1;0;0
3/2209.png;2;1;0;0
3/2210.png;2;1;0;0
3/2211.png;2;1;0;0
3/2212.png;2;1;0;0
3/2213.png;2;1;0;0
3/2214.png;2;1;0;0
3/2215.png;2;1;0;0
3/2216.png;2;1;0;0
3/2217.png;2;1;0;0
3/2218.png;2;1;0;0
3/2219.png;2;1;0;0
3/2220.png;2;1;0;0
3/2221.png;2;1;0;0
3/2222.png;2;1;0;0
3/2223.png;2;1;0;0
3/2224.png;2;1;0;0
3/2225.png;2;1;0;0
3/2226.png;2;1;0;0
3/2227.png;2;1;0;0
3/2228.png;2;1;0;0
3/2229.png;2;1;0;0
3/2230.png;2;1;0;0
3/2231.png;2;1;0;0
3/2232.png;2;1;0;0
3/2233.png;2;1;0;0
3/2234.png;2;1;0;0
3/2235.png;2;1;0;0
3/2236.png;2;1;0;0
3/2237.png;2;1;0;0
3/2238.png;2;1;0;0
3/2239.png;2;1;0;0
3/2240.png;2;1;0;0
3/2241.png;2;1;0;0
3/2242.png;2;1;0;0
3/2243.png;2;1;0;0
3/2244.png;2;1;0;0
3/2245.png;2;1;0;0
3/2246.png;2;1;0;0
3/2247.png;2;1;0;0
3/2248.png;2;1;0;0
3/2249.png;2;1;0;0
3/2250.png;2;1;0;0
3/2251.png;2;1;0;0
3/2252.png;2;1;0;0
3/2253.png;2;1;0;0
3/2254.png;2;1;0;0
3/2255.png;2;1;0;0
3/2256.png;2;1;0;0
3/2257.png;2;1;0;0
3/2258.png;2;1;0;0
3/2259.png;2;1;0;0
3/2260.png;2;1;0;0
3/2261.png;2;1;0;0
3/2262.png;2;1;0;0
3/2263.png;2;1;0;0
3/2264.png;2;1;0;0
3/2265.png;2;1;0;0
3/2266.png;2;1;0;0
3/2267.png;2;1;0;0
3/2268.png;2;1;0;0
3/2269.png;2;1;0;0
3/2270.png;2;1;0;0
3/2271.png;2;1;0;0
3/2272.png;2;1;0;0
3/2273.png;2;1;0;0
3/2274.png;2;1;0;0
3/2275.png;2;1;0;0
3/2276.png;2;1;0;0
3/2277.png;2;1;0;0
3/2278.png;2;1;0;0
3/2279.png;2;1;0;0
3/2280.png;2;1;0;0
3/2281.png;2;1;0;0
3/2282.png;2;1;0;0
3/2283.png;2;1;0;0
3/2284.png;2;1;0;0
3/2285.png;2;1;0;0
3/2286.png;2;1;0;0
3/2287.png;2;1;0;0
3/2288.png;2;1;0;0
3/2289.png;2;1;0;0
3/2290.png;2;1;0;0
3/2291.png;2;1;0;0
3/2292.png;2;1;0;0
3/2293.png;2;1;0;0
3/2294.png;2;1;0;0
3/2295.png;2;1;0;0
3/2296.png;2;1;0;0
3/2297.png;2;1;0;0
3/2298.png;2;1;0;0
3/2299.png;2;1;0;0
3/2300.png;2;1;0;0
3/2301.png;2;1;0;0
3/2302.png;2;1;0;0
3/2303.png;2;1;0;0
3/2304.png;2;1;0;0
3/2305.png;2;1;0;0
3/2306.png;2;1;0;0
3/2307.png;2;1;0;0
3/2308.png;2;1;0;0
3/2309.png;2;1;0;0
3/2310.png;2;1;0;0
3/2311.png;2;1;0;0
3/2312.png;2;1;0;0
3/2313.png;2;1;0;0
3/2314.png;2;1;0;0
3/2315.png;2;1;0;0
3/2316.png;2;1;0;0
3/2317.png;2;1;0;0
3/2318.png;2;1;0;0
3/2319.png;2;1;0;0
3/2320.png;2;1;0;0
3/2321.png;2;1;0;0
3/2322.png;2;1;0;0
3/2323.png;2;1;0;0
3/2324.png;2;1;0;0
3/2325.png;2;1;0;0
3/2326.png;2;1;0;0
3/2327.png;2;1;0;0
3/2328.png;2;1;0;0
3/2329.png;2;1;0;0
3/2330.png;2;1;0;0
3/2331.png;2;1;0;0
3/2332.png;2;1;0;0
3/2333.png;2;1;0;0
3/2334.png;2;1;0;0
3/2335.png;2;1;0;0
3/2336.png;2;1;0;0
3/2337.png;2;1;0;0
3/2338.png;2;1;0;0
3/2339.png;2;1;0;0
3/2340.png;2;1;0;0
3/2341.png;2;1;0;0
3/2342.png;2;1;0;0
3/2343.png;2;1;0;0
3/2344.png;2;1;0;0
3/2345.png;2;1;0;0
3/2346.png;2;1;0;0
3/2347.png;2;1;0;0
3/2348.png;2;1;0;0
3/2349.png;2;1;0;0
3/2350.png;2;1;0;0
3/2351.png;2;1;0;0
3/2352.png;2;1;0;0
3/2353.png;2;1;0;0
3/2354.png;2;1;0;0
3/2355.png;2;1;0;0
3/2356.png;2;1;0;0
3/2357.png;2;1;0;0
3/2358.png;2;1;0;0
3/2359.png;2;1;0;0
3/2360.png;2;1;0;0
3/2361.png;2;1;0;0
3/2362.png;2;1;0;0
3/2363.png;2;1;0;0
3/2364.png;2;1;0;0
3/2365.png;2;1;0;0
3/2366.png;2;1;0;0
3/2367.png;2;1;0;0
3/2368.png;2;1;0;0
3/2369.png;2;1;0;0
3/2370.png;2;1;0;0
3/2371.png;2;1;0;0
3/2372.png;2;1;0;0
3/2373.png;2;1;0;0
3/2374.png;2;1;0;0
3/2375.png;2;1;0;0
3/2376.png;2;1;0;0
3/2377.png;2;1;0;0
3/2378.png;2;1;0;0
3/2379.png;2;1;0;0
3/2380.png;2;1;0;0
3/2381.png;2;1;0;0
3/2382.png;2;1;0;0
3/2383.png;2;1;0;0
3/2384.png;2;1;0;0
3/2385.png;2;1;0;0
3/2386.png;2;1;0;0
3/2387.png;2;1;0;0
3/2388.png;2;1;0;0
3/2389.png;2;1;0;0
3/2390.png;2;1;0;0
3/2391.png;2;1;0;0
3/2392.png;2;1;0;0
3/2393.png;2;1;0;0
3/2394.png;2;1;0;0
3/2395.png;2;1;0;0
3/2396.png;2;1;0;0
3/2397.png;2;1;0;0
3/2398.png;2;1;0;0
3/2399.png;2;1;0;0
3/2400.png;2;1;0;0
3/2401.png;2;1;0;0
3/2402.png;2;1;0;0
3/2403.png;2;1;0;0
3/2404.png;2;1;0;0
3/2405.png;2;1;0;0
3/2406.png;2;1;0;0
3/2407.png;2;1;0;0
3/2408.png;2;1;0;0
3/2409.png;2;1;0;0
3/2410.png;2;1;0;0
3/2411.png;2;1;0;0
3/2412.png;2;1;0;0
3/2413.png;2;1;0;0
3/2414.png;2;1;0;0
3/2415.png;2;1;0;0
3/2416.png;2;1;0;0
3/2417.png;2;1;0;0
3/2418.png;2;1;0;0
3/2419.png;2;1;0;0
3/2420.png;2;1;0;0
3/2421.png;2;1;0;0
3/2422.png;2;1;0;0
3/2423.png;2;1;0;0
3/2424.png;2;1;0;0
3/2425.png;2;1;0;0
3/2426.png;2;1;0;0
3/2427.png;2;1;0;0
3/2428.png;2;1;0;0
3/2429.png;2;1;0;0
3/2430.png;2;1;0;0
3/2431.png;2;1;0;0
3/2432.png;2;1;0;0
3/2433.png;2;1;0;0
3/2434.png;2;1;0;0
3/2435.png;2;1;0;0
3/2436.png;2;1;0;0
3/2437.png;2;1;0;0
3/2438.png;2;1;0;0
3/2439.png;2;1;0;0
3/2440.png;2;1;0;0
3/2441.png;2;1;0;0
3/2442.png;2;1;0;0
3/2443.png;2;1;0;0
3/2444.png;2;1;0;0
3/2445.png;2;1;0;0
3/2446.png;2;1;0;0
3/2447.png;2;1;0;0
3/2448.png;2;1;0;0
3/2449.png;2;1;0;0
3/2450.png;2;1;0;0
3/2451.png;2;1;0;0
3/2452.png;2;1;0;0
3/2453.png;2;1;0;0
3/2454.png;2;1;0;0
3/2455.png;2;1;0;0
3/2456.png;2;1;0;0
3/2457.png;2;1;0;0
3/2458.png;2;1;0;0
3/2459.png;2;1;0;0
3/2460.png;2;1;0;0
3/2461.png;2;1;0;0
3/2462.png;2;1;0;0
3/2463.png;2;1;0;0
3/2464.png;2;1;0;0
3/2465.png;2;1;0;0
3/2466.png;2;1;0;0
3/2467.png;2;1;0;0
3/2468.png;2;1;0;0
3/2469.png;2;1;0;0
3/2470.png;2;1;0;0
3/2471.png;2;1;0;0
3/2472.png;2;1;0;0
3/2473.png;2;1;0;0
3/2474.png;2;1;0;0
3/2475.png;2;1;0;0
3/2476.png;2;1;0;0
3/2477.png;2;1;0;0
3/2478.png;2;1;0;0
3/2479.png;2;1;0;0
3/2480.png;2;1;0;0
3/2481.png;2;1;0;0
3/2482.png;2;1;0;0
3/2483.png;2;1;0;0
3/2484.png;2;1;0;0
3/2485.png;2;1;0;0
3/2486.png;2;1;0;0
3/2487.png;2;1;0;0
3/2488.png;2;1;0;0
3/2489.png;2;1;0;0
3/2490.png;2;1;0;0
3/2491.png;2;1;0;0
3/2492.png;2;1;0;0
3/2493.png;2;1;0;0
3/2494.png;2;1;0;0
3/2495.png;2;1;0;0
3/2496.png;2;1;0;0
3/2497.png;2;1;0;0
3/2498.png;2;1;0;0
3/2499.png;2;1;0;0
3/2500.png;2;1;0;0
3/2501.png;2;1;0;0
3/2502.png;2;1;0;0
3/2503.png;2;1;0;0
3/2504.png;2;1;0;0
3/2505.png;2;1;0;0
3/2506.png;2;1;0;0
3/2507.png;2;1;0;0
3/2508.png;2;1;0;0
3/2509.png;2;1;0;0
3/2510.png;2;1;0;0
3/2511.png;2;1;0;0
3/2512.png;2;1;0;0
3/2513.png;2;1;0;0
3/2514.png;2;1;0;0
3/2515.png;2;1;0;0
3/2516.png;2;1;0;0
3/2517.png;2;1;0;0
3/2518.png;2;1;0;0
3/2519.png;2;1;0;0
3/2520.png;2;1;0;0
3/2521.png;2;1;0;0
3/2522.png;2;1;0;0
3/2523.png;2;1;0;0
3/2524.png;2;1;0;0
3/2525.png;2;1;0;0
3/2526.png;2;1;0;0
3/2527.png;2;1;0;0
3/2528.png;2;1;0;0
3/2529.png;2;1;0;0
3/2530.png;2;1;0;0
3/2531.png;2;1;0;0
3/2532.png;2;1;0;0
3/2533.png;2;1;0;0
3/2534.png;2;1;0;0
3/2535.png;2;1;0;0
3/2536.png;2;1;0;0
3/2537.png;2;1;0;0
3/2538.png;2;1;0;0
3/2539.png;2;1;0;0
3/2540.png;2;1;0;0
3/2541.png;2;1;0;0
3/2542.png;2;1;0;0
3/2543.png;2;1;0;0
3/2544.png;2;1;0;0
3/2545.png;2;1;0;0
3/2546.png;2;1;0;0
3/2547.png;2;1;0;0
3/2548.png;2;1;0;0
3/2549.png;2;1;0;0
3/2550.png;2;1;0;0
3/2551.png;2;1;0;0
3/2552.png;2;1;0;0
3/2553.png;2;1;0;0
3/2554.png;2;1;0;0
3/2555.png;2;1;0;0
3/2556.png;2;1;0;0
3/2557.png;2;1;0;0
3/2558.png;2;1;0;0
3/2559.png;2;1;0;0
3/2560.png;2;1;0;0
3/2561.png;2;1;0;0
3/2562.png;2;1;0;0
3/2563.png;2;1;0;0
3/2564.png;2;1;0;0
3/2565.png;2;1;0;0
3/2566.png;2;1;0;0
3/2567.png;2;1;0;0
3/2568.png;2;1;0;0
3/2569.png;2;1;0;0
3/2570.png;2;1;0;0
3/2571.png;2;1;0;0
3/2572.png;2;1;0;0
3/2573.png;2;1;0;0
3/2574.png;2;1;0;0
3/2575.png;2;1;0;0
3/2576.png;2;1;0;0
3/2577.png;2;1;0;0
3/2578.png;2;1;0;0
3/2579.png;2;1;0;0
3/2580.png;2;1;0;0
3/2581.png;2;1;0;0
3/2582.png;2;1;0;0
3/2583.png;2;1;0;0
3/2584.png;2;1;0;0
3/2585.png;2;1;0;0
3/2586.png;2;1;0;0
3/2587.png;2;1;0;0
3/2588.png;2;1;0;0
3/2589.png;2;1;0;0
3/2590.png;2;1;0;0
3/2591.png;2;1;0;0
3/2592.png;2;1;0;0
3/2593.png;2;1;0;0
3/2594.png;2;1;0;0
3/2595.png;2;1;0;0
3/2596.png;2;1;0;0
3/2597.png;2;1;0;0
3/2598.png;2;1;0;0
3/2599.png;2;1;0;0
3/2600.png;2;1;0;0
3/2601.png;2;1;0;0
3/2602.png;2;1;0;0
3/2603.png;2;1;0;0
3/2604.png;2;1;0;0
3/2605.png;2;1;0;0
3/2606.png;2;1;0;0
3/2607.png;2;1;0;0
3/2608.png;2;1;0;0
3/2609.png;2;1;0;0
3/2610.png;2;1;0;0
3/2611.png;2;1;0;0
3/2612.png;2;1;0;0
3/2613.png;2;1;0;0
3/2614.png;2;1;0;0
3/2615.png;2;1;0;0
3/2616.png;2;1;0;0
3/2617.png;2;1;0;0
3/2618.png;2;1;0;0
3/2619.png;2;1;0;0
3/2620.png;2;1;0;0
3/2621.png;2;1;0;0
3/2622.png;2;1;0;0
3/2623.png;2;1;0;0
3/2624.png;2;1;0;0
3/2625.png;2;1;0;0
3/2626.png;2;1;0;0
3/2627.png;2;1;0;0
3/2628.png;2;1;0;0
3/2629.png;2;1;0;0
3/2630.png;2;1;0;0
3/2631.png;2;1;0;0
3/2632.png;2;1;0;0
3/2633.png;2;1;0;0
3/2634.png;2;1;0;0
3/2635.png;2;1;0;0
3/2636.png;2;1;0;0
3/2637.png;2;1;0;0
3/2638.png;2;1;0;0
3/2639.png;2;1;0;0
3/2640.png;2;1;0;0
3/2641.png;2;1;0;0
3/2642.png;2;1;0;0
3/2643.png;2;1;0;0
3/2644.png;2;1;0;0
3/2645.png;2;1;0;0
3/2646.png;2;1;0;0
3/2647.png;2;1;0;0
3/2648.png;2;1;0;0
3/2649.png;2;1;0;0
3/2650.png;2;1;0;0
3/2651.png;2;1;0;0
3/2652.png;2;1;0;0
3/2653.png;2;1;0;0
3/2654.png;2;1;0;0
3/2655.png;2;1;0;0
3/2656.png;2;1;0;0
3/2657.png;2;1;0;0
3/2658.png;2;1;0;0
3/2659.png;2;1;0;0
3/2660.png;2;1;0;0
3/2661.png;2;1;0;0
3/2662.png;2;1;0;0
3/2663.png;2;1;0;0
3/2664.png;2;1;0;0
3/2665.png;2;1;0;0
3/2666.png;2;1;0;0
3/2667.png;2;1;0;0
3/2668.png;2;1;0;0
3/2669.png;2;1;0;0
3/2670.png;2;1;0;0
3/2671.png;2;1;0;0
3/2672.png;2;1;0;0
3/2673.png;2;1;0;0
3/2674.png;2;1;0;0
3/2675.png;2;1;0;0
3/2676.png;2;1;0;0
3/2677.png;2;1;0;0
3/2678.png;2;1;0;0
3/2679.png;2;1;0;0
3/2680.png;2;1;0;0
3/2681.png;2;1;0;0
3/2682.png;2;1;0;0
3/2683.png;2;1;0;0
3/2684.png;2;1;0;0
3/2685.png;2;1;0;0
3/2686.png;2;1;0;0
3/2687.png;2;1;0;0
3/2688.png;2;1;0;0
3/2689.png;2;1;0;0
3/2690.png;2;1;0;0
3/2691.png;2;1;0;0
3/2692.png;2;1;0;0
3/2693.png;2;1;0;0
3/2694.png;2;1;0;0
3/2695.png;2;1;0;0
3/2696.png;2;1;0;0
3/2697.png;2;1;0;0
3/2698.png;2;1;0;0
3/2699.png;2;1;0;0
3/2700.png;2;1;0;0
3/2701.png;2;1;0;0
3/2702.png;2;1;0;0
3/2703.png;2;1;0;0
3/2704.png;2;1;0;0
3/2705.png;2;1;0;0
3/2706.png;2;1;0;0
3/2707.png;2;1;0;0
3/2708.png;2;1;0;0
3/2709.png;2;1;0;0
3/2710.png;2;1;0;0
3/2711.png;2;1;0;0
3/2712.png;2;1;0;0
3/2713.png;2;1;0;0
3/2714.png;2;1;0;0
3/2715.png;2;1;0;0
3/2716.png;2;1;0;0
3/2717.png;2;1;0;0
3/2718.png;2;1;0;0
3/2719.png;2;1;0;0
3/2720.png;2;1;0;0
3/2721.png;2;1;0;0
3/2722.png;2;1;0;0
3/2723.png;2;1;0;0
3/2724.png;2;1;0;0
3/2725.png;2;1;0;0
3/2726.png;2;1;0;0
3/2727.png;2;1;0;0
3/2728.png;2;1;0;0
3/2729.png;2;1;0;0
3/2730.png;2;1;0;0
3/2731.png;2;1;0;0
3/2732.png;2;1;0;0
3/2733.png;2;1;0;0
3/2734.png;2;1;0;0
3/2735.png;2;1;0;0
3/2736.png;2;1;0;0
3/2737.png;2;1;0;0
3/2738.png;2;1;0;0
3/2739.png;2;1;0;0
3/2740.png;2;1;0;0
3/2741.png;2;1;0;0
3/2742.png;2;1;0;0
3/2743.png;2;1;0;0
3/2744.png;2;1;0;0
3/2745.png;2;1;0;0
3/2746.png;2;1;0;0
3/2747.png;2;1;0;0
3/2748.png;2;1;0;0
3/2749.png;2;1;0;0
3/2750.png;2;1;0;0
3/2751.png;2;1;0;0
3/2752.png;2;1;0;0
3/2753.png;2;1;0;0
3/2754.png;2;1;0;0
3/2755.png;2;1;0;0
3/2756.png;2;1;0;0
3/2757.png;2;1;0;0
3/2758.png;2;1;0;0
3/2759.png;2;1;0;0
3/2760.png;2;1;0;0
3/2761.png;2;1;0;0
3/2762.png;2;1;0;0
3/2763.png;2;1;0;0
3/2764.png;2;1;0;0
3/2765.png;2;1;0;0
3/2766.png;2;1;0;0
3/2767.png;2;1;0;0
3/2768.png;2;1;0;0
3/2769.png;2;1;0;0
3/2770.png;2;1;0;0
3/2771.png;2;1;0;0
3/2772.png;2;1;0;0
3/2773.png;2;1;0;0
3/2774.png;2;1;0;0
3/2775.png;2;1;0;0
3/2776.png;2;1;0;0
3/2777.png;2;1;0;0
3/2778.png;2;1;0;0
3/2779.png;2;1;0;0
3/2780.png;2;1;0;0
3/2781.png;2;1;0;0
3/2782.png;2;1;0;0
3/2783.png;2;1;0;0
3/2784.png;2;1;0;0
3/2785.png;2;1;0;0
3/2786.png;2;1;0;0
3/2787.png;2;1;0;0
3/2788.png;2;1;0;0
3/2789.png;2;1;0;0
3/2790.png;2;1;0;0
3/2791.png;2;1;0;0
3/2792.png;2;1;0;0
3/2793.png;2;1;0;0
3/2794.png;2;1;0;0
3/2795.png;2;1;0;0
3/2796.png;2;1;0;0
3/2797.png;2;1;0;0
3/2798.png;2;1;0;0
3/2799.png;2;1;0;0
3/2800.png;2;1;0;0
3/2801.png;2;1;0;0
3/2802.png;2;1;0;0
3/2803.png;2;1;0;0
3/2804.png;2;1;0;0
3/2805.png;2;1;0;0
3/2806.png;2;1;0;0
3/2807.png;2;1;0;0
3/2808.png;2;1;0;0
3/2809.png;2;1;0;0
3/2810.png;2;1;0;0
3/2811.png;2;1;0;0
3/2812.png;2;1;0;0
3/2813.png;2;1;0;0
3/2814.png;2;1;0;0
3/2815.png;2;1;0;0
3/2816.png;2;1;0;0
3/2817.png;2;1;0;0
3/2818.png;2;1;0;0
3/2819.png;2;1;0;0
3/2820.png;2;1;0;0
3/2821.png;2;1;0;0
3/2822.png;2;1;0;0
3/2823.png;2;1;0;0
3/2824.png;2;1;0;0
3/2825.png;2;1;0;0
3/2826.png;2;1;0;0
3/2827.png;2;1;0;0
3/2828.png;2;1;0;0
3/2829.png;2;1;0;0
3/2830.png;2;1;0;0
3/2831.png;2;1;0;0
3/2832.png;2;1;0;0
3/2833.png;2;1;0;0
3/2834.png;2;1;0;0
3/2835.png;2;1;0;0
3/2836.png;2;1;0;0
3/2837.png;2;1;0;0
3/2838.png;2;1;0;0
3/2839.png;2;1;0;0
3/2840.png;2;1;0;0
3/2841.png;2;1;0;0
3/2842.png;2;1;0;0
3/2843.png;2;1;0;0
3/2844.png;2;1;0;0
3/2845.png;2;1;0;0
3/2846.png;2;1;0;0
3/2847.png;2;1;0;0
3/2848.png;2;1;0;0
3/2849.png;2;1;0;0
3/2850.png;2;1;0;0
3/2851.png;2;1;0;0
3/2852.png;2;1;0;0
3/2853.png;2;1;0;0
3/2854.png;2;1;0;0
3/2855.png;2;1;0;0
3/2856.png;2;1;0;0
3/2857.png;2;1;0;0
3/2858.png;2;1;0;0
3/2859.png;2;1;0;0
3/2860.png;2;1;0;0
3/2861.png;2;1;0;0
3/2862.png;2;1;0;0
3/2863.png;2;1;0;0
3/2864.png;2;1;0;0
3/2865.png;2;1;0;0
3/2866.png;2;1;0;0
3/2867.png;2;1;0;0
3/2868.png;2;1;0;0
3/2869.png;2;1;0;0
3/2870.png;2;1;0;0
3/2871.png;2;1;0;0
3/2872.png;2;1;0;0
3/2873.png;2;1;0;0
3/2874.png;2;1;0;0
3/2875.png;2;1;0;0
3/2876.png;2;1;0;0
3/2877.png;2;1;0;0
3/2878.png;2;1;0;0
3/2879.png;2;1;0;0
3/2880.png;2;1;0;0
3/2881.png;2;1;0;0
3/2882.png;2;1;0;0
3/2883.png;2;1;0;0
3/2884.png;2;1;0;0
3/2885.png;2;1;0;0
3/2886.png;2;1;0;0
3/2887.png;2;1;0;0
3/2888.png;2;1;0;0
3/2889.png;2;1;0;0
3/2890.png;2;1;0;0
3/2891.png;2;1;0;0
3/2892.png;2;1;0;0
3/2893.png;2;1;0;0
3/2894.png;2;1;0;0
3/2895.png;2;1;0;0
3/2896.png;2;1;0;0
3/2897.png;2;1;0;0
3/2898.png;2;1;0;0
3/2899.png;2;1;0;0
3/2900.png;2;1;0;0
3/2901.png;2;1;0;0
3/2902.png;2;1;0;0
3/2903.png;2;1;0;0
3/2904.png;2;1;0;0
3/2905.png;2;1;0;0
3/2906.png;2;1;0;0
3/2907.png;2;1;0;0
3/2908.png;2;1;0;0
3/2909.png;2;1;0;0
3/2910.png;2;1;0;0
3/2911.png;2;1;0;0
3/2912.png;2;1;0;0
3/2913.png;2;1;0;0
3/2914.png;2;1;0;0
3/2915.png;2;1;0;0
3/2916.png;2;1;0;0
3/2917.png;2;1;0;0
3/2918.png;2;1;0;0
3/2919.png;2;1;0;0
3/2920.png;2;1;0;0
3/2921.png;2;1;0;0
3/2922.png;2;1;0;0
3/2923.png;2;1;0;0
3/2924.png;2;1;0;0
3/2925.png;2;1;0;0
3/2926.png;2;1;0;0
3/2927.png;2;1;0;0
3/2928.png;2;1;0;0
3/2929.png;2;1;0;0
3/2930.png;2;1;0;0
3/2931.png;2;1;0;0
3/2932.png;2;1;0;0
3/2933.png;2;1;0;0
3/2934.png;2;1;0;0
3/2935.png;2;1;0;0
3/2936.png;2;1;0;0
3/2937.png;2;1;0;0
3/2938.png;2;1;0;0
3/2939.png;2;1;0;0
3/2940.png;2;1;0;0
3/2941.png;2;1;0;0
3/2942.png;2;1;0;0
3/2943.png;2;1;0;0
3/2944.png;2;1;0;0
3/2945.png;2;1;0;0
3/2946.png;2;1;0;0
3/2947.png;2;1;0;0
3/2948.png;2;1;0;0
3/2949.png;2;1;0;0
3/2950.png;2;1;0;0
3/2951.png;2;1;0;0
3/2952.png;2;1;0;0
3/2953.png;2;1;0;0
3/2954.png;2;1;0;0
3/2955.png;2;1;0;0
3/2956.png;2;1;0;0
3/2957.png;2;1;0;0
3/2958.png;2;1;0;0
3/2959.png;2;1;0;0
3/2960.png;2;1;0;0
3/2961.png;2;1;0;0
3/2962.png;2;1;0;0
3/2963.png;2;1;0;0
3/2964.png;2;1;0;0
3/2965.png;2;1;0;0
3/2966.png;2;1;0;0
3/2967.png;2;1;0;0
3/2968.png;2;1;0;0
3/2969.png;2;1;0;0
3/2970.png;2;1;0;0
3/2971.png;2;1;0;0
3/2972.png;2;1;0;0
3/2973.png;2;1;0;0
3/2974.png;2;1;0;0
3/2975.png;2;1;0;0
3/2976.png;2;1;0;0
3/2977.png;2;1;0;0
3/2978.png;2;1;0;0
3/2979.png;2;1;0;0
3/2980.png;2;1;0;0
3/2981.png;2;1;0;0
3/2982.png;2;1;0;0
3/2983.png;2;1;0;0
3/2984.png;2;1;0;0
3/2985.png;2;1;0;0
3/2986.png;2;1;0;0
3/2987.png;2;1;0;0
3/2988.png;2;1;0;0
3/2989.png;2;1;0;0
3/2990.png;2;1;0;0
3/2991.png;2;1;0;0
3/2992.png;2;1;0;0
3/2993.png;2;1;0;0
3/2994.png;2;1;0;0
3/2995.png;2;1;0;0
3/2996.png;2;1;0;0
3/2997.png;2;1;0;0
3/2998.png;2;1;0;0
3/2999.png;2;1;0;0
3/3000.png;2;1;0;0
3/3001.png;2;1;0;0
3/3002.png;2;1;0;0
3/3003.png;2;1;0;0
3/3004.png;2;1;0;0
3/3005.png;2;1;0;0
3/3006.png;2;1;0;0
3/3007.png;2;1;0;0
3/3008.png;2;1;0;0
3/3009.png;2;1;0;0
3/3010.png;2;1;0;0
3/3011.png;2;1;0;0
3/3012.png;2;1;0;0
3/3013.png;2;1;0;0
3/3014.png;2;1;0;0
3/3015.png;2;1;0;0
3/3016.png;2;1;0;0
3/3017.png;2;1;0;0
3/3018.png;2;1;0;0
3/3019.png;2;1;0;0
3/3020.png;2;1;0;0
3/3021.png;2;1;0;0
3/3022.png;2;1;0;0
3/3023.png;2;1;0;0
3/3024.png;2;1;0;0
3/3025.png;2;1;0;0
3/3026.png;2;1;0;0
3/3027.png;2;1;0;0
3/3028.png;2;1;0;0
3/3029.png;2;1;0;0
3/3030.png;2;1;0;0
3/3031.png;2;1;0;0
3/3032.png;2;1;0;0
3/3033.png;2;1;0;0
3/3034.png;2;1;0;0
3/3035.png;2;1;0;0
3/3036.png;2;1;0;0
3/3037.png;2;1;0;0
3/3038.png;2;1;0;0
3/3039.png;2;1;0;0
3/3040.png;2;1;0;0
3/3041.png;2;1;0;0
3/3042.png;2;1;0;0
3/3043.png;2;1;0;0
3/3044.png;2;1;0;0
3/3045.png;2;1;0;0
3/3046.png;2;1;0;0
3/3047.png;2;1;0;0
3/3048.png;2;1;0;0
3/3049.png;2;1;0;0
3/3050.png;2;1;0;0
3/3051.png;2;1;0;0
3/3052.png;2;1;0;0
3/3053.png;2;1;0;0
3/3054.png;2;1;0;0
3/3055.png;2;1;0;0
3/3056.png;2;1;0;0
3/3057.png;2;1;0;0
3/3058.png;2;1;0;0
3/3059.png;2;1;0;0
3/3060.png;2;1;0;0
3/3061.png;2;1;0;0
3/3062.png;2;1;0;0
3/3063.png;2;1;0;0
3/3064.png;2;1;0;0
3/3065.png;2;1;0;0
3/3066.png;2;1;0;0
3/3067.png;2;1;0;0
3/3068.png;2;1;0;0
3/3069.png;2;1;0;0
3/3070.png;2;1;0;0
3/3071.png;2;1;0;0
3/3072.png;2;1;0;0
3/3073.png;2;1;0;0
3/3074.png;2;1;0;0
3/3075.png;2;1;0;0
3/3076.png;2;1;0;0
3/3077.png;2;1;0;0
3/3078.png;2;1;0;0
3/3079.png;2;1;0;0
3/3080.png;2;1;0;0
3/3081.png;2;1;0;0
3/3082.png;2;1;0;0
3/3083.png;2;1;0;0
3/3084.png;2;1;0;0
3/3085.png;2;1;0;0
3/3086.png;2;1;0;0
3/3087.png;2;1;0;0
3/3088.png;2;1;0;0
3/3089.png;2;1;0;0
3/3090.png;2;1;0;0
3/3091.png;2;1;0;0
3/3092.png;2;1;0;0
3/3093.png;2;1;0;0
3/3094.png;2;1;0;0
3/3095.png;2;1;0;0
3/3096.png;2;1;0;0
3/3097.png;2;1;0;0
3/3098.png;2;1;0;0
3/3099.png;2;1;0;0
3/3100.png;2;1;0;0
3/3101.png;2;1;0;0
3/3102.png;2;1;0;0
3/3103.png;2;1;0;0
3/3104.png;2;1;0;0
3/3105.png;2;1;0;0
3/3106.png;2;1;0;0
3/3107.png;2;1;0;0
3/3108.png;2;1;0;0
3/3109.png;2;1;0;0
3/3110.png;2;1;0;0
3/3111.png;2;1;0;0
3/3112.png;2;1;0;0
3/3113.png;2;1;0;0
3/3114.png;2;1;0;0
3/3115.png;2;1;0;0
3/3116.png;2;1;0;0
3/3117.png;2;1;0;0
3/3118.png;2;1;0;0
3/3119.png;2;1;0;0
3/3120.png;2;1;0;0
3/3121.png;2;1;0;0
3/3122.png;2;1;0;0
3/3123.png;2;1;0;0
3/3124.png;2;1;0;0
3/3125.png;2;1;0;0
3/3126.png;2;1;0;0
3/3127.png;2;1;0;0
3/3128.png;2;1;0;0
3/3129.png;2;1;0;0
3/3130.png;2;1;0;0
3/3131.png;2;1;0;0
3/3132.png;2;1;0;0
3/3133.png;2;1;0;0
3/3134.png;2;1;0;0
3/3135.png;2;1;0;0
3/3136.png;2;1;0;0
3/3137.png;2;1;0;0
3/3138.png;2;1;0;0
3/3139.png;2;1;0;0
3/3140.png;2;1;0;0
3/3141.png;2;1;0;0
3/3142.png;2;1;0;0
3/3143.png;2;1;0;0
3/3144.png;2;1;0;0
3/3145.png;2;1;0;0
3/3146.png;2;1;0;0
3/3147.png;2;1;0;0
3/3148.png;2;1;0;0
3/3149.png;2;1;0;0
3/3150.png;2;1;0;0
3/3151.png;2;1;0;0
3/3152.png;2;1;0;0
3/3153.png;2;1;0;0
3/3154.png;2;1;0;0
3/3155.png;2;1;0;0
3/3156.png;2;1;0;0
3/3157.png;2;1;0;0
3/3158.png;2;1;0;0
3/3159.png;2;1;0;0
3/3160.png;2;1;0;0
3/3161.png;2;1;0;0
3/3162.png;2;1;0;0
3/3163.png;2;1;0;0
3/3164.png;2;1;0;0
3/3165.png;2;1;0;0
3/3166.png;2;1;0;0
3/3167.png;2;1;0;0
3/3168.png;2;1;0;0
3/3169.png;2;1;0;0
3/3170.png;2;1;0;0
3/3171.png;2;1;0;0
3/3172.png;2;1;0;0
3/3173.png;2;1;0;0
3/3174.png;2;1;0;0
3/3175.png;2;1;0;0
3/3176.png;2;1;0;0
3/3177.png;2;1;0;0
3/3178.png;2;1;0;0
3/3179.png;2;1;0;0
3/3180.png;2;1;0;0
3/3181.png;2;1;0;0
3/3182.png;2;1;0;0
3/3183.png;2;1;0;0
3/3184.png;2;1;0;0
3/3185.png;2;1;0;0
3/3186.png;2;1;0;0
3/3187.png;2;1;0;0
3/3188.png;2;1;0;0
3/3189.png;2;1;0;0
3/3190.png;2;1;0;0
3/3191.png;2;1;0;0
3/3192.png;2;1;0;0
3/3193.png;2;1;0;0
3/3194.png;2;1;0;0
3/3195.png;2;1;0;0
3/3196.png;2;1;0;0
3/3197.png;2;1;0;0
3/3198.png;2;1;0;0
3/3199.png;2;1;0;0
3/3200.png;2;1;0;0
3/3201.png;2;1;0;0
3/3202.png;2;1;0;0
3/3203.png;2;1;0;0
3/3204.png;2;1;0;0
3/3205.png;2;1;0;0
3/3206.png;2;1;0;0
3/3207.png;2;1;0;0
3/3208.png;2;1;0;0
3/3209.png;2;1;0;0
3/3210.png;2;1;0;0
3/3211.png;2;1;0;0
3/3212.png;2;1;0;0
3/3213.png;2;1;0;0
3/3214.png;2;1;0;0
3/3215.png;2;1;0;0
3/3216.png;2;1;0;0
3/3217.png;2;1;0;0
3/3218.png;2;1;0;0
3/3219.png;2;1;0;0
3/3220.png;2;1;0;0
3/3221.png;2;1;0;0
3/3222.png;2;1;0;0
3/3223.png;2;1;0;0
3/3224.png;2;1;0;0
3/3225.png;2;1;0;0
3/3226.png;2;1;0;0
3/3227.png;2;1;0;0
3/3228.png;2;1;0;0
3/3229.png;2;1;0;0
3/3230.png;2;1;0;0
3/3231.png;2;1;0;0
3/3232.png;2;1;0;0
3/3233.png;2;1;0;0
3/3234.png;2;1;0;0
3/3235.png;2;1;0;0
3/3236.png;2;1;0;0
3/3237.png;2;1;0;0
3/3238.png;2;1;0;0
3/3239.png;2;1;0;0
3/3240.png;2;1;0;0
3/3241.png;2;1;0;0
3/3242.png;2;1;0;0
3/3243.png;2;1;0;0
3/3244.png;2;1;0;0
3/3245.png;2;1;0;0
3/3246.png;2;1;0;0
3/3247.png;2;1;0;0
3/3248.png;2;1;0;0
3/3249.png;2;1;0;0
3/3250.png;2;1;0;0
3/3251.png;2;1;0;0
3/3252.png;2;1;0;0
3/3253.png;2;1;0;0
3/3254.png;2;1;0;0
3/3255.png;2;1;0;0
3/3256.png;2;1;0;0
3/3257.png;2;1;0;0
3/3258.png;2;1;0;0
3/3259.png;2;1;0;0
3/3260.png;2;1;0;0
3/3261.png;2;1;0;0
3/3262.png;2;1;0;0
3/3263.png;2;1;0;0
3/3264.png;2;1;0;0
3/3265.png;2;1;0;0
3/3266.png;2;1;0;0
3/3267.png;2;1;0;0
3/3268.png;2;1;0;0
3/3269.png;2;1;0;0
3/3270.png;2;1;0;0
3/3271.png;2;1;0;0
3/3272.png;2;1;0;0
3/3273.png;2;1;0;0
3/3274.png;2;1;0;0
3/3275.png;2;1;0;0
3/3276.png;2;1;0;0
3/3277.png;2;1;0;0
3/3278.png;2;1;0;0
3/3279.png;2;1;0;0
3/3280.png;2;1;0;0
3/3281.png;2;1;0;0
3/3282.png;2;1;0;0
3/3283.png;2;1;0;0
3/3284.png;2;1;0;0
3/3285.png;2;1;0;0
3/3286.png;2;1;0;0
3/3287.png;2;1;0;0
3/3288.png;2;1;0;0
3/3289.png;2;1;0;0
3/3290.png;2;1;0;0
3/3291.png;2;1;0;0
3/3292.png;2;1;0;0
3/3293.png;2;1;0;0
3/3294.png;2;1;0;0
3/3295.png;2;1;0;0
3/3296.png;2;1;0;0
3/3297.png;2;1;0;0
3/3298.png;2;1;0;0
3/3299.png;2;1;0;0
3/3300.png;2;1;0;0
3/3301.png;2;1;0;0
3/3302.png;2;1;0;0
3/3303.png;2;1;0;0
3/3304.png;2;1;0;0
3/3305.png;2;1;0;0
3/3306.png;2;1;0;0
3/3307.png;2;1;0;0
3/3308.png;2;1;0;0
3/3309.png;2;1;0;0
3/3310.png;2;1;0;0
3/3311.png;2;1;0;0
3/3312.png;2;1;0;0
3/3313.png;2;1;0;0
3/3314.png;2;1;0;0
3/3315.png;2;1;0;0
3/3316.png;2;1;0;0
3/3317.png;2;1;0;0
3/3318.png;2;1;0;0
3/3319.png;2;1;0;0
3/3320.png;2;1;0;0
3/3321.png;2;1;0;0
3/3322.png;2;1;0;0
3/3323.png;2;1;0;0
3/3324.png;2;1;0;0
3/3325.png;2;1;0;0
3/3326.png;2;1;0;0
3/3327.png;2;1;0;0
3/3328.png;2;1;0;0
3/3329.png;2;1;0;0
3/3330.png;2;1;0;0
3/3331.png;2;1;0;0
3/3332.png;2;1;0;0
3/3333.png;2;1;0;0
3/3334.png;2;1;0;0
3/3335.png;2;1;0;0
3/3336.png;2;1;0;0
3/3337.png;2;1;0;0
3/3338.png;2;1;0;0
3/3339.png;2;1;0;0
3/3340.png;2;1;0;0
3/3341.png;2;1;0;0
3/3342.png;2;1;0;0
3/3343.png;2;1;0;0
3/3344.png;2;1;0;0
3/3345.png;2;1;0;0
3/3346.png;2;1;0;0
3/3347.png;2;1;0;0
3/3348.png;2;1;0;0
3/3349.png;2;1;0;0
3/3350.png;2;1;0;0
3/3351.png;2;1;0;0
3/3352.png;2;1;0;0
3/3353.png;2;1;0;0
3/3354.png;2;1;0;0
3/3355.png;2;1;0;0
3/3356.png;2;1;0;0
3/3357.png;2;1;0;0
3/3358.png;2;1;0;0
3/3359.png;2;1;0;0
3/3360.png;2;1;0;0
3/3361.png;2;1;0;0
3/3362.png;2;1;0;0
3/3363.png;2;1;0;0
3/3364.png;2;1;0;0
3/3365.png;2;1;0;0
3/3366.png;2;1;0;0
3/3367.png;2;1;0;0
3/3368.png;2;1;0;0
3/3369.png;2;1;0;0
3/3370.png;2;1;0;0
3/3371.png;2;1;0;0
3/3372.png;2;1;0;0
3/3373.png;2;1;0;0
3/3374.png;2;1;0;0
3/3375.png;2;1;0;0
3/3376.png;2;1;0;0
3/3377.png;2;1;0;0
3/3378.png;2;1;0;0
3/3379.png;2;1;0;0
3/3380.png;2;1;0;0
3/3381.png;2;1;0;0
3/3382.png;2;1;0;0
3/3383.png;2;1;0;0
3/3384.png;2;1;0;0
3/3385.png;2;1;0;0
3/3386.png;2;1;0;0
3/3387.png;2;1;0;0
3/3388.png;2;1;0;0
3/3389.png;2;1;0;0
3/3390.png;2;1;0;0
3/3391.png;2;1;0;0
3/3392.png;2;1;0;0
3/3393.png;2;1;0;0
3/3394.png;2;1;0;0
3/3395.png;2;1;0;0
3/3396.png;2;1;0;0
3/3397.png;2;1;0;0
3/3398.png;2;1;0;0
3/3399.png;2;1;0;0
3/3400.png;2;1;0;0
3/3401.png;2;1;0;0
3/3402.png;2;1;0;0
3/3403.png;2;1;0;0
3/3404.png;2;1;0;0
3/3405.png;2;1;0;0
3/3406.png;2;1;0;0
3/3407.png;2;1;0;0
3/3408.png;2;1;0;0
3/3409.png;2;1;0;0
3/3410.png;2;1;0;0
3/3411.png;2;1;0;0
3/3412.png;2;1;0;0
3/3413.png;2;1;0;0
3/3414.png;2;1;0;0
3/3415.png;2;1;0;0
3/3416.png;2;1;0;0
3/3417.png;2;1;0;0
3/3418.png;2;1;0;0
3/3419.png;2;1;0;0
3/3420.png;2;1;0;0
3/3421.png;2;1;0;0
3/3422.png;2;1;0;0
3/3423.png;2;1;0;0
3/3424.png;2;1;0;0
3/3425.png;2;1;0;0
3/3426.png;2;1;0;0
3/3427.png;2;1;0;0
3/3428.png;2;1;0;0
3/3429.png;2;1;0;0
3/3430.png;2;1;0;0
3/3431.png;2;1;0;0
3/3432.png;2;1;0;0
3/3433.png;2;1;0;0
3/3434.png;2;1;0;0
3/3435.png;2;1;0;0
3/3436.png;2;1;0;0
3/3437.png;2;1;0;0
3/3438.png;2;1;0;0
3/3439.png;2;1;0;0
3/3440.png;2;1;0;0
3/3441.png;2;1;0;0
3/3442.png;2;1;0;0
3/3443.png;2;1;0;0
3/3444.png;2;1;0;0
3/3445.png;2;1;0;0
3/3446.png;2;1;0;0
3/3447.png;2;1;0;0
3/3448.png;2;1;0;0
3/3449.png;2;1;0;0
3/3450.png;2;1;0;0
3/3451.png;2;1;0;0
3/3452.png;2;1;0;0
3/3453.png;2;1;0;0
3/3454.png;2;1;0;0
3/3455.png;2;1;0;0
3/3456.png;2;1;0;0
3/3457.png;2;1;0;0
3/3458.png;2;1;0;0
3/3459.png;2;1;0;0
3/3460.png;2;1;0;0
3/3461.png;2;1;0;0
3/3462.png;2;1;0;0
3/3463.png;2;1;0;0
3/3464.png;2;1;0;0
3/3465.png;2;1;0;0
3/3466.png;2;1;0;0
3/3467.png;2;1;0;0
3/3468.png;2;1;0;0
3/3469.png;2;1;0;0
3/3470.png;2;1;0;0
3/3471.png;2;1;0;0
3/3472.png;2;1;0;0
3/3473.png;2;1;0;0
3/3474.png;2;1;0;0
3/3475.png;2;1;0;0
3/3476.png;2;1;0;0
3/3477.png;2;1;0;0
3/3478.png;2;1;0;0
3/3479.png;2;1;0;0
3/3480.png;2;1;0;0
3/3481.png;2;1;0;0
3/3482.png;2;1;0;0
3/3483.png;2;1;0;0
3/3484.png;2;1;0;0
3/3485.png;2;1;0;0
3/3486.png;2;1;0;0
3/3487.png;2;1;0;0
3/3488.png;2;1;0;0
3/3489.png;2;1;0;0
3/3490.png;2;1;0;0
3/3491.png;2;1;0;0
3/3492.png;2;1;0;0
3/3493.png;2;1;0;0
3/3494.png;2;1;0;0
3/3495.png;2;1;0;0
3/3496.png;2;1;0;0
3/3497.png;2;1;0;0
3/3498.png;2;1;0;0
3/3499.png;2;1;0;0
3/3500.png;2;1;0;0
3/3501.png;2;1;0;0
3/3502.png;2;1;0;0
3/3503.png;2;1;0;0
3/3504.png;2;1;0;0
3/3505.png;2;1;0;0
3/3506.png;2;1;0;0
3/3507.png;2;1;0;0
3/3508.png;2;1;0;0
3/3509.png;2;1;0;0
3/3510.png;2;1;0;0
3/3511.png;2;1;0;0
3/3512.png;2;1;0;0
3/3513.png;2;1;0;0
3/3514.png;2;1;0;0
3/3515.png;2;1;0;0
3/3516.png;2;1;0;0
3/3517.png;2;1;0;0
3/3518.png;2;1;0;0
3/3519.png;2;1;0;0
3/3520.png;2;1;0;0
3/3521.png;2;1;0;0
3/3522.png;2;1;0;0
3/3523.png;2;1;0;0
3/3524.png;2;1;0;0
3/3525.png;2;1;0;0
3/3526.png;2;1;0;0
3/3527.png;2;1;0;0
3/3528.png;2;1;0;0
3/3529.png;2;1;0;0
3/3530.png;2;1;0;0
3/3531.png;2;1;0;0
3/3532.png;2;1;0;0
3/3533.png;2;1;0;0
3/3534.png;2;1;0;0
3/3535.png;2;1;0;0
3/3536.png;2;1;0;0
3/3537.png;2;1;0;0
3/3538.png;2;1;0;0
3/3539.png;2;1;0;0
3/3540.png;2;1;0;0
3/3541.png;2;1;0;0
3/3542.png;2;1;0;0
3/3543.png;2;1;0;0
3/3544.png;2;1;0;0
3/3545.png;2;1;0;0
3/3546.png;2;1;0;0
3/3547.png;2;1;0;0
3/3548.png;2;1;0;0
3/3549.png;2;1;0;0
3/3550.png;2;1;0;0
3/3551.png;2;1;0;0
3/3552.png;2;1;0;0
3/3553.png;2;1;0;0
3/3554.png;2;1;0;0
3/3555.png;2;1;0;0
3/3556.png;2;1;0;0
3/3557.png;2;1;0;0
3/3558.png;2;1;0;0
3/3559.png;2;1;0;0
3/3560.png;2;1;0;0
3/3561.png;2;1;0;0
3/3562.png;2;1;0;0
3/3563.png;2;1;0;0
3/3564.png;2;1;0;0
3/3565.png;2;1;0;0
3/3566.png;2;1;0;0
3/3567.png;2;1;0;0
3/3568.png;2;1;0;0
3/3569.png;2;1;0;0
3/3570.png;2;1;0;0
3/3571.png;2;1;0;0
3/3572.png;2;1;0;0
3/3573.png;2;1;0;0
3/3574.png;2;1;0;0
3/3575.png;2;1;0;0
3/3576.png;2;1;0;0
3/3577.png;2;1;0;0
3/3578.png;2;1;0;0
3/3579.png;2;1;0;0
3/3580.png;2;1;0;0
3/3581.png;2;1;0;0
3/3582.png;2;1;0;0
3/3583.png;2;1;0;0
3/3584.png;2;1;0;0
3/3585.png;2;1;0;0
3/3586.png;2;1;0;0
3/3587.png;2;1;0;0
3/3588.png;2;1;0;0
3/3589.png;2;1;0;0
3/3590.png;2;1;0;0
3/3591.png;2;1;0;0
3/3592.png;2;1;0;0
3/3593.png;2;1;0;0
3/3594.png;2;1;0;0
3/3595.png;2;1;0;0
3/3596.png;2;1;0;0
3/3597.png;2;1;0;0
3/3598.png;2;1;0;0
3/3599.png;2;1;0;0
3/3600.png;2;1;0;0
3/3601.png;2;1;0;0
3/3602.png;2;1;0;0
3/3603.png;2;1;0;0
3/3604.png;2;1;0;0
3/3605.png;2;1;0;0
3/3606.png;2;1;0;0
3/3607.png;2;1;0;0
3/3608.png;2;1;0;0
3/3609.png;2;1;0;0
3/3610.png;2;1;0;0
3/3611.png;2;1;0;0
3/3612.png;2;1;0;0
3/3613.png;2;1;0;0
3/3614.png;2;1;0;0
3/3615.png;2;1;0;0
3/3616.png;2;1;0;0
3/3617.png;2;1;0;0
3/3618.png;2;1;0;0
3/3619.png;2;1;0;0
3/3620.png;2;1;0;0
3/3621.png;2;1;0;0
3/3622.png;2;1;0;0
3/3623.png;2;1;0;0
3/3624.png;2;1;0;0
3/3625.png;2;1;0;0
3/3626.png;2;1;0;0
3/3627.png;2;1;0;0
3/3628.png;2;1;0;0
3/3629.png;2;1;0;0
3/3630.png;2;1;0;0
3/3631.png;2;1;0;0
3/3632.png;2;1;0;0
3/3633.png;2;1;0;0
3/3634.png;2;1;0;0
3/3635.png;2;1;0;0
3/3636.png;2;1;0;0
3/3637.png;2;1;0;0
3/3638.png;2;1;0;0
3/3639.png;2;1;0;0
3/3640.png;2;1;0;0
3/3641.png;2;1;0;0
3/3642.png;2;1;0;0
3/3643.png;2;1;0;0
3/3644.png;2;1;0;0
3/3645.png;2;1;0;0
3/3646.png;2;1;0;0
3/3647.png;2;1;0;0
3/3648.png;2;1;0;0
3/3649.png;2;1;0;0
3/3650.png;2;1;0;0
3/3651.png;2;1;0;0
3/3652.png;2;1;0;0
3/3653.png;2;1;0;0
3/3654.png;2;1;0;0
3/3655.png;2;1;0;0
3/3656.png;2;1;0;0
3/3657.png;2;1;0;0
3/3658.png;2;1;0;0
3/3659.png;2;1;0;0
3/3660.png;2;1;0;0
3/3661.png;2;1;0;0
3/3662.png;2;1;0;0
3/3663.png;2;1;0;0
3/3664.png;2;1;0;0
3/3665.png;2;1;0;0
3/3666.png;2;1;0;0
3/3667.png;2;1;0;0
3/3668.png;2;1;0;0
3/3669.png;2;1;0;0
3/3670.png;2;1;0;0
3/3671.png;2;1;0;0
3/3672.png;2;1;0;0
3/3673.png;2;1;0;0
3/3674.png;2;1;0;0
3/3675.png;2;1;0;0
3/3676.png;2;1;0;0
3/3677.png;2;1;0;0
3/3678.png;2;1;0;0
3/3679.png;2;1;0;0
3/3680.png;2;1;0;0
3/3681.png;2;1;0;0
3/3682.png;2;1;0;0
3/3683.png;2;1;0;0
3/3684.png;2;1;0;0
3/3685.png;2;1;0;0
3/3686.png;2;1;0;0
3/3687.png;2;1;0;0
3/3688.png;2;1;0;0
3/3689.png;2;1;0;0
3/3690.png;2;1;0;0
3/3691.png;2;1;0;0
3/3692.png;2;1;0;0
3/3693.png;2;1;0;0
3/3694.png;2;1;0;0
3/3695.png;2;1;0;0
3/3696.png;2;1;0;0
3/3697.png;2;1;0;0
3/3698.png;2;1;0;0
3/3699.png;2;1;0;0
3/3700.png;2;1;0;0
3/3701.png;2;1;0;0
3/3702.png;2;1;0;0
3/3703.png;2;1;0;0
3/3704.png;2;1;0;0
3/3705.png;2;1;0;0
3/3706.png;2;1;0;0
3/3707.png;2;1;0;0
3/3708.png;2;1;0;0
3/3709.png;2;1;0;0
3/3710.png;2;1;0;0
3/3711.png;2;1;0;0
3/3712.png;2;1;0;0
3/3713.png;2;1;0;0
3/3714.png;2;1;0;0
3/3715.png;2;1;0;0
3/3716.png;2;1;0;0
3/3717.png;2;1;0;0
3/3718.png;2;1;0;0
3/3719.png;2;1;0;0
3/3720.png;2;1;0;0
3/3721.png;2;1;0;0
3/3722.png;2;1;0;0
3/3723.png;2;1;0;0
3/3724.png;2;1;0;0
3/3725.png;2;1;0;0
3/3726.png;2;1;0;0
3/3727.png;2;1;0;0
3/3728.png;2;1;0;0
3/3729.png;2;1;0;0
3/3730.png;2;1;0;0
3/3731.png;2;1;0;0
3/3732.png;2;1;0;0
3/3733.png;2;1;0;0
3/3734.png;2;1;0;0
3/3735.png;2;1;0;0
3/3736.png;2;1;0;0
3/3737.png;2;1;0;0
3/3738.png;2;1;0;0
3/3739.png;2;1;0;0
3/3740.png;2;1;0;0
3/3741.png;2;1;0;0
3/3742.png;2;1;0;0
3/3743.png;2;1;0;0
3/3744.png;2;1;0;0
3/3745.png;2;1;0;0
3/3746.png;2;1;0;0
3/3747.png;2;1;0;0
3/3748.png;2;1;0;0
3/3749.png;2;1;0;0
3/3750.png;2;1;0;0
3/3751.png;2;1;0;0
3/3752.png;2;1;0;0
3/3753.png;2;1;0;0
3/3754.png;2;1;0;0
3/3755.png;2;1;0;0
3/3756.png;2;1;0;0
3/3757.png;2;1;0;0
3/3758.png;2;1;0;0
3/3759.png;2;1;0;0
3/3760.png;2;1;0;0
3/3761.png;2;1;0;0
3/3762.png;2;1;0;0
3/3763.png;2;1;0;0
3/3764.png;2;1;0;0
3/3765.png;2;1;0;0
3/3766.png;2;1;0;0
3/3767.png;2;1;0;0
3/3768.png;2;1;0;0
3/3769.png;2;1;0;0
3/3770.png;2;1;0;0
3/3771.png;2;1;0;0
3/3772.png;2;1;0;0
3/3773.png;2;1;0;0
3/3774.png;2;1;0;0
3/3775.png;2;1;0;0
3/3776.png;2;1;0;0
3/3777.png;2;1;0;0
3/3778.png;2;1;0;0
3/3779.png;2;1;0;0
3/3780.png;2;1;0;0
3/3781.png;2;1;0;0
3/3782.png;2;1;0;0
3/3783.png;2;1;0;0
3/3784.png;2;1;0;0
3/3785.png;2;1;0;0
3/3786.png;2;1;0;0
3/3787.png;2;1;0;0
3/3788.png;2;1;0;0
3/3789.png;2;1;0;0
3/3790.png;2;1;0;0
3/3791.png;2;1;0;0
3/3792.png;2;1;0;0
3/3793.png;2;1;0;0
3/3794.png;2;1;0;0
3/3795.png;2;1;0;0
3/3796.png;2;1;0;0
3/3797.png;2;1;0;0
3/3798.png;2;1;0;0
3/3799.png;2;1;0;0
3/3800.png;2;1;0;0
3/3801.png;2;1;0;0
3/3802.png;2;1;0;0
3/3803.png;2;1;0;0
3/3804.png;2;1;0;0
3/3805.png;2;1;0;0
3/3806.png;2;1;0;0
3/3807.png;2;1;0;0
3/3808.png;2;1;0;0
3/3809.png;2;1;0;0
3/3810.png;2;1;0;0
3/3811.png;2;1;0;0
3/3812.png;2;1;0;0
3/3813.png;2;1;0;0
3/3814.png;2;1;0;0
3/3815.png;2;1;0;0
3/3816.png;2;1;0;0
3/3817.png;2;1;0;0
3/3818.png;2;1;0;0
3/3819.png;2;1;0;0
3/3820.png;2;1;0;0
3/3821.png;2;1;0;0
3/3822.png;2;1;0;0
3/3823.png;2;1;0;0
3/3824.png;2;1;0;0
3/3825.png;2;1;0;0
3/3826.png;2;1;0;0
3/3827.png;2;1;0;0
3/3828.png;2;1;0;0
3/3829.png;2;1;0;0
3/3830.png;2;1;0;0
3/3831.png;2;1;0;0
3/3832.png;2;1;0;0
3/3833.png;2;1;0;0
3/3834.png;2;1;0;0
3/3835.png;2;1;0;0
3/3836.png;2;1;0;0
3/3837.png;2;1;0;0
3/3838.png;2;1;0;0
3/3839.png;2;1;0;0
3/3840.png;2;1;0;0
3/3841.png;2;1;0;0
3/3842.png;2;1;0;0
3/3843.png;2;1;0;0
3/3844.png;2;1;0;0
3/3845.png;2;1;0;0
3/3846.png;2;1;0;0
3/3847.png;2;1;0;0
3/3848.png;2;1;0;0
3/3849.png;2;1;0;0
3/3850.png;2;1;0;0
3/3851.png;2;1;0;0
3/3852.png;2;1;0;0
3/3853.png;2;1;0;0
3/3854.png;2;1;0;0
3/3855.png;2;1;0;0
3/3856.png;2;1;0;0
3/3857.png;2;1;0;0
3/3858.png;2;1;0;0
3/3859.png;2;1;0;0
3/3860.png;2;1;0;0
3/3861.png;2;1;0;0
3/3862.png;2;1;0;0
3/3863.png;2;1;0;0
3/3864.png;2;1;0;0
3/3865.png;2;1;0;0
3/3866.png;2;1;0;0
3/3867.png;2;1;0;0
3/3868.png;2;1;0;0
3/3869.png;2;1;0;0
3/3870.png;2;1;0;0
3/3871.png;2;1;0;0
3/3872.png;2;1;0;0
3/3873.png;2;1;0;0
3/3874.png;2;1;0;0
3/3875.png;2;1;0;0
3/3876.png;2;1;0;0
3/3877.png;2;1;0;0
3/3878.png;2;1;0;0
3/3879.png;2;1;0;0
3/3880.png;2;1;0;0
3/3881.png;2;1;0;0
3/3882.png;2;1;0;0
3/3883.png;2;1;0;0
3/3884.png;2;1;0;0
3/3885.png;2;1;0;0
3/3886.png;2;1;0;0
3/3887.png;2;1;0;0
3/3888.png;2;1;0;0
3/3889.png;2;1;0;0
3/3890.png;2;1;0;0
3/3891.png;2;1;0;0
3/3892.png;2;1;0;0
3/3893.png;2;1;0;0
3/3894.png;2;1;0;0
3/3895.png;2;1;0;0
3/3896.png;2;1;0;0
3/3897.png;2;1;0;0
3/3898.png;2;1;0;0
3/3899.png;2;1;0;0
3/3900.png;2;1;0;0
3/3901.png;2;1;0;0
3/3902.png;2;1;0;0
3/3903.png;2;1;0;0
3/3904.png;2;1;0;0
3/3905.png;2;1;0;0
3/3906.png;2;1;0;0
3/3907.png;2;1;0;0
3/3908.png;2;1;0;0
3/3909.png;2;1;0;0
3/3910.png;2;1;0;0
3/3911.png;2;1;0;0
3/3912.png;2;1;0;0
3/3913.png;2;1;0;0
3/3914.png;2;1;0;0
3/3915.png;2;1;0;0
3/3916.png;2;1;0;0
3/3917.png;2;1;0;0
3/3918.png;2;1;0;0
3/3919.png;2;1;0;0
3/3920.png;2;1;0;0
3/3921.png;2;1;0;0
3/3922.png;2;1;0;0
3/3923.png;2;1;0;0
3/3924.png;2;1;0;0
3/3925.png;2;1;0;0
3/3926.png;2;1;0;0
3/3927.png;2;1;0;0
3/3928.png;2;1;0;0
3/3929.png;2;1;0;0
3/3930.png;2;1;0;0
3/3931.png;2;1;0;0
3/3932.png;2;1;0;0
3/3933.png;2;1;0;0
3/3934.png;2;1;0;0
3/3935.png;2;1;0;0
3/3936.png;2;1;0;0
3/3937.png;2;1;0;0
3/3938.png;2;1;0;0
3/3939.png;2;1;0;0
3/3940.png;2;1;0;0
3/3941.png;2;1;0;0
3/3942.png;2;1;0;0
3/3943.png;2;1;0;0
3/3944.png;2;1;0;0
3/3945.png;2;1;0;0
3/3946.png;2;1;0;0
3/3947.png;2;1;0;0
3/3948.png;2;1;0;0
3/3949.png;2;1;0;0
3/3950.png;2;1;0;0
3/3951.png;2;1;0;0
3/3952.png;2;1;0;0
3/3953.png;2;1;0;0
3/3954.png;2;1;0;0
3/3955.png;2;1;0;0
3/3956.png;2;1;0;0
3/3957.png;2;1;0;0
3/3958.png;2;1;0;0
3/3959.png;2;1;0;0
3/3960.png;2;1;0;0
3/3961.png;2;1;0;0
3/3962.png;2;1;0;0
3/3963.png;2;1;0;0
3/3964.png;2;1;0;0
3/3965.png;2;1;0;0
3/3966.png;2;1;0;0
3/3967.png;2;1;0;0
3/3968.png;2;1;0;0
3/3969.png;2;1;0;0
3/3970.png;2;1;0;0
3/3971.png;2;1;0;0
3/3972.png;2;1;0;0
3/3973.png;2;1;0;0
3/3974.png;2;1;0;0
3/3975.png;2;1;0;0
3/3976.png;2;1;0;0
3/3977.png;2;1;0;0
3/3978.png;2;1;0;0
3/3979.png;2;1;0;0
3/3980.png;2;1;0;0
3/3981.png;2;1;0;0
3/3982.png;2;1;0;0
3/3983.png;2;1;0;0
3/3984.png;2;1;0;0
3/3985.png;2;1;0;0
3/3986.png;2;1;0;0
3/3987.png;2;1;0;0
3/3988.png;2;1;0;0
3/3989.png;2;1;0;0
3/3990.png;2;1;0;0
3/3991.png;2;1;0;0
3/3992.png;2;1;0;0
3/3993.png;2;1;0;0
3/3994.png;2;1;0;0
3/3995.png;2;1;0;0
3/3996.png;2;1;0;0
3/3997.png;2;1;0;0
3/3998.png;2;1;0;0
3/3999.png;2;1;0;0
3/4000.png;2;1;0;0
3/4001.png;2;1;0;0
3/4002.png;2;1;0;0
3/4003.png;2;1;0;0
3/4004.png;2;1;0;0
3/4005.png;2;1;0;0
3/4006.png;2;1;0;0
3/4007.png;2;1;0;0
3/4008.png;2;1;0;0
3/4009.png;2;1;0;0
3/4010.png;2;1;0;0
3/4011.png;2;1;0;0
3/4012.png;2;1;0;0
3/4013.png;2;1;0;0
3/4014.png;2;1;0;0
3/4015.png;2;1;0;0
3/4016.png;2;1;0;0
3/4017.png;2;1;0;0
3/4018.png;2;1;0;0
3/4019.png;2;1;0;0
3/4020.png;2;1;0;0
3/4021.png;2;1;0;0
3/4022.png;2;1;0;0
3/4023.png;2;1;0;0
3/4024.png;2;1;0;0
3/4025.png;2;1;0;0
3/4026.png;2;1;0;0
3/4027.png;2;1;0;0
3/4028.png;2;1;0;0
3/4029.png;2;1;0;0
3/4030.png;2;1;0;0
3/4031.png;2;1;0;0
3/4032.png;2;1;0;0
3/4033.png;2;1;0;0
3/4034.png;2;1;0;0
3/4035.png;2;1;0;0
3/4036.png;2;1;0;0
3/4037.png;2;1;0;0
3/4038.png;2;1;0;0
3/4039.png;2;1;0;0
3/4040.png;2;1;0;0
3/4041.png;2;1;0;0
3/4042.png;2;1;0;0
3/4043.png;2;1;0;0
3/4044.png;2;1;0;0
3/4045.png;2;1;0;0
3/4046.png;2;1;0;0
3/4047.png;2;1;0;0
3/4048.png;2;1;0;0
3/4049.png;2;1;0;0
3/4050.png;2;1;0;0
3/4051.png;2;1;0;0
3/4052.png;2;1;0;0
3/4053.png;2;1;0;0
3/4054.png;2;1;0;0
3/4055.png;2;1;0;0
3/4056.png;2;1;0;0
3/4057.png;2;1;0;0
3/4058.png;2;1;0;0
3/4059.png;2;1;0;0
3/4060.png;2;1;0;0
3/4061.png;2;1;0;0
3/4062.png;2;1;0;0
3/4063.png;2;1;0;0
3/4064.png;2;1;0;0
3/4065.png;2;1;0;0
3/4066.png;2;1;0;0
3/4067.png;2;1;0;0
3/4068.png;2;1;0;0
3/4069.png;2;1;0;0
3/4070.png;2;1;0;0
3/4071.png;2;1;0;0
3/4072.png;2;1;0;0
3/4073.png;2;1;0;0
3/4074.png;2;1;0;0
3/4075.png;2;1;0;0
3/4076.png;2;1;0;0
3/4077.png;2;1;0;0
3/4078.png;2;1;0;0
3/4079.png;2;1;0;0
3/4080.png;2;1;0;0
3/4081.png;2;1;0;0
3/4082.png;2;1;0;0
3/4083.png;2;1;0;0
3/4084.png;2;1;0;0
3/4085.png;2;1;0;0
3/4086.png;2;1;0;0
3/4087.png;2;1;0;0
3/4088.png;2;1;0;0
3/4089.png;2;1;0;0
3/4090.png;2;1;0;0
3/4091.png;2;1;0;0
3/4092.png;2;1;0;0
3/4093.png;2;1;0;0
3/4094.png;2;1;0;0
3/4095.png;2;1;0;0
3/4096.png;2;1;0;0
3/4097.png;2;1;0;0
3/4098.png;2;1;0;0
3/4099.png;2;1;0;0
3/4100.png;2;1;0;0
3/4101.png;2;1;0;0
3/4102.png;2;1;0;0
3/4103.png;2;1;0;0
3/4104.png;2;1;0;0
3/4105.png;2;1;0;0
3/4106.png;2;1;0;0
3/4107.png;2;1;0;0
3/4108.png;2;1;0;0
3/4109.png;2;1;0;0
3/4110.png;2;1;0;0
3/4111.png;2;1;0;0
3/4112.png;2;1;0;0
3/4113.png;2;1;0;0
3/4114.png;2;1;0;0
3/4115.png;2;1;0;0
3/4116.png;2;1;0;0
3/4117.png;2;1;0;0
3/4118.png;2;1;0;0
3/4119.png;2;1;0;0
3/4120.png;2;1;0;0
3/4121.png;2;1;0;0
3/4122.png;2;1;0;0
3/4123.png;2;1;0;0
3/4124.png;2;1;0;0
3/4125.png;2;1;0;0
3/4126.png;2;1;0;0
3/4127.png;2;1;0;0
3/4128.png;2;1;0;0
3/4129.png;2;1;0;0
3/4130.png;2;1;0;0
3/4131.png;2;1;0;0
3/4132.png;2;1;0;0
3/4133.png;2;1;0;0
3/4134.png;2;1;0;0
3/4135.png;2;1;0;0
3/4136.png;2;1;0;0
3/4137.png;2;1;0;0
3/4138.png;2;1;0;0
3/4139.png;2;1;0;0
3/4140.png;2;1;0;0
3/4141.png;2;1;0;0
3/4142.png;2;1;0;0
3/4143.png;2;1;0;0
3/4144.png;2;1;0;0
3/4145.png;2;1;0;0
3/4146.png;2;1;0;0
3/4147.png;2;1;0;0
3/4148.png;2;1;0;0
3/4149.png;2;1;0;0
3/4150.png;2;1;0;0
3/4151.png;2;1;0;0
3/4152.png;2;1;0;0
3/4153.png;2;1;0;0
3/4154.png;2;1;0;0
3/4155.png;2;1;0;0
3/4156.png;2;1;0;0
3/4157.png;2;1;0;0
3/4158.png;2;1;0;0
3/4159.png;2;1;0;0
3/4160.png;2;1;0;0
3/4161.png;2;1;0;0
3/4162.png;2;1;0;0
3/4163.png;2;1;0;0
3/4164.png;2;1;0;0
3/4165.png;2;1;0;0
3/4166.png;2;1;0;0
3/4167.png;2;1;0;0
3/4168.png;2;1;0;0
3/4169.png;2;1;0;0
3/4170.png;2;1;0;0
3/4171.png;2;1;0;0
3/4172.png;2;1;0;0
3/4173.png;2;1;0;0
3/4174.png;2;1;0;0
3/4175.png;2;1;0;0
3/4176.png;2;1;0;0
3/4177.png;2;1;0;0
3/4178.png;2;1;0;0
3/4179.png;2;1;0;0
3/4180.png;2;1;0;0
3/4181.png;2;1;0;0
3/4182.png;2;1;0;0
3/4183.png;2;1;0;0
3/4184.png;2;1;0;0
3/4185.png;2;1;0;0
3/4186.png;2;1;0;0
3/4187.png;2;1;0;0
3/4188.png;2;1;0;0
3/4189.png;2;1;0;0
3/4190.png;2;1;0;0
3/4191.png;2;1;0;0
3/4192.png;2;1;0;0
3/4193.png;2;1;0;0
3/4194.png;2;1;0;0
3/4195.png;2;1;0;0
3/4196.png;2;1;0;0
3/4197.png;2;1;0;0
3/4198.png;2;1;0;0
3/4199.png;2;1;0;0
3/4200.png;2;1;0;0
3/4201.png;2;1;0;0
3/4202.png;2;1;0;0
3/4203.png;2;1;0;0
3/4204.png;2;1;0;0
3/4205.png;2;1;0;0
3/4206.png;2;1;0;0
3/4207.png;2;1;0;0
3/4208.png;2;1;0;0
3/4209.png;2;1;0;0
3/4210.png;2;1;0;0
3/4211.png;2;1;0;0
3/4212.png;2;1;0;0
3/4213.png;2;1;0;0
3/4214.png;2;1;0;0
3/4215.png;2;1;0;0
3/4216.png;2;1;0;0
3/4217.png;2;1;0;0
3/4218.png;2;1;0;0
3/4219.png;2;1;0;0
3/4220.png;2;1;0;0
3/4221.png;2;1;0;0
3/4222.png;2;1;0;0
3/4223.png;2;1;0;0
3/4224.png;2;1;0;0
3/4225.png;2;1;0;0
3/4226.png;2;1;0;0
3/4227.png;2;1;0;0
3/4228.png;2;1;0;0
3/4229.png;2;1;0;0
3/4230.png;2;1;0;0
3/4231.png;2;1;0;0
3/4232.png;2;1;0;0
3/4233.png;2;1;0;0
3/4234.png;2;1;0;0
3/4235.png;2;1;0;0
3/4236.png;2;1;0;0
3/4237.png;2;1;0;0
3/4238.png;2;1;0;0
3/4239.png;2;1;0;0
3/4240.png;2;1;0;0
3/4241.png;2;1;0;0
3/4242.png;2;1;0;0
3/4243.png;2;1;0;0
3/4244.png;2;1;0;0
3/4245.png;2;1;0;0
3/4246.png;2;1;0;0
3/4247.png;2;1;0;0
3/4248.png;2;1;0;0
3/4249.png;2;1;0;0
3/4250.png;2;1;0;0
3/4251.png;2;1;0;0
3/4252.png;2;1;0;0
3/4253.png;2;1;0;0
3/4254.png;2;1;0;0
3/4255.png;2;1;0;0
3/4256.png;2;1;0;0
3/4257.png;2;1;0;0
3/4258.png;2;1;0;0
3/4259.png;2;1;0;0
3/4260.png;2;1;0;0
3/4261.png;2;1;0;0
3/4262.png;2;1;0;0
3/4263.png;2;1;0;0
3/4264.png;2;1;0;0
3/4265.png;2;1;0;0
3/4266.png;2;1;0;0
3/4267.png;2;1;0;0
3/4268.png;2;1;0;0
3/4269.png;2;1;0;0
3/4270.png;2;1;0;0
3/4271.png;2;1;0;0
3/4272.png;2;1;0;0
3/4273.png;2;1;0;0
3/4274.png;2;1;0;0
3/4275.png;2;1;0;0
3/4276.png;2;1;0;0
3/4277.png;2;1;0;0
3/4278.png;2;1;0;0
3/4279.png;2;1;0;0
3/4280.png;2;1;0;0
3/4281.png;2;1;0;0
3/4282.png;2;1;0;0
3/4283.png;2;1;0;0
3/4284.png;2;1;0;0
3/4285.png;2;1;0;0
3/4286.png;2;1;0;0
3/4287.png;2;1;0;0
3/4288.png;2;1;0;0
3/4289.png;2;1;0;0
3/4290.png;2;1;0;0
3/4291.png;2;1;0;0
3/4292.png;2;1;0;0
3/4293.png;2;1;0;0
3/4294.png;2;1;0;0
3/4295.png;2;1;0;0
3/4296.png;2;1;0;0
3/4297.png;2;1;0;0
3/4298.png;2;1;0;0
3/4299.png;2;1;0;0
3/4300.png;2;1;0;0
3/4301.png;2;1;0;0
3/4302.png;2;1;0;0
3/4303.png;2;1;0;0
3/4304.png;2;1;0;0
3/4305.png;2;1;0;0
3/4306.png;2;1;0;0
3/4307.png;2;1;0;0
3/4308.png;2;1;0;0
3/4309.png;2;1;0;0
3/4310.png;2;1;0;0
3/4311.png;2;1;0;0
3/4312.png;2;1;0;0
3/4313.png;2;1;0;0
3/4314.png;2;1;0;0
3/4315.png;2;1;0;0
3/4316.png;2;1;0;0
3/4317.png;2;1;0;0
3/4318.png;2;1;0;0
3/4319.png;2;1;0;0
3/4320.png;2;1;0;0
3/4321.png;2;1;0;0
3/4322.png;2;1;0;0
3/4323.png;2;1;0;0
3/4324.png;2;1;0;0
3/4325.png;2;1;0;0
3/4326.png;2;1;0;0
3/4327.png;2;1;0;0
3/4328.png;2;1;0;0
3/4329.png;2;1;0;0
3/4330.png;2;1;0;0
3/4331.png;2;1;0;0
3/4332.png;2;1;0;0
3/4333.png;2;1;0;0
3/4334.png;2;1;0;0
3/4335.png;2;1;0;0
3/4336.png;2;1;0;0
3/4337.png;2;1;0;0
3/4338.png;2;1;0;0
3/4339.png;2;1;0;0
3/4340.png;2;1;0;0
3/4341.png;2;1;0;0
3/4342.png;2;1;0;0
3/4343.png;2;1;0;0
3/4344.png;2;1;0;0
3/4345.png;2;1;0;0
3/4346.png;2;1;0;0
3/4347.png;2;1;0;0
3/4348.png;2;1;0;0
3/4349.png;2;1;0;0
3/4350.png;2;1;0;0
3/4351.png;2;1;0;0
3/4352.png;2;1;0;0
3/4353.png;2;1;0;0
3/4354.png;2;1;0;0
3/4355.png;2;1;0;0
3/4356.png;2;1;0;0
3/4357.png;2;1;0;0
3/4358.png;2;1;0;0
3/4359.png;2;1;0;0
3/4360.png;2;1;0;0
3/4361.png;2;1;0;0
3/4362.png;2;1;0;0
3/4363.png;2;1;0;0
3/4364.png;2;1;0;0
3/4365.png;2;1;0;0
3/4366.png;2;1;0;0
3/4367.png;2;1;0;0
3/4368.png;2;1;0;0
3/4369.png;2;1;0;0
3/4370.png;2;1;0;0
3/4371.png;2;1;0;0
3/4372.png;2;1;0;0
3/4373.png;2;1;0;0
3/4374.png;2;1;0;0
3/4375.png;2;1;0;0
3/4376.png;2;1;0;0
3/4377.png;2;1;0;0
3/4378.png;2;1;0;0
3/4379.png;2;1;0;0
3/4380.png;2;1;0;0
3/4381.png;2;1;0;0
3/4382.png;2;1;0;0
3/4383.png;2;1;0;0
3/4384.png;2;1;0;0
3/4385.png;2;1;0;0
3/4386.png;2;1;0;0
3/4387.png;2;1;0;0
3/4388.png;2;1;0;0
3/4389.png;2;1;0;0
3/4390.png;2;1;0;0
3/4391.png;2;1;0;0
3/4392.png;2;1;0;0
3/4393.png;2;1;0;0
3/4394.png;2;1;0;0
3/4395.png;2;1;0;0
3/4396.png;2;1;0;0
3/4397.png;2;1;0;0
3/4398.png;2;1;0;0
3/4399.png;2;1;0;0
3/4400.png;2;1;0;0
3/4401.png;2;1;0;0
3/4402.png;2;1;0;0
3/4403.png;2;1;0;0
3/4404.png;2;1;0;0
3/4405.png;2;1;0;0
3/4406.png;2;1;0;0
3/4407.png;2;1;0;0
3/4408.png;2;1;0;0
3/4409.png;2;1;0;0
3/4410.png;2;1;0;0
3/4411.png;2;1;0;0
3/4412.png;2;1;0;0
3/4413.png;2;1;0;0
3/4414.png;2;1;0;0
3/4415.png;2;1;0;0
3/4416.png;2;1;0;0
3/4417.png;2;1;0;0
3/4418.png;2;1;0;0
3/4419.png;2;1;0;0
3/4420.png;2;1;0;0
3/4421.png;2;1;0;0
3/4422.png;2;1;0;0
3/4423.png;2;1;0;0
3/4424.png;2;1;0;0
3/4425.png;2;1;0;0
3/4426.png;2;1;0;0
3/4427.png;2;1;0;0
3/4428.png;2;1;0;0
3/4429.png;2;1;0;0
3/4430.png;2;1;0;0
3/4431.png;2;1;0;0
3/4432.png;2;1;0;0
3/4433.png;2;1;0;0
3/4434.png;2;1;0;0
3/4435.png;2;1;0;0
3/4436.png;2;1;0;0
3/4437.png;2;1;0;0
3/4438.png;2;1;0;0
3/4439.png;2;1;0;0
3/4440.png;2;1;0;0
3/4441.png;2;1;0;0
3/4442.png;2;1;0;0
3/4443.png;2;1;0;0
3/4444.png;2;1;0;0
3/4445.png;2;1;0;0
3/4446.png;2;1;0;0
3/4447.png;2;1;0;0
3/4448.png;2;1;0;0
3/4449.png;2;1;0;0
3/4450.png;2;1;0;0
3/4451.png;2;1;0;0
3/4452.png;2;1;0;0
3/4453.png;2;1;0;0
3/4454.png;2;1;0;0
3/4455.png;2;1;0;0
3/4456.png;2;1;0;0
3/4457.png;2;1;0;0
3/4458.png;2;1;0;0
3/4459.png;2;1;0;0
3/4460.png;2;1;0;0
3/4461.png;2;1;0;0
3/4462.png;2;1;0;0
3/4463.png;2;1;0;0
3/4464.png;2;1;0;0
3/4465.png;2;1;0;0
3/4466.png;2;1;0;0
3/4467.png;2;1;0;0
3/4468.png;2;1;0;0
3/4469.png;2;1;0;0
3/4470.png;2;1;0;0
3/4471.png;2;1;0;0
3/4472.png;2;1;0;0
3/4473.png;2;1;0;0
3/4474.png;2;1;0;0
3/4475.png;2;1;0;0
3/4476.png;2;1;0;0
3/4477.png;2;1;0;0
3/4478.png;2;1;0;0
3/4479.png;2;1;0;0
3/4480.png;2;1;0;0
3/4481.png;2;1;0;0
3/4482.png;2;1;0;0
3/4483.png;2;1;0;0
3/4484.png;2;1;0;0
3/4485.png;2;1;0;0
3/4486.png;2;1;0;0
3/4487.png;2;1;0;0
3/4488.png;2;1;0;0
3/4489.png;2;1;0;0
3/4490.png;2;1;0;0
3/4491.png;2;1;0;0
3/4492.png;2;1;0;0
3/4493.png;2;1;0;0
3/4494.png;2;1;0;0
3/4495.png;2;1;0;0
3/4496.png;2;1;0;0
3/4497.png;2;1;0;0
3/4498.png;2;1;0;0
3/4499.png;2;1;0;0
3/4500.png;2;1;0;0
3/4501.png;2;1;0;0
3/4502.png;2;1;0;0
3/4503.png;2;1;0;0
3/4504.png;2;1;0;0
3/4505.png;2;1;0;0
3/4506.png;2;1;0;0
3/4507.png;2;1;0;0
3/4508.png;2;1;0;0
3/4509.png;2;1;0;0
3/4510.png;2;1;0;0
3/4511.png;2;1;0;0
3/4512.png;2;1;0;0
3/4513.png;2;1;0;0
3/4514.png;2;1;0;0
3/4515.png;2;1;0;0
3/4516.png;2;1;0;0
3/4517.png;2;1;0;0
3/4518.png;2;1;0;0
3/4519.png;2;1;0;0
3/4520.png;2;1;0;0
3/4521.png;2;1;0;0
3/4522.png;2;1;0;0
3/4523.png;2;1;0;0
3/4524.png;2;1;0;0
3/4525.png;2;1;0;0
3/4526.png;2;1;0;0
3/4527.png;2;1;0;0
3/4528.png;2;1;0;0
3/4529.png;2;1;0;0
3/4530.png;2;1;0;0
3/4531.png;2;1;0;0
3/4532.png;2;1;0;0
3/4533.png;2;1;0;0
3/4534.png;2;1;0;0
3/4535.png;2;1;0;0
3/4536.png;2;1;0;0
3/4537.png;2;1;0;0
3/4538.png;2;1;0;0
3/4539.png;2;1;0;0
3/4540.png;2;1;0;0
3/4541.png;2;1;0;0
3/4542.png;2;1;0;0
3/4543.png;2;1;0;0
3/4544.png;2;1;0;0
3/4545.png;2;1;0;0
3/4546.png;2;1;0;0
3/4547.png;2;1;0;0
3/4548.png;2;1;0;0
3/4549.png;2;1;0;0
3/4550.png;2;1;0;0
3/4551.png;2;1;0;0
3/4552.png;2;1;0;0
3/4553.png;2;1;0;0
3/4554.png;2;1;0;0
3/4555.png;2;1;0;0
3/4556.png;2;1;0;0
3/4557.png;2;1;0;0
3/4558.png;2;1;0;0
3/4559.png;2;1;0;0
3/4560.png;2;1;0;0
3/4561.png;2;1;0;0
3/4562.png;2;1;0;0
3/4563.png;2;1;0;0
3/4564.png;2;1;0;0
3/4565.png;2;1;0;0
3/4566.png;2;1;0;0
3/4567.png;2;1;0;0
3/4568.png;2;1;0;0
3/4569.png;2;1;0;0
3/4570.png;2;1;0;0
3/4571.png;2;1;0;0
3/4572.png;2;1;0;0
3/4573.png;2;1;0;0
3/4574.png;2;1;0;0
3/4575.png;2;1;0;0
3/4576.png;2;1;0;0
3/4577.png;2;1;0;0
3/4578.png;2;1;0;0
3/4579.png;2;1;0;0
3/4580.png;2;1;0;0
3/4581.png;2;1;0;0
3/4582.png;2;1;0;0
3/4583.png;2;1;0;0
3/4584.png;2;1;0;0
3/4585.png;2;1;0;0
3/4586.png;2;1;0;0
3/4587.png;2;1;0;0
3/4588.png;2;1;0;0
3/4589.png;2;1;0;0
3/4590.png;2;1;0;0
3/4591.png;2;1;0;0
3/4592.png;2;1;0;0
3/4593.png;2;1;0;0
3/4594.png;2;1;0;0
3/4595.png;2;1;0;0
3/4596.png;2;1;0;0
3/4597.png;2;1;0;0
3/4598.png;2;1;0;0
3/4599.png;2;1;0;0
3/4600.png;2;1;0;0
3/4601.png;2;1;0;0
3/4602.png;2;1;0;0
3/4603.png;2;1;0;0
3/4604.png;2;1;0;0
3/4605.png;2;1;0;0
3/4606.png;2;1;0;0
3/4607.png;2;1;0;0
3/4608.png;2;1;0;0
3/4609.png;2;1;0;0
3/4610.png;2;1;0;0
3/4611.png;2;1;0;0
3/4612.png;2;1;0;0
3/4613.png;2;1;0;0
3/4614.png;2;1;0;0
3/4615.png;2;1;0;0
3/4616.png;2;1;0;0
3/4617.png;2;1;0;0
3/4618.png;2;1;0;0
3/4619.png;2;1;0;0
3/4620.png;2;1;0;0
3/4621.png;2;1;0;0
3/4622.png;2;1;0;0
3/4623.png;2;1;0;0
3/4624.png;2;1;0;0
3/4625.png;2;1;0;0
3/4626.png;2;1;0;0
3/4627.png;2;1;0;0
3/4628.png;2;1;0;0
3/4629.png;2;1;0;0
3/4630.png;2;1;0;0
3/4631.png;2;1;0;0
3/4632.png;2;1;0;0
3/4633.png;2;1;0;0
3/4634.png;2;1;0;0
3/4635.png;2;1;0;0
3/4636.png;2;1;0;0
3/4637.png;2;1;0;0
3/4638.png;2;1;0;0
3/4639.png;2;1;0;0
3/4640.png;2;1;0;0
3/4641.png;2;1;0;0
3/4642.png;2;1;0;0
3/4643.png;2;1;0;0
3/4644.png;2;1;0;0
3/4645.png;2;1;0;0
3/4646.png;2;1;0;0
3/4647.png;2;1;0;0
3/4648.png;2;1;0;0
3/4649.png;2;1;0;0
3/4650.png;2;1;0;0
3/4651.png;2;1;0;0
3/4652.png;2;1;0;0
3/4653.png;2;1;0;0
3/4654.png;2;1;0;0
3/4655.png;2;1;0;0
3/4656.png;2;1;0;0
3/4657.png;2;1;0;0
3/4658.png;2;1;0;0
3/4659.png;2;1;0;0
3/4660.png;2;1;0;0
3/4661.png;2;1;0;0
3/4662.png;2;1;0;0
3/4663.png;2;1;0;0
3/4664.png;2;1;0;0
3/4665.png;2;1;0;0
3/4666.png;2;1;0;0
3/4667.png;2;1;0;0
3/4668.png;2;1;0;0
3/4669.png;2;1;0;0
3/4670.png;2;1;0;0
3/4671.png;2;1;0;0
3/4672.png;2;1;0;0
3/4673.png;2;1;0;0
3/4674.png;2;1;0;0
3/4675.png;2;1;0;0
3/4676.png;2;1;0;0
3/4677.png;2;1;0;0
3/4678.png;2;1;0;0
3/4679.png;2;1;0;0
3/4680.png;2;1;0;0
3/4681.png;2;1;0;0
3/4682.png;2;1;0;0
3/4683.png;2;1;0;0
3/4684.png;2;1;0;0
3/4685.png;2;1;0;0
3/4686.png;2;1;0;0
3/4687.png;2;1;0;0
3/4688.png;2;1;0;0
3/4689.png;2;1;0;0
3/4690.png;2;1;0;0
3/4691.png;2;1;0;0
3/4692.png;2;1;0;0
3/4693.png;2;1;0;0
3/4694.png;2;1;0;0
3/4695.png;2;1;0;0
3/4696.png;2;1;0;0
3/4697.png;2;1;0;0
3/4698.png;2;1;0;0
3/4699.png;2;1;0;0
3/4700.png;2;1;0;0
3/4701.png;2;1;0;0
3/4702.png;2;1;0;0
3/4703.png;2;1;0;0
3/4704.png;2;1;0;0
3/4705.png;2;1;0;0
3/4706.png;2;1;0;0
3/4707.png;2;1;0;0
3/4708.png;2;1;0;0
3/4709.png;2;1;0;0
3/4710.png;2;1;0;0
3/4711.png;2;1;0;0
3/4712.png;2;1;0;0
3/4713.png;2;1;0;0
3/4714.png;2;1;0;0
3/4715.png;2;1;0;0
3/4716.png;2;1;0;0
3/4717.png;2;1;0;0
3/4718.png;2;1;0;0
3/4719.png;2;1;0;0
3/4720.png;2;1;0;0
3/4721.png;2;1;0;0
3/4722.png;2;1;0;0
3/4723.png;2;1;0;0
3/4724.png;2;1;0;0
3/4725.png;2;1;0;0
3/4726.png;2;1;0;0
3/4727.png;2;1;0;0
3/4728.png;2;1;0;0
3/4729.png;2;1;0;0
3/4730.png;2;1;0;0
3/4731.png;2;1;0;0
3/4732.png;2;1;0;0
3/4733.png;2;1;0;0
3/4734.png;2;1;0;0
3/4735.png;2;1;0;0
3/4736.png;2;1;0;0
3/4737.png;2;1;0;0
3/4738.png;2;1;0;0
3/4739.png;2;1;0;0
3/4740.png;2;1;0;0
3/4741.png;2;1;0;0
3/4742.png;2;1;0;0
3/4743.png;2;1;0;0
3/4744.png;2;1;0;0
3/4745.png;2;1;0;0
3/4746.png;2;1;0;0
3/4747.png;2;1;0;0
3/4748.png;2;1;0;0
3/4749.png;2;1;0;0
3/4750.png;2;1;0;0
3/4751.png;2;1;0;0
3/4752.png;2;1;0;0
3/4753.png;2;1;0;0
3/4754.png;2;1;0;0
3/4755.png;2;1;0;0
3/4756.png;2;1;0;0
3/4757.png;2;1;0;0
3/4758.png;2;1;0;0
3/4759.png;2;1;0;0
3/4760.png;2;1;0;0
3/4761.png;2;1;0;0
3/4762.png;2;1;0;0
3/4763.png;2;1;0;0
3/4764.png;2;1;0;0
3/4765.png;2;1;0;0
3/4766.png;2;1;0;0
3/4767.png;2;1;0;0
3/4768.png;2;1;0;0
3/4769.png;2;1;0;0
3/4770.png;2;1;0;0
3/4771.png;2;1;0;0
3/4772.png;2;1;0;0
3/4773.png;2;1;0;0
3/4774.png;2;1;0;0
3/4775.png;2;1;0;0
3/4776.png;2;1;0;0
3/4777.png;2;1;0;0
3/4778.png;2;1;0;0
3/4779.png;2;1;0;0
3/4780.png;2;1;0;0
3/4781.png;2;1;0;0
3/4782.png;2;1;0;0
3/4783.png;2;1;0;0
3/4784.png;2;1;0;0
3/4785.png;2;1;0;0
3/4786.png;2;1;0;0
3/4787.png;2;1;0;0
3/4788.png;2;1;0;0
3/4789.png;2;1;0;0
3/4790.png;2;1;0;0
3/4791.png;2;1;0;0
3/4792.png;2;1;0;0
3/4793.png;2;1;0;0
3/4794.png;2;1;0;0
3/4795.png;2;1;0;0
3/4796.png;2;1;0;0
3/4797.png;2;1;0;0
3/4798.png;2;1;0;0
3/4799.png;2;1;0;0
3/4800.png;2;1;0;0
3/4801.png;2;1;0;0
3/4802.png;2;1;0;0
3/4803.png;2;1;0;0
3/4804.png;2;1;0;0
3/4805.png;2;1;0;0
3/4806.png;2;1;0;0
3/4807.png;2;1;0;0
3/4808.png;2;1;0;0
3/4809.png;2;1;0;0
3/4810.png;2;1;0;0
3/4811.png;2;1;0;0
3/4812.png;2;1;0;0
3/4813.png;2;1;0;0
3/4814.png;2;1;0;0
3/4815.png;2;1;0;0
3/4816.png;2;1;0;0
3/4817.png;2;1;0;0
3/4818.png;2;1;0;0
3/4819.png;2;1;0;0
3/4820.png;2;1;0;0
3/4821.png;2;1;0;0
3/4822.png;2;1;0;0
3/4823.png;2;1;0;0
3/4824.png;2;1;0;0
3/4825.png;2;1;0;0
3/4826.png;2;1;0;0
3/4827.png;2;1;0;0
3/4828.png;2;1;0;0
3/4829.png;2;1;0;0
3/4830.png;2;1;0;0
3/4831.png;2;1;0;0
3/4832.png;2;1;0;0
3/4833.png;2;1;0;0
3/4834.png;2;1;0;0
3/4835.png;2;1;0;0
3/4836.png;2;1;0;0
3/4837.png;2;1;0;0
3/4838.png;2;1;0;0
3/4839.png;2;1;0;0
3/4840.png;2;1;0;0
3/4841.png;2;1;0;0
3/4842.png;2;1;0;0
3/4843.png;2;1;0;0
3/4844.png;2;1;0;0
3/4845.png;2;1;0;0
3/4846.png;2;1;0;0
3/4847.png;2;1;0;0
3/4848.png;2;1;0;0
3/4849.png;2;1;0;0
3/4850.png;2;1;0;0
3/4851.png;2;1;0;0
3/4852.png;2;1;0;0
3/4853.png;2;1;0;0
3/4854.png;2;1;0;0
3/4855.png;2;1;0;0
3/4856.png;2;1;0;0
3/4857.png;2;1;0;0
3/4858.png;2;1;0;0
3/4859.png;2;1;0;0
3/4860.png;2;1;0;0
3/4861.png;2;1;0;0
3/4862.png;2;1;0;0
3/4863.png;2;1;0;0
3/4864.png;2;1;0;0
3/4865.png;2;1;0;0
3/4866.png;2;1;0;0
3/4867.png;2;1;0;0
3/4868.png;2;1;0;0
3/4869.png;2;1;0;0
3/4870.png;2;1;0;0
3/4871.png;2;1;0;0
3/4872.png;2;1;0;0
3/4873.png;2;1;0;0
3/4874.png;2;1;0;0
3/4875.png;2;1;0;0
3/4876.png;2;1;0;0
3/4877.png;2;1;0;0
3/4878.png;2;1;0;0
3/4879.png;2;1;0;0
3/4880.png;2;1;0;0
3/4881.png;2;1;0;0
3/4882.png;2;1;0;0
3/4883.png;2;1;0;0
3/4884.png;2;1;0;0
3/4885.png;2;1;0;0
3/4886.png;2;1;0;0
3/4887.png;2;1;0;0
3/4888.png;2;1;0;0
3/4889.png;2;1;0;0
3/4890.png;2;1;0;0
3/4891.png;2;1;0;0
3/4892.png;2;1;0;0
3/4893.png;2;1;0;0
3/4894.png;2;1;0;0
3/4895.png;2;1;0;0
3/4896.png;2;1;0;0
3/4897.png;2;1;0;0
3/4898.png;2;1;0;0
3/4899.png;2;1;0;0
3/4900.png;2;1;0;0
3/4901.png;2;1;0;0
3/4902.png;2;1;0;0
3/4903.png;2;1;0;0
3/4904.png;2;1;0;0
3/4905.png;2;1;0;0
3/4906.png;2;1;0;0
3/4907.png;2;1;0;0
3/4908.png;2;1;0;0
3/4909.png;2;1;0;0
3/4910.png;2;1;0;0
3/4911.png;2;1;0;0
3/4912.png;2;1;0;0
3/4913.png;2;1;0;0
3/4914.png;2;1;0;0
3/4915.png;2;1;0;0
3/4916.png;2;1;0;0
3/4917.png;2;1;0;0
3/4918.png;2;1;0;0
3/4919.png;2;1;0;0
3/4920.png;2;1;0;0
3/4921.png;2;1;0;0
3/4922.png;2;1;0;0
3/4923.png;2;1;0;0
3/4924.png;2;1;0;0
3/4925.png;2;1;0;0
3/4926.png;2;1;0;0
3/4927.png;2;1;0;0
3/4928.png;2;1;0;0
3/4929.png;2;1;0;0
3/4930.png;2;1;0;0
3/4931.png;2;1;0;0
3/4932.png;2;1;0;0
3/4933.png;2;1;0;0
3/4934.png;2;1;0;0
3/4935.png;2;1;0;0
3/4936.png;2;1;0;0
3/4937.png;2;1;0;0
3/4938.png;2;1;0;0
3/4939.png;2;1;0;0
3/4940.png;2;1;0;0
3/4941.png;2;1;0;0
3/4942.png;2;1;0;0
3/4943.png;2;1;0;0
3/4944.png;2;1;0;0
3/4945.png;2;1;0;0
3/4946.png;2;1;0;0
3/4947.png;2;1;0;0
3/4948.png;2;1;0;0
3/4949.png;2;1;0;0
3/4950.png;2;1;0;0
3/4951.png;2;1;0;0
3/4952.png;2;1;0;0
3/4953.png;2;1;0;0
3/4954.png;2;1;0;0
3/4955.png;2;1;0;0
3/4956.png;2;1;0;0
3/4957.png;2;1;0;0
3/4958.png;2;1;0;0
3/4959.png;2;1;0;0
3/4960.png;2;1;0;0
3/4961.png;2;1;0;0
3/4962.png;2;1;0;0
3/4963.png;2;1;0;0
3/4964.png;2;1;0;0
3/4965.png;2;1;0;0
3/4966.png;2;1;0;0
3/4967.png;2;1;0;0
3/4968.png;2;1;0;0
3/4969.png;2;1;0;0
3/4970.png;2;1;0;0
3/4971.png;2;1;0;0
3/4972.png;2;1;0;0
3/4973.png;2;1;0;0
3/4974.png;2;1;0;0
3/4975.png;2;1;0;0
3/4976.png;2;1;0;0
3/4977.png;2;1;0;0
3/4978.png;2;1;0;0
3/4979.png;2;1;0;0
3/4980.png;2;1;0;0
3/4981.png;2;1;0;0
3/4982.png;2;1;0;0
3/4983.png;2;1;0;0
3/4984.png;2;1;0;0
3/4985.png;2;1;0;0
3/4986.png;2;1;0;0
3/4987.png;2;1;0;0
3/4988.png;2;1;0;0
3/4989.png;2;1;0;0
3/4990.png;2;1;0;0
3/4991.png;2;1;0;0
3/4992.png;2;1;0;0
3/4993.png;2;1;0;0
3/4994.png;2;1;0;0
3/4995.png;2;1;0;0
3/4996.png;2;1;0;0
3/4997.png;2;1;0;0
3/4998.png;2;1;0;0
3/4999.png;2;1;0;0
3/5000.png;2;1;0;0
4/0001.png;3;1;0;0
4/0002.png;3;1;0;0
4/0003.png;3;1;0;0
4/0004.png;3;1;0;0
4/0005.png;3;1;0;0
4/0006.png;3;1;0;0
4/0007.png;3;1;0;0
4/0008.png;3;1;0;0
4/0009.png;3;1;0;0
4/0010.png;3;1;0;0
4/0011.png;3;1;0;0
4/0012.png;3;1;0;0
4/0013.png;3;1;0;0
4/0014.png;3;1;0;0
4/0015.png;3;1;0;0
4/0016.png;3;1;0;0
4/0017.png;3;1;0;0
4/0018.png;3;1;0;0
4/0019.png;3;1;0;0
4/0020.png;3;1;0;0
4/0021.png;3;1;0;0
4/0022.png;3;1;0;0
4/0023.png;3;1;0;0
4/0024.png;3;1;0;0
4/0025.png;3;1;0;0
4/0026.png;3;1;0;0
4/0027.png;3;1;0;0
4/0028.png;3;1;0;0
4/0029.png;3;1;0;0
4/0030.png;3;1;0;0
4/0031.png;3;1;0;0
4/0032.png;3;1;0;0
4/0033.png;3;1;0;0
4/0034.png;3;1;0;0
4/0035.png;3;1;0;0
4/0036.png;3;1;0;0
4/0037.png;3;1;0;0
4/0038.png;3;1;0;0
4/0039.png;3;1;0;0
4/0040.png;3;1;0;0
4/0041.png;3;1;0;0
4/0042.png;3;1;0;0
4/0043.png;3;1;0;0
4/0044.png;3;1;0;0
4/0045.png;3;1;0;0
4/0046.png;3;1;0;0
4/0047.png;3;1;0;0
4/0048.png;3;1;0;0
4/0049.png;3;1;0;0
4/0050.png;3;1;0;0
4/0051.png;3;1;0;0
4/0052.png;3;1;0;0
4/0053.png;3;1;0;0
4/0054.png;3;1;0;0
4/0055.png;3;1;0;0
4/0056.png;3;1;0;0
4/0057.png;3;1;0;0
4/0058.png;3;1;0;0
4/0059.png;3;1;0;0
4/0060.png;3;1;0;0
4/0061.png;3;1;0;0
4/0062.png;3;1;0;0
4/0063.png;3;1;0;0
4/0064.png;3;1;0;0
4/0065.png;3;1;0;0
4/0066.png;3;1;0;0
4/0067.png;3;1;0;0
4/0068.png;3;1;0;0
4/0069.png;3;1;0;0
4/0070.png;3;1;0;0
4/0071.png;3;1;0;0
4/0072.png;3;1;0;0
4/0073.png;3;1;0;0
4/0074.png;3;1;0;0
4/0075.png;3;1;0;0
4/0076.png;3;1;0;0
4/0077.png;3;1;0;0
4/0078.png;3;1;0;0
4/0079.png;3;1;0;0
4/0080.png;3;1;0;0
4/0081.png;3;1;0;0
4/0082.png;3;1;0;0
4/0083.png;3;1;0;0
4/0084.png;3;1;0;0
4/0085.png;3;1;0;0
4/0086.png;3;1;0;0
4/0087.png;3;1;0;0
4/0088.png;3;1;0;0
4/0089.png;3;1;0;0
4/0090.png;3;1;0;0
4/0091.png;3;1;0;0
4/0092.png;3;1;0;0
4/0093.png;3;1;0;0
4/0094.png;3;1;0;0
4/0095.png;3;1;0;0
4/0096.png;3;1;0;0
4/0097.png;3;1;0;0
4/0098.png;3;1;0;0
4/0099.png;3;1;0;0
4/0100.png;3;1;0;0
4/0101.png;3;1;0;0
4/0102.png;3;1;0;0
4/0103.png;3;1;0;0
4/0104.png;3;1;0;0
4/0105.png;3;1;0;0
4/0106.png;3;1;0;0
4/0107.png;3;1;0;0
4/0108.png;3;1;0;0
4/0109.png;3;1;0;0
4/0110.png;3;1;0;0
4/0111.png;3;1;0;0
4/0112.png;3;1;0;0
4/0113.png;3;1;0;0
4/0114.png;3;1;0;0
4/0115.png;3;1;0;0
4/0116.png;3;1;0;0
4/0117.png;3;1;0;0
4/0118.png;3;1;0;0
4/0119.png;3;1;0;0
4/0120.png;3;1;0;0
4/0121.png;3;1;0;0
4/0122.png;3;1;0;0
4/0123.png;3;1;0;0
4/0124.png;3;1;0;0
4/0125.png;3;1;0;0
4/0126.png;3;1;0;0
4/0127.png;3;1;0;0
4/0128.png;3;1;0;0
4/0129.png;3;1;0;0
4/0130.png;3;1;0;0
4/0131.png;3;1;0;0
4/0132.png;3;1;0;0
4/0133.png;3;1;0;0
4/0134.png;3;1;0;0
4/0135.png;3;1;0;0
4/0136.png;3;1;0;0
4/0137.png;3;1;0;0
4/0138.png;3;1;0;0
4/0139.png;3;1;0;0
4/0140.png;3;1;0;0
4/0141.png;3;1;0;0
4/0142.png;3;1;0;0
4/0143.png;3;1;0;0
4/0144.png;3;1;0;0
4/0145.png;3;1;0;0
4/0146.png;3;1;0;0
4/0147.png;3;1;0;0
4/0148.png;3;1;0;0
4/0149.png;3;1;0;0
4/0150.png;3;1;0;0
4/0151.png;3;1;0;0
4/0152.png;3;1;0;0
4/0153.png;3;1;0;0
4/0154.png;3;1;0;0
4/0155.png;3;1;0;0
4/0156.png;3;1;0;0
4/0157.png;3;1;0;0
4/0158.png;3;1;0;0
4/0159.png;3;1;0;0
4/0160.png;3;1;0;0
4/0161.png;3;1;0;0
4/0162.png;3;1;0;0
4/0163.png;3;1;0;0
4/0164.png;3;1;0;0
4/0165.png;3;1;0;0
4/0166.png;3;1;0;0
4/0167.png;3;1;0;0
4/0168.png;3;1;0;0
4/0169.png;3;1;0;0
4/0170.png;3;1;0;0
4/0171.png;3;1;0;0
4/0172.png;3;1;0;0
4/0173.png;3;1;0;0
4/0174.png;3;1;0;0
4/0175.png;3;1;0;0
4/0176.png;3;1;0;0
4/0177.png;3;1;0;0
4/0178.png;3;1;0;0
4/0179.png;3;1;0;0
4/0180.png;3;1;0;0
4/0181.png;3;1;0;0
4/0182.png;3;1;0;0
4/0183.png;3;1;0;0
4/0184.png;3;1;0;0
4/0185.png;3;1;0;0
4/0186.png;3;1;0;0
4/0187.png;3;1;0;0
4/0188.png;3;1;0;0
4/0189.png;3;1;0;0
4/0190.png;3;1;0;0
4/0191.png;3;1;0;0
4/0192.png;3;1;0;0
4/0193.png;3;1;0;0
4/0194.png;3;1;0;0
4/0195.png;3;1;0;0
4/0196.png;3;1;0;0
4/0197.png;3;1;0;0
4/0198.png;3;1;0;0
4/0199.png;3;1;0;0
4/0200.png;3;1;0;0
4/0201.png;3;1;0;0
4/0202.png;3;1;0;0
4/0203.png;3;1;0;0
4/0204.png;3;1;0;0
4/0205.png;3;1;0;0
4/0206.png;3;1;0;0
4/0207.png;3;1;0;0
4/0208.png;3;1;0;0
4/0209.png;3;1;0;0
4/0210.png;3;1;0;0
4/0211.png;3;1;0;0
4/0212.png;3;1;0;0
4/0213.png;3;1;0;0
4/0214.png;3;1;0;0
4/0215.png;3;1;0;0
4/0216.png;3;1;0;0
4/0217.png;3;1;0;0
4/0218.png;3;1;0;0
4/0219.png;3;1;0;0
4/0220.png;3;1;0;0
4/0221.png;3;1;0;0
4/0222.png;3;1;0;0
4/0223.png;3;1;0;0
4/0224.png;3;1;0;0
4/0225.png;3;1;0;0
4/0226.png;3;1;0;0
4/0227.png;3;1;0;0
4/0228.png;3;1;0;0
4/0229.png;3;1;0;0
4/0230.png;3;1;0;0
4/0231.png;3;1;0;0
4/0232.png;3;1;0;0
4/0233.png;3;1;0;0
4/0234.png;3;1;0;0
4/0235.png;3;1;0;0
4/0236.png;3;1;0;0
4/0237.png;3;1;0;0
4/0238.png;3;1;0;0
4/0239.png;3;1;0;0
4/0240.png;3;1;0;0
4/0241.png;3;1;0;0
4/0242.png;3;1;0;0
4/0243.png;3;1;0;0
4/0244.png;3;1;0;0
4/0245.png;3;1;0;0
4/0246.png;3;1;0;0
4/0247.png;3;1;0;0
4/0248.png;3;1;0;0
4/0249.png;3;1;0;0
4/0250.png;3;1;0;0
4/0251.png;3;1;0;0
4/0252.png;3;1;0;0
4/0253.png;3;1;0;0
4/0254.png;3;1;0;0
4/0255.png;3;1;0;0
4/0256.png;3;1;0;0
4/0257.png;3;1;0;0
4/0258.png;3;1;0;0
4/0259.png;3;1;0;0
4/0260.png;3;1;0;0
4/0261.png;3;1;0;0
4/0262.png;3;1;0;0
4/0263.png;3;1;0;0
4/0264.png;3;1;0;0
4/0265.png;3;1;0;0
4/0266.png;3;1;0;0
4/0267.png;3;1;0;0
4/0268.png;3;1;0;0
4/0269.png;3;1;0;0
4/0270.png;3;1;0;0
4/0271.png;3;1;0;0
4/0272.png;3;1;0;0
4/0273.png;3;1;0;0
4/0274.png;3;1;0;0
4/0275.png;3;1;0;0
4/0276.png;3;1;0;0
4/0277.png;3;1;0;0
4/0278.png;3;1;0;0
4/0279.png;3;1;0;0
4/0280.png;3;1;0;0
4/0281.png;3;1;0;0
4/0282.png;3;1;0;0
4/0283.png;3;1;0;0
4/0284.png;3;1;0;0
4/0285.png;3;1;0;0
4/0286.png;3;1;0;0
4/0287.png;3;1;0;0
4/0288.png;3;1;0;0
4/0289.png;3;1;0;0
4/0290.png;3;1;0;0
4/0291.png;3;1;0;0
4/0292.png;3;1;0;0
4/0293.png;3;1;0;0
4/0294.png;3;1;0;0
4/0295.png;3;1;0;0
4/0296.png;3;1;0;0
4/0297.png;3;1;0;0
4/0298.png;3;1;0;0
4/0299.png;3;1;0;0
4/0300.png;3;1;0;0
4/0301.png;3;1;0;0
4/0302.png;3;1;0;0
4/0303.png;3;1;0;0
4/0304.png;3;1;0;0
4/0305.png;3;1;0;0
4/0306.png;3;1;0;0
4/0307.png;3;1;0;0
4/0308.png;3;1;0;0
4/0309.png;3;1;0;0
4/0310.png;3;1;0;0
4/0311.png;3;1;0;0
4/0312.png;3;1;0;0
4/0313.png;3;1;0;0
4/0314.png;3;1;0;0
4/0315.png;3;1;0;0
4/0316.png;3;1;0;0
4/0317.png;3;1;0;0
4/0318.png;3;1;0;0
4/0319.png;3;1;0;0
4/0320.png;3;1;0;0
4/0321.png;3;1;0;0
4/0322.png;3;1;0;0
4/0323.png;3;1;0;0
4/0324.png;3;1;0;0
4/0325.png;3;1;0;0
4/0326.png;3;1;0;0
4/0327.png;3;1;0;0
4/0328.png;3;1;0;0
4/0329.png;3;1;0;0
4/0330.png;3;1;0;0
4/0331.png;3;1;0;0
4/0332.png;3;1;0;0
4/0333.png;3;1;0;0
4/0334.png;3;1;0;0
4/0335.png;3;1;0;0
4/0336.png;3;1;0;0
4/0337.png;3;1;0;0
4/0338.png;3;1;0;0
4/0339.png;3;1;0;0
4/0340.png;3;1;0;0
4/0341.png;3;1;0;0
4/0342.png;3;1;0;0
4/0343.png;3;1;0;0
4/0344.png;3;1;0;0
4/0345.png;3;1;0;0
4/0346.png;3;1;0;0
4/0347.png;3;1;0;0
4/0348.png;3;1;0;0
4/0349.png;3;1;0;0
4/0350.png;3;1;0;0
4/0351.png;3;1;0;0
4/0352.png;3;1;0;0
4/0353.png;3;1;0;0
4/0354.png;3;1;0;0
4/0355.png;3;1;0;0
4/0356.png;3;1;0;0
4/0357.png;3;1;0;0
4/0358.png;3;1;0;0
4/0359.png;3;1;0;0
4/0360.png;3;1;0;0
4/0361.png;3;1;0;0
4/0362.png;3;1;0;0
4/0363.png;3;1;0;0
4/0364.png;3;1;0;0
4/0365.png;3;1;0;0
4/0366.png;3;1;0;0
4/0367.png;3;1;0;0
4/0368.png;3;1;0;0
4/0369.png;3;1;0;0
4/0370.png;3;1;0;0
4/0371.png;3;1;0;0
4/0372.png;3;1;0;0
4/0373.png;3;1;0;0
4/0374.png;3;1;0;0
4/0375.png;3;1;0;0
4/0376.png;3;1;0;0
4/0377.png;3;1;0;0
4/0378.png;3;1;0;0
4/0379.png;3;1;0;0
4/0380.png;3;1;0;0
4/0381.png;3;1;0;0
4/0382.png;3;1;0;0
4/0383.png;3;1;0;0
4/0384.png;3;1;0;0
4/0385.png;3;1;0;0
4/0386.png;3;1;0;0
4/0387.png;3;1;0;0
4/0388.png;3;1;0;0
4/0389.png;3;1;0;0
4/0390.png;3;1;0;0
4/0391.png;3;1;0;0
4/0392.png;3;1;0;0
4/0393.png;3;1;0;0
4/0394.png;3;1;0;0
4/0395.png;3;1;0;0
4/0396.png;3;1;0;0
4/0397.png;3;1;0;0
4/0398.png;3;1;0;0
4/0399.png;3;1;0;0
4/0400.png;3;1;0;0
4/0401.png;3;1;0;0
4/0402.png;3;1;0;0
4/0403.png;3;1;0;0
4/0404.png;3;1;0;0
4/0405.png;3;1;0;0
4/0406.png;3;1;0;0
4/0407.png;3;1;0;0
4/0408.png;3;1;0;0
4/0409.png;3;1;0;0
4/0410.png;3;1;0;0
4/0411.png;3;1;0;0
4/0412.png;3;1;0;0
4/0413.png;3;1;0;0
4/0414.png;3;1;0;0
4/0415.png;3;1;0;0
4/0416.png;3;1;0;0
4/0417.png;3;1;0;0
4/0418.png;3;1;0;0
4/0419.png;3;1;0;0
4/0420.png;3;1;0;0
4/0421.png;3;1;0;0
4/0422.png;3;1;0;0
4/0423.png;3;1;0;0
4/0424.png;3;1;0;0
4/0425.png;3;1;0;0
4/0426.png;3;1;0;0
4/0427.png;3;1;0;0
4/0428.png;3;1;0;0
4/0429.png;3;1;0;0
4/0430.png;3;1;0;0
4/0431.png;3;1;0;0
4/0432.png;3;1;0;0
4/0433.png;3;1;0;0
4/0434.png;3;1;0;0
4/0435.png;3;1;0;0
4/0436.png;3;1;0;0
4/0437.png;3;1;0;0
4/0438.png;3;1;0;0
4/0439.png;3;1;0;0
4/0440.png;3;1;0;0
4/0441.png;3;1;0;0
4/0442.png;3;1;0;0
4/0443.png;3;1;0;0
4/0444.png;3;1;0;0
4/0445.png;3;1;0;0
4/0446.png;3;1;0;0
4/0447.png;3;1;0;0
4/0448.png;3;1;0;0
4/0449.png;3;1;0;0
4/0450.png;3;1;0;0
4/0451.png;3;1;0;0
4/0452.png;3;1;0;0
4/0453.png;3;1;0;0
4/0454.png;3;1;0;0
4/0455.png;3;1;0;0
4/0456.png;3;1;0;0
4/0457.png;3;1;0;0
4/0458.png;3;1;0;0
4/0459.png;3;1;0;0
4/0460.png;3;1;0;0
4/0461.png;3;1;0;0
4/0462.png;3;1;0;0
4/0463.png;3;1;0;0
4/0464.png;3;1;0;0
4/0465.png;3;1;0;0
4/0466.png;3;1;0;0
4/0467.png;3;1;0;0
4/0468.png;3;1;0;0
4/0469.png;3;1;0;0
4/0470.png;3;1;0;0
4/0471.png;3;1;0;0
4/0472.png;3;1;0;0
4/0473.png;3;1;0;0
4/0474.png;3;1;0;0
4/0475.png;3;1;0;0
4/0476.png;3;1;0;0
4/0477.png;3;1;0;0
4/0478.png;3;1;0;0
4/0479.png;3;1;0;0
4/0480.png;3;1;0;0
4/0481.png;3;1;0;0
4/0482.png;3;1;0;0
4/0483.png;3;1;0;0
4/0484.png;3;1;0;0
4/0485.png;3;1;0;0
4/0486.png;3;1;0;0
4/0487.png;3;1;0;0
4/0488.png;3;1;0;0
4/0489.png;3;1;0;0
4/0490.png;3;1;0;0
4/0491.png;3;1;0;0
4/0492.png;3;1;0;0
4/0493.png;3;1;0;0
4/0494.png;3;1;0;0
4/0495.png;3;1;0;0
4/0496.png;3;1;0;0
4/0497.png;3;1;0;0
4/0498.png;3;1;0;0
4/0499.png;3;1;0;0
4/0500.png;3;1;0;0
4/0501.png;3;1;0;0
4/0502.png;3;1;0;0
4/0503.png;3;1;0;0
4/0504.png;3;1;0;0
4/0505.png;3;1;0;0
4/0506.png;3;1;0;0
4/0507.png;3;1;0;0
4/0508.png;3;1;0;0
4/0509.png;3;1;0;0
4/0510.png;3;1;0;0
4/0511.png;3;1;0;0
4/0512.png;3;1;0;0
4/0513.png;3;1;0;0
4/0514.png;3;1;0;0
4/0515.png;3;1;0;0
4/0516.png;3;1;0;0
4/0517.png;3;1;0;0
4/0518.png;3;1;0;0
4/0519.png;3;1;0;0
4/0520.png;3;1;0;0
4/0521.png;3;1;0;0
4/0522.png;3;1;0;0
4/0523.png;3;1;0;0
4/0524.png;3;1;0;0
4/0525.png;3;1;0;0
4/0526.png;3;1;0;0
4/0527.png;3;1;0;0
4/0528.png;3;1;0;0
4/0529.png;3;1;0;0
4/0530.png;3;1;0;0
4/0531.png;3;1;0;0
4/0532.png;3;1;0;0
4/0533.png;3;1;0;0
4/0534.png;3;1;0;0
4/0535.png;3;1;0;0
4/0536.png;3;1;0;0
4/0537.png;3;1;0;0
4/0538.png;3;1;0;0
4/0539.png;3;1;0;0
4/0540.png;3;1;0;0
4/0541.png;3;1;0;0
4/0542.png;3;1;0;0
4/0543.png;3;1;0;0
4/0544.png;3;1;0;0
4/0545.png;3;1;0;0
4/0546.png;3;1;0;0
4/0547.png;3;1;0;0
4/0548.png;3;1;0;0
4/0549.png;3;1;0;0
4/0550.png;3;1;0;0
4/0551.png;3;1;0;0
4/0552.png;3;1;0;0
4/0553.png;3;1;0;0
4/0554.png;3;1;0;0
4/0555.png;3;1;0;0
4/0556.png;3;1;0;0
4/0557.png;3;1;0;0
4/0558.png;3;1;0;0
4/0559.png;3;1;0;0
4/0560.png;3;1;0;0
4/0561.png;3;1;0;0
4/0562.png;3;1;0;0
4/0563.png;3;1;0;0
4/0564.png;3;1;0;0
4/0565.png;3;1;0;0
4/0566.png;3;1;0;0
4/0567.png;3;1;0;0
4/0568.png;3;1;0;0
4/0569.png;3;1;0;0
4/0570.png;3;1;0;0
4/0571.png;3;1;0;0
4/0572.png;3;1;0;0
4/0573.png;3;1;0;0
4/0574.png;3;1;0;0
4/0575.png;3;1;0;0
4/0576.png;3;1;0;0
4/0577.png;3;1;0;0
4/0578.png;3;1;0;0
4/0579.png;3;1;0;0
4/0580.png;3;1;0;0
4/0581.png;3;1;0;0
4/0582.png;3;1;0;0
4/0583.png;3;1;0;0
4/0584.png;3;1;0;0
4/0585.png;3;1;0;0
4/0586.png;3;1;0;0
4/0587.png;3;1;0;0
4/0588.png;3;1;0;0
4/0589.png;3;1;0;0
4/0590.png;3;1;0;0
4/0591.png;3;1;0;0
4/0592.png;3;1;0;0
4/0593.png;3;1;0;0
4/0594.png;3;1;0;0
4/0595.png;3;1;0;0
4/0596.png;3;1;0;0
4/0597.png;3;1;0;0
4/0598.png;3;1;0;0
4/0599.png;3;1;0;0
4/0600.png;3;1;0;0
4/0601.png;3;1;0;0
4/0602.png;3;1;0;0
4/0603.png;3;1;0;0
4/0604.png;3;1;0;0
4/0605.png;3;1;0;0
4/0606.png;3;1;0;0
4/0607.png;3;1;0;0
4/0608.png;3;1;0;0
4/0609.png;3;1;0;0
4/0610.png;3;1;0;0
4/0611.png;3;1;0;0
4/0612.png;3;1;0;0
4/0613.png;3;1;0;0
4/0614.png;3;1;0;0
4/0615.png;3;1;0;0
4/0616.png;3;1;0;0
4/0617.png;3;1;0;0
4/0618.png;3;1;0;0
4/0619.png;3;1;0;0
4/0620.png;3;1;0;0
4/0621.png;3;1;0;0
4/0622.png;3;1;0;0
4/0623.png;3;1;0;0
4/0624.png;3;1;0;0
4/0625.png;3;1;0;0
4/0626.png;3;1;0;0
4/0627.png;3;1;0;0
4/0628.png;3;1;0;0
4/0629.png;3;1;0;0
4/0630.png;3;1;0;0
4/0631.png;3;1;0;0
4/0632.png;3;1;0;0
4/0633.png;3;1;0;0
4/0634.png;3;1;0;0
4/0635.png;3;1;0;0
4/0636.png;3;1;0;0
4/0637.png;3;1;0;0
4/0638.png;3;1;0;0
4/0639.png;3;1;0;0
4/0640.png;3;1;0;0
4/0641.png;3;1;0;0
4/0642.png;3;1;0;0
4/0643.png;3;1;0;0
4/0644.png;3;1;0;0
4/0645.png;3;1;0;0
4/0646.png;3;1;0;0
4/0647.png;3;1;0;0
4/0648.png;3;1;0;0
4/0649.png;3;1;0;0
4/0650.png;3;1;0;0
4/0651.png;3;1;0;0
4/0652.png;3;1;0;0
4/0653.png;3;1;0;0
4/0654.png;3;1;0;0
4/0655.png;3;1;0;0
4/0656.png;3;1;0;0
4/0657.png;3;1;0;0
4/0658.png;3;1;0;0
4/0659.png;3;1;0;0
4/0660.png;3;1;0;0
4/0661.png;3;1;0;0
4/0662.png;3;1;0;0
4/0663.png;3;1;0;0
4/0664.png;3;1;0;0
4/0665.png;3;1;0;0
4/0666.png;3;1;0;0
4/0667.png;3;1;0;0
4/0668.png;3;1;0;0
4/0669.png;3;1;0;0
4/0670.png;3;1;0;0
4/0671.png;3;1;0;0
4/0672.png;3;1;0;0
4/0673.png;3;1;0;0
4/0674.png;3;1;0;0
4/0675.png;3;1;0;0
4/0676.png;3;1;0;0
4/0677.png;3;1;0;0
4/0678.png;3;1;0;0
4/0679.png;3;1;0;0
4/0680.png;3;1;0;0
4/0681.png;3;1;0;0
4/0682.png;3;1;0;0
4/0683.png;3;1;0;0
4/0684.png;3;1;0;0
4/0685.png;3;1;0;0
4/0686.png;3;1;0;0
4/0687.png;3;1;0;0
4/0688.png;3;1;0;0
4/0689.png;3;1;0;0
4/0690.png;3;1;0;0
4/0691.png;3;1;0;0
4/0692.png;3;1;0;0
4/0693.png;3;1;0;0
4/0694.png;3;1;0;0
4/0695.png;3;1;0;0
4/0696.png;3;1;0;0
4/0697.png;3;1;0;0
4/0698.png;3;1;0;0
4/0699.png;3;1;0;0
4/0700.png;3;1;0;0
4/0701.png;3;1;0;0
4/0702.png;3;1;0;0
4/0703.png;3;1;0;0
4/0704.png;3;1;0;0
4/0705.png;3;1;0;0
4/0706.png;3;1;0;0
4/0707.png;3;1;0;0
4/0708.png;3;1;0;0
4/0709.png;3;1;0;0
4/0710.png;3;1;0;0
4/0711.png;3;1;0;0
4/0712.png;3;1;0;0
4/0713.png;3;1;0;0
4/0714.png;3;1;0;0
4/0715.png;3;1;0;0
4/0716.png;3;1;0;0
4/0717.png;3;1;0;0
4/0718.png;3;1;0;0
4/0719.png;3;1;0;0
4/0720.png;3;1;0;0
4/0721.png;3;1;0;0
4/0722.png;3;1;0;0
4/0723.png;3;1;0;0
4/0724.png;3;1;0;0
4/0725.png;3;1;0;0
4/0726.png;3;1;0;0
4/0727.png;3;1;0;0
4/0728.png;3;1;0;0
4/0729.png;3;1;0;0
4/0730.png;3;1;0;0
4/0731.png;3;1;0;0
4/0732.png;3;1;0;0
4/0733.png;3;1;0;0
4/0734.png;3;1;0;0
4/0735.png;3;1;0;0
4/0736.png;3;1;0;0
4/0737.png;3;1;0;0
4/0738.png;3;1;0;0
4/0739.png;3;1;0;0
4/0740.png;3;1;0;0
4/0741.png;3;1;0;0
4/0742.png;3;1;0;0
4/0743.png;3;1;0;0
4/0744.png;3;1;0;0
4/0745.png;3;1;0;0
4/0746.png;3;1;0;0
4/0747.png;3;1;0;0
4/0748.png;3;1;0;0
4/0749.png;3;1;0;0
4/0750.png;3;1;0;0
4/0751.png;3;1;0;0
4/0752.png;3;1;0;0
4/0753.png;3;1;0;0
4/0754.png;3;1;0;0
4/0755.png;3;1;0;0
4/0756.png;3;1;0;0
4/0757.png;3;1;0;0
4/0758.png;3;1;0;0
4/0759.png;3;1;0;0
4/0760.png;3;1;0;0
4/0761.png;3;1;0;0
4/0762.png;3;1;0;0
4/0763.png;3;1;0;0
4/0764.png;3;1;0;0
4/0765.png;3;1;0;0
4/0766.png;3;1;0;0
4/0767.png;3;1;0;0
4/0768.png;3;1;0;0
4/0769.png;3;1;0;0
4/0770.png;3;1;0;0
4/0771.png;3;1;0;0
4/0772.png;3;1;0;0
4/0773.png;3;1;0;0
4/0774.png;3;1;0;0
4/0775.png;3;1;0;0
4/0776.png;3;1;0;0
4/0777.png;3;1;0;0
4/0778.png;3;1;0;0
4/0779.png;3;1;0;0
4/0780.png;3;1;0;0
4/0781.png;3;1;0;0
4/0782.png;3;1;0;0
4/0783.png;3;1;0;0
4/0784.png;3;1;0;0
4/0785.png;3;1;0;0
4/0786.png;3;1;0;0
4/0787.png;3;1;0;0
4/0788.png;3;1;0;0
4/0789.png;3;1;0;0
4/0790.png;3;1;0;0
4/0791.png;3;1;0;0
4/0792.png;3;1;0;0
4/0793.png;3;1;0;0
4/0794.png;3;1;0;0
4/0795.png;3;1;0;0
4/0796.png;3;1;0;0
4/0797.png;3;1;0;0
4/0798.png;3;1;0;0
4/0799.png;3;1;0;0
4/0800.png;3;1;0;0
4/0801.png;3;1;0;0
4/0802.png;3;1;0;0
4/0803.png;3;1;0;0
4/0804.png;3;1;0;0
4/0805.png;3;1;0;0
4/0806.png;3;1;0;0
4/0807.png;3;1;0;0
4/0808.png;3;1;0;0
4/0809.png;3;1;0;0
4/0810.png;3;1;0;0
4/0811.png;3;1;0;0
4/0812.png;3;1;0;0
4/0813.png;3;1;0;0
4/0814.png;3;1;0;0
4/0815.png;3;1;0;0
4/0816.png;3;1;0;0
4/0817.png;3;1;0;0
4/0818.png;3;1;0;0
4/0819.png;3;1;0;0
4/0820.png;3;1;0;0
4/0821.png;3;1;0;0
4/0822.png;3;1;0;0
4/0823.png;3;1;0;0
4/0824.png;3;1;0;0
4/0825.png;3;1;0;0
4/0826.png;3;1;0;0
4/0827.png;3;1;0;0
4/0828.png;3;1;0;0
4/0829.png;3;1;0;0
4/0830.png;3;1;0;0
4/0831.png;3;1;0;0
4/0832.png;3;1;0;0
4/0833.png;3;1;0;0
4/0834.png;3;1;0;0
4/0835.png;3;1;0;0
4/0836.png;3;1;0;0
4/0837.png;3;1;0;0
4/0838.png;3;1;0;0
4/0839.png;3;1;0;0
4/0840.png;3;1;0;0
4/0841.png;3;1;0;0
4/0842.png;3;1;0;0
4/0843.png;3;1;0;0
4/0844.png;3;1;0;0
4/0845.png;3;1;0;0
4/0846.png;3;1;0;0
4/0847.png;3;1;0;0
4/0848.png;3;1;0;0
4/0849.png;3;1;0;0
4/0850.png;3;1;0;0
4/0851.png;3;1;0;0
4/0852.png;3;1;0;0
4/0853.png;3;1;0;0
4/0854.png;3;1;0;0
4/0855.png;3;1;0;0
4/0856.png;3;1;0;0
4/0857.png;3;1;0;0
4/0858.png;3;1;0;0
4/0859.png;3;1;0;0
4/0860.png;3;1;0;0
4/0861.png;3;1;0;0
4/0862.png;3;1;0;0
4/0863.png;3;1;0;0
4/0864.png;3;1;0;0
4/0865.png;3;1;0;0
4/0866.png;3;1;0;0
4/0867.png;3;1;0;0
4/0868.png;3;1;0;0
4/0869.png;3;1;0;0
4/0870.png;3;1;0;0
4/0871.png;3;1;0;0
4/0872.png;3;1;0;0
4/0873.png;3;1;0;0
4/0874.png;3;1;0;0
4/0875.png;3;1;0;0
4/0876.png;3;1;0;0
4/0877.png;3;1;0;0
4/0878.png;3;1;0;0
4/0879.png;3;1;0;0
4/0880.png;3;1;0;0
4/0881.png;3;1;0;0
4/0882.png;3;1;0;0
4/0883.png;3;1;0;0
4/0884.png;3;1;0;0
4/0885.png;3;1;0;0
4/0886.png;3;1;0;0
4/0887.png;3;1;0;0
4/0888.png;3;1;0;0
4/0889.png;3;1;0;0
4/0890.png;3;1;0;0
4/0891.png;3;1;0;0
4/0892.png;3;1;0;0
4/0893.png;3;1;0;0
4/0894.png;3;1;0;0
4/0895.png;3;1;0;0
4/0896.png;3;1;0;0
4/0897.png;3;1;0;0
4/0898.png;3;1;0;0
4/0899.png;3;1;0;0
4/0900.png;3;1;0;0
4/0901.png;3;1;0;0
4/0902.png;3;1;0;0
4/0903.png;3;1;0;0
4/0904.png;3;1;0;0
4/0905.png;3;1;0;0
4/0906.png;3;1;0;0
4/0907.png;3;1;0;0
4/0908.png;3;1;0;0
4/0909.png;3;1;0;0
4/0910.png;3;1;0;0
4/0911.png;3;1;0;0
4/0912.png;3;1;0;0
4/0913.png;3;1;0;0
4/0914.png;3;1;0;0
4/0915.png;3;1;0;0
4/0916.png;3;1;0;0
4/0917.png;3;1;0;0
4/0918.png;3;1;0;0
4/0919.png;3;1;0;0
4/0920.png;3;1;0;0
4/0921.png;3;1;0;0
4/0922.png;3;1;0;0
4/0923.png;3;1;0;0
4/0924.png;3;1;0;0
4/0925.png;3;1;0;0
4/0926.png;3;1;0;0
4/0927.png;3;1;0;0
4/0928.png;3;1;0;0
4/0929.png;3;1;0;0
4/0930.png;3;1;0;0
4/0931.png;3;1;0;0
4/0932.png;3;1;0;0
4/0933.png;3;1;0;0
4/0934.png;3;1;0;0
4/0935.png;3;1;0;0
4/0936.png;3;1;0;0
4/0937.png;3;1;0;0
4/0938.png;3;1;0;0
4/0939.png;3;1;0;0
4/0940.png;3;1;0;0
4/0941.png;3;1;0;0
4/0942.png;3;1;0;0
4/0943.png;3;1;0;0
4/0944.png;3;1;0;0
4/0945.png;3;1;0;0
4/0946.png;3;1;0;0
4/0947.png;3;1;0;0
4/0948.png;3;1;0;0
4/0949.png;3;1;0;0
4/0950.png;3;1;0;0
4/0951.png;3;1;0;0
4/0952.png;3;1;0;0
4/0953.png;3;1;0;0
4/0954.png;3;1;0;0
4/0955.png;3;1;0;0
4/0956.png;3;1;0;0
4/0957.png;3;1;0;0
4/0958.png;3;1;0;0
4/0959.png;3;1;0;0
4/0960.png;3;1;0;0
4/0961.png;3;1;0;0
4/0962.png;3;1;0;0
4/0963.png;3;1;0;0
4/0964.png;3;1;0;0
4/0965.png;3;1;0;0
4/0966.png;3;1;0;0
4/0967.png;3;1;0;0
4/0968.png;3;1;0;0
4/0969.png;3;1;0;0
4/0970.png;3;1;0;0
4/0971.png;3;1;0;0
4/0972.png;3;1;0;0
4/0973.png;3;1;0;0
4/0974.png;3;1;0;0
4/0975.png;3;1;0;0
4/0976.png;3;1;0;0
4/0977.png;3;1;0;0
4/0978.png;3;1;0;0
4/0979.png;3;1;0;0
4/0980.png;3;1;0;0
4/0981.png;3;1;0;0
4/0982.png;3;1;0;0
4/0983.png;3;1;0;0
4/0984.png;3;1;0;0
4/0985.png;3;1;0;0
4/0986.png;3;1;0;0
4/0987.png;3;1;0;0
4/0988.png;3;1;0;0
4/0989.png;3;1;0;0
4/0990.png;3;1;0;0
4/0991.png;3;1;0;0
4/0992.png;3;1;0;0
4/0993.png;3;1;0;0
4/0994.png;3;1;0;0
4/0995.png;3;1;0;0
4/0996.png;3;1;0;0
4/0997.png;3;1;0;0
4/0998.png;3;1;0;0
4/0999.png;3;1;0;0
4/1000.png;3;1;0;0
4/1001.png;3;1;0;0
4/1002.png;3;1;0;0
4/1003.png;3;1;0;0
4/1004.png;3;1;0;0
4/1005.png;3;1;0;0
4/1006.png;3;1;0;0
4/1007.png;3;1;0;0
4/1008.png;3;1;0;0
4/1009.png;3;1;0;0
4/1010.png;3;1;0;0
4/1011.png;3;1;0;0
4/1012.png;3;1;0;0
4/1013.png;3;1;0;0
4/1014.png;3;1;0;0
4/1015.png;3;1;0;0
4/1016.png;3;1;0;0
4/1017.png;3;1;0;0
4/1018.png;3;1;0;0
4/1019.png;3;1;0;0
4/1020.png;3;1;0;0
4/1021.png;3;1;0;0
4/1022.png;3;1;0;0
4/1023.png;3;1;0;0
4/1024.png;3;1;0;0
4/1025.png;3;1;0;0
4/1026.png;3;1;0;0
4/1027.png;3;1;0;0
4/1028.png;3;1;0;0
4/1029.png;3;1;0;0
4/1030.png;3;1;0;0
4/1031.png;3;1;0;0
4/1032.png;3;1;0;0
4/1033.png;3;1;0;0
4/1034.png;3;1;0;0
4/1035.png;3;1;0;0
4/1036.png;3;1;0;0
4/1037.png;3;1;0;0
4/1038.png;3;1;0;0
4/1039.png;3;1;0;0
4/1040.png;3;1;0;0
4/1041.png;3;1;0;0
4/1042.png;3;1;0;0
4/1043.png;3;1;0;0
4/1044.png;3;1;0;0
4/1045.png;3;1;0;0
4/1046.png;3;1;0;0
4/1047.png;3;1;0;0
4/1048.png;3;1;0;0
4/1049.png;3;1;0;0
4/1050.png;3;1;0;0
4/1051.png;3;1;0;0
4/1052.png;3;1;0;0
4/1053.png;3;1;0;0
4/1054.png;3;1;0;0
4/1055.png;3;1;0;0
4/1056.png;3;1;0;0
4/1057.png;3;1;0;0
4/1058.png;3;1;0;0
4/1059.png;3;1;0;0
4/1060.png;3;1;0;0
4/1061.png;3;1;0;0
4/1062.png;3;1;0;0
4/1063.png;3;1;0;0
4/1064.png;3;1;0;0
4/1065.png;3;1;0;0
4/1066.png;3;1;0;0
4/1067.png;3;1;0;0
4/1068.png;3;1;0;0
4/1069.png;3;1;0;0
4/1070.png;3;1;0;0
4/1071.png;3;1;0;0
4/1072.png;3;1;0;0
4/1073.png;3;1;0;0
4/1074.png;3;1;0;0
4/1075.png;3;1;0;0
4/1076.png;3;1;0;0
4/1077.png;3;1;0;0
4/1078.png;3;1;0;0
4/1079.png;3;1;0;0
4/1080.png;3;1;0;0
4/1081.png;3;1;0;0
4/1082.png;3;1;0;0
4/1083.png;3;1;0;0
4/1084.png;3;1;0;0
4/1085.png;3;1;0;0
4/1086.png;3;1;0;0
4/1087.png;3;1;0;0
4/1088.png;3;1;0;0
4/1089.png;3;1;0;0
4/1090.png;3;1;0;0
4/1091.png;3;1;0;0
4/1092.png;3;1;0;0
4/1093.png;3;1;0;0
4/1094.png;3;1;0;0
4/1095.png;3;1;0;0
4/1096.png;3;1;0;0
4/1097.png;3;1;0;0
4/1098.png;3;1;0;0
4/1099.png;3;1;0;0
4/1100.png;3;1;0;0
4/1101.png;3;1;0;0
4/1102.png;3;1;0;0
4/1103.png;3;1;0;0
4/1104.png;3;1;0;0
4/1105.png;3;1;0;0
4/1106.png;3;1;0;0
4/1107.png;3;1;0;0
4/1108.png;3;1;0;0
4/1109.png;3;1;0;0
4/1110.png;3;1;0;0
4/1111.png;3;1;0;0
4/1112.png;3;1;0;0
4/1113.png;3;1;0;0
4/1114.png;3;1;0;0
4/1115.png;3;1;0;0
4/1116.png;3;1;0;0
4/1117.png;3;1;0;0
4/1118.png;3;1;0;0
4/1119.png;3;1;0;0
4/1120.png;3;1;0;0
4/1121.png;3;1;0;0
4/1122.png;3;1;0;0
4/1123.png;3;1;0;0
4/1124.png;3;1;0;0
4/1125.png;3;1;0;0
4/1126.png;3;1;0;0
4/1127.png;3;1;0;0
4/1128.png;3;1;0;0
4/1129.png;3;1;0;0
4/1130.png;3;1;0;0
4/1131.png;3;1;0;0
4/1132.png;3;1;0;0
4/1133.png;3;1;0;0
4/1134.png;3;1;0;0
4/1135.png;3;1;0;0
4/1136.png;3;1;0;0
4/1137.png;3;1;0;0
4/1138.png;3;1;0;0
4/1139.png;3;1;0;0
4/1140.png;3;1;0;0
4/1141.png;3;1;0;0
4/1142.png;3;1;0;0
4/1143.png;3;1;0;0
4/1144.png;3;1;0;0
4/1145.png;3;1;0;0
4/1146.png;3;1;0;0
4/1147.png;3;1;0;0
4/1148.png;3;1;0;0
4/1149.png;3;1;0;0
4/1150.png;3;1;0;0
4/1151.png;3;1;0;0
4/1152.png;3;1;0;0
4/1153.png;3;1;0;0
4/1154.png;3;1;0;0
4/1155.png;3;1;0;0
4/1156.png;3;1;0;0
4/1157.png;3;1;0;0
4/1158.png;3;1;0;0
4/1159.png;3;1;0;0
4/1160.png;3;1;0;0
4/1161.png;3;1;0;0
4/1162.png;3;1;0;0
4/1163.png;3;1;0;0
4/1164.png;3;1;0;0
4/1165.png;3;1;0;0
4/1166.png;3;1;0;0
4/1167.png;3;1;0;0
4/1168.png;3;1;0;0
4/1169.png;3;1;0;0
4/1170.png;3;1;0;0
4/1171.png;3;1;0;0
4/1172.png;3;1;0;0
4/1173.png;3;1;0;0
4/1174.png;3;1;0;0
4/1175.png;3;1;0;0
4/1176.png;3;1;0;0
4/1177.png;3;1;0;0
4/1178.png;3;1;0;0
4/1179.png;3;1;0;0
4/1180.png;3;1;0;0
4/1181.png;3;1;0;0
4/1182.png;3;1;0;0
4/1183.png;3;1;0;0
4/1184.png;3;1;0;0
4/1185.png;3;1;0;0
4/1186.png;3;1;0;0
4/1187.png;3;1;0;0
4/1188.png;3;1;0;0
4/1189.png;3;1;0;0
4/1190.png;3;1;0;0
4/1191.png;3;1;0;0
4/1192.png;3;1;0;0
4/1193.png;3;1;0;0
4/1194.png;3;1;0;0
4/1195.png;3;1;0;0
4/1196.png;3;1;0;0
4/1197.png;3;1;0;0
4/1198.png;3;1;0;0
4/1199.png;3;1;0;0
4/1200.png;3;1;0;0
4/1201.png;3;1;0;0
4/1202.png;3;1;0;0
4/1203.png;3;1;0;0
4/1204.png;3;1;0;0
4/1205.png;3;1;0;0
4/1206.png;3;1;0;0
4/1207.png;3;1;0;0
4/1208.png;3;1;0;0
4/1209.png;3;1;0;0
4/1210.png;3;1;0;0
4/1211.png;3;1;0;0
4/1212.png;3;1;0;0
4/1213.png;3;1;0;0
4/1214.png;3;1;0;0
4/1215.png;3;1;0;0
4/1216.png;3;1;0;0
4/1217.png;3;1;0;0
4/1218.png;3;1;0;0
4/1219.png;3;1;0;0
4/1220.png;3;1;0;0
4/1221.png;3;1;0;0
4/1222.png;3;1;0;0
4/1223.png;3;1;0;0
4/1224.png;3;1;0;0
4/1225.png;3;1;0;0
4/1226.png;3;1;0;0
4/1227.png;3;1;0;0
4/1228.png;3;1;0;0
4/1229.png;3;1;0;0
4/1230.png;3;1;0;0
4/1231.png;3;1;0;0
4/1232.png;3;1;0;0
4/1233.png;3;1;0;0
4/1234.png;3;1;0;0
4/1235.png;3;1;0;0
4/1236.png;3;1;0;0
4/1237.png;3;1;0;0
4/1238.png;3;1;0;0
4/1239.png;3;1;0;0
4/1240.png;3;1;0;0
4/1241.png;3;1;0;0
4/1242.png;3;1;0;0
4/1243.png;3;1;0;0
4/1244.png;3;1;0;0
4/1245.png;3;1;0;0
4/1246.png;3;1;0;0
4/1247.png;3;1;0;0
4/1248.png;3;1;0;0
4/1249.png;3;1;0;0
4/1250.png;3;1;0;0
4/1251.png;3;1;0;0
4/1252.png;3;1;0;0
4/1253.png;3;1;0;0
4/1254.png;3;1;0;0
4/1255.png;3;1;0;0
4/1256.png;3;1;0;0
4/1257.png;3;1;0;0
4/1258.png;3;1;0;0
4/1259.png;3;1;0;0
4/1260.png;3;1;0;0
4/1261.png;3;1;0;0
4/1262.png;3;1;0;0
4/1263.png;3;1;0;0
4/1264.png;3;1;0;0
4/1265.png;3;1;0;0
4/1266.png;3;1;0;0
4/1267.png;3;1;0;0
4/1268.png;3;1;0;0
4/1269.png;3;1;0;0
4/1270.png;3;1;0;0
4/1271.png;3;1;0;0
4/1272.png;3;1;0;0
4/1273.png;3;1;0;0
4/1274.png;3;1;0;0
4/1275.png;3;1;0;0
4/1276.png;3;1;0;0
4/1277.png;3;1;0;0
4/1278.png;3;1;0;0
4/1279.png;3;1;0;0
4/1280.png;3;1;0;0
4/1281.png;3;1;0;0
4/1282.png;3;1;0;0
4/1283.png;3;1;0;0
4/1284.png;3;1;0;0
4/1285.png;3;1;0;0
4/1286.png;3;1;0;0
4/1287.png;3;1;0;0
4/1288.png;3;1;0;0
4/1289.png;3;1;0;0
4/1290.png;3;1;0;0
4/1291.png;3;1;0;0
4/1292.png;3;1;0;0
4/1293.png;3;1;0;0
4/1294.png;3;1;0;0
4/1295.png;3;1;0;0
4/1296.png;3;1;0;0
4/1297.png;3;1;0;0
4/1298.png;3;1;0;0
4/1299.png;3;1;0;0
4/1300.png;3;1;0;0
4/1301.png;3;1;0;0
4/1302.png;3;1;0;0
4/1303.png;3;1;0;0
4/1304.png;3;1;0;0
4/1305.png;3;1;0;0
4/1306.png;3;1;0;0
4/1307.png;3;1;0;0
4/1308.png;3;1;0;0
4/1309.png;3;1;0;0
4/1310.png;3;1;0;0
4/1311.png;3;1;0;0
4/1312.png;3;1;0;0
4/1313.png;3;1;0;0
4/1314.png;3;1;0;0
4/1315.png;3;1;0;0
4/1316.png;3;1;0;0
4/1317.png;3;1;0;0
4/1318.png;3;1;0;0
4/1319.png;3;1;0;0
4/1320.png;3;1;0;0
4/1321.png;3;1;0;0
4/1322.png;3;1;0;0
4/1323.png;3;1;0;0
4/1324.png;3;1;0;0
4/1325.png;3;1;0;0
4/1326.png;3;1;0;0
4/1327.png;3;1;0;0
4/1328.png;3;1;0;0
4/1329.png;3;1;0;0
4/1330.png;3;1;0;0
4/1331.png;3;1;0;0
4/1332.png;3;1;0;0
4/1333.png;3;1;0;0
4/1334.png;3;1;0;0
4/1335.png;3;1;0;0
4/1336.png;3;1;0;0
4/1337.png;3;1;0;0
4/1338.png;3;1;0;0
4/1339.png;3;1;0;0
4/1340.png;3;1;0;0
4/1341.png;3;1;0;0
4/1342.png;3;1;0;0
4/1343.png;3;1;0;0
4/1344.png;3;1;0;0
4/1345.png;3;1;0;0
4/1346.png;3;1;0;0
4/1347.png;3;1;0;0
4/1348.png;3;1;0;0
4/1349.png;3;1;0;0
4/1350.png;3;1;0;0
4/1351.png;3;1;0;0
4/1352.png;3;1;0;0
4/1353.png;3;1;0;0
4/1354.png;3;1;0;0
4/1355.png;3;1;0;0
4/1356.png;3;1;0;0
4/1357.png;3;1;0;0
4/1358.png;3;1;0;0
4/1359.png;3;1;0;0
4/1360.png;3;1;0;0
4/1361.png;3;1;0;0
4/1362.png;3;1;0;0
4/1363.png;3;1;0;0
4/1364.png;3;1;0;0
4/1365.png;3;1;0;0
4/1366.png;3;1;0;0
4/1367.png;3;1;0;0
4/1368.png;3;1;0;0
4/1369.png;3;1;0;0
4/1370.png;3;1;0;0
4/1371.png;3;1;0;0
4/1372.png;3;1;0;0
4/1373.png;3;1;0;0
4/1374.png;3;1;0;0
4/1375.png;3;1;0;0
4/1376.png;3;1;0;0
4/1377.png;3;1;0;0
4/1378.png;3;1;0;0
4/1379.png;3;1;0;0
4/1380.png;3;1;0;0
4/1381.png;3;1;0;0
4/1382.png;3;1;0;0
4/1383.png;3;1;0;0
4/1384.png;3;1;0;0
4/1385.png;3;1;0;0
4/1386.png;3;1;0;0
4/1387.png;3;1;0;0
4/1388.png;3;1;0;0
4/1389.png;3;1;0;0
4/1390.png;3;1;0;0
4/1391.png;3;1;0;0
4/1392.png;3;1;0;0
4/1393.png;3;1;0;0
4/1394.png;3;1;0;0
4/1395.png;3;1;0;0
4/1396.png;3;1;0;0
4/1397.png;3;1;0;0
4/1398.png;3;1;0;0
4/1399.png;3;1;0;0
4/1400.png;3;1;0;0
4/1401.png;3;1;0;0
4/1402.png;3;1;0;0
4/1403.png;3;1;0;0
4/1404.png;3;1;0;0
4/1405.png;3;1;0;0
4/1406.png;3;1;0;0
4/1407.png;3;1;0;0
4/1408.png;3;1;0;0
4/1409.png;3;1;0;0
4/1410.png;3;1;0;0
4/1411.png;3;1;0;0
4/1412.png;3;1;0;0
4/1413.png;3;1;0;0
4/1414.png;3;1;0;0
4/1415.png;3;1;0;0
4/1416.png;3;1;0;0
4/1417.png;3;1;0;0
4/1418.png;3;1;0;0
4/1419.png;3;1;0;0
4/1420.png;3;1;0;0
4/1421.png;3;1;0;0
4/1422.png;3;1;0;0
4/1423.png;3;1;0;0
4/1424.png;3;1;0;0
4/1425.png;3;1;0;0
4/1426.png;3;1;0;0
4/1427.png;3;1;0;0
4/1428.png;3;1;0;0
4/1429.png;3;1;0;0
4/1430.png;3;1;0;0
4/1431.png;3;1;0;0
4/1432.png;3;1;0;0
4/1433.png;3;1;0;0
4/1434.png;3;1;0;0
4/1435.png;3;1;0;0
4/1436.png;3;1;0;0
4/1437.png;3;1;0;0
4/1438.png;3;1;0;0
4/1439.png;3;1;0;0
4/1440.png;3;1;0;0
4/1441.png;3;1;0;0
4/1442.png;3;1;0;0
4/1443.png;3;1;0;0
4/1444.png;3;1;0;0
4/1445.png;3;1;0;0
4/1446.png;3;1;0;0
4/1447.png;3;1;0;0
4/1448.png;3;1;0;0
4/1449.png;3;1;0;0
4/1450.png;3;1;0;0
4/1451.png;3;1;0;0
4/1452.png;3;1;0;0
4/1453.png;3;1;0;0
4/1454.png;3;1;0;0
4/1455.png;3;1;0;0
4/1456.png;3;1;0;0
4/1457.png;3;1;0;0
4/1458.png;3;1;0;0
4/1459.png;3;1;0;0
4/1460.png;3;1;0;0
4/1461.png;3;1;0;0
4/1462.png;3;1;0;0
4/1463.png;3;1;0;0
4/1464.png;3;1;0;0
4/1465.png;3;1;0;0
4/1466.png;3;1;0;0
4/1467.png;3;1;0;0
4/1468.png;3;1;0;0
4/1469.png;3;1;0;0
4/1470.png;3;1;0;0
4/1471.png;3;1;0;0
4/1472.png;3;1;0;0
4/1473.png;3;1;0;0
4/1474.png;3;1;0;0
4/1475.png;3;1;0;0
4/1476.png;3;1;0;0
4/1477.png;3;1;0;0
4/1478.png;3;1;0;0
4/1479.png;3;1;0;0
4/1480.png;3;1;0;0
4/1481.png;3;1;0;0
4/1482.png;3;1;0;0
4/1483.png;3;1;0;0
4/1484.png;3;1;0;0
4/1485.png;3;1;0;0
4/1486.png;3;1;0;0
4/1487.png;3;1;0;0
4/1488.png;3;1;0;0
4/1489.png;3;1;0;0
4/1490.png;3;1;0;0
4/1491.png;3;1;0;0
4/1492.png;3;1;0;0
4/1493.png;3;1;0;0
4/1494.png;3;1;0;0
4/1495.png;3;1;0;0
4/1496.png;3;1;0;0
4/1497.png;3;1;0;0
4/1498.png;3;1;0;0
4/1499.png;3;1;0;0
4/1500.png;3;1;0;0
4/1501.png;3;1;0;0
4/1502.png;3;1;0;0
4/1503.png;3;1;0;0
4/1504.png;3;1;0;0
4/1505.png;3;1;0;0
4/1506.png;3;1;0;0
4/1507.png;3;1;0;0
4/1508.png;3;1;0;0
4/1509.png;3;1;0;0
4/1510.png;3;1;0;0
4/1511.png;3;1;0;0
4/1512.png;3;1;0;0
4/1513.png;3;1;0;0
4/1514.png;3;1;0;0
4/1515.png;3;1;0;0
4/1516.png;3;1;0;0
4/1517.png;3;1;0;0
4/1518.png;3;1;0;0
4/1519.png;3;1;0;0
4/1520.png;3;1;0;0
4/1521.png;3;1;0;0
4/1522.png;3;1;0;0
4/1523.png;3;1;0;0
4/1524.png;3;1;0;0
4/1525.png;3;1;0;0
4/1526.png;3;1;0;0
4/1527.png;3;1;0;0
4/1528.png;3;1;0;0
4/1529.png;3;1;0;0
4/1530.png;3;1;0;0
4/1531.png;3;1;0;0
4/1532.png;3;1;0;0
4/1533.png;3;1;0;0
4/1534.png;3;1;0;0
4/1535.png;3;1;0;0
4/1536.png;3;1;0;0
4/1537.png;3;1;0;0
4/1538.png;3;1;0;0
4/1539.png;3;1;0;0
4/1540.png;3;1;0;0
4/1541.png;3;1;0;0
4/1542.png;3;1;0;0
4/1543.png;3;1;0;0
4/1544.png;3;1;0;0
4/1545.png;3;1;0;0
4/1546.png;3;1;0;0
4/1547.png;3;1;0;0
4/1548.png;3;1;0;0
4/1549.png;3;1;0;0
4/1550.png;3;1;0;0
4/1551.png;3;1;0;0
4/1552.png;3;1;0;0
4/1553.png;3;1;0;0
4/1554.png;3;1;0;0
4/1555.png;3;1;0;0
4/1556.png;3;1;0;0
4/1557.png;3;1;0;0
4/1558.png;3;1;0;0
4/1559.png;3;1;0;0
4/1560.png;3;1;0;0
4/1561.png;3;1;0;0
4/1562.png;3;1;0;0
4/1563.png;3;1;0;0
4/1564.png;3;1;0;0
4/1565.png;3;1;0;0
4/1566.png;3;1;0;0
4/1567.png;3;1;0;0
4/1568.png;3;1;0;0
4/1569.png;3;1;0;0
4/1570.png;3;1;0;0
4/1571.png;3;1;0;0
4/1572.png;3;1;0;0
4/1573.png;3;1;0;0
4/1574.png;3;1;0;0
4/1575.png;3;1;0;0
4/1576.png;3;1;0;0
4/1577.png;3;1;0;0
4/1578.png;3;1;0;0
4/1579.png;3;1;0;0
4/1580.png;3;1;0;0
4/1581.png;3;1;0;0
4/1582.png;3;1;0;0
4/1583.png;3;1;0;0
4/1584.png;3;1;0;0
4/1585.png;3;1;0;0
4/1586.png;3;1;0;0
4/1587.png;3;1;0;0
4/1588.png;3;1;0;0
4/1589.png;3;1;0;0
4/1590.png;3;1;0;0
4/1591.png;3;1;0;0
4/1592.png;3;1;0;0
4/1593.png;3;1;0;0
4/1594.png;3;1;0;0
4/1595.png;3;1;0;0
4/1596.png;3;1;0;0
4/1597.png;3;1;0;0
4/1598.png;3;1;0;0
4/1599.png;3;1;0;0
4/1600.png;3;1;0;0
4/1601.png;3;1;0;0
4/1602.png;3;1;0;0
4/1603.png;3;1;0;0
4/1604.png;3;1;0;0
4/1605.png;3;1;0;0
4/1606.png;3;1;0;0
4/1607.png;3;1;0;0
4/1608.png;3;1;0;0
4/1609.png;3;1;0;0
4/1610.png;3;1;0;0
4/1611.png;3;1;0;0
4/1612.png;3;1;0;0
4/1613.png;3;1;0;0
4/1614.png;3;1;0;0
4/1615.png;3;1;0;0
4/1616.png;3;1;0;0
4/1617.png;3;1;0;0
4/1618.png;3;1;0;0
4/1619.png;3;1;0;0
4/1620.png;3;1;0;0
4/1621.png;3;1;0;0
4/1622.png;3;1;0;0
4/1623.png;3;1;0;0
4/1624.png;3;1;0;0
4/1625.png;3;1;0;0
4/1626.png;3;1;0;0
4/1627.png;3;1;0;0
4/1628.png;3;1;0;0
4/1629.png;3;1;0;0
4/1630.png;3;1;0;0
4/1631.png;3;1;0;0
4/1632.png;3;1;0;0
4/1633.png;3;1;0;0
4/1634.png;3;1;0;0
4/1635.png;3;1;0;0
4/1636.png;3;1;0;0
4/1637.png;3;1;0;0
4/1638.png;3;1;0;0
4/1639.png;3;1;0;0
4/1640.png;3;1;0;0
4/1641.png;3;1;0;0
4/1642.png;3;1;0;0
4/1643.png;3;1;0;0
4/1644.png;3;1;0;0
4/1645.png;3;1;0;0
4/1646.png;3;1;0;0
4/1647.png;3;1;0;0
4/1648.png;3;1;0;0
4/1649.png;3;1;0;0
4/1650.png;3;1;0;0
4/1651.png;3;1;0;0
4/1652.png;3;1;0;0
4/1653.png;3;1;0;0
4/1654.png;3;1;0;0
4/1655.png;3;1;0;0
4/1656.png;3;1;0;0
4/1657.png;3;1;0;0
4/1658.png;3;1;0;0
4/1659.png;3;1;0;0
4/1660.png;3;1;0;0
4/1661.png;3;1;0;0
4/1662.png;3;1;0;0
4/1663.png;3;1;0;0
4/1664.png;3;1;0;0
4/1665.png;3;1;0;0
4/1666.png;3;1;0;0
4/1667.png;3;1;0;0
4/1668.png;3;1;0;0
4/1669.png;3;1;0;0
4/1670.png;3;1;0;0
4/1671.png;3;1;0;0
4/1672.png;3;1;0;0
4/1673.png;3;1;0;0
4/1674.png;3;1;0;0
4/1675.png;3;1;0;0
4/1676.png;3;1;0;0
4/1677.png;3;1;0;0
4/1678.png;3;1;0;0
4/1679.png;3;1;0;0
4/1680.png;3;1;0;0
4/1681.png;3;1;0;0
4/1682.png;3;1;0;0
4/1683.png;3;1;0;0
4/1684.png;3;1;0;0
4/1685.png;3;1;0;0
4/1686.png;3;1;0;0
4/1687.png;3;1;0;0
4/1688.png;3;1;0;0
4/1689.png;3;1;0;0
4/1690.png;3;1;0;0
4/1691.png;3;1;0;0
4/1692.png;3;1;0;0
4/1693.png;3;1;0;0
4/1694.png;3;1;0;0
4/1695.png;3;1;0;0
4/1696.png;3;1;0;0
4/1697.png;3;1;0;0
4/1698.png;3;1;0;0
4/1699.png;3;1;0;0
4/1700.png;3;1;0;0
4/1701.png;3;1;0;0
4/1702.png;3;1;0;0
4/1703.png;3;1;0;0
4/1704.png;3;1;0;0
4/1705.png;3;1;0;0
4/1706.png;3;1;0;0
4/1707.png;3;1;0;0
4/1708.png;3;1;0;0
4/1709.png;3;1;0;0
4/1710.png;3;1;0;0
4/1711.png;3;1;0;0
4/1712.png;3;1;0;0
4/1713.png;3;1;0;0
4/1714.png;3;1;0;0
4/1715.png;3;1;0;0
4/1716.png;3;1;0;0
4/1717.png;3;1;0;0
4/1718.png;3;1;0;0
4/1719.png;3;1;0;0
4/1720.png;3;1;0;0
4/1721.png;3;1;0;0
4/1722.png;3;1;0;0
4/1723.png;3;1;0;0
4/1724.png;3;1;0;0
4/1725.png;3;1;0;0
4/1726.png;3;1;0;0
4/1727.png;3;1;0;0
4/1728.png;3;1;0;0
4/1729.png;3;1;0;0
4/1730.png;3;1;0;0
4/1731.png;3;1;0;0
4/1732.png;3;1;0;0
4/1733.png;3;1;0;0
4/1734.png;3;1;0;0
4/1735.png;3;1;0;0
4/1736.png;3;1;0;0
4/1737.png;3;1;0;0
4/1738.png;3;1;0;0
4/1739.png;3;1;0;0
4/1740.png;3;1;0;0
4/1741.png;3;1;0;0
4/1742.png;3;1;0;0
4/1743.png;3;1;0;0
4/1744.png;3;1;0;0
4/1745.png;3;1;0;0
4/1746.png;3;1;0;0
4/1747.png;3;1;0;0
4/1748.png;3;1;0;0
4/1749.png;3;1;0;0
4/1750.png;3;1;0;0
4/1751.png;3;1;0;0
4/1752.png;3;1;0;0
4/1753.png;3;1;0;0
4/1754.png;3;1;0;0
4/1755.png;3;1;0;0
4/1756.png;3;1;0;0
4/1757.png;3;1;0;0
4/1758.png;3;1;0;0
4/1759.png;3;1;0;0
4/1760.png;3;1;0;0
4/1761.png;3;1;0;0
4/1762.png;3;1;0;0
4/1763.png;3;1;0;0
4/1764.png;3;1;0;0
4/1765.png;3;1;0;0
4/1766.png;3;1;0;0
4/1767.png;3;1;0;0
4/1768.png;3;1;0;0
4/1769.png;3;1;0;0
4/1770.png;3;1;0;0
4/1771.png;3;1;0;0
4/1772.png;3;1;0;0
4/1773.png;3;1;0;0
4/1774.png;3;1;0;0
4/1775.png;3;1;0;0
4/1776.png;3;1;0;0
4/1777.png;3;1;0;0
4/1778.png;3;1;0;0
4/1779.png;3;1;0;0
4/1780.png;3;1;0;0
4/1781.png;3;1;0;0
4/1782.png;3;1;0;0
4/1783.png;3;1;0;0
4/1784.png;3;1;0;0
4/1785.png;3;1;0;0
4/1786.png;3;1;0;0
4/1787.png;3;1;0;0
4/1788.png;3;1;0;0
4/1789.png;3;1;0;0
4/1790.png;3;1;0;0
4/1791.png;3;1;0;0
4/1792.png;3;1;0;0
4/1793.png;3;1;0;0
4/1794.png;3;1;0;0
4/1795.png;3;1;0;0
4/1796.png;3;1;0;0
4/1797.png;3;1;0;0
4/1798.png;3;1;0;0
4/1799.png;3;1;0;0
4/1800.png;3;1;0;0
4/1801.png;3;1;0;0
4/1802.png;3;1;0;0
4/1803.png;3;1;0;0
4/1804.png;3;1;0;0
4/1805.png;3;1;0;0
4/1806.png;3;1;0;0
4/1807.png;3;1;0;0
4/1808.png;3;1;0;0
4/1809.png;3;1;0;0
4/1810.png;3;1;0;0
4/1811.png;3;1;0;0
4/1812.png;3;1;0;0
4/1813.png;3;1;0;0
4/1814.png;3;1;0;0
4/1815.png;3;1;0;0
4/1816.png;3;1;0;0
4/1817.png;3;1;0;0
4/1818.png;3;1;0;0
4/1819.png;3;1;0;0
4/1820.png;3;1;0;0
4/1821.png;3;1;0;0
4/1822.png;3;1;0;0
4/1823.png;3;1;0;0
4/1824.png;3;1;0;0
4/1825.png;3;1;0;0
4/1826.png;3;1;0;0
4/1827.png;3;1;0;0
4/1828.png;3;1;0;0
4/1829.png;3;1;0;0
4/1830.png;3;1;0;0
4/1831.png;3;1;0;0
4/1832.png;3;1;0;0
4/1833.png;3;1;0;0
4/1834.png;3;1;0;0
4/1835.png;3;1;0;0
4/1836.png;3;1;0;0
4/1837.png;3;1;0;0
4/1838.png;3;1;0;0
4/1839.png;3;1;0;0
4/1840.png;3;1;0;0
4/1841.png;3;1;0;0
4/1842.png;3;1;0;0
4/1843.png;3;1;0;0
4/1844.png;3;1;0;0
4/1845.png;3;1;0;0
4/1846.png;3;1;0;0
4/1847.png;3;1;0;0
4/1848.png;3;1;0;0
4/1849.png;3;1;0;0
4/1850.png;3;1;0;0
4/1851.png;3;1;0;0
4/1852.png;3;1;0;0
4/1853.png;3;1;0;0
4/1854.png;3;1;0;0
4/1855.png;3;1;0;0
4/1856.png;3;1;0;0
4/1857.png;3;1;0;0
4/1858.png;3;1;0;0
4/1859.png;3;1;0;0
4/1860.png;3;1;0;0
4/1861.png;3;1;0;0
4/1862.png;3;1;0;0
4/1863.png;3;1;0;0
4/1864.png;3;1;0;0
4/1865.png;3;1;0;0
4/1866.png;3;1;0;0
4/1867.png;3;1;0;0
4/1868.png;3;1;0;0
4/1869.png;3;1;0;0
4/1870.png;3;1;0;0
4/1871.png;3;1;0;0
4/1872.png;3;1;0;0
4/1873.png;3;1;0;0
4/1874.png;3;1;0;0
4/1875.png;3;1;0;0
4/1876.png;3;1;0;0
4/1877.png;3;1;0;0
4/1878.png;3;1;0;0
4/1879.png;3;1;0;0
4/1880.png;3;1;0;0
4/1881.png;3;1;0;0
4/1882.png;3;1;0;0
4/1883.png;3;1;0;0
4/1884.png;3;1;0;0
4/1885.png;3;1;0;0
4/1886.png;3;1;0;0
4/1887.png;3;1;0;0
4/1888.png;3;1;0;0
4/1889.png;3;1;0;0
4/1890.png;3;1;0;0
4/1891.png;3;1;0;0
4/1892.png;3;1;0;0
4/1893.png;3;1;0;0
4/1894.png;3;1;0;0
4/1895.png;3;1;0;0
4/1896.png;3;1;0;0
4/1897.png;3;1;0;0
4/1898.png;3;1;0;0
4/1899.png;3;1;0;0
4/1900.png;3;1;0;0
4/1901.png;3;1;0;0
4/1902.png;3;1;0;0
4/1903.png;3;1;0;0
4/1904.png;3;1;0;0
4/1905.png;3;1;0;0
4/1906.png;3;1;0;0
4/1907.png;3;1;0;0
4/1908.png;3;1;0;0
4/1909.png;3;1;0;0
4/1910.png;3;1;0;0
4/1911.png;3;1;0;0
4/1912.png;3;1;0;0
4/1913.png;3;1;0;0
4/1914.png;3;1;0;0
4/1915.png;3;1;0;0
4/1916.png;3;1;0;0
4/1917.png;3;1;0;0
4/1918.png;3;1;0;0
4/1919.png;3;1;0;0
4/1920.png;3;1;0;0
4/1921.png;3;1;0;0
4/1922.png;3;1;0;0
4/1923.png;3;1;0;0
4/1924.png;3;1;0;0
4/1925.png;3;1;0;0
4/1926.png;3;1;0;0
4/1927.png;3;1;0;0
4/1928.png;3;1;0;0
4/1929.png;3;1;0;0
4/1930.png;3;1;0;0
4/1931.png;3;1;0;0
4/1932.png;3;1;0;0
4/1933.png;3;1;0;0
4/1934.png;3;1;0;0
4/1935.png;3;1;0;0
4/1936.png;3;1;0;0
4/1937.png;3;1;0;0
4/1938.png;3;1;0;0
4/1939.png;3;1;0;0
4/1940.png;3;1;0;0
4/1941.png;3;1;0;0
4/1942.png;3;1;0;0
4/1943.png;3;1;0;0
4/1944.png;3;1;0;0
4/1945.png;3;1;0;0
4/1946.png;3;1;0;0
4/1947.png;3;1;0;0
4/1948.png;3;1;0;0
4/1949.png;3;1;0;0
4/1950.png;3;1;0;0
4/1951.png;3;1;0;0
4/1952.png;3;1;0;0
4/1953.png;3;1;0;0
4/1954.png;3;1;0;0
4/1955.png;3;1;0;0
4/1956.png;3;1;0;0
4/1957.png;3;1;0;0
4/1958.png;3;1;0;0
4/1959.png;3;1;0;0
4/1960.png;3;1;0;0
4/1961.png;3;1;0;0
4/1962.png;3;1;0;0
4/1963.png;3;1;0;0
4/1964.png;3;1;0;0
4/1965.png;3;1;0;0
4/1966.png;3;1;0;0
4/1967.png;3;1;0;0
4/1968.png;3;1;0;0
4/1969.png;3;1;0;0
4/1970.png;3;1;0;0
4/1971.png;3;1;0;0
4/1972.png;3;1;0;0
4/1973.png;3;1;0;0
4/1974.png;3;1;0;0
4/1975.png;3;1;0;0
4/1976.png;3;1;0;0
4/1977.png;3;1;0;0
4/1978.png;3;1;0;0
4/1979.png;3;1;0;0
4/1980.png;3;1;0;0
4/1981.png;3;1;0;0
4/1982.png;3;1;0;0
4/1983.png;3;1;0;0
4/1984.png;3;1;0;0
4/1985.png;3;1;0;0
4/1986.png;3;1;0;0
4/1987.png;3;1;0;0
4/1988.png;3;1;0;0
4/1989.png;3;1;0;0
4/1990.png;3;1;0;0
4/1991.png;3;1;0;0
4/1992.png;3;1;0;0
4/1993.png;3;1;0;0
4/1994.png;3;1;0;0
4/1995.png;3;1;0;0
4/1996.png;3;1;0;0
4/1997.png;3;1;0;0
4/1998.png;3;1;0;0
4/1999.png;3;1;0;0
4/2000.png;3;1;0;0
4/2001.png;3;1;0;0
4/2002.png;3;1;0;0
4/2003.png;3;1;0;0
4/2004.png;3;1;0;0
4/2005.png;3;1;0;0
4/2006.png;3;1;0;0
4/2007.png;3;1;0;0
4/2008.png;3;1;0;0
4/2009.png;3;1;0;0
4/2010.png;3;1;0;0
4/2011.png;3;1;0;0
4/2012.png;3;1;0;0
4/2013.png;3;1;0;0
4/2014.png;3;1;0;0
4/2015.png;3;1;0;0
4/2016.png;3;1;0;0
4/2017.png;3;1;0;0
4/2018.png;3;1;0;0
4/2019.png;3;1;0;0
4/2020.png;3;1;0;0
4/2021.png;3;1;0;0
4/2022.png;3;1;0;0
4/2023.png;3;1;0;0
4/2024.png;3;1;0;0
4/2025.png;3;1;0;0
4/2026.png;3;1;0;0
4/2027.png;3;1;0;0
4/2028.png;3;1;0;0
4/2029.png;3;1;0;0
4/2030.png;3;1;0;0
4/2031.png;3;1;0;0
4/2032.png;3;1;0;0
4/2033.png;3;1;0;0
4/2034.png;3;1;0;0
4/2035.png;3;1;0;0
4/2036.png;3;1;0;0
4/2037.png;3;1;0;0
4/2038.png;3;1;0;0
4/2039.png;3;1;0;0
4/2040.png;3;1;0;0
4/2041.png;3;1;0;0
4/2042.png;3;1;0;0
4/2043.png;3;1;0;0
4/2044.png;3;1;0;0
4/2045.png;3;1;0;0
4/2046.png;3;1;0;0
4/2047.png;3;1;0;0
4/2048.png;3;1;0;0
4/2049.png;3;1;0;0
4/2050.png;3;1;0;0
4/2051.png;3;1;0;0
4/2052.png;3;1;0;0
4/2053.png;3;1;0;0
4/2054.png;3;1;0;0
4/2055.png;3;1;0;0
4/2056.png;3;1;0;0
4/2057.png;3;1;0;0
4/2058.png;3;1;0;0
4/2059.png;3;1;0;0
4/2060.png;3;1;0;0
4/2061.png;3;1;0;0
4/2062.png;3;1;0;0
4/2063.png;3;1;0;0
4/2064.png;3;1;0;0
4/2065.png;3;1;0;0
4/2066.png;3;1;0;0
4/2067.png;3;1;0;0
4/2068.png;3;1;0;0
4/2069.png;3;1;0;0
4/2070.png;3;1;0;0
4/2071.png;3;1;0;0
4/2072.png;3;1;0;0
4/2073.png;3;1;0;0
4/2074.png;3;1;0;0
4/2075.png;3;1;0;0
4/2076.png;3;1;0;0
4/2077.png;3;1;0;0
4/2078.png;3;1;0;0
4/2079.png;3;1;0;0
4/2080.png;3;1;0;0
4/2081.png;3;1;0;0
4/2082.png;3;1;0;0
4/2083.png;3;1;0;0
4/2084.png;3;1;0;0
4/2085.png;3;1;0;0
4/2086.png;3;1;0;0
4/2087.png;3;1;0;0
4/2088.png;3;1;0;0
4/2089.png;3;1;0;0
4/2090.png;3;1;0;0
4/2091.png;3;1;0;0
4/2092.png;3;1;0;0
4/2093.png;3;1;0;0
4/2094.png;3;1;0;0
4/2095.png;3;1;0;0
4/2096.png;3;1;0;0
4/2097.png;3;1;0;0
4/2098.png;3;1;0;0
4/2099.png;3;1;0;0
4/2100.png;3;1;0;0
4/2101.png;3;1;0;0
4/2102.png;3;1;0;0
4/2103.png;3;1;0;0
4/2104.png;3;1;0;0
4/2105.png;3;1;0;0
4/2106.png;3;1;0;0
4/2107.png;3;1;0;0
4/2108.png;3;1;0;0
4/2109.png;3;1;0;0
4/2110.png;3;1;0;0
4/2111.png;3;1;0;0
4/2112.png;3;1;0;0
4/2113.png;3;1;0;0
4/2114.png;3;1;0;0
4/2115.png;3;1;0;0
4/2116.png;3;1;0;0
4/2117.png;3;1;0;0
4/2118.png;3;1;0;0
4/2119.png;3;1;0;0
4/2120.png;3;1;0;0
4/2121.png;3;1;0;0
4/2122.png;3;1;0;0
4/2123.png;3;1;0;0
4/2124.png;3;1;0;0
4/2125.png;3;1;0;0
4/2126.png;3;1;0;0
4/2127.png;3;1;0;0
4/2128.png;3;1;0;0
4/2129.png;3;1;0;0
4/2130.png;3;1;0;0
4/2131.png;3;1;0;0
4/2132.png;3;1;0;0
4/2133.png;3;1;0;0
4/2134.png;3;1;0;0
4/2135.png;3;1;0;0
4/2136.png;3;1;0;0
4/2137.png;3;1;0;0
4/2138.png;3;1;0;0
4/2139.png;3;1;0;0
4/2140.png;3;1;0;0
4/2141.png;3;1;0;0
4/2142.png;3;1;0;0
4/2143.png;3;1;0;0
4/2144.png;3;1;0;0
4/2145.png;3;1;0;0
4/2146.png;3;1;0;0
4/2147.png;3;1;0;0
4/2148.png;3;1;0;0
4/2149.png;3;1;0;0
4/2150.png;3;1;0;0
4/2151.png;3;1;0;0
4/2152.png;3;1;0;0
4/2153.png;3;1;0;0
4/2154.png;3;1;0;0
4/2155.png;3;1;0;0
4/2156.png;3;1;0;0
4/2157.png;3;1;0;0
4/2158.png;3;1;0;0
4/2159.png;3;1;0;0
4/2160.png;3;1;0;0
4/2161.png;3;1;0;0
4/2162.png;3;1;0;0
4/2163.png;3;1;0;0
4/2164.png;3;1;0;0
4/2165.png;3;1;0;0
4/2166.png;3;1;0;0
4/2167.png;3;1;0;0
4/2168.png;3;1;0;0
4/2169.png;3;1;0;0
4/2170.png;3;1;0;0
4/2171.png;3;1;0;0
4/2172.png;3;1;0;0
4/2173.png;3;1;0;0
4/2174.png;3;1;0;0
4/2175.png;3;1;0;0
4/2176.png;3;1;0;0
4/2177.png;3;1;0;0
4/2178.png;3;1;0;0
4/2179.png;3;1;0;0
4/2180.png;3;1;0;0
4/2181.png;3;1;0;0
4/2182.png;3;1;0;0
4/2183.png;3;1;0;0
4/2184.png;3;1;0;0
4/2185.png;3;1;0;0
4/2186.png;3;1;0;0
4/2187.png;3;1;0;0
4/2188.png;3;1;0;0
4/2189.png;3;1;0;0
4/2190.png;3;1;0;0
4/2191.png;3;1;0;0
4/2192.png;3;1;0;0
4/2193.png;3;1;0;0
4/2194.png;3;1;0;0
4/2195.png;3;1;0;0
4/2196.png;3;1;0;0
4/2197.png;3;1;0;0
4/2198.png;3;1;0;0
4/2199.png;3;1;0;0
4/2200.png;3;1;0;0
4/2201.png;3;1;0;0
4/2202.png;3;1;0;0
4/2203.png;3;1;0;0
4/2204.png;3;1;0;0
4/2205.png;3;1;0;0
4/2206.png;3;1;0;0
4/2207.png;3;1;0;0
4/2208.png;3;1;0;0
4/2209.png;3;1;0;0
4/2210.png;3;1;0;0
4/2211.png;3;1;0;0
4/2212.png;3;1;0;0
4/2213.png;3;1;0;0
4/2214.png;3;1;0;0
4/2215.png;3;1;0;0
4/2216.png;3;1;0;0
4/2217.png;3;1;0;0
4/2218.png;3;1;0;0
4/2219.png;3;1;0;0
4/2220.png;3;1;0;0
4/2221.png;3;1;0;0
4/2222.png;3;1;0;0
4/2223.png;3;1;0;0
4/2224.png;3;1;0;0
4/2225.png;3;1;0;0
4/2226.png;3;1;0;0
4/2227.png;3;1;0;0
4/2228.png;3;1;0;0
4/2229.png;3;1;0;0
4/2230.png;3;1;0;0
4/2231.png;3;1;0;0
4/2232.png;3;1;0;0
4/2233.png;3;1;0;0
4/2234.png;3;1;0;0
4/2235.png;3;1;0;0
4/2236.png;3;1;0;0
4/2237.png;3;1;0;0
4/2238.png;3;1;0;0
4/2239.png;3;1;0;0
4/2240.png;3;1;0;0
4/2241.png;3;1;0;0
4/2242.png;3;1;0;0
4/2243.png;3;1;0;0
4/2244.png;3;1;0;0
4/2245.png;3;1;0;0
4/2246.png;3;1;0;0
4/2247.png;3;1;0;0
4/2248.png;3;1;0;0
4/2249.png;3;1;0;0
4/2250.png;3;1;0;0
4/2251.png;3;1;0;0
4/2252.png;3;1;0;0
4/2253.png;3;1;0;0
4/2254.png;3;1;0;0
4/2255.png;3;1;0;0
4/2256.png;3;1;0;0
4/2257.png;3;1;0;0
4/2258.png;3;1;0;0
4/2259.png;3;1;0;0
4/2260.png;3;1;0;0
4/2261.png;3;1;0;0
4/2262.png;3;1;0;0
4/2263.png;3;1;0;0
4/2264.png;3;1;0;0
4/2265.png;3;1;0;0
4/2266.png;3;1;0;0
4/2267.png;3;1;0;0
4/2268.png;3;1;0;0
4/2269.png;3;1;0;0
4/2270.png;3;1;0;0
4/2271.png;3;1;0;0
4/2272.png;3;1;0;0
4/2273.png;3;1;0;0
4/2274.png;3;1;0;0
4/2275.png;3;1;0;0
4/2276.png;3;1;0;0
4/2277.png;3;1;0;0
4/2278.png;3;1;0;0
4/2279.png;3;1;0;0
4/2280.png;3;1;0;0
4/2281.png;3;1;0;0
4/2282.png;3;1;0;0
4/2283.png;3;1;0;0
4/2284.png;3;1;0;0
4/2285.png;3;1;0;0
4/2286.png;3;1;0;0
4/2287.png;3;1;0;0
4/2288.png;3;1;0;0
4/2289.png;3;1;0;0
4/2290.png;3;1;0;0
4/2291.png;3;1;0;0
4/2292.png;3;1;0;0
4/2293.png;3;1;0;0
4/2294.png;3;1;0;0
4/2295.png;3;1;0;0
4/2296.png;3;1;0;0
4/2297.png;3;1;0;0
4/2298.png;3;1;0;0
4/2299.png;3;1;0;0
4/2300.png;3;1;0;0
4/2301.png;3;1;0;0
4/2302.png;3;1;0;0
4/2303.png;3;1;0;0
4/2304.png;3;1;0;0
4/2305.png;3;1;0;0
4/2306.png;3;1;0;0
4/2307.png;3;1;0;0
4/2308.png;3;1;0;0
4/2309.png;3;1;0;0
4/2310.png;3;1;0;0
4/2311.png;3;1;0;0
4/2312.png;3;1;0;0
4/2313.png;3;1;0;0
4/2314.png;3;1;0;0
4/2315.png;3;1;0;0
4/2316.png;3;1;0;0
4/2317.png;3;1;0;0
4/2318.png;3;1;0;0
4/2319.png;3;1;0;0
4/2320.png;3;1;0;0
4/2321.png;3;1;0;0
4/2322.png;3;1;0;0
4/2323.png;3;1;0;0
4/2324.png;3;1;0;0
4/2325.png;3;1;0;0
4/2326.png;3;1;0;0
4/2327.png;3;1;0;0
4/2328.png;3;1;0;0
4/2329.png;3;1;0;0
4/2330.png;3;1;0;0
4/2331.png;3;1;0;0
4/2332.png;3;1;0;0
4/2333.png;3;1;0;0
4/2334.png;3;1;0;0
4/2335.png;3;1;0;0
4/2336.png;3;1;0;0
4/2337.png;3;1;0;0
4/2338.png;3;1;0;0
4/2339.png;3;1;0;0
4/2340.png;3;1;0;0
4/2341.png;3;1;0;0
4/2342.png;3;1;0;0
4/2343.png;3;1;0;0
4/2344.png;3;1;0;0
4/2345.png;3;1;0;0
4/2346.png;3;1;0;0
4/2347.png;3;1;0;0
4/2348.png;3;1;0;0
4/2349.png;3;1;0;0
4/2350.png;3;1;0;0
4/2351.png;3;1;0;0
4/2352.png;3;1;0;0
4/2353.png;3;1;0;0
4/2354.png;3;1;0;0
4/2355.png;3;1;0;0
4/2356.png;3;1;0;0
4/2357.png;3;1;0;0
4/2358.png;3;1;0;0
4/2359.png;3;1;0;0
4/2360.png;3;1;0;0
4/2361.png;3;1;0;0
4/2362.png;3;1;0;0
4/2363.png;3;1;0;0
4/2364.png;3;1;0;0
4/2365.png;3;1;0;0
4/2366.png;3;1;0;0
4/2367.png;3;1;0;0
4/2368.png;3;1;0;0
4/2369.png;3;1;0;0
4/2370.png;3;1;0;0
4/2371.png;3;1;0;0
4/2372.png;3;1;0;0
4/2373.png;3;1;0;0
4/2374.png;3;1;0;0
4/2375.png;3;1;0;0
4/2376.png;3;1;0;0
4/2377.png;3;1;0;0
4/2378.png;3;1;0;0
4/2379.png;3;1;0;0
4/2380.png;3;1;0;0
4/2381.png;3;1;0;0
4/2382.png;3;1;0;0
4/2383.png;3;1;0;0
4/2384.png;3;1;0;0
4/2385.png;3;1;0;0
4/2386.png;3;1;0;0
4/2387.png;3;1;0;0
4/2388.png;3;1;0;0
4/2389.png;3;1;0;0
4/2390.png;3;1;0;0
4/2391.png;3;1;0;0
4/2392.png;3;1;0;0
4/2393.png;3;1;0;0
4/2394.png;3;1;0;0
4/2395.png;3;1;0;0
4/2396.png;3;1;0;0
4/2397.png;3;1;0;0
4/2398.png;3;1;0;0
4/2399.png;3;1;0;0
4/2400.png;3;1;0;0
4/2401.png;3;1;0;0
4/2402.png;3;1;0;0
4/2403.png;3;1;0;0
4/2404.png;3;1;0;0
4/2405.png;3;1;0;0
4/2406.png;3;1;0;0
4/2407.png;3;1;0;0
4/2408.png;3;1;0;0
4/2409.png;3;1;0;0
4/2410.png;3;1;0;0
4/2411.png;3;1;0;0
4/2412.png;3;1;0;0
4/2413.png;3;1;0;0
4/2414.png;3;1;0;0
4/2415.png;3;1;0;0
4/2416.png;3;1;0;0
4/2417.png;3;1;0;0
4/2418.png;3;1;0;0
4/2419.png;3;1;0;0
4/2420.png;3;1;0;0
4/2421.png;3;1;0;0
4/2422.png;3;1;0;0
4/2423.png;3;1;0;0
4/2424.png;3;1;0;0
4/2425.png;3;1;0;0
4/2426.png;3;1;0;0
4/2427.png;3;1;0;0
4/2428.png;3;1;0;0
4/2429.png;3;1;0;0
4/2430.png;3;1;0;0
4/2431.png;3;1;0;0
4/2432.png;3;1;0;0
4/2433.png;3;1;0;0
4/2434.png;3;1;0;0
4/2435.png;3;1;0;0
4/2436.png;3;1;0;0
4/2437.png;3;1;0;0
4/2438.png;3;1;0;0
4/2439.png;3;1;0;0
4/2440.png;3;1;0;0
4/2441.png;3;1;0;0
4/2442.png;3;1;0;0
4/2443.png;3;1;0;0
4/2444.png;3;1;0;0
4/2445.png;3;1;0;0
4/2446.png;3;1;0;0
4/2447.png;3;1;0;0
4/2448.png;3;1;0;0
4/2449.png;3;1;0;0
4/2450.png;3;1;0;0
4/2451.png;3;1;0;0
4/2452.png;3;1;0;0
4/2453.png;3;1;0;0
4/2454.png;3;1;0;0
4/2455.png;3;1;0;0
4/2456.png;3;1;0;0
4/2457.png;3;1;0;0
4/2458.png;3;1;0;0
4/2459.png;3;1;0;0
4/2460.png;3;1;0;0
4/2461.png;3;1;0;0
4/2462.png;3;1;0;0
4/2463.png;3;1;0;0
4/2464.png;3;1;0;0
4/2465.png;3;1;0;0
4/2466.png;3;1;0;0
4/2467.png;3;1;0;0
4/2468.png;3;1;0;0
4/2469.png;3;1;0;0
4/2470.png;3;1;0;0
4/2471.png;3;1;0;0
4/2472.png;3;1;0;0
4/2473.png;3;1;0;0
4/2474.png;3;1;0;0
4/2475.png;3;1;0;0
4/2476.png;3;1;0;0
4/2477.png;3;1;0;0
4/2478.png;3;1;0;0
4/2479.png;3;1;0;0
4/2480.png;3;1;0;0
4/2481.png;3;1;0;0
4/2482.png;3;1;0;0
4/2483.png;3;1;0;0
4/2484.png;3;1;0;0
4/2485.png;3;1;0;0
4/2486.png;3;1;0;0
4/2487.png;3;1;0;0
4/2488.png;3;1;0;0
4/2489.png;3;1;0;0
4/2490.png;3;1;0;0
4/2491.png;3;1;0;0
4/2492.png;3;1;0;0
4/2493.png;3;1;0;0
4/2494.png;3;1;0;0
4/2495.png;3;1;0;0
4/2496.png;3;1;0;0
4/2497.png;3;1;0;0
4/2498.png;3;1;0;0
4/2499.png;3;1;0;0
4/2500.png;3;1;0;0
4/2501.png;3;1;0;0
4/2502.png;3;1;0;0
4/2503.png;3;1;0;0
4/2504.png;3;1;0;0
4/2505.png;3;1;0;0
4/2506.png;3;1;0;0
4/2507.png;3;1;0;0
4/2508.png;3;1;0;0
4/2509.png;3;1;0;0
4/2510.png;3;1;0;0
4/2511.png;3;1;0;0
4/2512.png;3;1;0;0
4/2513.png;3;1;0;0
4/2514.png;3;1;0;0
4/2515.png;3;1;0;0
4/2516.png;3;1;0;0
4/2517.png;3;1;0;0
4/2518.png;3;1;0;0
4/2519.png;3;1;0;0
4/2520.png;3;1;0;0
4/2521.png;3;1;0;0
4/2522.png;3;1;0;0
4/2523.png;3;1;0;0
4/2524.png;3;1;0;0
4/2525.png;3;1;0;0
4/2526.png;3;1;0;0
4/2527.png;3;1;0;0
4/2528.png;3;1;0;0
4/2529.png;3;1;0;0
4/2530.png;3;1;0;0
4/2531.png;3;1;0;0
4/2532.png;3;1;0;0
4/2533.png;3;1;0;0
4/2534.png;3;1;0;0
4/2535.png;3;1;0;0
4/2536.png;3;1;0;0
4/2537.png;3;1;0;0
4/2538.png;3;1;0;0
4/2539.png;3;1;0;0
4/2540.png;3;1;0;0
4/2541.png;3;1;0;0
4/2542.png;3;1;0;0
4/2543.png;3;1;0;0
4/2544.png;3;1;0;0
4/2545.png;3;1;0;0
4/2546.png;3;1;0;0
4/2547.png;3;1;0;0
4/2548.png;3;1;0;0
4/2549.png;3;1;0;0
4/2550.png;3;1;0;0
4/2551.png;3;1;0;0
4/2552.png;3;1;0;0
4/2553.png;3;1;0;0
4/2554.png;3;1;0;0
4/2555.png;3;1;0;0
4/2556.png;3;1;0;0
4/2557.png;3;1;0;0
4/2558.png;3;1;0;0
4/2559.png;3;1;0;0
4/2560.png;3;1;0;0
4/2561.png;3;1;0;0
4/2562.png;3;1;0;0
4/2563.png;3;1;0;0
4/2564.png;3;1;0;0
4/2565.png;3;1;0;0
4/2566.png;3;1;0;0
4/2567.png;3;1;0;0
4/2568.png;3;1;0;0
4/2569.png;3;1;0;0
4/2570.png;3;1;0;0
4/2571.png;3;1;0;0
4/2572.png;3;1;0;0
4/2573.png;3;1;0;0
4/2574.png;3;1;0;0
4/2575.png;3;1;0;0
4/2576.png;3;1;0;0
4/2577.png;3;1;0;0
4/2578.png;3;1;0;0
4/2579.png;3;1;0;0
4/2580.png;3;1;0;0
4/2581.png;3;1;0;0
4/2582.png;3;1;0;0
4/2583.png;3;1;0;0
4/2584.png;3;1;0;0
4/2585.png;3;1;0;0
4/2586.png;3;1;0;0
4/2587.png;3;1;0;0
4/2588.png;3;1;0;0
4/2589.png;3;1;0;0
4/2590.png;3;1;0;0
4/2591.png;3;1;0;0
4/2592.png;3;1;0;0
4/2593.png;3;1;0;0
4/2594.png;3;1;0;0
4/2595.png;3;1;0;0
4/2596.png;3;1;0;0
4/2597.png;3;1;0;0
4/2598.png;3;1;0;0
4/2599.png;3;1;0;0
4/2600.png;3;1;0;0
4/2601.png;3;1;0;0
4/2602.png;3;1;0;0
4/2603.png;3;1;0;0
4/2604.png;3;1;0;0
4/2605.png;3;1;0;0
4/2606.png;3;1;0;0
4/2607.png;3;1;0;0
4/2608.png;3;1;0;0
4/2609.png;3;1;0;0
4/2610.png;3;1;0;0
4/2611.png;3;1;0;0
4/2612.png;3;1;0;0
4/2613.png;3;1;0;0
4/2614.png;3;1;0;0
4/2615.png;3;1;0;0
4/2616.png;3;1;0;0
4/2617.png;3;1;0;0
4/2618.png;3;1;0;0
4/2619.png;3;1;0;0
4/2620.png;3;1;0;0
4/2621.png;3;1;0;0
4/2622.png;3;1;0;0
4/2623.png;3;1;0;0
4/2624.png;3;1;0;0
4/2625.png;3;1;0;0
4/2626.png;3;1;0;0
4/2627.png;3;1;0;0
4/2628.png;3;1;0;0
4/2629.png;3;1;0;0
4/2630.png;3;1;0;0
4/2631.png;3;1;0;0
4/2632.png;3;1;0;0
4/2633.png;3;1;0;0
4/2634.png;3;1;0;0
4/2635.png;3;1;0;0
4/2636.png;3;1;0;0
4/2637.png;3;1;0;0
4/2638.png;3;1;0;0
4/2639.png;3;1;0;0
4/2640.png;3;1;0;0
4/2641.png;3;1;0;0
4/2642.png;3;1;0;0
4/2643.png;3;1;0;0
4/2644.png;3;1;0;0
4/2645.png;3;1;0;0
4/2646.png;3;1;0;0
4/2647.png;3;1;0;0
4/2648.png;3;1;0;0
4/2649.png;3;1;0;0
4/2650.png;3;1;0;0
4/2651.png;3;1;0;0
4/2652.png;3;1;0;0
4/2653.png;3;1;0;0
4/2654.png;3;1;0;0
4/2655.png;3;1;0;0
4/2656.png;3;1;0;0
4/2657.png;3;1;0;0
4/2658.png;3;1;0;0
4/2659.png;3;1;0;0
4/2660.png;3;1;0;0
4/2661.png;3;1;0;0
4/2662.png;3;1;0;0
4/2663.png;3;1;0;0
4/2664.png;3;1;0;0
4/2665.png;3;1;0;0
4/2666.png;3;1;0;0
4/2667.png;3;1;0;0
4/2668.png;3;1;0;0
4/2669.png;3;1;0;0
4/2670.png;3;1;0;0
4/2671.png;3;1;0;0
4/2672.png;3;1;0;0
4/2673.png;3;1;0;0
4/2674.png;3;1;0;0
4/2675.png;3;1;0;0
4/2676.png;3;1;0;0
4/2677.png;3;1;0;0
4/2678.png;3;1;0;0
4/2679.png;3;1;0;0
4/2680.png;3;1;0;0
4/2681.png;3;1;0;0
4/2682.png;3;1;0;0
4/2683.png;3;1;0;0
4/2684.png;3;1;0;0
4/2685.png;3;1;0;0
4/2686.png;3;1;0;0
4/2687.png;3;1;0;0
4/2688.png;3;1;0;0
4/2689.png;3;1;0;0
4/2690.png;3;1;0;0
4/2691.png;3;1;0;0
4/2692.png;3;1;0;0
4/2693.png;3;1;0;0
4/2694.png;3;1;0;0
4/2695.png;3;1;0;0
4/2696.png;3;1;0;0
4/2697.png;3;1;0;0
4/2698.png;3;1;0;0
4/2699.png;3;1;0;0
4/2700.png;3;1;0;0
4/2701.png;3;1;0;0
4/2702.png;3;1;0;0
4/2703.png;3;1;0;0
4/2704.png;3;1;0;0
4/2705.png;3;1;0;0
4/2706.png;3;1;0;0
4/2707.png;3;1;0;0
4/2708.png;3;1;0;0
4/2709.png;3;1;0;0
4/2710.png;3;1;0;0
4/2711.png;3;1;0;0
4/2712.png;3;1;0;0
4/2713.png;3;1;0;0
4/2714.png;3;1;0;0
4/2715.png;3;1;0;0
4/2716.png;3;1;0;0
4/2717.png;3;1;0;0
4/2718.png;3;1;0;0
4/2719.png;3;1;0;0
4/2720.png;3;1;0;0
4/2721.png;3;1;0;0
4/2722.png;3;1;0;0
4/2723.png;3;1;0;0
4/2724.png;3;1;0;0
4/2725.png;3;1;0;0
4/2726.png;3;1;0;0
4/2727.png;3;1;0;0
4/2728.png;3;1;0;0
4/2729.png;3;1;0;0
4/2730.png;3;1;0;0
4/2731.png;3;1;0;0
4/2732.png;3;1;0;0
4/2733.png;3;1;0;0
4/2734.png;3;1;0;0
4/2735.png;3;1;0;0
4/2736.png;3;1;0;0
4/2737.png;3;1;0;0
4/2738.png;3;1;0;0
4/2739.png;3;1;0;0
4/2740.png;3;1;0;0
4/2741.png;3;1;0;0
4/2742.png;3;1;0;0
4/2743.png;3;1;0;0
4/2744.png;3;1;0;0
4/2745.png;3;1;0;0
4/2746.png;3;1;0;0
4/2747.png;3;1;0;0
4/2748.png;3;1;0;0
4/2749.png;3;1;0;0
4/2750.png;3;1;0;0
4/2751.png;3;1;0;0
4/2752.png;3;1;0;0
4/2753.png;3;1;0;0
4/2754.png;3;1;0;0
4/2755.png;3;1;0;0
4/2756.png;3;1;0;0
4/2757.png;3;1;0;0
4/2758.png;3;1;0;0
4/2759.png;3;1;0;0
4/2760.png;3;1;0;0
4/2761.png;3;1;0;0
4/2762.png;3;1;0;0
4/2763.png;3;1;0;0
4/2764.png;3;1;0;0
4/2765.png;3;1;0;0
4/2766.png;3;1;0;0
4/2767.png;3;1;0;0
4/2768.png;3;1;0;0
4/2769.png;3;1;0;0
4/2770.png;3;1;0;0
4/2771.png;3;1;0;0
4/2772.png;3;1;0;0
4/2773.png;3;1;0;0
4/2774.png;3;1;0;0
4/2775.png;3;1;0;0
4/2776.png;3;1;0;0
4/2777.png;3;1;0;0
4/2778.png;3;1;0;0
4/2779.png;3;1;0;0
4/2780.png;3;1;0;0
4/2781.png;3;1;0;0
4/2782.png;3;1;0;0
4/2783.png;3;1;0;0
4/2784.png;3;1;0;0
4/2785.png;3;1;0;0
4/2786.png;3;1;0;0
4/2787.png;3;1;0;0
4/2788.png;3;1;0;0
4/2789.png;3;1;0;0
4/2790.png;3;1;0;0
4/2791.png;3;1;0;0
4/2792.png;3;1;0;0
4/2793.png;3;1;0;0
4/2794.png;3;1;0;0
4/2795.png;3;1;0;0
4/2796.png;3;1;0;0
4/2797.png;3;1;0;0
4/2798.png;3;1;0;0
4/2799.png;3;1;0;0
4/2800.png;3;1;0;0
4/2801.png;3;1;0;0
4/2802.png;3;1;0;0
4/2803.png;3;1;0;0
4/2804.png;3;1;0;0
4/2805.png;3;1;0;0
4/2806.png;3;1;0;0
4/2807.png;3;1;0;0
4/2808.png;3;1;0;0
4/2809.png;3;1;0;0
4/2810.png;3;1;0;0
4/2811.png;3;1;0;0
4/2812.png;3;1;0;0
4/2813.png;3;1;0;0
4/2814.png;3;1;0;0
4/2815.png;3;1;0;0
4/2816.png;3;1;0;0
4/2817.png;3;1;0;0
4/2818.png;3;1;0;0
4/2819.png;3;1;0;0
4/2820.png;3;1;0;0
4/2821.png;3;1;0;0
4/2822.png;3;1;0;0
4/2823.png;3;1;0;0
4/2824.png;3;1;0;0
4/2825.png;3;1;0;0
4/2826.png;3;1;0;0
4/2827.png;3;1;0;0
4/2828.png;3;1;0;0
4/2829.png;3;1;0;0
4/2830.png;3;1;0;0
4/2831.png;3;1;0;0
4/2832.png;3;1;0;0
4/2833.png;3;1;0;0
4/2834.png;3;1;0;0
4/2835.png;3;1;0;0
4/2836.png;3;1;0;0
4/2837.png;3;1;0;0
4/2838.png;3;1;0;0
4/2839.png;3;1;0;0
4/2840.png;3;1;0;0
4/2841.png;3;1;0;0
4/2842.png;3;1;0;0
4/2843.png;3;1;0;0
4/2844.png;3;1;0;0
4/2845.png;3;1;0;0
4/2846.png;3;1;0;0
4/2847.png;3;1;0;0
4/2848.png;3;1;0;0
4/2849.png;3;1;0;0
4/2850.png;3;1;0;0
4/2851.png;3;1;0;0
4/2852.png;3;1;0;0
4/2853.png;3;1;0;0
4/2854.png;3;1;0;0
4/2855.png;3;1;0;0
4/2856.png;3;1;0;0
4/2857.png;3;1;0;0
4/2858.png;3;1;0;0
4/2859.png;3;1;0;0
4/2860.png;3;1;0;0
4/2861.png;3;1;0;0
4/2862.png;3;1;0;0
4/2863.png;3;1;0;0
4/2864.png;3;1;0;0
4/2865.png;3;1;0;0
4/2866.png;3;1;0;0
4/2867.png;3;1;0;0
4/2868.png;3;1;0;0
4/2869.png;3;1;0;0
4/2870.png;3;1;0;0
4/2871.png;3;1;0;0
4/2872.png;3;1;0;0
4/2873.png;3;1;0;0
4/2874.png;3;1;0;0
4/2875.png;3;1;0;0
4/2876.png;3;1;0;0
4/2877.png;3;1;0;0
4/2878.png;3;1;0;0
4/2879.png;3;1;0;0
4/2880.png;3;1;0;0
4/2881.png;3;1;0;0
4/2882.png;3;1;0;0
4/2883.png;3;1;0;0
4/2884.png;3;1;0;0
4/2885.png;3;1;0;0
4/2886.png;3;1;0;0
4/2887.png;3;1;0;0
4/2888.png;3;1;0;0
4/2889.png;3;1;0;0
4/2890.png;3;1;0;0
4/2891.png;3;1;0;0
4/2892.png;3;1;0;0
4/2893.png;3;1;0;0
4/2894.png;3;1;0;0
4/2895.png;3;1;0;0
4/2896.png;3;1;0;0
4/2897.png;3;1;0;0
4/2898.png;3;1;0;0
4/2899.png;3;1;0;0
4/2900.png;3;1;0;0
4/2901.png;3;1;0;0
4/2902.png;3;1;0;0
4/2903.png;3;1;0;0
4/2904.png;3;1;0;0
4/2905.png;3;1;0;0
4/2906.png;3;1;0;0
4/2907.png;3;1;0;0
4/2908.png;3;1;0;0
4/2909.png;3;1;0;0
4/2910.png;3;1;0;0
4/2911.png;3;1;0;0
4/2912.png;3;1;0;0
4/2913.png;3;1;0;0
4/2914.png;3;1;0;0
4/2915.png;3;1;0;0
4/2916.png;3;1;0;0
4/2917.png;3;1;0;0
4/2918.png;3;1;0;0
4/2919.png;3;1;0;0
4/2920.png;3;1;0;0
4/2921.png;3;1;0;0
4/2922.png;3;1;0;0
4/2923.png;3;1;0;0
4/2924.png;3;1;0;0
4/2925.png;3;1;0;0
4/2926.png;3;1;0;0
4/2927.png;3;1;0;0
4/2928.png;3;1;0;0
4/2929.png;3;1;0;0
4/2930.png;3;1;0;0
4/2931.png;3;1;0;0
4/2932.png;3;1;0;0
4/2933.png;3;1;0;0
4/2934.png;3;1;0;0
4/2935.png;3;1;0;0
4/2936.png;3;1;0;0
4/2937.png;3;1;0;0
4/2938.png;3;1;0;0
4/2939.png;3;1;0;0
4/2940.png;3;1;0;0
4/2941.png;3;1;0;0
4/2942.png;3;1;0;0
4/2943.png;3;1;0;0
4/2944.png;3;1;0;0
4/2945.png;3;1;0;0
4/2946.png;3;1;0;0
4/2947.png;3;1;0;0
4/2948.png;3;1;0;0
4/2949.png;3;1;0;0
4/2950.png;3;1;0;0
4/2951.png;3;1;0;0
4/2952.png;3;1;0;0
4/2953.png;3;1;0;0
4/2954.png;3;1;0;0
4/2955.png;3;1;0;0
4/2956.png;3;1;0;0
4/2957.png;3;1;0;0
4/2958.png;3;1;0;0
4/2959.png;3;1;0;0
4/2960.png;3;1;0;0
4/2961.png;3;1;0;0
4/2962.png;3;1;0;0
4/2963.png;3;1;0;0
4/2964.png;3;1;0;0
4/2965.png;3;1;0;0
4/2966.png;3;1;0;0
4/2967.png;3;1;0;0
4/2968.png;3;1;0;0
4/2969.png;3;1;0;0
4/2970.png;3;1;0;0
4/2971.png;3;1;0;0
4/2972.png;3;1;0;0
4/2973.png;3;1;0;0
4/2974.png;3;1;0;0
4/2975.png;3;1;0;0
4/2976.png;3;1;0;0
4/2977.png;3;1;0;0
4/2978.png;3;1;0;0
4/2979.png;3;1;0;0
4/2980.png;3;1;0;0
4/2981.png;3;1;0;0
4/2982.png;3;1;0;0
4/2983.png;3;1;0;0
4/2984.png;3;1;0;0
4/2985.png;3;1;0;0
4/2986.png;3;1;0;0
4/2987.png;3;1;0;0
4/2988.png;3;1;0;0
4/2989.png;3;1;0;0
4/2990.png;3;1;0;0
4/2991.png;3;1;0;0
4/2992.png;3;1;0;0
4/2993.png;3;1;0;0
4/2994.png;3;1;0;0
4/2995.png;3;1;0;0
4/2996.png;3;1;0;0
4/2997.png;3;1;0;0
4/2998.png;3;1;0;0
4/2999.png;3;1;0;0
4/3000.png;3;1;0;0
4/3001.png;3;1;0;0
4/3002.png;3;1;0;0
4/3003.png;3;1;0;0
4/3004.png;3;1;0;0
4/3005.png;3;1;0;0
4/3006.png;3;1;0;0
4/3007.png;3;1;0;0
4/3008.png;3;1;0;0
4/3009.png;3;1;0;0
4/3010.png;3;1;0;0
4/3011.png;3;1;0;0
4/3012.png;3;1;0;0
4/3013.png;3;1;0;0
4/3014.png;3;1;0;0
4/3015.png;3;1;0;0
4/3016.png;3;1;0;0
4/3017.png;3;1;0;0
4/3018.png;3;1;0;0
4/3019.png;3;1;0;0
4/3020.png;3;1;0;0
4/3021.png;3;1;0;0
4/3022.png;3;1;0;0
4/3023.png;3;1;0;0
4/3024.png;3;1;0;0
4/3025.png;3;1;0;0
4/3026.png;3;1;0;0
4/3027.png;3;1;0;0
4/3028.png;3;1;0;0
4/3029.png;3;1;0;0
4/3030.png;3;1;0;0
4/3031.png;3;1;0;0
4/3032.png;3;1;0;0
4/3033.png;3;1;0;0
4/3034.png;3;1;0;0
4/3035.png;3;1;0;0
4/3036.png;3;1;0;0
4/3037.png;3;1;0;0
4/3038.png;3;1;0;0
4/3039.png;3;1;0;0
4/3040.png;3;1;0;0
4/3041.png;3;1;0;0
4/3042.png;3;1;0;0
4/3043.png;3;1;0;0
4/3044.png;3;1;0;0
4/3045.png;3;1;0;0
4/3046.png;3;1;0;0
4/3047.png;3;1;0;0
4/3048.png;3;1;0;0
4/3049.png;3;1;0;0
4/3050.png;3;1;0;0
4/3051.png;3;1;0;0
4/3052.png;3;1;0;0
4/3053.png;3;1;0;0
4/3054.png;3;1;0;0
4/3055.png;3;1;0;0
4/3056.png;3;1;0;0
4/3057.png;3;1;0;0
4/3058.png;3;1;0;0
4/3059.png;3;1;0;0
4/3060.png;3;1;0;0
4/3061.png;3;1;0;0
4/3062.png;3;1;0;0
4/3063.png;3;1;0;0
4/3064.png;3;1;0;0
4/3065.png;3;1;0;0
4/3066.png;3;1;0;0
4/3067.png;3;1;0;0
4/3068.png;3;1;0;0
4/3069.png;3;1;0;0
4/3070.png;3;1;0;0
4/3071.png;3;1;0;0
4/3072.png;3;1;0;0
4/3073.png;3;1;0;0
4/3074.png;3;1;0;0
4/3075.png;3;1;0;0
4/3076.png;3;1;0;0
4/3077.png;3;1;0;0
4/3078.png;3;1;0;0
4/3079.png;3;1;0;0
4/3080.png;3;1;0;0
4/3081.png;3;1;0;0
4/3082.png;3;1;0;0
4/3083.png;3;1;0;0
4/3084.png;3;1;0;0
4/3085.png;3;1;0;0
4/3086.png;3;1;0;0
4/3087.png;3;1;0;0
4/3088.png;3;1;0;0
4/3089.png;3;1;0;0
4/3090.png;3;1;0;0
4/3091.png;3;1;0;0
4/3092.png;3;1;0;0
4/3093.png;3;1;0;0
4/3094.png;3;1;0;0
4/3095.png;3;1;0;0
4/3096.png;3;1;0;0
4/3097.png;3;1;0;0
4/3098.png;3;1;0;0
4/3099.png;3;1;0;0
4/3100.png;3;1;0;0
4/3101.png;3;1;0;0
4/3102.png;3;1;0;0
4/3103.png;3;1;0;0
4/3104.png;3;1;0;0
4/3105.png;3;1;0;0
4/3106.png;3;1;0;0
4/3107.png;3;1;0;0
4/3108.png;3;1;0;0
4/3109.png;3;1;0;0
4/3110.png;3;1;0;0
4/3111.png;3;1;0;0
4/3112.png;3;1;0;0
4/3113.png;3;1;0;0
4/3114.png;3;1;0;0
4/3115.png;3;1;0;0
4/3116.png;3;1;0;0
4/3117.png;3;1;0;0
4/3118.png;3;1;0;0
4/3119.png;3;1;0;0
4/3120.png;3;1;0;0
4/3121.png;3;1;0;0
4/3122.png;3;1;0;0
4/3123.png;3;1;0;0
4/3124.png;3;1;0;0
4/3125.png;3;1;0;0
4/3126.png;3;1;0;0
4/3127.png;3;1;0;0
4/3128.png;3;1;0;0
4/3129.png;3;1;0;0
4/3130.png;3;1;0;0
4/3131.png;3;1;0;0
4/3132.png;3;1;0;0
4/3133.png;3;1;0;0
4/3134.png;3;1;0;0
4/3135.png;3;1;0;0
4/3136.png;3;1;0;0
4/3137.png;3;1;0;0
4/3138.png;3;1;0;0
4/3139.png;3;1;0;0
4/3140.png;3;1;0;0
4/3141.png;3;1;0;0
4/3142.png;3;1;0;0
4/3143.png;3;1;0;0
4/3144.png;3;1;0;0
4/3145.png;3;1;0;0
4/3146.png;3;1;0;0
4/3147.png;3;1;0;0
4/3148.png;3;1;0;0
4/3149.png;3;1;0;0
4/3150.png;3;1;0;0
4/3151.png;3;1;0;0
4/3152.png;3;1;0;0
4/3153.png;3;1;0;0
4/3154.png;3;1;0;0
4/3155.png;3;1;0;0
4/3156.png;3;1;0;0
4/3157.png;3;1;0;0
4/3158.png;3;1;0;0
4/3159.png;3;1;0;0
4/3160.png;3;1;0;0
4/3161.png;3;1;0;0
4/3162.png;3;1;0;0
4/3163.png;3;1;0;0
4/3164.png;3;1;0;0
4/3165.png;3;1;0;0
4/3166.png;3;1;0;0
4/3167.png;3;1;0;0
4/3168.png;3;1;0;0
4/3169.png;3;1;0;0
4/3170.png;3;1;0;0
4/3171.png;3;1;0;0
4/3172.png;3;1;0;0
4/3173.png;3;1;0;0
4/3174.png;3;1;0;0
4/3175.png;3;1;0;0
4/3176.png;3;1;0;0
4/3177.png;3;1;0;0
4/3178.png;3;1;0;0
4/3179.png;3;1;0;0
4/3180.png;3;1;0;0
4/3181.png;3;1;0;0
4/3182.png;3;1;0;0
4/3183.png;3;1;0;0
4/3184.png;3;1;0;0
4/3185.png;3;1;0;0
4/3186.png;3;1;0;0
4/3187.png;3;1;0;0
4/3188.png;3;1;0;0
4/3189.png;3;1;0;0
4/3190.png;3;1;0;0
4/3191.png;3;1;0;0
4/3192.png;3;1;0;0
4/3193.png;3;1;0;0
4/3194.png;3;1;0;0
4/3195.png;3;1;0;0
4/3196.png;3;1;0;0
4/3197.png;3;1;0;0
4/3198.png;3;1;0;0
4/3199.png;3;1;0;0
4/3200.png;3;1;0;0
4/3201.png;3;1;0;0
4/3202.png;3;1;0;0
4/3203.png;3;1;0;0
4/3204.png;3;1;0;0
4/3205.png;3;1;0;0
4/3206.png;3;1;0;0
4/3207.png;3;1;0;0
4/3208.png;3;1;0;0
4/3209.png;3;1;0;0
4/3210.png;3;1;0;0
4/3211.png;3;1;0;0
4/3212.png;3;1;0;0
4/3213.png;3;1;0;0
4/3214.png;3;1;0;0
4/3215.png;3;1;0;0
4/3216.png;3;1;0;0
4/3217.png;3;1;0;0
4/3218.png;3;1;0;0
4/3219.png;3;1;0;0
4/3220.png;3;1;0;0
4/3221.png;3;1;0;0
4/3222.png;3;1;0;0
4/3223.png;3;1;0;0
4/3224.png;3;1;0;0
4/3225.png;3;1;0;0
4/3226.png;3;1;0;0
4/3227.png;3;1;0;0
4/3228.png;3;1;0;0
4/3229.png;3;1;0;0
4/3230.png;3;1;0;0
4/3231.png;3;1;0;0
4/3232.png;3;1;0;0
4/3233.png;3;1;0;0
4/3234.png;3;1;0;0
4/3235.png;3;1;0;0
4/3236.png;3;1;0;0
4/3237.png;3;1;0;0
4/3238.png;3;1;0;0
4/3239.png;3;1;0;0
4/3240.png;3;1;0;0
4/3241.png;3;1;0;0
4/3242.png;3;1;0;0
4/3243.png;3;1;0;0
4/3244.png;3;1;0;0
4/3245.png;3;1;0;0
4/3246.png;3;1;0;0
4/3247.png;3;1;0;0
4/3248.png;3;1;0;0
4/3249.png;3;1;0;0
4/3250.png;3;1;0;0
4/3251.png;3;1;0;0
4/3252.png;3;1;0;0
4/3253.png;3;1;0;0
4/3254.png;3;1;0;0
4/3255.png;3;1;0;0
4/3256.png;3;1;0;0
4/3257.png;3;1;0;0
4/3258.png;3;1;0;0
4/3259.png;3;1;0;0
4/3260.png;3;1;0;0
4/3261.png;3;1;0;0
4/3262.png;3;1;0;0
4/3263.png;3;1;0;0
4/3264.png;3;1;0;0
4/3265.png;3;1;0;0
4/3266.png;3;1;0;0
4/3267.png;3;1;0;0
4/3268.png;3;1;0;0
4/3269.png;3;1;0;0
4/3270.png;3;1;0;0
4/3271.png;3;1;0;0
4/3272.png;3;1;0;0
4/3273.png;3;1;0;0
4/3274.png;3;1;0;0
4/3275.png;3;1;0;0
4/3276.png;3;1;0;0
4/3277.png;3;1;0;0
4/3278.png;3;1;0;0
4/3279.png;3;1;0;0
4/3280.png;3;1;0;0
4/3281.png;3;1;0;0
4/3282.png;3;1;0;0
4/3283.png;3;1;0;0
4/3284.png;3;1;0;0
4/3285.png;3;1;0;0
4/3286.png;3;1;0;0
4/3287.png;3;1;0;0
4/3288.png;3;1;0;0
4/3289.png;3;1;0;0
4/3290.png;3;1;0;0
4/3291.png;3;1;0;0
4/3292.png;3;1;0;0
4/3293.png;3;1;0;0
4/3294.png;3;1;0;0
4/3295.png;3;1;0;0
4/3296.png;3;1;0;0
4/3297.png;3;1;0;0
4/3298.png;3;1;0;0
4/3299.png;3;1;0;0
4/3300.png;3;1;0;0
4/3301.png;3;1;0;0
4/3302.png;3;1;0;0
4/3303.png;3;1;0;0
4/3304.png;3;1;0;0
4/3305.png;3;1;0;0
4/3306.png;3;1;0;0
4/3307.png;3;1;0;0
4/3308.png;3;1;0;0
4/3309.png;3;1;0;0
4/3310.png;3;1;0;0
4/3311.png;3;1;0;0
4/3312.png;3;1;0;0
4/3313.png;3;1;0;0
4/3314.png;3;1;0;0
4/3315.png;3;1;0;0
4/3316.png;3;1;0;0
4/3317.png;3;1;0;0
4/3318.png;3;1;0;0
4/3319.png;3;1;0;0
4/3320.png;3;1;0;0
4/3321.png;3;1;0;0
4/3322.png;3;1;0;0
4/3323.png;3;1;0;0
4/3324.png;3;1;0;0
4/3325.png;3;1;0;0
4/3326.png;3;1;0;0
4/3327.png;3;1;0;0
4/3328.png;3;1;0;0
4/3329.png;3;1;0;0
4/3330.png;3;1;0;0
4/3331.png;3;1;0;0
4/3332.png;3;1;0;0
4/3333.png;3;1;0;0
4/3334.png;3;1;0;0
4/3335.png;3;1;0;0
4/3336.png;3;1;0;0
4/3337.png;3;1;0;0
4/3338.png;3;1;0;0
4/3339.png;3;1;0;0
4/3340.png;3;1;0;0
4/3341.png;3;1;0;0
4/3342.png;3;1;0;0
4/3343.png;3;1;0;0
4/3344.png;3;1;0;0
4/3345.png;3;1;0;0
4/3346.png;3;1;0;0
4/3347.png;3;1;0;0
4/3348.png;3;1;0;0
4/3349.png;3;1;0;0
4/3350.png;3;1;0;0
4/3351.png;3;1;0;0
4/3352.png;3;1;0;0
4/3353.png;3;1;0;0
4/3354.png;3;1;0;0
4/3355.png;3;1;0;0
4/3356.png;3;1;0;0
4/3357.png;3;1;0;0
4/3358.png;3;1;0;0
4/3359.png;3;1;0;0
4/3360.png;3;1;0;0
4/3361.png;3;1;0;0
4/3362.png;3;1;0;0
4/3363.png;3;1;0;0
4/3364.png;3;1;0;0
4/3365.png;3;1;0;0
4/3366.png;3;1;0;0
4/3367.png;3;1;0;0
4/3368.png;3;1;0;0
4/3369.png;3;1;0;0
4/3370.png;3;1;0;0
4/3371.png;3;1;0;0
4/3372.png;3;1;0;0
4/3373.png;3;1;0;0
4/3374.png;3;1;0;0
4/3375.png;3;1;0;0
4/3376.png;3;1;0;0
4/3377.png;3;1;0;0
4/3378.png;3;1;0;0
4/3379.png;3;1;0;0
4/3380.png;3;1;0;0
4/3381.png;3;1;0;0
4/3382.png;3;1;0;0
4/3383.png;3;1;0;0
4/3384.png;3;1;0;0
4/3385.png;3;1;0;0
4/3386.png;3;1;0;0
4/3387.png;3;1;0;0
4/3388.png;3;1;0;0
4/3389.png;3;1;0;0
4/3390.png;3;1;0;0
4/3391.png;3;1;0;0
4/3392.png;3;1;0;0
4/3393.png;3;1;0;0
4/3394.png;3;1;0;0
4/3395.png;3;1;0;0
4/3396.png;3;1;0;0
4/3397.png;3;1;0;0
4/3398.png;3;1;0;0
4/3399.png;3;1;0;0
4/3400.png;3;1;0;0
4/3401.png;3;1;0;0
4/3402.png;3;1;0;0
4/3403.png;3;1;0;0
4/3404.png;3;1;0;0
4/3405.png;3;1;0;0
4/3406.png;3;1;0;0
4/3407.png;3;1;0;0
4/3408.png;3;1;0;0
4/3409.png;3;1;0;0
4/3410.png;3;1;0;0
4/3411.png;3;1;0;0
4/3412.png;3;1;0;0
4/3413.png;3;1;0;0
4/3414.png;3;1;0;0
4/3415.png;3;1;0;0
4/3416.png;3;1;0;0
4/3417.png;3;1;0;0
4/3418.png;3;1;0;0
4/3419.png;3;1;0;0
4/3420.png;3;1;0;0
4/3421.png;3;1;0;0
4/3422.png;3;1;0;0
4/3423.png;3;1;0;0
4/3424.png;3;1;0;0
4/3425.png;3;1;0;0
4/3426.png;3;1;0;0
4/3427.png;3;1;0;0
4/3428.png;3;1;0;0
4/3429.png;3;1;0;0
4/3430.png;3;1;0;0
4/3431.png;3;1;0;0
4/3432.png;3;1;0;0
4/3433.png;3;1;0;0
4/3434.png;3;1;0;0
4/3435.png;3;1;0;0
4/3436.png;3;1;0;0
4/3437.png;3;1;0;0
4/3438.png;3;1;0;0
4/3439.png;3;1;0;0
4/3440.png;3;1;0;0
4/3441.png;3;1;0;0
4/3442.png;3;1;0;0
4/3443.png;3;1;0;0
4/3444.png;3;1;0;0
4/3445.png;3;1;0;0
4/3446.png;3;1;0;0
4/3447.png;3;1;0;0
4/3448.png;3;1;0;0
4/3449.png;3;1;0;0
4/3450.png;3;1;0;0
4/3451.png;3;1;0;0
4/3452.png;3;1;0;0
4/3453.png;3;1;0;0
4/3454.png;3;1;0;0
4/3455.png;3;1;0;0
4/3456.png;3;1;0;0
4/3457.png;3;1;0;0
4/3458.png;3;1;0;0
4/3459.png;3;1;0;0
4/3460.png;3;1;0;0
4/3461.png;3;1;0;0
4/3462.png;3;1;0;0
4/3463.png;3;1;0;0
4/3464.png;3;1;0;0
4/3465.png;3;1;0;0
4/3466.png;3;1;0;0
4/3467.png;3;1;0;0
4/3468.png;3;1;0;0
4/3469.png;3;1;0;0
4/3470.png;3;1;0;0
4/3471.png;3;1;0;0
4/3472.png;3;1;0;0
4/3473.png;3;1;0;0
4/3474.png;3;1;0;0
4/3475.png;3;1;0;0
4/3476.png;3;1;0;0
4/3477.png;3;1;0;0
4/3478.png;3;1;0;0
4/3479.png;3;1;0;0
4/3480.png;3;1;0;0
4/3481.png;3;1;0;0
4/3482.png;3;1;0;0
4/3483.png;3;1;0;0
4/3484.png;3;1;0;0
4/3485.png;3;1;0;0
4/3486.png;3;1;0;0
4/3487.png;3;1;0;0
4/3488.png;3;1;0;0
4/3489.png;3;1;0;0
4/3490.png;3;1;0;0
4/3491.png;3;1;0;0
4/3492.png;3;1;0;0
4/3493.png;3;1;0;0
4/3494.png;3;1;0;0
4/3495.png;3;1;0;0
4/3496.png;3;1;0;0
4/3497.png;3;1;0;0
4/3498.png;3;1;0;0
4/3499.png;3;1;0;0
4/3500.png;3;1;0;0
4/3501.png;3;1;0;0
4/3502.png;3;1;0;0
4/3503.png;3;1;0;0
4/3504.png;3;1;0;0
4/3505.png;3;1;0;0
4/3506.png;3;1;0;0
4/3507.png;3;1;0;0
4/3508.png;3;1;0;0
4/3509.png;3;1;0;0
4/3510.png;3;1;0;0
4/3511.png;3;1;0;0
4/3512.png;3;1;0;0
4/3513.png;3;1;0;0
4/3514.png;3;1;0;0
4/3515.png;3;1;0;0
4/3516.png;3;1;0;0
4/3517.png;3;1;0;0
4/3518.png;3;1;0;0
4/3519.png;3;1;0;0
4/3520.png;3;1;0;0
4/3521.png;3;1;0;0
4/3522.png;3;1;0;0
4/3523.png;3;1;0;0
4/3524.png;3;1;0;0
4/3525.png;3;1;0;0
4/3526.png;3;1;0;0
4/3527.png;3;1;0;0
4/3528.png;3;1;0;0
4/3529.png;3;1;0;0
4/3530.png;3;1;0;0
4/3531.png;3;1;0;0
4/3532.png;3;1;0;0
4/3533.png;3;1;0;0
4/3534.png;3;1;0;0
4/3535.png;3;1;0;0
4/3536.png;3;1;0;0
4/3537.png;3;1;0;0
4/3538.png;3;1;0;0
4/3539.png;3;1;0;0
4/3540.png;3;1;0;0
4/3541.png;3;1;0;0
4/3542.png;3;1;0;0
4/3543.png;3;1;0;0
4/3544.png;3;1;0;0
4/3545.png;3;1;0;0
4/3546.png;3;1;0;0
4/3547.png;3;1;0;0
4/3548.png;3;1;0;0
4/3549.png;3;1;0;0
4/3550.png;3;1;0;0
4/3551.png;3;1;0;0
4/3552.png;3;1;0;0
4/3553.png;3;1;0;0
4/3554.png;3;1;0;0
4/3555.png;3;1;0;0
4/3556.png;3;1;0;0
4/3557.png;3;1;0;0
4/3558.png;3;1;0;0
4/3559.png;3;1;0;0
4/3560.png;3;1;0;0
4/3561.png;3;1;0;0
4/3562.png;3;1;0;0
4/3563.png;3;1;0;0
4/3564.png;3;1;0;0
4/3565.png;3;1;0;0
4/3566.png;3;1;0;0
4/3567.png;3;1;0;0
4/3568.png;3;1;0;0
4/3569.png;3;1;0;0
4/3570.png;3;1;0;0
4/3571.png;3;1;0;0
4/3572.png;3;1;0;0
4/3573.png;3;1;0;0
4/3574.png;3;1;0;0
4/3575.png;3;1;0;0
4/3576.png;3;1;0;0
4/3577.png;3;1;0;0
4/3578.png;3;1;0;0
4/3579.png;3;1;0;0
4/3580.png;3;1;0;0
4/3581.png;3;1;0;0
4/3582.png;3;1;0;0
4/3583.png;3;1;0;0
4/3584.png;3;1;0;0
4/3585.png;3;1;0;0
4/3586.png;3;1;0;0
4/3587.png;3;1;0;0
4/3588.png;3;1;0;0
4/3589.png;3;1;0;0
4/3590.png;3;1;0;0
4/3591.png;3;1;0;0
4/3592.png;3;1;0;0
4/3593.png;3;1;0;0
4/3594.png;3;1;0;0
4/3595.png;3;1;0;0
4/3596.png;3;1;0;0
4/3597.png;3;1;0;0
4/3598.png;3;1;0;0
4/3599.png;3;1;0;0
4/3600.png;3;1;0;0
4/3601.png;3;1;0;0
4/3602.png;3;1;0;0
4/3603.png;3;1;0;0
4/3604.png;3;1;0;0
4/3605.png;3;1;0;0
4/3606.png;3;1;0;0
4/3607.png;3;1;0;0
4/3608.png;3;1;0;0
4/3609.png;3;1;0;0
4/3610.png;3;1;0;0
4/3611.png;3;1;0;0
4/3612.png;3;1;0;0
4/3613.png;3;1;0;0
4/3614.png;3;1;0;0
4/3615.png;3;1;0;0
4/3616.png;3;1;0;0
4/3617.png;3;1;0;0
4/3618.png;3;1;0;0
4/3619.png;3;1;0;0
4/3620.png;3;1;0;0
4/3621.png;3;1;0;0
4/3622.png;3;1;0;0
4/3623.png;3;1;0;0
4/3624.png;3;1;0;0
4/3625.png;3;1;0;0
4/3626.png;3;1;0;0
4/3627.png;3;1;0;0
4/3628.png;3;1;0;0
4/3629.png;3;1;0;0
4/3630.png;3;1;0;0
4/3631.png;3;1;0;0
4/3632.png;3;1;0;0
4/3633.png;3;1;0;0
4/3634.png;3;1;0;0
4/3635.png;3;1;0;0
4/3636.png;3;1;0;0
4/3637.png;3;1;0;0
4/3638.png;3;1;0;0
4/3639.png;3;1;0;0
4/3640.png;3;1;0;0
4/3641.png;3;1;0;0
4/3642.png;3;1;0;0
4/3643.png;3;1;0;0
4/3644.png;3;1;0;0
4/3645.png;3;1;0;0
4/3646.png;3;1;0;0
4/3647.png;3;1;0;0
4/3648.png;3;1;0;0
4/3649.png;3;1;0;0
4/3650.png;3;1;0;0
4/3651.png;3;1;0;0
4/3652.png;3;1;0;0
4/3653.png;3;1;0;0
4/3654.png;3;1;0;0
4/3655.png;3;1;0;0
4/3656.png;3;1;0;0
4/3657.png;3;1;0;0
4/3658.png;3;1;0;0
4/3659.png;3;1;0;0
4/3660.png;3;1;0;0
4/3661.png;3;1;0;0
4/3662.png;3;1;0;0
4/3663.png;3;1;0;0
4/3664.png;3;1;0;0
4/3665.png;3;1;0;0
4/3666.png;3;1;0;0
4/3667.png;3;1;0;0
4/3668.png;3;1;0;0
4/3669.png;3;1;0;0
4/3670.png;3;1;0;0
4/3671.png;3;1;0;0
4/3672.png;3;1;0;0
4/3673.png;3;1;0;0
4/3674.png;3;1;0;0
4/3675.png;3;1;0;0
4/3676.png;3;1;0;0
4/3677.png;3;1;0;0
4/3678.png;3;1;0;0
4/3679.png;3;1;0;0
4/3680.png;3;1;0;0
4/3681.png;3;1;0;0
4/3682.png;3;1;0;0
4/3683.png;3;1;0;0
4/3684.png;3;1;0;0
4/3685.png;3;1;0;0
4/3686.png;3;1;0;0
4/3687.png;3;1;0;0
4/3688.png;3;1;0;0
4/3689.png;3;1;0;0
4/3690.png;3;1;0;0
4/3691.png;3;1;0;0
4/3692.png;3;1;0;0
4/3693.png;3;1;0;0
4/3694.png;3;1;0;0
4/3695.png;3;1;0;0
4/3696.png;3;1;0;0
4/3697.png;3;1;0;0
4/3698.png;3;1;0;0
4/3699.png;3;1;0;0
4/3700.png;3;1;0;0
4/3701.png;3;1;0;0
4/3702.png;3;1;0;0
4/3703.png;3;1;0;0
4/3704.png;3;1;0;0
4/3705.png;3;1;0;0
4/3706.png;3;1;0;0
4/3707.png;3;1;0;0
4/3708.png;3;1;0;0
4/3709.png;3;1;0;0
4/3710.png;3;1;0;0
4/3711.png;3;1;0;0
4/3712.png;3;1;0;0
4/3713.png;3;1;0;0
4/3714.png;3;1;0;0
4/3715.png;3;1;0;0
4/3716.png;3;1;0;0
4/3717.png;3;1;0;0
4/3718.png;3;1;0;0
4/3719.png;3;1;0;0
4/3720.png;3;1;0;0
4/3721.png;3;1;0;0
4/3722.png;3;1;0;0
4/3723.png;3;1;0;0
4/3724.png;3;1;0;0
4/3725.png;3;1;0;0
4/3726.png;3;1;0;0
4/3727.png;3;1;0;0
4/3728.png;3;1;0;0
4/3729.png;3;1;0;0
4/3730.png;3;1;0;0
4/3731.png;3;1;0;0
4/3732.png;3;1;0;0
4/3733.png;3;1;0;0
4/3734.png;3;1;0;0
4/3735.png;3;1;0;0
4/3736.png;3;1;0;0
4/3737.png;3;1;0;0
4/3738.png;3;1;0;0
4/3739.png;3;1;0;0
4/3740.png;3;1;0;0
4/3741.png;3;1;0;0
4/3742.png;3;1;0;0
4/3743.png;3;1;0;0
4/3744.png;3;1;0;0
4/3745.png;3;1;0;0
4/3746.png;3;1;0;0
4/3747.png;3;1;0;0
4/3748.png;3;1;0;0
4/3749.png;3;1;0;0
4/3750.png;3;1;0;0
4/3751.png;3;1;0;0
4/3752.png;3;1;0;0
4/3753.png;3;1;0;0
4/3754.png;3;1;0;0
4/3755.png;3;1;0;0
4/3756.png;3;1;0;0
4/3757.png;3;1;0;0
4/3758.png;3;1;0;0
4/3759.png;3;1;0;0
4/3760.png;3;1;0;0
4/3761.png;3;1;0;0
4/3762.png;3;1;0;0
4/3763.png;3;1;0;0
4/3764.png;3;1;0;0
4/3765.png;3;1;0;0
4/3766.png;3;1;0;0
4/3767.png;3;1;0;0
4/3768.png;3;1;0;0
4/3769.png;3;1;0;0
4/3770.png;3;1;0;0
4/3771.png;3;1;0;0
4/3772.png;3;1;0;0
4/3773.png;3;1;0;0
4/3774.png;3;1;0;0
4/3775.png;3;1;0;0
4/3776.png;3;1;0;0
4/3777.png;3;1;0;0
4/3778.png;3;1;0;0
4/3779.png;3;1;0;0
4/3780.png;3;1;0;0
4/3781.png;3;1;0;0
4/3782.png;3;1;0;0
4/3783.png;3;1;0;0
4/3784.png;3;1;0;0
4/3785.png;3;1;0;0
4/3786.png;3;1;0;0
4/3787.png;3;1;0;0
4/3788.png;3;1;0;0
4/3789.png;3;1;0;0
4/3790.png;3;1;0;0
4/3791.png;3;1;0;0
4/3792.png;3;1;0;0
4/3793.png;3;1;0;0
4/3794.png;3;1;0;0
4/3795.png;3;1;0;0
4/3796.png;3;1;0;0
4/3797.png;3;1;0;0
4/3798.png;3;1;0;0
4/3799.png;3;1;0;0
4/3800.png;3;1;0;0
4/3801.png;3;1;0;0
4/3802.png;3;1;0;0
4/3803.png;3;1;0;0
4/3804.png;3;1;0;0
4/3805.png;3;1;0;0
4/3806.png;3;1;0;0
4/3807.png;3;1;0;0
4/3808.png;3;1;0;0
4/3809.png;3;1;0;0
4/3810.png;3;1;0;0
4/3811.png;3;1;0;0
4/3812.png;3;1;0;0
4/3813.png;3;1;0;0
4/3814.png;3;1;0;0
4/3815.png;3;1;0;0
4/3816.png;3;1;0;0
4/3817.png;3;1;0;0
4/3818.png;3;1;0;0
4/3819.png;3;1;0;0
4/3820.png;3;1;0;0
4/3821.png;3;1;0;0
4/3822.png;3;1;0;0
4/3823.png;3;1;0;0
4/3824.png;3;1;0;0
4/3825.png;3;1;0;0
4/3826.png;3;1;0;0
4/3827.png;3;1;0;0
4/3828.png;3;1;0;0
4/3829.png;3;1;0;0
4/3830.png;3;1;0;0
4/3831.png;3;1;0;0
4/3832.png;3;1;0;0
4/3833.png;3;1;0;0
4/3834.png;3;1;0;0
4/3835.png;3;1;0;0
4/3836.png;3;1;0;0
4/3837.png;3;1;0;0
4/3838.png;3;1;0;0
4/3839.png;3;1;0;0
4/3840.png;3;1;0;0
4/3841.png;3;1;0;0
4/3842.png;3;1;0;0
4/3843.png;3;1;0;0
4/3844.png;3;1;0;0
4/3845.png;3;1;0;0
4/3846.png;3;1;0;0
4/3847.png;3;1;0;0
4/3848.png;3;1;0;0
4/3849.png;3;1;0;0
4/3850.png;3;1;0;0
4/3851.png;3;1;0;0
4/3852.png;3;1;0;0
4/3853.png;3;1;0;0
4/3854.png;3;1;0;0
4/3855.png;3;1;0;0
4/3856.png;3;1;0;0
4/3857.png;3;1;0;0
4/3858.png;3;1;0;0
4/3859.png;3;1;0;0
4/3860.png;3;1;0;0
4/3861.png;3;1;0;0
4/3862.png;3;1;0;0
4/3863.png;3;1;0;0
4/3864.png;3;1;0;0
4/3865.png;3;1;0;0
4/3866.png;3;1;0;0
4/3867.png;3;1;0;0
4/3868.png;3;1;0;0
4/3869.png;3;1;0;0
4/3870.png;3;1;0;0
4/3871.png;3;1;0;0
4/3872.png;3;1;0;0
4/3873.png;3;1;0;0
4/3874.png;3;1;0;0
4/3875.png;3;1;0;0
4/3876.png;3;1;0;0
4/3877.png;3;1;0;0
4/3878.png;3;1;0;0
4/3879.png;3;1;0;0
4/3880.png;3;1;0;0
4/3881.png;3;1;0;0
4/3882.png;3;1;0;0
4/3883.png;3;1;0;0
4/3884.png;3;1;0;0
4/3885.png;3;1;0;0
4/3886.png;3;1;0;0
4/3887.png;3;1;0;0
4/3888.png;3;1;0;0
4/3889.png;3;1;0;0
4/3890.png;3;1;0;0
4/3891.png;3;1;0;0
4/3892.png;3;1;0;0
4/3893.png;3;1;0;0
4/3894.png;3;1;0;0
4/3895.png;3;1;0;0
4/3896.png;3;1;0;0
4/3897.png;3;1;0;0
4/3898.png;3;1;0;0
4/3899.png;3;1;0;0
4/3900.png;3;1;0;0
4/3901.png;3;1;0;0
4/3902.png;3;1;0;0
4/3903.png;3;1;0;0
4/3904.png;3;1;0;0
4/3905.png;3;1;0;0
4/3906.png;3;1;0;0
4/3907.png;3;1;0;0
4/3908.png;3;1;0;0
4/3909.png;3;1;0;0
4/3910.png;3;1;0;0
4/3911.png;3;1;0;0
4/3912.png;3;1;0;0
4/3913.png;3;1;0;0
4/3914.png;3;1;0;0
4/3915.png;3;1;0;0
4/3916.png;3;1;0;0
4/3917.png;3;1;0;0
4/3918.png;3;1;0;0
4/3919.png;3;1;0;0
4/3920.png;3;1;0;0
4/3921.png;3;1;0;0
4/3922.png;3;1;0;0
4/3923.png;3;1;0;0
4/3924.png;3;1;0;0
4/3925.png;3;1;0;0
4/3926.png;3;1;0;0
4/3927.png;3;1;0;0
4/3928.png;3;1;0;0
4/3929.png;3;1;0;0
4/3930.png;3;1;0;0
4/3931.png;3;1;0;0
4/3932.png;3;1;0;0
4/3933.png;3;1;0;0
4/3934.png;3;1;0;0
4/3935.png;3;1;0;0
4/3936.png;3;1;0;0
4/3937.png;3;1;0;0
4/3938.png;3;1;0;0
4/3939.png;3;1;0;0
4/3940.png;3;1;0;0
4/3941.png;3;1;0;0
4/3942.png;3;1;0;0
4/3943.png;3;1;0;0
4/3944.png;3;1;0;0
4/3945.png;3;1;0;0
4/3946.png;3;1;0;0
4/3947.png;3;1;0;0
4/3948.png;3;1;0;0
4/3949.png;3;1;0;0
4/3950.png;3;1;0;0
4/3951.png;3;1;0;0
4/3952.png;3;1;0;0
4/3953.png;3;1;0;0
4/3954.png;3;1;0;0
4/3955.png;3;1;0;0
4/3956.png;3;1;0;0
4/3957.png;3;1;0;0
4/3958.png;3;1;0;0
4/3959.png;3;1;0;0
4/3960.png;3;1;0;0
4/3961.png;3;1;0;0
4/3962.png;3;1;0;0
4/3963.png;3;1;0;0
4/3964.png;3;1;0;0
4/3965.png;3;1;0;0
4/3966.png;3;1;0;0
4/3967.png;3;1;0;0
4/3968.png;3;1;0;0
4/3969.png;3;1;0;0
4/3970.png;3;1;0;0
4/3971.png;3;1;0;0
4/3972.png;3;1;0;0
4/3973.png;3;1;0;0
4/3974.png;3;1;0;0
4/3975.png;3;1;0;0
4/3976.png;3;1;0;0
4/3977.png;3;1;0;0
4/3978.png;3;1;0;0
4/3979.png;3;1;0;0
4/3980.png;3;1;0;0
4/3981.png;3;1;0;0
4/3982.png;3;1;0;0
4/3983.png;3;1;0;0
4/3984.png;3;1;0;0
4/3985.png;3;1;0;0
4/3986.png;3;1;0;0
4/3987.png;3;1;0;0
4/3988.png;3;1;0;0
4/3989.png;3;1;0;0
4/3990.png;3;1;0;0
4/3991.png;3;1;0;0
4/3992.png;3;1;0;0
4/3993.png;3;1;0;0
4/3994.png;3;1;0;0
4/3995.png;3;1;0;0
4/3996.png;3;1;0;0
4/3997.png;3;1;0;0
4/3998.png;3;1;0;0
4/3999.png;3;1;0;0
4/4000.png;3;1;0;0
4/4001.png;3;1;0;0
4/4002.png;3;1;0;0
4/4003.png;3;1;0;0
4/4004.png;3;1;0;0
4/4005.png;3;1;0;0
4/4006.png;3;1;0;0
4/4007.png;3;1;0;0
4/4008.png;3;1;0;0
4/4009.png;3;1;0;0
4/4010.png;3;1;0;0
4/4011.png;3;1;0;0
4/4012.png;3;1;0;0
4/4013.png;3;1;0;0
4/4014.png;3;1;0;0
4/4015.png;3;1;0;0
4/4016.png;3;1;0;0
4/4017.png;3;1;0;0
4/4018.png;3;1;0;0
4/4019.png;3;1;0;0
4/4020.png;3;1;0;0
4/4021.png;3;1;0;0
4/4022.png;3;1;0;0
4/4023.png;3;1;0;0
4/4024.png;3;1;0;0
4/4025.png;3;1;0;0
4/4026.png;3;1;0;0
4/4027.png;3;1;0;0
4/4028.png;3;1;0;0
4/4029.png;3;1;0;0
4/4030.png;3;1;0;0
4/4031.png;3;1;0;0
4/4032.png;3;1;0;0
4/4033.png;3;1;0;0
4/4034.png;3;1;0;0
4/4035.png;3;1;0;0
4/4036.png;3;1;0;0
4/4037.png;3;1;0;0
4/4038.png;3;1;0;0
4/4039.png;3;1;0;0
4/4040.png;3;1;0;0
4/4041.png;3;1;0;0
4/4042.png;3;1;0;0
4/4043.png;3;1;0;0
4/4044.png;3;1;0;0
4/4045.png;3;1;0;0
4/4046.png;3;1;0;0
4/4047.png;3;1;0;0
4/4048.png;3;1;0;0
4/4049.png;3;1;0;0
4/4050.png;3;1;0;0
4/4051.png;3;1;0;0
4/4052.png;3;1;0;0
4/4053.png;3;1;0;0
4/4054.png;3;1;0;0
4/4055.png;3;1;0;0
4/4056.png;3;1;0;0
4/4057.png;3;1;0;0
4/4058.png;3;1;0;0
4/4059.png;3;1;0;0
4/4060.png;3;1;0;0
4/4061.png;3;1;0;0
4/4062.png;3;1;0;0
4/4063.png;3;1;0;0
4/4064.png;3;1;0;0
4/4065.png;3;1;0;0
4/4066.png;3;1;0;0
4/4067.png;3;1;0;0
4/4068.png;3;1;0;0
4/4069.png;3;1;0;0
4/4070.png;3;1;0;0
4/4071.png;3;1;0;0
4/4072.png;3;1;0;0
4/4073.png;3;1;0;0
4/4074.png;3;1;0;0
4/4075.png;3;1;0;0
4/4076.png;3;1;0;0
4/4077.png;3;1;0;0
4/4078.png;3;1;0;0
4/4079.png;3;1;0;0
4/4080.png;3;1;0;0
4/4081.png;3;1;0;0
4/4082.png;3;1;0;0
4/4083.png;3;1;0;0
4/4084.png;3;1;0;0
4/4085.png;3;1;0;0
4/4086.png;3;1;0;0
4/4087.png;3;1;0;0
4/4088.png;3;1;0;0
4/4089.png;3;1;0;0
4/4090.png;3;1;0;0
4/4091.png;3;1;0;0
4/4092.png;3;1;0;0
4/4093.png;3;1;0;0
4/4094.png;3;1;0;0
4/4095.png;3;1;0;0
4/4096.png;3;1;0;0
4/4097.png;3;1;0;0
4/4098.png;3;1;0;0
4/4099.png;3;1;0;0
4/4100.png;3;1;0;0
4/4101.png;3;1;0;0
4/4102.png;3;1;0;0
4/4103.png;3;1;0;0
4/4104.png;3;1;0;0
4/4105.png;3;1;0;0
4/4106.png;3;1;0;0
4/4107.png;3;1;0;0
4/4108.png;3;1;0;0
4/4109.png;3;1;0;0
4/4110.png;3;1;0;0
4/4111.png;3;1;0;0
4/4112.png;3;1;0;0
4/4113.png;3;1;0;0
4/4114.png;3;1;0;0
4/4115.png;3;1;0;0
4/4116.png;3;1;0;0
4/4117.png;3;1;0;0
4/4118.png;3;1;0;0
4/4119.png;3;1;0;0
4/4120.png;3;1;0;0
4/4121.png;3;1;0;0
4/4122.png;3;1;0;0
4/4123.png;3;1;0;0
4/4124.png;3;1;0;0
4/4125.png;3;1;0;0
4/4126.png;3;1;0;0
4/4127.png;3;1;0;0
4/4128.png;3;1;0;0
4/4129.png;3;1;0;0
4/4130.png;3;1;0;0
4/4131.png;3;1;0;0
4/4132.png;3;1;0;0
4/4133.png;3;1;0;0
4/4134.png;3;1;0;0
4/4135.png;3;1;0;0
4/4136.png;3;1;0;0
4/4137.png;3;1;0;0
4/4138.png;3;1;0;0
4/4139.png;3;1;0;0
4/4140.png;3;1;0;0
4/4141.png;3;1;0;0
4/4142.png;3;1;0;0
4/4143.png;3;1;0;0
4/4144.png;3;1;0;0
4/4145.png;3;1;0;0
4/4146.png;3;1;0;0
4/4147.png;3;1;0;0
4/4148.png;3;1;0;0
4/4149.png;3;1;0;0
4/4150.png;3;1;0;0
4/4151.png;3;1;0;0
4/4152.png;3;1;0;0
4/4153.png;3;1;0;0
4/4154.png;3;1;0;0
4/4155.png;3;1;0;0
4/4156.png;3;1;0;0
4/4157.png;3;1;0;0
4/4158.png;3;1;0;0
4/4159.png;3;1;0;0
4/4160.png;3;1;0;0
4/4161.png;3;1;0;0
4/4162.png;3;1;0;0
4/4163.png;3;1;0;0
4/4164.png;3;1;0;0
4/4165.png;3;1;0;0
4/4166.png;3;1;0;0
4/4167.png;3;1;0;0
4/4168.png;3;1;0;0
4/4169.png;3;1;0;0
4/4170.png;3;1;0;0
4/4171.png;3;1;0;0
4/4172.png;3;1;0;0
4/4173.png;3;1;0;0
4/4174.png;3;1;0;0
4/4175.png;3;1;0;0
4/4176.png;3;1;0;0
4/4177.png;3;1;0;0
4/4178.png;3;1;0;0
4/4179.png;3;1;0;0
4/4180.png;3;1;0;0
4/4181.png;3;1;0;0
4/4182.png;3;1;0;0
4/4183.png;3;1;0;0
4/4184.png;3;1;0;0
4/4185.png;3;1;0;0
4/4186.png;3;1;0;0
4/4187.png;3;1;0;0
4/4188.png;3;1;0;0
4/4189.png;3;1;0;0
4/4190.png;3;1;0;0
4/4191.png;3;1;0;0
4/4192.png;3;1;0;0
4/4193.png;3;1;0;0
4/4194.png;3;1;0;0
4/4195.png;3;1;0;0
4/4196.png;3;1;0;0
4/4197.png;3;1;0;0
4/4198.png;3;1;0;0
4/4199.png;3;1;0;0
4/4200.png;3;1;0;0
4/4201.png;3;1;0;0
4/4202.png;3;1;0;0
4/4203.png;3;1;0;0
4/4204.png;3;1;0;0
4/4205.png;3;1;0;0
4/4206.png;3;1;0;0
4/4207.png;3;1;0;0
4/4208.png;3;1;0;0
4/4209.png;3;1;0;0
4/4210.png;3;1;0;0
4/4211.png;3;1;0;0
4/4212.png;3;1;0;0
4/4213.png;3;1;0;0
4/4214.png;3;1;0;0
4/4215.png;3;1;0;0
4/4216.png;3;1;0;0
4/4217.png;3;1;0;0
4/4218.png;3;1;0;0
4/4219.png;3;1;0;0
4/4220.png;3;1;0;0
4/4221.png;3;1;0;0
4/4222.png;3;1;0;0
4/4223.png;3;1;0;0
4/4224.png;3;1;0;0
4/4225.png;3;1;0;0
4/4226.png;3;1;0;0
4/4227.png;3;1;0;0
4/4228.png;3;1;0;0
4/4229.png;3;1;0;0
4/4230.png;3;1;0;0
4/4231.png;3;1;0;0
4/4232.png;3;1;0;0
4/4233.png;3;1;0;0
4/4234.png;3;1;0;0
4/4235.png;3;1;0;0
4/4236.png;3;1;0;0
4/4237.png;3;1;0;0
4/4238.png;3;1;0;0
4/4239.png;3;1;0;0
4/4240.png;3;1;0;0
4/4241.png;3;1;0;0
4/4242.png;3;1;0;0
4/4243.png;3;1;0;0
4/4244.png;3;1;0;0
4/4245.png;3;1;0;0
4/4246.png;3;1;0;0
4/4247.png;3;1;0;0
4/4248.png;3;1;0;0
4/4249.png;3;1;0;0
4/4250.png;3;1;0;0
4/4251.png;3;1;0;0
4/4252.png;3;1;0;0
4/4253.png;3;1;0;0
4/4254.png;3;1;0;0
4/4255.png;3;1;0;0
4/4256.png;3;1;0;0
4/4257.png;3;1;0;0
4/4258.png;3;1;0;0
4/4259.png;3;1;0;0
4/4260.png;3;1;0;0
4/4261.png;3;1;0;0
4/4262.png;3;1;0;0
4/4263.png;3;1;0;0
4/4264.png;3;1;0;0
4/4265.png;3;1;0;0
4/4266.png;3;1;0;0
4/4267.png;3;1;0;0
4/4268.png;3;1;0;0
4/4269.png;3;1;0;0
4/4270.png;3;1;0;0
4/4271.png;3;1;0;0
4/4272.png;3;1;0;0
4/4273.png;3;1;0;0
4/4274.png;3;1;0;0
4/4275.png;3;1;0;0
4/4276.png;3;1;0;0
4/4277.png;3;1;0;0
4/4278.png;3;1;0;0
4/4279.png;3;1;0;0
4/4280.png;3;1;0;0
4/4281.png;3;1;0;0
4/4282.png;3;1;0;0
4/4283.png;3;1;0;0
4/4284.png;3;1;0;0
4/4285.png;3;1;0;0
4/4286.png;3;1;0;0
4/4287.png;3;1;0;0
4/4288.png;3;1;0;0
4/4289.png;3;1;0;0
4/4290.png;3;1;0;0
4/4291.png;3;1;0;0
4/4292.png;3;1;0;0
4/4293.png;3;1;0;0
4/4294.png;3;1;0;0
4/4295.png;3;1;0;0
4/4296.png;3;1;0;0
4/4297.png;3;1;0;0
4/4298.png;3;1;0;0
4/4299.png;3;1;0;0
4/4300.png;3;1;0;0
4/4301.png;3;1;0;0
4/4302.png;3;1;0;0
4/4303.png;3;1;0;0
4/4304.png;3;1;0;0
4/4305.png;3;1;0;0
4/4306.png;3;1;0;0
4/4307.png;3;1;0;0
4/4308.png;3;1;0;0
4/4309.png;3;1;0;0
4/4310.png;3;1;0;0
4/4311.png;3;1;0;0
4/4312.png;3;1;0;0
4/4313.png;3;1;0;0
4/4314.png;3;1;0;0
4/4315.png;3;1;0;0
4/4316.png;3;1;0;0
4/4317.png;3;1;0;0
4/4318.png;3;1;0;0
4/4319.png;3;1;0;0
4/4320.png;3;1;0;0
4/4321.png;3;1;0;0
4/4322.png;3;1;0;0
4/4323.png;3;1;0;0
4/4324.png;3;1;0;0
4/4325.png;3;1;0;0
4/4326.png;3;1;0;0
4/4327.png;3;1;0;0
4/4328.png;3;1;0;0
4/4329.png;3;1;0;0
4/4330.png;3;1;0;0
4/4331.png;3;1;0;0
4/4332.png;3;1;0;0
4/4333.png;3;1;0;0
4/4334.png;3;1;0;0
4/4335.png;3;1;0;0
4/4336.png;3;1;0;0
4/4337.png;3;1;0;0
4/4338.png;3;1;0;0
4/4339.png;3;1;0;0
4/4340.png;3;1;0;0
4/4341.png;3;1;0;0
4/4342.png;3;1;0;0
4/4343.png;3;1;0;0
4/4344.png;3;1;0;0
4/4345.png;3;1;0;0
4/4346.png;3;1;0;0
4/4347.png;3;1;0;0
4/4348.png;3;1;0;0
4/4349.png;3;1;0;0
4/4350.png;3;1;0;0
4/4351.png;3;1;0;0
4/4352.png;3;1;0;0
4/4353.png;3;1;0;0
4/4354.png;3;1;0;0
4/4355.png;3;1;0;0
4/4356.png;3;1;0;0
4/4357.png;3;1;0;0
4/4358.png;3;1;0;0
4/4359.png;3;1;0;0
4/4360.png;3;1;0;0
4/4361.png;3;1;0;0
4/4362.png;3;1;0;0
4/4363.png;3;1;0;0
4/4364.png;3;1;0;0
4/4365.png;3;1;0;0
4/4366.png;3;1;0;0
4/4367.png;3;1;0;0
4/4368.png;3;1;0;0
4/4369.png;3;1;0;0
4/4370.png;3;1;0;0
4/4371.png;3;1;0;0
4/4372.png;3;1;0;0
4/4373.png;3;1;0;0
4/4374.png;3;1;0;0
4/4375.png;3;1;0;0
4/4376.png;3;1;0;0
4/4377.png;3;1;0;0
4/4378.png;3;1;0;0
4/4379.png;3;1;0;0
4/4380.png;3;1;0;0
4/4381.png;3;1;0;0
4/4382.png;3;1;0;0
4/4383.png;3;1;0;0
4/4384.png;3;1;0;0
4/4385.png;3;1;0;0
4/4386.png;3;1;0;0
4/4387.png;3;1;0;0
4/4388.png;3;1;0;0
4/4389.png;3;1;0;0
4/4390.png;3;1;0;0
4/4391.png;3;1;0;0
4/4392.png;3;1;0;0
4/4393.png;3;1;0;0
4/4394.png;3;1;0;0
4/4395.png;3;1;0;0
4/4396.png;3;1;0;0
4/4397.png;3;1;0;0
4/4398.png;3;1;0;0
4/4399.png;3;1;0;0
4/4400.png;3;1;0;0
4/4401.png;3;1;0;0
4/4402.png;3;1;0;0
4/4403.png;3;1;0;0
4/4404.png;3;1;0;0
4/4405.png;3;1;0;0
4/4406.png;3;1;0;0
4/4407.png;3;1;0;0
4/4408.png;3;1;0;0
4/4409.png;3;1;0;0
4/4410.png;3;1;0;0
4/4411.png;3;1;0;0
4/4412.png;3;1;0;0
4/4413.png;3;1;0;0
4/4414.png;3;1;0;0
4/4415.png;3;1;0;0
4/4416.png;3;1;0;0
4/4417.png;3;1;0;0
4/4418.png;3;1;0;0
4/4419.png;3;1;0;0
4/4420.png;3;1;0;0
4/4421.png;3;1;0;0
4/4422.png;3;1;0;0
4/4423.png;3;1;0;0
4/4424.png;3;1;0;0
4/4425.png;3;1;0;0
4/4426.png;3;1;0;0
4/4427.png;3;1;0;0
4/4428.png;3;1;0;0
4/4429.png;3;1;0;0
4/4430.png;3;1;0;0
4/4431.png;3;1;0;0
4/4432.png;3;1;0;0
4/4433.png;3;1;0;0
4/4434.png;3;1;0;0
4/4435.png;3;1;0;0
4/4436.png;3;1;0;0
4/4437.png;3;1;0;0
4/4438.png;3;1;0;0
4/4439.png;3;1;0;0
4/4440.png;3;1;0;0
4/4441.png;3;1;0;0
4/4442.png;3;1;0;0
4/4443.png;3;1;0;0
4/4444.png;3;1;0;0
4/4445.png;3;1;0;0
4/4446.png;3;1;0;0
4/4447.png;3;1;0;0
4/4448.png;3;1;0;0
4/4449.png;3;1;0;0
4/4450.png;3;1;0;0
4/4451.png;3;1;0;0
4/4452.png;3;1;0;0
4/4453.png;3;1;0;0
4/4454.png;3;1;0;0
4/4455.png;3;1;0;0
4/4456.png;3;1;0;0
4/4457.png;3;1;0;0
4/4458.png;3;1;0;0
4/4459.png;3;1;0;0
4/4460.png;3;1;0;0
4/4461.png;3;1;0;0
4/4462.png;3;1;0;0
4/4463.png;3;1;0;0
4/4464.png;3;1;0;0
4/4465.png;3;1;0;0
4/4466.png;3;1;0;0
4/4467.png;3;1;0;0
4/4468.png;3;1;0;0
4/4469.png;3;1;0;0
4/4470.png;3;1;0;0
4/4471.png;3;1;0;0
4/4472.png;3;1;0;0
4/4473.png;3;1;0;0
4/4474.png;3;1;0;0
4/4475.png;3;1;0;0
4/4476.png;3;1;0;0
4/4477.png;3;1;0;0
4/4478.png;3;1;0;0
4/4479.png;3;1;0;0
4/4480.png;3;1;0;0
4/4481.png;3;1;0;0
4/4482.png;3;1;0;0
4/4483.png;3;1;0;0
4/4484.png;3;1;0;0
4/4485.png;3;1;0;0
4/4486.png;3;1;0;0
4/4487.png;3;1;0;0
4/4488.png;3;1;0;0
4/4489.png;3;1;0;0
4/4490.png;3;1;0;0
4/4491.png;3;1;0;0
4/4492.png;3;1;0;0
4/4493.png;3;1;0;0
4/4494.png;3;1;0;0
4/4495.png;3;1;0;0
4/4496.png;3;1;0;0
4/4497.png;3;1;0;0
4/4498.png;3;1;0;0
4/4499.png;3;1;0;0
4/4500.png;3;1;0;0
4/4501.png;3;1;0;0
4/4502.png;3;1;0;0
4/4503.png;3;1;0;0
4/4504.png;3;1;0;0
4/4505.png;3;1;0;0
4/4506.png;3;1;0;0
4/4507.png;3;1;0;0
4/4508.png;3;1;0;0
4/4509.png;3;1;0;0
4/4510.png;3;1;0;0
4/4511.png;3;1;0;0
4/4512.png;3;1;0;0
4/4513.png;3;1;0;0
4/4514.png;3;1;0;0
4/4515.png;3;1;0;0
4/4516.png;3;1;0;0
4/4517.png;3;1;0;0
4/4518.png;3;1;0;0
4/4519.png;3;1;0;0
4/4520.png;3;1;0;0
4/4521.png;3;1;0;0
4/4522.png;3;1;0;0
4/4523.png;3;1;0;0
4/4524.png;3;1;0;0
4/4525.png;3;1;0;0
4/4526.png;3;1;0;0
4/4527.png;3;1;0;0
4/4528.png;3;1;0;0
4/4529.png;3;1;0;0
4/4530.png;3;1;0;0
4/4531.png;3;1;0;0
4/4532.png;3;1;0;0
4/4533.png;3;1;0;0
4/4534.png;3;1;0;0
4/4535.png;3;1;0;0
4/4536.png;3;1;0;0
4/4537.png;3;1;0;0
4/4538.png;3;1;0;0
4/4539.png;3;1;0;0
4/4540.png;3;1;0;0
4/4541.png;3;1;0;0
4/4542.png;3;1;0;0
4/4543.png;3;1;0;0
4/4544.png;3;1;0;0
4/4545.png;3;1;0;0
4/4546.png;3;1;0;0
4/4547.png;3;1;0;0
4/4548.png;3;1;0;0
4/4549.png;3;1;0;0
4/4550.png;3;1;0;0
4/4551.png;3;1;0;0
4/4552.png;3;1;0;0
4/4553.png;3;1;0;0
4/4554.png;3;1;0;0
4/4555.png;3;1;0;0
4/4556.png;3;1;0;0
4/4557.png;3;1;0;0
4/4558.png;3;1;0;0
4/4559.png;3;1;0;0
4/4560.png;3;1;0;0
4/4561.png;3;1;0;0
4/4562.png;3;1;0;0
4/4563.png;3;1;0;0
4/4564.png;3;1;0;0
4/4565.png;3;1;0;0
4/4566.png;3;1;0;0
4/4567.png;3;1;0;0
4/4568.png;3;1;0;0
4/4569.png;3;1;0;0
4/4570.png;3;1;0;0
4/4571.png;3;1;0;0
4/4572.png;3;1;0;0
4/4573.png;3;1;0;0
4/4574.png;3;1;0;0
4/4575.png;3;1;0;0
4/4576.png;3;1;0;0
4/4577.png;3;1;0;0
4/4578.png;3;1;0;0
4/4579.png;3;1;0;0
4/4580.png;3;1;0;0
4/4581.png;3;1;0;0
4/4582.png;3;1;0;0
4/4583.png;3;1;0;0
4/4584.png;3;1;0;0
4/4585.png;3;1;0;0
4/4586.png;3;1;0;0
4/4587.png;3;1;0;0
4/4588.png;3;1;0;0
4/4589.png;3;1;0;0
4/4590.png;3;1;0;0
4/4591.png;3;1;0;0
4/4592.png;3;1;0;0
4/4593.png;3;1;0;0
4/4594.png;3;1;0;0
4/4595.png;3;1;0;0
4/4596.png;3;1;0;0
4/4597.png;3;1;0;0
4/4598.png;3;1;0;0
4/4599.png;3;1;0;0
4/4600.png;3;1;0;0
4/4601.png;3;1;0;0
4/4602.png;3;1;0;0
4/4603.png;3;1;0;0
4/4604.png;3;1;0;0
4/4605.png;3;1;0;0
4/4606.png;3;1;0;0
4/4607.png;3;1;0;0
4/4608.png;3;1;0;0
4/4609.png;3;1;0;0
4/4610.png;3;1;0;0
4/4611.png;3;1;0;0
4/4612.png;3;1;0;0
4/4613.png;3;1;0;0
4/4614.png;3;1;0;0
4/4615.png;3;1;0;0
4/4616.png;3;1;0;0
4/4617.png;3;1;0;0
4/4618.png;3;1;0;0
4/4619.png;3;1;0;0
4/4620.png;3;1;0;0
4/4621.png;3;1;0;0
4/4622.png;3;1;0;0
4/4623.png;3;1;0;0
4/4624.png;3;1;0;0
4/4625.png;3;1;0;0
4/4626.png;3;1;0;0
4/4627.png;3;1;0;0
4/4628.png;3;1;0;0
4/4629.png;3;1;0;0
4/4630.png;3;1;0;0
4/4631.png;3;1;0;0
4/4632.png;3;1;0;0
4/4633.png;3;1;0;0
4/4634.png;3;1;0;0
4/4635.png;3;1;0;0
4/4636.png;3;1;0;0
4/4637.png;3;1;0;0
4/4638.png;3;1;0;0
4/4639.png;3;1;0;0
4/4640.png;3;1;0;0
4/4641.png;3;1;0;0
4/4642.png;3;1;0;0
4/4643.png;3;1;0;0
4/4644.png;3;1;0;0
4/4645.png;3;1;0;0
4/4646.png;3;1;0;0
4/4647.png;3;1;0;0
4/4648.png;3;1;0;0
4/4649.png;3;1;0;0
4/4650.png;3;1;0;0
4/4651.png;3;1;0;0
4/4652.png;3;1;0;0
4/4653.png;3;1;0;0
4/4654.png;3;1;0;0
4/4655.png;3;1;0;0
4/4656.png;3;1;0;0
4/4657.png;3;1;0;0
4/4658.png;3;1;0;0
4/4659.png;3;1;0;0
4/4660.png;3;1;0;0
4/4661.png;3;1;0;0
4/4662.png;3;1;0;0
4/4663.png;3;1;0;0
4/4664.png;3;1;0;0
4/4665.png;3;1;0;0
4/4666.png;3;1;0;0
4/4667.png;3;1;0;0
4/4668.png;3;1;0;0
4/4669.png;3;1;0;0
4/4670.png;3;1;0;0
4/4671.png;3;1;0;0
4/4672.png;3;1;0;0
4/4673.png;3;1;0;0
4/4674.png;3;1;0;0
4/4675.png;3;1;0;0
4/4676.png;3;1;0;0
4/4677.png;3;1;0;0
4/4678.png;3;1;0;0
4/4679.png;3;1;0;0
4/4680.png;3;1;0;0
4/4681.png;3;1;0;0
4/4682.png;3;1;0;0
4/4683.png;3;1;0;0
4/4684.png;3;1;0;0
4/4685.png;3;1;0;0
4/4686.png;3;1;0;0
4/4687.png;3;1;0;0
4/4688.png;3;1;0;0
4/4689.png;3;1;0;0
4/4690.png;3;1;0;0
4/4691.png;3;1;0;0
4/4692.png;3;1;0;0
4/4693.png;3;1;0;0
4/4694.png;3;1;0;0
4/4695.png;3;1;0;0
4/4696.png;3;1;0;0
4/4697.png;3;1;0;0
4/4698.png;3;1;0;0
4/4699.png;3;1;0;0
4/4700.png;3;1;0;0
4/4701.png;3;1;0;0
4/4702.png;3;1;0;0
4/4703.png;3;1;0;0
4/4704.png;3;1;0;0
4/4705.png;3;1;0;0
4/4706.png;3;1;0;0
4/4707.png;3;1;0;0
4/4708.png;3;1;0;0
4/4709.png;3;1;0;0
4/4710.png;3;1;0;0
4/4711.png;3;1;0;0
4/4712.png;3;1;0;0
4/4713.png;3;1;0;0
4/4714.png;3;1;0;0
4/4715.png;3;1;0;0
4/4716.png;3;1;0;0
4/4717.png;3;1;0;0
4/4718.png;3;1;0;0
4/4719.png;3;1;0;0
4/4720.png;3;1;0;0
4/4721.png;3;1;0;0
4/4722.png;3;1;0;0
4/4723.png;3;1;0;0
4/4724.png;3;1;0;0
4/4725.png;3;1;0;0
4/4726.png;3;1;0;0
4/4727.png;3;1;0;0
4/4728.png;3;1;0;0
4/4729.png;3;1;0;0
4/4730.png;3;1;0;0
4/4731.png;3;1;0;0
4/4732.png;3;1;0;0
4/4733.png;3;1;0;0
4/4734.png;3;1;0;0
4/4735.png;3;1;0;0
4/4736.png;3;1;0;0
4/4737.png;3;1;0;0
4/4738.png;3;1;0;0
4/4739.png;3;1;0;0
4/4740.png;3;1;0;0
4/4741.png;3;1;0;0
4/4742.png;3;1;0;0
4/4743.png;3;1;0;0
4/4744.png;3;1;0;0
4/4745.png;3;1;0;0
4/4746.png;3;1;0;0
4/4747.png;3;1;0;0
4/4748.png;3;1;0;0
4/4749.png;3;1;0;0
4/4750.png;3;1;0;0
4/4751.png;3;1;0;0
4/4752.png;3;1;0;0
4/4753.png;3;1;0;0
4/4754.png;3;1;0;0
4/4755.png;3;1;0;0
4/4756.png;3;1;0;0
4/4757.png;3;1;0;0
4/4758.png;3;1;0;0
4/4759.png;3;1;0;0
4/4760.png;3;1;0;0
4/4761.png;3;1;0;0
4/4762.png;3;1;0;0
4/4763.png;3;1;0;0
4/4764.png;3;1;0;0
4/4765.png;3;1;0;0
4/4766.png;3;1;0;0
4/4767.png;3;1;0;0
4/4768.png;3;1;0;0
4/4769.png;3;1;0;0
4/4770.png;3;1;0;0
4/4771.png;3;1;0;0
4/4772.png;3;1;0;0
4/4773.png;3;1;0;0
4/4774.png;3;1;0;0
4/4775.png;3;1;0;0
4/4776.png;3;1;0;0
4/4777.png;3;1;0;0
4/4778.png;3;1;0;0
4/4779.png;3;1;0;0
4/4780.png;3;1;0;0
4/4781.png;3;1;0;0
4/4782.png;3;1;0;0
4/4783.png;3;1;0;0
4/4784.png;3;1;0;0
4/4785.png;3;1;0;0
4/4786.png;3;1;0;0
4/4787.png;3;1;0;0
4/4788.png;3;1;0;0
4/4789.png;3;1;0;0
4/4790.png;3;1;0;0
4/4791.png;3;1;0;0
4/4792.png;3;1;0;0
4/4793.png;3;1;0;0
4/4794.png;3;1;0;0
4/4795.png;3;1;0;0
4/4796.png;3;1;0;0
4/4797.png;3;1;0;0
4/4798.png;3;1;0;0
4/4799.png;3;1;0;0
4/4800.png;3;1;0;0
4/4801.png;3;1;0;0
4/4802.png;3;1;0;0
4/4803.png;3;1;0;0
4/4804.png;3;1;0;0
4/4805.png;3;1;0;0
4/4806.png;3;1;0;0
4/4807.png;3;1;0;0
4/4808.png;3;1;0;0
4/4809.png;3;1;0;0
4/4810.png;3;1;0;0
4/4811.png;3;1;0;0
4/4812.png;3;1;0;0
4/4813.png;3;1;0;0
4/4814.png;3;1;0;0
4/4815.png;3;1;0;0
4/4816.png;3;1;0;0
4/4817.png;3;1;0;0
4/4818.png;3;1;0;0
4/4819.png;3;1;0;0
4/4820.png;3;1;0;0
4/4821.png;3;1;0;0
4/4822.png;3;1;0;0
4/4823.png;3;1;0;0
4/4824.png;3;1;0;0
4/4825.png;3;1;0;0
4/4826.png;3;1;0;0
4/4827.png;3;1;0;0
4/4828.png;3;1;0;0
4/4829.png;3;1;0;0
4/4830.png;3;1;0;0
4/4831.png;3;1;0;0
4/4832.png;3;1;0;0
4/4833.png;3;1;0;0
4/4834.png;3;1;0;0
4/4835.png;3;1;0;0
4/4836.png;3;1;0;0
4/4837.png;3;1;0;0
4/4838.png;3;1;0;0
4/4839.png;3;1;0;0
4/4840.png;3;1;0;0
4/4841.png;3;1;0;0
4/4842.png;3;1;0;0
4/4843.png;3;1;0;0
4/4844.png;3;1;0;0
4/4845.png;3;1;0;0
4/4846.png;3;1;0;0
4/4847.png;3;1;0;0
4/4848.png;3;1;0;0
4/4849.png;3;1;0;0
4/4850.png;3;1;0;0
4/4851.png;3;1;0;0
4/4852.png;3;1;0;0
4/4853.png;3;1;0;0
4/4854.png;3;1;0;0
4/4855.png;3;1;0;0
4/4856.png;3;1;0;0
4/4857.png;3;1;0;0
4/4858.png;3;1;0;0
4/4859.png;3;1;0;0
4/4860.png;3;1;0;0
4/4861.png;3;1;0;0
4/4862.png;3;1;0;0
4/4863.png;3;1;0;0
4/4864.png;3;1;0;0
4/4865.png;3;1;0;0
4/4866.png;3;1;0;0
4/4867.png;3;1;0;0
4/4868.png;3;1;0;0
4/4869.png;3;1;0;0
4/4870.png;3;1;0;0
4/4871.png;3;1;0;0
4/4872.png;3;1;0;0
4/4873.png;3;1;0;0
4/4874.png;3;1;0;0
4/4875.png;3;1;0;0
4/4876.png;3;1;0;0
4/4877.png;3;1;0;0
4/4878.png;3;1;0;0
4/4879.png;3;1;0;0
4/4880.png;3;1;0;0
4/4881.png;3;1;0;0
4/4882.png;3;1;0;0
4/4883.png;3;1;0;0
4/4884.png;3;1;0;0
4/4885.png;3;1;0;0
4/4886.png;3;1;0;0
4/4887.png;3;1;0;0
4/4888.png;3;1;0;0
4/4889.png;3;1;0;0
4/4890.png;3;1;0;0
4/4891.png;3;1;0;0
4/4892.png;3;1;0;0
4/4893.png;3;1;0;0
4/4894.png;3;1;0;0
4/4895.png;3;1;0;0
4/4896.png;3;1;0;0
4/4897.png;3;1;0;0
4/4898.png;3;1;0;0
4/4899.png;3;1;0;0
4/4900.png;3;1;0;0
4/4901.png;3;1;0;0
4/4902.png;3;1;0;0
4/4903.png;3;1;0;0
4/4904.png;3;1;0;0
4/4905.png;3;1;0;0
4/4906.png;3;1;0;0
4/4907.png;3;1;0;0
4/4908.png;3;1;0;0
4/4909.png;3;1;0;0
4/4910.png;3;1;0;0
4/4911.png;3;1;0;0
4/4912.png;3;1;0;0
4/4913.png;3;1;0;0
4/4914.png;3;1;0;0
4/4915.png;3;1;0;0
4/4916.png;3;1;0;0
4/4917.png;3;1;0;0
4/4918.png;3;1;0;0
4/4919.png;3;1;0;0
4/4920.png;3;1;0;0
4/4921.png;3;1;0;0
4/4922.png;3;1;0;0
4/4923.png;3;1;0;0
4/4924.png;3;1;0;0
4/4925.png;3;1;0;0
4/4926.png;3;1;0;0
4/4927.png;3;1;0;0
4/4928.png;3;1;0;0
4/4929.png;3;1;0;0
4/4930.png;3;1;0;0
4/4931.png;3;1;0;0
4/4932.png;3;1;0;0
4/4933.png;3;1;0;0
4/4934.png;3;1;0;0
4/4935.png;3;1;0;0
4/4936.png;3;1;0;0
4/4937.png;3;1;0;0
4/4938.png;3;1;0;0
4/4939.png;3;1;0;0
4/4940.png;3;1;0;0
4/4941.png;3;1;0;0
4/4942.png;3;1;0;0
4/4943.png;3;1;0;0
4/4944.png;3;1;0;0
4/4945.png;3;1;0;0
4/4946.png;3;1;0;0
4/4947.png;3;1;0;0
4/4948.png;3;1;0;0
4/4949.png;3;1;0;0
4/4950.png;3;1;0;0
4/4951.png;3;1;0;0
4/4952.png;3;1;0;0
4/4953.png;3;1;0;0
4/4954.png;3;1;0;0
4/4955.png;3;1;0;0
4/4956.png;3;1;0;0
4/4957.png;3;1;0;0
4/4958.png;3;1;0;0
4/4959.png;3;1;0;0
4/4960.png;3;1;0;0
4/4961.png;3;1;0;0
4/4962.png;3;1;0;0
4/4963.png;3;1;0;0
4/4964.png;3;1;0;0
4/4965.png;3;1;0;0
4/4966.png;3;1;0;0
4/4967.png;3;1;0;0
4/4968.png;3;1;0;0
4/4969.png;3;1;0;0
4/4970.png;3;1;0;0
4/4971.png;3;1;0;0
4/4972.png;3;1;0;0
4/4973.png;3;1;0;0
4/4974.png;3;1;0;0
4/4975.png;3;1;0;0
4/4976.png;3;1;0;0
4/4977.png;3;1;0;0
4/4978.png;3;1;0;0
4/4979.png;3;1;0;0
4/4980.png;3;1;0;0
4/4981.png;3;1;0;0
4/4982.png;3;1;0;0
4/4983.png;3;1;0;0
4/4984.png;3;1;0;0
4/4985.png;3;1;0;0
4/4986.png;3;1;0;0
4/4987.png;3;1;0;0
4/4988.png;3;1;0;0
4/4989.png;3;1;0;0
4/4990.png;3;1;0;0
4/4991.png;3;1;0;0
4/4992.png;3;1;0;0
4/4993.png;3;1;0;0
4/4994.png;3;1;0;0
4/4995.png;3;1;0;0
4/4996.png;3;1;0;0
4/4997.png;3;1;0;0
4/4998.png;3;1;0;0
4/4999.png;3;1;0;0
4/5000.png;3;1;0;0
5/0001.png;4;1;0;0
5/0002.png;4;1;0;0
5/0003.png;4;1;0;0
5/0004.png;4;1;0;0
5/0005.png;4;1;0;0
5/0006.png;4;1;0;0
5/0007.png;4;1;0;0
5/0008.png;4;1;0;0
5/0009.png;4;1;0;0
5/0010.png;4;1;0;0
5/0011.png;4;1;0;0
5/0012.png;4;1;0;0
5/0013.png;4;1;0;0
5/0014.png;4;1;0;0
5/0015.png;4;1;0;0
5/0016.png;4;1;0;0
5/0017.png;4;1;0;0
5/0018.png;4;1;0;0
5/0019.png;4;1;0;0
5/0020.png;4;1;0;0
5/0021.png;4;1;0;0
5/0022.png;4;1;0;0
5/0023.png;4;1;0;0
5/0024.png;4;1;0;0
5/0025.png;4;1;0;0
5/0026.png;4;1;0;0
5/0027.png;4;1;0;0
5/0028.png;4;1;0;0
5/0029.png;4;1;0;0
5/0030.png;4;1;0;0
5/0031.png;4;1;0;0
5/0032.png;4;1;0;0
5/0033.png;4;1;0;0
5/0034.png;4;1;0;0
5/0035.png;4;1;0;0
5/0036.png;4;1;0;0
5/0037.png;4;1;0;0
5/0038.png;4;1;0;0
5/0039.png;4;1;0;0
5/0040.png;4;1;0;0
5/0041.png;4;1;0;0
5/0042.png;4;1;0;0
5/0043.png;4;1;0;0
5/0044.png;4;1;0;0
5/0045.png;4;1;0;0
5/0046.png;4;1;0;0
5/0047.png;4;1;0;0
5/0048.png;4;1;0;0
5/0049.png;4;1;0;0
5/0050.png;4;1;0;0
5/0051.png;4;1;0;0
5/0052.png;4;1;0;0
5/0053.png;4;1;0;0
5/0054.png;4;1;0;0
5/0055.png;4;1;0;0
5/0056.png;4;1;0;0
5/0057.png;4;1;0;0
5/0058.png;4;1;0;0
5/0059.png;4;1;0;0
5/0060.png;4;1;0;0
5/0061.png;4;1;0;0
5/0062.png;4;1;0;0
5/0063.png;4;1;0;0
5/0064.png;4;1;0;0
5/0065.png;4;1;0;0
5/0066.png;4;1;0;0
5/0067.png;4;1;0;0
5/0068.png;4;1;0;0
5/0069.png;4;1;0;0
5/0070.png;4;1;0;0
5/0071.png;4;1;0;0
5/0072.png;4;1;0;0
5/0073.png;4;1;0;0
5/0074.png;4;1;0;0
5/0075.png;4;1;0;0
5/0076.png;4;1;0;0
5/0077.png;4;1;0;0
5/0078.png;4;1;0;0
5/0079.png;4;1;0;0
5/0080.png;4;1;0;0
5/0081.png;4;1;0;0
5/0082.png;4;1;0;0
5/0083.png;4;1;0;0
5/0084.png;4;1;0;0
5/0085.png;4;1;0;0
5/0086.png;4;1;0;0
5/0087.png;4;1;0;0
5/0088.png;4;1;0;0
5/0089.png;4;1;0;0
5/0090.png;4;1;0;0
5/0091.png;4;1;0;0
5/0092.png;4;1;0;0
5/0093.png;4;1;0;0
5/0094.png;4;1;0;0
5/0095.png;4;1;0;0
5/0096.png;4;1;0;0
5/0097.png;4;1;0;0
5/0098.png;4;1;0;0
5/0099.png;4;1;0;0
5/0100.png;4;1;0;0
5/0101.png;4;1;0;0
5/0102.png;4;1;0;0
5/0103.png;4;1;0;0
5/0104.png;4;1;0;0
5/0105.png;4;1;0;0
5/0106.png;4;1;0;0
5/0107.png;4;1;0;0
5/0108.png;4;1;0;0
5/0109.png;4;1;0;0
5/0110.png;4;1;0;0
5/0111.png;4;1;0;0
5/0112.png;4;1;0;0
5/0113.png;4;1;0;0
5/0114.png;4;1;0;0
5/0115.png;4;1;0;0
5/0116.png;4;1;0;0
5/0117.png;4;1;0;0
5/0118.png;4;1;0;0
5/0119.png;4;1;0;0
5/0120.png;4;1;0;0
5/0121.png;4;1;0;0
5/0122.png;4;1;0;0
5/0123.png;4;1;0;0
5/0124.png;4;1;0;0
5/0125.png;4;1;0;0
5/0126.png;4;1;0;0
5/0127.png;4;1;0;0
5/0128.png;4;1;0;0
5/0129.png;4;1;0;0
5/0130.png;4;1;0;0
5/0131.png;4;1;0;0
5/0132.png;4;1;0;0
5/0133.png;4;1;0;0
5/0134.png;4;1;0;0
5/0135.png;4;1;0;0
5/0136.png;4;1;0;0
5/0137.png;4;1;0;0
5/0138.png;4;1;0;0
5/0139.png;4;1;0;0
5/0140.png;4;1;0;0
5/0141.png;4;1;0;0
5/0142.png;4;1;0;0
5/0143.png;4;1;0;0
5/0144.png;4;1;0;0
5/0145.png;4;1;0;0
5/0146.png;4;1;0;0
5/0147.png;4;1;0;0
5/0148.png;4;1;0;0
5/0149.png;4;1;0;0
5/0150.png;4;1;0;0
5/0151.png;4;1;0;0
5/0152.png;4;1;0;0
5/0153.png;4;1;0;0
5/0154.png;4;1;0;0
5/0155.png;4;1;0;0
5/0156.png;4;1;0;0
5/0157.png;4;1;0;0
5/0158.png;4;1;0;0
5/0159.png;4;1;0;0
5/0160.png;4;1;0;0
5/0161.png;4;1;0;0
5/0162.png;4;1;0;0
5/0163.png;4;1;0;0
5/0164.png;4;1;0;0
5/0165.png;4;1;0;0
5/0166.png;4;1;0;0
5/0167.png;4;1;0;0
5/0168.png;4;1;0;0
5/0169.png;4;1;0;0
5/0170.png;4;1;0;0
5/0171.png;4;1;0;0
5/0172.png;4;1;0;0
5/0173.png;4;1;0;0
5/0174.png;4;1;0;0
5/0175.png;4;1;0;0
5/0176.png;4;1;0;0
5/0177.png;4;1;0;0
5/0178.png;4;1;0;0
5/0179.png;4;1;0;0
5/0180.png;4;1;0;0
5/0181.png;4;1;0;0
5/0182.png;4;1;0;0
5/0183.png;4;1;0;0
5/0184.png;4;1;0;0
5/0185.png;4;1;0;0
5/0186.png;4;1;0;0
5/0187.png;4;1;0;0
5/0188.png;4;1;0;0
5/0189.png;4;1;0;0
5/0190.png;4;1;0;0
5/0191.png;4;1;0;0
5/0192.png;4;1;0;0
5/0193.png;4;1;0;0
5/0194.png;4;1;0;0
5/0195.png;4;1;0;0
5/0196.png;4;1;0;0
5/0197.png;4;1;0;0
5/0198.png;4;1;0;0
5/0199.png;4;1;0;0
5/0200.png;4;1;0;0
5/0201.png;4;1;0;0
5/0202.png;4;1;0;0
5/0203.png;4;1;0;0
5/0204.png;4;1;0;0
5/0205.png;4;1;0;0
5/0206.png;4;1;0;0
5/0207.png;4;1;0;0
5/0208.png;4;1;0;0
5/0209.png;4;1;0;0
5/0210.png;4;1;0;0
5/0211.png;4;1;0;0
5/0212.png;4;1;0;0
5/0213.png;4;1;0;0
5/0214.png;4;1;0;0
5/0215.png;4;1;0;0
5/0216.png;4;1;0;0
5/0217.png;4;1;0;0
5/0218.png;4;1;0;0
5/0219.png;4;1;0;0
5/0220.png;4;1;0;0
5/0221.png;4;1;0;0
5/0222.png;4;1;0;0
5/0223.png;4;1;0;0
5/0224.png;4;1;0;0
5/0225.png;4;1;0;0
5/0226.png;4;1;0;0
5/0227.png;4;1;0;0
5/0228.png;4;1;0;0
5/0229.png;4;1;0;0
5/0230.png;4;1;0;0
5/0231.png;4;1;0;0
5/0232.png;4;1;0;0
5/0233.png;4;1;0;0
5/0234.png;4;1;0;0
5/0235.png;4;1;0;0
5/0236.png;4;1;0;0
5/0237.png;4;1;0;0
5/0238.png;4;1;0;0
5/0239.png;4;1;0;0
5/0240.png;4;1;0;0
5/0241.png;4;1;0;0
5/0242.png;4;1;0;0
5/0243.png;4;1;0;0
5/0244.png;4;1;0;0
5/0245.png;4;1;0;0
5/0246.png;4;1;0;0
5/0247.png;4;1;0;0
5/0248.png;4;1;0;0
5/0249.png;4;1;0;0
5/0250.png;4;1;0;0
5/0251.png;4;1;0;0
5/0252.png;4;1;0;0
5/0253.png;4;1;0;0
5/0254.png;4;1;0;0
5/0255.png;4;1;0;0
5/0256.png;4;1;0;0
5/0257.png;4;1;0;0
5/0258.png;4;1;0;0
5/0259.png;4;1;0;0
5/0260.png;4;1;0;0
5/0261.png;4;1;0;0
5/0262.png;4;1;0;0
5/0263.png;4;1;0;0
5/0264.png;4;1;0;0
5/0265.png;4;1;0;0
5/0266.png;4;1;0;0
5/0267.png;4;1;0;0
5/0268.png;4;1;0;0
5/0269.png;4;1;0;0
5/0270.png;4;1;0;0
5/0271.png;4;1;0;0
5/0272.png;4;1;0;0
5/0273.png;4;1;0;0
5/0274.png;4;1;0;0
5/0275.png;4;1;0;0
5/0276.png;4;1;0;0
5/0277.png;4;1;0;0
5/0278.png;4;1;0;0
5/0279.png;4;1;0;0
5/0280.png;4;1;0;0
5/0281.png;4;1;0;0
5/0282.png;4;1;0;0
5/0283.png;4;1;0;0
5/0284.png;4;1;0;0
5/0285.png;4;1;0;0
5/0286.png;4;1;0;0
5/0287.png;4;1;0;0
5/0288.png;4;1;0;0
5/0289.png;4;1;0;0
5/0290.png;4;1;0;0
5/0291.png;4;1;0;0
5/0292.png;4;1;0;0
5/0293.png;4;1;0;0
5/0294.png;4;1;0;0
5/0295.png;4;1;0;0
5/0296.png;4;1;0;0
5/0297.png;4;1;0;0
5/0298.png;4;1;0;0
5/0299.png;4;1;0;0
5/0300.png;4;1;0;0
5/0301.png;4;1;0;0
5/0302.png;4;1;0;0
5/0303.png;4;1;0;0
5/0304.png;4;1;0;0
5/0305.png;4;1;0;0
5/0306.png;4;1;0;0
5/0307.png;4;1;0;0
5/0308.png;4;1;0;0
5/0309.png;4;1;0;0
5/0310.png;4;1;0;0
5/0311.png;4;1;0;0
5/0312.png;4;1;0;0
5/0313.png;4;1;0;0
5/0314.png;4;1;0;0
5/0315.png;4;1;0;0
5/0316.png;4;1;0;0
5/0317.png;4;1;0;0
5/0318.png;4;1;0;0
5/0319.png;4;1;0;0
5/0320.png;4;1;0;0
5/0321.png;4;1;0;0
5/0322.png;4;1;0;0
5/0323.png;4;1;0;0
5/0324.png;4;1;0;0
5/0325.png;4;1;0;0
5/0326.png;4;1;0;0
5/0327.png;4;1;0;0
5/0328.png;4;1;0;0
5/0329.png;4;1;0;0
5/0330.png;4;1;0;0
5/0331.png;4;1;0;0
5/0332.png;4;1;0;0
5/0333.png;4;1;0;0
5/0334.png;4;1;0;0
5/0335.png;4;1;0;0
5/0336.png;4;1;0;0
5/0337.png;4;1;0;0
5/0338.png;4;1;0;0
5/0339.png;4;1;0;0
5/0340.png;4;1;0;0
5/0341.png;4;1;0;0
5/0342.png;4;1;0;0
5/0343.png;4;1;0;0
5/0344.png;4;1;0;0
5/0345.png;4;1;0;0
5/0346.png;4;1;0;0
5/0347.png;4;1;0;0
5/0348.png;4;1;0;0
5/0349.png;4;1;0;0
5/0350.png;4;1;0;0
5/0351.png;4;1;0;0
5/0352.png;4;1;0;0
5/0353.png;4;1;0;0
5/0354.png;4;1;0;0
5/0355.png;4;1;0;0
5/0356.png;4;1;0;0
5/0357.png;4;1;0;0
5/0358.png;4;1;0;0
5/0359.png;4;1;0;0
5/0360.png;4;1;0;0
5/0361.png;4;1;0;0
5/0362.png;4;1;0;0
5/0363.png;4;1;0;0
5/0364.png;4;1;0;0
5/0365.png;4;1;0;0
5/0366.png;4;1;0;0
5/0367.png;4;1;0;0
5/0368.png;4;1;0;0
5/0369.png;4;1;0;0
5/0370.png;4;1;0;0
5/0371.png;4;1;0;0
5/0372.png;4;1;0;0
5/0373.png;4;1;0;0
5/0374.png;4;1;0;0
5/0375.png;4;1;0;0
5/0376.png;4;1;0;0
5/0377.png;4;1;0;0
5/0378.png;4;1;0;0
5/0379.png;4;1;0;0
5/0380.png;4;1;0;0
5/0381.png;4;1;0;0
5/0382.png;4;1;0;0
5/0383.png;4;1;0;0
5/0384.png;4;1;0;0
5/0385.png;4;1;0;0
5/0386.png;4;1;0;0
5/0387.png;4;1;0;0
5/0388.png;4;1;0;0
5/0389.png;4;1;0;0
5/0390.png;4;1;0;0
5/0391.png;4;1;0;0
5/0392.png;4;1;0;0
5/0393.png;4;1;0;0
5/0394.png;4;1;0;0
5/0395.png;4;1;0;0
5/0396.png;4;1;0;0
5/0397.png;4;1;0;0
5/0398.png;4;1;0;0
5/0399.png;4;1;0;0
5/0400.png;4;1;0;0
5/0401.png;4;1;0;0
5/0402.png;4;1;0;0
5/0403.png;4;1;0;0
5/0404.png;4;1;0;0
5/0405.png;4;1;0;0
5/0406.png;4;1;0;0
5/0407.png;4;1;0;0
5/0408.png;4;1;0;0
5/0409.png;4;1;0;0
5/0410.png;4;1;0;0
5/0411.png;4;1;0;0
5/0412.png;4;1;0;0
5/0413.png;4;1;0;0
5/0414.png;4;1;0;0
5/0415.png;4;1;0;0
5/0416.png;4;1;0;0
5/0417.png;4;1;0;0
5/0418.png;4;1;0;0
5/0419.png;4;1;0;0
5/0420.png;4;1;0;0
5/0421.png;4;1;0;0
5/0422.png;4;1;0;0
5/0423.png;4;1;0;0
5/0424.png;4;1;0;0
5/0425.png;4;1;0;0
5/0426.png;4;1;0;0
5/0427.png;4;1;0;0
5/0428.png;4;1;0;0
5/0429.png;4;1;0;0
5/0430.png;4;1;0;0
5/0431.png;4;1;0;0
5/0432.png;4;1;0;0
5/0433.png;4;1;0;0
5/0434.png;4;1;0;0
5/0435.png;4;1;0;0
5/0436.png;4;1;0;0
5/0437.png;4;1;0;0
5/0438.png;4;1;0;0
5/0439.png;4;1;0;0
5/0440.png;4;1;0;0
5/0441.png;4;1;0;0
5/0442.png;4;1;0;0
5/0443.png;4;1;0;0
5/0444.png;4;1;0;0
5/0445.png;4;1;0;0
5/0446.png;4;1;0;0
5/0447.png;4;1;0;0
5/0448.png;4;1;0;0
5/0449.png;4;1;0;0
5/0450.png;4;1;0;0
5/0451.png;4;1;0;0
5/0452.png;4;1;0;0
5/0453.png;4;1;0;0
5/0454.png;4;1;0;0
5/0455.png;4;1;0;0
5/0456.png;4;1;0;0
5/0457.png;4;1;0;0
5/0458.png;4;1;0;0
5/0459.png;4;1;0;0
5/0460.png;4;1;0;0
5/0461.png;4;1;0;0
5/0462.png;4;1;0;0
5/0463.png;4;1;0;0
5/0464.png;4;1;0;0
5/0465.png;4;1;0;0
5/0466.png;4;1;0;0
5/0467.png;4;1;0;0
5/0468.png;4;1;0;0
5/0469.png;4;1;0;0
5/0470.png;4;1;0;0
5/0471.png;4;1;0;0
5/0472.png;4;1;0;0
5/0473.png;4;1;0;0
5/0474.png;4;1;0;0
5/0475.png;4;1;0;0
5/0476.png;4;1;0;0
5/0477.png;4;1;0;0
5/0478.png;4;1;0;0
5/0479.png;4;1;0;0
5/0480.png;4;1;0;0
5/0481.png;4;1;0;0
5/0482.png;4;1;0;0
5/0483.png;4;1;0;0
5/0484.png;4;1;0;0
5/0485.png;4;1;0;0
5/0486.png;4;1;0;0
5/0487.png;4;1;0;0
5/0488.png;4;1;0;0
5/0489.png;4;1;0;0
5/0490.png;4;1;0;0
5/0491.png;4;1;0;0
5/0492.png;4;1;0;0
5/0493.png;4;1;0;0
5/0494.png;4;1;0;0
5/0495.png;4;1;0;0
5/0496.png;4;1;0;0
5/0497.png;4;1;0;0
5/0498.png;4;1;0;0
5/0499.png;4;1;0;0
5/0500.png;4;1;0;0
5/0501.png;4;1;0;0
5/0502.png;4;1;0;0
5/0503.png;4;1;0;0
5/0504.png;4;1;0;0
5/0505.png;4;1;0;0
5/0506.png;4;1;0;0
5/0507.png;4;1;0;0
5/0508.png;4;1;0;0
5/0509.png;4;1;0;0
5/0510.png;4;1;0;0
5/0511.png;4;1;0;0
5/0512.png;4;1;0;0
5/0513.png;4;1;0;0
5/0514.png;4;1;0;0
5/0515.png;4;1;0;0
5/0516.png;4;1;0;0
5/0517.png;4;1;0;0
5/0518.png;4;1;0;0
5/0519.png;4;1;0;0
5/0520.png;4;1;0;0
5/0521.png;4;1;0;0
5/0522.png;4;1;0;0
5/0523.png;4;1;0;0
5/0524.png;4;1;0;0
5/0525.png;4;1;0;0
5/0526.png;4;1;0;0
5/0527.png;4;1;0;0
5/0528.png;4;1;0;0
5/0529.png;4;1;0;0
5/0530.png;4;1;0;0
5/0531.png;4;1;0;0
5/0532.png;4;1;0;0
5/0533.png;4;1;0;0
5/0534.png;4;1;0;0
5/0535.png;4;1;0;0
5/0536.png;4;1;0;0
5/0537.png;4;1;0;0
5/0538.png;4;1;0;0
5/0539.png;4;1;0;0
5/0540.png;4;1;0;0
5/0541.png;4;1;0;0
5/0542.png;4;1;0;0
5/0543.png;4;1;0;0
5/0544.png;4;1;0;0
5/0545.png;4;1;0;0
5/0546.png;4;1;0;0
5/0547.png;4;1;0;0
5/0548.png;4;1;0;0
5/0549.png;4;1;0;0
5/0550.png;4;1;0;0
5/0551.png;4;1;0;0
5/0552.png;4;1;0;0
5/0553.png;4;1;0;0
5/0554.png;4;1;0;0
5/0555.png;4;1;0;0
5/0556.png;4;1;0;0
5/0557.png;4;1;0;0
5/0558.png;4;1;0;0
5/0559.png;4;1;0;0
5/0560.png;4;1;0;0
5/0561.png;4;1;0;0
5/0562.png;4;1;0;0
5/0563.png;4;1;0;0
5/0564.png;4;1;0;0
5/0565.png;4;1;0;0
5/0566.png;4;1;0;0
5/0567.png;4;1;0;0
5/0568.png;4;1;0;0
5/0569.png;4;1;0;0
5/0570.png;4;1;0;0
5/0571.png;4;1;0;0
5/0572.png;4;1;0;0
5/0573.png;4;1;0;0
5/0574.png;4;1;0;0
5/0575.png;4;1;0;0
5/0576.png;4;1;0;0
5/0577.png;4;1;0;0
5/0578.png;4;1;0;0
5/0579.png;4;1;0;0
5/0580.png;4;1;0;0
5/0581.png;4;1;0;0
5/0582.png;4;1;0;0
5/0583.png;4;1;0;0
5/0584.png;4;1;0;0
5/0585.png;4;1;0;0
5/0586.png;4;1;0;0
5/0587.png;4;1;0;0
5/0588.png;4;1;0;0
5/0589.png;4;1;0;0
5/0590.png;4;1;0;0
5/0591.png;4;1;0;0
5/0592.png;4;1;0;0
5/0593.png;4;1;0;0
5/0594.png;4;1;0;0
5/0595.png;4;1;0;0
5/0596.png;4;1;0;0
5/0597.png;4;1;0;0
5/0598.png;4;1;0;0
5/0599.png;4;1;0;0
5/0600.png;4;1;0;0
5/0601.png;4;1;0;0
5/0602.png;4;1;0;0
5/0603.png;4;1;0;0
5/0604.png;4;1;0;0
5/0605.png;4;1;0;0
5/0606.png;4;1;0;0
5/0607.png;4;1;0;0
5/0608.png;4;1;0;0
5/0609.png;4;1;0;0
5/0610.png;4;1;0;0
5/0611.png;4;1;0;0
5/0612.png;4;1;0;0
5/0613.png;4;1;0;0
5/0614.png;4;1;0;0
5/0615.png;4;1;0;0
5/0616.png;4;1;0;0
5/0617.png;4;1;0;0
5/0618.png;4;1;0;0
5/0619.png;4;1;0;0
5/0620.png;4;1;0;0
5/0621.png;4;1;0;0
5/0622.png;4;1;0;0
5/0623.png;4;1;0;0
5/0624.png;4;1;0;0
5/0625.png;4;1;0;0
5/0626.png;4;1;0;0
5/0627.png;4;1;0;0
5/0628.png;4;1;0;0
5/0629.png;4;1;0;0
5/0630.png;4;1;0;0
5/0631.png;4;1;0;0
5/0632.png;4;1;0;0
5/0633.png;4;1;0;0
5/0634.png;4;1;0;0
5/0635.png;4;1;0;0
5/0636.png;4;1;0;0
5/0637.png;4;1;0;0
5/0638.png;4;1;0;0
5/0639.png;4;1;0;0
5/0640.png;4;1;0;0
5/0641.png;4;1;0;0
5/0642.png;4;1;0;0
5/0643.png;4;1;0;0
5/0644.png;4;1;0;0
5/0645.png;4;1;0;0
5/0646.png;4;1;0;0
5/0647.png;4;1;0;0
5/0648.png;4;1;0;0
5/0649.png;4;1;0;0
5/0650.png;4;1;0;0
5/0651.png;4;1;0;0
5/0652.png;4;1;0;0
5/0653.png;4;1;0;0
5/0654.png;4;1;0;0
5/0655.png;4;1;0;0
5/0656.png;4;1;0;0
5/0657.png;4;1;0;0
5/0658.png;4;1;0;0
5/0659.png;4;1;0;0
5/0660.png;4;1;0;0
5/0661.png;4;1;0;0
5/0662.png;4;1;0;0
5/0663.png;4;1;0;0
5/0664.png;4;1;0;0
5/0665.png;4;1;0;0
5/0666.png;4;1;0;0
5/0667.png;4;1;0;0
5/0668.png;4;1;0;0
5/0669.png;4;1;0;0
5/0670.png;4;1;0;0
5/0671.png;4;1;0;0
5/0672.png;4;1;0;0
5/0673.png;4;1;0;0
5/0674.png;4;1;0;0
5/0675.png;4;1;0;0
5/0676.png;4;1;0;0
5/0677.png;4;1;0;0
5/0678.png;4;1;0;0
5/0679.png;4;1;0;0
5/0680.png;4;1;0;0
5/0681.png;4;1;0;0
5/0682.png;4;1;0;0
5/0683.png;4;1;0;0
5/0684.png;4;1;0;0
5/0685.png;4;1;0;0
5/0686.png;4;1;0;0
5/0687.png;4;1;0;0
5/0688.png;4;1;0;0
5/0689.png;4;1;0;0
5/0690.png;4;1;0;0
5/0691.png;4;1;0;0
5/0692.png;4;1;0;0
5/0693.png;4;1;0;0
5/0694.png;4;1;0;0
5/0695.png;4;1;0;0
5/0696.png;4;1;0;0
5/0697.png;4;1;0;0
5/0698.png;4;1;0;0
5/0699.png;4;1;0;0
5/0700.png;4;1;0;0
5/0701.png;4;1;0;0
5/0702.png;4;1;0;0
5/0703.png;4;1;0;0
5/0704.png;4;1;0;0
5/0705.png;4;1;0;0
5/0706.png;4;1;0;0
5/0707.png;4;1;0;0
5/0708.png;4;1;0;0
5/0709.png;4;1;0;0
5/0710.png;4;1;0;0
5/0711.png;4;1;0;0
5/0712.png;4;1;0;0
5/0713.png;4;1;0;0
5/0714.png;4;1;0;0
5/0715.png;4;1;0;0
5/0716.png;4;1;0;0
5/0717.png;4;1;0;0
5/0718.png;4;1;0;0
5/0719.png;4;1;0;0
5/0720.png;4;1;0;0
5/0721.png;4;1;0;0
5/0722.png;4;1;0;0
5/0723.png;4;1;0;0
5/0724.png;4;1;0;0
5/0725.png;4;1;0;0
5/0726.png;4;1;0;0
5/0727.png;4;1;0;0
5/0728.png;4;1;0;0
5/0729.png;4;1;0;0
5/0730.png;4;1;0;0
5/0731.png;4;1;0;0
5/0732.png;4;1;0;0
5/0733.png;4;1;0;0
5/0734.png;4;1;0;0
5/0735.png;4;1;0;0
5/0736.png;4;1;0;0
5/0737.png;4;1;0;0
5/0738.png;4;1;0;0
5/0739.png;4;1;0;0
5/0740.png;4;1;0;0
5/0741.png;4;1;0;0
5/0742.png;4;1;0;0
5/0743.png;4;1;0;0
5/0744.png;4;1;0;0
5/0745.png;4;1;0;0
5/0746.png;4;1;0;0
5/0747.png;4;1;0;0
5/0748.png;4;1;0;0
5/0749.png;4;1;0;0
5/0750.png;4;1;0;0
5/0751.png;4;1;0;0
5/0752.png;4;1;0;0
5/0753.png;4;1;0;0
5/0754.png;4;1;0;0
5/0755.png;4;1;0;0
5/0756.png;4;1;0;0
5/0757.png;4;1;0;0
5/0758.png;4;1;0;0
5/0759.png;4;1;0;0
5/0760.png;4;1;0;0
5/0761.png;4;1;0;0
5/0762.png;4;1;0;0
5/0763.png;4;1;0;0
5/0764.png;4;1;0;0
5/0765.png;4;1;0;0
5/0766.png;4;1;0;0
5/0767.png;4;1;0;0
5/0768.png;4;1;0;0
5/0769.png;4;1;0;0
5/0770.png;4;1;0;0
5/0771.png;4;1;0;0
5/0772.png;4;1;0;0
5/0773.png;4;1;0;0
5/0774.png;4;1;0;0
5/0775.png;4;1;0;0
5/0776.png;4;1;0;0
5/0777.png;4;1;0;0
5/0778.png;4;1;0;0
5/0779.png;4;1;0;0
5/0780.png;4;1;0;0
5/0781.png;4;1;0;0
5/0782.png;4;1;0;0
5/0783.png;4;1;0;0
5/0784.png;4;1;0;0
5/0785.png;4;1;0;0
5/0786.png;4;1;0;0
5/0787.png;4;1;0;0
5/0788.png;4;1;0;0
5/0789.png;4;1;0;0
5/0790.png;4;1;0;0
5/0791.png;4;1;0;0
5/0792.png;4;1;0;0
5/0793.png;4;1;0;0
5/0794.png;4;1;0;0
5/0795.png;4;1;0;0
5/0796.png;4;1;0;0
5/0797.png;4;1;0;0
5/0798.png;4;1;0;0
5/0799.png;4;1;0;0
5/0800.png;4;1;0;0
5/0801.png;4;1;0;0
5/0802.png;4;1;0;0
5/0803.png;4;1;0;0
5/0804.png;4;1;0;0
5/0805.png;4;1;0;0
5/0806.png;4;1;0;0
5/0807.png;4;1;0;0
5/0808.png;4;1;0;0
5/0809.png;4;1;0;0
5/0810.png;4;1;0;0
5/0811.png;4;1;0;0
5/0812.png;4;1;0;0
5/0813.png;4;1;0;0
5/0814.png;4;1;0;0
5/0815.png;4;1;0;0
5/0816.png;4;1;0;0
5/0817.png;4;1;0;0
5/0818.png;4;1;0;0
5/0819.png;4;1;0;0
5/0820.png;4;1;0;0
5/0821.png;4;1;0;0
5/0822.png;4;1;0;0
5/0823.png;4;1;0;0
5/0824.png;4;1;0;0
5/0825.png;4;1;0;0
5/0826.png;4;1;0;0
5/0827.png;4;1;0;0
5/0828.png;4;1;0;0
5/0829.png;4;1;0;0
5/0830.png;4;1;0;0
5/0831.png;4;1;0;0
5/0832.png;4;1;0;0
5/0833.png;4;1;0;0
5/0834.png;4;1;0;0
5/0835.png;4;1;0;0
5/0836.png;4;1;0;0
5/0837.png;4;1;0;0
5/0838.png;4;1;0;0
5/0839.png;4;1;0;0
5/0840.png;4;1;0;0
5/0841.png;4;1;0;0
5/0842.png;4;1;0;0
5/0843.png;4;1;0;0
5/0844.png;4;1;0;0
5/0845.png;4;1;0;0
5/0846.png;4;1;0;0
5/0847.png;4;1;0;0
5/0848.png;4;1;0;0
5/0849.png;4;1;0;0
5/0850.png;4;1;0;0
5/0851.png;4;1;0;0
5/0852.png;4;1;0;0
5/0853.png;4;1;0;0
5/0854.png;4;1;0;0
5/0855.png;4;1;0;0
5/0856.png;4;1;0;0
5/0857.png;4;1;0;0
5/0858.png;4;1;0;0
5/0859.png;4;1;0;0
5/0860.png;4;1;0;0
5/0861.png;4;1;0;0
5/0862.png;4;1;0;0
5/0863.png;4;1;0;0
5/0864.png;4;1;0;0
5/0865.png;4;1;0;0
5/0866.png;4;1;0;0
5/0867.png;4;1;0;0
5/0868.png;4;1;0;0
5/0869.png;4;1;0;0
5/0870.png;4;1;0;0
5/0871.png;4;1;0;0
5/0872.png;4;1;0;0
5/0873.png;4;1;0;0
5/0874.png;4;1;0;0
5/0875.png;4;1;0;0
5/0876.png;4;1;0;0
5/0877.png;4;1;0;0
5/0878.png;4;1;0;0
5/0879.png;4;1;0;0
5/0880.png;4;1;0;0
5/0881.png;4;1;0;0
5/0882.png;4;1;0;0
5/0883.png;4;1;0;0
5/0884.png;4;1;0;0
5/0885.png;4;1;0;0
5/0886.png;4;1;0;0
5/0887.png;4;1;0;0
5/0888.png;4;1;0;0
5/0889.png;4;1;0;0
5/0890.png;4;1;0;0
5/0891.png;4;1;0;0
5/0892.png;4;1;0;0
5/0893.png;4;1;0;0
5/0894.png;4;1;0;0
5/0895.png;4;1;0;0
5/0896.png;4;1;0;0
5/0897.png;4;1;0;0
5/0898.png;4;1;0;0
5/0899.png;4;1;0;0
5/0900.png;4;1;0;0
5/0901.png;4;1;0;0
5/0902.png;4;1;0;0
5/0903.png;4;1;0;0
5/0904.png;4;1;0;0
5/0905.png;4;1;0;0
5/0906.png;4;1;0;0
5/0907.png;4;1;0;0
5/0908.png;4;1;0;0
5/0909.png;4;1;0;0
5/0910.png;4;1;0;0
5/0911.png;4;1;0;0
5/0912.png;4;1;0;0
5/0913.png;4;1;0;0
5/0914.png;4;1;0;0
5/0915.png;4;1;0;0
5/0916.png;4;1;0;0
5/0917.png;4;1;0;0
5/0918.png;4;1;0;0
5/0919.png;4;1;0;0
5/0920.png;4;1;0;0
5/0921.png;4;1;0;0
5/0922.png;4;1;0;0
5/0923.png;4;1;0;0
5/0924.png;4;1;0;0
5/0925.png;4;1;0;0
5/0926.png;4;1;0;0
5/0927.png;4;1;0;0
5/0928.png;4;1;0;0
5/0929.png;4;1;0;0
5/0930.png;4;1;0;0
5/0931.png;4;1;0;0
5/0932.png;4;1;0;0
5/0933.png;4;1;0;0
5/0934.png;4;1;0;0
5/0935.png;4;1;0;0
5/0936.png;4;1;0;0
5/0937.png;4;1;0;0
5/0938.png;4;1;0;0
5/0939.png;4;1;0;0
5/0940.png;4;1;0;0
5/0941.png;4;1;0;0
5/0942.png;4;1;0;0
5/0943.png;4;1;0;0
5/0944.png;4;1;0;0
5/0945.png;4;1;0;0
5/0946.png;4;1;0;0
5/0947.png;4;1;0;0
5/0948.png;4;1;0;0
5/0949.png;4;1;0;0
5/0950.png;4;1;0;0
5/0951.png;4;1;0;0
5/0952.png;4;1;0;0
5/0953.png;4;1;0;0
5/0954.png;4;1;0;0
5/0955.png;4;1;0;0
5/0956.png;4;1;0;0
5/0957.png;4;1;0;0
5/0958.png;4;1;0;0
5/0959.png;4;1;0;0
5/0960.png;4;1;0;0
5/0961.png;4;1;0;0
5/0962.png;4;1;0;0
5/0963.png;4;1;0;0
5/0964.png;4;1;0;0
5/0965.png;4;1;0;0
5/0966.png;4;1;0;0
5/0967.png;4;1;0;0
5/0968.png;4;1;0;0
5/0969.png;4;1;0;0
5/0970.png;4;1;0;0
5/0971.png;4;1;0;0
5/0972.png;4;1;0;0
5/0973.png;4;1;0;0
5/0974.png;4;1;0;0
5/0975.png;4;1;0;0
5/0976.png;4;1;0;0
5/0977.png;4;1;0;0
5/0978.png;4;1;0;0
5/0979.png;4;1;0;0
5/0980.png;4;1;0;0
5/0981.png;4;1;0;0
5/0982.png;4;1;0;0
5/0983.png;4;1;0;0
5/0984.png;4;1;0;0
5/0985.png;4;1;0;0
5/0986.png;4;1;0;0
5/0987.png;4;1;0;0
5/0988.png;4;1;0;0
5/0989.png;4;1;0;0
5/0990.png;4;1;0;0
5/0991.png;4;1;0;0
5/0992.png;4;1;0;0
5/0993.png;4;1;0;0
5/0994.png;4;1;0;0
5/0995.png;4;1;0;0
5/0996.png;4;1;0;0
5/0997.png;4;1;0;0
5/0998.png;4;1;0;0
5/0999.png;4;1;0;0
5/1000.png;4;1;0;0
5/1001.png;4;1;0;0
5/1002.png;4;1;0;0
5/1003.png;4;1;0;0
5/1004.png;4;1;0;0
5/1005.png;4;1;0;0
5/1006.png;4;1;0;0
5/1007.png;4;1;0;0
5/1008.png;4;1;0;0
5/1009.png;4;1;0;0
5/1010.png;4;1;0;0
5/1011.png;4;1;0;0
5/1012.png;4;1;0;0
5/1013.png;4;1;0;0
5/1014.png;4;1;0;0
5/1015.png;4;1;0;0
5/1016.png;4;1;0;0
5/1017.png;4;1;0;0
5/1018.png;4;1;0;0
5/1019.png;4;1;0;0
5/1020.png;4;1;0;0
5/1021.png;4;1;0;0
5/1022.png;4;1;0;0
5/1023.png;4;1;0;0
5/1024.png;4;1;0;0
5/1025.png;4;1;0;0
5/1026.png;4;1;0;0
5/1027.png;4;1;0;0
5/1028.png;4;1;0;0
5/1029.png;4;1;0;0
5/1030.png;4;1;0;0
5/1031.png;4;1;0;0
5/1032.png;4;1;0;0
5/1033.png;4;1;0;0
5/1034.png;4;1;0;0
5/1035.png;4;1;0;0
5/1036.png;4;1;0;0
5/1037.png;4;1;0;0
5/1038.png;4;1;0;0
5/1039.png;4;1;0;0
5/1040.png;4;1;0;0
5/1041.png;4;1;0;0
5/1042.png;4;1;0;0
5/1043.png;4;1;0;0
5/1044.png;4;1;0;0
5/1045.png;4;1;0;0
5/1046.png;4;1;0;0
5/1047.png;4;1;0;0
5/1048.png;4;1;0;0
5/1049.png;4;1;0;0
5/1050.png;4;1;0;0
5/1051.png;4;1;0;0
5/1052.png;4;1;0;0
5/1053.png;4;1;0;0
5/1054.png;4;1;0;0
5/1055.png;4;1;0;0
5/1056.png;4;1;0;0
5/1057.png;4;1;0;0
5/1058.png;4;1;0;0
5/1059.png;4;1;0;0
5/1060.png;4;1;0;0
5/1061.png;4;1;0;0
5/1062.png;4;1;0;0
5/1063.png;4;1;0;0
5/1064.png;4;1;0;0
5/1065.png;4;1;0;0
5/1066.png;4;1;0;0
5/1067.png;4;1;0;0
5/1068.png;4;1;0;0
5/1069.png;4;1;0;0
5/1070.png;4;1;0;0
5/1071.png;4;1;0;0
5/1072.png;4;1;0;0
5/1073.png;4;1;0;0
5/1074.png;4;1;0;0
5/1075.png;4;1;0;0
5/1076.png;4;1;0;0
5/1077.png;4;1;0;0
5/1078.png;4;1;0;0
5/1079.png;4;1;0;0
5/1080.png;4;1;0;0
5/1081.png;4;1;0;0
5/1082.png;4;1;0;0
5/1083.png;4;1;0;0
5/1084.png;4;1;0;0
5/1085.png;4;1;0;0
5/1086.png;4;1;0;0
5/1087.png;4;1;0;0
5/1088.png;4;1;0;0
5/1089.png;4;1;0;0
5/1090.png;4;1;0;0
5/1091.png;4;1;0;0
5/1092.png;4;1;0;0
5/1093.png;4;1;0;0
5/1094.png;4;1;0;0
5/1095.png;4;1;0;0
5/1096.png;4;1;0;0
5/1097.png;4;1;0;0
5/1098.png;4;1;0;0
5/1099.png;4;1;0;0
5/1100.png;4;1;0;0
5/1101.png;4;1;0;0
5/1102.png;4;1;0;0
5/1103.png;4;1;0;0
5/1104.png;4;1;0;0
5/1105.png;4;1;0;0
5/1106.png;4;1;0;0
5/1107.png;4;1;0;0
5/1108.png;4;1;0;0
5/1109.png;4;1;0;0
5/1110.png;4;1;0;0
5/1111.png;4;1;0;0
5/1112.png;4;1;0;0
5/1113.png;4;1;0;0
5/1114.png;4;1;0;0
5/1115.png;4;1;0;0
5/1116.png;4;1;0;0
5/1117.png;4;1;0;0
5/1118.png;4;1;0;0
5/1119.png;4;1;0;0
5/1120.png;4;1;0;0
5/1121.png;4;1;0;0
5/1122.png;4;1;0;0
5/1123.png;4;1;0;0
5/1124.png;4;1;0;0
5/1125.png;4;1;0;0
5/1126.png;4;1;0;0
5/1127.png;4;1;0;0
5/1128.png;4;1;0;0
5/1129.png;4;1;0;0
5/1130.png;4;1;0;0
5/1131.png;4;1;0;0
5/1132.png;4;1;0;0
5/1133.png;4;1;0;0
5/1134.png;4;1;0;0
5/1135.png;4;1;0;0
5/1136.png;4;1;0;0
5/1137.png;4;1;0;0
5/1138.png;4;1;0;0
5/1139.png;4;1;0;0
5/1140.png;4;1;0;0
5/1141.png;4;1;0;0
5/1142.png;4;1;0;0
5/1143.png;4;1;0;0
5/1144.png;4;1;0;0
5/1145.png;4;1;0;0
5/1146.png;4;1;0;0
5/1147.png;4;1;0;0
5/1148.png;4;1;0;0
5/1149.png;4;1;0;0
5/1150.png;4;1;0;0
5/1151.png;4;1;0;0
5/1152.png;4;1;0;0
5/1153.png;4;1;0;0
5/1154.png;4;1;0;0
5/1155.png;4;1;0;0
5/1156.png;4;1;0;0
5/1157.png;4;1;0;0
5/1158.png;4;1;0;0
5/1159.png;4;1;0;0
5/1160.png;4;1;0;0
5/1161.png;4;1;0;0
5/1162.png;4;1;0;0
5/1163.png;4;1;0;0
5/1164.png;4;1;0;0
5/1165.png;4;1;0;0
5/1166.png;4;1;0;0
5/1167.png;4;1;0;0
5/1168.png;4;1;0;0
5/1169.png;4;1;0;0
5/1170.png;4;1;0;0
5/1171.png;4;1;0;0
5/1172.png;4;1;0;0
5/1173.png;4;1;0;0
5/1174.png;4;1;0;0
5/1175.png;4;1;0;0
5/1176.png;4;1;0;0
5/1177.png;4;1;0;0
5/1178.png;4;1;0;0
5/1179.png;4;1;0;0
5/1180.png;4;1;0;0
5/1181.png;4;1;0;0
5/1182.png;4;1;0;0
5/1183.png;4;1;0;0
5/1184.png;4;1;0;0
5/1185.png;4;1;0;0
5/1186.png;4;1;0;0
5/1187.png;4;1;0;0
5/1188.png;4;1;0;0
5/1189.png;4;1;0;0
5/1190.png;4;1;0;0
5/1191.png;4;1;0;0
5/1192.png;4;1;0;0
5/1193.png;4;1;0;0
5/1194.png;4;1;0;0
5/1195.png;4;1;0;0
5/1196.png;4;1;0;0
5/1197.png;4;1;0;0
5/1198.png;4;1;0;0
5/1199.png;4;1;0;0
5/1200.png;4;1;0;0
5/1201.png;4;1;0;0
5/1202.png;4;1;0;0
5/1203.png;4;1;0;0
5/1204.png;4;1;0;0
5/1205.png;4;1;0;0
5/1206.png;4;1;0;0
5/1207.png;4;1;0;0
5/1208.png;4;1;0;0
5/1209.png;4;1;0;0
5/1210.png;4;1;0;0
5/1211.png;4;1;0;0
5/1212.png;4;1;0;0
5/1213.png;4;1;0;0
5/1214.png;4;1;0;0
5/1215.png;4;1;0;0
5/1216.png;4;1;0;0
5/1217.png;4;1;0;0
5/1218.png;4;1;0;0
5/1219.png;4;1;0;0
5/1220.png;4;1;0;0
5/1221.png;4;1;0;0
5/1222.png;4;1;0;0
5/1223.png;4;1;0;0
5/1224.png;4;1;0;0
5/1225.png;4;1;0;0
5/1226.png;4;1;0;0
5/1227.png;4;1;0;0
5/1228.png;4;1;0;0
5/1229.png;4;1;0;0
5/1230.png;4;1;0;0
5/1231.png;4;1;0;0
5/1232.png;4;1;0;0
5/1233.png;4;1;0;0
5/1234.png;4;1;0;0
5/1235.png;4;1;0;0
5/1236.png;4;1;0;0
5/1237.png;4;1;0;0
5/1238.png;4;1;0;0
5/1239.png;4;1;0;0
5/1240.png;4;1;0;0
5/1241.png;4;1;0;0
5/1242.png;4;1;0;0
5/1243.png;4;1;0;0
5/1244.png;4;1;0;0
5/1245.png;4;1;0;0
5/1246.png;4;1;0;0
5/1247.png;4;1;0;0
5/1248.png;4;1;0;0
5/1249.png;4;1;0;0
5/1250.png;4;1;0;0
5/1251.png;4;1;0;0
5/1252.png;4;1;0;0
5/1253.png;4;1;0;0
5/1254.png;4;1;0;0
5/1255.png;4;1;0;0
5/1256.png;4;1;0;0
5/1257.png;4;1;0;0
5/1258.png;4;1;0;0
5/1259.png;4;1;0;0
5/1260.png;4;1;0;0
5/1261.png;4;1;0;0
5/1262.png;4;1;0;0
5/1263.png;4;1;0;0
5/1264.png;4;1;0;0
5/1265.png;4;1;0;0
5/1266.png;4;1;0;0
5/1267.png;4;1;0;0
5/1268.png;4;1;0;0
5/1269.png;4;1;0;0
5/1270.png;4;1;0;0
5/1271.png;4;1;0;0
5/1272.png;4;1;0;0
5/1273.png;4;1;0;0
5/1274.png;4;1;0;0
5/1275.png;4;1;0;0
5/1276.png;4;1;0;0
5/1277.png;4;1;0;0
5/1278.png;4;1;0;0
5/1279.png;4;1;0;0
5/1280.png;4;1;0;0
5/1281.png;4;1;0;0
5/1282.png;4;1;0;0
5/1283.png;4;1;0;0
5/1284.png;4;1;0;0
5/1285.png;4;1;0;0
5/1286.png;4;1;0;0
5/1287.png;4;1;0;0
5/1288.png;4;1;0;0
5/1289.png;4;1;0;0
5/1290.png;4;1;0;0
5/1291.png;4;1;0;0
5/1292.png;4;1;0;0
5/1293.png;4;1;0;0
5/1294.png;4;1;0;0
5/1295.png;4;1;0;0
5/1296.png;4;1;0;0
5/1297.png;4;1;0;0
5/1298.png;4;1;0;0
5/1299.png;4;1;0;0
5/1300.png;4;1;0;0
5/1301.png;4;1;0;0
5/1302.png;4;1;0;0
5/1303.png;4;1;0;0
5/1304.png;4;1;0;0
5/1305.png;4;1;0;0
5/1306.png;4;1;0;0
5/1307.png;4;1;0;0
5/1308.png;4;1;0;0
5/1309.png;4;1;0;0
5/1310.png;4;1;0;0
5/1311.png;4;1;0;0
5/1312.png;4;1;0;0
5/1313.png;4;1;0;0
5/1314.png;4;1;0;0
5/1315.png;4;1;0;0
5/1316.png;4;1;0;0
5/1317.png;4;1;0;0
5/1318.png;4;1;0;0
5/1319.png;4;1;0;0
5/1320.png;4;1;0;0
5/1321.png;4;1;0;0
5/1322.png;4;1;0;0
5/1323.png;4;1;0;0
5/1324.png;4;1;0;0
5/1325.png;4;1;0;0
5/1326.png;4;1;0;0
5/1327.png;4;1;0;0
5/1328.png;4;1;0;0
5/1329.png;4;1;0;0
5/1330.png;4;1;0;0
5/1331.png;4;1;0;0
5/1332.png;4;1;0;0
5/1333.png;4;1;0;0
5/1334.png;4;1;0;0
5/1335.png;4;1;0;0
5/1336.png;4;1;0;0
5/1337.png;4;1;0;0
5/1338.png;4;1;0;0
5/1339.png;4;1;0;0
5/1340.png;4;1;0;0
5/1341.png;4;1;0;0
5/1342.png;4;1;0;0
5/1343.png;4;1;0;0
5/1344.png;4;1;0;0
5/1345.png;4;1;0;0
5/1346.png;4;1;0;0
5/1347.png;4;1;0;0
5/1348.png;4;1;0;0
5/1349.png;4;1;0;0
5/1350.png;4;1;0;0
5/1351.png;4;1;0;0
5/1352.png;4;1;0;0
5/1353.png;4;1;0;0
5/1354.png;4;1;0;0
5/1355.png;4;1;0;0
5/1356.png;4;1;0;0
5/1357.png;4;1;0;0
5/1358.png;4;1;0;0
5/1359.png;4;1;0;0
5/1360.png;4;1;0;0
5/1361.png;4;1;0;0
5/1362.png;4;1;0;0
5/1363.png;4;1;0;0
5/1364.png;4;1;0;0
5/1365.png;4;1;0;0
5/1366.png;4;1;0;0
5/1367.png;4;1;0;0
5/1368.png;4;1;0;0
5/1369.png;4;1;0;0
5/1370.png;4;1;0;0
5/1371.png;4;1;0;0
5/1372.png;4;1;0;0
5/1373.png;4;1;0;0
5/1374.png;4;1;0;0
5/1375.png;4;1;0;0
5/1376.png;4;1;0;0
5/1377.png;4;1;0;0
5/1378.png;4;1;0;0
5/1379.png;4;1;0;0
5/1380.png;4;1;0;0
5/1381.png;4;1;0;0
5/1382.png;4;1;0;0
5/1383.png;4;1;0;0
5/1384.png;4;1;0;0
5/1385.png;4;1;0;0
5/1386.png;4;1;0;0
5/1387.png;4;1;0;0
5/1388.png;4;1;0;0
5/1389.png;4;1;0;0
5/1390.png;4;1;0;0
5/1391.png;4;1;0;0
5/1392.png;4;1;0;0
5/1393.png;4;1;0;0
5/1394.png;4;1;0;0
5/1395.png;4;1;0;0
5/1396.png;4;1;0;0
5/1397.png;4;1;0;0
5/1398.png;4;1;0;0
5/1399.png;4;1;0;0
5/1400.png;4;1;0;0
5/1401.png;4;1;0;0
5/1402.png;4;1;0;0
5/1403.png;4;1;0;0
5/1404.png;4;1;0;0
5/1405.png;4;1;0;0
5/1406.png;4;1;0;0
5/1407.png;4;1;0;0
5/1408.png;4;1;0;0
5/1409.png;4;1;0;0
5/1410.png;4;1;0;0
5/1411.png;4;1;0;0
5/1412.png;4;1;0;0
5/1413.png;4;1;0;0
5/1414.png;4;1;0;0
5/1415.png;4;1;0;0
5/1416.png;4;1;0;0
5/1417.png;4;1;0;0
5/1418.png;4;1;0;0
5/1419.png;4;1;0;0
5/1420.png;4;1;0;0
5/1421.png;4;1;0;0
5/1422.png;4;1;0;0
5/1423.png;4;1;0;0
5/1424.png;4;1;0;0
5/1425.png;4;1;0;0
5/1426.png;4;1;0;0
5/1427.png;4;1;0;0
5/1428.png;4;1;0;0
5/1429.png;4;1;0;0
5/1430.png;4;1;0;0
5/1431.png;4;1;0;0
5/1432.png;4;1;0;0
5/1433.png;4;1;0;0
5/1434.png;4;1;0;0
5/1435.png;4;1;0;0
5/1436.png;4;1;0;0
5/1437.png;4;1;0;0
5/1438.png;4;1;0;0
5/1439.png;4;1;0;0
5/1440.png;4;1;0;0
5/1441.png;4;1;0;0
5/1442.png;4;1;0;0
5/1443.png;4;1;0;0
5/1444.png;4;1;0;0
5/1445.png;4;1;0;0
5/1446.png;4;1;0;0
5/1447.png;4;1;0;0
5/1448.png;4;1;0;0
5/1449.png;4;1;0;0
5/1450.png;4;1;0;0
5/1451.png;4;1;0;0
5/1452.png;4;1;0;0
5/1453.png;4;1;0;0
5/1454.png;4;1;0;0
5/1455.png;4;1;0;0
5/1456.png;4;1;0;0
5/1457.png;4;1;0;0
5/1458.png;4;1;0;0
5/1459.png;4;1;0;0
5/1460.png;4;1;0;0
5/1461.png;4;1;0;0
5/1462.png;4;1;0;0
5/1463.png;4;1;0;0
5/1464.png;4;1;0;0
5/1465.png;4;1;0;0
5/1466.png;4;1;0;0
5/1467.png;4;1;0;0
5/1468.png;4;1;0;0
5/1469.png;4;1;0;0
5/1470.png;4;1;0;0
5/1471.png;4;1;0;0
5/1472.png;4;1;0;0
5/1473.png;4;1;0;0
5/1474.png;4;1;0;0
5/1475.png;4;1;0;0
5/1476.png;4;1;0;0
5/1477.png;4;1;0;0
5/1478.png;4;1;0;0
5/1479.png;4;1;0;0
5/1480.png;4;1;0;0
5/1481.png;4;1;0;0
5/1482.png;4;1;0;0
5/1483.png;4;1;0;0
5/1484.png;4;1;0;0
5/1485.png;4;1;0;0
5/1486.png;4;1;0;0
5/1487.png;4;1;0;0
5/1488.png;4;1;0;0
5/1489.png;4;1;0;0
5/1490.png;4;1;0;0
5/1491.png;4;1;0;0
5/1492.png;4;1;0;0
5/1493.png;4;1;0;0
5/1494.png;4;1;0;0
5/1495.png;4;1;0;0
5/1496.png;4;1;0;0
5/1497.png;4;1;0;0
5/1498.png;4;1;0;0
5/1499.png;4;1;0;0
5/1500.png;4;1;0;0
5/1501.png;4;1;0;0
5/1502.png;4;1;0;0
5/1503.png;4;1;0;0
5/1504.png;4;1;0;0
5/1505.png;4;1;0;0
5/1506.png;4;1;0;0
5/1507.png;4;1;0;0
5/1508.png;4;1;0;0
5/1509.png;4;1;0;0
5/1510.png;4;1;0;0
5/1511.png;4;1;0;0
5/1512.png;4;1;0;0
5/1513.png;4;1;0;0
5/1514.png;4;1;0;0
5/1515.png;4;1;0;0
5/1516.png;4;1;0;0
5/1517.png;4;1;0;0
5/1518.png;4;1;0;0
5/1519.png;4;1;0;0
5/1520.png;4;1;0;0
5/1521.png;4;1;0;0
5/1522.png;4;1;0;0
5/1523.png;4;1;0;0
5/1524.png;4;1;0;0
5/1525.png;4;1;0;0
5/1526.png;4;1;0;0
5/1527.png;4;1;0;0
5/1528.png;4;1;0;0
5/1529.png;4;1;0;0
5/1530.png;4;1;0;0
5/1531.png;4;1;0;0
5/1532.png;4;1;0;0
5/1533.png;4;1;0;0
5/1534.png;4;1;0;0
5/1535.png;4;1;0;0
5/1536.png;4;1;0;0
5/1537.png;4;1;0;0
5/1538.png;4;1;0;0
5/1539.png;4;1;0;0
5/1540.png;4;1;0;0
5/1541.png;4;1;0;0
5/1542.png;4;1;0;0
5/1543.png;4;1;0;0
5/1544.png;4;1;0;0
5/1545.png;4;1;0;0
5/1546.png;4;1;0;0
5/1547.png;4;1;0;0
5/1548.png;4;1;0;0
5/1549.png;4;1;0;0
5/1550.png;4;1;0;0
5/1551.png;4;1;0;0
5/1552.png;4;1;0;0
5/1553.png;4;1;0;0
5/1554.png;4;1;0;0
5/1555.png;4;1;0;0
5/1556.png;4;1;0;0
5/1557.png;4;1;0;0
5/1558.png;4;1;0;0
5/1559.png;4;1;0;0
5/1560.png;4;1;0;0
5/1561.png;4;1;0;0
5/1562.png;4;1;0;0
5/1563.png;4;1;0;0
5/1564.png;4;1;0;0
5/1565.png;4;1;0;0
5/1566.png;4;1;0;0
5/1567.png;4;1;0;0
5/1568.png;4;1;0;0
5/1569.png;4;1;0;0
5/1570.png;4;1;0;0
5/1571.png;4;1;0;0
5/1572.png;4;1;0;0
5/1573.png;4;1;0;0
5/1574.png;4;1;0;0
5/1575.png;4;1;0;0
5/1576.png;4;1;0;0
5/1577.png;4;1;0;0
5/1578.png;4;1;0;0
5/1579.png;4;1;0;0
5/1580.png;4;1;0;0
5/1581.png;4;1;0;0
5/1582.png;4;1;0;0
5/1583.png;4;1;0;0
5/1584.png;4;1;0;0
5/1585.png;4;1;0;0
5/1586.png;4;1;0;0
5/1587.png;4;1;0;0
5/1588.png;4;1;0;0
5/1589.png;4;1;0;0
5/1590.png;4;1;0;0
5/1591.png;4;1;0;0
5/1592.png;4;1;0;0
5/1593.png;4;1;0;0
5/1594.png;4;1;0;0
5/1595.png;4;1;0;0
5/1596.png;4;1;0;0
5/1597.png;4;1;0;0
5/1598.png;4;1;0;0
5/1599.png;4;1;0;0
5/1600.png;4;1;0;0
5/1601.png;4;1;0;0
5/1602.png;4;1;0;0
5/1603.png;4;1;0;0
5/1604.png;4;1;0;0
5/1605.png;4;1;0;0
5/1606.png;4;1;0;0
5/1607.png;4;1;0;0
5/1608.png;4;1;0;0
5/1609.png;4;1;0;0
5/1610.png;4;1;0;0
5/1611.png;4;1;0;0
5/1612.png;4;1;0;0
5/1613.png;4;1;0;0
5/1614.png;4;1;0;0
5/1615.png;4;1;0;0
5/1616.png;4;1;0;0
5/1617.png;4;1;0;0
5/1618.png;4;1;0;0
5/1619.png;4;1;0;0
5/1620.png;4;1;0;0
5/1621.png;4;1;0;0
5/1622.png;4;1;0;0
5/1623.png;4;1;0;0
5/1624.png;4;1;0;0
5/1625.png;4;1;0;0
5/1626.png;4;1;0;0
5/1627.png;4;1;0;0
5/1628.png;4;1;0;0
5/1629.png;4;1;0;0
5/1630.png;4;1;0;0
5/1631.png;4;1;0;0
5/1632.png;4;1;0;0
5/1633.png;4;1;0;0
5/1634.png;4;1;0;0
5/1635.png;4;1;0;0
5/1636.png;4;1;0;0
5/1637.png;4;1;0;0
5/1638.png;4;1;0;0
5/1639.png;4;1;0;0
5/1640.png;4;1;0;0
5/1641.png;4;1;0;0
5/1642.png;4;1;0;0
5/1643.png;4;1;0;0
5/1644.png;4;1;0;0
5/1645.png;4;1;0;0
5/1646.png;4;1;0;0
5/1647.png;4;1;0;0
5/1648.png;4;1;0;0
5/1649.png;4;1;0;0
5/1650.png;4;1;0;0
5/1651.png;4;1;0;0
5/1652.png;4;1;0;0
5/1653.png;4;1;0;0
5/1654.png;4;1;0;0
5/1655.png;4;1;0;0
5/1656.png;4;1;0;0
5/1657.png;4;1;0;0
5/1658.png;4;1;0;0
5/1659.png;4;1;0;0
5/1660.png;4;1;0;0
5/1661.png;4;1;0;0
5/1662.png;4;1;0;0
5/1663.png;4;1;0;0
5/1664.png;4;1;0;0
5/1665.png;4;1;0;0
5/1666.png;4;1;0;0
5/1667.png;4;1;0;0
5/1668.png;4;1;0;0
5/1669.png;4;1;0;0
5/1670.png;4;1;0;0
5/1671.png;4;1;0;0
5/1672.png;4;1;0;0
5/1673.png;4;1;0;0
5/1674.png;4;1;0;0
5/1675.png;4;1;0;0
5/1676.png;4;1;0;0
5/1677.png;4;1;0;0
5/1678.png;4;1;0;0
5/1679.png;4;1;0;0
5/1680.png;4;1;0;0
5/1681.png;4;1;0;0
5/1682.png;4;1;0;0
5/1683.png;4;1;0;0
5/1684.png;4;1;0;0
5/1685.png;4;1;0;0
5/1686.png;4;1;0;0
5/1687.png;4;1;0;0
5/1688.png;4;1;0;0
5/1689.png;4;1;0;0
5/1690.png;4;1;0;0
5/1691.png;4;1;0;0
5/1692.png;4;1;0;0
5/1693.png;4;1;0;0
5/1694.png;4;1;0;0
5/1695.png;4;1;0;0
5/1696.png;4;1;0;0
5/1697.png;4;1;0;0
5/1698.png;4;1;0;0
5/1699.png;4;1;0;0
5/1700.png;4;1;0;0
5/1701.png;4;1;0;0
5/1702.png;4;1;0;0
5/1703.png;4;1;0;0
5/1704.png;4;1;0;0
5/1705.png;4;1;0;0
5/1706.png;4;1;0;0
5/1707.png;4;1;0;0
5/1708.png;4;1;0;0
5/1709.png;4;1;0;0
5/1710.png;4;1;0;0
5/1711.png;4;1;0;0
5/1712.png;4;1;0;0
5/1713.png;4;1;0;0
5/1714.png;4;1;0;0
5/1715.png;4;1;0;0
5/1716.png;4;1;0;0
5/1717.png;4;1;0;0
5/1718.png;4;1;0;0
5/1719.png;4;1;0;0
5/1720.png;4;1;0;0
5/1721.png;4;1;0;0
5/1722.png;4;1;0;0
5/1723.png;4;1;0;0
5/1724.png;4;1;0;0
5/1725.png;4;1;0;0
5/1726.png;4;1;0;0
5/1727.png;4;1;0;0
5/1728.png;4;1;0;0
5/1729.png;4;1;0;0
5/1730.png;4;1;0;0
5/1731.png;4;1;0;0
5/1732.png;4;1;0;0
5/1733.png;4;1;0;0
5/1734.png;4;1;0;0
5/1735.png;4;1;0;0
5/1736.png;4;1;0;0
5/1737.png;4;1;0;0
5/1738.png;4;1;0;0
5/1739.png;4;1;0;0
5/1740.png;4;1;0;0
5/1741.png;4;1;0;0
5/1742.png;4;1;0;0
5/1743.png;4;1;0;0
5/1744.png;4;1;0;0
5/1745.png;4;1;0;0
5/1746.png;4;1;0;0
5/1747.png;4;1;0;0
5/1748.png;4;1;0;0
5/1749.png;4;1;0;0
5/1750.png;4;1;0;0
5/1751.png;4;1;0;0
5/1752.png;4;1;0;0
5/1753.png;4;1;0;0
5/1754.png;4;1;0;0
5/1755.png;4;1;0;0
5/1756.png;4;1;0;0
5/1757.png;4;1;0;0
5/1758.png;4;1;0;0
5/1759.png;4;1;0;0
5/1760.png;4;1;0;0
5/1761.png;4;1;0;0
5/1762.png;4;1;0;0
5/1763.png;4;1;0;0
5/1764.png;4;1;0;0
5/1765.png;4;1;0;0
5/1766.png;4;1;0;0
5/1767.png;4;1;0;0
5/1768.png;4;1;0;0
5/1769.png;4;1;0;0
5/1770.png;4;1;0;0
5/1771.png;4;1;0;0
5/1772.png;4;1;0;0
5/1773.png;4;1;0;0
5/1774.png;4;1;0;0
5/1775.png;4;1;0;0
5/1776.png;4;1;0;0
5/1777.png;4;1;0;0
5/1778.png;4;1;0;0
5/1779.png;4;1;0;0
5/1780.png;4;1;0;0
5/1781.png;4;1;0;0
5/1782.png;4;1;0;0
5/1783.png;4;1;0;0
5/1784.png;4;1;0;0
5/1785.png;4;1;0;0
5/1786.png;4;1;0;0
5/1787.png;4;1;0;0
5/1788.png;4;1;0;0
5/1789.png;4;1;0;0
5/1790.png;4;1;0;0
5/1791.png;4;1;0;0
5/1792.png;4;1;0;0
5/1793.png;4;1;0;0
5/1794.png;4;1;0;0
5/1795.png;4;1;0;0
5/1796.png;4;1;0;0
5/1797.png;4;1;0;0
5/1798.png;4;1;0;0
5/1799.png;4;1;0;0
5/1800.png;4;1;0;0
5/1801.png;4;1;0;0
5/1802.png;4;1;0;0
5/1803.png;4;1;0;0
5/1804.png;4;1;0;0
5/1805.png;4;1;0;0
5/1806.png;4;1;0;0
5/1807.png;4;1;0;0
5/1808.png;4;1;0;0
5/1809.png;4;1;0;0
5/1810.png;4;1;0;0
5/1811.png;4;1;0;0
5/1812.png;4;1;0;0
5/1813.png;4;1;0;0
5/1814.png;4;1;0;0
5/1815.png;4;1;0;0
5/1816.png;4;1;0;0
5/1817.png;4;1;0;0
5/1818.png;4;1;0;0
5/1819.png;4;1;0;0
5/1820.png;4;1;0;0
5/1821.png;4;1;0;0
5/1822.png;4;1;0;0
5/1823.png;4;1;0;0
5/1824.png;4;1;0;0
5/1825.png;4;1;0;0
5/1826.png;4;1;0;0
5/1827.png;4;1;0;0
5/1828.png;4;1;0;0
5/1829.png;4;1;0;0
5/1830.png;4;1;0;0
5/1831.png;4;1;0;0
5/1832.png;4;1;0;0
5/1833.png;4;1;0;0
5/1834.png;4;1;0;0
5/1835.png;4;1;0;0
5/1836.png;4;1;0;0
5/1837.png;4;1;0;0
5/1838.png;4;1;0;0
5/1839.png;4;1;0;0
5/1840.png;4;1;0;0
5/1841.png;4;1;0;0
5/1842.png;4;1;0;0
5/1843.png;4;1;0;0
5/1844.png;4;1;0;0
5/1845.png;4;1;0;0
5/1846.png;4;1;0;0
5/1847.png;4;1;0;0
5/1848.png;4;1;0;0
5/1849.png;4;1;0;0
5/1850.png;4;1;0;0
5/1851.png;4;1;0;0
5/1852.png;4;1;0;0
5/1853.png;4;1;0;0
5/1854.png;4;1;0;0
5/1855.png;4;1;0;0
5/1856.png;4;1;0;0
5/1857.png;4;1;0;0
5/1858.png;4;1;0;0
5/1859.png;4;1;0;0
5/1860.png;4;1;0;0
5/1861.png;4;1;0;0
5/1862.png;4;1;0;0
5/1863.png;4;1;0;0
5/1864.png;4;1;0;0
5/1865.png;4;1;0;0
5/1866.png;4;1;0;0
5/1867.png;4;1;0;0
5/1868.png;4;1;0;0
5/1869.png;4;1;0;0
5/1870.png;4;1;0;0
5/1871.png;4;1;0;0
5/1872.png;4;1;0;0
5/1873.png;4;1;0;0
5/1874.png;4;1;0;0
5/1875.png;4;1;0;0
5/1876.png;4;1;0;0
5/1877.png;4;1;0;0
5/1878.png;4;1;0;0
5/1879.png;4;1;0;0
5/1880.png;4;1;0;0
5/1881.png;4;1;0;0
5/1882.png;4;1;0;0
5/1883.png;4;1;0;0
5/1884.png;4;1;0;0
5/1885.png;4;1;0;0
5/1886.png;4;1;0;0
5/1887.png;4;1;0;0
5/1888.png;4;1;0;0
5/1889.png;4;1;0;0
5/1890.png;4;1;0;0
5/1891.png;4;1;0;0
5/1892.png;4;1;0;0
5/1893.png;4;1;0;0
5/1894.png;4;1;0;0
5/1895.png;4;1;0;0
5/1896.png;4;1;0;0
5/1897.png;4;1;0;0
5/1898.png;4;1;0;0
5/1899.png;4;1;0;0
5/1900.png;4;1;0;0
5/1901.png;4;1;0;0
5/1902.png;4;1;0;0
5/1903.png;4;1;0;0
5/1904.png;4;1;0;0
5/1905.png;4;1;0;0
5/1906.png;4;1;0;0
5/1907.png;4;1;0;0
5/1908.png;4;1;0;0
5/1909.png;4;1;0;0
5/1910.png;4;1;0;0
5/1911.png;4;1;0;0
5/1912.png;4;1;0;0
5/1913.png;4;1;0;0
5/1914.png;4;1;0;0
5/1915.png;4;1;0;0
5/1916.png;4;1;0;0
5/1917.png;4;1;0;0
5/1918.png;4;1;0;0
5/1919.png;4;1;0;0
5/1920.png;4;1;0;0
5/1921.png;4;1;0;0
5/1922.png;4;1;0;0
5/1923.png;4;1;0;0
5/1924.png;4;1;0;0
5/1925.png;4;1;0;0
5/1926.png;4;1;0;0
5/1927.png;4;1;0;0
5/1928.png;4;1;0;0
5/1929.png;4;1;0;0
5/1930.png;4;1;0;0
5/1931.png;4;1;0;0
5/1932.png;4;1;0;0
5/1933.png;4;1;0;0
5/1934.png;4;1;0;0
5/1935.png;4;1;0;0
5/1936.png;4;1;0;0
5/1937.png;4;1;0;0
5/1938.png;4;1;0;0
5/1939.png;4;1;0;0
5/1940.png;4;1;0;0
5/1941.png;4;1;0;0
5/1942.png;4;1;0;0
5/1943.png;4;1;0;0
5/1944.png;4;1;0;0
5/1945.png;4;1;0;0
5/1946.png;4;1;0;0
5/1947.png;4;1;0;0
5/1948.png;4;1;0;0
5/1949.png;4;1;0;0
5/1950.png;4;1;0;0
5/1951.png;4;1;0;0
5/1952.png;4;1;0;0
5/1953.png;4;1;0;0
5/1954.png;4;1;0;0
5/1955.png;4;1;0;0
5/1956.png;4;1;0;0
5/1957.png;4;1;0;0
5/1958.png;4;1;0;0
5/1959.png;4;1;0;0
5/1960.png;4;1;0;0
5/1961.png;4;1;0;0
5/1962.png;4;1;0;0
5/1963.png;4;1;0;0
5/1964.png;4;1;0;0
5/1965.png;4;1;0;0
5/1966.png;4;1;0;0
5/1967.png;4;1;0;0
5/1968.png;4;1;0;0
5/1969.png;4;1;0;0
5/1970.png;4;1;0;0
5/1971.png;4;1;0;0
5/1972.png;4;1;0;0
5/1973.png;4;1;0;0
5/1974.png;4;1;0;0
5/1975.png;4;1;0;0
5/1976.png;4;1;0;0
5/1977.png;4;1;0;0
5/1978.png;4;1;0;0
5/1979.png;4;1;0;0
5/1980.png;4;1;0;0
5/1981.png;4;1;0;0
5/1982.png;4;1;0;0
5/1983.png;4;1;0;0
5/1984.png;4;1;0;0
5/1985.png;4;1;0;0
5/1986.png;4;1;0;0
5/1987.png;4;1;0;0
5/1988.png;4;1;0;0
5/1989.png;4;1;0;0
5/1990.png;4;1;0;0
5/1991.png;4;1;0;0
5/1992.png;4;1;0;0
5/1993.png;4;1;0;0
5/1994.png;4;1;0;0
5/1995.png;4;1;0;0
5/1996.png;4;1;0;0
5/1997.png;4;1;0;0
5/1998.png;4;1;0;0
5/1999.png;4;1;0;0
5/2000.png;4;1;0;0
5/2001.png;4;1;0;0
5/2002.png;4;1;0;0
5/2003.png;4;1;0;0
5/2004.png;4;1;0;0
5/2005.png;4;1;0;0
5/2006.png;4;1;0;0
5/2007.png;4;1;0;0
5/2008.png;4;1;0;0
5/2009.png;4;1;0;0
5/2010.png;4;1;0;0
5/2011.png;4;1;0;0
5/2012.png;4;1;0;0
5/2013.png;4;1;0;0
5/2014.png;4;1;0;0
5/2015.png;4;1;0;0
5/2016.png;4;1;0;0
5/2017.png;4;1;0;0
5/2018.png;4;1;0;0
5/2019.png;4;1;0;0
5/2020.png;4;1;0;0
5/2021.png;4;1;0;0
5/2022.png;4;1;0;0
5/2023.png;4;1;0;0
5/2024.png;4;1;0;0
5/2025.png;4;1;0;0
5/2026.png;4;1;0;0
5/2027.png;4;1;0;0
5/2028.png;4;1;0;0
5/2029.png;4;1;0;0
5/2030.png;4;1;0;0
5/2031.png;4;1;0;0
5/2032.png;4;1;0;0
5/2033.png;4;1;0;0
5/2034.png;4;1;0;0
5/2035.png;4;1;0;0
5/2036.png;4;1;0;0
5/2037.png;4;1;0;0
5/2038.png;4;1;0;0
5/2039.png;4;1;0;0
5/2040.png;4;1;0;0
5/2041.png;4;1;0;0
5/2042.png;4;1;0;0
5/2043.png;4;1;0;0
5/2044.png;4;1;0;0
5/2045.png;4;1;0;0
5/2046.png;4;1;0;0
5/2047.png;4;1;0;0
5/2048.png;4;1;0;0
5/2049.png;4;1;0;0
5/2050.png;4;1;0;0
5/2051.png;4;1;0;0
5/2052.png;4;1;0;0
5/2053.png;4;1;0;0
5/2054.png;4;1;0;0
5/2055.png;4;1;0;0
5/2056.png;4;1;0;0
5/2057.png;4;1;0;0
5/2058.png;4;1;0;0
5/2059.png;4;1;0;0
5/2060.png;4;1;0;0
5/2061.png;4;1;0;0
5/2062.png;4;1;0;0
5/2063.png;4;1;0;0
5/2064.png;4;1;0;0
5/2065.png;4;1;0;0
5/2066.png;4;1;0;0
5/2067.png;4;1;0;0
5/2068.png;4;1;0;0
5/2069.png;4;1;0;0
5/2070.png;4;1;0;0
5/2071.png;4;1;0;0
5/2072.png;4;1;0;0
5/2073.png;4;1;0;0
5/2074.png;4;1;0;0
5/2075.png;4;1;0;0
5/2076.png;4;1;0;0
5/2077.png;4;1;0;0
5/2078.png;4;1;0;0
5/2079.png;4;1;0;0
5/2080.png;4;1;0;0
5/2081.png;4;1;0;0
5/2082.png;4;1;0;0
5/2083.png;4;1;0;0
5/2084.png;4;1;0;0
5/2085.png;4;1;0;0
5/2086.png;4;1;0;0
5/2087.png;4;1;0;0
5/2088.png;4;1;0;0
5/2089.png;4;1;0;0
5/2090.png;4;1;0;0
5/2091.png;4;1;0;0
5/2092.png;4;1;0;0
5/2093.png;4;1;0;0
5/2094.png;4;1;0;0
5/2095.png;4;1;0;0
5/2096.png;4;1;0;0
5/2097.png;4;1;0;0
5/2098.png;4;1;0;0
5/2099.png;4;1;0;0
5/2100.png;4;1;0;0
5/2101.png;4;1;0;0
5/2102.png;4;1;0;0
5/2103.png;4;1;0;0
5/2104.png;4;1;0;0
5/2105.png;4;1;0;0
5/2106.png;4;1;0;0
5/2107.png;4;1;0;0
5/2108.png;4;1;0;0
5/2109.png;4;1;0;0
5/2110.png;4;1;0;0
5/2111.png;4;1;0;0
5/2112.png;4;1;0;0
5/2113.png;4;1;0;0
5/2114.png;4;1;0;0
5/2115.png;4;1;0;0
5/2116.png;4;1;0;0
5/2117.png;4;1;0;0
5/2118.png;4;1;0;0
5/2119.png;4;1;0;0
5/2120.png;4;1;0;0
5/2121.png;4;1;0;0
5/2122.png;4;1;0;0
5/2123.png;4;1;0;0
5/2124.png;4;1;0;0
5/2125.png;4;1;0;0
5/2126.png;4;1;0;0
5/2127.png;4;1;0;0
5/2128.png;4;1;0;0
5/2129.png;4;1;0;0
5/2130.png;4;1;0;0
5/2131.png;4;1;0;0
5/2132.png;4;1;0;0
5/2133.png;4;1;0;0
5/2134.png;4;1;0;0
5/2135.png;4;1;0;0
5/2136.png;4;1;0;0
5/2137.png;4;1;0;0
5/2138.png;4;1;0;0
5/2139.png;4;1;0;0
5/2140.png;4;1;0;0
5/2141.png;4;1;0;0
5/2142.png;4;1;0;0
5/2143.png;4;1;0;0
5/2144.png;4;1;0;0
5/2145.png;4;1;0;0
5/2146.png;4;1;0;0
5/2147.png;4;1;0;0
5/2148.png;4;1;0;0
5/2149.png;4;1;0;0
5/2150.png;4;1;0;0
5/2151.png;4;1;0;0
5/2152.png;4;1;0;0
5/2153.png;4;1;0;0
5/2154.png;4;1;0;0
5/2155.png;4;1;0;0
5/2156.png;4;1;0;0
5/2157.png;4;1;0;0
5/2158.png;4;1;0;0
5/2159.png;4;1;0;0
5/2160.png;4;1;0;0
5/2161.png;4;1;0;0
5/2162.png;4;1;0;0
5/2163.png;4;1;0;0
5/2164.png;4;1;0;0
5/2165.png;4;1;0;0
5/2166.png;4;1;0;0
5/2167.png;4;1;0;0
5/2168.png;4;1;0;0
5/2169.png;4;1;0;0
5/2170.png;4;1;0;0
5/2171.png;4;1;0;0
5/2172.png;4;1;0;0
5/2173.png;4;1;0;0
5/2174.png;4;1;0;0
5/2175.png;4;1;0;0
5/2176.png;4;1;0;0
5/2177.png;4;1;0;0
5/2178.png;4;1;0;0
5/2179.png;4;1;0;0
5/2180.png;4;1;0;0
5/2181.png;4;1;0;0
5/2182.png;4;1;0;0
5/2183.png;4;1;0;0
5/2184.png;4;1;0;0
5/2185.png;4;1;0;0
5/2186.png;4;1;0;0
5/2187.png;4;1;0;0
5/2188.png;4;1;0;0
5/2189.png;4;1;0;0
5/2190.png;4;1;0;0
5/2191.png;4;1;0;0
5/2192.png;4;1;0;0
5/2193.png;4;1;0;0
5/2194.png;4;1;0;0
5/2195.png;4;1;0;0
5/2196.png;4;1;0;0
5/2197.png;4;1;0;0
5/2198.png;4;1;0;0
5/2199.png;4;1;0;0
5/2200.png;4;1;0;0
5/2201.png;4;1;0;0
5/2202.png;4;1;0;0
5/2203.png;4;1;0;0
5/2204.png;4;1;0;0
5/2205.png;4;1;0;0
5/2206.png;4;1;0;0
5/2207.png;4;1;0;0
5/2208.png;4;1;0;0
5/2209.png;4;1;0;0
5/2210.png;4;1;0;0
5/2211.png;4;1;0;0
5/2212.png;4;1;0;0
5/2213.png;4;1;0;0
5/2214.png;4;1;0;0
5/2215.png;4;1;0;0
5/2216.png;4;1;0;0
5/2217.png;4;1;0;0
5/2218.png;4;1;0;0
5/2219.png;4;1;0;0
5/2220.png;4;1;0;0
5/2221.png;4;1;0;0
5/2222.png;4;1;0;0
5/2223.png;4;1;0;0
5/2224.png;4;1;0;0
5/2225.png;4;1;0;0
5/2226.png;4;1;0;0
5/2227.png;4;1;0;0
5/2228.png;4;1;0;0
5/2229.png;4;1;0;0
5/2230.png;4;1;0;0
5/2231.png;4;1;0;0
5/2232.png;4;1;0;0
5/2233.png;4;1;0;0
5/2234.png;4;1;0;0
5/2235.png;4;1;0;0
5/2236.png;4;1;0;0
5/2237.png;4;1;0;0
5/2238.png;4;1;0;0
5/2239.png;4;1;0;0
5/2240.png;4;1;0;0
5/2241.png;4;1;0;0
5/2242.png;4;1;0;0
5/2243.png;4;1;0;0
5/2244.png;4;1;0;0
5/2245.png;4;1;0;0
5/2246.png;4;1;0;0
5/2247.png;4;1;0;0
5/2248.png;4;1;0;0
5/2249.png;4;1;0;0
5/2250.png;4;1;0;0
5/2251.png;4;1;0;0
5/2252.png;4;1;0;0
5/2253.png;4;1;0;0
5/2254.png;4;1;0;0
5/2255.png;4;1;0;0
5/2256.png;4;1;0;0
5/2257.png;4;1;0;0
5/2258.png;4;1;0;0
5/2259.png;4;1;0;0
5/2260.png;4;1;0;0
5/2261.png;4;1;0;0
5/2262.png;4;1;0;0
5/2263.png;4;1;0;0
5/2264.png;4;1;0;0
5/2265.png;4;1;0;0
5/2266.png;4;1;0;0
5/2267.png;4;1;0;0
5/2268.png;4;1;0;0
5/2269.png;4;1;0;0
5/2270.png;4;1;0;0
5/2271.png;4;1;0;0
5/2272.png;4;1;0;0
5/2273.png;4;1;0;0
5/2274.png;4;1;0;0
5/2275.png;4;1;0;0
5/2276.png;4;1;0;0
5/2277.png;4;1;0;0
5/2278.png;4;1;0;0
5/2279.png;4;1;0;0
5/2280.png;4;1;0;0
5/2281.png;4;1;0;0
5/2282.png;4;1;0;0
5/2283.png;4;1;0;0
5/2284.png;4;1;0;0
5/2285.png;4;1;0;0
5/2286.png;4;1;0;0
5/2287.png;4;1;0;0
5/2288.png;4;1;0;0
5/2289.png;4;1;0;0
5/2290.png;4;1;0;0
5/2291.png;4;1;0;0
5/2292.png;4;1;0;0
5/2293.png;4;1;0;0
5/2294.png;4;1;0;0
5/2295.png;4;1;0;0
5/2296.png;4;1;0;0
5/2297.png;4;1;0;0
5/2298.png;4;1;0;0
5/2299.png;4;1;0;0
5/2300.png;4;1;0;0
5/2301.png;4;1;0;0
5/2302.png;4;1;0;0
5/2303.png;4;1;0;0
5/2304.png;4;1;0;0
5/2305.png;4;1;0;0
5/2306.png;4;1;0;0
5/2307.png;4;1;0;0
5/2308.png;4;1;0;0
5/2309.png;4;1;0;0
5/2310.png;4;1;0;0
5/2311.png;4;1;0;0
5/2312.png;4;1;0;0
5/2313.png;4;1;0;0
5/2314.png;4;1;0;0
5/2315.png;4;1;0;0
5/2316.png;4;1;0;0
5/2317.png;4;1;0;0
5/2318.png;4;1;0;0
5/2319.png;4;1;0;0
5/2320.png;4;1;0;0
5/2321.png;4;1;0;0
5/2322.png;4;1;0;0
5/2323.png;4;1;0;0
5/2324.png;4;1;0;0
5/2325.png;4;1;0;0
5/2326.png;4;1;0;0
5/2327.png;4;1;0;0
5/2328.png;4;1;0;0
5/2329.png;4;1;0;0
5/2330.png;4;1;0;0
5/2331.png;4;1;0;0
5/2332.png;4;1;0;0
5/2333.png;4;1;0;0
5/2334.png;4;1;0;0
5/2335.png;4;1;0;0
5/2336.png;4;1;0;0
5/2337.png;4;1;0;0
5/2338.png;4;1;0;0
5/2339.png;4;1;0;0
5/2340.png;4;1;0;0
5/2341.png;4;1;0;0
5/2342.png;4;1;0;0
5/2343.png;4;1;0;0
5/2344.png;4;1;0;0
5/2345.png;4;1;0;0
5/2346.png;4;1;0;0
5/2347.png;4;1;0;0
5/2348.png;4;1;0;0
5/2349.png;4;1;0;0
5/2350.png;4;1;0;0
5/2351.png;4;1;0;0
5/2352.png;4;1;0;0
5/2353.png;4;1;0;0
5/2354.png;4;1;0;0
5/2355.png;4;1;0;0
5/2356.png;4;1;0;0
5/2357.png;4;1;0;0
5/2358.png;4;1;0;0
5/2359.png;4;1;0;0
5/2360.png;4;1;0;0
5/2361.png;4;1;0;0
5/2362.png;4;1;0;0
5/2363.png;4;1;0;0
5/2364.png;4;1;0;0
5/2365.png;4;1;0;0
5/2366.png;4;1;0;0
5/2367.png;4;1;0;0
5/2368.png;4;1;0;0
5/2369.png;4;1;0;0
5/2370.png;4;1;0;0
5/2371.png;4;1;0;0
5/2372.png;4;1;0;0
5/2373.png;4;1;0;0
5/2374.png;4;1;0;0
5/2375.png;4;1;0;0
5/2376.png;4;1;0;0
5/2377.png;4;1;0;0
5/2378.png;4;1;0;0
5/2379.png;4;1;0;0
5/2380.png;4;1;0;0
5/2381.png;4;1;0;0
5/2382.png;4;1;0;0
5/2383.png;4;1;0;0
5/2384.png;4;1;0;0
5/2385.png;4;1;0;0
5/2386.png;4;1;0;0
5/2387.png;4;1;0;0
5/2388.png;4;1;0;0
5/2389.png;4;1;0;0
5/2390.png;4;1;0;0
5/2391.png;4;1;0;0
5/2392.png;4;1;0;0
5/2393.png;4;1;0;0
5/2394.png;4;1;0;0
5/2395.png;4;1;0;0
5/2396.png;4;1;0;0
5/2397.png;4;1;0;0
5/2398.png;4;1;0;0
5/2399.png;4;1;0;0
5/2400.png;4;1;0;0
5/2401.png;4;1;0;0
5/2402.png;4;1;0;0
5/2403.png;4;1;0;0
5/2404.png;4;1;0;0
5/2405.png;4;1;0;0
5/2406.png;4;1;0;0
5/2407.png;4;1;0;0
5/2408.png;4;1;0;0
5/2409.png;4;1;0;0
5/2410.png;4;1;0;0
5/2411.png;4;1;0;0
5/2412.png;4;1;0;0
5/2413.png;4;1;0;0
5/2414.png;4;1;0;0
5/2415.png;4;1;0;0
5/2416.png;4;1;0;0
5/2417.png;4;1;0;0
5/2418.png;4;1;0;0
5/2419.png;4;1;0;0
5/2420.png;4;1;0;0
5/2421.png;4;1;0;0
5/2422.png;4;1;0;0
5/2423.png;4;1;0;0
5/2424.png;4;1;0;0
5/2425.png;4;1;0;0
5/2426.png;4;1;0;0
5/2427.png;4;1;0;0
5/2428.png;4;1;0;0
5/2429.png;4;1;0;0
5/2430.png;4;1;0;0
5/2431.png;4;1;0;0
5/2432.png;4;1;0;0
5/2433.png;4;1;0;0
5/2434.png;4;1;0;0
5/2435.png;4;1;0;0
5/2436.png;4;1;0;0
5/2437.png;4;1;0;0
5/2438.png;4;1;0;0
5/2439.png;4;1;0;0
5/2440.png;4;1;0;0
5/2441.png;4;1;0;0
5/2442.png;4;1;0;0
5/2443.png;4;1;0;0
5/2444.png;4;1;0;0
5/2445.png;4;1;0;0
5/2446.png;4;1;0;0
5/2447.png;4;1;0;0
5/2448.png;4;1;0;0
5/2449.png;4;1;0;0
5/2450.png;4;1;0;0
5/2451.png;4;1;0;0
5/2452.png;4;1;0;0
5/2453.png;4;1;0;0
5/2454.png;4;1;0;0
5/2455.png;4;1;0;0
5/2456.png;4;1;0;0
5/2457.png;4;1;0;0
5/2458.png;4;1;0;0
5/2459.png;4;1;0;0
5/2460.png;4;1;0;0
5/2461.png;4;1;0;0
5/2462.png;4;1;0;0
5/2463.png;4;1;0;0
5/2464.png;4;1;0;0
5/2465.png;4;1;0;0
5/2466.png;4;1;0;0
5/2467.png;4;1;0;0
5/2468.png;4;1;0;0
5/2469.png;4;1;0;0
5/2470.png;4;1;0;0
5/2471.png;4;1;0;0
5/2472.png;4;1;0;0
5/2473.png;4;1;0;0
5/2474.png;4;1;0;0
5/2475.png;4;1;0;0
5/2476.png;4;1;0;0
5/2477.png;4;1;0;0
5/2478.png;4;1;0;0
5/2479.png;4;1;0;0
5/2480.png;4;1;0;0
5/2481.png;4;1;0;0
5/2482.png;4;1;0;0
5/2483.png;4;1;0;0
5/2484.png;4;1;0;0
5/2485.png;4;1;0;0
5/2486.png;4;1;0;0
5/2487.png;4;1;0;0
5/2488.png;4;1;0;0
5/2489.png;4;1;0;0
5/2490.png;4;1;0;0
5/2491.png;4;1;0;0
5/2492.png;4;1;0;0
5/2493.png;4;1;0;0
5/2494.png;4;1;0;0
5/2495.png;4;1;0;0
5/2496.png;4;1;0;0
5/2497.png;4;1;0;0
5/2498.png;4;1;0;0
5/2499.png;4;1;0;0
5/2500.png;4;1;0;0
5/2501.png;4;1;0;0
5/2502.png;4;1;0;0
5/2503.png;4;1;0;0
5/2504.png;4;1;0;0
5/2505.png;4;1;0;0
5/2506.png;4;1;0;0
5/2507.png;4;1;0;0
5/2508.png;4;1;0;0
5/2509.png;4;1;0;0
5/2510.png;4;1;0;0
5/2511.png;4;1;0;0
5/2512.png;4;1;0;0
5/2513.png;4;1;0;0
5/2514.png;4;1;0;0
5/2515.png;4;1;0;0
5/2516.png;4;1;0;0
5/2517.png;4;1;0;0
5/2518.png;4;1;0;0
5/2519.png;4;1;0;0
5/2520.png;4;1;0;0
5/2521.png;4;1;0;0
5/2522.png;4;1;0;0
5/2523.png;4;1;0;0
5/2524.png;4;1;0;0
5/2525.png;4;1;0;0
5/2526.png;4;1;0;0
5/2527.png;4;1;0;0
5/2528.png;4;1;0;0
5/2529.png;4;1;0;0
5/2530.png;4;1;0;0
5/2531.png;4;1;0;0
5/2532.png;4;1;0;0
5/2533.png;4;1;0;0
5/2534.png;4;1;0;0
5/2535.png;4;1;0;0
5/2536.png;4;1;0;0
5/2537.png;4;1;0;0
5/2538.png;4;1;0;0
5/2539.png;4;1;0;0
5/2540.png;4;1;0;0
5/2541.png;4;1;0;0
5/2542.png;4;1;0;0
5/2543.png;4;1;0;0
5/2544.png;4;1;0;0
5/2545.png;4;1;0;0
5/2546.png;4;1;0;0
5/2547.png;4;1;0;0
5/2548.png;4;1;0;0
5/2549.png;4;1;0;0
5/2550.png;4;1;0;0
5/2551.png;4;1;0;0
5/2552.png;4;1;0;0
5/2553.png;4;1;0;0
5/2554.png;4;1;0;0
5/2555.png;4;1;0;0
5/2556.png;4;1;0;0
5/2557.png;4;1;0;0
5/2558.png;4;1;0;0
5/2559.png;4;1;0;0
5/2560.png;4;1;0;0
5/2561.png;4;1;0;0
5/2562.png;4;1;0;0
5/2563.png;4;1;0;0
5/2564.png;4;1;0;0
5/2565.png;4;1;0;0
5/2566.png;4;1;0;0
5/2567.png;4;1;0;0
5/2568.png;4;1;0;0
5/2569.png;4;1;0;0
5/2570.png;4;1;0;0
5/2571.png;4;1;0;0
5/2572.png;4;1;0;0
5/2573.png;4;1;0;0
5/2574.png;4;1;0;0
5/2575.png;4;1;0;0
5/2576.png;4;1;0;0
5/2577.png;4;1;0;0
5/2578.png;4;1;0;0
5/2579.png;4;1;0;0
5/2580.png;4;1;0;0
5/2581.png;4;1;0;0
5/2582.png;4;1;0;0
5/2583.png;4;1;0;0
5/2584.png;4;1;0;0
5/2585.png;4;1;0;0
5/2586.png;4;1;0;0
5/2587.png;4;1;0;0
5/2588.png;4;1;0;0
5/2589.png;4;1;0;0
5/2590.png;4;1;0;0
5/2591.png;4;1;0;0
5/2592.png;4;1;0;0
5/2593.png;4;1;0;0
5/2594.png;4;1;0;0
5/2595.png;4;1;0;0
5/2596.png;4;1;0;0
5/2597.png;4;1;0;0
5/2598.png;4;1;0;0
5/2599.png;4;1;0;0
5/2600.png;4;1;0;0
5/2601.png;4;1;0;0
5/2602.png;4;1;0;0
5/2603.png;4;1;0;0
5/2604.png;4;1;0;0
5/2605.png;4;1;0;0
5/2606.png;4;1;0;0
5/2607.png;4;1;0;0
5/2608.png;4;1;0;0
5/2609.png;4;1;0;0
5/2610.png;4;1;0;0
5/2611.png;4;1;0;0
5/2612.png;4;1;0;0
5/2613.png;4;1;0;0
5/2614.png;4;1;0;0
5/2615.png;4;1;0;0
5/2616.png;4;1;0;0
5/2617.png;4;1;0;0
5/2618.png;4;1;0;0
5/2619.png;4;1;0;0
5/2620.png;4;1;0;0
5/2621.png;4;1;0;0
5/2622.png;4;1;0;0
5/2623.png;4;1;0;0
5/2624.png;4;1;0;0
5/2625.png;4;1;0;0
5/2626.png;4;1;0;0
5/2627.png;4;1;0;0
5/2628.png;4;1;0;0
5/2629.png;4;1;0;0
5/2630.png;4;1;0;0
5/2631.png;4;1;0;0
5/2632.png;4;1;0;0
5/2633.png;4;1;0;0
5/2634.png;4;1;0;0
5/2635.png;4;1;0;0
5/2636.png;4;1;0;0
5/2637.png;4;1;0;0
5/2638.png;4;1;0;0
5/2639.png;4;1;0;0
5/2640.png;4;1;0;0
5/2641.png;4;1;0;0
5/2642.png;4;1;0;0
5/2643.png;4;1;0;0
5/2644.png;4;1;0;0
5/2645.png;4;1;0;0
5/2646.png;4;1;0;0
5/2647.png;4;1;0;0
5/2648.png;4;1;0;0
5/2649.png;4;1;0;0
5/2650.png;4;1;0;0
5/2651.png;4;1;0;0
5/2652.png;4;1;0;0
5/2653.png;4;1;0;0
5/2654.png;4;1;0;0
5/2655.png;4;1;0;0
5/2656.png;4;1;0;0
5/2657.png;4;1;0;0
5/2658.png;4;1;0;0
5/2659.png;4;1;0;0
5/2660.png;4;1;0;0
5/2661.png;4;1;0;0
5/2662.png;4;1;0;0
5/2663.png;4;1;0;0
5/2664.png;4;1;0;0
5/2665.png;4;1;0;0
5/2666.png;4;1;0;0
5/2667.png;4;1;0;0
5/2668.png;4;1;0;0
5/2669.png;4;1;0;0
5/2670.png;4;1;0;0
5/2671.png;4;1;0;0
5/2672.png;4;1;0;0
5/2673.png;4;1;0;0
5/2674.png;4;1;0;0
5/2675.png;4;1;0;0
5/2676.png;4;1;0;0
5/2677.png;4;1;0;0
5/2678.png;4;1;0;0
5/2679.png;4;1;0;0
5/2680.png;4;1;0;0
5/2681.png;4;1;0;0
5/2682.png;4;1;0;0
5/2683.png;4;1;0;0
5/2684.png;4;1;0;0
5/2685.png;4;1;0;0
5/2686.png;4;1;0;0
5/2687.png;4;1;0;0
5/2688.png;4;1;0;0
5/2689.png;4;1;0;0
5/2690.png;4;1;0;0
5/2691.png;4;1;0;0
5/2692.png;4;1;0;0
5/2693.png;4;1;0;0
5/2694.png;4;1;0;0
5/2695.png;4;1;0;0
5/2696.png;4;1;0;0
5/2697.png;4;1;0;0
5/2698.png;4;1;0;0
5/2699.png;4;1;0;0
5/2700.png;4;1;0;0
5/2701.png;4;1;0;0
5/2702.png;4;1;0;0
5/2703.png;4;1;0;0
5/2704.png;4;1;0;0
5/2705.png;4;1;0;0
5/2706.png;4;1;0;0
5/2707.png;4;1;0;0
5/2708.png;4;1;0;0
5/2709.png;4;1;0;0
5/2710.png;4;1;0;0
5/2711.png;4;1;0;0
5/2712.png;4;1;0;0
5/2713.png;4;1;0;0
5/2714.png;4;1;0;0
5/2715.png;4;1;0;0
5/2716.png;4;1;0;0
5/2717.png;4;1;0;0
5/2718.png;4;1;0;0
5/2719.png;4;1;0;0
5/2720.png;4;1;0;0
5/2721.png;4;1;0;0
5/2722.png;4;1;0;0
5/2723.png;4;1;0;0
5/2724.png;4;1;0;0
5/2725.png;4;1;0;0
5/2726.png;4;1;0;0
5/2727.png;4;1;0;0
5/2728.png;4;1;0;0
5/2729.png;4;1;0;0
5/2730.png;4;1;0;0
5/2731.png;4;1;0;0
5/2732.png;4;1;0;0
5/2733.png;4;1;0;0
5/2734.png;4;1;0;0
5/2735.png;4;1;0;0
5/2736.png;4;1;0;0
5/2737.png;4;1;0;0
5/2738.png;4;1;0;0
5/2739.png;4;1;0;0
5/2740.png;4;1;0;0
5/2741.png;4;1;0;0
5/2742.png;4;1;0;0
5/2743.png;4;1;0;0
5/2744.png;4;1;0;0
5/2745.png;4;1;0;0
5/2746.png;4;1;0;0
5/2747.png;4;1;0;0
5/2748.png;4;1;0;0
5/2749.png;4;1;0;0
5/2750.png;4;1;0;0
5/2751.png;4;1;0;0
5/2752.png;4;1;0;0
5/2753.png;4;1;0;0
5/2754.png;4;1;0;0
5/2755.png;4;1;0;0
5/2756.png;4;1;0;0
5/2757.png;4;1;0;0
5/2758.png;4;1;0;0
5/2759.png;4;1;0;0
5/2760.png;4;1;0;0
5/2761.png;4;1;0;0
5/2762.png;4;1;0;0
5/2763.png;4;1;0;0
5/2764.png;4;1;0;0
5/2765.png;4;1;0;0
5/2766.png;4;1;0;0
5/2767.png;4;1;0;0
5/2768.png;4;1;0;0
5/2769.png;4;1;0;0
5/2770.png;4;1;0;0
5/2771.png;4;1;0;0
5/2772.png;4;1;0;0
5/2773.png;4;1;0;0
5/2774.png;4;1;0;0
5/2775.png;4;1;0;0
5/2776.png;4;1;0;0
5/2777.png;4;1;0;0
5/2778.png;4;1;0;0
5/2779.png;4;1;0;0
5/2780.png;4;1;0;0
5/2781.png;4;1;0;0
5/2782.png;4;1;0;0
5/2783.png;4;1;0;0
5/2784.png;4;1;0;0
5/2785.png;4;1;0;0
5/2786.png;4;1;0;0
5/2787.png;4;1;0;0
5/2788.png;4;1;0;0
5/2789.png;4;1;0;0
5/2790.png;4;1;0;0
5/2791.png;4;1;0;0
5/2792.png;4;1;0;0
5/2793.png;4;1;0;0
5/2794.png;4;1;0;0
5/2795.png;4;1;0;0
5/2796.png;4;1;0;0
5/2797.png;4;1;0;0
5/2798.png;4;1;0;0
5/2799.png;4;1;0;0
5/2800.png;4;1;0;0
5/2801.png;4;1;0;0
5/2802.png;4;1;0;0
5/2803.png;4;1;0;0
5/2804.png;4;1;0;0
5/2805.png;4;1;0;0
5/2806.png;4;1;0;0
5/2807.png;4;1;0;0
5/2808.png;4;1;0;0
5/2809.png;4;1;0;0
5/2810.png;4;1;0;0
5/2811.png;4;1;0;0
5/2812.png;4;1;0;0
5/2813.png;4;1;0;0
5/2814.png;4;1;0;0
5/2815.png;4;1;0;0
5/2816.png;4;1;0;0
5/2817.png;4;1;0;0
5/2818.png;4;1;0;0
5/2819.png;4;1;0;0
5/2820.png;4;1;0;0
5/2821.png;4;1;0;0
5/2822.png;4;1;0;0
5/2823.png;4;1;0;0
5/2824.png;4;1;0;0
5/2825.png;4;1;0;0
5/2826.png;4;1;0;0
5/2827.png;4;1;0;0
5/2828.png;4;1;0;0
5/2829.png;4;1;0;0
5/2830.png;4;1;0;0
5/2831.png;4;1;0;0
5/2832.png;4;1;0;0
5/2833.png;4;1;0;0
5/2834.png;4;1;0;0
5/2835.png;4;1;0;0
5/2836.png;4;1;0;0
5/2837.png;4;1;0;0
5/2838.png;4;1;0;0
5/2839.png;4;1;0;0
5/2840.png;4;1;0;0
5/2841.png;4;1;0;0
5/2842.png;4;1;0;0
5/2843.png;4;1;0;0
5/2844.png;4;1;0;0
5/2845.png;4;1;0;0
5/2846.png;4;1;0;0
5/2847.png;4;1;0;0
5/2848.png;4;1;0;0
5/2849.png;4;1;0;0
5/2850.png;4;1;0;0
5/2851.png;4;1;0;0
5/2852.png;4;1;0;0
5/2853.png;4;1;0;0
5/2854.png;4;1;0;0
5/2855.png;4;1;0;0
5/2856.png;4;1;0;0
5/2857.png;4;1;0;0
5/2858.png;4;1;0;0
5/2859.png;4;1;0;0
5/2860.png;4;1;0;0
5/2861.png;4;1;0;0
5/2862.png;4;1;0;0
5/2863.png;4;1;0;0
5/2864.png;4;1;0;0
5/2865.png;4;1;0;0
5/2866.png;4;1;0;0
5/2867.png;4;1;0;0
5/2868.png;4;1;0;0
5/2869.png;4;1;0;0
5/2870.png;4;1;0;0
5/2871.png;4;1;0;0
5/2872.png;4;1;0;0
5/2873.png;4;1;0;0
5/2874.png;4;1;0;0
5/2875.png;4;1;0;0
5/2876.png;4;1;0;0
5/2877.png;4;1;0;0
5/2878.png;4;1;0;0
5/2879.png;4;1;0;0
5/2880.png;4;1;0;0
5/2881.png;4;1;0;0
5/2882.png;4;1;0;0
5/2883.png;4;1;0;0
5/2884.png;4;1;0;0
5/2885.png;4;1;0;0
5/2886.png;4;1;0;0
5/2887.png;4;1;0;0
5/2888.png;4;1;0;0
5/2889.png;4;1;0;0
5/2890.png;4;1;0;0
5/2891.png;4;1;0;0
5/2892.png;4;1;0;0
5/2893.png;4;1;0;0
5/2894.png;4;1;0;0
5/2895.png;4;1;0;0
5/2896.png;4;1;0;0
5/2897.png;4;1;0;0
5/2898.png;4;1;0;0
5/2899.png;4;1;0;0
5/2900.png;4;1;0;0
5/2901.png;4;1;0;0
5/2902.png;4;1;0;0
5/2903.png;4;1;0;0
5/2904.png;4;1;0;0
5/2905.png;4;1;0;0
5/2906.png;4;1;0;0
5/2907.png;4;1;0;0
5/2908.png;4;1;0;0
5/2909.png;4;1;0;0
5/2910.png;4;1;0;0
5/2911.png;4;1;0;0
5/2912.png;4;1;0;0
5/2913.png;4;1;0;0
5/2914.png;4;1;0;0
5/2915.png;4;1;0;0
5/2916.png;4;1;0;0
5/2917.png;4;1;0;0
5/2918.png;4;1;0;0
5/2919.png;4;1;0;0
5/2920.png;4;1;0;0
5/2921.png;4;1;0;0
5/2922.png;4;1;0;0
5/2923.png;4;1;0;0
5/2924.png;4;1;0;0
5/2925.png;4;1;0;0
5/2926.png;4;1;0;0
5/2927.png;4;1;0;0
5/2928.png;4;1;0;0
5/2929.png;4;1;0;0
5/2930.png;4;1;0;0
5/2931.png;4;1;0;0
5/2932.png;4;1;0;0
5/2933.png;4;1;0;0
5/2934.png;4;1;0;0
5/2935.png;4;1;0;0
5/2936.png;4;1;0;0
5/2937.png;4;1;0;0
5/2938.png;4;1;0;0
5/2939.png;4;1;0;0
5/2940.png;4;1;0;0
5/2941.png;4;1;0;0
5/2942.png;4;1;0;0
5/2943.png;4;1;0;0
5/2944.png;4;1;0;0
5/2945.png;4;1;0;0
5/2946.png;4;1;0;0
5/2947.png;4;1;0;0
5/2948.png;4;1;0;0
5/2949.png;4;1;0;0
5/2950.png;4;1;0;0
5/2951.png;4;1;0;0
5/2952.png;4;1;0;0
5/2953.png;4;1;0;0
5/2954.png;4;1;0;0
5/2955.png;4;1;0;0
5/2956.png;4;1;0;0
5/2957.png;4;1;0;0
5/2958.png;4;1;0;0
5/2959.png;4;1;0;0
5/2960.png;4;1;0;0
5/2961.png;4;1;0;0
5/2962.png;4;1;0;0
5/2963.png;4;1;0;0
5/2964.png;4;1;0;0
5/2965.png;4;1;0;0
5/2966.png;4;1;0;0
5/2967.png;4;1;0;0
5/2968.png;4;1;0;0
5/2969.png;4;1;0;0
5/2970.png;4;1;0;0
5/2971.png;4;1;0;0
5/2972.png;4;1;0;0
5/2973.png;4;1;0;0
5/2974.png;4;1;0;0
5/2975.png;4;1;0;0
5/2976.png;4;1;0;0
5/2977.png;4;1;0;0
5/2978.png;4;1;0;0
5/2979.png;4;1;0;0
5/2980.png;4;1;0;0
5/2981.png;4;1;0;0
5/2982.png;4;1;0;0
5/2983.png;4;1;0;0
5/2984.png;4;1;0;0
5/2985.png;4;1;0;0
5/2986.png;4;1;0;0
5/2987.png;4;1;0;0
5/2988.png;4;1;0;0
5/2989.png;4;1;0;0
5/2990.png;4;1;0;0
5/2991.png;4;1;0;0
5/2992.png;4;1;0;0
5/2993.png;4;1;0;0
5/2994.png;4;1;0;0
5/2995.png;4;1;0;0
5/2996.png;4;1;0;0
5/2997.png;4;1;0;0
5/2998.png;4;1;0;0
5/2999.png;4;1;0;0
5/3000.png;4;1;0;0
5/3001.png;4;1;0;0
5/3002.png;4;1;0;0
5/3003.png;4;1;0;0
5/3004.png;4;1;0;0
5/3005.png;4;1;0;0
5/3006.png;4;1;0;0
5/3007.png;4;1;0;0
5/3008.png;4;1;0;0
5/3009.png;4;1;0;0
5/3010.png;4;1;0;0
5/3011.png;4;1;0;0
5/3012.png;4;1;0;0
5/3013.png;4;1;0;0
5/3014.png;4;1;0;0
5/3015.png;4;1;0;0
5/3016.png;4;1;0;0
5/3017.png;4;1;0;0
5/3018.png;4;1;0;0
5/3019.png;4;1;0;0
5/3020.png;4;1;0;0
5/3021.png;4;1;0;0
5/3022.png;4;1;0;0
5/3023.png;4;1;0;0
5/3024.png;4;1;0;0
5/3025.png;4;1;0;0
5/3026.png;4;1;0;0
5/3027.png;4;1;0;0
5/3028.png;4;1;0;0
5/3029.png;4;1;0;0
5/3030.png;4;1;0;0
5/3031.png;4;1;0;0
5/3032.png;4;1;0;0
5/3033.png;4;1;0;0
5/3034.png;4;1;0;0
5/3035.png;4;1;0;0
5/3036.png;4;1;0;0
5/3037.png;4;1;0;0
5/3038.png;4;1;0;0
5/3039.png;4;1;0;0
5/3040.png;4;1;0;0
5/3041.png;4;1;0;0
5/3042.png;4;1;0;0
5/3043.png;4;1;0;0
5/3044.png;4;1;0;0
5/3045.png;4;1;0;0
5/3046.png;4;1;0;0
5/3047.png;4;1;0;0
5/3048.png;4;1;0;0
5/3049.png;4;1;0;0
5/3050.png;4;1;0;0
5/3051.png;4;1;0;0
5/3052.png;4;1;0;0
5/3053.png;4;1;0;0
5/3054.png;4;1;0;0
5/3055.png;4;1;0;0
5/3056.png;4;1;0;0
5/3057.png;4;1;0;0
5/3058.png;4;1;0;0
5/3059.png;4;1;0;0
5/3060.png;4;1;0;0
5/3061.png;4;1;0;0
5/3062.png;4;1;0;0
5/3063.png;4;1;0;0
5/3064.png;4;1;0;0
5/3065.png;4;1;0;0
5/3066.png;4;1;0;0
5/3067.png;4;1;0;0
5/3068.png;4;1;0;0
5/3069.png;4;1;0;0
5/3070.png;4;1;0;0
5/3071.png;4;1;0;0
5/3072.png;4;1;0;0
5/3073.png;4;1;0;0
5/3074.png;4;1;0;0
5/3075.png;4;1;0;0
5/3076.png;4;1;0;0
5/3077.png;4;1;0;0
5/3078.png;4;1;0;0
5/3079.png;4;1;0;0
5/3080.png;4;1;0;0
5/3081.png;4;1;0;0
5/3082.png;4;1;0;0
5/3083.png;4;1;0;0
5/3084.png;4;1;0;0
5/3085.png;4;1;0;0
5/3086.png;4;1;0;0
5/3087.png;4;1;0;0
5/3088.png;4;1;0;0
5/3089.png;4;1;0;0
5/3090.png;4;1;0;0
5/3091.png;4;1;0;0
5/3092.png;4;1;0;0
5/3093.png;4;1;0;0
5/3094.png;4;1;0;0
5/3095.png;4;1;0;0
5/3096.png;4;1;0;0
5/3097.png;4;1;0;0
5/3098.png;4;1;0;0
5/3099.png;4;1;0;0
5/3100.png;4;1;0;0
5/3101.png;4;1;0;0
5/3102.png;4;1;0;0
5/3103.png;4;1;0;0
5/3104.png;4;1;0;0
5/3105.png;4;1;0;0
5/3106.png;4;1;0;0
5/3107.png;4;1;0;0
5/3108.png;4;1;0;0
5/3109.png;4;1;0;0
5/3110.png;4;1;0;0
5/3111.png;4;1;0;0
5/3112.png;4;1;0;0
5/3113.png;4;1;0;0
5/3114.png;4;1;0;0
5/3115.png;4;1;0;0
5/3116.png;4;1;0;0
5/3117.png;4;1;0;0
5/3118.png;4;1;0;0
5/3119.png;4;1;0;0
5/3120.png;4;1;0;0
5/3121.png;4;1;0;0
5/3122.png;4;1;0;0
5/3123.png;4;1;0;0
5/3124.png;4;1;0;0
5/3125.png;4;1;0;0
5/3126.png;4;1;0;0
5/3127.png;4;1;0;0
5/3128.png;4;1;0;0
5/3129.png;4;1;0;0
5/3130.png;4;1;0;0
5/3131.png;4;1;0;0
5/3132.png;4;1;0;0
5/3133.png;4;1;0;0
5/3134.png;4;1;0;0
5/3135.png;4;1;0;0
5/3136.png;4;1;0;0
5/3137.png;4;1;0;0
5/3138.png;4;1;0;0
5/3139.png;4;1;0;0
5/3140.png;4;1;0;0
5/3141.png;4;1;0;0
5/3142.png;4;1;0;0
5/3143.png;4;1;0;0
5/3144.png;4;1;0;0
5/3145.png;4;1;0;0
5/3146.png;4;1;0;0
5/3147.png;4;1;0;0
5/3148.png;4;1;0;0
5/3149.png;4;1;0;0
5/3150.png;4;1;0;0
5/3151.png;4;1;0;0
5/3152.png;4;1;0;0
5/3153.png;4;1;0;0
5/3154.png;4;1;0;0
5/3155.png;4;1;0;0
5/3156.png;4;1;0;0
5/3157.png;4;1;0;0
5/3158.png;4;1;0;0
5/3159.png;4;1;0;0
5/3160.png;4;1;0;0
5/3161.png;4;1;0;0
5/3162.png;4;1;0;0
5/3163.png;4;1;0;0
5/3164.png;4;1;0;0
5/3165.png;4;1;0;0
5/3166.png;4;1;0;0
5/3167.png;4;1;0;0
5/3168.png;4;1;0;0
5/3169.png;4;1;0;0
5/3170.png;4;1;0;0
5/3171.png;4;1;0;0
5/3172.png;4;1;0;0
5/3173.png;4;1;0;0
5/3174.png;4;1;0;0
5/3175.png;4;1;0;0
5/3176.png;4;1;0;0
5/3177.png;4;1;0;0
5/3178.png;4;1;0;0
5/3179.png;4;1;0;0
5/3180.png;4;1;0;0
5/3181.png;4;1;0;0
5/3182.png;4;1;0;0
5/3183.png;4;1;0;0
5/3184.png;4;1;0;0
5/3185.png;4;1;0;0
5/3186.png;4;1;0;0
5/3187.png;4;1;0;0
5/3188.png;4;1;0;0
5/3189.png;4;1;0;0
5/3190.png;4;1;0;0
5/3191.png;4;1;0;0
5/3192.png;4;1;0;0
5/3193.png;4;1;0;0
5/3194.png;4;1;0;0
5/3195.png;4;1;0;0
5/3196.png;4;1;0;0
5/3197.png;4;1;0;0
5/3198.png;4;1;0;0
5/3199.png;4;1;0;0
5/3200.png;4;1;0;0
5/3201.png;4;1;0;0
5/3202.png;4;1;0;0
5/3203.png;4;1;0;0
5/3204.png;4;1;0;0
5/3205.png;4;1;0;0
5/3206.png;4;1;0;0
5/3207.png;4;1;0;0
5/3208.png;4;1;0;0
5/3209.png;4;1;0;0
5/3210.png;4;1;0;0
5/3211.png;4;1;0;0
5/3212.png;4;1;0;0
5/3213.png;4;1;0;0
5/3214.png;4;1;0;0
5/3215.png;4;1;0;0
5/3216.png;4;1;0;0
5/3217.png;4;1;0;0
5/3218.png;4;1;0;0
5/3219.png;4;1;0;0
5/3220.png;4;1;0;0
5/3221.png;4;1;0;0
5/3222.png;4;1;0;0
5/3223.png;4;1;0;0
5/3224.png;4;1;0;0
5/3225.png;4;1;0;0
5/3226.png;4;1;0;0
5/3227.png;4;1;0;0
5/3228.png;4;1;0;0
5/3229.png;4;1;0;0
5/3230.png;4;1;0;0
5/3231.png;4;1;0;0
5/3232.png;4;1;0;0
5/3233.png;4;1;0;0
5/3234.png;4;1;0;0
5/3235.png;4;1;0;0
5/3236.png;4;1;0;0
5/3237.png;4;1;0;0
5/3238.png;4;1;0;0
5/3239.png;4;1;0;0
5/3240.png;4;1;0;0
5/3241.png;4;1;0;0
5/3242.png;4;1;0;0
5/3243.png;4;1;0;0
5/3244.png;4;1;0;0
5/3245.png;4;1;0;0
5/3246.png;4;1;0;0
5/3247.png;4;1;0;0
5/3248.png;4;1;0;0
5/3249.png;4;1;0;0
5/3250.png;4;1;0;0
5/3251.png;4;1;0;0
5/3252.png;4;1;0;0
5/3253.png;4;1;0;0
5/3254.png;4;1;0;0
5/3255.png;4;1;0;0
5/3256.png;4;1;0;0
5/3257.png;4;1;0;0
5/3258.png;4;1;0;0
5/3259.png;4;1;0;0
5/3260.png;4;1;0;0
5/3261.png;4;1;0;0
5/3262.png;4;1;0;0
5/3263.png;4;1;0;0
5/3264.png;4;1;0;0
5/3265.png;4;1;0;0
5/3266.png;4;1;0;0
5/3267.png;4;1;0;0
5/3268.png;4;1;0;0
5/3269.png;4;1;0;0
5/3270.png;4;1;0;0
5/3271.png;4;1;0;0
5/3272.png;4;1;0;0
5/3273.png;4;1;0;0
5/3274.png;4;1;0;0
5/3275.png;4;1;0;0
5/3276.png;4;1;0;0
5/3277.png;4;1;0;0
5/3278.png;4;1;0;0
5/3279.png;4;1;0;0
5/3280.png;4;1;0;0
5/3281.png;4;1;0;0
5/3282.png;4;1;0;0
5/3283.png;4;1;0;0
5/3284.png;4;1;0;0
5/3285.png;4;1;0;0
5/3286.png;4;1;0;0
5/3287.png;4;1;0;0
5/3288.png;4;1;0;0
5/3289.png;4;1;0;0
5/3290.png;4;1;0;0
5/3291.png;4;1;0;0
5/3292.png;4;1;0;0
5/3293.png;4;1;0;0
5/3294.png;4;1;0;0
5/3295.png;4;1;0;0
5/3296.png;4;1;0;0
5/3297.png;4;1;0;0
5/3298.png;4;1;0;0
5/3299.png;4;1;0;0
5/3300.png;4;1;0;0
5/3301.png;4;1;0;0
5/3302.png;4;1;0;0
5/3303.png;4;1;0;0
5/3304.png;4;1;0;0
5/3305.png;4;1;0;0
5/3306.png;4;1;0;0
5/3307.png;4;1;0;0
5/3308.png;4;1;0;0
5/3309.png;4;1;0;0
5/3310.png;4;1;0;0
5/3311.png;4;1;0;0
5/3312.png;4;1;0;0
5/3313.png;4;1;0;0
5/3314.png;4;1;0;0
5/3315.png;4;1;0;0
5/3316.png;4;1;0;0
5/3317.png;4;1;0;0
5/3318.png;4;1;0;0
5/3319.png;4;1;0;0
5/3320.png;4;1;0;0
5/3321.png;4;1;0;0
5/3322.png;4;1;0;0
5/3323.png;4;1;0;0
5/3324.png;4;1;0;0
5/3325.png;4;1;0;0
5/3326.png;4;1;0;0
5/3327.png;4;1;0;0
5/3328.png;4;1;0;0
5/3329.png;4;1;0;0
5/3330.png;4;1;0;0
5/3331.png;4;1;0;0
5/3332.png;4;1;0;0
5/3333.png;4;1;0;0
5/3334.png;4;1;0;0
5/3335.png;4;1;0;0
5/3336.png;4;1;0;0
5/3337.png;4;1;0;0
5/3338.png;4;1;0;0
5/3339.png;4;1;0;0
5/3340.png;4;1;0;0
5/3341.png;4;1;0;0
5/3342.png;4;1;0;0
5/3343.png;4;1;0;0
5/3344.png;4;1;0;0
5/3345.png;4;1;0;0
5/3346.png;4;1;0;0
5/3347.png;4;1;0;0
5/3348.png;4;1;0;0
5/3349.png;4;1;0;0
5/3350.png;4;1;0;0
5/3351.png;4;1;0;0
5/3352.png;4;1;0;0
5/3353.png;4;1;0;0
5/3354.png;4;1;0;0
5/3355.png;4;1;0;0
5/3356.png;4;1;0;0
5/3357.png;4;1;0;0
5/3358.png;4;1;0;0
5/3359.png;4;1;0;0
5/3360.png;4;1;0;0
5/3361.png;4;1;0;0
5/3362.png;4;1;0;0
5/3363.png;4;1;0;0
5/3364.png;4;1;0;0
5/3365.png;4;1;0;0
5/3366.png;4;1;0;0
5/3367.png;4;1;0;0
5/3368.png;4;1;0;0
5/3369.png;4;1;0;0
5/3370.png;4;1;0;0
5/3371.png;4;1;0;0
5/3372.png;4;1;0;0
5/3373.png;4;1;0;0
5/3374.png;4;1;0;0
5/3375.png;4;1;0;0
5/3376.png;4;1;0;0
5/3377.png;4;1;0;0
5/3378.png;4;1;0;0
5/3379.png;4;1;0;0
5/3380.png;4;1;0;0
5/3381.png;4;1;0;0
5/3382.png;4;1;0;0
5/3383.png;4;1;0;0
5/3384.png;4;1;0;0
5/3385.png;4;1;0;0
5/3386.png;4;1;0;0
5/3387.png;4;1;0;0
5/3388.png;4;1;0;0
5/3389.png;4;1;0;0
5/3390.png;4;1;0;0
5/3391.png;4;1;0;0
5/3392.png;4;1;0;0
5/3393.png;4;1;0;0
5/3394.png;4;1;0;0
5/3395.png;4;1;0;0
5/3396.png;4;1;0;0
5/3397.png;4;1;0;0
5/3398.png;4;1;0;0
5/3399.png;4;1;0;0
5/3400.png;4;1;0;0
5/3401.png;4;1;0;0
5/3402.png;4;1;0;0
5/3403.png;4;1;0;0
5/3404.png;4;1;0;0
5/3405.png;4;1;0;0
5/3406.png;4;1;0;0
5/3407.png;4;1;0;0
5/3408.png;4;1;0;0
5/3409.png;4;1;0;0
5/3410.png;4;1;0;0
5/3411.png;4;1;0;0
5/3412.png;4;1;0;0
5/3413.png;4;1;0;0
5/3414.png;4;1;0;0
5/3415.png;4;1;0;0
5/3416.png;4;1;0;0
5/3417.png;4;1;0;0
5/3418.png;4;1;0;0
5/3419.png;4;1;0;0
5/3420.png;4;1;0;0
5/3421.png;4;1;0;0
5/3422.png;4;1;0;0
5/3423.png;4;1;0;0
5/3424.png;4;1;0;0
5/3425.png;4;1;0;0
5/3426.png;4;1;0;0
5/3427.png;4;1;0;0
5/3428.png;4;1;0;0
5/3429.png;4;1;0;0
5/3430.png;4;1;0;0
5/3431.png;4;1;0;0
5/3432.png;4;1;0;0
5/3433.png;4;1;0;0
5/3434.png;4;1;0;0
5/3435.png;4;1;0;0
5/3436.png;4;1;0;0
5/3437.png;4;1;0;0
5/3438.png;4;1;0;0
5/3439.png;4;1;0;0
5/3440.png;4;1;0;0
5/3441.png;4;1;0;0
5/3442.png;4;1;0;0
5/3443.png;4;1;0;0
5/3444.png;4;1;0;0
5/3445.png;4;1;0;0
5/3446.png;4;1;0;0
5/3447.png;4;1;0;0
5/3448.png;4;1;0;0
5/3449.png;4;1;0;0
5/3450.png;4;1;0;0
5/3451.png;4;1;0;0
5/3452.png;4;1;0;0
5/3453.png;4;1;0;0
5/3454.png;4;1;0;0
5/3455.png;4;1;0;0
5/3456.png;4;1;0;0
5/3457.png;4;1;0;0
5/3458.png;4;1;0;0
5/3459.png;4;1;0;0
5/3460.png;4;1;0;0
5/3461.png;4;1;0;0
5/3462.png;4;1;0;0
5/3463.png;4;1;0;0
5/3464.png;4;1;0;0
5/3465.png;4;1;0;0
5/3466.png;4;1;0;0
5/3467.png;4;1;0;0
5/3468.png;4;1;0;0
5/3469.png;4;1;0;0
5/3470.png;4;1;0;0
5/3471.png;4;1;0;0
5/3472.png;4;1;0;0
5/3473.png;4;1;0;0
5/3474.png;4;1;0;0
5/3475.png;4;1;0;0
5/3476.png;4;1;0;0
5/3477.png;4;1;0;0
5/3478.png;4;1;0;0
5/3479.png;4;1;0;0
5/3480.png;4;1;0;0
5/3481.png;4;1;0;0
5/3482.png;4;1;0;0
5/3483.png;4;1;0;0
5/3484.png;4;1;0;0
5/3485.png;4;1;0;0
5/3486.png;4;1;0;0
5/3487.png;4;1;0;0
5/3488.png;4;1;0;0
5/3489.png;4;1;0;0
5/3490.png;4;1;0;0
5/3491.png;4;1;0;0
5/3492.png;4;1;0;0
5/3493.png;4;1;0;0
5/3494.png;4;1;0;0
5/3495.png;4;1;0;0
5/3496.png;4;1;0;0
5/3497.png;4;1;0;0
5/3498.png;4;1;0;0
5/3499.png;4;1;0;0
5/3500.png;4;1;0;0
5/3501.png;4;1;0;0
5/3502.png;4;1;0;0
5/3503.png;4;1;0;0
5/3504.png;4;1;0;0
5/3505.png;4;1;0;0
5/3506.png;4;1;0;0
5/3507.png;4;1;0;0
5/3508.png;4;1;0;0
5/3509.png;4;1;0;0
5/3510.png;4;1;0;0
5/3511.png;4;1;0;0
5/3512.png;4;1;0;0
5/3513.png;4;1;0;0
5/3514.png;4;1;0;0
5/3515.png;4;1;0;0
5/3516.png;4;1;0;0
5/3517.png;4;1;0;0
5/3518.png;4;1;0;0
5/3519.png;4;1;0;0
5/3520.png;4;1;0;0
5/3521.png;4;1;0;0
5/3522.png;4;1;0;0
5/3523.png;4;1;0;0
5/3524.png;4;1;0;0
5/3525.png;4;1;0;0
5/3526.png;4;1;0;0
5/3527.png;4;1;0;0
5/3528.png;4;1;0;0
5/3529.png;4;1;0;0
5/3530.png;4;1;0;0
5/3531.png;4;1;0;0
5/3532.png;4;1;0;0
5/3533.png;4;1;0;0
5/3534.png;4;1;0;0
5/3535.png;4;1;0;0
5/3536.png;4;1;0;0
5/3537.png;4;1;0;0
5/3538.png;4;1;0;0
5/3539.png;4;1;0;0
5/3540.png;4;1;0;0
5/3541.png;4;1;0;0
5/3542.png;4;1;0;0
5/3543.png;4;1;0;0
5/3544.png;4;1;0;0
5/3545.png;4;1;0;0
5/3546.png;4;1;0;0
5/3547.png;4;1;0;0
5/3548.png;4;1;0;0
5/3549.png;4;1;0;0
5/3550.png;4;1;0;0
5/3551.png;4;1;0;0
5/3552.png;4;1;0;0
5/3553.png;4;1;0;0
5/3554.png;4;1;0;0
5/3555.png;4;1;0;0
5/3556.png;4;1;0;0
5/3557.png;4;1;0;0
5/3558.png;4;1;0;0
5/3559.png;4;1;0;0
5/3560.png;4;1;0;0
5/3561.png;4;1;0;0
5/3562.png;4;1;0;0
5/3563.png;4;1;0;0
5/3564.png;4;1;0;0
5/3565.png;4;1;0;0
5/3566.png;4;1;0;0
5/3567.png;4;1;0;0
5/3568.png;4;1;0;0
5/3569.png;4;1;0;0
5/3570.png;4;1;0;0
5/3571.png;4;1;0;0
5/3572.png;4;1;0;0
5/3573.png;4;1;0;0
5/3574.png;4;1;0;0
5/3575.png;4;1;0;0
5/3576.png;4;1;0;0
5/3577.png;4;1;0;0
5/3578.png;4;1;0;0
5/3579.png;4;1;0;0
5/3580.png;4;1;0;0
5/3581.png;4;1;0;0
5/3582.png;4;1;0;0
5/3583.png;4;1;0;0
5/3584.png;4;1;0;0
5/3585.png;4;1;0;0
5/3586.png;4;1;0;0
5/3587.png;4;1;0;0
5/3588.png;4;1;0;0
5/3589.png;4;1;0;0
5/3590.png;4;1;0;0
5/3591.png;4;1;0;0
5/3592.png;4;1;0;0
5/3593.png;4;1;0;0
5/3594.png;4;1;0;0
5/3595.png;4;1;0;0
5/3596.png;4;1;0;0
5/3597.png;4;1;0;0
5/3598.png;4;1;0;0
5/3599.png;4;1;0;0
5/3600.png;4;1;0;0
5/3601.png;4;1;0;0
5/3602.png;4;1;0;0
5/3603.png;4;1;0;0
5/3604.png;4;1;0;0
5/3605.png;4;1;0;0
5/3606.png;4;1;0;0
5/3607.png;4;1;0;0
5/3608.png;4;1;0;0
5/3609.png;4;1;0;0
5/3610.png;4;1;0;0
5/3611.png;4;1;0;0
5/3612.png;4;1;0;0
5/3613.png;4;1;0;0
5/3614.png;4;1;0;0
5/3615.png;4;1;0;0
5/3616.png;4;1;0;0
5/3617.png;4;1;0;0
5/3618.png;4;1;0;0
5/3619.png;4;1;0;0
5/3620.png;4;1;0;0
5/3621.png;4;1;0;0
5/3622.png;4;1;0;0
5/3623.png;4;1;0;0
5/3624.png;4;1;0;0
5/3625.png;4;1;0;0
5/3626.png;4;1;0;0
5/3627.png;4;1;0;0
5/3628.png;4;1;0;0
5/3629.png;4;1;0;0
5/3630.png;4;1;0;0
5/3631.png;4;1;0;0
5/3632.png;4;1;0;0
5/3633.png;4;1;0;0
5/3634.png;4;1;0;0
5/3635.png;4;1;0;0
5/3636.png;4;1;0;0
5/3637.png;4;1;0;0
5/3638.png;4;1;0;0
5/3639.png;4;1;0;0
5/3640.png;4;1;0;0
5/3641.png;4;1;0;0
5/3642.png;4;1;0;0
5/3643.png;4;1;0;0
5/3644.png;4;1;0;0
5/3645.png;4;1;0;0
5/3646.png;4;1;0;0
5/3647.png;4;1;0;0
5/3648.png;4;1;0;0
5/3649.png;4;1;0;0
5/3650.png;4;1;0;0
5/3651.png;4;1;0;0
5/3652.png;4;1;0;0
5/3653.png;4;1;0;0
5/3654.png;4;1;0;0
5/3655.png;4;1;0;0
5/3656.png;4;1;0;0
5/3657.png;4;1;0;0
5/3658.png;4;1;0;0
5/3659.png;4;1;0;0
5/3660.png;4;1;0;0
5/3661.png;4;1;0;0
5/3662.png;4;1;0;0
5/3663.png;4;1;0;0
5/3664.png;4;1;0;0
5/3665.png;4;1;0;0
5/3666.png;4;1;0;0
5/3667.png;4;1;0;0
5/3668.png;4;1;0;0
5/3669.png;4;1;0;0
5/3670.png;4;1;0;0
5/3671.png;4;1;0;0
5/3672.png;4;1;0;0
5/3673.png;4;1;0;0
5/3674.png;4;1;0;0
5/3675.png;4;1;0;0
5/3676.png;4;1;0;0
5/3677.png;4;1;0;0
5/3678.png;4;1;0;0
5/3679.png;4;1;0;0
5/3680.png;4;1;0;0
5/3681.png;4;1;0;0
5/3682.png;4;1;0;0
5/3683.png;4;1;0;0
5/3684.png;4;1;0;0
5/3685.png;4;1;0;0
5/3686.png;4;1;0;0
5/3687.png;4;1;0;0
5/3688.png;4;1;0;0
5/3689.png;4;1;0;0
5/3690.png;4;1;0;0
5/3691.png;4;1;0;0
5/3692.png;4;1;0;0
5/3693.png;4;1;0;0
5/3694.png;4;1;0;0
5/3695.png;4;1;0;0
5/3696.png;4;1;0;0
5/3697.png;4;1;0;0
5/3698.png;4;1;0;0
5/3699.png;4;1;0;0
5/3700.png;4;1;0;0
5/3701.png;4;1;0;0
5/3702.png;4;1;0;0
5/3703.png;4;1;0;0
5/3704.png;4;1;0;0
5/3705.png;4;1;0;0
5/3706.png;4;1;0;0
5/3707.png;4;1;0;0
5/3708.png;4;1;0;0
5/3709.png;4;1;0;0
5/3710.png;4;1;0;0
5/3711.png;4;1;0;0
5/3712.png;4;1;0;0
5/3713.png;4;1;0;0
5/3714.png;4;1;0;0
5/3715.png;4;1;0;0
5/3716.png;4;1;0;0
5/3717.png;4;1;0;0
5/3718.png;4;1;0;0
5/3719.png;4;1;0;0
5/3720.png;4;1;0;0
5/3721.png;4;1;0;0
5/3722.png;4;1;0;0
5/3723.png;4;1;0;0
5/3724.png;4;1;0;0
5/3725.png;4;1;0;0
5/3726.png;4;1;0;0
5/3727.png;4;1;0;0
5/3728.png;4;1;0;0
5/3729.png;4;1;0;0
5/3730.png;4;1;0;0
5/3731.png;4;1;0;0
5/3732.png;4;1;0;0
5/3733.png;4;1;0;0
5/3734.png;4;1;0;0
5/3735.png;4;1;0;0
5/3736.png;4;1;0;0
5/3737.png;4;1;0;0
5/3738.png;4;1;0;0
5/3739.png;4;1;0;0
5/3740.png;4;1;0;0
5/3741.png;4;1;0;0
5/3742.png;4;1;0;0
5/3743.png;4;1;0;0
5/3744.png;4;1;0;0
5/3745.png;4;1;0;0
5/3746.png;4;1;0;0
5/3747.png;4;1;0;0
5/3748.png;4;1;0;0
5/3749.png;4;1;0;0
5/3750.png;4;1;0;0
5/3751.png;4;1;0;0
5/3752.png;4;1;0;0
5/3753.png;4;1;0;0
5/3754.png;4;1;0;0
5/3755.png;4;1;0;0
5/3756.png;4;1;0;0
5/3757.png;4;1;0;0
5/3758.png;4;1;0;0
5/3759.png;4;1;0;0
5/3760.png;4;1;0;0
5/3761.png;4;1;0;0
5/3762.png;4;1;0;0
5/3763.png;4;1;0;0
5/3764.png;4;1;0;0
5/3765.png;4;1;0;0
5/3766.png;4;1;0;0
5/3767.png;4;1;0;0
5/3768.png;4;1;0;0
5/3769.png;4;1;0;0
5/3770.png;4;1;0;0
5/3771.png;4;1;0;0
5/3772.png;4;1;0;0
5/3773.png;4;1;0;0
5/3774.png;4;1;0;0
5/3775.png;4;1;0;0
5/3776.png;4;1;0;0
5/3777.png;4;1;0;0
5/3778.png;4;1;0;0
5/3779.png;4;1;0;0
5/3780.png;4;1;0;0
5/3781.png;4;1;0;0
5/3782.png;4;1;0;0
5/3783.png;4;1;0;0
5/3784.png;4;1;0;0
5/3785.png;4;1;0;0
5/3786.png;4;1;0;0
5/3787.png;4;1;0;0
5/3788.png;4;1;0;0
5/3789.png;4;1;0;0
5/3790.png;4;1;0;0
5/3791.png;4;1;0;0
5/3792.png;4;1;0;0
5/3793.png;4;1;0;0
5/3794.png;4;1;0;0
5/3795.png;4;1;0;0
5/3796.png;4;1;0;0
5/3797.png;4;1;0;0
5/3798.png;4;1;0;0
5/3799.png;4;1;0;0
5/3800.png;4;1;0;0
5/3801.png;4;1;0;0
5/3802.png;4;1;0;0
5/3803.png;4;1;0;0
5/3804.png;4;1;0;0
5/3805.png;4;1;0;0
5/3806.png;4;1;0;0
5/3807.png;4;1;0;0
5/3808.png;4;1;0;0
5/3809.png;4;1;0;0
5/3810.png;4;1;0;0
5/3811.png;4;1;0;0
5/3812.png;4;1;0;0
5/3813.png;4;1;0;0
5/3814.png;4;1;0;0
5/3815.png;4;1;0;0
5/3816.png;4;1;0;0
5/3817.png;4;1;0;0
5/3818.png;4;1;0;0
5/3819.png;4;1;0;0
5/3820.png;4;1;0;0
5/3821.png;4;1;0;0
5/3822.png;4;1;0;0
5/3823.png;4;1;0;0
5/3824.png;4;1;0;0
5/3825.png;4;1;0;0
5/3826.png;4;1;0;0
5/3827.png;4;1;0;0
5/3828.png;4;1;0;0
5/3829.png;4;1;0;0
5/3830.png;4;1;0;0
5/3831.png;4;1;0;0
5/3832.png;4;1;0;0
5/3833.png;4;1;0;0
5/3834.png;4;1;0;0
5/3835.png;4;1;0;0
5/3836.png;4;1;0;0
5/3837.png;4;1;0;0
5/3838.png;4;1;0;0
5/3839.png;4;1;0;0
5/3840.png;4;1;0;0
5/3841.png;4;1;0;0
5/3842.png;4;1;0;0
5/3843.png;4;1;0;0
5/3844.png;4;1;0;0
5/3845.png;4;1;0;0
5/3846.png;4;1;0;0
5/3847.png;4;1;0;0
5/3848.png;4;1;0;0
5/3849.png;4;1;0;0
5/3850.png;4;1;0;0
5/3851.png;4;1;0;0
5/3852.png;4;1;0;0
5/3853.png;4;1;0;0
5/3854.png;4;1;0;0
5/3855.png;4;1;0;0
5/3856.png;4;1;0;0
5/3857.png;4;1;0;0
5/3858.png;4;1;0;0
5/3859.png;4;1;0;0
5/3860.png;4;1;0;0
5/3861.png;4;1;0;0
5/3862.png;4;1;0;0
5/3863.png;4;1;0;0
5/3864.png;4;1;0;0
5/3865.png;4;1;0;0
5/3866.png;4;1;0;0
5/3867.png;4;1;0;0
5/3868.png;4;1;0;0
5/3869.png;4;1;0;0
5/3870.png;4;1;0;0
5/3871.png;4;1;0;0
5/3872.png;4;1;0;0
5/3873.png;4;1;0;0
5/3874.png;4;1;0;0
5/3875.png;4;1;0;0
5/3876.png;4;1;0;0
5/3877.png;4;1;0;0
5/3878.png;4;1;0;0
5/3879.png;4;1;0;0
5/3880.png;4;1;0;0
5/3881.png;4;1;0;0
5/3882.png;4;1;0;0
5/3883.png;4;1;0;0
5/3884.png;4;1;0;0
5/3885.png;4;1;0;0
5/3886.png;4;1;0;0
5/3887.png;4;1;0;0
5/3888.png;4;1;0;0
5/3889.png;4;1;0;0
5/3890.png;4;1;0;0
5/3891.png;4;1;0;0
5/3892.png;4;1;0;0
5/3893.png;4;1;0;0
5/3894.png;4;1;0;0
5/3895.png;4;1;0;0
5/3896.png;4;1;0;0
5/3897.png;4;1;0;0
5/3898.png;4;1;0;0
5/3899.png;4;1;0;0
5/3900.png;4;1;0;0
5/3901.png;4;1;0;0
5/3902.png;4;1;0;0
5/3903.png;4;1;0;0
5/3904.png;4;1;0;0
5/3905.png;4;1;0;0
5/3906.png;4;1;0;0
5/3907.png;4;1;0;0
5/3908.png;4;1;0;0
5/3909.png;4;1;0;0
5/3910.png;4;1;0;0
5/3911.png;4;1;0;0
5/3912.png;4;1;0;0
5/3913.png;4;1;0;0
5/3914.png;4;1;0;0
5/3915.png;4;1;0;0
5/3916.png;4;1;0;0
5/3917.png;4;1;0;0
5/3918.png;4;1;0;0
5/3919.png;4;1;0;0
5/3920.png;4;1;0;0
5/3921.png;4;1;0;0
5/3922.png;4;1;0;0
5/3923.png;4;1;0;0
5/3924.png;4;1;0;0
5/3925.png;4;1;0;0
5/3926.png;4;1;0;0
5/3927.png;4;1;0;0
5/3928.png;4;1;0;0
5/3929.png;4;1;0;0
5/3930.png;4;1;0;0
5/3931.png;4;1;0;0
5/3932.png;4;1;0;0
5/3933.png;4;1;0;0
5/3934.png;4;1;0;0
5/3935.png;4;1;0;0
5/3936.png;4;1;0;0
5/3937.png;4;1;0;0
5/3938.png;4;1;0;0
5/3939.png;4;1;0;0
5/3940.png;4;1;0;0
5/3941.png;4;1;0;0
5/3942.png;4;1;0;0
5/3943.png;4;1;0;0
5/3944.png;4;1;0;0
5/3945.png;4;1;0;0
5/3946.png;4;1;0;0
5/3947.png;4;1;0;0
5/3948.png;4;1;0;0
5/3949.png;4;1;0;0
5/3950.png;4;1;0;0
5/3951.png;4;1;0;0
5/3952.png;4;1;0;0
5/3953.png;4;1;0;0
5/3954.png;4;1;0;0
5/3955.png;4;1;0;0
5/3956.png;4;1;0;0
5/3957.png;4;1;0;0
5/3958.png;4;1;0;0
5/3959.png;4;1;0;0
5/3960.png;4;1;0;0
5/3961.png;4;1;0;0
5/3962.png;4;1;0;0
5/3963.png;4;1;0;0
5/3964.png;4;1;0;0
5/3965.png;4;1;0;0
5/3966.png;4;1;0;0
5/3967.png;4;1;0;0
5/3968.png;4;1;0;0
5/3969.png;4;1;0;0
5/3970.png;4;1;0;0
5/3971.png;4;1;0;0
5/3972.png;4;1;0;0
5/3973.png;4;1;0;0
5/3974.png;4;1;0;0
5/3975.png;4;1;0;0
5/3976.png;4;1;0;0
5/3977.png;4;1;0;0
5/3978.png;4;1;0;0
5/3979.png;4;1;0;0
5/3980.png;4;1;0;0
5/3981.png;4;1;0;0
5/3982.png;4;1;0;0
5/3983.png;4;1;0;0
5/3984.png;4;1;0;0
5/3985.png;4;1;0;0
5/3986.png;4;1;0;0
5/3987.png;4;1;0;0
5/3988.png;4;1;0;0
5/3989.png;4;1;0;0
5/3990.png;4;1;0;0
5/3991.png;4;1;0;0
5/3992.png;4;1;0;0
5/3993.png;4;1;0;0
5/3994.png;4;1;0;0
5/3995.png;4;1;0;0
5/3996.png;4;1;0;0
5/3997.png;4;1;0;0
5/3998.png;4;1;0;0
5/3999.png;4;1;0;0
5/4000.png;4;1;0;0
5/4001.png;4;1;0;0
5/4002.png;4;1;0;0
5/4003.png;4;1;0;0
5/4004.png;4;1;0;0
5/4005.png;4;1;0;0
5/4006.png;4;1;0;0
5/4007.png;4;1;0;0
5/4008.png;4;1;0;0
5/4009.png;4;1;0;0
5/4010.png;4;1;0;0
5/4011.png;4;1;0;0
5/4012.png;4;1;0;0
5/4013.png;4;1;0;0
5/4014.png;4;1;0;0
5/4015.png;4;1;0;0
5/4016.png;4;1;0;0
5/4017.png;4;1;0;0
5/4018.png;4;1;0;0
5/4019.png;4;1;0;0
5/4020.png;4;1;0;0
5/4021.png;4;1;0;0
5/4022.png;4;1;0;0
5/4023.png;4;1;0;0
5/4024.png;4;1;0;0
5/4025.png;4;1;0;0
5/4026.png;4;1;0;0
5/4027.png;4;1;0;0
5/4028.png;4;1;0;0
5/4029.png;4;1;0;0
5/4030.png;4;1;0;0
5/4031.png;4;1;0;0
5/4032.png;4;1;0;0
5/4033.png;4;1;0;0
5/4034.png;4;1;0;0
5/4035.png;4;1;0;0
5/4036.png;4;1;0;0
5/4037.png;4;1;0;0
5/4038.png;4;1;0;0
5/4039.png;4;1;0;0
5/4040.png;4;1;0;0
5/4041.png;4;1;0;0
5/4042.png;4;1;0;0
5/4043.png;4;1;0;0
5/4044.png;4;1;0;0
5/4045.png;4;1;0;0
5/4046.png;4;1;0;0
5/4047.png;4;1;0;0
5/4048.png;4;1;0;0
5/4049.png;4;1;0;0
5/4050.png;4;1;0;0
5/4051.png;4;1;0;0
5/4052.png;4;1;0;0
5/4053.png;4;1;0;0
5/4054.png;4;1;0;0
5/4055.png;4;1;0;0
5/4056.png;4;1;0;0
5/4057.png;4;1;0;0
5/4058.png;4;1;0;0
5/4059.png;4;1;0;0
5/4060.png;4;1;0;0
5/4061.png;4;1;0;0
5/4062.png;4;1;0;0
5/4063.png;4;1;0;0
5/4064.png;4;1;0;0
5/4065.png;4;1;0;0
5/4066.png;4;1;0;0
5/4067.png;4;1;0;0
5/4068.png;4;1;0;0
5/4069.png;4;1;0;0
5/4070.png;4;1;0;0
5/4071.png;4;1;0;0
5/4072.png;4;1;0;0
5/4073.png;4;1;0;0
5/4074.png;4;1;0;0
5/4075.png;4;1;0;0
5/4076.png;4;1;0;0
5/4077.png;4;1;0;0
5/4078.png;4;1;0;0
5/4079.png;4;1;0;0
5/4080.png;4;1;0;0
5/4081.png;4;1;0;0
5/4082.png;4;1;0;0
5/4083.png;4;1;0;0
5/4084.png;4;1;0;0
5/4085.png;4;1;0;0
5/4086.png;4;1;0;0
5/4087.png;4;1;0;0
5/4088.png;4;1;0;0
5/4089.png;4;1;0;0
5/4090.png;4;1;0;0
5/4091.png;4;1;0;0
5/4092.png;4;1;0;0
5/4093.png;4;1;0;0
5/4094.png;4;1;0;0
5/4095.png;4;1;0;0
5/4096.png;4;1;0;0
5/4097.png;4;1;0;0
5/4098.png;4;1;0;0
5/4099.png;4;1;0;0
5/4100.png;4;1;0;0
5/4101.png;4;1;0;0
5/4102.png;4;1;0;0
5/4103.png;4;1;0;0
5/4104.png;4;1;0;0
5/4105.png;4;1;0;0
5/4106.png;4;1;0;0
5/4107.png;4;1;0;0
5/4108.png;4;1;0;0
5/4109.png;4;1;0;0
5/4110.png;4;1;0;0
5/4111.png;4;1;0;0
5/4112.png;4;1;0;0
5/4113.png;4;1;0;0
5/4114.png;4;1;0;0
5/4115.png;4;1;0;0
5/4116.png;4;1;0;0
5/4117.png;4;1;0;0
5/4118.png;4;1;0;0
5/4119.png;4;1;0;0
5/4120.png;4;1;0;0
5/4121.png;4;1;0;0
5/4122.png;4;1;0;0
5/4123.png;4;1;0;0
5/4124.png;4;1;0;0
5/4125.png;4;1;0;0
5/4126.png;4;1;0;0
5/4127.png;4;1;0;0
5/4128.png;4;1;0;0
5/4129.png;4;1;0;0
5/4130.png;4;1;0;0
5/4131.png;4;1;0;0
5/4132.png;4;1;0;0
5/4133.png;4;1;0;0
5/4134.png;4;1;0;0
5/4135.png;4;1;0;0
5/4136.png;4;1;0;0
5/4137.png;4;1;0;0
5/4138.png;4;1;0;0
5/4139.png;4;1;0;0
5/4140.png;4;1;0;0
5/4141.png;4;1;0;0
5/4142.png;4;1;0;0
5/4143.png;4;1;0;0
5/4144.png;4;1;0;0
5/4145.png;4;1;0;0
5/4146.png;4;1;0;0
5/4147.png;4;1;0;0
5/4148.png;4;1;0;0
5/4149.png;4;1;0;0
5/4150.png;4;1;0;0
5/4151.png;4;1;0;0
5/4152.png;4;1;0;0
5/4153.png;4;1;0;0
5/4154.png;4;1;0;0
5/4155.png;4;1;0;0
5/4156.png;4;1;0;0
5/4157.png;4;1;0;0
5/4158.png;4;1;0;0
5/4159.png;4;1;0;0
5/4160.png;4;1;0;0
5/4161.png;4;1;0;0
5/4162.png;4;1;0;0
5/4163.png;4;1;0;0
5/4164.png;4;1;0;0
5/4165.png;4;1;0;0
5/4166.png;4;1;0;0
5/4167.png;4;1;0;0
5/4168.png;4;1;0;0
5/4169.png;4;1;0;0
5/4170.png;4;1;0;0
5/4171.png;4;1;0;0
5/4172.png;4;1;0;0
5/4173.png;4;1;0;0
5/4174.png;4;1;0;0
5/4175.png;4;1;0;0
5/4176.png;4;1;0;0
5/4177.png;4;1;0;0
5/4178.png;4;1;0;0
5/4179.png;4;1;0;0
5/4180.png;4;1;0;0
5/4181.png;4;1;0;0
5/4182.png;4;1;0;0
5/4183.png;4;1;0;0
5/4184.png;4;1;0;0
5/4185.png;4;1;0;0
5/4186.png;4;1;0;0
5/4187.png;4;1;0;0
5/4188.png;4;1;0;0
5/4189.png;4;1;0;0
5/4190.png;4;1;0;0
5/4191.png;4;1;0;0
5/4192.png;4;1;0;0
5/4193.png;4;1;0;0
5/4194.png;4;1;0;0
5/4195.png;4;1;0;0
5/4196.png;4;1;0;0
5/4197.png;4;1;0;0
5/4198.png;4;1;0;0
5/4199.png;4;1;0;0
5/4200.png;4;1;0;0
5/4201.png;4;1;0;0
5/4202.png;4;1;0;0
5/4203.png;4;1;0;0
5/4204.png;4;1;0;0
5/4205.png;4;1;0;0
5/4206.png;4;1;0;0
5/4207.png;4;1;0;0
5/4208.png;4;1;0;0
5/4209.png;4;1;0;0
5/4210.png;4;1;0;0
5/4211.png;4;1;0;0
5/4212.png;4;1;0;0
5/4213.png;4;1;0;0
5/4214.png;4;1;0;0
5/4215.png;4;1;0;0
5/4216.png;4;1;0;0
5/4217.png;4;1;0;0
5/4218.png;4;1;0;0
5/4219.png;4;1;0;0
5/4220.png;4;1;0;0
5/4221.png;4;1;0;0
5/4222.png;4;1;0;0
5/4223.png;4;1;0;0
5/4224.png;4;1;0;0
5/4225.png;4;1;0;0
5/4226.png;4;1;0;0
5/4227.png;4;1;0;0
5/4228.png;4;1;0;0
5/4229.png;4;1;0;0
5/4230.png;4;1;0;0
5/4231.png;4;1;0;0
5/4232.png;4;1;0;0
5/4233.png;4;1;0;0
5/4234.png;4;1;0;0
5/4235.png;4;1;0;0
5/4236.png;4;1;0;0
5/4237.png;4;1;0;0
5/4238.png;4;1;0;0
5/4239.png;4;1;0;0
5/4240.png;4;1;0;0
5/4241.png;4;1;0;0
5/4242.png;4;1;0;0
5/4243.png;4;1;0;0
5/4244.png;4;1;0;0
5/4245.png;4;1;0;0
5/4246.png;4;1;0;0
5/4247.png;4;1;0;0
5/4248.png;4;1;0;0
5/4249.png;4;1;0;0
5/4250.png;4;1;0;0
5/4251.png;4;1;0;0
5/4252.png;4;1;0;0
5/4253.png;4;1;0;0
5/4254.png;4;1;0;0
5/4255.png;4;1;0;0
5/4256.png;4;1;0;0
5/4257.png;4;1;0;0
5/4258.png;4;1;0;0
5/4259.png;4;1;0;0
5/4260.png;4;1;0;0
5/4261.png;4;1;0;0
5/4262.png;4;1;0;0
5/4263.png;4;1;0;0
5/4264.png;4;1;0;0
5/4265.png;4;1;0;0
5/4266.png;4;1;0;0
5/4267.png;4;1;0;0
5/4268.png;4;1;0;0
5/4269.png;4;1;0;0
5/4270.png;4;1;0;0
5/4271.png;4;1;0;0
5/4272.png;4;1;0;0
5/4273.png;4;1;0;0
5/4274.png;4;1;0;0
5/4275.png;4;1;0;0
5/4276.png;4;1;0;0
5/4277.png;4;1;0;0
5/4278.png;4;1;0;0
5/4279.png;4;1;0;0
5/4280.png;4;1;0;0
5/4281.png;4;1;0;0
5/4282.png;4;1;0;0
5/4283.png;4;1;0;0
5/4284.png;4;1;0;0
5/4285.png;4;1;0;0
5/4286.png;4;1;0;0
5/4287.png;4;1;0;0
5/4288.png;4;1;0;0
5/4289.png;4;1;0;0
5/4290.png;4;1;0;0
5/4291.png;4;1;0;0
5/4292.png;4;1;0;0
5/4293.png;4;1;0;0
5/4294.png;4;1;0;0
5/4295.png;4;1;0;0
5/4296.png;4;1;0;0
5/4297.png;4;1;0;0
5/4298.png;4;1;0;0
5/4299.png;4;1;0;0
5/4300.png;4;1;0;0
5/4301.png;4;1;0;0
5/4302.png;4;1;0;0
5/4303.png;4;1;0;0
5/4304.png;4;1;0;0
5/4305.png;4;1;0;0
5/4306.png;4;1;0;0
5/4307.png;4;1;0;0
5/4308.png;4;1;0;0
5/4309.png;4;1;0;0
5/4310.png;4;1;0;0
5/4311.png;4;1;0;0
5/4312.png;4;1;0;0
5/4313.png;4;1;0;0
5/4314.png;4;1;0;0
5/4315.png;4;1;0;0
5/4316.png;4;1;0;0
5/4317.png;4;1;0;0
5/4318.png;4;1;0;0
5/4319.png;4;1;0;0
5/4320.png;4;1;0;0
5/4321.png;4;1;0;0
5/4322.png;4;1;0;0
5/4323.png;4;1;0;0
5/4324.png;4;1;0;0
5/4325.png;4;1;0;0
5/4326.png;4;1;0;0
5/4327.png;4;1;0;0
5/4328.png;4;1;0;0
5/4329.png;4;1;0;0
5/4330.png;4;1;0;0
5/4331.png;4;1;0;0
5/4332.png;4;1;0;0
5/4333.png;4;1;0;0
5/4334.png;4;1;0;0
5/4335.png;4;1;0;0
5/4336.png;4;1;0;0
5/4337.png;4;1;0;0
5/4338.png;4;1;0;0
5/4339.png;4;1;0;0
5/4340.png;4;1;0;0
5/4341.png;4;1;0;0
5/4342.png;4;1;0;0
5/4343.png;4;1;0;0
5/4344.png;4;1;0;0
5/4345.png;4;1;0;0
5/4346.png;4;1;0;0
5/4347.png;4;1;0;0
5/4348.png;4;1;0;0
5/4349.png;4;1;0;0
5/4350.png;4;1;0;0
5/4351.png;4;1;0;0
5/4352.png;4;1;0;0
5/4353.png;4;1;0;0
5/4354.png;4;1;0;0
5/4355.png;4;1;0;0
5/4356.png;4;1;0;0
5/4357.png;4;1;0;0
5/4358.png;4;1;0;0
5/4359.png;4;1;0;0
5/4360.png;4;1;0;0
5/4361.png;4;1;0;0
5/4362.png;4;1;0;0
5/4363.png;4;1;0;0
5/4364.png;4;1;0;0
5/4365.png;4;1;0;0
5/4366.png;4;1;0;0
5/4367.png;4;1;0;0
5/4368.png;4;1;0;0
5/4369.png;4;1;0;0
5/4370.png;4;1;0;0
5/4371.png;4;1;0;0
5/4372.png;4;1;0;0
5/4373.png;4;1;0;0
5/4374.png;4;1;0;0
5/4375.png;4;1;0;0
5/4376.png;4;1;0;0
5/4377.png;4;1;0;0
5/4378.png;4;1;0;0
5/4379.png;4;1;0;0
5/4380.png;4;1;0;0
5/4381.png;4;1;0;0
5/4382.png;4;1;0;0
5/4383.png;4;1;0;0
5/4384.png;4;1;0;0
5/4385.png;4;1;0;0
5/4386.png;4;1;0;0
5/4387.png;4;1;0;0
5/4388.png;4;1;0;0
5/4389.png;4;1;0;0
5/4390.png;4;1;0;0
5/4391.png;4;1;0;0
5/4392.png;4;1;0;0
5/4393.png;4;1;0;0
5/4394.png;4;1;0;0
5/4395.png;4;1;0;0
5/4396.png;4;1;0;0
5/4397.png;4;1;0;0
5/4398.png;4;1;0;0
5/4399.png;4;1;0;0
5/4400.png;4;1;0;0
5/4401.png;4;1;0;0
5/4402.png;4;1;0;0
5/4403.png;4;1;0;0
5/4404.png;4;1;0;0
5/4405.png;4;1;0;0
5/4406.png;4;1;0;0
5/4407.png;4;1;0;0
5/4408.png;4;1;0;0
5/4409.png;4;1;0;0
5/4410.png;4;1;0;0
5/4411.png;4;1;0;0
5/4412.png;4;1;0;0
5/4413.png;4;1;0;0
5/4414.png;4;1;0;0
5/4415.png;4;1;0;0
5/4416.png;4;1;0;0
5/4417.png;4;1;0;0
5/4418.png;4;1;0;0
5/4419.png;4;1;0;0
5/4420.png;4;1;0;0
5/4421.png;4;1;0;0
5/4422.png;4;1;0;0
5/4423.png;4;1;0;0
5/4424.png;4;1;0;0
5/4425.png;4;1;0;0
5/4426.png;4;1;0;0
5/4427.png;4;1;0;0
5/4428.png;4;1;0;0
5/4429.png;4;1;0;0
5/4430.png;4;1;0;0
5/4431.png;4;1;0;0
5/4432.png;4;1;0;0
5/4433.png;4;1;0;0
5/4434.png;4;1;0;0
5/4435.png;4;1;0;0
5/4436.png;4;1;0;0
5/4437.png;4;1;0;0
5/4438.png;4;1;0;0
5/4439.png;4;1;0;0
5/4440.png;4;1;0;0
5/4441.png;4;1;0;0
5/4442.png;4;1;0;0
5/4443.png;4;1;0;0
5/4444.png;4;1;0;0
5/4445.png;4;1;0;0
5/4446.png;4;1;0;0
5/4447.png;4;1;0;0
5/4448.png;4;1;0;0
5/4449.png;4;1;0;0
5/4450.png;4;1;0;0
5/4451.png;4;1;0;0
5/4452.png;4;1;0;0
5/4453.png;4;1;0;0
5/4454.png;4;1;0;0
5/4455.png;4;1;0;0
5/4456.png;4;1;0;0
5/4457.png;4;1;0;0
5/4458.png;4;1;0;0
5/4459.png;4;1;0;0
5/4460.png;4;1;0;0
5/4461.png;4;1;0;0
5/4462.png;4;1;0;0
5/4463.png;4;1;0;0
5/4464.png;4;1;0;0
5/4465.png;4;1;0;0
5/4466.png;4;1;0;0
5/4467.png;4;1;0;0
5/4468.png;4;1;0;0
5/4469.png;4;1;0;0
5/4470.png;4;1;0;0
5/4471.png;4;1;0;0
5/4472.png;4;1;0;0
5/4473.png;4;1;0;0
5/4474.png;4;1;0;0
5/4475.png;4;1;0;0
5/4476.png;4;1;0;0
5/4477.png;4;1;0;0
5/4478.png;4;1;0;0
5/4479.png;4;1;0;0
5/4480.png;4;1;0;0
5/4481.png;4;1;0;0
5/4482.png;4;1;0;0
5/4483.png;4;1;0;0
5/4484.png;4;1;0;0
5/4485.png;4;1;0;0
5/4486.png;4;1;0;0
5/4487.png;4;1;0;0
5/4488.png;4;1;0;0
5/4489.png;4;1;0;0
5/4490.png;4;1;0;0
5/4491.png;4;1;0;0
5/4492.png;4;1;0;0
5/4493.png;4;1;0;0
5/4494.png;4;1;0;0
5/4495.png;4;1;0;0
5/4496.png;4;1;0;0
5/4497.png;4;1;0;0
5/4498.png;4;1;0;0
5/4499.png;4;1;0;0
5/4500.png;4;1;0;0
5/4501.png;4;1;0;0
5/4502.png;4;1;0;0
5/4503.png;4;1;0;0
5/4504.png;4;1;0;0
5/4505.png;4;1;0;0
5/4506.png;4;1;0;0
5/4507.png;4;1;0;0
5/4508.png;4;1;0;0
5/4509.png;4;1;0;0
5/4510.png;4;1;0;0
5/4511.png;4;1;0;0
5/4512.png;4;1;0;0
5/4513.png;4;1;0;0
5/4514.png;4;1;0;0
5/4515.png;4;1;0;0
5/4516.png;4;1;0;0
5/4517.png;4;1;0;0
5/4518.png;4;1;0;0
5/4519.png;4;1;0;0
5/4520.png;4;1;0;0
5/4521.png;4;1;0;0
5/4522.png;4;1;0;0
5/4523.png;4;1;0;0
5/4524.png;4;1;0;0
5/4525.png;4;1;0;0
5/4526.png;4;1;0;0
5/4527.png;4;1;0;0
5/4528.png;4;1;0;0
5/4529.png;4;1;0;0
5/4530.png;4;1;0;0
5/4531.png;4;1;0;0
5/4532.png;4;1;0;0
5/4533.png;4;1;0;0
5/4534.png;4;1;0;0
5/4535.png;4;1;0;0
5/4536.png;4;1;0;0
5/4537.png;4;1;0;0
5/4538.png;4;1;0;0
5/4539.png;4;1;0;0
5/4540.png;4;1;0;0
5/4541.png;4;1;0;0
5/4542.png;4;1;0;0
5/4543.png;4;1;0;0
5/4544.png;4;1;0;0
5/4545.png;4;1;0;0
5/4546.png;4;1;0;0
5/4547.png;4;1;0;0
5/4548.png;4;1;0;0
5/4549.png;4;1;0;0
5/4550.png;4;1;0;0
5/4551.png;4;1;0;0
5/4552.png;4;1;0;0
5/4553.png;4;1;0;0
5/4554.png;4;1;0;0
5/4555.png;4;1;0;0
5/4556.png;4;1;0;0
5/4557.png;4;1;0;0
5/4558.png;4;1;0;0
5/4559.png;4;1;0;0
5/4560.png;4;1;0;0
5/4561.png;4;1;0;0
5/4562.png;4;1;0;0
5/4563.png;4;1;0;0
5/4564.png;4;1;0;0
5/4565.png;4;1;0;0
5/4566.png;4;1;0;0
5/4567.png;4;1;0;0
5/4568.png;4;1;0;0
5/4569.png;4;1;0;0
5/4570.png;4;1;0;0
5/4571.png;4;1;0;0
5/4572.png;4;1;0;0
5/4573.png;4;1;0;0
5/4574.png;4;1;0;0
5/4575.png;4;1;0;0
5/4576.png;4;1;0;0
5/4577.png;4;1;0;0
5/4578.png;4;1;0;0
5/4579.png;4;1;0;0
5/4580.png;4;1;0;0
5/4581.png;4;1;0;0
5/4582.png;4;1;0;0
5/4583.png;4;1;0;0
5/4584.png;4;1;0;0
5/4585.png;4;1;0;0
5/4586.png;4;1;0;0
5/4587.png;4;1;0;0
5/4588.png;4;1;0;0
5/4589.png;4;1;0;0
5/4590.png;4;1;0;0
5/4591.png;4;1;0;0
5/4592.png;4;1;0;0
5/4593.png;4;1;0;0
5/4594.png;4;1;0;0
5/4595.png;4;1;0;0
5/4596.png;4;1;0;0
5/4597.png;4;1;0;0
5/4598.png;4;1;0;0
5/4599.png;4;1;0;0
5/4600.png;4;1;0;0
5/4601.png;4;1;0;0
5/4602.png;4;1;0;0
5/4603.png;4;1;0;0
5/4604.png;4;1;0;0
5/4605.png;4;1;0;0
5/4606.png;4;1;0;0
5/4607.png;4;1;0;0
5/4608.png;4;1;0;0
5/4609.png;4;1;0;0
5/4610.png;4;1;0;0
5/4611.png;4;1;0;0
5/4612.png;4;1;0;0
5/4613.png;4;1;0;0
5/4614.png;4;1;0;0
5/4615.png;4;1;0;0
5/4616.png;4;1;0;0
5/4617.png;4;1;0;0
5/4618.png;4;1;0;0
5/4619.png;4;1;0;0
5/4620.png;4;1;0;0
5/4621.png;4;1;0;0
5/4622.png;4;1;0;0
5/4623.png;4;1;0;0
5/4624.png;4;1;0;0
5/4625.png;4;1;0;0
5/4626.png;4;1;0;0
5/4627.png;4;1;0;0
5/4628.png;4;1;0;0
5/4629.png;4;1;0;0
5/4630.png;4;1;0;0
5/4631.png;4;1;0;0
5/4632.png;4;1;0;0
5/4633.png;4;1;0;0
5/4634.png;4;1;0;0
5/4635.png;4;1;0;0
5/4636.png;4;1;0;0
5/4637.png;4;1;0;0
5/4638.png;4;1;0;0
5/4639.png;4;1;0;0
5/4640.png;4;1;0;0
5/4641.png;4;1;0;0
5/4642.png;4;1;0;0
5/4643.png;4;1;0;0
5/4644.png;4;1;0;0
5/4645.png;4;1;0;0
5/4646.png;4;1;0;0
5/4647.png;4;1;0;0
5/4648.png;4;1;0;0
5/4649.png;4;1;0;0
5/4650.png;4;1;0;0
5/4651.png;4;1;0;0
5/4652.png;4;1;0;0
5/4653.png;4;1;0;0
5/4654.png;4;1;0;0
5/4655.png;4;1;0;0
5/4656.png;4;1;0;0
5/4657.png;4;1;0;0
5/4658.png;4;1;0;0
5/4659.png;4;1;0;0
5/4660.png;4;1;0;0
5/4661.png;4;1;0;0
5/4662.png;4;1;0;0
5/4663.png;4;1;0;0
5/4664.png;4;1;0;0
5/4665.png;4;1;0;0
5/4666.png;4;1;0;0
5/4667.png;4;1;0;0
5/4668.png;4;1;0;0
5/4669.png;4;1;0;0
5/4670.png;4;1;0;0
5/4671.png;4;1;0;0
5/4672.png;4;1;0;0
5/4673.png;4;1;0;0
5/4674.png;4;1;0;0
5/4675.png;4;1;0;0
5/4676.png;4;1;0;0
5/4677.png;4;1;0;0
5/4678.png;4;1;0;0
5/4679.png;4;1;0;0
5/4680.png;4;1;0;0
5/4681.png;4;1;0;0
5/4682.png;4;1;0;0
5/4683.png;4;1;0;0
5/4684.png;4;1;0;0
5/4685.png;4;1;0;0
5/4686.png;4;1;0;0
5/4687.png;4;1;0;0
5/4688.png;4;1;0;0
5/4689.png;4;1;0;0
5/4690.png;4;1;0;0
5/4691.png;4;1;0;0
5/4692.png;4;1;0;0
5/4693.png;4;1;0;0
5/4694.png;4;1;0;0
5/4695.png;4;1;0;0
5/4696.png;4;1;0;0
5/4697.png;4;1;0;0
5/4698.png;4;1;0;0
5/4699.png;4;1;0;0
5/4700.png;4;1;0;0
5/4701.png;4;1;0;0
5/4702.png;4;1;0;0
5/4703.png;4;1;0;0
5/4704.png;4;1;0;0
5/4705.png;4;1;0;0
5/4706.png;4;1;0;0
5/4707.png;4;1;0;0
5/4708.png;4;1;0;0
5/4709.png;4;1;0;0
5/4710.png;4;1;0;0
5/4711.png;4;1;0;0
5/4712.png;4;1;0;0
5/4713.png;4;1;0;0
5/4714.png;4;1;0;0
5/4715.png;4;1;0;0
5/4716.png;4;1;0;0
5/4717.png;4;1;0;0
5/4718.png;4;1;0;0
5/4719.png;4;1;0;0
5/4720.png;4;1;0;0
5/4721.png;4;1;0;0
5/4722.png;4;1;0;0
5/4723.png;4;1;0;0
5/4724.png;4;1;0;0
5/4725.png;4;1;0;0
5/4726.png;4;1;0;0
5/4727.png;4;1;0;0
5/4728.png;4;1;0;0
5/4729.png;4;1;0;0
5/4730.png;4;1;0;0
5/4731.png;4;1;0;0
5/4732.png;4;1;0;0
5/4733.png;4;1;0;0
5/4734.png;4;1;0;0
5/4735.png;4;1;0;0
5/4736.png;4;1;0;0
5/4737.png;4;1;0;0
5/4738.png;4;1;0;0
5/4739.png;4;1;0;0
5/4740.png;4;1;0;0
5/4741.png;4;1;0;0
5/4742.png;4;1;0;0
5/4743.png;4;1;0;0
5/4744.png;4;1;0;0
5/4745.png;4;1;0;0
5/4746.png;4;1;0;0
5/4747.png;4;1;0;0
5/4748.png;4;1;0;0
5/4749.png;4;1;0;0
5/4750.png;4;1;0;0
5/4751.png;4;1;0;0
5/4752.png;4;1;0;0
5/4753.png;4;1;0;0
5/4754.png;4;1;0;0
5/4755.png;4;1;0;0
5/4756.png;4;1;0;0
5/4757.png;4;1;0;0
5/4758.png;4;1;0;0
5/4759.png;4;1;0;0
5/4760.png;4;1;0;0
5/4761.png;4;1;0;0
5/4762.png;4;1;0;0
5/4763.png;4;1;0;0
5/4764.png;4;1;0;0
5/4765.png;4;1;0;0
5/4766.png;4;1;0;0
5/4767.png;4;1;0;0
5/4768.png;4;1;0;0
5/4769.png;4;1;0;0
5/4770.png;4;1;0;0
5/4771.png;4;1;0;0
5/4772.png;4;1;0;0
5/4773.png;4;1;0;0
5/4774.png;4;1;0;0
5/4775.png;4;1;0;0
5/4776.png;4;1;0;0
5/4777.png;4;1;0;0
5/4778.png;4;1;0;0
5/4779.png;4;1;0;0
5/4780.png;4;1;0;0
5/4781.png;4;1;0;0
5/4782.png;4;1;0;0
5/4783.png;4;1;0;0
5/4784.png;4;1;0;0
5/4785.png;4;1;0;0
5/4786.png;4;1;0;0
5/4787.png;4;1;0;0
5/4788.png;4;1;0;0
5/4789.png;4;1;0;0
5/4790.png;4;1;0;0
5/4791.png;4;1;0;0
5/4792.png;4;1;0;0
5/4793.png;4;1;0;0
5/4794.png;4;1;0;0
5/4795.png;4;1;0;0
5/4796.png;4;1;0;0
5/4797.png;4;1;0;0
5/4798.png;4;1;0;0
5/4799.png;4;1;0;0
5/4800.png;4;1;0;0
5/4801.png;4;1;0;0
5/4802.png;4;1;0;0
5/4803.png;4;1;0;0
5/4804.png;4;1;0;0
5/4805.png;4;1;0;0
5/4806.png;4;1;0;0
5/4807.png;4;1;0;0
5/4808.png;4;1;0;0
5/4809.png;4;1;0;0
5/4810.png;4;1;0;0
5/4811.png;4;1;0;0
5/4812.png;4;1;0;0
5/4813.png;4;1;0;0
5/4814.png;4;1;0;0
5/4815.png;4;1;0;0
5/4816.png;4;1;0;0
5/4817.png;4;1;0;0
5/4818.png;4;1;0;0
5/4819.png;4;1;0;0
5/4820.png;4;1;0;0
5/4821.png;4;1;0;0
5/4822.png;4;1;0;0
5/4823.png;4;1;0;0
5/4824.png;4;1;0;0
5/4825.png;4;1;0;0
5/4826.png;4;1;0;0
5/4827.png;4;1;0;0
5/4828.png;4;1;0;0
5/4829.png;4;1;0;0
5/4830.png;4;1;0;0
5/4831.png;4;1;0;0
5/4832.png;4;1;0;0
5/4833.png;4;1;0;0
5/4834.png;4;1;0;0
5/4835.png;4;1;0;0
5/4836.png;4;1;0;0
5/4837.png;4;1;0;0
5/4838.png;4;1;0;0
5/4839.png;4;1;0;0
5/4840.png;4;1;0;0
5/4841.png;4;1;0;0
5/4842.png;4;1;0;0
5/4843.png;4;1;0;0
5/4844.png;4;1;0;0
5/4845.png;4;1;0;0
5/4846.png;4;1;0;0
5/4847.png;4;1;0;0
5/4848.png;4;1;0;0
5/4849.png;4;1;0;0
5/4850.png;4;1;0;0
5/4851.png;4;1;0;0
5/4852.png;4;1;0;0
5/4853.png;4;1;0;0
5/4854.png;4;1;0;0
5/4855.png;4;1;0;0
5/4856.png;4;1;0;0
5/4857.png;4;1;0;0
5/4858.png;4;1;0;0
5/4859.png;4;1;0;0
5/4860.png;4;1;0;0
5/4861.png;4;1;0;0
5/4862.png;4;1;0;0
5/4863.png;4;1;0;0
5/4864.png;4;1;0;0
5/4865.png;4;1;0;0
5/4866.png;4;1;0;0
5/4867.png;4;1;0;0
5/4868.png;4;1;0;0
5/4869.png;4;1;0;0
5/4870.png;4;1;0;0
5/4871.png;4;1;0;0
5/4872.png;4;1;0;0
5/4873.png;4;1;0;0
5/4874.png;4;1;0;0
5/4875.png;4;1;0;0
5/4876.png;4;1;0;0
5/4877.png;4;1;0;0
5/4878.png;4;1;0;0
5/4879.png;4;1;0;0
5/4880.png;4;1;0;0
5/4881.png;4;1;0;0
5/4882.png;4;1;0;0
5/4883.png;4;1;0;0
5/4884.png;4;1;0;0
5/4885.png;4;1;0;0
5/4886.png;4;1;0;0
5/4887.png;4;1;0;0
5/4888.png;4;1;0;0
5/4889.png;4;1;0;0
5/4890.png;4;1;0;0
5/4891.png;4;1;0;0
5/4892.png;4;1;0;0
5/4893.png;4;1;0;0
5/4894.png;4;1;0;0
5/4895.png;4;1;0;0
5/4896.png;4;1;0;0
5/4897.png;4;1;0;0
5/4898.png;4;1;0;0
5/4899.png;4;1;0;0
5/4900.png;4;1;0;0
5/4901.png;4;1;0;0
5/4902.png;4;1;0;0
5/4903.png;4;1;0;0
5/4904.png;4;1;0;0
5/4905.png;4;1;0;0
5/4906.png;4;1;0;0
5/4907.png;4;1;0;0
5/4908.png;4;1;0;0
5/4909.png;4;1;0;0
5/4910.png;4;1;0;0
5/4911.png;4;1;0;0
5/4912.png;4;1;0;0
5/4913.png;4;1;0;0
5/4914.png;4;1;0;0
5/4915.png;4;1;0;0
5/4916.png;4;1;0;0
5/4917.png;4;1;0;0
5/4918.png;4;1;0;0
5/4919.png;4;1;0;0
5/4920.png;4;1;0;0
5/4921.png;4;1;0;0
5/4922.png;4;1;0;0
5/4923.png;4;1;0;0
5/4924.png;4;1;0;0
5/4925.png;4;1;0;0
5/4926.png;4;1;0;0
5/4927.png;4;1;0;0
5/4928.png;4;1;0;0
5/4929.png;4;1;0;0
5/4930.png;4;1;0;0
5/4931.png;4;1;0;0
5/4932.png;4;1;0;0
5/4933.png;4;1;0;0
5/4934.png;4;1;0;0
5/4935.png;4;1;0;0
5/4936.png;4;1;0;0
5/4937.png;4;1;0;0
5/4938.png;4;1;0;0
5/4939.png;4;1;0;0
5/4940.png;4;1;0;0
5/4941.png;4;1;0;0
5/4942.png;4;1;0;0
5/4943.png;4;1;0;0
5/4944.png;4;1;0;0
5/4945.png;4;1;0;0
5/4946.png;4;1;0;0
5/4947.png;4;1;0;0
5/4948.png;4;1;0;0
5/4949.png;4;1;0;0
5/4950.png;4;1;0;0
5/4951.png;4;1;0;0
5/4952.png;4;1;0;0
5/4953.png;4;1;0;0
5/4954.png;4;1;0;0
5/4955.png;4;1;0;0
5/4956.png;4;1;0;0
5/4957.png;4;1;0;0
5/4958.png;4;1;0;0
5/4959.png;4;1;0;0
5/4960.png;4;1;0;0
5/4961.png;4;1;0;0
5/4962.png;4;1;0;0
5/4963.png;4;1;0;0
5/4964.png;4;1;0;0
5/4965.png;4;1;0;0
5/4966.png;4;1;0;0
5/4967.png;4;1;0;0
5/4968.png;4;1;0;0
5/4969.png;4;1;0;0
5/4970.png;4;1;0;0
5/4971.png;4;1;0;0
5/4972.png;4;1;0;0
5/4973.png;4;1;0;0
5/4974.png;4;1;0;0
5/4975.png;4;1;0;0
5/4976.png;4;1;0;0
5/4977.png;4;1;0;0
5/4978.png;4;1;0;0
5/4979.png;4;1;0;0
5/4980.png;4;1;0;0
5/4981.png;4;1;0;0
5/4982.png;4;1;0;0
5/4983.png;4;1;0;0
5/4984.png;4;1;0;0
5/4985.png;4;1;0;0
5/4986.png;4;1;0;0
5/4987.png;4;1;0;0
5/4988.png;4;1;0;0
5/4989.png;4;1;0;0
5/4990.png;4;1;0;0
5/4991.png;4;1;0;0
5/4992.png;4;1;0;0
5/4993.png;4;1;0;0
5/4994.png;4;1;0;0
5/4995.png;4;1;0;0
5/4996.png;4;1;0;0
5/4997.png;4;1;0;0
5/4998.png;4;1;0;0
5/4999.png;4;1;0;0
5/5000.png;4;1;0;0
6/0001.png;5;1;0;0
6/0002.png;5;1;0;0
6/0003.png;5;1;0;0
6/0004.png;5;1;0;0
6/0005.png;5;1;0;0
6/0006.png;5;1;0;0
6/0007.png;5;1;0;0
6/0008.png;5;1;0;0
6/0009.png;5;1;0;0
6/0010.png;5;1;0;0
6/0011.png;5;1;0;0
6/0012.png;5;1;0;0
6/0013.png;5;1;0;0
6/0014.png;5;1;0;0
6/0015.png;5;1;0;0
6/0016.png;5;1;0;0
6/0017.png;5;1;0;0
6/0018.png;5;1;0;0
6/0019.png;5;1;0;0
6/0020.png;5;1;0;0
6/0021.png;5;1;0;0
6/0022.png;5;1;0;0
6/0023.png;5;1;0;0
6/0024.png;5;1;0;0
6/0025.png;5;1;0;0
6/0026.png;5;1;0;0
6/0027.png;5;1;0;0
6/0028.png;5;1;0;0
6/0029.png;5;1;0;0
6/0030.png;5;1;0;0
6/0031.png;5;1;0;0
6/0032.png;5;1;0;0
6/0033.png;5;1;0;0
6/0034.png;5;1;0;0
6/0035.png;5;1;0;0
6/0036.png;5;1;0;0
6/0037.png;5;1;0;0
6/0038.png;5;1;0;0
6/0039.png;5;1;0;0
6/0040.png;5;1;0;0
6/0041.png;5;1;0;0
6/0042.png;5;1;0;0
6/0043.png;5;1;0;0
6/0044.png;5;1;0;0
6/0045.png;5;1;0;0
6/0046.png;5;1;0;0
6/0047.png;5;1;0;0
6/0048.png;5;1;0;0
6/0049.png;5;1;0;0
6/0050.png;5;1;0;0
6/0051.png;5;1;0;0
6/0052.png;5;1;0;0
6/0053.png;5;1;0;0
6/0054.png;5;1;0;0
6/0055.png;5;1;0;0
6/0056.png;5;1;0;0
6/0057.png;5;1;0;0
6/0058.png;5;1;0;0
6/0059.png;5;1;0;0
6/0060.png;5;1;0;0
6/0061.png;5;1;0;0
6/0062.png;5;1;0;0
6/0063.png;5;1;0;0
6/0064.png;5;1;0;0
6/0065.png;5;1;0;0
6/0066.png;5;1;0;0
6/0067.png;5;1;0;0
6/0068.png;5;1;0;0
6/0069.png;5;1;0;0
6/0070.png;5;1;0;0
6/0071.png;5;1;0;0
6/0072.png;5;1;0;0
6/0073.png;5;1;0;0
6/0074.png;5;1;0;0
6/0075.png;5;1;0;0
6/0076.png;5;1;0;0
6/0077.png;5;1;0;0
6/0078.png;5;1;0;0
6/0079.png;5;1;0;0
6/0080.png;5;1;0;0
6/0081.png;5;1;0;0
6/0082.png;5;1;0;0
6/0083.png;5;1;0;0
6/0084.png;5;1;0;0
6/0085.png;5;1;0;0
6/0086.png;5;1;0;0
6/0087.png;5;1;0;0
6/0088.png;5;1;0;0
6/0089.png;5;1;0;0
6/0090.png;5;1;0;0
6/0091.png;5;1;0;0
6/0092.png;5;1;0;0
6/0093.png;5;1;0;0
6/0094.png;5;1;0;0
6/0095.png;5;1;0;0
6/0096.png;5;1;0;0
6/0097.png;5;1;0;0
6/0098.png;5;1;0;0
6/0099.png;5;1;0;0
6/0100.png;5;1;0;0
6/0101.png;5;1;0;0
6/0102.png;5;1;0;0
6/0103.png;5;1;0;0
6/0104.png;5;1;0;0
6/0105.png;5;1;0;0
6/0106.png;5;1;0;0
6/0107.png;5;1;0;0
6/0108.png;5;1;0;0
6/0109.png;5;1;0;0
6/0110.png;5;1;0;0
6/0111.png;5;1;0;0
6/0112.png;5;1;0;0
6/0113.png;5;1;0;0
6/0114.png;5;1;0;0
6/0115.png;5;1;0;0
6/0116.png;5;1;0;0
6/0117.png;5;1;0;0
6/0118.png;5;1;0;0
6/0119.png;5;1;0;0
6/0120.png;5;1;0;0
6/0121.png;5;1;0;0
6/0122.png;5;1;0;0
6/0123.png;5;1;0;0
6/0124.png;5;1;0;0
6/0125.png;5;1;0;0
6/0126.png;5;1;0;0
6/0127.png;5;1;0;0
6/0128.png;5;1;0;0
6/0129.png;5;1;0;0
6/0130.png;5;1;0;0
6/0131.png;5;1;0;0
6/0132.png;5;1;0;0
6/0133.png;5;1;0;0
6/0134.png;5;1;0;0
6/0135.png;5;1;0;0
6/0136.png;5;1;0;0
6/0137.png;5;1;0;0
6/0138.png;5;1;0;0
6/0139.png;5;1;0;0
6/0140.png;5;1;0;0
6/0141.png;5;1;0;0
6/0142.png;5;1;0;0
6/0143.png;5;1;0;0
6/0144.png;5;1;0;0
6/0145.png;5;1;0;0
6/0146.png;5;1;0;0
6/0147.png;5;1;0;0
6/0148.png;5;1;0;0
6/0149.png;5;1;0;0
6/0150.png;5;1;0;0
6/0151.png;5;1;0;0
6/0152.png;5;1;0;0
6/0153.png;5;1;0;0
6/0154.png;5;1;0;0
6/0155.png;5;1;0;0
6/0156.png;5;1;0;0
6/0157.png;5;1;0;0
6/0158.png;5;1;0;0
6/0159.png;5;1;0;0
6/0160.png;5;1;0;0
6/0161.png;5;1;0;0
6/0162.png;5;1;0;0
6/0163.png;5;1;0;0
6/0164.png;5;1;0;0
6/0165.png;5;1;0;0
6/0166.png;5;1;0;0
6/0167.png;5;1;0;0
6/0168.png;5;1;0;0
6/0169.png;5;1;0;0
6/0170.png;5;1;0;0
6/0171.png;5;1;0;0
6/0172.png;5;1;0;0
6/0173.png;5;1;0;0
6/0174.png;5;1;0;0
6/0175.png;5;1;0;0
6/0176.png;5;1;0;0
6/0177.png;5;1;0;0
6/0178.png;5;1;0;0
6/0179.png;5;1;0;0
6/0180.png;5;1;0;0
6/0181.png;5;1;0;0
6/0182.png;5;1;0;0
6/0183.png;5;1;0;0
6/0184.png;5;1;0;0
6/0185.png;5;1;0;0
6/0186.png;5;1;0;0
6/0187.png;5;1;0;0
6/0188.png;5;1;0;0
6/0189.png;5;1;0;0
6/0190.png;5;1;0;0
6/0191.png;5;1;0;0
6/0192.png;5;1;0;0
6/0193.png;5;1;0;0
6/0194.png;5;1;0;0
6/0195.png;5;1;0;0
6/0196.png;5;1;0;0
6/0197.png;5;1;0;0
6/0198.png;5;1;0;0
6/0199.png;5;1;0;0
6/0200.png;5;1;0;0
6/0201.png;5;1;0;0
6/0202.png;5;1;0;0
6/0203.png;5;1;0;0
6/0204.png;5;1;0;0
6/0205.png;5;1;0;0
6/0206.png;5;1;0;0
6/0207.png;5;1;0;0
6/0208.png;5;1;0;0
6/0209.png;5;1;0;0
6/0210.png;5;1;0;0
6/0211.png;5;1;0;0
6/0212.png;5;1;0;0
6/0213.png;5;1;0;0
6/0214.png;5;1;0;0
6/0215.png;5;1;0;0
6/0216.png;5;1;0;0
6/0217.png;5;1;0;0
6/0218.png;5;1;0;0
6/0219.png;5;1;0;0
6/0220.png;5;1;0;0
6/0221.png;5;1;0;0
6/0222.png;5;1;0;0
6/0223.png;5;1;0;0
6/0224.png;5;1;0;0
6/0225.png;5;1;0;0
6/0226.png;5;1;0;0
6/0227.png;5;1;0;0
6/0228.png;5;1;0;0
6/0229.png;5;1;0;0
6/0230.png;5;1;0;0
6/0231.png;5;1;0;0
6/0232.png;5;1;0;0
6/0233.png;5;1;0;0
6/0234.png;5;1;0;0
6/0235.png;5;1;0;0
6/0236.png;5;1;0;0
6/0237.png;5;1;0;0
6/0238.png;5;1;0;0
6/0239.png;5;1;0;0
6/0240.png;5;1;0;0
6/0241.png;5;1;0;0
6/0242.png;5;1;0;0
6/0243.png;5;1;0;0
6/0244.png;5;1;0;0
6/0245.png;5;1;0;0
6/0246.png;5;1;0;0
6/0247.png;5;1;0;0
6/0248.png;5;1;0;0
6/0249.png;5;1;0;0
6/0250.png;5;1;0;0
6/0251.png;5;1;0;0
6/0252.png;5;1;0;0
6/0253.png;5;1;0;0
6/0254.png;5;1;0;0
6/0255.png;5;1;0;0
6/0256.png;5;1;0;0
6/0257.png;5;1;0;0
6/0258.png;5;1;0;0
6/0259.png;5;1;0;0
6/0260.png;5;1;0;0
6/0261.png;5;1;0;0
6/0262.png;5;1;0;0
6/0263.png;5;1;0;0
6/0264.png;5;1;0;0
6/0265.png;5;1;0;0
6/0266.png;5;1;0;0
6/0267.png;5;1;0;0
6/0268.png;5;1;0;0
6/0269.png;5;1;0;0
6/0270.png;5;1;0;0
6/0271.png;5;1;0;0
6/0272.png;5;1;0;0
6/0273.png;5;1;0;0
6/0274.png;5;1;0;0
6/0275.png;5;1;0;0
6/0276.png;5;1;0;0
6/0277.png;5;1;0;0
6/0278.png;5;1;0;0
6/0279.png;5;1;0;0
6/0280.png;5;1;0;0
6/0281.png;5;1;0;0
6/0282.png;5;1;0;0
6/0283.png;5;1;0;0
6/0284.png;5;1;0;0
6/0285.png;5;1;0;0
6/0286.png;5;1;0;0
6/0287.png;5;1;0;0
6/0288.png;5;1;0;0
6/0289.png;5;1;0;0
6/0290.png;5;1;0;0
6/0291.png;5;1;0;0
6/0292.png;5;1;0;0
6/0293.png;5;1;0;0
6/0294.png;5;1;0;0
6/0295.png;5;1;0;0
6/0296.png;5;1;0;0
6/0297.png;5;1;0;0
6/0298.png;5;1;0;0
6/0299.png;5;1;0;0
6/0300.png;5;1;0;0
6/0301.png;5;1;0;0
6/0302.png;5;1;0;0
6/0303.png;5;1;0;0
6/0304.png;5;1;0;0
6/0305.png;5;1;0;0
6/0306.png;5;1;0;0
6/0307.png;5;1;0;0
6/0308.png;5;1;0;0
6/0309.png;5;1;0;0
6/0310.png;5;1;0;0
6/0311.png;5;1;0;0
6/0312.png;5;1;0;0
6/0313.png;5;1;0;0
6/0314.png;5;1;0;0
6/0315.png;5;1;0;0
6/0316.png;5;1;0;0
6/0317.png;5;1;0;0
6/0318.png;5;1;0;0
6/0319.png;5;1;0;0
6/0320.png;5;1;0;0
6/0321.png;5;1;0;0
6/0322.png;5;1;0;0
6/0323.png;5;1;0;0
6/0324.png;5;1;0;0
6/0325.png;5;1;0;0
6/0326.png;5;1;0;0
6/0327.png;5;1;0;0
6/0328.png;5;1;0;0
6/0329.png;5;1;0;0
6/0330.png;5;1;0;0
6/0331.png;5;1;0;0
6/0332.png;5;1;0;0
6/0333.png;5;1;0;0
6/0334.png;5;1;0;0
6/0335.png;5;1;0;0
6/0336.png;5;1;0;0
6/0337.png;5;1;0;0
6/0338.png;5;1;0;0
6/0339.png;5;1;0;0
6/0340.png;5;1;0;0
6/0341.png;5;1;0;0
6/0342.png;5;1;0;0
6/0343.png;5;1;0;0
6/0344.png;5;1;0;0
6/0345.png;5;1;0;0
6/0346.png;5;1;0;0
6/0347.png;5;1;0;0
6/0348.png;5;1;0;0
6/0349.png;5;1;0;0
6/0350.png;5;1;0;0
6/0351.png;5;1;0;0
6/0352.png;5;1;0;0
6/0353.png;5;1;0;0
6/0354.png;5;1;0;0
6/0355.png;5;1;0;0
6/0356.png;5;1;0;0
6/0357.png;5;1;0;0
6/0358.png;5;1;0;0
6/0359.png;5;1;0;0
6/0360.png;5;1;0;0
6/0361.png;5;1;0;0
6/0362.png;5;1;0;0
6/0363.png;5;1;0;0
6/0364.png;5;1;0;0
6/0365.png;5;1;0;0
6/0366.png;5;1;0;0
6/0367.png;5;1;0;0
6/0368.png;5;1;0;0
6/0369.png;5;1;0;0
6/0370.png;5;1;0;0
6/0371.png;5;1;0;0
6/0372.png;5;1;0;0
6/0373.png;5;1;0;0
6/0374.png;5;1;0;0
6/0375.png;5;1;0;0
6/0376.png;5;1;0;0
6/0377.png;5;1;0;0
6/0378.png;5;1;0;0
6/0379.png;5;1;0;0
6/0380.png;5;1;0;0
6/0381.png;5;1;0;0
6/0382.png;5;1;0;0
6/0383.png;5;1;0;0
6/0384.png;5;1;0;0
6/0385.png;5;1;0;0
6/0386.png;5;1;0;0
6/0387.png;5;1;0;0
6/0388.png;5;1;0;0
6/0389.png;5;1;0;0
6/0390.png;5;1;0;0
6/0391.png;5;1;0;0
6/0392.png;5;1;0;0
6/0393.png;5;1;0;0
6/0394.png;5;1;0;0
6/0395.png;5;1;0;0
6/0396.png;5;1;0;0
6/0397.png;5;1;0;0
6/0398.png;5;1;0;0
6/0399.png;5;1;0;0
6/0400.png;5;1;0;0
6/0401.png;5;1;0;0
6/0402.png;5;1;0;0
6/0403.png;5;1;0;0
6/0404.png;5;1;0;0
6/0405.png;5;1;0;0
6/0406.png;5;1;0;0
6/0407.png;5;1;0;0
6/0408.png;5;1;0;0
6/0409.png;5;1;0;0
6/0410.png;5;1;0;0
6/0411.png;5;1;0;0
6/0412.png;5;1;0;0
6/0413.png;5;1;0;0
6/0414.png;5;1;0;0
6/0415.png;5;1;0;0
6/0416.png;5;1;0;0
6/0417.png;5;1;0;0
6/0418.png;5;1;0;0
6/0419.png;5;1;0;0
6/0420.png;5;1;0;0
6/0421.png;5;1;0;0
6/0422.png;5;1;0;0
6/0423.png;5;1;0;0
6/0424.png;5;1;0;0
6/0425.png;5;1;0;0
6/0426.png;5;1;0;0
6/0427.png;5;1;0;0
6/0428.png;5;1;0;0
6/0429.png;5;1;0;0
6/0430.png;5;1;0;0
6/0431.png;5;1;0;0
6/0432.png;5;1;0;0
6/0433.png;5;1;0;0
6/0434.png;5;1;0;0
6/0435.png;5;1;0;0
6/0436.png;5;1;0;0
6/0437.png;5;1;0;0
6/0438.png;5;1;0;0
6/0439.png;5;1;0;0
6/0440.png;5;1;0;0
6/0441.png;5;1;0;0
6/0442.png;5;1;0;0
6/0443.png;5;1;0;0
6/0444.png;5;1;0;0
6/0445.png;5;1;0;0
6/0446.png;5;1;0;0
6/0447.png;5;1;0;0
6/0448.png;5;1;0;0
6/0449.png;5;1;0;0
6/0450.png;5;1;0;0
6/0451.png;5;1;0;0
6/0452.png;5;1;0;0
6/0453.png;5;1;0;0
6/0454.png;5;1;0;0
6/0455.png;5;1;0;0
6/0456.png;5;1;0;0
6/0457.png;5;1;0;0
6/0458.png;5;1;0;0
6/0459.png;5;1;0;0
6/0460.png;5;1;0;0
6/0461.png;5;1;0;0
6/0462.png;5;1;0;0
6/0463.png;5;1;0;0
6/0464.png;5;1;0;0
6/0465.png;5;1;0;0
6/0466.png;5;1;0;0
6/0467.png;5;1;0;0
6/0468.png;5;1;0;0
6/0469.png;5;1;0;0
6/0470.png;5;1;0;0
6/0471.png;5;1;0;0
6/0472.png;5;1;0;0
6/0473.png;5;1;0;0
6/0474.png;5;1;0;0
6/0475.png;5;1;0;0
6/0476.png;5;1;0;0
6/0477.png;5;1;0;0
6/0478.png;5;1;0;0
6/0479.png;5;1;0;0
6/0480.png;5;1;0;0
6/0481.png;5;1;0;0
6/0482.png;5;1;0;0
6/0483.png;5;1;0;0
6/0484.png;5;1;0;0
6/0485.png;5;1;0;0
6/0486.png;5;1;0;0
6/0487.png;5;1;0;0
6/0488.png;5;1;0;0
6/0489.png;5;1;0;0
6/0490.png;5;1;0;0
6/0491.png;5;1;0;0
6/0492.png;5;1;0;0
6/0493.png;5;1;0;0
6/0494.png;5;1;0;0
6/0495.png;5;1;0;0
6/0496.png;5;1;0;0
6/0497.png;5;1;0;0
6/0498.png;5;1;0;0
6/0499.png;5;1;0;0
6/0500.png;5;1;0;0
6/0501.png;5;1;0;0
6/0502.png;5;1;0;0
6/0503.png;5;1;0;0
6/0504.png;5;1;0;0
6/0505.png;5;1;0;0
6/0506.png;5;1;0;0
6/0507.png;5;1;0;0
6/0508.png;5;1;0;0
6/0509.png;5;1;0;0
6/0510.png;5;1;0;0
6/0511.png;5;1;0;0
6/0512.png;5;1;0;0
6/0513.png;5;1;0;0
6/0514.png;5;1;0;0
6/0515.png;5;1;0;0
6/0516.png;5;1;0;0
6/0517.png;5;1;0;0
6/0518.png;5;1;0;0
6/0519.png;5;1;0;0
6/0520.png;5;1;0;0
6/0521.png;5;1;0;0
6/0522.png;5;1;0;0
6/0523.png;5;1;0;0
6/0524.png;5;1;0;0
6/0525.png;5;1;0;0
6/0526.png;5;1;0;0
6/0527.png;5;1;0;0
6/0528.png;5;1;0;0
6/0529.png;5;1;0;0
6/0530.png;5;1;0;0
6/0531.png;5;1;0;0
6/0532.png;5;1;0;0
6/0533.png;5;1;0;0
6/0534.png;5;1;0;0
6/0535.png;5;1;0;0
6/0536.png;5;1;0;0
6/0537.png;5;1;0;0
6/0538.png;5;1;0;0
6/0539.png;5;1;0;0
6/0540.png;5;1;0;0
6/0541.png;5;1;0;0
6/0542.png;5;1;0;0
6/0543.png;5;1;0;0
6/0544.png;5;1;0;0
6/0545.png;5;1;0;0
6/0546.png;5;1;0;0
6/0547.png;5;1;0;0
6/0548.png;5;1;0;0
6/0549.png;5;1;0;0
6/0550.png;5;1;0;0
6/0551.png;5;1;0;0
6/0552.png;5;1;0;0
6/0553.png;5;1;0;0
6/0554.png;5;1;0;0
6/0555.png;5;1;0;0
6/0556.png;5;1;0;0
6/0557.png;5;1;0;0
6/0558.png;5;1;0;0
6/0559.png;5;1;0;0
6/0560.png;5;1;0;0
6/0561.png;5;1;0;0
6/0562.png;5;1;0;0
6/0563.png;5;1;0;0
6/0564.png;5;1;0;0
6/0565.png;5;1;0;0
6/0566.png;5;1;0;0
6/0567.png;5;1;0;0
6/0568.png;5;1;0;0
6/0569.png;5;1;0;0
6/0570.png;5;1;0;0
6/0571.png;5;1;0;0
6/0572.png;5;1;0;0
6/0573.png;5;1;0;0
6/0574.png;5;1;0;0
6/0575.png;5;1;0;0
6/0576.png;5;1;0;0
6/0577.png;5;1;0;0
6/0578.png;5;1;0;0
6/0579.png;5;1;0;0
6/0580.png;5;1;0;0
6/0581.png;5;1;0;0
6/0582.png;5;1;0;0
6/0583.png;5;1;0;0
6/0584.png;5;1;0;0
6/0585.png;5;1;0;0
6/0586.png;5;1;0;0
6/0587.png;5;1;0;0
6/0588.png;5;1;0;0
6/0589.png;5;1;0;0
6/0590.png;5;1;0;0
6/0591.png;5;1;0;0
6/0592.png;5;1;0;0
6/0593.png;5;1;0;0
6/0594.png;5;1;0;0
6/0595.png;5;1;0;0
6/0596.png;5;1;0;0
6/0597.png;5;1;0;0
6/0598.png;5;1;0;0
6/0599.png;5;1;0;0
6/0600.png;5;1;0;0
6/0601.png;5;1;0;0
6/0602.png;5;1;0;0
6/0603.png;5;1;0;0
6/0604.png;5;1;0;0
6/0605.png;5;1;0;0
6/0606.png;5;1;0;0
6/0607.png;5;1;0;0
6/0608.png;5;1;0;0
6/0609.png;5;1;0;0
6/0610.png;5;1;0;0
6/0611.png;5;1;0;0
6/0612.png;5;1;0;0
6/0613.png;5;1;0;0
6/0614.png;5;1;0;0
6/0615.png;5;1;0;0
6/0616.png;5;1;0;0
6/0617.png;5;1;0;0
6/0618.png;5;1;0;0
6/0619.png;5;1;0;0
6/0620.png;5;1;0;0
6/0621.png;5;1;0;0
6/0622.png;5;1;0;0
6/0623.png;5;1;0;0
6/0624.png;5;1;0;0
6/0625.png;5;1;0;0
6/0626.png;5;1;0;0
6/0627.png;5;1;0;0
6/0628.png;5;1;0;0
6/0629.png;5;1;0;0
6/0630.png;5;1;0;0
6/0631.png;5;1;0;0
6/0632.png;5;1;0;0
6/0633.png;5;1;0;0
6/0634.png;5;1;0;0
6/0635.png;5;1;0;0
6/0636.png;5;1;0;0
6/0637.png;5;1;0;0
6/0638.png;5;1;0;0
6/0639.png;5;1;0;0
6/0640.png;5;1;0;0
6/0641.png;5;1;0;0
6/0642.png;5;1;0;0
6/0643.png;5;1;0;0
6/0644.png;5;1;0;0
6/0645.png;5;1;0;0
6/0646.png;5;1;0;0
6/0647.png;5;1;0;0
6/0648.png;5;1;0;0
6/0649.png;5;1;0;0
6/0650.png;5;1;0;0
6/0651.png;5;1;0;0
6/0652.png;5;1;0;0
6/0653.png;5;1;0;0
6/0654.png;5;1;0;0
6/0655.png;5;1;0;0
6/0656.png;5;1;0;0
6/0657.png;5;1;0;0
6/0658.png;5;1;0;0
6/0659.png;5;1;0;0
6/0660.png;5;1;0;0
6/0661.png;5;1;0;0
6/0662.png;5;1;0;0
6/0663.png;5;1;0;0
6/0664.png;5;1;0;0
6/0665.png;5;1;0;0
6/0666.png;5;1;0;0
6/0667.png;5;1;0;0
6/0668.png;5;1;0;0
6/0669.png;5;1;0;0
6/0670.png;5;1;0;0
6/0671.png;5;1;0;0
6/0672.png;5;1;0;0
6/0673.png;5;1;0;0
6/0674.png;5;1;0;0
6/0675.png;5;1;0;0
6/0676.png;5;1;0;0
6/0677.png;5;1;0;0
6/0678.png;5;1;0;0
6/0679.png;5;1;0;0
6/0680.png;5;1;0;0
6/0681.png;5;1;0;0
6/0682.png;5;1;0;0
6/0683.png;5;1;0;0
6/0684.png;5;1;0;0
6/0685.png;5;1;0;0
6/0686.png;5;1;0;0
6/0687.png;5;1;0;0
6/0688.png;5;1;0;0
6/0689.png;5;1;0;0
6/0690.png;5;1;0;0
6/0691.png;5;1;0;0
6/0692.png;5;1;0;0
6/0693.png;5;1;0;0
6/0694.png;5;1;0;0
6/0695.png;5;1;0;0
6/0696.png;5;1;0;0
6/0697.png;5;1;0;0
6/0698.png;5;1;0;0
6/0699.png;5;1;0;0
6/0700.png;5;1;0;0
6/0701.png;5;1;0;0
6/0702.png;5;1;0;0
6/0703.png;5;1;0;0
6/0704.png;5;1;0;0
6/0705.png;5;1;0;0
6/0706.png;5;1;0;0
6/0707.png;5;1;0;0
6/0708.png;5;1;0;0
6/0709.png;5;1;0;0
6/0710.png;5;1;0;0
6/0711.png;5;1;0;0
6/0712.png;5;1;0;0
6/0713.png;5;1;0;0
6/0714.png;5;1;0;0
6/0715.png;5;1;0;0
6/0716.png;5;1;0;0
6/0717.png;5;1;0;0
6/0718.png;5;1;0;0
6/0719.png;5;1;0;0
6/0720.png;5;1;0;0
6/0721.png;5;1;0;0
6/0722.png;5;1;0;0
6/0723.png;5;1;0;0
6/0724.png;5;1;0;0
6/0725.png;5;1;0;0
6/0726.png;5;1;0;0
6/0727.png;5;1;0;0
6/0728.png;5;1;0;0
6/0729.png;5;1;0;0
6/0730.png;5;1;0;0
6/0731.png;5;1;0;0
6/0732.png;5;1;0;0
6/0733.png;5;1;0;0
6/0734.png;5;1;0;0
6/0735.png;5;1;0;0
6/0736.png;5;1;0;0
6/0737.png;5;1;0;0
6/0738.png;5;1;0;0
6/0739.png;5;1;0;0
6/0740.png;5;1;0;0
6/0741.png;5;1;0;0
6/0742.png;5;1;0;0
6/0743.png;5;1;0;0
6/0744.png;5;1;0;0
6/0745.png;5;1;0;0
6/0746.png;5;1;0;0
6/0747.png;5;1;0;0
6/0748.png;5;1;0;0
6/0749.png;5;1;0;0
6/0750.png;5;1;0;0
6/0751.png;5;1;0;0
6/0752.png;5;1;0;0
6/0753.png;5;1;0;0
6/0754.png;5;1;0;0
6/0755.png;5;1;0;0
6/0756.png;5;1;0;0
6/0757.png;5;1;0;0
6/0758.png;5;1;0;0
6/0759.png;5;1;0;0
6/0760.png;5;1;0;0
6/0761.png;5;1;0;0
6/0762.png;5;1;0;0
6/0763.png;5;1;0;0
6/0764.png;5;1;0;0
6/0765.png;5;1;0;0
6/0766.png;5;1;0;0
6/0767.png;5;1;0;0
6/0768.png;5;1;0;0
6/0769.png;5;1;0;0
6/0770.png;5;1;0;0
6/0771.png;5;1;0;0
6/0772.png;5;1;0;0
6/0773.png;5;1;0;0
6/0774.png;5;1;0;0
6/0775.png;5;1;0;0
6/0776.png;5;1;0;0
6/0777.png;5;1;0;0
6/0778.png;5;1;0;0
6/0779.png;5;1;0;0
6/0780.png;5;1;0;0
6/0781.png;5;1;0;0
6/0782.png;5;1;0;0
6/0783.png;5;1;0;0
6/0784.png;5;1;0;0
6/0785.png;5;1;0;0
6/0786.png;5;1;0;0
6/0787.png;5;1;0;0
6/0788.png;5;1;0;0
6/0789.png;5;1;0;0
6/0790.png;5;1;0;0
6/0791.png;5;1;0;0
6/0792.png;5;1;0;0
6/0793.png;5;1;0;0
6/0794.png;5;1;0;0
6/0795.png;5;1;0;0
6/0796.png;5;1;0;0
6/0797.png;5;1;0;0
6/0798.png;5;1;0;0
6/0799.png;5;1;0;0
6/0800.png;5;1;0;0
6/0801.png;5;1;0;0
6/0802.png;5;1;0;0
6/0803.png;5;1;0;0
6/0804.png;5;1;0;0
6/0805.png;5;1;0;0
6/0806.png;5;1;0;0
6/0807.png;5;1;0;0
6/0808.png;5;1;0;0
6/0809.png;5;1;0;0
6/0810.png;5;1;0;0
6/0811.png;5;1;0;0
6/0812.png;5;1;0;0
6/0813.png;5;1;0;0
6/0814.png;5;1;0;0
6/0815.png;5;1;0;0
6/0816.png;5;1;0;0
6/0817.png;5;1;0;0
6/0818.png;5;1;0;0
6/0819.png;5;1;0;0
6/0820.png;5;1;0;0
6/0821.png;5;1;0;0
6/0822.png;5;1;0;0
6/0823.png;5;1;0;0
6/0824.png;5;1;0;0
6/0825.png;5;1;0;0
6/0826.png;5;1;0;0
6/0827.png;5;1;0;0
6/0828.png;5;1;0;0
6/0829.png;5;1;0;0
6/0830.png;5;1;0;0
6/0831.png;5;1;0;0
6/0832.png;5;1;0;0
6/0833.png;5;1;0;0
6/0834.png;5;1;0;0
6/0835.png;5;1;0;0
6/0836.png;5;1;0;0
6/0837.png;5;1;0;0
6/0838.png;5;1;0;0
6/0839.png;5;1;0;0
6/0840.png;5;1;0;0
6/0841.png;5;1;0;0
6/0842.png;5;1;0;0
6/0843.png;5;1;0;0
6/0844.png;5;1;0;0
6/0845.png;5;1;0;0
6/0846.png;5;1;0;0
6/0847.png;5;1;0;0
6/0848.png;5;1;0;0
6/0849.png;5;1;0;0
6/0850.png;5;1;0;0
6/0851.png;5;1;0;0
6/0852.png;5;1;0;0
6/0853.png;5;1;0;0
6/0854.png;5;1;0;0
6/0855.png;5;1;0;0
6/0856.png;5;1;0;0
6/0857.png;5;1;0;0
6/0858.png;5;1;0;0
6/0859.png;5;1;0;0
6/0860.png;5;1;0;0
6/0861.png;5;1;0;0
6/0862.png;5;1;0;0
6/0863.png;5;1;0;0
6/0864.png;5;1;0;0
6/0865.png;5;1;0;0
6/0866.png;5;1;0;0
6/0867.png;5;1;0;0
6/0868.png;5;1;0;0
6/0869.png;5;1;0;0
6/0870.png;5;1;0;0
6/0871.png;5;1;0;0
6/0872.png;5;1;0;0
6/0873.png;5;1;0;0
6/0874.png;5;1;0;0
6/0875.png;5;1;0;0
6/0876.png;5;1;0;0
6/0877.png;5;1;0;0
6/0878.png;5;1;0;0
6/0879.png;5;1;0;0
6/0880.png;5;1;0;0
6/0881.png;5;1;0;0
6/0882.png;5;1;0;0
6/0883.png;5;1;0;0
6/0884.png;5;1;0;0
6/0885.png;5;1;0;0
6/0886.png;5;1;0;0
6/0887.png;5;1;0;0
6/0888.png;5;1;0;0
6/0889.png;5;1;0;0
6/0890.png;5;1;0;0
6/0891.png;5;1;0;0
6/0892.png;5;1;0;0
6/0893.png;5;1;0;0
6/0894.png;5;1;0;0
6/0895.png;5;1;0;0
6/0896.png;5;1;0;0
6/0897.png;5;1;0;0
6/0898.png;5;1;0;0
6/0899.png;5;1;0;0
6/0900.png;5;1;0;0
6/0901.png;5;1;0;0
6/0902.png;5;1;0;0
6/0903.png;5;1;0;0
6/0904.png;5;1;0;0
6/0905.png;5;1;0;0
6/0906.png;5;1;0;0
6/0907.png;5;1;0;0
6/0908.png;5;1;0;0
6/0909.png;5;1;0;0
6/0910.png;5;1;0;0
6/0911.png;5;1;0;0
6/0912.png;5;1;0;0
6/0913.png;5;1;0;0
6/0914.png;5;1;0;0
6/0915.png;5;1;0;0
6/0916.png;5;1;0;0
6/0917.png;5;1;0;0
6/0918.png;5;1;0;0
6/0919.png;5;1;0;0
6/0920.png;5;1;0;0
6/0921.png;5;1;0;0
6/0922.png;5;1;0;0
6/0923.png;5;1;0;0
6/0924.png;5;1;0;0
6/0925.png;5;1;0;0
6/0926.png;5;1;0;0
6/0927.png;5;1;0;0
6/0928.png;5;1;0;0
6/0929.png;5;1;0;0
6/0930.png;5;1;0;0
6/0931.png;5;1;0;0
6/0932.png;5;1;0;0
6/0933.png;5;1;0;0
6/0934.png;5;1;0;0
6/0935.png;5;1;0;0
6/0936.png;5;1;0;0
6/0937.png;5;1;0;0
6/0938.png;5;1;0;0
6/0939.png;5;1;0;0
6/0940.png;5;1;0;0
6/0941.png;5;1;0;0
6/0942.png;5;1;0;0
6/0943.png;5;1;0;0
6/0944.png;5;1;0;0
6/0945.png;5;1;0;0
6/0946.png;5;1;0;0
6/0947.png;5;1;0;0
6/0948.png;5;1;0;0
6/0949.png;5;1;0;0
6/0950.png;5;1;0;0
6/0951.png;5;1;0;0
6/0952.png;5;1;0;0
6/0953.png;5;1;0;0
6/0954.png;5;1;0;0
6/0955.png;5;1;0;0
6/0956.png;5;1;0;0
6/0957.png;5;1;0;0
6/0958.png;5;1;0;0
6/0959.png;5;1;0;0
6/0960.png;5;1;0;0
6/0961.png;5;1;0;0
6/0962.png;5;1;0;0
6/0963.png;5;1;0;0
6/0964.png;5;1;0;0
6/0965.png;5;1;0;0
6/0966.png;5;1;0;0
6/0967.png;5;1;0;0
6/0968.png;5;1;0;0
6/0969.png;5;1;0;0
6/0970.png;5;1;0;0
6/0971.png;5;1;0;0
6/0972.png;5;1;0;0
6/0973.png;5;1;0;0
6/0974.png;5;1;0;0
6/0975.png;5;1;0;0
6/0976.png;5;1;0;0
6/0977.png;5;1;0;0
6/0978.png;5;1;0;0
6/0979.png;5;1;0;0
6/0980.png;5;1;0;0
6/0981.png;5;1;0;0
6/0982.png;5;1;0;0
6/0983.png;5;1;0;0
6/0984.png;5;1;0;0
6/0985.png;5;1;0;0
6/0986.png;5;1;0;0
6/0987.png;5;1;0;0
6/0988.png;5;1;0;0
6/0989.png;5;1;0;0
6/0990.png;5;1;0;0
6/0991.png;5;1;0;0
6/0992.png;5;1;0;0
6/0993.png;5;1;0;0
6/0994.png;5;1;0;0
6/0995.png;5;1;0;0
6/0996.png;5;1;0;0
6/0997.png;5;1;0;0
6/0998.png;5;1;0;0
6/0999.png;5;1;0;0
6/1000.png;5;1;0;0
6/1001.png;5;1;0;0
6/1002.png;5;1;0;0
6/1003.png;5;1;0;0
6/1004.png;5;1;0;0
6/1005.png;5;1;0;0
6/1006.png;5;1;0;0
6/1007.png;5;1;0;0
6/1008.png;5;1;0;0
6/1009.png;5;1;0;0
6/1010.png;5;1;0;0
6/1011.png;5;1;0;0
6/1012.png;5;1;0;0
6/1013.png;5;1;0;0
6/1014.png;5;1;0;0
6/1015.png;5;1;0;0
6/1016.png;5;1;0;0
6/1017.png;5;1;0;0
6/1018.png;5;1;0;0
6/1019.png;5;1;0;0
6/1020.png;5;1;0;0
6/1021.png;5;1;0;0
6/1022.png;5;1;0;0
6/1023.png;5;1;0;0
6/1024.png;5;1;0;0
6/1025.png;5;1;0;0
6/1026.png;5;1;0;0
6/1027.png;5;1;0;0
6/1028.png;5;1;0;0
6/1029.png;5;1;0;0
6/1030.png;5;1;0;0
6/1031.png;5;1;0;0
6/1032.png;5;1;0;0
6/1033.png;5;1;0;0
6/1034.png;5;1;0;0
6/1035.png;5;1;0;0
6/1036.png;5;1;0;0
6/1037.png;5;1;0;0
6/1038.png;5;1;0;0
6/1039.png;5;1;0;0
6/1040.png;5;1;0;0
6/1041.png;5;1;0;0
6/1042.png;5;1;0;0
6/1043.png;5;1;0;0
6/1044.png;5;1;0;0
6/1045.png;5;1;0;0
6/1046.png;5;1;0;0
6/1047.png;5;1;0;0
6/1048.png;5;1;0;0
6/1049.png;5;1;0;0
6/1050.png;5;1;0;0
6/1051.png;5;1;0;0
6/1052.png;5;1;0;0
6/1053.png;5;1;0;0
6/1054.png;5;1;0;0
6/1055.png;5;1;0;0
6/1056.png;5;1;0;0
6/1057.png;5;1;0;0
6/1058.png;5;1;0;0
6/1059.png;5;1;0;0
6/1060.png;5;1;0;0
6/1061.png;5;1;0;0
6/1062.png;5;1;0;0
6/1063.png;5;1;0;0
6/1064.png;5;1;0;0
6/1065.png;5;1;0;0
6/1066.png;5;1;0;0
6/1067.png;5;1;0;0
6/1068.png;5;1;0;0
6/1069.png;5;1;0;0
6/1070.png;5;1;0;0
6/1071.png;5;1;0;0
6/1072.png;5;1;0;0
6/1073.png;5;1;0;0
6/1074.png;5;1;0;0
6/1075.png;5;1;0;0
6/1076.png;5;1;0;0
6/1077.png;5;1;0;0
6/1078.png;5;1;0;0
6/1079.png;5;1;0;0
6/1080.png;5;1;0;0
6/1081.png;5;1;0;0
6/1082.png;5;1;0;0
6/1083.png;5;1;0;0
6/1084.png;5;1;0;0
6/1085.png;5;1;0;0
6/1086.png;5;1;0;0
6/1087.png;5;1;0;0
6/1088.png;5;1;0;0
6/1089.png;5;1;0;0
6/1090.png;5;1;0;0
6/1091.png;5;1;0;0
6/1092.png;5;1;0;0
6/1093.png;5;1;0;0
6/1094.png;5;1;0;0
6/1095.png;5;1;0;0
6/1096.png;5;1;0;0
6/1097.png;5;1;0;0
6/1098.png;5;1;0;0
6/1099.png;5;1;0;0
6/1100.png;5;1;0;0
6/1101.png;5;1;0;0
6/1102.png;5;1;0;0
6/1103.png;5;1;0;0
6/1104.png;5;1;0;0
6/1105.png;5;1;0;0
6/1106.png;5;1;0;0
6/1107.png;5;1;0;0
6/1108.png;5;1;0;0
6/1109.png;5;1;0;0
6/1110.png;5;1;0;0
6/1111.png;5;1;0;0
6/1112.png;5;1;0;0
6/1113.png;5;1;0;0
6/1114.png;5;1;0;0
6/1115.png;5;1;0;0
6/1116.png;5;1;0;0
6/1117.png;5;1;0;0
6/1118.png;5;1;0;0
6/1119.png;5;1;0;0
6/1120.png;5;1;0;0
6/1121.png;5;1;0;0
6/1122.png;5;1;0;0
6/1123.png;5;1;0;0
6/1124.png;5;1;0;0
6/1125.png;5;1;0;0
6/1126.png;5;1;0;0
6/1127.png;5;1;0;0
6/1128.png;5;1;0;0
6/1129.png;5;1;0;0
6/1130.png;5;1;0;0
6/1131.png;5;1;0;0
6/1132.png;5;1;0;0
6/1133.png;5;1;0;0
6/1134.png;5;1;0;0
6/1135.png;5;1;0;0
6/1136.png;5;1;0;0
6/1137.png;5;1;0;0
6/1138.png;5;1;0;0
6/1139.png;5;1;0;0
6/1140.png;5;1;0;0
6/1141.png;5;1;0;0
6/1142.png;5;1;0;0
6/1143.png;5;1;0;0
6/1144.png;5;1;0;0
6/1145.png;5;1;0;0
6/1146.png;5;1;0;0
6/1147.png;5;1;0;0
6/1148.png;5;1;0;0
6/1149.png;5;1;0;0
6/1150.png;5;1;0;0
6/1151.png;5;1;0;0
6/1152.png;5;1;0;0
6/1153.png;5;1;0;0
6/1154.png;5;1;0;0
6/1155.png;5;1;0;0
6/1156.png;5;1;0;0
6/1157.png;5;1;0;0
6/1158.png;5;1;0;0
6/1159.png;5;1;0;0
6/1160.png;5;1;0;0
6/1161.png;5;1;0;0
6/1162.png;5;1;0;0
6/1163.png;5;1;0;0
6/1164.png;5;1;0;0
6/1165.png;5;1;0;0
6/1166.png;5;1;0;0
6/1167.png;5;1;0;0
6/1168.png;5;1;0;0
6/1169.png;5;1;0;0
6/1170.png;5;1;0;0
6/1171.png;5;1;0;0
6/1172.png;5;1;0;0
6/1173.png;5;1;0;0
6/1174.png;5;1;0;0
6/1175.png;5;1;0;0
6/1176.png;5;1;0;0
6/1177.png;5;1;0;0
6/1178.png;5;1;0;0
6/1179.png;5;1;0;0
6/1180.png;5;1;0;0
6/1181.png;5;1;0;0
6/1182.png;5;1;0;0
6/1183.png;5;1;0;0
6/1184.png;5;1;0;0
6/1185.png;5;1;0;0
6/1186.png;5;1;0;0
6/1187.png;5;1;0;0
6/1188.png;5;1;0;0
6/1189.png;5;1;0;0
6/1190.png;5;1;0;0
6/1191.png;5;1;0;0
6/1192.png;5;1;0;0
6/1193.png;5;1;0;0
6/1194.png;5;1;0;0
6/1195.png;5;1;0;0
6/1196.png;5;1;0;0
6/1197.png;5;1;0;0
6/1198.png;5;1;0;0
6/1199.png;5;1;0;0
6/1200.png;5;1;0;0
6/1201.png;5;1;0;0
6/1202.png;5;1;0;0
6/1203.png;5;1;0;0
6/1204.png;5;1;0;0
6/1205.png;5;1;0;0
6/1206.png;5;1;0;0
6/1207.png;5;1;0;0
6/1208.png;5;1;0;0
6/1209.png;5;1;0;0
6/1210.png;5;1;0;0
6/1211.png;5;1;0;0
6/1212.png;5;1;0;0
6/1213.png;5;1;0;0
6/1214.png;5;1;0;0
6/1215.png;5;1;0;0
6/1216.png;5;1;0;0
6/1217.png;5;1;0;0
6/1218.png;5;1;0;0
6/1219.png;5;1;0;0
6/1220.png;5;1;0;0
6/1221.png;5;1;0;0
6/1222.png;5;1;0;0
6/1223.png;5;1;0;0
6/1224.png;5;1;0;0
6/1225.png;5;1;0;0
6/1226.png;5;1;0;0
6/1227.png;5;1;0;0
6/1228.png;5;1;0;0
6/1229.png;5;1;0;0
6/1230.png;5;1;0;0
6/1231.png;5;1;0;0
6/1232.png;5;1;0;0
6/1233.png;5;1;0;0
6/1234.png;5;1;0;0
6/1235.png;5;1;0;0
6/1236.png;5;1;0;0
6/1237.png;5;1;0;0
6/1238.png;5;1;0;0
6/1239.png;5;1;0;0
6/1240.png;5;1;0;0
6/1241.png;5;1;0;0
6/1242.png;5;1;0;0
6/1243.png;5;1;0;0
6/1244.png;5;1;0;0
6/1245.png;5;1;0;0
6/1246.png;5;1;0;0
6/1247.png;5;1;0;0
6/1248.png;5;1;0;0
6/1249.png;5;1;0;0
6/1250.png;5;1;0;0
6/1251.png;5;1;0;0
6/1252.png;5;1;0;0
6/1253.png;5;1;0;0
6/1254.png;5;1;0;0
6/1255.png;5;1;0;0
6/1256.png;5;1;0;0
6/1257.png;5;1;0;0
6/1258.png;5;1;0;0
6/1259.png;5;1;0;0
6/1260.png;5;1;0;0
6/1261.png;5;1;0;0
6/1262.png;5;1;0;0
6/1263.png;5;1;0;0
6/1264.png;5;1;0;0
6/1265.png;5;1;0;0
6/1266.png;5;1;0;0
6/1267.png;5;1;0;0
6/1268.png;5;1;0;0
6/1269.png;5;1;0;0
6/1270.png;5;1;0;0
6/1271.png;5;1;0;0
6/1272.png;5;1;0;0
6/1273.png;5;1;0;0
6/1274.png;5;1;0;0
6/1275.png;5;1;0;0
6/1276.png;5;1;0;0
6/1277.png;5;1;0;0
6/1278.png;5;1;0;0
6/1279.png;5;1;0;0
6/1280.png;5;1;0;0
6/1281.png;5;1;0;0
6/1282.png;5;1;0;0
6/1283.png;5;1;0;0
6/1284.png;5;1;0;0
6/1285.png;5;1;0;0
6/1286.png;5;1;0;0
6/1287.png;5;1;0;0
6/1288.png;5;1;0;0
6/1289.png;5;1;0;0
6/1290.png;5;1;0;0
6/1291.png;5;1;0;0
6/1292.png;5;1;0;0
6/1293.png;5;1;0;0
6/1294.png;5;1;0;0
6/1295.png;5;1;0;0
6/1296.png;5;1;0;0
6/1297.png;5;1;0;0
6/1298.png;5;1;0;0
6/1299.png;5;1;0;0
6/1300.png;5;1;0;0
6/1301.png;5;1;0;0
6/1302.png;5;1;0;0
6/1303.png;5;1;0;0
6/1304.png;5;1;0;0
6/1305.png;5;1;0;0
6/1306.png;5;1;0;0
6/1307.png;5;1;0;0
6/1308.png;5;1;0;0
6/1309.png;5;1;0;0
6/1310.png;5;1;0;0
6/1311.png;5;1;0;0
6/1312.png;5;1;0;0
6/1313.png;5;1;0;0
6/1314.png;5;1;0;0
6/1315.png;5;1;0;0
6/1316.png;5;1;0;0
6/1317.png;5;1;0;0
6/1318.png;5;1;0;0
6/1319.png;5;1;0;0
6/1320.png;5;1;0;0
6/1321.png;5;1;0;0
6/1322.png;5;1;0;0
6/1323.png;5;1;0;0
6/1324.png;5;1;0;0
6/1325.png;5;1;0;0
6/1326.png;5;1;0;0
6/1327.png;5;1;0;0
6/1328.png;5;1;0;0
6/1329.png;5;1;0;0
6/1330.png;5;1;0;0
6/1331.png;5;1;0;0
6/1332.png;5;1;0;0
6/1333.png;5;1;0;0
6/1334.png;5;1;0;0
6/1335.png;5;1;0;0
6/1336.png;5;1;0;0
6/1337.png;5;1;0;0
6/1338.png;5;1;0;0
6/1339.png;5;1;0;0
6/1340.png;5;1;0;0
6/1341.png;5;1;0;0
6/1342.png;5;1;0;0
6/1343.png;5;1;0;0
6/1344.png;5;1;0;0
6/1345.png;5;1;0;0
6/1346.png;5;1;0;0
6/1347.png;5;1;0;0
6/1348.png;5;1;0;0
6/1349.png;5;1;0;0
6/1350.png;5;1;0;0
6/1351.png;5;1;0;0
6/1352.png;5;1;0;0
6/1353.png;5;1;0;0
6/1354.png;5;1;0;0
6/1355.png;5;1;0;0
6/1356.png;5;1;0;0
6/1357.png;5;1;0;0
6/1358.png;5;1;0;0
6/1359.png;5;1;0;0
6/1360.png;5;1;0;0
6/1361.png;5;1;0;0
6/1362.png;5;1;0;0
6/1363.png;5;1;0;0
6/1364.png;5;1;0;0
6/1365.png;5;1;0;0
6/1366.png;5;1;0;0
6/1367.png;5;1;0;0
6/1368.png;5;1;0;0
6/1369.png;5;1;0;0
6/1370.png;5;1;0;0
6/1371.png;5;1;0;0
6/1372.png;5;1;0;0
6/1373.png;5;1;0;0
6/1374.png;5;1;0;0
6/1375.png;5;1;0;0
6/1376.png;5;1;0;0
6/1377.png;5;1;0;0
6/1378.png;5;1;0;0
6/1379.png;5;1;0;0
6/1380.png;5;1;0;0
6/1381.png;5;1;0;0
6/1382.png;5;1;0;0
6/1383.png;5;1;0;0
6/1384.png;5;1;0;0
6/1385.png;5;1;0;0
6/1386.png;5;1;0;0
6/1387.png;5;1;0;0
6/1388.png;5;1;0;0
6/1389.png;5;1;0;0
6/1390.png;5;1;0;0
6/1391.png;5;1;0;0
6/1392.png;5;1;0;0
6/1393.png;5;1;0;0
6/1394.png;5;1;0;0
6/1395.png;5;1;0;0
6/1396.png;5;1;0;0
6/1397.png;5;1;0;0
6/1398.png;5;1;0;0
6/1399.png;5;1;0;0
6/1400.png;5;1;0;0
6/1401.png;5;1;0;0
6/1402.png;5;1;0;0
6/1403.png;5;1;0;0
6/1404.png;5;1;0;0
6/1405.png;5;1;0;0
6/1406.png;5;1;0;0
6/1407.png;5;1;0;0
6/1408.png;5;1;0;0
6/1409.png;5;1;0;0
6/1410.png;5;1;0;0
6/1411.png;5;1;0;0
6/1412.png;5;1;0;0
6/1413.png;5;1;0;0
6/1414.png;5;1;0;0
6/1415.png;5;1;0;0
6/1416.png;5;1;0;0
6/1417.png;5;1;0;0
6/1418.png;5;1;0;0
6/1419.png;5;1;0;0
6/1420.png;5;1;0;0
6/1421.png;5;1;0;0
6/1422.png;5;1;0;0
6/1423.png;5;1;0;0
6/1424.png;5;1;0;0
6/1425.png;5;1;0;0
6/1426.png;5;1;0;0
6/1427.png;5;1;0;0
6/1428.png;5;1;0;0
6/1429.png;5;1;0;0
6/1430.png;5;1;0;0
6/1431.png;5;1;0;0
6/1432.png;5;1;0;0
6/1433.png;5;1;0;0
6/1434.png;5;1;0;0
6/1435.png;5;1;0;0
6/1436.png;5;1;0;0
6/1437.png;5;1;0;0
6/1438.png;5;1;0;0
6/1439.png;5;1;0;0
6/1440.png;5;1;0;0
6/1441.png;5;1;0;0
6/1442.png;5;1;0;0
6/1443.png;5;1;0;0
6/1444.png;5;1;0;0
6/1445.png;5;1;0;0
6/1446.png;5;1;0;0
6/1447.png;5;1;0;0
6/1448.png;5;1;0;0
6/1449.png;5;1;0;0
6/1450.png;5;1;0;0
6/1451.png;5;1;0;0
6/1452.png;5;1;0;0
6/1453.png;5;1;0;0
6/1454.png;5;1;0;0
6/1455.png;5;1;0;0
6/1456.png;5;1;0;0
6/1457.png;5;1;0;0
6/1458.png;5;1;0;0
6/1459.png;5;1;0;0
6/1460.png;5;1;0;0
6/1461.png;5;1;0;0
6/1462.png;5;1;0;0
6/1463.png;5;1;0;0
6/1464.png;5;1;0;0
6/1465.png;5;1;0;0
6/1466.png;5;1;0;0
6/1467.png;5;1;0;0
6/1468.png;5;1;0;0
6/1469.png;5;1;0;0
6/1470.png;5;1;0;0
6/1471.png;5;1;0;0
6/1472.png;5;1;0;0
6/1473.png;5;1;0;0
6/1474.png;5;1;0;0
6/1475.png;5;1;0;0
6/1476.png;5;1;0;0
6/1477.png;5;1;0;0
6/1478.png;5;1;0;0
6/1479.png;5;1;0;0
6/1480.png;5;1;0;0
6/1481.png;5;1;0;0
6/1482.png;5;1;0;0
6/1483.png;5;1;0;0
6/1484.png;5;1;0;0
6/1485.png;5;1;0;0
6/1486.png;5;1;0;0
6/1487.png;5;1;0;0
6/1488.png;5;1;0;0
6/1489.png;5;1;0;0
6/1490.png;5;1;0;0
6/1491.png;5;1;0;0
6/1492.png;5;1;0;0
6/1493.png;5;1;0;0
6/1494.png;5;1;0;0
6/1495.png;5;1;0;0
6/1496.png;5;1;0;0
6/1497.png;5;1;0;0
6/1498.png;5;1;0;0
6/1499.png;5;1;0;0
6/1500.png;5;1;0;0
6/1501.png;5;1;0;0
6/1502.png;5;1;0;0
6/1503.png;5;1;0;0
6/1504.png;5;1;0;0
6/1505.png;5;1;0;0
6/1506.png;5;1;0;0
6/1507.png;5;1;0;0
6/1508.png;5;1;0;0
6/1509.png;5;1;0;0
6/1510.png;5;1;0;0
6/1511.png;5;1;0;0
6/1512.png;5;1;0;0
6/1513.png;5;1;0;0
6/1514.png;5;1;0;0
6/1515.png;5;1;0;0
6/1516.png;5;1;0;0
6/1517.png;5;1;0;0
6/1518.png;5;1;0;0
6/1519.png;5;1;0;0
6/1520.png;5;1;0;0
6/1521.png;5;1;0;0
6/1522.png;5;1;0;0
6/1523.png;5;1;0;0
6/1524.png;5;1;0;0
6/1525.png;5;1;0;0
6/1526.png;5;1;0;0
6/1527.png;5;1;0;0
6/1528.png;5;1;0;0
6/1529.png;5;1;0;0
6/1530.png;5;1;0;0
6/1531.png;5;1;0;0
6/1532.png;5;1;0;0
6/1533.png;5;1;0;0
6/1534.png;5;1;0;0
6/1535.png;5;1;0;0
6/1536.png;5;1;0;0
6/1537.png;5;1;0;0
6/1538.png;5;1;0;0
6/1539.png;5;1;0;0
6/1540.png;5;1;0;0
6/1541.png;5;1;0;0
6/1542.png;5;1;0;0
6/1543.png;5;1;0;0
6/1544.png;5;1;0;0
6/1545.png;5;1;0;0
6/1546.png;5;1;0;0
6/1547.png;5;1;0;0
6/1548.png;5;1;0;0
6/1549.png;5;1;0;0
6/1550.png;5;1;0;0
6/1551.png;5;1;0;0
6/1552.png;5;1;0;0
6/1553.png;5;1;0;0
6/1554.png;5;1;0;0
6/1555.png;5;1;0;0
6/1556.png;5;1;0;0
6/1557.png;5;1;0;0
6/1558.png;5;1;0;0
6/1559.png;5;1;0;0
6/1560.png;5;1;0;0
6/1561.png;5;1;0;0
6/1562.png;5;1;0;0
6/1563.png;5;1;0;0
6/1564.png;5;1;0;0
6/1565.png;5;1;0;0
6/1566.png;5;1;0;0
6/1567.png;5;1;0;0
6/1568.png;5;1;0;0
6/1569.png;5;1;0;0
6/1570.png;5;1;0;0
6/1571.png;5;1;0;0
6/1572.png;5;1;0;0
6/1573.png;5;1;0;0
6/1574.png;5;1;0;0
6/1575.png;5;1;0;0
6/1576.png;5;1;0;0
6/1577.png;5;1;0;0
6/1578.png;5;1;0;0
6/1579.png;5;1;0;0
6/1580.png;5;1;0;0
6/1581.png;5;1;0;0
6/1582.png;5;1;0;0
6/1583.png;5;1;0;0
6/1584.png;5;1;0;0
6/1585.png;5;1;0;0
6/1586.png;5;1;0;0
6/1587.png;5;1;0;0
6/1588.png;5;1;0;0
6/1589.png;5;1;0;0
6/1590.png;5;1;0;0
6/1591.png;5;1;0;0
6/1592.png;5;1;0;0
6/1593.png;5;1;0;0
6/1594.png;5;1;0;0
6/1595.png;5;1;0;0
6/1596.png;5;1;0;0
6/1597.png;5;1;0;0
6/1598.png;5;1;0;0
6/1599.png;5;1;0;0
6/1600.png;5;1;0;0
6/1601.png;5;1;0;0
6/1602.png;5;1;0;0
6/1603.png;5;1;0;0
6/1604.png;5;1;0;0
6/1605.png;5;1;0;0
6/1606.png;5;1;0;0
6/1607.png;5;1;0;0
6/1608.png;5;1;0;0
6/1609.png;5;1;0;0
6/1610.png;5;1;0;0
6/1611.png;5;1;0;0
6/1612.png;5;1;0;0
6/1613.png;5;1;0;0
6/1614.png;5;1;0;0
6/1615.png;5;1;0;0
6/1616.png;5;1;0;0
6/1617.png;5;1;0;0
6/1618.png;5;1;0;0
6/1619.png;5;1;0;0
6/1620.png;5;1;0;0
6/1621.png;5;1;0;0
6/1622.png;5;1;0;0
6/1623.png;5;1;0;0
6/1624.png;5;1;0;0
6/1625.png;5;1;0;0
6/1626.png;5;1;0;0
6/1627.png;5;1;0;0
6/1628.png;5;1;0;0
6/1629.png;5;1;0;0
6/1630.png;5;1;0;0
6/1631.png;5;1;0;0
6/1632.png;5;1;0;0
6/1633.png;5;1;0;0
6/1634.png;5;1;0;0
6/1635.png;5;1;0;0
6/1636.png;5;1;0;0
6/1637.png;5;1;0;0
6/1638.png;5;1;0;0
6/1639.png;5;1;0;0
6/1640.png;5;1;0;0
6/1641.png;5;1;0;0
6/1642.png;5;1;0;0
6/1643.png;5;1;0;0
6/1644.png;5;1;0;0
6/1645.png;5;1;0;0
6/1646.png;5;1;0;0
6/1647.png;5;1;0;0
6/1648.png;5;1;0;0
6/1649.png;5;1;0;0
6/1650.png;5;1;0;0
6/1651.png;5;1;0;0
6/1652.png;5;1;0;0
6/1653.png;5;1;0;0
6/1654.png;5;1;0;0
6/1655.png;5;1;0;0
6/1656.png;5;1;0;0
6/1657.png;5;1;0;0
6/1658.png;5;1;0;0
6/1659.png;5;1;0;0
6/1660.png;5;1;0;0
6/1661.png;5;1;0;0
6/1662.png;5;1;0;0
6/1663.png;5;1;0;0
6/1664.png;5;1;0;0
6/1665.png;5;1;0;0
6/1666.png;5;1;0;0
6/1667.png;5;1;0;0
6/1668.png;5;1;0;0
6/1669.png;5;1;0;0
6/1670.png;5;1;0;0
6/1671.png;5;1;0;0
6/1672.png;5;1;0;0
6/1673.png;5;1;0;0
6/1674.png;5;1;0;0
6/1675.png;5;1;0;0
6/1676.png;5;1;0;0
6/1677.png;5;1;0;0
6/1678.png;5;1;0;0
6/1679.png;5;1;0;0
6/1680.png;5;1;0;0
6/1681.png;5;1;0;0
6/1682.png;5;1;0;0
6/1683.png;5;1;0;0
6/1684.png;5;1;0;0
6/1685.png;5;1;0;0
6/1686.png;5;1;0;0
6/1687.png;5;1;0;0
6/1688.png;5;1;0;0
6/1689.png;5;1;0;0
6/1690.png;5;1;0;0
6/1691.png;5;1;0;0
6/1692.png;5;1;0;0
6/1693.png;5;1;0;0
6/1694.png;5;1;0;0
6/1695.png;5;1;0;0
6/1696.png;5;1;0;0
6/1697.png;5;1;0;0
6/1698.png;5;1;0;0
6/1699.png;5;1;0;0
6/1700.png;5;1;0;0
6/1701.png;5;1;0;0
6/1702.png;5;1;0;0
6/1703.png;5;1;0;0
6/1704.png;5;1;0;0
6/1705.png;5;1;0;0
6/1706.png;5;1;0;0
6/1707.png;5;1;0;0
6/1708.png;5;1;0;0
6/1709.png;5;1;0;0
6/1710.png;5;1;0;0
6/1711.png;5;1;0;0
6/1712.png;5;1;0;0
6/1713.png;5;1;0;0
6/1714.png;5;1;0;0
6/1715.png;5;1;0;0
6/1716.png;5;1;0;0
6/1717.png;5;1;0;0
6/1718.png;5;1;0;0
6/1719.png;5;1;0;0
6/1720.png;5;1;0;0
6/1721.png;5;1;0;0
6/1722.png;5;1;0;0
6/1723.png;5;1;0;0
6/1724.png;5;1;0;0
6/1725.png;5;1;0;0
6/1726.png;5;1;0;0
6/1727.png;5;1;0;0
6/1728.png;5;1;0;0
6/1729.png;5;1;0;0
6/1730.png;5;1;0;0
6/1731.png;5;1;0;0
6/1732.png;5;1;0;0
6/1733.png;5;1;0;0
6/1734.png;5;1;0;0
6/1735.png;5;1;0;0
6/1736.png;5;1;0;0
6/1737.png;5;1;0;0
6/1738.png;5;1;0;0
6/1739.png;5;1;0;0
6/1740.png;5;1;0;0
6/1741.png;5;1;0;0
6/1742.png;5;1;0;0
6/1743.png;5;1;0;0
6/1744.png;5;1;0;0
6/1745.png;5;1;0;0
6/1746.png;5;1;0;0
6/1747.png;5;1;0;0
6/1748.png;5;1;0;0
6/1749.png;5;1;0;0
6/1750.png;5;1;0;0
6/1751.png;5;1;0;0
6/1752.png;5;1;0;0
6/1753.png;5;1;0;0
6/1754.png;5;1;0;0
6/1755.png;5;1;0;0
6/1756.png;5;1;0;0
6/1757.png;5;1;0;0
6/1758.png;5;1;0;0
6/1759.png;5;1;0;0
6/1760.png;5;1;0;0
6/1761.png;5;1;0;0
6/1762.png;5;1;0;0
6/1763.png;5;1;0;0
6/1764.png;5;1;0;0
6/1765.png;5;1;0;0
6/1766.png;5;1;0;0
6/1767.png;5;1;0;0
6/1768.png;5;1;0;0
6/1769.png;5;1;0;0
6/1770.png;5;1;0;0
6/1771.png;5;1;0;0
6/1772.png;5;1;0;0
6/1773.png;5;1;0;0
6/1774.png;5;1;0;0
6/1775.png;5;1;0;0
6/1776.png;5;1;0;0
6/1777.png;5;1;0;0
6/1778.png;5;1;0;0
6/1779.png;5;1;0;0
6/1780.png;5;1;0;0
6/1781.png;5;1;0;0
6/1782.png;5;1;0;0
6/1783.png;5;1;0;0
6/1784.png;5;1;0;0
6/1785.png;5;1;0;0
6/1786.png;5;1;0;0
6/1787.png;5;1;0;0
6/1788.png;5;1;0;0
6/1789.png;5;1;0;0
6/1790.png;5;1;0;0
6/1791.png;5;1;0;0
6/1792.png;5;1;0;0
6/1793.png;5;1;0;0
6/1794.png;5;1;0;0
6/1795.png;5;1;0;0
6/1796.png;5;1;0;0
6/1797.png;5;1;0;0
6/1798.png;5;1;0;0
6/1799.png;5;1;0;0
6/1800.png;5;1;0;0
6/1801.png;5;1;0;0
6/1802.png;5;1;0;0
6/1803.png;5;1;0;0
6/1804.png;5;1;0;0
6/1805.png;5;1;0;0
6/1806.png;5;1;0;0
6/1807.png;5;1;0;0
6/1808.png;5;1;0;0
6/1809.png;5;1;0;0
6/1810.png;5;1;0;0
6/1811.png;5;1;0;0
6/1812.png;5;1;0;0
6/1813.png;5;1;0;0
6/1814.png;5;1;0;0
6/1815.png;5;1;0;0
6/1816.png;5;1;0;0
6/1817.png;5;1;0;0
6/1818.png;5;1;0;0
6/1819.png;5;1;0;0
6/1820.png;5;1;0;0
6/1821.png;5;1;0;0
6/1822.png;5;1;0;0
6/1823.png;5;1;0;0
6/1824.png;5;1;0;0
6/1825.png;5;1;0;0
6/1826.png;5;1;0;0
6/1827.png;5;1;0;0
6/1828.png;5;1;0;0
6/1829.png;5;1;0;0
6/1830.png;5;1;0;0
6/1831.png;5;1;0;0
6/1832.png;5;1;0;0
6/1833.png;5;1;0;0
6/1834.png;5;1;0;0
6/1835.png;5;1;0;0
6/1836.png;5;1;0;0
6/1837.png;5;1;0;0
6/1838.png;5;1;0;0
6/1839.png;5;1;0;0
6/1840.png;5;1;0;0
6/1841.png;5;1;0;0
6/1842.png;5;1;0;0
6/1843.png;5;1;0;0
6/1844.png;5;1;0;0
6/1845.png;5;1;0;0
6/1846.png;5;1;0;0
6/1847.png;5;1;0;0
6/1848.png;5;1;0;0
6/1849.png;5;1;0;0
6/1850.png;5;1;0;0
6/1851.png;5;1;0;0
6/1852.png;5;1;0;0
6/1853.png;5;1;0;0
6/1854.png;5;1;0;0
6/1855.png;5;1;0;0
6/1856.png;5;1;0;0
6/1857.png;5;1;0;0
6/1858.png;5;1;0;0
6/1859.png;5;1;0;0
6/1860.png;5;1;0;0
6/1861.png;5;1;0;0
6/1862.png;5;1;0;0
6/1863.png;5;1;0;0
6/1864.png;5;1;0;0
6/1865.png;5;1;0;0
6/1866.png;5;1;0;0
6/1867.png;5;1;0;0
6/1868.png;5;1;0;0
6/1869.png;5;1;0;0
6/1870.png;5;1;0;0
6/1871.png;5;1;0;0
6/1872.png;5;1;0;0
6/1873.png;5;1;0;0
6/1874.png;5;1;0;0
6/1875.png;5;1;0;0
6/1876.png;5;1;0;0
6/1877.png;5;1;0;0
6/1878.png;5;1;0;0
6/1879.png;5;1;0;0
6/1880.png;5;1;0;0
6/1881.png;5;1;0;0
6/1882.png;5;1;0;0
6/1883.png;5;1;0;0
6/1884.png;5;1;0;0
6/1885.png;5;1;0;0
6/1886.png;5;1;0;0
6/1887.png;5;1;0;0
6/1888.png;5;1;0;0
6/1889.png;5;1;0;0
6/1890.png;5;1;0;0
6/1891.png;5;1;0;0
6/1892.png;5;1;0;0
6/1893.png;5;1;0;0
6/1894.png;5;1;0;0
6/1895.png;5;1;0;0
6/1896.png;5;1;0;0
6/1897.png;5;1;0;0
6/1898.png;5;1;0;0
6/1899.png;5;1;0;0
6/1900.png;5;1;0;0
6/1901.png;5;1;0;0
6/1902.png;5;1;0;0
6/1903.png;5;1;0;0
6/1904.png;5;1;0;0
6/1905.png;5;1;0;0
6/1906.png;5;1;0;0
6/1907.png;5;1;0;0
6/1908.png;5;1;0;0
6/1909.png;5;1;0;0
6/1910.png;5;1;0;0
6/1911.png;5;1;0;0
6/1912.png;5;1;0;0
6/1913.png;5;1;0;0
6/1914.png;5;1;0;0
6/1915.png;5;1;0;0
6/1916.png;5;1;0;0
6/1917.png;5;1;0;0
6/1918.png;5;1;0;0
6/1919.png;5;1;0;0
6/1920.png;5;1;0;0
6/1921.png;5;1;0;0
6/1922.png;5;1;0;0
6/1923.png;5;1;0;0
6/1924.png;5;1;0;0
6/1925.png;5;1;0;0
6/1926.png;5;1;0;0
6/1927.png;5;1;0;0
6/1928.png;5;1;0;0
6/1929.png;5;1;0;0
6/1930.png;5;1;0;0
6/1931.png;5;1;0;0
6/1932.png;5;1;0;0
6/1933.png;5;1;0;0
6/1934.png;5;1;0;0
6/1935.png;5;1;0;0
6/1936.png;5;1;0;0
6/1937.png;5;1;0;0
6/1938.png;5;1;0;0
6/1939.png;5;1;0;0
6/1940.png;5;1;0;0
6/1941.png;5;1;0;0
6/1942.png;5;1;0;0
6/1943.png;5;1;0;0
6/1944.png;5;1;0;0
6/1945.png;5;1;0;0
6/1946.png;5;1;0;0
6/1947.png;5;1;0;0
6/1948.png;5;1;0;0
6/1949.png;5;1;0;0
6/1950.png;5;1;0;0
6/1951.png;5;1;0;0
6/1952.png;5;1;0;0
6/1953.png;5;1;0;0
6/1954.png;5;1;0;0
6/1955.png;5;1;0;0
6/1956.png;5;1;0;0
6/1957.png;5;1;0;0
6/1958.png;5;1;0;0
6/1959.png;5;1;0;0
6/1960.png;5;1;0;0
6/1961.png;5;1;0;0
6/1962.png;5;1;0;0
6/1963.png;5;1;0;0
6/1964.png;5;1;0;0
6/1965.png;5;1;0;0
6/1966.png;5;1;0;0
6/1967.png;5;1;0;0
6/1968.png;5;1;0;0
6/1969.png;5;1;0;0
6/1970.png;5;1;0;0
6/1971.png;5;1;0;0
6/1972.png;5;1;0;0
6/1973.png;5;1;0;0
6/1974.png;5;1;0;0
6/1975.png;5;1;0;0
6/1976.png;5;1;0;0
6/1977.png;5;1;0;0
6/1978.png;5;1;0;0
6/1979.png;5;1;0;0
6/1980.png;5;1;0;0
6/1981.png;5;1;0;0
6/1982.png;5;1;0;0
6/1983.png;5;1;0;0
6/1984.png;5;1;0;0
6/1985.png;5;1;0;0
6/1986.png;5;1;0;0
6/1987.png;5;1;0;0
6/1988.png;5;1;0;0
6/1989.png;5;1;0;0
6/1990.png;5;1;0;0
6/1991.png;5;1;0;0
6/1992.png;5;1;0;0
6/1993.png;5;1;0;0
6/1994.png;5;1;0;0
6/1995.png;5;1;0;0
6/1996.png;5;1;0;0
6/1997.png;5;1;0;0
6/1998.png;5;1;0;0
6/1999.png;5;1;0;0
6/2000.png;5;1;0;0
6/2001.png;5;1;0;0
6/2002.png;5;1;0;0
6/2003.png;5;1;0;0
6/2004.png;5;1;0;0
6/2005.png;5;1;0;0
6/2006.png;5;1;0;0
6/2007.png;5;1;0;0
6/2008.png;5;1;0;0
6/2009.png;5;1;0;0
6/2010.png;5;1;0;0
6/2011.png;5;1;0;0
6/2012.png;5;1;0;0
6/2013.png;5;1;0;0
6/2014.png;5;1;0;0
6/2015.png;5;1;0;0
6/2016.png;5;1;0;0
6/2017.png;5;1;0;0
6/2018.png;5;1;0;0
6/2019.png;5;1;0;0
6/2020.png;5;1;0;0
6/2021.png;5;1;0;0
6/2022.png;5;1;0;0
6/2023.png;5;1;0;0
6/2024.png;5;1;0;0
6/2025.png;5;1;0;0
6/2026.png;5;1;0;0
6/2027.png;5;1;0;0
6/2028.png;5;1;0;0
6/2029.png;5;1;0;0
6/2030.png;5;1;0;0
6/2031.png;5;1;0;0
6/2032.png;5;1;0;0
6/2033.png;5;1;0;0
6/2034.png;5;1;0;0
6/2035.png;5;1;0;0
6/2036.png;5;1;0;0
6/2037.png;5;1;0;0
6/2038.png;5;1;0;0
6/2039.png;5;1;0;0
6/2040.png;5;1;0;0
6/2041.png;5;1;0;0
6/2042.png;5;1;0;0
6/2043.png;5;1;0;0
6/2044.png;5;1;0;0
6/2045.png;5;1;0;0
6/2046.png;5;1;0;0
6/2047.png;5;1;0;0
6/2048.png;5;1;0;0
6/2049.png;5;1;0;0
6/2050.png;5;1;0;0
6/2051.png;5;1;0;0
6/2052.png;5;1;0;0
6/2053.png;5;1;0;0
6/2054.png;5;1;0;0
6/2055.png;5;1;0;0
6/2056.png;5;1;0;0
6/2057.png;5;1;0;0
6/2058.png;5;1;0;0
6/2059.png;5;1;0;0
6/2060.png;5;1;0;0
6/2061.png;5;1;0;0
6/2062.png;5;1;0;0
6/2063.png;5;1;0;0
6/2064.png;5;1;0;0
6/2065.png;5;1;0;0
6/2066.png;5;1;0;0
6/2067.png;5;1;0;0
6/2068.png;5;1;0;0
6/2069.png;5;1;0;0
6/2070.png;5;1;0;0
6/2071.png;5;1;0;0
6/2072.png;5;1;0;0
6/2073.png;5;1;0;0
6/2074.png;5;1;0;0
6/2075.png;5;1;0;0
6/2076.png;5;1;0;0
6/2077.png;5;1;0;0
6/2078.png;5;1;0;0
6/2079.png;5;1;0;0
6/2080.png;5;1;0;0
6/2081.png;5;1;0;0
6/2082.png;5;1;0;0
6/2083.png;5;1;0;0
6/2084.png;5;1;0;0
6/2085.png;5;1;0;0
6/2086.png;5;1;0;0
6/2087.png;5;1;0;0
6/2088.png;5;1;0;0
6/2089.png;5;1;0;0
6/2090.png;5;1;0;0
6/2091.png;5;1;0;0
6/2092.png;5;1;0;0
6/2093.png;5;1;0;0
6/2094.png;5;1;0;0
6/2095.png;5;1;0;0
6/2096.png;5;1;0;0
6/2097.png;5;1;0;0
6/2098.png;5;1;0;0
6/2099.png;5;1;0;0
6/2100.png;5;1;0;0
6/2101.png;5;1;0;0
6/2102.png;5;1;0;0
6/2103.png;5;1;0;0
6/2104.png;5;1;0;0
6/2105.png;5;1;0;0
6/2106.png;5;1;0;0
6/2107.png;5;1;0;0
6/2108.png;5;1;0;0
6/2109.png;5;1;0;0
6/2110.png;5;1;0;0
6/2111.png;5;1;0;0
6/2112.png;5;1;0;0
6/2113.png;5;1;0;0
6/2114.png;5;1;0;0
6/2115.png;5;1;0;0
6/2116.png;5;1;0;0
6/2117.png;5;1;0;0
6/2118.png;5;1;0;0
6/2119.png;5;1;0;0
6/2120.png;5;1;0;0
6/2121.png;5;1;0;0
6/2122.png;5;1;0;0
6/2123.png;5;1;0;0
6/2124.png;5;1;0;0
6/2125.png;5;1;0;0
6/2126.png;5;1;0;0
6/2127.png;5;1;0;0
6/2128.png;5;1;0;0
6/2129.png;5;1;0;0
6/2130.png;5;1;0;0
6/2131.png;5;1;0;0
6/2132.png;5;1;0;0
6/2133.png;5;1;0;0
6/2134.png;5;1;0;0
6/2135.png;5;1;0;0
6/2136.png;5;1;0;0
6/2137.png;5;1;0;0
6/2138.png;5;1;0;0
6/2139.png;5;1;0;0
6/2140.png;5;1;0;0
6/2141.png;5;1;0;0
6/2142.png;5;1;0;0
6/2143.png;5;1;0;0
6/2144.png;5;1;0;0
6/2145.png;5;1;0;0
6/2146.png;5;1;0;0
6/2147.png;5;1;0;0
6/2148.png;5;1;0;0
6/2149.png;5;1;0;0
6/2150.png;5;1;0;0
6/2151.png;5;1;0;0
6/2152.png;5;1;0;0
6/2153.png;5;1;0;0
6/2154.png;5;1;0;0
6/2155.png;5;1;0;0
6/2156.png;5;1;0;0
6/2157.png;5;1;0;0
6/2158.png;5;1;0;0
6/2159.png;5;1;0;0
6/2160.png;5;1;0;0
6/2161.png;5;1;0;0
6/2162.png;5;1;0;0
6/2163.png;5;1;0;0
6/2164.png;5;1;0;0
6/2165.png;5;1;0;0
6/2166.png;5;1;0;0
6/2167.png;5;1;0;0
6/2168.png;5;1;0;0
6/2169.png;5;1;0;0
6/2170.png;5;1;0;0
6/2171.png;5;1;0;0
6/2172.png;5;1;0;0
6/2173.png;5;1;0;0
6/2174.png;5;1;0;0
6/2175.png;5;1;0;0
6/2176.png;5;1;0;0
6/2177.png;5;1;0;0
6/2178.png;5;1;0;0
6/2179.png;5;1;0;0
6/2180.png;5;1;0;0
6/2181.png;5;1;0;0
6/2182.png;5;1;0;0
6/2183.png;5;1;0;0
6/2184.png;5;1;0;0
6/2185.png;5;1;0;0
6/2186.png;5;1;0;0
6/2187.png;5;1;0;0
6/2188.png;5;1;0;0
6/2189.png;5;1;0;0
6/2190.png;5;1;0;0
6/2191.png;5;1;0;0
6/2192.png;5;1;0;0
6/2193.png;5;1;0;0
6/2194.png;5;1;0;0
6/2195.png;5;1;0;0
6/2196.png;5;1;0;0
6/2197.png;5;1;0;0
6/2198.png;5;1;0;0
6/2199.png;5;1;0;0
6/2200.png;5;1;0;0
6/2201.png;5;1;0;0
6/2202.png;5;1;0;0
6/2203.png;5;1;0;0
6/2204.png;5;1;0;0
6/2205.png;5;1;0;0
6/2206.png;5;1;0;0
6/2207.png;5;1;0;0
6/2208.png;5;1;0;0
6/2209.png;5;1;0;0
6/2210.png;5;1;0;0
6/2211.png;5;1;0;0
6/2212.png;5;1;0;0
6/2213.png;5;1;0;0
6/2214.png;5;1;0;0
6/2215.png;5;1;0;0
6/2216.png;5;1;0;0
6/2217.png;5;1;0;0
6/2218.png;5;1;0;0
6/2219.png;5;1;0;0
6/2220.png;5;1;0;0
6/2221.png;5;1;0;0
6/2222.png;5;1;0;0
6/2223.png;5;1;0;0
6/2224.png;5;1;0;0
6/2225.png;5;1;0;0
6/2226.png;5;1;0;0
6/2227.png;5;1;0;0
6/2228.png;5;1;0;0
6/2229.png;5;1;0;0
6/2230.png;5;1;0;0
6/2231.png;5;1;0;0
6/2232.png;5;1;0;0
6/2233.png;5;1;0;0
6/2234.png;5;1;0;0
6/2235.png;5;1;0;0
6/2236.png;5;1;0;0
6/2237.png;5;1;0;0
6/2238.png;5;1;0;0
6/2239.png;5;1;0;0
6/2240.png;5;1;0;0
6/2241.png;5;1;0;0
6/2242.png;5;1;0;0
6/2243.png;5;1;0;0
6/2244.png;5;1;0;0
6/2245.png;5;1;0;0
6/2246.png;5;1;0;0
6/2247.png;5;1;0;0
6/2248.png;5;1;0;0
6/2249.png;5;1;0;0
6/2250.png;5;1;0;0
6/2251.png;5;1;0;0
6/2252.png;5;1;0;0
6/2253.png;5;1;0;0
6/2254.png;5;1;0;0
6/2255.png;5;1;0;0
6/2256.png;5;1;0;0
6/2257.png;5;1;0;0
6/2258.png;5;1;0;0
6/2259.png;5;1;0;0
6/2260.png;5;1;0;0
6/2261.png;5;1;0;0
6/2262.png;5;1;0;0
6/2263.png;5;1;0;0
6/2264.png;5;1;0;0
6/2265.png;5;1;0;0
6/2266.png;5;1;0;0
6/2267.png;5;1;0;0
6/2268.png;5;1;0;0
6/2269.png;5;1;0;0
6/2270.png;5;1;0;0
6/2271.png;5;1;0;0
6/2272.png;5;1;0;0
6/2273.png;5;1;0;0
6/2274.png;5;1;0;0
6/2275.png;5;1;0;0
6/2276.png;5;1;0;0
6/2277.png;5;1;0;0
6/2278.png;5;1;0;0
6/2279.png;5;1;0;0
6/2280.png;5;1;0;0
6/2281.png;5;1;0;0
6/2282.png;5;1;0;0
6/2283.png;5;1;0;0
6/2284.png;5;1;0;0
6/2285.png;5;1;0;0
6/2286.png;5;1;0;0
6/2287.png;5;1;0;0
6/2288.png;5;1;0;0
6/2289.png;5;1;0;0
6/2290.png;5;1;0;0
6/2291.png;5;1;0;0
6/2292.png;5;1;0;0
6/2293.png;5;1;0;0
6/2294.png;5;1;0;0
6/2295.png;5;1;0;0
6/2296.png;5;1;0;0
6/2297.png;5;1;0;0
6/2298.png;5;1;0;0
6/2299.png;5;1;0;0
6/2300.png;5;1;0;0
6/2301.png;5;1;0;0
6/2302.png;5;1;0;0
6/2303.png;5;1;0;0
6/2304.png;5;1;0;0
6/2305.png;5;1;0;0
6/2306.png;5;1;0;0
6/2307.png;5;1;0;0
6/2308.png;5;1;0;0
6/2309.png;5;1;0;0
6/2310.png;5;1;0;0
6/2311.png;5;1;0;0
6/2312.png;5;1;0;0
6/2313.png;5;1;0;0
6/2314.png;5;1;0;0
6/2315.png;5;1;0;0
6/2316.png;5;1;0;0
6/2317.png;5;1;0;0
6/2318.png;5;1;0;0
6/2319.png;5;1;0;0
6/2320.png;5;1;0;0
6/2321.png;5;1;0;0
6/2322.png;5;1;0;0
6/2323.png;5;1;0;0
6/2324.png;5;1;0;0
6/2325.png;5;1;0;0
6/2326.png;5;1;0;0
6/2327.png;5;1;0;0
6/2328.png;5;1;0;0
6/2329.png;5;1;0;0
6/2330.png;5;1;0;0
6/2331.png;5;1;0;0
6/2332.png;5;1;0;0
6/2333.png;5;1;0;0
6/2334.png;5;1;0;0
6/2335.png;5;1;0;0
6/2336.png;5;1;0;0
6/2337.png;5;1;0;0
6/2338.png;5;1;0;0
6/2339.png;5;1;0;0
6/2340.png;5;1;0;0
6/2341.png;5;1;0;0
6/2342.png;5;1;0;0
6/2343.png;5;1;0;0
6/2344.png;5;1;0;0
6/2345.png;5;1;0;0
6/2346.png;5;1;0;0
6/2347.png;5;1;0;0
6/2348.png;5;1;0;0
6/2349.png;5;1;0;0
6/2350.png;5;1;0;0
6/2351.png;5;1;0;0
6/2352.png;5;1;0;0
6/2353.png;5;1;0;0
6/2354.png;5;1;0;0
6/2355.png;5;1;0;0
6/2356.png;5;1;0;0
6/2357.png;5;1;0;0
6/2358.png;5;1;0;0
6/2359.png;5;1;0;0
6/2360.png;5;1;0;0
6/2361.png;5;1;0;0
6/2362.png;5;1;0;0
6/2363.png;5;1;0;0
6/2364.png;5;1;0;0
6/2365.png;5;1;0;0
6/2366.png;5;1;0;0
6/2367.png;5;1;0;0
6/2368.png;5;1;0;0
6/2369.png;5;1;0;0
6/2370.png;5;1;0;0
6/2371.png;5;1;0;0
6/2372.png;5;1;0;0
6/2373.png;5;1;0;0
6/2374.png;5;1;0;0
6/2375.png;5;1;0;0
6/2376.png;5;1;0;0
6/2377.png;5;1;0;0
6/2378.png;5;1;0;0
6/2379.png;5;1;0;0
6/2380.png;5;1;0;0
6/2381.png;5;1;0;0
6/2382.png;5;1;0;0
6/2383.png;5;1;0;0
6/2384.png;5;1;0;0
6/2385.png;5;1;0;0
6/2386.png;5;1;0;0
6/2387.png;5;1;0;0
6/2388.png;5;1;0;0
6/2389.png;5;1;0;0
6/2390.png;5;1;0;0
6/2391.png;5;1;0;0
6/2392.png;5;1;0;0
6/2393.png;5;1;0;0
6/2394.png;5;1;0;0
6/2395.png;5;1;0;0
6/2396.png;5;1;0;0
6/2397.png;5;1;0;0
6/2398.png;5;1;0;0
6/2399.png;5;1;0;0
6/2400.png;5;1;0;0
6/2401.png;5;1;0;0
6/2402.png;5;1;0;0
6/2403.png;5;1;0;0
6/2404.png;5;1;0;0
6/2405.png;5;1;0;0
6/2406.png;5;1;0;0
6/2407.png;5;1;0;0
6/2408.png;5;1;0;0
6/2409.png;5;1;0;0
6/2410.png;5;1;0;0
6/2411.png;5;1;0;0
6/2412.png;5;1;0;0
6/2413.png;5;1;0;0
6/2414.png;5;1;0;0
6/2415.png;5;1;0;0
6/2416.png;5;1;0;0
6/2417.png;5;1;0;0
6/2418.png;5;1;0;0
6/2419.png;5;1;0;0
6/2420.png;5;1;0;0
6/2421.png;5;1;0;0
6/2422.png;5;1;0;0
6/2423.png;5;1;0;0
6/2424.png;5;1;0;0
6/2425.png;5;1;0;0
6/2426.png;5;1;0;0
6/2427.png;5;1;0;0
6/2428.png;5;1;0;0
6/2429.png;5;1;0;0
6/2430.png;5;1;0;0
6/2431.png;5;1;0;0
6/2432.png;5;1;0;0
6/2433.png;5;1;0;0
6/2434.png;5;1;0;0
6/2435.png;5;1;0;0
6/2436.png;5;1;0;0
6/2437.png;5;1;0;0
6/2438.png;5;1;0;0
6/2439.png;5;1;0;0
6/2440.png;5;1;0;0
6/2441.png;5;1;0;0
6/2442.png;5;1;0;0
6/2443.png;5;1;0;0
6/2444.png;5;1;0;0
6/2445.png;5;1;0;0
6/2446.png;5;1;0;0
6/2447.png;5;1;0;0
6/2448.png;5;1;0;0
6/2449.png;5;1;0;0
6/2450.png;5;1;0;0
6/2451.png;5;1;0;0
6/2452.png;5;1;0;0
6/2453.png;5;1;0;0
6/2454.png;5;1;0;0
6/2455.png;5;1;0;0
6/2456.png;5;1;0;0
6/2457.png;5;1;0;0
6/2458.png;5;1;0;0
6/2459.png;5;1;0;0
6/2460.png;5;1;0;0
6/2461.png;5;1;0;0
6/2462.png;5;1;0;0
6/2463.png;5;1;0;0
6/2464.png;5;1;0;0
6/2465.png;5;1;0;0
6/2466.png;5;1;0;0
6/2467.png;5;1;0;0
6/2468.png;5;1;0;0
6/2469.png;5;1;0;0
6/2470.png;5;1;0;0
6/2471.png;5;1;0;0
6/2472.png;5;1;0;0
6/2473.png;5;1;0;0
6/2474.png;5;1;0;0
6/2475.png;5;1;0;0
6/2476.png;5;1;0;0
6/2477.png;5;1;0;0
6/2478.png;5;1;0;0
6/2479.png;5;1;0;0
6/2480.png;5;1;0;0
6/2481.png;5;1;0;0
6/2482.png;5;1;0;0
6/2483.png;5;1;0;0
6/2484.png;5;1;0;0
6/2485.png;5;1;0;0
6/2486.png;5;1;0;0
6/2487.png;5;1;0;0
6/2488.png;5;1;0;0
6/2489.png;5;1;0;0
6/2490.png;5;1;0;0
6/2491.png;5;1;0;0
6/2492.png;5;1;0;0
6/2493.png;5;1;0;0
6/2494.png;5;1;0;0
6/2495.png;5;1;0;0
6/2496.png;5;1;0;0
6/2497.png;5;1;0;0
6/2498.png;5;1;0;0
6/2499.png;5;1;0;0
6/2500.png;5;1;0;0
6/2501.png;5;1;0;0
6/2502.png;5;1;0;0
6/2503.png;5;1;0;0
6/2504.png;5;1;0;0
6/2505.png;5;1;0;0
6/2506.png;5;1;0;0
6/2507.png;5;1;0;0
6/2508.png;5;1;0;0
6/2509.png;5;1;0;0
6/2510.png;5;1;0;0
6/2511.png;5;1;0;0
6/2512.png;5;1;0;0
6/2513.png;5;1;0;0
6/2514.png;5;1;0;0
6/2515.png;5;1;0;0
6/2516.png;5;1;0;0
6/2517.png;5;1;0;0
6/2518.png;5;1;0;0
6/2519.png;5;1;0;0
6/2520.png;5;1;0;0
6/2521.png;5;1;0;0
6/2522.png;5;1;0;0
6/2523.png;5;1;0;0
6/2524.png;5;1;0;0
6/2525.png;5;1;0;0
6/2526.png;5;1;0;0
6/2527.png;5;1;0;0
6/2528.png;5;1;0;0
6/2529.png;5;1;0;0
6/2530.png;5;1;0;0
6/2531.png;5;1;0;0
6/2532.png;5;1;0;0
6/2533.png;5;1;0;0
6/2534.png;5;1;0;0
6/2535.png;5;1;0;0
6/2536.png;5;1;0;0
6/2537.png;5;1;0;0
6/2538.png;5;1;0;0
6/2539.png;5;1;0;0
6/2540.png;5;1;0;0
6/2541.png;5;1;0;0
6/2542.png;5;1;0;0
6/2543.png;5;1;0;0
6/2544.png;5;1;0;0
6/2545.png;5;1;0;0
6/2546.png;5;1;0;0
6/2547.png;5;1;0;0
6/2548.png;5;1;0;0
6/2549.png;5;1;0;0
6/2550.png;5;1;0;0
6/2551.png;5;1;0;0
6/2552.png;5;1;0;0
6/2553.png;5;1;0;0
6/2554.png;5;1;0;0
6/2555.png;5;1;0;0
6/2556.png;5;1;0;0
6/2557.png;5;1;0;0
6/2558.png;5;1;0;0
6/2559.png;5;1;0;0
6/2560.png;5;1;0;0
6/2561.png;5;1;0;0
6/2562.png;5;1;0;0
6/2563.png;5;1;0;0
6/2564.png;5;1;0;0
6/2565.png;5;1;0;0
6/2566.png;5;1;0;0
6/2567.png;5;1;0;0
6/2568.png;5;1;0;0
6/2569.png;5;1;0;0
6/2570.png;5;1;0;0
6/2571.png;5;1;0;0
6/2572.png;5;1;0;0
6/2573.png;5;1;0;0
6/2574.png;5;1;0;0
6/2575.png;5;1;0;0
6/2576.png;5;1;0;0
6/2577.png;5;1;0;0
6/2578.png;5;1;0;0
6/2579.png;5;1;0;0
6/2580.png;5;1;0;0
6/2581.png;5;1;0;0
6/2582.png;5;1;0;0
6/2583.png;5;1;0;0
6/2584.png;5;1;0;0
6/2585.png;5;1;0;0
6/2586.png;5;1;0;0
6/2587.png;5;1;0;0
6/2588.png;5;1;0;0
6/2589.png;5;1;0;0
6/2590.png;5;1;0;0
6/2591.png;5;1;0;0
6/2592.png;5;1;0;0
6/2593.png;5;1;0;0
6/2594.png;5;1;0;0
6/2595.png;5;1;0;0
6/2596.png;5;1;0;0
6/2597.png;5;1;0;0
6/2598.png;5;1;0;0
6/2599.png;5;1;0;0
6/2600.png;5;1;0;0
6/2601.png;5;1;0;0
6/2602.png;5;1;0;0
6/2603.png;5;1;0;0
6/2604.png;5;1;0;0
6/2605.png;5;1;0;0
6/2606.png;5;1;0;0
6/2607.png;5;1;0;0
6/2608.png;5;1;0;0
6/2609.png;5;1;0;0
6/2610.png;5;1;0;0
6/2611.png;5;1;0;0
6/2612.png;5;1;0;0
6/2613.png;5;1;0;0
6/2614.png;5;1;0;0
6/2615.png;5;1;0;0
6/2616.png;5;1;0;0
6/2617.png;5;1;0;0
6/2618.png;5;1;0;0
6/2619.png;5;1;0;0
6/2620.png;5;1;0;0
6/2621.png;5;1;0;0
6/2622.png;5;1;0;0
6/2623.png;5;1;0;0
6/2624.png;5;1;0;0
6/2625.png;5;1;0;0
6/2626.png;5;1;0;0
6/2627.png;5;1;0;0
6/2628.png;5;1;0;0
6/2629.png;5;1;0;0
6/2630.png;5;1;0;0
6/2631.png;5;1;0;0
6/2632.png;5;1;0;0
6/2633.png;5;1;0;0
6/2634.png;5;1;0;0
6/2635.png;5;1;0;0
6/2636.png;5;1;0;0
6/2637.png;5;1;0;0
6/2638.png;5;1;0;0
6/2639.png;5;1;0;0
6/2640.png;5;1;0;0
6/2641.png;5;1;0;0
6/2642.png;5;1;0;0
6/2643.png;5;1;0;0
6/2644.png;5;1;0;0
6/2645.png;5;1;0;0
6/2646.png;5;1;0;0
6/2647.png;5;1;0;0
6/2648.png;5;1;0;0
6/2649.png;5;1;0;0
6/2650.png;5;1;0;0
6/2651.png;5;1;0;0
6/2652.png;5;1;0;0
6/2653.png;5;1;0;0
6/2654.png;5;1;0;0
6/2655.png;5;1;0;0
6/2656.png;5;1;0;0
6/2657.png;5;1;0;0
6/2658.png;5;1;0;0
6/2659.png;5;1;0;0
6/2660.png;5;1;0;0
6/2661.png;5;1;0;0
6/2662.png;5;1;0;0
6/2663.png;5;1;0;0
6/2664.png;5;1;0;0
6/2665.png;5;1;0;0
6/2666.png;5;1;0;0
6/2667.png;5;1;0;0
6/2668.png;5;1;0;0
6/2669.png;5;1;0;0
6/2670.png;5;1;0;0
6/2671.png;5;1;0;0
6/2672.png;5;1;0;0
6/2673.png;5;1;0;0
6/2674.png;5;1;0;0
6/2675.png;5;1;0;0
6/2676.png;5;1;0;0
6/2677.png;5;1;0;0
6/2678.png;5;1;0;0
6/2679.png;5;1;0;0
6/2680.png;5;1;0;0
6/2681.png;5;1;0;0
6/2682.png;5;1;0;0
6/2683.png;5;1;0;0
6/2684.png;5;1;0;0
6/2685.png;5;1;0;0
6/2686.png;5;1;0;0
6/2687.png;5;1;0;0
6/2688.png;5;1;0;0
6/2689.png;5;1;0;0
6/2690.png;5;1;0;0
6/2691.png;5;1;0;0
6/2692.png;5;1;0;0
6/2693.png;5;1;0;0
6/2694.png;5;1;0;0
6/2695.png;5;1;0;0
6/2696.png;5;1;0;0
6/2697.png;5;1;0;0
6/2698.png;5;1;0;0
6/2699.png;5;1;0;0
6/2700.png;5;1;0;0
6/2701.png;5;1;0;0
6/2702.png;5;1;0;0
6/2703.png;5;1;0;0
6/2704.png;5;1;0;0
6/2705.png;5;1;0;0
6/2706.png;5;1;0;0
6/2707.png;5;1;0;0
6/2708.png;5;1;0;0
6/2709.png;5;1;0;0
6/2710.png;5;1;0;0
6/2711.png;5;1;0;0
6/2712.png;5;1;0;0
6/2713.png;5;1;0;0
6/2714.png;5;1;0;0
6/2715.png;5;1;0;0
6/2716.png;5;1;0;0
6/2717.png;5;1;0;0
6/2718.png;5;1;0;0
6/2719.png;5;1;0;0
6/2720.png;5;1;0;0
6/2721.png;5;1;0;0
6/2722.png;5;1;0;0
6/2723.png;5;1;0;0
6/2724.png;5;1;0;0
6/2725.png;5;1;0;0
6/2726.png;5;1;0;0
6/2727.png;5;1;0;0
6/2728.png;5;1;0;0
6/2729.png;5;1;0;0
6/2730.png;5;1;0;0
6/2731.png;5;1;0;0
6/2732.png;5;1;0;0
6/2733.png;5;1;0;0
6/2734.png;5;1;0;0
6/2735.png;5;1;0;0
6/2736.png;5;1;0;0
6/2737.png;5;1;0;0
6/2738.png;5;1;0;0
6/2739.png;5;1;0;0
6/2740.png;5;1;0;0
6/2741.png;5;1;0;0
6/2742.png;5;1;0;0
6/2743.png;5;1;0;0
6/2744.png;5;1;0;0
6/2745.png;5;1;0;0
6/2746.png;5;1;0;0
6/2747.png;5;1;0;0
6/2748.png;5;1;0;0
6/2749.png;5;1;0;0
6/2750.png;5;1;0;0
6/2751.png;5;1;0;0
6/2752.png;5;1;0;0
6/2753.png;5;1;0;0
6/2754.png;5;1;0;0
6/2755.png;5;1;0;0
6/2756.png;5;1;0;0
6/2757.png;5;1;0;0
6/2758.png;5;1;0;0
6/2759.png;5;1;0;0
6/2760.png;5;1;0;0
6/2761.png;5;1;0;0
6/2762.png;5;1;0;0
6/2763.png;5;1;0;0
6/2764.png;5;1;0;0
6/2765.png;5;1;0;0
6/2766.png;5;1;0;0
6/2767.png;5;1;0;0
6/2768.png;5;1;0;0
6/2769.png;5;1;0;0
6/2770.png;5;1;0;0
6/2771.png;5;1;0;0
6/2772.png;5;1;0;0
6/2773.png;5;1;0;0
6/2774.png;5;1;0;0
6/2775.png;5;1;0;0
6/2776.png;5;1;0;0
6/2777.png;5;1;0;0
6/2778.png;5;1;0;0
6/2779.png;5;1;0;0
6/2780.png;5;1;0;0
6/2781.png;5;1;0;0
6/2782.png;5;1;0;0
6/2783.png;5;1;0;0
6/2784.png;5;1;0;0
6/2785.png;5;1;0;0
6/2786.png;5;1;0;0
6/2787.png;5;1;0;0
6/2788.png;5;1;0;0
6/2789.png;5;1;0;0
6/2790.png;5;1;0;0
6/2791.png;5;1;0;0
6/2792.png;5;1;0;0
6/2793.png;5;1;0;0
6/2794.png;5;1;0;0
6/2795.png;5;1;0;0
6/2796.png;5;1;0;0
6/2797.png;5;1;0;0
6/2798.png;5;1;0;0
6/2799.png;5;1;0;0
6/2800.png;5;1;0;0
6/2801.png;5;1;0;0
6/2802.png;5;1;0;0
6/2803.png;5;1;0;0
6/2804.png;5;1;0;0
6/2805.png;5;1;0;0
6/2806.png;5;1;0;0
6/2807.png;5;1;0;0
6/2808.png;5;1;0;0
6/2809.png;5;1;0;0
6/2810.png;5;1;0;0
6/2811.png;5;1;0;0
6/2812.png;5;1;0;0
6/2813.png;5;1;0;0
6/2814.png;5;1;0;0
6/2815.png;5;1;0;0
6/2816.png;5;1;0;0
6/2817.png;5;1;0;0
6/2818.png;5;1;0;0
6/2819.png;5;1;0;0
6/2820.png;5;1;0;0
6/2821.png;5;1;0;0
6/2822.png;5;1;0;0
6/2823.png;5;1;0;0
6/2824.png;5;1;0;0
6/2825.png;5;1;0;0
6/2826.png;5;1;0;0
6/2827.png;5;1;0;0
6/2828.png;5;1;0;0
6/2829.png;5;1;0;0
6/2830.png;5;1;0;0
6/2831.png;5;1;0;0
6/2832.png;5;1;0;0
6/2833.png;5;1;0;0
6/2834.png;5;1;0;0
6/2835.png;5;1;0;0
6/2836.png;5;1;0;0
6/2837.png;5;1;0;0
6/2838.png;5;1;0;0
6/2839.png;5;1;0;0
6/2840.png;5;1;0;0
6/2841.png;5;1;0;0
6/2842.png;5;1;0;0
6/2843.png;5;1;0;0
6/2844.png;5;1;0;0
6/2845.png;5;1;0;0
6/2846.png;5;1;0;0
6/2847.png;5;1;0;0
6/2848.png;5;1;0;0
6/2849.png;5;1;0;0
6/2850.png;5;1;0;0
6/2851.png;5;1;0;0
6/2852.png;5;1;0;0
6/2853.png;5;1;0;0
6/2854.png;5;1;0;0
6/2855.png;5;1;0;0
6/2856.png;5;1;0;0
6/2857.png;5;1;0;0
6/2858.png;5;1;0;0
6/2859.png;5;1;0;0
6/2860.png;5;1;0;0
6/2861.png;5;1;0;0
6/2862.png;5;1;0;0
6/2863.png;5;1;0;0
6/2864.png;5;1;0;0
6/2865.png;5;1;0;0
6/2866.png;5;1;0;0
6/2867.png;5;1;0;0
6/2868.png;5;1;0;0
6/2869.png;5;1;0;0
6/2870.png;5;1;0;0
6/2871.png;5;1;0;0
6/2872.png;5;1;0;0
6/2873.png;5;1;0;0
6/2874.png;5;1;0;0
6/2875.png;5;1;0;0
6/2876.png;5;1;0;0
6/2877.png;5;1;0;0
6/2878.png;5;1;0;0
6/2879.png;5;1;0;0
6/2880.png;5;1;0;0
6/2881.png;5;1;0;0
6/2882.png;5;1;0;0
6/2883.png;5;1;0;0
6/2884.png;5;1;0;0
6/2885.png;5;1;0;0
6/2886.png;5;1;0;0
6/2887.png;5;1;0;0
6/2888.png;5;1;0;0
6/2889.png;5;1;0;0
6/2890.png;5;1;0;0
6/2891.png;5;1;0;0
6/2892.png;5;1;0;0
6/2893.png;5;1;0;0
6/2894.png;5;1;0;0
6/2895.png;5;1;0;0
6/2896.png;5;1;0;0
6/2897.png;5;1;0;0
6/2898.png;5;1;0;0
6/2899.png;5;1;0;0
6/2900.png;5;1;0;0
6/2901.png;5;1;0;0
6/2902.png;5;1;0;0
6/2903.png;5;1;0;0
6/2904.png;5;1;0;0
6/2905.png;5;1;0;0
6/2906.png;5;1;0;0
6/2907.png;5;1;0;0
6/2908.png;5;1;0;0
6/2909.png;5;1;0;0
6/2910.png;5;1;0;0
6/2911.png;5;1;0;0
6/2912.png;5;1;0;0
6/2913.png;5;1;0;0
6/2914.png;5;1;0;0
6/2915.png;5;1;0;0
6/2916.png;5;1;0;0
6/2917.png;5;1;0;0
6/2918.png;5;1;0;0
6/2919.png;5;1;0;0
6/2920.png;5;1;0;0
6/2921.png;5;1;0;0
6/2922.png;5;1;0;0
6/2923.png;5;1;0;0
6/2924.png;5;1;0;0
6/2925.png;5;1;0;0
6/2926.png;5;1;0;0
6/2927.png;5;1;0;0
6/2928.png;5;1;0;0
6/2929.png;5;1;0;0
6/2930.png;5;1;0;0
6/2931.png;5;1;0;0
6/2932.png;5;1;0;0
6/2933.png;5;1;0;0
6/2934.png;5;1;0;0
6/2935.png;5;1;0;0
6/2936.png;5;1;0;0
6/2937.png;5;1;0;0
6/2938.png;5;1;0;0
6/2939.png;5;1;0;0
6/2940.png;5;1;0;0
6/2941.png;5;1;0;0
6/2942.png;5;1;0;0
6/2943.png;5;1;0;0
6/2944.png;5;1;0;0
6/2945.png;5;1;0;0
6/2946.png;5;1;0;0
6/2947.png;5;1;0;0
6/2948.png;5;1;0;0
6/2949.png;5;1;0;0
6/2950.png;5;1;0;0
6/2951.png;5;1;0;0
6/2952.png;5;1;0;0
6/2953.png;5;1;0;0
6/2954.png;5;1;0;0
6/2955.png;5;1;0;0
6/2956.png;5;1;0;0
6/2957.png;5;1;0;0
6/2958.png;5;1;0;0
6/2959.png;5;1;0;0
6/2960.png;5;1;0;0
6/2961.png;5;1;0;0
6/2962.png;5;1;0;0
6/2963.png;5;1;0;0
6/2964.png;5;1;0;0
6/2965.png;5;1;0;0
6/2966.png;5;1;0;0
6/2967.png;5;1;0;0
6/2968.png;5;1;0;0
6/2969.png;5;1;0;0
6/2970.png;5;1;0;0
6/2971.png;5;1;0;0
6/2972.png;5;1;0;0
6/2973.png;5;1;0;0
6/2974.png;5;1;0;0
6/2975.png;5;1;0;0
6/2976.png;5;1;0;0
6/2977.png;5;1;0;0
6/2978.png;5;1;0;0
6/2979.png;5;1;0;0
6/2980.png;5;1;0;0
6/2981.png;5;1;0;0
6/2982.png;5;1;0;0
6/2983.png;5;1;0;0
6/2984.png;5;1;0;0
6/2985.png;5;1;0;0
6/2986.png;5;1;0;0
6/2987.png;5;1;0;0
6/2988.png;5;1;0;0
6/2989.png;5;1;0;0
6/2990.png;5;1;0;0
6/2991.png;5;1;0;0
6/2992.png;5;1;0;0
6/2993.png;5;1;0;0
6/2994.png;5;1;0;0
6/2995.png;5;1;0;0
6/2996.png;5;1;0;0
6/2997.png;5;1;0;0
6/2998.png;5;1;0;0
6/2999.png;5;1;0;0
6/3000.png;5;1;0;0
6/3001.png;5;1;0;0
6/3002.png;5;1;0;0
6/3003.png;5;1;0;0
6/3004.png;5;1;0;0
6/3005.png;5;1;0;0
6/3006.png;5;1;0;0
6/3007.png;5;1;0;0
6/3008.png;5;1;0;0
6/3009.png;5;1;0;0
6/3010.png;5;1;0;0
6/3011.png;5;1;0;0
6/3012.png;5;1;0;0
6/3013.png;5;1;0;0
6/3014.png;5;1;0;0
6/3015.png;5;1;0;0
6/3016.png;5;1;0;0
6/3017.png;5;1;0;0
6/3018.png;5;1;0;0
6/3019.png;5;1;0;0
6/3020.png;5;1;0;0
6/3021.png;5;1;0;0
6/3022.png;5;1;0;0
6/3023.png;5;1;0;0
6/3024.png;5;1;0;0
6/3025.png;5;1;0;0
6/3026.png;5;1;0;0
6/3027.png;5;1;0;0
6/3028.png;5;1;0;0
6/3029.png;5;1;0;0
6/3030.png;5;1;0;0
6/3031.png;5;1;0;0
6/3032.png;5;1;0;0
6/3033.png;5;1;0;0
6/3034.png;5;1;0;0
6/3035.png;5;1;0;0
6/3036.png;5;1;0;0
6/3037.png;5;1;0;0
6/3038.png;5;1;0;0
6/3039.png;5;1;0;0
6/3040.png;5;1;0;0
6/3041.png;5;1;0;0
6/3042.png;5;1;0;0
6/3043.png;5;1;0;0
6/3044.png;5;1;0;0
6/3045.png;5;1;0;0
6/3046.png;5;1;0;0
6/3047.png;5;1;0;0
6/3048.png;5;1;0;0
6/3049.png;5;1;0;0
6/3050.png;5;1;0;0
6/3051.png;5;1;0;0
6/3052.png;5;1;0;0
6/3053.png;5;1;0;0
6/3054.png;5;1;0;0
6/3055.png;5;1;0;0
6/3056.png;5;1;0;0
6/3057.png;5;1;0;0
6/3058.png;5;1;0;0
6/3059.png;5;1;0;0
6/3060.png;5;1;0;0
6/3061.png;5;1;0;0
6/3062.png;5;1;0;0
6/3063.png;5;1;0;0
6/3064.png;5;1;0;0
6/3065.png;5;1;0;0
6/3066.png;5;1;0;0
6/3067.png;5;1;0;0
6/3068.png;5;1;0;0
6/3069.png;5;1;0;0
6/3070.png;5;1;0;0
6/3071.png;5;1;0;0
6/3072.png;5;1;0;0
6/3073.png;5;1;0;0
6/3074.png;5;1;0;0
6/3075.png;5;1;0;0
6/3076.png;5;1;0;0
6/3077.png;5;1;0;0
6/3078.png;5;1;0;0
6/3079.png;5;1;0;0
6/3080.png;5;1;0;0
6/3081.png;5;1;0;0
6/3082.png;5;1;0;0
6/3083.png;5;1;0;0
6/3084.png;5;1;0;0
6/3085.png;5;1;0;0
6/3086.png;5;1;0;0
6/3087.png;5;1;0;0
6/3088.png;5;1;0;0
6/3089.png;5;1;0;0
6/3090.png;5;1;0;0
6/3091.png;5;1;0;0
6/3092.png;5;1;0;0
6/3093.png;5;1;0;0
6/3094.png;5;1;0;0
6/3095.png;5;1;0;0
6/3096.png;5;1;0;0
6/3097.png;5;1;0;0
6/3098.png;5;1;0;0
6/3099.png;5;1;0;0
6/3100.png;5;1;0;0
6/3101.png;5;1;0;0
6/3102.png;5;1;0;0
6/3103.png;5;1;0;0
6/3104.png;5;1;0;0
6/3105.png;5;1;0;0
6/3106.png;5;1;0;0
6/3107.png;5;1;0;0
6/3108.png;5;1;0;0
6/3109.png;5;1;0;0
6/3110.png;5;1;0;0
6/3111.png;5;1;0;0
6/3112.png;5;1;0;0
6/3113.png;5;1;0;0
6/3114.png;5;1;0;0
6/3115.png;5;1;0;0
6/3116.png;5;1;0;0
6/3117.png;5;1;0;0
6/3118.png;5;1;0;0
6/3119.png;5;1;0;0
6/3120.png;5;1;0;0
6/3121.png;5;1;0;0
6/3122.png;5;1;0;0
6/3123.png;5;1;0;0
6/3124.png;5;1;0;0
6/3125.png;5;1;0;0
6/3126.png;5;1;0;0
6/3127.png;5;1;0;0
6/3128.png;5;1;0;0
6/3129.png;5;1;0;0
6/3130.png;5;1;0;0
6/3131.png;5;1;0;0
6/3132.png;5;1;0;0
6/3133.png;5;1;0;0
6/3134.png;5;1;0;0
6/3135.png;5;1;0;0
6/3136.png;5;1;0;0
6/3137.png;5;1;0;0
6/3138.png;5;1;0;0
6/3139.png;5;1;0;0
6/3140.png;5;1;0;0
6/3141.png;5;1;0;0
6/3142.png;5;1;0;0
6/3143.png;5;1;0;0
6/3144.png;5;1;0;0
6/3145.png;5;1;0;0
6/3146.png;5;1;0;0
6/3147.png;5;1;0;0
6/3148.png;5;1;0;0
6/3149.png;5;1;0;0
6/3150.png;5;1;0;0
6/3151.png;5;1;0;0
6/3152.png;5;1;0;0
6/3153.png;5;1;0;0
6/3154.png;5;1;0;0
6/3155.png;5;1;0;0
6/3156.png;5;1;0;0
6/3157.png;5;1;0;0
6/3158.png;5;1;0;0
6/3159.png;5;1;0;0
6/3160.png;5;1;0;0
6/3161.png;5;1;0;0
6/3162.png;5;1;0;0
6/3163.png;5;1;0;0
6/3164.png;5;1;0;0
6/3165.png;5;1;0;0
6/3166.png;5;1;0;0
6/3167.png;5;1;0;0
6/3168.png;5;1;0;0
6/3169.png;5;1;0;0
6/3170.png;5;1;0;0
6/3171.png;5;1;0;0
6/3172.png;5;1;0;0
6/3173.png;5;1;0;0
6/3174.png;5;1;0;0
6/3175.png;5;1;0;0
6/3176.png;5;1;0;0
6/3177.png;5;1;0;0
6/3178.png;5;1;0;0
6/3179.png;5;1;0;0
6/3180.png;5;1;0;0
6/3181.png;5;1;0;0
6/3182.png;5;1;0;0
6/3183.png;5;1;0;0
6/3184.png;5;1;0;0
6/3185.png;5;1;0;0
6/3186.png;5;1;0;0
6/3187.png;5;1;0;0
6/3188.png;5;1;0;0
6/3189.png;5;1;0;0
6/3190.png;5;1;0;0
6/3191.png;5;1;0;0
6/3192.png;5;1;0;0
6/3193.png;5;1;0;0
6/3194.png;5;1;0;0
6/3195.png;5;1;0;0
6/3196.png;5;1;0;0
6/3197.png;5;1;0;0
6/3198.png;5;1;0;0
6/3199.png;5;1;0;0
6/3200.png;5;1;0;0
6/3201.png;5;1;0;0
6/3202.png;5;1;0;0
6/3203.png;5;1;0;0
6/3204.png;5;1;0;0
6/3205.png;5;1;0;0
6/3206.png;5;1;0;0
6/3207.png;5;1;0;0
6/3208.png;5;1;0;0
6/3209.png;5;1;0;0
6/3210.png;5;1;0;0
6/3211.png;5;1;0;0
6/3212.png;5;1;0;0
6/3213.png;5;1;0;0
6/3214.png;5;1;0;0
6/3215.png;5;1;0;0
6/3216.png;5;1;0;0
6/3217.png;5;1;0;0
6/3218.png;5;1;0;0
6/3219.png;5;1;0;0
6/3220.png;5;1;0;0
6/3221.png;5;1;0;0
6/3222.png;5;1;0;0
6/3223.png;5;1;0;0
6/3224.png;5;1;0;0
6/3225.png;5;1;0;0
6/3226.png;5;1;0;0
6/3227.png;5;1;0;0
6/3228.png;5;1;0;0
6/3229.png;5;1;0;0
6/3230.png;5;1;0;0
6/3231.png;5;1;0;0
6/3232.png;5;1;0;0
6/3233.png;5;1;0;0
6/3234.png;5;1;0;0
6/3235.png;5;1;0;0
6/3236.png;5;1;0;0
6/3237.png;5;1;0;0
6/3238.png;5;1;0;0
6/3239.png;5;1;0;0
6/3240.png;5;1;0;0
6/3241.png;5;1;0;0
6/3242.png;5;1;0;0
6/3243.png;5;1;0;0
6/3244.png;5;1;0;0
6/3245.png;5;1;0;0
6/3246.png;5;1;0;0
6/3247.png;5;1;0;0
6/3248.png;5;1;0;0
6/3249.png;5;1;0;0
6/3250.png;5;1;0;0
6/3251.png;5;1;0;0
6/3252.png;5;1;0;0
6/3253.png;5;1;0;0
6/3254.png;5;1;0;0
6/3255.png;5;1;0;0
6/3256.png;5;1;0;0
6/3257.png;5;1;0;0
6/3258.png;5;1;0;0
6/3259.png;5;1;0;0
6/3260.png;5;1;0;0
6/3261.png;5;1;0;0
6/3262.png;5;1;0;0
6/3263.png;5;1;0;0
6/3264.png;5;1;0;0
6/3265.png;5;1;0;0
6/3266.png;5;1;0;0
6/3267.png;5;1;0;0
6/3268.png;5;1;0;0
6/3269.png;5;1;0;0
6/3270.png;5;1;0;0
6/3271.png;5;1;0;0
6/3272.png;5;1;0;0
6/3273.png;5;1;0;0
6/3274.png;5;1;0;0
6/3275.png;5;1;0;0
6/3276.png;5;1;0;0
6/3277.png;5;1;0;0
6/3278.png;5;1;0;0
6/3279.png;5;1;0;0
6/3280.png;5;1;0;0
6/3281.png;5;1;0;0
6/3282.png;5;1;0;0
6/3283.png;5;1;0;0
6/3284.png;5;1;0;0
6/3285.png;5;1;0;0
6/3286.png;5;1;0;0
6/3287.png;5;1;0;0
6/3288.png;5;1;0;0
6/3289.png;5;1;0;0
6/3290.png;5;1;0;0
6/3291.png;5;1;0;0
6/3292.png;5;1;0;0
6/3293.png;5;1;0;0
6/3294.png;5;1;0;0
6/3295.png;5;1;0;0
6/3296.png;5;1;0;0
6/3297.png;5;1;0;0
6/3298.png;5;1;0;0
6/3299.png;5;1;0;0
6/3300.png;5;1;0;0
6/3301.png;5;1;0;0
6/3302.png;5;1;0;0
6/3303.png;5;1;0;0
6/3304.png;5;1;0;0
6/3305.png;5;1;0;0
6/3306.png;5;1;0;0
6/3307.png;5;1;0;0
6/3308.png;5;1;0;0
6/3309.png;5;1;0;0
6/3310.png;5;1;0;0
6/3311.png;5;1;0;0
6/3312.png;5;1;0;0
6/3313.png;5;1;0;0
6/3314.png;5;1;0;0
6/3315.png;5;1;0;0
6/3316.png;5;1;0;0
6/3317.png;5;1;0;0
6/3318.png;5;1;0;0
6/3319.png;5;1;0;0
6/3320.png;5;1;0;0
6/3321.png;5;1;0;0
6/3322.png;5;1;0;0
6/3323.png;5;1;0;0
6/3324.png;5;1;0;0
6/3325.png;5;1;0;0
6/3326.png;5;1;0;0
6/3327.png;5;1;0;0
6/3328.png;5;1;0;0
6/3329.png;5;1;0;0
6/3330.png;5;1;0;0
6/3331.png;5;1;0;0
6/3332.png;5;1;0;0
6/3333.png;5;1;0;0
6/3334.png;5;1;0;0
6/3335.png;5;1;0;0
6/3336.png;5;1;0;0
6/3337.png;5;1;0;0
6/3338.png;5;1;0;0
6/3339.png;5;1;0;0
6/3340.png;5;1;0;0
6/3341.png;5;1;0;0
6/3342.png;5;1;0;0
6/3343.png;5;1;0;0
6/3344.png;5;1;0;0
6/3345.png;5;1;0;0
6/3346.png;5;1;0;0
6/3347.png;5;1;0;0
6/3348.png;5;1;0;0
6/3349.png;5;1;0;0
6/3350.png;5;1;0;0
6/3351.png;5;1;0;0
6/3352.png;5;1;0;0
6/3353.png;5;1;0;0
6/3354.png;5;1;0;0
6/3355.png;5;1;0;0
6/3356.png;5;1;0;0
6/3357.png;5;1;0;0
6/3358.png;5;1;0;0
6/3359.png;5;1;0;0
6/3360.png;5;1;0;0
6/3361.png;5;1;0;0
6/3362.png;5;1;0;0
6/3363.png;5;1;0;0
6/3364.png;5;1;0;0
6/3365.png;5;1;0;0
6/3366.png;5;1;0;0
6/3367.png;5;1;0;0
6/3368.png;5;1;0;0
6/3369.png;5;1;0;0
6/3370.png;5;1;0;0
6/3371.png;5;1;0;0
6/3372.png;5;1;0;0
6/3373.png;5;1;0;0
6/3374.png;5;1;0;0
6/3375.png;5;1;0;0
6/3376.png;5;1;0;0
6/3377.png;5;1;0;0
6/3378.png;5;1;0;0
6/3379.png;5;1;0;0
6/3380.png;5;1;0;0
6/3381.png;5;1;0;0
6/3382.png;5;1;0;0
6/3383.png;5;1;0;0
6/3384.png;5;1;0;0
6/3385.png;5;1;0;0
6/3386.png;5;1;0;0
6/3387.png;5;1;0;0
6/3388.png;5;1;0;0
6/3389.png;5;1;0;0
6/3390.png;5;1;0;0
6/3391.png;5;1;0;0
6/3392.png;5;1;0;0
6/3393.png;5;1;0;0
6/3394.png;5;1;0;0
6/3395.png;5;1;0;0
6/3396.png;5;1;0;0
6/3397.png;5;1;0;0
6/3398.png;5;1;0;0
6/3399.png;5;1;0;0
6/3400.png;5;1;0;0
6/3401.png;5;1;0;0
6/3402.png;5;1;0;0
6/3403.png;5;1;0;0
6/3404.png;5;1;0;0
6/3405.png;5;1;0;0
6/3406.png;5;1;0;0
6/3407.png;5;1;0;0
6/3408.png;5;1;0;0
6/3409.png;5;1;0;0
6/3410.png;5;1;0;0
6/3411.png;5;1;0;0
6/3412.png;5;1;0;0
6/3413.png;5;1;0;0
6/3414.png;5;1;0;0
6/3415.png;5;1;0;0
6/3416.png;5;1;0;0
6/3417.png;5;1;0;0
6/3418.png;5;1;0;0
6/3419.png;5;1;0;0
6/3420.png;5;1;0;0
6/3421.png;5;1;0;0
6/3422.png;5;1;0;0
6/3423.png;5;1;0;0
6/3424.png;5;1;0;0
6/3425.png;5;1;0;0
6/3426.png;5;1;0;0
6/3427.png;5;1;0;0
6/3428.png;5;1;0;0
6/3429.png;5;1;0;0
6/3430.png;5;1;0;0
6/3431.png;5;1;0;0
6/3432.png;5;1;0;0
6/3433.png;5;1;0;0
6/3434.png;5;1;0;0
6/3435.png;5;1;0;0
6/3436.png;5;1;0;0
6/3437.png;5;1;0;0
6/3438.png;5;1;0;0
6/3439.png;5;1;0;0
6/3440.png;5;1;0;0
6/3441.png;5;1;0;0
6/3442.png;5;1;0;0
6/3443.png;5;1;0;0
6/3444.png;5;1;0;0
6/3445.png;5;1;0;0
6/3446.png;5;1;0;0
6/3447.png;5;1;0;0
6/3448.png;5;1;0;0
6/3449.png;5;1;0;0
6/3450.png;5;1;0;0
6/3451.png;5;1;0;0
6/3452.png;5;1;0;0
6/3453.png;5;1;0;0
6/3454.png;5;1;0;0
6/3455.png;5;1;0;0
6/3456.png;5;1;0;0
6/3457.png;5;1;0;0
6/3458.png;5;1;0;0
6/3459.png;5;1;0;0
6/3460.png;5;1;0;0
6/3461.png;5;1;0;0
6/3462.png;5;1;0;0
6/3463.png;5;1;0;0
6/3464.png;5;1;0;0
6/3465.png;5;1;0;0
6/3466.png;5;1;0;0
6/3467.png;5;1;0;0
6/3468.png;5;1;0;0
6/3469.png;5;1;0;0
6/3470.png;5;1;0;0
6/3471.png;5;1;0;0
6/3472.png;5;1;0;0
6/3473.png;5;1;0;0
6/3474.png;5;1;0;0
6/3475.png;5;1;0;0
6/3476.png;5;1;0;0
6/3477.png;5;1;0;0
6/3478.png;5;1;0;0
6/3479.png;5;1;0;0
6/3480.png;5;1;0;0
6/3481.png;5;1;0;0
6/3482.png;5;1;0;0
6/3483.png;5;1;0;0
6/3484.png;5;1;0;0
6/3485.png;5;1;0;0
6/3486.png;5;1;0;0
6/3487.png;5;1;0;0
6/3488.png;5;1;0;0
6/3489.png;5;1;0;0
6/3490.png;5;1;0;0
6/3491.png;5;1;0;0
6/3492.png;5;1;0;0
6/3493.png;5;1;0;0
6/3494.png;5;1;0;0
6/3495.png;5;1;0;0
6/3496.png;5;1;0;0
6/3497.png;5;1;0;0
6/3498.png;5;1;0;0
6/3499.png;5;1;0;0
6/3500.png;5;1;0;0
6/3501.png;5;1;0;0
6/3502.png;5;1;0;0
6/3503.png;5;1;0;0
6/3504.png;5;1;0;0
6/3505.png;5;1;0;0
6/3506.png;5;1;0;0
6/3507.png;5;1;0;0
6/3508.png;5;1;0;0
6/3509.png;5;1;0;0
6/3510.png;5;1;0;0
6/3511.png;5;1;0;0
6/3512.png;5;1;0;0
6/3513.png;5;1;0;0
6/3514.png;5;1;0;0
6/3515.png;5;1;0;0
6/3516.png;5;1;0;0
6/3517.png;5;1;0;0
6/3518.png;5;1;0;0
6/3519.png;5;1;0;0
6/3520.png;5;1;0;0
6/3521.png;5;1;0;0
6/3522.png;5;1;0;0
6/3523.png;5;1;0;0
6/3524.png;5;1;0;0
6/3525.png;5;1;0;0
6/3526.png;5;1;0;0
6/3527.png;5;1;0;0
6/3528.png;5;1;0;0
6/3529.png;5;1;0;0
6/3530.png;5;1;0;0
6/3531.png;5;1;0;0
6/3532.png;5;1;0;0
6/3533.png;5;1;0;0
6/3534.png;5;1;0;0
6/3535.png;5;1;0;0
6/3536.png;5;1;0;0
6/3537.png;5;1;0;0
6/3538.png;5;1;0;0
6/3539.png;5;1;0;0
6/3540.png;5;1;0;0
6/3541.png;5;1;0;0
6/3542.png;5;1;0;0
6/3543.png;5;1;0;0
6/3544.png;5;1;0;0
6/3545.png;5;1;0;0
6/3546.png;5;1;0;0
6/3547.png;5;1;0;0
6/3548.png;5;1;0;0
6/3549.png;5;1;0;0
6/3550.png;5;1;0;0
6/3551.png;5;1;0;0
6/3552.png;5;1;0;0
6/3553.png;5;1;0;0
6/3554.png;5;1;0;0
6/3555.png;5;1;0;0
6/3556.png;5;1;0;0
6/3557.png;5;1;0;0
6/3558.png;5;1;0;0
6/3559.png;5;1;0;0
6/3560.png;5;1;0;0
6/3561.png;5;1;0;0
6/3562.png;5;1;0;0
6/3563.png;5;1;0;0
6/3564.png;5;1;0;0
6/3565.png;5;1;0;0
6/3566.png;5;1;0;0
6/3567.png;5;1;0;0
6/3568.png;5;1;0;0
6/3569.png;5;1;0;0
6/3570.png;5;1;0;0
6/3571.png;5;1;0;0
6/3572.png;5;1;0;0
6/3573.png;5;1;0;0
6/3574.png;5;1;0;0
6/3575.png;5;1;0;0
6/3576.png;5;1;0;0
6/3577.png;5;1;0;0
6/3578.png;5;1;0;0
6/3579.png;5;1;0;0
6/3580.png;5;1;0;0
6/3581.png;5;1;0;0
6/3582.png;5;1;0;0
6/3583.png;5;1;0;0
6/3584.png;5;1;0;0
6/3585.png;5;1;0;0
6/3586.png;5;1;0;0
6/3587.png;5;1;0;0
6/3588.png;5;1;0;0
6/3589.png;5;1;0;0
6/3590.png;5;1;0;0
6/3591.png;5;1;0;0
6/3592.png;5;1;0;0
6/3593.png;5;1;0;0
6/3594.png;5;1;0;0
6/3595.png;5;1;0;0
6/3596.png;5;1;0;0
6/3597.png;5;1;0;0
6/3598.png;5;1;0;0
6/3599.png;5;1;0;0
6/3600.png;5;1;0;0
6/3601.png;5;1;0;0
6/3602.png;5;1;0;0
6/3603.png;5;1;0;0
6/3604.png;5;1;0;0
6/3605.png;5;1;0;0
6/3606.png;5;1;0;0
6/3607.png;5;1;0;0
6/3608.png;5;1;0;0
6/3609.png;5;1;0;0
6/3610.png;5;1;0;0
6/3611.png;5;1;0;0
6/3612.png;5;1;0;0
6/3613.png;5;1;0;0
6/3614.png;5;1;0;0
6/3615.png;5;1;0;0
6/3616.png;5;1;0;0
6/3617.png;5;1;0;0
6/3618.png;5;1;0;0
6/3619.png;5;1;0;0
6/3620.png;5;1;0;0
6/3621.png;5;1;0;0
6/3622.png;5;1;0;0
6/3623.png;5;1;0;0
6/3624.png;5;1;0;0
6/3625.png;5;1;0;0
6/3626.png;5;1;0;0
6/3627.png;5;1;0;0
6/3628.png;5;1;0;0
6/3629.png;5;1;0;0
6/3630.png;5;1;0;0
6/3631.png;5;1;0;0
6/3632.png;5;1;0;0
6/3633.png;5;1;0;0
6/3634.png;5;1;0;0
6/3635.png;5;1;0;0
6/3636.png;5;1;0;0
6/3637.png;5;1;0;0
6/3638.png;5;1;0;0
6/3639.png;5;1;0;0
6/3640.png;5;1;0;0
6/3641.png;5;1;0;0
6/3642.png;5;1;0;0
6/3643.png;5;1;0;0
6/3644.png;5;1;0;0
6/3645.png;5;1;0;0
6/3646.png;5;1;0;0
6/3647.png;5;1;0;0
6/3648.png;5;1;0;0
6/3649.png;5;1;0;0
6/3650.png;5;1;0;0
6/3651.png;5;1;0;0
6/3652.png;5;1;0;0
6/3653.png;5;1;0;0
6/3654.png;5;1;0;0
6/3655.png;5;1;0;0
6/3656.png;5;1;0;0
6/3657.png;5;1;0;0
6/3658.png;5;1;0;0
6/3659.png;5;1;0;0
6/3660.png;5;1;0;0
6/3661.png;5;1;0;0
6/3662.png;5;1;0;0
6/3663.png;5;1;0;0
6/3664.png;5;1;0;0
6/3665.png;5;1;0;0
6/3666.png;5;1;0;0
6/3667.png;5;1;0;0
6/3668.png;5;1;0;0
6/3669.png;5;1;0;0
6/3670.png;5;1;0;0
6/3671.png;5;1;0;0
6/3672.png;5;1;0;0
6/3673.png;5;1;0;0
6/3674.png;5;1;0;0
6/3675.png;5;1;0;0
6/3676.png;5;1;0;0
6/3677.png;5;1;0;0
6/3678.png;5;1;0;0
6/3679.png;5;1;0;0
6/3680.png;5;1;0;0
6/3681.png;5;1;0;0
6/3682.png;5;1;0;0
6/3683.png;5;1;0;0
6/3684.png;5;1;0;0
6/3685.png;5;1;0;0
6/3686.png;5;1;0;0
6/3687.png;5;1;0;0
6/3688.png;5;1;0;0
6/3689.png;5;1;0;0
6/3690.png;5;1;0;0
6/3691.png;5;1;0;0
6/3692.png;5;1;0;0
6/3693.png;5;1;0;0
6/3694.png;5;1;0;0
6/3695.png;5;1;0;0
6/3696.png;5;1;0;0
6/3697.png;5;1;0;0
6/3698.png;5;1;0;0
6/3699.png;5;1;0;0
6/3700.png;5;1;0;0
6/3701.png;5;1;0;0
6/3702.png;5;1;0;0
6/3703.png;5;1;0;0
6/3704.png;5;1;0;0
6/3705.png;5;1;0;0
6/3706.png;5;1;0;0
6/3707.png;5;1;0;0
6/3708.png;5;1;0;0
6/3709.png;5;1;0;0
6/3710.png;5;1;0;0
6/3711.png;5;1;0;0
6/3712.png;5;1;0;0
6/3713.png;5;1;0;0
6/3714.png;5;1;0;0
6/3715.png;5;1;0;0
6/3716.png;5;1;0;0
6/3717.png;5;1;0;0
6/3718.png;5;1;0;0
6/3719.png;5;1;0;0
6/3720.png;5;1;0;0
6/3721.png;5;1;0;0
6/3722.png;5;1;0;0
6/3723.png;5;1;0;0
6/3724.png;5;1;0;0
6/3725.png;5;1;0;0
6/3726.png;5;1;0;0
6/3727.png;5;1;0;0
6/3728.png;5;1;0;0
6/3729.png;5;1;0;0
6/3730.png;5;1;0;0
6/3731.png;5;1;0;0
6/3732.png;5;1;0;0
6/3733.png;5;1;0;0
6/3734.png;5;1;0;0
6/3735.png;5;1;0;0
6/3736.png;5;1;0;0
6/3737.png;5;1;0;0
6/3738.png;5;1;0;0
6/3739.png;5;1;0;0
6/3740.png;5;1;0;0
6/3741.png;5;1;0;0
6/3742.png;5;1;0;0
6/3743.png;5;1;0;0
6/3744.png;5;1;0;0
6/3745.png;5;1;0;0
6/3746.png;5;1;0;0
6/3747.png;5;1;0;0
6/3748.png;5;1;0;0
6/3749.png;5;1;0;0
6/3750.png;5;1;0;0
6/3751.png;5;1;0;0
6/3752.png;5;1;0;0
6/3753.png;5;1;0;0
6/3754.png;5;1;0;0
6/3755.png;5;1;0;0
6/3756.png;5;1;0;0
6/3757.png;5;1;0;0
6/3758.png;5;1;0;0
6/3759.png;5;1;0;0
6/3760.png;5;1;0;0
6/3761.png;5;1;0;0
6/3762.png;5;1;0;0
6/3763.png;5;1;0;0
6/3764.png;5;1;0;0
6/3765.png;5;1;0;0
6/3766.png;5;1;0;0
6/3767.png;5;1;0;0
6/3768.png;5;1;0;0
6/3769.png;5;1;0;0
6/3770.png;5;1;0;0
6/3771.png;5;1;0;0
6/3772.png;5;1;0;0
6/3773.png;5;1;0;0
6/3774.png;5;1;0;0
6/3775.png;5;1;0;0
6/3776.png;5;1;0;0
6/3777.png;5;1;0;0
6/3778.png;5;1;0;0
6/3779.png;5;1;0;0
6/3780.png;5;1;0;0
6/3781.png;5;1;0;0
6/3782.png;5;1;0;0
6/3783.png;5;1;0;0
6/3784.png;5;1;0;0
6/3785.png;5;1;0;0
6/3786.png;5;1;0;0
6/3787.png;5;1;0;0
6/3788.png;5;1;0;0
6/3789.png;5;1;0;0
6/3790.png;5;1;0;0
6/3791.png;5;1;0;0
6/3792.png;5;1;0;0
6/3793.png;5;1;0;0
6/3794.png;5;1;0;0
6/3795.png;5;1;0;0
6/3796.png;5;1;0;0
6/3797.png;5;1;0;0
6/3798.png;5;1;0;0
6/3799.png;5;1;0;0
6/3800.png;5;1;0;0
6/3801.png;5;1;0;0
6/3802.png;5;1;0;0
6/3803.png;5;1;0;0
6/3804.png;5;1;0;0
6/3805.png;5;1;0;0
6/3806.png;5;1;0;0
6/3807.png;5;1;0;0
6/3808.png;5;1;0;0
6/3809.png;5;1;0;0
6/3810.png;5;1;0;0
6/3811.png;5;1;0;0
6/3812.png;5;1;0;0
6/3813.png;5;1;0;0
6/3814.png;5;1;0;0
6/3815.png;5;1;0;0
6/3816.png;5;1;0;0
6/3817.png;5;1;0;0
6/3818.png;5;1;0;0
6/3819.png;5;1;0;0
6/3820.png;5;1;0;0
6/3821.png;5;1;0;0
6/3822.png;5;1;0;0
6/3823.png;5;1;0;0
6/3824.png;5;1;0;0
6/3825.png;5;1;0;0
6/3826.png;5;1;0;0
6/3827.png;5;1;0;0
6/3828.png;5;1;0;0
6/3829.png;5;1;0;0
6/3830.png;5;1;0;0
6/3831.png;5;1;0;0
6/3832.png;5;1;0;0
6/3833.png;5;1;0;0
6/3834.png;5;1;0;0
6/3835.png;5;1;0;0
6/3836.png;5;1;0;0
6/3837.png;5;1;0;0
6/3838.png;5;1;0;0
6/3839.png;5;1;0;0
6/3840.png;5;1;0;0
6/3841.png;5;1;0;0
6/3842.png;5;1;0;0
6/3843.png;5;1;0;0
6/3844.png;5;1;0;0
6/3845.png;5;1;0;0
6/3846.png;5;1;0;0
6/3847.png;5;1;0;0
6/3848.png;5;1;0;0
6/3849.png;5;1;0;0
6/3850.png;5;1;0;0
6/3851.png;5;1;0;0
6/3852.png;5;1;0;0
6/3853.png;5;1;0;0
6/3854.png;5;1;0;0
6/3855.png;5;1;0;0
6/3856.png;5;1;0;0
6/3857.png;5;1;0;0
6/3858.png;5;1;0;0
6/3859.png;5;1;0;0
6/3860.png;5;1;0;0
6/3861.png;5;1;0;0
6/3862.png;5;1;0;0
6/3863.png;5;1;0;0
6/3864.png;5;1;0;0
6/3865.png;5;1;0;0
6/3866.png;5;1;0;0
6/3867.png;5;1;0;0
6/3868.png;5;1;0;0
6/3869.png;5;1;0;0
6/3870.png;5;1;0;0
6/3871.png;5;1;0;0
6/3872.png;5;1;0;0
6/3873.png;5;1;0;0
6/3874.png;5;1;0;0
6/3875.png;5;1;0;0
6/3876.png;5;1;0;0
6/3877.png;5;1;0;0
6/3878.png;5;1;0;0
6/3879.png;5;1;0;0
6/3880.png;5;1;0;0
6/3881.png;5;1;0;0
6/3882.png;5;1;0;0
6/3883.png;5;1;0;0
6/3884.png;5;1;0;0
6/3885.png;5;1;0;0
6/3886.png;5;1;0;0
6/3887.png;5;1;0;0
6/3888.png;5;1;0;0
6/3889.png;5;1;0;0
6/3890.png;5;1;0;0
6/3891.png;5;1;0;0
6/3892.png;5;1;0;0
6/3893.png;5;1;0;0
6/3894.png;5;1;0;0
6/3895.png;5;1;0;0
6/3896.png;5;1;0;0
6/3897.png;5;1;0;0
6/3898.png;5;1;0;0
6/3899.png;5;1;0;0
6/3900.png;5;1;0;0
6/3901.png;5;1;0;0
6/3902.png;5;1;0;0
6/3903.png;5;1;0;0
6/3904.png;5;1;0;0
6/3905.png;5;1;0;0
6/3906.png;5;1;0;0
6/3907.png;5;1;0;0
6/3908.png;5;1;0;0
6/3909.png;5;1;0;0
6/3910.png;5;1;0;0
6/3911.png;5;1;0;0
6/3912.png;5;1;0;0
6/3913.png;5;1;0;0
6/3914.png;5;1;0;0
6/3915.png;5;1;0;0
6/3916.png;5;1;0;0
6/3917.png;5;1;0;0
6/3918.png;5;1;0;0
6/3919.png;5;1;0;0
6/3920.png;5;1;0;0
6/3921.png;5;1;0;0
6/3922.png;5;1;0;0
6/3923.png;5;1;0;0
6/3924.png;5;1;0;0
6/3925.png;5;1;0;0
6/3926.png;5;1;0;0
6/3927.png;5;1;0;0
6/3928.png;5;1;0;0
6/3929.png;5;1;0;0
6/3930.png;5;1;0;0
6/3931.png;5;1;0;0
6/3932.png;5;1;0;0
6/3933.png;5;1;0;0
6/3934.png;5;1;0;0
6/3935.png;5;1;0;0
6/3936.png;5;1;0;0
6/3937.png;5;1;0;0
6/3938.png;5;1;0;0
6/3939.png;5;1;0;0
6/3940.png;5;1;0;0
6/3941.png;5;1;0;0
6/3942.png;5;1;0;0
6/3943.png;5;1;0;0
6/3944.png;5;1;0;0
6/3945.png;5;1;0;0
6/3946.png;5;1;0;0
6/3947.png;5;1;0;0
6/3948.png;5;1;0;0
6/3949.png;5;1;0;0
6/3950.png;5;1;0;0
6/3951.png;5;1;0;0
6/3952.png;5;1;0;0
6/3953.png;5;1;0;0
6/3954.png;5;1;0;0
6/3955.png;5;1;0;0
6/3956.png;5;1;0;0
6/3957.png;5;1;0;0
6/3958.png;5;1;0;0
6/3959.png;5;1;0;0
6/3960.png;5;1;0;0
6/3961.png;5;1;0;0
6/3962.png;5;1;0;0
6/3963.png;5;1;0;0
6/3964.png;5;1;0;0
6/3965.png;5;1;0;0
6/3966.png;5;1;0;0
6/3967.png;5;1;0;0
6/3968.png;5;1;0;0
6/3969.png;5;1;0;0
6/3970.png;5;1;0;0
6/3971.png;5;1;0;0
6/3972.png;5;1;0;0
6/3973.png;5;1;0;0
6/3974.png;5;1;0;0
6/3975.png;5;1;0;0
6/3976.png;5;1;0;0
6/3977.png;5;1;0;0
6/3978.png;5;1;0;0
6/3979.png;5;1;0;0
6/3980.png;5;1;0;0
6/3981.png;5;1;0;0
6/3982.png;5;1;0;0
6/3983.png;5;1;0;0
6/3984.png;5;1;0;0
6/3985.png;5;1;0;0
6/3986.png;5;1;0;0
6/3987.png;5;1;0;0
6/3988.png;5;1;0;0
6/3989.png;5;1;0;0
6/3990.png;5;1;0;0
6/3991.png;5;1;0;0
6/3992.png;5;1;0;0
6/3993.png;5;1;0;0
6/3994.png;5;1;0;0
6/3995.png;5;1;0;0
6/3996.png;5;1;0;0
6/3997.png;5;1;0;0
6/3998.png;5;1;0;0
6/3999.png;5;1;0;0
6/4000.png;5;1;0;0
6/4001.png;5;1;0;0
6/4002.png;5;1;0;0
6/4003.png;5;1;0;0
6/4004.png;5;1;0;0
6/4005.png;5;1;0;0
6/4006.png;5;1;0;0
6/4007.png;5;1;0;0
6/4008.png;5;1;0;0
6/4009.png;5;1;0;0
6/4010.png;5;1;0;0
6/4011.png;5;1;0;0
6/4012.png;5;1;0;0
6/4013.png;5;1;0;0
6/4014.png;5;1;0;0
6/4015.png;5;1;0;0
6/4016.png;5;1;0;0
6/4017.png;5;1;0;0
6/4018.png;5;1;0;0
6/4019.png;5;1;0;0
6/4020.png;5;1;0;0
6/4021.png;5;1;0;0
6/4022.png;5;1;0;0
6/4023.png;5;1;0;0
6/4024.png;5;1;0;0
6/4025.png;5;1;0;0
6/4026.png;5;1;0;0
6/4027.png;5;1;0;0
6/4028.png;5;1;0;0
6/4029.png;5;1;0;0
6/4030.png;5;1;0;0
6/4031.png;5;1;0;0
6/4032.png;5;1;0;0
6/4033.png;5;1;0;0
6/4034.png;5;1;0;0
6/4035.png;5;1;0;0
6/4036.png;5;1;0;0
6/4037.png;5;1;0;0
6/4038.png;5;1;0;0
6/4039.png;5;1;0;0
6/4040.png;5;1;0;0
6/4041.png;5;1;0;0
6/4042.png;5;1;0;0
6/4043.png;5;1;0;0
6/4044.png;5;1;0;0
6/4045.png;5;1;0;0
6/4046.png;5;1;0;0
6/4047.png;5;1;0;0
6/4048.png;5;1;0;0
6/4049.png;5;1;0;0
6/4050.png;5;1;0;0
6/4051.png;5;1;0;0
6/4052.png;5;1;0;0
6/4053.png;5;1;0;0
6/4054.png;5;1;0;0
6/4055.png;5;1;0;0
6/4056.png;5;1;0;0
6/4057.png;5;1;0;0
6/4058.png;5;1;0;0
6/4059.png;5;1;0;0
6/4060.png;5;1;0;0
6/4061.png;5;1;0;0
6/4062.png;5;1;0;0
6/4063.png;5;1;0;0
6/4064.png;5;1;0;0
6/4065.png;5;1;0;0
6/4066.png;5;1;0;0
6/4067.png;5;1;0;0
6/4068.png;5;1;0;0
6/4069.png;5;1;0;0
6/4070.png;5;1;0;0
6/4071.png;5;1;0;0
6/4072.png;5;1;0;0
6/4073.png;5;1;0;0
6/4074.png;5;1;0;0
6/4075.png;5;1;0;0
6/4076.png;5;1;0;0
6/4077.png;5;1;0;0
6/4078.png;5;1;0;0
6/4079.png;5;1;0;0
6/4080.png;5;1;0;0
6/4081.png;5;1;0;0
6/4082.png;5;1;0;0
6/4083.png;5;1;0;0
6/4084.png;5;1;0;0
6/4085.png;5;1;0;0
6/4086.png;5;1;0;0
6/4087.png;5;1;0;0
6/4088.png;5;1;0;0
6/4089.png;5;1;0;0
6/4090.png;5;1;0;0
6/4091.png;5;1;0;0
6/4092.png;5;1;0;0
6/4093.png;5;1;0;0
6/4094.png;5;1;0;0
6/4095.png;5;1;0;0
6/4096.png;5;1;0;0
6/4097.png;5;1;0;0
6/4098.png;5;1;0;0
6/4099.png;5;1;0;0
6/4100.png;5;1;0;0
6/4101.png;5;1;0;0
6/4102.png;5;1;0;0
6/4103.png;5;1;0;0
6/4104.png;5;1;0;0
6/4105.png;5;1;0;0
6/4106.png;5;1;0;0
6/4107.png;5;1;0;0
6/4108.png;5;1;0;0
6/4109.png;5;1;0;0
6/4110.png;5;1;0;0
6/4111.png;5;1;0;0
6/4112.png;5;1;0;0
6/4113.png;5;1;0;0
6/4114.png;5;1;0;0
6/4115.png;5;1;0;0
6/4116.png;5;1;0;0
6/4117.png;5;1;0;0
6/4118.png;5;1;0;0
6/4119.png;5;1;0;0
6/4120.png;5;1;0;0
6/4121.png;5;1;0;0
6/4122.png;5;1;0;0
6/4123.png;5;1;0;0
6/4124.png;5;1;0;0
6/4125.png;5;1;0;0
6/4126.png;5;1;0;0
6/4127.png;5;1;0;0
6/4128.png;5;1;0;0
6/4129.png;5;1;0;0
6/4130.png;5;1;0;0
6/4131.png;5;1;0;0
6/4132.png;5;1;0;0
6/4133.png;5;1;0;0
6/4134.png;5;1;0;0
6/4135.png;5;1;0;0
6/4136.png;5;1;0;0
6/4137.png;5;1;0;0
6/4138.png;5;1;0;0
6/4139.png;5;1;0;0
6/4140.png;5;1;0;0
6/4141.png;5;1;0;0
6/4142.png;5;1;0;0
6/4143.png;5;1;0;0
6/4144.png;5;1;0;0
6/4145.png;5;1;0;0
6/4146.png;5;1;0;0
6/4147.png;5;1;0;0
6/4148.png;5;1;0;0
6/4149.png;5;1;0;0
6/4150.png;5;1;0;0
6/4151.png;5;1;0;0
6/4152.png;5;1;0;0
6/4153.png;5;1;0;0
6/4154.png;5;1;0;0
6/4155.png;5;1;0;0
6/4156.png;5;1;0;0
6/4157.png;5;1;0;0
6/4158.png;5;1;0;0
6/4159.png;5;1;0;0
6/4160.png;5;1;0;0
6/4161.png;5;1;0;0
6/4162.png;5;1;0;0
6/4163.png;5;1;0;0
6/4164.png;5;1;0;0
6/4165.png;5;1;0;0
6/4166.png;5;1;0;0
6/4167.png;5;1;0;0
6/4168.png;5;1;0;0
6/4169.png;5;1;0;0
6/4170.png;5;1;0;0
6/4171.png;5;1;0;0
6/4172.png;5;1;0;0
6/4173.png;5;1;0;0
6/4174.png;5;1;0;0
6/4175.png;5;1;0;0
6/4176.png;5;1;0;0
6/4177.png;5;1;0;0
6/4178.png;5;1;0;0
6/4179.png;5;1;0;0
6/4180.png;5;1;0;0
6/4181.png;5;1;0;0
6/4182.png;5;1;0;0
6/4183.png;5;1;0;0
6/4184.png;5;1;0;0
6/4185.png;5;1;0;0
6/4186.png;5;1;0;0
6/4187.png;5;1;0;0
6/4188.png;5;1;0;0
6/4189.png;5;1;0;0
6/4190.png;5;1;0;0
6/4191.png;5;1;0;0
6/4192.png;5;1;0;0
6/4193.png;5;1;0;0
6/4194.png;5;1;0;0
6/4195.png;5;1;0;0
6/4196.png;5;1;0;0
6/4197.png;5;1;0;0
6/4198.png;5;1;0;0
6/4199.png;5;1;0;0
6/4200.png;5;1;0;0
6/4201.png;5;1;0;0
6/4202.png;5;1;0;0
6/4203.png;5;1;0;0
6/4204.png;5;1;0;0
6/4205.png;5;1;0;0
6/4206.png;5;1;0;0
6/4207.png;5;1;0;0
6/4208.png;5;1;0;0
6/4209.png;5;1;0;0
6/4210.png;5;1;0;0
6/4211.png;5;1;0;0
6/4212.png;5;1;0;0
6/4213.png;5;1;0;0
6/4214.png;5;1;0;0
6/4215.png;5;1;0;0
6/4216.png;5;1;0;0
6/4217.png;5;1;0;0
6/4218.png;5;1;0;0
6/4219.png;5;1;0;0
6/4220.png;5;1;0;0
6/4221.png;5;1;0;0
6/4222.png;5;1;0;0
6/4223.png;5;1;0;0
6/4224.png;5;1;0;0
6/4225.png;5;1;0;0
6/4226.png;5;1;0;0
6/4227.png;5;1;0;0
6/4228.png;5;1;0;0
6/4229.png;5;1;0;0
6/4230.png;5;1;0;0
6/4231.png;5;1;0;0
6/4232.png;5;1;0;0
6/4233.png;5;1;0;0
6/4234.png;5;1;0;0
6/4235.png;5;1;0;0
6/4236.png;5;1;0;0
6/4237.png;5;1;0;0
6/4238.png;5;1;0;0
6/4239.png;5;1;0;0
6/4240.png;5;1;0;0
6/4241.png;5;1;0;0
6/4242.png;5;1;0;0
6/4243.png;5;1;0;0
6/4244.png;5;1;0;0
6/4245.png;5;1;0;0
6/4246.png;5;1;0;0
6/4247.png;5;1;0;0
6/4248.png;5;1;0;0
6/4249.png;5;1;0;0
6/4250.png;5;1;0;0
6/4251.png;5;1;0;0
6/4252.png;5;1;0;0
6/4253.png;5;1;0;0
6/4254.png;5;1;0;0
6/4255.png;5;1;0;0
6/4256.png;5;1;0;0
6/4257.png;5;1;0;0
6/4258.png;5;1;0;0
6/4259.png;5;1;0;0
6/4260.png;5;1;0;0
6/4261.png;5;1;0;0
6/4262.png;5;1;0;0
6/4263.png;5;1;0;0
6/4264.png;5;1;0;0
6/4265.png;5;1;0;0
6/4266.png;5;1;0;0
6/4267.png;5;1;0;0
6/4268.png;5;1;0;0
6/4269.png;5;1;0;0
6/4270.png;5;1;0;0
6/4271.png;5;1;0;0
6/4272.png;5;1;0;0
6/4273.png;5;1;0;0
6/4274.png;5;1;0;0
6/4275.png;5;1;0;0
6/4276.png;5;1;0;0
6/4277.png;5;1;0;0
6/4278.png;5;1;0;0
6/4279.png;5;1;0;0
6/4280.png;5;1;0;0
6/4281.png;5;1;0;0
6/4282.png;5;1;0;0
6/4283.png;5;1;0;0
6/4284.png;5;1;0;0
6/4285.png;5;1;0;0
6/4286.png;5;1;0;0
6/4287.png;5;1;0;0
6/4288.png;5;1;0;0
6/4289.png;5;1;0;0
6/4290.png;5;1;0;0
6/4291.png;5;1;0;0
6/4292.png;5;1;0;0
6/4293.png;5;1;0;0
6/4294.png;5;1;0;0
6/4295.png;5;1;0;0
6/4296.png;5;1;0;0
6/4297.png;5;1;0;0
6/4298.png;5;1;0;0
6/4299.png;5;1;0;0
6/4300.png;5;1;0;0
6/4301.png;5;1;0;0
6/4302.png;5;1;0;0
6/4303.png;5;1;0;0
6/4304.png;5;1;0;0
6/4305.png;5;1;0;0
6/4306.png;5;1;0;0
6/4307.png;5;1;0;0
6/4308.png;5;1;0;0
6/4309.png;5;1;0;0
6/4310.png;5;1;0;0
6/4311.png;5;1;0;0
6/4312.png;5;1;0;0
6/4313.png;5;1;0;0
6/4314.png;5;1;0;0
6/4315.png;5;1;0;0
6/4316.png;5;1;0;0
6/4317.png;5;1;0;0
6/4318.png;5;1;0;0
6/4319.png;5;1;0;0
6/4320.png;5;1;0;0
6/4321.png;5;1;0;0
6/4322.png;5;1;0;0
6/4323.png;5;1;0;0
6/4324.png;5;1;0;0
6/4325.png;5;1;0;0
6/4326.png;5;1;0;0
6/4327.png;5;1;0;0
6/4328.png;5;1;0;0
6/4329.png;5;1;0;0
6/4330.png;5;1;0;0
6/4331.png;5;1;0;0
6/4332.png;5;1;0;0
6/4333.png;5;1;0;0
6/4334.png;5;1;0;0
6/4335.png;5;1;0;0
6/4336.png;5;1;0;0
6/4337.png;5;1;0;0
6/4338.png;5;1;0;0
6/4339.png;5;1;0;0
6/4340.png;5;1;0;0
6/4341.png;5;1;0;0
6/4342.png;5;1;0;0
6/4343.png;5;1;0;0
6/4344.png;5;1;0;0
6/4345.png;5;1;0;0
6/4346.png;5;1;0;0
6/4347.png;5;1;0;0
6/4348.png;5;1;0;0
6/4349.png;5;1;0;0
6/4350.png;5;1;0;0
6/4351.png;5;1;0;0
6/4352.png;5;1;0;0
6/4353.png;5;1;0;0
6/4354.png;5;1;0;0
6/4355.png;5;1;0;0
6/4356.png;5;1;0;0
6/4357.png;5;1;0;0
6/4358.png;5;1;0;0
6/4359.png;5;1;0;0
6/4360.png;5;1;0;0
6/4361.png;5;1;0;0
6/4362.png;5;1;0;0
6/4363.png;5;1;0;0
6/4364.png;5;1;0;0
6/4365.png;5;1;0;0
6/4366.png;5;1;0;0
6/4367.png;5;1;0;0
6/4368.png;5;1;0;0
6/4369.png;5;1;0;0
6/4370.png;5;1;0;0
6/4371.png;5;1;0;0
6/4372.png;5;1;0;0
6/4373.png;5;1;0;0
6/4374.png;5;1;0;0
6/4375.png;5;1;0;0
6/4376.png;5;1;0;0
6/4377.png;5;1;0;0
6/4378.png;5;1;0;0
6/4379.png;5;1;0;0
6/4380.png;5;1;0;0
6/4381.png;5;1;0;0
6/4382.png;5;1;0;0
6/4383.png;5;1;0;0
6/4384.png;5;1;0;0
6/4385.png;5;1;0;0
6/4386.png;5;1;0;0
6/4387.png;5;1;0;0
6/4388.png;5;1;0;0
6/4389.png;5;1;0;0
6/4390.png;5;1;0;0
6/4391.png;5;1;0;0
6/4392.png;5;1;0;0
6/4393.png;5;1;0;0
6/4394.png;5;1;0;0
6/4395.png;5;1;0;0
6/4396.png;5;1;0;0
6/4397.png;5;1;0;0
6/4398.png;5;1;0;0
6/4399.png;5;1;0;0
6/4400.png;5;1;0;0
6/4401.png;5;1;0;0
6/4402.png;5;1;0;0
6/4403.png;5;1;0;0
6/4404.png;5;1;0;0
6/4405.png;5;1;0;0
6/4406.png;5;1;0;0
6/4407.png;5;1;0;0
6/4408.png;5;1;0;0
6/4409.png;5;1;0;0
6/4410.png;5;1;0;0
6/4411.png;5;1;0;0
6/4412.png;5;1;0;0
6/4413.png;5;1;0;0
6/4414.png;5;1;0;0
6/4415.png;5;1;0;0
6/4416.png;5;1;0;0
6/4417.png;5;1;0;0
6/4418.png;5;1;0;0
6/4419.png;5;1;0;0
6/4420.png;5;1;0;0
6/4421.png;5;1;0;0
6/4422.png;5;1;0;0
6/4423.png;5;1;0;0
6/4424.png;5;1;0;0
6/4425.png;5;1;0;0
6/4426.png;5;1;0;0
6/4427.png;5;1;0;0
6/4428.png;5;1;0;0
6/4429.png;5;1;0;0
6/4430.png;5;1;0;0
6/4431.png;5;1;0;0
6/4432.png;5;1;0;0
6/4433.png;5;1;0;0
6/4434.png;5;1;0;0
6/4435.png;5;1;0;0
6/4436.png;5;1;0;0
6/4437.png;5;1;0;0
6/4438.png;5;1;0;0
6/4439.png;5;1;0;0
6/4440.png;5;1;0;0
6/4441.png;5;1;0;0
6/4442.png;5;1;0;0
6/4443.png;5;1;0;0
6/4444.png;5;1;0;0
6/4445.png;5;1;0;0
6/4446.png;5;1;0;0
6/4447.png;5;1;0;0
6/4448.png;5;1;0;0
6/4449.png;5;1;0;0
6/4450.png;5;1;0;0
6/4451.png;5;1;0;0
6/4452.png;5;1;0;0
6/4453.png;5;1;0;0
6/4454.png;5;1;0;0
6/4455.png;5;1;0;0
6/4456.png;5;1;0;0
6/4457.png;5;1;0;0
6/4458.png;5;1;0;0
6/4459.png;5;1;0;0
6/4460.png;5;1;0;0
6/4461.png;5;1;0;0
6/4462.png;5;1;0;0
6/4463.png;5;1;0;0
6/4464.png;5;1;0;0
6/4465.png;5;1;0;0
6/4466.png;5;1;0;0
6/4467.png;5;1;0;0
6/4468.png;5;1;0;0
6/4469.png;5;1;0;0
6/4470.png;5;1;0;0
6/4471.png;5;1;0;0
6/4472.png;5;1;0;0
6/4473.png;5;1;0;0
6/4474.png;5;1;0;0
6/4475.png;5;1;0;0
6/4476.png;5;1;0;0
6/4477.png;5;1;0;0
6/4478.png;5;1;0;0
6/4479.png;5;1;0;0
6/4480.png;5;1;0;0
6/4481.png;5;1;0;0
6/4482.png;5;1;0;0
6/4483.png;5;1;0;0
6/4484.png;5;1;0;0
6/4485.png;5;1;0;0
6/4486.png;5;1;0;0
6/4487.png;5;1;0;0
6/4488.png;5;1;0;0
6/4489.png;5;1;0;0
6/4490.png;5;1;0;0
6/4491.png;5;1;0;0
6/4492.png;5;1;0;0
6/4493.png;5;1;0;0
6/4494.png;5;1;0;0
6/4495.png;5;1;0;0
6/4496.png;5;1;0;0
6/4497.png;5;1;0;0
6/4498.png;5;1;0;0
6/4499.png;5;1;0;0
6/4500.png;5;1;0;0
6/4501.png;5;1;0;0
6/4502.png;5;1;0;0
6/4503.png;5;1;0;0
6/4504.png;5;1;0;0
6/4505.png;5;1;0;0
6/4506.png;5;1;0;0
6/4507.png;5;1;0;0
6/4508.png;5;1;0;0
6/4509.png;5;1;0;0
6/4510.png;5;1;0;0
6/4511.png;5;1;0;0
6/4512.png;5;1;0;0
6/4513.png;5;1;0;0
6/4514.png;5;1;0;0
6/4515.png;5;1;0;0
6/4516.png;5;1;0;0
6/4517.png;5;1;0;0
6/4518.png;5;1;0;0
6/4519.png;5;1;0;0
6/4520.png;5;1;0;0
6/4521.png;5;1;0;0
6/4522.png;5;1;0;0
6/4523.png;5;1;0;0
6/4524.png;5;1;0;0
6/4525.png;5;1;0;0
6/4526.png;5;1;0;0
6/4527.png;5;1;0;0
6/4528.png;5;1;0;0
6/4529.png;5;1;0;0
6/4530.png;5;1;0;0
6/4531.png;5;1;0;0
6/4532.png;5;1;0;0
6/4533.png;5;1;0;0
6/4534.png;5;1;0;0
6/4535.png;5;1;0;0
6/4536.png;5;1;0;0
6/4537.png;5;1;0;0
6/4538.png;5;1;0;0
6/4539.png;5;1;0;0
6/4540.png;5;1;0;0
6/4541.png;5;1;0;0
6/4542.png;5;1;0;0
6/4543.png;5;1;0;0
6/4544.png;5;1;0;0
6/4545.png;5;1;0;0
6/4546.png;5;1;0;0
6/4547.png;5;1;0;0
6/4548.png;5;1;0;0
6/4549.png;5;1;0;0
6/4550.png;5;1;0;0
6/4551.png;5;1;0;0
6/4552.png;5;1;0;0
6/4553.png;5;1;0;0
6/4554.png;5;1;0;0
6/4555.png;5;1;0;0
6/4556.png;5;1;0;0
6/4557.png;5;1;0;0
6/4558.png;5;1;0;0
6/4559.png;5;1;0;0
6/4560.png;5;1;0;0
6/4561.png;5;1;0;0
6/4562.png;5;1;0;0
6/4563.png;5;1;0;0
6/4564.png;5;1;0;0
6/4565.png;5;1;0;0
6/4566.png;5;1;0;0
6/4567.png;5;1;0;0
6/4568.png;5;1;0;0
6/4569.png;5;1;0;0
6/4570.png;5;1;0;0
6/4571.png;5;1;0;0
6/4572.png;5;1;0;0
6/4573.png;5;1;0;0
6/4574.png;5;1;0;0
6/4575.png;5;1;0;0
6/4576.png;5;1;0;0
6/4577.png;5;1;0;0
6/4578.png;5;1;0;0
6/4579.png;5;1;0;0
6/4580.png;5;1;0;0
6/4581.png;5;1;0;0
6/4582.png;5;1;0;0
6/4583.png;5;1;0;0
6/4584.png;5;1;0;0
6/4585.png;5;1;0;0
6/4586.png;5;1;0;0
6/4587.png;5;1;0;0
6/4588.png;5;1;0;0
6/4589.png;5;1;0;0
6/4590.png;5;1;0;0
6/4591.png;5;1;0;0
6/4592.png;5;1;0;0
6/4593.png;5;1;0;0
6/4594.png;5;1;0;0
6/4595.png;5;1;0;0
6/4596.png;5;1;0;0
6/4597.png;5;1;0;0
6/4598.png;5;1;0;0
6/4599.png;5;1;0;0
6/4600.png;5;1;0;0
6/4601.png;5;1;0;0
6/4602.png;5;1;0;0
6/4603.png;5;1;0;0
6/4604.png;5;1;0;0
6/4605.png;5;1;0;0
6/4606.png;5;1;0;0
6/4607.png;5;1;0;0
6/4608.png;5;1;0;0
6/4609.png;5;1;0;0
6/4610.png;5;1;0;0
6/4611.png;5;1;0;0
6/4612.png;5;1;0;0
6/4613.png;5;1;0;0
6/4614.png;5;1;0;0
6/4615.png;5;1;0;0
6/4616.png;5;1;0;0
6/4617.png;5;1;0;0
6/4618.png;5;1;0;0
6/4619.png;5;1;0;0
6/4620.png;5;1;0;0
6/4621.png;5;1;0;0
6/4622.png;5;1;0;0
6/4623.png;5;1;0;0
6/4624.png;5;1;0;0
6/4625.png;5;1;0;0
6/4626.png;5;1;0;0
6/4627.png;5;1;0;0
6/4628.png;5;1;0;0
6/4629.png;5;1;0;0
6/4630.png;5;1;0;0
6/4631.png;5;1;0;0
6/4632.png;5;1;0;0
6/4633.png;5;1;0;0
6/4634.png;5;1;0;0
6/4635.png;5;1;0;0
6/4636.png;5;1;0;0
6/4637.png;5;1;0;0
6/4638.png;5;1;0;0
6/4639.png;5;1;0;0
6/4640.png;5;1;0;0
6/4641.png;5;1;0;0
6/4642.png;5;1;0;0
6/4643.png;5;1;0;0
6/4644.png;5;1;0;0
6/4645.png;5;1;0;0
6/4646.png;5;1;0;0
6/4647.png;5;1;0;0
6/4648.png;5;1;0;0
6/4649.png;5;1;0;0
6/4650.png;5;1;0;0
6/4651.png;5;1;0;0
6/4652.png;5;1;0;0
6/4653.png;5;1;0;0
6/4654.png;5;1;0;0
6/4655.png;5;1;0;0
6/4656.png;5;1;0;0
6/4657.png;5;1;0;0
6/4658.png;5;1;0;0
6/4659.png;5;1;0;0
6/4660.png;5;1;0;0
6/4661.png;5;1;0;0
6/4662.png;5;1;0;0
6/4663.png;5;1;0;0
6/4664.png;5;1;0;0
6/4665.png;5;1;0;0
6/4666.png;5;1;0;0
6/4667.png;5;1;0;0
6/4668.png;5;1;0;0
6/4669.png;5;1;0;0
6/4670.png;5;1;0;0
6/4671.png;5;1;0;0
6/4672.png;5;1;0;0
6/4673.png;5;1;0;0
6/4674.png;5;1;0;0
6/4675.png;5;1;0;0
6/4676.png;5;1;0;0
6/4677.png;5;1;0;0
6/4678.png;5;1;0;0
6/4679.png;5;1;0;0
6/4680.png;5;1;0;0
6/4681.png;5;1;0;0
6/4682.png;5;1;0;0
6/4683.png;5;1;0;0
6/4684.png;5;1;0;0
6/4685.png;5;1;0;0
6/4686.png;5;1;0;0
6/4687.png;5;1;0;0
6/4688.png;5;1;0;0
6/4689.png;5;1;0;0
6/4690.png;5;1;0;0
6/4691.png;5;1;0;0
6/4692.png;5;1;0;0
6/4693.png;5;1;0;0
6/4694.png;5;1;0;0
6/4695.png;5;1;0;0
6/4696.png;5;1;0;0
6/4697.png;5;1;0;0
6/4698.png;5;1;0;0
6/4699.png;5;1;0;0
6/4700.png;5;1;0;0
6/4701.png;5;1;0;0
6/4702.png;5;1;0;0
6/4703.png;5;1;0;0
6/4704.png;5;1;0;0
6/4705.png;5;1;0;0
6/4706.png;5;1;0;0
6/4707.png;5;1;0;0
6/4708.png;5;1;0;0
6/4709.png;5;1;0;0
6/4710.png;5;1;0;0
6/4711.png;5;1;0;0
6/4712.png;5;1;0;0
6/4713.png;5;1;0;0
6/4714.png;5;1;0;0
6/4715.png;5;1;0;0
6/4716.png;5;1;0;0
6/4717.png;5;1;0;0
6/4718.png;5;1;0;0
6/4719.png;5;1;0;0
6/4720.png;5;1;0;0
6/4721.png;5;1;0;0
6/4722.png;5;1;0;0
6/4723.png;5;1;0;0
6/4724.png;5;1;0;0
6/4725.png;5;1;0;0
6/4726.png;5;1;0;0
6/4727.png;5;1;0;0
6/4728.png;5;1;0;0
6/4729.png;5;1;0;0
6/4730.png;5;1;0;0
6/4731.png;5;1;0;0
6/4732.png;5;1;0;0
6/4733.png;5;1;0;0
6/4734.png;5;1;0;0
6/4735.png;5;1;0;0
6/4736.png;5;1;0;0
6/4737.png;5;1;0;0
6/4738.png;5;1;0;0
6/4739.png;5;1;0;0
6/4740.png;5;1;0;0
6/4741.png;5;1;0;0
6/4742.png;5;1;0;0
6/4743.png;5;1;0;0
6/4744.png;5;1;0;0
6/4745.png;5;1;0;0
6/4746.png;5;1;0;0
6/4747.png;5;1;0;0
6/4748.png;5;1;0;0
6/4749.png;5;1;0;0
6/4750.png;5;1;0;0
6/4751.png;5;1;0;0
6/4752.png;5;1;0;0
6/4753.png;5;1;0;0
6/4754.png;5;1;0;0
6/4755.png;5;1;0;0
6/4756.png;5;1;0;0
6/4757.png;5;1;0;0
6/4758.png;5;1;0;0
6/4759.png;5;1;0;0
6/4760.png;5;1;0;0
6/4761.png;5;1;0;0
6/4762.png;5;1;0;0
6/4763.png;5;1;0;0
6/4764.png;5;1;0;0
6/4765.png;5;1;0;0
6/4766.png;5;1;0;0
6/4767.png;5;1;0;0
6/4768.png;5;1;0;0
6/4769.png;5;1;0;0
6/4770.png;5;1;0;0
6/4771.png;5;1;0;0
6/4772.png;5;1;0;0
6/4773.png;5;1;0;0
6/4774.png;5;1;0;0
6/4775.png;5;1;0;0
6/4776.png;5;1;0;0
6/4777.png;5;1;0;0
6/4778.png;5;1;0;0
6/4779.png;5;1;0;0
6/4780.png;5;1;0;0
6/4781.png;5;1;0;0
6/4782.png;5;1;0;0
6/4783.png;5;1;0;0
6/4784.png;5;1;0;0
6/4785.png;5;1;0;0
6/4786.png;5;1;0;0
6/4787.png;5;1;0;0
6/4788.png;5;1;0;0
6/4789.png;5;1;0;0
6/4790.png;5;1;0;0
6/4791.png;5;1;0;0
6/4792.png;5;1;0;0
6/4793.png;5;1;0;0
6/4794.png;5;1;0;0
6/4795.png;5;1;0;0
6/4796.png;5;1;0;0
6/4797.png;5;1;0;0
6/4798.png;5;1;0;0
6/4799.png;5;1;0;0
6/4800.png;5;1;0;0
6/4801.png;5;1;0;0
6/4802.png;5;1;0;0
6/4803.png;5;1;0;0
6/4804.png;5;1;0;0
6/4805.png;5;1;0;0
6/4806.png;5;1;0;0
6/4807.png;5;1;0;0
6/4808.png;5;1;0;0
6/4809.png;5;1;0;0
6/4810.png;5;1;0;0
6/4811.png;5;1;0;0
6/4812.png;5;1;0;0
6/4813.png;5;1;0;0
6/4814.png;5;1;0;0
6/4815.png;5;1;0;0
6/4816.png;5;1;0;0
6/4817.png;5;1;0;0
6/4818.png;5;1;0;0
6/4819.png;5;1;0;0
6/4820.png;5;1;0;0
6/4821.png;5;1;0;0
6/4822.png;5;1;0;0
6/4823.png;5;1;0;0
6/4824.png;5;1;0;0
6/4825.png;5;1;0;0
6/4826.png;5;1;0;0
6/4827.png;5;1;0;0
6/4828.png;5;1;0;0
6/4829.png;5;1;0;0
6/4830.png;5;1;0;0
6/4831.png;5;1;0;0
6/4832.png;5;1;0;0
6/4833.png;5;1;0;0
6/4834.png;5;1;0;0
6/4835.png;5;1;0;0
6/4836.png;5;1;0;0
6/4837.png;5;1;0;0
6/4838.png;5;1;0;0
6/4839.png;5;1;0;0
6/4840.png;5;1;0;0
6/4841.png;5;1;0;0
6/4842.png;5;1;0;0
6/4843.png;5;1;0;0
6/4844.png;5;1;0;0
6/4845.png;5;1;0;0
6/4846.png;5;1;0;0
6/4847.png;5;1;0;0
6/4848.png;5;1;0;0
6/4849.png;5;1;0;0
6/4850.png;5;1;0;0
6/4851.png;5;1;0;0
6/4852.png;5;1;0;0
6/4853.png;5;1;0;0
6/4854.png;5;1;0;0
6/4855.png;5;1;0;0
6/4856.png;5;1;0;0
6/4857.png;5;1;0;0
6/4858.png;5;1;0;0
6/4859.png;5;1;0;0
6/4860.png;5;1;0;0
6/4861.png;5;1;0;0
6/4862.png;5;1;0;0
6/4863.png;5;1;0;0
6/4864.png;5;1;0;0
6/4865.png;5;1;0;0
6/4866.png;5;1;0;0
6/4867.png;5;1;0;0
6/4868.png;5;1;0;0
6/4869.png;5;1;0;0
6/4870.png;5;1;0;0
6/4871.png;5;1;0;0
6/4872.png;5;1;0;0
6/4873.png;5;1;0;0
6/4874.png;5;1;0;0
6/4875.png;5;1;0;0
6/4876.png;5;1;0;0
6/4877.png;5;1;0;0
6/4878.png;5;1;0;0
6/4879.png;5;1;0;0
6/4880.png;5;1;0;0
6/4881.png;5;1;0;0
6/4882.png;5;1;0;0
6/4883.png;5;1;0;0
6/4884.png;5;1;0;0
6/4885.png;5;1;0;0
6/4886.png;5;1;0;0
6/4887.png;5;1;0;0
6/4888.png;5;1;0;0
6/4889.png;5;1;0;0
6/4890.png;5;1;0;0
6/4891.png;5;1;0;0
6/4892.png;5;1;0;0
6/4893.png;5;1;0;0
6/4894.png;5;1;0;0
6/4895.png;5;1;0;0
6/4896.png;5;1;0;0
6/4897.png;5;1;0;0
6/4898.png;5;1;0;0
6/4899.png;5;1;0;0
6/4900.png;5;1;0;0
6/4901.png;5;1;0;0
6/4902.png;5;1;0;0
6/4903.png;5;1;0;0
6/4904.png;5;1;0;0
6/4905.png;5;1;0;0
6/4906.png;5;1;0;0
6/4907.png;5;1;0;0
6/4908.png;5;1;0;0
6/4909.png;5;1;0;0
6/4910.png;5;1;0;0
6/4911.png;5;1;0;0
6/4912.png;5;1;0;0
6/4913.png;5;1;0;0
6/4914.png;5;1;0;0
6/4915.png;5;1;0;0
6/4916.png;5;1;0;0
6/4917.png;5;1;0;0
6/4918.png;5;1;0;0
6/4919.png;5;1;0;0
6/4920.png;5;1;0;0
6/4921.png;5;1;0;0
6/4922.png;5;1;0;0
6/4923.png;5;1;0;0
6/4924.png;5;1;0;0
6/4925.png;5;1;0;0
6/4926.png;5;1;0;0
6/4927.png;5;1;0;0
6/4928.png;5;1;0;0
6/4929.png;5;1;0;0
6/4930.png;5;1;0;0
6/4931.png;5;1;0;0
6/4932.png;5;1;0;0
6/4933.png;5;1;0;0
6/4934.png;5;1;0;0
6/4935.png;5;1;0;0
6/4936.png;5;1;0;0
6/4937.png;5;1;0;0
6/4938.png;5;1;0;0
6/4939.png;5;1;0;0
6/4940.png;5;1;0;0
6/4941.png;5;1;0;0
6/4942.png;5;1;0;0
6/4943.png;5;1;0;0
6/4944.png;5;1;0;0
6/4945.png;5;1;0;0
6/4946.png;5;1;0;0
6/4947.png;5;1;0;0
6/4948.png;5;1;0;0
6/4949.png;5;1;0;0
6/4950.png;5;1;0;0
6/4951.png;5;1;0;0
6/4952.png;5;1;0;0
6/4953.png;5;1;0;0
6/4954.png;5;1;0;0
6/4955.png;5;1;0;0
6/4956.png;5;1;0;0
6/4957.png;5;1;0;0
6/4958.png;5;1;0;0
6/4959.png;5;1;0;0
6/4960.png;5;1;0;0
6/4961.png;5;1;0;0
6/4962.png;5;1;0;0
6/4963.png;5;1;0;0
6/4964.png;5;1;0;0
6/4965.png;5;1;0;0
6/4966.png;5;1;0;0
6/4967.png;5;1;0;0
6/4968.png;5;1;0;0
6/4969.png;5;1;0;0
6/4970.png;5;1;0;0
6/4971.png;5;1;0;0
6/4972.png;5;1;0;0
6/4973.png;5;1;0;0
6/4974.png;5;1;0;0
6/4975.png;5;1;0;0
6/4976.png;5;1;0;0
6/4977.png;5;1;0;0
6/4978.png;5;1;0;0
6/4979.png;5;1;0;0
6/4980.png;5;1;0;0
6/4981.png;5;1;0;0
6/4982.png;5;1;0;0
6/4983.png;5;1;0;0
6/4984.png;5;1;0;0
6/4985.png;5;1;0;0
6/4986.png;5;1;0;0
6/4987.png;5;1;0;0
6/4988.png;5;1;0;0
6/4989.png;5;1;0;0
6/4990.png;5;1;0;0
6/4991.png;5;1;0;0
6/4992.png;5;1;0;0
6/4993.png;5;1;0;0
6/4994.png;5;1;0;0
6/4995.png;5;1;0;0
6/4996.png;5;1;0;0
6/4997.png;5;1;0;0
6/4998.png;5;1;0;0
6/4999.png;5;1;0;0
6/5000.png;5;1;0;0
7/0001.png;6;1;0;0
7/0002.png;6;1;0;0
7/0003.png;6;1;0;0
7/0004.png;6;1;0;0
7/0005.png;6;1;0;0
7/0006.png;6;1;0;0
7/0007.png;6;1;0;0
7/0008.png;6;1;0;0
7/0009.png;6;1;0;0
7/0010.png;6;1;0;0
7/0011.png;6;1;0;0
7/0012.png;6;1;0;0
7/0013.png;6;1;0;0
7/0014.png;6;1;0;0
7/0015.png;6;1;0;0
7/0016.png;6;1;0;0
7/0017.png;6;1;0;0
7/0018.png;6;1;0;0
7/0019.png;6;1;0;0
7/0020.png;6;1;0;0
7/0021.png;6;1;0;0
7/0022.png;6;1;0;0
7/0023.png;6;1;0;0
7/0024.png;6;1;0;0
7/0025.png;6;1;0;0
7/0026.png;6;1;0;0
7/0027.png;6;1;0;0
7/0028.png;6;1;0;0
7/0029.png;6;1;0;0
7/0030.png;6;1;0;0
7/0031.png;6;1;0;0
7/0032.png;6;1;0;0
7/0033.png;6;1;0;0
7/0034.png;6;1;0;0
7/0035.png;6;1;0;0
7/0036.png;6;1;0;0
7/0037.png;6;1;0;0
7/0038.png;6;1;0;0
7/0039.png;6;1;0;0
7/0040.png;6;1;0;0
7/0041.png;6;1;0;0
7/0042.png;6;1;0;0
7/0043.png;6;1;0;0
7/0044.png;6;1;0;0
7/0045.png;6;1;0;0
7/0046.png;6;1;0;0
7/0047.png;6;1;0;0
7/0048.png;6;1;0;0
7/0049.png;6;1;0;0
7/0050.png;6;1;0;0
7/0051.png;6;1;0;0
7/0052.png;6;1;0;0
7/0053.png;6;1;0;0
7/0054.png;6;1;0;0
7/0055.png;6;1;0;0
7/0056.png;6;1;0;0
7/0057.png;6;1;0;0
7/0058.png;6;1;0;0
7/0059.png;6;1;0;0
7/0060.png;6;1;0;0
7/0061.png;6;1;0;0
7/0062.png;6;1;0;0
7/0063.png;6;1;0;0
7/0064.png;6;1;0;0
7/0065.png;6;1;0;0
7/0066.png;6;1;0;0
7/0067.png;6;1;0;0
7/0068.png;6;1;0;0
7/0069.png;6;1;0;0
7/0070.png;6;1;0;0
7/0071.png;6;1;0;0
7/0072.png;6;1;0;0
7/0073.png;6;1;0;0
7/0074.png;6;1;0;0
7/0075.png;6;1;0;0
7/0076.png;6;1;0;0
7/0077.png;6;1;0;0
7/0078.png;6;1;0;0
7/0079.png;6;1;0;0
7/0080.png;6;1;0;0
7/0081.png;6;1;0;0
7/0082.png;6;1;0;0
7/0083.png;6;1;0;0
7/0084.png;6;1;0;0
7/0085.png;6;1;0;0
7/0086.png;6;1;0;0
7/0087.png;6;1;0;0
7/0088.png;6;1;0;0
7/0089.png;6;1;0;0
7/0090.png;6;1;0;0
7/0091.png;6;1;0;0
7/0092.png;6;1;0;0
7/0093.png;6;1;0;0
7/0094.png;6;1;0;0
7/0095.png;6;1;0;0
7/0096.png;6;1;0;0
7/0097.png;6;1;0;0
7/0098.png;6;1;0;0
7/0099.png;6;1;0;0
7/0100.png;6;1;0;0
7/0101.png;6;1;0;0
7/0102.png;6;1;0;0
7/0103.png;6;1;0;0
7/0104.png;6;1;0;0
7/0105.png;6;1;0;0
7/0106.png;6;1;0;0
7/0107.png;6;1;0;0
7/0108.png;6;1;0;0
7/0109.png;6;1;0;0
7/0110.png;6;1;0;0
7/0111.png;6;1;0;0
7/0112.png;6;1;0;0
7/0113.png;6;1;0;0
7/0114.png;6;1;0;0
7/0115.png;6;1;0;0
7/0116.png;6;1;0;0
7/0117.png;6;1;0;0
7/0118.png;6;1;0;0
7/0119.png;6;1;0;0
7/0120.png;6;1;0;0
7/0121.png;6;1;0;0
7/0122.png;6;1;0;0
7/0123.png;6;1;0;0
7/0124.png;6;1;0;0
7/0125.png;6;1;0;0
7/0126.png;6;1;0;0
7/0127.png;6;1;0;0
7/0128.png;6;1;0;0
7/0129.png;6;1;0;0
7/0130.png;6;1;0;0
7/0131.png;6;1;0;0
7/0132.png;6;1;0;0
7/0133.png;6;1;0;0
7/0134.png;6;1;0;0
7/0135.png;6;1;0;0
7/0136.png;6;1;0;0
7/0137.png;6;1;0;0
7/0138.png;6;1;0;0
7/0139.png;6;1;0;0
7/0140.png;6;1;0;0
7/0141.png;6;1;0;0
7/0142.png;6;1;0;0
7/0143.png;6;1;0;0
7/0144.png;6;1;0;0
7/0145.png;6;1;0;0
7/0146.png;6;1;0;0
7/0147.png;6;1;0;0
7/0148.png;6;1;0;0
7/0149.png;6;1;0;0
7/0150.png;6;1;0;0
7/0151.png;6;1;0;0
7/0152.png;6;1;0;0
7/0153.png;6;1;0;0
7/0154.png;6;1;0;0
7/0155.png;6;1;0;0
7/0156.png;6;1;0;0
7/0157.png;6;1;0;0
7/0158.png;6;1;0;0
7/0159.png;6;1;0;0
7/0160.png;6;1;0;0
7/0161.png;6;1;0;0
7/0162.png;6;1;0;0
7/0163.png;6;1;0;0
7/0164.png;6;1;0;0
7/0165.png;6;1;0;0
7/0166.png;6;1;0;0
7/0167.png;6;1;0;0
7/0168.png;6;1;0;0
7/0169.png;6;1;0;0
7/0170.png;6;1;0;0
7/0171.png;6;1;0;0
7/0172.png;6;1;0;0
7/0173.png;6;1;0;0
7/0174.png;6;1;0;0
7/0175.png;6;1;0;0
7/0176.png;6;1;0;0
7/0177.png;6;1;0;0
7/0178.png;6;1;0;0
7/0179.png;6;1;0;0
7/0180.png;6;1;0;0
7/0181.png;6;1;0;0
7/0182.png;6;1;0;0
7/0183.png;6;1;0;0
7/0184.png;6;1;0;0
7/0185.png;6;1;0;0
7/0186.png;6;1;0;0
7/0187.png;6;1;0;0
7/0188.png;6;1;0;0
7/0189.png;6;1;0;0
7/0190.png;6;1;0;0
7/0191.png;6;1;0;0
7/0192.png;6;1;0;0
7/0193.png;6;1;0;0
7/0194.png;6;1;0;0
7/0195.png;6;1;0;0
7/0196.png;6;1;0;0
7/0197.png;6;1;0;0
7/0198.png;6;1;0;0
7/0199.png;6;1;0;0
7/0200.png;6;1;0;0
7/0201.png;6;1;0;0
7/0202.png;6;1;0;0
7/0203.png;6;1;0;0
7/0204.png;6;1;0;0
7/0205.png;6;1;0;0
7/0206.png;6;1;0;0
7/0207.png;6;1;0;0
7/0208.png;6;1;0;0
7/0209.png;6;1;0;0
7/0210.png;6;1;0;0
7/0211.png;6;1;0;0
7/0212.png;6;1;0;0
7/0213.png;6;1;0;0
7/0214.png;6;1;0;0
7/0215.png;6;1;0;0
7/0216.png;6;1;0;0
7/0217.png;6;1;0;0
7/0218.png;6;1;0;0
7/0219.png;6;1;0;0
7/0220.png;6;1;0;0
7/0221.png;6;1;0;0
7/0222.png;6;1;0;0
7/0223.png;6;1;0;0
7/0224.png;6;1;0;0
7/0225.png;6;1;0;0
7/0226.png;6;1;0;0
7/0227.png;6;1;0;0
7/0228.png;6;1;0;0
7/0229.png;6;1;0;0
7/0230.png;6;1;0;0
7/0231.png;6;1;0;0
7/0232.png;6;1;0;0
7/0233.png;6;1;0;0
7/0234.png;6;1;0;0
7/0235.png;6;1;0;0
7/0236.png;6;1;0;0
7/0237.png;6;1;0;0
7/0238.png;6;1;0;0
7/0239.png;6;1;0;0
7/0240.png;6;1;0;0
7/0241.png;6;1;0;0
7/0242.png;6;1;0;0
7/0243.png;6;1;0;0
7/0244.png;6;1;0;0
7/0245.png;6;1;0;0
7/0246.png;6;1;0;0
7/0247.png;6;1;0;0
7/0248.png;6;1;0;0
7/0249.png;6;1;0;0
7/0250.png;6;1;0;0
7/0251.png;6;1;0;0
7/0252.png;6;1;0;0
7/0253.png;6;1;0;0
7/0254.png;6;1;0;0
7/0255.png;6;1;0;0
7/0256.png;6;1;0;0
7/0257.png;6;1;0;0
7/0258.png;6;1;0;0
7/0259.png;6;1;0;0
7/0260.png;6;1;0;0
7/0261.png;6;1;0;0
7/0262.png;6;1;0;0
7/0263.png;6;1;0;0
7/0264.png;6;1;0;0
7/0265.png;6;1;0;0
7/0266.png;6;1;0;0
7/0267.png;6;1;0;0
7/0268.png;6;1;0;0
7/0269.png;6;1;0;0
7/0270.png;6;1;0;0
7/0271.png;6;1;0;0
7/0272.png;6;1;0;0
7/0273.png;6;1;0;0
7/0274.png;6;1;0;0
7/0275.png;6;1;0;0
7/0276.png;6;1;0;0
7/0277.png;6;1;0;0
7/0278.png;6;1;0;0
7/0279.png;6;1;0;0
7/0280.png;6;1;0;0
7/0281.png;6;1;0;0
7/0282.png;6;1;0;0
7/0283.png;6;1;0;0
7/0284.png;6;1;0;0
7/0285.png;6;1;0;0
7/0286.png;6;1;0;0
7/0287.png;6;1;0;0
7/0288.png;6;1;0;0
7/0289.png;6;1;0;0
7/0290.png;6;1;0;0
7/0291.png;6;1;0;0
7/0292.png;6;1;0;0
7/0293.png;6;1;0;0
7/0294.png;6;1;0;0
7/0295.png;6;1;0;0
7/0296.png;6;1;0;0
7/0297.png;6;1;0;0
7/0298.png;6;1;0;0
7/0299.png;6;1;0;0
7/0300.png;6;1;0;0
7/0301.png;6;1;0;0
7/0302.png;6;1;0;0
7/0303.png;6;1;0;0
7/0304.png;6;1;0;0
7/0305.png;6;1;0;0
7/0306.png;6;1;0;0
7/0307.png;6;1;0;0
7/0308.png;6;1;0;0
7/0309.png;6;1;0;0
7/0310.png;6;1;0;0
7/0311.png;6;1;0;0
7/0312.png;6;1;0;0
7/0313.png;6;1;0;0
7/0314.png;6;1;0;0
7/0315.png;6;1;0;0
7/0316.png;6;1;0;0
7/0317.png;6;1;0;0
7/0318.png;6;1;0;0
7/0319.png;6;1;0;0
7/0320.png;6;1;0;0
7/0321.png;6;1;0;0
7/0322.png;6;1;0;0
7/0323.png;6;1;0;0
7/0324.png;6;1;0;0
7/0325.png;6;1;0;0
7/0326.png;6;1;0;0
7/0327.png;6;1;0;0
7/0328.png;6;1;0;0
7/0329.png;6;1;0;0
7/0330.png;6;1;0;0
7/0331.png;6;1;0;0
7/0332.png;6;1;0;0
7/0333.png;6;1;0;0
7/0334.png;6;1;0;0
7/0335.png;6;1;0;0
7/0336.png;6;1;0;0
7/0337.png;6;1;0;0
7/0338.png;6;1;0;0
7/0339.png;6;1;0;0
7/0340.png;6;1;0;0
7/0341.png;6;1;0;0
7/0342.png;6;1;0;0
7/0343.png;6;1;0;0
7/0344.png;6;1;0;0
7/0345.png;6;1;0;0
7/0346.png;6;1;0;0
7/0347.png;6;1;0;0
7/0348.png;6;1;0;0
7/0349.png;6;1;0;0
7/0350.png;6;1;0;0
7/0351.png;6;1;0;0
7/0352.png;6;1;0;0
7/0353.png;6;1;0;0
7/0354.png;6;1;0;0
7/0355.png;6;1;0;0
7/0356.png;6;1;0;0
7/0357.png;6;1;0;0
7/0358.png;6;1;0;0
7/0359.png;6;1;0;0
7/0360.png;6;1;0;0
7/0361.png;6;1;0;0
7/0362.png;6;1;0;0
7/0363.png;6;1;0;0
7/0364.png;6;1;0;0
7/0365.png;6;1;0;0
7/0366.png;6;1;0;0
7/0367.png;6;1;0;0
7/0368.png;6;1;0;0
7/0369.png;6;1;0;0
7/0370.png;6;1;0;0
7/0371.png;6;1;0;0
7/0372.png;6;1;0;0
7/0373.png;6;1;0;0
7/0374.png;6;1;0;0
7/0375.png;6;1;0;0
7/0376.png;6;1;0;0
7/0377.png;6;1;0;0
7/0378.png;6;1;0;0
7/0379.png;6;1;0;0
7/0380.png;6;1;0;0
7/0381.png;6;1;0;0
7/0382.png;6;1;0;0
7/0383.png;6;1;0;0
7/0384.png;6;1;0;0
7/0385.png;6;1;0;0
7/0386.png;6;1;0;0
7/0387.png;6;1;0;0
7/0388.png;6;1;0;0
7/0389.png;6;1;0;0
7/0390.png;6;1;0;0
7/0391.png;6;1;0;0
7/0392.png;6;1;0;0
7/0393.png;6;1;0;0
7/0394.png;6;1;0;0
7/0395.png;6;1;0;0
7/0396.png;6;1;0;0
7/0397.png;6;1;0;0
7/0398.png;6;1;0;0
7/0399.png;6;1;0;0
7/0400.png;6;1;0;0
7/0401.png;6;1;0;0
7/0402.png;6;1;0;0
7/0403.png;6;1;0;0
7/0404.png;6;1;0;0
7/0405.png;6;1;0;0
7/0406.png;6;1;0;0
7/0407.png;6;1;0;0
7/0408.png;6;1;0;0
7/0409.png;6;1;0;0
7/0410.png;6;1;0;0
7/0411.png;6;1;0;0
7/0412.png;6;1;0;0
7/0413.png;6;1;0;0
7/0414.png;6;1;0;0
7/0415.png;6;1;0;0
7/0416.png;6;1;0;0
7/0417.png;6;1;0;0
7/0418.png;6;1;0;0
7/0419.png;6;1;0;0
7/0420.png;6;1;0;0
7/0421.png;6;1;0;0
7/0422.png;6;1;0;0
7/0423.png;6;1;0;0
7/0424.png;6;1;0;0
7/0425.png;6;1;0;0
7/0426.png;6;1;0;0
7/0427.png;6;1;0;0
7/0428.png;6;1;0;0
7/0429.png;6;1;0;0
7/0430.png;6;1;0;0
7/0431.png;6;1;0;0
7/0432.png;6;1;0;0
7/0433.png;6;1;0;0
7/0434.png;6;1;0;0
7/0435.png;6;1;0;0
7/0436.png;6;1;0;0
7/0437.png;6;1;0;0
7/0438.png;6;1;0;0
7/0439.png;6;1;0;0
7/0440.png;6;1;0;0
7/0441.png;6;1;0;0
7/0442.png;6;1;0;0
7/0443.png;6;1;0;0
7/0444.png;6;1;0;0
7/0445.png;6;1;0;0
7/0446.png;6;1;0;0
7/0447.png;6;1;0;0
7/0448.png;6;1;0;0
7/0449.png;6;1;0;0
7/0450.png;6;1;0;0
7/0451.png;6;1;0;0
7/0452.png;6;1;0;0
7/0453.png;6;1;0;0
7/0454.png;6;1;0;0
7/0455.png;6;1;0;0
7/0456.png;6;1;0;0
7/0457.png;6;1;0;0
7/0458.png;6;1;0;0
7/0459.png;6;1;0;0
7/0460.png;6;1;0;0
7/0461.png;6;1;0;0
7/0462.png;6;1;0;0
7/0463.png;6;1;0;0
7/0464.png;6;1;0;0
7/0465.png;6;1;0;0
7/0466.png;6;1;0;0
7/0467.png;6;1;0;0
7/0468.png;6;1;0;0
7/0469.png;6;1;0;0
7/0470.png;6;1;0;0
7/0471.png;6;1;0;0
7/0472.png;6;1;0;0
7/0473.png;6;1;0;0
7/0474.png;6;1;0;0
7/0475.png;6;1;0;0
7/0476.png;6;1;0;0
7/0477.png;6;1;0;0
7/0478.png;6;1;0;0
7/0479.png;6;1;0;0
7/0480.png;6;1;0;0
7/0481.png;6;1;0;0
7/0482.png;6;1;0;0
7/0483.png;6;1;0;0
7/0484.png;6;1;0;0
7/0485.png;6;1;0;0
7/0486.png;6;1;0;0
7/0487.png;6;1;0;0
7/0488.png;6;1;0;0
7/0489.png;6;1;0;0
7/0490.png;6;1;0;0
7/0491.png;6;1;0;0
7/0492.png;6;1;0;0
7/0493.png;6;1;0;0
7/0494.png;6;1;0;0
7/0495.png;6;1;0;0
7/0496.png;6;1;0;0
7/0497.png;6;1;0;0
7/0498.png;6;1;0;0
7/0499.png;6;1;0;0
7/0500.png;6;1;0;0
7/0501.png;6;1;0;0
7/0502.png;6;1;0;0
7/0503.png;6;1;0;0
7/0504.png;6;1;0;0
7/0505.png;6;1;0;0
7/0506.png;6;1;0;0
7/0507.png;6;1;0;0
7/0508.png;6;1;0;0
7/0509.png;6;1;0;0
7/0510.png;6;1;0;0
7/0511.png;6;1;0;0
7/0512.png;6;1;0;0
7/0513.png;6;1;0;0
7/0514.png;6;1;0;0
7/0515.png;6;1;0;0
7/0516.png;6;1;0;0
7/0517.png;6;1;0;0
7/0518.png;6;1;0;0
7/0519.png;6;1;0;0
7/0520.png;6;1;0;0
7/0521.png;6;1;0;0
7/0522.png;6;1;0;0
7/0523.png;6;1;0;0
7/0524.png;6;1;0;0
7/0525.png;6;1;0;0
7/0526.png;6;1;0;0
7/0527.png;6;1;0;0
7/0528.png;6;1;0;0
7/0529.png;6;1;0;0
7/0530.png;6;1;0;0
7/0531.png;6;1;0;0
7/0532.png;6;1;0;0
7/0533.png;6;1;0;0
7/0534.png;6;1;0;0
7/0535.png;6;1;0;0
7/0536.png;6;1;0;0
7/0537.png;6;1;0;0
7/0538.png;6;1;0;0
7/0539.png;6;1;0;0
7/0540.png;6;1;0;0
7/0541.png;6;1;0;0
7/0542.png;6;1;0;0
7/0543.png;6;1;0;0
7/0544.png;6;1;0;0
7/0545.png;6;1;0;0
7/0546.png;6;1;0;0
7/0547.png;6;1;0;0
7/0548.png;6;1;0;0
7/0549.png;6;1;0;0
7/0550.png;6;1;0;0
7/0551.png;6;1;0;0
7/0552.png;6;1;0;0
7/0553.png;6;1;0;0
7/0554.png;6;1;0;0
7/0555.png;6;1;0;0
7/0556.png;6;1;0;0
7/0557.png;6;1;0;0
7/0558.png;6;1;0;0
7/0559.png;6;1;0;0
7/0560.png;6;1;0;0
7/0561.png;6;1;0;0
7/0562.png;6;1;0;0
7/0563.png;6;1;0;0
7/0564.png;6;1;0;0
7/0565.png;6;1;0;0
7/0566.png;6;1;0;0
7/0567.png;6;1;0;0
7/0568.png;6;1;0;0
7/0569.png;6;1;0;0
7/0570.png;6;1;0;0
7/0571.png;6;1;0;0
7/0572.png;6;1;0;0
7/0573.png;6;1;0;0
7/0574.png;6;1;0;0
7/0575.png;6;1;0;0
7/0576.png;6;1;0;0
7/0577.png;6;1;0;0
7/0578.png;6;1;0;0
7/0579.png;6;1;0;0
7/0580.png;6;1;0;0
7/0581.png;6;1;0;0
7/0582.png;6;1;0;0
7/0583.png;6;1;0;0
7/0584.png;6;1;0;0
7/0585.png;6;1;0;0
7/0586.png;6;1;0;0
7/0587.png;6;1;0;0
7/0588.png;6;1;0;0
7/0589.png;6;1;0;0
7/0590.png;6;1;0;0
7/0591.png;6;1;0;0
7/0592.png;6;1;0;0
7/0593.png;6;1;0;0
7/0594.png;6;1;0;0
7/0595.png;6;1;0;0
7/0596.png;6;1;0;0
7/0597.png;6;1;0;0
7/0598.png;6;1;0;0
7/0599.png;6;1;0;0
7/0600.png;6;1;0;0
7/0601.png;6;1;0;0
7/0602.png;6;1;0;0
7/0603.png;6;1;0;0
7/0604.png;6;1;0;0
7/0605.png;6;1;0;0
7/0606.png;6;1;0;0
7/0607.png;6;1;0;0
7/0608.png;6;1;0;0
7/0609.png;6;1;0;0
7/0610.png;6;1;0;0
7/0611.png;6;1;0;0
7/0612.png;6;1;0;0
7/0613.png;6;1;0;0
7/0614.png;6;1;0;0
7/0615.png;6;1;0;0
7/0616.png;6;1;0;0
7/0617.png;6;1;0;0
7/0618.png;6;1;0;0
7/0619.png;6;1;0;0
7/0620.png;6;1;0;0
7/0621.png;6;1;0;0
7/0622.png;6;1;0;0
7/0623.png;6;1;0;0
7/0624.png;6;1;0;0
7/0625.png;6;1;0;0
7/0626.png;6;1;0;0
7/0627.png;6;1;0;0
7/0628.png;6;1;0;0
7/0629.png;6;1;0;0
7/0630.png;6;1;0;0
7/0631.png;6;1;0;0
7/0632.png;6;1;0;0
7/0633.png;6;1;0;0
7/0634.png;6;1;0;0
7/0635.png;6;1;0;0
7/0636.png;6;1;0;0
7/0637.png;6;1;0;0
7/0638.png;6;1;0;0
7/0639.png;6;1;0;0
7/0640.png;6;1;0;0
7/0641.png;6;1;0;0
7/0642.png;6;1;0;0
7/0643.png;6;1;0;0
7/0644.png;6;1;0;0
7/0645.png;6;1;0;0
7/0646.png;6;1;0;0
7/0647.png;6;1;0;0
7/0648.png;6;1;0;0
7/0649.png;6;1;0;0
7/0650.png;6;1;0;0
7/0651.png;6;1;0;0
7/0652.png;6;1;0;0
7/0653.png;6;1;0;0
7/0654.png;6;1;0;0
7/0655.png;6;1;0;0
7/0656.png;6;1;0;0
7/0657.png;6;1;0;0
7/0658.png;6;1;0;0
7/0659.png;6;1;0;0
7/0660.png;6;1;0;0
7/0661.png;6;1;0;0
7/0662.png;6;1;0;0
7/0663.png;6;1;0;0
7/0664.png;6;1;0;0
7/0665.png;6;1;0;0
7/0666.png;6;1;0;0
7/0667.png;6;1;0;0
7/0668.png;6;1;0;0
7/0669.png;6;1;0;0
7/0670.png;6;1;0;0
7/0671.png;6;1;0;0
7/0672.png;6;1;0;0
7/0673.png;6;1;0;0
7/0674.png;6;1;0;0
7/0675.png;6;1;0;0
7/0676.png;6;1;0;0
7/0677.png;6;1;0;0
7/0678.png;6;1;0;0
7/0679.png;6;1;0;0
7/0680.png;6;1;0;0
7/0681.png;6;1;0;0
7/0682.png;6;1;0;0
7/0683.png;6;1;0;0
7/0684.png;6;1;0;0
7/0685.png;6;1;0;0
7/0686.png;6;1;0;0
7/0687.png;6;1;0;0
7/0688.png;6;1;0;0
7/0689.png;6;1;0;0
7/0690.png;6;1;0;0
7/0691.png;6;1;0;0
7/0692.png;6;1;0;0
7/0693.png;6;1;0;0
7/0694.png;6;1;0;0
7/0695.png;6;1;0;0
7/0696.png;6;1;0;0
7/0697.png;6;1;0;0
7/0698.png;6;1;0;0
7/0699.png;6;1;0;0
7/0700.png;6;1;0;0
7/0701.png;6;1;0;0
7/0702.png;6;1;0;0
7/0703.png;6;1;0;0
7/0704.png;6;1;0;0
7/0705.png;6;1;0;0
7/0706.png;6;1;0;0
7/0707.png;6;1;0;0
7/0708.png;6;1;0;0
7/0709.png;6;1;0;0
7/0710.png;6;1;0;0
7/0711.png;6;1;0;0
7/0712.png;6;1;0;0
7/0713.png;6;1;0;0
7/0714.png;6;1;0;0
7/0715.png;6;1;0;0
7/0716.png;6;1;0;0
7/0717.png;6;1;0;0
7/0718.png;6;1;0;0
7/0719.png;6;1;0;0
7/0720.png;6;1;0;0
7/0721.png;6;1;0;0
7/0722.png;6;1;0;0
7/0723.png;6;1;0;0
7/0724.png;6;1;0;0
7/0725.png;6;1;0;0
7/0726.png;6;1;0;0
7/0727.png;6;1;0;0
7/0728.png;6;1;0;0
7/0729.png;6;1;0;0
7/0730.png;6;1;0;0
7/0731.png;6;1;0;0
7/0732.png;6;1;0;0
7/0733.png;6;1;0;0
7/0734.png;6;1;0;0
7/0735.png;6;1;0;0
7/0736.png;6;1;0;0
7/0737.png;6;1;0;0
7/0738.png;6;1;0;0
7/0739.png;6;1;0;0
7/0740.png;6;1;0;0
7/0741.png;6;1;0;0
7/0742.png;6;1;0;0
7/0743.png;6;1;0;0
7/0744.png;6;1;0;0
7/0745.png;6;1;0;0
7/0746.png;6;1;0;0
7/0747.png;6;1;0;0
7/0748.png;6;1;0;0
7/0749.png;6;1;0;0
7/0750.png;6;1;0;0
7/0751.png;6;1;0;0
7/0752.png;6;1;0;0
7/0753.png;6;1;0;0
7/0754.png;6;1;0;0
7/0755.png;6;1;0;0
7/0756.png;6;1;0;0
7/0757.png;6;1;0;0
7/0758.png;6;1;0;0
7/0759.png;6;1;0;0
7/0760.png;6;1;0;0
7/0761.png;6;1;0;0
7/0762.png;6;1;0;0
7/0763.png;6;1;0;0
7/0764.png;6;1;0;0
7/0765.png;6;1;0;0
7/0766.png;6;1;0;0
7/0767.png;6;1;0;0
7/0768.png;6;1;0;0
7/0769.png;6;1;0;0
7/0770.png;6;1;0;0
7/0771.png;6;1;0;0
7/0772.png;6;1;0;0
7/0773.png;6;1;0;0
7/0774.png;6;1;0;0
7/0775.png;6;1;0;0
7/0776.png;6;1;0;0
7/0777.png;6;1;0;0
7/0778.png;6;1;0;0
7/0779.png;6;1;0;0
7/0780.png;6;1;0;0
7/0781.png;6;1;0;0
7/0782.png;6;1;0;0
7/0783.png;6;1;0;0
7/0784.png;6;1;0;0
7/0785.png;6;1;0;0
7/0786.png;6;1;0;0
7/0787.png;6;1;0;0
7/0788.png;6;1;0;0
7/0789.png;6;1;0;0
7/0790.png;6;1;0;0
7/0791.png;6;1;0;0
7/0792.png;6;1;0;0
7/0793.png;6;1;0;0
7/0794.png;6;1;0;0
7/0795.png;6;1;0;0
7/0796.png;6;1;0;0
7/0797.png;6;1;0;0
7/0798.png;6;1;0;0
7/0799.png;6;1;0;0
7/0800.png;6;1;0;0
7/0801.png;6;1;0;0
7/0802.png;6;1;0;0
7/0803.png;6;1;0;0
7/0804.png;6;1;0;0
7/0805.png;6;1;0;0
7/0806.png;6;1;0;0
7/0807.png;6;1;0;0
7/0808.png;6;1;0;0
7/0809.png;6;1;0;0
7/0810.png;6;1;0;0
7/0811.png;6;1;0;0
7/0812.png;6;1;0;0
7/0813.png;6;1;0;0
7/0814.png;6;1;0;0
7/0815.png;6;1;0;0
7/0816.png;6;1;0;0
7/0817.png;6;1;0;0
7/0818.png;6;1;0;0
7/0819.png;6;1;0;0
7/0820.png;6;1;0;0
7/0821.png;6;1;0;0
7/0822.png;6;1;0;0
7/0823.png;6;1;0;0
7/0824.png;6;1;0;0
7/0825.png;6;1;0;0
7/0826.png;6;1;0;0
7/0827.png;6;1;0;0
7/0828.png;6;1;0;0
7/0829.png;6;1;0;0
7/0830.png;6;1;0;0
7/0831.png;6;1;0;0
7/0832.png;6;1;0;0
7/0833.png;6;1;0;0
7/0834.png;6;1;0;0
7/0835.png;6;1;0;0
7/0836.png;6;1;0;0
7/0837.png;6;1;0;0
7/0838.png;6;1;0;0
7/0839.png;6;1;0;0
7/0840.png;6;1;0;0
7/0841.png;6;1;0;0
7/0842.png;6;1;0;0
7/0843.png;6;1;0;0
7/0844.png;6;1;0;0
7/0845.png;6;1;0;0
7/0846.png;6;1;0;0
7/0847.png;6;1;0;0
7/0848.png;6;1;0;0
7/0849.png;6;1;0;0
7/0850.png;6;1;0;0
7/0851.png;6;1;0;0
7/0852.png;6;1;0;0
7/0853.png;6;1;0;0
7/0854.png;6;1;0;0
7/0855.png;6;1;0;0
7/0856.png;6;1;0;0
7/0857.png;6;1;0;0
7/0858.png;6;1;0;0
7/0859.png;6;1;0;0
7/0860.png;6;1;0;0
7/0861.png;6;1;0;0
7/0862.png;6;1;0;0
7/0863.png;6;1;0;0
7/0864.png;6;1;0;0
7/0865.png;6;1;0;0
7/0866.png;6;1;0;0
7/0867.png;6;1;0;0
7/0868.png;6;1;0;0
7/0869.png;6;1;0;0
7/0870.png;6;1;0;0
7/0871.png;6;1;0;0
7/0872.png;6;1;0;0
7/0873.png;6;1;0;0
7/0874.png;6;1;0;0
7/0875.png;6;1;0;0
7/0876.png;6;1;0;0
7/0877.png;6;1;0;0
7/0878.png;6;1;0;0
7/0879.png;6;1;0;0
7/0880.png;6;1;0;0
7/0881.png;6;1;0;0
7/0882.png;6;1;0;0
7/0883.png;6;1;0;0
7/0884.png;6;1;0;0
7/0885.png;6;1;0;0
7/0886.png;6;1;0;0
7/0887.png;6;1;0;0
7/0888.png;6;1;0;0
7/0889.png;6;1;0;0
7/0890.png;6;1;0;0
7/0891.png;6;1;0;0
7/0892.png;6;1;0;0
7/0893.png;6;1;0;0
7/0894.png;6;1;0;0
7/0895.png;6;1;0;0
7/0896.png;6;1;0;0
7/0897.png;6;1;0;0
7/0898.png;6;1;0;0
7/0899.png;6;1;0;0
7/0900.png;6;1;0;0
7/0901.png;6;1;0;0
7/0902.png;6;1;0;0
7/0903.png;6;1;0;0
7/0904.png;6;1;0;0
7/0905.png;6;1;0;0
7/0906.png;6;1;0;0
7/0907.png;6;1;0;0
7/0908.png;6;1;0;0
7/0909.png;6;1;0;0
7/0910.png;6;1;0;0
7/0911.png;6;1;0;0
7/0912.png;6;1;0;0
7/0913.png;6;1;0;0
7/0914.png;6;1;0;0
7/0915.png;6;1;0;0
7/0916.png;6;1;0;0
7/0917.png;6;1;0;0
7/0918.png;6;1;0;0
7/0919.png;6;1;0;0
7/0920.png;6;1;0;0
7/0921.png;6;1;0;0
7/0922.png;6;1;0;0
7/0923.png;6;1;0;0
7/0924.png;6;1;0;0
7/0925.png;6;1;0;0
7/0926.png;6;1;0;0
7/0927.png;6;1;0;0
7/0928.png;6;1;0;0
7/0929.png;6;1;0;0
7/0930.png;6;1;0;0
7/0931.png;6;1;0;0
7/0932.png;6;1;0;0
7/0933.png;6;1;0;0
7/0934.png;6;1;0;0
7/0935.png;6;1;0;0
7/0936.png;6;1;0;0
7/0937.png;6;1;0;0
7/0938.png;6;1;0;0
7/0939.png;6;1;0;0
7/0940.png;6;1;0;0
7/0941.png;6;1;0;0
7/0942.png;6;1;0;0
7/0943.png;6;1;0;0
7/0944.png;6;1;0;0
7/0945.png;6;1;0;0
7/0946.png;6;1;0;0
7/0947.png;6;1;0;0
7/0948.png;6;1;0;0
7/0949.png;6;1;0;0
7/0950.png;6;1;0;0
7/0951.png;6;1;0;0
7/0952.png;6;1;0;0
7/0953.png;6;1;0;0
7/0954.png;6;1;0;0
7/0955.png;6;1;0;0
7/0956.png;6;1;0;0
7/0957.png;6;1;0;0
7/0958.png;6;1;0;0
7/0959.png;6;1;0;0
7/0960.png;6;1;0;0
7/0961.png;6;1;0;0
7/0962.png;6;1;0;0
7/0963.png;6;1;0;0
7/0964.png;6;1;0;0
7/0965.png;6;1;0;0
7/0966.png;6;1;0;0
7/0967.png;6;1;0;0
7/0968.png;6;1;0;0
7/0969.png;6;1;0;0
7/0970.png;6;1;0;0
7/0971.png;6;1;0;0
7/0972.png;6;1;0;0
7/0973.png;6;1;0;0
7/0974.png;6;1;0;0
7/0975.png;6;1;0;0
7/0976.png;6;1;0;0
7/0977.png;6;1;0;0
7/0978.png;6;1;0;0
7/0979.png;6;1;0;0
7/0980.png;6;1;0;0
7/0981.png;6;1;0;0
7/0982.png;6;1;0;0
7/0983.png;6;1;0;0
7/0984.png;6;1;0;0
7/0985.png;6;1;0;0
7/0986.png;6;1;0;0
7/0987.png;6;1;0;0
7/0988.png;6;1;0;0
7/0989.png;6;1;0;0
7/0990.png;6;1;0;0
7/0991.png;6;1;0;0
7/0992.png;6;1;0;0
7/0993.png;6;1;0;0
7/0994.png;6;1;0;0
7/0995.png;6;1;0;0
7/0996.png;6;1;0;0
7/0997.png;6;1;0;0
7/0998.png;6;1;0;0
7/0999.png;6;1;0;0
7/1000.png;6;1;0;0
7/1001.png;6;1;0;0
7/1002.png;6;1;0;0
7/1003.png;6;1;0;0
7/1004.png;6;1;0;0
7/1005.png;6;1;0;0
7/1006.png;6;1;0;0
7/1007.png;6;1;0;0
7/1008.png;6;1;0;0
7/1009.png;6;1;0;0
7/1010.png;6;1;0;0
7/1011.png;6;1;0;0
7/1012.png;6;1;0;0
7/1013.png;6;1;0;0
7/1014.png;6;1;0;0
7/1015.png;6;1;0;0
7/1016.png;6;1;0;0
7/1017.png;6;1;0;0
7/1018.png;6;1;0;0
7/1019.png;6;1;0;0
7/1020.png;6;1;0;0
7/1021.png;6;1;0;0
7/1022.png;6;1;0;0
7/1023.png;6;1;0;0
7/1024.png;6;1;0;0
7/1025.png;6;1;0;0
7/1026.png;6;1;0;0
7/1027.png;6;1;0;0
7/1028.png;6;1;0;0
7/1029.png;6;1;0;0
7/1030.png;6;1;0;0
7/1031.png;6;1;0;0
7/1032.png;6;1;0;0
7/1033.png;6;1;0;0
7/1034.png;6;1;0;0
7/1035.png;6;1;0;0
7/1036.png;6;1;0;0
7/1037.png;6;1;0;0
7/1038.png;6;1;0;0
7/1039.png;6;1;0;0
7/1040.png;6;1;0;0
7/1041.png;6;1;0;0
7/1042.png;6;1;0;0
7/1043.png;6;1;0;0
7/1044.png;6;1;0;0
7/1045.png;6;1;0;0
7/1046.png;6;1;0;0
7/1047.png;6;1;0;0
7/1048.png;6;1;0;0
7/1049.png;6;1;0;0
7/1050.png;6;1;0;0
7/1051.png;6;1;0;0
7/1052.png;6;1;0;0
7/1053.png;6;1;0;0
7/1054.png;6;1;0;0
7/1055.png;6;1;0;0
7/1056.png;6;1;0;0
7/1057.png;6;1;0;0
7/1058.png;6;1;0;0
7/1059.png;6;1;0;0
7/1060.png;6;1;0;0
7/1061.png;6;1;0;0
7/1062.png;6;1;0;0
7/1063.png;6;1;0;0
7/1064.png;6;1;0;0
7/1065.png;6;1;0;0
7/1066.png;6;1;0;0
7/1067.png;6;1;0;0
7/1068.png;6;1;0;0
7/1069.png;6;1;0;0
7/1070.png;6;1;0;0
7/1071.png;6;1;0;0
7/1072.png;6;1;0;0
7/1073.png;6;1;0;0
7/1074.png;6;1;0;0
7/1075.png;6;1;0;0
7/1076.png;6;1;0;0
7/1077.png;6;1;0;0
7/1078.png;6;1;0;0
7/1079.png;6;1;0;0
7/1080.png;6;1;0;0
7/1081.png;6;1;0;0
7/1082.png;6;1;0;0
7/1083.png;6;1;0;0
7/1084.png;6;1;0;0
7/1085.png;6;1;0;0
7/1086.png;6;1;0;0
7/1087.png;6;1;0;0
7/1088.png;6;1;0;0
7/1089.png;6;1;0;0
7/1090.png;6;1;0;0
7/1091.png;6;1;0;0
7/1092.png;6;1;0;0
7/1093.png;6;1;0;0
7/1094.png;6;1;0;0
7/1095.png;6;1;0;0
7/1096.png;6;1;0;0
7/1097.png;6;1;0;0
7/1098.png;6;1;0;0
7/1099.png;6;1;0;0
7/1100.png;6;1;0;0
7/1101.png;6;1;0;0
7/1102.png;6;1;0;0
7/1103.png;6;1;0;0
7/1104.png;6;1;0;0
7/1105.png;6;1;0;0
7/1106.png;6;1;0;0
7/1107.png;6;1;0;0
7/1108.png;6;1;0;0
7/1109.png;6;1;0;0
7/1110.png;6;1;0;0
7/1111.png;6;1;0;0
7/1112.png;6;1;0;0
7/1113.png;6;1;0;0
7/1114.png;6;1;0;0
7/1115.png;6;1;0;0
7/1116.png;6;1;0;0
7/1117.png;6;1;0;0
7/1118.png;6;1;0;0
7/1119.png;6;1;0;0
7/1120.png;6;1;0;0
7/1121.png;6;1;0;0
7/1122.png;6;1;0;0
7/1123.png;6;1;0;0
7/1124.png;6;1;0;0
7/1125.png;6;1;0;0
7/1126.png;6;1;0;0
7/1127.png;6;1;0;0
7/1128.png;6;1;0;0
7/1129.png;6;1;0;0
7/1130.png;6;1;0;0
7/1131.png;6;1;0;0
7/1132.png;6;1;0;0
7/1133.png;6;1;0;0
7/1134.png;6;1;0;0
7/1135.png;6;1;0;0
7/1136.png;6;1;0;0
7/1137.png;6;1;0;0
7/1138.png;6;1;0;0
7/1139.png;6;1;0;0
7/1140.png;6;1;0;0
7/1141.png;6;1;0;0
7/1142.png;6;1;0;0
7/1143.png;6;1;0;0
7/1144.png;6;1;0;0
7/1145.png;6;1;0;0
7/1146.png;6;1;0;0
7/1147.png;6;1;0;0
7/1148.png;6;1;0;0
7/1149.png;6;1;0;0
7/1150.png;6;1;0;0
7/1151.png;6;1;0;0
7/1152.png;6;1;0;0
7/1153.png;6;1;0;0
7/1154.png;6;1;0;0
7/1155.png;6;1;0;0
7/1156.png;6;1;0;0
7/1157.png;6;1;0;0
7/1158.png;6;1;0;0
7/1159.png;6;1;0;0
7/1160.png;6;1;0;0
7/1161.png;6;1;0;0
7/1162.png;6;1;0;0
7/1163.png;6;1;0;0
7/1164.png;6;1;0;0
7/1165.png;6;1;0;0
7/1166.png;6;1;0;0
7/1167.png;6;1;0;0
7/1168.png;6;1;0;0
7/1169.png;6;1;0;0
7/1170.png;6;1;0;0
7/1171.png;6;1;0;0
7/1172.png;6;1;0;0
7/1173.png;6;1;0;0
7/1174.png;6;1;0;0
7/1175.png;6;1;0;0
7/1176.png;6;1;0;0
7/1177.png;6;1;0;0
7/1178.png;6;1;0;0
7/1179.png;6;1;0;0
7/1180.png;6;1;0;0
7/1181.png;6;1;0;0
7/1182.png;6;1;0;0
7/1183.png;6;1;0;0
7/1184.png;6;1;0;0
7/1185.png;6;1;0;0
7/1186.png;6;1;0;0
7/1187.png;6;1;0;0
7/1188.png;6;1;0;0
7/1189.png;6;1;0;0
7/1190.png;6;1;0;0
7/1191.png;6;1;0;0
7/1192.png;6;1;0;0
7/1193.png;6;1;0;0
7/1194.png;6;1;0;0
7/1195.png;6;1;0;0
7/1196.png;6;1;0;0
7/1197.png;6;1;0;0
7/1198.png;6;1;0;0
7/1199.png;6;1;0;0
7/1200.png;6;1;0;0
7/1201.png;6;1;0;0
7/1202.png;6;1;0;0
7/1203.png;6;1;0;0
7/1204.png;6;1;0;0
7/1205.png;6;1;0;0
7/1206.png;6;1;0;0
7/1207.png;6;1;0;0
7/1208.png;6;1;0;0
7/1209.png;6;1;0;0
7/1210.png;6;1;0;0
7/1211.png;6;1;0;0
7/1212.png;6;1;0;0
7/1213.png;6;1;0;0
7/1214.png;6;1;0;0
7/1215.png;6;1;0;0
7/1216.png;6;1;0;0
7/1217.png;6;1;0;0
7/1218.png;6;1;0;0
7/1219.png;6;1;0;0
7/1220.png;6;1;0;0
7/1221.png;6;1;0;0
7/1222.png;6;1;0;0
7/1223.png;6;1;0;0
7/1224.png;6;1;0;0
7/1225.png;6;1;0;0
7/1226.png;6;1;0;0
7/1227.png;6;1;0;0
7/1228.png;6;1;0;0
7/1229.png;6;1;0;0
7/1230.png;6;1;0;0
7/1231.png;6;1;0;0
7/1232.png;6;1;0;0
7/1233.png;6;1;0;0
7/1234.png;6;1;0;0
7/1235.png;6;1;0;0
7/1236.png;6;1;0;0
7/1237.png;6;1;0;0
7/1238.png;6;1;0;0
7/1239.png;6;1;0;0
7/1240.png;6;1;0;0
7/1241.png;6;1;0;0
7/1242.png;6;1;0;0
7/1243.png;6;1;0;0
7/1244.png;6;1;0;0
7/1245.png;6;1;0;0
7/1246.png;6;1;0;0
7/1247.png;6;1;0;0
7/1248.png;6;1;0;0
7/1249.png;6;1;0;0
7/1250.png;6;1;0;0
7/1251.png;6;1;0;0
7/1252.png;6;1;0;0
7/1253.png;6;1;0;0
7/1254.png;6;1;0;0
7/1255.png;6;1;0;0
7/1256.png;6;1;0;0
7/1257.png;6;1;0;0
7/1258.png;6;1;0;0
7/1259.png;6;1;0;0
7/1260.png;6;1;0;0
7/1261.png;6;1;0;0
7/1262.png;6;1;0;0
7/1263.png;6;1;0;0
7/1264.png;6;1;0;0
7/1265.png;6;1;0;0
7/1266.png;6;1;0;0
7/1267.png;6;1;0;0
7/1268.png;6;1;0;0
7/1269.png;6;1;0;0
7/1270.png;6;1;0;0
7/1271.png;6;1;0;0
7/1272.png;6;1;0;0
7/1273.png;6;1;0;0
7/1274.png;6;1;0;0
7/1275.png;6;1;0;0
7/1276.png;6;1;0;0
7/1277.png;6;1;0;0
7/1278.png;6;1;0;0
7/1279.png;6;1;0;0
7/1280.png;6;1;0;0
7/1281.png;6;1;0;0
7/1282.png;6;1;0;0
7/1283.png;6;1;0;0
7/1284.png;6;1;0;0
7/1285.png;6;1;0;0
7/1286.png;6;1;0;0
7/1287.png;6;1;0;0
7/1288.png;6;1;0;0
7/1289.png;6;1;0;0
7/1290.png;6;1;0;0
7/1291.png;6;1;0;0
7/1292.png;6;1;0;0
7/1293.png;6;1;0;0
7/1294.png;6;1;0;0
7/1295.png;6;1;0;0
7/1296.png;6;1;0;0
7/1297.png;6;1;0;0
7/1298.png;6;1;0;0
7/1299.png;6;1;0;0
7/1300.png;6;1;0;0
7/1301.png;6;1;0;0
7/1302.png;6;1;0;0
7/1303.png;6;1;0;0
7/1304.png;6;1;0;0
7/1305.png;6;1;0;0
7/1306.png;6;1;0;0
7/1307.png;6;1;0;0
7/1308.png;6;1;0;0
7/1309.png;6;1;0;0
7/1310.png;6;1;0;0
7/1311.png;6;1;0;0
7/1312.png;6;1;0;0
7/1313.png;6;1;0;0
7/1314.png;6;1;0;0
7/1315.png;6;1;0;0
7/1316.png;6;1;0;0
7/1317.png;6;1;0;0
7/1318.png;6;1;0;0
7/1319.png;6;1;0;0
7/1320.png;6;1;0;0
7/1321.png;6;1;0;0
7/1322.png;6;1;0;0
7/1323.png;6;1;0;0
7/1324.png;6;1;0;0
7/1325.png;6;1;0;0
7/1326.png;6;1;0;0
7/1327.png;6;1;0;0
7/1328.png;6;1;0;0
7/1329.png;6;1;0;0
7/1330.png;6;1;0;0
7/1331.png;6;1;0;0
7/1332.png;6;1;0;0
7/1333.png;6;1;0;0
7/1334.png;6;1;0;0
7/1335.png;6;1;0;0
7/1336.png;6;1;0;0
7/1337.png;6;1;0;0
7/1338.png;6;1;0;0
7/1339.png;6;1;0;0
7/1340.png;6;1;0;0
7/1341.png;6;1;0;0
7/1342.png;6;1;0;0
7/1343.png;6;1;0;0
7/1344.png;6;1;0;0
7/1345.png;6;1;0;0
7/1346.png;6;1;0;0
7/1347.png;6;1;0;0
7/1348.png;6;1;0;0
7/1349.png;6;1;0;0
7/1350.png;6;1;0;0
7/1351.png;6;1;0;0
7/1352.png;6;1;0;0
7/1353.png;6;1;0;0
7/1354.png;6;1;0;0
7/1355.png;6;1;0;0
7/1356.png;6;1;0;0
7/1357.png;6;1;0;0
7/1358.png;6;1;0;0
7/1359.png;6;1;0;0
7/1360.png;6;1;0;0
7/1361.png;6;1;0;0
7/1362.png;6;1;0;0
7/1363.png;6;1;0;0
7/1364.png;6;1;0;0
7/1365.png;6;1;0;0
7/1366.png;6;1;0;0
7/1367.png;6;1;0;0
7/1368.png;6;1;0;0
7/1369.png;6;1;0;0
7/1370.png;6;1;0;0
7/1371.png;6;1;0;0
7/1372.png;6;1;0;0
7/1373.png;6;1;0;0
7/1374.png;6;1;0;0
7/1375.png;6;1;0;0
7/1376.png;6;1;0;0
7/1377.png;6;1;0;0
7/1378.png;6;1;0;0
7/1379.png;6;1;0;0
7/1380.png;6;1;0;0
7/1381.png;6;1;0;0
7/1382.png;6;1;0;0
7/1383.png;6;1;0;0
7/1384.png;6;1;0;0
7/1385.png;6;1;0;0
7/1386.png;6;1;0;0
7/1387.png;6;1;0;0
7/1388.png;6;1;0;0
7/1389.png;6;1;0;0
7/1390.png;6;1;0;0
7/1391.png;6;1;0;0
7/1392.png;6;1;0;0
7/1393.png;6;1;0;0
7/1394.png;6;1;0;0
7/1395.png;6;1;0;0
7/1396.png;6;1;0;0
7/1397.png;6;1;0;0
7/1398.png;6;1;0;0
7/1399.png;6;1;0;0
7/1400.png;6;1;0;0
7/1401.png;6;1;0;0
7/1402.png;6;1;0;0
7/1403.png;6;1;0;0
7/1404.png;6;1;0;0
7/1405.png;6;1;0;0
7/1406.png;6;1;0;0
7/1407.png;6;1;0;0
7/1408.png;6;1;0;0
7/1409.png;6;1;0;0
7/1410.png;6;1;0;0
7/1411.png;6;1;0;0
7/1412.png;6;1;0;0
7/1413.png;6;1;0;0
7/1414.png;6;1;0;0
7/1415.png;6;1;0;0
7/1416.png;6;1;0;0
7/1417.png;6;1;0;0
7/1418.png;6;1;0;0
7/1419.png;6;1;0;0
7/1420.png;6;1;0;0
7/1421.png;6;1;0;0
7/1422.png;6;1;0;0
7/1423.png;6;1;0;0
7/1424.png;6;1;0;0
7/1425.png;6;1;0;0
7/1426.png;6;1;0;0
7/1427.png;6;1;0;0
7/1428.png;6;1;0;0
7/1429.png;6;1;0;0
7/1430.png;6;1;0;0
7/1431.png;6;1;0;0
7/1432.png;6;1;0;0
7/1433.png;6;1;0;0
7/1434.png;6;1;0;0
7/1435.png;6;1;0;0
7/1436.png;6;1;0;0
7/1437.png;6;1;0;0
7/1438.png;6;1;0;0
7/1439.png;6;1;0;0
7/1440.png;6;1;0;0
7/1441.png;6;1;0;0
7/1442.png;6;1;0;0
7/1443.png;6;1;0;0
7/1444.png;6;1;0;0
7/1445.png;6;1;0;0
7/1446.png;6;1;0;0
7/1447.png;6;1;0;0
7/1448.png;6;1;0;0
7/1449.png;6;1;0;0
7/1450.png;6;1;0;0
7/1451.png;6;1;0;0
7/1452.png;6;1;0;0
7/1453.png;6;1;0;0
7/1454.png;6;1;0;0
7/1455.png;6;1;0;0
7/1456.png;6;1;0;0
7/1457.png;6;1;0;0
7/1458.png;6;1;0;0
7/1459.png;6;1;0;0
7/1460.png;6;1;0;0
7/1461.png;6;1;0;0
7/1462.png;6;1;0;0
7/1463.png;6;1;0;0
7/1464.png;6;1;0;0
7/1465.png;6;1;0;0
7/1466.png;6;1;0;0
7/1467.png;6;1;0;0
7/1468.png;6;1;0;0
7/1469.png;6;1;0;0
7/1470.png;6;1;0;0
7/1471.png;6;1;0;0
7/1472.png;6;1;0;0
7/1473.png;6;1;0;0
7/1474.png;6;1;0;0
7/1475.png;6;1;0;0
7/1476.png;6;1;0;0
7/1477.png;6;1;0;0
7/1478.png;6;1;0;0
7/1479.png;6;1;0;0
7/1480.png;6;1;0;0
7/1481.png;6;1;0;0
7/1482.png;6;1;0;0
7/1483.png;6;1;0;0
7/1484.png;6;1;0;0
7/1485.png;6;1;0;0
7/1486.png;6;1;0;0
7/1487.png;6;1;0;0
7/1488.png;6;1;0;0
7/1489.png;6;1;0;0
7/1490.png;6;1;0;0
7/1491.png;6;1;0;0
7/1492.png;6;1;0;0
7/1493.png;6;1;0;0
7/1494.png;6;1;0;0
7/1495.png;6;1;0;0
7/1496.png;6;1;0;0
7/1497.png;6;1;0;0
7/1498.png;6;1;0;0
7/1499.png;6;1;0;0
7/1500.png;6;1;0;0
7/1501.png;6;1;0;0
7/1502.png;6;1;0;0
7/1503.png;6;1;0;0
7/1504.png;6;1;0;0
7/1505.png;6;1;0;0
7/1506.png;6;1;0;0
7/1507.png;6;1;0;0
7/1508.png;6;1;0;0
7/1509.png;6;1;0;0
7/1510.png;6;1;0;0
7/1511.png;6;1;0;0
7/1512.png;6;1;0;0
7/1513.png;6;1;0;0
7/1514.png;6;1;0;0
7/1515.png;6;1;0;0
7/1516.png;6;1;0;0
7/1517.png;6;1;0;0
7/1518.png;6;1;0;0
7/1519.png;6;1;0;0
7/1520.png;6;1;0;0
7/1521.png;6;1;0;0
7/1522.png;6;1;0;0
7/1523.png;6;1;0;0
7/1524.png;6;1;0;0
7/1525.png;6;1;0;0
7/1526.png;6;1;0;0
7/1527.png;6;1;0;0
7/1528.png;6;1;0;0
7/1529.png;6;1;0;0
7/1530.png;6;1;0;0
7/1531.png;6;1;0;0
7/1532.png;6;1;0;0
7/1533.png;6;1;0;0
7/1534.png;6;1;0;0
7/1535.png;6;1;0;0
7/1536.png;6;1;0;0
7/1537.png;6;1;0;0
7/1538.png;6;1;0;0
7/1539.png;6;1;0;0
7/1540.png;6;1;0;0
7/1541.png;6;1;0;0
7/1542.png;6;1;0;0
7/1543.png;6;1;0;0
7/1544.png;6;1;0;0
7/1545.png;6;1;0;0
7/1546.png;6;1;0;0
7/1547.png;6;1;0;0
7/1548.png;6;1;0;0
7/1549.png;6;1;0;0
7/1550.png;6;1;0;0
7/1551.png;6;1;0;0
7/1552.png;6;1;0;0
7/1553.png;6;1;0;0
7/1554.png;6;1;0;0
7/1555.png;6;1;0;0
7/1556.png;6;1;0;0
7/1557.png;6;1;0;0
7/1558.png;6;1;0;0
7/1559.png;6;1;0;0
7/1560.png;6;1;0;0
7/1561.png;6;1;0;0
7/1562.png;6;1;0;0
7/1563.png;6;1;0;0
7/1564.png;6;1;0;0
7/1565.png;6;1;0;0
7/1566.png;6;1;0;0
7/1567.png;6;1;0;0
7/1568.png;6;1;0;0
7/1569.png;6;1;0;0
7/1570.png;6;1;0;0
7/1571.png;6;1;0;0
7/1572.png;6;1;0;0
7/1573.png;6;1;0;0
7/1574.png;6;1;0;0
7/1575.png;6;1;0;0
7/1576.png;6;1;0;0
7/1577.png;6;1;0;0
7/1578.png;6;1;0;0
7/1579.png;6;1;0;0
7/1580.png;6;1;0;0
7/1581.png;6;1;0;0
7/1582.png;6;1;0;0
7/1583.png;6;1;0;0
7/1584.png;6;1;0;0
7/1585.png;6;1;0;0
7/1586.png;6;1;0;0
7/1587.png;6;1;0;0
7/1588.png;6;1;0;0
7/1589.png;6;1;0;0
7/1590.png;6;1;0;0
7/1591.png;6;1;0;0
7/1592.png;6;1;0;0
7/1593.png;6;1;0;0
7/1594.png;6;1;0;0
7/1595.png;6;1;0;0
7/1596.png;6;1;0;0
7/1597.png;6;1;0;0
7/1598.png;6;1;0;0
7/1599.png;6;1;0;0
7/1600.png;6;1;0;0
7/1601.png;6;1;0;0
7/1602.png;6;1;0;0
7/1603.png;6;1;0;0
7/1604.png;6;1;0;0
7/1605.png;6;1;0;0
7/1606.png;6;1;0;0
7/1607.png;6;1;0;0
7/1608.png;6;1;0;0
7/1609.png;6;1;0;0
7/1610.png;6;1;0;0
7/1611.png;6;1;0;0
7/1612.png;6;1;0;0
7/1613.png;6;1;0;0
7/1614.png;6;1;0;0
7/1615.png;6;1;0;0
7/1616.png;6;1;0;0
7/1617.png;6;1;0;0
7/1618.png;6;1;0;0
7/1619.png;6;1;0;0
7/1620.png;6;1;0;0
7/1621.png;6;1;0;0
7/1622.png;6;1;0;0
7/1623.png;6;1;0;0
7/1624.png;6;1;0;0
7/1625.png;6;1;0;0
7/1626.png;6;1;0;0
7/1627.png;6;1;0;0
7/1628.png;6;1;0;0
7/1629.png;6;1;0;0
7/1630.png;6;1;0;0
7/1631.png;6;1;0;0
7/1632.png;6;1;0;0
7/1633.png;6;1;0;0
7/1634.png;6;1;0;0
7/1635.png;6;1;0;0
7/1636.png;6;1;0;0
7/1637.png;6;1;0;0
7/1638.png;6;1;0;0
7/1639.png;6;1;0;0
7/1640.png;6;1;0;0
7/1641.png;6;1;0;0
7/1642.png;6;1;0;0
7/1643.png;6;1;0;0
7/1644.png;6;1;0;0
7/1645.png;6;1;0;0
7/1646.png;6;1;0;0
7/1647.png;6;1;0;0
7/1648.png;6;1;0;0
7/1649.png;6;1;0;0
7/1650.png;6;1;0;0
7/1651.png;6;1;0;0
7/1652.png;6;1;0;0
7/1653.png;6;1;0;0
7/1654.png;6;1;0;0
7/1655.png;6;1;0;0
7/1656.png;6;1;0;0
7/1657.png;6;1;0;0
7/1658.png;6;1;0;0
7/1659.png;6;1;0;0
7/1660.png;6;1;0;0
7/1661.png;6;1;0;0
7/1662.png;6;1;0;0
7/1663.png;6;1;0;0
7/1664.png;6;1;0;0
7/1665.png;6;1;0;0
7/1666.png;6;1;0;0
7/1667.png;6;1;0;0
7/1668.png;6;1;0;0
7/1669.png;6;1;0;0
7/1670.png;6;1;0;0
7/1671.png;6;1;0;0
7/1672.png;6;1;0;0
7/1673.png;6;1;0;0
7/1674.png;6;1;0;0
7/1675.png;6;1;0;0
7/1676.png;6;1;0;0
7/1677.png;6;1;0;0
7/1678.png;6;1;0;0
7/1679.png;6;1;0;0
7/1680.png;6;1;0;0
7/1681.png;6;1;0;0
7/1682.png;6;1;0;0
7/1683.png;6;1;0;0
7/1684.png;6;1;0;0
7/1685.png;6;1;0;0
7/1686.png;6;1;0;0
7/1687.png;6;1;0;0
7/1688.png;6;1;0;0
7/1689.png;6;1;0;0
7/1690.png;6;1;0;0
7/1691.png;6;1;0;0
7/1692.png;6;1;0;0
7/1693.png;6;1;0;0
7/1694.png;6;1;0;0
7/1695.png;6;1;0;0
7/1696.png;6;1;0;0
7/1697.png;6;1;0;0
7/1698.png;6;1;0;0
7/1699.png;6;1;0;0
7/1700.png;6;1;0;0
7/1701.png;6;1;0;0
7/1702.png;6;1;0;0
7/1703.png;6;1;0;0
7/1704.png;6;1;0;0
7/1705.png;6;1;0;0
7/1706.png;6;1;0;0
7/1707.png;6;1;0;0
7/1708.png;6;1;0;0
7/1709.png;6;1;0;0
7/1710.png;6;1;0;0
7/1711.png;6;1;0;0
7/1712.png;6;1;0;0
7/1713.png;6;1;0;0
7/1714.png;6;1;0;0
7/1715.png;6;1;0;0
7/1716.png;6;1;0;0
7/1717.png;6;1;0;0
7/1718.png;6;1;0;0
7/1719.png;6;1;0;0
7/1720.png;6;1;0;0
7/1721.png;6;1;0;0
7/1722.png;6;1;0;0
7/1723.png;6;1;0;0
7/1724.png;6;1;0;0
7/1725.png;6;1;0;0
7/1726.png;6;1;0;0
7/1727.png;6;1;0;0
7/1728.png;6;1;0;0
7/1729.png;6;1;0;0
7/1730.png;6;1;0;0
7/1731.png;6;1;0;0
7/1732.png;6;1;0;0
7/1733.png;6;1;0;0
7/1734.png;6;1;0;0
7/1735.png;6;1;0;0
7/1736.png;6;1;0;0
7/1737.png;6;1;0;0
7/1738.png;6;1;0;0
7/1739.png;6;1;0;0
7/1740.png;6;1;0;0
7/1741.png;6;1;0;0
7/1742.png;6;1;0;0
7/1743.png;6;1;0;0
7/1744.png;6;1;0;0
7/1745.png;6;1;0;0
7/1746.png;6;1;0;0
7/1747.png;6;1;0;0
7/1748.png;6;1;0;0
7/1749.png;6;1;0;0
7/1750.png;6;1;0;0
7/1751.png;6;1;0;0
7/1752.png;6;1;0;0
7/1753.png;6;1;0;0
7/1754.png;6;1;0;0
7/1755.png;6;1;0;0
7/1756.png;6;1;0;0
7/1757.png;6;1;0;0
7/1758.png;6;1;0;0
7/1759.png;6;1;0;0
7/1760.png;6;1;0;0
7/1761.png;6;1;0;0
7/1762.png;6;1;0;0
7/1763.png;6;1;0;0
7/1764.png;6;1;0;0
7/1765.png;6;1;0;0
7/1766.png;6;1;0;0
7/1767.png;6;1;0;0
7/1768.png;6;1;0;0
7/1769.png;6;1;0;0
7/1770.png;6;1;0;0
7/1771.png;6;1;0;0
7/1772.png;6;1;0;0
7/1773.png;6;1;0;0
7/1774.png;6;1;0;0
7/1775.png;6;1;0;0
7/1776.png;6;1;0;0
7/1777.png;6;1;0;0
7/1778.png;6;1;0;0
7/1779.png;6;1;0;0
7/1780.png;6;1;0;0
7/1781.png;6;1;0;0
7/1782.png;6;1;0;0
7/1783.png;6;1;0;0
7/1784.png;6;1;0;0
7/1785.png;6;1;0;0
7/1786.png;6;1;0;0
7/1787.png;6;1;0;0
7/1788.png;6;1;0;0
7/1789.png;6;1;0;0
7/1790.png;6;1;0;0
7/1791.png;6;1;0;0
7/1792.png;6;1;0;0
7/1793.png;6;1;0;0
7/1794.png;6;1;0;0
7/1795.png;6;1;0;0
7/1796.png;6;1;0;0
7/1797.png;6;1;0;0
7/1798.png;6;1;0;0
7/1799.png;6;1;0;0
7/1800.png;6;1;0;0
7/1801.png;6;1;0;0
7/1802.png;6;1;0;0
7/1803.png;6;1;0;0
7/1804.png;6;1;0;0
7/1805.png;6;1;0;0
7/1806.png;6;1;0;0
7/1807.png;6;1;0;0
7/1808.png;6;1;0;0
7/1809.png;6;1;0;0
7/1810.png;6;1;0;0
7/1811.png;6;1;0;0
7/1812.png;6;1;0;0
7/1813.png;6;1;0;0
7/1814.png;6;1;0;0
7/1815.png;6;1;0;0
7/1816.png;6;1;0;0
7/1817.png;6;1;0;0
7/1818.png;6;1;0;0
7/1819.png;6;1;0;0
7/1820.png;6;1;0;0
7/1821.png;6;1;0;0
7/1822.png;6;1;0;0
7/1823.png;6;1;0;0
7/1824.png;6;1;0;0
7/1825.png;6;1;0;0
7/1826.png;6;1;0;0
7/1827.png;6;1;0;0
7/1828.png;6;1;0;0
7/1829.png;6;1;0;0
7/1830.png;6;1;0;0
7/1831.png;6;1;0;0
7/1832.png;6;1;0;0
7/1833.png;6;1;0;0
7/1834.png;6;1;0;0
7/1835.png;6;1;0;0
7/1836.png;6;1;0;0
7/1837.png;6;1;0;0
7/1838.png;6;1;0;0
7/1839.png;6;1;0;0
7/1840.png;6;1;0;0
7/1841.png;6;1;0;0
7/1842.png;6;1;0;0
7/1843.png;6;1;0;0
7/1844.png;6;1;0;0
7/1845.png;6;1;0;0
7/1846.png;6;1;0;0
7/1847.png;6;1;0;0
7/1848.png;6;1;0;0
7/1849.png;6;1;0;0
7/1850.png;6;1;0;0
7/1851.png;6;1;0;0
7/1852.png;6;1;0;0
7/1853.png;6;1;0;0
7/1854.png;6;1;0;0
7/1855.png;6;1;0;0
7/1856.png;6;1;0;0
7/1857.png;6;1;0;0
7/1858.png;6;1;0;0
7/1859.png;6;1;0;0
7/1860.png;6;1;0;0
7/1861.png;6;1;0;0
7/1862.png;6;1;0;0
7/1863.png;6;1;0;0
7/1864.png;6;1;0;0
7/1865.png;6;1;0;0
7/1866.png;6;1;0;0
7/1867.png;6;1;0;0
7/1868.png;6;1;0;0
7/1869.png;6;1;0;0
7/1870.png;6;1;0;0
7/1871.png;6;1;0;0
7/1872.png;6;1;0;0
7/1873.png;6;1;0;0
7/1874.png;6;1;0;0
7/1875.png;6;1;0;0
7/1876.png;6;1;0;0
7/1877.png;6;1;0;0
7/1878.png;6;1;0;0
7/1879.png;6;1;0;0
7/1880.png;6;1;0;0
7/1881.png;6;1;0;0
7/1882.png;6;1;0;0
7/1883.png;6;1;0;0
7/1884.png;6;1;0;0
7/1885.png;6;1;0;0
7/1886.png;6;1;0;0
7/1887.png;6;1;0;0
7/1888.png;6;1;0;0
7/1889.png;6;1;0;0
7/1890.png;6;1;0;0
7/1891.png;6;1;0;0
7/1892.png;6;1;0;0
7/1893.png;6;1;0;0
7/1894.png;6;1;0;0
7/1895.png;6;1;0;0
7/1896.png;6;1;0;0
7/1897.png;6;1;0;0
7/1898.png;6;1;0;0
7/1899.png;6;1;0;0
7/1900.png;6;1;0;0
7/1901.png;6;1;0;0
7/1902.png;6;1;0;0
7/1903.png;6;1;0;0
7/1904.png;6;1;0;0
7/1905.png;6;1;0;0
7/1906.png;6;1;0;0
7/1907.png;6;1;0;0
7/1908.png;6;1;0;0
7/1909.png;6;1;0;0
7/1910.png;6;1;0;0
7/1911.png;6;1;0;0
7/1912.png;6;1;0;0
7/1913.png;6;1;0;0
7/1914.png;6;1;0;0
7/1915.png;6;1;0;0
7/1916.png;6;1;0;0
7/1917.png;6;1;0;0
7/1918.png;6;1;0;0
7/1919.png;6;1;0;0
7/1920.png;6;1;0;0
7/1921.png;6;1;0;0
7/1922.png;6;1;0;0
7/1923.png;6;1;0;0
7/1924.png;6;1;0;0
7/1925.png;6;1;0;0
7/1926.png;6;1;0;0
7/1927.png;6;1;0;0
7/1928.png;6;1;0;0
7/1929.png;6;1;0;0
7/1930.png;6;1;0;0
7/1931.png;6;1;0;0
7/1932.png;6;1;0;0
7/1933.png;6;1;0;0
7/1934.png;6;1;0;0
7/1935.png;6;1;0;0
7/1936.png;6;1;0;0
7/1937.png;6;1;0;0
7/1938.png;6;1;0;0
7/1939.png;6;1;0;0
7/1940.png;6;1;0;0
7/1941.png;6;1;0;0
7/1942.png;6;1;0;0
7/1943.png;6;1;0;0
7/1944.png;6;1;0;0
7/1945.png;6;1;0;0
7/1946.png;6;1;0;0
7/1947.png;6;1;0;0
7/1948.png;6;1;0;0
7/1949.png;6;1;0;0
7/1950.png;6;1;0;0
7/1951.png;6;1;0;0
7/1952.png;6;1;0;0
7/1953.png;6;1;0;0
7/1954.png;6;1;0;0
7/1955.png;6;1;0;0
7/1956.png;6;1;0;0
7/1957.png;6;1;0;0
7/1958.png;6;1;0;0
7/1959.png;6;1;0;0
7/1960.png;6;1;0;0
7/1961.png;6;1;0;0
7/1962.png;6;1;0;0
7/1963.png;6;1;0;0
7/1964.png;6;1;0;0
7/1965.png;6;1;0;0
7/1966.png;6;1;0;0
7/1967.png;6;1;0;0
7/1968.png;6;1;0;0
7/1969.png;6;1;0;0
7/1970.png;6;1;0;0
7/1971.png;6;1;0;0
7/1972.png;6;1;0;0
7/1973.png;6;1;0;0
7/1974.png;6;1;0;0
7/1975.png;6;1;0;0
7/1976.png;6;1;0;0
7/1977.png;6;1;0;0
7/1978.png;6;1;0;0
7/1979.png;6;1;0;0
7/1980.png;6;1;0;0
7/1981.png;6;1;0;0
7/1982.png;6;1;0;0
7/1983.png;6;1;0;0
7/1984.png;6;1;0;0
7/1985.png;6;1;0;0
7/1986.png;6;1;0;0
7/1987.png;6;1;0;0
7/1988.png;6;1;0;0
7/1989.png;6;1;0;0
7/1990.png;6;1;0;0
7/1991.png;6;1;0;0
7/1992.png;6;1;0;0
7/1993.png;6;1;0;0
7/1994.png;6;1;0;0
7/1995.png;6;1;0;0
7/1996.png;6;1;0;0
7/1997.png;6;1;0;0
7/1998.png;6;1;0;0
7/1999.png;6;1;0;0
7/2000.png;6;1;0;0
7/2001.png;6;1;0;0
7/2002.png;6;1;0;0
7/2003.png;6;1;0;0
7/2004.png;6;1;0;0
7/2005.png;6;1;0;0
7/2006.png;6;1;0;0
7/2007.png;6;1;0;0
7/2008.png;6;1;0;0
7/2009.png;6;1;0;0
7/2010.png;6;1;0;0
7/2011.png;6;1;0;0
7/2012.png;6;1;0;0
7/2013.png;6;1;0;0
7/2014.png;6;1;0;0
7/2015.png;6;1;0;0
7/2016.png;6;1;0;0
7/2017.png;6;1;0;0
7/2018.png;6;1;0;0
7/2019.png;6;1;0;0
7/2020.png;6;1;0;0
7/2021.png;6;1;0;0
7/2022.png;6;1;0;0
7/2023.png;6;1;0;0
7/2024.png;6;1;0;0
7/2025.png;6;1;0;0
7/2026.png;6;1;0;0
7/2027.png;6;1;0;0
7/2028.png;6;1;0;0
7/2029.png;6;1;0;0
7/2030.png;6;1;0;0
7/2031.png;6;1;0;0
7/2032.png;6;1;0;0
7/2033.png;6;1;0;0
7/2034.png;6;1;0;0
7/2035.png;6;1;0;0
7/2036.png;6;1;0;0
7/2037.png;6;1;0;0
7/2038.png;6;1;0;0
7/2039.png;6;1;0;0
7/2040.png;6;1;0;0
7/2041.png;6;1;0;0
7/2042.png;6;1;0;0
7/2043.png;6;1;0;0
7/2044.png;6;1;0;0
7/2045.png;6;1;0;0
7/2046.png;6;1;0;0
7/2047.png;6;1;0;0
7/2048.png;6;1;0;0
7/2049.png;6;1;0;0
7/2050.png;6;1;0;0
7/2051.png;6;1;0;0
7/2052.png;6;1;0;0
7/2053.png;6;1;0;0
7/2054.png;6;1;0;0
7/2055.png;6;1;0;0
7/2056.png;6;1;0;0
7/2057.png;6;1;0;0
7/2058.png;6;1;0;0
7/2059.png;6;1;0;0
7/2060.png;6;1;0;0
7/2061.png;6;1;0;0
7/2062.png;6;1;0;0
7/2063.png;6;1;0;0
7/2064.png;6;1;0;0
7/2065.png;6;1;0;0
7/2066.png;6;1;0;0
7/2067.png;6;1;0;0
7/2068.png;6;1;0;0
7/2069.png;6;1;0;0
7/2070.png;6;1;0;0
7/2071.png;6;1;0;0
7/2072.png;6;1;0;0
7/2073.png;6;1;0;0
7/2074.png;6;1;0;0
7/2075.png;6;1;0;0
7/2076.png;6;1;0;0
7/2077.png;6;1;0;0
7/2078.png;6;1;0;0
7/2079.png;6;1;0;0
7/2080.png;6;1;0;0
7/2081.png;6;1;0;0
7/2082.png;6;1;0;0
7/2083.png;6;1;0;0
7/2084.png;6;1;0;0
7/2085.png;6;1;0;0
7/2086.png;6;1;0;0
7/2087.png;6;1;0;0
7/2088.png;6;1;0;0
7/2089.png;6;1;0;0
7/2090.png;6;1;0;0
7/2091.png;6;1;0;0
7/2092.png;6;1;0;0
7/2093.png;6;1;0;0
7/2094.png;6;1;0;0
7/2095.png;6;1;0;0
7/2096.png;6;1;0;0
7/2097.png;6;1;0;0
7/2098.png;6;1;0;0
7/2099.png;6;1;0;0
7/2100.png;6;1;0;0
7/2101.png;6;1;0;0
7/2102.png;6;1;0;0
7/2103.png;6;1;0;0
7/2104.png;6;1;0;0
7/2105.png;6;1;0;0
7/2106.png;6;1;0;0
7/2107.png;6;1;0;0
7/2108.png;6;1;0;0
7/2109.png;6;1;0;0
7/2110.png;6;1;0;0
7/2111.png;6;1;0;0
7/2112.png;6;1;0;0
7/2113.png;6;1;0;0
7/2114.png;6;1;0;0
7/2115.png;6;1;0;0
7/2116.png;6;1;0;0
7/2117.png;6;1;0;0
7/2118.png;6;1;0;0
7/2119.png;6;1;0;0
7/2120.png;6;1;0;0
7/2121.png;6;1;0;0
7/2122.png;6;1;0;0
7/2123.png;6;1;0;0
7/2124.png;6;1;0;0
7/2125.png;6;1;0;0
7/2126.png;6;1;0;0
7/2127.png;6;1;0;0
7/2128.png;6;1;0;0
7/2129.png;6;1;0;0
7/2130.png;6;1;0;0
7/2131.png;6;1;0;0
7/2132.png;6;1;0;0
7/2133.png;6;1;0;0
7/2134.png;6;1;0;0
7/2135.png;6;1;0;0
7/2136.png;6;1;0;0
7/2137.png;6;1;0;0
7/2138.png;6;1;0;0
7/2139.png;6;1;0;0
7/2140.png;6;1;0;0
7/2141.png;6;1;0;0
7/2142.png;6;1;0;0
7/2143.png;6;1;0;0
7/2144.png;6;1;0;0
7/2145.png;6;1;0;0
7/2146.png;6;1;0;0
7/2147.png;6;1;0;0
7/2148.png;6;1;0;0
7/2149.png;6;1;0;0
7/2150.png;6;1;0;0
7/2151.png;6;1;0;0
7/2152.png;6;1;0;0
7/2153.png;6;1;0;0
7/2154.png;6;1;0;0
7/2155.png;6;1;0;0
7/2156.png;6;1;0;0
7/2157.png;6;1;0;0
7/2158.png;6;1;0;0
7/2159.png;6;1;0;0
7/2160.png;6;1;0;0
7/2161.png;6;1;0;0
7/2162.png;6;1;0;0
7/2163.png;6;1;0;0
7/2164.png;6;1;0;0
7/2165.png;6;1;0;0
7/2166.png;6;1;0;0
7/2167.png;6;1;0;0
7/2168.png;6;1;0;0
7/2169.png;6;1;0;0
7/2170.png;6;1;0;0
7/2171.png;6;1;0;0
7/2172.png;6;1;0;0
7/2173.png;6;1;0;0
7/2174.png;6;1;0;0
7/2175.png;6;1;0;0
7/2176.png;6;1;0;0
7/2177.png;6;1;0;0
7/2178.png;6;1;0;0
7/2179.png;6;1;0;0
7/2180.png;6;1;0;0
7/2181.png;6;1;0;0
7/2182.png;6;1;0;0
7/2183.png;6;1;0;0
7/2184.png;6;1;0;0
7/2185.png;6;1;0;0
7/2186.png;6;1;0;0
7/2187.png;6;1;0;0
7/2188.png;6;1;0;0
7/2189.png;6;1;0;0
7/2190.png;6;1;0;0
7/2191.png;6;1;0;0
7/2192.png;6;1;0;0
7/2193.png;6;1;0;0
7/2194.png;6;1;0;0
7/2195.png;6;1;0;0
7/2196.png;6;1;0;0
7/2197.png;6;1;0;0
7/2198.png;6;1;0;0
7/2199.png;6;1;0;0
7/2200.png;6;1;0;0
7/2201.png;6;1;0;0
7/2202.png;6;1;0;0
7/2203.png;6;1;0;0
7/2204.png;6;1;0;0
7/2205.png;6;1;0;0
7/2206.png;6;1;0;0
7/2207.png;6;1;0;0
7/2208.png;6;1;0;0
7/2209.png;6;1;0;0
7/2210.png;6;1;0;0
7/2211.png;6;1;0;0
7/2212.png;6;1;0;0
7/2213.png;6;1;0;0
7/2214.png;6;1;0;0
7/2215.png;6;1;0;0
7/2216.png;6;1;0;0
7/2217.png;6;1;0;0
7/2218.png;6;1;0;0
7/2219.png;6;1;0;0
7/2220.png;6;1;0;0
7/2221.png;6;1;0;0
7/2222.png;6;1;0;0
7/2223.png;6;1;0;0
7/2224.png;6;1;0;0
7/2225.png;6;1;0;0
7/2226.png;6;1;0;0
7/2227.png;6;1;0;0
7/2228.png;6;1;0;0
7/2229.png;6;1;0;0
7/2230.png;6;1;0;0
7/2231.png;6;1;0;0
7/2232.png;6;1;0;0
7/2233.png;6;1;0;0
7/2234.png;6;1;0;0
7/2235.png;6;1;0;0
7/2236.png;6;1;0;0
7/2237.png;6;1;0;0
7/2238.png;6;1;0;0
7/2239.png;6;1;0;0
7/2240.png;6;1;0;0
7/2241.png;6;1;0;0
7/2242.png;6;1;0;0
7/2243.png;6;1;0;0
7/2244.png;6;1;0;0
7/2245.png;6;1;0;0
7/2246.png;6;1;0;0
7/2247.png;6;1;0;0
7/2248.png;6;1;0;0
7/2249.png;6;1;0;0
7/2250.png;6;1;0;0
7/2251.png;6;1;0;0
7/2252.png;6;1;0;0
7/2253.png;6;1;0;0
7/2254.png;6;1;0;0
7/2255.png;6;1;0;0
7/2256.png;6;1;0;0
7/2257.png;6;1;0;0
7/2258.png;6;1;0;0
7/2259.png;6;1;0;0
7/2260.png;6;1;0;0
7/2261.png;6;1;0;0
7/2262.png;6;1;0;0
7/2263.png;6;1;0;0
7/2264.png;6;1;0;0
7/2265.png;6;1;0;0
7/2266.png;6;1;0;0
7/2267.png;6;1;0;0
7/2268.png;6;1;0;0
7/2269.png;6;1;0;0
7/2270.png;6;1;0;0
7/2271.png;6;1;0;0
7/2272.png;6;1;0;0
7/2273.png;6;1;0;0
7/2274.png;6;1;0;0
7/2275.png;6;1;0;0
7/2276.png;6;1;0;0
7/2277.png;6;1;0;0
7/2278.png;6;1;0;0
7/2279.png;6;1;0;0
7/2280.png;6;1;0;0
7/2281.png;6;1;0;0
7/2282.png;6;1;0;0
7/2283.png;6;1;0;0
7/2284.png;6;1;0;0
7/2285.png;6;1;0;0
7/2286.png;6;1;0;0
7/2287.png;6;1;0;0
7/2288.png;6;1;0;0
7/2289.png;6;1;0;0
7/2290.png;6;1;0;0
7/2291.png;6;1;0;0
7/2292.png;6;1;0;0
7/2293.png;6;1;0;0
7/2294.png;6;1;0;0
7/2295.png;6;1;0;0
7/2296.png;6;1;0;0
7/2297.png;6;1;0;0
7/2298.png;6;1;0;0
7/2299.png;6;1;0;0
7/2300.png;6;1;0;0
7/2301.png;6;1;0;0
7/2302.png;6;1;0;0
7/2303.png;6;1;0;0
7/2304.png;6;1;0;0
7/2305.png;6;1;0;0
7/2306.png;6;1;0;0
7/2307.png;6;1;0;0
7/2308.png;6;1;0;0
7/2309.png;6;1;0;0
7/2310.png;6;1;0;0
7/2311.png;6;1;0;0
7/2312.png;6;1;0;0
7/2313.png;6;1;0;0
7/2314.png;6;1;0;0
7/2315.png;6;1;0;0
7/2316.png;6;1;0;0
7/2317.png;6;1;0;0
7/2318.png;6;1;0;0
7/2319.png;6;1;0;0
7/2320.png;6;1;0;0
7/2321.png;6;1;0;0
7/2322.png;6;1;0;0
7/2323.png;6;1;0;0
7/2324.png;6;1;0;0
7/2325.png;6;1;0;0
7/2326.png;6;1;0;0
7/2327.png;6;1;0;0
7/2328.png;6;1;0;0
7/2329.png;6;1;0;0
7/2330.png;6;1;0;0
7/2331.png;6;1;0;0
7/2332.png;6;1;0;0
7/2333.png;6;1;0;0
7/2334.png;6;1;0;0
7/2335.png;6;1;0;0
7/2336.png;6;1;0;0
7/2337.png;6;1;0;0
7/2338.png;6;1;0;0
7/2339.png;6;1;0;0
7/2340.png;6;1;0;0
7/2341.png;6;1;0;0
7/2342.png;6;1;0;0
7/2343.png;6;1;0;0
7/2344.png;6;1;0;0
7/2345.png;6;1;0;0
7/2346.png;6;1;0;0
7/2347.png;6;1;0;0
7/2348.png;6;1;0;0
7/2349.png;6;1;0;0
7/2350.png;6;1;0;0
7/2351.png;6;1;0;0
7/2352.png;6;1;0;0
7/2353.png;6;1;0;0
7/2354.png;6;1;0;0
7/2355.png;6;1;0;0
7/2356.png;6;1;0;0
7/2357.png;6;1;0;0
7/2358.png;6;1;0;0
7/2359.png;6;1;0;0
7/2360.png;6;1;0;0
7/2361.png;6;1;0;0
7/2362.png;6;1;0;0
7/2363.png;6;1;0;0
7/2364.png;6;1;0;0
7/2365.png;6;1;0;0
7/2366.png;6;1;0;0
7/2367.png;6;1;0;0
7/2368.png;6;1;0;0
7/2369.png;6;1;0;0
7/2370.png;6;1;0;0
7/2371.png;6;1;0;0
7/2372.png;6;1;0;0
7/2373.png;6;1;0;0
7/2374.png;6;1;0;0
7/2375.png;6;1;0;0
7/2376.png;6;1;0;0
7/2377.png;6;1;0;0
7/2378.png;6;1;0;0
7/2379.png;6;1;0;0
7/2380.png;6;1;0;0
7/2381.png;6;1;0;0
7/2382.png;6;1;0;0
7/2383.png;6;1;0;0
7/2384.png;6;1;0;0
7/2385.png;6;1;0;0
7/2386.png;6;1;0;0
7/2387.png;6;1;0;0
7/2388.png;6;1;0;0
7/2389.png;6;1;0;0
7/2390.png;6;1;0;0
7/2391.png;6;1;0;0
7/2392.png;6;1;0;0
7/2393.png;6;1;0;0
7/2394.png;6;1;0;0
7/2395.png;6;1;0;0
7/2396.png;6;1;0;0
7/2397.png;6;1;0;0
7/2398.png;6;1;0;0
7/2399.png;6;1;0;0
7/2400.png;6;1;0;0
7/2401.png;6;1;0;0
7/2402.png;6;1;0;0
7/2403.png;6;1;0;0
7/2404.png;6;1;0;0
7/2405.png;6;1;0;0
7/2406.png;6;1;0;0
7/2407.png;6;1;0;0
7/2408.png;6;1;0;0
7/2409.png;6;1;0;0
7/2410.png;6;1;0;0
7/2411.png;6;1;0;0
7/2412.png;6;1;0;0
7/2413.png;6;1;0;0
7/2414.png;6;1;0;0
7/2415.png;6;1;0;0
7/2416.png;6;1;0;0
7/2417.png;6;1;0;0
7/2418.png;6;1;0;0
7/2419.png;6;1;0;0
7/2420.png;6;1;0;0
7/2421.png;6;1;0;0
7/2422.png;6;1;0;0
7/2423.png;6;1;0;0
7/2424.png;6;1;0;0
7/2425.png;6;1;0;0
7/2426.png;6;1;0;0
7/2427.png;6;1;0;0
7/2428.png;6;1;0;0
7/2429.png;6;1;0;0
7/2430.png;6;1;0;0
7/2431.png;6;1;0;0
7/2432.png;6;1;0;0
7/2433.png;6;1;0;0
7/2434.png;6;1;0;0
7/2435.png;6;1;0;0
7/2436.png;6;1;0;0
7/2437.png;6;1;0;0
7/2438.png;6;1;0;0
7/2439.png;6;1;0;0
7/2440.png;6;1;0;0
7/2441.png;6;1;0;0
7/2442.png;6;1;0;0
7/2443.png;6;1;0;0
7/2444.png;6;1;0;0
7/2445.png;6;1;0;0
7/2446.png;6;1;0;0
7/2447.png;6;1;0;0
7/2448.png;6;1;0;0
7/2449.png;6;1;0;0
7/2450.png;6;1;0;0
7/2451.png;6;1;0;0
7/2452.png;6;1;0;0
7/2453.png;6;1;0;0
7/2454.png;6;1;0;0
7/2455.png;6;1;0;0
7/2456.png;6;1;0;0
7/2457.png;6;1;0;0
7/2458.png;6;1;0;0
7/2459.png;6;1;0;0
7/2460.png;6;1;0;0
7/2461.png;6;1;0;0
7/2462.png;6;1;0;0
7/2463.png;6;1;0;0
7/2464.png;6;1;0;0
7/2465.png;6;1;0;0
7/2466.png;6;1;0;0
7/2467.png;6;1;0;0
7/2468.png;6;1;0;0
7/2469.png;6;1;0;0
7/2470.png;6;1;0;0
7/2471.png;6;1;0;0
7/2472.png;6;1;0;0
7/2473.png;6;1;0;0
7/2474.png;6;1;0;0
7/2475.png;6;1;0;0
7/2476.png;6;1;0;0
7/2477.png;6;1;0;0
7/2478.png;6;1;0;0
7/2479.png;6;1;0;0
7/2480.png;6;1;0;0
7/2481.png;6;1;0;0
7/2482.png;6;1;0;0
7/2483.png;6;1;0;0
7/2484.png;6;1;0;0
7/2485.png;6;1;0;0
7/2486.png;6;1;0;0
7/2487.png;6;1;0;0
7/2488.png;6;1;0;0
7/2489.png;6;1;0;0
7/2490.png;6;1;0;0
7/2491.png;6;1;0;0
7/2492.png;6;1;0;0
7/2493.png;6;1;0;0
7/2494.png;6;1;0;0
7/2495.png;6;1;0;0
7/2496.png;6;1;0;0
7/2497.png;6;1;0;0
7/2498.png;6;1;0;0
7/2499.png;6;1;0;0
7/2500.png;6;1;0;0
7/2501.png;6;1;0;0
7/2502.png;6;1;0;0
7/2503.png;6;1;0;0
7/2504.png;6;1;0;0
7/2505.png;6;1;0;0
7/2506.png;6;1;0;0
7/2507.png;6;1;0;0
7/2508.png;6;1;0;0
7/2509.png;6;1;0;0
7/2510.png;6;1;0;0
7/2511.png;6;1;0;0
7/2512.png;6;1;0;0
7/2513.png;6;1;0;0
7/2514.png;6;1;0;0
7/2515.png;6;1;0;0
7/2516.png;6;1;0;0
7/2517.png;6;1;0;0
7/2518.png;6;1;0;0
7/2519.png;6;1;0;0
7/2520.png;6;1;0;0
7/2521.png;6;1;0;0
7/2522.png;6;1;0;0
7/2523.png;6;1;0;0
7/2524.png;6;1;0;0
7/2525.png;6;1;0;0
7/2526.png;6;1;0;0
7/2527.png;6;1;0;0
7/2528.png;6;1;0;0
7/2529.png;6;1;0;0
7/2530.png;6;1;0;0
7/2531.png;6;1;0;0
7/2532.png;6;1;0;0
7/2533.png;6;1;0;0
7/2534.png;6;1;0;0
7/2535.png;6;1;0;0
7/2536.png;6;1;0;0
7/2537.png;6;1;0;0
7/2538.png;6;1;0;0
7/2539.png;6;1;0;0
7/2540.png;6;1;0;0
7/2541.png;6;1;0;0
7/2542.png;6;1;0;0
7/2543.png;6;1;0;0
7/2544.png;6;1;0;0
7/2545.png;6;1;0;0
7/2546.png;6;1;0;0
7/2547.png;6;1;0;0
7/2548.png;6;1;0;0
7/2549.png;6;1;0;0
7/2550.png;6;1;0;0
7/2551.png;6;1;0;0
7/2552.png;6;1;0;0
7/2553.png;6;1;0;0
7/2554.png;6;1;0;0
7/2555.png;6;1;0;0
7/2556.png;6;1;0;0
7/2557.png;6;1;0;0
7/2558.png;6;1;0;0
7/2559.png;6;1;0;0
7/2560.png;6;1;0;0
7/2561.png;6;1;0;0
7/2562.png;6;1;0;0
7/2563.png;6;1;0;0
7/2564.png;6;1;0;0
7/2565.png;6;1;0;0
7/2566.png;6;1;0;0
7/2567.png;6;1;0;0
7/2568.png;6;1;0;0
7/2569.png;6;1;0;0
7/2570.png;6;1;0;0
7/2571.png;6;1;0;0
7/2572.png;6;1;0;0
7/2573.png;6;1;0;0
7/2574.png;6;1;0;0
7/2575.png;6;1;0;0
7/2576.png;6;1;0;0
7/2577.png;6;1;0;0
7/2578.png;6;1;0;0
7/2579.png;6;1;0;0
7/2580.png;6;1;0;0
7/2581.png;6;1;0;0
7/2582.png;6;1;0;0
7/2583.png;6;1;0;0
7/2584.png;6;1;0;0
7/2585.png;6;1;0;0
7/2586.png;6;1;0;0
7/2587.png;6;1;0;0
7/2588.png;6;1;0;0
7/2589.png;6;1;0;0
7/2590.png;6;1;0;0
7/2591.png;6;1;0;0
7/2592.png;6;1;0;0
7/2593.png;6;1;0;0
7/2594.png;6;1;0;0
7/2595.png;6;1;0;0
7/2596.png;6;1;0;0
7/2597.png;6;1;0;0
7/2598.png;6;1;0;0
7/2599.png;6;1;0;0
7/2600.png;6;1;0;0
7/2601.png;6;1;0;0
7/2602.png;6;1;0;0
7/2603.png;6;1;0;0
7/2604.png;6;1;0;0
7/2605.png;6;1;0;0
7/2606.png;6;1;0;0
7/2607.png;6;1;0;0
7/2608.png;6;1;0;0
7/2609.png;6;1;0;0
7/2610.png;6;1;0;0
7/2611.png;6;1;0;0
7/2612.png;6;1;0;0
7/2613.png;6;1;0;0
7/2614.png;6;1;0;0
7/2615.png;6;1;0;0
7/2616.png;6;1;0;0
7/2617.png;6;1;0;0
7/2618.png;6;1;0;0
7/2619.png;6;1;0;0
7/2620.png;6;1;0;0
7/2621.png;6;1;0;0
7/2622.png;6;1;0;0
7/2623.png;6;1;0;0
7/2624.png;6;1;0;0
7/2625.png;6;1;0;0
7/2626.png;6;1;0;0
7/2627.png;6;1;0;0
7/2628.png;6;1;0;0
7/2629.png;6;1;0;0
7/2630.png;6;1;0;0
7/2631.png;6;1;0;0
7/2632.png;6;1;0;0
7/2633.png;6;1;0;0
7/2634.png;6;1;0;0
7/2635.png;6;1;0;0
7/2636.png;6;1;0;0
7/2637.png;6;1;0;0
7/2638.png;6;1;0;0
7/2639.png;6;1;0;0
7/2640.png;6;1;0;0
7/2641.png;6;1;0;0
7/2642.png;6;1;0;0
7/2643.png;6;1;0;0
7/2644.png;6;1;0;0
7/2645.png;6;1;0;0
7/2646.png;6;1;0;0
7/2647.png;6;1;0;0
7/2648.png;6;1;0;0
7/2649.png;6;1;0;0
7/2650.png;6;1;0;0
7/2651.png;6;1;0;0
7/2652.png;6;1;0;0
7/2653.png;6;1;0;0
7/2654.png;6;1;0;0
7/2655.png;6;1;0;0
7/2656.png;6;1;0;0
7/2657.png;6;1;0;0
7/2658.png;6;1;0;0
7/2659.png;6;1;0;0
7/2660.png;6;1;0;0
7/2661.png;6;1;0;0
7/2662.png;6;1;0;0
7/2663.png;6;1;0;0
7/2664.png;6;1;0;0
7/2665.png;6;1;0;0
7/2666.png;6;1;0;0
7/2667.png;6;1;0;0
7/2668.png;6;1;0;0
7/2669.png;6;1;0;0
7/2670.png;6;1;0;0
7/2671.png;6;1;0;0
7/2672.png;6;1;0;0
7/2673.png;6;1;0;0
7/2674.png;6;1;0;0
7/2675.png;6;1;0;0
7/2676.png;6;1;0;0
7/2677.png;6;1;0;0
7/2678.png;6;1;0;0
7/2679.png;6;1;0;0
7/2680.png;6;1;0;0
7/2681.png;6;1;0;0
7/2682.png;6;1;0;0
7/2683.png;6;1;0;0
7/2684.png;6;1;0;0
7/2685.png;6;1;0;0
7/2686.png;6;1;0;0
7/2687.png;6;1;0;0
7/2688.png;6;1;0;0
7/2689.png;6;1;0;0
7/2690.png;6;1;0;0
7/2691.png;6;1;0;0
7/2692.png;6;1;0;0
7/2693.png;6;1;0;0
7/2694.png;6;1;0;0
7/2695.png;6;1;0;0
7/2696.png;6;1;0;0
7/2697.png;6;1;0;0
7/2698.png;6;1;0;0
7/2699.png;6;1;0;0
7/2700.png;6;1;0;0
7/2701.png;6;1;0;0
7/2702.png;6;1;0;0
7/2703.png;6;1;0;0
7/2704.png;6;1;0;0
7/2705.png;6;1;0;0
7/2706.png;6;1;0;0
7/2707.png;6;1;0;0
7/2708.png;6;1;0;0
7/2709.png;6;1;0;0
7/2710.png;6;1;0;0
7/2711.png;6;1;0;0
7/2712.png;6;1;0;0
7/2713.png;6;1;0;0
7/2714.png;6;1;0;0
7/2715.png;6;1;0;0
7/2716.png;6;1;0;0
7/2717.png;6;1;0;0
7/2718.png;6;1;0;0
7/2719.png;6;1;0;0
7/2720.png;6;1;0;0
7/2721.png;6;1;0;0
7/2722.png;6;1;0;0
7/2723.png;6;1;0;0
7/2724.png;6;1;0;0
7/2725.png;6;1;0;0
7/2726.png;6;1;0;0
7/2727.png;6;1;0;0
7/2728.png;6;1;0;0
7/2729.png;6;1;0;0
7/2730.png;6;1;0;0
7/2731.png;6;1;0;0
7/2732.png;6;1;0;0
7/2733.png;6;1;0;0
7/2734.png;6;1;0;0
7/2735.png;6;1;0;0
7/2736.png;6;1;0;0
7/2737.png;6;1;0;0
7/2738.png;6;1;0;0
7/2739.png;6;1;0;0
7/2740.png;6;1;0;0
7/2741.png;6;1;0;0
7/2742.png;6;1;0;0
7/2743.png;6;1;0;0
7/2744.png;6;1;0;0
7/2745.png;6;1;0;0
7/2746.png;6;1;0;0
7/2747.png;6;1;0;0
7/2748.png;6;1;0;0
7/2749.png;6;1;0;0
7/2750.png;6;1;0;0
7/2751.png;6;1;0;0
7/2752.png;6;1;0;0
7/2753.png;6;1;0;0
7/2754.png;6;1;0;0
7/2755.png;6;1;0;0
7/2756.png;6;1;0;0
7/2757.png;6;1;0;0
7/2758.png;6;1;0;0
7/2759.png;6;1;0;0
7/2760.png;6;1;0;0
7/2761.png;6;1;0;0
7/2762.png;6;1;0;0
7/2763.png;6;1;0;0
7/2764.png;6;1;0;0
7/2765.png;6;1;0;0
7/2766.png;6;1;0;0
7/2767.png;6;1;0;0
7/2768.png;6;1;0;0
7/2769.png;6;1;0;0
7/2770.png;6;1;0;0
7/2771.png;6;1;0;0
7/2772.png;6;1;0;0
7/2773.png;6;1;0;0
7/2774.png;6;1;0;0
7/2775.png;6;1;0;0
7/2776.png;6;1;0;0
7/2777.png;6;1;0;0
7/2778.png;6;1;0;0
7/2779.png;6;1;0;0
7/2780.png;6;1;0;0
7/2781.png;6;1;0;0
7/2782.png;6;1;0;0
7/2783.png;6;1;0;0
7/2784.png;6;1;0;0
7/2785.png;6;1;0;0
7/2786.png;6;1;0;0
7/2787.png;6;1;0;0
7/2788.png;6;1;0;0
7/2789.png;6;1;0;0
7/2790.png;6;1;0;0
7/2791.png;6;1;0;0
7/2792.png;6;1;0;0
7/2793.png;6;1;0;0
7/2794.png;6;1;0;0
7/2795.png;6;1;0;0
7/2796.png;6;1;0;0
7/2797.png;6;1;0;0
7/2798.png;6;1;0;0
7/2799.png;6;1;0;0
7/2800.png;6;1;0;0
7/2801.png;6;1;0;0
7/2802.png;6;1;0;0
7/2803.png;6;1;0;0
7/2804.png;6;1;0;0
7/2805.png;6;1;0;0
7/2806.png;6;1;0;0
7/2807.png;6;1;0;0
7/2808.png;6;1;0;0
7/2809.png;6;1;0;0
7/2810.png;6;1;0;0
7/2811.png;6;1;0;0
7/2812.png;6;1;0;0
7/2813.png;6;1;0;0
7/2814.png;6;1;0;0
7/2815.png;6;1;0;0
7/2816.png;6;1;0;0
7/2817.png;6;1;0;0
7/2818.png;6;1;0;0
7/2819.png;6;1;0;0
7/2820.png;6;1;0;0
7/2821.png;6;1;0;0
7/2822.png;6;1;0;0
7/2823.png;6;1;0;0
7/2824.png;6;1;0;0
7/2825.png;6;1;0;0
7/2826.png;6;1;0;0
7/2827.png;6;1;0;0
7/2828.png;6;1;0;0
7/2829.png;6;1;0;0
7/2830.png;6;1;0;0
7/2831.png;6;1;0;0
7/2832.png;6;1;0;0
7/2833.png;6;1;0;0
7/2834.png;6;1;0;0
7/2835.png;6;1;0;0
7/2836.png;6;1;0;0
7/2837.png;6;1;0;0
7/2838.png;6;1;0;0
7/2839.png;6;1;0;0
7/2840.png;6;1;0;0
7/2841.png;6;1;0;0
7/2842.png;6;1;0;0
7/2843.png;6;1;0;0
7/2844.png;6;1;0;0
7/2845.png;6;1;0;0
7/2846.png;6;1;0;0
7/2847.png;6;1;0;0
7/2848.png;6;1;0;0
7/2849.png;6;1;0;0
7/2850.png;6;1;0;0
7/2851.png;6;1;0;0
7/2852.png;6;1;0;0
7/2853.png;6;1;0;0
7/2854.png;6;1;0;0
7/2855.png;6;1;0;0
7/2856.png;6;1;0;0
7/2857.png;6;1;0;0
7/2858.png;6;1;0;0
7/2859.png;6;1;0;0
7/2860.png;6;1;0;0
7/2861.png;6;1;0;0
7/2862.png;6;1;0;0
7/2863.png;6;1;0;0
7/2864.png;6;1;0;0
7/2865.png;6;1;0;0
7/2866.png;6;1;0;0
7/2867.png;6;1;0;0
7/2868.png;6;1;0;0
7/2869.png;6;1;0;0
7/2870.png;6;1;0;0
7/2871.png;6;1;0;0
7/2872.png;6;1;0;0
7/2873.png;6;1;0;0
7/2874.png;6;1;0;0
7/2875.png;6;1;0;0
7/2876.png;6;1;0;0
7/2877.png;6;1;0;0
7/2878.png;6;1;0;0
7/2879.png;6;1;0;0
7/2880.png;6;1;0;0
7/2881.png;6;1;0;0
7/2882.png;6;1;0;0
7/2883.png;6;1;0;0
7/2884.png;6;1;0;0
7/2885.png;6;1;0;0
7/2886.png;6;1;0;0
7/2887.png;6;1;0;0
7/2888.png;6;1;0;0
7/2889.png;6;1;0;0
7/2890.png;6;1;0;0
7/2891.png;6;1;0;0
7/2892.png;6;1;0;0
7/2893.png;6;1;0;0
7/2894.png;6;1;0;0
7/2895.png;6;1;0;0
7/2896.png;6;1;0;0
7/2897.png;6;1;0;0
7/2898.png;6;1;0;0
7/2899.png;6;1;0;0
7/2900.png;6;1;0;0
7/2901.png;6;1;0;0
7/2902.png;6;1;0;0
7/2903.png;6;1;0;0
7/2904.png;6;1;0;0
7/2905.png;6;1;0;0
7/2906.png;6;1;0;0
7/2907.png;6;1;0;0
7/2908.png;6;1;0;0
7/2909.png;6;1;0;0
7/2910.png;6;1;0;0
7/2911.png;6;1;0;0
7/2912.png;6;1;0;0
7/2913.png;6;1;0;0
7/2914.png;6;1;0;0
7/2915.png;6;1;0;0
7/2916.png;6;1;0;0
7/2917.png;6;1;0;0
7/2918.png;6;1;0;0
7/2919.png;6;1;0;0
7/2920.png;6;1;0;0
7/2921.png;6;1;0;0
7/2922.png;6;1;0;0
7/2923.png;6;1;0;0
7/2924.png;6;1;0;0
7/2925.png;6;1;0;0
7/2926.png;6;1;0;0
7/2927.png;6;1;0;0
7/2928.png;6;1;0;0
7/2929.png;6;1;0;0
7/2930.png;6;1;0;0
7/2931.png;6;1;0;0
7/2932.png;6;1;0;0
7/2933.png;6;1;0;0
7/2934.png;6;1;0;0
7/2935.png;6;1;0;0
7/2936.png;6;1;0;0
7/2937.png;6;1;0;0
7/2938.png;6;1;0;0
7/2939.png;6;1;0;0
7/2940.png;6;1;0;0
7/2941.png;6;1;0;0
7/2942.png;6;1;0;0
7/2943.png;6;1;0;0
7/2944.png;6;1;0;0
7/2945.png;6;1;0;0
7/2946.png;6;1;0;0
7/2947.png;6;1;0;0
7/2948.png;6;1;0;0
7/2949.png;6;1;0;0
7/2950.png;6;1;0;0
7/2951.png;6;1;0;0
7/2952.png;6;1;0;0
7/2953.png;6;1;0;0
7/2954.png;6;1;0;0
7/2955.png;6;1;0;0
7/2956.png;6;1;0;0
7/2957.png;6;1;0;0
7/2958.png;6;1;0;0
7/2959.png;6;1;0;0
7/2960.png;6;1;0;0
7/2961.png;6;1;0;0
7/2962.png;6;1;0;0
7/2963.png;6;1;0;0
7/2964.png;6;1;0;0
7/2965.png;6;1;0;0
7/2966.png;6;1;0;0
7/2967.png;6;1;0;0
7/2968.png;6;1;0;0
7/2969.png;6;1;0;0
7/2970.png;6;1;0;0
7/2971.png;6;1;0;0
7/2972.png;6;1;0;0
7/2973.png;6;1;0;0
7/2974.png;6;1;0;0
7/2975.png;6;1;0;0
7/2976.png;6;1;0;0
7/2977.png;6;1;0;0
7/2978.png;6;1;0;0
7/2979.png;6;1;0;0
7/2980.png;6;1;0;0
7/2981.png;6;1;0;0
7/2982.png;6;1;0;0
7/2983.png;6;1;0;0
7/2984.png;6;1;0;0
7/2985.png;6;1;0;0
7/2986.png;6;1;0;0
7/2987.png;6;1;0;0
7/2988.png;6;1;0;0
7/2989.png;6;1;0;0
7/2990.png;6;1;0;0
7/2991.png;6;1;0;0
7/2992.png;6;1;0;0
7/2993.png;6;1;0;0
7/2994.png;6;1;0;0
7/2995.png;6;1;0;0
7/2996.png;6;1;0;0
7/2997.png;6;1;0;0
7/2998.png;6;1;0;0
7/2999.png;6;1;0;0
7/3000.png;6;1;0;0
7/3001.png;6;1;0;0
7/3002.png;6;1;0;0
7/3003.png;6;1;0;0
7/3004.png;6;1;0;0
7/3005.png;6;1;0;0
7/3006.png;6;1;0;0
7/3007.png;6;1;0;0
7/3008.png;6;1;0;0
7/3009.png;6;1;0;0
7/3010.png;6;1;0;0
7/3011.png;6;1;0;0
7/3012.png;6;1;0;0
7/3013.png;6;1;0;0
7/3014.png;6;1;0;0
7/3015.png;6;1;0;0
7/3016.png;6;1;0;0
7/3017.png;6;1;0;0
7/3018.png;6;1;0;0
7/3019.png;6;1;0;0
7/3020.png;6;1;0;0
7/3021.png;6;1;0;0
7/3022.png;6;1;0;0
7/3023.png;6;1;0;0
7/3024.png;6;1;0;0
7/3025.png;6;1;0;0
7/3026.png;6;1;0;0
7/3027.png;6;1;0;0
7/3028.png;6;1;0;0
7/3029.png;6;1;0;0
7/3030.png;6;1;0;0
7/3031.png;6;1;0;0
7/3032.png;6;1;0;0
7/3033.png;6;1;0;0
7/3034.png;6;1;0;0
7/3035.png;6;1;0;0
7/3036.png;6;1;0;0
7/3037.png;6;1;0;0
7/3038.png;6;1;0;0
7/3039.png;6;1;0;0
7/3040.png;6;1;0;0
7/3041.png;6;1;0;0
7/3042.png;6;1;0;0
7/3043.png;6;1;0;0
7/3044.png;6;1;0;0
7/3045.png;6;1;0;0
7/3046.png;6;1;0;0
7/3047.png;6;1;0;0
7/3048.png;6;1;0;0
7/3049.png;6;1;0;0
7/3050.png;6;1;0;0
7/3051.png;6;1;0;0
7/3052.png;6;1;0;0
7/3053.png;6;1;0;0
7/3054.png;6;1;0;0
7/3055.png;6;1;0;0
7/3056.png;6;1;0;0
7/3057.png;6;1;0;0
7/3058.png;6;1;0;0
7/3059.png;6;1;0;0
7/3060.png;6;1;0;0
7/3061.png;6;1;0;0
7/3062.png;6;1;0;0
7/3063.png;6;1;0;0
7/3064.png;6;1;0;0
7/3065.png;6;1;0;0
7/3066.png;6;1;0;0
7/3067.png;6;1;0;0
7/3068.png;6;1;0;0
7/3069.png;6;1;0;0
7/3070.png;6;1;0;0
7/3071.png;6;1;0;0
7/3072.png;6;1;0;0
7/3073.png;6;1;0;0
7/3074.png;6;1;0;0
7/3075.png;6;1;0;0
7/3076.png;6;1;0;0
7/3077.png;6;1;0;0
7/3078.png;6;1;0;0
7/3079.png;6;1;0;0
7/3080.png;6;1;0;0
7/3081.png;6;1;0;0
7/3082.png;6;1;0;0
7/3083.png;6;1;0;0
7/3084.png;6;1;0;0
7/3085.png;6;1;0;0
7/3086.png;6;1;0;0
7/3087.png;6;1;0;0
7/3088.png;6;1;0;0
7/3089.png;6;1;0;0
7/3090.png;6;1;0;0
7/3091.png;6;1;0;0
7/3092.png;6;1;0;0
7/3093.png;6;1;0;0
7/3094.png;6;1;0;0
7/3095.png;6;1;0;0
7/3096.png;6;1;0;0
7/3097.png;6;1;0;0
7/3098.png;6;1;0;0
7/3099.png;6;1;0;0
7/3100.png;6;1;0;0
7/3101.png;6;1;0;0
7/3102.png;6;1;0;0
7/3103.png;6;1;0;0
7/3104.png;6;1;0;0
7/3105.png;6;1;0;0
7/3106.png;6;1;0;0
7/3107.png;6;1;0;0
7/3108.png;6;1;0;0
7/3109.png;6;1;0;0
7/3110.png;6;1;0;0
7/3111.png;6;1;0;0
7/3112.png;6;1;0;0
7/3113.png;6;1;0;0
7/3114.png;6;1;0;0
7/3115.png;6;1;0;0
7/3116.png;6;1;0;0
7/3117.png;6;1;0;0
7/3118.png;6;1;0;0
7/3119.png;6;1;0;0
7/3120.png;6;1;0;0
7/3121.png;6;1;0;0
7/3122.png;6;1;0;0
7/3123.png;6;1;0;0
7/3124.png;6;1;0;0
7/3125.png;6;1;0;0
7/3126.png;6;1;0;0
7/3127.png;6;1;0;0
7/3128.png;6;1;0;0
7/3129.png;6;1;0;0
7/3130.png;6;1;0;0
7/3131.png;6;1;0;0
7/3132.png;6;1;0;0
7/3133.png;6;1;0;0
7/3134.png;6;1;0;0
7/3135.png;6;1;0;0
7/3136.png;6;1;0;0
7/3137.png;6;1;0;0
7/3138.png;6;1;0;0
7/3139.png;6;1;0;0
7/3140.png;6;1;0;0
7/3141.png;6;1;0;0
7/3142.png;6;1;0;0
7/3143.png;6;1;0;0
7/3144.png;6;1;0;0
7/3145.png;6;1;0;0
7/3146.png;6;1;0;0
7/3147.png;6;1;0;0
7/3148.png;6;1;0;0
7/3149.png;6;1;0;0
7/3150.png;6;1;0;0
7/3151.png;6;1;0;0
7/3152.png;6;1;0;0
7/3153.png;6;1;0;0
7/3154.png;6;1;0;0
7/3155.png;6;1;0;0
7/3156.png;6;1;0;0
7/3157.png;6;1;0;0
7/3158.png;6;1;0;0
7/3159.png;6;1;0;0
7/3160.png;6;1;0;0
7/3161.png;6;1;0;0
7/3162.png;6;1;0;0
7/3163.png;6;1;0;0
7/3164.png;6;1;0;0
7/3165.png;6;1;0;0
7/3166.png;6;1;0;0
7/3167.png;6;1;0;0
7/3168.png;6;1;0;0
7/3169.png;6;1;0;0
7/3170.png;6;1;0;0
7/3171.png;6;1;0;0
7/3172.png;6;1;0;0
7/3173.png;6;1;0;0
7/3174.png;6;1;0;0
7/3175.png;6;1;0;0
7/3176.png;6;1;0;0
7/3177.png;6;1;0;0
7/3178.png;6;1;0;0
7/3179.png;6;1;0;0
7/3180.png;6;1;0;0
7/3181.png;6;1;0;0
7/3182.png;6;1;0;0
7/3183.png;6;1;0;0
7/3184.png;6;1;0;0
7/3185.png;6;1;0;0
7/3186.png;6;1;0;0
7/3187.png;6;1;0;0
7/3188.png;6;1;0;0
7/3189.png;6;1;0;0
7/3190.png;6;1;0;0
7/3191.png;6;1;0;0
7/3192.png;6;1;0;0
7/3193.png;6;1;0;0
7/3194.png;6;1;0;0
7/3195.png;6;1;0;0
7/3196.png;6;1;0;0
7/3197.png;6;1;0;0
7/3198.png;6;1;0;0
7/3199.png;6;1;0;0
7/3200.png;6;1;0;0
7/3201.png;6;1;0;0
7/3202.png;6;1;0;0
7/3203.png;6;1;0;0
7/3204.png;6;1;0;0
7/3205.png;6;1;0;0
7/3206.png;6;1;0;0
7/3207.png;6;1;0;0
7/3208.png;6;1;0;0
7/3209.png;6;1;0;0
7/3210.png;6;1;0;0
7/3211.png;6;1;0;0
7/3212.png;6;1;0;0
7/3213.png;6;1;0;0
7/3214.png;6;1;0;0
7/3215.png;6;1;0;0
7/3216.png;6;1;0;0
7/3217.png;6;1;0;0
7/3218.png;6;1;0;0
7/3219.png;6;1;0;0
7/3220.png;6;1;0;0
7/3221.png;6;1;0;0
7/3222.png;6;1;0;0
7/3223.png;6;1;0;0
7/3224.png;6;1;0;0
7/3225.png;6;1;0;0
7/3226.png;6;1;0;0
7/3227.png;6;1;0;0
7/3228.png;6;1;0;0
7/3229.png;6;1;0;0
7/3230.png;6;1;0;0
7/3231.png;6;1;0;0
7/3232.png;6;1;0;0
7/3233.png;6;1;0;0
7/3234.png;6;1;0;0
7/3235.png;6;1;0;0
7/3236.png;6;1;0;0
7/3237.png;6;1;0;0
7/3238.png;6;1;0;0
7/3239.png;6;1;0;0
7/3240.png;6;1;0;0
7/3241.png;6;1;0;0
7/3242.png;6;1;0;0
7/3243.png;6;1;0;0
7/3244.png;6;1;0;0
7/3245.png;6;1;0;0
7/3246.png;6;1;0;0
7/3247.png;6;1;0;0
7/3248.png;6;1;0;0
7/3249.png;6;1;0;0
7/3250.png;6;1;0;0
7/3251.png;6;1;0;0
7/3252.png;6;1;0;0
7/3253.png;6;1;0;0
7/3254.png;6;1;0;0
7/3255.png;6;1;0;0
7/3256.png;6;1;0;0
7/3257.png;6;1;0;0
7/3258.png;6;1;0;0
7/3259.png;6;1;0;0
7/3260.png;6;1;0;0
7/3261.png;6;1;0;0
7/3262.png;6;1;0;0
7/3263.png;6;1;0;0
7/3264.png;6;1;0;0
7/3265.png;6;1;0;0
7/3266.png;6;1;0;0
7/3267.png;6;1;0;0
7/3268.png;6;1;0;0
7/3269.png;6;1;0;0
7/3270.png;6;1;0;0
7/3271.png;6;1;0;0
7/3272.png;6;1;0;0
7/3273.png;6;1;0;0
7/3274.png;6;1;0;0
7/3275.png;6;1;0;0
7/3276.png;6;1;0;0
7/3277.png;6;1;0;0
7/3278.png;6;1;0;0
7/3279.png;6;1;0;0
7/3280.png;6;1;0;0
7/3281.png;6;1;0;0
7/3282.png;6;1;0;0
7/3283.png;6;1;0;0
7/3284.png;6;1;0;0
7/3285.png;6;1;0;0
7/3286.png;6;1;0;0
7/3287.png;6;1;0;0
7/3288.png;6;1;0;0
7/3289.png;6;1;0;0
7/3290.png;6;1;0;0
7/3291.png;6;1;0;0
7/3292.png;6;1;0;0
7/3293.png;6;1;0;0
7/3294.png;6;1;0;0
7/3295.png;6;1;0;0
7/3296.png;6;1;0;0
7/3297.png;6;1;0;0
7/3298.png;6;1;0;0
7/3299.png;6;1;0;0
7/3300.png;6;1;0;0
7/3301.png;6;1;0;0
7/3302.png;6;1;0;0
7/3303.png;6;1;0;0
7/3304.png;6;1;0;0
7/3305.png;6;1;0;0
7/3306.png;6;1;0;0
7/3307.png;6;1;0;0
7/3308.png;6;1;0;0
7/3309.png;6;1;0;0
7/3310.png;6;1;0;0
7/3311.png;6;1;0;0
7/3312.png;6;1;0;0
7/3313.png;6;1;0;0
7/3314.png;6;1;0;0
7/3315.png;6;1;0;0
7/3316.png;6;1;0;0
7/3317.png;6;1;0;0
7/3318.png;6;1;0;0
7/3319.png;6;1;0;0
7/3320.png;6;1;0;0
7/3321.png;6;1;0;0
7/3322.png;6;1;0;0
7/3323.png;6;1;0;0
7/3324.png;6;1;0;0
7/3325.png;6;1;0;0
7/3326.png;6;1;0;0
7/3327.png;6;1;0;0
7/3328.png;6;1;0;0
7/3329.png;6;1;0;0
7/3330.png;6;1;0;0
7/3331.png;6;1;0;0
7/3332.png;6;1;0;0
7/3333.png;6;1;0;0
7/3334.png;6;1;0;0
7/3335.png;6;1;0;0
7/3336.png;6;1;0;0
7/3337.png;6;1;0;0
7/3338.png;6;1;0;0
7/3339.png;6;1;0;0
7/3340.png;6;1;0;0
7/3341.png;6;1;0;0
7/3342.png;6;1;0;0
7/3343.png;6;1;0;0
7/3344.png;6;1;0;0
7/3345.png;6;1;0;0
7/3346.png;6;1;0;0
7/3347.png;6;1;0;0
7/3348.png;6;1;0;0
7/3349.png;6;1;0;0
7/3350.png;6;1;0;0
7/3351.png;6;1;0;0
7/3352.png;6;1;0;0
7/3353.png;6;1;0;0
7/3354.png;6;1;0;0
7/3355.png;6;1;0;0
7/3356.png;6;1;0;0
7/3357.png;6;1;0;0
7/3358.png;6;1;0;0
7/3359.png;6;1;0;0
7/3360.png;6;1;0;0
7/3361.png;6;1;0;0
7/3362.png;6;1;0;0
7/3363.png;6;1;0;0
7/3364.png;6;1;0;0
7/3365.png;6;1;0;0
7/3366.png;6;1;0;0
7/3367.png;6;1;0;0
7/3368.png;6;1;0;0
7/3369.png;6;1;0;0
7/3370.png;6;1;0;0
7/3371.png;6;1;0;0
7/3372.png;6;1;0;0
7/3373.png;6;1;0;0
7/3374.png;6;1;0;0
7/3375.png;6;1;0;0
7/3376.png;6;1;0;0
7/3377.png;6;1;0;0
7/3378.png;6;1;0;0
7/3379.png;6;1;0;0
7/3380.png;6;1;0;0
7/3381.png;6;1;0;0
7/3382.png;6;1;0;0
7/3383.png;6;1;0;0
7/3384.png;6;1;0;0
7/3385.png;6;1;0;0
7/3386.png;6;1;0;0
7/3387.png;6;1;0;0
7/3388.png;6;1;0;0
7/3389.png;6;1;0;0
7/3390.png;6;1;0;0
7/3391.png;6;1;0;0
7/3392.png;6;1;0;0
7/3393.png;6;1;0;0
7/3394.png;6;1;0;0
7/3395.png;6;1;0;0
7/3396.png;6;1;0;0
7/3397.png;6;1;0;0
7/3398.png;6;1;0;0
7/3399.png;6;1;0;0
7/3400.png;6;1;0;0
7/3401.png;6;1;0;0
7/3402.png;6;1;0;0
7/3403.png;6;1;0;0
7/3404.png;6;1;0;0
7/3405.png;6;1;0;0
7/3406.png;6;1;0;0
7/3407.png;6;1;0;0
7/3408.png;6;1;0;0
7/3409.png;6;1;0;0
7/3410.png;6;1;0;0
7/3411.png;6;1;0;0
7/3412.png;6;1;0;0
7/3413.png;6;1;0;0
7/3414.png;6;1;0;0
7/3415.png;6;1;0;0
7/3416.png;6;1;0;0
7/3417.png;6;1;0;0
7/3418.png;6;1;0;0
7/3419.png;6;1;0;0
7/3420.png;6;1;0;0
7/3421.png;6;1;0;0
7/3422.png;6;1;0;0
7/3423.png;6;1;0;0
7/3424.png;6;1;0;0
7/3425.png;6;1;0;0
7/3426.png;6;1;0;0
7/3427.png;6;1;0;0
7/3428.png;6;1;0;0
7/3429.png;6;1;0;0
7/3430.png;6;1;0;0
7/3431.png;6;1;0;0
7/3432.png;6;1;0;0
7/3433.png;6;1;0;0
7/3434.png;6;1;0;0
7/3435.png;6;1;0;0
7/3436.png;6;1;0;0
7/3437.png;6;1;0;0
7/3438.png;6;1;0;0
7/3439.png;6;1;0;0
7/3440.png;6;1;0;0
7/3441.png;6;1;0;0
7/3442.png;6;1;0;0
7/3443.png;6;1;0;0
7/3444.png;6;1;0;0
7/3445.png;6;1;0;0
7/3446.png;6;1;0;0
7/3447.png;6;1;0;0
7/3448.png;6;1;0;0
7/3449.png;6;1;0;0
7/3450.png;6;1;0;0
7/3451.png;6;1;0;0
7/3452.png;6;1;0;0
7/3453.png;6;1;0;0
7/3454.png;6;1;0;0
7/3455.png;6;1;0;0
7/3456.png;6;1;0;0
7/3457.png;6;1;0;0
7/3458.png;6;1;0;0
7/3459.png;6;1;0;0
7/3460.png;6;1;0;0
7/3461.png;6;1;0;0
7/3462.png;6;1;0;0
7/3463.png;6;1;0;0
7/3464.png;6;1;0;0
7/3465.png;6;1;0;0
7/3466.png;6;1;0;0
7/3467.png;6;1;0;0
7/3468.png;6;1;0;0
7/3469.png;6;1;0;0
7/3470.png;6;1;0;0
7/3471.png;6;1;0;0
7/3472.png;6;1;0;0
7/3473.png;6;1;0;0
7/3474.png;6;1;0;0
7/3475.png;6;1;0;0
7/3476.png;6;1;0;0
7/3477.png;6;1;0;0
7/3478.png;6;1;0;0
7/3479.png;6;1;0;0
7/3480.png;6;1;0;0
7/3481.png;6;1;0;0
7/3482.png;6;1;0;0
7/3483.png;6;1;0;0
7/3484.png;6;1;0;0
7/3485.png;6;1;0;0
7/3486.png;6;1;0;0
7/3487.png;6;1;0;0
7/3488.png;6;1;0;0
7/3489.png;6;1;0;0
7/3490.png;6;1;0;0
7/3491.png;6;1;0;0
7/3492.png;6;1;0;0
7/3493.png;6;1;0;0
7/3494.png;6;1;0;0
7/3495.png;6;1;0;0
7/3496.png;6;1;0;0
7/3497.png;6;1;0;0
7/3498.png;6;1;0;0
7/3499.png;6;1;0;0
7/3500.png;6;1;0;0
7/3501.png;6;1;0;0
7/3502.png;6;1;0;0
7/3503.png;6;1;0;0
7/3504.png;6;1;0;0
7/3505.png;6;1;0;0
7/3506.png;6;1;0;0
7/3507.png;6;1;0;0
7/3508.png;6;1;0;0
7/3509.png;6;1;0;0
7/3510.png;6;1;0;0
7/3511.png;6;1;0;0
7/3512.png;6;1;0;0
7/3513.png;6;1;0;0
7/3514.png;6;1;0;0
7/3515.png;6;1;0;0
7/3516.png;6;1;0;0
7/3517.png;6;1;0;0
7/3518.png;6;1;0;0
7/3519.png;6;1;0;0
7/3520.png;6;1;0;0
7/3521.png;6;1;0;0
7/3522.png;6;1;0;0
7/3523.png;6;1;0;0
7/3524.png;6;1;0;0
7/3525.png;6;1;0;0
7/3526.png;6;1;0;0
7/3527.png;6;1;0;0
7/3528.png;6;1;0;0
7/3529.png;6;1;0;0
7/3530.png;6;1;0;0
7/3531.png;6;1;0;0
7/3532.png;6;1;0;0
7/3533.png;6;1;0;0
7/3534.png;6;1;0;0
7/3535.png;6;1;0;0
7/3536.png;6;1;0;0
7/3537.png;6;1;0;0
7/3538.png;6;1;0;0
7/3539.png;6;1;0;0
7/3540.png;6;1;0;0
7/3541.png;6;1;0;0
7/3542.png;6;1;0;0
7/3543.png;6;1;0;0
7/3544.png;6;1;0;0
7/3545.png;6;1;0;0
7/3546.png;6;1;0;0
7/3547.png;6;1;0;0
7/3548.png;6;1;0;0
7/3549.png;6;1;0;0
7/3550.png;6;1;0;0
7/3551.png;6;1;0;0
7/3552.png;6;1;0;0
7/3553.png;6;1;0;0
7/3554.png;6;1;0;0
7/3555.png;6;1;0;0
7/3556.png;6;1;0;0
7/3557.png;6;1;0;0
7/3558.png;6;1;0;0
7/3559.png;6;1;0;0
7/3560.png;6;1;0;0
7/3561.png;6;1;0;0
7/3562.png;6;1;0;0
7/3563.png;6;1;0;0
7/3564.png;6;1;0;0
7/3565.png;6;1;0;0
7/3566.png;6;1;0;0
7/3567.png;6;1;0;0
7/3568.png;6;1;0;0
7/3569.png;6;1;0;0
7/3570.png;6;1;0;0
7/3571.png;6;1;0;0
7/3572.png;6;1;0;0
7/3573.png;6;1;0;0
7/3574.png;6;1;0;0
7/3575.png;6;1;0;0
7/3576.png;6;1;0;0
7/3577.png;6;1;0;0
7/3578.png;6;1;0;0
7/3579.png;6;1;0;0
7/3580.png;6;1;0;0
7/3581.png;6;1;0;0
7/3582.png;6;1;0;0
7/3583.png;6;1;0;0
7/3584.png;6;1;0;0
7/3585.png;6;1;0;0
7/3586.png;6;1;0;0
7/3587.png;6;1;0;0
7/3588.png;6;1;0;0
7/3589.png;6;1;0;0
7/3590.png;6;1;0;0
7/3591.png;6;1;0;0
7/3592.png;6;1;0;0
7/3593.png;6;1;0;0
7/3594.png;6;1;0;0
7/3595.png;6;1;0;0
7/3596.png;6;1;0;0
7/3597.png;6;1;0;0
7/3598.png;6;1;0;0
7/3599.png;6;1;0;0
7/3600.png;6;1;0;0
7/3601.png;6;1;0;0
7/3602.png;6;1;0;0
7/3603.png;6;1;0;0
7/3604.png;6;1;0;0
7/3605.png;6;1;0;0
7/3606.png;6;1;0;0
7/3607.png;6;1;0;0
7/3608.png;6;1;0;0
7/3609.png;6;1;0;0
7/3610.png;6;1;0;0
7/3611.png;6;1;0;0
7/3612.png;6;1;0;0
7/3613.png;6;1;0;0
7/3614.png;6;1;0;0
7/3615.png;6;1;0;0
7/3616.png;6;1;0;0
7/3617.png;6;1;0;0
7/3618.png;6;1;0;0
7/3619.png;6;1;0;0
7/3620.png;6;1;0;0
7/3621.png;6;1;0;0
7/3622.png;6;1;0;0
7/3623.png;6;1;0;0
7/3624.png;6;1;0;0
7/3625.png;6;1;0;0
7/3626.png;6;1;0;0
7/3627.png;6;1;0;0
7/3628.png;6;1;0;0
7/3629.png;6;1;0;0
7/3630.png;6;1;0;0
7/3631.png;6;1;0;0
7/3632.png;6;1;0;0
7/3633.png;6;1;0;0
7/3634.png;6;1;0;0
7/3635.png;6;1;0;0
7/3636.png;6;1;0;0
7/3637.png;6;1;0;0
7/3638.png;6;1;0;0
7/3639.png;6;1;0;0
7/3640.png;6;1;0;0
7/3641.png;6;1;0;0
7/3642.png;6;1;0;0
7/3643.png;6;1;0;0
7/3644.png;6;1;0;0
7/3645.png;6;1;0;0
7/3646.png;6;1;0;0
7/3647.png;6;1;0;0
7/3648.png;6;1;0;0
7/3649.png;6;1;0;0
7/3650.png;6;1;0;0
7/3651.png;6;1;0;0
7/3652.png;6;1;0;0
7/3653.png;6;1;0;0
7/3654.png;6;1;0;0
7/3655.png;6;1;0;0
7/3656.png;6;1;0;0
7/3657.png;6;1;0;0
7/3658.png;6;1;0;0
7/3659.png;6;1;0;0
7/3660.png;6;1;0;0
7/3661.png;6;1;0;0
7/3662.png;6;1;0;0
7/3663.png;6;1;0;0
7/3664.png;6;1;0;0
7/3665.png;6;1;0;0
7/3666.png;6;1;0;0
7/3667.png;6;1;0;0
7/3668.png;6;1;0;0
7/3669.png;6;1;0;0
7/3670.png;6;1;0;0
7/3671.png;6;1;0;0
7/3672.png;6;1;0;0
7/3673.png;6;1;0;0
7/3674.png;6;1;0;0
7/3675.png;6;1;0;0
7/3676.png;6;1;0;0
7/3677.png;6;1;0;0
7/3678.png;6;1;0;0
7/3679.png;6;1;0;0
7/3680.png;6;1;0;0
7/3681.png;6;1;0;0
7/3682.png;6;1;0;0
7/3683.png;6;1;0;0
7/3684.png;6;1;0;0
7/3685.png;6;1;0;0
7/3686.png;6;1;0;0
7/3687.png;6;1;0;0
7/3688.png;6;1;0;0
7/3689.png;6;1;0;0
7/3690.png;6;1;0;0
7/3691.png;6;1;0;0
7/3692.png;6;1;0;0
7/3693.png;6;1;0;0
7/3694.png;6;1;0;0
7/3695.png;6;1;0;0
7/3696.png;6;1;0;0
7/3697.png;6;1;0;0
7/3698.png;6;1;0;0
7/3699.png;6;1;0;0
7/3700.png;6;1;0;0
7/3701.png;6;1;0;0
7/3702.png;6;1;0;0
7/3703.png;6;1;0;0
7/3704.png;6;1;0;0
7/3705.png;6;1;0;0
7/3706.png;6;1;0;0
7/3707.png;6;1;0;0
7/3708.png;6;1;0;0
7/3709.png;6;1;0;0
7/3710.png;6;1;0;0
7/3711.png;6;1;0;0
7/3712.png;6;1;0;0
7/3713.png;6;1;0;0
7/3714.png;6;1;0;0
7/3715.png;6;1;0;0
7/3716.png;6;1;0;0
7/3717.png;6;1;0;0
7/3718.png;6;1;0;0
7/3719.png;6;1;0;0
7/3720.png;6;1;0;0
7/3721.png;6;1;0;0
7/3722.png;6;1;0;0
7/3723.png;6;1;0;0
7/3724.png;6;1;0;0
7/3725.png;6;1;0;0
7/3726.png;6;1;0;0
7/3727.png;6;1;0;0
7/3728.png;6;1;0;0
7/3729.png;6;1;0;0
7/3730.png;6;1;0;0
7/3731.png;6;1;0;0
7/3732.png;6;1;0;0
7/3733.png;6;1;0;0
7/3734.png;6;1;0;0
7/3735.png;6;1;0;0
7/3736.png;6;1;0;0
7/3737.png;6;1;0;0
7/3738.png;6;1;0;0
7/3739.png;6;1;0;0
7/3740.png;6;1;0;0
7/3741.png;6;1;0;0
7/3742.png;6;1;0;0
7/3743.png;6;1;0;0
7/3744.png;6;1;0;0
7/3745.png;6;1;0;0
7/3746.png;6;1;0;0
7/3747.png;6;1;0;0
7/3748.png;6;1;0;0
7/3749.png;6;1;0;0
7/3750.png;6;1;0;0
7/3751.png;6;1;0;0
7/3752.png;6;1;0;0
7/3753.png;6;1;0;0
7/3754.png;6;1;0;0
7/3755.png;6;1;0;0
7/3756.png;6;1;0;0
7/3757.png;6;1;0;0
7/3758.png;6;1;0;0
7/3759.png;6;1;0;0
7/3760.png;6;1;0;0
7/3761.png;6;1;0;0
7/3762.png;6;1;0;0
7/3763.png;6;1;0;0
7/3764.png;6;1;0;0
7/3765.png;6;1;0;0
7/3766.png;6;1;0;0
7/3767.png;6;1;0;0
7/3768.png;6;1;0;0
7/3769.png;6;1;0;0
7/3770.png;6;1;0;0
7/3771.png;6;1;0;0
7/3772.png;6;1;0;0
7/3773.png;6;1;0;0
7/3774.png;6;1;0;0
7/3775.png;6;1;0;0
7/3776.png;6;1;0;0
7/3777.png;6;1;0;0
7/3778.png;6;1;0;0
7/3779.png;6;1;0;0
7/3780.png;6;1;0;0
7/3781.png;6;1;0;0
7/3782.png;6;1;0;0
7/3783.png;6;1;0;0
7/3784.png;6;1;0;0
7/3785.png;6;1;0;0
7/3786.png;6;1;0;0
7/3787.png;6;1;0;0
7/3788.png;6;1;0;0
7/3789.png;6;1;0;0
7/3790.png;6;1;0;0
7/3791.png;6;1;0;0
7/3792.png;6;1;0;0
7/3793.png;6;1;0;0
7/3794.png;6;1;0;0
7/3795.png;6;1;0;0
7/3796.png;6;1;0;0
7/3797.png;6;1;0;0
7/3798.png;6;1;0;0
7/3799.png;6;1;0;0
7/3800.png;6;1;0;0
7/3801.png;6;1;0;0
7/3802.png;6;1;0;0
7/3803.png;6;1;0;0
7/3804.png;6;1;0;0
7/3805.png;6;1;0;0
7/3806.png;6;1;0;0
7/3807.png;6;1;0;0
7/3808.png;6;1;0;0
7/3809.png;6;1;0;0
7/3810.png;6;1;0;0
7/3811.png;6;1;0;0
7/3812.png;6;1;0;0
7/3813.png;6;1;0;0
7/3814.png;6;1;0;0
7/3815.png;6;1;0;0
7/3816.png;6;1;0;0
7/3817.png;6;1;0;0
7/3818.png;6;1;0;0
7/3819.png;6;1;0;0
7/3820.png;6;1;0;0
7/3821.png;6;1;0;0
7/3822.png;6;1;0;0
7/3823.png;6;1;0;0
7/3824.png;6;1;0;0
7/3825.png;6;1;0;0
7/3826.png;6;1;0;0
7/3827.png;6;1;0;0
7/3828.png;6;1;0;0
7/3829.png;6;1;0;0
7/3830.png;6;1;0;0
7/3831.png;6;1;0;0
7/3832.png;6;1;0;0
7/3833.png;6;1;0;0
7/3834.png;6;1;0;0
7/3835.png;6;1;0;0
7/3836.png;6;1;0;0
7/3837.png;6;1;0;0
7/3838.png;6;1;0;0
7/3839.png;6;1;0;0
7/3840.png;6;1;0;0
7/3841.png;6;1;0;0
7/3842.png;6;1;0;0
7/3843.png;6;1;0;0
7/3844.png;6;1;0;0
7/3845.png;6;1;0;0
7/3846.png;6;1;0;0
7/3847.png;6;1;0;0
7/3848.png;6;1;0;0
7/3849.png;6;1;0;0
7/3850.png;6;1;0;0
7/3851.png;6;1;0;0
7/3852.png;6;1;0;0
7/3853.png;6;1;0;0
7/3854.png;6;1;0;0
7/3855.png;6;1;0;0
7/3856.png;6;1;0;0
7/3857.png;6;1;0;0
7/3858.png;6;1;0;0
7/3859.png;6;1;0;0
7/3860.png;6;1;0;0
7/3861.png;6;1;0;0
7/3862.png;6;1;0;0
7/3863.png;6;1;0;0
7/3864.png;6;1;0;0
7/3865.png;6;1;0;0
7/3866.png;6;1;0;0
7/3867.png;6;1;0;0
7/3868.png;6;1;0;0
7/3869.png;6;1;0;0
7/3870.png;6;1;0;0
7/3871.png;6;1;0;0
7/3872.png;6;1;0;0
7/3873.png;6;1;0;0
7/3874.png;6;1;0;0
7/3875.png;6;1;0;0
7/3876.png;6;1;0;0
7/3877.png;6;1;0;0
7/3878.png;6;1;0;0
7/3879.png;6;1;0;0
7/3880.png;6;1;0;0
7/3881.png;6;1;0;0
7/3882.png;6;1;0;0
7/3883.png;6;1;0;0
7/3884.png;6;1;0;0
7/3885.png;6;1;0;0
7/3886.png;6;1;0;0
7/3887.png;6;1;0;0
7/3888.png;6;1;0;0
7/3889.png;6;1;0;0
7/3890.png;6;1;0;0
7/3891.png;6;1;0;0
7/3892.png;6;1;0;0
7/3893.png;6;1;0;0
7/3894.png;6;1;0;0
7/3895.png;6;1;0;0
7/3896.png;6;1;0;0
7/3897.png;6;1;0;0
7/3898.png;6;1;0;0
7/3899.png;6;1;0;0
7/3900.png;6;1;0;0
7/3901.png;6;1;0;0
7/3902.png;6;1;0;0
7/3903.png;6;1;0;0
7/3904.png;6;1;0;0
7/3905.png;6;1;0;0
7/3906.png;6;1;0;0
7/3907.png;6;1;0;0
7/3908.png;6;1;0;0
7/3909.png;6;1;0;0
7/3910.png;6;1;0;0
7/3911.png;6;1;0;0
7/3912.png;6;1;0;0
7/3913.png;6;1;0;0
7/3914.png;6;1;0;0
7/3915.png;6;1;0;0
7/3916.png;6;1;0;0
7/3917.png;6;1;0;0
7/3918.png;6;1;0;0
7/3919.png;6;1;0;0
7/3920.png;6;1;0;0
7/3921.png;6;1;0;0
7/3922.png;6;1;0;0
7/3923.png;6;1;0;0
7/3924.png;6;1;0;0
7/3925.png;6;1;0;0
7/3926.png;6;1;0;0
7/3927.png;6;1;0;0
7/3928.png;6;1;0;0
7/3929.png;6;1;0;0
7/3930.png;6;1;0;0
7/3931.png;6;1;0;0
7/3932.png;6;1;0;0
7/3933.png;6;1;0;0
7/3934.png;6;1;0;0
7/3935.png;6;1;0;0
7/3936.png;6;1;0;0
7/3937.png;6;1;0;0
7/3938.png;6;1;0;0
7/3939.png;6;1;0;0
7/3940.png;6;1;0;0
7/3941.png;6;1;0;0
7/3942.png;6;1;0;0
7/3943.png;6;1;0;0
7/3944.png;6;1;0;0
7/3945.png;6;1;0;0
7/3946.png;6;1;0;0
7/3947.png;6;1;0;0
7/3948.png;6;1;0;0
7/3949.png;6;1;0;0
7/3950.png;6;1;0;0
7/3951.png;6;1;0;0
7/3952.png;6;1;0;0
7/3953.png;6;1;0;0
7/3954.png;6;1;0;0
7/3955.png;6;1;0;0
7/3956.png;6;1;0;0
7/3957.png;6;1;0;0
7/3958.png;6;1;0;0
7/3959.png;6;1;0;0
7/3960.png;6;1;0;0
7/3961.png;6;1;0;0
7/3962.png;6;1;0;0
7/3963.png;6;1;0;0
7/3964.png;6;1;0;0
7/3965.png;6;1;0;0
7/3966.png;6;1;0;0
7/3967.png;6;1;0;0
7/3968.png;6;1;0;0
7/3969.png;6;1;0;0
7/3970.png;6;1;0;0
7/3971.png;6;1;0;0
7/3972.png;6;1;0;0
7/3973.png;6;1;0;0
7/3974.png;6;1;0;0
7/3975.png;6;1;0;0
7/3976.png;6;1;0;0
7/3977.png;6;1;0;0
7/3978.png;6;1;0;0
7/3979.png;6;1;0;0
7/3980.png;6;1;0;0
7/3981.png;6;1;0;0
7/3982.png;6;1;0;0
7/3983.png;6;1;0;0
7/3984.png;6;1;0;0
7/3985.png;6;1;0;0
7/3986.png;6;1;0;0
7/3987.png;6;1;0;0
7/3988.png;6;1;0;0
7/3989.png;6;1;0;0
7/3990.png;6;1;0;0
7/3991.png;6;1;0;0
7/3992.png;6;1;0;0
7/3993.png;6;1;0;0
7/3994.png;6;1;0;0
7/3995.png;6;1;0;0
7/3996.png;6;1;0;0
7/3997.png;6;1;0;0
7/3998.png;6;1;0;0
7/3999.png;6;1;0;0
7/4000.png;6;1;0;0
7/4001.png;6;1;0;0
7/4002.png;6;1;0;0
7/4003.png;6;1;0;0
7/4004.png;6;1;0;0
7/4005.png;6;1;0;0
7/4006.png;6;1;0;0
7/4007.png;6;1;0;0
7/4008.png;6;1;0;0
7/4009.png;6;1;0;0
7/4010.png;6;1;0;0
7/4011.png;6;1;0;0
7/4012.png;6;1;0;0
7/4013.png;6;1;0;0
7/4014.png;6;1;0;0
7/4015.png;6;1;0;0
7/4016.png;6;1;0;0
7/4017.png;6;1;0;0
7/4018.png;6;1;0;0
7/4019.png;6;1;0;0
7/4020.png;6;1;0;0
7/4021.png;6;1;0;0
7/4022.png;6;1;0;0
7/4023.png;6;1;0;0
7/4024.png;6;1;0;0
7/4025.png;6;1;0;0
7/4026.png;6;1;0;0
7/4027.png;6;1;0;0
7/4028.png;6;1;0;0
7/4029.png;6;1;0;0
7/4030.png;6;1;0;0
7/4031.png;6;1;0;0
7/4032.png;6;1;0;0
7/4033.png;6;1;0;0
7/4034.png;6;1;0;0
7/4035.png;6;1;0;0
7/4036.png;6;1;0;0
7/4037.png;6;1;0;0
7/4038.png;6;1;0;0
7/4039.png;6;1;0;0
7/4040.png;6;1;0;0
7/4041.png;6;1;0;0
7/4042.png;6;1;0;0
7/4043.png;6;1;0;0
7/4044.png;6;1;0;0
7/4045.png;6;1;0;0
7/4046.png;6;1;0;0
7/4047.png;6;1;0;0
7/4048.png;6;1;0;0
7/4049.png;6;1;0;0
7/4050.png;6;1;0;0
7/4051.png;6;1;0;0
7/4052.png;6;1;0;0
7/4053.png;6;1;0;0
7/4054.png;6;1;0;0
7/4055.png;6;1;0;0
7/4056.png;6;1;0;0
7/4057.png;6;1;0;0
7/4058.png;6;1;0;0
7/4059.png;6;1;0;0
7/4060.png;6;1;0;0
7/4061.png;6;1;0;0
7/4062.png;6;1;0;0
7/4063.png;6;1;0;0
7/4064.png;6;1;0;0
7/4065.png;6;1;0;0
7/4066.png;6;1;0;0
7/4067.png;6;1;0;0
7/4068.png;6;1;0;0
7/4069.png;6;1;0;0
7/4070.png;6;1;0;0
7/4071.png;6;1;0;0
7/4072.png;6;1;0;0
7/4073.png;6;1;0;0
7/4074.png;6;1;0;0
7/4075.png;6;1;0;0
7/4076.png;6;1;0;0
7/4077.png;6;1;0;0
7/4078.png;6;1;0;0
7/4079.png;6;1;0;0
7/4080.png;6;1;0;0
7/4081.png;6;1;0;0
7/4082.png;6;1;0;0
7/4083.png;6;1;0;0
7/4084.png;6;1;0;0
7/4085.png;6;1;0;0
7/4086.png;6;1;0;0
7/4087.png;6;1;0;0
7/4088.png;6;1;0;0
7/4089.png;6;1;0;0
7/4090.png;6;1;0;0
7/4091.png;6;1;0;0
7/4092.png;6;1;0;0
7/4093.png;6;1;0;0
7/4094.png;6;1;0;0
7/4095.png;6;1;0;0
7/4096.png;6;1;0;0
7/4097.png;6;1;0;0
7/4098.png;6;1;0;0
7/4099.png;6;1;0;0
7/4100.png;6;1;0;0
7/4101.png;6;1;0;0
7/4102.png;6;1;0;0
7/4103.png;6;1;0;0
7/4104.png;6;1;0;0
7/4105.png;6;1;0;0
7/4106.png;6;1;0;0
7/4107.png;6;1;0;0
7/4108.png;6;1;0;0
7/4109.png;6;1;0;0
7/4110.png;6;1;0;0
7/4111.png;6;1;0;0
7/4112.png;6;1;0;0
7/4113.png;6;1;0;0
7/4114.png;6;1;0;0
7/4115.png;6;1;0;0
7/4116.png;6;1;0;0
7/4117.png;6;1;0;0
7/4118.png;6;1;0;0
7/4119.png;6;1;0;0
7/4120.png;6;1;0;0
7/4121.png;6;1;0;0
7/4122.png;6;1;0;0
7/4123.png;6;1;0;0
7/4124.png;6;1;0;0
7/4125.png;6;1;0;0
7/4126.png;6;1;0;0
7/4127.png;6;1;0;0
7/4128.png;6;1;0;0
7/4129.png;6;1;0;0
7/4130.png;6;1;0;0
7/4131.png;6;1;0;0
7/4132.png;6;1;0;0
7/4133.png;6;1;0;0
7/4134.png;6;1;0;0
7/4135.png;6;1;0;0
7/4136.png;6;1;0;0
7/4137.png;6;1;0;0
7/4138.png;6;1;0;0
7/4139.png;6;1;0;0
7/4140.png;6;1;0;0
7/4141.png;6;1;0;0
7/4142.png;6;1;0;0
7/4143.png;6;1;0;0
7/4144.png;6;1;0;0
7/4145.png;6;1;0;0
7/4146.png;6;1;0;0
7/4147.png;6;1;0;0
7/4148.png;6;1;0;0
7/4149.png;6;1;0;0
7/4150.png;6;1;0;0
7/4151.png;6;1;0;0
7/4152.png;6;1;0;0
7/4153.png;6;1;0;0
7/4154.png;6;1;0;0
7/4155.png;6;1;0;0
7/4156.png;6;1;0;0
7/4157.png;6;1;0;0
7/4158.png;6;1;0;0
7/4159.png;6;1;0;0
7/4160.png;6;1;0;0
7/4161.png;6;1;0;0
7/4162.png;6;1;0;0
7/4163.png;6;1;0;0
7/4164.png;6;1;0;0
7/4165.png;6;1;0;0
7/4166.png;6;1;0;0
7/4167.png;6;1;0;0
7/4168.png;6;1;0;0
7/4169.png;6;1;0;0
7/4170.png;6;1;0;0
7/4171.png;6;1;0;0
7/4172.png;6;1;0;0
7/4173.png;6;1;0;0
7/4174.png;6;1;0;0
7/4175.png;6;1;0;0
7/4176.png;6;1;0;0
7/4177.png;6;1;0;0
7/4178.png;6;1;0;0
7/4179.png;6;1;0;0
7/4180.png;6;1;0;0
7/4181.png;6;1;0;0
7/4182.png;6;1;0;0
7/4183.png;6;1;0;0
7/4184.png;6;1;0;0
7/4185.png;6;1;0;0
7/4186.png;6;1;0;0
7/4187.png;6;1;0;0
7/4188.png;6;1;0;0
7/4189.png;6;1;0;0
7/4190.png;6;1;0;0
7/4191.png;6;1;0;0
7/4192.png;6;1;0;0
7/4193.png;6;1;0;0
7/4194.png;6;1;0;0
7/4195.png;6;1;0;0
7/4196.png;6;1;0;0
7/4197.png;6;1;0;0
7/4198.png;6;1;0;0
7/4199.png;6;1;0;0
7/4200.png;6;1;0;0
7/4201.png;6;1;0;0
7/4202.png;6;1;0;0
7/4203.png;6;1;0;0
7/4204.png;6;1;0;0
7/4205.png;6;1;0;0
7/4206.png;6;1;0;0
7/4207.png;6;1;0;0
7/4208.png;6;1;0;0
7/4209.png;6;1;0;0
7/4210.png;6;1;0;0
7/4211.png;6;1;0;0
7/4212.png;6;1;0;0
7/4213.png;6;1;0;0
7/4214.png;6;1;0;0
7/4215.png;6;1;0;0
7/4216.png;6;1;0;0
7/4217.png;6;1;0;0
7/4218.png;6;1;0;0
7/4219.png;6;1;0;0
7/4220.png;6;1;0;0
7/4221.png;6;1;0;0
7/4222.png;6;1;0;0
7/4223.png;6;1;0;0
7/4224.png;6;1;0;0
7/4225.png;6;1;0;0
7/4226.png;6;1;0;0
7/4227.png;6;1;0;0
7/4228.png;6;1;0;0
7/4229.png;6;1;0;0
7/4230.png;6;1;0;0
7/4231.png;6;1;0;0
7/4232.png;6;1;0;0
7/4233.png;6;1;0;0
7/4234.png;6;1;0;0
7/4235.png;6;1;0;0
7/4236.png;6;1;0;0
7/4237.png;6;1;0;0
7/4238.png;6;1;0;0
7/4239.png;6;1;0;0
7/4240.png;6;1;0;0
7/4241.png;6;1;0;0
7/4242.png;6;1;0;0
7/4243.png;6;1;0;0
7/4244.png;6;1;0;0
7/4245.png;6;1;0;0
7/4246.png;6;1;0;0
7/4247.png;6;1;0;0
7/4248.png;6;1;0;0
7/4249.png;6;1;0;0
7/4250.png;6;1;0;0
7/4251.png;6;1;0;0
7/4252.png;6;1;0;0
7/4253.png;6;1;0;0
7/4254.png;6;1;0;0
7/4255.png;6;1;0;0
7/4256.png;6;1;0;0
7/4257.png;6;1;0;0
7/4258.png;6;1;0;0
7/4259.png;6;1;0;0
7/4260.png;6;1;0;0
7/4261.png;6;1;0;0
7/4262.png;6;1;0;0
7/4263.png;6;1;0;0
7/4264.png;6;1;0;0
7/4265.png;6;1;0;0
7/4266.png;6;1;0;0
7/4267.png;6;1;0;0
7/4268.png;6;1;0;0
7/4269.png;6;1;0;0
7/4270.png;6;1;0;0
7/4271.png;6;1;0;0
7/4272.png;6;1;0;0
7/4273.png;6;1;0;0
7/4274.png;6;1;0;0
7/4275.png;6;1;0;0
7/4276.png;6;1;0;0
7/4277.png;6;1;0;0
7/4278.png;6;1;0;0
7/4279.png;6;1;0;0
7/4280.png;6;1;0;0
7/4281.png;6;1;0;0
7/4282.png;6;1;0;0
7/4283.png;6;1;0;0
7/4284.png;6;1;0;0
7/4285.png;6;1;0;0
7/4286.png;6;1;0;0
7/4287.png;6;1;0;0
7/4288.png;6;1;0;0
7/4289.png;6;1;0;0
7/4290.png;6;1;0;0
7/4291.png;6;1;0;0
7/4292.png;6;1;0;0
7/4293.png;6;1;0;0
7/4294.png;6;1;0;0
7/4295.png;6;1;0;0
7/4296.png;6;1;0;0
7/4297.png;6;1;0;0
7/4298.png;6;1;0;0
7/4299.png;6;1;0;0
7/4300.png;6;1;0;0
7/4301.png;6;1;0;0
7/4302.png;6;1;0;0
7/4303.png;6;1;0;0
7/4304.png;6;1;0;0
7/4305.png;6;1;0;0
7/4306.png;6;1;0;0
7/4307.png;6;1;0;0
7/4308.png;6;1;0;0
7/4309.png;6;1;0;0
7/4310.png;6;1;0;0
7/4311.png;6;1;0;0
7/4312.png;6;1;0;0
7/4313.png;6;1;0;0
7/4314.png;6;1;0;0
7/4315.png;6;1;0;0
7/4316.png;6;1;0;0
7/4317.png;6;1;0;0
7/4318.png;6;1;0;0
7/4319.png;6;1;0;0
7/4320.png;6;1;0;0
7/4321.png;6;1;0;0
7/4322.png;6;1;0;0
7/4323.png;6;1;0;0
7/4324.png;6;1;0;0
7/4325.png;6;1;0;0
7/4326.png;6;1;0;0
7/4327.png;6;1;0;0
7/4328.png;6;1;0;0
7/4329.png;6;1;0;0
7/4330.png;6;1;0;0
7/4331.png;6;1;0;0
7/4332.png;6;1;0;0
7/4333.png;6;1;0;0
7/4334.png;6;1;0;0
7/4335.png;6;1;0;0
7/4336.png;6;1;0;0
7/4337.png;6;1;0;0
7/4338.png;6;1;0;0
7/4339.png;6;1;0;0
7/4340.png;6;1;0;0
7/4341.png;6;1;0;0
7/4342.png;6;1;0;0
7/4343.png;6;1;0;0
7/4344.png;6;1;0;0
7/4345.png;6;1;0;0
7/4346.png;6;1;0;0
7/4347.png;6;1;0;0
7/4348.png;6;1;0;0
7/4349.png;6;1;0;0
7/4350.png;6;1;0;0
7/4351.png;6;1;0;0
7/4352.png;6;1;0;0
7/4353.png;6;1;0;0
7/4354.png;6;1;0;0
7/4355.png;6;1;0;0
7/4356.png;6;1;0;0
7/4357.png;6;1;0;0
7/4358.png;6;1;0;0
7/4359.png;6;1;0;0
7/4360.png;6;1;0;0
7/4361.png;6;1;0;0
7/4362.png;6;1;0;0
7/4363.png;6;1;0;0
7/4364.png;6;1;0;0
7/4365.png;6;1;0;0
7/4366.png;6;1;0;0
7/4367.png;6;1;0;0
7/4368.png;6;1;0;0
7/4369.png;6;1;0;0
7/4370.png;6;1;0;0
7/4371.png;6;1;0;0
7/4372.png;6;1;0;0
7/4373.png;6;1;0;0
7/4374.png;6;1;0;0
7/4375.png;6;1;0;0
7/4376.png;6;1;0;0
7/4377.png;6;1;0;0
7/4378.png;6;1;0;0
7/4379.png;6;1;0;0
7/4380.png;6;1;0;0
7/4381.png;6;1;0;0
7/4382.png;6;1;0;0
7/4383.png;6;1;0;0
7/4384.png;6;1;0;0
7/4385.png;6;1;0;0
7/4386.png;6;1;0;0
7/4387.png;6;1;0;0
7/4388.png;6;1;0;0
7/4389.png;6;1;0;0
7/4390.png;6;1;0;0
7/4391.png;6;1;0;0
7/4392.png;6;1;0;0
7/4393.png;6;1;0;0
7/4394.png;6;1;0;0
7/4395.png;6;1;0;0
7/4396.png;6;1;0;0
7/4397.png;6;1;0;0
7/4398.png;6;1;0;0
7/4399.png;6;1;0;0
7/4400.png;6;1;0;0
7/4401.png;6;1;0;0
7/4402.png;6;1;0;0
7/4403.png;6;1;0;0
7/4404.png;6;1;0;0
7/4405.png;6;1;0;0
7/4406.png;6;1;0;0
7/4407.png;6;1;0;0
7/4408.png;6;1;0;0
7/4409.png;6;1;0;0
7/4410.png;6;1;0;0
7/4411.png;6;1;0;0
7/4412.png;6;1;0;0
7/4413.png;6;1;0;0
7/4414.png;6;1;0;0
7/4415.png;6;1;0;0
7/4416.png;6;1;0;0
7/4417.png;6;1;0;0
7/4418.png;6;1;0;0
7/4419.png;6;1;0;0
7/4420.png;6;1;0;0
7/4421.png;6;1;0;0
7/4422.png;6;1;0;0
7/4423.png;6;1;0;0
7/4424.png;6;1;0;0
7/4425.png;6;1;0;0
7/4426.png;6;1;0;0
7/4427.png;6;1;0;0
7/4428.png;6;1;0;0
7/4429.png;6;1;0;0
7/4430.png;6;1;0;0
7/4431.png;6;1;0;0
7/4432.png;6;1;0;0
7/4433.png;6;1;0;0
7/4434.png;6;1;0;0
7/4435.png;6;1;0;0
7/4436.png;6;1;0;0
7/4437.png;6;1;0;0
7/4438.png;6;1;0;0
7/4439.png;6;1;0;0
7/4440.png;6;1;0;0
7/4441.png;6;1;0;0
7/4442.png;6;1;0;0
7/4443.png;6;1;0;0
7/4444.png;6;1;0;0
7/4445.png;6;1;0;0
7/4446.png;6;1;0;0
7/4447.png;6;1;0;0
7/4448.png;6;1;0;0
7/4449.png;6;1;0;0
7/4450.png;6;1;0;0
7/4451.png;6;1;0;0
7/4452.png;6;1;0;0
7/4453.png;6;1;0;0
7/4454.png;6;1;0;0
7/4455.png;6;1;0;0
7/4456.png;6;1;0;0
7/4457.png;6;1;0;0
7/4458.png;6;1;0;0
7/4459.png;6;1;0;0
7/4460.png;6;1;0;0
7/4461.png;6;1;0;0
7/4462.png;6;1;0;0
7/4463.png;6;1;0;0
7/4464.png;6;1;0;0
7/4465.png;6;1;0;0
7/4466.png;6;1;0;0
7/4467.png;6;1;0;0
7/4468.png;6;1;0;0
7/4469.png;6;1;0;0
7/4470.png;6;1;0;0
7/4471.png;6;1;0;0
7/4472.png;6;1;0;0
7/4473.png;6;1;0;0
7/4474.png;6;1;0;0
7/4475.png;6;1;0;0
7/4476.png;6;1;0;0
7/4477.png;6;1;0;0
7/4478.png;6;1;0;0
7/4479.png;6;1;0;0
7/4480.png;6;1;0;0
7/4481.png;6;1;0;0
7/4482.png;6;1;0;0
7/4483.png;6;1;0;0
7/4484.png;6;1;0;0
7/4485.png;6;1;0;0
7/4486.png;6;1;0;0
7/4487.png;6;1;0;0
7/4488.png;6;1;0;0
7/4489.png;6;1;0;0
7/4490.png;6;1;0;0
7/4491.png;6;1;0;0
7/4492.png;6;1;0;0
7/4493.png;6;1;0;0
7/4494.png;6;1;0;0
7/4495.png;6;1;0;0
7/4496.png;6;1;0;0
7/4497.png;6;1;0;0
7/4498.png;6;1;0;0
7/4499.png;6;1;0;0
7/4500.png;6;1;0;0
7/4501.png;6;1;0;0
7/4502.png;6;1;0;0
7/4503.png;6;1;0;0
7/4504.png;6;1;0;0
7/4505.png;6;1;0;0
7/4506.png;6;1;0;0
7/4507.png;6;1;0;0
7/4508.png;6;1;0;0
7/4509.png;6;1;0;0
7/4510.png;6;1;0;0
7/4511.png;6;1;0;0
7/4512.png;6;1;0;0
7/4513.png;6;1;0;0
7/4514.png;6;1;0;0
7/4515.png;6;1;0;0
7/4516.png;6;1;0;0
7/4517.png;6;1;0;0
7/4518.png;6;1;0;0
7/4519.png;6;1;0;0
7/4520.png;6;1;0;0
7/4521.png;6;1;0;0
7/4522.png;6;1;0;0
7/4523.png;6;1;0;0
7/4524.png;6;1;0;0
7/4525.png;6;1;0;0
7/4526.png;6;1;0;0
7/4527.png;6;1;0;0
7/4528.png;6;1;0;0
7/4529.png;6;1;0;0
7/4530.png;6;1;0;0
7/4531.png;6;1;0;0
7/4532.png;6;1;0;0
7/4533.png;6;1;0;0
7/4534.png;6;1;0;0
7/4535.png;6;1;0;0
7/4536.png;6;1;0;0
7/4537.png;6;1;0;0
7/4538.png;6;1;0;0
7/4539.png;6;1;0;0
7/4540.png;6;1;0;0
7/4541.png;6;1;0;0
7/4542.png;6;1;0;0
7/4543.png;6;1;0;0
7/4544.png;6;1;0;0
7/4545.png;6;1;0;0
7/4546.png;6;1;0;0
7/4547.png;6;1;0;0
7/4548.png;6;1;0;0
7/4549.png;6;1;0;0
7/4550.png;6;1;0;0
7/4551.png;6;1;0;0
7/4552.png;6;1;0;0
7/4553.png;6;1;0;0
7/4554.png;6;1;0;0
7/4555.png;6;1;0;0
7/4556.png;6;1;0;0
7/4557.png;6;1;0;0
7/4558.png;6;1;0;0
7/4559.png;6;1;0;0
7/4560.png;6;1;0;0
7/4561.png;6;1;0;0
7/4562.png;6;1;0;0
7/4563.png;6;1;0;0
7/4564.png;6;1;0;0
7/4565.png;6;1;0;0
7/4566.png;6;1;0;0
7/4567.png;6;1;0;0
7/4568.png;6;1;0;0
7/4569.png;6;1;0;0
7/4570.png;6;1;0;0
7/4571.png;6;1;0;0
7/4572.png;6;1;0;0
7/4573.png;6;1;0;0
7/4574.png;6;1;0;0
7/4575.png;6;1;0;0
7/4576.png;6;1;0;0
7/4577.png;6;1;0;0
7/4578.png;6;1;0;0
7/4579.png;6;1;0;0
7/4580.png;6;1;0;0
7/4581.png;6;1;0;0
7/4582.png;6;1;0;0
7/4583.png;6;1;0;0
7/4584.png;6;1;0;0
7/4585.png;6;1;0;0
7/4586.png;6;1;0;0
7/4587.png;6;1;0;0
7/4588.png;6;1;0;0
7/4589.png;6;1;0;0
7/4590.png;6;1;0;0
7/4591.png;6;1;0;0
7/4592.png;6;1;0;0
7/4593.png;6;1;0;0
7/4594.png;6;1;0;0
7/4595.png;6;1;0;0
7/4596.png;6;1;0;0
7/4597.png;6;1;0;0
7/4598.png;6;1;0;0
7/4599.png;6;1;0;0
7/4600.png;6;1;0;0
7/4601.png;6;1;0;0
7/4602.png;6;1;0;0
7/4603.png;6;1;0;0
7/4604.png;6;1;0;0
7/4605.png;6;1;0;0
7/4606.png;6;1;0;0
7/4607.png;6;1;0;0
7/4608.png;6;1;0;0
7/4609.png;6;1;0;0
7/4610.png;6;1;0;0
7/4611.png;6;1;0;0
7/4612.png;6;1;0;0
7/4613.png;6;1;0;0
7/4614.png;6;1;0;0
7/4615.png;6;1;0;0
7/4616.png;6;1;0;0
7/4617.png;6;1;0;0
7/4618.png;6;1;0;0
7/4619.png;6;1;0;0
7/4620.png;6;1;0;0
7/4621.png;6;1;0;0
7/4622.png;6;1;0;0
7/4623.png;6;1;0;0
7/4624.png;6;1;0;0
7/4625.png;6;1;0;0
7/4626.png;6;1;0;0
7/4627.png;6;1;0;0
7/4628.png;6;1;0;0
7/4629.png;6;1;0;0
7/4630.png;6;1;0;0
7/4631.png;6;1;0;0
7/4632.png;6;1;0;0
7/4633.png;6;1;0;0
7/4634.png;6;1;0;0
7/4635.png;6;1;0;0
7/4636.png;6;1;0;0
7/4637.png;6;1;0;0
7/4638.png;6;1;0;0
7/4639.png;6;1;0;0
7/4640.png;6;1;0;0
7/4641.png;6;1;0;0
7/4642.png;6;1;0;0
7/4643.png;6;1;0;0
7/4644.png;6;1;0;0
7/4645.png;6;1;0;0
7/4646.png;6;1;0;0
7/4647.png;6;1;0;0
7/4648.png;6;1;0;0
7/4649.png;6;1;0;0
7/4650.png;6;1;0;0
7/4651.png;6;1;0;0
7/4652.png;6;1;0;0
7/4653.png;6;1;0;0
7/4654.png;6;1;0;0
7/4655.png;6;1;0;0
7/4656.png;6;1;0;0
7/4657.png;6;1;0;0
7/4658.png;6;1;0;0
7/4659.png;6;1;0;0
7/4660.png;6;1;0;0
7/4661.png;6;1;0;0
7/4662.png;6;1;0;0
7/4663.png;6;1;0;0
7/4664.png;6;1;0;0
7/4665.png;6;1;0;0
7/4666.png;6;1;0;0
7/4667.png;6;1;0;0
7/4668.png;6;1;0;0
7/4669.png;6;1;0;0
7/4670.png;6;1;0;0
7/4671.png;6;1;0;0
7/4672.png;6;1;0;0
7/4673.png;6;1;0;0
7/4674.png;6;1;0;0
7/4675.png;6;1;0;0
7/4676.png;6;1;0;0
7/4677.png;6;1;0;0
7/4678.png;6;1;0;0
7/4679.png;6;1;0;0
7/4680.png;6;1;0;0
7/4681.png;6;1;0;0
7/4682.png;6;1;0;0
7/4683.png;6;1;0;0
7/4684.png;6;1;0;0
7/4685.png;6;1;0;0
7/4686.png;6;1;0;0
7/4687.png;6;1;0;0
7/4688.png;6;1;0;0
7/4689.png;6;1;0;0
7/4690.png;6;1;0;0
7/4691.png;6;1;0;0
7/4692.png;6;1;0;0
7/4693.png;6;1;0;0
7/4694.png;6;1;0;0
7/4695.png;6;1;0;0
7/4696.png;6;1;0;0
7/4697.png;6;1;0;0
7/4698.png;6;1;0;0
7/4699.png;6;1;0;0
7/4700.png;6;1;0;0
7/4701.png;6;1;0;0
7/4702.png;6;1;0;0
7/4703.png;6;1;0;0
7/4704.png;6;1;0;0
7/4705.png;6;1;0;0
7/4706.png;6;1;0;0
7/4707.png;6;1;0;0
7/4708.png;6;1;0;0
7/4709.png;6;1;0;0
7/4710.png;6;1;0;0
7/4711.png;6;1;0;0
7/4712.png;6;1;0;0
7/4713.png;6;1;0;0
7/4714.png;6;1;0;0
7/4715.png;6;1;0;0
7/4716.png;6;1;0;0
7/4717.png;6;1;0;0
7/4718.png;6;1;0;0
7/4719.png;6;1;0;0
7/4720.png;6;1;0;0
7/4721.png;6;1;0;0
7/4722.png;6;1;0;0
7/4723.png;6;1;0;0
7/4724.png;6;1;0;0
7/4725.png;6;1;0;0
7/4726.png;6;1;0;0
7/4727.png;6;1;0;0
7/4728.png;6;1;0;0
7/4729.png;6;1;0;0
7/4730.png;6;1;0;0
7/4731.png;6;1;0;0
7/4732.png;6;1;0;0
7/4733.png;6;1;0;0
7/4734.png;6;1;0;0
7/4735.png;6;1;0;0
7/4736.png;6;1;0;0
7/4737.png;6;1;0;0
7/4738.png;6;1;0;0
7/4739.png;6;1;0;0
7/4740.png;6;1;0;0
7/4741.png;6;1;0;0
7/4742.png;6;1;0;0
7/4743.png;6;1;0;0
7/4744.png;6;1;0;0
7/4745.png;6;1;0;0
7/4746.png;6;1;0;0
7/4747.png;6;1;0;0
7/4748.png;6;1;0;0
7/4749.png;6;1;0;0
7/4750.png;6;1;0;0
7/4751.png;6;1;0;0
7/4752.png;6;1;0;0
7/4753.png;6;1;0;0
7/4754.png;6;1;0;0
7/4755.png;6;1;0;0
7/4756.png;6;1;0;0
7/4757.png;6;1;0;0
7/4758.png;6;1;0;0
7/4759.png;6;1;0;0
7/4760.png;6;1;0;0
7/4761.png;6;1;0;0
7/4762.png;6;1;0;0
7/4763.png;6;1;0;0
7/4764.png;6;1;0;0
7/4765.png;6;1;0;0
7/4766.png;6;1;0;0
7/4767.png;6;1;0;0
7/4768.png;6;1;0;0
7/4769.png;6;1;0;0
7/4770.png;6;1;0;0
7/4771.png;6;1;0;0
7/4772.png;6;1;0;0
7/4773.png;6;1;0;0
7/4774.png;6;1;0;0
7/4775.png;6;1;0;0
7/4776.png;6;1;0;0
7/4777.png;6;1;0;0
7/4778.png;6;1;0;0
7/4779.png;6;1;0;0
7/4780.png;6;1;0;0
7/4781.png;6;1;0;0
7/4782.png;6;1;0;0
7/4783.png;6;1;0;0
7/4784.png;6;1;0;0
7/4785.png;6;1;0;0
7/4786.png;6;1;0;0
7/4787.png;6;1;0;0
7/4788.png;6;1;0;0
7/4789.png;6;1;0;0
7/4790.png;6;1;0;0
7/4791.png;6;1;0;0
7/4792.png;6;1;0;0
7/4793.png;6;1;0;0
7/4794.png;6;1;0;0
7/4795.png;6;1;0;0
7/4796.png;6;1;0;0
7/4797.png;6;1;0;0
7/4798.png;6;1;0;0
7/4799.png;6;1;0;0
7/4800.png;6;1;0;0
7/4801.png;6;1;0;0
7/4802.png;6;1;0;0
7/4803.png;6;1;0;0
7/4804.png;6;1;0;0
7/4805.png;6;1;0;0
7/4806.png;6;1;0;0
7/4807.png;6;1;0;0
7/4808.png;6;1;0;0
7/4809.png;6;1;0;0
7/4810.png;6;1;0;0
7/4811.png;6;1;0;0
7/4812.png;6;1;0;0
7/4813.png;6;1;0;0
7/4814.png;6;1;0;0
7/4815.png;6;1;0;0
7/4816.png;6;1;0;0
7/4817.png;6;1;0;0
7/4818.png;6;1;0;0
7/4819.png;6;1;0;0
7/4820.png;6;1;0;0
7/4821.png;6;1;0;0
7/4822.png;6;1;0;0
7/4823.png;6;1;0;0
7/4824.png;6;1;0;0
7/4825.png;6;1;0;0
7/4826.png;6;1;0;0
7/4827.png;6;1;0;0
7/4828.png;6;1;0;0
7/4829.png;6;1;0;0
7/4830.png;6;1;0;0
7/4831.png;6;1;0;0
7/4832.png;6;1;0;0
7/4833.png;6;1;0;0
7/4834.png;6;1;0;0
7/4835.png;6;1;0;0
7/4836.png;6;1;0;0
7/4837.png;6;1;0;0
7/4838.png;6;1;0;0
7/4839.png;6;1;0;0
7/4840.png;6;1;0;0
7/4841.png;6;1;0;0
7/4842.png;6;1;0;0
7/4843.png;6;1;0;0
7/4844.png;6;1;0;0
7/4845.png;6;1;0;0
7/4846.png;6;1;0;0
7/4847.png;6;1;0;0
7/4848.png;6;1;0;0
7/4849.png;6;1;0;0
7/4850.png;6;1;0;0
7/4851.png;6;1;0;0
7/4852.png;6;1;0;0
7/4853.png;6;1;0;0
7/4854.png;6;1;0;0
7/4855.png;6;1;0;0
7/4856.png;6;1;0;0
7/4857.png;6;1;0;0
7/4858.png;6;1;0;0
7/4859.png;6;1;0;0
7/4860.png;6;1;0;0
7/4861.png;6;1;0;0
7/4862.png;6;1;0;0
7/4863.png;6;1;0;0
7/4864.png;6;1;0;0
7/4865.png;6;1;0;0
7/4866.png;6;1;0;0
7/4867.png;6;1;0;0
7/4868.png;6;1;0;0
7/4869.png;6;1;0;0
7/4870.png;6;1;0;0
7/4871.png;6;1;0;0
7/4872.png;6;1;0;0
7/4873.png;6;1;0;0
7/4874.png;6;1;0;0
7/4875.png;6;1;0;0
7/4876.png;6;1;0;0
7/4877.png;6;1;0;0
7/4878.png;6;1;0;0
7/4879.png;6;1;0;0
7/4880.png;6;1;0;0
7/4881.png;6;1;0;0
7/4882.png;6;1;0;0
7/4883.png;6;1;0;0
7/4884.png;6;1;0;0
7/4885.png;6;1;0;0
7/4886.png;6;1;0;0
7/4887.png;6;1;0;0
7/4888.png;6;1;0;0
7/4889.png;6;1;0;0
7/4890.png;6;1;0;0
7/4891.png;6;1;0;0
7/4892.png;6;1;0;0
7/4893.png;6;1;0;0
7/4894.png;6;1;0;0
7/4895.png;6;1;0;0
7/4896.png;6;1;0;0
7/4897.png;6;1;0;0
7/4898.png;6;1;0;0
7/4899.png;6;1;0;0
7/4900.png;6;1;0;0
7/4901.png;6;1;0;0
7/4902.png;6;1;0;0
7/4903.png;6;1;0;0
7/4904.png;6;1;0;0
7/4905.png;6;1;0;0
7/4906.png;6;1;0;0
7/4907.png;6;1;0;0
7/4908.png;6;1;0;0
7/4909.png;6;1;0;0
7/4910.png;6;1;0;0
7/4911.png;6;1;0;0
7/4912.png;6;1;0;0
7/4913.png;6;1;0;0
7/4914.png;6;1;0;0
7/4915.png;6;1;0;0
7/4916.png;6;1;0;0
7/4917.png;6;1;0;0
7/4918.png;6;1;0;0
7/4919.png;6;1;0;0
7/4920.png;6;1;0;0
7/4921.png;6;1;0;0
7/4922.png;6;1;0;0
7/4923.png;6;1;0;0
7/4924.png;6;1;0;0
7/4925.png;6;1;0;0
7/4926.png;6;1;0;0
7/4927.png;6;1;0;0
7/4928.png;6;1;0;0
7/4929.png;6;1;0;0
7/4930.png;6;1;0;0
7/4931.png;6;1;0;0
7/4932.png;6;1;0;0
7/4933.png;6;1;0;0
7/4934.png;6;1;0;0
7/4935.png;6;1;0;0
7/4936.png;6;1;0;0
7/4937.png;6;1;0;0
7/4938.png;6;1;0;0
7/4939.png;6;1;0;0
7/4940.png;6;1;0;0
7/4941.png;6;1;0;0
7/4942.png;6;1;0;0
7/4943.png;6;1;0;0
7/4944.png;6;1;0;0
7/4945.png;6;1;0;0
7/4946.png;6;1;0;0
7/4947.png;6;1;0;0
7/4948.png;6;1;0;0
7/4949.png;6;1;0;0
7/4950.png;6;1;0;0
7/4951.png;6;1;0;0
7/4952.png;6;1;0;0
7/4953.png;6;1;0;0
7/4954.png;6;1;0;0
7/4955.png;6;1;0;0
7/4956.png;6;1;0;0
7/4957.png;6;1;0;0
7/4958.png;6;1;0;0
7/4959.png;6;1;0;0
7/4960.png;6;1;0;0
7/4961.png;6;1;0;0
7/4962.png;6;1;0;0
7/4963.png;6;1;0;0
7/4964.png;6;1;0;0
7/4965.png;6;1;0;0
7/4966.png;6;1;0;0
7/4967.png;6;1;0;0
7/4968.png;6;1;0;0
7/4969.png;6;1;0;0
7/4970.png;6;1;0;0
7/4971.png;6;1;0;0
7/4972.png;6;1;0;0
7/4973.png;6;1;0;0
7/4974.png;6;1;0;0
7/4975.png;6;1;0;0
7/4976.png;6;1;0;0
7/4977.png;6;1;0;0
7/4978.png;6;1;0;0
7/4979.png;6;1;0;0
7/4980.png;6;1;0;0
7/4981.png;6;1;0;0
7/4982.png;6;1;0;0
7/4983.png;6;1;0;0
7/4984.png;6;1;0;0
7/4985.png;6;1;0;0
7/4986.png;6;1;0;0
7/4987.png;6;1;0;0
7/4988.png;6;1;0;0
7/4989.png;6;1;0;0
7/4990.png;6;1;0;0
7/4991.png;6;1;0;0
7/4992.png;6;1;0;0
7/4993.png;6;1;0;0
7/4994.png;6;1;0;0
7/4995.png;6;1;0;0
7/4996.png;6;1;0;0
7/4997.png;6;1;0;0
7/4998.png;6;1;0;0
7/4999.png;6;1;0;0
7/5000.png;6;1;0;0
8/0001.png;7;1;0;0
8/0002.png;7;1;0;0
8/0003.png;7;1;0;0
8/0004.png;7;1;0;0
8/0005.png;7;1;0;0
8/0006.png;7;1;0;0
8/0007.png;7;1;0;0
8/0008.png;7;1;0;0
8/0009.png;7;1;0;0
8/0010.png;7;1;0;0
8/0011.png;7;1;0;0
8/0012.png;7;1;0;0
8/0013.png;7;1;0;0
8/0014.png;7;1;0;0
8/0015.png;7;1;0;0
8/0016.png;7;1;0;0
8/0017.png;7;1;0;0
8/0018.png;7;1;0;0
8/0019.png;7;1;0;0
8/0020.png;7;1;0;0
8/0021.png;7;1;0;0
8/0022.png;7;1;0;0
8/0023.png;7;1;0;0
8/0024.png;7;1;0;0
8/0025.png;7;1;0;0
8/0026.png;7;1;0;0
8/0027.png;7;1;0;0
8/0028.png;7;1;0;0
8/0029.png;7;1;0;0
8/0030.png;7;1;0;0
8/0031.png;7;1;0;0
8/0032.png;7;1;0;0
8/0033.png;7;1;0;0
8/0034.png;7;1;0;0
8/0035.png;7;1;0;0
8/0036.png;7;1;0;0
8/0037.png;7;1;0;0
8/0038.png;7;1;0;0
8/0039.png;7;1;0;0
8/0040.png;7;1;0;0
8/0041.png;7;1;0;0
8/0042.png;7;1;0;0
8/0043.png;7;1;0;0
8/0044.png;7;1;0;0
8/0045.png;7;1;0;0
8/0046.png;7;1;0;0
8/0047.png;7;1;0;0
8/0048.png;7;1;0;0
8/0049.png;7;1;0;0
8/0050.png;7;1;0;0
8/0051.png;7;1;0;0
8/0052.png;7;1;0;0
8/0053.png;7;1;0;0
8/0054.png;7;1;0;0
8/0055.png;7;1;0;0
8/0056.png;7;1;0;0
8/0057.png;7;1;0;0
8/0058.png;7;1;0;0
8/0059.png;7;1;0;0
8/0060.png;7;1;0;0
8/0061.png;7;1;0;0
8/0062.png;7;1;0;0
8/0063.png;7;1;0;0
8/0064.png;7;1;0;0
8/0065.png;7;1;0;0
8/0066.png;7;1;0;0
8/0067.png;7;1;0;0
8/0068.png;7;1;0;0
8/0069.png;7;1;0;0
8/0070.png;7;1;0;0
8/0071.png;7;1;0;0
8/0072.png;7;1;0;0
8/0073.png;7;1;0;0
8/0074.png;7;1;0;0
8/0075.png;7;1;0;0
8/0076.png;7;1;0;0
8/0077.png;7;1;0;0
8/0078.png;7;1;0;0
8/0079.png;7;1;0;0
8/0080.png;7;1;0;0
8/0081.png;7;1;0;0
8/0082.png;7;1;0;0
8/0083.png;7;1;0;0
8/0084.png;7;1;0;0
8/0085.png;7;1;0;0
8/0086.png;7;1;0;0
8/0087.png;7;1;0;0
8/0088.png;7;1;0;0
8/0089.png;7;1;0;0
8/0090.png;7;1;0;0
8/0091.png;7;1;0;0
8/0092.png;7;1;0;0
8/0093.png;7;1;0;0
8/0094.png;7;1;0;0
8/0095.png;7;1;0;0
8/0096.png;7;1;0;0
8/0097.png;7;1;0;0
8/0098.png;7;1;0;0
8/0099.png;7;1;0;0
8/0100.png;7;1;0;0
8/0101.png;7;1;0;0
8/0102.png;7;1;0;0
8/0103.png;7;1;0;0
8/0104.png;7;1;0;0
8/0105.png;7;1;0;0
8/0106.png;7;1;0;0
8/0107.png;7;1;0;0
8/0108.png;7;1;0;0
8/0109.png;7;1;0;0
8/0110.png;7;1;0;0
8/0111.png;7;1;0;0
8/0112.png;7;1;0;0
8/0113.png;7;1;0;0
8/0114.png;7;1;0;0
8/0115.png;7;1;0;0
8/0116.png;7;1;0;0
8/0117.png;7;1;0;0
8/0118.png;7;1;0;0
8/0119.png;7;1;0;0
8/0120.png;7;1;0;0
8/0121.png;7;1;0;0
8/0122.png;7;1;0;0
8/0123.png;7;1;0;0
8/0124.png;7;1;0;0
8/0125.png;7;1;0;0
8/0126.png;7;1;0;0
8/0127.png;7;1;0;0
8/0128.png;7;1;0;0
8/0129.png;7;1;0;0
8/0130.png;7;1;0;0
8/0131.png;7;1;0;0
8/0132.png;7;1;0;0
8/0133.png;7;1;0;0
8/0134.png;7;1;0;0
8/0135.png;7;1;0;0
8/0136.png;7;1;0;0
8/0137.png;7;1;0;0
8/0138.png;7;1;0;0
8/0139.png;7;1;0;0
8/0140.png;7;1;0;0
8/0141.png;7;1;0;0
8/0142.png;7;1;0;0
8/0143.png;7;1;0;0
8/0144.png;7;1;0;0
8/0145.png;7;1;0;0
8/0146.png;7;1;0;0
8/0147.png;7;1;0;0
8/0148.png;7;1;0;0
8/0149.png;7;1;0;0
8/0150.png;7;1;0;0
8/0151.png;7;1;0;0
8/0152.png;7;1;0;0
8/0153.png;7;1;0;0
8/0154.png;7;1;0;0
8/0155.png;7;1;0;0
8/0156.png;7;1;0;0
8/0157.png;7;1;0;0
8/0158.png;7;1;0;0
8/0159.png;7;1;0;0
8/0160.png;7;1;0;0
8/0161.png;7;1;0;0
8/0162.png;7;1;0;0
8/0163.png;7;1;0;0
8/0164.png;7;1;0;0
8/0165.png;7;1;0;0
8/0166.png;7;1;0;0
8/0167.png;7;1;0;0
8/0168.png;7;1;0;0
8/0169.png;7;1;0;0
8/0170.png;7;1;0;0
8/0171.png;7;1;0;0
8/0172.png;7;1;0;0
8/0173.png;7;1;0;0
8/0174.png;7;1;0;0
8/0175.png;7;1;0;0
8/0176.png;7;1;0;0
8/0177.png;7;1;0;0
8/0178.png;7;1;0;0
8/0179.png;7;1;0;0
8/0180.png;7;1;0;0
8/0181.png;7;1;0;0
8/0182.png;7;1;0;0
8/0183.png;7;1;0;0
8/0184.png;7;1;0;0
8/0185.png;7;1;0;0
8/0186.png;7;1;0;0
8/0187.png;7;1;0;0
8/0188.png;7;1;0;0
8/0189.png;7;1;0;0
8/0190.png;7;1;0;0
8/0191.png;7;1;0;0
8/0192.png;7;1;0;0
8/0193.png;7;1;0;0
8/0194.png;7;1;0;0
8/0195.png;7;1;0;0
8/0196.png;7;1;0;0
8/0197.png;7;1;0;0
8/0198.png;7;1;0;0
8/0199.png;7;1;0;0
8/0200.png;7;1;0;0
8/0201.png;7;1;0;0
8/0202.png;7;1;0;0
8/0203.png;7;1;0;0
8/0204.png;7;1;0;0
8/0205.png;7;1;0;0
8/0206.png;7;1;0;0
8/0207.png;7;1;0;0
8/0208.png;7;1;0;0
8/0209.png;7;1;0;0
8/0210.png;7;1;0;0
8/0211.png;7;1;0;0
8/0212.png;7;1;0;0
8/0213.png;7;1;0;0
8/0214.png;7;1;0;0
8/0215.png;7;1;0;0
8/0216.png;7;1;0;0
8/0217.png;7;1;0;0
8/0218.png;7;1;0;0
8/0219.png;7;1;0;0
8/0220.png;7;1;0;0
8/0221.png;7;1;0;0
8/0222.png;7;1;0;0
8/0223.png;7;1;0;0
8/0224.png;7;1;0;0
8/0225.png;7;1;0;0
8/0226.png;7;1;0;0
8/0227.png;7;1;0;0
8/0228.png;7;1;0;0
8/0229.png;7;1;0;0
8/0230.png;7;1;0;0
8/0231.png;7;1;0;0
8/0232.png;7;1;0;0
8/0233.png;7;1;0;0
8/0234.png;7;1;0;0
8/0235.png;7;1;0;0
8/0236.png;7;1;0;0
8/0237.png;7;1;0;0
8/0238.png;7;1;0;0
8/0239.png;7;1;0;0
8/0240.png;7;1;0;0
8/0241.png;7;1;0;0
8/0242.png;7;1;0;0
8/0243.png;7;1;0;0
8/0244.png;7;1;0;0
8/0245.png;7;1;0;0
8/0246.png;7;1;0;0
8/0247.png;7;1;0;0
8/0248.png;7;1;0;0
8/0249.png;7;1;0;0
8/0250.png;7;1;0;0
8/0251.png;7;1;0;0
8/0252.png;7;1;0;0
8/0253.png;7;1;0;0
8/0254.png;7;1;0;0
8/0255.png;7;1;0;0
8/0256.png;7;1;0;0
8/0257.png;7;1;0;0
8/0258.png;7;1;0;0
8/0259.png;7;1;0;0
8/0260.png;7;1;0;0
8/0261.png;7;1;0;0
8/0262.png;7;1;0;0
8/0263.png;7;1;0;0
8/0264.png;7;1;0;0
8/0265.png;7;1;0;0
8/0266.png;7;1;0;0
8/0267.png;7;1;0;0
8/0268.png;7;1;0;0
8/0269.png;7;1;0;0
8/0270.png;7;1;0;0
8/0271.png;7;1;0;0
8/0272.png;7;1;0;0
8/0273.png;7;1;0;0
8/0274.png;7;1;0;0
8/0275.png;7;1;0;0
8/0276.png;7;1;0;0
8/0277.png;7;1;0;0
8/0278.png;7;1;0;0
8/0279.png;7;1;0;0
8/0280.png;7;1;0;0
8/0281.png;7;1;0;0
8/0282.png;7;1;0;0
8/0283.png;7;1;0;0
8/0284.png;7;1;0;0
8/0285.png;7;1;0;0
8/0286.png;7;1;0;0
8/0287.png;7;1;0;0
8/0288.png;7;1;0;0
8/0289.png;7;1;0;0
8/0290.png;7;1;0;0
8/0291.png;7;1;0;0
8/0292.png;7;1;0;0
8/0293.png;7;1;0;0
8/0294.png;7;1;0;0
8/0295.png;7;1;0;0
8/0296.png;7;1;0;0
8/0297.png;7;1;0;0
8/0298.png;7;1;0;0
8/0299.png;7;1;0;0
8/0300.png;7;1;0;0
8/0301.png;7;1;0;0
8/0302.png;7;1;0;0
8/0303.png;7;1;0;0
8/0304.png;7;1;0;0
8/0305.png;7;1;0;0
8/0306.png;7;1;0;0
8/0307.png;7;1;0;0
8/0308.png;7;1;0;0
8/0309.png;7;1;0;0
8/0310.png;7;1;0;0
8/0311.png;7;1;0;0
8/0312.png;7;1;0;0
8/0313.png;7;1;0;0
8/0314.png;7;1;0;0
8/0315.png;7;1;0;0
8/0316.png;7;1;0;0
8/0317.png;7;1;0;0
8/0318.png;7;1;0;0
8/0319.png;7;1;0;0
8/0320.png;7;1;0;0
8/0321.png;7;1;0;0
8/0322.png;7;1;0;0
8/0323.png;7;1;0;0
8/0324.png;7;1;0;0
8/0325.png;7;1;0;0
8/0326.png;7;1;0;0
8/0327.png;7;1;0;0
8/0328.png;7;1;0;0
8/0329.png;7;1;0;0
8/0330.png;7;1;0;0
8/0331.png;7;1;0;0
8/0332.png;7;1;0;0
8/0333.png;7;1;0;0
8/0334.png;7;1;0;0
8/0335.png;7;1;0;0
8/0336.png;7;1;0;0
8/0337.png;7;1;0;0
8/0338.png;7;1;0;0
8/0339.png;7;1;0;0
8/0340.png;7;1;0;0
8/0341.png;7;1;0;0
8/0342.png;7;1;0;0
8/0343.png;7;1;0;0
8/0344.png;7;1;0;0
8/0345.png;7;1;0;0
8/0346.png;7;1;0;0
8/0347.png;7;1;0;0
8/0348.png;7;1;0;0
8/0349.png;7;1;0;0
8/0350.png;7;1;0;0
8/0351.png;7;1;0;0
8/0352.png;7;1;0;0
8/0353.png;7;1;0;0
8/0354.png;7;1;0;0
8/0355.png;7;1;0;0
8/0356.png;7;1;0;0
8/0357.png;7;1;0;0
8/0358.png;7;1;0;0
8/0359.png;7;1;0;0
8/0360.png;7;1;0;0
8/0361.png;7;1;0;0
8/0362.png;7;1;0;0
8/0363.png;7;1;0;0
8/0364.png;7;1;0;0
8/0365.png;7;1;0;0
8/0366.png;7;1;0;0
8/0367.png;7;1;0;0
8/0368.png;7;1;0;0
8/0369.png;7;1;0;0
8/0370.png;7;1;0;0
8/0371.png;7;1;0;0
8/0372.png;7;1;0;0
8/0373.png;7;1;0;0
8/0374.png;7;1;0;0
8/0375.png;7;1;0;0
8/0376.png;7;1;0;0
8/0377.png;7;1;0;0
8/0378.png;7;1;0;0
8/0379.png;7;1;0;0
8/0380.png;7;1;0;0
8/0381.png;7;1;0;0
8/0382.png;7;1;0;0
8/0383.png;7;1;0;0
8/0384.png;7;1;0;0
8/0385.png;7;1;0;0
8/0386.png;7;1;0;0
8/0387.png;7;1;0;0
8/0388.png;7;1;0;0
8/0389.png;7;1;0;0
8/0390.png;7;1;0;0
8/0391.png;7;1;0;0
8/0392.png;7;1;0;0
8/0393.png;7;1;0;0
8/0394.png;7;1;0;0
8/0395.png;7;1;0;0
8/0396.png;7;1;0;0
8/0397.png;7;1;0;0
8/0398.png;7;1;0;0
8/0399.png;7;1;0;0
8/0400.png;7;1;0;0
8/0401.png;7;1;0;0
8/0402.png;7;1;0;0
8/0403.png;7;1;0;0
8/0404.png;7;1;0;0
8/0405.png;7;1;0;0
8/0406.png;7;1;0;0
8/0407.png;7;1;0;0
8/0408.png;7;1;0;0
8/0409.png;7;1;0;0
8/0410.png;7;1;0;0
8/0411.png;7;1;0;0
8/0412.png;7;1;0;0
8/0413.png;7;1;0;0
8/0414.png;7;1;0;0
8/0415.png;7;1;0;0
8/0416.png;7;1;0;0
8/0417.png;7;1;0;0
8/0418.png;7;1;0;0
8/0419.png;7;1;0;0
8/0420.png;7;1;0;0
8/0421.png;7;1;0;0
8/0422.png;7;1;0;0
8/0423.png;7;1;0;0
8/0424.png;7;1;0;0
8/0425.png;7;1;0;0
8/0426.png;7;1;0;0
8/0427.png;7;1;0;0
8/0428.png;7;1;0;0
8/0429.png;7;1;0;0
8/0430.png;7;1;0;0
8/0431.png;7;1;0;0
8/0432.png;7;1;0;0
8/0433.png;7;1;0;0
8/0434.png;7;1;0;0
8/0435.png;7;1;0;0
8/0436.png;7;1;0;0
8/0437.png;7;1;0;0
8/0438.png;7;1;0;0
8/0439.png;7;1;0;0
8/0440.png;7;1;0;0
8/0441.png;7;1;0;0
8/0442.png;7;1;0;0
8/0443.png;7;1;0;0
8/0444.png;7;1;0;0
8/0445.png;7;1;0;0
8/0446.png;7;1;0;0
8/0447.png;7;1;0;0
8/0448.png;7;1;0;0
8/0449.png;7;1;0;0
8/0450.png;7;1;0;0
8/0451.png;7;1;0;0
8/0452.png;7;1;0;0
8/0453.png;7;1;0;0
8/0454.png;7;1;0;0
8/0455.png;7;1;0;0
8/0456.png;7;1;0;0
8/0457.png;7;1;0;0
8/0458.png;7;1;0;0
8/0459.png;7;1;0;0
8/0460.png;7;1;0;0
8/0461.png;7;1;0;0
8/0462.png;7;1;0;0
8/0463.png;7;1;0;0
8/0464.png;7;1;0;0
8/0465.png;7;1;0;0
8/0466.png;7;1;0;0
8/0467.png;7;1;0;0
8/0468.png;7;1;0;0
8/0469.png;7;1;0;0
8/0470.png;7;1;0;0
8/0471.png;7;1;0;0
8/0472.png;7;1;0;0
8/0473.png;7;1;0;0
8/0474.png;7;1;0;0
8/0475.png;7;1;0;0
8/0476.png;7;1;0;0
8/0477.png;7;1;0;0
8/0478.png;7;1;0;0
8/0479.png;7;1;0;0
8/0480.png;7;1;0;0
8/0481.png;7;1;0;0
8/0482.png;7;1;0;0
8/0483.png;7;1;0;0
8/0484.png;7;1;0;0
8/0485.png;7;1;0;0
8/0486.png;7;1;0;0
8/0487.png;7;1;0;0
8/0488.png;7;1;0;0
8/0489.png;7;1;0;0
8/0490.png;7;1;0;0
8/0491.png;7;1;0;0
8/0492.png;7;1;0;0
8/0493.png;7;1;0;0
8/0494.png;7;1;0;0
8/0495.png;7;1;0;0
8/0496.png;7;1;0;0
8/0497.png;7;1;0;0
8/0498.png;7;1;0;0
8/0499.png;7;1;0;0
8/0500.png;7;1;0;0
8/0501.png;7;1;0;0
8/0502.png;7;1;0;0
8/0503.png;7;1;0;0
8/0504.png;7;1;0;0
8/0505.png;7;1;0;0
8/0506.png;7;1;0;0
8/0507.png;7;1;0;0
8/0508.png;7;1;0;0
8/0509.png;7;1;0;0
8/0510.png;7;1;0;0
8/0511.png;7;1;0;0
8/0512.png;7;1;0;0
8/0513.png;7;1;0;0
8/0514.png;7;1;0;0
8/0515.png;7;1;0;0
8/0516.png;7;1;0;0
8/0517.png;7;1;0;0
8/0518.png;7;1;0;0
8/0519.png;7;1;0;0
8/0520.png;7;1;0;0
8/0521.png;7;1;0;0
8/0522.png;7;1;0;0
8/0523.png;7;1;0;0
8/0524.png;7;1;0;0
8/0525.png;7;1;0;0
8/0526.png;7;1;0;0
8/0527.png;7;1;0;0
8/0528.png;7;1;0;0
8/0529.png;7;1;0;0
8/0530.png;7;1;0;0
8/0531.png;7;1;0;0
8/0532.png;7;1;0;0
8/0533.png;7;1;0;0
8/0534.png;7;1;0;0
8/0535.png;7;1;0;0
8/0536.png;7;1;0;0
8/0537.png;7;1;0;0
8/0538.png;7;1;0;0
8/0539.png;7;1;0;0
8/0540.png;7;1;0;0
8/0541.png;7;1;0;0
8/0542.png;7;1;0;0
8/0543.png;7;1;0;0
8/0544.png;7;1;0;0
8/0545.png;7;1;0;0
8/0546.png;7;1;0;0
8/0547.png;7;1;0;0
8/0548.png;7;1;0;0
8/0549.png;7;1;0;0
8/0550.png;7;1;0;0
8/0551.png;7;1;0;0
8/0552.png;7;1;0;0
8/0553.png;7;1;0;0
8/0554.png;7;1;0;0
8/0555.png;7;1;0;0
8/0556.png;7;1;0;0
8/0557.png;7;1;0;0
8/0558.png;7;1;0;0
8/0559.png;7;1;0;0
8/0560.png;7;1;0;0
8/0561.png;7;1;0;0
8/0562.png;7;1;0;0
8/0563.png;7;1;0;0
8/0564.png;7;1;0;0
8/0565.png;7;1;0;0
8/0566.png;7;1;0;0
8/0567.png;7;1;0;0
8/0568.png;7;1;0;0
8/0569.png;7;1;0;0
8/0570.png;7;1;0;0
8/0571.png;7;1;0;0
8/0572.png;7;1;0;0
8/0573.png;7;1;0;0
8/0574.png;7;1;0;0
8/0575.png;7;1;0;0
8/0576.png;7;1;0;0
8/0577.png;7;1;0;0
8/0578.png;7;1;0;0
8/0579.png;7;1;0;0
8/0580.png;7;1;0;0
8/0581.png;7;1;0;0
8/0582.png;7;1;0;0
8/0583.png;7;1;0;0
8/0584.png;7;1;0;0
8/0585.png;7;1;0;0
8/0586.png;7;1;0;0
8/0587.png;7;1;0;0
8/0588.png;7;1;0;0
8/0589.png;7;1;0;0
8/0590.png;7;1;0;0
8/0591.png;7;1;0;0
8/0592.png;7;1;0;0
8/0593.png;7;1;0;0
8/0594.png;7;1;0;0
8/0595.png;7;1;0;0
8/0596.png;7;1;0;0
8/0597.png;7;1;0;0
8/0598.png;7;1;0;0
8/0599.png;7;1;0;0
8/0600.png;7;1;0;0
8/0601.png;7;1;0;0
8/0602.png;7;1;0;0
8/0603.png;7;1;0;0
8/0604.png;7;1;0;0
8/0605.png;7;1;0;0
8/0606.png;7;1;0;0
8/0607.png;7;1;0;0
8/0608.png;7;1;0;0
8/0609.png;7;1;0;0
8/0610.png;7;1;0;0
8/0611.png;7;1;0;0
8/0612.png;7;1;0;0
8/0613.png;7;1;0;0
8/0614.png;7;1;0;0
8/0615.png;7;1;0;0
8/0616.png;7;1;0;0
8/0617.png;7;1;0;0
8/0618.png;7;1;0;0
8/0619.png;7;1;0;0
8/0620.png;7;1;0;0
8/0621.png;7;1;0;0
8/0622.png;7;1;0;0
8/0623.png;7;1;0;0
8/0624.png;7;1;0;0
8/0625.png;7;1;0;0
8/0626.png;7;1;0;0
8/0627.png;7;1;0;0
8/0628.png;7;1;0;0
8/0629.png;7;1;0;0
8/0630.png;7;1;0;0
8/0631.png;7;1;0;0
8/0632.png;7;1;0;0
8/0633.png;7;1;0;0
8/0634.png;7;1;0;0
8/0635.png;7;1;0;0
8/0636.png;7;1;0;0
8/0637.png;7;1;0;0
8/0638.png;7;1;0;0
8/0639.png;7;1;0;0
8/0640.png;7;1;0;0
8/0641.png;7;1;0;0
8/0642.png;7;1;0;0
8/0643.png;7;1;0;0
8/0644.png;7;1;0;0
8/0645.png;7;1;0;0
8/0646.png;7;1;0;0
8/0647.png;7;1;0;0
8/0648.png;7;1;0;0
8/0649.png;7;1;0;0
8/0650.png;7;1;0;0
8/0651.png;7;1;0;0
8/0652.png;7;1;0;0
8/0653.png;7;1;0;0
8/0654.png;7;1;0;0
8/0655.png;7;1;0;0
8/0656.png;7;1;0;0
8/0657.png;7;1;0;0
8/0658.png;7;1;0;0
8/0659.png;7;1;0;0
8/0660.png;7;1;0;0
8/0661.png;7;1;0;0
8/0662.png;7;1;0;0
8/0663.png;7;1;0;0
8/0664.png;7;1;0;0
8/0665.png;7;1;0;0
8/0666.png;7;1;0;0
8/0667.png;7;1;0;0
8/0668.png;7;1;0;0
8/0669.png;7;1;0;0
8/0670.png;7;1;0;0
8/0671.png;7;1;0;0
8/0672.png;7;1;0;0
8/0673.png;7;1;0;0
8/0674.png;7;1;0;0
8/0675.png;7;1;0;0
8/0676.png;7;1;0;0
8/0677.png;7;1;0;0
8/0678.png;7;1;0;0
8/0679.png;7;1;0;0
8/0680.png;7;1;0;0
8/0681.png;7;1;0;0
8/0682.png;7;1;0;0
8/0683.png;7;1;0;0
8/0684.png;7;1;0;0
8/0685.png;7;1;0;0
8/0686.png;7;1;0;0
8/0687.png;7;1;0;0
8/0688.png;7;1;0;0
8/0689.png;7;1;0;0
8/0690.png;7;1;0;0
8/0691.png;7;1;0;0
8/0692.png;7;1;0;0
8/0693.png;7;1;0;0
8/0694.png;7;1;0;0
8/0695.png;7;1;0;0
8/0696.png;7;1;0;0
8/0697.png;7;1;0;0
8/0698.png;7;1;0;0
8/0699.png;7;1;0;0
8/0700.png;7;1;0;0
8/0701.png;7;1;0;0
8/0702.png;7;1;0;0
8/0703.png;7;1;0;0
8/0704.png;7;1;0;0
8/0705.png;7;1;0;0
8/0706.png;7;1;0;0
8/0707.png;7;1;0;0
8/0708.png;7;1;0;0
8/0709.png;7;1;0;0
8/0710.png;7;1;0;0
8/0711.png;7;1;0;0
8/0712.png;7;1;0;0
8/0713.png;7;1;0;0
8/0714.png;7;1;0;0
8/0715.png;7;1;0;0
8/0716.png;7;1;0;0
8/0717.png;7;1;0;0
8/0718.png;7;1;0;0
8/0719.png;7;1;0;0
8/0720.png;7;1;0;0
8/0721.png;7;1;0;0
8/0722.png;7;1;0;0
8/0723.png;7;1;0;0
8/0724.png;7;1;0;0
8/0725.png;7;1;0;0
8/0726.png;7;1;0;0
8/0727.png;7;1;0;0
8/0728.png;7;1;0;0
8/0729.png;7;1;0;0
8/0730.png;7;1;0;0
8/0731.png;7;1;0;0
8/0732.png;7;1;0;0
8/0733.png;7;1;0;0
8/0734.png;7;1;0;0
8/0735.png;7;1;0;0
8/0736.png;7;1;0;0
8/0737.png;7;1;0;0
8/0738.png;7;1;0;0
8/0739.png;7;1;0;0
8/0740.png;7;1;0;0
8/0741.png;7;1;0;0
8/0742.png;7;1;0;0
8/0743.png;7;1;0;0
8/0744.png;7;1;0;0
8/0745.png;7;1;0;0
8/0746.png;7;1;0;0
8/0747.png;7;1;0;0
8/0748.png;7;1;0;0
8/0749.png;7;1;0;0
8/0750.png;7;1;0;0
8/0751.png;7;1;0;0
8/0752.png;7;1;0;0
8/0753.png;7;1;0;0
8/0754.png;7;1;0;0
8/0755.png;7;1;0;0
8/0756.png;7;1;0;0
8/0757.png;7;1;0;0
8/0758.png;7;1;0;0
8/0759.png;7;1;0;0
8/0760.png;7;1;0;0
8/0761.png;7;1;0;0
8/0762.png;7;1;0;0
8/0763.png;7;1;0;0
8/0764.png;7;1;0;0
8/0765.png;7;1;0;0
8/0766.png;7;1;0;0
8/0767.png;7;1;0;0
8/0768.png;7;1;0;0
8/0769.png;7;1;0;0
8/0770.png;7;1;0;0
8/0771.png;7;1;0;0
8/0772.png;7;1;0;0
8/0773.png;7;1;0;0
8/0774.png;7;1;0;0
8/0775.png;7;1;0;0
8/0776.png;7;1;0;0
8/0777.png;7;1;0;0
8/0778.png;7;1;0;0
8/0779.png;7;1;0;0
8/0780.png;7;1;0;0
8/0781.png;7;1;0;0
8/0782.png;7;1;0;0
8/0783.png;7;1;0;0
8/0784.png;7;1;0;0
8/0785.png;7;1;0;0
8/0786.png;7;1;0;0
8/0787.png;7;1;0;0
8/0788.png;7;1;0;0
8/0789.png;7;1;0;0
8/0790.png;7;1;0;0
8/0791.png;7;1;0;0
8/0792.png;7;1;0;0
8/0793.png;7;1;0;0
8/0794.png;7;1;0;0
8/0795.png;7;1;0;0
8/0796.png;7;1;0;0
8/0797.png;7;1;0;0
8/0798.png;7;1;0;0
8/0799.png;7;1;0;0
8/0800.png;7;1;0;0
8/0801.png;7;1;0;0
8/0802.png;7;1;0;0
8/0803.png;7;1;0;0
8/0804.png;7;1;0;0
8/0805.png;7;1;0;0
8/0806.png;7;1;0;0
8/0807.png;7;1;0;0
8/0808.png;7;1;0;0
8/0809.png;7;1;0;0
8/0810.png;7;1;0;0
8/0811.png;7;1;0;0
8/0812.png;7;1;0;0
8/0813.png;7;1;0;0
8/0814.png;7;1;0;0
8/0815.png;7;1;0;0
8/0816.png;7;1;0;0
8/0817.png;7;1;0;0
8/0818.png;7;1;0;0
8/0819.png;7;1;0;0
8/0820.png;7;1;0;0
8/0821.png;7;1;0;0
8/0822.png;7;1;0;0
8/0823.png;7;1;0;0
8/0824.png;7;1;0;0
8/0825.png;7;1;0;0
8/0826.png;7;1;0;0
8/0827.png;7;1;0;0
8/0828.png;7;1;0;0
8/0829.png;7;1;0;0
8/0830.png;7;1;0;0
8/0831.png;7;1;0;0
8/0832.png;7;1;0;0
8/0833.png;7;1;0;0
8/0834.png;7;1;0;0
8/0835.png;7;1;0;0
8/0836.png;7;1;0;0
8/0837.png;7;1;0;0
8/0838.png;7;1;0;0
8/0839.png;7;1;0;0
8/0840.png;7;1;0;0
8/0841.png;7;1;0;0
8/0842.png;7;1;0;0
8/0843.png;7;1;0;0
8/0844.png;7;1;0;0
8/0845.png;7;1;0;0
8/0846.png;7;1;0;0
8/0847.png;7;1;0;0
8/0848.png;7;1;0;0
8/0849.png;7;1;0;0
8/0850.png;7;1;0;0
8/0851.png;7;1;0;0
8/0852.png;7;1;0;0
8/0853.png;7;1;0;0
8/0854.png;7;1;0;0
8/0855.png;7;1;0;0
8/0856.png;7;1;0;0
8/0857.png;7;1;0;0
8/0858.png;7;1;0;0
8/0859.png;7;1;0;0
8/0860.png;7;1;0;0
8/0861.png;7;1;0;0
8/0862.png;7;1;0;0
8/0863.png;7;1;0;0
8/0864.png;7;1;0;0
8/0865.png;7;1;0;0
8/0866.png;7;1;0;0
8/0867.png;7;1;0;0
8/0868.png;7;1;0;0
8/0869.png;7;1;0;0
8/0870.png;7;1;0;0
8/0871.png;7;1;0;0
8/0872.png;7;1;0;0
8/0873.png;7;1;0;0
8/0874.png;7;1;0;0
8/0875.png;7;1;0;0
8/0876.png;7;1;0;0
8/0877.png;7;1;0;0
8/0878.png;7;1;0;0
8/0879.png;7;1;0;0
8/0880.png;7;1;0;0
8/0881.png;7;1;0;0
8/0882.png;7;1;0;0
8/0883.png;7;1;0;0
8/0884.png;7;1;0;0
8/0885.png;7;1;0;0
8/0886.png;7;1;0;0
8/0887.png;7;1;0;0
8/0888.png;7;1;0;0
8/0889.png;7;1;0;0
8/0890.png;7;1;0;0
8/0891.png;7;1;0;0
8/0892.png;7;1;0;0
8/0893.png;7;1;0;0
8/0894.png;7;1;0;0
8/0895.png;7;1;0;0
8/0896.png;7;1;0;0
8/0897.png;7;1;0;0
8/0898.png;7;1;0;0
8/0899.png;7;1;0;0
8/0900.png;7;1;0;0
8/0901.png;7;1;0;0
8/0902.png;7;1;0;0
8/0903.png;7;1;0;0
8/0904.png;7;1;0;0
8/0905.png;7;1;0;0
8/0906.png;7;1;0;0
8/0907.png;7;1;0;0
8/0908.png;7;1;0;0
8/0909.png;7;1;0;0
8/0910.png;7;1;0;0
8/0911.png;7;1;0;0
8/0912.png;7;1;0;0
8/0913.png;7;1;0;0
8/0914.png;7;1;0;0
8/0915.png;7;1;0;0
8/0916.png;7;1;0;0
8/0917.png;7;1;0;0
8/0918.png;7;1;0;0
8/0919.png;7;1;0;0
8/0920.png;7;1;0;0
8/0921.png;7;1;0;0
8/0922.png;7;1;0;0
8/0923.png;7;1;0;0
8/0924.png;7;1;0;0
8/0925.png;7;1;0;0
8/0926.png;7;1;0;0
8/0927.png;7;1;0;0
8/0928.png;7;1;0;0
8/0929.png;7;1;0;0
8/0930.png;7;1;0;0
8/0931.png;7;1;0;0
8/0932.png;7;1;0;0
8/0933.png;7;1;0;0
8/0934.png;7;1;0;0
8/0935.png;7;1;0;0
8/0936.png;7;1;0;0
8/0937.png;7;1;0;0
8/0938.png;7;1;0;0
8/0939.png;7;1;0;0
8/0940.png;7;1;0;0
8/0941.png;7;1;0;0
8/0942.png;7;1;0;0
8/0943.png;7;1;0;0
8/0944.png;7;1;0;0
8/0945.png;7;1;0;0
8/0946.png;7;1;0;0
8/0947.png;7;1;0;0
8/0948.png;7;1;0;0
8/0949.png;7;1;0;0
8/0950.png;7;1;0;0
8/0951.png;7;1;0;0
8/0952.png;7;1;0;0
8/0953.png;7;1;0;0
8/0954.png;7;1;0;0
8/0955.png;7;1;0;0
8/0956.png;7;1;0;0
8/0957.png;7;1;0;0
8/0958.png;7;1;0;0
8/0959.png;7;1;0;0
8/0960.png;7;1;0;0
8/0961.png;7;1;0;0
8/0962.png;7;1;0;0
8/0963.png;7;1;0;0
8/0964.png;7;1;0;0
8/0965.png;7;1;0;0
8/0966.png;7;1;0;0
8/0967.png;7;1;0;0
8/0968.png;7;1;0;0
8/0969.png;7;1;0;0
8/0970.png;7;1;0;0
8/0971.png;7;1;0;0
8/0972.png;7;1;0;0
8/0973.png;7;1;0;0
8/0974.png;7;1;0;0
8/0975.png;7;1;0;0
8/0976.png;7;1;0;0
8/0977.png;7;1;0;0
8/0978.png;7;1;0;0
8/0979.png;7;1;0;0
8/0980.png;7;1;0;0
8/0981.png;7;1;0;0
8/0982.png;7;1;0;0
8/0983.png;7;1;0;0
8/0984.png;7;1;0;0
8/0985.png;7;1;0;0
8/0986.png;7;1;0;0
8/0987.png;7;1;0;0
8/0988.png;7;1;0;0
8/0989.png;7;1;0;0
8/0990.png;7;1;0;0
8/0991.png;7;1;0;0
8/0992.png;7;1;0;0
8/0993.png;7;1;0;0
8/0994.png;7;1;0;0
8/0995.png;7;1;0;0
8/0996.png;7;1;0;0
8/0997.png;7;1;0;0
8/0998.png;7;1;0;0
8/0999.png;7;1;0;0
8/1000.png;7;1;0;0
8/1001.png;7;1;0;0
8/1002.png;7;1;0;0
8/1003.png;7;1;0;0
8/1004.png;7;1;0;0
8/1005.png;7;1;0;0
8/1006.png;7;1;0;0
8/1007.png;7;1;0;0
8/1008.png;7;1;0;0
8/1009.png;7;1;0;0
8/1010.png;7;1;0;0
8/1011.png;7;1;0;0
8/1012.png;7;1;0;0
8/1013.png;7;1;0;0
8/1014.png;7;1;0;0
8/1015.png;7;1;0;0
8/1016.png;7;1;0;0
8/1017.png;7;1;0;0
8/1018.png;7;1;0;0
8/1019.png;7;1;0;0
8/1020.png;7;1;0;0
8/1021.png;7;1;0;0
8/1022.png;7;1;0;0
8/1023.png;7;1;0;0
8/1024.png;7;1;0;0
8/1025.png;7;1;0;0
8/1026.png;7;1;0;0
8/1027.png;7;1;0;0
8/1028.png;7;1;0;0
8/1029.png;7;1;0;0
8/1030.png;7;1;0;0
8/1031.png;7;1;0;0
8/1032.png;7;1;0;0
8/1033.png;7;1;0;0
8/1034.png;7;1;0;0
8/1035.png;7;1;0;0
8/1036.png;7;1;0;0
8/1037.png;7;1;0;0
8/1038.png;7;1;0;0
8/1039.png;7;1;0;0
8/1040.png;7;1;0;0
8/1041.png;7;1;0;0
8/1042.png;7;1;0;0
8/1043.png;7;1;0;0
8/1044.png;7;1;0;0
8/1045.png;7;1;0;0
8/1046.png;7;1;0;0
8/1047.png;7;1;0;0
8/1048.png;7;1;0;0
8/1049.png;7;1;0;0
8/1050.png;7;1;0;0
8/1051.png;7;1;0;0
8/1052.png;7;1;0;0
8/1053.png;7;1;0;0
8/1054.png;7;1;0;0
8/1055.png;7;1;0;0
8/1056.png;7;1;0;0
8/1057.png;7;1;0;0
8/1058.png;7;1;0;0
8/1059.png;7;1;0;0
8/1060.png;7;1;0;0
8/1061.png;7;1;0;0
8/1062.png;7;1;0;0
8/1063.png;7;1;0;0
8/1064.png;7;1;0;0
8/1065.png;7;1;0;0
8/1066.png;7;1;0;0
8/1067.png;7;1;0;0
8/1068.png;7;1;0;0
8/1069.png;7;1;0;0
8/1070.png;7;1;0;0
8/1071.png;7;1;0;0
8/1072.png;7;1;0;0
8/1073.png;7;1;0;0
8/1074.png;7;1;0;0
8/1075.png;7;1;0;0
8/1076.png;7;1;0;0
8/1077.png;7;1;0;0
8/1078.png;7;1;0;0
8/1079.png;7;1;0;0
8/1080.png;7;1;0;0
8/1081.png;7;1;0;0
8/1082.png;7;1;0;0
8/1083.png;7;1;0;0
8/1084.png;7;1;0;0
8/1085.png;7;1;0;0
8/1086.png;7;1;0;0
8/1087.png;7;1;0;0
8/1088.png;7;1;0;0
8/1089.png;7;1;0;0
8/1090.png;7;1;0;0
8/1091.png;7;1;0;0
8/1092.png;7;1;0;0
8/1093.png;7;1;0;0
8/1094.png;7;1;0;0
8/1095.png;7;1;0;0
8/1096.png;7;1;0;0
8/1097.png;7;1;0;0
8/1098.png;7;1;0;0
8/1099.png;7;1;0;0
8/1100.png;7;1;0;0
8/1101.png;7;1;0;0
8/1102.png;7;1;0;0
8/1103.png;7;1;0;0
8/1104.png;7;1;0;0
8/1105.png;7;1;0;0
8/1106.png;7;1;0;0
8/1107.png;7;1;0;0
8/1108.png;7;1;0;0
8/1109.png;7;1;0;0
8/1110.png;7;1;0;0
8/1111.png;7;1;0;0
8/1112.png;7;1;0;0
8/1113.png;7;1;0;0
8/1114.png;7;1;0;0
8/1115.png;7;1;0;0
8/1116.png;7;1;0;0
8/1117.png;7;1;0;0
8/1118.png;7;1;0;0
8/1119.png;7;1;0;0
8/1120.png;7;1;0;0
8/1121.png;7;1;0;0
8/1122.png;7;1;0;0
8/1123.png;7;1;0;0
8/1124.png;7;1;0;0
8/1125.png;7;1;0;0
8/1126.png;7;1;0;0
8/1127.png;7;1;0;0
8/1128.png;7;1;0;0
8/1129.png;7;1;0;0
8/1130.png;7;1;0;0
8/1131.png;7;1;0;0
8/1132.png;7;1;0;0
8/1133.png;7;1;0;0
8/1134.png;7;1;0;0
8/1135.png;7;1;0;0
8/1136.png;7;1;0;0
8/1137.png;7;1;0;0
8/1138.png;7;1;0;0
8/1139.png;7;1;0;0
8/1140.png;7;1;0;0
8/1141.png;7;1;0;0
8/1142.png;7;1;0;0
8/1143.png;7;1;0;0
8/1144.png;7;1;0;0
8/1145.png;7;1;0;0
8/1146.png;7;1;0;0
8/1147.png;7;1;0;0
8/1148.png;7;1;0;0
8/1149.png;7;1;0;0
8/1150.png;7;1;0;0
8/1151.png;7;1;0;0
8/1152.png;7;1;0;0
8/1153.png;7;1;0;0
8/1154.png;7;1;0;0
8/1155.png;7;1;0;0
8/1156.png;7;1;0;0
8/1157.png;7;1;0;0
8/1158.png;7;1;0;0
8/1159.png;7;1;0;0
8/1160.png;7;1;0;0
8/1161.png;7;1;0;0
8/1162.png;7;1;0;0
8/1163.png;7;1;0;0
8/1164.png;7;1;0;0
8/1165.png;7;1;0;0
8/1166.png;7;1;0;0
8/1167.png;7;1;0;0
8/1168.png;7;1;0;0
8/1169.png;7;1;0;0
8/1170.png;7;1;0;0
8/1171.png;7;1;0;0
8/1172.png;7;1;0;0
8/1173.png;7;1;0;0
8/1174.png;7;1;0;0
8/1175.png;7;1;0;0
8/1176.png;7;1;0;0
8/1177.png;7;1;0;0
8/1178.png;7;1;0;0
8/1179.png;7;1;0;0
8/1180.png;7;1;0;0
8/1181.png;7;1;0;0
8/1182.png;7;1;0;0
8/1183.png;7;1;0;0
8/1184.png;7;1;0;0
8/1185.png;7;1;0;0
8/1186.png;7;1;0;0
8/1187.png;7;1;0;0
8/1188.png;7;1;0;0
8/1189.png;7;1;0;0
8/1190.png;7;1;0;0
8/1191.png;7;1;0;0
8/1192.png;7;1;0;0
8/1193.png;7;1;0;0
8/1194.png;7;1;0;0
8/1195.png;7;1;0;0
8/1196.png;7;1;0;0
8/1197.png;7;1;0;0
8/1198.png;7;1;0;0
8/1199.png;7;1;0;0
8/1200.png;7;1;0;0
8/1201.png;7;1;0;0
8/1202.png;7;1;0;0
8/1203.png;7;1;0;0
8/1204.png;7;1;0;0
8/1205.png;7;1;0;0
8/1206.png;7;1;0;0
8/1207.png;7;1;0;0
8/1208.png;7;1;0;0
8/1209.png;7;1;0;0
8/1210.png;7;1;0;0
8/1211.png;7;1;0;0
8/1212.png;7;1;0;0
8/1213.png;7;1;0;0
8/1214.png;7;1;0;0
8/1215.png;7;1;0;0
8/1216.png;7;1;0;0
8/1217.png;7;1;0;0
8/1218.png;7;1;0;0
8/1219.png;7;1;0;0
8/1220.png;7;1;0;0
8/1221.png;7;1;0;0
8/1222.png;7;1;0;0
8/1223.png;7;1;0;0
8/1224.png;7;1;0;0
8/1225.png;7;1;0;0
8/1226.png;7;1;0;0
8/1227.png;7;1;0;0
8/1228.png;7;1;0;0
8/1229.png;7;1;0;0
8/1230.png;7;1;0;0
8/1231.png;7;1;0;0
8/1232.png;7;1;0;0
8/1233.png;7;1;0;0
8/1234.png;7;1;0;0
8/1235.png;7;1;0;0
8/1236.png;7;1;0;0
8/1237.png;7;1;0;0
8/1238.png;7;1;0;0
8/1239.png;7;1;0;0
8/1240.png;7;1;0;0
8/1241.png;7;1;0;0
8/1242.png;7;1;0;0
8/1243.png;7;1;0;0
8/1244.png;7;1;0;0
8/1245.png;7;1;0;0
8/1246.png;7;1;0;0
8/1247.png;7;1;0;0
8/1248.png;7;1;0;0
8/1249.png;7;1;0;0
8/1250.png;7;1;0;0
8/1251.png;7;1;0;0
8/1252.png;7;1;0;0
8/1253.png;7;1;0;0
8/1254.png;7;1;0;0
8/1255.png;7;1;0;0
8/1256.png;7;1;0;0
8/1257.png;7;1;0;0
8/1258.png;7;1;0;0
8/1259.png;7;1;0;0
8/1260.png;7;1;0;0
8/1261.png;7;1;0;0
8/1262.png;7;1;0;0
8/1263.png;7;1;0;0
8/1264.png;7;1;0;0
8/1265.png;7;1;0;0
8/1266.png;7;1;0;0
8/1267.png;7;1;0;0
8/1268.png;7;1;0;0
8/1269.png;7;1;0;0
8/1270.png;7;1;0;0
8/1271.png;7;1;0;0
8/1272.png;7;1;0;0
8/1273.png;7;1;0;0
8/1274.png;7;1;0;0
8/1275.png;7;1;0;0
8/1276.png;7;1;0;0
8/1277.png;7;1;0;0
8/1278.png;7;1;0;0
8/1279.png;7;1;0;0
8/1280.png;7;1;0;0
8/1281.png;7;1;0;0
8/1282.png;7;1;0;0
8/1283.png;7;1;0;0
8/1284.png;7;1;0;0
8/1285.png;7;1;0;0
8/1286.png;7;1;0;0
8/1287.png;7;1;0;0
8/1288.png;7;1;0;0
8/1289.png;7;1;0;0
8/1290.png;7;1;0;0
8/1291.png;7;1;0;0
8/1292.png;7;1;0;0
8/1293.png;7;1;0;0
8/1294.png;7;1;0;0
8/1295.png;7;1;0;0
8/1296.png;7;1;0;0
8/1297.png;7;1;0;0
8/1298.png;7;1;0;0
8/1299.png;7;1;0;0
8/1300.png;7;1;0;0
8/1301.png;7;1;0;0
8/1302.png;7;1;0;0
8/1303.png;7;1;0;0
8/1304.png;7;1;0;0
8/1305.png;7;1;0;0
8/1306.png;7;1;0;0
8/1307.png;7;1;0;0
8/1308.png;7;1;0;0
8/1309.png;7;1;0;0
8/1310.png;7;1;0;0
8/1311.png;7;1;0;0
8/1312.png;7;1;0;0
8/1313.png;7;1;0;0
8/1314.png;7;1;0;0
8/1315.png;7;1;0;0
8/1316.png;7;1;0;0
8/1317.png;7;1;0;0
8/1318.png;7;1;0;0
8/1319.png;7;1;0;0
8/1320.png;7;1;0;0
8/1321.png;7;1;0;0
8/1322.png;7;1;0;0
8/1323.png;7;1;0;0
8/1324.png;7;1;0;0
8/1325.png;7;1;0;0
8/1326.png;7;1;0;0
8/1327.png;7;1;0;0
8/1328.png;7;1;0;0
8/1329.png;7;1;0;0
8/1330.png;7;1;0;0
8/1331.png;7;1;0;0
8/1332.png;7;1;0;0
8/1333.png;7;1;0;0
8/1334.png;7;1;0;0
8/1335.png;7;1;0;0
8/1336.png;7;1;0;0
8/1337.png;7;1;0;0
8/1338.png;7;1;0;0
8/1339.png;7;1;0;0
8/1340.png;7;1;0;0
8/1341.png;7;1;0;0
8/1342.png;7;1;0;0
8/1343.png;7;1;0;0
8/1344.png;7;1;0;0
8/1345.png;7;1;0;0
8/1346.png;7;1;0;0
8/1347.png;7;1;0;0
8/1348.png;7;1;0;0
8/1349.png;7;1;0;0
8/1350.png;7;1;0;0
8/1351.png;7;1;0;0
8/1352.png;7;1;0;0
8/1353.png;7;1;0;0
8/1354.png;7;1;0;0
8/1355.png;7;1;0;0
8/1356.png;7;1;0;0
8/1357.png;7;1;0;0
8/1358.png;7;1;0;0
8/1359.png;7;1;0;0
8/1360.png;7;1;0;0
8/1361.png;7;1;0;0
8/1362.png;7;1;0;0
8/1363.png;7;1;0;0
8/1364.png;7;1;0;0
8/1365.png;7;1;0;0
8/1366.png;7;1;0;0
8/1367.png;7;1;0;0
8/1368.png;7;1;0;0
8/1369.png;7;1;0;0
8/1370.png;7;1;0;0
8/1371.png;7;1;0;0
8/1372.png;7;1;0;0
8/1373.png;7;1;0;0
8/1374.png;7;1;0;0
8/1375.png;7;1;0;0
8/1376.png;7;1;0;0
8/1377.png;7;1;0;0
8/1378.png;7;1;0;0
8/1379.png;7;1;0;0
8/1380.png;7;1;0;0
8/1381.png;7;1;0;0
8/1382.png;7;1;0;0
8/1383.png;7;1;0;0
8/1384.png;7;1;0;0
8/1385.png;7;1;0;0
8/1386.png;7;1;0;0
8/1387.png;7;1;0;0
8/1388.png;7;1;0;0
8/1389.png;7;1;0;0
8/1390.png;7;1;0;0
8/1391.png;7;1;0;0
8/1392.png;7;1;0;0
8/1393.png;7;1;0;0
8/1394.png;7;1;0;0
8/1395.png;7;1;0;0
8/1396.png;7;1;0;0
8/1397.png;7;1;0;0
8/1398.png;7;1;0;0
8/1399.png;7;1;0;0
8/1400.png;7;1;0;0
8/1401.png;7;1;0;0
8/1402.png;7;1;0;0
8/1403.png;7;1;0;0
8/1404.png;7;1;0;0
8/1405.png;7;1;0;0
8/1406.png;7;1;0;0
8/1407.png;7;1;0;0
8/1408.png;7;1;0;0
8/1409.png;7;1;0;0
8/1410.png;7;1;0;0
8/1411.png;7;1;0;0
8/1412.png;7;1;0;0
8/1413.png;7;1;0;0
8/1414.png;7;1;0;0
8/1415.png;7;1;0;0
8/1416.png;7;1;0;0
8/1417.png;7;1;0;0
8/1418.png;7;1;0;0
8/1419.png;7;1;0;0
8/1420.png;7;1;0;0
8/1421.png;7;1;0;0
8/1422.png;7;1;0;0
8/1423.png;7;1;0;0
8/1424.png;7;1;0;0
8/1425.png;7;1;0;0
8/1426.png;7;1;0;0
8/1427.png;7;1;0;0
8/1428.png;7;1;0;0
8/1429.png;7;1;0;0
8/1430.png;7;1;0;0
8/1431.png;7;1;0;0
8/1432.png;7;1;0;0
8/1433.png;7;1;0;0
8/1434.png;7;1;0;0
8/1435.png;7;1;0;0
8/1436.png;7;1;0;0
8/1437.png;7;1;0;0
8/1438.png;7;1;0;0
8/1439.png;7;1;0;0
8/1440.png;7;1;0;0
8/1441.png;7;1;0;0
8/1442.png;7;1;0;0
8/1443.png;7;1;0;0
8/1444.png;7;1;0;0
8/1445.png;7;1;0;0
8/1446.png;7;1;0;0
8/1447.png;7;1;0;0
8/1448.png;7;1;0;0
8/1449.png;7;1;0;0
8/1450.png;7;1;0;0
8/1451.png;7;1;0;0
8/1452.png;7;1;0;0
8/1453.png;7;1;0;0
8/1454.png;7;1;0;0
8/1455.png;7;1;0;0
8/1456.png;7;1;0;0
8/1457.png;7;1;0;0
8/1458.png;7;1;0;0
8/1459.png;7;1;0;0
8/1460.png;7;1;0;0
8/1461.png;7;1;0;0
8/1462.png;7;1;0;0
8/1463.png;7;1;0;0
8/1464.png;7;1;0;0
8/1465.png;7;1;0;0
8/1466.png;7;1;0;0
8/1467.png;7;1;0;0
8/1468.png;7;1;0;0
8/1469.png;7;1;0;0
8/1470.png;7;1;0;0
8/1471.png;7;1;0;0
8/1472.png;7;1;0;0
8/1473.png;7;1;0;0
8/1474.png;7;1;0;0
8/1475.png;7;1;0;0
8/1476.png;7;1;0;0
8/1477.png;7;1;0;0
8/1478.png;7;1;0;0
8/1479.png;7;1;0;0
8/1480.png;7;1;0;0
8/1481.png;7;1;0;0
8/1482.png;7;1;0;0
8/1483.png;7;1;0;0
8/1484.png;7;1;0;0
8/1485.png;7;1;0;0
8/1486.png;7;1;0;0
8/1487.png;7;1;0;0
8/1488.png;7;1;0;0
8/1489.png;7;1;0;0
8/1490.png;7;1;0;0
8/1491.png;7;1;0;0
8/1492.png;7;1;0;0
8/1493.png;7;1;0;0
8/1494.png;7;1;0;0
8/1495.png;7;1;0;0
8/1496.png;7;1;0;0
8/1497.png;7;1;0;0
8/1498.png;7;1;0;0
8/1499.png;7;1;0;0
8/1500.png;7;1;0;0
8/1501.png;7;1;0;0
8/1502.png;7;1;0;0
8/1503.png;7;1;0;0
8/1504.png;7;1;0;0
8/1505.png;7;1;0;0
8/1506.png;7;1;0;0
8/1507.png;7;1;0;0
8/1508.png;7;1;0;0
8/1509.png;7;1;0;0
8/1510.png;7;1;0;0
8/1511.png;7;1;0;0
8/1512.png;7;1;0;0
8/1513.png;7;1;0;0
8/1514.png;7;1;0;0
8/1515.png;7;1;0;0
8/1516.png;7;1;0;0
8/1517.png;7;1;0;0
8/1518.png;7;1;0;0
8/1519.png;7;1;0;0
8/1520.png;7;1;0;0
8/1521.png;7;1;0;0
8/1522.png;7;1;0;0
8/1523.png;7;1;0;0
8/1524.png;7;1;0;0
8/1525.png;7;1;0;0
8/1526.png;7;1;0;0
8/1527.png;7;1;0;0
8/1528.png;7;1;0;0
8/1529.png;7;1;0;0
8/1530.png;7;1;0;0
8/1531.png;7;1;0;0
8/1532.png;7;1;0;0
8/1533.png;7;1;0;0
8/1534.png;7;1;0;0
8/1535.png;7;1;0;0
8/1536.png;7;1;0;0
8/1537.png;7;1;0;0
8/1538.png;7;1;0;0
8/1539.png;7;1;0;0
8/1540.png;7;1;0;0
8/1541.png;7;1;0;0
8/1542.png;7;1;0;0
8/1543.png;7;1;0;0
8/1544.png;7;1;0;0
8/1545.png;7;1;0;0
8/1546.png;7;1;0;0
8/1547.png;7;1;0;0
8/1548.png;7;1;0;0
8/1549.png;7;1;0;0
8/1550.png;7;1;0;0
8/1551.png;7;1;0;0
8/1552.png;7;1;0;0
8/1553.png;7;1;0;0
8/1554.png;7;1;0;0
8/1555.png;7;1;0;0
8/1556.png;7;1;0;0
8/1557.png;7;1;0;0
8/1558.png;7;1;0;0
8/1559.png;7;1;0;0
8/1560.png;7;1;0;0
8/1561.png;7;1;0;0
8/1562.png;7;1;0;0
8/1563.png;7;1;0;0
8/1564.png;7;1;0;0
8/1565.png;7;1;0;0
8/1566.png;7;1;0;0
8/1567.png;7;1;0;0
8/1568.png;7;1;0;0
8/1569.png;7;1;0;0
8/1570.png;7;1;0;0
8/1571.png;7;1;0;0
8/1572.png;7;1;0;0
8/1573.png;7;1;0;0
8/1574.png;7;1;0;0
8/1575.png;7;1;0;0
8/1576.png;7;1;0;0
8/1577.png;7;1;0;0
8/1578.png;7;1;0;0
8/1579.png;7;1;0;0
8/1580.png;7;1;0;0
8/1581.png;7;1;0;0
8/1582.png;7;1;0;0
8/1583.png;7;1;0;0
8/1584.png;7;1;0;0
8/1585.png;7;1;0;0
8/1586.png;7;1;0;0
8/1587.png;7;1;0;0
8/1588.png;7;1;0;0
8/1589.png;7;1;0;0
8/1590.png;7;1;0;0
8/1591.png;7;1;0;0
8/1592.png;7;1;0;0
8/1593.png;7;1;0;0
8/1594.png;7;1;0;0
8/1595.png;7;1;0;0
8/1596.png;7;1;0;0
8/1597.png;7;1;0;0
8/1598.png;7;1;0;0
8/1599.png;7;1;0;0
8/1600.png;7;1;0;0
8/1601.png;7;1;0;0
8/1602.png;7;1;0;0
8/1603.png;7;1;0;0
8/1604.png;7;1;0;0
8/1605.png;7;1;0;0
8/1606.png;7;1;0;0
8/1607.png;7;1;0;0
8/1608.png;7;1;0;0
8/1609.png;7;1;0;0
8/1610.png;7;1;0;0
8/1611.png;7;1;0;0
8/1612.png;7;1;0;0
8/1613.png;7;1;0;0
8/1614.png;7;1;0;0
8/1615.png;7;1;0;0
8/1616.png;7;1;0;0
8/1617.png;7;1;0;0
8/1618.png;7;1;0;0
8/1619.png;7;1;0;0
8/1620.png;7;1;0;0
8/1621.png;7;1;0;0
8/1622.png;7;1;0;0
8/1623.png;7;1;0;0
8/1624.png;7;1;0;0
8/1625.png;7;1;0;0
8/1626.png;7;1;0;0
8/1627.png;7;1;0;0
8/1628.png;7;1;0;0
8/1629.png;7;1;0;0
8/1630.png;7;1;0;0
8/1631.png;7;1;0;0
8/1632.png;7;1;0;0
8/1633.png;7;1;0;0
8/1634.png;7;1;0;0
8/1635.png;7;1;0;0
8/1636.png;7;1;0;0
8/1637.png;7;1;0;0
8/1638.png;7;1;0;0
8/1639.png;7;1;0;0
8/1640.png;7;1;0;0
8/1641.png;7;1;0;0
8/1642.png;7;1;0;0
8/1643.png;7;1;0;0
8/1644.png;7;1;0;0
8/1645.png;7;1;0;0
8/1646.png;7;1;0;0
8/1647.png;7;1;0;0
8/1648.png;7;1;0;0
8/1649.png;7;1;0;0
8/1650.png;7;1;0;0
8/1651.png;7;1;0;0
8/1652.png;7;1;0;0
8/1653.png;7;1;0;0
8/1654.png;7;1;0;0
8/1655.png;7;1;0;0
8/1656.png;7;1;0;0
8/1657.png;7;1;0;0
8/1658.png;7;1;0;0
8/1659.png;7;1;0;0
8/1660.png;7;1;0;0
8/1661.png;7;1;0;0
8/1662.png;7;1;0;0
8/1663.png;7;1;0;0
8/1664.png;7;1;0;0
8/1665.png;7;1;0;0
8/1666.png;7;1;0;0
8/1667.png;7;1;0;0
8/1668.png;7;1;0;0
8/1669.png;7;1;0;0
8/1670.png;7;1;0;0
8/1671.png;7;1;0;0
8/1672.png;7;1;0;0
8/1673.png;7;1;0;0
8/1674.png;7;1;0;0
8/1675.png;7;1;0;0
8/1676.png;7;1;0;0
8/1677.png;7;1;0;0
8/1678.png;7;1;0;0
8/1679.png;7;1;0;0
8/1680.png;7;1;0;0
8/1681.png;7;1;0;0
8/1682.png;7;1;0;0
8/1683.png;7;1;0;0
8/1684.png;7;1;0;0
8/1685.png;7;1;0;0
8/1686.png;7;1;0;0
8/1687.png;7;1;0;0
8/1688.png;7;1;0;0
8/1689.png;7;1;0;0
8/1690.png;7;1;0;0
8/1691.png;7;1;0;0
8/1692.png;7;1;0;0
8/1693.png;7;1;0;0
8/1694.png;7;1;0;0
8/1695.png;7;1;0;0
8/1696.png;7;1;0;0
8/1697.png;7;1;0;0
8/1698.png;7;1;0;0
8/1699.png;7;1;0;0
8/1700.png;7;1;0;0
8/1701.png;7;1;0;0
8/1702.png;7;1;0;0
8/1703.png;7;1;0;0
8/1704.png;7;1;0;0
8/1705.png;7;1;0;0
8/1706.png;7;1;0;0
8/1707.png;7;1;0;0
8/1708.png;7;1;0;0
8/1709.png;7;1;0;0
8/1710.png;7;1;0;0
8/1711.png;7;1;0;0
8/1712.png;7;1;0;0
8/1713.png;7;1;0;0
8/1714.png;7;1;0;0
8/1715.png;7;1;0;0
8/1716.png;7;1;0;0
8/1717.png;7;1;0;0
8/1718.png;7;1;0;0
8/1719.png;7;1;0;0
8/1720.png;7;1;0;0
8/1721.png;7;1;0;0
8/1722.png;7;1;0;0
8/1723.png;7;1;0;0
8/1724.png;7;1;0;0
8/1725.png;7;1;0;0
8/1726.png;7;1;0;0
8/1727.png;7;1;0;0
8/1728.png;7;1;0;0
8/1729.png;7;1;0;0
8/1730.png;7;1;0;0
8/1731.png;7;1;0;0
8/1732.png;7;1;0;0
8/1733.png;7;1;0;0
8/1734.png;7;1;0;0
8/1735.png;7;1;0;0
8/1736.png;7;1;0;0
8/1737.png;7;1;0;0
8/1738.png;7;1;0;0
8/1739.png;7;1;0;0
8/1740.png;7;1;0;0
8/1741.png;7;1;0;0
8/1742.png;7;1;0;0
8/1743.png;7;1;0;0
8/1744.png;7;1;0;0
8/1745.png;7;1;0;0
8/1746.png;7;1;0;0
8/1747.png;7;1;0;0
8/1748.png;7;1;0;0
8/1749.png;7;1;0;0
8/1750.png;7;1;0;0
8/1751.png;7;1;0;0
8/1752.png;7;1;0;0
8/1753.png;7;1;0;0
8/1754.png;7;1;0;0
8/1755.png;7;1;0;0
8/1756.png;7;1;0;0
8/1757.png;7;1;0;0
8/1758.png;7;1;0;0
8/1759.png;7;1;0;0
8/1760.png;7;1;0;0
8/1761.png;7;1;0;0
8/1762.png;7;1;0;0
8/1763.png;7;1;0;0
8/1764.png;7;1;0;0
8/1765.png;7;1;0;0
8/1766.png;7;1;0;0
8/1767.png;7;1;0;0
8/1768.png;7;1;0;0
8/1769.png;7;1;0;0
8/1770.png;7;1;0;0
8/1771.png;7;1;0;0
8/1772.png;7;1;0;0
8/1773.png;7;1;0;0
8/1774.png;7;1;0;0
8/1775.png;7;1;0;0
8/1776.png;7;1;0;0
8/1777.png;7;1;0;0
8/1778.png;7;1;0;0
8/1779.png;7;1;0;0
8/1780.png;7;1;0;0
8/1781.png;7;1;0;0
8/1782.png;7;1;0;0
8/1783.png;7;1;0;0
8/1784.png;7;1;0;0
8/1785.png;7;1;0;0
8/1786.png;7;1;0;0
8/1787.png;7;1;0;0
8/1788.png;7;1;0;0
8/1789.png;7;1;0;0
8/1790.png;7;1;0;0
8/1791.png;7;1;0;0
8/1792.png;7;1;0;0
8/1793.png;7;1;0;0
8/1794.png;7;1;0;0
8/1795.png;7;1;0;0
8/1796.png;7;1;0;0
8/1797.png;7;1;0;0
8/1798.png;7;1;0;0
8/1799.png;7;1;0;0
8/1800.png;7;1;0;0
8/1801.png;7;1;0;0
8/1802.png;7;1;0;0
8/1803.png;7;1;0;0
8/1804.png;7;1;0;0
8/1805.png;7;1;0;0
8/1806.png;7;1;0;0
8/1807.png;7;1;0;0
8/1808.png;7;1;0;0
8/1809.png;7;1;0;0
8/1810.png;7;1;0;0
8/1811.png;7;1;0;0
8/1812.png;7;1;0;0
8/1813.png;7;1;0;0
8/1814.png;7;1;0;0
8/1815.png;7;1;0;0
8/1816.png;7;1;0;0
8/1817.png;7;1;0;0
8/1818.png;7;1;0;0
8/1819.png;7;1;0;0
8/1820.png;7;1;0;0
8/1821.png;7;1;0;0
8/1822.png;7;1;0;0
8/1823.png;7;1;0;0
8/1824.png;7;1;0;0
8/1825.png;7;1;0;0
8/1826.png;7;1;0;0
8/1827.png;7;1;0;0
8/1828.png;7;1;0;0
8/1829.png;7;1;0;0
8/1830.png;7;1;0;0
8/1831.png;7;1;0;0
8/1832.png;7;1;0;0
8/1833.png;7;1;0;0
8/1834.png;7;1;0;0
8/1835.png;7;1;0;0
8/1836.png;7;1;0;0
8/1837.png;7;1;0;0
8/1838.png;7;1;0;0
8/1839.png;7;1;0;0
8/1840.png;7;1;0;0
8/1841.png;7;1;0;0
8/1842.png;7;1;0;0
8/1843.png;7;1;0;0
8/1844.png;7;1;0;0
8/1845.png;7;1;0;0
8/1846.png;7;1;0;0
8/1847.png;7;1;0;0
8/1848.png;7;1;0;0
8/1849.png;7;1;0;0
8/1850.png;7;1;0;0
8/1851.png;7;1;0;0
8/1852.png;7;1;0;0
8/1853.png;7;1;0;0
8/1854.png;7;1;0;0
8/1855.png;7;1;0;0
8/1856.png;7;1;0;0
8/1857.png;7;1;0;0
8/1858.png;7;1;0;0
8/1859.png;7;1;0;0
8/1860.png;7;1;0;0
8/1861.png;7;1;0;0
8/1862.png;7;1;0;0
8/1863.png;7;1;0;0
8/1864.png;7;1;0;0
8/1865.png;7;1;0;0
8/1866.png;7;1;0;0
8/1867.png;7;1;0;0
8/1868.png;7;1;0;0
8/1869.png;7;1;0;0
8/1870.png;7;1;0;0
8/1871.png;7;1;0;0
8/1872.png;7;1;0;0
8/1873.png;7;1;0;0
8/1874.png;7;1;0;0
8/1875.png;7;1;0;0
8/1876.png;7;1;0;0
8/1877.png;7;1;0;0
8/1878.png;7;1;0;0
8/1879.png;7;1;0;0
8/1880.png;7;1;0;0
8/1881.png;7;1;0;0
8/1882.png;7;1;0;0
8/1883.png;7;1;0;0
8/1884.png;7;1;0;0
8/1885.png;7;1;0;0
8/1886.png;7;1;0;0
8/1887.png;7;1;0;0
8/1888.png;7;1;0;0
8/1889.png;7;1;0;0
8/1890.png;7;1;0;0
8/1891.png;7;1;0;0
8/1892.png;7;1;0;0
8/1893.png;7;1;0;0
8/1894.png;7;1;0;0
8/1895.png;7;1;0;0
8/1896.png;7;1;0;0
8/1897.png;7;1;0;0
8/1898.png;7;1;0;0
8/1899.png;7;1;0;0
8/1900.png;7;1;0;0
8/1901.png;7;1;0;0
8/1902.png;7;1;0;0
8/1903.png;7;1;0;0
8/1904.png;7;1;0;0
8/1905.png;7;1;0;0
8/1906.png;7;1;0;0
8/1907.png;7;1;0;0
8/1908.png;7;1;0;0
8/1909.png;7;1;0;0
8/1910.png;7;1;0;0
8/1911.png;7;1;0;0
8/1912.png;7;1;0;0
8/1913.png;7;1;0;0
8/1914.png;7;1;0;0
8/1915.png;7;1;0;0
8/1916.png;7;1;0;0
8/1917.png;7;1;0;0
8/1918.png;7;1;0;0
8/1919.png;7;1;0;0
8/1920.png;7;1;0;0
8/1921.png;7;1;0;0
8/1922.png;7;1;0;0
8/1923.png;7;1;0;0
8/1924.png;7;1;0;0
8/1925.png;7;1;0;0
8/1926.png;7;1;0;0
8/1927.png;7;1;0;0
8/1928.png;7;1;0;0
8/1929.png;7;1;0;0
8/1930.png;7;1;0;0
8/1931.png;7;1;0;0
8/1932.png;7;1;0;0
8/1933.png;7;1;0;0
8/1934.png;7;1;0;0
8/1935.png;7;1;0;0
8/1936.png;7;1;0;0
8/1937.png;7;1;0;0
8/1938.png;7;1;0;0
8/1939.png;7;1;0;0
8/1940.png;7;1;0;0
8/1941.png;7;1;0;0
8/1942.png;7;1;0;0
8/1943.png;7;1;0;0
8/1944.png;7;1;0;0
8/1945.png;7;1;0;0
8/1946.png;7;1;0;0
8/1947.png;7;1;0;0
8/1948.png;7;1;0;0
8/1949.png;7;1;0;0
8/1950.png;7;1;0;0
8/1951.png;7;1;0;0
8/1952.png;7;1;0;0
8/1953.png;7;1;0;0
8/1954.png;7;1;0;0
8/1955.png;7;1;0;0
8/1956.png;7;1;0;0
8/1957.png;7;1;0;0
8/1958.png;7;1;0;0
8/1959.png;7;1;0;0
8/1960.png;7;1;0;0
8/1961.png;7;1;0;0
8/1962.png;7;1;0;0
8/1963.png;7;1;0;0
8/1964.png;7;1;0;0
8/1965.png;7;1;0;0
8/1966.png;7;1;0;0
8/1967.png;7;1;0;0
8/1968.png;7;1;0;0
8/1969.png;7;1;0;0
8/1970.png;7;1;0;0
8/1971.png;7;1;0;0
8/1972.png;7;1;0;0
8/1973.png;7;1;0;0
8/1974.png;7;1;0;0
8/1975.png;7;1;0;0
8/1976.png;7;1;0;0
8/1977.png;7;1;0;0
8/1978.png;7;1;0;0
8/1979.png;7;1;0;0
8/1980.png;7;1;0;0
8/1981.png;7;1;0;0
8/1982.png;7;1;0;0
8/1983.png;7;1;0;0
8/1984.png;7;1;0;0
8/1985.png;7;1;0;0
8/1986.png;7;1;0;0
8/1987.png;7;1;0;0
8/1988.png;7;1;0;0
8/1989.png;7;1;0;0
8/1990.png;7;1;0;0
8/1991.png;7;1;0;0
8/1992.png;7;1;0;0
8/1993.png;7;1;0;0
8/1994.png;7;1;0;0
8/1995.png;7;1;0;0
8/1996.png;7;1;0;0
8/1997.png;7;1;0;0
8/1998.png;7;1;0;0
8/1999.png;7;1;0;0
8/2000.png;7;1;0;0
8/2001.png;7;1;0;0
8/2002.png;7;1;0;0
8/2003.png;7;1;0;0
8/2004.png;7;1;0;0
8/2005.png;7;1;0;0
8/2006.png;7;1;0;0
8/2007.png;7;1;0;0
8/2008.png;7;1;0;0
8/2009.png;7;1;0;0
8/2010.png;7;1;0;0
8/2011.png;7;1;0;0
8/2012.png;7;1;0;0
8/2013.png;7;1;0;0
8/2014.png;7;1;0;0
8/2015.png;7;1;0;0
8/2016.png;7;1;0;0
8/2017.png;7;1;0;0
8/2018.png;7;1;0;0
8/2019.png;7;1;0;0
8/2020.png;7;1;0;0
8/2021.png;7;1;0;0
8/2022.png;7;1;0;0
8/2023.png;7;1;0;0
8/2024.png;7;1;0;0
8/2025.png;7;1;0;0
8/2026.png;7;1;0;0
8/2027.png;7;1;0;0
8/2028.png;7;1;0;0
8/2029.png;7;1;0;0
8/2030.png;7;1;0;0
8/2031.png;7;1;0;0
8/2032.png;7;1;0;0
8/2033.png;7;1;0;0
8/2034.png;7;1;0;0
8/2035.png;7;1;0;0
8/2036.png;7;1;0;0
8/2037.png;7;1;0;0
8/2038.png;7;1;0;0
8/2039.png;7;1;0;0
8/2040.png;7;1;0;0
8/2041.png;7;1;0;0
8/2042.png;7;1;0;0
8/2043.png;7;1;0;0
8/2044.png;7;1;0;0
8/2045.png;7;1;0;0
8/2046.png;7;1;0;0
8/2047.png;7;1;0;0
8/2048.png;7;1;0;0
8/2049.png;7;1;0;0
8/2050.png;7;1;0;0
8/2051.png;7;1;0;0
8/2052.png;7;1;0;0
8/2053.png;7;1;0;0
8/2054.png;7;1;0;0
8/2055.png;7;1;0;0
8/2056.png;7;1;0;0
8/2057.png;7;1;0;0
8/2058.png;7;1;0;0
8/2059.png;7;1;0;0
8/2060.png;7;1;0;0
8/2061.png;7;1;0;0
8/2062.png;7;1;0;0
8/2063.png;7;1;0;0
8/2064.png;7;1;0;0
8/2065.png;7;1;0;0
8/2066.png;7;1;0;0
8/2067.png;7;1;0;0
8/2068.png;7;1;0;0
8/2069.png;7;1;0;0
8/2070.png;7;1;0;0
8/2071.png;7;1;0;0
8/2072.png;7;1;0;0
8/2073.png;7;1;0;0
8/2074.png;7;1;0;0
8/2075.png;7;1;0;0
8/2076.png;7;1;0;0
8/2077.png;7;1;0;0
8/2078.png;7;1;0;0
8/2079.png;7;1;0;0
8/2080.png;7;1;0;0
8/2081.png;7;1;0;0
8/2082.png;7;1;0;0
8/2083.png;7;1;0;0
8/2084.png;7;1;0;0
8/2085.png;7;1;0;0
8/2086.png;7;1;0;0
8/2087.png;7;1;0;0
8/2088.png;7;1;0;0
8/2089.png;7;1;0;0
8/2090.png;7;1;0;0
8/2091.png;7;1;0;0
8/2092.png;7;1;0;0
8/2093.png;7;1;0;0
8/2094.png;7;1;0;0
8/2095.png;7;1;0;0
8/2096.png;7;1;0;0
8/2097.png;7;1;0;0
8/2098.png;7;1;0;0
8/2099.png;7;1;0;0
8/2100.png;7;1;0;0
8/2101.png;7;1;0;0
8/2102.png;7;1;0;0
8/2103.png;7;1;0;0
8/2104.png;7;1;0;0
8/2105.png;7;1;0;0
8/2106.png;7;1;0;0
8/2107.png;7;1;0;0
8/2108.png;7;1;0;0
8/2109.png;7;1;0;0
8/2110.png;7;1;0;0
8/2111.png;7;1;0;0
8/2112.png;7;1;0;0
8/2113.png;7;1;0;0
8/2114.png;7;1;0;0
8/2115.png;7;1;0;0
8/2116.png;7;1;0;0
8/2117.png;7;1;0;0
8/2118.png;7;1;0;0
8/2119.png;7;1;0;0
8/2120.png;7;1;0;0
8/2121.png;7;1;0;0
8/2122.png;7;1;0;0
8/2123.png;7;1;0;0
8/2124.png;7;1;0;0
8/2125.png;7;1;0;0
8/2126.png;7;1;0;0
8/2127.png;7;1;0;0
8/2128.png;7;1;0;0
8/2129.png;7;1;0;0
8/2130.png;7;1;0;0
8/2131.png;7;1;0;0
8/2132.png;7;1;0;0
8/2133.png;7;1;0;0
8/2134.png;7;1;0;0
8/2135.png;7;1;0;0
8/2136.png;7;1;0;0
8/2137.png;7;1;0;0
8/2138.png;7;1;0;0
8/2139.png;7;1;0;0
8/2140.png;7;1;0;0
8/2141.png;7;1;0;0
8/2142.png;7;1;0;0
8/2143.png;7;1;0;0
8/2144.png;7;1;0;0
8/2145.png;7;1;0;0
8/2146.png;7;1;0;0
8/2147.png;7;1;0;0
8/2148.png;7;1;0;0
8/2149.png;7;1;0;0
8/2150.png;7;1;0;0
8/2151.png;7;1;0;0
8/2152.png;7;1;0;0
8/2153.png;7;1;0;0
8/2154.png;7;1;0;0
8/2155.png;7;1;0;0
8/2156.png;7;1;0;0
8/2157.png;7;1;0;0
8/2158.png;7;1;0;0
8/2159.png;7;1;0;0
8/2160.png;7;1;0;0
8/2161.png;7;1;0;0
8/2162.png;7;1;0;0
8/2163.png;7;1;0;0
8/2164.png;7;1;0;0
8/2165.png;7;1;0;0
8/2166.png;7;1;0;0
8/2167.png;7;1;0;0
8/2168.png;7;1;0;0
8/2169.png;7;1;0;0
8/2170.png;7;1;0;0
8/2171.png;7;1;0;0
8/2172.png;7;1;0;0
8/2173.png;7;1;0;0
8/2174.png;7;1;0;0
8/2175.png;7;1;0;0
8/2176.png;7;1;0;0
8/2177.png;7;1;0;0
8/2178.png;7;1;0;0
8/2179.png;7;1;0;0
8/2180.png;7;1;0;0
8/2181.png;7;1;0;0
8/2182.png;7;1;0;0
8/2183.png;7;1;0;0
8/2184.png;7;1;0;0
8/2185.png;7;1;0;0
8/2186.png;7;1;0;0
8/2187.png;7;1;0;0
8/2188.png;7;1;0;0
8/2189.png;7;1;0;0
8/2190.png;7;1;0;0
8/2191.png;7;1;0;0
8/2192.png;7;1;0;0
8/2193.png;7;1;0;0
8/2194.png;7;1;0;0
8/2195.png;7;1;0;0
8/2196.png;7;1;0;0
8/2197.png;7;1;0;0
8/2198.png;7;1;0;0
8/2199.png;7;1;0;0
8/2200.png;7;1;0;0
8/2201.png;7;1;0;0
8/2202.png;7;1;0;0
8/2203.png;7;1;0;0
8/2204.png;7;1;0;0
8/2205.png;7;1;0;0
8/2206.png;7;1;0;0
8/2207.png;7;1;0;0
8/2208.png;7;1;0;0
8/2209.png;7;1;0;0
8/2210.png;7;1;0;0
8/2211.png;7;1;0;0
8/2212.png;7;1;0;0
8/2213.png;7;1;0;0
8/2214.png;7;1;0;0
8/2215.png;7;1;0;0
8/2216.png;7;1;0;0
8/2217.png;7;1;0;0
8/2218.png;7;1;0;0
8/2219.png;7;1;0;0
8/2220.png;7;1;0;0
8/2221.png;7;1;0;0
8/2222.png;7;1;0;0
8/2223.png;7;1;0;0
8/2224.png;7;1;0;0
8/2225.png;7;1;0;0
8/2226.png;7;1;0;0
8/2227.png;7;1;0;0
8/2228.png;7;1;0;0
8/2229.png;7;1;0;0
8/2230.png;7;1;0;0
8/2231.png;7;1;0;0
8/2232.png;7;1;0;0
8/2233.png;7;1;0;0
8/2234.png;7;1;0;0
8/2235.png;7;1;0;0
8/2236.png;7;1;0;0
8/2237.png;7;1;0;0
8/2238.png;7;1;0;0
8/2239.png;7;1;0;0
8/2240.png;7;1;0;0
8/2241.png;7;1;0;0
8/2242.png;7;1;0;0
8/2243.png;7;1;0;0
8/2244.png;7;1;0;0
8/2245.png;7;1;0;0
8/2246.png;7;1;0;0
8/2247.png;7;1;0;0
8/2248.png;7;1;0;0
8/2249.png;7;1;0;0
8/2250.png;7;1;0;0
8/2251.png;7;1;0;0
8/2252.png;7;1;0;0
8/2253.png;7;1;0;0
8/2254.png;7;1;0;0
8/2255.png;7;1;0;0
8/2256.png;7;1;0;0
8/2257.png;7;1;0;0
8/2258.png;7;1;0;0
8/2259.png;7;1;0;0
8/2260.png;7;1;0;0
8/2261.png;7;1;0;0
8/2262.png;7;1;0;0
8/2263.png;7;1;0;0
8/2264.png;7;1;0;0
8/2265.png;7;1;0;0
8/2266.png;7;1;0;0
8/2267.png;7;1;0;0
8/2268.png;7;1;0;0
8/2269.png;7;1;0;0
8/2270.png;7;1;0;0
8/2271.png;7;1;0;0
8/2272.png;7;1;0;0
8/2273.png;7;1;0;0
8/2274.png;7;1;0;0
8/2275.png;7;1;0;0
8/2276.png;7;1;0;0
8/2277.png;7;1;0;0
8/2278.png;7;1;0;0
8/2279.png;7;1;0;0
8/2280.png;7;1;0;0
8/2281.png;7;1;0;0
8/2282.png;7;1;0;0
8/2283.png;7;1;0;0
8/2284.png;7;1;0;0
8/2285.png;7;1;0;0
8/2286.png;7;1;0;0
8/2287.png;7;1;0;0
8/2288.png;7;1;0;0
8/2289.png;7;1;0;0
8/2290.png;7;1;0;0
8/2291.png;7;1;0;0
8/2292.png;7;1;0;0
8/2293.png;7;1;0;0
8/2294.png;7;1;0;0
8/2295.png;7;1;0;0
8/2296.png;7;1;0;0
8/2297.png;7;1;0;0
8/2298.png;7;1;0;0
8/2299.png;7;1;0;0
8/2300.png;7;1;0;0
8/2301.png;7;1;0;0
8/2302.png;7;1;0;0
8/2303.png;7;1;0;0
8/2304.png;7;1;0;0
8/2305.png;7;1;0;0
8/2306.png;7;1;0;0
8/2307.png;7;1;0;0
8/2308.png;7;1;0;0
8/2309.png;7;1;0;0
8/2310.png;7;1;0;0
8/2311.png;7;1;0;0
8/2312.png;7;1;0;0
8/2313.png;7;1;0;0
8/2314.png;7;1;0;0
8/2315.png;7;1;0;0
8/2316.png;7;1;0;0
8/2317.png;7;1;0;0
8/2318.png;7;1;0;0
8/2319.png;7;1;0;0
8/2320.png;7;1;0;0
8/2321.png;7;1;0;0
8/2322.png;7;1;0;0
8/2323.png;7;1;0;0
8/2324.png;7;1;0;0
8/2325.png;7;1;0;0
8/2326.png;7;1;0;0
8/2327.png;7;1;0;0
8/2328.png;7;1;0;0
8/2329.png;7;1;0;0
8/2330.png;7;1;0;0
8/2331.png;7;1;0;0
8/2332.png;7;1;0;0
8/2333.png;7;1;0;0
8/2334.png;7;1;0;0
8/2335.png;7;1;0;0
8/2336.png;7;1;0;0
8/2337.png;7;1;0;0
8/2338.png;7;1;0;0
8/2339.png;7;1;0;0
8/2340.png;7;1;0;0
8/2341.png;7;1;0;0
8/2342.png;7;1;0;0
8/2343.png;7;1;0;0
8/2344.png;7;1;0;0
8/2345.png;7;1;0;0
8/2346.png;7;1;0;0
8/2347.png;7;1;0;0
8/2348.png;7;1;0;0
8/2349.png;7;1;0;0
8/2350.png;7;1;0;0
8/2351.png;7;1;0;0
8/2352.png;7;1;0;0
8/2353.png;7;1;0;0
8/2354.png;7;1;0;0
8/2355.png;7;1;0;0
8/2356.png;7;1;0;0
8/2357.png;7;1;0;0
8/2358.png;7;1;0;0
8/2359.png;7;1;0;0
8/2360.png;7;1;0;0
8/2361.png;7;1;0;0
8/2362.png;7;1;0;0
8/2363.png;7;1;0;0
8/2364.png;7;1;0;0
8/2365.png;7;1;0;0
8/2366.png;7;1;0;0
8/2367.png;7;1;0;0
8/2368.png;7;1;0;0
8/2369.png;7;1;0;0
8/2370.png;7;1;0;0
8/2371.png;7;1;0;0
8/2372.png;7;1;0;0
8/2373.png;7;1;0;0
8/2374.png;7;1;0;0
8/2375.png;7;1;0;0
8/2376.png;7;1;0;0
8/2377.png;7;1;0;0
8/2378.png;7;1;0;0
8/2379.png;7;1;0;0
8/2380.png;7;1;0;0
8/2381.png;7;1;0;0
8/2382.png;7;1;0;0
8/2383.png;7;1;0;0
8/2384.png;7;1;0;0
8/2385.png;7;1;0;0
8/2386.png;7;1;0;0
8/2387.png;7;1;0;0
8/2388.png;7;1;0;0
8/2389.png;7;1;0;0
8/2390.png;7;1;0;0
8/2391.png;7;1;0;0
8/2392.png;7;1;0;0
8/2393.png;7;1;0;0
8/2394.png;7;1;0;0
8/2395.png;7;1;0;0
8/2396.png;7;1;0;0
8/2397.png;7;1;0;0
8/2398.png;7;1;0;0
8/2399.png;7;1;0;0
8/2400.png;7;1;0;0
8/2401.png;7;1;0;0
8/2402.png;7;1;0;0
8/2403.png;7;1;0;0
8/2404.png;7;1;0;0
8/2405.png;7;1;0;0
8/2406.png;7;1;0;0
8/2407.png;7;1;0;0
8/2408.png;7;1;0;0
8/2409.png;7;1;0;0
8/2410.png;7;1;0;0
8/2411.png;7;1;0;0
8/2412.png;7;1;0;0
8/2413.png;7;1;0;0
8/2414.png;7;1;0;0
8/2415.png;7;1;0;0
8/2416.png;7;1;0;0
8/2417.png;7;1;0;0
8/2418.png;7;1;0;0
8/2419.png;7;1;0;0
8/2420.png;7;1;0;0
8/2421.png;7;1;0;0
8/2422.png;7;1;0;0
8/2423.png;7;1;0;0
8/2424.png;7;1;0;0
8/2425.png;7;1;0;0
8/2426.png;7;1;0;0
8/2427.png;7;1;0;0
8/2428.png;7;1;0;0
8/2429.png;7;1;0;0
8/2430.png;7;1;0;0
8/2431.png;7;1;0;0
8/2432.png;7;1;0;0
8/2433.png;7;1;0;0
8/2434.png;7;1;0;0
8/2435.png;7;1;0;0
8/2436.png;7;1;0;0
8/2437.png;7;1;0;0
8/2438.png;7;1;0;0
8/2439.png;7;1;0;0
8/2440.png;7;1;0;0
8/2441.png;7;1;0;0
8/2442.png;7;1;0;0
8/2443.png;7;1;0;0
8/2444.png;7;1;0;0
8/2445.png;7;1;0;0
8/2446.png;7;1;0;0
8/2447.png;7;1;0;0
8/2448.png;7;1;0;0
8/2449.png;7;1;0;0
8/2450.png;7;1;0;0
8/2451.png;7;1;0;0
8/2452.png;7;1;0;0
8/2453.png;7;1;0;0
8/2454.png;7;1;0;0
8/2455.png;7;1;0;0
8/2456.png;7;1;0;0
8/2457.png;7;1;0;0
8/2458.png;7;1;0;0
8/2459.png;7;1;0;0
8/2460.png;7;1;0;0
8/2461.png;7;1;0;0
8/2462.png;7;1;0;0
8/2463.png;7;1;0;0
8/2464.png;7;1;0;0
8/2465.png;7;1;0;0
8/2466.png;7;1;0;0
8/2467.png;7;1;0;0
8/2468.png;7;1;0;0
8/2469.png;7;1;0;0
8/2470.png;7;1;0;0
8/2471.png;7;1;0;0
8/2472.png;7;1;0;0
8/2473.png;7;1;0;0
8/2474.png;7;1;0;0
8/2475.png;7;1;0;0
8/2476.png;7;1;0;0
8/2477.png;7;1;0;0
8/2478.png;7;1;0;0
8/2479.png;7;1;0;0
8/2480.png;7;1;0;0
8/2481.png;7;1;0;0
8/2482.png;7;1;0;0
8/2483.png;7;1;0;0
8/2484.png;7;1;0;0
8/2485.png;7;1;0;0
8/2486.png;7;1;0;0
8/2487.png;7;1;0;0
8/2488.png;7;1;0;0
8/2489.png;7;1;0;0
8/2490.png;7;1;0;0
8/2491.png;7;1;0;0
8/2492.png;7;1;0;0
8/2493.png;7;1;0;0
8/2494.png;7;1;0;0
8/2495.png;7;1;0;0
8/2496.png;7;1;0;0
8/2497.png;7;1;0;0
8/2498.png;7;1;0;0
8/2499.png;7;1;0;0
8/2500.png;7;1;0;0
8/2501.png;7;1;0;0
8/2502.png;7;1;0;0
8/2503.png;7;1;0;0
8/2504.png;7;1;0;0
8/2505.png;7;1;0;0
8/2506.png;7;1;0;0
8/2507.png;7;1;0;0
8/2508.png;7;1;0;0
8/2509.png;7;1;0;0
8/2510.png;7;1;0;0
8/2511.png;7;1;0;0
8/2512.png;7;1;0;0
8/2513.png;7;1;0;0
8/2514.png;7;1;0;0
8/2515.png;7;1;0;0
8/2516.png;7;1;0;0
8/2517.png;7;1;0;0
8/2518.png;7;1;0;0
8/2519.png;7;1;0;0
8/2520.png;7;1;0;0
8/2521.png;7;1;0;0
8/2522.png;7;1;0;0
8/2523.png;7;1;0;0
8/2524.png;7;1;0;0
8/2525.png;7;1;0;0
8/2526.png;7;1;0;0
8/2527.png;7;1;0;0
8/2528.png;7;1;0;0
8/2529.png;7;1;0;0
8/2530.png;7;1;0;0
8/2531.png;7;1;0;0
8/2532.png;7;1;0;0
8/2533.png;7;1;0;0
8/2534.png;7;1;0;0
8/2535.png;7;1;0;0
8/2536.png;7;1;0;0
8/2537.png;7;1;0;0
8/2538.png;7;1;0;0
8/2539.png;7;1;0;0
8/2540.png;7;1;0;0
8/2541.png;7;1;0;0
8/2542.png;7;1;0;0
8/2543.png;7;1;0;0
8/2544.png;7;1;0;0
8/2545.png;7;1;0;0
8/2546.png;7;1;0;0
8/2547.png;7;1;0;0
8/2548.png;7;1;0;0
8/2549.png;7;1;0;0
8/2550.png;7;1;0;0
8/2551.png;7;1;0;0
8/2552.png;7;1;0;0
8/2553.png;7;1;0;0
8/2554.png;7;1;0;0
8/2555.png;7;1;0;0
8/2556.png;7;1;0;0
8/2557.png;7;1;0;0
8/2558.png;7;1;0;0
8/2559.png;7;1;0;0
8/2560.png;7;1;0;0
8/2561.png;7;1;0;0
8/2562.png;7;1;0;0
8/2563.png;7;1;0;0
8/2564.png;7;1;0;0
8/2565.png;7;1;0;0
8/2566.png;7;1;0;0
8/2567.png;7;1;0;0
8/2568.png;7;1;0;0
8/2569.png;7;1;0;0
8/2570.png;7;1;0;0
8/2571.png;7;1;0;0
8/2572.png;7;1;0;0
8/2573.png;7;1;0;0
8/2574.png;7;1;0;0
8/2575.png;7;1;0;0
8/2576.png;7;1;0;0
8/2577.png;7;1;0;0
8/2578.png;7;1;0;0
8/2579.png;7;1;0;0
8/2580.png;7;1;0;0
8/2581.png;7;1;0;0
8/2582.png;7;1;0;0
8/2583.png;7;1;0;0
8/2584.png;7;1;0;0
8/2585.png;7;1;0;0
8/2586.png;7;1;0;0
8/2587.png;7;1;0;0
8/2588.png;7;1;0;0
8/2589.png;7;1;0;0
8/2590.png;7;1;0;0
8/2591.png;7;1;0;0
8/2592.png;7;1;0;0
8/2593.png;7;1;0;0
8/2594.png;7;1;0;0
8/2595.png;7;1;0;0
8/2596.png;7;1;0;0
8/2597.png;7;1;0;0
8/2598.png;7;1;0;0
8/2599.png;7;1;0;0
8/2600.png;7;1;0;0
8/2601.png;7;1;0;0
8/2602.png;7;1;0;0
8/2603.png;7;1;0;0
8/2604.png;7;1;0;0
8/2605.png;7;1;0;0
8/2606.png;7;1;0;0
8/2607.png;7;1;0;0
8/2608.png;7;1;0;0
8/2609.png;7;1;0;0
8/2610.png;7;1;0;0
8/2611.png;7;1;0;0
8/2612.png;7;1;0;0
8/2613.png;7;1;0;0
8/2614.png;7;1;0;0
8/2615.png;7;1;0;0
8/2616.png;7;1;0;0
8/2617.png;7;1;0;0
8/2618.png;7;1;0;0
8/2619.png;7;1;0;0
8/2620.png;7;1;0;0
8/2621.png;7;1;0;0
8/2622.png;7;1;0;0
8/2623.png;7;1;0;0
8/2624.png;7;1;0;0
8/2625.png;7;1;0;0
8/2626.png;7;1;0;0
8/2627.png;7;1;0;0
8/2628.png;7;1;0;0
8/2629.png;7;1;0;0
8/2630.png;7;1;0;0
8/2631.png;7;1;0;0
8/2632.png;7;1;0;0
8/2633.png;7;1;0;0
8/2634.png;7;1;0;0
8/2635.png;7;1;0;0
8/2636.png;7;1;0;0
8/2637.png;7;1;0;0
8/2638.png;7;1;0;0
8/2639.png;7;1;0;0
8/2640.png;7;1;0;0
8/2641.png;7;1;0;0
8/2642.png;7;1;0;0
8/2643.png;7;1;0;0
8/2644.png;7;1;0;0
8/2645.png;7;1;0;0
8/2646.png;7;1;0;0
8/2647.png;7;1;0;0
8/2648.png;7;1;0;0
8/2649.png;7;1;0;0
8/2650.png;7;1;0;0
8/2651.png;7;1;0;0
8/2652.png;7;1;0;0
8/2653.png;7;1;0;0
8/2654.png;7;1;0;0
8/2655.png;7;1;0;0
8/2656.png;7;1;0;0
8/2657.png;7;1;0;0
8/2658.png;7;1;0;0
8/2659.png;7;1;0;0
8/2660.png;7;1;0;0
8/2661.png;7;1;0;0
8/2662.png;7;1;0;0
8/2663.png;7;1;0;0
8/2664.png;7;1;0;0
8/2665.png;7;1;0;0
8/2666.png;7;1;0;0
8/2667.png;7;1;0;0
8/2668.png;7;1;0;0
8/2669.png;7;1;0;0
8/2670.png;7;1;0;0
8/2671.png;7;1;0;0
8/2672.png;7;1;0;0
8/2673.png;7;1;0;0
8/2674.png;7;1;0;0
8/2675.png;7;1;0;0
8/2676.png;7;1;0;0
8/2677.png;7;1;0;0
8/2678.png;7;1;0;0
8/2679.png;7;1;0;0
8/2680.png;7;1;0;0
8/2681.png;7;1;0;0
8/2682.png;7;1;0;0
8/2683.png;7;1;0;0
8/2684.png;7;1;0;0
8/2685.png;7;1;0;0
8/2686.png;7;1;0;0
8/2687.png;7;1;0;0
8/2688.png;7;1;0;0
8/2689.png;7;1;0;0
8/2690.png;7;1;0;0
8/2691.png;7;1;0;0
8/2692.png;7;1;0;0
8/2693.png;7;1;0;0
8/2694.png;7;1;0;0
8/2695.png;7;1;0;0
8/2696.png;7;1;0;0
8/2697.png;7;1;0;0
8/2698.png;7;1;0;0
8/2699.png;7;1;0;0
8/2700.png;7;1;0;0
8/2701.png;7;1;0;0
8/2702.png;7;1;0;0
8/2703.png;7;1;0;0
8/2704.png;7;1;0;0
8/2705.png;7;1;0;0
8/2706.png;7;1;0;0
8/2707.png;7;1;0;0
8/2708.png;7;1;0;0
8/2709.png;7;1;0;0
8/2710.png;7;1;0;0
8/2711.png;7;1;0;0
8/2712.png;7;1;0;0
8/2713.png;7;1;0;0
8/2714.png;7;1;0;0
8/2715.png;7;1;0;0
8/2716.png;7;1;0;0
8/2717.png;7;1;0;0
8/2718.png;7;1;0;0
8/2719.png;7;1;0;0
8/2720.png;7;1;0;0
8/2721.png;7;1;0;0
8/2722.png;7;1;0;0
8/2723.png;7;1;0;0
8/2724.png;7;1;0;0
8/2725.png;7;1;0;0
8/2726.png;7;1;0;0
8/2727.png;7;1;0;0
8/2728.png;7;1;0;0
8/2729.png;7;1;0;0
8/2730.png;7;1;0;0
8/2731.png;7;1;0;0
8/2732.png;7;1;0;0
8/2733.png;7;1;0;0
8/2734.png;7;1;0;0
8/2735.png;7;1;0;0
8/2736.png;7;1;0;0
8/2737.png;7;1;0;0
8/2738.png;7;1;0;0
8/2739.png;7;1;0;0
8/2740.png;7;1;0;0
8/2741.png;7;1;0;0
8/2742.png;7;1;0;0
8/2743.png;7;1;0;0
8/2744.png;7;1;0;0
8/2745.png;7;1;0;0
8/2746.png;7;1;0;0
8/2747.png;7;1;0;0
8/2748.png;7;1;0;0
8/2749.png;7;1;0;0
8/2750.png;7;1;0;0
8/2751.png;7;1;0;0
8/2752.png;7;1;0;0
8/2753.png;7;1;0;0
8/2754.png;7;1;0;0
8/2755.png;7;1;0;0
8/2756.png;7;1;0;0
8/2757.png;7;1;0;0
8/2758.png;7;1;0;0
8/2759.png;7;1;0;0
8/2760.png;7;1;0;0
8/2761.png;7;1;0;0
8/2762.png;7;1;0;0
8/2763.png;7;1;0;0
8/2764.png;7;1;0;0
8/2765.png;7;1;0;0
8/2766.png;7;1;0;0
8/2767.png;7;1;0;0
8/2768.png;7;1;0;0
8/2769.png;7;1;0;0
8/2770.png;7;1;0;0
8/2771.png;7;1;0;0
8/2772.png;7;1;0;0
8/2773.png;7;1;0;0
8/2774.png;7;1;0;0
8/2775.png;7;1;0;0
8/2776.png;7;1;0;0
8/2777.png;7;1;0;0
8/2778.png;7;1;0;0
8/2779.png;7;1;0;0
8/2780.png;7;1;0;0
8/2781.png;7;1;0;0
8/2782.png;7;1;0;0
8/2783.png;7;1;0;0
8/2784.png;7;1;0;0
8/2785.png;7;1;0;0
8/2786.png;7;1;0;0
8/2787.png;7;1;0;0
8/2788.png;7;1;0;0
8/2789.png;7;1;0;0
8/2790.png;7;1;0;0
8/2791.png;7;1;0;0
8/2792.png;7;1;0;0
8/2793.png;7;1;0;0
8/2794.png;7;1;0;0
8/2795.png;7;1;0;0
8/2796.png;7;1;0;0
8/2797.png;7;1;0;0
8/2798.png;7;1;0;0
8/2799.png;7;1;0;0
8/2800.png;7;1;0;0
8/2801.png;7;1;0;0
8/2802.png;7;1;0;0
8/2803.png;7;1;0;0
8/2804.png;7;1;0;0
8/2805.png;7;1;0;0
8/2806.png;7;1;0;0
8/2807.png;7;1;0;0
8/2808.png;7;1;0;0
8/2809.png;7;1;0;0
8/2810.png;7;1;0;0
8/2811.png;7;1;0;0
8/2812.png;7;1;0;0
8/2813.png;7;1;0;0
8/2814.png;7;1;0;0
8/2815.png;7;1;0;0
8/2816.png;7;1;0;0
8/2817.png;7;1;0;0
8/2818.png;7;1;0;0
8/2819.png;7;1;0;0
8/2820.png;7;1;0;0
8/2821.png;7;1;0;0
8/2822.png;7;1;0;0
8/2823.png;7;1;0;0
8/2824.png;7;1;0;0
8/2825.png;7;1;0;0
8/2826.png;7;1;0;0
8/2827.png;7;1;0;0
8/2828.png;7;1;0;0
8/2829.png;7;1;0;0
8/2830.png;7;1;0;0
8/2831.png;7;1;0;0
8/2832.png;7;1;0;0
8/2833.png;7;1;0;0
8/2834.png;7;1;0;0
8/2835.png;7;1;0;0
8/2836.png;7;1;0;0
8/2837.png;7;1;0;0
8/2838.png;7;1;0;0
8/2839.png;7;1;0;0
8/2840.png;7;1;0;0
8/2841.png;7;1;0;0
8/2842.png;7;1;0;0
8/2843.png;7;1;0;0
8/2844.png;7;1;0;0
8/2845.png;7;1;0;0
8/2846.png;7;1;0;0
8/2847.png;7;1;0;0
8/2848.png;7;1;0;0
8/2849.png;7;1;0;0
8/2850.png;7;1;0;0
8/2851.png;7;1;0;0
8/2852.png;7;1;0;0
8/2853.png;7;1;0;0
8/2854.png;7;1;0;0
8/2855.png;7;1;0;0
8/2856.png;7;1;0;0
8/2857.png;7;1;0;0
8/2858.png;7;1;0;0
8/2859.png;7;1;0;0
8/2860.png;7;1;0;0
8/2861.png;7;1;0;0
8/2862.png;7;1;0;0
8/2863.png;7;1;0;0
8/2864.png;7;1;0;0
8/2865.png;7;1;0;0
8/2866.png;7;1;0;0
8/2867.png;7;1;0;0
8/2868.png;7;1;0;0
8/2869.png;7;1;0;0
8/2870.png;7;1;0;0
8/2871.png;7;1;0;0
8/2872.png;7;1;0;0
8/2873.png;7;1;0;0
8/2874.png;7;1;0;0
8/2875.png;7;1;0;0
8/2876.png;7;1;0;0
8/2877.png;7;1;0;0
8/2878.png;7;1;0;0
8/2879.png;7;1;0;0
8/2880.png;7;1;0;0
8/2881.png;7;1;0;0
8/2882.png;7;1;0;0
8/2883.png;7;1;0;0
8/2884.png;7;1;0;0
8/2885.png;7;1;0;0
8/2886.png;7;1;0;0
8/2887.png;7;1;0;0
8/2888.png;7;1;0;0
8/2889.png;7;1;0;0
8/2890.png;7;1;0;0
8/2891.png;7;1;0;0
8/2892.png;7;1;0;0
8/2893.png;7;1;0;0
8/2894.png;7;1;0;0
8/2895.png;7;1;0;0
8/2896.png;7;1;0;0
8/2897.png;7;1;0;0
8/2898.png;7;1;0;0
8/2899.png;7;1;0;0
8/2900.png;7;1;0;0
8/2901.png;7;1;0;0
8/2902.png;7;1;0;0
8/2903.png;7;1;0;0
8/2904.png;7;1;0;0
8/2905.png;7;1;0;0
8/2906.png;7;1;0;0
8/2907.png;7;1;0;0
8/2908.png;7;1;0;0
8/2909.png;7;1;0;0
8/2910.png;7;1;0;0
8/2911.png;7;1;0;0
8/2912.png;7;1;0;0
8/2913.png;7;1;0;0
8/2914.png;7;1;0;0
8/2915.png;7;1;0;0
8/2916.png;7;1;0;0
8/2917.png;7;1;0;0
8/2918.png;7;1;0;0
8/2919.png;7;1;0;0
8/2920.png;7;1;0;0
8/2921.png;7;1;0;0
8/2922.png;7;1;0;0
8/2923.png;7;1;0;0
8/2924.png;7;1;0;0
8/2925.png;7;1;0;0
8/2926.png;7;1;0;0
8/2927.png;7;1;0;0
8/2928.png;7;1;0;0
8/2929.png;7;1;0;0
8/2930.png;7;1;0;0
8/2931.png;7;1;0;0
8/2932.png;7;1;0;0
8/2933.png;7;1;0;0
8/2934.png;7;1;0;0
8/2935.png;7;1;0;0
8/2936.png;7;1;0;0
8/2937.png;7;1;0;0
8/2938.png;7;1;0;0
8/2939.png;7;1;0;0
8/2940.png;7;1;0;0
8/2941.png;7;1;0;0
8/2942.png;7;1;0;0
8/2943.png;7;1;0;0
8/2944.png;7;1;0;0
8/2945.png;7;1;0;0
8/2946.png;7;1;0;0
8/2947.png;7;1;0;0
8/2948.png;7;1;0;0
8/2949.png;7;1;0;0
8/2950.png;7;1;0;0
8/2951.png;7;1;0;0
8/2952.png;7;1;0;0
8/2953.png;7;1;0;0
8/2954.png;7;1;0;0
8/2955.png;7;1;0;0
8/2956.png;7;1;0;0
8/2957.png;7;1;0;0
8/2958.png;7;1;0;0
8/2959.png;7;1;0;0
8/2960.png;7;1;0;0
8/2961.png;7;1;0;0
8/2962.png;7;1;0;0
8/2963.png;7;1;0;0
8/2964.png;7;1;0;0
8/2965.png;7;1;0;0
8/2966.png;7;1;0;0
8/2967.png;7;1;0;0
8/2968.png;7;1;0;0
8/2969.png;7;1;0;0
8/2970.png;7;1;0;0
8/2971.png;7;1;0;0
8/2972.png;7;1;0;0
8/2973.png;7;1;0;0
8/2974.png;7;1;0;0
8/2975.png;7;1;0;0
8/2976.png;7;1;0;0
8/2977.png;7;1;0;0
8/2978.png;7;1;0;0
8/2979.png;7;1;0;0
8/2980.png;7;1;0;0
8/2981.png;7;1;0;0
8/2982.png;7;1;0;0
8/2983.png;7;1;0;0
8/2984.png;7;1;0;0
8/2985.png;7;1;0;0
8/2986.png;7;1;0;0
8/2987.png;7;1;0;0
8/2988.png;7;1;0;0
8/2989.png;7;1;0;0
8/2990.png;7;1;0;0
8/2991.png;7;1;0;0
8/2992.png;7;1;0;0
8/2993.png;7;1;0;0
8/2994.png;7;1;0;0
8/2995.png;7;1;0;0
8/2996.png;7;1;0;0
8/2997.png;7;1;0;0
8/2998.png;7;1;0;0
8/2999.png;7;1;0;0
8/3000.png;7;1;0;0
8/3001.png;7;1;0;0
8/3002.png;7;1;0;0
8/3003.png;7;1;0;0
8/3004.png;7;1;0;0
8/3005.png;7;1;0;0
8/3006.png;7;1;0;0
8/3007.png;7;1;0;0
8/3008.png;7;1;0;0
8/3009.png;7;1;0;0
8/3010.png;7;1;0;0
8/3011.png;7;1;0;0
8/3012.png;7;1;0;0
8/3013.png;7;1;0;0
8/3014.png;7;1;0;0
8/3015.png;7;1;0;0
8/3016.png;7;1;0;0
8/3017.png;7;1;0;0
8/3018.png;7;1;0;0
8/3019.png;7;1;0;0
8/3020.png;7;1;0;0
8/3021.png;7;1;0;0
8/3022.png;7;1;0;0
8/3023.png;7;1;0;0
8/3024.png;7;1;0;0
8/3025.png;7;1;0;0
8/3026.png;7;1;0;0
8/3027.png;7;1;0;0
8/3028.png;7;1;0;0
8/3029.png;7;1;0;0
8/3030.png;7;1;0;0
8/3031.png;7;1;0;0
8/3032.png;7;1;0;0
8/3033.png;7;1;0;0
8/3034.png;7;1;0;0
8/3035.png;7;1;0;0
8/3036.png;7;1;0;0
8/3037.png;7;1;0;0
8/3038.png;7;1;0;0
8/3039.png;7;1;0;0
8/3040.png;7;1;0;0
8/3041.png;7;1;0;0
8/3042.png;7;1;0;0
8/3043.png;7;1;0;0
8/3044.png;7;1;0;0
8/3045.png;7;1;0;0
8/3046.png;7;1;0;0
8/3047.png;7;1;0;0
8/3048.png;7;1;0;0
8/3049.png;7;1;0;0
8/3050.png;7;1;0;0
8/3051.png;7;1;0;0
8/3052.png;7;1;0;0
8/3053.png;7;1;0;0
8/3054.png;7;1;0;0
8/3055.png;7;1;0;0
8/3056.png;7;1;0;0
8/3057.png;7;1;0;0
8/3058.png;7;1;0;0
8/3059.png;7;1;0;0
8/3060.png;7;1;0;0
8/3061.png;7;1;0;0
8/3062.png;7;1;0;0
8/3063.png;7;1;0;0
8/3064.png;7;1;0;0
8/3065.png;7;1;0;0
8/3066.png;7;1;0;0
8/3067.png;7;1;0;0
8/3068.png;7;1;0;0
8/3069.png;7;1;0;0
8/3070.png;7;1;0;0
8/3071.png;7;1;0;0
8/3072.png;7;1;0;0
8/3073.png;7;1;0;0
8/3074.png;7;1;0;0
8/3075.png;7;1;0;0
8/3076.png;7;1;0;0
8/3077.png;7;1;0;0
8/3078.png;7;1;0;0
8/3079.png;7;1;0;0
8/3080.png;7;1;0;0
8/3081.png;7;1;0;0
8/3082.png;7;1;0;0
8/3083.png;7;1;0;0
8/3084.png;7;1;0;0
8/3085.png;7;1;0;0
8/3086.png;7;1;0;0
8/3087.png;7;1;0;0
8/3088.png;7;1;0;0
8/3089.png;7;1;0;0
8/3090.png;7;1;0;0
8/3091.png;7;1;0;0
8/3092.png;7;1;0;0
8/3093.png;7;1;0;0
8/3094.png;7;1;0;0
8/3095.png;7;1;0;0
8/3096.png;7;1;0;0
8/3097.png;7;1;0;0
8/3098.png;7;1;0;0
8/3099.png;7;1;0;0
8/3100.png;7;1;0;0
8/3101.png;7;1;0;0
8/3102.png;7;1;0;0
8/3103.png;7;1;0;0
8/3104.png;7;1;0;0
8/3105.png;7;1;0;0
8/3106.png;7;1;0;0
8/3107.png;7;1;0;0
8/3108.png;7;1;0;0
8/3109.png;7;1;0;0
8/3110.png;7;1;0;0
8/3111.png;7;1;0;0
8/3112.png;7;1;0;0
8/3113.png;7;1;0;0
8/3114.png;7;1;0;0
8/3115.png;7;1;0;0
8/3116.png;7;1;0;0
8/3117.png;7;1;0;0
8/3118.png;7;1;0;0
8/3119.png;7;1;0;0
8/3120.png;7;1;0;0
8/3121.png;7;1;0;0
8/3122.png;7;1;0;0
8/3123.png;7;1;0;0
8/3124.png;7;1;0;0
8/3125.png;7;1;0;0
8/3126.png;7;1;0;0
8/3127.png;7;1;0;0
8/3128.png;7;1;0;0
8/3129.png;7;1;0;0
8/3130.png;7;1;0;0
8/3131.png;7;1;0;0
8/3132.png;7;1;0;0
8/3133.png;7;1;0;0
8/3134.png;7;1;0;0
8/3135.png;7;1;0;0
8/3136.png;7;1;0;0
8/3137.png;7;1;0;0
8/3138.png;7;1;0;0
8/3139.png;7;1;0;0
8/3140.png;7;1;0;0
8/3141.png;7;1;0;0
8/3142.png;7;1;0;0
8/3143.png;7;1;0;0
8/3144.png;7;1;0;0
8/3145.png;7;1;0;0
8/3146.png;7;1;0;0
8/3147.png;7;1;0;0
8/3148.png;7;1;0;0
8/3149.png;7;1;0;0
8/3150.png;7;1;0;0
8/3151.png;7;1;0;0
8/3152.png;7;1;0;0
8/3153.png;7;1;0;0
8/3154.png;7;1;0;0
8/3155.png;7;1;0;0
8/3156.png;7;1;0;0
8/3157.png;7;1;0;0
8/3158.png;7;1;0;0
8/3159.png;7;1;0;0
8/3160.png;7;1;0;0
8/3161.png;7;1;0;0
8/3162.png;7;1;0;0
8/3163.png;7;1;0;0
8/3164.png;7;1;0;0
8/3165.png;7;1;0;0
8/3166.png;7;1;0;0
8/3167.png;7;1;0;0
8/3168.png;7;1;0;0
8/3169.png;7;1;0;0
8/3170.png;7;1;0;0
8/3171.png;7;1;0;0
8/3172.png;7;1;0;0
8/3173.png;7;1;0;0
8/3174.png;7;1;0;0
8/3175.png;7;1;0;0
8/3176.png;7;1;0;0
8/3177.png;7;1;0;0
8/3178.png;7;1;0;0
8/3179.png;7;1;0;0
8/3180.png;7;1;0;0
8/3181.png;7;1;0;0
8/3182.png;7;1;0;0
8/3183.png;7;1;0;0
8/3184.png;7;1;0;0
8/3185.png;7;1;0;0
8/3186.png;7;1;0;0
8/3187.png;7;1;0;0
8/3188.png;7;1;0;0
8/3189.png;7;1;0;0
8/3190.png;7;1;0;0
8/3191.png;7;1;0;0
8/3192.png;7;1;0;0
8/3193.png;7;1;0;0
8/3194.png;7;1;0;0
8/3195.png;7;1;0;0
8/3196.png;7;1;0;0
8/3197.png;7;1;0;0
8/3198.png;7;1;0;0
8/3199.png;7;1;0;0
8/3200.png;7;1;0;0
8/3201.png;7;1;0;0
8/3202.png;7;1;0;0
8/3203.png;7;1;0;0
8/3204.png;7;1;0;0
8/3205.png;7;1;0;0
8/3206.png;7;1;0;0
8/3207.png;7;1;0;0
8/3208.png;7;1;0;0
8/3209.png;7;1;0;0
8/3210.png;7;1;0;0
8/3211.png;7;1;0;0
8/3212.png;7;1;0;0
8/3213.png;7;1;0;0
8/3214.png;7;1;0;0
8/3215.png;7;1;0;0
8/3216.png;7;1;0;0
8/3217.png;7;1;0;0
8/3218.png;7;1;0;0
8/3219.png;7;1;0;0
8/3220.png;7;1;0;0
8/3221.png;7;1;0;0
8/3222.png;7;1;0;0
8/3223.png;7;1;0;0
8/3224.png;7;1;0;0
8/3225.png;7;1;0;0
8/3226.png;7;1;0;0
8/3227.png;7;1;0;0
8/3228.png;7;1;0;0
8/3229.png;7;1;0;0
8/3230.png;7;1;0;0
8/3231.png;7;1;0;0
8/3232.png;7;1;0;0
8/3233.png;7;1;0;0
8/3234.png;7;1;0;0
8/3235.png;7;1;0;0
8/3236.png;7;1;0;0
8/3237.png;7;1;0;0
8/3238.png;7;1;0;0
8/3239.png;7;1;0;0
8/3240.png;7;1;0;0
8/3241.png;7;1;0;0
8/3242.png;7;1;0;0
8/3243.png;7;1;0;0
8/3244.png;7;1;0;0
8/3245.png;7;1;0;0
8/3246.png;7;1;0;0
8/3247.png;7;1;0;0
8/3248.png;7;1;0;0
8/3249.png;7;1;0;0
8/3250.png;7;1;0;0
8/3251.png;7;1;0;0
8/3252.png;7;1;0;0
8/3253.png;7;1;0;0
8/3254.png;7;1;0;0
8/3255.png;7;1;0;0
8/3256.png;7;1;0;0
8/3257.png;7;1;0;0
8/3258.png;7;1;0;0
8/3259.png;7;1;0;0
8/3260.png;7;1;0;0
8/3261.png;7;1;0;0
8/3262.png;7;1;0;0
8/3263.png;7;1;0;0
8/3264.png;7;1;0;0
8/3265.png;7;1;0;0
8/3266.png;7;1;0;0
8/3267.png;7;1;0;0
8/3268.png;7;1;0;0
8/3269.png;7;1;0;0
8/3270.png;7;1;0;0
8/3271.png;7;1;0;0
8/3272.png;7;1;0;0
8/3273.png;7;1;0;0
8/3274.png;7;1;0;0
8/3275.png;7;1;0;0
8/3276.png;7;1;0;0
8/3277.png;7;1;0;0
8/3278.png;7;1;0;0
8/3279.png;7;1;0;0
8/3280.png;7;1;0;0
8/3281.png;7;1;0;0
8/3282.png;7;1;0;0
8/3283.png;7;1;0;0
8/3284.png;7;1;0;0
8/3285.png;7;1;0;0
8/3286.png;7;1;0;0
8/3287.png;7;1;0;0
8/3288.png;7;1;0;0
8/3289.png;7;1;0;0
8/3290.png;7;1;0;0
8/3291.png;7;1;0;0
8/3292.png;7;1;0;0
8/3293.png;7;1;0;0
8/3294.png;7;1;0;0
8/3295.png;7;1;0;0
8/3296.png;7;1;0;0
8/3297.png;7;1;0;0
8/3298.png;7;1;0;0
8/3299.png;7;1;0;0
8/3300.png;7;1;0;0
8/3301.png;7;1;0;0
8/3302.png;7;1;0;0
8/3303.png;7;1;0;0
8/3304.png;7;1;0;0
8/3305.png;7;1;0;0
8/3306.png;7;1;0;0
8/3307.png;7;1;0;0
8/3308.png;7;1;0;0
8/3309.png;7;1;0;0
8/3310.png;7;1;0;0
8/3311.png;7;1;0;0
8/3312.png;7;1;0;0
8/3313.png;7;1;0;0
8/3314.png;7;1;0;0
8/3315.png;7;1;0;0
8/3316.png;7;1;0;0
8/3317.png;7;1;0;0
8/3318.png;7;1;0;0
8/3319.png;7;1;0;0
8/3320.png;7;1;0;0
8/3321.png;7;1;0;0
8/3322.png;7;1;0;0
8/3323.png;7;1;0;0
8/3324.png;7;1;0;0
8/3325.png;7;1;0;0
8/3326.png;7;1;0;0
8/3327.png;7;1;0;0
8/3328.png;7;1;0;0
8/3329.png;7;1;0;0
8/3330.png;7;1;0;0
8/3331.png;7;1;0;0
8/3332.png;7;1;0;0
8/3333.png;7;1;0;0
8/3334.png;7;1;0;0
8/3335.png;7;1;0;0
8/3336.png;7;1;0;0
8/3337.png;7;1;0;0
8/3338.png;7;1;0;0
8/3339.png;7;1;0;0
8/3340.png;7;1;0;0
8/3341.png;7;1;0;0
8/3342.png;7;1;0;0
8/3343.png;7;1;0;0
8/3344.png;7;1;0;0
8/3345.png;7;1;0;0
8/3346.png;7;1;0;0
8/3347.png;7;1;0;0
8/3348.png;7;1;0;0
8/3349.png;7;1;0;0
8/3350.png;7;1;0;0
8/3351.png;7;1;0;0
8/3352.png;7;1;0;0
8/3353.png;7;1;0;0
8/3354.png;7;1;0;0
8/3355.png;7;1;0;0
8/3356.png;7;1;0;0
8/3357.png;7;1;0;0
8/3358.png;7;1;0;0
8/3359.png;7;1;0;0
8/3360.png;7;1;0;0
8/3361.png;7;1;0;0
8/3362.png;7;1;0;0
8/3363.png;7;1;0;0
8/3364.png;7;1;0;0
8/3365.png;7;1;0;0
8/3366.png;7;1;0;0
8/3367.png;7;1;0;0
8/3368.png;7;1;0;0
8/3369.png;7;1;0;0
8/3370.png;7;1;0;0
8/3371.png;7;1;0;0
8/3372.png;7;1;0;0
8/3373.png;7;1;0;0
8/3374.png;7;1;0;0
8/3375.png;7;1;0;0
8/3376.png;7;1;0;0
8/3377.png;7;1;0;0
8/3378.png;7;1;0;0
8/3379.png;7;1;0;0
8/3380.png;7;1;0;0
8/3381.png;7;1;0;0
8/3382.png;7;1;0;0
8/3383.png;7;1;0;0
8/3384.png;7;1;0;0
8/3385.png;7;1;0;0
8/3386.png;7;1;0;0
8/3387.png;7;1;0;0
8/3388.png;7;1;0;0
8/3389.png;7;1;0;0
8/3390.png;7;1;0;0
8/3391.png;7;1;0;0
8/3392.png;7;1;0;0
8/3393.png;7;1;0;0
8/3394.png;7;1;0;0
8/3395.png;7;1;0;0
8/3396.png;7;1;0;0
8/3397.png;7;1;0;0
8/3398.png;7;1;0;0
8/3399.png;7;1;0;0
8/3400.png;7;1;0;0
8/3401.png;7;1;0;0
8/3402.png;7;1;0;0
8/3403.png;7;1;0;0
8/3404.png;7;1;0;0
8/3405.png;7;1;0;0
8/3406.png;7;1;0;0
8/3407.png;7;1;0;0
8/3408.png;7;1;0;0
8/3409.png;7;1;0;0
8/3410.png;7;1;0;0
8/3411.png;7;1;0;0
8/3412.png;7;1;0;0
8/3413.png;7;1;0;0
8/3414.png;7;1;0;0
8/3415.png;7;1;0;0
8/3416.png;7;1;0;0
8/3417.png;7;1;0;0
8/3418.png;7;1;0;0
8/3419.png;7;1;0;0
8/3420.png;7;1;0;0
8/3421.png;7;1;0;0
8/3422.png;7;1;0;0
8/3423.png;7;1;0;0
8/3424.png;7;1;0;0
8/3425.png;7;1;0;0
8/3426.png;7;1;0;0
8/3427.png;7;1;0;0
8/3428.png;7;1;0;0
8/3429.png;7;1;0;0
8/3430.png;7;1;0;0
8/3431.png;7;1;0;0
8/3432.png;7;1;0;0
8/3433.png;7;1;0;0
8/3434.png;7;1;0;0
8/3435.png;7;1;0;0
8/3436.png;7;1;0;0
8/3437.png;7;1;0;0
8/3438.png;7;1;0;0
8/3439.png;7;1;0;0
8/3440.png;7;1;0;0
8/3441.png;7;1;0;0
8/3442.png;7;1;0;0
8/3443.png;7;1;0;0
8/3444.png;7;1;0;0
8/3445.png;7;1;0;0
8/3446.png;7;1;0;0
8/3447.png;7;1;0;0
8/3448.png;7;1;0;0
8/3449.png;7;1;0;0
8/3450.png;7;1;0;0
8/3451.png;7;1;0;0
8/3452.png;7;1;0;0
8/3453.png;7;1;0;0
8/3454.png;7;1;0;0
8/3455.png;7;1;0;0
8/3456.png;7;1;0;0
8/3457.png;7;1;0;0
8/3458.png;7;1;0;0
8/3459.png;7;1;0;0
8/3460.png;7;1;0;0
8/3461.png;7;1;0;0
8/3462.png;7;1;0;0
8/3463.png;7;1;0;0
8/3464.png;7;1;0;0
8/3465.png;7;1;0;0
8/3466.png;7;1;0;0
8/3467.png;7;1;0;0
8/3468.png;7;1;0;0
8/3469.png;7;1;0;0
8/3470.png;7;1;0;0
8/3471.png;7;1;0;0
8/3472.png;7;1;0;0
8/3473.png;7;1;0;0
8/3474.png;7;1;0;0
8/3475.png;7;1;0;0
8/3476.png;7;1;0;0
8/3477.png;7;1;0;0
8/3478.png;7;1;0;0
8/3479.png;7;1;0;0
8/3480.png;7;1;0;0
8/3481.png;7;1;0;0
8/3482.png;7;1;0;0
8/3483.png;7;1;0;0
8/3484.png;7;1;0;0
8/3485.png;7;1;0;0
8/3486.png;7;1;0;0
8/3487.png;7;1;0;0
8/3488.png;7;1;0;0
8/3489.png;7;1;0;0
8/3490.png;7;1;0;0
8/3491.png;7;1;0;0
8/3492.png;7;1;0;0
8/3493.png;7;1;0;0
8/3494.png;7;1;0;0
8/3495.png;7;1;0;0
8/3496.png;7;1;0;0
8/3497.png;7;1;0;0
8/3498.png;7;1;0;0
8/3499.png;7;1;0;0
8/3500.png;7;1;0;0
8/3501.png;7;1;0;0
8/3502.png;7;1;0;0
8/3503.png;7;1;0;0
8/3504.png;7;1;0;0
8/3505.png;7;1;0;0
8/3506.png;7;1;0;0
8/3507.png;7;1;0;0
8/3508.png;7;1;0;0
8/3509.png;7;1;0;0
8/3510.png;7;1;0;0
8/3511.png;7;1;0;0
8/3512.png;7;1;0;0
8/3513.png;7;1;0;0
8/3514.png;7;1;0;0
8/3515.png;7;1;0;0
8/3516.png;7;1;0;0
8/3517.png;7;1;0;0
8/3518.png;7;1;0;0
8/3519.png;7;1;0;0
8/3520.png;7;1;0;0
8/3521.png;7;1;0;0
8/3522.png;7;1;0;0
8/3523.png;7;1;0;0
8/3524.png;7;1;0;0
8/3525.png;7;1;0;0
8/3526.png;7;1;0;0
8/3527.png;7;1;0;0
8/3528.png;7;1;0;0
8/3529.png;7;1;0;0
8/3530.png;7;1;0;0
8/3531.png;7;1;0;0
8/3532.png;7;1;0;0
8/3533.png;7;1;0;0
8/3534.png;7;1;0;0
8/3535.png;7;1;0;0
8/3536.png;7;1;0;0
8/3537.png;7;1;0;0
8/3538.png;7;1;0;0
8/3539.png;7;1;0;0
8/3540.png;7;1;0;0
8/3541.png;7;1;0;0
8/3542.png;7;1;0;0
8/3543.png;7;1;0;0
8/3544.png;7;1;0;0
8/3545.png;7;1;0;0
8/3546.png;7;1;0;0
8/3547.png;7;1;0;0
8/3548.png;7;1;0;0
8/3549.png;7;1;0;0
8/3550.png;7;1;0;0
8/3551.png;7;1;0;0
8/3552.png;7;1;0;0
8/3553.png;7;1;0;0
8/3554.png;7;1;0;0
8/3555.png;7;1;0;0
8/3556.png;7;1;0;0
8/3557.png;7;1;0;0
8/3558.png;7;1;0;0
8/3559.png;7;1;0;0
8/3560.png;7;1;0;0
8/3561.png;7;1;0;0
8/3562.png;7;1;0;0
8/3563.png;7;1;0;0
8/3564.png;7;1;0;0
8/3565.png;7;1;0;0
8/3566.png;7;1;0;0
8/3567.png;7;1;0;0
8/3568.png;7;1;0;0
8/3569.png;7;1;0;0
8/3570.png;7;1;0;0
8/3571.png;7;1;0;0
8/3572.png;7;1;0;0
8/3573.png;7;1;0;0
8/3574.png;7;1;0;0
8/3575.png;7;1;0;0
8/3576.png;7;1;0;0
8/3577.png;7;1;0;0
8/3578.png;7;1;0;0
8/3579.png;7;1;0;0
8/3580.png;7;1;0;0
8/3581.png;7;1;0;0
8/3582.png;7;1;0;0
8/3583.png;7;1;0;0
8/3584.png;7;1;0;0
8/3585.png;7;1;0;0
8/3586.png;7;1;0;0
8/3587.png;7;1;0;0
8/3588.png;7;1;0;0
8/3589.png;7;1;0;0
8/3590.png;7;1;0;0
8/3591.png;7;1;0;0
8/3592.png;7;1;0;0
8/3593.png;7;1;0;0
8/3594.png;7;1;0;0
8/3595.png;7;1;0;0
8/3596.png;7;1;0;0
8/3597.png;7;1;0;0
8/3598.png;7;1;0;0
8/3599.png;7;1;0;0
8/3600.png;7;1;0;0
8/3601.png;7;1;0;0
8/3602.png;7;1;0;0
8/3603.png;7;1;0;0
8/3604.png;7;1;0;0
8/3605.png;7;1;0;0
8/3606.png;7;1;0;0
8/3607.png;7;1;0;0
8/3608.png;7;1;0;0
8/3609.png;7;1;0;0
8/3610.png;7;1;0;0
8/3611.png;7;1;0;0
8/3612.png;7;1;0;0
8/3613.png;7;1;0;0
8/3614.png;7;1;0;0
8/3615.png;7;1;0;0
8/3616.png;7;1;0;0
8/3617.png;7;1;0;0
8/3618.png;7;1;0;0
8/3619.png;7;1;0;0
8/3620.png;7;1;0;0
8/3621.png;7;1;0;0
8/3622.png;7;1;0;0
8/3623.png;7;1;0;0
8/3624.png;7;1;0;0
8/3625.png;7;1;0;0
8/3626.png;7;1;0;0
8/3627.png;7;1;0;0
8/3628.png;7;1;0;0
8/3629.png;7;1;0;0
8/3630.png;7;1;0;0
8/3631.png;7;1;0;0
8/3632.png;7;1;0;0
8/3633.png;7;1;0;0
8/3634.png;7;1;0;0
8/3635.png;7;1;0;0
8/3636.png;7;1;0;0
8/3637.png;7;1;0;0
8/3638.png;7;1;0;0
8/3639.png;7;1;0;0
8/3640.png;7;1;0;0
8/3641.png;7;1;0;0
8/3642.png;7;1;0;0
8/3643.png;7;1;0;0
8/3644.png;7;1;0;0
8/3645.png;7;1;0;0
8/3646.png;7;1;0;0
8/3647.png;7;1;0;0
8/3648.png;7;1;0;0
8/3649.png;7;1;0;0
8/3650.png;7;1;0;0
8/3651.png;7;1;0;0
8/3652.png;7;1;0;0
8/3653.png;7;1;0;0
8/3654.png;7;1;0;0
8/3655.png;7;1;0;0
8/3656.png;7;1;0;0
8/3657.png;7;1;0;0
8/3658.png;7;1;0;0
8/3659.png;7;1;0;0
8/3660.png;7;1;0;0
8/3661.png;7;1;0;0
8/3662.png;7;1;0;0
8/3663.png;7;1;0;0
8/3664.png;7;1;0;0
8/3665.png;7;1;0;0
8/3666.png;7;1;0;0
8/3667.png;7;1;0;0
8/3668.png;7;1;0;0
8/3669.png;7;1;0;0
8/3670.png;7;1;0;0
8/3671.png;7;1;0;0
8/3672.png;7;1;0;0
8/3673.png;7;1;0;0
8/3674.png;7;1;0;0
8/3675.png;7;1;0;0
8/3676.png;7;1;0;0
8/3677.png;7;1;0;0
8/3678.png;7;1;0;0
8/3679.png;7;1;0;0
8/3680.png;7;1;0;0
8/3681.png;7;1;0;0
8/3682.png;7;1;0;0
8/3683.png;7;1;0;0
8/3684.png;7;1;0;0
8/3685.png;7;1;0;0
8/3686.png;7;1;0;0
8/3687.png;7;1;0;0
8/3688.png;7;1;0;0
8/3689.png;7;1;0;0
8/3690.png;7;1;0;0
8/3691.png;7;1;0;0
8/3692.png;7;1;0;0
8/3693.png;7;1;0;0
8/3694.png;7;1;0;0
8/3695.png;7;1;0;0
8/3696.png;7;1;0;0
8/3697.png;7;1;0;0
8/3698.png;7;1;0;0
8/3699.png;7;1;0;0
8/3700.png;7;1;0;0
8/3701.png;7;1;0;0
8/3702.png;7;1;0;0
8/3703.png;7;1;0;0
8/3704.png;7;1;0;0
8/3705.png;7;1;0;0
8/3706.png;7;1;0;0
8/3707.png;7;1;0;0
8/3708.png;7;1;0;0
8/3709.png;7;1;0;0
8/3710.png;7;1;0;0
8/3711.png;7;1;0;0
8/3712.png;7;1;0;0
8/3713.png;7;1;0;0
8/3714.png;7;1;0;0
8/3715.png;7;1;0;0
8/3716.png;7;1;0;0
8/3717.png;7;1;0;0
8/3718.png;7;1;0;0
8/3719.png;7;1;0;0
8/3720.png;7;1;0;0
8/3721.png;7;1;0;0
8/3722.png;7;1;0;0
8/3723.png;7;1;0;0
8/3724.png;7;1;0;0
8/3725.png;7;1;0;0
8/3726.png;7;1;0;0
8/3727.png;7;1;0;0
8/3728.png;7;1;0;0
8/3729.png;7;1;0;0
8/3730.png;7;1;0;0
8/3731.png;7;1;0;0
8/3732.png;7;1;0;0
8/3733.png;7;1;0;0
8/3734.png;7;1;0;0
8/3735.png;7;1;0;0
8/3736.png;7;1;0;0
8/3737.png;7;1;0;0
8/3738.png;7;1;0;0
8/3739.png;7;1;0;0
8/3740.png;7;1;0;0
8/3741.png;7;1;0;0
8/3742.png;7;1;0;0
8/3743.png;7;1;0;0
8/3744.png;7;1;0;0
8/3745.png;7;1;0;0
8/3746.png;7;1;0;0
8/3747.png;7;1;0;0
8/3748.png;7;1;0;0
8/3749.png;7;1;0;0
8/3750.png;7;1;0;0
8/3751.png;7;1;0;0
8/3752.png;7;1;0;0
8/3753.png;7;1;0;0
8/3754.png;7;1;0;0
8/3755.png;7;1;0;0
8/3756.png;7;1;0;0
8/3757.png;7;1;0;0
8/3758.png;7;1;0;0
8/3759.png;7;1;0;0
8/3760.png;7;1;0;0
8/3761.png;7;1;0;0
8/3762.png;7;1;0;0
8/3763.png;7;1;0;0
8/3764.png;7;1;0;0
8/3765.png;7;1;0;0
8/3766.png;7;1;0;0
8/3767.png;7;1;0;0
8/3768.png;7;1;0;0
8/3769.png;7;1;0;0
8/3770.png;7;1;0;0
8/3771.png;7;1;0;0
8/3772.png;7;1;0;0
8/3773.png;7;1;0;0
8/3774.png;7;1;0;0
8/3775.png;7;1;0;0
8/3776.png;7;1;0;0
8/3777.png;7;1;0;0
8/3778.png;7;1;0;0
8/3779.png;7;1;0;0
8/3780.png;7;1;0;0
8/3781.png;7;1;0;0
8/3782.png;7;1;0;0
8/3783.png;7;1;0;0
8/3784.png;7;1;0;0
8/3785.png;7;1;0;0
8/3786.png;7;1;0;0
8/3787.png;7;1;0;0
8/3788.png;7;1;0;0
8/3789.png;7;1;0;0
8/3790.png;7;1;0;0
8/3791.png;7;1;0;0
8/3792.png;7;1;0;0
8/3793.png;7;1;0;0
8/3794.png;7;1;0;0
8/3795.png;7;1;0;0
8/3796.png;7;1;0;0
8/3797.png;7;1;0;0
8/3798.png;7;1;0;0
8/3799.png;7;1;0;0
8/3800.png;7;1;0;0
8/3801.png;7;1;0;0
8/3802.png;7;1;0;0
8/3803.png;7;1;0;0
8/3804.png;7;1;0;0
8/3805.png;7;1;0;0
8/3806.png;7;1;0;0
8/3807.png;7;1;0;0
8/3808.png;7;1;0;0
8/3809.png;7;1;0;0
8/3810.png;7;1;0;0
8/3811.png;7;1;0;0
8/3812.png;7;1;0;0
8/3813.png;7;1;0;0
8/3814.png;7;1;0;0
8/3815.png;7;1;0;0
8/3816.png;7;1;0;0
8/3817.png;7;1;0;0
8/3818.png;7;1;0;0
8/3819.png;7;1;0;0
8/3820.png;7;1;0;0
8/3821.png;7;1;0;0
8/3822.png;7;1;0;0
8/3823.png;7;1;0;0
8/3824.png;7;1;0;0
8/3825.png;7;1;0;0
8/3826.png;7;1;0;0
8/3827.png;7;1;0;0
8/3828.png;7;1;0;0
8/3829.png;7;1;0;0
8/3830.png;7;1;0;0
8/3831.png;7;1;0;0
8/3832.png;7;1;0;0
8/3833.png;7;1;0;0
8/3834.png;7;1;0;0
8/3835.png;7;1;0;0
8/3836.png;7;1;0;0
8/3837.png;7;1;0;0
8/3838.png;7;1;0;0
8/3839.png;7;1;0;0
8/3840.png;7;1;0;0
8/3841.png;7;1;0;0
8/3842.png;7;1;0;0
8/3843.png;7;1;0;0
8/3844.png;7;1;0;0
8/3845.png;7;1;0;0
8/3846.png;7;1;0;0
8/3847.png;7;1;0;0
8/3848.png;7;1;0;0
8/3849.png;7;1;0;0
8/3850.png;7;1;0;0
8/3851.png;7;1;0;0
8/3852.png;7;1;0;0
8/3853.png;7;1;0;0
8/3854.png;7;1;0;0
8/3855.png;7;1;0;0
8/3856.png;7;1;0;0
8/3857.png;7;1;0;0
8/3858.png;7;1;0;0
8/3859.png;7;1;0;0
8/3860.png;7;1;0;0
8/3861.png;7;1;0;0
8/3862.png;7;1;0;0
8/3863.png;7;1;0;0
8/3864.png;7;1;0;0
8/3865.png;7;1;0;0
8/3866.png;7;1;0;0
8/3867.png;7;1;0;0
8/3868.png;7;1;0;0
8/3869.png;7;1;0;0
8/3870.png;7;1;0;0
8/3871.png;7;1;0;0
8/3872.png;7;1;0;0
8/3873.png;7;1;0;0
8/3874.png;7;1;0;0
8/3875.png;7;1;0;0
8/3876.png;7;1;0;0
8/3877.png;7;1;0;0
8/3878.png;7;1;0;0
8/3879.png;7;1;0;0
8/3880.png;7;1;0;0
8/3881.png;7;1;0;0
8/3882.png;7;1;0;0
8/3883.png;7;1;0;0
8/3884.png;7;1;0;0
8/3885.png;7;1;0;0
8/3886.png;7;1;0;0
8/3887.png;7;1;0;0
8/3888.png;7;1;0;0
8/3889.png;7;1;0;0
8/3890.png;7;1;0;0
8/3891.png;7;1;0;0
8/3892.png;7;1;0;0
8/3893.png;7;1;0;0
8/3894.png;7;1;0;0
8/3895.png;7;1;0;0
8/3896.png;7;1;0;0
8/3897.png;7;1;0;0
8/3898.png;7;1;0;0
8/3899.png;7;1;0;0
8/3900.png;7;1;0;0
8/3901.png;7;1;0;0
8/3902.png;7;1;0;0
8/3903.png;7;1;0;0
8/3904.png;7;1;0;0
8/3905.png;7;1;0;0
8/3906.png;7;1;0;0
8/3907.png;7;1;0;0
8/3908.png;7;1;0;0
8/3909.png;7;1;0;0
8/3910.png;7;1;0;0
8/3911.png;7;1;0;0
8/3912.png;7;1;0;0
8/3913.png;7;1;0;0
8/3914.png;7;1;0;0
8/3915.png;7;1;0;0
8/3916.png;7;1;0;0
8/3917.png;7;1;0;0
8/3918.png;7;1;0;0
8/3919.png;7;1;0;0
8/3920.png;7;1;0;0
8/3921.png;7;1;0;0
8/3922.png;7;1;0;0
8/3923.png;7;1;0;0
8/3924.png;7;1;0;0
8/3925.png;7;1;0;0
8/3926.png;7;1;0;0
8/3927.png;7;1;0;0
8/3928.png;7;1;0;0
8/3929.png;7;1;0;0
8/3930.png;7;1;0;0
8/3931.png;7;1;0;0
8/3932.png;7;1;0;0
8/3933.png;7;1;0;0
8/3934.png;7;1;0;0
8/3935.png;7;1;0;0
8/3936.png;7;1;0;0
8/3937.png;7;1;0;0
8/3938.png;7;1;0;0
8/3939.png;7;1;0;0
8/3940.png;7;1;0;0
8/3941.png;7;1;0;0
8/3942.png;7;1;0;0
8/3943.png;7;1;0;0
8/3944.png;7;1;0;0
8/3945.png;7;1;0;0
8/3946.png;7;1;0;0
8/3947.png;7;1;0;0
8/3948.png;7;1;0;0
8/3949.png;7;1;0;0
8/3950.png;7;1;0;0
8/3951.png;7;1;0;0
8/3952.png;7;1;0;0
8/3953.png;7;1;0;0
8/3954.png;7;1;0;0
8/3955.png;7;1;0;0
8/3956.png;7;1;0;0
8/3957.png;7;1;0;0
8/3958.png;7;1;0;0
8/3959.png;7;1;0;0
8/3960.png;7;1;0;0
8/3961.png;7;1;0;0
8/3962.png;7;1;0;0
8/3963.png;7;1;0;0
8/3964.png;7;1;0;0
8/3965.png;7;1;0;0
8/3966.png;7;1;0;0
8/3967.png;7;1;0;0
8/3968.png;7;1;0;0
8/3969.png;7;1;0;0
8/3970.png;7;1;0;0
8/3971.png;7;1;0;0
8/3972.png;7;1;0;0
8/3973.png;7;1;0;0
8/3974.png;7;1;0;0
8/3975.png;7;1;0;0
8/3976.png;7;1;0;0
8/3977.png;7;1;0;0
8/3978.png;7;1;0;0
8/3979.png;7;1;0;0
8/3980.png;7;1;0;0
8/3981.png;7;1;0;0
8/3982.png;7;1;0;0
8/3983.png;7;1;0;0
8/3984.png;7;1;0;0
8/3985.png;7;1;0;0
8/3986.png;7;1;0;0
8/3987.png;7;1;0;0
8/3988.png;7;1;0;0
8/3989.png;7;1;0;0
8/3990.png;7;1;0;0
8/3991.png;7;1;0;0
8/3992.png;7;1;0;0
8/3993.png;7;1;0;0
8/3994.png;7;1;0;0
8/3995.png;7;1;0;0
8/3996.png;7;1;0;0
8/3997.png;7;1;0;0
8/3998.png;7;1;0;0
8/3999.png;7;1;0;0
8/4000.png;7;1;0;0
8/4001.png;7;1;0;0
8/4002.png;7;1;0;0
8/4003.png;7;1;0;0
8/4004.png;7;1;0;0
8/4005.png;7;1;0;0
8/4006.png;7;1;0;0
8/4007.png;7;1;0;0
8/4008.png;7;1;0;0
8/4009.png;7;1;0;0
8/4010.png;7;1;0;0
8/4011.png;7;1;0;0
8/4012.png;7;1;0;0
8/4013.png;7;1;0;0
8/4014.png;7;1;0;0
8/4015.png;7;1;0;0
8/4016.png;7;1;0;0
8/4017.png;7;1;0;0
8/4018.png;7;1;0;0
8/4019.png;7;1;0;0
8/4020.png;7;1;0;0
8/4021.png;7;1;0;0
8/4022.png;7;1;0;0
8/4023.png;7;1;0;0
8/4024.png;7;1;0;0
8/4025.png;7;1;0;0
8/4026.png;7;1;0;0
8/4027.png;7;1;0;0
8/4028.png;7;1;0;0
8/4029.png;7;1;0;0
8/4030.png;7;1;0;0
8/4031.png;7;1;0;0
8/4032.png;7;1;0;0
8/4033.png;7;1;0;0
8/4034.png;7;1;0;0
8/4035.png;7;1;0;0
8/4036.png;7;1;0;0
8/4037.png;7;1;0;0
8/4038.png;7;1;0;0
8/4039.png;7;1;0;0
8/4040.png;7;1;0;0
8/4041.png;7;1;0;0
8/4042.png;7;1;0;0
8/4043.png;7;1;0;0
8/4044.png;7;1;0;0
8/4045.png;7;1;0;0
8/4046.png;7;1;0;0
8/4047.png;7;1;0;0
8/4048.png;7;1;0;0
8/4049.png;7;1;0;0
8/4050.png;7;1;0;0
8/4051.png;7;1;0;0
8/4052.png;7;1;0;0
8/4053.png;7;1;0;0
8/4054.png;7;1;0;0
8/4055.png;7;1;0;0
8/4056.png;7;1;0;0
8/4057.png;7;1;0;0
8/4058.png;7;1;0;0
8/4059.png;7;1;0;0
8/4060.png;7;1;0;0
8/4061.png;7;1;0;0
8/4062.png;7;1;0;0
8/4063.png;7;1;0;0
8/4064.png;7;1;0;0
8/4065.png;7;1;0;0
8/4066.png;7;1;0;0
8/4067.png;7;1;0;0
8/4068.png;7;1;0;0
8/4069.png;7;1;0;0
8/4070.png;7;1;0;0
8/4071.png;7;1;0;0
8/4072.png;7;1;0;0
8/4073.png;7;1;0;0
8/4074.png;7;1;0;0
8/4075.png;7;1;0;0
8/4076.png;7;1;0;0
8/4077.png;7;1;0;0
8/4078.png;7;1;0;0
8/4079.png;7;1;0;0
8/4080.png;7;1;0;0
8/4081.png;7;1;0;0
8/4082.png;7;1;0;0
8/4083.png;7;1;0;0
8/4084.png;7;1;0;0
8/4085.png;7;1;0;0
8/4086.png;7;1;0;0
8/4087.png;7;1;0;0
8/4088.png;7;1;0;0
8/4089.png;7;1;0;0
8/4090.png;7;1;0;0
8/4091.png;7;1;0;0
8/4092.png;7;1;0;0
8/4093.png;7;1;0;0
8/4094.png;7;1;0;0
8/4095.png;7;1;0;0
8/4096.png;7;1;0;0
8/4097.png;7;1;0;0
8/4098.png;7;1;0;0
8/4099.png;7;1;0;0
8/4100.png;7;1;0;0
8/4101.png;7;1;0;0
8/4102.png;7;1;0;0
8/4103.png;7;1;0;0
8/4104.png;7;1;0;0
8/4105.png;7;1;0;0
8/4106.png;7;1;0;0
8/4107.png;7;1;0;0
8/4108.png;7;1;0;0
8/4109.png;7;1;0;0
8/4110.png;7;1;0;0
8/4111.png;7;1;0;0
8/4112.png;7;1;0;0
8/4113.png;7;1;0;0
8/4114.png;7;1;0;0
8/4115.png;7;1;0;0
8/4116.png;7;1;0;0
8/4117.png;7;1;0;0
8/4118.png;7;1;0;0
8/4119.png;7;1;0;0
8/4120.png;7;1;0;0
8/4121.png;7;1;0;0
8/4122.png;7;1;0;0
8/4123.png;7;1;0;0
8/4124.png;7;1;0;0
8/4125.png;7;1;0;0
8/4126.png;7;1;0;0
8/4127.png;7;1;0;0
8/4128.png;7;1;0;0
8/4129.png;7;1;0;0
8/4130.png;7;1;0;0
8/4131.png;7;1;0;0
8/4132.png;7;1;0;0
8/4133.png;7;1;0;0
8/4134.png;7;1;0;0
8/4135.png;7;1;0;0
8/4136.png;7;1;0;0
8/4137.png;7;1;0;0
8/4138.png;7;1;0;0
8/4139.png;7;1;0;0
8/4140.png;7;1;0;0
8/4141.png;7;1;0;0
8/4142.png;7;1;0;0
8/4143.png;7;1;0;0
8/4144.png;7;1;0;0
8/4145.png;7;1;0;0
8/4146.png;7;1;0;0
8/4147.png;7;1;0;0
8/4148.png;7;1;0;0
8/4149.png;7;1;0;0
8/4150.png;7;1;0;0
8/4151.png;7;1;0;0
8/4152.png;7;1;0;0
8/4153.png;7;1;0;0
8/4154.png;7;1;0;0
8/4155.png;7;1;0;0
8/4156.png;7;1;0;0
8/4157.png;7;1;0;0
8/4158.png;7;1;0;0
8/4159.png;7;1;0;0
8/4160.png;7;1;0;0
8/4161.png;7;1;0;0
8/4162.png;7;1;0;0
8/4163.png;7;1;0;0
8/4164.png;7;1;0;0
8/4165.png;7;1;0;0
8/4166.png;7;1;0;0
8/4167.png;7;1;0;0
8/4168.png;7;1;0;0
8/4169.png;7;1;0;0
8/4170.png;7;1;0;0
8/4171.png;7;1;0;0
8/4172.png;7;1;0;0
8/4173.png;7;1;0;0
8/4174.png;7;1;0;0
8/4175.png;7;1;0;0
8/4176.png;7;1;0;0
8/4177.png;7;1;0;0
8/4178.png;7;1;0;0
8/4179.png;7;1;0;0
8/4180.png;7;1;0;0
8/4181.png;7;1;0;0
8/4182.png;7;1;0;0
8/4183.png;7;1;0;0
8/4184.png;7;1;0;0
8/4185.png;7;1;0;0
8/4186.png;7;1;0;0
8/4187.png;7;1;0;0
8/4188.png;7;1;0;0
8/4189.png;7;1;0;0
8/4190.png;7;1;0;0
8/4191.png;7;1;0;0
8/4192.png;7;1;0;0
8/4193.png;7;1;0;0
8/4194.png;7;1;0;0
8/4195.png;7;1;0;0
8/4196.png;7;1;0;0
8/4197.png;7;1;0;0
8/4198.png;7;1;0;0
8/4199.png;7;1;0;0
8/4200.png;7;1;0;0
8/4201.png;7;1;0;0
8/4202.png;7;1;0;0
8/4203.png;7;1;0;0
8/4204.png;7;1;0;0
8/4205.png;7;1;0;0
8/4206.png;7;1;0;0
8/4207.png;7;1;0;0
8/4208.png;7;1;0;0
8/4209.png;7;1;0;0
8/4210.png;7;1;0;0
8/4211.png;7;1;0;0
8/4212.png;7;1;0;0
8/4213.png;7;1;0;0
8/4214.png;7;1;0;0
8/4215.png;7;1;0;0
8/4216.png;7;1;0;0
8/4217.png;7;1;0;0
8/4218.png;7;1;0;0
8/4219.png;7;1;0;0
8/4220.png;7;1;0;0
8/4221.png;7;1;0;0
8/4222.png;7;1;0;0
8/4223.png;7;1;0;0
8/4224.png;7;1;0;0
8/4225.png;7;1;0;0
8/4226.png;7;1;0;0
8/4227.png;7;1;0;0
8/4228.png;7;1;0;0
8/4229.png;7;1;0;0
8/4230.png;7;1;0;0
8/4231.png;7;1;0;0
8/4232.png;7;1;0;0
8/4233.png;7;1;0;0
8/4234.png;7;1;0;0
8/4235.png;7;1;0;0
8/4236.png;7;1;0;0
8/4237.png;7;1;0;0
8/4238.png;7;1;0;0
8/4239.png;7;1;0;0
8/4240.png;7;1;0;0
8/4241.png;7;1;0;0
8/4242.png;7;1;0;0
8/4243.png;7;1;0;0
8/4244.png;7;1;0;0
8/4245.png;7;1;0;0
8/4246.png;7;1;0;0
8/4247.png;7;1;0;0
8/4248.png;7;1;0;0
8/4249.png;7;1;0;0
8/4250.png;7;1;0;0
8/4251.png;7;1;0;0
8/4252.png;7;1;0;0
8/4253.png;7;1;0;0
8/4254.png;7;1;0;0
8/4255.png;7;1;0;0
8/4256.png;7;1;0;0
8/4257.png;7;1;0;0
8/4258.png;7;1;0;0
8/4259.png;7;1;0;0
8/4260.png;7;1;0;0
8/4261.png;7;1;0;0
8/4262.png;7;1;0;0
8/4263.png;7;1;0;0
8/4264.png;7;1;0;0
8/4265.png;7;1;0;0
8/4266.png;7;1;0;0
8/4267.png;7;1;0;0
8/4268.png;7;1;0;0
8/4269.png;7;1;0;0
8/4270.png;7;1;0;0
8/4271.png;7;1;0;0
8/4272.png;7;1;0;0
8/4273.png;7;1;0;0
8/4274.png;7;1;0;0
8/4275.png;7;1;0;0
8/4276.png;7;1;0;0
8/4277.png;7;1;0;0
8/4278.png;7;1;0;0
8/4279.png;7;1;0;0
8/4280.png;7;1;0;0
8/4281.png;7;1;0;0
8/4282.png;7;1;0;0
8/4283.png;7;1;0;0
8/4284.png;7;1;0;0
8/4285.png;7;1;0;0
8/4286.png;7;1;0;0
8/4287.png;7;1;0;0
8/4288.png;7;1;0;0
8/4289.png;7;1;0;0
8/4290.png;7;1;0;0
8/4291.png;7;1;0;0
8/4292.png;7;1;0;0
8/4293.png;7;1;0;0
8/4294.png;7;1;0;0
8/4295.png;7;1;0;0
8/4296.png;7;1;0;0
8/4297.png;7;1;0;0
8/4298.png;7;1;0;0
8/4299.png;7;1;0;0
8/4300.png;7;1;0;0
8/4301.png;7;1;0;0
8/4302.png;7;1;0;0
8/4303.png;7;1;0;0
8/4304.png;7;1;0;0
8/4305.png;7;1;0;0
8/4306.png;7;1;0;0
8/4307.png;7;1;0;0
8/4308.png;7;1;0;0
8/4309.png;7;1;0;0
8/4310.png;7;1;0;0
8/4311.png;7;1;0;0
8/4312.png;7;1;0;0
8/4313.png;7;1;0;0
8/4314.png;7;1;0;0
8/4315.png;7;1;0;0
8/4316.png;7;1;0;0
8/4317.png;7;1;0;0
8/4318.png;7;1;0;0
8/4319.png;7;1;0;0
8/4320.png;7;1;0;0
8/4321.png;7;1;0;0
8/4322.png;7;1;0;0
8/4323.png;7;1;0;0
8/4324.png;7;1;0;0
8/4325.png;7;1;0;0
8/4326.png;7;1;0;0
8/4327.png;7;1;0;0
8/4328.png;7;1;0;0
8/4329.png;7;1;0;0
8/4330.png;7;1;0;0
8/4331.png;7;1;0;0
8/4332.png;7;1;0;0
8/4333.png;7;1;0;0
8/4334.png;7;1;0;0
8/4335.png;7;1;0;0
8/4336.png;7;1;0;0
8/4337.png;7;1;0;0
8/4338.png;7;1;0;0
8/4339.png;7;1;0;0
8/4340.png;7;1;0;0
8/4341.png;7;1;0;0
8/4342.png;7;1;0;0
8/4343.png;7;1;0;0
8/4344.png;7;1;0;0
8/4345.png;7;1;0;0
8/4346.png;7;1;0;0
8/4347.png;7;1;0;0
8/4348.png;7;1;0;0
8/4349.png;7;1;0;0
8/4350.png;7;1;0;0
8/4351.png;7;1;0;0
8/4352.png;7;1;0;0
8/4353.png;7;1;0;0
8/4354.png;7;1;0;0
8/4355.png;7;1;0;0
8/4356.png;7;1;0;0
8/4357.png;7;1;0;0
8/4358.png;7;1;0;0
8/4359.png;7;1;0;0
8/4360.png;7;1;0;0
8/4361.png;7;1;0;0
8/4362.png;7;1;0;0
8/4363.png;7;1;0;0
8/4364.png;7;1;0;0
8/4365.png;7;1;0;0
8/4366.png;7;1;0;0
8/4367.png;7;1;0;0
8/4368.png;7;1;0;0
8/4369.png;7;1;0;0
8/4370.png;7;1;0;0
8/4371.png;7;1;0;0
8/4372.png;7;1;0;0
8/4373.png;7;1;0;0
8/4374.png;7;1;0;0
8/4375.png;7;1;0;0
8/4376.png;7;1;0;0
8/4377.png;7;1;0;0
8/4378.png;7;1;0;0
8/4379.png;7;1;0;0
8/4380.png;7;1;0;0
8/4381.png;7;1;0;0
8/4382.png;7;1;0;0
8/4383.png;7;1;0;0
8/4384.png;7;1;0;0
8/4385.png;7;1;0;0
8/4386.png;7;1;0;0
8/4387.png;7;1;0;0
8/4388.png;7;1;0;0
8/4389.png;7;1;0;0
8/4390.png;7;1;0;0
8/4391.png;7;1;0;0
8/4392.png;7;1;0;0
8/4393.png;7;1;0;0
8/4394.png;7;1;0;0
8/4395.png;7;1;0;0
8/4396.png;7;1;0;0
8/4397.png;7;1;0;0
8/4398.png;7;1;0;0
8/4399.png;7;1;0;0
8/4400.png;7;1;0;0
8/4401.png;7;1;0;0
8/4402.png;7;1;0;0
8/4403.png;7;1;0;0
8/4404.png;7;1;0;0
8/4405.png;7;1;0;0
8/4406.png;7;1;0;0
8/4407.png;7;1;0;0
8/4408.png;7;1;0;0
8/4409.png;7;1;0;0
8/4410.png;7;1;0;0
8/4411.png;7;1;0;0
8/4412.png;7;1;0;0
8/4413.png;7;1;0;0
8/4414.png;7;1;0;0
8/4415.png;7;1;0;0
8/4416.png;7;1;0;0
8/4417.png;7;1;0;0
8/4418.png;7;1;0;0
8/4419.png;7;1;0;0
8/4420.png;7;1;0;0
8/4421.png;7;1;0;0
8/4422.png;7;1;0;0
8/4423.png;7;1;0;0
8/4424.png;7;1;0;0
8/4425.png;7;1;0;0
8/4426.png;7;1;0;0
8/4427.png;7;1;0;0
8/4428.png;7;1;0;0
8/4429.png;7;1;0;0
8/4430.png;7;1;0;0
8/4431.png;7;1;0;0
8/4432.png;7;1;0;0
8/4433.png;7;1;0;0
8/4434.png;7;1;0;0
8/4435.png;7;1;0;0
8/4436.png;7;1;0;0
8/4437.png;7;1;0;0
8/4438.png;7;1;0;0
8/4439.png;7;1;0;0
8/4440.png;7;1;0;0
8/4441.png;7;1;0;0
8/4442.png;7;1;0;0
8/4443.png;7;1;0;0
8/4444.png;7;1;0;0
8/4445.png;7;1;0;0
8/4446.png;7;1;0;0
8/4447.png;7;1;0;0
8/4448.png;7;1;0;0
8/4449.png;7;1;0;0
8/4450.png;7;1;0;0
8/4451.png;7;1;0;0
8/4452.png;7;1;0;0
8/4453.png;7;1;0;0
8/4454.png;7;1;0;0
8/4455.png;7;1;0;0
8/4456.png;7;1;0;0
8/4457.png;7;1;0;0
8/4458.png;7;1;0;0
8/4459.png;7;1;0;0
8/4460.png;7;1;0;0
8/4461.png;7;1;0;0
8/4462.png;7;1;0;0
8/4463.png;7;1;0;0
8/4464.png;7;1;0;0
8/4465.png;7;1;0;0
8/4466.png;7;1;0;0
8/4467.png;7;1;0;0
8/4468.png;7;1;0;0
8/4469.png;7;1;0;0
8/4470.png;7;1;0;0
8/4471.png;7;1;0;0
8/4472.png;7;1;0;0
8/4473.png;7;1;0;0
8/4474.png;7;1;0;0
8/4475.png;7;1;0;0
8/4476.png;7;1;0;0
8/4477.png;7;1;0;0
8/4478.png;7;1;0;0
8/4479.png;7;1;0;0
8/4480.png;7;1;0;0
8/4481.png;7;1;0;0
8/4482.png;7;1;0;0
8/4483.png;7;1;0;0
8/4484.png;7;1;0;0
8/4485.png;7;1;0;0
8/4486.png;7;1;0;0
8/4487.png;7;1;0;0
8/4488.png;7;1;0;0
8/4489.png;7;1;0;0
8/4490.png;7;1;0;0
8/4491.png;7;1;0;0
8/4492.png;7;1;0;0
8/4493.png;7;1;0;0
8/4494.png;7;1;0;0
8/4495.png;7;1;0;0
8/4496.png;7;1;0;0
8/4497.png;7;1;0;0
8/4498.png;7;1;0;0
8/4499.png;7;1;0;0
8/4500.png;7;1;0;0
8/4501.png;7;1;0;0
8/4502.png;7;1;0;0
8/4503.png;7;1;0;0
8/4504.png;7;1;0;0
8/4505.png;7;1;0;0
8/4506.png;7;1;0;0
8/4507.png;7;1;0;0
8/4508.png;7;1;0;0
8/4509.png;7;1;0;0
8/4510.png;7;1;0;0
8/4511.png;7;1;0;0
8/4512.png;7;1;0;0
8/4513.png;7;1;0;0
8/4514.png;7;1;0;0
8/4515.png;7;1;0;0
8/4516.png;7;1;0;0
8/4517.png;7;1;0;0
8/4518.png;7;1;0;0
8/4519.png;7;1;0;0
8/4520.png;7;1;0;0
8/4521.png;7;1;0;0
8/4522.png;7;1;0;0
8/4523.png;7;1;0;0
8/4524.png;7;1;0;0
8/4525.png;7;1;0;0
8/4526.png;7;1;0;0
8/4527.png;7;1;0;0
8/4528.png;7;1;0;0
8/4529.png;7;1;0;0
8/4530.png;7;1;0;0
8/4531.png;7;1;0;0
8/4532.png;7;1;0;0
8/4533.png;7;1;0;0
8/4534.png;7;1;0;0
8/4535.png;7;1;0;0
8/4536.png;7;1;0;0
8/4537.png;7;1;0;0
8/4538.png;7;1;0;0
8/4539.png;7;1;0;0
8/4540.png;7;1;0;0
8/4541.png;7;1;0;0
8/4542.png;7;1;0;0
8/4543.png;7;1;0;0
8/4544.png;7;1;0;0
8/4545.png;7;1;0;0
8/4546.png;7;1;0;0
8/4547.png;7;1;0;0
8/4548.png;7;1;0;0
8/4549.png;7;1;0;0
8/4550.png;7;1;0;0
8/4551.png;7;1;0;0
8/4552.png;7;1;0;0
8/4553.png;7;1;0;0
8/4554.png;7;1;0;0
8/4555.png;7;1;0;0
8/4556.png;7;1;0;0
8/4557.png;7;1;0;0
8/4558.png;7;1;0;0
8/4559.png;7;1;0;0
8/4560.png;7;1;0;0
8/4561.png;7;1;0;0
8/4562.png;7;1;0;0
8/4563.png;7;1;0;0
8/4564.png;7;1;0;0
8/4565.png;7;1;0;0
8/4566.png;7;1;0;0
8/4567.png;7;1;0;0
8/4568.png;7;1;0;0
8/4569.png;7;1;0;0
8/4570.png;7;1;0;0
8/4571.png;7;1;0;0
8/4572.png;7;1;0;0
8/4573.png;7;1;0;0
8/4574.png;7;1;0;0
8/4575.png;7;1;0;0
8/4576.png;7;1;0;0
8/4577.png;7;1;0;0
8/4578.png;7;1;0;0
8/4579.png;7;1;0;0
8/4580.png;7;1;0;0
8/4581.png;7;1;0;0
8/4582.png;7;1;0;0
8/4583.png;7;1;0;0
8/4584.png;7;1;0;0
8/4585.png;7;1;0;0
8/4586.png;7;1;0;0
8/4587.png;7;1;0;0
8/4588.png;7;1;0;0
8/4589.png;7;1;0;0
8/4590.png;7;1;0;0
8/4591.png;7;1;0;0
8/4592.png;7;1;0;0
8/4593.png;7;1;0;0
8/4594.png;7;1;0;0
8/4595.png;7;1;0;0
8/4596.png;7;1;0;0
8/4597.png;7;1;0;0
8/4598.png;7;1;0;0
8/4599.png;7;1;0;0
8/4600.png;7;1;0;0
8/4601.png;7;1;0;0
8/4602.png;7;1;0;0
8/4603.png;7;1;0;0
8/4604.png;7;1;0;0
8/4605.png;7;1;0;0
8/4606.png;7;1;0;0
8/4607.png;7;1;0;0
8/4608.png;7;1;0;0
8/4609.png;7;1;0;0
8/4610.png;7;1;0;0
8/4611.png;7;1;0;0
8/4612.png;7;1;0;0
8/4613.png;7;1;0;0
8/4614.png;7;1;0;0
8/4615.png;7;1;0;0
8/4616.png;7;1;0;0
8/4617.png;7;1;0;0
8/4618.png;7;1;0;0
8/4619.png;7;1;0;0
8/4620.png;7;1;0;0
8/4621.png;7;1;0;0
8/4622.png;7;1;0;0
8/4623.png;7;1;0;0
8/4624.png;7;1;0;0
8/4625.png;7;1;0;0
8/4626.png;7;1;0;0
8/4627.png;7;1;0;0
8/4628.png;7;1;0;0
8/4629.png;7;1;0;0
8/4630.png;7;1;0;0
8/4631.png;7;1;0;0
8/4632.png;7;1;0;0
8/4633.png;7;1;0;0
8/4634.png;7;1;0;0
8/4635.png;7;1;0;0
8/4636.png;7;1;0;0
8/4637.png;7;1;0;0
8/4638.png;7;1;0;0
8/4639.png;7;1;0;0
8/4640.png;7;1;0;0
8/4641.png;7;1;0;0
8/4642.png;7;1;0;0
8/4643.png;7;1;0;0
8/4644.png;7;1;0;0
8/4645.png;7;1;0;0
8/4646.png;7;1;0;0
8/4647.png;7;1;0;0
8/4648.png;7;1;0;0
8/4649.png;7;1;0;0
8/4650.png;7;1;0;0
8/4651.png;7;1;0;0
8/4652.png;7;1;0;0
8/4653.png;7;1;0;0
8/4654.png;7;1;0;0
8/4655.png;7;1;0;0
8/4656.png;7;1;0;0
8/4657.png;7;1;0;0
8/4658.png;7;1;0;0
8/4659.png;7;1;0;0
8/4660.png;7;1;0;0
8/4661.png;7;1;0;0
8/4662.png;7;1;0;0
8/4663.png;7;1;0;0
8/4664.png;7;1;0;0
8/4665.png;7;1;0;0
8/4666.png;7;1;0;0
8/4667.png;7;1;0;0
8/4668.png;7;1;0;0
8/4669.png;7;1;0;0
8/4670.png;7;1;0;0
8/4671.png;7;1;0;0
8/4672.png;7;1;0;0
8/4673.png;7;1;0;0
8/4674.png;7;1;0;0
8/4675.png;7;1;0;0
8/4676.png;7;1;0;0
8/4677.png;7;1;0;0
8/4678.png;7;1;0;0
8/4679.png;7;1;0;0
8/4680.png;7;1;0;0
8/4681.png;7;1;0;0
8/4682.png;7;1;0;0
8/4683.png;7;1;0;0
8/4684.png;7;1;0;0
8/4685.png;7;1;0;0
8/4686.png;7;1;0;0
8/4687.png;7;1;0;0
8/4688.png;7;1;0;0
8/4689.png;7;1;0;0
8/4690.png;7;1;0;0
8/4691.png;7;1;0;0
8/4692.png;7;1;0;0
8/4693.png;7;1;0;0
8/4694.png;7;1;0;0
8/4695.png;7;1;0;0
8/4696.png;7;1;0;0
8/4697.png;7;1;0;0
8/4698.png;7;1;0;0
8/4699.png;7;1;0;0
8/4700.png;7;1;0;0
8/4701.png;7;1;0;0
8/4702.png;7;1;0;0
8/4703.png;7;1;0;0
8/4704.png;7;1;0;0
8/4705.png;7;1;0;0
8/4706.png;7;1;0;0
8/4707.png;7;1;0;0
8/4708.png;7;1;0;0
8/4709.png;7;1;0;0
8/4710.png;7;1;0;0
8/4711.png;7;1;0;0
8/4712.png;7;1;0;0
8/4713.png;7;1;0;0
8/4714.png;7;1;0;0
8/4715.png;7;1;0;0
8/4716.png;7;1;0;0
8/4717.png;7;1;0;0
8/4718.png;7;1;0;0
8/4719.png;7;1;0;0
8/4720.png;7;1;0;0
8/4721.png;7;1;0;0
8/4722.png;7;1;0;0
8/4723.png;7;1;0;0
8/4724.png;7;1;0;0
8/4725.png;7;1;0;0
8/4726.png;7;1;0;0
8/4727.png;7;1;0;0
8/4728.png;7;1;0;0
8/4729.png;7;1;0;0
8/4730.png;7;1;0;0
8/4731.png;7;1;0;0
8/4732.png;7;1;0;0
8/4733.png;7;1;0;0
8/4734.png;7;1;0;0
8/4735.png;7;1;0;0
8/4736.png;7;1;0;0
8/4737.png;7;1;0;0
8/4738.png;7;1;0;0
8/4739.png;7;1;0;0
8/4740.png;7;1;0;0
8/4741.png;7;1;0;0
8/4742.png;7;1;0;0
8/4743.png;7;1;0;0
8/4744.png;7;1;0;0
8/4745.png;7;1;0;0
8/4746.png;7;1;0;0
8/4747.png;7;1;0;0
8/4748.png;7;1;0;0
8/4749.png;7;1;0;0
8/4750.png;7;1;0;0
8/4751.png;7;1;0;0
8/4752.png;7;1;0;0
8/4753.png;7;1;0;0
8/4754.png;7;1;0;0
8/4755.png;7;1;0;0
8/4756.png;7;1;0;0
8/4757.png;7;1;0;0
8/4758.png;7;1;0;0
8/4759.png;7;1;0;0
8/4760.png;7;1;0;0
8/4761.png;7;1;0;0
8/4762.png;7;1;0;0
8/4763.png;7;1;0;0
8/4764.png;7;1;0;0
8/4765.png;7;1;0;0
8/4766.png;7;1;0;0
8/4767.png;7;1;0;0
8/4768.png;7;1;0;0
8/4769.png;7;1;0;0
8/4770.png;7;1;0;0
8/4771.png;7;1;0;0
8/4772.png;7;1;0;0
8/4773.png;7;1;0;0
8/4774.png;7;1;0;0
8/4775.png;7;1;0;0
8/4776.png;7;1;0;0
8/4777.png;7;1;0;0
8/4778.png;7;1;0;0
8/4779.png;7;1;0;0
8/4780.png;7;1;0;0
8/4781.png;7;1;0;0
8/4782.png;7;1;0;0
8/4783.png;7;1;0;0
8/4784.png;7;1;0;0
8/4785.png;7;1;0;0
8/4786.png;7;1;0;0
8/4787.png;7;1;0;0
8/4788.png;7;1;0;0
8/4789.png;7;1;0;0
8/4790.png;7;1;0;0
8/4791.png;7;1;0;0
8/4792.png;7;1;0;0
8/4793.png;7;1;0;0
8/4794.png;7;1;0;0
8/4795.png;7;1;0;0
8/4796.png;7;1;0;0
8/4797.png;7;1;0;0
8/4798.png;7;1;0;0
8/4799.png;7;1;0;0
8/4800.png;7;1;0;0
8/4801.png;7;1;0;0
8/4802.png;7;1;0;0
8/4803.png;7;1;0;0
8/4804.png;7;1;0;0
8/4805.png;7;1;0;0
8/4806.png;7;1;0;0
8/4807.png;7;1;0;0
8/4808.png;7;1;0;0
8/4809.png;7;1;0;0
8/4810.png;7;1;0;0
8/4811.png;7;1;0;0
8/4812.png;7;1;0;0
8/4813.png;7;1;0;0
8/4814.png;7;1;0;0
8/4815.png;7;1;0;0
8/4816.png;7;1;0;0
8/4817.png;7;1;0;0
8/4818.png;7;1;0;0
8/4819.png;7;1;0;0
8/4820.png;7;1;0;0
8/4821.png;7;1;0;0
8/4822.png;7;1;0;0
8/4823.png;7;1;0;0
8/4824.png;7;1;0;0
8/4825.png;7;1;0;0
8/4826.png;7;1;0;0
8/4827.png;7;1;0;0
8/4828.png;7;1;0;0
8/4829.png;7;1;0;0
8/4830.png;7;1;0;0
8/4831.png;7;1;0;0
8/4832.png;7;1;0;0
8/4833.png;7;1;0;0
8/4834.png;7;1;0;0
8/4835.png;7;1;0;0
8/4836.png;7;1;0;0
8/4837.png;7;1;0;0
8/4838.png;7;1;0;0
8/4839.png;7;1;0;0
8/4840.png;7;1;0;0
8/4841.png;7;1;0;0
8/4842.png;7;1;0;0
8/4843.png;7;1;0;0
8/4844.png;7;1;0;0
8/4845.png;7;1;0;0
8/4846.png;7;1;0;0
8/4847.png;7;1;0;0
8/4848.png;7;1;0;0
8/4849.png;7;1;0;0
8/4850.png;7;1;0;0
8/4851.png;7;1;0;0
8/4852.png;7;1;0;0
8/4853.png;7;1;0;0
8/4854.png;7;1;0;0
8/4855.png;7;1;0;0
8/4856.png;7;1;0;0
8/4857.png;7;1;0;0
8/4858.png;7;1;0;0
8/4859.png;7;1;0;0
8/4860.png;7;1;0;0
8/4861.png;7;1;0;0
8/4862.png;7;1;0;0
8/4863.png;7;1;0;0
8/4864.png;7;1;0;0
8/4865.png;7;1;0;0
8/4866.png;7;1;0;0
8/4867.png;7;1;0;0
8/4868.png;7;1;0;0
8/4869.png;7;1;0;0
8/4870.png;7;1;0;0
8/4871.png;7;1;0;0
8/4872.png;7;1;0;0
8/4873.png;7;1;0;0
8/4874.png;7;1;0;0
8/4875.png;7;1;0;0
8/4876.png;7;1;0;0
8/4877.png;7;1;0;0
8/4878.png;7;1;0;0
8/4879.png;7;1;0;0
8/4880.png;7;1;0;0
8/4881.png;7;1;0;0
8/4882.png;7;1;0;0
8/4883.png;7;1;0;0
8/4884.png;7;1;0;0
8/4885.png;7;1;0;0
8/4886.png;7;1;0;0
8/4887.png;7;1;0;0
8/4888.png;7;1;0;0
8/4889.png;7;1;0;0
8/4890.png;7;1;0;0
8/4891.png;7;1;0;0
8/4892.png;7;1;0;0
8/4893.png;7;1;0;0
8/4894.png;7;1;0;0
8/4895.png;7;1;0;0
8/4896.png;7;1;0;0
8/4897.png;7;1;0;0
8/4898.png;7;1;0;0
8/4899.png;7;1;0;0
8/4900.png;7;1;0;0
8/4901.png;7;1;0;0
8/4902.png;7;1;0;0
8/4903.png;7;1;0;0
8/4904.png;7;1;0;0
8/4905.png;7;1;0;0
8/4906.png;7;1;0;0
8/4907.png;7;1;0;0
8/4908.png;7;1;0;0
8/4909.png;7;1;0;0
8/4910.png;7;1;0;0
8/4911.png;7;1;0;0
8/4912.png;7;1;0;0
8/4913.png;7;1;0;0
8/4914.png;7;1;0;0
8/4915.png;7;1;0;0
8/4916.png;7;1;0;0
8/4917.png;7;1;0;0
8/4918.png;7;1;0;0
8/4919.png;7;1;0;0
8/4920.png;7;1;0;0
8/4921.png;7;1;0;0
8/4922.png;7;1;0;0
8/4923.png;7;1;0;0
8/4924.png;7;1;0;0
8/4925.png;7;1;0;0
8/4926.png;7;1;0;0
8/4927.png;7;1;0;0
8/4928.png;7;1;0;0
8/4929.png;7;1;0;0
8/4930.png;7;1;0;0
8/4931.png;7;1;0;0
8/4932.png;7;1;0;0
8/4933.png;7;1;0;0
8/4934.png;7;1;0;0
8/4935.png;7;1;0;0
8/4936.png;7;1;0;0
8/4937.png;7;1;0;0
8/4938.png;7;1;0;0
8/4939.png;7;1;0;0
8/4940.png;7;1;0;0
8/4941.png;7;1;0;0
8/4942.png;7;1;0;0
8/4943.png;7;1;0;0
8/4944.png;7;1;0;0
8/4945.png;7;1;0;0
8/4946.png;7;1;0;0
8/4947.png;7;1;0;0
8/4948.png;7;1;0;0
8/4949.png;7;1;0;0
8/4950.png;7;1;0;0
8/4951.png;7;1;0;0
8/4952.png;7;1;0;0
8/4953.png;7;1;0;0
8/4954.png;7;1;0;0
8/4955.png;7;1;0;0
8/4956.png;7;1;0;0
8/4957.png;7;1;0;0
8/4958.png;7;1;0;0
8/4959.png;7;1;0;0
8/4960.png;7;1;0;0
8/4961.png;7;1;0;0
8/4962.png;7;1;0;0
8/4963.png;7;1;0;0
8/4964.png;7;1;0;0
8/4965.png;7;1;0;0
8/4966.png;7;1;0;0
8/4967.png;7;1;0;0
8/4968.png;7;1;0;0
8/4969.png;7;1;0;0
8/4970.png;7;1;0;0
8/4971.png;7;1;0;0
8/4972.png;7;1;0;0
8/4973.png;7;1;0;0
8/4974.png;7;1;0;0
8/4975.png;7;1;0;0
8/4976.png;7;1;0;0
8/4977.png;7;1;0;0
8/4978.png;7;1;0;0
8/4979.png;7;1;0;0
8/4980.png;7;1;0;0
8/4981.png;7;1;0;0
8/4982.png;7;1;0;0
8/4983.png;7;1;0;0
8/4984.png;7;1;0;0
8/4985.png;7;1;0;0
8/4986.png;7;1;0;0
8/4987.png;7;1;0;0
8/4988.png;7;1;0;0
8/4989.png;7;1;0;0
8/4990.png;7;1;0;0
8/4991.png;7;1;0;0
8/4992.png;7;1;0;0
8/4993.png;7;1;0;0
8/4994.png;7;1;0;0
8/4995.png;7;1;0;0
8/4996.png;7;1;0;0
8/4997.png;7;1;0;0
8/4998.png;7;1;0;0
8/4999.png;7;1;0;0
8/5000.png;7;1;0;0
9/0001.png;8;1;0;0
9/0002.png;8;1;0;0
9/0003.png;8;1;0;0
9/0004.png;8;1;0;0
9/0005.png;8;1;0;0
9/0006.png;8;1;0;0
9/0007.png;8;1;0;0
9/0008.png;8;1;0;0
9/0009.png;8;1;0;0
9/0010.png;8;1;0;0
9/0011.png;8;1;0;0
9/0012.png;8;1;0;0
9/0013.png;8;1;0;0
9/0014.png;8;1;0;0
9/0015.png;8;1;0;0
9/0016.png;8;1;0;0
9/0017.png;8;1;0;0
9/0018.png;8;1;0;0
9/0019.png;8;1;0;0
9/0020.png;8;1;0;0
9/0021.png;8;1;0;0
9/0022.png;8;1;0;0
9/0023.png;8;1;0;0
9/0024.png;8;1;0;0
9/0025.png;8;1;0;0
9/0026.png;8;1;0;0
9/0027.png;8;1;0;0
9/0028.png;8;1;0;0
9/0029.png;8;1;0;0
9/0030.png;8;1;0;0
9/0031.png;8;1;0;0
9/0032.png;8;1;0;0
9/0033.png;8;1;0;0
9/0034.png;8;1;0;0
9/0035.png;8;1;0;0
9/0036.png;8;1;0;0
9/0037.png;8;1;0;0
9/0038.png;8;1;0;0
9/0039.png;8;1;0;0
9/0040.png;8;1;0;0
9/0041.png;8;1;0;0
9/0042.png;8;1;0;0
9/0043.png;8;1;0;0
9/0044.png;8;1;0;0
9/0045.png;8;1;0;0
9/0046.png;8;1;0;0
9/0047.png;8;1;0;0
9/0048.png;8;1;0;0
9/0049.png;8;1;0;0
9/0050.png;8;1;0;0
9/0051.png;8;1;0;0
9/0052.png;8;1;0;0
9/0053.png;8;1;0;0
9/0054.png;8;1;0;0
9/0055.png;8;1;0;0
9/0056.png;8;1;0;0
9/0057.png;8;1;0;0
9/0058.png;8;1;0;0
9/0059.png;8;1;0;0
9/0060.png;8;1;0;0
9/0061.png;8;1;0;0
9/0062.png;8;1;0;0
9/0063.png;8;1;0;0
9/0064.png;8;1;0;0
9/0065.png;8;1;0;0
9/0066.png;8;1;0;0
9/0067.png;8;1;0;0
9/0068.png;8;1;0;0
9/0069.png;8;1;0;0
9/0070.png;8;1;0;0
9/0071.png;8;1;0;0
9/0072.png;8;1;0;0
9/0073.png;8;1;0;0
9/0074.png;8;1;0;0
9/0075.png;8;1;0;0
9/0076.png;8;1;0;0
9/0077.png;8;1;0;0
9/0078.png;8;1;0;0
9/0079.png;8;1;0;0
9/0080.png;8;1;0;0
9/0081.png;8;1;0;0
9/0082.png;8;1;0;0
9/0083.png;8;1;0;0
9/0084.png;8;1;0;0
9/0085.png;8;1;0;0
9/0086.png;8;1;0;0
9/0087.png;8;1;0;0
9/0088.png;8;1;0;0
9/0089.png;8;1;0;0
9/0090.png;8;1;0;0
9/0091.png;8;1;0;0
9/0092.png;8;1;0;0
9/0093.png;8;1;0;0
9/0094.png;8;1;0;0
9/0095.png;8;1;0;0
9/0096.png;8;1;0;0
9/0097.png;8;1;0;0
9/0098.png;8;1;0;0
9/0099.png;8;1;0;0
9/0100.png;8;1;0;0
9/0101.png;8;1;0;0
9/0102.png;8;1;0;0
9/0103.png;8;1;0;0
9/0104.png;8;1;0;0
9/0105.png;8;1;0;0
9/0106.png;8;1;0;0
9/0107.png;8;1;0;0
9/0108.png;8;1;0;0
9/0109.png;8;1;0;0
9/0110.png;8;1;0;0
9/0111.png;8;1;0;0
9/0112.png;8;1;0;0
9/0113.png;8;1;0;0
9/0114.png;8;1;0;0
9/0115.png;8;1;0;0
9/0116.png;8;1;0;0
9/0117.png;8;1;0;0
9/0118.png;8;1;0;0
9/0119.png;8;1;0;0
9/0120.png;8;1;0;0
9/0121.png;8;1;0;0
9/0122.png;8;1;0;0
9/0123.png;8;1;0;0
9/0124.png;8;1;0;0
9/0125.png;8;1;0;0
9/0126.png;8;1;0;0
9/0127.png;8;1;0;0
9/0128.png;8;1;0;0
9/0129.png;8;1;0;0
9/0130.png;8;1;0;0
9/0131.png;8;1;0;0
9/0132.png;8;1;0;0
9/0133.png;8;1;0;0
9/0134.png;8;1;0;0
9/0135.png;8;1;0;0
9/0136.png;8;1;0;0
9/0137.png;8;1;0;0
9/0138.png;8;1;0;0
9/0139.png;8;1;0;0
9/0140.png;8;1;0;0
9/0141.png;8;1;0;0
9/0142.png;8;1;0;0
9/0143.png;8;1;0;0
9/0144.png;8;1;0;0
9/0145.png;8;1;0;0
9/0146.png;8;1;0;0
9/0147.png;8;1;0;0
9/0148.png;8;1;0;0
9/0149.png;8;1;0;0
9/0150.png;8;1;0;0
9/0151.png;8;1;0;0
9/0152.png;8;1;0;0
9/0153.png;8;1;0;0
9/0154.png;8;1;0;0
9/0155.png;8;1;0;0
9/0156.png;8;1;0;0
9/0157.png;8;1;0;0
9/0158.png;8;1;0;0
9/0159.png;8;1;0;0
9/0160.png;8;1;0;0
9/0161.png;8;1;0;0
9/0162.png;8;1;0;0
9/0163.png;8;1;0;0
9/0164.png;8;1;0;0
9/0165.png;8;1;0;0
9/0166.png;8;1;0;0
9/0167.png;8;1;0;0
9/0168.png;8;1;0;0
9/0169.png;8;1;0;0
9/0170.png;8;1;0;0
9/0171.png;8;1;0;0
9/0172.png;8;1;0;0
9/0173.png;8;1;0;0
9/0174.png;8;1;0;0
9/0175.png;8;1;0;0
9/0176.png;8;1;0;0
9/0177.png;8;1;0;0
9/0178.png;8;1;0;0
9/0179.png;8;1;0;0
9/0180.png;8;1;0;0
9/0181.png;8;1;0;0
9/0182.png;8;1;0;0
9/0183.png;8;1;0;0
9/0184.png;8;1;0;0
9/0185.png;8;1;0;0
9/0186.png;8;1;0;0
9/0187.png;8;1;0;0
9/0188.png;8;1;0;0
9/0189.png;8;1;0;0
9/0190.png;8;1;0;0
9/0191.png;8;1;0;0
9/0192.png;8;1;0;0
9/0193.png;8;1;0;0
9/0194.png;8;1;0;0
9/0195.png;8;1;0;0
9/0196.png;8;1;0;0
9/0197.png;8;1;0;0
9/0198.png;8;1;0;0
9/0199.png;8;1;0;0
9/0200.png;8;1;0;0
9/0201.png;8;1;0;0
9/0202.png;8;1;0;0
9/0203.png;8;1;0;0
9/0204.png;8;1;0;0
9/0205.png;8;1;0;0
9/0206.png;8;1;0;0
9/0207.png;8;1;0;0
9/0208.png;8;1;0;0
9/0209.png;8;1;0;0
9/0210.png;8;1;0;0
9/0211.png;8;1;0;0
9/0212.png;8;1;0;0
9/0213.png;8;1;0;0
9/0214.png;8;1;0;0
9/0215.png;8;1;0;0
9/0216.png;8;1;0;0
9/0217.png;8;1;0;0
9/0218.png;8;1;0;0
9/0219.png;8;1;0;0
9/0220.png;8;1;0;0
9/0221.png;8;1;0;0
9/0222.png;8;1;0;0
9/0223.png;8;1;0;0
9/0224.png;8;1;0;0
9/0225.png;8;1;0;0
9/0226.png;8;1;0;0
9/0227.png;8;1;0;0
9/0228.png;8;1;0;0
9/0229.png;8;1;0;0
9/0230.png;8;1;0;0
9/0231.png;8;1;0;0
9/0232.png;8;1;0;0
9/0233.png;8;1;0;0
9/0234.png;8;1;0;0
9/0235.png;8;1;0;0
9/0236.png;8;1;0;0
9/0237.png;8;1;0;0
9/0238.png;8;1;0;0
9/0239.png;8;1;0;0
9/0240.png;8;1;0;0
9/0241.png;8;1;0;0
9/0242.png;8;1;0;0
9/0243.png;8;1;0;0
9/0244.png;8;1;0;0
9/0245.png;8;1;0;0
9/0246.png;8;1;0;0
9/0247.png;8;1;0;0
9/0248.png;8;1;0;0
9/0249.png;8;1;0;0
9/0250.png;8;1;0;0
9/0251.png;8;1;0;0
9/0252.png;8;1;0;0
9/0253.png;8;1;0;0
9/0254.png;8;1;0;0
9/0255.png;8;1;0;0
9/0256.png;8;1;0;0
9/0257.png;8;1;0;0
9/0258.png;8;1;0;0
9/0259.png;8;1;0;0
9/0260.png;8;1;0;0
9/0261.png;8;1;0;0
9/0262.png;8;1;0;0
9/0263.png;8;1;0;0
9/0264.png;8;1;0;0
9/0265.png;8;1;0;0
9/0266.png;8;1;0;0
9/0267.png;8;1;0;0
9/0268.png;8;1;0;0
9/0269.png;8;1;0;0
9/0270.png;8;1;0;0
9/0271.png;8;1;0;0
9/0272.png;8;1;0;0
9/0273.png;8;1;0;0
9/0274.png;8;1;0;0
9/0275.png;8;1;0;0
9/0276.png;8;1;0;0
9/0277.png;8;1;0;0
9/0278.png;8;1;0;0
9/0279.png;8;1;0;0
9/0280.png;8;1;0;0
9/0281.png;8;1;0;0
9/0282.png;8;1;0;0
9/0283.png;8;1;0;0
9/0284.png;8;1;0;0
9/0285.png;8;1;0;0
9/0286.png;8;1;0;0
9/0287.png;8;1;0;0
9/0288.png;8;1;0;0
9/0289.png;8;1;0;0
9/0290.png;8;1;0;0
9/0291.png;8;1;0;0
9/0292.png;8;1;0;0
9/0293.png;8;1;0;0
9/0294.png;8;1;0;0
9/0295.png;8;1;0;0
9/0296.png;8;1;0;0
9/0297.png;8;1;0;0
9/0298.png;8;1;0;0
9/0299.png;8;1;0;0
9/0300.png;8;1;0;0
9/0301.png;8;1;0;0
9/0302.png;8;1;0;0
9/0303.png;8;1;0;0
9/0304.png;8;1;0;0
9/0305.png;8;1;0;0
9/0306.png;8;1;0;0
9/0307.png;8;1;0;0
9/0308.png;8;1;0;0
9/0309.png;8;1;0;0
9/0310.png;8;1;0;0
9/0311.png;8;1;0;0
9/0312.png;8;1;0;0
9/0313.png;8;1;0;0
9/0314.png;8;1;0;0
9/0315.png;8;1;0;0
9/0316.png;8;1;0;0
9/0317.png;8;1;0;0
9/0318.png;8;1;0;0
9/0319.png;8;1;0;0
9/0320.png;8;1;0;0
9/0321.png;8;1;0;0
9/0322.png;8;1;0;0
9/0323.png;8;1;0;0
9/0324.png;8;1;0;0
9/0325.png;8;1;0;0
9/0326.png;8;1;0;0
9/0327.png;8;1;0;0
9/0328.png;8;1;0;0
9/0329.png;8;1;0;0
9/0330.png;8;1;0;0
9/0331.png;8;1;0;0
9/0332.png;8;1;0;0
9/0333.png;8;1;0;0
9/0334.png;8;1;0;0
9/0335.png;8;1;0;0
9/0336.png;8;1;0;0
9/0337.png;8;1;0;0
9/0338.png;8;1;0;0
9/0339.png;8;1;0;0
9/0340.png;8;1;0;0
9/0341.png;8;1;0;0
9/0342.png;8;1;0;0
9/0343.png;8;1;0;0
9/0344.png;8;1;0;0
9/0345.png;8;1;0;0
9/0346.png;8;1;0;0
9/0347.png;8;1;0;0
9/0348.png;8;1;0;0
9/0349.png;8;1;0;0
9/0350.png;8;1;0;0
9/0351.png;8;1;0;0
9/0352.png;8;1;0;0
9/0353.png;8;1;0;0
9/0354.png;8;1;0;0
9/0355.png;8;1;0;0
9/0356.png;8;1;0;0
9/0357.png;8;1;0;0
9/0358.png;8;1;0;0
9/0359.png;8;1;0;0
9/0360.png;8;1;0;0
9/0361.png;8;1;0;0
9/0362.png;8;1;0;0
9/0363.png;8;1;0;0
9/0364.png;8;1;0;0
9/0365.png;8;1;0;0
9/0366.png;8;1;0;0
9/0367.png;8;1;0;0
9/0368.png;8;1;0;0
9/0369.png;8;1;0;0
9/0370.png;8;1;0;0
9/0371.png;8;1;0;0
9/0372.png;8;1;0;0
9/0373.png;8;1;0;0
9/0374.png;8;1;0;0
9/0375.png;8;1;0;0
9/0376.png;8;1;0;0
9/0377.png;8;1;0;0
9/0378.png;8;1;0;0
9/0379.png;8;1;0;0
9/0380.png;8;1;0;0
9/0381.png;8;1;0;0
9/0382.png;8;1;0;0
9/0383.png;8;1;0;0
9/0384.png;8;1;0;0
9/0385.png;8;1;0;0
9/0386.png;8;1;0;0
9/0387.png;8;1;0;0
9/0388.png;8;1;0;0
9/0389.png;8;1;0;0
9/0390.png;8;1;0;0
9/0391.png;8;1;0;0
9/0392.png;8;1;0;0
9/0393.png;8;1;0;0
9/0394.png;8;1;0;0
9/0395.png;8;1;0;0
9/0396.png;8;1;0;0
9/0397.png;8;1;0;0
9/0398.png;8;1;0;0
9/0399.png;8;1;0;0
9/0400.png;8;1;0;0
9/0401.png;8;1;0;0
9/0402.png;8;1;0;0
9/0403.png;8;1;0;0
9/0404.png;8;1;0;0
9/0405.png;8;1;0;0
9/0406.png;8;1;0;0
9/0407.png;8;1;0;0
9/0408.png;8;1;0;0
9/0409.png;8;1;0;0
9/0410.png;8;1;0;0
9/0411.png;8;1;0;0
9/0412.png;8;1;0;0
9/0413.png;8;1;0;0
9/0414.png;8;1;0;0
9/0415.png;8;1;0;0
9/0416.png;8;1;0;0
9/0417.png;8;1;0;0
9/0418.png;8;1;0;0
9/0419.png;8;1;0;0
9/0420.png;8;1;0;0
9/0421.png;8;1;0;0
9/0422.png;8;1;0;0
9/0423.png;8;1;0;0
9/0424.png;8;1;0;0
9/0425.png;8;1;0;0
9/0426.png;8;1;0;0
9/0427.png;8;1;0;0
9/0428.png;8;1;0;0
9/0429.png;8;1;0;0
9/0430.png;8;1;0;0
9/0431.png;8;1;0;0
9/0432.png;8;1;0;0
9/0433.png;8;1;0;0
9/0434.png;8;1;0;0
9/0435.png;8;1;0;0
9/0436.png;8;1;0;0
9/0437.png;8;1;0;0
9/0438.png;8;1;0;0
9/0439.png;8;1;0;0
9/0440.png;8;1;0;0
9/0441.png;8;1;0;0
9/0442.png;8;1;0;0
9/0443.png;8;1;0;0
9/0444.png;8;1;0;0
9/0445.png;8;1;0;0
9/0446.png;8;1;0;0
9/0447.png;8;1;0;0
9/0448.png;8;1;0;0
9/0449.png;8;1;0;0
9/0450.png;8;1;0;0
9/0451.png;8;1;0;0
9/0452.png;8;1;0;0
9/0453.png;8;1;0;0
9/0454.png;8;1;0;0
9/0455.png;8;1;0;0
9/0456.png;8;1;0;0
9/0457.png;8;1;0;0
9/0458.png;8;1;0;0
9/0459.png;8;1;0;0
9/0460.png;8;1;0;0
9/0461.png;8;1;0;0
9/0462.png;8;1;0;0
9/0463.png;8;1;0;0
9/0464.png;8;1;0;0
9/0465.png;8;1;0;0
9/0466.png;8;1;0;0
9/0467.png;8;1;0;0
9/0468.png;8;1;0;0
9/0469.png;8;1;0;0
9/0470.png;8;1;0;0
9/0471.png;8;1;0;0
9/0472.png;8;1;0;0
9/0473.png;8;1;0;0
9/0474.png;8;1;0;0
9/0475.png;8;1;0;0
9/0476.png;8;1;0;0
9/0477.png;8;1;0;0
9/0478.png;8;1;0;0
9/0479.png;8;1;0;0
9/0480.png;8;1;0;0
9/0481.png;8;1;0;0
9/0482.png;8;1;0;0
9/0483.png;8;1;0;0
9/0484.png;8;1;0;0
9/0485.png;8;1;0;0
9/0486.png;8;1;0;0
9/0487.png;8;1;0;0
9/0488.png;8;1;0;0
9/0489.png;8;1;0;0
9/0490.png;8;1;0;0
9/0491.png;8;1;0;0
9/0492.png;8;1;0;0
9/0493.png;8;1;0;0
9/0494.png;8;1;0;0
9/0495.png;8;1;0;0
9/0496.png;8;1;0;0
9/0497.png;8;1;0;0
9/0498.png;8;1;0;0
9/0499.png;8;1;0;0
9/0500.png;8;1;0;0
9/0501.png;8;1;0;0
9/0502.png;8;1;0;0
9/0503.png;8;1;0;0
9/0504.png;8;1;0;0
9/0505.png;8;1;0;0
9/0506.png;8;1;0;0
9/0507.png;8;1;0;0
9/0508.png;8;1;0;0
9/0509.png;8;1;0;0
9/0510.png;8;1;0;0
9/0511.png;8;1;0;0
9/0512.png;8;1;0;0
9/0513.png;8;1;0;0
9/0514.png;8;1;0;0
9/0515.png;8;1;0;0
9/0516.png;8;1;0;0
9/0517.png;8;1;0;0
9/0518.png;8;1;0;0
9/0519.png;8;1;0;0
9/0520.png;8;1;0;0
9/0521.png;8;1;0;0
9/0522.png;8;1;0;0
9/0523.png;8;1;0;0
9/0524.png;8;1;0;0
9/0525.png;8;1;0;0
9/0526.png;8;1;0;0
9/0527.png;8;1;0;0
9/0528.png;8;1;0;0
9/0529.png;8;1;0;0
9/0530.png;8;1;0;0
9/0531.png;8;1;0;0
9/0532.png;8;1;0;0
9/0533.png;8;1;0;0
9/0534.png;8;1;0;0
9/0535.png;8;1;0;0
9/0536.png;8;1;0;0
9/0537.png;8;1;0;0
9/0538.png;8;1;0;0
9/0539.png;8;1;0;0
9/0540.png;8;1;0;0
9/0541.png;8;1;0;0
9/0542.png;8;1;0;0
9/0543.png;8;1;0;0
9/0544.png;8;1;0;0
9/0545.png;8;1;0;0
9/0546.png;8;1;0;0
9/0547.png;8;1;0;0
9/0548.png;8;1;0;0
9/0549.png;8;1;0;0
9/0550.png;8;1;0;0
9/0551.png;8;1;0;0
9/0552.png;8;1;0;0
9/0553.png;8;1;0;0
9/0554.png;8;1;0;0
9/0555.png;8;1;0;0
9/0556.png;8;1;0;0
9/0557.png;8;1;0;0
9/0558.png;8;1;0;0
9/0559.png;8;1;0;0
9/0560.png;8;1;0;0
9/0561.png;8;1;0;0
9/0562.png;8;1;0;0
9/0563.png;8;1;0;0
9/0564.png;8;1;0;0
9/0565.png;8;1;0;0
9/0566.png;8;1;0;0
9/0567.png;8;1;0;0
9/0568.png;8;1;0;0
9/0569.png;8;1;0;0
9/0570.png;8;1;0;0
9/0571.png;8;1;0;0
9/0572.png;8;1;0;0
9/0573.png;8;1;0;0
9/0574.png;8;1;0;0
9/0575.png;8;1;0;0
9/0576.png;8;1;0;0
9/0577.png;8;1;0;0
9/0578.png;8;1;0;0
9/0579.png;8;1;0;0
9/0580.png;8;1;0;0
9/0581.png;8;1;0;0
9/0582.png;8;1;0;0
9/0583.png;8;1;0;0
9/0584.png;8;1;0;0
9/0585.png;8;1;0;0
9/0586.png;8;1;0;0
9/0587.png;8;1;0;0
9/0588.png;8;1;0;0
9/0589.png;8;1;0;0
9/0590.png;8;1;0;0
9/0591.png;8;1;0;0
9/0592.png;8;1;0;0
9/0593.png;8;1;0;0
9/0594.png;8;1;0;0
9/0595.png;8;1;0;0
9/0596.png;8;1;0;0
9/0597.png;8;1;0;0
9/0598.png;8;1;0;0
9/0599.png;8;1;0;0
9/0600.png;8;1;0;0
9/0601.png;8;1;0;0
9/0602.png;8;1;0;0
9/0603.png;8;1;0;0
9/0604.png;8;1;0;0
9/0605.png;8;1;0;0
9/0606.png;8;1;0;0
9/0607.png;8;1;0;0
9/0608.png;8;1;0;0
9/0609.png;8;1;0;0
9/0610.png;8;1;0;0
9/0611.png;8;1;0;0
9/0612.png;8;1;0;0
9/0613.png;8;1;0;0
9/0614.png;8;1;0;0
9/0615.png;8;1;0;0
9/0616.png;8;1;0;0
9/0617.png;8;1;0;0
9/0618.png;8;1;0;0
9/0619.png;8;1;0;0
9/0620.png;8;1;0;0
9/0621.png;8;1;0;0
9/0622.png;8;1;0;0
9/0623.png;8;1;0;0
9/0624.png;8;1;0;0
9/0625.png;8;1;0;0
9/0626.png;8;1;0;0
9/0627.png;8;1;0;0
9/0628.png;8;1;0;0
9/0629.png;8;1;0;0
9/0630.png;8;1;0;0
9/0631.png;8;1;0;0
9/0632.png;8;1;0;0
9/0633.png;8;1;0;0
9/0634.png;8;1;0;0
9/0635.png;8;1;0;0
9/0636.png;8;1;0;0
9/0637.png;8;1;0;0
9/0638.png;8;1;0;0
9/0639.png;8;1;0;0
9/0640.png;8;1;0;0
9/0641.png;8;1;0;0
9/0642.png;8;1;0;0
9/0643.png;8;1;0;0
9/0644.png;8;1;0;0
9/0645.png;8;1;0;0
9/0646.png;8;1;0;0
9/0647.png;8;1;0;0
9/0648.png;8;1;0;0
9/0649.png;8;1;0;0
9/0650.png;8;1;0;0
9/0651.png;8;1;0;0
9/0652.png;8;1;0;0
9/0653.png;8;1;0;0
9/0654.png;8;1;0;0
9/0655.png;8;1;0;0
9/0656.png;8;1;0;0
9/0657.png;8;1;0;0
9/0658.png;8;1;0;0
9/0659.png;8;1;0;0
9/0660.png;8;1;0;0
9/0661.png;8;1;0;0
9/0662.png;8;1;0;0
9/0663.png;8;1;0;0
9/0664.png;8;1;0;0
9/0665.png;8;1;0;0
9/0666.png;8;1;0;0
9/0667.png;8;1;0;0
9/0668.png;8;1;0;0
9/0669.png;8;1;0;0
9/0670.png;8;1;0;0
9/0671.png;8;1;0;0
9/0672.png;8;1;0;0
9/0673.png;8;1;0;0
9/0674.png;8;1;0;0
9/0675.png;8;1;0;0
9/0676.png;8;1;0;0
9/0677.png;8;1;0;0
9/0678.png;8;1;0;0
9/0679.png;8;1;0;0
9/0680.png;8;1;0;0
9/0681.png;8;1;0;0
9/0682.png;8;1;0;0
9/0683.png;8;1;0;0
9/0684.png;8;1;0;0
9/0685.png;8;1;0;0
9/0686.png;8;1;0;0
9/0687.png;8;1;0;0
9/0688.png;8;1;0;0
9/0689.png;8;1;0;0
9/0690.png;8;1;0;0
9/0691.png;8;1;0;0
9/0692.png;8;1;0;0
9/0693.png;8;1;0;0
9/0694.png;8;1;0;0
9/0695.png;8;1;0;0
9/0696.png;8;1;0;0
9/0697.png;8;1;0;0
9/0698.png;8;1;0;0
9/0699.png;8;1;0;0
9/0700.png;8;1;0;0
9/0701.png;8;1;0;0
9/0702.png;8;1;0;0
9/0703.png;8;1;0;0
9/0704.png;8;1;0;0
9/0705.png;8;1;0;0
9/0706.png;8;1;0;0
9/0707.png;8;1;0;0
9/0708.png;8;1;0;0
9/0709.png;8;1;0;0
9/0710.png;8;1;0;0
9/0711.png;8;1;0;0
9/0712.png;8;1;0;0
9/0713.png;8;1;0;0
9/0714.png;8;1;0;0
9/0715.png;8;1;0;0
9/0716.png;8;1;0;0
9/0717.png;8;1;0;0
9/0718.png;8;1;0;0
9/0719.png;8;1;0;0
9/0720.png;8;1;0;0
9/0721.png;8;1;0;0
9/0722.png;8;1;0;0
9/0723.png;8;1;0;0
9/0724.png;8;1;0;0
9/0725.png;8;1;0;0
9/0726.png;8;1;0;0
9/0727.png;8;1;0;0
9/0728.png;8;1;0;0
9/0729.png;8;1;0;0
9/0730.png;8;1;0;0
9/0731.png;8;1;0;0
9/0732.png;8;1;0;0
9/0733.png;8;1;0;0
9/0734.png;8;1;0;0
9/0735.png;8;1;0;0
9/0736.png;8;1;0;0
9/0737.png;8;1;0;0
9/0738.png;8;1;0;0
9/0739.png;8;1;0;0
9/0740.png;8;1;0;0
9/0741.png;8;1;0;0
9/0742.png;8;1;0;0
9/0743.png;8;1;0;0
9/0744.png;8;1;0;0
9/0745.png;8;1;0;0
9/0746.png;8;1;0;0
9/0747.png;8;1;0;0
9/0748.png;8;1;0;0
9/0749.png;8;1;0;0
9/0750.png;8;1;0;0
9/0751.png;8;1;0;0
9/0752.png;8;1;0;0
9/0753.png;8;1;0;0
9/0754.png;8;1;0;0
9/0755.png;8;1;0;0
9/0756.png;8;1;0;0
9/0757.png;8;1;0;0
9/0758.png;8;1;0;0
9/0759.png;8;1;0;0
9/0760.png;8;1;0;0
9/0761.png;8;1;0;0
9/0762.png;8;1;0;0
9/0763.png;8;1;0;0
9/0764.png;8;1;0;0
9/0765.png;8;1;0;0
9/0766.png;8;1;0;0
9/0767.png;8;1;0;0
9/0768.png;8;1;0;0
9/0769.png;8;1;0;0
9/0770.png;8;1;0;0
9/0771.png;8;1;0;0
9/0772.png;8;1;0;0
9/0773.png;8;1;0;0
9/0774.png;8;1;0;0
9/0775.png;8;1;0;0
9/0776.png;8;1;0;0
9/0777.png;8;1;0;0
9/0778.png;8;1;0;0
9/0779.png;8;1;0;0
9/0780.png;8;1;0;0
9/0781.png;8;1;0;0
9/0782.png;8;1;0;0
9/0783.png;8;1;0;0
9/0784.png;8;1;0;0
9/0785.png;8;1;0;0
9/0786.png;8;1;0;0
9/0787.png;8;1;0;0
9/0788.png;8;1;0;0
9/0789.png;8;1;0;0
9/0790.png;8;1;0;0
9/0791.png;8;1;0;0
9/0792.png;8;1;0;0
9/0793.png;8;1;0;0
9/0794.png;8;1;0;0
9/0795.png;8;1;0;0
9/0796.png;8;1;0;0
9/0797.png;8;1;0;0
9/0798.png;8;1;0;0
9/0799.png;8;1;0;0
9/0800.png;8;1;0;0
9/0801.png;8;1;0;0
9/0802.png;8;1;0;0
9/0803.png;8;1;0;0
9/0804.png;8;1;0;0
9/0805.png;8;1;0;0
9/0806.png;8;1;0;0
9/0807.png;8;1;0;0
9/0808.png;8;1;0;0
9/0809.png;8;1;0;0
9/0810.png;8;1;0;0
9/0811.png;8;1;0;0
9/0812.png;8;1;0;0
9/0813.png;8;1;0;0
9/0814.png;8;1;0;0
9/0815.png;8;1;0;0
9/0816.png;8;1;0;0
9/0817.png;8;1;0;0
9/0818.png;8;1;0;0
9/0819.png;8;1;0;0
9/0820.png;8;1;0;0
9/0821.png;8;1;0;0
9/0822.png;8;1;0;0
9/0823.png;8;1;0;0
9/0824.png;8;1;0;0
9/0825.png;8;1;0;0
9/0826.png;8;1;0;0
9/0827.png;8;1;0;0
9/0828.png;8;1;0;0
9/0829.png;8;1;0;0
9/0830.png;8;1;0;0
9/0831.png;8;1;0;0
9/0832.png;8;1;0;0
9/0833.png;8;1;0;0
9/0834.png;8;1;0;0
9/0835.png;8;1;0;0
9/0836.png;8;1;0;0
9/0837.png;8;1;0;0
9/0838.png;8;1;0;0
9/0839.png;8;1;0;0
9/0840.png;8;1;0;0
9/0841.png;8;1;0;0
9/0842.png;8;1;0;0
9/0843.png;8;1;0;0
9/0844.png;8;1;0;0
9/0845.png;8;1;0;0
9/0846.png;8;1;0;0
9/0847.png;8;1;0;0
9/0848.png;8;1;0;0
9/0849.png;8;1;0;0
9/0850.png;8;1;0;0
9/0851.png;8;1;0;0
9/0852.png;8;1;0;0
9/0853.png;8;1;0;0
9/0854.png;8;1;0;0
9/0855.png;8;1;0;0
9/0856.png;8;1;0;0
9/0857.png;8;1;0;0
9/0858.png;8;1;0;0
9/0859.png;8;1;0;0
9/0860.png;8;1;0;0
9/0861.png;8;1;0;0
9/0862.png;8;1;0;0
9/0863.png;8;1;0;0
9/0864.png;8;1;0;0
9/0865.png;8;1;0;0
9/0866.png;8;1;0;0
9/0867.png;8;1;0;0
9/0868.png;8;1;0;0
9/0869.png;8;1;0;0
9/0870.png;8;1;0;0
9/0871.png;8;1;0;0
9/0872.png;8;1;0;0
9/0873.png;8;1;0;0
9/0874.png;8;1;0;0
9/0875.png;8;1;0;0
9/0876.png;8;1;0;0
9/0877.png;8;1;0;0
9/0878.png;8;1;0;0
9/0879.png;8;1;0;0
9/0880.png;8;1;0;0
9/0881.png;8;1;0;0
9/0882.png;8;1;0;0
9/0883.png;8;1;0;0
9/0884.png;8;1;0;0
9/0885.png;8;1;0;0
9/0886.png;8;1;0;0
9/0887.png;8;1;0;0
9/0888.png;8;1;0;0
9/0889.png;8;1;0;0
9/0890.png;8;1;0;0
9/0891.png;8;1;0;0
9/0892.png;8;1;0;0
9/0893.png;8;1;0;0
9/0894.png;8;1;0;0
9/0895.png;8;1;0;0
9/0896.png;8;1;0;0
9/0897.png;8;1;0;0
9/0898.png;8;1;0;0
9/0899.png;8;1;0;0
9/0900.png;8;1;0;0
9/0901.png;8;1;0;0
9/0902.png;8;1;0;0
9/0903.png;8;1;0;0
9/0904.png;8;1;0;0
9/0905.png;8;1;0;0
9/0906.png;8;1;0;0
9/0907.png;8;1;0;0
9/0908.png;8;1;0;0
9/0909.png;8;1;0;0
9/0910.png;8;1;0;0
9/0911.png;8;1;0;0
9/0912.png;8;1;0;0
9/0913.png;8;1;0;0
9/0914.png;8;1;0;0
9/0915.png;8;1;0;0
9/0916.png;8;1;0;0
9/0917.png;8;1;0;0
9/0918.png;8;1;0;0
9/0919.png;8;1;0;0
9/0920.png;8;1;0;0
9/0921.png;8;1;0;0
9/0922.png;8;1;0;0
9/0923.png;8;1;0;0
9/0924.png;8;1;0;0
9/0925.png;8;1;0;0
9/0926.png;8;1;0;0
9/0927.png;8;1;0;0
9/0928.png;8;1;0;0
9/0929.png;8;1;0;0
9/0930.png;8;1;0;0
9/0931.png;8;1;0;0
9/0932.png;8;1;0;0
9/0933.png;8;1;0;0
9/0934.png;8;1;0;0
9/0935.png;8;1;0;0
9/0936.png;8;1;0;0
9/0937.png;8;1;0;0
9/0938.png;8;1;0;0
9/0939.png;8;1;0;0
9/0940.png;8;1;0;0
9/0941.png;8;1;0;0
9/0942.png;8;1;0;0
9/0943.png;8;1;0;0
9/0944.png;8;1;0;0
9/0945.png;8;1;0;0
9/0946.png;8;1;0;0
9/0947.png;8;1;0;0
9/0948.png;8;1;0;0
9/0949.png;8;1;0;0
9/0950.png;8;1;0;0
9/0951.png;8;1;0;0
9/0952.png;8;1;0;0
9/0953.png;8;1;0;0
9/0954.png;8;1;0;0
9/0955.png;8;1;0;0
9/0956.png;8;1;0;0
9/0957.png;8;1;0;0
9/0958.png;8;1;0;0
9/0959.png;8;1;0;0
9/0960.png;8;1;0;0
9/0961.png;8;1;0;0
9/0962.png;8;1;0;0
9/0963.png;8;1;0;0
9/0964.png;8;1;0;0
9/0965.png;8;1;0;0
9/0966.png;8;1;0;0
9/0967.png;8;1;0;0
9/0968.png;8;1;0;0
9/0969.png;8;1;0;0
9/0970.png;8;1;0;0
9/0971.png;8;1;0;0
9/0972.png;8;1;0;0
9/0973.png;8;1;0;0
9/0974.png;8;1;0;0
9/0975.png;8;1;0;0
9/0976.png;8;1;0;0
9/0977.png;8;1;0;0
9/0978.png;8;1;0;0
9/0979.png;8;1;0;0
9/0980.png;8;1;0;0
9/0981.png;8;1;0;0
9/0982.png;8;1;0;0
9/0983.png;8;1;0;0
9/0984.png;8;1;0;0
9/0985.png;8;1;0;0
9/0986.png;8;1;0;0
9/0987.png;8;1;0;0
9/0988.png;8;1;0;0
9/0989.png;8;1;0;0
9/0990.png;8;1;0;0
9/0991.png;8;1;0;0
9/0992.png;8;1;0;0
9/0993.png;8;1;0;0
9/0994.png;8;1;0;0
9/0995.png;8;1;0;0
9/0996.png;8;1;0;0
9/0997.png;8;1;0;0
9/0998.png;8;1;0;0
9/0999.png;8;1;0;0
9/1000.png;8;1;0;0
9/1001.png;8;1;0;0
9/1002.png;8;1;0;0
9/1003.png;8;1;0;0
9/1004.png;8;1;0;0
9/1005.png;8;1;0;0
9/1006.png;8;1;0;0
9/1007.png;8;1;0;0
9/1008.png;8;1;0;0
9/1009.png;8;1;0;0
9/1010.png;8;1;0;0
9/1011.png;8;1;0;0
9/1012.png;8;1;0;0
9/1013.png;8;1;0;0
9/1014.png;8;1;0;0
9/1015.png;8;1;0;0
9/1016.png;8;1;0;0
9/1017.png;8;1;0;0
9/1018.png;8;1;0;0
9/1019.png;8;1;0;0
9/1020.png;8;1;0;0
9/1021.png;8;1;0;0
9/1022.png;8;1;0;0
9/1023.png;8;1;0;0
9/1024.png;8;1;0;0
9/1025.png;8;1;0;0
9/1026.png;8;1;0;0
9/1027.png;8;1;0;0
9/1028.png;8;1;0;0
9/1029.png;8;1;0;0
9/1030.png;8;1;0;0
9/1031.png;8;1;0;0
9/1032.png;8;1;0;0
9/1033.png;8;1;0;0
9/1034.png;8;1;0;0
9/1035.png;8;1;0;0
9/1036.png;8;1;0;0
9/1037.png;8;1;0;0
9/1038.png;8;1;0;0
9/1039.png;8;1;0;0
9/1040.png;8;1;0;0
9/1041.png;8;1;0;0
9/1042.png;8;1;0;0
9/1043.png;8;1;0;0
9/1044.png;8;1;0;0
9/1045.png;8;1;0;0
9/1046.png;8;1;0;0
9/1047.png;8;1;0;0
9/1048.png;8;1;0;0
9/1049.png;8;1;0;0
9/1050.png;8;1;0;0
9/1051.png;8;1;0;0
9/1052.png;8;1;0;0
9/1053.png;8;1;0;0
9/1054.png;8;1;0;0
9/1055.png;8;1;0;0
9/1056.png;8;1;0;0
9/1057.png;8;1;0;0
9/1058.png;8;1;0;0
9/1059.png;8;1;0;0
9/1060.png;8;1;0;0
9/1061.png;8;1;0;0
9/1062.png;8;1;0;0
9/1063.png;8;1;0;0
9/1064.png;8;1;0;0
9/1065.png;8;1;0;0
9/1066.png;8;1;0;0
9/1067.png;8;1;0;0
9/1068.png;8;1;0;0
9/1069.png;8;1;0;0
9/1070.png;8;1;0;0
9/1071.png;8;1;0;0
9/1072.png;8;1;0;0
9/1073.png;8;1;0;0
9/1074.png;8;1;0;0
9/1075.png;8;1;0;0
9/1076.png;8;1;0;0
9/1077.png;8;1;0;0
9/1078.png;8;1;0;0
9/1079.png;8;1;0;0
9/1080.png;8;1;0;0
9/1081.png;8;1;0;0
9/1082.png;8;1;0;0
9/1083.png;8;1;0;0
9/1084.png;8;1;0;0
9/1085.png;8;1;0;0
9/1086.png;8;1;0;0
9/1087.png;8;1;0;0
9/1088.png;8;1;0;0
9/1089.png;8;1;0;0
9/1090.png;8;1;0;0
9/1091.png;8;1;0;0
9/1092.png;8;1;0;0
9/1093.png;8;1;0;0
9/1094.png;8;1;0;0
9/1095.png;8;1;0;0
9/1096.png;8;1;0;0
9/1097.png;8;1;0;0
9/1098.png;8;1;0;0
9/1099.png;8;1;0;0
9/1100.png;8;1;0;0
9/1101.png;8;1;0;0
9/1102.png;8;1;0;0
9/1103.png;8;1;0;0
9/1104.png;8;1;0;0
9/1105.png;8;1;0;0
9/1106.png;8;1;0;0
9/1107.png;8;1;0;0
9/1108.png;8;1;0;0
9/1109.png;8;1;0;0
9/1110.png;8;1;0;0
9/1111.png;8;1;0;0
9/1112.png;8;1;0;0
9/1113.png;8;1;0;0
9/1114.png;8;1;0;0
9/1115.png;8;1;0;0
9/1116.png;8;1;0;0
9/1117.png;8;1;0;0
9/1118.png;8;1;0;0
9/1119.png;8;1;0;0
9/1120.png;8;1;0;0
9/1121.png;8;1;0;0
9/1122.png;8;1;0;0
9/1123.png;8;1;0;0
9/1124.png;8;1;0;0
9/1125.png;8;1;0;0
9/1126.png;8;1;0;0
9/1127.png;8;1;0;0
9/1128.png;8;1;0;0
9/1129.png;8;1;0;0
9/1130.png;8;1;0;0
9/1131.png;8;1;0;0
9/1132.png;8;1;0;0
9/1133.png;8;1;0;0
9/1134.png;8;1;0;0
9/1135.png;8;1;0;0
9/1136.png;8;1;0;0
9/1137.png;8;1;0;0
9/1138.png;8;1;0;0
9/1139.png;8;1;0;0
9/1140.png;8;1;0;0
9/1141.png;8;1;0;0
9/1142.png;8;1;0;0
9/1143.png;8;1;0;0
9/1144.png;8;1;0;0
9/1145.png;8;1;0;0
9/1146.png;8;1;0;0
9/1147.png;8;1;0;0
9/1148.png;8;1;0;0
9/1149.png;8;1;0;0
9/1150.png;8;1;0;0
9/1151.png;8;1;0;0
9/1152.png;8;1;0;0
9/1153.png;8;1;0;0
9/1154.png;8;1;0;0
9/1155.png;8;1;0;0
9/1156.png;8;1;0;0
9/1157.png;8;1;0;0
9/1158.png;8;1;0;0
9/1159.png;8;1;0;0
9/1160.png;8;1;0;0
9/1161.png;8;1;0;0
9/1162.png;8;1;0;0
9/1163.png;8;1;0;0
9/1164.png;8;1;0;0
9/1165.png;8;1;0;0
9/1166.png;8;1;0;0
9/1167.png;8;1;0;0
9/1168.png;8;1;0;0
9/1169.png;8;1;0;0
9/1170.png;8;1;0;0
9/1171.png;8;1;0;0
9/1172.png;8;1;0;0
9/1173.png;8;1;0;0
9/1174.png;8;1;0;0
9/1175.png;8;1;0;0
9/1176.png;8;1;0;0
9/1177.png;8;1;0;0
9/1178.png;8;1;0;0
9/1179.png;8;1;0;0
9/1180.png;8;1;0;0
9/1181.png;8;1;0;0
9/1182.png;8;1;0;0
9/1183.png;8;1;0;0
9/1184.png;8;1;0;0
9/1185.png;8;1;0;0
9/1186.png;8;1;0;0
9/1187.png;8;1;0;0
9/1188.png;8;1;0;0
9/1189.png;8;1;0;0
9/1190.png;8;1;0;0
9/1191.png;8;1;0;0
9/1192.png;8;1;0;0
9/1193.png;8;1;0;0
9/1194.png;8;1;0;0
9/1195.png;8;1;0;0
9/1196.png;8;1;0;0
9/1197.png;8;1;0;0
9/1198.png;8;1;0;0
9/1199.png;8;1;0;0
9/1200.png;8;1;0;0
9/1201.png;8;1;0;0
9/1202.png;8;1;0;0
9/1203.png;8;1;0;0
9/1204.png;8;1;0;0
9/1205.png;8;1;0;0
9/1206.png;8;1;0;0
9/1207.png;8;1;0;0
9/1208.png;8;1;0;0
9/1209.png;8;1;0;0
9/1210.png;8;1;0;0
9/1211.png;8;1;0;0
9/1212.png;8;1;0;0
9/1213.png;8;1;0;0
9/1214.png;8;1;0;0
9/1215.png;8;1;0;0
9/1216.png;8;1;0;0
9/1217.png;8;1;0;0
9/1218.png;8;1;0;0
9/1219.png;8;1;0;0
9/1220.png;8;1;0;0
9/1221.png;8;1;0;0
9/1222.png;8;1;0;0
9/1223.png;8;1;0;0
9/1224.png;8;1;0;0
9/1225.png;8;1;0;0
9/1226.png;8;1;0;0
9/1227.png;8;1;0;0
9/1228.png;8;1;0;0
9/1229.png;8;1;0;0
9/1230.png;8;1;0;0
9/1231.png;8;1;0;0
9/1232.png;8;1;0;0
9/1233.png;8;1;0;0
9/1234.png;8;1;0;0
9/1235.png;8;1;0;0
9/1236.png;8;1;0;0
9/1237.png;8;1;0;0
9/1238.png;8;1;0;0
9/1239.png;8;1;0;0
9/1240.png;8;1;0;0
9/1241.png;8;1;0;0
9/1242.png;8;1;0;0
9/1243.png;8;1;0;0
9/1244.png;8;1;0;0
9/1245.png;8;1;0;0
9/1246.png;8;1;0;0
9/1247.png;8;1;0;0
9/1248.png;8;1;0;0
9/1249.png;8;1;0;0
9/1250.png;8;1;0;0
9/1251.png;8;1;0;0
9/1252.png;8;1;0;0
9/1253.png;8;1;0;0
9/1254.png;8;1;0;0
9/1255.png;8;1;0;0
9/1256.png;8;1;0;0
9/1257.png;8;1;0;0
9/1258.png;8;1;0;0
9/1259.png;8;1;0;0
9/1260.png;8;1;0;0
9/1261.png;8;1;0;0
9/1262.png;8;1;0;0
9/1263.png;8;1;0;0
9/1264.png;8;1;0;0
9/1265.png;8;1;0;0
9/1266.png;8;1;0;0
9/1267.png;8;1;0;0
9/1268.png;8;1;0;0
9/1269.png;8;1;0;0
9/1270.png;8;1;0;0
9/1271.png;8;1;0;0
9/1272.png;8;1;0;0
9/1273.png;8;1;0;0
9/1274.png;8;1;0;0
9/1275.png;8;1;0;0
9/1276.png;8;1;0;0
9/1277.png;8;1;0;0
9/1278.png;8;1;0;0
9/1279.png;8;1;0;0
9/1280.png;8;1;0;0
9/1281.png;8;1;0;0
9/1282.png;8;1;0;0
9/1283.png;8;1;0;0
9/1284.png;8;1;0;0
9/1285.png;8;1;0;0
9/1286.png;8;1;0;0
9/1287.png;8;1;0;0
9/1288.png;8;1;0;0
9/1289.png;8;1;0;0
9/1290.png;8;1;0;0
9/1291.png;8;1;0;0
9/1292.png;8;1;0;0
9/1293.png;8;1;0;0
9/1294.png;8;1;0;0
9/1295.png;8;1;0;0
9/1296.png;8;1;0;0
9/1297.png;8;1;0;0
9/1298.png;8;1;0;0
9/1299.png;8;1;0;0
9/1300.png;8;1;0;0
9/1301.png;8;1;0;0
9/1302.png;8;1;0;0
9/1303.png;8;1;0;0
9/1304.png;8;1;0;0
9/1305.png;8;1;0;0
9/1306.png;8;1;0;0
9/1307.png;8;1;0;0
9/1308.png;8;1;0;0
9/1309.png;8;1;0;0
9/1310.png;8;1;0;0
9/1311.png;8;1;0;0
9/1312.png;8;1;0;0
9/1313.png;8;1;0;0
9/1314.png;8;1;0;0
9/1315.png;8;1;0;0
9/1316.png;8;1;0;0
9/1317.png;8;1;0;0
9/1318.png;8;1;0;0
9/1319.png;8;1;0;0
9/1320.png;8;1;0;0
9/1321.png;8;1;0;0
9/1322.png;8;1;0;0
9/1323.png;8;1;0;0
9/1324.png;8;1;0;0
9/1325.png;8;1;0;0
9/1326.png;8;1;0;0
9/1327.png;8;1;0;0
9/1328.png;8;1;0;0
9/1329.png;8;1;0;0
9/1330.png;8;1;0;0
9/1331.png;8;1;0;0
9/1332.png;8;1;0;0
9/1333.png;8;1;0;0
9/1334.png;8;1;0;0
9/1335.png;8;1;0;0
9/1336.png;8;1;0;0
9/1337.png;8;1;0;0
9/1338.png;8;1;0;0
9/1339.png;8;1;0;0
9/1340.png;8;1;0;0
9/1341.png;8;1;0;0
9/1342.png;8;1;0;0
9/1343.png;8;1;0;0
9/1344.png;8;1;0;0
9/1345.png;8;1;0;0
9/1346.png;8;1;0;0
9/1347.png;8;1;0;0
9/1348.png;8;1;0;0
9/1349.png;8;1;0;0
9/1350.png;8;1;0;0
9/1351.png;8;1;0;0
9/1352.png;8;1;0;0
9/1353.png;8;1;0;0
9/1354.png;8;1;0;0
9/1355.png;8;1;0;0
9/1356.png;8;1;0;0
9/1357.png;8;1;0;0
9/1358.png;8;1;0;0
9/1359.png;8;1;0;0
9/1360.png;8;1;0;0
9/1361.png;8;1;0;0
9/1362.png;8;1;0;0
9/1363.png;8;1;0;0
9/1364.png;8;1;0;0
9/1365.png;8;1;0;0
9/1366.png;8;1;0;0
9/1367.png;8;1;0;0
9/1368.png;8;1;0;0
9/1369.png;8;1;0;0
9/1370.png;8;1;0;0
9/1371.png;8;1;0;0
9/1372.png;8;1;0;0
9/1373.png;8;1;0;0
9/1374.png;8;1;0;0
9/1375.png;8;1;0;0
9/1376.png;8;1;0;0
9/1377.png;8;1;0;0
9/1378.png;8;1;0;0
9/1379.png;8;1;0;0
9/1380.png;8;1;0;0
9/1381.png;8;1;0;0
9/1382.png;8;1;0;0
9/1383.png;8;1;0;0
9/1384.png;8;1;0;0
9/1385.png;8;1;0;0
9/1386.png;8;1;0;0
9/1387.png;8;1;0;0
9/1388.png;8;1;0;0
9/1389.png;8;1;0;0
9/1390.png;8;1;0;0
9/1391.png;8;1;0;0
9/1392.png;8;1;0;0
9/1393.png;8;1;0;0
9/1394.png;8;1;0;0
9/1395.png;8;1;0;0
9/1396.png;8;1;0;0
9/1397.png;8;1;0;0
9/1398.png;8;1;0;0
9/1399.png;8;1;0;0
9/1400.png;8;1;0;0
9/1401.png;8;1;0;0
9/1402.png;8;1;0;0
9/1403.png;8;1;0;0
9/1404.png;8;1;0;0
9/1405.png;8;1;0;0
9/1406.png;8;1;0;0
9/1407.png;8;1;0;0
9/1408.png;8;1;0;0
9/1409.png;8;1;0;0
9/1410.png;8;1;0;0
9/1411.png;8;1;0;0
9/1412.png;8;1;0;0
9/1413.png;8;1;0;0
9/1414.png;8;1;0;0
9/1415.png;8;1;0;0
9/1416.png;8;1;0;0
9/1417.png;8;1;0;0
9/1418.png;8;1;0;0
9/1419.png;8;1;0;0
9/1420.png;8;1;0;0
9/1421.png;8;1;0;0
9/1422.png;8;1;0;0
9/1423.png;8;1;0;0
9/1424.png;8;1;0;0
9/1425.png;8;1;0;0
9/1426.png;8;1;0;0
9/1427.png;8;1;0;0
9/1428.png;8;1;0;0
9/1429.png;8;1;0;0
9/1430.png;8;1;0;0
9/1431.png;8;1;0;0
9/1432.png;8;1;0;0
9/1433.png;8;1;0;0
9/1434.png;8;1;0;0
9/1435.png;8;1;0;0
9/1436.png;8;1;0;0
9/1437.png;8;1;0;0
9/1438.png;8;1;0;0
9/1439.png;8;1;0;0
9/1440.png;8;1;0;0
9/1441.png;8;1;0;0
9/1442.png;8;1;0;0
9/1443.png;8;1;0;0
9/1444.png;8;1;0;0
9/1445.png;8;1;0;0
9/1446.png;8;1;0;0
9/1447.png;8;1;0;0
9/1448.png;8;1;0;0
9/1449.png;8;1;0;0
9/1450.png;8;1;0;0
9/1451.png;8;1;0;0
9/1452.png;8;1;0;0
9/1453.png;8;1;0;0
9/1454.png;8;1;0;0
9/1455.png;8;1;0;0
9/1456.png;8;1;0;0
9/1457.png;8;1;0;0
9/1458.png;8;1;0;0
9/1459.png;8;1;0;0
9/1460.png;8;1;0;0
9/1461.png;8;1;0;0
9/1462.png;8;1;0;0
9/1463.png;8;1;0;0
9/1464.png;8;1;0;0
9/1465.png;8;1;0;0
9/1466.png;8;1;0;0
9/1467.png;8;1;0;0
9/1468.png;8;1;0;0
9/1469.png;8;1;0;0
9/1470.png;8;1;0;0
9/1471.png;8;1;0;0
9/1472.png;8;1;0;0
9/1473.png;8;1;0;0
9/1474.png;8;1;0;0
9/1475.png;8;1;0;0
9/1476.png;8;1;0;0
9/1477.png;8;1;0;0
9/1478.png;8;1;0;0
9/1479.png;8;1;0;0
9/1480.png;8;1;0;0
9/1481.png;8;1;0;0
9/1482.png;8;1;0;0
9/1483.png;8;1;0;0
9/1484.png;8;1;0;0
9/1485.png;8;1;0;0
9/1486.png;8;1;0;0
9/1487.png;8;1;0;0
9/1488.png;8;1;0;0
9/1489.png;8;1;0;0
9/1490.png;8;1;0;0
9/1491.png;8;1;0;0
9/1492.png;8;1;0;0
9/1493.png;8;1;0;0
9/1494.png;8;1;0;0
9/1495.png;8;1;0;0
9/1496.png;8;1;0;0
9/1497.png;8;1;0;0
9/1498.png;8;1;0;0
9/1499.png;8;1;0;0
9/1500.png;8;1;0;0
9/1501.png;8;1;0;0
9/1502.png;8;1;0;0
9/1503.png;8;1;0;0
9/1504.png;8;1;0;0
9/1505.png;8;1;0;0
9/1506.png;8;1;0;0
9/1507.png;8;1;0;0
9/1508.png;8;1;0;0
9/1509.png;8;1;0;0
9/1510.png;8;1;0;0
9/1511.png;8;1;0;0
9/1512.png;8;1;0;0
9/1513.png;8;1;0;0
9/1514.png;8;1;0;0
9/1515.png;8;1;0;0
9/1516.png;8;1;0;0
9/1517.png;8;1;0;0
9/1518.png;8;1;0;0
9/1519.png;8;1;0;0
9/1520.png;8;1;0;0
9/1521.png;8;1;0;0
9/1522.png;8;1;0;0
9/1523.png;8;1;0;0
9/1524.png;8;1;0;0
9/1525.png;8;1;0;0
9/1526.png;8;1;0;0
9/1527.png;8;1;0;0
9/1528.png;8;1;0;0
9/1529.png;8;1;0;0
9/1530.png;8;1;0;0
9/1531.png;8;1;0;0
9/1532.png;8;1;0;0
9/1533.png;8;1;0;0
9/1534.png;8;1;0;0
9/1535.png;8;1;0;0
9/1536.png;8;1;0;0
9/1537.png;8;1;0;0
9/1538.png;8;1;0;0
9/1539.png;8;1;0;0
9/1540.png;8;1;0;0
9/1541.png;8;1;0;0
9/1542.png;8;1;0;0
9/1543.png;8;1;0;0
9/1544.png;8;1;0;0
9/1545.png;8;1;0;0
9/1546.png;8;1;0;0
9/1547.png;8;1;0;0
9/1548.png;8;1;0;0
9/1549.png;8;1;0;0
9/1550.png;8;1;0;0
9/1551.png;8;1;0;0
9/1552.png;8;1;0;0
9/1553.png;8;1;0;0
9/1554.png;8;1;0;0
9/1555.png;8;1;0;0
9/1556.png;8;1;0;0
9/1557.png;8;1;0;0
9/1558.png;8;1;0;0
9/1559.png;8;1;0;0
9/1560.png;8;1;0;0
9/1561.png;8;1;0;0
9/1562.png;8;1;0;0
9/1563.png;8;1;0;0
9/1564.png;8;1;0;0
9/1565.png;8;1;0;0
9/1566.png;8;1;0;0
9/1567.png;8;1;0;0
9/1568.png;8;1;0;0
9/1569.png;8;1;0;0
9/1570.png;8;1;0;0
9/1571.png;8;1;0;0
9/1572.png;8;1;0;0
9/1573.png;8;1;0;0
9/1574.png;8;1;0;0
9/1575.png;8;1;0;0
9/1576.png;8;1;0;0
9/1577.png;8;1;0;0
9/1578.png;8;1;0;0
9/1579.png;8;1;0;0
9/1580.png;8;1;0;0
9/1581.png;8;1;0;0
9/1582.png;8;1;0;0
9/1583.png;8;1;0;0
9/1584.png;8;1;0;0
9/1585.png;8;1;0;0
9/1586.png;8;1;0;0
9/1587.png;8;1;0;0
9/1588.png;8;1;0;0
9/1589.png;8;1;0;0
9/1590.png;8;1;0;0
9/1591.png;8;1;0;0
9/1592.png;8;1;0;0
9/1593.png;8;1;0;0
9/1594.png;8;1;0;0
9/1595.png;8;1;0;0
9/1596.png;8;1;0;0
9/1597.png;8;1;0;0
9/1598.png;8;1;0;0
9/1599.png;8;1;0;0
9/1600.png;8;1;0;0
9/1601.png;8;1;0;0
9/1602.png;8;1;0;0
9/1603.png;8;1;0;0
9/1604.png;8;1;0;0
9/1605.png;8;1;0;0
9/1606.png;8;1;0;0
9/1607.png;8;1;0;0
9/1608.png;8;1;0;0
9/1609.png;8;1;0;0
9/1610.png;8;1;0;0
9/1611.png;8;1;0;0
9/1612.png;8;1;0;0
9/1613.png;8;1;0;0
9/1614.png;8;1;0;0
9/1615.png;8;1;0;0
9/1616.png;8;1;0;0
9/1617.png;8;1;0;0
9/1618.png;8;1;0;0
9/1619.png;8;1;0;0
9/1620.png;8;1;0;0
9/1621.png;8;1;0;0
9/1622.png;8;1;0;0
9/1623.png;8;1;0;0
9/1624.png;8;1;0;0
9/1625.png;8;1;0;0
9/1626.png;8;1;0;0
9/1627.png;8;1;0;0
9/1628.png;8;1;0;0
9/1629.png;8;1;0;0
9/1630.png;8;1;0;0
9/1631.png;8;1;0;0
9/1632.png;8;1;0;0
9/1633.png;8;1;0;0
9/1634.png;8;1;0;0
9/1635.png;8;1;0;0
9/1636.png;8;1;0;0
9/1637.png;8;1;0;0
9/1638.png;8;1;0;0
9/1639.png;8;1;0;0
9/1640.png;8;1;0;0
9/1641.png;8;1;0;0
9/1642.png;8;1;0;0
9/1643.png;8;1;0;0
9/1644.png;8;1;0;0
9/1645.png;8;1;0;0
9/1646.png;8;1;0;0
9/1647.png;8;1;0;0
9/1648.png;8;1;0;0
9/1649.png;8;1;0;0
9/1650.png;8;1;0;0
9/1651.png;8;1;0;0
9/1652.png;8;1;0;0
9/1653.png;8;1;0;0
9/1654.png;8;1;0;0
9/1655.png;8;1;0;0
9/1656.png;8;1;0;0
9/1657.png;8;1;0;0
9/1658.png;8;1;0;0
9/1659.png;8;1;0;0
9/1660.png;8;1;0;0
9/1661.png;8;1;0;0
9/1662.png;8;1;0;0
9/1663.png;8;1;0;0
9/1664.png;8;1;0;0
9/1665.png;8;1;0;0
9/1666.png;8;1;0;0
9/1667.png;8;1;0;0
9/1668.png;8;1;0;0
9/1669.png;8;1;0;0
9/1670.png;8;1;0;0
9/1671.png;8;1;0;0
9/1672.png;8;1;0;0
9/1673.png;8;1;0;0
9/1674.png;8;1;0;0
9/1675.png;8;1;0;0
9/1676.png;8;1;0;0
9/1677.png;8;1;0;0
9/1678.png;8;1;0;0
9/1679.png;8;1;0;0
9/1680.png;8;1;0;0
9/1681.png;8;1;0;0
9/1682.png;8;1;0;0
9/1683.png;8;1;0;0
9/1684.png;8;1;0;0
9/1685.png;8;1;0;0
9/1686.png;8;1;0;0
9/1687.png;8;1;0;0
9/1688.png;8;1;0;0
9/1689.png;8;1;0;0
9/1690.png;8;1;0;0
9/1691.png;8;1;0;0
9/1692.png;8;1;0;0
9/1693.png;8;1;0;0
9/1694.png;8;1;0;0
9/1695.png;8;1;0;0
9/1696.png;8;1;0;0
9/1697.png;8;1;0;0
9/1698.png;8;1;0;0
9/1699.png;8;1;0;0
9/1700.png;8;1;0;0
9/1701.png;8;1;0;0
9/1702.png;8;1;0;0
9/1703.png;8;1;0;0
9/1704.png;8;1;0;0
9/1705.png;8;1;0;0
9/1706.png;8;1;0;0
9/1707.png;8;1;0;0
9/1708.png;8;1;0;0
9/1709.png;8;1;0;0
9/1710.png;8;1;0;0
9/1711.png;8;1;0;0
9/1712.png;8;1;0;0
9/1713.png;8;1;0;0
9/1714.png;8;1;0;0
9/1715.png;8;1;0;0
9/1716.png;8;1;0;0
9/1717.png;8;1;0;0
9/1718.png;8;1;0;0
9/1719.png;8;1;0;0
9/1720.png;8;1;0;0
9/1721.png;8;1;0;0
9/1722.png;8;1;0;0
9/1723.png;8;1;0;0
9/1724.png;8;1;0;0
9/1725.png;8;1;0;0
9/1726.png;8;1;0;0
9/1727.png;8;1;0;0
9/1728.png;8;1;0;0
9/1729.png;8;1;0;0
9/1730.png;8;1;0;0
9/1731.png;8;1;0;0
9/1732.png;8;1;0;0
9/1733.png;8;1;0;0
9/1734.png;8;1;0;0
9/1735.png;8;1;0;0
9/1736.png;8;1;0;0
9/1737.png;8;1;0;0
9/1738.png;8;1;0;0
9/1739.png;8;1;0;0
9/1740.png;8;1;0;0
9/1741.png;8;1;0;0
9/1742.png;8;1;0;0
9/1743.png;8;1;0;0
9/1744.png;8;1;0;0
9/1745.png;8;1;0;0
9/1746.png;8;1;0;0
9/1747.png;8;1;0;0
9/1748.png;8;1;0;0
9/1749.png;8;1;0;0
9/1750.png;8;1;0;0
9/1751.png;8;1;0;0
9/1752.png;8;1;0;0
9/1753.png;8;1;0;0
9/1754.png;8;1;0;0
9/1755.png;8;1;0;0
9/1756.png;8;1;0;0
9/1757.png;8;1;0;0
9/1758.png;8;1;0;0
9/1759.png;8;1;0;0
9/1760.png;8;1;0;0
9/1761.png;8;1;0;0
9/1762.png;8;1;0;0
9/1763.png;8;1;0;0
9/1764.png;8;1;0;0
9/1765.png;8;1;0;0
9/1766.png;8;1;0;0
9/1767.png;8;1;0;0
9/1768.png;8;1;0;0
9/1769.png;8;1;0;0
9/1770.png;8;1;0;0
9/1771.png;8;1;0;0
9/1772.png;8;1;0;0
9/1773.png;8;1;0;0
9/1774.png;8;1;0;0
9/1775.png;8;1;0;0
9/1776.png;8;1;0;0
9/1777.png;8;1;0;0
9/1778.png;8;1;0;0
9/1779.png;8;1;0;0
9/1780.png;8;1;0;0
9/1781.png;8;1;0;0
9/1782.png;8;1;0;0
9/1783.png;8;1;0;0
9/1784.png;8;1;0;0
9/1785.png;8;1;0;0
9/1786.png;8;1;0;0
9/1787.png;8;1;0;0
9/1788.png;8;1;0;0
9/1789.png;8;1;0;0
9/1790.png;8;1;0;0
9/1791.png;8;1;0;0
9/1792.png;8;1;0;0
9/1793.png;8;1;0;0
9/1794.png;8;1;0;0
9/1795.png;8;1;0;0
9/1796.png;8;1;0;0
9/1797.png;8;1;0;0
9/1798.png;8;1;0;0
9/1799.png;8;1;0;0
9/1800.png;8;1;0;0
9/1801.png;8;1;0;0
9/1802.png;8;1;0;0
9/1803.png;8;1;0;0
9/1804.png;8;1;0;0
9/1805.png;8;1;0;0
9/1806.png;8;1;0;0
9/1807.png;8;1;0;0
9/1808.png;8;1;0;0
9/1809.png;8;1;0;0
9/1810.png;8;1;0;0
9/1811.png;8;1;0;0
9/1812.png;8;1;0;0
9/1813.png;8;1;0;0
9/1814.png;8;1;0;0
9/1815.png;8;1;0;0
9/1816.png;8;1;0;0
9/1817.png;8;1;0;0
9/1818.png;8;1;0;0
9/1819.png;8;1;0;0
9/1820.png;8;1;0;0
9/1821.png;8;1;0;0
9/1822.png;8;1;0;0
9/1823.png;8;1;0;0
9/1824.png;8;1;0;0
9/1825.png;8;1;0;0
9/1826.png;8;1;0;0
9/1827.png;8;1;0;0
9/1828.png;8;1;0;0
9/1829.png;8;1;0;0
9/1830.png;8;1;0;0
9/1831.png;8;1;0;0
9/1832.png;8;1;0;0
9/1833.png;8;1;0;0
9/1834.png;8;1;0;0
9/1835.png;8;1;0;0
9/1836.png;8;1;0;0
9/1837.png;8;1;0;0
9/1838.png;8;1;0;0
9/1839.png;8;1;0;0
9/1840.png;8;1;0;0
9/1841.png;8;1;0;0
9/1842.png;8;1;0;0
9/1843.png;8;1;0;0
9/1844.png;8;1;0;0
9/1845.png;8;1;0;0
9/1846.png;8;1;0;0
9/1847.png;8;1;0;0
9/1848.png;8;1;0;0
9/1849.png;8;1;0;0
9/1850.png;8;1;0;0
9/1851.png;8;1;0;0
9/1852.png;8;1;0;0
9/1853.png;8;1;0;0
9/1854.png;8;1;0;0
9/1855.png;8;1;0;0
9/1856.png;8;1;0;0
9/1857.png;8;1;0;0
9/1858.png;8;1;0;0
9/1859.png;8;1;0;0
9/1860.png;8;1;0;0
9/1861.png;8;1;0;0
9/1862.png;8;1;0;0
9/1863.png;8;1;0;0
9/1864.png;8;1;0;0
9/1865.png;8;1;0;0
9/1866.png;8;1;0;0
9/1867.png;8;1;0;0
9/1868.png;8;1;0;0
9/1869.png;8;1;0;0
9/1870.png;8;1;0;0
9/1871.png;8;1;0;0
9/1872.png;8;1;0;0
9/1873.png;8;1;0;0
9/1874.png;8;1;0;0
9/1875.png;8;1;0;0
9/1876.png;8;1;0;0
9/1877.png;8;1;0;0
9/1878.png;8;1;0;0
9/1879.png;8;1;0;0
9/1880.png;8;1;0;0
9/1881.png;8;1;0;0
9/1882.png;8;1;0;0
9/1883.png;8;1;0;0
9/1884.png;8;1;0;0
9/1885.png;8;1;0;0
9/1886.png;8;1;0;0
9/1887.png;8;1;0;0
9/1888.png;8;1;0;0
9/1889.png;8;1;0;0
9/1890.png;8;1;0;0
9/1891.png;8;1;0;0
9/1892.png;8;1;0;0
9/1893.png;8;1;0;0
9/1894.png;8;1;0;0
9/1895.png;8;1;0;0
9/1896.png;8;1;0;0
9/1897.png;8;1;0;0
9/1898.png;8;1;0;0
9/1899.png;8;1;0;0
9/1900.png;8;1;0;0
9/1901.png;8;1;0;0
9/1902.png;8;1;0;0
9/1903.png;8;1;0;0
9/1904.png;8;1;0;0
9/1905.png;8;1;0;0
9/1906.png;8;1;0;0
9/1907.png;8;1;0;0
9/1908.png;8;1;0;0
9/1909.png;8;1;0;0
9/1910.png;8;1;0;0
9/1911.png;8;1;0;0
9/1912.png;8;1;0;0
9/1913.png;8;1;0;0
9/1914.png;8;1;0;0
9/1915.png;8;1;0;0
9/1916.png;8;1;0;0
9/1917.png;8;1;0;0
9/1918.png;8;1;0;0
9/1919.png;8;1;0;0
9/1920.png;8;1;0;0
9/1921.png;8;1;0;0
9/1922.png;8;1;0;0
9/1923.png;8;1;0;0
9/1924.png;8;1;0;0
9/1925.png;8;1;0;0
9/1926.png;8;1;0;0
9/1927.png;8;1;0;0
9/1928.png;8;1;0;0
9/1929.png;8;1;0;0
9/1930.png;8;1;0;0
9/1931.png;8;1;0;0
9/1932.png;8;1;0;0
9/1933.png;8;1;0;0
9/1934.png;8;1;0;0
9/1935.png;8;1;0;0
9/1936.png;8;1;0;0
9/1937.png;8;1;0;0
9/1938.png;8;1;0;0
9/1939.png;8;1;0;0
9/1940.png;8;1;0;0
9/1941.png;8;1;0;0
9/1942.png;8;1;0;0
9/1943.png;8;1;0;0
9/1944.png;8;1;0;0
9/1945.png;8;1;0;0
9/1946.png;8;1;0;0
9/1947.png;8;1;0;0
9/1948.png;8;1;0;0
9/1949.png;8;1;0;0
9/1950.png;8;1;0;0
9/1951.png;8;1;0;0
9/1952.png;8;1;0;0
9/1953.png;8;1;0;0
9/1954.png;8;1;0;0
9/1955.png;8;1;0;0
9/1956.png;8;1;0;0
9/1957.png;8;1;0;0
9/1958.png;8;1;0;0
9/1959.png;8;1;0;0
9/1960.png;8;1;0;0
9/1961.png;8;1;0;0
9/1962.png;8;1;0;0
9/1963.png;8;1;0;0
9/1964.png;8;1;0;0
9/1965.png;8;1;0;0
9/1966.png;8;1;0;0
9/1967.png;8;1;0;0
9/1968.png;8;1;0;0
9/1969.png;8;1;0;0
9/1970.png;8;1;0;0
9/1971.png;8;1;0;0
9/1972.png;8;1;0;0
9/1973.png;8;1;0;0
9/1974.png;8;1;0;0
9/1975.png;8;1;0;0
9/1976.png;8;1;0;0
9/1977.png;8;1;0;0
9/1978.png;8;1;0;0
9/1979.png;8;1;0;0
9/1980.png;8;1;0;0
9/1981.png;8;1;0;0
9/1982.png;8;1;0;0
9/1983.png;8;1;0;0
9/1984.png;8;1;0;0
9/1985.png;8;1;0;0
9/1986.png;8;1;0;0
9/1987.png;8;1;0;0
9/1988.png;8;1;0;0
9/1989.png;8;1;0;0
9/1990.png;8;1;0;0
9/1991.png;8;1;0;0
9/1992.png;8;1;0;0
9/1993.png;8;1;0;0
9/1994.png;8;1;0;0
9/1995.png;8;1;0;0
9/1996.png;8;1;0;0
9/1997.png;8;1;0;0
9/1998.png;8;1;0;0
9/1999.png;8;1;0;0
9/2000.png;8;1;0;0
9/2001.png;8;1;0;0
9/2002.png;8;1;0;0
9/2003.png;8;1;0;0
9/2004.png;8;1;0;0
9/2005.png;8;1;0;0
9/2006.png;8;1;0;0
9/2007.png;8;1;0;0
9/2008.png;8;1;0;0
9/2009.png;8;1;0;0
9/2010.png;8;1;0;0
9/2011.png;8;1;0;0
9/2012.png;8;1;0;0
9/2013.png;8;1;0;0
9/2014.png;8;1;0;0
9/2015.png;8;1;0;0
9/2016.png;8;1;0;0
9/2017.png;8;1;0;0
9/2018.png;8;1;0;0
9/2019.png;8;1;0;0
9/2020.png;8;1;0;0
9/2021.png;8;1;0;0
9/2022.png;8;1;0;0
9/2023.png;8;1;0;0
9/2024.png;8;1;0;0
9/2025.png;8;1;0;0
9/2026.png;8;1;0;0
9/2027.png;8;1;0;0
9/2028.png;8;1;0;0
9/2029.png;8;1;0;0
9/2030.png;8;1;0;0
9/2031.png;8;1;0;0
9/2032.png;8;1;0;0
9/2033.png;8;1;0;0
9/2034.png;8;1;0;0
9/2035.png;8;1;0;0
9/2036.png;8;1;0;0
9/2037.png;8;1;0;0
9/2038.png;8;1;0;0
9/2039.png;8;1;0;0
9/2040.png;8;1;0;0
9/2041.png;8;1;0;0
9/2042.png;8;1;0;0
9/2043.png;8;1;0;0
9/2044.png;8;1;0;0
9/2045.png;8;1;0;0
9/2046.png;8;1;0;0
9/2047.png;8;1;0;0
9/2048.png;8;1;0;0
9/2049.png;8;1;0;0
9/2050.png;8;1;0;0
9/2051.png;8;1;0;0
9/2052.png;8;1;0;0
9/2053.png;8;1;0;0
9/2054.png;8;1;0;0
9/2055.png;8;1;0;0
9/2056.png;8;1;0;0
9/2057.png;8;1;0;0
9/2058.png;8;1;0;0
9/2059.png;8;1;0;0
9/2060.png;8;1;0;0
9/2061.png;8;1;0;0
9/2062.png;8;1;0;0
9/2063.png;8;1;0;0
9/2064.png;8;1;0;0
9/2065.png;8;1;0;0
9/2066.png;8;1;0;0
9/2067.png;8;1;0;0
9/2068.png;8;1;0;0
9/2069.png;8;1;0;0
9/2070.png;8;1;0;0
9/2071.png;8;1;0;0
9/2072.png;8;1;0;0
9/2073.png;8;1;0;0
9/2074.png;8;1;0;0
9/2075.png;8;1;0;0
9/2076.png;8;1;0;0
9/2077.png;8;1;0;0
9/2078.png;8;1;0;0
9/2079.png;8;1;0;0
9/2080.png;8;1;0;0
9/2081.png;8;1;0;0
9/2082.png;8;1;0;0
9/2083.png;8;1;0;0
9/2084.png;8;1;0;0
9/2085.png;8;1;0;0
9/2086.png;8;1;0;0
9/2087.png;8;1;0;0
9/2088.png;8;1;0;0
9/2089.png;8;1;0;0
9/2090.png;8;1;0;0
9/2091.png;8;1;0;0
9/2092.png;8;1;0;0
9/2093.png;8;1;0;0
9/2094.png;8;1;0;0
9/2095.png;8;1;0;0
9/2096.png;8;1;0;0
9/2097.png;8;1;0;0
9/2098.png;8;1;0;0
9/2099.png;8;1;0;0
9/2100.png;8;1;0;0
9/2101.png;8;1;0;0
9/2102.png;8;1;0;0
9/2103.png;8;1;0;0
9/2104.png;8;1;0;0
9/2105.png;8;1;0;0
9/2106.png;8;1;0;0
9/2107.png;8;1;0;0
9/2108.png;8;1;0;0
9/2109.png;8;1;0;0
9/2110.png;8;1;0;0
9/2111.png;8;1;0;0
9/2112.png;8;1;0;0
9/2113.png;8;1;0;0
9/2114.png;8;1;0;0
9/2115.png;8;1;0;0
9/2116.png;8;1;0;0
9/2117.png;8;1;0;0
9/2118.png;8;1;0;0
9/2119.png;8;1;0;0
9/2120.png;8;1;0;0
9/2121.png;8;1;0;0
9/2122.png;8;1;0;0
9/2123.png;8;1;0;0
9/2124.png;8;1;0;0
9/2125.png;8;1;0;0
9/2126.png;8;1;0;0
9/2127.png;8;1;0;0
9/2128.png;8;1;0;0
9/2129.png;8;1;0;0
9/2130.png;8;1;0;0
9/2131.png;8;1;0;0
9/2132.png;8;1;0;0
9/2133.png;8;1;0;0
9/2134.png;8;1;0;0
9/2135.png;8;1;0;0
9/2136.png;8;1;0;0
9/2137.png;8;1;0;0
9/2138.png;8;1;0;0
9/2139.png;8;1;0;0
9/2140.png;8;1;0;0
9/2141.png;8;1;0;0
9/2142.png;8;1;0;0
9/2143.png;8;1;0;0
9/2144.png;8;1;0;0
9/2145.png;8;1;0;0
9/2146.png;8;1;0;0
9/2147.png;8;1;0;0
9/2148.png;8;1;0;0
9/2149.png;8;1;0;0
9/2150.png;8;1;0;0
9/2151.png;8;1;0;0
9/2152.png;8;1;0;0
9/2153.png;8;1;0;0
9/2154.png;8;1;0;0
9/2155.png;8;1;0;0
9/2156.png;8;1;0;0
9/2157.png;8;1;0;0
9/2158.png;8;1;0;0
9/2159.png;8;1;0;0
9/2160.png;8;1;0;0
9/2161.png;8;1;0;0
9/2162.png;8;1;0;0
9/2163.png;8;1;0;0
9/2164.png;8;1;0;0
9/2165.png;8;1;0;0
9/2166.png;8;1;0;0
9/2167.png;8;1;0;0
9/2168.png;8;1;0;0
9/2169.png;8;1;0;0
9/2170.png;8;1;0;0
9/2171.png;8;1;0;0
9/2172.png;8;1;0;0
9/2173.png;8;1;0;0
9/2174.png;8;1;0;0
9/2175.png;8;1;0;0
9/2176.png;8;1;0;0
9/2177.png;8;1;0;0
9/2178.png;8;1;0;0
9/2179.png;8;1;0;0
9/2180.png;8;1;0;0
9/2181.png;8;1;0;0
9/2182.png;8;1;0;0
9/2183.png;8;1;0;0
9/2184.png;8;1;0;0
9/2185.png;8;1;0;0
9/2186.png;8;1;0;0
9/2187.png;8;1;0;0
9/2188.png;8;1;0;0
9/2189.png;8;1;0;0
9/2190.png;8;1;0;0
9/2191.png;8;1;0;0
9/2192.png;8;1;0;0
9/2193.png;8;1;0;0
9/2194.png;8;1;0;0
9/2195.png;8;1;0;0
9/2196.png;8;1;0;0
9/2197.png;8;1;0;0
9/2198.png;8;1;0;0
9/2199.png;8;1;0;0
9/2200.png;8;1;0;0
9/2201.png;8;1;0;0
9/2202.png;8;1;0;0
9/2203.png;8;1;0;0
9/2204.png;8;1;0;0
9/2205.png;8;1;0;0
9/2206.png;8;1;0;0
9/2207.png;8;1;0;0
9/2208.png;8;1;0;0
9/2209.png;8;1;0;0
9/2210.png;8;1;0;0
9/2211.png;8;1;0;0
9/2212.png;8;1;0;0
9/2213.png;8;1;0;0
9/2214.png;8;1;0;0
9/2215.png;8;1;0;0
9/2216.png;8;1;0;0
9/2217.png;8;1;0;0
9/2218.png;8;1;0;0
9/2219.png;8;1;0;0
9/2220.png;8;1;0;0
9/2221.png;8;1;0;0
9/2222.png;8;1;0;0
9/2223.png;8;1;0;0
9/2224.png;8;1;0;0
9/2225.png;8;1;0;0
9/2226.png;8;1;0;0
9/2227.png;8;1;0;0
9/2228.png;8;1;0;0
9/2229.png;8;1;0;0
9/2230.png;8;1;0;0
9/2231.png;8;1;0;0
9/2232.png;8;1;0;0
9/2233.png;8;1;0;0
9/2234.png;8;1;0;0
9/2235.png;8;1;0;0
9/2236.png;8;1;0;0
9/2237.png;8;1;0;0
9/2238.png;8;1;0;0
9/2239.png;8;1;0;0
9/2240.png;8;1;0;0
9/2241.png;8;1;0;0
9/2242.png;8;1;0;0
9/2243.png;8;1;0;0
9/2244.png;8;1;0;0
9/2245.png;8;1;0;0
9/2246.png;8;1;0;0
9/2247.png;8;1;0;0
9/2248.png;8;1;0;0
9/2249.png;8;1;0;0
9/2250.png;8;1;0;0
9/2251.png;8;1;0;0
9/2252.png;8;1;0;0
9/2253.png;8;1;0;0
9/2254.png;8;1;0;0
9/2255.png;8;1;0;0
9/2256.png;8;1;0;0
9/2257.png;8;1;0;0
9/2258.png;8;1;0;0
9/2259.png;8;1;0;0
9/2260.png;8;1;0;0
9/2261.png;8;1;0;0
9/2262.png;8;1;0;0
9/2263.png;8;1;0;0
9/2264.png;8;1;0;0
9/2265.png;8;1;0;0
9/2266.png;8;1;0;0
9/2267.png;8;1;0;0
9/2268.png;8;1;0;0
9/2269.png;8;1;0;0
9/2270.png;8;1;0;0
9/2271.png;8;1;0;0
9/2272.png;8;1;0;0
9/2273.png;8;1;0;0
9/2274.png;8;1;0;0
9/2275.png;8;1;0;0
9/2276.png;8;1;0;0
9/2277.png;8;1;0;0
9/2278.png;8;1;0;0
9/2279.png;8;1;0;0
9/2280.png;8;1;0;0
9/2281.png;8;1;0;0
9/2282.png;8;1;0;0
9/2283.png;8;1;0;0
9/2284.png;8;1;0;0
9/2285.png;8;1;0;0
9/2286.png;8;1;0;0
9/2287.png;8;1;0;0
9/2288.png;8;1;0;0
9/2289.png;8;1;0;0
9/2290.png;8;1;0;0
9/2291.png;8;1;0;0
9/2292.png;8;1;0;0
9/2293.png;8;1;0;0
9/2294.png;8;1;0;0
9/2295.png;8;1;0;0
9/2296.png;8;1;0;0
9/2297.png;8;1;0;0
9/2298.png;8;1;0;0
9/2299.png;8;1;0;0
9/2300.png;8;1;0;0
9/2301.png;8;1;0;0
9/2302.png;8;1;0;0
9/2303.png;8;1;0;0
9/2304.png;8;1;0;0
9/2305.png;8;1;0;0
9/2306.png;8;1;0;0
9/2307.png;8;1;0;0
9/2308.png;8;1;0;0
9/2309.png;8;1;0;0
9/2310.png;8;1;0;0
9/2311.png;8;1;0;0
9/2312.png;8;1;0;0
9/2313.png;8;1;0;0
9/2314.png;8;1;0;0
9/2315.png;8;1;0;0
9/2316.png;8;1;0;0
9/2317.png;8;1;0;0
9/2318.png;8;1;0;0
9/2319.png;8;1;0;0
9/2320.png;8;1;0;0
9/2321.png;8;1;0;0
9/2322.png;8;1;0;0
9/2323.png;8;1;0;0
9/2324.png;8;1;0;0
9/2325.png;8;1;0;0
9/2326.png;8;1;0;0
9/2327.png;8;1;0;0
9/2328.png;8;1;0;0
9/2329.png;8;1;0;0
9/2330.png;8;1;0;0
9/2331.png;8;1;0;0
9/2332.png;8;1;0;0
9/2333.png;8;1;0;0
9/2334.png;8;1;0;0
9/2335.png;8;1;0;0
9/2336.png;8;1;0;0
9/2337.png;8;1;0;0
9/2338.png;8;1;0;0
9/2339.png;8;1;0;0
9/2340.png;8;1;0;0
9/2341.png;8;1;0;0
9/2342.png;8;1;0;0
9/2343.png;8;1;0;0
9/2344.png;8;1;0;0
9/2345.png;8;1;0;0
9/2346.png;8;1;0;0
9/2347.png;8;1;0;0
9/2348.png;8;1;0;0
9/2349.png;8;1;0;0
9/2350.png;8;1;0;0
9/2351.png;8;1;0;0
9/2352.png;8;1;0;0
9/2353.png;8;1;0;0
9/2354.png;8;1;0;0
9/2355.png;8;1;0;0
9/2356.png;8;1;0;0
9/2357.png;8;1;0;0
9/2358.png;8;1;0;0
9/2359.png;8;1;0;0
9/2360.png;8;1;0;0
9/2361.png;8;1;0;0
9/2362.png;8;1;0;0
9/2363.png;8;1;0;0
9/2364.png;8;1;0;0
9/2365.png;8;1;0;0
9/2366.png;8;1;0;0
9/2367.png;8;1;0;0
9/2368.png;8;1;0;0
9/2369.png;8;1;0;0
9/2370.png;8;1;0;0
9/2371.png;8;1;0;0
9/2372.png;8;1;0;0
9/2373.png;8;1;0;0
9/2374.png;8;1;0;0
9/2375.png;8;1;0;0
9/2376.png;8;1;0;0
9/2377.png;8;1;0;0
9/2378.png;8;1;0;0
9/2379.png;8;1;0;0
9/2380.png;8;1;0;0
9/2381.png;8;1;0;0
9/2382.png;8;1;0;0
9/2383.png;8;1;0;0
9/2384.png;8;1;0;0
9/2385.png;8;1;0;0
9/2386.png;8;1;0;0
9/2387.png;8;1;0;0
9/2388.png;8;1;0;0
9/2389.png;8;1;0;0
9/2390.png;8;1;0;0
9/2391.png;8;1;0;0
9/2392.png;8;1;0;0
9/2393.png;8;1;0;0
9/2394.png;8;1;0;0
9/2395.png;8;1;0;0
9/2396.png;8;1;0;0
9/2397.png;8;1;0;0
9/2398.png;8;1;0;0
9/2399.png;8;1;0;0
9/2400.png;8;1;0;0
9/2401.png;8;1;0;0
9/2402.png;8;1;0;0
9/2403.png;8;1;0;0
9/2404.png;8;1;0;0
9/2405.png;8;1;0;0
9/2406.png;8;1;0;0
9/2407.png;8;1;0;0
9/2408.png;8;1;0;0
9/2409.png;8;1;0;0
9/2410.png;8;1;0;0
9/2411.png;8;1;0;0
9/2412.png;8;1;0;0
9/2413.png;8;1;0;0
9/2414.png;8;1;0;0
9/2415.png;8;1;0;0
9/2416.png;8;1;0;0
9/2417.png;8;1;0;0
9/2418.png;8;1;0;0
9/2419.png;8;1;0;0
9/2420.png;8;1;0;0
9/2421.png;8;1;0;0
9/2422.png;8;1;0;0
9/2423.png;8;1;0;0
9/2424.png;8;1;0;0
9/2425.png;8;1;0;0
9/2426.png;8;1;0;0
9/2427.png;8;1;0;0
9/2428.png;8;1;0;0
9/2429.png;8;1;0;0
9/2430.png;8;1;0;0
9/2431.png;8;1;0;0
9/2432.png;8;1;0;0
9/2433.png;8;1;0;0
9/2434.png;8;1;0;0
9/2435.png;8;1;0;0
9/2436.png;8;1;0;0
9/2437.png;8;1;0;0
9/2438.png;8;1;0;0
9/2439.png;8;1;0;0
9/2440.png;8;1;0;0
9/2441.png;8;1;0;0
9/2442.png;8;1;0;0
9/2443.png;8;1;0;0
9/2444.png;8;1;0;0
9/2445.png;8;1;0;0
9/2446.png;8;1;0;0
9/2447.png;8;1;0;0
9/2448.png;8;1;0;0
9/2449.png;8;1;0;0
9/2450.png;8;1;0;0
9/2451.png;8;1;0;0
9/2452.png;8;1;0;0
9/2453.png;8;1;0;0
9/2454.png;8;1;0;0
9/2455.png;8;1;0;0
9/2456.png;8;1;0;0
9/2457.png;8;1;0;0
9/2458.png;8;1;0;0
9/2459.png;8;1;0;0
9/2460.png;8;1;0;0
9/2461.png;8;1;0;0
9/2462.png;8;1;0;0
9/2463.png;8;1;0;0
9/2464.png;8;1;0;0
9/2465.png;8;1;0;0
9/2466.png;8;1;0;0
9/2467.png;8;1;0;0
9/2468.png;8;1;0;0
9/2469.png;8;1;0;0
9/2470.png;8;1;0;0
9/2471.png;8;1;0;0
9/2472.png;8;1;0;0
9/2473.png;8;1;0;0
9/2474.png;8;1;0;0
9/2475.png;8;1;0;0
9/2476.png;8;1;0;0
9/2477.png;8;1;0;0
9/2478.png;8;1;0;0
9/2479.png;8;1;0;0
9/2480.png;8;1;0;0
9/2481.png;8;1;0;0
9/2482.png;8;1;0;0
9/2483.png;8;1;0;0
9/2484.png;8;1;0;0
9/2485.png;8;1;0;0
9/2486.png;8;1;0;0
9/2487.png;8;1;0;0
9/2488.png;8;1;0;0
9/2489.png;8;1;0;0
9/2490.png;8;1;0;0
9/2491.png;8;1;0;0
9/2492.png;8;1;0;0
9/2493.png;8;1;0;0
9/2494.png;8;1;0;0
9/2495.png;8;1;0;0
9/2496.png;8;1;0;0
9/2497.png;8;1;0;0
9/2498.png;8;1;0;0
9/2499.png;8;1;0;0
9/2500.png;8;1;0;0
9/2501.png;8;1;0;0
9/2502.png;8;1;0;0
9/2503.png;8;1;0;0
9/2504.png;8;1;0;0
9/2505.png;8;1;0;0
9/2506.png;8;1;0;0
9/2507.png;8;1;0;0
9/2508.png;8;1;0;0
9/2509.png;8;1;0;0
9/2510.png;8;1;0;0
9/2511.png;8;1;0;0
9/2512.png;8;1;0;0
9/2513.png;8;1;0;0
9/2514.png;8;1;0;0
9/2515.png;8;1;0;0
9/2516.png;8;1;0;0
9/2517.png;8;1;0;0
9/2518.png;8;1;0;0
9/2519.png;8;1;0;0
9/2520.png;8;1;0;0
9/2521.png;8;1;0;0
9/2522.png;8;1;0;0
9/2523.png;8;1;0;0
9/2524.png;8;1;0;0
9/2525.png;8;1;0;0
9/2526.png;8;1;0;0
9/2527.png;8;1;0;0
9/2528.png;8;1;0;0
9/2529.png;8;1;0;0
9/2530.png;8;1;0;0
9/2531.png;8;1;0;0
9/2532.png;8;1;0;0
9/2533.png;8;1;0;0
9/2534.png;8;1;0;0
9/2535.png;8;1;0;0
9/2536.png;8;1;0;0
9/2537.png;8;1;0;0
9/2538.png;8;1;0;0
9/2539.png;8;1;0;0
9/2540.png;8;1;0;0
9/2541.png;8;1;0;0
9/2542.png;8;1;0;0
9/2543.png;8;1;0;0
9/2544.png;8;1;0;0
9/2545.png;8;1;0;0
9/2546.png;8;1;0;0
9/2547.png;8;1;0;0
9/2548.png;8;1;0;0
9/2549.png;8;1;0;0
9/2550.png;8;1;0;0
9/2551.png;8;1;0;0
9/2552.png;8;1;0;0
9/2553.png;8;1;0;0
9/2554.png;8;1;0;0
9/2555.png;8;1;0;0
9/2556.png;8;1;0;0
9/2557.png;8;1;0;0
9/2558.png;8;1;0;0
9/2559.png;8;1;0;0
9/2560.png;8;1;0;0
9/2561.png;8;1;0;0
9/2562.png;8;1;0;0
9/2563.png;8;1;0;0
9/2564.png;8;1;0;0
9/2565.png;8;1;0;0
9/2566.png;8;1;0;0
9/2567.png;8;1;0;0
9/2568.png;8;1;0;0
9/2569.png;8;1;0;0
9/2570.png;8;1;0;0
9/2571.png;8;1;0;0
9/2572.png;8;1;0;0
9/2573.png;8;1;0;0
9/2574.png;8;1;0;0
9/2575.png;8;1;0;0
9/2576.png;8;1;0;0
9/2577.png;8;1;0;0
9/2578.png;8;1;0;0
9/2579.png;8;1;0;0
9/2580.png;8;1;0;0
9/2581.png;8;1;0;0
9/2582.png;8;1;0;0
9/2583.png;8;1;0;0
9/2584.png;8;1;0;0
9/2585.png;8;1;0;0
9/2586.png;8;1;0;0
9/2587.png;8;1;0;0
9/2588.png;8;1;0;0
9/2589.png;8;1;0;0
9/2590.png;8;1;0;0
9/2591.png;8;1;0;0
9/2592.png;8;1;0;0
9/2593.png;8;1;0;0
9/2594.png;8;1;0;0
9/2595.png;8;1;0;0
9/2596.png;8;1;0;0
9/2597.png;8;1;0;0
9/2598.png;8;1;0;0
9/2599.png;8;1;0;0
9/2600.png;8;1;0;0
9/2601.png;8;1;0;0
9/2602.png;8;1;0;0
9/2603.png;8;1;0;0
9/2604.png;8;1;0;0
9/2605.png;8;1;0;0
9/2606.png;8;1;0;0
9/2607.png;8;1;0;0
9/2608.png;8;1;0;0
9/2609.png;8;1;0;0
9/2610.png;8;1;0;0
9/2611.png;8;1;0;0
9/2612.png;8;1;0;0
9/2613.png;8;1;0;0
9/2614.png;8;1;0;0
9/2615.png;8;1;0;0
9/2616.png;8;1;0;0
9/2617.png;8;1;0;0
9/2618.png;8;1;0;0
9/2619.png;8;1;0;0
9/2620.png;8;1;0;0
9/2621.png;8;1;0;0
9/2622.png;8;1;0;0
9/2623.png;8;1;0;0
9/2624.png;8;1;0;0
9/2625.png;8;1;0;0
9/2626.png;8;1;0;0
9/2627.png;8;1;0;0
9/2628.png;8;1;0;0
9/2629.png;8;1;0;0
9/2630.png;8;1;0;0
9/2631.png;8;1;0;0
9/2632.png;8;1;0;0
9/2633.png;8;1;0;0
9/2634.png;8;1;0;0
9/2635.png;8;1;0;0
9/2636.png;8;1;0;0
9/2637.png;8;1;0;0
9/2638.png;8;1;0;0
9/2639.png;8;1;0;0
9/2640.png;8;1;0;0
9/2641.png;8;1;0;0
9/2642.png;8;1;0;0
9/2643.png;8;1;0;0
9/2644.png;8;1;0;0
9/2645.png;8;1;0;0
9/2646.png;8;1;0;0
9/2647.png;8;1;0;0
9/2648.png;8;1;0;0
9/2649.png;8;1;0;0
9/2650.png;8;1;0;0
9/2651.png;8;1;0;0
9/2652.png;8;1;0;0
9/2653.png;8;1;0;0
9/2654.png;8;1;0;0
9/2655.png;8;1;0;0
9/2656.png;8;1;0;0
9/2657.png;8;1;0;0
9/2658.png;8;1;0;0
9/2659.png;8;1;0;0
9/2660.png;8;1;0;0
9/2661.png;8;1;0;0
9/2662.png;8;1;0;0
9/2663.png;8;1;0;0
9/2664.png;8;1;0;0
9/2665.png;8;1;0;0
9/2666.png;8;1;0;0
9/2667.png;8;1;0;0
9/2668.png;8;1;0;0
9/2669.png;8;1;0;0
9/2670.png;8;1;0;0
9/2671.png;8;1;0;0
9/2672.png;8;1;0;0
9/2673.png;8;1;0;0
9/2674.png;8;1;0;0
9/2675.png;8;1;0;0
9/2676.png;8;1;0;0
9/2677.png;8;1;0;0
9/2678.png;8;1;0;0
9/2679.png;8;1;0;0
9/2680.png;8;1;0;0
9/2681.png;8;1;0;0
9/2682.png;8;1;0;0
9/2683.png;8;1;0;0
9/2684.png;8;1;0;0
9/2685.png;8;1;0;0
9/2686.png;8;1;0;0
9/2687.png;8;1;0;0
9/2688.png;8;1;0;0
9/2689.png;8;1;0;0
9/2690.png;8;1;0;0
9/2691.png;8;1;0;0
9/2692.png;8;1;0;0
9/2693.png;8;1;0;0
9/2694.png;8;1;0;0
9/2695.png;8;1;0;0
9/2696.png;8;1;0;0
9/2697.png;8;1;0;0
9/2698.png;8;1;0;0
9/2699.png;8;1;0;0
9/2700.png;8;1;0;0
9/2701.png;8;1;0;0
9/2702.png;8;1;0;0
9/2703.png;8;1;0;0
9/2704.png;8;1;0;0
9/2705.png;8;1;0;0
9/2706.png;8;1;0;0
9/2707.png;8;1;0;0
9/2708.png;8;1;0;0
9/2709.png;8;1;0;0
9/2710.png;8;1;0;0
9/2711.png;8;1;0;0
9/2712.png;8;1;0;0
9/2713.png;8;1;0;0
9/2714.png;8;1;0;0
9/2715.png;8;1;0;0
9/2716.png;8;1;0;0
9/2717.png;8;1;0;0
9/2718.png;8;1;0;0
9/2719.png;8;1;0;0
9/2720.png;8;1;0;0
9/2721.png;8;1;0;0
9/2722.png;8;1;0;0
9/2723.png;8;1;0;0
9/2724.png;8;1;0;0
9/2725.png;8;1;0;0
9/2726.png;8;1;0;0
9/2727.png;8;1;0;0
9/2728.png;8;1;0;0
9/2729.png;8;1;0;0
9/2730.png;8;1;0;0
9/2731.png;8;1;0;0
9/2732.png;8;1;0;0
9/2733.png;8;1;0;0
9/2734.png;8;1;0;0
9/2735.png;8;1;0;0
9/2736.png;8;1;0;0
9/2737.png;8;1;0;0
9/2738.png;8;1;0;0
9/2739.png;8;1;0;0
9/2740.png;8;1;0;0
9/2741.png;8;1;0;0
9/2742.png;8;1;0;0
9/2743.png;8;1;0;0
9/2744.png;8;1;0;0
9/2745.png;8;1;0;0
9/2746.png;8;1;0;0
9/2747.png;8;1;0;0
9/2748.png;8;1;0;0
9/2749.png;8;1;0;0
9/2750.png;8;1;0;0
9/2751.png;8;1;0;0
9/2752.png;8;1;0;0
9/2753.png;8;1;0;0
9/2754.png;8;1;0;0
9/2755.png;8;1;0;0
9/2756.png;8;1;0;0
9/2757.png;8;1;0;0
9/2758.png;8;1;0;0
9/2759.png;8;1;0;0
9/2760.png;8;1;0;0
9/2761.png;8;1;0;0
9/2762.png;8;1;0;0
9/2763.png;8;1;0;0
9/2764.png;8;1;0;0
9/2765.png;8;1;0;0
9/2766.png;8;1;0;0
9/2767.png;8;1;0;0
9/2768.png;8;1;0;0
9/2769.png;8;1;0;0
9/2770.png;8;1;0;0
9/2771.png;8;1;0;0
9/2772.png;8;1;0;0
9/2773.png;8;1;0;0
9/2774.png;8;1;0;0
9/2775.png;8;1;0;0
9/2776.png;8;1;0;0
9/2777.png;8;1;0;0
9/2778.png;8;1;0;0
9/2779.png;8;1;0;0
9/2780.png;8;1;0;0
9/2781.png;8;1;0;0
9/2782.png;8;1;0;0
9/2783.png;8;1;0;0
9/2784.png;8;1;0;0
9/2785.png;8;1;0;0
9/2786.png;8;1;0;0
9/2787.png;8;1;0;0
9/2788.png;8;1;0;0
9/2789.png;8;1;0;0
9/2790.png;8;1;0;0
9/2791.png;8;1;0;0
9/2792.png;8;1;0;0
9/2793.png;8;1;0;0
9/2794.png;8;1;0;0
9/2795.png;8;1;0;0
9/2796.png;8;1;0;0
9/2797.png;8;1;0;0
9/2798.png;8;1;0;0
9/2799.png;8;1;0;0
9/2800.png;8;1;0;0
9/2801.png;8;1;0;0
9/2802.png;8;1;0;0
9/2803.png;8;1;0;0
9/2804.png;8;1;0;0
9/2805.png;8;1;0;0
9/2806.png;8;1;0;0
9/2807.png;8;1;0;0
9/2808.png;8;1;0;0
9/2809.png;8;1;0;0
9/2810.png;8;1;0;0
9/2811.png;8;1;0;0
9/2812.png;8;1;0;0
9/2813.png;8;1;0;0
9/2814.png;8;1;0;0
9/2815.png;8;1;0;0
9/2816.png;8;1;0;0
9/2817.png;8;1;0;0
9/2818.png;8;1;0;0
9/2819.png;8;1;0;0
9/2820.png;8;1;0;0
9/2821.png;8;1;0;0
9/2822.png;8;1;0;0
9/2823.png;8;1;0;0
9/2824.png;8;1;0;0
9/2825.png;8;1;0;0
9/2826.png;8;1;0;0
9/2827.png;8;1;0;0
9/2828.png;8;1;0;0
9/2829.png;8;1;0;0
9/2830.png;8;1;0;0
9/2831.png;8;1;0;0
9/2832.png;8;1;0;0
9/2833.png;8;1;0;0
9/2834.png;8;1;0;0
9/2835.png;8;1;0;0
9/2836.png;8;1;0;0
9/2837.png;8;1;0;0
9/2838.png;8;1;0;0
9/2839.png;8;1;0;0
9/2840.png;8;1;0;0
9/2841.png;8;1;0;0
9/2842.png;8;1;0;0
9/2843.png;8;1;0;0
9/2844.png;8;1;0;0
9/2845.png;8;1;0;0
9/2846.png;8;1;0;0
9/2847.png;8;1;0;0
9/2848.png;8;1;0;0
9/2849.png;8;1;0;0
9/2850.png;8;1;0;0
9/2851.png;8;1;0;0
9/2852.png;8;1;0;0
9/2853.png;8;1;0;0
9/2854.png;8;1;0;0
9/2855.png;8;1;0;0
9/2856.png;8;1;0;0
9/2857.png;8;1;0;0
9/2858.png;8;1;0;0
9/2859.png;8;1;0;0
9/2860.png;8;1;0;0
9/2861.png;8;1;0;0
9/2862.png;8;1;0;0
9/2863.png;8;1;0;0
9/2864.png;8;1;0;0
9/2865.png;8;1;0;0
9/2866.png;8;1;0;0
9/2867.png;8;1;0;0
9/2868.png;8;1;0;0
9/2869.png;8;1;0;0
9/2870.png;8;1;0;0
9/2871.png;8;1;0;0
9/2872.png;8;1;0;0
9/2873.png;8;1;0;0
9/2874.png;8;1;0;0
9/2875.png;8;1;0;0
9/2876.png;8;1;0;0
9/2877.png;8;1;0;0
9/2878.png;8;1;0;0
9/2879.png;8;1;0;0
9/2880.png;8;1;0;0
9/2881.png;8;1;0;0
9/2882.png;8;1;0;0
9/2883.png;8;1;0;0
9/2884.png;8;1;0;0
9/2885.png;8;1;0;0
9/2886.png;8;1;0;0
9/2887.png;8;1;0;0
9/2888.png;8;1;0;0
9/2889.png;8;1;0;0
9/2890.png;8;1;0;0
9/2891.png;8;1;0;0
9/2892.png;8;1;0;0
9/2893.png;8;1;0;0
9/2894.png;8;1;0;0
9/2895.png;8;1;0;0
9/2896.png;8;1;0;0
9/2897.png;8;1;0;0
9/2898.png;8;1;0;0
9/2899.png;8;1;0;0
9/2900.png;8;1;0;0
9/2901.png;8;1;0;0
9/2902.png;8;1;0;0
9/2903.png;8;1;0;0
9/2904.png;8;1;0;0
9/2905.png;8;1;0;0
9/2906.png;8;1;0;0
9/2907.png;8;1;0;0
9/2908.png;8;1;0;0
9/2909.png;8;1;0;0
9/2910.png;8;1;0;0
9/2911.png;8;1;0;0
9/2912.png;8;1;0;0
9/2913.png;8;1;0;0
9/2914.png;8;1;0;0
9/2915.png;8;1;0;0
9/2916.png;8;1;0;0
9/2917.png;8;1;0;0
9/2918.png;8;1;0;0
9/2919.png;8;1;0;0
9/2920.png;8;1;0;0
9/2921.png;8;1;0;0
9/2922.png;8;1;0;0
9/2923.png;8;1;0;0
9/2924.png;8;1;0;0
9/2925.png;8;1;0;0
9/2926.png;8;1;0;0
9/2927.png;8;1;0;0
9/2928.png;8;1;0;0
9/2929.png;8;1;0;0
9/2930.png;8;1;0;0
9/2931.png;8;1;0;0
9/2932.png;8;1;0;0
9/2933.png;8;1;0;0
9/2934.png;8;1;0;0
9/2935.png;8;1;0;0
9/2936.png;8;1;0;0
9/2937.png;8;1;0;0
9/2938.png;8;1;0;0
9/2939.png;8;1;0;0
9/2940.png;8;1;0;0
9/2941.png;8;1;0;0
9/2942.png;8;1;0;0
9/2943.png;8;1;0;0
9/2944.png;8;1;0;0
9/2945.png;8;1;0;0
9/2946.png;8;1;0;0
9/2947.png;8;1;0;0
9/2948.png;8;1;0;0
9/2949.png;8;1;0;0
9/2950.png;8;1;0;0
9/2951.png;8;1;0;0
9/2952.png;8;1;0;0
9/2953.png;8;1;0;0
9/2954.png;8;1;0;0
9/2955.png;8;1;0;0
9/2956.png;8;1;0;0
9/2957.png;8;1;0;0
9/2958.png;8;1;0;0
9/2959.png;8;1;0;0
9/2960.png;8;1;0;0
9/2961.png;8;1;0;0
9/2962.png;8;1;0;0
9/2963.png;8;1;0;0
9/2964.png;8;1;0;0
9/2965.png;8;1;0;0
9/2966.png;8;1;0;0
9/2967.png;8;1;0;0
9/2968.png;8;1;0;0
9/2969.png;8;1;0;0
9/2970.png;8;1;0;0
9/2971.png;8;1;0;0
9/2972.png;8;1;0;0
9/2973.png;8;1;0;0
9/2974.png;8;1;0;0
9/2975.png;8;1;0;0
9/2976.png;8;1;0;0
9/2977.png;8;1;0;0
9/2978.png;8;1;0;0
9/2979.png;8;1;0;0
9/2980.png;8;1;0;0
9/2981.png;8;1;0;0
9/2982.png;8;1;0;0
9/2983.png;8;1;0;0
9/2984.png;8;1;0;0
9/2985.png;8;1;0;0
9/2986.png;8;1;0;0
9/2987.png;8;1;0;0
9/2988.png;8;1;0;0
9/2989.png;8;1;0;0
9/2990.png;8;1;0;0
9/2991.png;8;1;0;0
9/2992.png;8;1;0;0
9/2993.png;8;1;0;0
9/2994.png;8;1;0;0
9/2995.png;8;1;0;0
9/2996.png;8;1;0;0
9/2997.png;8;1;0;0
9/2998.png;8;1;0;0
9/2999.png;8;1;0;0
9/3000.png;8;1;0;0
9/3001.png;8;1;0;0
9/3002.png;8;1;0;0
9/3003.png;8;1;0;0
9/3004.png;8;1;0;0
9/3005.png;8;1;0;0
9/3006.png;8;1;0;0
9/3007.png;8;1;0;0
9/3008.png;8;1;0;0
9/3009.png;8;1;0;0
9/3010.png;8;1;0;0
9/3011.png;8;1;0;0
9/3012.png;8;1;0;0
9/3013.png;8;1;0;0
9/3014.png;8;1;0;0
9/3015.png;8;1;0;0
9/3016.png;8;1;0;0
9/3017.png;8;1;0;0
9/3018.png;8;1;0;0
9/3019.png;8;1;0;0
9/3020.png;8;1;0;0
9/3021.png;8;1;0;0
9/3022.png;8;1;0;0
9/3023.png;8;1;0;0
9/3024.png;8;1;0;0
9/3025.png;8;1;0;0
9/3026.png;8;1;0;0
9/3027.png;8;1;0;0
9/3028.png;8;1;0;0
9/3029.png;8;1;0;0
9/3030.png;8;1;0;0
9/3031.png;8;1;0;0
9/3032.png;8;1;0;0
9/3033.png;8;1;0;0
9/3034.png;8;1;0;0
9/3035.png;8;1;0;0
9/3036.png;8;1;0;0
9/3037.png;8;1;0;0
9/3038.png;8;1;0;0
9/3039.png;8;1;0;0
9/3040.png;8;1;0;0
9/3041.png;8;1;0;0
9/3042.png;8;1;0;0
9/3043.png;8;1;0;0
9/3044.png;8;1;0;0
9/3045.png;8;1;0;0
9/3046.png;8;1;0;0
9/3047.png;8;1;0;0
9/3048.png;8;1;0;0
9/3049.png;8;1;0;0
9/3050.png;8;1;0;0
9/3051.png;8;1;0;0
9/3052.png;8;1;0;0
9/3053.png;8;1;0;0
9/3054.png;8;1;0;0
9/3055.png;8;1;0;0
9/3056.png;8;1;0;0
9/3057.png;8;1;0;0
9/3058.png;8;1;0;0
9/3059.png;8;1;0;0
9/3060.png;8;1;0;0
9/3061.png;8;1;0;0
9/3062.png;8;1;0;0
9/3063.png;8;1;0;0
9/3064.png;8;1;0;0
9/3065.png;8;1;0;0
9/3066.png;8;1;0;0
9/3067.png;8;1;0;0
9/3068.png;8;1;0;0
9/3069.png;8;1;0;0
9/3070.png;8;1;0;0
9/3071.png;8;1;0;0
9/3072.png;8;1;0;0
9/3073.png;8;1;0;0
9/3074.png;8;1;0;0
9/3075.png;8;1;0;0
9/3076.png;8;1;0;0
9/3077.png;8;1;0;0
9/3078.png;8;1;0;0
9/3079.png;8;1;0;0
9/3080.png;8;1;0;0
9/3081.png;8;1;0;0
9/3082.png;8;1;0;0
9/3083.png;8;1;0;0
9/3084.png;8;1;0;0
9/3085.png;8;1;0;0
9/3086.png;8;1;0;0
9/3087.png;8;1;0;0
9/3088.png;8;1;0;0
9/3089.png;8;1;0;0
9/3090.png;8;1;0;0
9/3091.png;8;1;0;0
9/3092.png;8;1;0;0
9/3093.png;8;1;0;0
9/3094.png;8;1;0;0
9/3095.png;8;1;0;0
9/3096.png;8;1;0;0
9/3097.png;8;1;0;0
9/3098.png;8;1;0;0
9/3099.png;8;1;0;0
9/3100.png;8;1;0;0
9/3101.png;8;1;0;0
9/3102.png;8;1;0;0
9/3103.png;8;1;0;0
9/3104.png;8;1;0;0
9/3105.png;8;1;0;0
9/3106.png;8;1;0;0
9/3107.png;8;1;0;0
9/3108.png;8;1;0;0
9/3109.png;8;1;0;0
9/3110.png;8;1;0;0
9/3111.png;8;1;0;0
9/3112.png;8;1;0;0
9/3113.png;8;1;0;0
9/3114.png;8;1;0;0
9/3115.png;8;1;0;0
9/3116.png;8;1;0;0
9/3117.png;8;1;0;0
9/3118.png;8;1;0;0
9/3119.png;8;1;0;0
9/3120.png;8;1;0;0
9/3121.png;8;1;0;0
9/3122.png;8;1;0;0
9/3123.png;8;1;0;0
9/3124.png;8;1;0;0
9/3125.png;8;1;0;0
9/3126.png;8;1;0;0
9/3127.png;8;1;0;0
9/3128.png;8;1;0;0
9/3129.png;8;1;0;0
9/3130.png;8;1;0;0
9/3131.png;8;1;0;0
9/3132.png;8;1;0;0
9/3133.png;8;1;0;0
9/3134.png;8;1;0;0
9/3135.png;8;1;0;0
9/3136.png;8;1;0;0
9/3137.png;8;1;0;0
9/3138.png;8;1;0;0
9/3139.png;8;1;0;0
9/3140.png;8;1;0;0
9/3141.png;8;1;0;0
9/3142.png;8;1;0;0
9/3143.png;8;1;0;0
9/3144.png;8;1;0;0
9/3145.png;8;1;0;0
9/3146.png;8;1;0;0
9/3147.png;8;1;0;0
9/3148.png;8;1;0;0
9/3149.png;8;1;0;0
9/3150.png;8;1;0;0
9/3151.png;8;1;0;0
9/3152.png;8;1;0;0
9/3153.png;8;1;0;0
9/3154.png;8;1;0;0
9/3155.png;8;1;0;0
9/3156.png;8;1;0;0
9/3157.png;8;1;0;0
9/3158.png;8;1;0;0
9/3159.png;8;1;0;0
9/3160.png;8;1;0;0
9/3161.png;8;1;0;0
9/3162.png;8;1;0;0
9/3163.png;8;1;0;0
9/3164.png;8;1;0;0
9/3165.png;8;1;0;0
9/3166.png;8;1;0;0
9/3167.png;8;1;0;0
9/3168.png;8;1;0;0
9/3169.png;8;1;0;0
9/3170.png;8;1;0;0
9/3171.png;8;1;0;0
9/3172.png;8;1;0;0
9/3173.png;8;1;0;0
9/3174.png;8;1;0;0
9/3175.png;8;1;0;0
9/3176.png;8;1;0;0
9/3177.png;8;1;0;0
9/3178.png;8;1;0;0
9/3179.png;8;1;0;0
9/3180.png;8;1;0;0
9/3181.png;8;1;0;0
9/3182.png;8;1;0;0
9/3183.png;8;1;0;0
9/3184.png;8;1;0;0
9/3185.png;8;1;0;0
9/3186.png;8;1;0;0
9/3187.png;8;1;0;0
9/3188.png;8;1;0;0
9/3189.png;8;1;0;0
9/3190.png;8;1;0;0
9/3191.png;8;1;0;0
9/3192.png;8;1;0;0
9/3193.png;8;1;0;0
9/3194.png;8;1;0;0
9/3195.png;8;1;0;0
9/3196.png;8;1;0;0
9/3197.png;8;1;0;0
9/3198.png;8;1;0;0
9/3199.png;8;1;0;0
9/3200.png;8;1;0;0
9/3201.png;8;1;0;0
9/3202.png;8;1;0;0
9/3203.png;8;1;0;0
9/3204.png;8;1;0;0
9/3205.png;8;1;0;0
9/3206.png;8;1;0;0
9/3207.png;8;1;0;0
9/3208.png;8;1;0;0
9/3209.png;8;1;0;0
9/3210.png;8;1;0;0
9/3211.png;8;1;0;0
9/3212.png;8;1;0;0
9/3213.png;8;1;0;0
9/3214.png;8;1;0;0
9/3215.png;8;1;0;0
9/3216.png;8;1;0;0
9/3217.png;8;1;0;0
9/3218.png;8;1;0;0
9/3219.png;8;1;0;0
9/3220.png;8;1;0;0
9/3221.png;8;1;0;0
9/3222.png;8;1;0;0
9/3223.png;8;1;0;0
9/3224.png;8;1;0;0
9/3225.png;8;1;0;0
9/3226.png;8;1;0;0
9/3227.png;8;1;0;0
9/3228.png;8;1;0;0
9/3229.png;8;1;0;0
9/3230.png;8;1;0;0
9/3231.png;8;1;0;0
9/3232.png;8;1;0;0
9/3233.png;8;1;0;0
9/3234.png;8;1;0;0
9/3235.png;8;1;0;0
9/3236.png;8;1;0;0
9/3237.png;8;1;0;0
9/3238.png;8;1;0;0
9/3239.png;8;1;0;0
9/3240.png;8;1;0;0
9/3241.png;8;1;0;0
9/3242.png;8;1;0;0
9/3243.png;8;1;0;0
9/3244.png;8;1;0;0
9/3245.png;8;1;0;0
9/3246.png;8;1;0;0
9/3247.png;8;1;0;0
9/3248.png;8;1;0;0
9/3249.png;8;1;0;0
9/3250.png;8;1;0;0
9/3251.png;8;1;0;0
9/3252.png;8;1;0;0
9/3253.png;8;1;0;0
9/3254.png;8;1;0;0
9/3255.png;8;1;0;0
9/3256.png;8;1;0;0
9/3257.png;8;1;0;0
9/3258.png;8;1;0;0
9/3259.png;8;1;0;0
9/3260.png;8;1;0;0
9/3261.png;8;1;0;0
9/3262.png;8;1;0;0
9/3263.png;8;1;0;0
9/3264.png;8;1;0;0
9/3265.png;8;1;0;0
9/3266.png;8;1;0;0
9/3267.png;8;1;0;0
9/3268.png;8;1;0;0
9/3269.png;8;1;0;0
9/3270.png;8;1;0;0
9/3271.png;8;1;0;0
9/3272.png;8;1;0;0
9/3273.png;8;1;0;0
9/3274.png;8;1;0;0
9/3275.png;8;1;0;0
9/3276.png;8;1;0;0
9/3277.png;8;1;0;0
9/3278.png;8;1;0;0
9/3279.png;8;1;0;0
9/3280.png;8;1;0;0
9/3281.png;8;1;0;0
9/3282.png;8;1;0;0
9/3283.png;8;1;0;0
9/3284.png;8;1;0;0
9/3285.png;8;1;0;0
9/3286.png;8;1;0;0
9/3287.png;8;1;0;0
9/3288.png;8;1;0;0
9/3289.png;8;1;0;0
9/3290.png;8;1;0;0
9/3291.png;8;1;0;0
9/3292.png;8;1;0;0
9/3293.png;8;1;0;0
9/3294.png;8;1;0;0
9/3295.png;8;1;0;0
9/3296.png;8;1;0;0
9/3297.png;8;1;0;0
9/3298.png;8;1;0;0
9/3299.png;8;1;0;0
9/3300.png;8;1;0;0
9/3301.png;8;1;0;0
9/3302.png;8;1;0;0
9/3303.png;8;1;0;0
9/3304.png;8;1;0;0
9/3305.png;8;1;0;0
9/3306.png;8;1;0;0
9/3307.png;8;1;0;0
9/3308.png;8;1;0;0
9/3309.png;8;1;0;0
9/3310.png;8;1;0;0
9/3311.png;8;1;0;0
9/3312.png;8;1;0;0
9/3313.png;8;1;0;0
9/3314.png;8;1;0;0
9/3315.png;8;1;0;0
9/3316.png;8;1;0;0
9/3317.png;8;1;0;0
9/3318.png;8;1;0;0
9/3319.png;8;1;0;0
9/3320.png;8;1;0;0
9/3321.png;8;1;0;0
9/3322.png;8;1;0;0
9/3323.png;8;1;0;0
9/3324.png;8;1;0;0
9/3325.png;8;1;0;0
9/3326.png;8;1;0;0
9/3327.png;8;1;0;0
9/3328.png;8;1;0;0
9/3329.png;8;1;0;0
9/3330.png;8;1;0;0
9/3331.png;8;1;0;0
9/3332.png;8;1;0;0
9/3333.png;8;1;0;0
9/3334.png;8;1;0;0
9/3335.png;8;1;0;0
9/3336.png;8;1;0;0
9/3337.png;8;1;0;0
9/3338.png;8;1;0;0
9/3339.png;8;1;0;0
9/3340.png;8;1;0;0
9/3341.png;8;1;0;0
9/3342.png;8;1;0;0
9/3343.png;8;1;0;0
9/3344.png;8;1;0;0
9/3345.png;8;1;0;0
9/3346.png;8;1;0;0
9/3347.png;8;1;0;0
9/3348.png;8;1;0;0
9/3349.png;8;1;0;0
9/3350.png;8;1;0;0
9/3351.png;8;1;0;0
9/3352.png;8;1;0;0
9/3353.png;8;1;0;0
9/3354.png;8;1;0;0
9/3355.png;8;1;0;0
9/3356.png;8;1;0;0
9/3357.png;8;1;0;0
9/3358.png;8;1;0;0
9/3359.png;8;1;0;0
9/3360.png;8;1;0;0
9/3361.png;8;1;0;0
9/3362.png;8;1;0;0
9/3363.png;8;1;0;0
9/3364.png;8;1;0;0
9/3365.png;8;1;0;0
9/3366.png;8;1;0;0
9/3367.png;8;1;0;0
9/3368.png;8;1;0;0
9/3369.png;8;1;0;0
9/3370.png;8;1;0;0
9/3371.png;8;1;0;0
9/3372.png;8;1;0;0
9/3373.png;8;1;0;0
9/3374.png;8;1;0;0
9/3375.png;8;1;0;0
9/3376.png;8;1;0;0
9/3377.png;8;1;0;0
9/3378.png;8;1;0;0
9/3379.png;8;1;0;0
9/3380.png;8;1;0;0
9/3381.png;8;1;0;0
9/3382.png;8;1;0;0
9/3383.png;8;1;0;0
9/3384.png;8;1;0;0
9/3385.png;8;1;0;0
9/3386.png;8;1;0;0
9/3387.png;8;1;0;0
9/3388.png;8;1;0;0
9/3389.png;8;1;0;0
9/3390.png;8;1;0;0
9/3391.png;8;1;0;0
9/3392.png;8;1;0;0
9/3393.png;8;1;0;0
9/3394.png;8;1;0;0
9/3395.png;8;1;0;0
9/3396.png;8;1;0;0
9/3397.png;8;1;0;0
9/3398.png;8;1;0;0
9/3399.png;8;1;0;0
9/3400.png;8;1;0;0
9/3401.png;8;1;0;0
9/3402.png;8;1;0;0
9/3403.png;8;1;0;0
9/3404.png;8;1;0;0
9/3405.png;8;1;0;0
9/3406.png;8;1;0;0
9/3407.png;8;1;0;0
9/3408.png;8;1;0;0
9/3409.png;8;1;0;0
9/3410.png;8;1;0;0
9/3411.png;8;1;0;0
9/3412.png;8;1;0;0
9/3413.png;8;1;0;0
9/3414.png;8;1;0;0
9/3415.png;8;1;0;0
9/3416.png;8;1;0;0
9/3417.png;8;1;0;0
9/3418.png;8;1;0;0
9/3419.png;8;1;0;0
9/3420.png;8;1;0;0
9/3421.png;8;1;0;0
9/3422.png;8;1;0;0
9/3423.png;8;1;0;0
9/3424.png;8;1;0;0
9/3425.png;8;1;0;0
9/3426.png;8;1;0;0
9/3427.png;8;1;0;0
9/3428.png;8;1;0;0
9/3429.png;8;1;0;0
9/3430.png;8;1;0;0
9/3431.png;8;1;0;0
9/3432.png;8;1;0;0
9/3433.png;8;1;0;0
9/3434.png;8;1;0;0
9/3435.png;8;1;0;0
9/3436.png;8;1;0;0
9/3437.png;8;1;0;0
9/3438.png;8;1;0;0
9/3439.png;8;1;0;0
9/3440.png;8;1;0;0
9/3441.png;8;1;0;0
9/3442.png;8;1;0;0
9/3443.png;8;1;0;0
9/3444.png;8;1;0;0
9/3445.png;8;1;0;0
9/3446.png;8;1;0;0
9/3447.png;8;1;0;0
9/3448.png;8;1;0;0
9/3449.png;8;1;0;0
9/3450.png;8;1;0;0
9/3451.png;8;1;0;0
9/3452.png;8;1;0;0
9/3453.png;8;1;0;0
9/3454.png;8;1;0;0
9/3455.png;8;1;0;0
9/3456.png;8;1;0;0
9/3457.png;8;1;0;0
9/3458.png;8;1;0;0
9/3459.png;8;1;0;0
9/3460.png;8;1;0;0
9/3461.png;8;1;0;0
9/3462.png;8;1;0;0
9/3463.png;8;1;0;0
9/3464.png;8;1;0;0
9/3465.png;8;1;0;0
9/3466.png;8;1;0;0
9/3467.png;8;1;0;0
9/3468.png;8;1;0;0
9/3469.png;8;1;0;0
9/3470.png;8;1;0;0
9/3471.png;8;1;0;0
9/3472.png;8;1;0;0
9/3473.png;8;1;0;0
9/3474.png;8;1;0;0
9/3475.png;8;1;0;0
9/3476.png;8;1;0;0
9/3477.png;8;1;0;0
9/3478.png;8;1;0;0
9/3479.png;8;1;0;0
9/3480.png;8;1;0;0
9/3481.png;8;1;0;0
9/3482.png;8;1;0;0
9/3483.png;8;1;0;0
9/3484.png;8;1;0;0
9/3485.png;8;1;0;0
9/3486.png;8;1;0;0
9/3487.png;8;1;0;0
9/3488.png;8;1;0;0
9/3489.png;8;1;0;0
9/3490.png;8;1;0;0
9/3491.png;8;1;0;0
9/3492.png;8;1;0;0
9/3493.png;8;1;0;0
9/3494.png;8;1;0;0
9/3495.png;8;1;0;0
9/3496.png;8;1;0;0
9/3497.png;8;1;0;0
9/3498.png;8;1;0;0
9/3499.png;8;1;0;0
9/3500.png;8;1;0;0
9/3501.png;8;1;0;0
9/3502.png;8;1;0;0
9/3503.png;8;1;0;0
9/3504.png;8;1;0;0
9/3505.png;8;1;0;0
9/3506.png;8;1;0;0
9/3507.png;8;1;0;0
9/3508.png;8;1;0;0
9/3509.png;8;1;0;0
9/3510.png;8;1;0;0
9/3511.png;8;1;0;0
9/3512.png;8;1;0;0
9/3513.png;8;1;0;0
9/3514.png;8;1;0;0
9/3515.png;8;1;0;0
9/3516.png;8;1;0;0
9/3517.png;8;1;0;0
9/3518.png;8;1;0;0
9/3519.png;8;1;0;0
9/3520.png;8;1;0;0
9/3521.png;8;1;0;0
9/3522.png;8;1;0;0
9/3523.png;8;1;0;0
9/3524.png;8;1;0;0
9/3525.png;8;1;0;0
9/3526.png;8;1;0;0
9/3527.png;8;1;0;0
9/3528.png;8;1;0;0
9/3529.png;8;1;0;0
9/3530.png;8;1;0;0
9/3531.png;8;1;0;0
9/3532.png;8;1;0;0
9/3533.png;8;1;0;0
9/3534.png;8;1;0;0
9/3535.png;8;1;0;0
9/3536.png;8;1;0;0
9/3537.png;8;1;0;0
9/3538.png;8;1;0;0
9/3539.png;8;1;0;0
9/3540.png;8;1;0;0
9/3541.png;8;1;0;0
9/3542.png;8;1;0;0
9/3543.png;8;1;0;0
9/3544.png;8;1;0;0
9/3545.png;8;1;0;0
9/3546.png;8;1;0;0
9/3547.png;8;1;0;0
9/3548.png;8;1;0;0
9/3549.png;8;1;0;0
9/3550.png;8;1;0;0
9/3551.png;8;1;0;0
9/3552.png;8;1;0;0
9/3553.png;8;1;0;0
9/3554.png;8;1;0;0
9/3555.png;8;1;0;0
9/3556.png;8;1;0;0
9/3557.png;8;1;0;0
9/3558.png;8;1;0;0
9/3559.png;8;1;0;0
9/3560.png;8;1;0;0
9/3561.png;8;1;0;0
9/3562.png;8;1;0;0
9/3563.png;8;1;0;0
9/3564.png;8;1;0;0
9/3565.png;8;1;0;0
9/3566.png;8;1;0;0
9/3567.png;8;1;0;0
9/3568.png;8;1;0;0
9/3569.png;8;1;0;0
9/3570.png;8;1;0;0
9/3571.png;8;1;0;0
9/3572.png;8;1;0;0
9/3573.png;8;1;0;0
9/3574.png;8;1;0;0
9/3575.png;8;1;0;0
9/3576.png;8;1;0;0
9/3577.png;8;1;0;0
9/3578.png;8;1;0;0
9/3579.png;8;1;0;0
9/3580.png;8;1;0;0
9/3581.png;8;1;0;0
9/3582.png;8;1;0;0
9/3583.png;8;1;0;0
9/3584.png;8;1;0;0
9/3585.png;8;1;0;0
9/3586.png;8;1;0;0
9/3587.png;8;1;0;0
9/3588.png;8;1;0;0
9/3589.png;8;1;0;0
9/3590.png;8;1;0;0
9/3591.png;8;1;0;0
9/3592.png;8;1;0;0
9/3593.png;8;1;0;0
9/3594.png;8;1;0;0
9/3595.png;8;1;0;0
9/3596.png;8;1;0;0
9/3597.png;8;1;0;0
9/3598.png;8;1;0;0
9/3599.png;8;1;0;0
9/3600.png;8;1;0;0
9/3601.png;8;1;0;0
9/3602.png;8;1;0;0
9/3603.png;8;1;0;0
9/3604.png;8;1;0;0
9/3605.png;8;1;0;0
9/3606.png;8;1;0;0
9/3607.png;8;1;0;0
9/3608.png;8;1;0;0
9/3609.png;8;1;0;0
9/3610.png;8;1;0;0
9/3611.png;8;1;0;0
9/3612.png;8;1;0;0
9/3613.png;8;1;0;0
9/3614.png;8;1;0;0
9/3615.png;8;1;0;0
9/3616.png;8;1;0;0
9/3617.png;8;1;0;0
9/3618.png;8;1;0;0
9/3619.png;8;1;0;0
9/3620.png;8;1;0;0
9/3621.png;8;1;0;0
9/3622.png;8;1;0;0
9/3623.png;8;1;0;0
9/3624.png;8;1;0;0
9/3625.png;8;1;0;0
9/3626.png;8;1;0;0
9/3627.png;8;1;0;0
9/3628.png;8;1;0;0
9/3629.png;8;1;0;0
9/3630.png;8;1;0;0
9/3631.png;8;1;0;0
9/3632.png;8;1;0;0
9/3633.png;8;1;0;0
9/3634.png;8;1;0;0
9/3635.png;8;1;0;0
9/3636.png;8;1;0;0
9/3637.png;8;1;0;0
9/3638.png;8;1;0;0
9/3639.png;8;1;0;0
9/3640.png;8;1;0;0
9/3641.png;8;1;0;0
9/3642.png;8;1;0;0
9/3643.png;8;1;0;0
9/3644.png;8;1;0;0
9/3645.png;8;1;0;0
9/3646.png;8;1;0;0
9/3647.png;8;1;0;0
9/3648.png;8;1;0;0
9/3649.png;8;1;0;0
9/3650.png;8;1;0;0
9/3651.png;8;1;0;0
9/3652.png;8;1;0;0
9/3653.png;8;1;0;0
9/3654.png;8;1;0;0
9/3655.png;8;1;0;0
9/3656.png;8;1;0;0
9/3657.png;8;1;0;0
9/3658.png;8;1;0;0
9/3659.png;8;1;0;0
9/3660.png;8;1;0;0
9/3661.png;8;1;0;0
9/3662.png;8;1;0;0
9/3663.png;8;1;0;0
9/3664.png;8;1;0;0
9/3665.png;8;1;0;0
9/3666.png;8;1;0;0
9/3667.png;8;1;0;0
9/3668.png;8;1;0;0
9/3669.png;8;1;0;0
9/3670.png;8;1;0;0
9/3671.png;8;1;0;0
9/3672.png;8;1;0;0
9/3673.png;8;1;0;0
9/3674.png;8;1;0;0
9/3675.png;8;1;0;0
9/3676.png;8;1;0;0
9/3677.png;8;1;0;0
9/3678.png;8;1;0;0
9/3679.png;8;1;0;0
9/3680.png;8;1;0;0
9/3681.png;8;1;0;0
9/3682.png;8;1;0;0
9/3683.png;8;1;0;0
9/3684.png;8;1;0;0
9/3685.png;8;1;0;0
9/3686.png;8;1;0;0
9/3687.png;8;1;0;0
9/3688.png;8;1;0;0
9/3689.png;8;1;0;0
9/3690.png;8;1;0;0
9/3691.png;8;1;0;0
9/3692.png;8;1;0;0
9/3693.png;8;1;0;0
9/3694.png;8;1;0;0
9/3695.png;8;1;0;0
9/3696.png;8;1;0;0
9/3697.png;8;1;0;0
9/3698.png;8;1;0;0
9/3699.png;8;1;0;0
9/3700.png;8;1;0;0
9/3701.png;8;1;0;0
9/3702.png;8;1;0;0
9/3703.png;8;1;0;0
9/3704.png;8;1;0;0
9/3705.png;8;1;0;0
9/3706.png;8;1;0;0
9/3707.png;8;1;0;0
9/3708.png;8;1;0;0
9/3709.png;8;1;0;0
9/3710.png;8;1;0;0
9/3711.png;8;1;0;0
9/3712.png;8;1;0;0
9/3713.png;8;1;0;0
9/3714.png;8;1;0;0
9/3715.png;8;1;0;0
9/3716.png;8;1;0;0
9/3717.png;8;1;0;0
9/3718.png;8;1;0;0
9/3719.png;8;1;0;0
9/3720.png;8;1;0;0
9/3721.png;8;1;0;0
9/3722.png;8;1;0;0
9/3723.png;8;1;0;0
9/3724.png;8;1;0;0
9/3725.png;8;1;0;0
9/3726.png;8;1;0;0
9/3727.png;8;1;0;0
9/3728.png;8;1;0;0
9/3729.png;8;1;0;0
9/3730.png;8;1;0;0
9/3731.png;8;1;0;0
9/3732.png;8;1;0;0
9/3733.png;8;1;0;0
9/3734.png;8;1;0;0
9/3735.png;8;1;0;0
9/3736.png;8;1;0;0
9/3737.png;8;1;0;0
9/3738.png;8;1;0;0
9/3739.png;8;1;0;0
9/3740.png;8;1;0;0
9/3741.png;8;1;0;0
9/3742.png;8;1;0;0
9/3743.png;8;1;0;0
9/3744.png;8;1;0;0
9/3745.png;8;1;0;0
9/3746.png;8;1;0;0
9/3747.png;8;1;0;0
9/3748.png;8;1;0;0
9/3749.png;8;1;0;0
9/3750.png;8;1;0;0
9/3751.png;8;1;0;0
9/3752.png;8;1;0;0
9/3753.png;8;1;0;0
9/3754.png;8;1;0;0
9/3755.png;8;1;0;0
9/3756.png;8;1;0;0
9/3757.png;8;1;0;0
9/3758.png;8;1;0;0
9/3759.png;8;1;0;0
9/3760.png;8;1;0;0
9/3761.png;8;1;0;0
9/3762.png;8;1;0;0
9/3763.png;8;1;0;0
9/3764.png;8;1;0;0
9/3765.png;8;1;0;0
9/3766.png;8;1;0;0
9/3767.png;8;1;0;0
9/3768.png;8;1;0;0
9/3769.png;8;1;0;0
9/3770.png;8;1;0;0
9/3771.png;8;1;0;0
9/3772.png;8;1;0;0
9/3773.png;8;1;0;0
9/3774.png;8;1;0;0
9/3775.png;8;1;0;0
9/3776.png;8;1;0;0
9/3777.png;8;1;0;0
9/3778.png;8;1;0;0
9/3779.png;8;1;0;0
9/3780.png;8;1;0;0
9/3781.png;8;1;0;0
9/3782.png;8;1;0;0
9/3783.png;8;1;0;0
9/3784.png;8;1;0;0
9/3785.png;8;1;0;0
9/3786.png;8;1;0;0
9/3787.png;8;1;0;0
9/3788.png;8;1;0;0
9/3789.png;8;1;0;0
9/3790.png;8;1;0;0
9/3791.png;8;1;0;0
9/3792.png;8;1;0;0
9/3793.png;8;1;0;0
9/3794.png;8;1;0;0
9/3795.png;8;1;0;0
9/3796.png;8;1;0;0
9/3797.png;8;1;0;0
9/3798.png;8;1;0;0
9/3799.png;8;1;0;0
9/3800.png;8;1;0;0
9/3801.png;8;1;0;0
9/3802.png;8;1;0;0
9/3803.png;8;1;0;0
9/3804.png;8;1;0;0
9/3805.png;8;1;0;0
9/3806.png;8;1;0;0
9/3807.png;8;1;0;0
9/3808.png;8;1;0;0
9/3809.png;8;1;0;0
9/3810.png;8;1;0;0
9/3811.png;8;1;0;0
9/3812.png;8;1;0;0
9/3813.png;8;1;0;0
9/3814.png;8;1;0;0
9/3815.png;8;1;0;0
9/3816.png;8;1;0;0
9/3817.png;8;1;0;0
9/3818.png;8;1;0;0
9/3819.png;8;1;0;0
9/3820.png;8;1;0;0
9/3821.png;8;1;0;0
9/3822.png;8;1;0;0
9/3823.png;8;1;0;0
9/3824.png;8;1;0;0
9/3825.png;8;1;0;0
9/3826.png;8;1;0;0
9/3827.png;8;1;0;0
9/3828.png;8;1;0;0
9/3829.png;8;1;0;0
9/3830.png;8;1;0;0
9/3831.png;8;1;0;0
9/3832.png;8;1;0;0
9/3833.png;8;1;0;0
9/3834.png;8;1;0;0
9/3835.png;8;1;0;0
9/3836.png;8;1;0;0
9/3837.png;8;1;0;0
9/3838.png;8;1;0;0
9/3839.png;8;1;0;0
9/3840.png;8;1;0;0
9/3841.png;8;1;0;0
9/3842.png;8;1;0;0
9/3843.png;8;1;0;0
9/3844.png;8;1;0;0
9/3845.png;8;1;0;0
9/3846.png;8;1;0;0
9/3847.png;8;1;0;0
9/3848.png;8;1;0;0
9/3849.png;8;1;0;0
9/3850.png;8;1;0;0
9/3851.png;8;1;0;0
9/3852.png;8;1;0;0
9/3853.png;8;1;0;0
9/3854.png;8;1;0;0
9/3855.png;8;1;0;0
9/3856.png;8;1;0;0
9/3857.png;8;1;0;0
9/3858.png;8;1;0;0
9/3859.png;8;1;0;0
9/3860.png;8;1;0;0
9/3861.png;8;1;0;0
9/3862.png;8;1;0;0
9/3863.png;8;1;0;0
9/3864.png;8;1;0;0
9/3865.png;8;1;0;0
9/3866.png;8;1;0;0
9/3867.png;8;1;0;0
9/3868.png;8;1;0;0
9/3869.png;8;1;0;0
9/3870.png;8;1;0;0
9/3871.png;8;1;0;0
9/3872.png;8;1;0;0
9/3873.png;8;1;0;0
9/3874.png;8;1;0;0
9/3875.png;8;1;0;0
9/3876.png;8;1;0;0
9/3877.png;8;1;0;0
9/3878.png;8;1;0;0
9/3879.png;8;1;0;0
9/3880.png;8;1;0;0
9/3881.png;8;1;0;0
9/3882.png;8;1;0;0
9/3883.png;8;1;0;0
9/3884.png;8;1;0;0
9/3885.png;8;1;0;0
9/3886.png;8;1;0;0
9/3887.png;8;1;0;0
9/3888.png;8;1;0;0
9/3889.png;8;1;0;0
9/3890.png;8;1;0;0
9/3891.png;8;1;0;0
9/3892.png;8;1;0;0
9/3893.png;8;1;0;0
9/3894.png;8;1;0;0
9/3895.png;8;1;0;0
9/3896.png;8;1;0;0
9/3897.png;8;1;0;0
9/3898.png;8;1;0;0
9/3899.png;8;1;0;0
9/3900.png;8;1;0;0
9/3901.png;8;1;0;0
9/3902.png;8;1;0;0
9/3903.png;8;1;0;0
9/3904.png;8;1;0;0
9/3905.png;8;1;0;0
9/3906.png;8;1;0;0
9/3907.png;8;1;0;0
9/3908.png;8;1;0;0
9/3909.png;8;1;0;0
9/3910.png;8;1;0;0
9/3911.png;8;1;0;0
9/3912.png;8;1;0;0
9/3913.png;8;1;0;0
9/3914.png;8;1;0;0
9/3915.png;8;1;0;0
9/3916.png;8;1;0;0
9/3917.png;8;1;0;0
9/3918.png;8;1;0;0
9/3919.png;8;1;0;0
9/3920.png;8;1;0;0
9/3921.png;8;1;0;0
9/3922.png;8;1;0;0
9/3923.png;8;1;0;0
9/3924.png;8;1;0;0
9/3925.png;8;1;0;0
9/3926.png;8;1;0;0
9/3927.png;8;1;0;0
9/3928.png;8;1;0;0
9/3929.png;8;1;0;0
9/3930.png;8;1;0;0
9/3931.png;8;1;0;0
9/3932.png;8;1;0;0
9/3933.png;8;1;0;0
9/3934.png;8;1;0;0
9/3935.png;8;1;0;0
9/3936.png;8;1;0;0
9/3937.png;8;1;0;0
9/3938.png;8;1;0;0
9/3939.png;8;1;0;0
9/3940.png;8;1;0;0
9/3941.png;8;1;0;0
9/3942.png;8;1;0;0
9/3943.png;8;1;0;0
9/3944.png;8;1;0;0
9/3945.png;8;1;0;0
9/3946.png;8;1;0;0
9/3947.png;8;1;0;0
9/3948.png;8;1;0;0
9/3949.png;8;1;0;0
9/3950.png;8;1;0;0
9/3951.png;8;1;0;0
9/3952.png;8;1;0;0
9/3953.png;8;1;0;0
9/3954.png;8;1;0;0
9/3955.png;8;1;0;0
9/3956.png;8;1;0;0
9/3957.png;8;1;0;0
9/3958.png;8;1;0;0
9/3959.png;8;1;0;0
9/3960.png;8;1;0;0
9/3961.png;8;1;0;0
9/3962.png;8;1;0;0
9/3963.png;8;1;0;0
9/3964.png;8;1;0;0
9/3965.png;8;1;0;0
9/3966.png;8;1;0;0
9/3967.png;8;1;0;0
9/3968.png;8;1;0;0
9/3969.png;8;1;0;0
9/3970.png;8;1;0;0
9/3971.png;8;1;0;0
9/3972.png;8;1;0;0
9/3973.png;8;1;0;0
9/3974.png;8;1;0;0
9/3975.png;8;1;0;0
9/3976.png;8;1;0;0
9/3977.png;8;1;0;0
9/3978.png;8;1;0;0
9/3979.png;8;1;0;0
9/3980.png;8;1;0;0
9/3981.png;8;1;0;0
9/3982.png;8;1;0;0
9/3983.png;8;1;0;0
9/3984.png;8;1;0;0
9/3985.png;8;1;0;0
9/3986.png;8;1;0;0
9/3987.png;8;1;0;0
9/3988.png;8;1;0;0
9/3989.png;8;1;0;0
9/3990.png;8;1;0;0
9/3991.png;8;1;0;0
9/3992.png;8;1;0;0
9/3993.png;8;1;0;0
9/3994.png;8;1;0;0
9/3995.png;8;1;0;0
9/3996.png;8;1;0;0
9/3997.png;8;1;0;0
9/3998.png;8;1;0;0
9/3999.png;8;1;0;0
9/4000.png;8;1;0;0
9/4001.png;8;1;0;0
9/4002.png;8;1;0;0
9/4003.png;8;1;0;0
9/4004.png;8;1;0;0
9/4005.png;8;1;0;0
9/4006.png;8;1;0;0
9/4007.png;8;1;0;0
9/4008.png;8;1;0;0
9/4009.png;8;1;0;0
9/4010.png;8;1;0;0
9/4011.png;8;1;0;0
9/4012.png;8;1;0;0
9/4013.png;8;1;0;0
9/4014.png;8;1;0;0
9/4015.png;8;1;0;0
9/4016.png;8;1;0;0
9/4017.png;8;1;0;0
9/4018.png;8;1;0;0
9/4019.png;8;1;0;0
9/4020.png;8;1;0;0
9/4021.png;8;1;0;0
9/4022.png;8;1;0;0
9/4023.png;8;1;0;0
9/4024.png;8;1;0;0
9/4025.png;8;1;0;0
9/4026.png;8;1;0;0
9/4027.png;8;1;0;0
9/4028.png;8;1;0;0
9/4029.png;8;1;0;0
9/4030.png;8;1;0;0
9/4031.png;8;1;0;0
9/4032.png;8;1;0;0
9/4033.png;8;1;0;0
9/4034.png;8;1;0;0
9/4035.png;8;1;0;0
9/4036.png;8;1;0;0
9/4037.png;8;1;0;0
9/4038.png;8;1;0;0
9/4039.png;8;1;0;0
9/4040.png;8;1;0;0
9/4041.png;8;1;0;0
9/4042.png;8;1;0;0
9/4043.png;8;1;0;0
9/4044.png;8;1;0;0
9/4045.png;8;1;0;0
9/4046.png;8;1;0;0
9/4047.png;8;1;0;0
9/4048.png;8;1;0;0
9/4049.png;8;1;0;0
9/4050.png;8;1;0;0
9/4051.png;8;1;0;0
9/4052.png;8;1;0;0
9/4053.png;8;1;0;0
9/4054.png;8;1;0;0
9/4055.png;8;1;0;0
9/4056.png;8;1;0;0
9/4057.png;8;1;0;0
9/4058.png;8;1;0;0
9/4059.png;8;1;0;0
9/4060.png;8;1;0;0
9/4061.png;8;1;0;0
9/4062.png;8;1;0;0
9/4063.png;8;1;0;0
9/4064.png;8;1;0;0
9/4065.png;8;1;0;0
9/4066.png;8;1;0;0
9/4067.png;8;1;0;0
9/4068.png;8;1;0;0
9/4069.png;8;1;0;0
9/4070.png;8;1;0;0
9/4071.png;8;1;0;0
9/4072.png;8;1;0;0
9/4073.png;8;1;0;0
9/4074.png;8;1;0;0
9/4075.png;8;1;0;0
9/4076.png;8;1;0;0
9/4077.png;8;1;0;0
9/4078.png;8;1;0;0
9/4079.png;8;1;0;0
9/4080.png;8;1;0;0
9/4081.png;8;1;0;0
9/4082.png;8;1;0;0
9/4083.png;8;1;0;0
9/4084.png;8;1;0;0
9/4085.png;8;1;0;0
9/4086.png;8;1;0;0
9/4087.png;8;1;0;0
9/4088.png;8;1;0;0
9/4089.png;8;1;0;0
9/4090.png;8;1;0;0
9/4091.png;8;1;0;0
9/4092.png;8;1;0;0
9/4093.png;8;1;0;0
9/4094.png;8;1;0;0
9/4095.png;8;1;0;0
9/4096.png;8;1;0;0
9/4097.png;8;1;0;0
9/4098.png;8;1;0;0
9/4099.png;8;1;0;0
9/4100.png;8;1;0;0
9/4101.png;8;1;0;0
9/4102.png;8;1;0;0
9/4103.png;8;1;0;0
9/4104.png;8;1;0;0
9/4105.png;8;1;0;0
9/4106.png;8;1;0;0
9/4107.png;8;1;0;0
9/4108.png;8;1;0;0
9/4109.png;8;1;0;0
9/4110.png;8;1;0;0
9/4111.png;8;1;0;0
9/4112.png;8;1;0;0
9/4113.png;8;1;0;0
9/4114.png;8;1;0;0
9/4115.png;8;1;0;0
9/4116.png;8;1;0;0
9/4117.png;8;1;0;0
9/4118.png;8;1;0;0
9/4119.png;8;1;0;0
9/4120.png;8;1;0;0
9/4121.png;8;1;0;0
9/4122.png;8;1;0;0
9/4123.png;8;1;0;0
9/4124.png;8;1;0;0
9/4125.png;8;1;0;0
9/4126.png;8;1;0;0
9/4127.png;8;1;0;0
9/4128.png;8;1;0;0
9/4129.png;8;1;0;0
9/4130.png;8;1;0;0
9/4131.png;8;1;0;0
9/4132.png;8;1;0;0
9/4133.png;8;1;0;0
9/4134.png;8;1;0;0
9/4135.png;8;1;0;0
9/4136.png;8;1;0;0
9/4137.png;8;1;0;0
9/4138.png;8;1;0;0
9/4139.png;8;1;0;0
9/4140.png;8;1;0;0
9/4141.png;8;1;0;0
9/4142.png;8;1;0;0
9/4143.png;8;1;0;0
9/4144.png;8;1;0;0
9/4145.png;8;1;0;0
9/4146.png;8;1;0;0
9/4147.png;8;1;0;0
9/4148.png;8;1;0;0
9/4149.png;8;1;0;0
9/4150.png;8;1;0;0
9/4151.png;8;1;0;0
9/4152.png;8;1;0;0
9/4153.png;8;1;0;0
9/4154.png;8;1;0;0
9/4155.png;8;1;0;0
9/4156.png;8;1;0;0
9/4157.png;8;1;0;0
9/4158.png;8;1;0;0
9/4159.png;8;1;0;0
9/4160.png;8;1;0;0
9/4161.png;8;1;0;0
9/4162.png;8;1;0;0
9/4163.png;8;1;0;0
9/4164.png;8;1;0;0
9/4165.png;8;1;0;0
9/4166.png;8;1;0;0
9/4167.png;8;1;0;0
9/4168.png;8;1;0;0
9/4169.png;8;1;0;0
9/4170.png;8;1;0;0
9/4171.png;8;1;0;0
9/4172.png;8;1;0;0
9/4173.png;8;1;0;0
9/4174.png;8;1;0;0
9/4175.png;8;1;0;0
9/4176.png;8;1;0;0
9/4177.png;8;1;0;0
9/4178.png;8;1;0;0
9/4179.png;8;1;0;0
9/4180.png;8;1;0;0
9/4181.png;8;1;0;0
9/4182.png;8;1;0;0
9/4183.png;8;1;0;0
9/4184.png;8;1;0;0
9/4185.png;8;1;0;0
9/4186.png;8;1;0;0
9/4187.png;8;1;0;0
9/4188.png;8;1;0;0
9/4189.png;8;1;0;0
9/4190.png;8;1;0;0
9/4191.png;8;1;0;0
9/4192.png;8;1;0;0
9/4193.png;8;1;0;0
9/4194.png;8;1;0;0
9/4195.png;8;1;0;0
9/4196.png;8;1;0;0
9/4197.png;8;1;0;0
9/4198.png;8;1;0;0
9/4199.png;8;1;0;0
9/4200.png;8;1;0;0
9/4201.png;8;1;0;0
9/4202.png;8;1;0;0
9/4203.png;8;1;0;0
9/4204.png;8;1;0;0
9/4205.png;8;1;0;0
9/4206.png;8;1;0;0
9/4207.png;8;1;0;0
9/4208.png;8;1;0;0
9/4209.png;8;1;0;0
9/4210.png;8;1;0;0
9/4211.png;8;1;0;0
9/4212.png;8;1;0;0
9/4213.png;8;1;0;0
9/4214.png;8;1;0;0
9/4215.png;8;1;0;0
9/4216.png;8;1;0;0
9/4217.png;8;1;0;0
9/4218.png;8;1;0;0
9/4219.png;8;1;0;0
9/4220.png;8;1;0;0
9/4221.png;8;1;0;0
9/4222.png;8;1;0;0
9/4223.png;8;1;0;0
9/4224.png;8;1;0;0
9/4225.png;8;1;0;0
9/4226.png;8;1;0;0
9/4227.png;8;1;0;0
9/4228.png;8;1;0;0
9/4229.png;8;1;0;0
9/4230.png;8;1;0;0
9/4231.png;8;1;0;0
9/4232.png;8;1;0;0
9/4233.png;8;1;0;0
9/4234.png;8;1;0;0
9/4235.png;8;1;0;0
9/4236.png;8;1;0;0
9/4237.png;8;1;0;0
9/4238.png;8;1;0;0
9/4239.png;8;1;0;0
9/4240.png;8;1;0;0
9/4241.png;8;1;0;0
9/4242.png;8;1;0;0
9/4243.png;8;1;0;0
9/4244.png;8;1;0;0
9/4245.png;8;1;0;0
9/4246.png;8;1;0;0
9/4247.png;8;1;0;0
9/4248.png;8;1;0;0
9/4249.png;8;1;0;0
9/4250.png;8;1;0;0
9/4251.png;8;1;0;0
9/4252.png;8;1;0;0
9/4253.png;8;1;0;0
9/4254.png;8;1;0;0
9/4255.png;8;1;0;0
9/4256.png;8;1;0;0
9/4257.png;8;1;0;0
9/4258.png;8;1;0;0
9/4259.png;8;1;0;0
9/4260.png;8;1;0;0
9/4261.png;8;1;0;0
9/4262.png;8;1;0;0
9/4263.png;8;1;0;0
9/4264.png;8;1;0;0
9/4265.png;8;1;0;0
9/4266.png;8;1;0;0
9/4267.png;8;1;0;0
9/4268.png;8;1;0;0
9/4269.png;8;1;0;0
9/4270.png;8;1;0;0
9/4271.png;8;1;0;0
9/4272.png;8;1;0;0
9/4273.png;8;1;0;0
9/4274.png;8;1;0;0
9/4275.png;8;1;0;0
9/4276.png;8;1;0;0
9/4277.png;8;1;0;0
9/4278.png;8;1;0;0
9/4279.png;8;1;0;0
9/4280.png;8;1;0;0
9/4281.png;8;1;0;0
9/4282.png;8;1;0;0
9/4283.png;8;1;0;0
9/4284.png;8;1;0;0
9/4285.png;8;1;0;0
9/4286.png;8;1;0;0
9/4287.png;8;1;0;0
9/4288.png;8;1;0;0
9/4289.png;8;1;0;0
9/4290.png;8;1;0;0
9/4291.png;8;1;0;0
9/4292.png;8;1;0;0
9/4293.png;8;1;0;0
9/4294.png;8;1;0;0
9/4295.png;8;1;0;0
9/4296.png;8;1;0;0
9/4297.png;8;1;0;0
9/4298.png;8;1;0;0
9/4299.png;8;1;0;0
9/4300.png;8;1;0;0
9/4301.png;8;1;0;0
9/4302.png;8;1;0;0
9/4303.png;8;1;0;0
9/4304.png;8;1;0;0
9/4305.png;8;1;0;0
9/4306.png;8;1;0;0
9/4307.png;8;1;0;0
9/4308.png;8;1;0;0
9/4309.png;8;1;0;0
9/4310.png;8;1;0;0
9/4311.png;8;1;0;0
9/4312.png;8;1;0;0
9/4313.png;8;1;0;0
9/4314.png;8;1;0;0
9/4315.png;8;1;0;0
9/4316.png;8;1;0;0
9/4317.png;8;1;0;0
9/4318.png;8;1;0;0
9/4319.png;8;1;0;0
9/4320.png;8;1;0;0
9/4321.png;8;1;0;0
9/4322.png;8;1;0;0
9/4323.png;8;1;0;0
9/4324.png;8;1;0;0
9/4325.png;8;1;0;0
9/4326.png;8;1;0;0
9/4327.png;8;1;0;0
9/4328.png;8;1;0;0
9/4329.png;8;1;0;0
9/4330.png;8;1;0;0
9/4331.png;8;1;0;0
9/4332.png;8;1;0;0
9/4333.png;8;1;0;0
9/4334.png;8;1;0;0
9/4335.png;8;1;0;0
9/4336.png;8;1;0;0
9/4337.png;8;1;0;0
9/4338.png;8;1;0;0
9/4339.png;8;1;0;0
9/4340.png;8;1;0;0
9/4341.png;8;1;0;0
9/4342.png;8;1;0;0
9/4343.png;8;1;0;0
9/4344.png;8;1;0;0
9/4345.png;8;1;0;0
9/4346.png;8;1;0;0
9/4347.png;8;1;0;0
9/4348.png;8;1;0;0
9/4349.png;8;1;0;0
9/4350.png;8;1;0;0
9/4351.png;8;1;0;0
9/4352.png;8;1;0;0
9/4353.png;8;1;0;0
9/4354.png;8;1;0;0
9/4355.png;8;1;0;0
9/4356.png;8;1;0;0
9/4357.png;8;1;0;0
9/4358.png;8;1;0;0
9/4359.png;8;1;0;0
9/4360.png;8;1;0;0
9/4361.png;8;1;0;0
9/4362.png;8;1;0;0
9/4363.png;8;1;0;0
9/4364.png;8;1;0;0
9/4365.png;8;1;0;0
9/4366.png;8;1;0;0
9/4367.png;8;1;0;0
9/4368.png;8;1;0;0
9/4369.png;8;1;0;0
9/4370.png;8;1;0;0
9/4371.png;8;1;0;0
9/4372.png;8;1;0;0
9/4373.png;8;1;0;0
9/4374.png;8;1;0;0
9/4375.png;8;1;0;0
9/4376.png;8;1;0;0
9/4377.png;8;1;0;0
9/4378.png;8;1;0;0
9/4379.png;8;1;0;0
9/4380.png;8;1;0;0
9/4381.png;8;1;0;0
9/4382.png;8;1;0;0
9/4383.png;8;1;0;0
9/4384.png;8;1;0;0
9/4385.png;8;1;0;0
9/4386.png;8;1;0;0
9/4387.png;8;1;0;0
9/4388.png;8;1;0;0
9/4389.png;8;1;0;0
9/4390.png;8;1;0;0
9/4391.png;8;1;0;0
9/4392.png;8;1;0;0
9/4393.png;8;1;0;0
9/4394.png;8;1;0;0
9/4395.png;8;1;0;0
9/4396.png;8;1;0;0
9/4397.png;8;1;0;0
9/4398.png;8;1;0;0
9/4399.png;8;1;0;0
9/4400.png;8;1;0;0
9/4401.png;8;1;0;0
9/4402.png;8;1;0;0
9/4403.png;8;1;0;0
9/4404.png;8;1;0;0
9/4405.png;8;1;0;0
9/4406.png;8;1;0;0
9/4407.png;8;1;0;0
9/4408.png;8;1;0;0
9/4409.png;8;1;0;0
9/4410.png;8;1;0;0
9/4411.png;8;1;0;0
9/4412.png;8;1;0;0
9/4413.png;8;1;0;0
9/4414.png;8;1;0;0
9/4415.png;8;1;0;0
9/4416.png;8;1;0;0
9/4417.png;8;1;0;0
9/4418.png;8;1;0;0
9/4419.png;8;1;0;0
9/4420.png;8;1;0;0
9/4421.png;8;1;0;0
9/4422.png;8;1;0;0
9/4423.png;8;1;0;0
9/4424.png;8;1;0;0
9/4425.png;8;1;0;0
9/4426.png;8;1;0;0
9/4427.png;8;1;0;0
9/4428.png;8;1;0;0
9/4429.png;8;1;0;0
9/4430.png;8;1;0;0
9/4431.png;8;1;0;0
9/4432.png;8;1;0;0
9/4433.png;8;1;0;0
9/4434.png;8;1;0;0
9/4435.png;8;1;0;0
9/4436.png;8;1;0;0
9/4437.png;8;1;0;0
9/4438.png;8;1;0;0
9/4439.png;8;1;0;0
9/4440.png;8;1;0;0
9/4441.png;8;1;0;0
9/4442.png;8;1;0;0
9/4443.png;8;1;0;0
9/4444.png;8;1;0;0
9/4445.png;8;1;0;0
9/4446.png;8;1;0;0
9/4447.png;8;1;0;0
9/4448.png;8;1;0;0
9/4449.png;8;1;0;0
9/4450.png;8;1;0;0
9/4451.png;8;1;0;0
9/4452.png;8;1;0;0
9/4453.png;8;1;0;0
9/4454.png;8;1;0;0
9/4455.png;8;1;0;0
9/4456.png;8;1;0;0
9/4457.png;8;1;0;0
9/4458.png;8;1;0;0
9/4459.png;8;1;0;0
9/4460.png;8;1;0;0
9/4461.png;8;1;0;0
9/4462.png;8;1;0;0
9/4463.png;8;1;0;0
9/4464.png;8;1;0;0
9/4465.png;8;1;0;0
9/4466.png;8;1;0;0
9/4467.png;8;1;0;0
9/4468.png;8;1;0;0
9/4469.png;8;1;0;0
9/4470.png;8;1;0;0
9/4471.png;8;1;0;0
9/4472.png;8;1;0;0
9/4473.png;8;1;0;0
9/4474.png;8;1;0;0
9/4475.png;8;1;0;0
9/4476.png;8;1;0;0
9/4477.png;8;1;0;0
9/4478.png;8;1;0;0
9/4479.png;8;1;0;0
9/4480.png;8;1;0;0
9/4481.png;8;1;0;0
9/4482.png;8;1;0;0
9/4483.png;8;1;0;0
9/4484.png;8;1;0;0
9/4485.png;8;1;0;0
9/4486.png;8;1;0;0
9/4487.png;8;1;0;0
9/4488.png;8;1;0;0
9/4489.png;8;1;0;0
9/4490.png;8;1;0;0
9/4491.png;8;1;0;0
9/4492.png;8;1;0;0
9/4493.png;8;1;0;0
9/4494.png;8;1;0;0
9/4495.png;8;1;0;0
9/4496.png;8;1;0;0
9/4497.png;8;1;0;0
9/4498.png;8;1;0;0
9/4499.png;8;1;0;0
9/4500.png;8;1;0;0
9/4501.png;8;1;0;0
9/4502.png;8;1;0;0
9/4503.png;8;1;0;0
9/4504.png;8;1;0;0
9/4505.png;8;1;0;0
9/4506.png;8;1;0;0
9/4507.png;8;1;0;0
9/4508.png;8;1;0;0
9/4509.png;8;1;0;0
9/4510.png;8;1;0;0
9/4511.png;8;1;0;0
9/4512.png;8;1;0;0
9/4513.png;8;1;0;0
9/4514.png;8;1;0;0
9/4515.png;8;1;0;0
9/4516.png;8;1;0;0
9/4517.png;8;1;0;0
9/4518.png;8;1;0;0
9/4519.png;8;1;0;0
9/4520.png;8;1;0;0
9/4521.png;8;1;0;0
9/4522.png;8;1;0;0
9/4523.png;8;1;0;0
9/4524.png;8;1;0;0
9/4525.png;8;1;0;0
9/4526.png;8;1;0;0
9/4527.png;8;1;0;0
9/4528.png;8;1;0;0
9/4529.png;8;1;0;0
9/4530.png;8;1;0;0
9/4531.png;8;1;0;0
9/4532.png;8;1;0;0
9/4533.png;8;1;0;0
9/4534.png;8;1;0;0
9/4535.png;8;1;0;0
9/4536.png;8;1;0;0
9/4537.png;8;1;0;0
9/4538.png;8;1;0;0
9/4539.png;8;1;0;0
9/4540.png;8;1;0;0
9/4541.png;8;1;0;0
9/4542.png;8;1;0;0
9/4543.png;8;1;0;0
9/4544.png;8;1;0;0
9/4545.png;8;1;0;0
9/4546.png;8;1;0;0
9/4547.png;8;1;0;0
9/4548.png;8;1;0;0
9/4549.png;8;1;0;0
9/4550.png;8;1;0;0
9/4551.png;8;1;0;0
9/4552.png;8;1;0;0
9/4553.png;8;1;0;0
9/4554.png;8;1;0;0
9/4555.png;8;1;0;0
9/4556.png;8;1;0;0
9/4557.png;8;1;0;0
9/4558.png;8;1;0;0
9/4559.png;8;1;0;0
9/4560.png;8;1;0;0
9/4561.png;8;1;0;0
9/4562.png;8;1;0;0
9/4563.png;8;1;0;0
9/4564.png;8;1;0;0
9/4565.png;8;1;0;0
9/4566.png;8;1;0;0
9/4567.png;8;1;0;0
9/4568.png;8;1;0;0
9/4569.png;8;1;0;0
9/4570.png;8;1;0;0
9/4571.png;8;1;0;0
9/4572.png;8;1;0;0
9/4573.png;8;1;0;0
9/4574.png;8;1;0;0
9/4575.png;8;1;0;0
9/4576.png;8;1;0;0
9/4577.png;8;1;0;0
9/4578.png;8;1;0;0
9/4579.png;8;1;0;0
9/4580.png;8;1;0;0
9/4581.png;8;1;0;0
9/4582.png;8;1;0;0
9/4583.png;8;1;0;0
9/4584.png;8;1;0;0
9/4585.png;8;1;0;0
9/4586.png;8;1;0;0
9/4587.png;8;1;0;0
9/4588.png;8;1;0;0
9/4589.png;8;1;0;0
9/4590.png;8;1;0;0
9/4591.png;8;1;0;0
9/4592.png;8;1;0;0
9/4593.png;8;1;0;0
9/4594.png;8;1;0;0
9/4595.png;8;1;0;0
9/4596.png;8;1;0;0
9/4597.png;8;1;0;0
9/4598.png;8;1;0;0
9/4599.png;8;1;0;0
9/4600.png;8;1;0;0
9/4601.png;8;1;0;0
9/4602.png;8;1;0;0
9/4603.png;8;1;0;0
9/4604.png;8;1;0;0
9/4605.png;8;1;0;0
9/4606.png;8;1;0;0
9/4607.png;8;1;0;0
9/4608.png;8;1;0;0
9/4609.png;8;1;0;0
9/4610.png;8;1;0;0
9/4611.png;8;1;0;0
9/4612.png;8;1;0;0
9/4613.png;8;1;0;0
9/4614.png;8;1;0;0
9/4615.png;8;1;0;0
9/4616.png;8;1;0;0
9/4617.png;8;1;0;0
9/4618.png;8;1;0;0
9/4619.png;8;1;0;0
9/4620.png;8;1;0;0
9/4621.png;8;1;0;0
9/4622.png;8;1;0;0
9/4623.png;8;1;0;0
9/4624.png;8;1;0;0
9/4625.png;8;1;0;0
9/4626.png;8;1;0;0
9/4627.png;8;1;0;0
9/4628.png;8;1;0;0
9/4629.png;8;1;0;0
9/4630.png;8;1;0;0
9/4631.png;8;1;0;0
9/4632.png;8;1;0;0
9/4633.png;8;1;0;0
9/4634.png;8;1;0;0
9/4635.png;8;1;0;0
9/4636.png;8;1;0;0
9/4637.png;8;1;0;0
9/4638.png;8;1;0;0
9/4639.png;8;1;0;0
9/4640.png;8;1;0;0
9/4641.png;8;1;0;0
9/4642.png;8;1;0;0
9/4643.png;8;1;0;0
9/4644.png;8;1;0;0
9/4645.png;8;1;0;0
9/4646.png;8;1;0;0
9/4647.png;8;1;0;0
9/4648.png;8;1;0;0
9/4649.png;8;1;0;0
9/4650.png;8;1;0;0
9/4651.png;8;1;0;0
9/4652.png;8;1;0;0
9/4653.png;8;1;0;0
9/4654.png;8;1;0;0
9/4655.png;8;1;0;0
9/4656.png;8;1;0;0
9/4657.png;8;1;0;0
9/4658.png;8;1;0;0
9/4659.png;8;1;0;0
9/4660.png;8;1;0;0
9/4661.png;8;1;0;0
9/4662.png;8;1;0;0
9/4663.png;8;1;0;0
9/4664.png;8;1;0;0
9/4665.png;8;1;0;0
9/4666.png;8;1;0;0
9/4667.png;8;1;0;0
9/4668.png;8;1;0;0
9/4669.png;8;1;0;0
9/4670.png;8;1;0;0
9/4671.png;8;1;0;0
9/4672.png;8;1;0;0
9/4673.png;8;1;0;0
9/4674.png;8;1;0;0
9/4675.png;8;1;0;0
9/4676.png;8;1;0;0
9/4677.png;8;1;0;0
9/4678.png;8;1;0;0
9/4679.png;8;1;0;0
9/4680.png;8;1;0;0
9/4681.png;8;1;0;0
9/4682.png;8;1;0;0
9/4683.png;8;1;0;0
9/4684.png;8;1;0;0
9/4685.png;8;1;0;0
9/4686.png;8;1;0;0
9/4687.png;8;1;0;0
9/4688.png;8;1;0;0
9/4689.png;8;1;0;0
9/4690.png;8;1;0;0
9/4691.png;8;1;0;0
9/4692.png;8;1;0;0
9/4693.png;8;1;0;0
9/4694.png;8;1;0;0
9/4695.png;8;1;0;0
9/4696.png;8;1;0;0
9/4697.png;8;1;0;0
9/4698.png;8;1;0;0
9/4699.png;8;1;0;0
9/4700.png;8;1;0;0
9/4701.png;8;1;0;0
9/4702.png;8;1;0;0
9/4703.png;8;1;0;0
9/4704.png;8;1;0;0
9/4705.png;8;1;0;0
9/4706.png;8;1;0;0
9/4707.png;8;1;0;0
9/4708.png;8;1;0;0
9/4709.png;8;1;0;0
9/4710.png;8;1;0;0
9/4711.png;8;1;0;0
9/4712.png;8;1;0;0
9/4713.png;8;1;0;0
9/4714.png;8;1;0;0
9/4715.png;8;1;0;0
9/4716.png;8;1;0;0
9/4717.png;8;1;0;0
9/4718.png;8;1;0;0
9/4719.png;8;1;0;0
9/4720.png;8;1;0;0
9/4721.png;8;1;0;0
9/4722.png;8;1;0;0
9/4723.png;8;1;0;0
9/4724.png;8;1;0;0
9/4725.png;8;1;0;0
9/4726.png;8;1;0;0
9/4727.png;8;1;0;0
9/4728.png;8;1;0;0
9/4729.png;8;1;0;0
9/4730.png;8;1;0;0
9/4731.png;8;1;0;0
9/4732.png;8;1;0;0
9/4733.png;8;1;0;0
9/4734.png;8;1;0;0
9/4735.png;8;1;0;0
9/4736.png;8;1;0;0
9/4737.png;8;1;0;0
9/4738.png;8;1;0;0
9/4739.png;8;1;0;0
9/4740.png;8;1;0;0
9/4741.png;8;1;0;0
9/4742.png;8;1;0;0
9/4743.png;8;1;0;0
9/4744.png;8;1;0;0
9/4745.png;8;1;0;0
9/4746.png;8;1;0;0
9/4747.png;8;1;0;0
9/4748.png;8;1;0;0
9/4749.png;8;1;0;0
9/4750.png;8;1;0;0
9/4751.png;8;1;0;0
9/4752.png;8;1;0;0
9/4753.png;8;1;0;0
9/4754.png;8;1;0;0
9/4755.png;8;1;0;0
9/4756.png;8;1;0;0
9/4757.png;8;1;0;0
9/4758.png;8;1;0;0
9/4759.png;8;1;0;0
9/4760.png;8;1;0;0
9/4761.png;8;1;0;0
9/4762.png;8;1;0;0
9/4763.png;8;1;0;0
9/4764.png;8;1;0;0
9/4765.png;8;1;0;0
9/4766.png;8;1;0;0
9/4767.png;8;1;0;0
9/4768.png;8;1;0;0
9/4769.png;8;1;0;0
9/4770.png;8;1;0;0
9/4771.png;8;1;0;0
9/4772.png;8;1;0;0
9/4773.png;8;1;0;0
9/4774.png;8;1;0;0
9/4775.png;8;1;0;0
9/4776.png;8;1;0;0
9/4777.png;8;1;0;0
9/4778.png;8;1;0;0
9/4779.png;8;1;0;0
9/4780.png;8;1;0;0
9/4781.png;8;1;0;0
9/4782.png;8;1;0;0
9/4783.png;8;1;0;0
9/4784.png;8;1;0;0
9/4785.png;8;1;0;0
9/4786.png;8;1;0;0
9/4787.png;8;1;0;0
9/4788.png;8;1;0;0
9/4789.png;8;1;0;0
9/4790.png;8;1;0;0
9/4791.png;8;1;0;0
9/4792.png;8;1;0;0
9/4793.png;8;1;0;0
9/4794.png;8;1;0;0
9/4795.png;8;1;0;0
9/4796.png;8;1;0;0
9/4797.png;8;1;0;0
9/4798.png;8;1;0;0
9/4799.png;8;1;0;0
9/4800.png;8;1;0;0
9/4801.png;8;1;0;0
9/4802.png;8;1;0;0
9/4803.png;8;1;0;0
9/4804.png;8;1;0;0
9/4805.png;8;1;0;0
9/4806.png;8;1;0;0
9/4807.png;8;1;0;0
9/4808.png;8;1;0;0
9/4809.png;8;1;0;0
9/4810.png;8;1;0;0
9/4811.png;8;1;0;0
9/4812.png;8;1;0;0
9/4813.png;8;1;0;0
9/4814.png;8;1;0;0
9/4815.png;8;1;0;0
9/4816.png;8;1;0;0
9/4817.png;8;1;0;0
9/4818.png;8;1;0;0
9/4819.png;8;1;0;0
9/4820.png;8;1;0;0
9/4821.png;8;1;0;0
9/4822.png;8;1;0;0
9/4823.png;8;1;0;0
9/4824.png;8;1;0;0
9/4825.png;8;1;0;0
9/4826.png;8;1;0;0
9/4827.png;8;1;0;0
9/4828.png;8;1;0;0
9/4829.png;8;1;0;0
9/4830.png;8;1;0;0
9/4831.png;8;1;0;0
9/4832.png;8;1;0;0
9/4833.png;8;1;0;0
9/4834.png;8;1;0;0
9/4835.png;8;1;0;0
9/4836.png;8;1;0;0
9/4837.png;8;1;0;0
9/4838.png;8;1;0;0
9/4839.png;8;1;0;0
9/4840.png;8;1;0;0
9/4841.png;8;1;0;0
9/4842.png;8;1;0;0
9/4843.png;8;1;0;0
9/4844.png;8;1;0;0
9/4845.png;8;1;0;0
9/4846.png;8;1;0;0
9/4847.png;8;1;0;0
9/4848.png;8;1;0;0
9/4849.png;8;1;0;0
9/4850.png;8;1;0;0
9/4851.png;8;1;0;0
9/4852.png;8;1;0;0
9/4853.png;8;1;0;0
9/4854.png;8;1;0;0
9/4855.png;8;1;0;0
9/4856.png;8;1;0;0
9/4857.png;8;1;0;0
9/4858.png;8;1;0;0
9/4859.png;8;1;0;0
9/4860.png;8;1;0;0
9/4861.png;8;1;0;0
9/4862.png;8;1;0;0
9/4863.png;8;1;0;0
9/4864.png;8;1;0;0
9/4865.png;8;1;0;0
9/4866.png;8;1;0;0
9/4867.png;8;1;0;0
9/4868.png;8;1;0;0
9/4869.png;8;1;0;0
9/4870.png;8;1;0;0
9/4871.png;8;1;0;0
9/4872.png;8;1;0;0
9/4873.png;8;1;0;0
9/4874.png;8;1;0;0
9/4875.png;8;1;0;0
9/4876.png;8;1;0;0
9/4877.png;8;1;0;0
9/4878.png;8;1;0;0
9/4879.png;8;1;0;0
9/4880.png;8;1;0;0
9/4881.png;8;1;0;0
9/4882.png;8;1;0;0
9/4883.png;8;1;0;0
9/4884.png;8;1;0;0
9/4885.png;8;1;0;0
9/4886.png;8;1;0;0
9/4887.png;8;1;0;0
9/4888.png;8;1;0;0
9/4889.png;8;1;0;0
9/4890.png;8;1;0;0
9/4891.png;8;1;0;0
9/4892.png;8;1;0;0
9/4893.png;8;1;0;0
9/4894.png;8;1;0;0
9/4895.png;8;1;0;0
9/4896.png;8;1;0;0
9/4897.png;8;1;0;0
9/4898.png;8;1;0;0
9/4899.png;8;1;0;0
9/4900.png;8;1;0;0
9/4901.png;8;1;0;0
9/4902.png;8;1;0;0
9/4903.png;8;1;0;0
9/4904.png;8;1;0;0
9/4905.png;8;1;0;0
9/4906.png;8;1;0;0
9/4907.png;8;1;0;0
9/4908.png;8;1;0;0
9/4909.png;8;1;0;0
9/4910.png;8;1;0;0
9/4911.png;8;1;0;0
9/4912.png;8;1;0;0
9/4913.png;8;1;0;0
9/4914.png;8;1;0;0
9/4915.png;8;1;0;0
9/4916.png;8;1;0;0
9/4917.png;8;1;0;0
9/4918.png;8;1;0;0
9/4919.png;8;1;0;0
9/4920.png;8;1;0;0
9/4921.png;8;1;0;0
9/4922.png;8;1;0;0
9/4923.png;8;1;0;0
9/4924.png;8;1;0;0
9/4925.png;8;1;0;0
9/4926.png;8;1;0;0
9/4927.png;8;1;0;0
9/4928.png;8;1;0;0
9/4929.png;8;1;0;0
9/4930.png;8;1;0;0
9/4931.png;8;1;0;0
9/4932.png;8;1;0;0
9/4933.png;8;1;0;0
9/4934.png;8;1;0;0
9/4935.png;8;1;0;0
9/4936.png;8;1;0;0
9/4937.png;8;1;0;0
9/4938.png;8;1;0;0
9/4939.png;8;1;0;0
9/4940.png;8;1;0;0
9/4941.png;8;1;0;0
9/4942.png;8;1;0;0
9/4943.png;8;1;0;0
9/4944.png;8;1;0;0
9/4945.png;8;1;0;0
9/4946.png;8;1;0;0
9/4947.png;8;1;0;0
9/4948.png;8;1;0;0
9/4949.png;8;1;0;0
9/4950.png;8;1;0;0
9/4951.png;8;1;0;0
9/4952.png;8;1;0;0
9/4953.png;8;1;0;0
9/4954.png;8;1;0;0
9/4955.png;8;1;0;0
9/4956.png;8;1;0;0
9/4957.png;8;1;0;0
9/4958.png;8;1;0;0
9/4959.png;8;1;0;0
9/4960.png;8;1;0;0
9/4961.png;8;1;0;0
9/4962.png;8;1;0;0
9/4963.png;8;1;0;0
9/4964.png;8;1;0;0
9/4965.png;8;1;0;0
9/4966.png;8;1;0;0
9/4967.png;8;1;0;0
9/4968.png;8;1;0;0
9/4969.png;8;1;0;0
9/4970.png;8;1;0;0
9/4971.png;8;1;0;0
9/4972.png;8;1;0;0
9/4973.png;8;1;0;0
9/4974.png;8;1;0;0
9/4975.png;8;1;0;0
9/4976.png;8;1;0;0
9/4977.png;8;1;0;0
9/4978.png;8;1;0;0
9/4979.png;8;1;0;0
9/4980.png;8;1;0;0
9/4981.png;8;1;0;0
9/4982.png;8;1;0;0
9/4983.png;8;1;0;0
9/4984.png;8;1;0;0
9/4985.png;8;1;0;0
9/4986.png;8;1;0;0
9/4987.png;8;1;0;0
9/4988.png;8;1;0;0
9/4989.png;8;1;0;0
9/4990.png;8;1;0;0
9/4991.png;8;1;0;0
9/4992.png;8;1;0;0
9/4993.png;8;1;0;0
9/4994.png;8;1;0;0
9/4995.png;8;1;0;0
9/4996.png;8;1;0;0
9/4997.png;8;1;0;0
9/4998.png;8;1;0;0
9/4999.png;8;1;0;0
9/5000.png;8;1;0;0
