Filename;ClassId;meta_class
0/00000_00000.ppm;0;0
0/00000_00001.ppm;0;0
0/00000_00002.ppm;0;0
0/00000_00003.ppm;0;0
0/00000_00004.ppm;0;0
0/00000_00005.ppm;0;0
0/00000_00006.ppm;0;0
0/00000_00007.ppm;0;0
0/00000_00008.ppm;0;0
0/00000_00009.ppm;0;0
0/00000_00010.ppm;0;0
0/00000_00011.ppm;0;0
0/00000_00012.ppm;0;0
0/00000_00013.ppm;0;0
0/00000_00014.ppm;0;0
0/00000_00015.ppm;0;0
0/00000_00016.ppm;0;0
0/00000_00017.ppm;0;0
0/00000_00018.ppm;0;0
0/00000_00019.ppm;0;0
0/00000_00020.ppm;0;0
0/00000_00021.ppm;0;0
0/00000_00022.ppm;0;0
0/00000_00023.ppm;0;0
0/00000_00024.ppm;0;0
0/00000_00025.ppm;0;0
0/00000_00026.ppm;0;0
0/00000_00027.ppm;0;0
0/00000_00028.ppm;0;0
0/00000_00029.ppm;0;0
0/00001_00000.ppm;0;0
0/00001_00001.ppm;0;0
0/00001_00002.ppm;0;0
0/00001_00003.ppm;0;0
0/00001_00004.ppm;0;0
0/00001_00005.ppm;0;0
0/00001_00006.ppm;0;0
0/00001_00007.ppm;0;0
0/00001_00008.ppm;0;0
0/00001_00009.ppm;0;0
0/00001_00010.ppm;0;0
0/00001_00011.ppm;0;0
0/00001_00012.ppm;0;0
0/00001_00013.ppm;0;0
0/00001_00014.ppm;0;0
0/00001_00015.ppm;0;0
0/00001_00016.ppm;0;0
0/00001_00017.ppm;0;0
0/00001_00018.ppm;0;0
0/00001_00019.ppm;0;0
0/00001_00020.ppm;0;0
0/00001_00021.ppm;0;0
0/00001_00022.ppm;0;0
0/00001_00023.ppm;0;0
0/00001_00024.ppm;0;0
0/00001_00025.ppm;0;0
0/00001_00026.ppm;0;0
0/00001_00027.ppm;0;0
0/00001_00028.ppm;0;0
0/00001_00029.ppm;0;0
0/00002_00000.ppm;0;0
0/00002_00001.ppm;0;0
0/00002_00002.ppm;0;0
0/00002_00003.ppm;0;0
0/00002_00004.ppm;0;0
0/00002_00005.ppm;0;0
0/00002_00006.ppm;0;0
0/00002_00007.ppm;0;0
0/00002_00008.ppm;0;0
0/00002_00009.ppm;0;0
0/00002_00010.ppm;0;0
0/00002_00011.ppm;0;0
0/00002_00012.ppm;0;0
0/00002_00013.ppm;0;0
0/00002_00014.ppm;0;0
0/00002_00015.ppm;0;0
0/00002_00016.ppm;0;0
0/00002_00017.ppm;0;0
0/00002_00018.ppm;0;0
0/00002_00019.ppm;0;0
0/00002_00020.ppm;0;0
0/00002_00021.ppm;0;0
0/00002_00022.ppm;0;0
0/00002_00023.ppm;0;0
0/00002_00024.ppm;0;0
0/00002_00025.ppm;0;0
0/00002_00026.ppm;0;0
0/00002_00027.ppm;0;0
0/00002_00028.ppm;0;0
0/00002_00029.ppm;0;0
0/00003_00000.ppm;0;0
0/00003_00001.ppm;0;0
0/00003_00002.ppm;0;0
0/00003_00003.ppm;0;0
0/00003_00004.ppm;0;0
0/00003_00005.ppm;0;0
0/00003_00006.ppm;0;0
0/00003_00007.ppm;0;0
0/00003_00008.ppm;0;0
0/00003_00009.ppm;0;0
0/00003_00010.ppm;0;0
0/00003_00011.ppm;0;0
0/00003_00012.ppm;0;0
0/00003_00013.ppm;0;0
0/00003_00014.ppm;0;0
0/00003_00015.ppm;0;0
0/00003_00016.ppm;0;0
0/00003_00017.ppm;0;0
0/00003_00018.ppm;0;0
0/00003_00019.ppm;0;0
0/00003_00020.ppm;0;0
0/00003_00021.ppm;0;0
0/00003_00022.ppm;0;0
0/00003_00023.ppm;0;0
0/00003_00024.ppm;0;0
0/00003_00025.ppm;0;0
0/00003_00026.ppm;0;0
0/00003_00027.ppm;0;0
0/00003_00028.ppm;0;0
0/00003_00029.ppm;0;0
0/00004_00000.ppm;0;0
0/00004_00001.ppm;0;0
0/00004_00002.ppm;0;0
0/00004_00003.ppm;0;0
0/00004_00004.ppm;0;0
0/00004_00005.ppm;0;0
0/00004_00006.ppm;0;0
0/00004_00007.ppm;0;0
0/00004_00008.ppm;0;0
0/00004_00009.ppm;0;0
0/00004_00010.ppm;0;0
0/00004_00011.ppm;0;0
0/00004_00012.ppm;0;0
0/00004_00013.ppm;0;0
0/00004_00014.ppm;0;0
0/00004_00015.ppm;0;0
0/00004_00016.ppm;0;0
0/00004_00017.ppm;0;0
0/00004_00018.ppm;0;0
0/00004_00019.ppm;0;0
0/00004_00020.ppm;0;0
0/00004_00021.ppm;0;0
0/00004_00022.ppm;0;0
0/00004_00023.ppm;0;0
0/00004_00024.ppm;0;0
0/00004_00025.ppm;0;0
0/00004_00026.ppm;0;0
0/00004_00027.ppm;0;0
0/00004_00028.ppm;0;0
0/00004_00029.ppm;0;0
1/00000_00000.ppm;1;0
1/00000_00001.ppm;1;0
1/00000_00002.ppm;1;0
1/00000_00003.ppm;1;0
1/00000_00004.ppm;1;0
1/00000_00005.ppm;1;0
1/00000_00006.ppm;1;0
1/00000_00007.ppm;1;0
1/00000_00008.ppm;1;0
1/00000_00009.ppm;1;0
1/00000_00010.ppm;1;0
1/00000_00011.ppm;1;0
1/00000_00012.ppm;1;0
1/00000_00013.ppm;1;0
1/00000_00014.ppm;1;0
1/00000_00015.ppm;1;0
1/00000_00016.ppm;1;0
1/00000_00017.ppm;1;0
1/00000_00018.ppm;1;0
1/00000_00019.ppm;1;0
1/00000_00020.ppm;1;0
1/00000_00021.ppm;1;0
1/00000_00022.ppm;1;0
1/00000_00023.ppm;1;0
1/00000_00024.ppm;1;0
1/00000_00025.ppm;1;0
1/00000_00026.ppm;1;0
1/00000_00027.ppm;1;0
1/00000_00028.ppm;1;0
1/00000_00029.ppm;1;0
1/00001_00000.ppm;1;0
1/00001_00001.ppm;1;0
1/00001_00002.ppm;1;0
1/00001_00003.ppm;1;0
1/00001_00004.ppm;1;0
1/00001_00005.ppm;1;0
1/00001_00006.ppm;1;0
1/00001_00007.ppm;1;0
1/00001_00008.ppm;1;0
1/00001_00009.ppm;1;0
1/00001_00010.ppm;1;0
1/00001_00011.ppm;1;0
1/00001_00012.ppm;1;0
1/00001_00013.ppm;1;0
1/00001_00014.ppm;1;0
1/00001_00015.ppm;1;0
1/00001_00016.ppm;1;0
1/00001_00017.ppm;1;0
1/00001_00018.ppm;1;0
1/00001_00019.ppm;1;0
1/00001_00020.ppm;1;0
1/00001_00021.ppm;1;0
1/00001_00022.ppm;1;0
1/00001_00023.ppm;1;0
1/00001_00024.ppm;1;0
1/00001_00025.ppm;1;0
1/00001_00026.ppm;1;0
1/00001_00027.ppm;1;0
1/00001_00028.ppm;1;0
1/00001_00029.ppm;1;0
1/00002_00000.ppm;1;0
1/00002_00001.ppm;1;0
1/00002_00002.ppm;1;0
1/00002_00003.ppm;1;0
1/00002_00004.ppm;1;0
1/00002_00005.ppm;1;0
1/00002_00006.ppm;1;0
1/00002_00007.ppm;1;0
1/00002_00008.ppm;1;0
1/00002_00009.ppm;1;0
1/00002_00010.ppm;1;0
1/00002_00011.ppm;1;0
1/00002_00012.ppm;1;0
1/00002_00013.ppm;1;0
1/00002_00014.ppm;1;0
1/00002_00015.ppm;1;0
1/00002_00016.ppm;1;0
1/00002_00017.ppm;1;0
1/00002_00018.ppm;1;0
1/00002_00019.ppm;1;0
1/00002_00020.ppm;1;0
1/00002_00021.ppm;1;0
1/00002_00022.ppm;1;0
1/00002_00023.ppm;1;0
1/00002_00024.ppm;1;0
1/00002_00025.ppm;1;0
1/00002_00026.ppm;1;0
1/00002_00027.ppm;1;0
1/00002_00028.ppm;1;0
1/00002_00029.ppm;1;0
1/00003_00000.ppm;1;0
1/00003_00001.ppm;1;0
1/00003_00002.ppm;1;0
1/00003_00003.ppm;1;0
1/00003_00004.ppm;1;0
1/00003_00005.ppm;1;0
1/00003_00006.ppm;1;0
1/00003_00007.ppm;1;0
1/00003_00008.ppm;1;0
1/00003_00009.ppm;1;0
1/00003_00010.ppm;1;0
1/00003_00011.ppm;1;0
1/00003_00012.ppm;1;0
1/00003_00013.ppm;1;0
1/00003_00014.ppm;1;0
1/00003_00015.ppm;1;0
1/00003_00016.ppm;1;0
1/00003_00017.ppm;1;0
1/00003_00018.ppm;1;0
1/00003_00019.ppm;1;0
1/00003_00020.ppm;1;0
1/00003_00021.ppm;1;0
1/00003_00022.ppm;1;0
1/00003_00023.ppm;1;0
1/00003_00024.ppm;1;0
1/00003_00025.ppm;1;0
1/00003_00026.ppm;1;0
1/00003_00027.ppm;1;0
1/00003_00028.ppm;1;0
1/00003_00029.ppm;1;0
1/00004_00000.ppm;1;0
1/00004_00001.ppm;1;0
1/00004_00002.ppm;1;0
1/00004_00003.ppm;1;0
1/00004_00004.ppm;1;0
1/00004_00005.ppm;1;0
1/00004_00006.ppm;1;0
1/00004_00007.ppm;1;0
1/00004_00008.ppm;1;0
1/00004_00009.ppm;1;0
1/00004_00010.ppm;1;0
1/00004_00011.ppm;1;0
1/00004_00012.ppm;1;0
1/00004_00013.ppm;1;0
1/00004_00014.ppm;1;0
1/00004_00015.ppm;1;0
1/00004_00016.ppm;1;0
1/00004_00017.ppm;1;0
1/00004_00018.ppm;1;0
1/00004_00019.ppm;1;0
1/00004_00020.ppm;1;0
1/00004_00021.ppm;1;0
1/00004_00022.ppm;1;0
1/00004_00023.ppm;1;0
1/00004_00024.ppm;1;0
1/00004_00025.ppm;1;0
1/00004_00026.ppm;1;0
1/00004_00027.ppm;1;0
1/00004_00028.ppm;1;0
1/00004_00029.ppm;1;0
1/00005_00000.ppm;1;0
1/00005_00001.ppm;1;0
1/00005_00002.ppm;1;0
1/00005_00003.ppm;1;0
1/00005_00004.ppm;1;0
1/00005_00005.ppm;1;0
1/00005_00006.ppm;1;0
1/00005_00007.ppm;1;0
1/00005_00008.ppm;1;0
1/00005_00009.ppm;1;0
1/00005_00010.ppm;1;0
1/00005_00011.ppm;1;0
1/00005_00012.ppm;1;0
1/00005_00013.ppm;1;0
1/00005_00014.ppm;1;0
1/00005_00015.ppm;1;0
1/00005_00016.ppm;1;0
1/00005_00017.ppm;1;0
1/00005_00018.ppm;1;0
1/00005_00019.ppm;1;0
1/00005_00020.ppm;1;0
1/00005_00021.ppm;1;0
1/00005_00022.ppm;1;0
1/00005_00023.ppm;1;0
1/00005_00024.ppm;1;0
1/00005_00025.ppm;1;0
1/00005_00026.ppm;1;0
1/00005_00027.ppm;1;0
1/00005_00028.ppm;1;0
1/00005_00029.ppm;1;0
1/00006_00000.ppm;1;0
1/00006_00001.ppm;1;0
1/00006_00002.ppm;1;0
1/00006_00003.ppm;1;0
1/00006_00004.ppm;1;0
1/00006_00005.ppm;1;0
1/00006_00006.ppm;1;0
1/00006_00007.ppm;1;0
1/00006_00008.ppm;1;0
1/00006_00009.ppm;1;0
1/00006_00010.ppm;1;0
1/00006_00011.ppm;1;0
1/00006_00012.ppm;1;0
1/00006_00013.ppm;1;0
1/00006_00014.ppm;1;0
1/00006_00015.ppm;1;0
1/00006_00016.ppm;1;0
1/00006_00017.ppm;1;0
1/00006_00018.ppm;1;0
1/00006_00019.ppm;1;0
1/00006_00020.ppm;1;0
1/00006_00021.ppm;1;0
1/00006_00022.ppm;1;0
1/00006_00023.ppm;1;0
1/00006_00024.ppm;1;0
1/00006_00025.ppm;1;0
1/00006_00026.ppm;1;0
1/00006_00027.ppm;1;0
1/00006_00028.ppm;1;0
1/00006_00029.ppm;1;0
1/00007_00000.ppm;1;0
1/00007_00001.ppm;1;0
1/00007_00002.ppm;1;0
1/00007_00003.ppm;1;0
1/00007_00004.ppm;1;0
1/00007_00005.ppm;1;0
1/00007_00006.ppm;1;0
1/00007_00007.ppm;1;0
1/00007_00008.ppm;1;0
1/00007_00009.ppm;1;0
1/00007_00010.ppm;1;0
1/00007_00011.ppm;1;0
1/00007_00012.ppm;1;0
1/00007_00013.ppm;1;0
1/00007_00014.ppm;1;0
1/00007_00015.ppm;1;0
1/00007_00016.ppm;1;0
1/00007_00017.ppm;1;0
1/00007_00018.ppm;1;0
1/00007_00019.ppm;1;0
1/00007_00020.ppm;1;0
1/00007_00021.ppm;1;0
1/00007_00022.ppm;1;0
1/00007_00023.ppm;1;0
1/00007_00024.ppm;1;0
1/00007_00025.ppm;1;0
1/00007_00026.ppm;1;0
1/00007_00027.ppm;1;0
1/00007_00028.ppm;1;0
1/00007_00029.ppm;1;0
1/00008_00000.ppm;1;0
1/00008_00001.ppm;1;0
1/00008_00002.ppm;1;0
1/00008_00003.ppm;1;0
1/00008_00004.ppm;1;0
1/00008_00005.ppm;1;0
1/00008_00006.ppm;1;0
1/00008_00007.ppm;1;0
1/00008_00008.ppm;1;0
1/00008_00009.ppm;1;0
1/00008_00010.ppm;1;0
1/00008_00011.ppm;1;0
1/00008_00012.ppm;1;0
1/00008_00013.ppm;1;0
1/00008_00014.ppm;1;0
1/00008_00015.ppm;1;0
1/00008_00016.ppm;1;0
1/00008_00017.ppm;1;0
1/00008_00018.ppm;1;0
1/00008_00019.ppm;1;0
1/00008_00020.ppm;1;0
1/00008_00021.ppm;1;0
1/00008_00022.ppm;1;0
1/00008_00023.ppm;1;0
1/00008_00024.ppm;1;0
1/00008_00025.ppm;1;0
1/00008_00026.ppm;1;0
1/00008_00027.ppm;1;0
1/00008_00028.ppm;1;0
1/00008_00029.ppm;1;0
1/00009_00000.ppm;1;0
1/00009_00001.ppm;1;0
1/00009_00002.ppm;1;0
1/00009_00003.ppm;1;0
1/00009_00004.ppm;1;0
1/00009_00005.ppm;1;0
1/00009_00006.ppm;1;0
1/00009_00007.ppm;1;0
1/00009_00008.ppm;1;0
1/00009_00009.ppm;1;0
1/00009_00010.ppm;1;0
1/00009_00011.ppm;1;0
1/00009_00012.ppm;1;0
1/00009_00013.ppm;1;0
1/00009_00014.ppm;1;0
1/00009_00015.ppm;1;0
1/00009_00016.ppm;1;0
1/00009_00017.ppm;1;0
1/00009_00018.ppm;1;0
1/00009_00019.ppm;1;0
1/00009_00020.ppm;1;0
1/00009_00021.ppm;1;0
1/00009_00022.ppm;1;0
1/00009_00023.ppm;1;0
1/00009_00024.ppm;1;0
1/00009_00025.ppm;1;0
1/00009_00026.ppm;1;0
1/00009_00027.ppm;1;0
1/00009_00028.ppm;1;0
1/00009_00029.ppm;1;0
1/00010_00000.ppm;1;0
1/00010_00001.ppm;1;0
1/00010_00002.ppm;1;0
1/00010_00003.ppm;1;0
1/00010_00004.ppm;1;0
1/00010_00005.ppm;1;0
1/00010_00006.ppm;1;0
1/00010_00007.ppm;1;0
1/00010_00008.ppm;1;0
1/00010_00009.ppm;1;0
1/00010_00010.ppm;1;0
1/00010_00011.ppm;1;0
1/00010_00012.ppm;1;0
1/00010_00013.ppm;1;0
1/00010_00014.ppm;1;0
1/00010_00015.ppm;1;0
1/00010_00016.ppm;1;0
1/00010_00017.ppm;1;0
1/00010_00018.ppm;1;0
1/00010_00019.ppm;1;0
1/00010_00020.ppm;1;0
1/00010_00021.ppm;1;0
1/00010_00022.ppm;1;0
1/00010_00023.ppm;1;0
1/00010_00024.ppm;1;0
1/00010_00025.ppm;1;0
1/00010_00026.ppm;1;0
1/00010_00027.ppm;1;0
1/00010_00028.ppm;1;0
1/00010_00029.ppm;1;0
1/00011_00000.ppm;1;0
1/00011_00001.ppm;1;0
1/00011_00002.ppm;1;0
1/00011_00003.ppm;1;0
1/00011_00004.ppm;1;0
1/00011_00005.ppm;1;0
1/00011_00006.ppm;1;0
1/00011_00007.ppm;1;0
1/00011_00008.ppm;1;0
1/00011_00009.ppm;1;0
1/00011_00010.ppm;1;0
1/00011_00011.ppm;1;0
1/00011_00012.ppm;1;0
1/00011_00013.ppm;1;0
1/00011_00014.ppm;1;0
1/00011_00015.ppm;1;0
1/00011_00016.ppm;1;0
1/00011_00017.ppm;1;0
1/00011_00018.ppm;1;0
1/00011_00019.ppm;1;0
1/00011_00020.ppm;1;0
1/00011_00021.ppm;1;0
1/00011_00022.ppm;1;0
1/00011_00023.ppm;1;0
1/00011_00024.ppm;1;0
1/00011_00025.ppm;1;0
1/00011_00026.ppm;1;0
1/00011_00027.ppm;1;0
1/00011_00028.ppm;1;0
1/00011_00029.ppm;1;0
1/00012_00000.ppm;1;0
1/00012_00001.ppm;1;0
1/00012_00002.ppm;1;0
1/00012_00003.ppm;1;0
1/00012_00004.ppm;1;0
1/00012_00005.ppm;1;0
1/00012_00006.ppm;1;0
1/00012_00007.ppm;1;0
1/00012_00008.ppm;1;0
1/00012_00009.ppm;1;0
1/00012_00010.ppm;1;0
1/00012_00011.ppm;1;0
1/00012_00012.ppm;1;0
1/00012_00013.ppm;1;0
1/00012_00014.ppm;1;0
1/00012_00015.ppm;1;0
1/00012_00016.ppm;1;0
1/00012_00017.ppm;1;0
1/00012_00018.ppm;1;0
1/00012_00019.ppm;1;0
1/00012_00020.ppm;1;0
1/00012_00021.ppm;1;0
1/00012_00022.ppm;1;0
1/00012_00023.ppm;1;0
1/00012_00024.ppm;1;0
1/00012_00025.ppm;1;0
1/00012_00026.ppm;1;0
1/00012_00027.ppm;1;0
1/00012_00028.ppm;1;0
1/00012_00029.ppm;1;0
1/00013_00000.ppm;1;0
1/00013_00001.ppm;1;0
1/00013_00002.ppm;1;0
1/00013_00003.ppm;1;0
1/00013_00004.ppm;1;0
1/00013_00005.ppm;1;0
1/00013_00006.ppm;1;0
1/00013_00007.ppm;1;0
1/00013_00008.ppm;1;0
1/00013_00009.ppm;1;0
1/00013_00010.ppm;1;0
1/00013_00011.ppm;1;0
1/00013_00012.ppm;1;0
1/00013_00013.ppm;1;0
1/00013_00014.ppm;1;0
1/00013_00015.ppm;1;0
1/00013_00016.ppm;1;0
1/00013_00017.ppm;1;0
1/00013_00018.ppm;1;0
1/00013_00019.ppm;1;0
1/00013_00020.ppm;1;0
1/00013_00021.ppm;1;0
1/00013_00022.ppm;1;0
1/00013_00023.ppm;1;0
1/00013_00024.ppm;1;0
1/00013_00025.ppm;1;0
1/00013_00026.ppm;1;0
1/00013_00027.ppm;1;0
1/00013_00028.ppm;1;0
1/00013_00029.ppm;1;0
1/00014_00000.ppm;1;0
1/00014_00001.ppm;1;0
1/00014_00002.ppm;1;0
1/00014_00003.ppm;1;0
1/00014_00004.ppm;1;0
1/00014_00005.ppm;1;0
1/00014_00006.ppm;1;0
1/00014_00007.ppm;1;0
1/00014_00008.ppm;1;0
1/00014_00009.ppm;1;0
1/00014_00010.ppm;1;0
1/00014_00011.ppm;1;0
1/00014_00012.ppm;1;0
1/00014_00013.ppm;1;0
1/00014_00014.ppm;1;0
1/00014_00015.ppm;1;0
1/00014_00016.ppm;1;0
1/00014_00017.ppm;1;0
1/00014_00018.ppm;1;0
1/00014_00019.ppm;1;0
1/00014_00020.ppm;1;0
1/00014_00021.ppm;1;0
1/00014_00022.ppm;1;0
1/00014_00023.ppm;1;0
1/00014_00024.ppm;1;0
1/00014_00025.ppm;1;0
1/00014_00026.ppm;1;0
1/00014_00027.ppm;1;0
1/00014_00028.ppm;1;0
1/00014_00029.ppm;1;0
1/00015_00000.ppm;1;0
1/00015_00001.ppm;1;0
1/00015_00002.ppm;1;0
1/00015_00003.ppm;1;0
1/00015_00004.ppm;1;0
1/00015_00005.ppm;1;0
1/00015_00006.ppm;1;0
1/00015_00007.ppm;1;0
1/00015_00008.ppm;1;0
1/00015_00009.ppm;1;0
1/00015_00010.ppm;1;0
1/00015_00011.ppm;1;0
1/00015_00012.ppm;1;0
1/00015_00013.ppm;1;0
1/00015_00014.ppm;1;0
1/00015_00015.ppm;1;0
1/00015_00016.ppm;1;0
1/00015_00017.ppm;1;0
1/00015_00018.ppm;1;0
1/00015_00019.ppm;1;0
1/00015_00020.ppm;1;0
1/00015_00021.ppm;1;0
1/00015_00022.ppm;1;0
1/00015_00023.ppm;1;0
1/00015_00024.ppm;1;0
1/00015_00025.ppm;1;0
1/00015_00026.ppm;1;0
1/00015_00027.ppm;1;0
1/00015_00028.ppm;1;0
1/00015_00029.ppm;1;0
1/00016_00000.ppm;1;0
1/00016_00001.ppm;1;0
1/00016_00002.ppm;1;0
1/00016_00003.ppm;1;0
1/00016_00004.ppm;1;0
1/00016_00005.ppm;1;0
1/00016_00006.ppm;1;0
1/00016_00007.ppm;1;0
1/00016_00008.ppm;1;0
1/00016_00009.ppm;1;0
1/00016_00010.ppm;1;0
1/00016_00011.ppm;1;0
1/00016_00012.ppm;1;0
1/00016_00013.ppm;1;0
1/00016_00014.ppm;1;0
1/00016_00015.ppm;1;0
1/00016_00016.ppm;1;0
1/00016_00017.ppm;1;0
1/00016_00018.ppm;1;0
1/00016_00019.ppm;1;0
1/00016_00020.ppm;1;0
1/00016_00021.ppm;1;0
1/00016_00022.ppm;1;0
1/00016_00023.ppm;1;0
1/00016_00024.ppm;1;0
1/00016_00025.ppm;1;0
1/00016_00026.ppm;1;0
1/00016_00027.ppm;1;0
1/00016_00028.ppm;1;0
1/00016_00029.ppm;1;0
1/00017_00000.ppm;1;0
1/00017_00001.ppm;1;0
1/00017_00002.ppm;1;0
1/00017_00003.ppm;1;0
1/00017_00004.ppm;1;0
1/00017_00005.ppm;1;0
1/00017_00006.ppm;1;0
1/00017_00007.ppm;1;0
1/00017_00008.ppm;1;0
1/00017_00009.ppm;1;0
1/00017_00010.ppm;1;0
1/00017_00011.ppm;1;0
1/00017_00012.ppm;1;0
1/00017_00013.ppm;1;0
1/00017_00014.ppm;1;0
1/00017_00015.ppm;1;0
1/00017_00016.ppm;1;0
1/00017_00017.ppm;1;0
1/00017_00018.ppm;1;0
1/00017_00019.ppm;1;0
1/00017_00020.ppm;1;0
1/00017_00021.ppm;1;0
1/00017_00022.ppm;1;0
1/00017_00023.ppm;1;0
1/00017_00024.ppm;1;0
1/00017_00025.ppm;1;0
1/00017_00026.ppm;1;0
1/00017_00027.ppm;1;0
1/00017_00028.ppm;1;0
1/00017_00029.ppm;1;0
1/00018_00000.ppm;1;0
1/00018_00001.ppm;1;0
1/00018_00002.ppm;1;0
1/00018_00003.ppm;1;0
1/00018_00004.ppm;1;0
1/00018_00005.ppm;1;0
1/00018_00006.ppm;1;0
1/00018_00007.ppm;1;0
1/00018_00008.ppm;1;0
1/00018_00009.ppm;1;0
1/00018_00010.ppm;1;0
1/00018_00011.ppm;1;0
1/00018_00012.ppm;1;0
1/00018_00013.ppm;1;0
1/00018_00014.ppm;1;0
1/00018_00015.ppm;1;0
1/00018_00016.ppm;1;0
1/00018_00017.ppm;1;0
1/00018_00018.ppm;1;0
1/00018_00019.ppm;1;0
1/00018_00020.ppm;1;0
1/00018_00021.ppm;1;0
1/00018_00022.ppm;1;0
1/00018_00023.ppm;1;0
1/00018_00024.ppm;1;0
1/00018_00025.ppm;1;0
1/00018_00026.ppm;1;0
1/00018_00027.ppm;1;0
1/00018_00028.ppm;1;0
1/00018_00029.ppm;1;0
1/00019_00000.ppm;1;0
1/00019_00001.ppm;1;0
1/00019_00002.ppm;1;0
1/00019_00003.ppm;1;0
1/00019_00004.ppm;1;0
1/00019_00005.ppm;1;0
1/00019_00006.ppm;1;0
1/00019_00007.ppm;1;0
1/00019_00008.ppm;1;0
1/00019_00009.ppm;1;0
1/00019_00010.ppm;1;0
1/00019_00011.ppm;1;0
1/00019_00012.ppm;1;0
1/00019_00013.ppm;1;0
1/00019_00014.ppm;1;0
1/00019_00015.ppm;1;0
1/00019_00016.ppm;1;0
1/00019_00017.ppm;1;0
1/00019_00018.ppm;1;0
1/00019_00019.ppm;1;0
1/00019_00020.ppm;1;0
1/00019_00021.ppm;1;0
1/00019_00022.ppm;1;0
1/00019_00023.ppm;1;0
1/00019_00024.ppm;1;0
1/00019_00025.ppm;1;0
1/00019_00026.ppm;1;0
1/00019_00027.ppm;1;0
1/00019_00028.ppm;1;0
1/00019_00029.ppm;1;0
1/00020_00000.ppm;1;0
1/00020_00001.ppm;1;0
1/00020_00002.ppm;1;0
1/00020_00003.ppm;1;0
1/00020_00004.ppm;1;0
1/00020_00005.ppm;1;0
1/00020_00006.ppm;1;0
1/00020_00007.ppm;1;0
1/00020_00008.ppm;1;0
1/00020_00009.ppm;1;0
1/00020_00010.ppm;1;0
1/00020_00011.ppm;1;0
1/00020_00012.ppm;1;0
1/00020_00013.ppm;1;0
1/00020_00014.ppm;1;0
1/00020_00015.ppm;1;0
1/00020_00016.ppm;1;0
1/00020_00017.ppm;1;0
1/00020_00018.ppm;1;0
1/00020_00019.ppm;1;0
1/00020_00020.ppm;1;0
1/00020_00021.ppm;1;0
1/00020_00022.ppm;1;0
1/00020_00023.ppm;1;0
1/00020_00024.ppm;1;0
1/00020_00025.ppm;1;0
1/00020_00026.ppm;1;0
1/00020_00027.ppm;1;0
1/00020_00028.ppm;1;0
1/00020_00029.ppm;1;0
1/00021_00000.ppm;1;0
1/00021_00001.ppm;1;0
1/00021_00002.ppm;1;0
1/00021_00003.ppm;1;0
1/00021_00004.ppm;1;0
1/00021_00005.ppm;1;0
1/00021_00006.ppm;1;0
1/00021_00007.ppm;1;0
1/00021_00008.ppm;1;0
1/00021_00009.ppm;1;0
1/00021_00010.ppm;1;0
1/00021_00011.ppm;1;0
1/00021_00012.ppm;1;0
1/00021_00013.ppm;1;0
1/00021_00014.ppm;1;0
1/00021_00015.ppm;1;0
1/00021_00016.ppm;1;0
1/00021_00017.ppm;1;0
1/00021_00018.ppm;1;0
1/00021_00019.ppm;1;0
1/00021_00020.ppm;1;0
1/00021_00021.ppm;1;0
1/00021_00022.ppm;1;0
1/00021_00023.ppm;1;0
1/00021_00024.ppm;1;0
1/00021_00025.ppm;1;0
1/00021_00026.ppm;1;0
1/00021_00027.ppm;1;0
1/00021_00028.ppm;1;0
1/00021_00029.ppm;1;0
1/00022_00000.ppm;1;0
1/00022_00001.ppm;1;0
1/00022_00002.ppm;1;0
1/00022_00003.ppm;1;0
1/00022_00004.ppm;1;0
1/00022_00005.ppm;1;0
1/00022_00006.ppm;1;0
1/00022_00007.ppm;1;0
1/00022_00008.ppm;1;0
1/00022_00009.ppm;1;0
1/00022_00010.ppm;1;0
1/00022_00011.ppm;1;0
1/00022_00012.ppm;1;0
1/00022_00013.ppm;1;0
1/00022_00014.ppm;1;0
1/00022_00015.ppm;1;0
1/00022_00016.ppm;1;0
1/00022_00017.ppm;1;0
1/00022_00018.ppm;1;0
1/00022_00019.ppm;1;0
1/00022_00020.ppm;1;0
1/00022_00021.ppm;1;0
1/00022_00022.ppm;1;0
1/00022_00023.ppm;1;0
1/00022_00024.ppm;1;0
1/00022_00025.ppm;1;0
1/00022_00026.ppm;1;0
1/00022_00027.ppm;1;0
1/00022_00028.ppm;1;0
1/00022_00029.ppm;1;0
1/00023_00000.ppm;1;0
1/00023_00001.ppm;1;0
1/00023_00002.ppm;1;0
1/00023_00003.ppm;1;0
1/00023_00004.ppm;1;0
1/00023_00005.ppm;1;0
1/00023_00006.ppm;1;0
1/00023_00007.ppm;1;0
1/00023_00008.ppm;1;0
1/00023_00009.ppm;1;0
1/00023_00010.ppm;1;0
1/00023_00011.ppm;1;0
1/00023_00012.ppm;1;0
1/00023_00013.ppm;1;0
1/00023_00014.ppm;1;0
1/00023_00015.ppm;1;0
1/00023_00016.ppm;1;0
1/00023_00017.ppm;1;0
1/00023_00018.ppm;1;0
1/00023_00019.ppm;1;0
1/00023_00020.ppm;1;0
1/00023_00021.ppm;1;0
1/00023_00022.ppm;1;0
1/00023_00023.ppm;1;0
1/00023_00024.ppm;1;0
1/00023_00025.ppm;1;0
1/00023_00026.ppm;1;0
1/00023_00027.ppm;1;0
1/00023_00028.ppm;1;0
1/00023_00029.ppm;1;0
1/00024_00000.ppm;1;0
1/00024_00001.ppm;1;0
1/00024_00002.ppm;1;0
1/00024_00003.ppm;1;0
1/00024_00004.ppm;1;0
1/00024_00005.ppm;1;0
1/00024_00006.ppm;1;0
1/00024_00007.ppm;1;0
1/00024_00008.ppm;1;0
1/00024_00009.ppm;1;0
1/00024_00010.ppm;1;0
1/00024_00011.ppm;1;0
1/00024_00012.ppm;1;0
1/00024_00013.ppm;1;0
1/00024_00014.ppm;1;0
1/00024_00015.ppm;1;0
1/00024_00016.ppm;1;0
1/00024_00017.ppm;1;0
1/00024_00018.ppm;1;0
1/00024_00019.ppm;1;0
1/00024_00020.ppm;1;0
1/00024_00021.ppm;1;0
1/00024_00022.ppm;1;0
1/00024_00023.ppm;1;0
1/00024_00024.ppm;1;0
1/00024_00025.ppm;1;0
1/00024_00026.ppm;1;0
1/00024_00027.ppm;1;0
1/00024_00028.ppm;1;0
1/00024_00029.ppm;1;0
1/00025_00000.ppm;1;0
1/00025_00001.ppm;1;0
1/00025_00002.ppm;1;0
1/00025_00003.ppm;1;0
1/00025_00004.ppm;1;0
1/00025_00005.ppm;1;0
1/00025_00006.ppm;1;0
1/00025_00007.ppm;1;0
1/00025_00008.ppm;1;0
1/00025_00009.ppm;1;0
1/00025_00010.ppm;1;0
1/00025_00011.ppm;1;0
1/00025_00012.ppm;1;0
1/00025_00013.ppm;1;0
1/00025_00014.ppm;1;0
1/00025_00015.ppm;1;0
1/00025_00016.ppm;1;0
1/00025_00017.ppm;1;0
1/00025_00018.ppm;1;0
1/00025_00019.ppm;1;0
1/00025_00020.ppm;1;0
1/00025_00021.ppm;1;0
1/00025_00022.ppm;1;0
1/00025_00023.ppm;1;0
1/00025_00024.ppm;1;0
1/00025_00025.ppm;1;0
1/00025_00026.ppm;1;0
1/00025_00027.ppm;1;0
1/00025_00028.ppm;1;0
1/00025_00029.ppm;1;0
1/00026_00000.ppm;1;0
1/00026_00001.ppm;1;0
1/00026_00002.ppm;1;0
1/00026_00003.ppm;1;0
1/00026_00004.ppm;1;0
1/00026_00005.ppm;1;0
1/00026_00006.ppm;1;0
1/00026_00007.ppm;1;0
1/00026_00008.ppm;1;0
1/00026_00009.ppm;1;0
1/00026_00010.ppm;1;0
1/00026_00011.ppm;1;0
1/00026_00012.ppm;1;0
1/00026_00013.ppm;1;0
1/00026_00014.ppm;1;0
1/00026_00015.ppm;1;0
1/00026_00016.ppm;1;0
1/00026_00017.ppm;1;0
1/00026_00018.ppm;1;0
1/00026_00019.ppm;1;0
1/00026_00020.ppm;1;0
1/00026_00021.ppm;1;0
1/00026_00022.ppm;1;0
1/00026_00023.ppm;1;0
1/00026_00024.ppm;1;0
1/00026_00025.ppm;1;0
1/00026_00026.ppm;1;0
1/00026_00027.ppm;1;0
1/00026_00028.ppm;1;0
1/00026_00029.ppm;1;0
1/00027_00000.ppm;1;0
1/00027_00001.ppm;1;0
1/00027_00002.ppm;1;0
1/00027_00003.ppm;1;0
1/00027_00004.ppm;1;0
1/00027_00005.ppm;1;0
1/00027_00006.ppm;1;0
1/00027_00007.ppm;1;0
1/00027_00008.ppm;1;0
1/00027_00009.ppm;1;0
1/00027_00010.ppm;1;0
1/00027_00011.ppm;1;0
1/00027_00012.ppm;1;0
1/00027_00013.ppm;1;0
1/00027_00014.ppm;1;0
1/00027_00015.ppm;1;0
1/00027_00016.ppm;1;0
1/00027_00017.ppm;1;0
1/00027_00018.ppm;1;0
1/00027_00019.ppm;1;0
1/00027_00020.ppm;1;0
1/00027_00021.ppm;1;0
1/00027_00022.ppm;1;0
1/00027_00023.ppm;1;0
1/00027_00024.ppm;1;0
1/00027_00025.ppm;1;0
1/00027_00026.ppm;1;0
1/00027_00027.ppm;1;0
1/00027_00028.ppm;1;0
1/00027_00029.ppm;1;0
1/00028_00000.ppm;1;0
1/00028_00001.ppm;1;0
1/00028_00002.ppm;1;0
1/00028_00003.ppm;1;0
1/00028_00004.ppm;1;0
1/00028_00005.ppm;1;0
1/00028_00006.ppm;1;0
1/00028_00007.ppm;1;0
1/00028_00008.ppm;1;0
1/00028_00009.ppm;1;0
1/00028_00010.ppm;1;0
1/00028_00011.ppm;1;0
1/00028_00012.ppm;1;0
1/00028_00013.ppm;1;0
1/00028_00014.ppm;1;0
1/00028_00015.ppm;1;0
1/00028_00016.ppm;1;0
1/00028_00017.ppm;1;0
1/00028_00018.ppm;1;0
1/00028_00019.ppm;1;0
1/00028_00020.ppm;1;0
1/00028_00021.ppm;1;0
1/00028_00022.ppm;1;0
1/00028_00023.ppm;1;0
1/00028_00024.ppm;1;0
1/00028_00025.ppm;1;0
1/00028_00026.ppm;1;0
1/00028_00027.ppm;1;0
1/00028_00028.ppm;1;0
1/00028_00029.ppm;1;0
1/00029_00000.ppm;1;0
1/00029_00001.ppm;1;0
1/00029_00002.ppm;1;0
1/00029_00003.ppm;1;0
1/00029_00004.ppm;1;0
1/00029_00005.ppm;1;0
1/00029_00006.ppm;1;0
1/00029_00007.ppm;1;0
1/00029_00008.ppm;1;0
1/00029_00009.ppm;1;0
1/00029_00010.ppm;1;0
1/00029_00011.ppm;1;0
1/00029_00012.ppm;1;0
1/00029_00013.ppm;1;0
1/00029_00014.ppm;1;0
1/00029_00015.ppm;1;0
1/00029_00016.ppm;1;0
1/00029_00017.ppm;1;0
1/00029_00018.ppm;1;0
1/00029_00019.ppm;1;0
1/00029_00020.ppm;1;0
1/00029_00021.ppm;1;0
1/00029_00022.ppm;1;0
1/00029_00023.ppm;1;0
1/00029_00024.ppm;1;0
1/00029_00025.ppm;1;0
1/00029_00026.ppm;1;0
1/00029_00027.ppm;1;0
1/00029_00028.ppm;1;0
1/00029_00029.ppm;1;0
1/00030_00000.ppm;1;0
1/00030_00001.ppm;1;0
1/00030_00002.ppm;1;0
1/00030_00003.ppm;1;0
1/00030_00004.ppm;1;0
1/00030_00005.ppm;1;0
1/00030_00006.ppm;1;0
1/00030_00007.ppm;1;0
1/00030_00008.ppm;1;0
1/00030_00009.ppm;1;0
1/00030_00010.ppm;1;0
1/00030_00011.ppm;1;0
1/00030_00012.ppm;1;0
1/00030_00013.ppm;1;0
1/00030_00014.ppm;1;0
1/00030_00015.ppm;1;0
1/00030_00016.ppm;1;0
1/00030_00017.ppm;1;0
1/00030_00018.ppm;1;0
1/00030_00019.ppm;1;0
1/00030_00020.ppm;1;0
1/00030_00021.ppm;1;0
1/00030_00022.ppm;1;0
1/00030_00023.ppm;1;0
1/00030_00024.ppm;1;0
1/00030_00025.ppm;1;0
1/00030_00026.ppm;1;0
1/00030_00027.ppm;1;0
1/00030_00028.ppm;1;0
1/00030_00029.ppm;1;0
1/00031_00000.ppm;1;0
1/00031_00001.ppm;1;0
1/00031_00002.ppm;1;0
1/00031_00003.ppm;1;0
1/00031_00004.ppm;1;0
1/00031_00005.ppm;1;0
1/00031_00006.ppm;1;0
1/00031_00007.ppm;1;0
1/00031_00008.ppm;1;0
1/00031_00009.ppm;1;0
1/00031_00010.ppm;1;0
1/00031_00011.ppm;1;0
1/00031_00012.ppm;1;0
1/00031_00013.ppm;1;0
1/00031_00014.ppm;1;0
1/00031_00015.ppm;1;0
1/00031_00016.ppm;1;0
1/00031_00017.ppm;1;0
1/00031_00018.ppm;1;0
1/00031_00019.ppm;1;0
1/00031_00020.ppm;1;0
1/00031_00021.ppm;1;0
1/00031_00022.ppm;1;0
1/00031_00023.ppm;1;0
1/00031_00024.ppm;1;0
1/00031_00025.ppm;1;0
1/00031_00026.ppm;1;0
1/00031_00027.ppm;1;0
1/00031_00028.ppm;1;0
1/00031_00029.ppm;1;0
1/00032_00000.ppm;1;0
1/00032_00001.ppm;1;0
1/00032_00002.ppm;1;0
1/00032_00003.ppm;1;0
1/00032_00004.ppm;1;0
1/00032_00005.ppm;1;0
1/00032_00006.ppm;1;0
1/00032_00007.ppm;1;0
1/00032_00008.ppm;1;0
1/00032_00009.ppm;1;0
1/00032_00010.ppm;1;0
1/00032_00011.ppm;1;0
1/00032_00012.ppm;1;0
1/00032_00013.ppm;1;0
1/00032_00014.ppm;1;0
1/00032_00015.ppm;1;0
1/00032_00016.ppm;1;0
1/00032_00017.ppm;1;0
1/00032_00018.ppm;1;0
1/00032_00019.ppm;1;0
1/00032_00020.ppm;1;0
1/00032_00021.ppm;1;0
1/00032_00022.ppm;1;0
1/00032_00023.ppm;1;0
1/00032_00024.ppm;1;0
1/00032_00025.ppm;1;0
1/00032_00026.ppm;1;0
1/00032_00027.ppm;1;0
1/00032_00028.ppm;1;0
1/00032_00029.ppm;1;0
1/00033_00000.ppm;1;0
1/00033_00001.ppm;1;0
1/00033_00002.ppm;1;0
1/00033_00003.ppm;1;0
1/00033_00004.ppm;1;0
1/00033_00005.ppm;1;0
1/00033_00006.ppm;1;0
1/00033_00007.ppm;1;0
1/00033_00008.ppm;1;0
1/00033_00009.ppm;1;0
1/00033_00010.ppm;1;0
1/00033_00011.ppm;1;0
1/00033_00012.ppm;1;0
1/00033_00013.ppm;1;0
1/00033_00014.ppm;1;0
1/00033_00015.ppm;1;0
1/00033_00016.ppm;1;0
1/00033_00017.ppm;1;0
1/00033_00018.ppm;1;0
1/00033_00019.ppm;1;0
1/00033_00020.ppm;1;0
1/00033_00021.ppm;1;0
1/00033_00022.ppm;1;0
1/00033_00023.ppm;1;0
1/00033_00024.ppm;1;0
1/00033_00025.ppm;1;0
1/00033_00026.ppm;1;0
1/00033_00027.ppm;1;0
1/00033_00028.ppm;1;0
1/00033_00029.ppm;1;0
1/00034_00000.ppm;1;0
1/00034_00001.ppm;1;0
1/00034_00002.ppm;1;0
1/00034_00003.ppm;1;0
1/00034_00004.ppm;1;0
1/00034_00005.ppm;1;0
1/00034_00006.ppm;1;0
1/00034_00007.ppm;1;0
1/00034_00008.ppm;1;0
1/00034_00009.ppm;1;0
1/00034_00010.ppm;1;0
1/00034_00011.ppm;1;0
1/00034_00012.ppm;1;0
1/00034_00013.ppm;1;0
1/00034_00014.ppm;1;0
1/00034_00015.ppm;1;0
1/00034_00016.ppm;1;0
1/00034_00017.ppm;1;0
1/00034_00018.ppm;1;0
1/00034_00019.ppm;1;0
1/00034_00020.ppm;1;0
1/00034_00021.ppm;1;0
1/00034_00022.ppm;1;0
1/00034_00023.ppm;1;0
1/00034_00024.ppm;1;0
1/00034_00025.ppm;1;0
1/00034_00026.ppm;1;0
1/00034_00027.ppm;1;0
1/00034_00028.ppm;1;0
1/00034_00029.ppm;1;0
1/00035_00000.ppm;1;0
1/00035_00001.ppm;1;0
1/00035_00002.ppm;1;0
1/00035_00003.ppm;1;0
1/00035_00004.ppm;1;0
1/00035_00005.ppm;1;0
1/00035_00006.ppm;1;0
1/00035_00007.ppm;1;0
1/00035_00008.ppm;1;0
1/00035_00009.ppm;1;0
1/00035_00010.ppm;1;0
1/00035_00011.ppm;1;0
1/00035_00012.ppm;1;0
1/00035_00013.ppm;1;0
1/00035_00014.ppm;1;0
1/00035_00015.ppm;1;0
1/00035_00016.ppm;1;0
1/00035_00017.ppm;1;0
1/00035_00018.ppm;1;0
1/00035_00019.ppm;1;0
1/00035_00020.ppm;1;0
1/00035_00021.ppm;1;0
1/00035_00022.ppm;1;0
1/00035_00023.ppm;1;0
1/00035_00024.ppm;1;0
1/00035_00025.ppm;1;0
1/00035_00026.ppm;1;0
1/00035_00027.ppm;1;0
1/00035_00028.ppm;1;0
1/00035_00029.ppm;1;0
1/00036_00000.ppm;1;0
1/00036_00001.ppm;1;0
1/00036_00002.ppm;1;0
1/00036_00003.ppm;1;0
1/00036_00004.ppm;1;0
1/00036_00005.ppm;1;0
1/00036_00006.ppm;1;0
1/00036_00007.ppm;1;0
1/00036_00008.ppm;1;0
1/00036_00009.ppm;1;0
1/00036_00010.ppm;1;0
1/00036_00011.ppm;1;0
1/00036_00012.ppm;1;0
1/00036_00013.ppm;1;0
1/00036_00014.ppm;1;0
1/00036_00015.ppm;1;0
1/00036_00016.ppm;1;0
1/00036_00017.ppm;1;0
1/00036_00018.ppm;1;0
1/00036_00019.ppm;1;0
1/00036_00020.ppm;1;0
1/00036_00021.ppm;1;0
1/00036_00022.ppm;1;0
1/00036_00023.ppm;1;0
1/00036_00024.ppm;1;0
1/00036_00025.ppm;1;0
1/00036_00026.ppm;1;0
1/00036_00027.ppm;1;0
1/00036_00028.ppm;1;0
1/00036_00029.ppm;1;0
1/00037_00000.ppm;1;0
1/00037_00001.ppm;1;0
1/00037_00002.ppm;1;0
1/00037_00003.ppm;1;0
1/00037_00004.ppm;1;0
1/00037_00005.ppm;1;0
1/00037_00006.ppm;1;0
1/00037_00007.ppm;1;0
1/00037_00008.ppm;1;0
1/00037_00009.ppm;1;0
1/00037_00010.ppm;1;0
1/00037_00011.ppm;1;0
1/00037_00012.ppm;1;0
1/00037_00013.ppm;1;0
1/00037_00014.ppm;1;0
1/00037_00015.ppm;1;0
1/00037_00016.ppm;1;0
1/00037_00017.ppm;1;0
1/00037_00018.ppm;1;0
1/00037_00019.ppm;1;0
1/00037_00020.ppm;1;0
1/00037_00021.ppm;1;0
1/00037_00022.ppm;1;0
1/00037_00023.ppm;1;0
1/00037_00024.ppm;1;0
1/00037_00025.ppm;1;0
1/00037_00026.ppm;1;0
1/00037_00027.ppm;1;0
1/00037_00028.ppm;1;0
1/00037_00029.ppm;1;0
1/00038_00000.ppm;1;0
1/00038_00001.ppm;1;0
1/00038_00002.ppm;1;0
1/00038_00003.ppm;1;0
1/00038_00004.ppm;1;0
1/00038_00005.ppm;1;0
1/00038_00006.ppm;1;0
1/00038_00007.ppm;1;0
1/00038_00008.ppm;1;0
1/00038_00009.ppm;1;0
1/00038_00010.ppm;1;0
1/00038_00011.ppm;1;0
1/00038_00012.ppm;1;0
1/00038_00013.ppm;1;0
1/00038_00014.ppm;1;0
1/00038_00015.ppm;1;0
1/00038_00016.ppm;1;0
1/00038_00017.ppm;1;0
1/00038_00018.ppm;1;0
1/00038_00019.ppm;1;0
1/00038_00020.ppm;1;0
1/00038_00021.ppm;1;0
1/00038_00022.ppm;1;0
1/00038_00023.ppm;1;0
1/00038_00024.ppm;1;0
1/00038_00025.ppm;1;0
1/00038_00026.ppm;1;0
1/00038_00027.ppm;1;0
1/00038_00028.ppm;1;0
1/00038_00029.ppm;1;0
1/00039_00000.ppm;1;0
1/00039_00001.ppm;1;0
1/00039_00002.ppm;1;0
1/00039_00003.ppm;1;0
1/00039_00004.ppm;1;0
1/00039_00005.ppm;1;0
1/00039_00006.ppm;1;0
1/00039_00007.ppm;1;0
1/00039_00008.ppm;1;0
1/00039_00009.ppm;1;0
1/00039_00010.ppm;1;0
1/00039_00011.ppm;1;0
1/00039_00012.ppm;1;0
1/00039_00013.ppm;1;0
1/00039_00014.ppm;1;0
1/00039_00015.ppm;1;0
1/00039_00016.ppm;1;0
1/00039_00017.ppm;1;0
1/00039_00018.ppm;1;0
1/00039_00019.ppm;1;0
1/00039_00020.ppm;1;0
1/00039_00021.ppm;1;0
1/00039_00022.ppm;1;0
1/00039_00023.ppm;1;0
1/00039_00024.ppm;1;0
1/00039_00025.ppm;1;0
1/00039_00026.ppm;1;0
1/00039_00027.ppm;1;0
1/00039_00028.ppm;1;0
1/00039_00029.ppm;1;0
1/00040_00000.ppm;1;0
1/00040_00001.ppm;1;0
1/00040_00002.ppm;1;0
1/00040_00003.ppm;1;0
1/00040_00004.ppm;1;0
1/00040_00005.ppm;1;0
1/00040_00006.ppm;1;0
1/00040_00007.ppm;1;0
1/00040_00008.ppm;1;0
1/00040_00009.ppm;1;0
1/00040_00010.ppm;1;0
1/00040_00011.ppm;1;0
1/00040_00012.ppm;1;0
1/00040_00013.ppm;1;0
1/00040_00014.ppm;1;0
1/00040_00015.ppm;1;0
1/00040_00016.ppm;1;0
1/00040_00017.ppm;1;0
1/00040_00018.ppm;1;0
1/00040_00019.ppm;1;0
1/00040_00020.ppm;1;0
1/00040_00021.ppm;1;0
1/00040_00022.ppm;1;0
1/00040_00023.ppm;1;0
1/00040_00024.ppm;1;0
1/00040_00025.ppm;1;0
1/00040_00026.ppm;1;0
1/00040_00027.ppm;1;0
1/00040_00028.ppm;1;0
1/00040_00029.ppm;1;0
1/00041_00000.ppm;1;0
1/00041_00001.ppm;1;0
1/00041_00002.ppm;1;0
1/00041_00003.ppm;1;0
1/00041_00004.ppm;1;0
1/00041_00005.ppm;1;0
1/00041_00006.ppm;1;0
1/00041_00007.ppm;1;0
1/00041_00008.ppm;1;0
1/00041_00009.ppm;1;0
1/00041_00010.ppm;1;0
1/00041_00011.ppm;1;0
1/00041_00012.ppm;1;0
1/00041_00013.ppm;1;0
1/00041_00014.ppm;1;0
1/00041_00015.ppm;1;0
1/00041_00016.ppm;1;0
1/00041_00017.ppm;1;0
1/00041_00018.ppm;1;0
1/00041_00019.ppm;1;0
1/00041_00020.ppm;1;0
1/00041_00021.ppm;1;0
1/00041_00022.ppm;1;0
1/00041_00023.ppm;1;0
1/00041_00024.ppm;1;0
1/00041_00025.ppm;1;0
1/00041_00026.ppm;1;0
1/00041_00027.ppm;1;0
1/00041_00028.ppm;1;0
1/00041_00029.ppm;1;0
1/00042_00000.ppm;1;0
1/00042_00001.ppm;1;0
1/00042_00002.ppm;1;0
1/00042_00003.ppm;1;0
1/00042_00004.ppm;1;0
1/00042_00005.ppm;1;0
1/00042_00006.ppm;1;0
1/00042_00007.ppm;1;0
1/00042_00008.ppm;1;0
1/00042_00009.ppm;1;0
1/00042_00010.ppm;1;0
1/00042_00011.ppm;1;0
1/00042_00012.ppm;1;0
1/00042_00013.ppm;1;0
1/00042_00014.ppm;1;0
1/00042_00015.ppm;1;0
1/00042_00016.ppm;1;0
1/00042_00017.ppm;1;0
1/00042_00018.ppm;1;0
1/00042_00019.ppm;1;0
1/00042_00020.ppm;1;0
1/00042_00021.ppm;1;0
1/00042_00022.ppm;1;0
1/00042_00023.ppm;1;0
1/00042_00024.ppm;1;0
1/00042_00025.ppm;1;0
1/00042_00026.ppm;1;0
1/00042_00027.ppm;1;0
1/00042_00028.ppm;1;0
1/00042_00029.ppm;1;0
1/00043_00000.ppm;1;0
1/00043_00001.ppm;1;0
1/00043_00002.ppm;1;0
1/00043_00003.ppm;1;0
1/00043_00004.ppm;1;0
1/00043_00005.ppm;1;0
1/00043_00006.ppm;1;0
1/00043_00007.ppm;1;0
1/00043_00008.ppm;1;0
1/00043_00009.ppm;1;0
1/00043_00010.ppm;1;0
1/00043_00011.ppm;1;0
1/00043_00012.ppm;1;0
1/00043_00013.ppm;1;0
1/00043_00014.ppm;1;0
1/00043_00015.ppm;1;0
1/00043_00016.ppm;1;0
1/00043_00017.ppm;1;0
1/00043_00018.ppm;1;0
1/00043_00019.ppm;1;0
1/00043_00020.ppm;1;0
1/00043_00021.ppm;1;0
1/00043_00022.ppm;1;0
1/00043_00023.ppm;1;0
1/00043_00024.ppm;1;0
1/00043_00025.ppm;1;0
1/00043_00026.ppm;1;0
1/00043_00027.ppm;1;0
1/00043_00028.ppm;1;0
1/00043_00029.ppm;1;0
1/00044_00000.ppm;1;0
1/00044_00001.ppm;1;0
1/00044_00002.ppm;1;0
1/00044_00003.ppm;1;0
1/00044_00004.ppm;1;0
1/00044_00005.ppm;1;0
1/00044_00006.ppm;1;0
1/00044_00007.ppm;1;0
1/00044_00008.ppm;1;0
1/00044_00009.ppm;1;0
1/00044_00010.ppm;1;0
1/00044_00011.ppm;1;0
1/00044_00012.ppm;1;0
1/00044_00013.ppm;1;0
1/00044_00014.ppm;1;0
1/00044_00015.ppm;1;0
1/00044_00016.ppm;1;0
1/00044_00017.ppm;1;0
1/00044_00018.ppm;1;0
1/00044_00019.ppm;1;0
1/00044_00020.ppm;1;0
1/00044_00021.ppm;1;0
1/00044_00022.ppm;1;0
1/00044_00023.ppm;1;0
1/00044_00024.ppm;1;0
1/00044_00025.ppm;1;0
1/00044_00026.ppm;1;0
1/00044_00027.ppm;1;0
1/00044_00028.ppm;1;0
1/00044_00029.ppm;1;0
1/00045_00000.ppm;1;0
1/00045_00001.ppm;1;0
1/00045_00002.ppm;1;0
1/00045_00003.ppm;1;0
1/00045_00004.ppm;1;0
1/00045_00005.ppm;1;0
1/00045_00006.ppm;1;0
1/00045_00007.ppm;1;0
1/00045_00008.ppm;1;0
1/00045_00009.ppm;1;0
1/00045_00010.ppm;1;0
1/00045_00011.ppm;1;0
1/00045_00012.ppm;1;0
1/00045_00013.ppm;1;0
1/00045_00014.ppm;1;0
1/00045_00015.ppm;1;0
1/00045_00016.ppm;1;0
1/00045_00017.ppm;1;0
1/00045_00018.ppm;1;0
1/00045_00019.ppm;1;0
1/00045_00020.ppm;1;0
1/00045_00021.ppm;1;0
1/00045_00022.ppm;1;0
1/00045_00023.ppm;1;0
1/00045_00024.ppm;1;0
1/00045_00025.ppm;1;0
1/00045_00026.ppm;1;0
1/00045_00027.ppm;1;0
1/00045_00028.ppm;1;0
1/00045_00029.ppm;1;0
1/00046_00000.ppm;1;0
1/00046_00001.ppm;1;0
1/00046_00002.ppm;1;0
1/00046_00003.ppm;1;0
1/00046_00004.ppm;1;0
1/00046_00005.ppm;1;0
1/00046_00006.ppm;1;0
1/00046_00007.ppm;1;0
1/00046_00008.ppm;1;0
1/00046_00009.ppm;1;0
1/00046_00010.ppm;1;0
1/00046_00011.ppm;1;0
1/00046_00012.ppm;1;0
1/00046_00013.ppm;1;0
1/00046_00014.ppm;1;0
1/00046_00015.ppm;1;0
1/00046_00016.ppm;1;0
1/00046_00017.ppm;1;0
1/00046_00018.ppm;1;0
1/00046_00019.ppm;1;0
1/00046_00020.ppm;1;0
1/00046_00021.ppm;1;0
1/00046_00022.ppm;1;0
1/00046_00023.ppm;1;0
1/00046_00024.ppm;1;0
1/00046_00025.ppm;1;0
1/00046_00026.ppm;1;0
1/00046_00027.ppm;1;0
1/00046_00028.ppm;1;0
1/00046_00029.ppm;1;0
1/00047_00000.ppm;1;0
1/00047_00001.ppm;1;0
1/00047_00002.ppm;1;0
1/00047_00003.ppm;1;0
1/00047_00004.ppm;1;0
1/00047_00005.ppm;1;0
1/00047_00006.ppm;1;0
1/00047_00007.ppm;1;0
1/00047_00008.ppm;1;0
1/00047_00009.ppm;1;0
1/00047_00010.ppm;1;0
1/00047_00011.ppm;1;0
1/00047_00012.ppm;1;0
1/00047_00013.ppm;1;0
1/00047_00014.ppm;1;0
1/00047_00015.ppm;1;0
1/00047_00016.ppm;1;0
1/00047_00017.ppm;1;0
1/00047_00018.ppm;1;0
1/00047_00019.ppm;1;0
1/00047_00020.ppm;1;0
1/00047_00021.ppm;1;0
1/00047_00022.ppm;1;0
1/00047_00023.ppm;1;0
1/00047_00024.ppm;1;0
1/00047_00025.ppm;1;0
1/00047_00026.ppm;1;0
1/00047_00027.ppm;1;0
1/00047_00028.ppm;1;0
1/00047_00029.ppm;1;0
1/00048_00000.ppm;1;0
1/00048_00001.ppm;1;0
1/00048_00002.ppm;1;0
1/00048_00003.ppm;1;0
1/00048_00004.ppm;1;0
1/00048_00005.ppm;1;0
1/00048_00006.ppm;1;0
1/00048_00007.ppm;1;0
1/00048_00008.ppm;1;0
1/00048_00009.ppm;1;0
1/00048_00010.ppm;1;0
1/00048_00011.ppm;1;0
1/00048_00012.ppm;1;0
1/00048_00013.ppm;1;0
1/00048_00014.ppm;1;0
1/00048_00015.ppm;1;0
1/00048_00016.ppm;1;0
1/00048_00017.ppm;1;0
1/00048_00018.ppm;1;0
1/00048_00019.ppm;1;0
1/00048_00020.ppm;1;0
1/00048_00021.ppm;1;0
1/00048_00022.ppm;1;0
1/00048_00023.ppm;1;0
1/00048_00024.ppm;1;0
1/00048_00025.ppm;1;0
1/00048_00026.ppm;1;0
1/00048_00027.ppm;1;0
1/00048_00028.ppm;1;0
1/00048_00029.ppm;1;0
1/00049_00000.ppm;1;0
1/00049_00001.ppm;1;0
1/00049_00002.ppm;1;0
1/00049_00003.ppm;1;0
1/00049_00004.ppm;1;0
1/00049_00005.ppm;1;0
1/00049_00006.ppm;1;0
1/00049_00007.ppm;1;0
1/00049_00008.ppm;1;0
1/00049_00009.ppm;1;0
1/00049_00010.ppm;1;0
1/00049_00011.ppm;1;0
1/00049_00012.ppm;1;0
1/00049_00013.ppm;1;0
1/00049_00014.ppm;1;0
1/00049_00015.ppm;1;0
1/00049_00016.ppm;1;0
1/00049_00017.ppm;1;0
1/00049_00018.ppm;1;0
1/00049_00019.ppm;1;0
1/00049_00020.ppm;1;0
1/00049_00021.ppm;1;0
1/00049_00022.ppm;1;0
1/00049_00023.ppm;1;0
1/00049_00024.ppm;1;0
1/00049_00025.ppm;1;0
1/00049_00026.ppm;1;0
1/00049_00027.ppm;1;0
1/00049_00028.ppm;1;0
1/00049_00029.ppm;1;0
2/00000_00000.ppm;2;0
2/00000_00001.ppm;2;0
2/00000_00002.ppm;2;0
2/00000_00003.ppm;2;0
2/00000_00004.ppm;2;0
2/00000_00005.ppm;2;0
2/00000_00006.ppm;2;0
2/00000_00007.ppm;2;0
2/00000_00008.ppm;2;0
2/00000_00009.ppm;2;0
2/00000_00010.ppm;2;0
2/00000_00011.ppm;2;0
2/00000_00012.ppm;2;0
2/00000_00013.ppm;2;0
2/00000_00014.ppm;2;0
2/00000_00015.ppm;2;0
2/00000_00016.ppm;2;0
2/00000_00017.ppm;2;0
2/00000_00018.ppm;2;0
2/00000_00019.ppm;2;0
2/00000_00020.ppm;2;0
2/00000_00021.ppm;2;0
2/00000_00022.ppm;2;0
2/00000_00023.ppm;2;0
2/00000_00024.ppm;2;0
2/00000_00025.ppm;2;0
2/00000_00026.ppm;2;0
2/00000_00027.ppm;2;0
2/00000_00028.ppm;2;0
2/00000_00029.ppm;2;0
2/00001_00000.ppm;2;0
2/00001_00001.ppm;2;0
2/00001_00002.ppm;2;0
2/00001_00003.ppm;2;0
2/00001_00004.ppm;2;0
2/00001_00005.ppm;2;0
2/00001_00006.ppm;2;0
2/00001_00007.ppm;2;0
2/00001_00008.ppm;2;0
2/00001_00009.ppm;2;0
2/00001_00010.ppm;2;0
2/00001_00011.ppm;2;0
2/00001_00012.ppm;2;0
2/00001_00013.ppm;2;0
2/00001_00014.ppm;2;0
2/00001_00015.ppm;2;0
2/00001_00016.ppm;2;0
2/00001_00017.ppm;2;0
2/00001_00018.ppm;2;0
2/00001_00019.ppm;2;0
2/00001_00020.ppm;2;0
2/00001_00021.ppm;2;0
2/00001_00022.ppm;2;0
2/00001_00023.ppm;2;0
2/00001_00024.ppm;2;0
2/00001_00025.ppm;2;0
2/00001_00026.ppm;2;0
2/00001_00027.ppm;2;0
2/00001_00028.ppm;2;0
2/00001_00029.ppm;2;0
2/00002_00000.ppm;2;0
2/00002_00001.ppm;2;0
2/00002_00002.ppm;2;0
2/00002_00003.ppm;2;0
2/00002_00004.ppm;2;0
2/00002_00005.ppm;2;0
2/00002_00006.ppm;2;0
2/00002_00007.ppm;2;0
2/00002_00008.ppm;2;0
2/00002_00009.ppm;2;0
2/00002_00010.ppm;2;0
2/00002_00011.ppm;2;0
2/00002_00012.ppm;2;0
2/00002_00013.ppm;2;0
2/00002_00014.ppm;2;0
2/00002_00015.ppm;2;0
2/00002_00016.ppm;2;0
2/00002_00017.ppm;2;0
2/00002_00018.ppm;2;0
2/00002_00019.ppm;2;0
2/00002_00020.ppm;2;0
2/00002_00021.ppm;2;0
2/00002_00022.ppm;2;0
2/00002_00023.ppm;2;0
2/00002_00024.ppm;2;0
2/00002_00025.ppm;2;0
2/00002_00026.ppm;2;0
2/00002_00027.ppm;2;0
2/00002_00028.ppm;2;0
2/00002_00029.ppm;2;0
2/00003_00000.ppm;2;0
2/00003_00001.ppm;2;0
2/00003_00002.ppm;2;0
2/00003_00003.ppm;2;0
2/00003_00004.ppm;2;0
2/00003_00005.ppm;2;0
2/00003_00006.ppm;2;0
2/00003_00007.ppm;2;0
2/00003_00008.ppm;2;0
2/00003_00009.ppm;2;0
2/00003_00010.ppm;2;0
2/00003_00011.ppm;2;0
2/00003_00012.ppm;2;0
2/00003_00013.ppm;2;0
2/00003_00014.ppm;2;0
2/00003_00015.ppm;2;0
2/00003_00016.ppm;2;0
2/00003_00017.ppm;2;0
2/00003_00018.ppm;2;0
2/00003_00019.ppm;2;0
2/00003_00020.ppm;2;0
2/00003_00021.ppm;2;0
2/00003_00022.ppm;2;0
2/00003_00023.ppm;2;0
2/00003_00024.ppm;2;0
2/00003_00025.ppm;2;0
2/00003_00026.ppm;2;0
2/00003_00027.ppm;2;0
2/00003_00028.ppm;2;0
2/00003_00029.ppm;2;0
2/00004_00000.ppm;2;0
2/00004_00001.ppm;2;0
2/00004_00002.ppm;2;0
2/00004_00003.ppm;2;0
2/00004_00004.ppm;2;0
2/00004_00005.ppm;2;0
2/00004_00006.ppm;2;0
2/00004_00007.ppm;2;0
2/00004_00008.ppm;2;0
2/00004_00009.ppm;2;0
2/00004_00010.ppm;2;0
2/00004_00011.ppm;2;0
2/00004_00012.ppm;2;0
2/00004_00013.ppm;2;0
2/00004_00014.ppm;2;0
2/00004_00015.ppm;2;0
2/00004_00016.ppm;2;0
2/00004_00017.ppm;2;0
2/00004_00018.ppm;2;0
2/00004_00019.ppm;2;0
2/00004_00020.ppm;2;0
2/00004_00021.ppm;2;0
2/00004_00022.ppm;2;0
2/00004_00023.ppm;2;0
2/00004_00024.ppm;2;0
2/00004_00025.ppm;2;0
2/00004_00026.ppm;2;0
2/00004_00027.ppm;2;0
2/00004_00028.ppm;2;0
2/00004_00029.ppm;2;0
2/00005_00000.ppm;2;0
2/00005_00001.ppm;2;0
2/00005_00002.ppm;2;0
2/00005_00003.ppm;2;0
2/00005_00004.ppm;2;0
2/00005_00005.ppm;2;0
2/00005_00006.ppm;2;0
2/00005_00007.ppm;2;0
2/00005_00008.ppm;2;0
2/00005_00009.ppm;2;0
2/00005_00010.ppm;2;0
2/00005_00011.ppm;2;0
2/00005_00012.ppm;2;0
2/00005_00013.ppm;2;0
2/00005_00014.ppm;2;0
2/00005_00015.ppm;2;0
2/00005_00016.ppm;2;0
2/00005_00017.ppm;2;0
2/00005_00018.ppm;2;0
2/00005_00019.ppm;2;0
2/00005_00020.ppm;2;0
2/00005_00021.ppm;2;0
2/00005_00022.ppm;2;0
2/00005_00023.ppm;2;0
2/00005_00024.ppm;2;0
2/00005_00025.ppm;2;0
2/00005_00026.ppm;2;0
2/00005_00027.ppm;2;0
2/00005_00028.ppm;2;0
2/00005_00029.ppm;2;0
2/00006_00000.ppm;2;0
2/00006_00001.ppm;2;0
2/00006_00002.ppm;2;0
2/00006_00003.ppm;2;0
2/00006_00004.ppm;2;0
2/00006_00005.ppm;2;0
2/00006_00006.ppm;2;0
2/00006_00007.ppm;2;0
2/00006_00008.ppm;2;0
2/00006_00009.ppm;2;0
2/00006_00010.ppm;2;0
2/00006_00011.ppm;2;0
2/00006_00012.ppm;2;0
2/00006_00013.ppm;2;0
2/00006_00014.ppm;2;0
2/00006_00015.ppm;2;0
2/00006_00016.ppm;2;0
2/00006_00017.ppm;2;0
2/00006_00018.ppm;2;0
2/00006_00019.ppm;2;0
2/00006_00020.ppm;2;0
2/00006_00021.ppm;2;0
2/00006_00022.ppm;2;0
2/00006_00023.ppm;2;0
2/00006_00024.ppm;2;0
2/00006_00025.ppm;2;0
2/00006_00026.ppm;2;0
2/00006_00027.ppm;2;0
2/00006_00028.ppm;2;0
2/00006_00029.ppm;2;0
2/00007_00000.ppm;2;0
2/00007_00001.ppm;2;0
2/00007_00002.ppm;2;0
2/00007_00003.ppm;2;0
2/00007_00004.ppm;2;0
2/00007_00005.ppm;2;0
2/00007_00006.ppm;2;0
2/00007_00007.ppm;2;0
2/00007_00008.ppm;2;0
2/00007_00009.ppm;2;0
2/00007_00010.ppm;2;0
2/00007_00011.ppm;2;0
2/00007_00012.ppm;2;0
2/00007_00013.ppm;2;0
2/00007_00014.ppm;2;0
2/00007_00015.ppm;2;0
2/00007_00016.ppm;2;0
2/00007_00017.ppm;2;0
2/00007_00018.ppm;2;0
2/00007_00019.ppm;2;0
2/00007_00020.ppm;2;0
2/00007_00021.ppm;2;0
2/00007_00022.ppm;2;0
2/00007_00023.ppm;2;0
2/00007_00024.ppm;2;0
2/00007_00025.ppm;2;0
2/00007_00026.ppm;2;0
2/00007_00027.ppm;2;0
2/00007_00028.ppm;2;0
2/00007_00029.ppm;2;0
2/00008_00000.ppm;2;0
2/00008_00001.ppm;2;0
2/00008_00002.ppm;2;0
2/00008_00003.ppm;2;0
2/00008_00004.ppm;2;0
2/00008_00005.ppm;2;0
2/00008_00006.ppm;2;0
2/00008_00007.ppm;2;0
2/00008_00008.ppm;2;0
2/00008_00009.ppm;2;0
2/00008_00010.ppm;2;0
2/00008_00011.ppm;2;0
2/00008_00012.ppm;2;0
2/00008_00013.ppm;2;0
2/00008_00014.ppm;2;0
2/00008_00015.ppm;2;0
2/00008_00016.ppm;2;0
2/00008_00017.ppm;2;0
2/00008_00018.ppm;2;0
2/00008_00019.ppm;2;0
2/00008_00020.ppm;2;0
2/00008_00021.ppm;2;0
2/00008_00022.ppm;2;0
2/00008_00023.ppm;2;0
2/00008_00024.ppm;2;0
2/00008_00025.ppm;2;0
2/00008_00026.ppm;2;0
2/00008_00027.ppm;2;0
2/00008_00028.ppm;2;0
2/00008_00029.ppm;2;0
2/00009_00000.ppm;2;0
2/00009_00001.ppm;2;0
2/00009_00002.ppm;2;0
2/00009_00003.ppm;2;0
2/00009_00004.ppm;2;0
2/00009_00005.ppm;2;0
2/00009_00006.ppm;2;0
2/00009_00007.ppm;2;0
2/00009_00008.ppm;2;0
2/00009_00009.ppm;2;0
2/00009_00010.ppm;2;0
2/00009_00011.ppm;2;0
2/00009_00012.ppm;2;0
2/00009_00013.ppm;2;0
2/00009_00014.ppm;2;0
2/00009_00015.ppm;2;0
2/00009_00016.ppm;2;0
2/00009_00017.ppm;2;0
2/00009_00018.ppm;2;0
2/00009_00019.ppm;2;0
2/00009_00020.ppm;2;0
2/00009_00021.ppm;2;0
2/00009_00022.ppm;2;0
2/00009_00023.ppm;2;0
2/00009_00024.ppm;2;0
2/00009_00025.ppm;2;0
2/00009_00026.ppm;2;0
2/00009_00027.ppm;2;0
2/00009_00028.ppm;2;0
2/00009_00029.ppm;2;0
2/00010_00000.ppm;2;0
2/00010_00001.ppm;2;0
2/00010_00002.ppm;2;0
2/00010_00003.ppm;2;0
2/00010_00004.ppm;2;0
2/00010_00005.ppm;2;0
2/00010_00006.ppm;2;0
2/00010_00007.ppm;2;0
2/00010_00008.ppm;2;0
2/00010_00009.ppm;2;0
2/00010_00010.ppm;2;0
2/00010_00011.ppm;2;0
2/00010_00012.ppm;2;0
2/00010_00013.ppm;2;0
2/00010_00014.ppm;2;0
2/00010_00015.ppm;2;0
2/00010_00016.ppm;2;0
2/00010_00017.ppm;2;0
2/00010_00018.ppm;2;0
2/00010_00019.ppm;2;0
2/00010_00020.ppm;2;0
2/00010_00021.ppm;2;0
2/00010_00022.ppm;2;0
2/00010_00023.ppm;2;0
2/00010_00024.ppm;2;0
2/00010_00025.ppm;2;0
2/00010_00026.ppm;2;0
2/00010_00027.ppm;2;0
2/00010_00028.ppm;2;0
2/00010_00029.ppm;2;0
2/00011_00000.ppm;2;0
2/00011_00001.ppm;2;0
2/00011_00002.ppm;2;0
2/00011_00003.ppm;2;0
2/00011_00004.ppm;2;0
2/00011_00005.ppm;2;0
2/00011_00006.ppm;2;0
2/00011_00007.ppm;2;0
2/00011_00008.ppm;2;0
2/00011_00009.ppm;2;0
2/00011_00010.ppm;2;0
2/00011_00011.ppm;2;0
2/00011_00012.ppm;2;0
2/00011_00013.ppm;2;0
2/00011_00014.ppm;2;0
2/00011_00015.ppm;2;0
2/00011_00016.ppm;2;0
2/00011_00017.ppm;2;0
2/00011_00018.ppm;2;0
2/00011_00019.ppm;2;0
2/00011_00020.ppm;2;0
2/00011_00021.ppm;2;0
2/00011_00022.ppm;2;0
2/00011_00023.ppm;2;0
2/00011_00024.ppm;2;0
2/00011_00025.ppm;2;0
2/00011_00026.ppm;2;0
2/00011_00027.ppm;2;0
2/00011_00028.ppm;2;0
2/00011_00029.ppm;2;0
2/00012_00000.ppm;2;0
2/00012_00001.ppm;2;0
2/00012_00002.ppm;2;0
2/00012_00003.ppm;2;0
2/00012_00004.ppm;2;0
2/00012_00005.ppm;2;0
2/00012_00006.ppm;2;0
2/00012_00007.ppm;2;0
2/00012_00008.ppm;2;0
2/00012_00009.ppm;2;0
2/00012_00010.ppm;2;0
2/00012_00011.ppm;2;0
2/00012_00012.ppm;2;0
2/00012_00013.ppm;2;0
2/00012_00014.ppm;2;0
2/00012_00015.ppm;2;0
2/00012_00016.ppm;2;0
2/00012_00017.ppm;2;0
2/00012_00018.ppm;2;0
2/00012_00019.ppm;2;0
2/00012_00020.ppm;2;0
2/00012_00021.ppm;2;0
2/00012_00022.ppm;2;0
2/00012_00023.ppm;2;0
2/00012_00024.ppm;2;0
2/00012_00025.ppm;2;0
2/00012_00026.ppm;2;0
2/00012_00027.ppm;2;0
2/00012_00028.ppm;2;0
2/00012_00029.ppm;2;0
2/00013_00000.ppm;2;0
2/00013_00001.ppm;2;0
2/00013_00002.ppm;2;0
2/00013_00003.ppm;2;0
2/00013_00004.ppm;2;0
2/00013_00005.ppm;2;0
2/00013_00006.ppm;2;0
2/00013_00007.ppm;2;0
2/00013_00008.ppm;2;0
2/00013_00009.ppm;2;0
2/00013_00010.ppm;2;0
2/00013_00011.ppm;2;0
2/00013_00012.ppm;2;0
2/00013_00013.ppm;2;0
2/00013_00014.ppm;2;0
2/00013_00015.ppm;2;0
2/00013_00016.ppm;2;0
2/00013_00017.ppm;2;0
2/00013_00018.ppm;2;0
2/00013_00019.ppm;2;0
2/00013_00020.ppm;2;0
2/00013_00021.ppm;2;0
2/00013_00022.ppm;2;0
2/00013_00023.ppm;2;0
2/00013_00024.ppm;2;0
2/00013_00025.ppm;2;0
2/00013_00026.ppm;2;0
2/00013_00027.ppm;2;0
2/00013_00028.ppm;2;0
2/00013_00029.ppm;2;0
2/00014_00000.ppm;2;0
2/00014_00001.ppm;2;0
2/00014_00002.ppm;2;0
2/00014_00003.ppm;2;0
2/00014_00004.ppm;2;0
2/00014_00005.ppm;2;0
2/00014_00006.ppm;2;0
2/00014_00007.ppm;2;0
2/00014_00008.ppm;2;0
2/00014_00009.ppm;2;0
2/00014_00010.ppm;2;0
2/00014_00011.ppm;2;0
2/00014_00012.ppm;2;0
2/00014_00013.ppm;2;0
2/00014_00014.ppm;2;0
2/00014_00015.ppm;2;0
2/00014_00016.ppm;2;0
2/00014_00017.ppm;2;0
2/00014_00018.ppm;2;0
2/00014_00019.ppm;2;0
2/00014_00020.ppm;2;0
2/00014_00021.ppm;2;0
2/00014_00022.ppm;2;0
2/00014_00023.ppm;2;0
2/00014_00024.ppm;2;0
2/00014_00025.ppm;2;0
2/00014_00026.ppm;2;0
2/00014_00027.ppm;2;0
2/00014_00028.ppm;2;0
2/00014_00029.ppm;2;0
2/00015_00000.ppm;2;0
2/00015_00001.ppm;2;0
2/00015_00002.ppm;2;0
2/00015_00003.ppm;2;0
2/00015_00004.ppm;2;0
2/00015_00005.ppm;2;0
2/00015_00006.ppm;2;0
2/00015_00007.ppm;2;0
2/00015_00008.ppm;2;0
2/00015_00009.ppm;2;0
2/00015_00010.ppm;2;0
2/00015_00011.ppm;2;0
2/00015_00012.ppm;2;0
2/00015_00013.ppm;2;0
2/00015_00014.ppm;2;0
2/00015_00015.ppm;2;0
2/00015_00016.ppm;2;0
2/00015_00017.ppm;2;0
2/00015_00018.ppm;2;0
2/00015_00019.ppm;2;0
2/00015_00020.ppm;2;0
2/00015_00021.ppm;2;0
2/00015_00022.ppm;2;0
2/00015_00023.ppm;2;0
2/00015_00024.ppm;2;0
2/00015_00025.ppm;2;0
2/00015_00026.ppm;2;0
2/00015_00027.ppm;2;0
2/00015_00028.ppm;2;0
2/00015_00029.ppm;2;0
2/00016_00000.ppm;2;0
2/00016_00001.ppm;2;0
2/00016_00002.ppm;2;0
2/00016_00003.ppm;2;0
2/00016_00004.ppm;2;0
2/00016_00005.ppm;2;0
2/00016_00006.ppm;2;0
2/00016_00007.ppm;2;0
2/00016_00008.ppm;2;0
2/00016_00009.ppm;2;0
2/00016_00010.ppm;2;0
2/00016_00011.ppm;2;0
2/00016_00012.ppm;2;0
2/00016_00013.ppm;2;0
2/00016_00014.ppm;2;0
2/00016_00015.ppm;2;0
2/00016_00016.ppm;2;0
2/00016_00017.ppm;2;0
2/00016_00018.ppm;2;0
2/00016_00019.ppm;2;0
2/00016_00020.ppm;2;0
2/00016_00021.ppm;2;0
2/00016_00022.ppm;2;0
2/00016_00023.ppm;2;0
2/00016_00024.ppm;2;0
2/00016_00025.ppm;2;0
2/00016_00026.ppm;2;0
2/00016_00027.ppm;2;0
2/00016_00028.ppm;2;0
2/00016_00029.ppm;2;0
2/00017_00000.ppm;2;0
2/00017_00001.ppm;2;0
2/00017_00002.ppm;2;0
2/00017_00003.ppm;2;0
2/00017_00004.ppm;2;0
2/00017_00005.ppm;2;0
2/00017_00006.ppm;2;0
2/00017_00007.ppm;2;0
2/00017_00008.ppm;2;0
2/00017_00009.ppm;2;0
2/00017_00010.ppm;2;0
2/00017_00011.ppm;2;0
2/00017_00012.ppm;2;0
2/00017_00013.ppm;2;0
2/00017_00014.ppm;2;0
2/00017_00015.ppm;2;0
2/00017_00016.ppm;2;0
2/00017_00017.ppm;2;0
2/00017_00018.ppm;2;0
2/00017_00019.ppm;2;0
2/00017_00020.ppm;2;0
2/00017_00021.ppm;2;0
2/00017_00022.ppm;2;0
2/00017_00023.ppm;2;0
2/00017_00024.ppm;2;0
2/00017_00025.ppm;2;0
2/00017_00026.ppm;2;0
2/00017_00027.ppm;2;0
2/00017_00028.ppm;2;0
2/00017_00029.ppm;2;0
2/00018_00000.ppm;2;0
2/00018_00001.ppm;2;0
2/00018_00002.ppm;2;0
2/00018_00003.ppm;2;0
2/00018_00004.ppm;2;0
2/00018_00005.ppm;2;0
2/00018_00006.ppm;2;0
2/00018_00007.ppm;2;0
2/00018_00008.ppm;2;0
2/00018_00009.ppm;2;0
2/00018_00010.ppm;2;0
2/00018_00011.ppm;2;0
2/00018_00012.ppm;2;0
2/00018_00013.ppm;2;0
2/00018_00014.ppm;2;0
2/00018_00015.ppm;2;0
2/00018_00016.ppm;2;0
2/00018_00017.ppm;2;0
2/00018_00018.ppm;2;0
2/00018_00019.ppm;2;0
2/00018_00020.ppm;2;0
2/00018_00021.ppm;2;0
2/00018_00022.ppm;2;0
2/00018_00023.ppm;2;0
2/00018_00024.ppm;2;0
2/00018_00025.ppm;2;0
2/00018_00026.ppm;2;0
2/00018_00027.ppm;2;0
2/00018_00028.ppm;2;0
2/00018_00029.ppm;2;0
2/00019_00000.ppm;2;0
2/00019_00001.ppm;2;0
2/00019_00002.ppm;2;0
2/00019_00003.ppm;2;0
2/00019_00004.ppm;2;0
2/00019_00005.ppm;2;0
2/00019_00006.ppm;2;0
2/00019_00007.ppm;2;0
2/00019_00008.ppm;2;0
2/00019_00009.ppm;2;0
2/00019_00010.ppm;2;0
2/00019_00011.ppm;2;0
2/00019_00012.ppm;2;0
2/00019_00013.ppm;2;0
2/00019_00014.ppm;2;0
2/00019_00015.ppm;2;0
2/00019_00016.ppm;2;0
2/00019_00017.ppm;2;0
2/00019_00018.ppm;2;0
2/00019_00019.ppm;2;0
2/00019_00020.ppm;2;0
2/00019_00021.ppm;2;0
2/00019_00022.ppm;2;0
2/00019_00023.ppm;2;0
2/00019_00024.ppm;2;0
2/00019_00025.ppm;2;0
2/00019_00026.ppm;2;0
2/00019_00027.ppm;2;0
2/00019_00028.ppm;2;0
2/00019_00029.ppm;2;0
2/00020_00000.ppm;2;0
2/00020_00001.ppm;2;0
2/00020_00002.ppm;2;0
2/00020_00003.ppm;2;0
2/00020_00004.ppm;2;0
2/00020_00005.ppm;2;0
2/00020_00006.ppm;2;0
2/00020_00007.ppm;2;0
2/00020_00008.ppm;2;0
2/00020_00009.ppm;2;0
2/00020_00010.ppm;2;0
2/00020_00011.ppm;2;0
2/00020_00012.ppm;2;0
2/00020_00013.ppm;2;0
2/00020_00014.ppm;2;0
2/00020_00015.ppm;2;0
2/00020_00016.ppm;2;0
2/00020_00017.ppm;2;0
2/00020_00018.ppm;2;0
2/00020_00019.ppm;2;0
2/00020_00020.ppm;2;0
2/00020_00021.ppm;2;0
2/00020_00022.ppm;2;0
2/00020_00023.ppm;2;0
2/00020_00024.ppm;2;0
2/00020_00025.ppm;2;0
2/00020_00026.ppm;2;0
2/00020_00027.ppm;2;0
2/00020_00028.ppm;2;0
2/00020_00029.ppm;2;0
2/00021_00000.ppm;2;0
2/00021_00001.ppm;2;0
2/00021_00002.ppm;2;0
2/00021_00003.ppm;2;0
2/00021_00004.ppm;2;0
2/00021_00005.ppm;2;0
2/00021_00006.ppm;2;0
2/00021_00007.ppm;2;0
2/00021_00008.ppm;2;0
2/00021_00009.ppm;2;0
2/00021_00010.ppm;2;0
2/00021_00011.ppm;2;0
2/00021_00012.ppm;2;0
2/00021_00013.ppm;2;0
2/00021_00014.ppm;2;0
2/00021_00015.ppm;2;0
2/00021_00016.ppm;2;0
2/00021_00017.ppm;2;0
2/00021_00018.ppm;2;0
2/00021_00019.ppm;2;0
2/00021_00020.ppm;2;0
2/00021_00021.ppm;2;0
2/00021_00022.ppm;2;0
2/00021_00023.ppm;2;0
2/00021_00024.ppm;2;0
2/00021_00025.ppm;2;0
2/00021_00026.ppm;2;0
2/00021_00027.ppm;2;0
2/00021_00028.ppm;2;0
2/00021_00029.ppm;2;0
2/00022_00000.ppm;2;0
2/00022_00001.ppm;2;0
2/00022_00002.ppm;2;0
2/00022_00003.ppm;2;0
2/00022_00004.ppm;2;0
2/00022_00005.ppm;2;0
2/00022_00006.ppm;2;0
2/00022_00007.ppm;2;0
2/00022_00008.ppm;2;0
2/00022_00009.ppm;2;0
2/00022_00010.ppm;2;0
2/00022_00011.ppm;2;0
2/00022_00012.ppm;2;0
2/00022_00013.ppm;2;0
2/00022_00014.ppm;2;0
2/00022_00015.ppm;2;0
2/00022_00016.ppm;2;0
2/00022_00017.ppm;2;0
2/00022_00018.ppm;2;0
2/00022_00019.ppm;2;0
2/00022_00020.ppm;2;0
2/00022_00021.ppm;2;0
2/00022_00022.ppm;2;0
2/00022_00023.ppm;2;0
2/00022_00024.ppm;2;0
2/00022_00025.ppm;2;0
2/00022_00026.ppm;2;0
2/00022_00027.ppm;2;0
2/00022_00028.ppm;2;0
2/00022_00029.ppm;2;0
2/00023_00000.ppm;2;0
2/00023_00001.ppm;2;0
2/00023_00002.ppm;2;0
2/00023_00003.ppm;2;0
2/00023_00004.ppm;2;0
2/00023_00005.ppm;2;0
2/00023_00006.ppm;2;0
2/00023_00007.ppm;2;0
2/00023_00008.ppm;2;0
2/00023_00009.ppm;2;0
2/00023_00010.ppm;2;0
2/00023_00011.ppm;2;0
2/00023_00012.ppm;2;0
2/00023_00013.ppm;2;0
2/00023_00014.ppm;2;0
2/00023_00015.ppm;2;0
2/00023_00016.ppm;2;0
2/00023_00017.ppm;2;0
2/00023_00018.ppm;2;0
2/00023_00019.ppm;2;0
2/00023_00020.ppm;2;0
2/00023_00021.ppm;2;0
2/00023_00022.ppm;2;0
2/00023_00023.ppm;2;0
2/00023_00024.ppm;2;0
2/00023_00025.ppm;2;0
2/00023_00026.ppm;2;0
2/00023_00027.ppm;2;0
2/00023_00028.ppm;2;0
2/00023_00029.ppm;2;0
2/00024_00000.ppm;2;0
2/00024_00001.ppm;2;0
2/00024_00002.ppm;2;0
2/00024_00003.ppm;2;0
2/00024_00004.ppm;2;0
2/00024_00005.ppm;2;0
2/00024_00006.ppm;2;0
2/00024_00007.ppm;2;0
2/00024_00008.ppm;2;0
2/00024_00009.ppm;2;0
2/00024_00010.ppm;2;0
2/00024_00011.ppm;2;0
2/00024_00012.ppm;2;0
2/00024_00013.ppm;2;0
2/00024_00014.ppm;2;0
2/00024_00015.ppm;2;0
2/00024_00016.ppm;2;0
2/00024_00017.ppm;2;0
2/00024_00018.ppm;2;0
2/00024_00019.ppm;2;0
2/00024_00020.ppm;2;0
2/00024_00021.ppm;2;0
2/00024_00022.ppm;2;0
2/00024_00023.ppm;2;0
2/00024_00024.ppm;2;0
2/00024_00025.ppm;2;0
2/00024_00026.ppm;2;0
2/00024_00027.ppm;2;0
2/00024_00028.ppm;2;0
2/00024_00029.ppm;2;0
2/00025_00000.ppm;2;0
2/00025_00001.ppm;2;0
2/00025_00002.ppm;2;0
2/00025_00003.ppm;2;0
2/00025_00004.ppm;2;0
2/00025_00005.ppm;2;0
2/00025_00006.ppm;2;0
2/00025_00007.ppm;2;0
2/00025_00008.ppm;2;0
2/00025_00009.ppm;2;0
2/00025_00010.ppm;2;0
2/00025_00011.ppm;2;0
2/00025_00012.ppm;2;0
2/00025_00013.ppm;2;0
2/00025_00014.ppm;2;0
2/00025_00015.ppm;2;0
2/00025_00016.ppm;2;0
2/00025_00017.ppm;2;0
2/00025_00018.ppm;2;0
2/00025_00019.ppm;2;0
2/00025_00020.ppm;2;0
2/00025_00021.ppm;2;0
2/00025_00022.ppm;2;0
2/00025_00023.ppm;2;0
2/00025_00024.ppm;2;0
2/00025_00025.ppm;2;0
2/00025_00026.ppm;2;0
2/00025_00027.ppm;2;0
2/00025_00028.ppm;2;0
2/00025_00029.ppm;2;0
2/00026_00000.ppm;2;0
2/00026_00001.ppm;2;0
2/00026_00002.ppm;2;0
2/00026_00003.ppm;2;0
2/00026_00004.ppm;2;0
2/00026_00005.ppm;2;0
2/00026_00006.ppm;2;0
2/00026_00007.ppm;2;0
2/00026_00008.ppm;2;0
2/00026_00009.ppm;2;0
2/00026_00010.ppm;2;0
2/00026_00011.ppm;2;0
2/00026_00012.ppm;2;0
2/00026_00013.ppm;2;0
2/00026_00014.ppm;2;0
2/00026_00015.ppm;2;0
2/00026_00016.ppm;2;0
2/00026_00017.ppm;2;0
2/00026_00018.ppm;2;0
2/00026_00019.ppm;2;0
2/00026_00020.ppm;2;0
2/00026_00021.ppm;2;0
2/00026_00022.ppm;2;0
2/00026_00023.ppm;2;0
2/00026_00024.ppm;2;0
2/00026_00025.ppm;2;0
2/00026_00026.ppm;2;0
2/00026_00027.ppm;2;0
2/00026_00028.ppm;2;0
2/00026_00029.ppm;2;0
2/00027_00000.ppm;2;0
2/00027_00001.ppm;2;0
2/00027_00002.ppm;2;0
2/00027_00003.ppm;2;0
2/00027_00004.ppm;2;0
2/00027_00005.ppm;2;0
2/00027_00006.ppm;2;0
2/00027_00007.ppm;2;0
2/00027_00008.ppm;2;0
2/00027_00009.ppm;2;0
2/00027_00010.ppm;2;0
2/00027_00011.ppm;2;0
2/00027_00012.ppm;2;0
2/00027_00013.ppm;2;0
2/00027_00014.ppm;2;0
2/00027_00015.ppm;2;0
2/00027_00016.ppm;2;0
2/00027_00017.ppm;2;0
2/00027_00018.ppm;2;0
2/00027_00019.ppm;2;0
2/00027_00020.ppm;2;0
2/00027_00021.ppm;2;0
2/00027_00022.ppm;2;0
2/00027_00023.ppm;2;0
2/00027_00024.ppm;2;0
2/00027_00025.ppm;2;0
2/00027_00026.ppm;2;0
2/00027_00027.ppm;2;0
2/00027_00028.ppm;2;0
2/00027_00029.ppm;2;0
2/00028_00000.ppm;2;0
2/00028_00001.ppm;2;0
2/00028_00002.ppm;2;0
2/00028_00003.ppm;2;0
2/00028_00004.ppm;2;0
2/00028_00005.ppm;2;0
2/00028_00006.ppm;2;0
2/00028_00007.ppm;2;0
2/00028_00008.ppm;2;0
2/00028_00009.ppm;2;0
2/00028_00010.ppm;2;0
2/00028_00011.ppm;2;0
2/00028_00012.ppm;2;0
2/00028_00013.ppm;2;0
2/00028_00014.ppm;2;0
2/00028_00015.ppm;2;0
2/00028_00016.ppm;2;0
2/00028_00017.ppm;2;0
2/00028_00018.ppm;2;0
2/00028_00019.ppm;2;0
2/00028_00020.ppm;2;0
2/00028_00021.ppm;2;0
2/00028_00022.ppm;2;0
2/00028_00023.ppm;2;0
2/00028_00024.ppm;2;0
2/00028_00025.ppm;2;0
2/00028_00026.ppm;2;0
2/00028_00027.ppm;2;0
2/00028_00028.ppm;2;0
2/00028_00029.ppm;2;0
2/00029_00000.ppm;2;0
2/00029_00001.ppm;2;0
2/00029_00002.ppm;2;0
2/00029_00003.ppm;2;0
2/00029_00004.ppm;2;0
2/00029_00005.ppm;2;0
2/00029_00006.ppm;2;0
2/00029_00007.ppm;2;0
2/00029_00008.ppm;2;0
2/00029_00009.ppm;2;0
2/00029_00010.ppm;2;0
2/00029_00011.ppm;2;0
2/00029_00012.ppm;2;0
2/00029_00013.ppm;2;0
2/00029_00014.ppm;2;0
2/00029_00015.ppm;2;0
2/00029_00016.ppm;2;0
2/00029_00017.ppm;2;0
2/00029_00018.ppm;2;0
2/00029_00019.ppm;2;0
2/00029_00020.ppm;2;0
2/00029_00021.ppm;2;0
2/00029_00022.ppm;2;0
2/00029_00023.ppm;2;0
2/00029_00024.ppm;2;0
2/00029_00025.ppm;2;0
2/00029_00026.ppm;2;0
2/00029_00027.ppm;2;0
2/00029_00028.ppm;2;0
2/00029_00029.ppm;2;0
2/00030_00000.ppm;2;0
2/00030_00001.ppm;2;0
2/00030_00002.ppm;2;0
2/00030_00003.ppm;2;0
2/00030_00004.ppm;2;0
2/00030_00005.ppm;2;0
2/00030_00006.ppm;2;0
2/00030_00007.ppm;2;0
2/00030_00008.ppm;2;0
2/00030_00009.ppm;2;0
2/00030_00010.ppm;2;0
2/00030_00011.ppm;2;0
2/00030_00012.ppm;2;0
2/00030_00013.ppm;2;0
2/00030_00014.ppm;2;0
2/00030_00015.ppm;2;0
2/00030_00016.ppm;2;0
2/00030_00017.ppm;2;0
2/00030_00018.ppm;2;0
2/00030_00019.ppm;2;0
2/00030_00020.ppm;2;0
2/00030_00021.ppm;2;0
2/00030_00022.ppm;2;0
2/00030_00023.ppm;2;0
2/00030_00024.ppm;2;0
2/00030_00025.ppm;2;0
2/00030_00026.ppm;2;0
2/00030_00027.ppm;2;0
2/00030_00028.ppm;2;0
2/00030_00029.ppm;2;0
2/00031_00000.ppm;2;0
2/00031_00001.ppm;2;0
2/00031_00002.ppm;2;0
2/00031_00003.ppm;2;0
2/00031_00004.ppm;2;0
2/00031_00005.ppm;2;0
2/00031_00006.ppm;2;0
2/00031_00007.ppm;2;0
2/00031_00008.ppm;2;0
2/00031_00009.ppm;2;0
2/00031_00010.ppm;2;0
2/00031_00011.ppm;2;0
2/00031_00012.ppm;2;0
2/00031_00013.ppm;2;0
2/00031_00014.ppm;2;0
2/00031_00015.ppm;2;0
2/00031_00016.ppm;2;0
2/00031_00017.ppm;2;0
2/00031_00018.ppm;2;0
2/00031_00019.ppm;2;0
2/00031_00020.ppm;2;0
2/00031_00021.ppm;2;0
2/00031_00022.ppm;2;0
2/00031_00023.ppm;2;0
2/00031_00024.ppm;2;0
2/00031_00025.ppm;2;0
2/00031_00026.ppm;2;0
2/00031_00027.ppm;2;0
2/00031_00028.ppm;2;0
2/00031_00029.ppm;2;0
2/00032_00000.ppm;2;0
2/00032_00001.ppm;2;0
2/00032_00002.ppm;2;0
2/00032_00003.ppm;2;0
2/00032_00004.ppm;2;0
2/00032_00005.ppm;2;0
2/00032_00006.ppm;2;0
2/00032_00007.ppm;2;0
2/00032_00008.ppm;2;0
2/00032_00009.ppm;2;0
2/00032_00010.ppm;2;0
2/00032_00011.ppm;2;0
2/00032_00012.ppm;2;0
2/00032_00013.ppm;2;0
2/00032_00014.ppm;2;0
2/00032_00015.ppm;2;0
2/00032_00016.ppm;2;0
2/00032_00017.ppm;2;0
2/00032_00018.ppm;2;0
2/00032_00019.ppm;2;0
2/00032_00020.ppm;2;0
2/00032_00021.ppm;2;0
2/00032_00022.ppm;2;0
2/00032_00023.ppm;2;0
2/00032_00024.ppm;2;0
2/00032_00025.ppm;2;0
2/00032_00026.ppm;2;0
2/00032_00027.ppm;2;0
2/00032_00028.ppm;2;0
2/00032_00029.ppm;2;0
2/00033_00000.ppm;2;0
2/00033_00001.ppm;2;0
2/00033_00002.ppm;2;0
2/00033_00003.ppm;2;0
2/00033_00004.ppm;2;0
2/00033_00005.ppm;2;0
2/00033_00006.ppm;2;0
2/00033_00007.ppm;2;0
2/00033_00008.ppm;2;0
2/00033_00009.ppm;2;0
2/00033_00010.ppm;2;0
2/00033_00011.ppm;2;0
2/00033_00012.ppm;2;0
2/00033_00013.ppm;2;0
2/00033_00014.ppm;2;0
2/00033_00015.ppm;2;0
2/00033_00016.ppm;2;0
2/00033_00017.ppm;2;0
2/00033_00018.ppm;2;0
2/00033_00019.ppm;2;0
2/00033_00020.ppm;2;0
2/00033_00021.ppm;2;0
2/00033_00022.ppm;2;0
2/00033_00023.ppm;2;0
2/00033_00024.ppm;2;0
2/00033_00025.ppm;2;0
2/00033_00026.ppm;2;0
2/00033_00027.ppm;2;0
2/00033_00028.ppm;2;0
2/00033_00029.ppm;2;0
2/00034_00000.ppm;2;0
2/00034_00001.ppm;2;0
2/00034_00002.ppm;2;0
2/00034_00003.ppm;2;0
2/00034_00004.ppm;2;0
2/00034_00005.ppm;2;0
2/00034_00006.ppm;2;0
2/00034_00007.ppm;2;0
2/00034_00008.ppm;2;0
2/00034_00009.ppm;2;0
2/00034_00010.ppm;2;0
2/00034_00011.ppm;2;0
2/00034_00012.ppm;2;0
2/00034_00013.ppm;2;0
2/00034_00014.ppm;2;0
2/00034_00015.ppm;2;0
2/00034_00016.ppm;2;0
2/00034_00017.ppm;2;0
2/00034_00018.ppm;2;0
2/00034_00019.ppm;2;0
2/00034_00020.ppm;2;0
2/00034_00021.ppm;2;0
2/00034_00022.ppm;2;0
2/00034_00023.ppm;2;0
2/00034_00024.ppm;2;0
2/00034_00025.ppm;2;0
2/00034_00026.ppm;2;0
2/00034_00027.ppm;2;0
2/00034_00028.ppm;2;0
2/00034_00029.ppm;2;0
2/00035_00000.ppm;2;0
2/00035_00001.ppm;2;0
2/00035_00002.ppm;2;0
2/00035_00003.ppm;2;0
2/00035_00004.ppm;2;0
2/00035_00005.ppm;2;0
2/00035_00006.ppm;2;0
2/00035_00007.ppm;2;0
2/00035_00008.ppm;2;0
2/00035_00009.ppm;2;0
2/00035_00010.ppm;2;0
2/00035_00011.ppm;2;0
2/00035_00012.ppm;2;0
2/00035_00013.ppm;2;0
2/00035_00014.ppm;2;0
2/00035_00015.ppm;2;0
2/00035_00016.ppm;2;0
2/00035_00017.ppm;2;0
2/00035_00018.ppm;2;0
2/00035_00019.ppm;2;0
2/00035_00020.ppm;2;0
2/00035_00021.ppm;2;0
2/00035_00022.ppm;2;0
2/00035_00023.ppm;2;0
2/00035_00024.ppm;2;0
2/00035_00025.ppm;2;0
2/00035_00026.ppm;2;0
2/00035_00027.ppm;2;0
2/00035_00028.ppm;2;0
2/00035_00029.ppm;2;0
2/00036_00000.ppm;2;0
2/00036_00001.ppm;2;0
2/00036_00002.ppm;2;0
2/00036_00003.ppm;2;0
2/00036_00004.ppm;2;0
2/00036_00005.ppm;2;0
2/00036_00006.ppm;2;0
2/00036_00007.ppm;2;0
2/00036_00008.ppm;2;0
2/00036_00009.ppm;2;0
2/00036_00010.ppm;2;0
2/00036_00011.ppm;2;0
2/00036_00012.ppm;2;0
2/00036_00013.ppm;2;0
2/00036_00014.ppm;2;0
2/00036_00015.ppm;2;0
2/00036_00016.ppm;2;0
2/00036_00017.ppm;2;0
2/00036_00018.ppm;2;0
2/00036_00019.ppm;2;0
2/00036_00020.ppm;2;0
2/00036_00021.ppm;2;0
2/00036_00022.ppm;2;0
2/00036_00023.ppm;2;0
2/00036_00024.ppm;2;0
2/00036_00025.ppm;2;0
2/00036_00026.ppm;2;0
2/00036_00027.ppm;2;0
2/00036_00028.ppm;2;0
2/00036_00029.ppm;2;0
2/00037_00000.ppm;2;0
2/00037_00001.ppm;2;0
2/00037_00002.ppm;2;0
2/00037_00003.ppm;2;0
2/00037_00004.ppm;2;0
2/00037_00005.ppm;2;0
2/00037_00006.ppm;2;0
2/00037_00007.ppm;2;0
2/00037_00008.ppm;2;0
2/00037_00009.ppm;2;0
2/00037_00010.ppm;2;0
2/00037_00011.ppm;2;0
2/00037_00012.ppm;2;0
2/00037_00013.ppm;2;0
2/00037_00014.ppm;2;0
2/00037_00015.ppm;2;0
2/00037_00016.ppm;2;0
2/00037_00017.ppm;2;0
2/00037_00018.ppm;2;0
2/00037_00019.ppm;2;0
2/00037_00020.ppm;2;0
2/00037_00021.ppm;2;0
2/00037_00022.ppm;2;0
2/00037_00023.ppm;2;0
2/00037_00024.ppm;2;0
2/00037_00025.ppm;2;0
2/00037_00026.ppm;2;0
2/00037_00027.ppm;2;0
2/00037_00028.ppm;2;0
2/00037_00029.ppm;2;0
2/00038_00000.ppm;2;0
2/00038_00001.ppm;2;0
2/00038_00002.ppm;2;0
2/00038_00003.ppm;2;0
2/00038_00004.ppm;2;0
2/00038_00005.ppm;2;0
2/00038_00006.ppm;2;0
2/00038_00007.ppm;2;0
2/00038_00008.ppm;2;0
2/00038_00009.ppm;2;0
2/00038_00010.ppm;2;0
2/00038_00011.ppm;2;0
2/00038_00012.ppm;2;0
2/00038_00013.ppm;2;0
2/00038_00014.ppm;2;0
2/00038_00015.ppm;2;0
2/00038_00016.ppm;2;0
2/00038_00017.ppm;2;0
2/00038_00018.ppm;2;0
2/00038_00019.ppm;2;0
2/00038_00020.ppm;2;0
2/00038_00021.ppm;2;0
2/00038_00022.ppm;2;0
2/00038_00023.ppm;2;0
2/00038_00024.ppm;2;0
2/00038_00025.ppm;2;0
2/00038_00026.ppm;2;0
2/00038_00027.ppm;2;0
2/00038_00028.ppm;2;0
2/00038_00029.ppm;2;0
2/00039_00000.ppm;2;0
2/00039_00001.ppm;2;0
2/00039_00002.ppm;2;0
2/00039_00003.ppm;2;0
2/00039_00004.ppm;2;0
2/00039_00005.ppm;2;0
2/00039_00006.ppm;2;0
2/00039_00007.ppm;2;0
2/00039_00008.ppm;2;0
2/00039_00009.ppm;2;0
2/00039_00010.ppm;2;0
2/00039_00011.ppm;2;0
2/00039_00012.ppm;2;0
2/00039_00013.ppm;2;0
2/00039_00014.ppm;2;0
2/00039_00015.ppm;2;0
2/00039_00016.ppm;2;0
2/00039_00017.ppm;2;0
2/00039_00018.ppm;2;0
2/00039_00019.ppm;2;0
2/00039_00020.ppm;2;0
2/00039_00021.ppm;2;0
2/00039_00022.ppm;2;0
2/00039_00023.ppm;2;0
2/00039_00024.ppm;2;0
2/00039_00025.ppm;2;0
2/00039_00026.ppm;2;0
2/00039_00027.ppm;2;0
2/00039_00028.ppm;2;0
2/00039_00029.ppm;2;0
2/00040_00000.ppm;2;0
2/00040_00001.ppm;2;0
2/00040_00002.ppm;2;0
2/00040_00003.ppm;2;0
2/00040_00004.ppm;2;0
2/00040_00005.ppm;2;0
2/00040_00006.ppm;2;0
2/00040_00007.ppm;2;0
2/00040_00008.ppm;2;0
2/00040_00009.ppm;2;0
2/00040_00010.ppm;2;0
2/00040_00011.ppm;2;0
2/00040_00012.ppm;2;0
2/00040_00013.ppm;2;0
2/00040_00014.ppm;2;0
2/00040_00015.ppm;2;0
2/00040_00016.ppm;2;0
2/00040_00017.ppm;2;0
2/00040_00018.ppm;2;0
2/00040_00019.ppm;2;0
2/00040_00020.ppm;2;0
2/00040_00021.ppm;2;0
2/00040_00022.ppm;2;0
2/00040_00023.ppm;2;0
2/00040_00024.ppm;2;0
2/00040_00025.ppm;2;0
2/00040_00026.ppm;2;0
2/00040_00027.ppm;2;0
2/00040_00028.ppm;2;0
2/00040_00029.ppm;2;0
2/00041_00000.ppm;2;0
2/00041_00001.ppm;2;0
2/00041_00002.ppm;2;0
2/00041_00003.ppm;2;0
2/00041_00004.ppm;2;0
2/00041_00005.ppm;2;0
2/00041_00006.ppm;2;0
2/00041_00007.ppm;2;0
2/00041_00008.ppm;2;0
2/00041_00009.ppm;2;0
2/00041_00010.ppm;2;0
2/00041_00011.ppm;2;0
2/00041_00012.ppm;2;0
2/00041_00013.ppm;2;0
2/00041_00014.ppm;2;0
2/00041_00015.ppm;2;0
2/00041_00016.ppm;2;0
2/00041_00017.ppm;2;0
2/00041_00018.ppm;2;0
2/00041_00019.ppm;2;0
2/00041_00020.ppm;2;0
2/00041_00021.ppm;2;0
2/00041_00022.ppm;2;0
2/00041_00023.ppm;2;0
2/00041_00024.ppm;2;0
2/00041_00025.ppm;2;0
2/00041_00026.ppm;2;0
2/00041_00027.ppm;2;0
2/00041_00028.ppm;2;0
2/00041_00029.ppm;2;0
2/00042_00000.ppm;2;0
2/00042_00001.ppm;2;0
2/00042_00002.ppm;2;0
2/00042_00003.ppm;2;0
2/00042_00004.ppm;2;0
2/00042_00005.ppm;2;0
2/00042_00006.ppm;2;0
2/00042_00007.ppm;2;0
2/00042_00008.ppm;2;0
2/00042_00009.ppm;2;0
2/00042_00010.ppm;2;0
2/00042_00011.ppm;2;0
2/00042_00012.ppm;2;0
2/00042_00013.ppm;2;0
2/00042_00014.ppm;2;0
2/00042_00015.ppm;2;0
2/00042_00016.ppm;2;0
2/00042_00017.ppm;2;0
2/00042_00018.ppm;2;0
2/00042_00019.ppm;2;0
2/00042_00020.ppm;2;0
2/00042_00021.ppm;2;0
2/00042_00022.ppm;2;0
2/00042_00023.ppm;2;0
2/00042_00024.ppm;2;0
2/00042_00025.ppm;2;0
2/00042_00026.ppm;2;0
2/00042_00027.ppm;2;0
2/00042_00028.ppm;2;0
2/00042_00029.ppm;2;0
2/00043_00000.ppm;2;0
2/00043_00001.ppm;2;0
2/00043_00002.ppm;2;0
2/00043_00003.ppm;2;0
2/00043_00004.ppm;2;0
2/00043_00005.ppm;2;0
2/00043_00006.ppm;2;0
2/00043_00007.ppm;2;0
2/00043_00008.ppm;2;0
2/00043_00009.ppm;2;0
2/00043_00010.ppm;2;0
2/00043_00011.ppm;2;0
2/00043_00012.ppm;2;0
2/00043_00013.ppm;2;0
2/00043_00014.ppm;2;0
2/00043_00015.ppm;2;0
2/00043_00016.ppm;2;0
2/00043_00017.ppm;2;0
2/00043_00018.ppm;2;0
2/00043_00019.ppm;2;0
2/00043_00020.ppm;2;0
2/00043_00021.ppm;2;0
2/00043_00022.ppm;2;0
2/00043_00023.ppm;2;0
2/00043_00024.ppm;2;0
2/00043_00025.ppm;2;0
2/00043_00026.ppm;2;0
2/00043_00027.ppm;2;0
2/00043_00028.ppm;2;0
2/00043_00029.ppm;2;0
2/00044_00000.ppm;2;0
2/00044_00001.ppm;2;0
2/00044_00002.ppm;2;0
2/00044_00003.ppm;2;0
2/00044_00004.ppm;2;0
2/00044_00005.ppm;2;0
2/00044_00006.ppm;2;0
2/00044_00007.ppm;2;0
2/00044_00008.ppm;2;0
2/00044_00009.ppm;2;0
2/00044_00010.ppm;2;0
2/00044_00011.ppm;2;0
2/00044_00012.ppm;2;0
2/00044_00013.ppm;2;0
2/00044_00014.ppm;2;0
2/00044_00015.ppm;2;0
2/00044_00016.ppm;2;0
2/00044_00017.ppm;2;0
2/00044_00018.ppm;2;0
2/00044_00019.ppm;2;0
2/00044_00020.ppm;2;0
2/00044_00021.ppm;2;0
2/00044_00022.ppm;2;0
2/00044_00023.ppm;2;0
2/00044_00024.ppm;2;0
2/00044_00025.ppm;2;0
2/00044_00026.ppm;2;0
2/00044_00027.ppm;2;0
2/00044_00028.ppm;2;0
2/00044_00029.ppm;2;0
2/00045_00000.ppm;2;0
2/00045_00001.ppm;2;0
2/00045_00002.ppm;2;0
2/00045_00003.ppm;2;0
2/00045_00004.ppm;2;0
2/00045_00005.ppm;2;0
2/00045_00006.ppm;2;0
2/00045_00007.ppm;2;0
2/00045_00008.ppm;2;0
2/00045_00009.ppm;2;0
2/00045_00010.ppm;2;0
2/00045_00011.ppm;2;0
2/00045_00012.ppm;2;0
2/00045_00013.ppm;2;0
2/00045_00014.ppm;2;0
2/00045_00015.ppm;2;0
2/00045_00016.ppm;2;0
2/00045_00017.ppm;2;0
2/00045_00018.ppm;2;0
2/00045_00019.ppm;2;0
2/00045_00020.ppm;2;0
2/00045_00021.ppm;2;0
2/00045_00022.ppm;2;0
2/00045_00023.ppm;2;0
2/00045_00024.ppm;2;0
2/00045_00025.ppm;2;0
2/00045_00026.ppm;2;0
2/00045_00027.ppm;2;0
2/00045_00028.ppm;2;0
2/00045_00029.ppm;2;0
2/00046_00000.ppm;2;0
2/00046_00001.ppm;2;0
2/00046_00002.ppm;2;0
2/00046_00003.ppm;2;0
2/00046_00004.ppm;2;0
2/00046_00005.ppm;2;0
2/00046_00006.ppm;2;0
2/00046_00007.ppm;2;0
2/00046_00008.ppm;2;0
2/00046_00009.ppm;2;0
2/00046_00010.ppm;2;0
2/00046_00011.ppm;2;0
2/00046_00012.ppm;2;0
2/00046_00013.ppm;2;0
2/00046_00014.ppm;2;0
2/00046_00015.ppm;2;0
2/00046_00016.ppm;2;0
2/00046_00017.ppm;2;0
2/00046_00018.ppm;2;0
2/00046_00019.ppm;2;0
2/00046_00020.ppm;2;0
2/00046_00021.ppm;2;0
2/00046_00022.ppm;2;0
2/00046_00023.ppm;2;0
2/00046_00024.ppm;2;0
2/00046_00025.ppm;2;0
2/00046_00026.ppm;2;0
2/00046_00027.ppm;2;0
2/00046_00028.ppm;2;0
2/00046_00029.ppm;2;0
2/00047_00000.ppm;2;0
2/00047_00001.ppm;2;0
2/00047_00002.ppm;2;0
2/00047_00003.ppm;2;0
2/00047_00004.ppm;2;0
2/00047_00005.ppm;2;0
2/00047_00006.ppm;2;0
2/00047_00007.ppm;2;0
2/00047_00008.ppm;2;0
2/00047_00009.ppm;2;0
2/00047_00010.ppm;2;0
2/00047_00011.ppm;2;0
2/00047_00012.ppm;2;0
2/00047_00013.ppm;2;0
2/00047_00014.ppm;2;0
2/00047_00015.ppm;2;0
2/00047_00016.ppm;2;0
2/00047_00017.ppm;2;0
2/00047_00018.ppm;2;0
2/00047_00019.ppm;2;0
2/00047_00020.ppm;2;0
2/00047_00021.ppm;2;0
2/00047_00022.ppm;2;0
2/00047_00023.ppm;2;0
2/00047_00024.ppm;2;0
2/00047_00025.ppm;2;0
2/00047_00026.ppm;2;0
2/00047_00027.ppm;2;0
2/00047_00028.ppm;2;0
2/00047_00029.ppm;2;0
2/00048_00000.ppm;2;0
2/00048_00001.ppm;2;0
2/00048_00002.ppm;2;0
2/00048_00003.ppm;2;0
2/00048_00004.ppm;2;0
2/00048_00005.ppm;2;0
2/00048_00006.ppm;2;0
2/00048_00007.ppm;2;0
2/00048_00008.ppm;2;0
2/00048_00009.ppm;2;0
2/00048_00010.ppm;2;0
2/00048_00011.ppm;2;0
2/00048_00012.ppm;2;0
2/00048_00013.ppm;2;0
2/00048_00014.ppm;2;0
2/00048_00015.ppm;2;0
2/00048_00016.ppm;2;0
2/00048_00017.ppm;2;0
2/00048_00018.ppm;2;0
2/00048_00019.ppm;2;0
2/00048_00020.ppm;2;0
2/00048_00021.ppm;2;0
2/00048_00022.ppm;2;0
2/00048_00023.ppm;2;0
2/00048_00024.ppm;2;0
2/00048_00025.ppm;2;0
2/00048_00026.ppm;2;0
2/00048_00027.ppm;2;0
2/00048_00028.ppm;2;0
2/00048_00029.ppm;2;0
2/00049_00000.ppm;2;0
2/00049_00001.ppm;2;0
2/00049_00002.ppm;2;0
2/00049_00003.ppm;2;0
2/00049_00004.ppm;2;0
2/00049_00005.ppm;2;0
2/00049_00006.ppm;2;0
2/00049_00007.ppm;2;0
2/00049_00008.ppm;2;0
2/00049_00009.ppm;2;0
2/00049_00010.ppm;2;0
2/00049_00011.ppm;2;0
2/00049_00012.ppm;2;0
2/00049_00013.ppm;2;0
2/00049_00014.ppm;2;0
2/00049_00015.ppm;2;0
2/00049_00016.ppm;2;0
2/00049_00017.ppm;2;0
2/00049_00018.ppm;2;0
2/00049_00019.ppm;2;0
2/00049_00020.ppm;2;0
2/00049_00021.ppm;2;0
2/00049_00022.ppm;2;0
2/00049_00023.ppm;2;0
2/00049_00024.ppm;2;0
2/00049_00025.ppm;2;0
2/00049_00026.ppm;2;0
2/00049_00027.ppm;2;0
2/00049_00028.ppm;2;0
2/00049_00029.ppm;2;0
3/00000_00000.ppm;3;0
3/00000_00001.ppm;3;0
3/00000_00002.ppm;3;0
3/00000_00003.ppm;3;0
3/00000_00004.ppm;3;0
3/00000_00005.ppm;3;0
3/00000_00006.ppm;3;0
3/00000_00007.ppm;3;0
3/00000_00008.ppm;3;0
3/00000_00009.ppm;3;0
3/00000_00010.ppm;3;0
3/00000_00011.ppm;3;0
3/00000_00012.ppm;3;0
3/00000_00013.ppm;3;0
3/00000_00014.ppm;3;0
3/00000_00015.ppm;3;0
3/00000_00016.ppm;3;0
3/00000_00017.ppm;3;0
3/00000_00018.ppm;3;0
3/00000_00019.ppm;3;0
3/00000_00020.ppm;3;0
3/00000_00021.ppm;3;0
3/00000_00022.ppm;3;0
3/00000_00023.ppm;3;0
3/00000_00024.ppm;3;0
3/00000_00025.ppm;3;0
3/00000_00026.ppm;3;0
3/00000_00027.ppm;3;0
3/00000_00028.ppm;3;0
3/00000_00029.ppm;3;0
3/00001_00000.ppm;3;0
3/00001_00001.ppm;3;0
3/00001_00002.ppm;3;0
3/00001_00003.ppm;3;0
3/00001_00004.ppm;3;0
3/00001_00005.ppm;3;0
3/00001_00006.ppm;3;0
3/00001_00007.ppm;3;0
3/00001_00008.ppm;3;0
3/00001_00009.ppm;3;0
3/00001_00010.ppm;3;0
3/00001_00011.ppm;3;0
3/00001_00012.ppm;3;0
3/00001_00013.ppm;3;0
3/00001_00014.ppm;3;0
3/00001_00015.ppm;3;0
3/00001_00016.ppm;3;0
3/00001_00017.ppm;3;0
3/00001_00018.ppm;3;0
3/00001_00019.ppm;3;0
3/00001_00020.ppm;3;0
3/00001_00021.ppm;3;0
3/00001_00022.ppm;3;0
3/00001_00023.ppm;3;0
3/00001_00024.ppm;3;0
3/00001_00025.ppm;3;0
3/00001_00026.ppm;3;0
3/00001_00027.ppm;3;0
3/00001_00028.ppm;3;0
3/00001_00029.ppm;3;0
3/00002_00000.ppm;3;0
3/00002_00001.ppm;3;0
3/00002_00002.ppm;3;0
3/00002_00003.ppm;3;0
3/00002_00004.ppm;3;0
3/00002_00005.ppm;3;0
3/00002_00006.ppm;3;0
3/00002_00007.ppm;3;0
3/00002_00008.ppm;3;0
3/00002_00009.ppm;3;0
3/00002_00010.ppm;3;0
3/00002_00011.ppm;3;0
3/00002_00012.ppm;3;0
3/00002_00013.ppm;3;0
3/00002_00014.ppm;3;0
3/00002_00015.ppm;3;0
3/00002_00016.ppm;3;0
3/00002_00017.ppm;3;0
3/00002_00018.ppm;3;0
3/00002_00019.ppm;3;0
3/00002_00020.ppm;3;0
3/00002_00021.ppm;3;0
3/00002_00022.ppm;3;0
3/00002_00023.ppm;3;0
3/00002_00024.ppm;3;0
3/00002_00025.ppm;3;0
3/00002_00026.ppm;3;0
3/00002_00027.ppm;3;0
3/00002_00028.ppm;3;0
3/00002_00029.ppm;3;0
3/00003_00000.ppm;3;0
3/00003_00001.ppm;3;0
3/00003_00002.ppm;3;0
3/00003_00003.ppm;3;0
3/00003_00004.ppm;3;0
3/00003_00005.ppm;3;0
3/00003_00006.ppm;3;0
3/00003_00007.ppm;3;0
3/00003_00008.ppm;3;0
3/00003_00009.ppm;3;0
3/00003_00010.ppm;3;0
3/00003_00011.ppm;3;0
3/00003_00012.ppm;3;0
3/00003_00013.ppm;3;0
3/00003_00014.ppm;3;0
3/00003_00015.ppm;3;0
3/00003_00016.ppm;3;0
3/00003_00017.ppm;3;0
3/00003_00018.ppm;3;0
3/00003_00019.ppm;3;0
3/00003_00020.ppm;3;0
3/00003_00021.ppm;3;0
3/00003_00022.ppm;3;0
3/00003_00023.ppm;3;0
3/00003_00024.ppm;3;0
3/00003_00025.ppm;3;0
3/00003_00026.ppm;3;0
3/00003_00027.ppm;3;0
3/00003_00028.ppm;3;0
3/00003_00029.ppm;3;0
3/00004_00000.ppm;3;0
3/00004_00001.ppm;3;0
3/00004_00002.ppm;3;0
3/00004_00003.ppm;3;0
3/00004_00004.ppm;3;0
3/00004_00005.ppm;3;0
3/00004_00006.ppm;3;0
3/00004_00007.ppm;3;0
3/00004_00008.ppm;3;0
3/00004_00009.ppm;3;0
3/00004_00010.ppm;3;0
3/00004_00011.ppm;3;0
3/00004_00012.ppm;3;0
3/00004_00013.ppm;3;0
3/00004_00014.ppm;3;0
3/00004_00015.ppm;3;0
3/00004_00016.ppm;3;0
3/00004_00017.ppm;3;0
3/00004_00018.ppm;3;0
3/00004_00019.ppm;3;0
3/00004_00020.ppm;3;0
3/00004_00021.ppm;3;0
3/00004_00022.ppm;3;0
3/00004_00023.ppm;3;0
3/00004_00024.ppm;3;0
3/00004_00025.ppm;3;0
3/00004_00026.ppm;3;0
3/00004_00027.ppm;3;0
3/00004_00028.ppm;3;0
3/00004_00029.ppm;3;0
3/00005_00000.ppm;3;0
3/00005_00001.ppm;3;0
3/00005_00002.ppm;3;0
3/00005_00003.ppm;3;0
3/00005_00004.ppm;3;0
3/00005_00005.ppm;3;0
3/00005_00006.ppm;3;0
3/00005_00007.ppm;3;0
3/00005_00008.ppm;3;0
3/00005_00009.ppm;3;0
3/00005_00010.ppm;3;0
3/00005_00011.ppm;3;0
3/00005_00012.ppm;3;0
3/00005_00013.ppm;3;0
3/00005_00014.ppm;3;0
3/00005_00015.ppm;3;0
3/00005_00016.ppm;3;0
3/00005_00017.ppm;3;0
3/00005_00018.ppm;3;0
3/00005_00019.ppm;3;0
3/00005_00020.ppm;3;0
3/00005_00021.ppm;3;0
3/00005_00022.ppm;3;0
3/00005_00023.ppm;3;0
3/00005_00024.ppm;3;0
3/00005_00025.ppm;3;0
3/00005_00026.ppm;3;0
3/00005_00027.ppm;3;0
3/00005_00028.ppm;3;0
3/00005_00029.ppm;3;0
3/00006_00000.ppm;3;0
3/00006_00001.ppm;3;0
3/00006_00002.ppm;3;0
3/00006_00003.ppm;3;0
3/00006_00004.ppm;3;0
3/00006_00005.ppm;3;0
3/00006_00006.ppm;3;0
3/00006_00007.ppm;3;0
3/00006_00008.ppm;3;0
3/00006_00009.ppm;3;0
3/00006_00010.ppm;3;0
3/00006_00011.ppm;3;0
3/00006_00012.ppm;3;0
3/00006_00013.ppm;3;0
3/00006_00014.ppm;3;0
3/00006_00015.ppm;3;0
3/00006_00016.ppm;3;0
3/00006_00017.ppm;3;0
3/00006_00018.ppm;3;0
3/00006_00019.ppm;3;0
3/00006_00020.ppm;3;0
3/00006_00021.ppm;3;0
3/00006_00022.ppm;3;0
3/00006_00023.ppm;3;0
3/00006_00024.ppm;3;0
3/00006_00025.ppm;3;0
3/00006_00026.ppm;3;0
3/00006_00027.ppm;3;0
3/00006_00028.ppm;3;0
3/00006_00029.ppm;3;0
3/00007_00000.ppm;3;0
3/00007_00001.ppm;3;0
3/00007_00002.ppm;3;0
3/00007_00003.ppm;3;0
3/00007_00004.ppm;3;0
3/00007_00005.ppm;3;0
3/00007_00006.ppm;3;0
3/00007_00007.ppm;3;0
3/00007_00008.ppm;3;0
3/00007_00009.ppm;3;0
3/00007_00010.ppm;3;0
3/00007_00011.ppm;3;0
3/00007_00012.ppm;3;0
3/00007_00013.ppm;3;0
3/00007_00014.ppm;3;0
3/00007_00015.ppm;3;0
3/00007_00016.ppm;3;0
3/00007_00017.ppm;3;0
3/00007_00018.ppm;3;0
3/00007_00019.ppm;3;0
3/00007_00020.ppm;3;0
3/00007_00021.ppm;3;0
3/00007_00022.ppm;3;0
3/00007_00023.ppm;3;0
3/00007_00024.ppm;3;0
3/00007_00025.ppm;3;0
3/00007_00026.ppm;3;0
3/00007_00027.ppm;3;0
3/00007_00028.ppm;3;0
3/00007_00029.ppm;3;0
3/00008_00000.ppm;3;0
3/00008_00001.ppm;3;0
3/00008_00002.ppm;3;0
3/00008_00003.ppm;3;0
3/00008_00004.ppm;3;0
3/00008_00005.ppm;3;0
3/00008_00006.ppm;3;0
3/00008_00007.ppm;3;0
3/00008_00008.ppm;3;0
3/00008_00009.ppm;3;0
3/00008_00010.ppm;3;0
3/00008_00011.ppm;3;0
3/00008_00012.ppm;3;0
3/00008_00013.ppm;3;0
3/00008_00014.ppm;3;0
3/00008_00015.ppm;3;0
3/00008_00016.ppm;3;0
3/00008_00017.ppm;3;0
3/00008_00018.ppm;3;0
3/00008_00019.ppm;3;0
3/00008_00020.ppm;3;0
3/00008_00021.ppm;3;0
3/00008_00022.ppm;3;0
3/00008_00023.ppm;3;0
3/00008_00024.ppm;3;0
3/00008_00025.ppm;3;0
3/00008_00026.ppm;3;0
3/00008_00027.ppm;3;0
3/00008_00028.ppm;3;0
3/00008_00029.ppm;3;0
3/00009_00000.ppm;3;0
3/00009_00001.ppm;3;0
3/00009_00002.ppm;3;0
3/00009_00003.ppm;3;0
3/00009_00004.ppm;3;0
3/00009_00005.ppm;3;0
3/00009_00006.ppm;3;0
3/00009_00007.ppm;3;0
3/00009_00008.ppm;3;0
3/00009_00009.ppm;3;0
3/00009_00010.ppm;3;0
3/00009_00011.ppm;3;0
3/00009_00012.ppm;3;0
3/00009_00013.ppm;3;0
3/00009_00014.ppm;3;0
3/00009_00015.ppm;3;0
3/00009_00016.ppm;3;0
3/00009_00017.ppm;3;0
3/00009_00018.ppm;3;0
3/00009_00019.ppm;3;0
3/00009_00020.ppm;3;0
3/00009_00021.ppm;3;0
3/00009_00022.ppm;3;0
3/00009_00023.ppm;3;0
3/00009_00024.ppm;3;0
3/00009_00025.ppm;3;0
3/00009_00026.ppm;3;0
3/00009_00027.ppm;3;0
3/00009_00028.ppm;3;0
3/00009_00029.ppm;3;0
3/00010_00000.ppm;3;0
3/00010_00001.ppm;3;0
3/00010_00002.ppm;3;0
3/00010_00003.ppm;3;0
3/00010_00004.ppm;3;0
3/00010_00005.ppm;3;0
3/00010_00006.ppm;3;0
3/00010_00007.ppm;3;0
3/00010_00008.ppm;3;0
3/00010_00009.ppm;3;0
3/00010_00010.ppm;3;0
3/00010_00011.ppm;3;0
3/00010_00012.ppm;3;0
3/00010_00013.ppm;3;0
3/00010_00014.ppm;3;0
3/00010_00015.ppm;3;0
3/00010_00016.ppm;3;0
3/00010_00017.ppm;3;0
3/00010_00018.ppm;3;0
3/00010_00019.ppm;3;0
3/00010_00020.ppm;3;0
3/00010_00021.ppm;3;0
3/00010_00022.ppm;3;0
3/00010_00023.ppm;3;0
3/00010_00024.ppm;3;0
3/00010_00025.ppm;3;0
3/00010_00026.ppm;3;0
3/00010_00027.ppm;3;0
3/00010_00028.ppm;3;0
3/00010_00029.ppm;3;0
3/00011_00000.ppm;3;0
3/00011_00001.ppm;3;0
3/00011_00002.ppm;3;0
3/00011_00003.ppm;3;0
3/00011_00004.ppm;3;0
3/00011_00005.ppm;3;0
3/00011_00006.ppm;3;0
3/00011_00007.ppm;3;0
3/00011_00008.ppm;3;0
3/00011_00009.ppm;3;0
3/00011_00010.ppm;3;0
3/00011_00011.ppm;3;0
3/00011_00012.ppm;3;0
3/00011_00013.ppm;3;0
3/00011_00014.ppm;3;0
3/00011_00015.ppm;3;0
3/00011_00016.ppm;3;0
3/00011_00017.ppm;3;0
3/00011_00018.ppm;3;0
3/00011_00019.ppm;3;0
3/00011_00020.ppm;3;0
3/00011_00021.ppm;3;0
3/00011_00022.ppm;3;0
3/00011_00023.ppm;3;0
3/00011_00024.ppm;3;0
3/00011_00025.ppm;3;0
3/00011_00026.ppm;3;0
3/00011_00027.ppm;3;0
3/00011_00028.ppm;3;0
3/00011_00029.ppm;3;0
3/00012_00000.ppm;3;0
3/00012_00001.ppm;3;0
3/00012_00002.ppm;3;0
3/00012_00003.ppm;3;0
3/00012_00004.ppm;3;0
3/00012_00005.ppm;3;0
3/00012_00006.ppm;3;0
3/00012_00007.ppm;3;0
3/00012_00008.ppm;3;0
3/00012_00009.ppm;3;0
3/00012_00010.ppm;3;0
3/00012_00011.ppm;3;0
3/00012_00012.ppm;3;0
3/00012_00013.ppm;3;0
3/00012_00014.ppm;3;0
3/00012_00015.ppm;3;0
3/00012_00016.ppm;3;0
3/00012_00017.ppm;3;0
3/00012_00018.ppm;3;0
3/00012_00019.ppm;3;0
3/00012_00020.ppm;3;0
3/00012_00021.ppm;3;0
3/00012_00022.ppm;3;0
3/00012_00023.ppm;3;0
3/00012_00024.ppm;3;0
3/00012_00025.ppm;3;0
3/00012_00026.ppm;3;0
3/00012_00027.ppm;3;0
3/00012_00028.ppm;3;0
3/00012_00029.ppm;3;0
3/00013_00000.ppm;3;0
3/00013_00001.ppm;3;0
3/00013_00002.ppm;3;0
3/00013_00003.ppm;3;0
3/00013_00004.ppm;3;0
3/00013_00005.ppm;3;0
3/00013_00006.ppm;3;0
3/00013_00007.ppm;3;0
3/00013_00008.ppm;3;0
3/00013_00009.ppm;3;0
3/00013_00010.ppm;3;0
3/00013_00011.ppm;3;0
3/00013_00012.ppm;3;0
3/00013_00013.ppm;3;0
3/00013_00014.ppm;3;0
3/00013_00015.ppm;3;0
3/00013_00016.ppm;3;0
3/00013_00017.ppm;3;0
3/00013_00018.ppm;3;0
3/00013_00019.ppm;3;0
3/00013_00020.ppm;3;0
3/00013_00021.ppm;3;0
3/00013_00022.ppm;3;0
3/00013_00023.ppm;3;0
3/00013_00024.ppm;3;0
3/00013_00025.ppm;3;0
3/00013_00026.ppm;3;0
3/00013_00027.ppm;3;0
3/00013_00028.ppm;3;0
3/00013_00029.ppm;3;0
3/00014_00000.ppm;3;0
3/00014_00001.ppm;3;0
3/00014_00002.ppm;3;0
3/00014_00003.ppm;3;0
3/00014_00004.ppm;3;0
3/00014_00005.ppm;3;0
3/00014_00006.ppm;3;0
3/00014_00007.ppm;3;0
3/00014_00008.ppm;3;0
3/00014_00009.ppm;3;0
3/00014_00010.ppm;3;0
3/00014_00011.ppm;3;0
3/00014_00012.ppm;3;0
3/00014_00013.ppm;3;0
3/00014_00014.ppm;3;0
3/00014_00015.ppm;3;0
3/00014_00016.ppm;3;0
3/00014_00017.ppm;3;0
3/00014_00018.ppm;3;0
3/00014_00019.ppm;3;0
3/00014_00020.ppm;3;0
3/00014_00021.ppm;3;0
3/00014_00022.ppm;3;0
3/00014_00023.ppm;3;0
3/00014_00024.ppm;3;0
3/00014_00025.ppm;3;0
3/00014_00026.ppm;3;0
3/00014_00027.ppm;3;0
3/00014_00028.ppm;3;0
3/00014_00029.ppm;3;0
3/00015_00000.ppm;3;0
3/00015_00001.ppm;3;0
3/00015_00002.ppm;3;0
3/00015_00003.ppm;3;0
3/00015_00004.ppm;3;0
3/00015_00005.ppm;3;0
3/00015_00006.ppm;3;0
3/00015_00007.ppm;3;0
3/00015_00008.ppm;3;0
3/00015_00009.ppm;3;0
3/00015_00010.ppm;3;0
3/00015_00011.ppm;3;0
3/00015_00012.ppm;3;0
3/00015_00013.ppm;3;0
3/00015_00014.ppm;3;0
3/00015_00015.ppm;3;0
3/00015_00016.ppm;3;0
3/00015_00017.ppm;3;0
3/00015_00018.ppm;3;0
3/00015_00019.ppm;3;0
3/00015_00020.ppm;3;0
3/00015_00021.ppm;3;0
3/00015_00022.ppm;3;0
3/00015_00023.ppm;3;0
3/00015_00024.ppm;3;0
3/00015_00025.ppm;3;0
3/00015_00026.ppm;3;0
3/00015_00027.ppm;3;0
3/00015_00028.ppm;3;0
3/00015_00029.ppm;3;0
3/00016_00000.ppm;3;0
3/00016_00001.ppm;3;0
3/00016_00002.ppm;3;0
3/00016_00003.ppm;3;0
3/00016_00004.ppm;3;0
3/00016_00005.ppm;3;0
3/00016_00006.ppm;3;0
3/00016_00007.ppm;3;0
3/00016_00008.ppm;3;0
3/00016_00009.ppm;3;0
3/00016_00010.ppm;3;0
3/00016_00011.ppm;3;0
3/00016_00012.ppm;3;0
3/00016_00013.ppm;3;0
3/00016_00014.ppm;3;0
3/00016_00015.ppm;3;0
3/00016_00016.ppm;3;0
3/00016_00017.ppm;3;0
3/00016_00018.ppm;3;0
3/00016_00019.ppm;3;0
3/00016_00020.ppm;3;0
3/00016_00021.ppm;3;0
3/00016_00022.ppm;3;0
3/00016_00023.ppm;3;0
3/00016_00024.ppm;3;0
3/00016_00025.ppm;3;0
3/00016_00026.ppm;3;0
3/00016_00027.ppm;3;0
3/00016_00028.ppm;3;0
3/00016_00029.ppm;3;0
3/00017_00000.ppm;3;0
3/00017_00001.ppm;3;0
3/00017_00002.ppm;3;0
3/00017_00003.ppm;3;0
3/00017_00004.ppm;3;0
3/00017_00005.ppm;3;0
3/00017_00006.ppm;3;0
3/00017_00007.ppm;3;0
3/00017_00008.ppm;3;0
3/00017_00009.ppm;3;0
3/00017_00010.ppm;3;0
3/00017_00011.ppm;3;0
3/00017_00012.ppm;3;0
3/00017_00013.ppm;3;0
3/00017_00014.ppm;3;0
3/00017_00015.ppm;3;0
3/00017_00016.ppm;3;0
3/00017_00017.ppm;3;0
3/00017_00018.ppm;3;0
3/00017_00019.ppm;3;0
3/00017_00020.ppm;3;0
3/00017_00021.ppm;3;0
3/00017_00022.ppm;3;0
3/00017_00023.ppm;3;0
3/00017_00024.ppm;3;0
3/00017_00025.ppm;3;0
3/00017_00026.ppm;3;0
3/00017_00027.ppm;3;0
3/00017_00028.ppm;3;0
3/00017_00029.ppm;3;0
3/00018_00000.ppm;3;0
3/00018_00001.ppm;3;0
3/00018_00002.ppm;3;0
3/00018_00003.ppm;3;0
3/00018_00004.ppm;3;0
3/00018_00005.ppm;3;0
3/00018_00006.ppm;3;0
3/00018_00007.ppm;3;0
3/00018_00008.ppm;3;0
3/00018_00009.ppm;3;0
3/00018_00010.ppm;3;0
3/00018_00011.ppm;3;0
3/00018_00012.ppm;3;0
3/00018_00013.ppm;3;0
3/00018_00014.ppm;3;0
3/00018_00015.ppm;3;0
3/00018_00016.ppm;3;0
3/00018_00017.ppm;3;0
3/00018_00018.ppm;3;0
3/00018_00019.ppm;3;0
3/00018_00020.ppm;3;0
3/00018_00021.ppm;3;0
3/00018_00022.ppm;3;0
3/00018_00023.ppm;3;0
3/00018_00024.ppm;3;0
3/00018_00025.ppm;3;0
3/00018_00026.ppm;3;0
3/00018_00027.ppm;3;0
3/00018_00028.ppm;3;0
3/00018_00029.ppm;3;0
3/00019_00000.ppm;3;0
3/00019_00001.ppm;3;0
3/00019_00002.ppm;3;0
3/00019_00003.ppm;3;0
3/00019_00004.ppm;3;0
3/00019_00005.ppm;3;0
3/00019_00006.ppm;3;0
3/00019_00007.ppm;3;0
3/00019_00008.ppm;3;0
3/00019_00009.ppm;3;0
3/00019_00010.ppm;3;0
3/00019_00011.ppm;3;0
3/00019_00012.ppm;3;0
3/00019_00013.ppm;3;0
3/00019_00014.ppm;3;0
3/00019_00015.ppm;3;0
3/00019_00016.ppm;3;0
3/00019_00017.ppm;3;0
3/00019_00018.ppm;3;0
3/00019_00019.ppm;3;0
3/00019_00020.ppm;3;0
3/00019_00021.ppm;3;0
3/00019_00022.ppm;3;0
3/00019_00023.ppm;3;0
3/00019_00024.ppm;3;0
3/00019_00025.ppm;3;0
3/00019_00026.ppm;3;0
3/00019_00027.ppm;3;0
3/00019_00028.ppm;3;0
3/00019_00029.ppm;3;0
3/00020_00000.ppm;3;0
3/00020_00001.ppm;3;0
3/00020_00002.ppm;3;0
3/00020_00003.ppm;3;0
3/00020_00004.ppm;3;0
3/00020_00005.ppm;3;0
3/00020_00006.ppm;3;0
3/00020_00007.ppm;3;0
3/00020_00008.ppm;3;0
3/00020_00009.ppm;3;0
3/00020_00010.ppm;3;0
3/00020_00011.ppm;3;0
3/00020_00012.ppm;3;0
3/00020_00013.ppm;3;0
3/00020_00014.ppm;3;0
3/00020_00015.ppm;3;0
3/00020_00016.ppm;3;0
3/00020_00017.ppm;3;0
3/00020_00018.ppm;3;0
3/00020_00019.ppm;3;0
3/00020_00020.ppm;3;0
3/00020_00021.ppm;3;0
3/00020_00022.ppm;3;0
3/00020_00023.ppm;3;0
3/00020_00024.ppm;3;0
3/00020_00025.ppm;3;0
3/00020_00026.ppm;3;0
3/00020_00027.ppm;3;0
3/00020_00028.ppm;3;0
3/00020_00029.ppm;3;0
3/00021_00000.ppm;3;0
3/00021_00001.ppm;3;0
3/00021_00002.ppm;3;0
3/00021_00003.ppm;3;0
3/00021_00004.ppm;3;0
3/00021_00005.ppm;3;0
3/00021_00006.ppm;3;0
3/00021_00007.ppm;3;0
3/00021_00008.ppm;3;0
3/00021_00009.ppm;3;0
3/00021_00010.ppm;3;0
3/00021_00011.ppm;3;0
3/00021_00012.ppm;3;0
3/00021_00013.ppm;3;0
3/00021_00014.ppm;3;0
3/00021_00015.ppm;3;0
3/00021_00016.ppm;3;0
3/00021_00017.ppm;3;0
3/00021_00018.ppm;3;0
3/00021_00019.ppm;3;0
3/00021_00020.ppm;3;0
3/00021_00021.ppm;3;0
3/00021_00022.ppm;3;0
3/00021_00023.ppm;3;0
3/00021_00024.ppm;3;0
3/00021_00025.ppm;3;0
3/00021_00026.ppm;3;0
3/00021_00027.ppm;3;0
3/00021_00028.ppm;3;0
3/00021_00029.ppm;3;0
3/00022_00000.ppm;3;0
3/00022_00001.ppm;3;0
3/00022_00002.ppm;3;0
3/00022_00003.ppm;3;0
3/00022_00004.ppm;3;0
3/00022_00005.ppm;3;0
3/00022_00006.ppm;3;0
3/00022_00007.ppm;3;0
3/00022_00008.ppm;3;0
3/00022_00009.ppm;3;0
3/00022_00010.ppm;3;0
3/00022_00011.ppm;3;0
3/00022_00012.ppm;3;0
3/00022_00013.ppm;3;0
3/00022_00014.ppm;3;0
3/00022_00015.ppm;3;0
3/00022_00016.ppm;3;0
3/00022_00017.ppm;3;0
3/00022_00018.ppm;3;0
3/00022_00019.ppm;3;0
3/00022_00020.ppm;3;0
3/00022_00021.ppm;3;0
3/00022_00022.ppm;3;0
3/00022_00023.ppm;3;0
3/00022_00024.ppm;3;0
3/00022_00025.ppm;3;0
3/00022_00026.ppm;3;0
3/00022_00027.ppm;3;0
3/00022_00028.ppm;3;0
3/00022_00029.ppm;3;0
3/00023_00000.ppm;3;0
3/00023_00001.ppm;3;0
3/00023_00002.ppm;3;0
3/00023_00003.ppm;3;0
3/00023_00004.ppm;3;0
3/00023_00005.ppm;3;0
3/00023_00006.ppm;3;0
3/00023_00007.ppm;3;0
3/00023_00008.ppm;3;0
3/00023_00009.ppm;3;0
3/00023_00010.ppm;3;0
3/00023_00011.ppm;3;0
3/00023_00012.ppm;3;0
3/00023_00013.ppm;3;0
3/00023_00014.ppm;3;0
3/00023_00015.ppm;3;0
3/00023_00016.ppm;3;0
3/00023_00017.ppm;3;0
3/00023_00018.ppm;3;0
3/00023_00019.ppm;3;0
3/00023_00020.ppm;3;0
3/00023_00021.ppm;3;0
3/00023_00022.ppm;3;0
3/00023_00023.ppm;3;0
3/00023_00024.ppm;3;0
3/00023_00025.ppm;3;0
3/00023_00026.ppm;3;0
3/00023_00027.ppm;3;0
3/00023_00028.ppm;3;0
3/00023_00029.ppm;3;0
3/00024_00000.ppm;3;0
3/00024_00001.ppm;3;0
3/00024_00002.ppm;3;0
3/00024_00003.ppm;3;0
3/00024_00004.ppm;3;0
3/00024_00005.ppm;3;0
3/00024_00006.ppm;3;0
3/00024_00007.ppm;3;0
3/00024_00008.ppm;3;0
3/00024_00009.ppm;3;0
3/00024_00010.ppm;3;0
3/00024_00011.ppm;3;0
3/00024_00012.ppm;3;0
3/00024_00013.ppm;3;0
3/00024_00014.ppm;3;0
3/00024_00015.ppm;3;0
3/00024_00016.ppm;3;0
3/00024_00017.ppm;3;0
3/00024_00018.ppm;3;0
3/00024_00019.ppm;3;0
3/00024_00020.ppm;3;0
3/00024_00021.ppm;3;0
3/00024_00022.ppm;3;0
3/00024_00023.ppm;3;0
3/00024_00024.ppm;3;0
3/00024_00025.ppm;3;0
3/00024_00026.ppm;3;0
3/00024_00027.ppm;3;0
3/00024_00028.ppm;3;0
3/00024_00029.ppm;3;0
3/00025_00000.ppm;3;0
3/00025_00001.ppm;3;0
3/00025_00002.ppm;3;0
3/00025_00003.ppm;3;0
3/00025_00004.ppm;3;0
3/00025_00005.ppm;3;0
3/00025_00006.ppm;3;0
3/00025_00007.ppm;3;0
3/00025_00008.ppm;3;0
3/00025_00009.ppm;3;0
3/00025_00010.ppm;3;0
3/00025_00011.ppm;3;0
3/00025_00012.ppm;3;0
3/00025_00013.ppm;3;0
3/00025_00014.ppm;3;0
3/00025_00015.ppm;3;0
3/00025_00016.ppm;3;0
3/00025_00017.ppm;3;0
3/00025_00018.ppm;3;0
3/00025_00019.ppm;3;0
3/00025_00020.ppm;3;0
3/00025_00021.ppm;3;0
3/00025_00022.ppm;3;0
3/00025_00023.ppm;3;0
3/00025_00024.ppm;3;0
3/00025_00025.ppm;3;0
3/00025_00026.ppm;3;0
3/00025_00027.ppm;3;0
3/00025_00028.ppm;3;0
3/00025_00029.ppm;3;0
3/00026_00000.ppm;3;0
3/00026_00001.ppm;3;0
3/00026_00002.ppm;3;0
3/00026_00003.ppm;3;0
3/00026_00004.ppm;3;0
3/00026_00005.ppm;3;0
3/00026_00006.ppm;3;0
3/00026_00007.ppm;3;0
3/00026_00008.ppm;3;0
3/00026_00009.ppm;3;0
3/00026_00010.ppm;3;0
3/00026_00011.ppm;3;0
3/00026_00012.ppm;3;0
3/00026_00013.ppm;3;0
3/00026_00014.ppm;3;0
3/00026_00015.ppm;3;0
3/00026_00016.ppm;3;0
3/00026_00017.ppm;3;0
3/00026_00018.ppm;3;0
3/00026_00019.ppm;3;0
3/00026_00020.ppm;3;0
3/00026_00021.ppm;3;0
3/00026_00022.ppm;3;0
3/00026_00023.ppm;3;0
3/00026_00024.ppm;3;0
3/00026_00025.ppm;3;0
3/00026_00026.ppm;3;0
3/00026_00027.ppm;3;0
3/00026_00028.ppm;3;0
3/00026_00029.ppm;3;0
3/00027_00000.ppm;3;0
3/00027_00001.ppm;3;0
3/00027_00002.ppm;3;0
3/00027_00003.ppm;3;0
3/00027_00004.ppm;3;0
3/00027_00005.ppm;3;0
3/00027_00006.ppm;3;0
3/00027_00007.ppm;3;0
3/00027_00008.ppm;3;0
3/00027_00009.ppm;3;0
3/00027_00010.ppm;3;0
3/00027_00011.ppm;3;0
3/00027_00012.ppm;3;0
3/00027_00013.ppm;3;0
3/00027_00014.ppm;3;0
3/00027_00015.ppm;3;0
3/00027_00016.ppm;3;0
3/00027_00017.ppm;3;0
3/00027_00018.ppm;3;0
3/00027_00019.ppm;3;0
3/00027_00020.ppm;3;0
3/00027_00021.ppm;3;0
3/00027_00022.ppm;3;0
3/00027_00023.ppm;3;0
3/00027_00024.ppm;3;0
3/00027_00025.ppm;3;0
3/00027_00026.ppm;3;0
3/00027_00027.ppm;3;0
3/00027_00028.ppm;3;0
3/00027_00029.ppm;3;0
3/00028_00000.ppm;3;0
3/00028_00001.ppm;3;0
3/00028_00002.ppm;3;0
3/00028_00003.ppm;3;0
3/00028_00004.ppm;3;0
3/00028_00005.ppm;3;0
3/00028_00006.ppm;3;0
3/00028_00007.ppm;3;0
3/00028_00008.ppm;3;0
3/00028_00009.ppm;3;0
3/00028_00010.ppm;3;0
3/00028_00011.ppm;3;0
3/00028_00012.ppm;3;0
3/00028_00013.ppm;3;0
3/00028_00014.ppm;3;0
3/00028_00015.ppm;3;0
3/00028_00016.ppm;3;0
3/00028_00017.ppm;3;0
3/00028_00018.ppm;3;0
3/00028_00019.ppm;3;0
3/00028_00020.ppm;3;0
3/00028_00021.ppm;3;0
3/00028_00022.ppm;3;0
3/00028_00023.ppm;3;0
3/00028_00024.ppm;3;0
3/00028_00025.ppm;3;0
3/00028_00026.ppm;3;0
3/00028_00027.ppm;3;0
3/00028_00028.ppm;3;0
3/00028_00029.ppm;3;0
3/00029_00000.ppm;3;0
3/00029_00001.ppm;3;0
3/00029_00002.ppm;3;0
3/00029_00003.ppm;3;0
3/00029_00004.ppm;3;0
3/00029_00005.ppm;3;0
3/00029_00006.ppm;3;0
3/00029_00007.ppm;3;0
3/00029_00008.ppm;3;0
3/00029_00009.ppm;3;0
3/00029_00010.ppm;3;0
3/00029_00011.ppm;3;0
3/00029_00012.ppm;3;0
3/00029_00013.ppm;3;0
3/00029_00014.ppm;3;0
3/00029_00015.ppm;3;0
3/00029_00016.ppm;3;0
3/00029_00017.ppm;3;0
3/00029_00018.ppm;3;0
3/00029_00019.ppm;3;0
3/00029_00020.ppm;3;0
3/00029_00021.ppm;3;0
3/00029_00022.ppm;3;0
3/00029_00023.ppm;3;0
3/00029_00024.ppm;3;0
3/00029_00025.ppm;3;0
3/00029_00026.ppm;3;0
3/00029_00027.ppm;3;0
3/00029_00028.ppm;3;0
3/00029_00029.ppm;3;0
3/00030_00000.ppm;3;0
3/00030_00001.ppm;3;0
3/00030_00002.ppm;3;0
3/00030_00003.ppm;3;0
3/00030_00004.ppm;3;0
3/00030_00005.ppm;3;0
3/00030_00006.ppm;3;0
3/00030_00007.ppm;3;0
3/00030_00008.ppm;3;0
3/00030_00009.ppm;3;0
3/00030_00010.ppm;3;0
3/00030_00011.ppm;3;0
3/00030_00012.ppm;3;0
3/00030_00013.ppm;3;0
3/00030_00014.ppm;3;0
3/00030_00015.ppm;3;0
3/00030_00016.ppm;3;0
3/00030_00017.ppm;3;0
3/00030_00018.ppm;3;0
3/00030_00019.ppm;3;0
3/00030_00020.ppm;3;0
3/00030_00021.ppm;3;0
3/00030_00022.ppm;3;0
3/00030_00023.ppm;3;0
3/00030_00024.ppm;3;0
3/00030_00025.ppm;3;0
3/00030_00026.ppm;3;0
3/00030_00027.ppm;3;0
3/00030_00028.ppm;3;0
3/00030_00029.ppm;3;0
3/00031_00000.ppm;3;0
3/00031_00001.ppm;3;0
3/00031_00002.ppm;3;0
3/00031_00003.ppm;3;0
3/00031_00004.ppm;3;0
3/00031_00005.ppm;3;0
3/00031_00006.ppm;3;0
3/00031_00007.ppm;3;0
3/00031_00008.ppm;3;0
3/00031_00009.ppm;3;0
3/00031_00010.ppm;3;0
3/00031_00011.ppm;3;0
3/00031_00012.ppm;3;0
3/00031_00013.ppm;3;0
3/00031_00014.ppm;3;0
3/00031_00015.ppm;3;0
3/00031_00016.ppm;3;0
3/00031_00017.ppm;3;0
3/00031_00018.ppm;3;0
3/00031_00019.ppm;3;0
3/00031_00020.ppm;3;0
3/00031_00021.ppm;3;0
3/00031_00022.ppm;3;0
3/00031_00023.ppm;3;0
3/00031_00024.ppm;3;0
3/00031_00025.ppm;3;0
3/00031_00026.ppm;3;0
3/00031_00027.ppm;3;0
3/00031_00028.ppm;3;0
3/00031_00029.ppm;3;0
4/00000_00000.ppm;4;0
4/00000_00001.ppm;4;0
4/00000_00002.ppm;4;0
4/00000_00003.ppm;4;0
4/00000_00004.ppm;4;0
4/00000_00005.ppm;4;0
4/00000_00006.ppm;4;0
4/00000_00007.ppm;4;0
4/00000_00008.ppm;4;0
4/00000_00009.ppm;4;0
4/00000_00010.ppm;4;0
4/00000_00011.ppm;4;0
4/00000_00012.ppm;4;0
4/00000_00013.ppm;4;0
4/00000_00014.ppm;4;0
4/00000_00015.ppm;4;0
4/00000_00016.ppm;4;0
4/00000_00017.ppm;4;0
4/00000_00018.ppm;4;0
4/00000_00019.ppm;4;0
4/00000_00020.ppm;4;0
4/00000_00021.ppm;4;0
4/00000_00022.ppm;4;0
4/00000_00023.ppm;4;0
4/00000_00024.ppm;4;0
4/00000_00025.ppm;4;0
4/00000_00026.ppm;4;0
4/00000_00027.ppm;4;0
4/00000_00028.ppm;4;0
4/00000_00029.ppm;4;0
4/00001_00000.ppm;4;0
4/00001_00001.ppm;4;0
4/00001_00002.ppm;4;0
4/00001_00003.ppm;4;0
4/00001_00004.ppm;4;0
4/00001_00005.ppm;4;0
4/00001_00006.ppm;4;0
4/00001_00007.ppm;4;0
4/00001_00008.ppm;4;0
4/00001_00009.ppm;4;0
4/00001_00010.ppm;4;0
4/00001_00011.ppm;4;0
4/00001_00012.ppm;4;0
4/00001_00013.ppm;4;0
4/00001_00014.ppm;4;0
4/00001_00015.ppm;4;0
4/00001_00016.ppm;4;0
4/00001_00017.ppm;4;0
4/00001_00018.ppm;4;0
4/00001_00019.ppm;4;0
4/00001_00020.ppm;4;0
4/00001_00021.ppm;4;0
4/00001_00022.ppm;4;0
4/00001_00023.ppm;4;0
4/00001_00024.ppm;4;0
4/00001_00025.ppm;4;0
4/00001_00026.ppm;4;0
4/00001_00027.ppm;4;0
4/00001_00028.ppm;4;0
4/00001_00029.ppm;4;0
4/00002_00000.ppm;4;0
4/00002_00001.ppm;4;0
4/00002_00002.ppm;4;0
4/00002_00003.ppm;4;0
4/00002_00004.ppm;4;0
4/00002_00005.ppm;4;0
4/00002_00006.ppm;4;0
4/00002_00007.ppm;4;0
4/00002_00008.ppm;4;0
4/00002_00009.ppm;4;0
4/00002_00010.ppm;4;0
4/00002_00011.ppm;4;0
4/00002_00012.ppm;4;0
4/00002_00013.ppm;4;0
4/00002_00014.ppm;4;0
4/00002_00015.ppm;4;0
4/00002_00016.ppm;4;0
4/00002_00017.ppm;4;0
4/00002_00018.ppm;4;0
4/00002_00019.ppm;4;0
4/00002_00020.ppm;4;0
4/00002_00021.ppm;4;0
4/00002_00022.ppm;4;0
4/00002_00023.ppm;4;0
4/00002_00024.ppm;4;0
4/00002_00025.ppm;4;0
4/00002_00026.ppm;4;0
4/00002_00027.ppm;4;0
4/00002_00028.ppm;4;0
4/00002_00029.ppm;4;0
4/00003_00000.ppm;4;0
4/00003_00001.ppm;4;0
4/00003_00002.ppm;4;0
4/00003_00003.ppm;4;0
4/00003_00004.ppm;4;0
4/00003_00005.ppm;4;0
4/00003_00006.ppm;4;0
4/00003_00007.ppm;4;0
4/00003_00008.ppm;4;0
4/00003_00009.ppm;4;0
4/00003_00010.ppm;4;0
4/00003_00011.ppm;4;0
4/00003_00012.ppm;4;0
4/00003_00013.ppm;4;0
4/00003_00014.ppm;4;0
4/00003_00015.ppm;4;0
4/00003_00016.ppm;4;0
4/00003_00017.ppm;4;0
4/00003_00018.ppm;4;0
4/00003_00019.ppm;4;0
4/00003_00020.ppm;4;0
4/00003_00021.ppm;4;0
4/00003_00022.ppm;4;0
4/00003_00023.ppm;4;0
4/00003_00024.ppm;4;0
4/00003_00025.ppm;4;0
4/00003_00026.ppm;4;0
4/00003_00027.ppm;4;0
4/00003_00028.ppm;4;0
4/00003_00029.ppm;4;0
4/00004_00000.ppm;4;0
4/00004_00001.ppm;4;0
4/00004_00002.ppm;4;0
4/00004_00003.ppm;4;0
4/00004_00004.ppm;4;0
4/00004_00005.ppm;4;0
4/00004_00006.ppm;4;0
4/00004_00007.ppm;4;0
4/00004_00008.ppm;4;0
4/00004_00009.ppm;4;0
4/00004_00010.ppm;4;0
4/00004_00011.ppm;4;0
4/00004_00012.ppm;4;0
4/00004_00013.ppm;4;0
4/00004_00014.ppm;4;0
4/00004_00015.ppm;4;0
4/00004_00016.ppm;4;0
4/00004_00017.ppm;4;0
4/00004_00018.ppm;4;0
4/00004_00019.ppm;4;0
4/00004_00020.ppm;4;0
4/00004_00021.ppm;4;0
4/00004_00022.ppm;4;0
4/00004_00023.ppm;4;0
4/00004_00024.ppm;4;0
4/00004_00025.ppm;4;0
4/00004_00026.ppm;4;0
4/00004_00027.ppm;4;0
4/00004_00028.ppm;4;0
4/00004_00029.ppm;4;0
4/00005_00000.ppm;4;0
4/00005_00001.ppm;4;0
4/00005_00002.ppm;4;0
4/00005_00003.ppm;4;0
4/00005_00004.ppm;4;0
4/00005_00005.ppm;4;0
4/00005_00006.ppm;4;0
4/00005_00007.ppm;4;0
4/00005_00008.ppm;4;0
4/00005_00009.ppm;4;0
4/00005_00010.ppm;4;0
4/00005_00011.ppm;4;0
4/00005_00012.ppm;4;0
4/00005_00013.ppm;4;0
4/00005_00014.ppm;4;0
4/00005_00015.ppm;4;0
4/00005_00016.ppm;4;0
4/00005_00017.ppm;4;0
4/00005_00018.ppm;4;0
4/00005_00019.ppm;4;0
4/00005_00020.ppm;4;0
4/00005_00021.ppm;4;0
4/00005_00022.ppm;4;0
4/00005_00023.ppm;4;0
4/00005_00024.ppm;4;0
4/00005_00025.ppm;4;0
4/00005_00026.ppm;4;0
4/00005_00027.ppm;4;0
4/00005_00028.ppm;4;0
4/00005_00029.ppm;4;0
4/00006_00000.ppm;4;0
4/00006_00001.ppm;4;0
4/00006_00002.ppm;4;0
4/00006_00003.ppm;4;0
4/00006_00004.ppm;4;0
4/00006_00005.ppm;4;0
4/00006_00006.ppm;4;0
4/00006_00007.ppm;4;0
4/00006_00008.ppm;4;0
4/00006_00009.ppm;4;0
4/00006_00010.ppm;4;0
4/00006_00011.ppm;4;0
4/00006_00012.ppm;4;0
4/00006_00013.ppm;4;0
4/00006_00014.ppm;4;0
4/00006_00015.ppm;4;0
4/00006_00016.ppm;4;0
4/00006_00017.ppm;4;0
4/00006_00018.ppm;4;0
4/00006_00019.ppm;4;0
4/00006_00020.ppm;4;0
4/00006_00021.ppm;4;0
4/00006_00022.ppm;4;0
4/00006_00023.ppm;4;0
4/00006_00024.ppm;4;0
4/00006_00025.ppm;4;0
4/00006_00026.ppm;4;0
4/00006_00027.ppm;4;0
4/00006_00028.ppm;4;0
4/00006_00029.ppm;4;0
4/00007_00000.ppm;4;0
4/00007_00001.ppm;4;0
4/00007_00002.ppm;4;0
4/00007_00003.ppm;4;0
4/00007_00004.ppm;4;0
4/00007_00005.ppm;4;0
4/00007_00006.ppm;4;0
4/00007_00007.ppm;4;0
4/00007_00008.ppm;4;0
4/00007_00009.ppm;4;0
4/00007_00010.ppm;4;0
4/00007_00011.ppm;4;0
4/00007_00012.ppm;4;0
4/00007_00013.ppm;4;0
4/00007_00014.ppm;4;0
4/00007_00015.ppm;4;0
4/00007_00016.ppm;4;0
4/00007_00017.ppm;4;0
4/00007_00018.ppm;4;0
4/00007_00019.ppm;4;0
4/00007_00020.ppm;4;0
4/00007_00021.ppm;4;0
4/00007_00022.ppm;4;0
4/00007_00023.ppm;4;0
4/00007_00024.ppm;4;0
4/00007_00025.ppm;4;0
4/00007_00026.ppm;4;0
4/00007_00027.ppm;4;0
4/00007_00028.ppm;4;0
4/00007_00029.ppm;4;0
4/00008_00000.ppm;4;0
4/00008_00001.ppm;4;0
4/00008_00002.ppm;4;0
4/00008_00003.ppm;4;0
4/00008_00004.ppm;4;0
4/00008_00005.ppm;4;0
4/00008_00006.ppm;4;0
4/00008_00007.ppm;4;0
4/00008_00008.ppm;4;0
4/00008_00009.ppm;4;0
4/00008_00010.ppm;4;0
4/00008_00011.ppm;4;0
4/00008_00012.ppm;4;0
4/00008_00013.ppm;4;0
4/00008_00014.ppm;4;0
4/00008_00015.ppm;4;0
4/00008_00016.ppm;4;0
4/00008_00017.ppm;4;0
4/00008_00018.ppm;4;0
4/00008_00019.ppm;4;0
4/00008_00020.ppm;4;0
4/00008_00021.ppm;4;0
4/00008_00022.ppm;4;0
4/00008_00023.ppm;4;0
4/00008_00024.ppm;4;0
4/00008_00025.ppm;4;0
4/00008_00026.ppm;4;0
4/00008_00027.ppm;4;0
4/00008_00028.ppm;4;0
4/00008_00029.ppm;4;0
4/00009_00000.ppm;4;0
4/00009_00001.ppm;4;0
4/00009_00002.ppm;4;0
4/00009_00003.ppm;4;0
4/00009_00004.ppm;4;0
4/00009_00005.ppm;4;0
4/00009_00006.ppm;4;0
4/00009_00007.ppm;4;0
4/00009_00008.ppm;4;0
4/00009_00009.ppm;4;0
4/00009_00010.ppm;4;0
4/00009_00011.ppm;4;0
4/00009_00012.ppm;4;0
4/00009_00013.ppm;4;0
4/00009_00014.ppm;4;0
4/00009_00015.ppm;4;0
4/00009_00016.ppm;4;0
4/00009_00017.ppm;4;0
4/00009_00018.ppm;4;0
4/00009_00019.ppm;4;0
4/00009_00020.ppm;4;0
4/00009_00021.ppm;4;0
4/00009_00022.ppm;4;0
4/00009_00023.ppm;4;0
4/00009_00024.ppm;4;0
4/00009_00025.ppm;4;0
4/00009_00026.ppm;4;0
4/00009_00027.ppm;4;0
4/00009_00028.ppm;4;0
4/00009_00029.ppm;4;0
4/00010_00000.ppm;4;0
4/00010_00001.ppm;4;0
4/00010_00002.ppm;4;0
4/00010_00003.ppm;4;0
4/00010_00004.ppm;4;0
4/00010_00005.ppm;4;0
4/00010_00006.ppm;4;0
4/00010_00007.ppm;4;0
4/00010_00008.ppm;4;0
4/00010_00009.ppm;4;0
4/00010_00010.ppm;4;0
4/00010_00011.ppm;4;0
4/00010_00012.ppm;4;0
4/00010_00013.ppm;4;0
4/00010_00014.ppm;4;0
4/00010_00015.ppm;4;0
4/00010_00016.ppm;4;0
4/00010_00017.ppm;4;0
4/00010_00018.ppm;4;0
4/00010_00019.ppm;4;0
4/00010_00020.ppm;4;0
4/00010_00021.ppm;4;0
4/00010_00022.ppm;4;0
4/00010_00023.ppm;4;0
4/00010_00024.ppm;4;0
4/00010_00025.ppm;4;0
4/00010_00026.ppm;4;0
4/00010_00027.ppm;4;0
4/00010_00028.ppm;4;0
4/00010_00029.ppm;4;0
4/00011_00000.ppm;4;0
4/00011_00001.ppm;4;0
4/00011_00002.ppm;4;0
4/00011_00003.ppm;4;0
4/00011_00004.ppm;4;0
4/00011_00005.ppm;4;0
4/00011_00006.ppm;4;0
4/00011_00007.ppm;4;0
4/00011_00008.ppm;4;0
4/00011_00009.ppm;4;0
4/00011_00010.ppm;4;0
4/00011_00011.ppm;4;0
4/00011_00012.ppm;4;0
4/00011_00013.ppm;4;0
4/00011_00014.ppm;4;0
4/00011_00015.ppm;4;0
4/00011_00016.ppm;4;0
4/00011_00017.ppm;4;0
4/00011_00018.ppm;4;0
4/00011_00019.ppm;4;0
4/00011_00020.ppm;4;0
4/00011_00021.ppm;4;0
4/00011_00022.ppm;4;0
4/00011_00023.ppm;4;0
4/00011_00024.ppm;4;0
4/00011_00025.ppm;4;0
4/00011_00026.ppm;4;0
4/00011_00027.ppm;4;0
4/00011_00028.ppm;4;0
4/00011_00029.ppm;4;0
4/00012_00000.ppm;4;0
4/00012_00001.ppm;4;0
4/00012_00002.ppm;4;0
4/00012_00003.ppm;4;0
4/00012_00004.ppm;4;0
4/00012_00005.ppm;4;0
4/00012_00006.ppm;4;0
4/00012_00007.ppm;4;0
4/00012_00008.ppm;4;0
4/00012_00009.ppm;4;0
4/00012_00010.ppm;4;0
4/00012_00011.ppm;4;0
4/00012_00012.ppm;4;0
4/00012_00013.ppm;4;0
4/00012_00014.ppm;4;0
4/00012_00015.ppm;4;0
4/00012_00016.ppm;4;0
4/00012_00017.ppm;4;0
4/00012_00018.ppm;4;0
4/00012_00019.ppm;4;0
4/00012_00020.ppm;4;0
4/00012_00021.ppm;4;0
4/00012_00022.ppm;4;0
4/00012_00023.ppm;4;0
4/00012_00024.ppm;4;0
4/00012_00025.ppm;4;0
4/00012_00026.ppm;4;0
4/00012_00027.ppm;4;0
4/00012_00028.ppm;4;0
4/00012_00029.ppm;4;0
4/00013_00000.ppm;4;0
4/00013_00001.ppm;4;0
4/00013_00002.ppm;4;0
4/00013_00003.ppm;4;0
4/00013_00004.ppm;4;0
4/00013_00005.ppm;4;0
4/00013_00006.ppm;4;0
4/00013_00007.ppm;4;0
4/00013_00008.ppm;4;0
4/00013_00009.ppm;4;0
4/00013_00010.ppm;4;0
4/00013_00011.ppm;4;0
4/00013_00012.ppm;4;0
4/00013_00013.ppm;4;0
4/00013_00014.ppm;4;0
4/00013_00015.ppm;4;0
4/00013_00016.ppm;4;0
4/00013_00017.ppm;4;0
4/00013_00018.ppm;4;0
4/00013_00019.ppm;4;0
4/00013_00020.ppm;4;0
4/00013_00021.ppm;4;0
4/00013_00022.ppm;4;0
4/00013_00023.ppm;4;0
4/00013_00024.ppm;4;0
4/00013_00025.ppm;4;0
4/00013_00026.ppm;4;0
4/00013_00027.ppm;4;0
4/00013_00028.ppm;4;0
4/00013_00029.ppm;4;0
4/00014_00000.ppm;4;0
4/00014_00001.ppm;4;0
4/00014_00002.ppm;4;0
4/00014_00003.ppm;4;0
4/00014_00004.ppm;4;0
4/00014_00005.ppm;4;0
4/00014_00006.ppm;4;0
4/00014_00007.ppm;4;0
4/00014_00008.ppm;4;0
4/00014_00009.ppm;4;0
4/00014_00010.ppm;4;0
4/00014_00011.ppm;4;0
4/00014_00012.ppm;4;0
4/00014_00013.ppm;4;0
4/00014_00014.ppm;4;0
4/00014_00015.ppm;4;0
4/00014_00016.ppm;4;0
4/00014_00017.ppm;4;0
4/00014_00018.ppm;4;0
4/00014_00019.ppm;4;0
4/00014_00020.ppm;4;0
4/00014_00021.ppm;4;0
4/00014_00022.ppm;4;0
4/00014_00023.ppm;4;0
4/00014_00024.ppm;4;0
4/00014_00025.ppm;4;0
4/00014_00026.ppm;4;0
4/00014_00027.ppm;4;0
4/00014_00028.ppm;4;0
4/00014_00029.ppm;4;0
4/00015_00000.ppm;4;0
4/00015_00001.ppm;4;0
4/00015_00002.ppm;4;0
4/00015_00003.ppm;4;0
4/00015_00004.ppm;4;0
4/00015_00005.ppm;4;0
4/00015_00006.ppm;4;0
4/00015_00007.ppm;4;0
4/00015_00008.ppm;4;0
4/00015_00009.ppm;4;0
4/00015_00010.ppm;4;0
4/00015_00011.ppm;4;0
4/00015_00012.ppm;4;0
4/00015_00013.ppm;4;0
4/00015_00014.ppm;4;0
4/00015_00015.ppm;4;0
4/00015_00016.ppm;4;0
4/00015_00017.ppm;4;0
4/00015_00018.ppm;4;0
4/00015_00019.ppm;4;0
4/00015_00020.ppm;4;0
4/00015_00021.ppm;4;0
4/00015_00022.ppm;4;0
4/00015_00023.ppm;4;0
4/00015_00024.ppm;4;0
4/00015_00025.ppm;4;0
4/00015_00026.ppm;4;0
4/00015_00027.ppm;4;0
4/00015_00028.ppm;4;0
4/00015_00029.ppm;4;0
4/00016_00000.ppm;4;0
4/00016_00001.ppm;4;0
4/00016_00002.ppm;4;0
4/00016_00003.ppm;4;0
4/00016_00004.ppm;4;0
4/00016_00005.ppm;4;0
4/00016_00006.ppm;4;0
4/00016_00007.ppm;4;0
4/00016_00008.ppm;4;0
4/00016_00009.ppm;4;0
4/00016_00010.ppm;4;0
4/00016_00011.ppm;4;0
4/00016_00012.ppm;4;0
4/00016_00013.ppm;4;0
4/00016_00014.ppm;4;0
4/00016_00015.ppm;4;0
4/00016_00016.ppm;4;0
4/00016_00017.ppm;4;0
4/00016_00018.ppm;4;0
4/00016_00019.ppm;4;0
4/00016_00020.ppm;4;0
4/00016_00021.ppm;4;0
4/00016_00022.ppm;4;0
4/00016_00023.ppm;4;0
4/00016_00024.ppm;4;0
4/00016_00025.ppm;4;0
4/00016_00026.ppm;4;0
4/00016_00027.ppm;4;0
4/00016_00028.ppm;4;0
4/00016_00029.ppm;4;0
4/00017_00000.ppm;4;0
4/00017_00001.ppm;4;0
4/00017_00002.ppm;4;0
4/00017_00003.ppm;4;0
4/00017_00004.ppm;4;0
4/00017_00005.ppm;4;0
4/00017_00006.ppm;4;0
4/00017_00007.ppm;4;0
4/00017_00008.ppm;4;0
4/00017_00009.ppm;4;0
4/00017_00010.ppm;4;0
4/00017_00011.ppm;4;0
4/00017_00012.ppm;4;0
4/00017_00013.ppm;4;0
4/00017_00014.ppm;4;0
4/00017_00015.ppm;4;0
4/00017_00016.ppm;4;0
4/00017_00017.ppm;4;0
4/00017_00018.ppm;4;0
4/00017_00019.ppm;4;0
4/00017_00020.ppm;4;0
4/00017_00021.ppm;4;0
4/00017_00022.ppm;4;0
4/00017_00023.ppm;4;0
4/00017_00024.ppm;4;0
4/00017_00025.ppm;4;0
4/00017_00026.ppm;4;0
4/00017_00027.ppm;4;0
4/00017_00028.ppm;4;0
4/00017_00029.ppm;4;0
4/00018_00000.ppm;4;0
4/00018_00001.ppm;4;0
4/00018_00002.ppm;4;0
4/00018_00003.ppm;4;0
4/00018_00004.ppm;4;0
4/00018_00005.ppm;4;0
4/00018_00006.ppm;4;0
4/00018_00007.ppm;4;0
4/00018_00008.ppm;4;0
4/00018_00009.ppm;4;0
4/00018_00010.ppm;4;0
4/00018_00011.ppm;4;0
4/00018_00012.ppm;4;0
4/00018_00013.ppm;4;0
4/00018_00014.ppm;4;0
4/00018_00015.ppm;4;0
4/00018_00016.ppm;4;0
4/00018_00017.ppm;4;0
4/00018_00018.ppm;4;0
4/00018_00019.ppm;4;0
4/00018_00020.ppm;4;0
4/00018_00021.ppm;4;0
4/00018_00022.ppm;4;0
4/00018_00023.ppm;4;0
4/00018_00024.ppm;4;0
4/00018_00025.ppm;4;0
4/00018_00026.ppm;4;0
4/00018_00027.ppm;4;0
4/00018_00028.ppm;4;0
4/00018_00029.ppm;4;0
4/00019_00000.ppm;4;0
4/00019_00001.ppm;4;0
4/00019_00002.ppm;4;0
4/00019_00003.ppm;4;0
4/00019_00004.ppm;4;0
4/00019_00005.ppm;4;0
4/00019_00006.ppm;4;0
4/00019_00007.ppm;4;0
4/00019_00008.ppm;4;0
4/00019_00009.ppm;4;0
4/00019_00010.ppm;4;0
4/00019_00011.ppm;4;0
4/00019_00012.ppm;4;0
4/00019_00013.ppm;4;0
4/00019_00014.ppm;4;0
4/00019_00015.ppm;4;0
4/00019_00016.ppm;4;0
4/00019_00017.ppm;4;0
4/00019_00018.ppm;4;0
4/00019_00019.ppm;4;0
4/00019_00020.ppm;4;0
4/00019_00021.ppm;4;0
4/00019_00022.ppm;4;0
4/00019_00023.ppm;4;0
4/00019_00024.ppm;4;0
4/00019_00025.ppm;4;0
4/00019_00026.ppm;4;0
4/00019_00027.ppm;4;0
4/00019_00028.ppm;4;0
4/00019_00029.ppm;4;0
4/00020_00000.ppm;4;0
4/00020_00001.ppm;4;0
4/00020_00002.ppm;4;0
4/00020_00003.ppm;4;0
4/00020_00004.ppm;4;0
4/00020_00005.ppm;4;0
4/00020_00006.ppm;4;0
4/00020_00007.ppm;4;0
4/00020_00008.ppm;4;0
4/00020_00009.ppm;4;0
4/00020_00010.ppm;4;0
4/00020_00011.ppm;4;0
4/00020_00012.ppm;4;0
4/00020_00013.ppm;4;0
4/00020_00014.ppm;4;0
4/00020_00015.ppm;4;0
4/00020_00016.ppm;4;0
4/00020_00017.ppm;4;0
4/00020_00018.ppm;4;0
4/00020_00019.ppm;4;0
4/00020_00020.ppm;4;0
4/00020_00021.ppm;4;0
4/00020_00022.ppm;4;0
4/00020_00023.ppm;4;0
4/00020_00024.ppm;4;0
4/00020_00025.ppm;4;0
4/00020_00026.ppm;4;0
4/00020_00027.ppm;4;0
4/00020_00028.ppm;4;0
4/00020_00029.ppm;4;0
4/00021_00000.ppm;4;0
4/00021_00001.ppm;4;0
4/00021_00002.ppm;4;0
4/00021_00003.ppm;4;0
4/00021_00004.ppm;4;0
4/00021_00005.ppm;4;0
4/00021_00006.ppm;4;0
4/00021_00007.ppm;4;0
4/00021_00008.ppm;4;0
4/00021_00009.ppm;4;0
4/00021_00010.ppm;4;0
4/00021_00011.ppm;4;0
4/00021_00012.ppm;4;0
4/00021_00013.ppm;4;0
4/00021_00014.ppm;4;0
4/00021_00015.ppm;4;0
4/00021_00016.ppm;4;0
4/00021_00017.ppm;4;0
4/00021_00018.ppm;4;0
4/00021_00019.ppm;4;0
4/00021_00020.ppm;4;0
4/00021_00021.ppm;4;0
4/00021_00022.ppm;4;0
4/00021_00023.ppm;4;0
4/00021_00024.ppm;4;0
4/00021_00025.ppm;4;0
4/00021_00026.ppm;4;0
4/00021_00027.ppm;4;0
4/00021_00028.ppm;4;0
4/00021_00029.ppm;4;0
4/00022_00000.ppm;4;0
4/00022_00001.ppm;4;0
4/00022_00002.ppm;4;0
4/00022_00003.ppm;4;0
4/00022_00004.ppm;4;0
4/00022_00005.ppm;4;0
4/00022_00006.ppm;4;0
4/00022_00007.ppm;4;0
4/00022_00008.ppm;4;0
4/00022_00009.ppm;4;0
4/00022_00010.ppm;4;0
4/00022_00011.ppm;4;0
4/00022_00012.ppm;4;0
4/00022_00013.ppm;4;0
4/00022_00014.ppm;4;0
4/00022_00015.ppm;4;0
4/00022_00016.ppm;4;0
4/00022_00017.ppm;4;0
4/00022_00018.ppm;4;0
4/00022_00019.ppm;4;0
4/00022_00020.ppm;4;0
4/00022_00021.ppm;4;0
4/00022_00022.ppm;4;0
4/00022_00023.ppm;4;0
4/00022_00024.ppm;4;0
4/00022_00025.ppm;4;0
4/00022_00026.ppm;4;0
4/00022_00027.ppm;4;0
4/00022_00028.ppm;4;0
4/00022_00029.ppm;4;0
4/00023_00000.ppm;4;0
4/00023_00001.ppm;4;0
4/00023_00002.ppm;4;0
4/00023_00003.ppm;4;0
4/00023_00004.ppm;4;0
4/00023_00005.ppm;4;0
4/00023_00006.ppm;4;0
4/00023_00007.ppm;4;0
4/00023_00008.ppm;4;0
4/00023_00009.ppm;4;0
4/00023_00010.ppm;4;0
4/00023_00011.ppm;4;0
4/00023_00012.ppm;4;0
4/00023_00013.ppm;4;0
4/00023_00014.ppm;4;0
4/00023_00015.ppm;4;0
4/00023_00016.ppm;4;0
4/00023_00017.ppm;4;0
4/00023_00018.ppm;4;0
4/00023_00019.ppm;4;0
4/00023_00020.ppm;4;0
4/00023_00021.ppm;4;0
4/00023_00022.ppm;4;0
4/00023_00023.ppm;4;0
4/00023_00024.ppm;4;0
4/00023_00025.ppm;4;0
4/00023_00026.ppm;4;0
4/00023_00027.ppm;4;0
4/00023_00028.ppm;4;0
4/00023_00029.ppm;4;0
4/00024_00000.ppm;4;0
4/00024_00001.ppm;4;0
4/00024_00002.ppm;4;0
4/00024_00003.ppm;4;0
4/00024_00004.ppm;4;0
4/00024_00005.ppm;4;0
4/00024_00006.ppm;4;0
4/00024_00007.ppm;4;0
4/00024_00008.ppm;4;0
4/00024_00009.ppm;4;0
4/00024_00010.ppm;4;0
4/00024_00011.ppm;4;0
4/00024_00012.ppm;4;0
4/00024_00013.ppm;4;0
4/00024_00014.ppm;4;0
4/00024_00015.ppm;4;0
4/00024_00016.ppm;4;0
4/00024_00017.ppm;4;0
4/00024_00018.ppm;4;0
4/00024_00019.ppm;4;0
4/00024_00020.ppm;4;0
4/00024_00021.ppm;4;0
4/00024_00022.ppm;4;0
4/00024_00023.ppm;4;0
4/00024_00024.ppm;4;0
4/00024_00025.ppm;4;0
4/00024_00026.ppm;4;0
4/00024_00027.ppm;4;0
4/00024_00028.ppm;4;0
4/00024_00029.ppm;4;0
4/00025_00000.ppm;4;0
4/00025_00001.ppm;4;0
4/00025_00002.ppm;4;0
4/00025_00003.ppm;4;0
4/00025_00004.ppm;4;0
4/00025_00005.ppm;4;0
4/00025_00006.ppm;4;0
4/00025_00007.ppm;4;0
4/00025_00008.ppm;4;0
4/00025_00009.ppm;4;0
4/00025_00010.ppm;4;0
4/00025_00011.ppm;4;0
4/00025_00012.ppm;4;0
4/00025_00013.ppm;4;0
4/00025_00014.ppm;4;0
4/00025_00015.ppm;4;0
4/00025_00016.ppm;4;0
4/00025_00017.ppm;4;0
4/00025_00018.ppm;4;0
4/00025_00019.ppm;4;0
4/00025_00020.ppm;4;0
4/00025_00021.ppm;4;0
4/00025_00022.ppm;4;0
4/00025_00023.ppm;4;0
4/00025_00024.ppm;4;0
4/00025_00025.ppm;4;0
4/00025_00026.ppm;4;0
4/00025_00027.ppm;4;0
4/00025_00028.ppm;4;0
4/00025_00029.ppm;4;0
4/00026_00000.ppm;4;0
4/00026_00001.ppm;4;0
4/00026_00002.ppm;4;0
4/00026_00003.ppm;4;0
4/00026_00004.ppm;4;0
4/00026_00005.ppm;4;0
4/00026_00006.ppm;4;0
4/00026_00007.ppm;4;0
4/00026_00008.ppm;4;0
4/00026_00009.ppm;4;0
4/00026_00010.ppm;4;0
4/00026_00011.ppm;4;0
4/00026_00012.ppm;4;0
4/00026_00013.ppm;4;0
4/00026_00014.ppm;4;0
4/00026_00015.ppm;4;0
4/00026_00016.ppm;4;0
4/00026_00017.ppm;4;0
4/00026_00018.ppm;4;0
4/00026_00019.ppm;4;0
4/00026_00020.ppm;4;0
4/00026_00021.ppm;4;0
4/00026_00022.ppm;4;0
4/00026_00023.ppm;4;0
4/00026_00024.ppm;4;0
4/00026_00025.ppm;4;0
4/00026_00026.ppm;4;0
4/00026_00027.ppm;4;0
4/00026_00028.ppm;4;0
4/00026_00029.ppm;4;0
4/00027_00000.ppm;4;0
4/00027_00001.ppm;4;0
4/00027_00002.ppm;4;0
4/00027_00003.ppm;4;0
4/00027_00004.ppm;4;0
4/00027_00005.ppm;4;0
4/00027_00006.ppm;4;0
4/00027_00007.ppm;4;0
4/00027_00008.ppm;4;0
4/00027_00009.ppm;4;0
4/00027_00010.ppm;4;0
4/00027_00011.ppm;4;0
4/00027_00012.ppm;4;0
4/00027_00013.ppm;4;0
4/00027_00014.ppm;4;0
4/00027_00015.ppm;4;0
4/00027_00016.ppm;4;0
4/00027_00017.ppm;4;0
4/00027_00018.ppm;4;0
4/00027_00019.ppm;4;0
4/00027_00020.ppm;4;0
4/00027_00021.ppm;4;0
4/00027_00022.ppm;4;0
4/00027_00023.ppm;4;0
4/00027_00024.ppm;4;0
4/00027_00025.ppm;4;0
4/00027_00026.ppm;4;0
4/00027_00027.ppm;4;0
4/00027_00028.ppm;4;0
4/00027_00029.ppm;4;0
4/00028_00000.ppm;4;0
4/00028_00001.ppm;4;0
4/00028_00002.ppm;4;0
4/00028_00003.ppm;4;0
4/00028_00004.ppm;4;0
4/00028_00005.ppm;4;0
4/00028_00006.ppm;4;0
4/00028_00007.ppm;4;0
4/00028_00008.ppm;4;0
4/00028_00009.ppm;4;0
4/00028_00010.ppm;4;0
4/00028_00011.ppm;4;0
4/00028_00012.ppm;4;0
4/00028_00013.ppm;4;0
4/00028_00014.ppm;4;0
4/00028_00015.ppm;4;0
4/00028_00016.ppm;4;0
4/00028_00017.ppm;4;0
4/00028_00018.ppm;4;0
4/00028_00019.ppm;4;0
4/00028_00020.ppm;4;0
4/00028_00021.ppm;4;0
4/00028_00022.ppm;4;0
4/00028_00023.ppm;4;0
4/00028_00024.ppm;4;0
4/00028_00025.ppm;4;0
4/00028_00026.ppm;4;0
4/00028_00027.ppm;4;0
4/00028_00028.ppm;4;0
4/00028_00029.ppm;4;0
4/00029_00000.ppm;4;0
4/00029_00001.ppm;4;0
4/00029_00002.ppm;4;0
4/00029_00003.ppm;4;0
4/00029_00004.ppm;4;0
4/00029_00005.ppm;4;0
4/00029_00006.ppm;4;0
4/00029_00007.ppm;4;0
4/00029_00008.ppm;4;0
4/00029_00009.ppm;4;0
4/00029_00010.ppm;4;0
4/00029_00011.ppm;4;0
4/00029_00012.ppm;4;0
4/00029_00013.ppm;4;0
4/00029_00014.ppm;4;0
4/00029_00015.ppm;4;0
4/00029_00016.ppm;4;0
4/00029_00017.ppm;4;0
4/00029_00018.ppm;4;0
4/00029_00019.ppm;4;0
4/00029_00020.ppm;4;0
4/00029_00021.ppm;4;0
4/00029_00022.ppm;4;0
4/00029_00023.ppm;4;0
4/00029_00024.ppm;4;0
4/00029_00025.ppm;4;0
4/00029_00026.ppm;4;0
4/00029_00027.ppm;4;0
4/00029_00028.ppm;4;0
4/00029_00029.ppm;4;0
4/00030_00000.ppm;4;0
4/00030_00001.ppm;4;0
4/00030_00002.ppm;4;0
4/00030_00003.ppm;4;0
4/00030_00004.ppm;4;0
4/00030_00005.ppm;4;0
4/00030_00006.ppm;4;0
4/00030_00007.ppm;4;0
4/00030_00008.ppm;4;0
4/00030_00009.ppm;4;0
4/00030_00010.ppm;4;0
4/00030_00011.ppm;4;0
4/00030_00012.ppm;4;0
4/00030_00013.ppm;4;0
4/00030_00014.ppm;4;0
4/00030_00015.ppm;4;0
4/00030_00016.ppm;4;0
4/00030_00017.ppm;4;0
4/00030_00018.ppm;4;0
4/00030_00019.ppm;4;0
4/00030_00020.ppm;4;0
4/00030_00021.ppm;4;0
4/00030_00022.ppm;4;0
4/00030_00023.ppm;4;0
4/00030_00024.ppm;4;0
4/00030_00025.ppm;4;0
4/00030_00026.ppm;4;0
4/00030_00027.ppm;4;0
4/00030_00028.ppm;4;0
4/00030_00029.ppm;4;0
4/00031_00000.ppm;4;0
4/00031_00001.ppm;4;0
4/00031_00002.ppm;4;0
4/00031_00003.ppm;4;0
4/00031_00004.ppm;4;0
4/00031_00005.ppm;4;0
4/00031_00006.ppm;4;0
4/00031_00007.ppm;4;0
4/00031_00008.ppm;4;0
4/00031_00009.ppm;4;0
4/00031_00010.ppm;4;0
4/00031_00011.ppm;4;0
4/00031_00012.ppm;4;0
4/00031_00013.ppm;4;0
4/00031_00014.ppm;4;0
4/00031_00015.ppm;4;0
4/00031_00016.ppm;4;0
4/00031_00017.ppm;4;0
4/00031_00018.ppm;4;0
4/00031_00019.ppm;4;0
4/00031_00020.ppm;4;0
4/00031_00021.ppm;4;0
4/00031_00022.ppm;4;0
4/00031_00023.ppm;4;0
4/00031_00024.ppm;4;0
4/00031_00025.ppm;4;0
4/00031_00026.ppm;4;0
4/00031_00027.ppm;4;0
4/00031_00028.ppm;4;0
4/00031_00029.ppm;4;0
4/00032_00000.ppm;4;0
4/00032_00001.ppm;4;0
4/00032_00002.ppm;4;0
4/00032_00003.ppm;4;0
4/00032_00004.ppm;4;0
4/00032_00005.ppm;4;0
4/00032_00006.ppm;4;0
4/00032_00007.ppm;4;0
4/00032_00008.ppm;4;0
4/00032_00009.ppm;4;0
4/00032_00010.ppm;4;0
4/00032_00011.ppm;4;0
4/00032_00012.ppm;4;0
4/00032_00013.ppm;4;0
4/00032_00014.ppm;4;0
4/00032_00015.ppm;4;0
4/00032_00016.ppm;4;0
4/00032_00017.ppm;4;0
4/00032_00018.ppm;4;0
4/00032_00019.ppm;4;0
4/00032_00020.ppm;4;0
4/00032_00021.ppm;4;0
4/00032_00022.ppm;4;0
4/00032_00023.ppm;4;0
4/00032_00024.ppm;4;0
4/00032_00025.ppm;4;0
4/00032_00026.ppm;4;0
4/00032_00027.ppm;4;0
4/00032_00028.ppm;4;0
4/00032_00029.ppm;4;0
4/00033_00000.ppm;4;0
4/00033_00001.ppm;4;0
4/00033_00002.ppm;4;0
4/00033_00003.ppm;4;0
4/00033_00004.ppm;4;0
4/00033_00005.ppm;4;0
4/00033_00006.ppm;4;0
4/00033_00007.ppm;4;0
4/00033_00008.ppm;4;0
4/00033_00009.ppm;4;0
4/00033_00010.ppm;4;0
4/00033_00011.ppm;4;0
4/00033_00012.ppm;4;0
4/00033_00013.ppm;4;0
4/00033_00014.ppm;4;0
4/00033_00015.ppm;4;0
4/00033_00016.ppm;4;0
4/00033_00017.ppm;4;0
4/00033_00018.ppm;4;0
4/00033_00019.ppm;4;0
4/00033_00020.ppm;4;0
4/00033_00021.ppm;4;0
4/00033_00022.ppm;4;0
4/00033_00023.ppm;4;0
4/00033_00024.ppm;4;0
4/00033_00025.ppm;4;0
4/00033_00026.ppm;4;0
4/00033_00027.ppm;4;0
4/00033_00028.ppm;4;0
4/00033_00029.ppm;4;0
4/00034_00000.ppm;4;0
4/00034_00001.ppm;4;0
4/00034_00002.ppm;4;0
4/00034_00003.ppm;4;0
4/00034_00004.ppm;4;0
4/00034_00005.ppm;4;0
4/00034_00006.ppm;4;0
4/00034_00007.ppm;4;0
4/00034_00008.ppm;4;0
4/00034_00009.ppm;4;0
4/00034_00010.ppm;4;0
4/00034_00011.ppm;4;0
4/00034_00012.ppm;4;0
4/00034_00013.ppm;4;0
4/00034_00014.ppm;4;0
4/00034_00015.ppm;4;0
4/00034_00016.ppm;4;0
4/00034_00017.ppm;4;0
4/00034_00018.ppm;4;0
4/00034_00019.ppm;4;0
4/00034_00020.ppm;4;0
4/00034_00021.ppm;4;0
4/00034_00022.ppm;4;0
4/00034_00023.ppm;4;0
4/00034_00024.ppm;4;0
4/00034_00025.ppm;4;0
4/00034_00026.ppm;4;0
4/00034_00027.ppm;4;0
4/00034_00028.ppm;4;0
4/00034_00029.ppm;4;0
4/00035_00000.ppm;4;0
4/00035_00001.ppm;4;0
4/00035_00002.ppm;4;0
4/00035_00003.ppm;4;0
4/00035_00004.ppm;4;0
4/00035_00005.ppm;4;0
4/00035_00006.ppm;4;0
4/00035_00007.ppm;4;0
4/00035_00008.ppm;4;0
4/00035_00009.ppm;4;0
4/00035_00010.ppm;4;0
4/00035_00011.ppm;4;0
4/00035_00012.ppm;4;0
4/00035_00013.ppm;4;0
4/00035_00014.ppm;4;0
4/00035_00015.ppm;4;0
4/00035_00016.ppm;4;0
4/00035_00017.ppm;4;0
4/00035_00018.ppm;4;0
4/00035_00019.ppm;4;0
4/00035_00020.ppm;4;0
4/00035_00021.ppm;4;0
4/00035_00022.ppm;4;0
4/00035_00023.ppm;4;0
4/00035_00024.ppm;4;0
4/00035_00025.ppm;4;0
4/00035_00026.ppm;4;0
4/00035_00027.ppm;4;0
4/00035_00028.ppm;4;0
4/00035_00029.ppm;4;0
4/00036_00000.ppm;4;0
4/00036_00001.ppm;4;0
4/00036_00002.ppm;4;0
4/00036_00003.ppm;4;0
4/00036_00004.ppm;4;0
4/00036_00005.ppm;4;0
4/00036_00006.ppm;4;0
4/00036_00007.ppm;4;0
4/00036_00008.ppm;4;0
4/00036_00009.ppm;4;0
4/00036_00010.ppm;4;0
4/00036_00011.ppm;4;0
4/00036_00012.ppm;4;0
4/00036_00013.ppm;4;0
4/00036_00014.ppm;4;0
4/00036_00015.ppm;4;0
4/00036_00016.ppm;4;0
4/00036_00017.ppm;4;0
4/00036_00018.ppm;4;0
4/00036_00019.ppm;4;0
4/00036_00020.ppm;4;0
4/00036_00021.ppm;4;0
4/00036_00022.ppm;4;0
4/00036_00023.ppm;4;0
4/00036_00024.ppm;4;0
4/00036_00025.ppm;4;0
4/00036_00026.ppm;4;0
4/00036_00027.ppm;4;0
4/00036_00028.ppm;4;0
4/00036_00029.ppm;4;0
4/00037_00000.ppm;4;0
4/00037_00001.ppm;4;0
4/00037_00002.ppm;4;0
4/00037_00003.ppm;4;0
4/00037_00004.ppm;4;0
4/00037_00005.ppm;4;0
4/00037_00006.ppm;4;0
4/00037_00007.ppm;4;0
4/00037_00008.ppm;4;0
4/00037_00009.ppm;4;0
4/00037_00010.ppm;4;0
4/00037_00011.ppm;4;0
4/00037_00012.ppm;4;0
4/00037_00013.ppm;4;0
4/00037_00014.ppm;4;0
4/00037_00015.ppm;4;0
4/00037_00016.ppm;4;0
4/00037_00017.ppm;4;0
4/00037_00018.ppm;4;0
4/00037_00019.ppm;4;0
4/00037_00020.ppm;4;0
4/00037_00021.ppm;4;0
4/00037_00022.ppm;4;0
4/00037_00023.ppm;4;0
4/00037_00024.ppm;4;0
4/00037_00025.ppm;4;0
4/00037_00026.ppm;4;0
4/00037_00027.ppm;4;0
4/00037_00028.ppm;4;0
4/00037_00029.ppm;4;0
4/00038_00000.ppm;4;0
4/00038_00001.ppm;4;0
4/00038_00002.ppm;4;0
4/00038_00003.ppm;4;0
4/00038_00004.ppm;4;0
4/00038_00005.ppm;4;0
4/00038_00006.ppm;4;0
4/00038_00007.ppm;4;0
4/00038_00008.ppm;4;0
4/00038_00009.ppm;4;0
4/00038_00010.ppm;4;0
4/00038_00011.ppm;4;0
4/00038_00012.ppm;4;0
4/00038_00013.ppm;4;0
4/00038_00014.ppm;4;0
4/00038_00015.ppm;4;0
4/00038_00016.ppm;4;0
4/00038_00017.ppm;4;0
4/00038_00018.ppm;4;0
4/00038_00019.ppm;4;0
4/00038_00020.ppm;4;0
4/00038_00021.ppm;4;0
4/00038_00022.ppm;4;0
4/00038_00023.ppm;4;0
4/00038_00024.ppm;4;0
4/00038_00025.ppm;4;0
4/00038_00026.ppm;4;0
4/00038_00027.ppm;4;0
4/00038_00028.ppm;4;0
4/00038_00029.ppm;4;0
4/00039_00000.ppm;4;0
4/00039_00001.ppm;4;0
4/00039_00002.ppm;4;0
4/00039_00003.ppm;4;0
4/00039_00004.ppm;4;0
4/00039_00005.ppm;4;0
4/00039_00006.ppm;4;0
4/00039_00007.ppm;4;0
4/00039_00008.ppm;4;0
4/00039_00009.ppm;4;0
4/00039_00010.ppm;4;0
4/00039_00011.ppm;4;0
4/00039_00012.ppm;4;0
4/00039_00013.ppm;4;0
4/00039_00014.ppm;4;0
4/00039_00015.ppm;4;0
4/00039_00016.ppm;4;0
4/00039_00017.ppm;4;0
4/00039_00018.ppm;4;0
4/00039_00019.ppm;4;0
4/00039_00020.ppm;4;0
4/00039_00021.ppm;4;0
4/00039_00022.ppm;4;0
4/00039_00023.ppm;4;0
4/00039_00024.ppm;4;0
4/00039_00025.ppm;4;0
4/00039_00026.ppm;4;0
4/00039_00027.ppm;4;0
4/00039_00028.ppm;4;0
4/00039_00029.ppm;4;0
4/00040_00000.ppm;4;0
4/00040_00001.ppm;4;0
4/00040_00002.ppm;4;0
4/00040_00003.ppm;4;0
4/00040_00004.ppm;4;0
4/00040_00005.ppm;4;0
4/00040_00006.ppm;4;0
4/00040_00007.ppm;4;0
4/00040_00008.ppm;4;0
4/00040_00009.ppm;4;0
4/00040_00010.ppm;4;0
4/00040_00011.ppm;4;0
4/00040_00012.ppm;4;0
4/00040_00013.ppm;4;0
4/00040_00014.ppm;4;0
4/00040_00015.ppm;4;0
4/00040_00016.ppm;4;0
4/00040_00017.ppm;4;0
4/00040_00018.ppm;4;0
4/00040_00019.ppm;4;0
4/00040_00020.ppm;4;0
4/00040_00021.ppm;4;0
4/00040_00022.ppm;4;0
4/00040_00023.ppm;4;0
4/00040_00024.ppm;4;0
4/00040_00025.ppm;4;0
4/00040_00026.ppm;4;0
4/00040_00027.ppm;4;0
4/00040_00028.ppm;4;0
4/00040_00029.ppm;4;0
4/00041_00000.ppm;4;0
4/00041_00001.ppm;4;0
4/00041_00002.ppm;4;0
4/00041_00003.ppm;4;0
4/00041_00004.ppm;4;0
4/00041_00005.ppm;4;0
4/00041_00006.ppm;4;0
4/00041_00007.ppm;4;0
4/00041_00008.ppm;4;0
4/00041_00009.ppm;4;0
4/00041_00010.ppm;4;0
4/00041_00011.ppm;4;0
4/00041_00012.ppm;4;0
4/00041_00013.ppm;4;0
4/00041_00014.ppm;4;0
4/00041_00015.ppm;4;0
4/00041_00016.ppm;4;0
4/00041_00017.ppm;4;0
4/00041_00018.ppm;4;0
4/00041_00019.ppm;4;0
4/00041_00020.ppm;4;0
4/00041_00021.ppm;4;0
4/00041_00022.ppm;4;0
4/00041_00023.ppm;4;0
4/00041_00024.ppm;4;0
4/00041_00025.ppm;4;0
4/00041_00026.ppm;4;0
4/00041_00027.ppm;4;0
4/00041_00028.ppm;4;0
4/00041_00029.ppm;4;0
4/00042_00000.ppm;4;0
4/00042_00001.ppm;4;0
4/00042_00002.ppm;4;0
4/00042_00003.ppm;4;0
4/00042_00004.ppm;4;0
4/00042_00005.ppm;4;0
4/00042_00006.ppm;4;0
4/00042_00007.ppm;4;0
4/00042_00008.ppm;4;0
4/00042_00009.ppm;4;0
4/00042_00010.ppm;4;0
4/00042_00011.ppm;4;0
4/00042_00012.ppm;4;0
4/00042_00013.ppm;4;0
4/00042_00014.ppm;4;0
4/00042_00015.ppm;4;0
4/00042_00016.ppm;4;0
4/00042_00017.ppm;4;0
4/00042_00018.ppm;4;0
4/00042_00019.ppm;4;0
4/00042_00020.ppm;4;0
4/00042_00021.ppm;4;0
4/00042_00022.ppm;4;0
4/00042_00023.ppm;4;0
4/00042_00024.ppm;4;0
4/00042_00025.ppm;4;0
4/00042_00026.ppm;4;0
4/00042_00027.ppm;4;0
4/00042_00028.ppm;4;0
4/00042_00029.ppm;4;0
4/00043_00000.ppm;4;0
4/00043_00001.ppm;4;0
4/00043_00002.ppm;4;0
4/00043_00003.ppm;4;0
4/00043_00004.ppm;4;0
4/00043_00005.ppm;4;0
4/00043_00006.ppm;4;0
4/00043_00007.ppm;4;0
4/00043_00008.ppm;4;0
4/00043_00009.ppm;4;0
4/00043_00010.ppm;4;0
4/00043_00011.ppm;4;0
4/00043_00012.ppm;4;0
4/00043_00013.ppm;4;0
4/00043_00014.ppm;4;0
4/00043_00015.ppm;4;0
4/00043_00016.ppm;4;0
4/00043_00017.ppm;4;0
4/00043_00018.ppm;4;0
4/00043_00019.ppm;4;0
4/00043_00020.ppm;4;0
4/00043_00021.ppm;4;0
4/00043_00022.ppm;4;0
4/00043_00023.ppm;4;0
4/00043_00024.ppm;4;0
4/00043_00025.ppm;4;0
4/00043_00026.ppm;4;0
4/00043_00027.ppm;4;0
4/00043_00028.ppm;4;0
4/00043_00029.ppm;4;0
5/00000_00000.ppm;5;0
5/00000_00001.ppm;5;0
5/00000_00002.ppm;5;0
5/00000_00003.ppm;5;0
5/00000_00004.ppm;5;0
5/00000_00005.ppm;5;0
5/00000_00006.ppm;5;0
5/00000_00007.ppm;5;0
5/00000_00008.ppm;5;0
5/00000_00009.ppm;5;0
5/00000_00010.ppm;5;0
5/00000_00011.ppm;5;0
5/00000_00012.ppm;5;0
5/00000_00013.ppm;5;0
5/00000_00014.ppm;5;0
5/00000_00015.ppm;5;0
5/00000_00016.ppm;5;0
5/00000_00017.ppm;5;0
5/00000_00018.ppm;5;0
5/00000_00019.ppm;5;0
5/00000_00020.ppm;5;0
5/00000_00021.ppm;5;0
5/00000_00022.ppm;5;0
5/00000_00023.ppm;5;0
5/00000_00024.ppm;5;0
5/00000_00025.ppm;5;0
5/00000_00026.ppm;5;0
5/00000_00027.ppm;5;0
5/00000_00028.ppm;5;0
5/00000_00029.ppm;5;0
5/00001_00000.ppm;5;0
5/00001_00001.ppm;5;0
5/00001_00002.ppm;5;0
5/00001_00003.ppm;5;0
5/00001_00004.ppm;5;0
5/00001_00005.ppm;5;0
5/00001_00006.ppm;5;0
5/00001_00007.ppm;5;0
5/00001_00008.ppm;5;0
5/00001_00009.ppm;5;0
5/00001_00010.ppm;5;0
5/00001_00011.ppm;5;0
5/00001_00012.ppm;5;0
5/00001_00013.ppm;5;0
5/00001_00014.ppm;5;0
5/00001_00015.ppm;5;0
5/00001_00016.ppm;5;0
5/00001_00017.ppm;5;0
5/00001_00018.ppm;5;0
5/00001_00019.ppm;5;0
5/00001_00020.ppm;5;0
5/00001_00021.ppm;5;0
5/00001_00022.ppm;5;0
5/00001_00023.ppm;5;0
5/00001_00024.ppm;5;0
5/00001_00025.ppm;5;0
5/00001_00026.ppm;5;0
5/00001_00027.ppm;5;0
5/00001_00028.ppm;5;0
5/00001_00029.ppm;5;0
5/00002_00000.ppm;5;0
5/00002_00001.ppm;5;0
5/00002_00002.ppm;5;0
5/00002_00003.ppm;5;0
5/00002_00004.ppm;5;0
5/00002_00005.ppm;5;0
5/00002_00006.ppm;5;0
5/00002_00007.ppm;5;0
5/00002_00008.ppm;5;0
5/00002_00009.ppm;5;0
5/00002_00010.ppm;5;0
5/00002_00011.ppm;5;0
5/00002_00012.ppm;5;0
5/00002_00013.ppm;5;0
5/00002_00014.ppm;5;0
5/00002_00015.ppm;5;0
5/00002_00016.ppm;5;0
5/00002_00017.ppm;5;0
5/00002_00018.ppm;5;0
5/00002_00019.ppm;5;0
5/00002_00020.ppm;5;0
5/00002_00021.ppm;5;0
5/00002_00022.ppm;5;0
5/00002_00023.ppm;5;0
5/00002_00024.ppm;5;0
5/00002_00025.ppm;5;0
5/00002_00026.ppm;5;0
5/00002_00027.ppm;5;0
5/00002_00028.ppm;5;0
5/00002_00029.ppm;5;0
5/00003_00000.ppm;5;0
5/00003_00001.ppm;5;0
5/00003_00002.ppm;5;0
5/00003_00003.ppm;5;0
5/00003_00004.ppm;5;0
5/00003_00005.ppm;5;0
5/00003_00006.ppm;5;0
5/00003_00007.ppm;5;0
5/00003_00008.ppm;5;0
5/00003_00009.ppm;5;0
5/00003_00010.ppm;5;0
5/00003_00011.ppm;5;0
5/00003_00012.ppm;5;0
5/00003_00013.ppm;5;0
5/00003_00014.ppm;5;0
5/00003_00015.ppm;5;0
5/00003_00016.ppm;5;0
5/00003_00017.ppm;5;0
5/00003_00018.ppm;5;0
5/00003_00019.ppm;5;0
5/00003_00020.ppm;5;0
5/00003_00021.ppm;5;0
5/00003_00022.ppm;5;0
5/00003_00023.ppm;5;0
5/00003_00024.ppm;5;0
5/00003_00025.ppm;5;0
5/00003_00026.ppm;5;0
5/00003_00027.ppm;5;0
5/00003_00028.ppm;5;0
5/00003_00029.ppm;5;0
5/00004_00000.ppm;5;0
5/00004_00001.ppm;5;0
5/00004_00002.ppm;5;0
5/00004_00003.ppm;5;0
5/00004_00004.ppm;5;0
5/00004_00005.ppm;5;0
5/00004_00006.ppm;5;0
5/00004_00007.ppm;5;0
5/00004_00008.ppm;5;0
5/00004_00009.ppm;5;0
5/00004_00010.ppm;5;0
5/00004_00011.ppm;5;0
5/00004_00012.ppm;5;0
5/00004_00013.ppm;5;0
5/00004_00014.ppm;5;0
5/00004_00015.ppm;5;0
5/00004_00016.ppm;5;0
5/00004_00017.ppm;5;0
5/00004_00018.ppm;5;0
5/00004_00019.ppm;5;0
5/00004_00020.ppm;5;0
5/00004_00021.ppm;5;0
5/00004_00022.ppm;5;0
5/00004_00023.ppm;5;0
5/00004_00024.ppm;5;0
5/00004_00025.ppm;5;0
5/00004_00026.ppm;5;0
5/00004_00027.ppm;5;0
5/00004_00028.ppm;5;0
5/00004_00029.ppm;5;0
5/00005_00000.ppm;5;0
5/00005_00001.ppm;5;0
5/00005_00002.ppm;5;0
5/00005_00003.ppm;5;0
5/00005_00004.ppm;5;0
5/00005_00005.ppm;5;0
5/00005_00006.ppm;5;0
5/00005_00007.ppm;5;0
5/00005_00008.ppm;5;0
5/00005_00009.ppm;5;0
5/00005_00010.ppm;5;0
5/00005_00011.ppm;5;0
5/00005_00012.ppm;5;0
5/00005_00013.ppm;5;0
5/00005_00014.ppm;5;0
5/00005_00015.ppm;5;0
5/00005_00016.ppm;5;0
5/00005_00017.ppm;5;0
5/00005_00018.ppm;5;0
5/00005_00019.ppm;5;0
5/00005_00020.ppm;5;0
5/00005_00021.ppm;5;0
5/00005_00022.ppm;5;0
5/00005_00023.ppm;5;0
5/00005_00024.ppm;5;0
5/00005_00025.ppm;5;0
5/00005_00026.ppm;5;0
5/00005_00027.ppm;5;0
5/00005_00028.ppm;5;0
5/00005_00029.ppm;5;0
5/00006_00000.ppm;5;0
5/00006_00001.ppm;5;0
5/00006_00002.ppm;5;0
5/00006_00003.ppm;5;0
5/00006_00004.ppm;5;0
5/00006_00005.ppm;5;0
5/00006_00006.ppm;5;0
5/00006_00007.ppm;5;0
5/00006_00008.ppm;5;0
5/00006_00009.ppm;5;0
5/00006_00010.ppm;5;0
5/00006_00011.ppm;5;0
5/00006_00012.ppm;5;0
5/00006_00013.ppm;5;0
5/00006_00014.ppm;5;0
5/00006_00015.ppm;5;0
5/00006_00016.ppm;5;0
5/00006_00017.ppm;5;0
5/00006_00018.ppm;5;0
5/00006_00019.ppm;5;0
5/00006_00020.ppm;5;0
5/00006_00021.ppm;5;0
5/00006_00022.ppm;5;0
5/00006_00023.ppm;5;0
5/00006_00024.ppm;5;0
5/00006_00025.ppm;5;0
5/00006_00026.ppm;5;0
5/00006_00027.ppm;5;0
5/00006_00028.ppm;5;0
5/00006_00029.ppm;5;0
5/00007_00000.ppm;5;0
5/00007_00001.ppm;5;0
5/00007_00002.ppm;5;0
5/00007_00003.ppm;5;0
5/00007_00004.ppm;5;0
5/00007_00005.ppm;5;0
5/00007_00006.ppm;5;0
5/00007_00007.ppm;5;0
5/00007_00008.ppm;5;0
5/00007_00009.ppm;5;0
5/00007_00010.ppm;5;0
5/00007_00011.ppm;5;0
5/00007_00012.ppm;5;0
5/00007_00013.ppm;5;0
5/00007_00014.ppm;5;0
5/00007_00015.ppm;5;0
5/00007_00016.ppm;5;0
5/00007_00017.ppm;5;0
5/00007_00018.ppm;5;0
5/00007_00019.ppm;5;0
5/00007_00020.ppm;5;0
5/00007_00021.ppm;5;0
5/00007_00022.ppm;5;0
5/00007_00023.ppm;5;0
5/00007_00024.ppm;5;0
5/00007_00025.ppm;5;0
5/00007_00026.ppm;5;0
5/00007_00027.ppm;5;0
5/00007_00028.ppm;5;0
5/00007_00029.ppm;5;0
5/00008_00000.ppm;5;0
5/00008_00001.ppm;5;0
5/00008_00002.ppm;5;0
5/00008_00003.ppm;5;0
5/00008_00004.ppm;5;0
5/00008_00005.ppm;5;0
5/00008_00006.ppm;5;0
5/00008_00007.ppm;5;0
5/00008_00008.ppm;5;0
5/00008_00009.ppm;5;0
5/00008_00010.ppm;5;0
5/00008_00011.ppm;5;0
5/00008_00012.ppm;5;0
5/00008_00013.ppm;5;0
5/00008_00014.ppm;5;0
5/00008_00015.ppm;5;0
5/00008_00016.ppm;5;0
5/00008_00017.ppm;5;0
5/00008_00018.ppm;5;0
5/00008_00019.ppm;5;0
5/00008_00020.ppm;5;0
5/00008_00021.ppm;5;0
5/00008_00022.ppm;5;0
5/00008_00023.ppm;5;0
5/00008_00024.ppm;5;0
5/00008_00025.ppm;5;0
5/00008_00026.ppm;5;0
5/00008_00027.ppm;5;0
5/00008_00028.ppm;5;0
5/00008_00029.ppm;5;0
5/00009_00000.ppm;5;0
5/00009_00001.ppm;5;0
5/00009_00002.ppm;5;0
5/00009_00003.ppm;5;0
5/00009_00004.ppm;5;0
5/00009_00005.ppm;5;0
5/00009_00006.ppm;5;0
5/00009_00007.ppm;5;0
5/00009_00008.ppm;5;0
5/00009_00009.ppm;5;0
5/00009_00010.ppm;5;0
5/00009_00011.ppm;5;0
5/00009_00012.ppm;5;0
5/00009_00013.ppm;5;0
5/00009_00014.ppm;5;0
5/00009_00015.ppm;5;0
5/00009_00016.ppm;5;0
5/00009_00017.ppm;5;0
5/00009_00018.ppm;5;0
5/00009_00019.ppm;5;0
5/00009_00020.ppm;5;0
5/00009_00021.ppm;5;0
5/00009_00022.ppm;5;0
5/00009_00023.ppm;5;0
5/00009_00024.ppm;5;0
5/00009_00025.ppm;5;0
5/00009_00026.ppm;5;0
5/00009_00027.ppm;5;0
5/00009_00028.ppm;5;0
5/00009_00029.ppm;5;0
5/00010_00000.ppm;5;0
5/00010_00001.ppm;5;0
5/00010_00002.ppm;5;0
5/00010_00003.ppm;5;0
5/00010_00004.ppm;5;0
5/00010_00005.ppm;5;0
5/00010_00006.ppm;5;0
5/00010_00007.ppm;5;0
5/00010_00008.ppm;5;0
5/00010_00009.ppm;5;0
5/00010_00010.ppm;5;0
5/00010_00011.ppm;5;0
5/00010_00012.ppm;5;0
5/00010_00013.ppm;5;0
5/00010_00014.ppm;5;0
5/00010_00015.ppm;5;0
5/00010_00016.ppm;5;0
5/00010_00017.ppm;5;0
5/00010_00018.ppm;5;0
5/00010_00019.ppm;5;0
5/00010_00020.ppm;5;0
5/00010_00021.ppm;5;0
5/00010_00022.ppm;5;0
5/00010_00023.ppm;5;0
5/00010_00024.ppm;5;0
5/00010_00025.ppm;5;0
5/00010_00026.ppm;5;0
5/00010_00027.ppm;5;0
5/00010_00028.ppm;5;0
5/00010_00029.ppm;5;0
5/00011_00000.ppm;5;0
5/00011_00001.ppm;5;0
5/00011_00002.ppm;5;0
5/00011_00003.ppm;5;0
5/00011_00004.ppm;5;0
5/00011_00005.ppm;5;0
5/00011_00006.ppm;5;0
5/00011_00007.ppm;5;0
5/00011_00008.ppm;5;0
5/00011_00009.ppm;5;0
5/00011_00010.ppm;5;0
5/00011_00011.ppm;5;0
5/00011_00012.ppm;5;0
5/00011_00013.ppm;5;0
5/00011_00014.ppm;5;0
5/00011_00015.ppm;5;0
5/00011_00016.ppm;5;0
5/00011_00017.ppm;5;0
5/00011_00018.ppm;5;0
5/00011_00019.ppm;5;0
5/00011_00020.ppm;5;0
5/00011_00021.ppm;5;0
5/00011_00022.ppm;5;0
5/00011_00023.ppm;5;0
5/00011_00024.ppm;5;0
5/00011_00025.ppm;5;0
5/00011_00026.ppm;5;0
5/00011_00027.ppm;5;0
5/00011_00028.ppm;5;0
5/00011_00029.ppm;5;0
5/00012_00000.ppm;5;0
5/00012_00001.ppm;5;0
5/00012_00002.ppm;5;0
5/00012_00003.ppm;5;0
5/00012_00004.ppm;5;0
5/00012_00005.ppm;5;0
5/00012_00006.ppm;5;0
5/00012_00007.ppm;5;0
5/00012_00008.ppm;5;0
5/00012_00009.ppm;5;0
5/00012_00010.ppm;5;0
5/00012_00011.ppm;5;0
5/00012_00012.ppm;5;0
5/00012_00013.ppm;5;0
5/00012_00014.ppm;5;0
5/00012_00015.ppm;5;0
5/00012_00016.ppm;5;0
5/00012_00017.ppm;5;0
5/00012_00018.ppm;5;0
5/00012_00019.ppm;5;0
5/00012_00020.ppm;5;0
5/00012_00021.ppm;5;0
5/00012_00022.ppm;5;0
5/00012_00023.ppm;5;0
5/00012_00024.ppm;5;0
5/00012_00025.ppm;5;0
5/00012_00026.ppm;5;0
5/00012_00027.ppm;5;0
5/00012_00028.ppm;5;0
5/00012_00029.ppm;5;0
5/00013_00000.ppm;5;0
5/00013_00001.ppm;5;0
5/00013_00002.ppm;5;0
5/00013_00003.ppm;5;0
5/00013_00004.ppm;5;0
5/00013_00005.ppm;5;0
5/00013_00006.ppm;5;0
5/00013_00007.ppm;5;0
5/00013_00008.ppm;5;0
5/00013_00009.ppm;5;0
5/00013_00010.ppm;5;0
5/00013_00011.ppm;5;0
5/00013_00012.ppm;5;0
5/00013_00013.ppm;5;0
5/00013_00014.ppm;5;0
5/00013_00015.ppm;5;0
5/00013_00016.ppm;5;0
5/00013_00017.ppm;5;0
5/00013_00018.ppm;5;0
5/00013_00019.ppm;5;0
5/00013_00020.ppm;5;0
5/00013_00021.ppm;5;0
5/00013_00022.ppm;5;0
5/00013_00023.ppm;5;0
5/00013_00024.ppm;5;0
5/00013_00025.ppm;5;0
5/00013_00026.ppm;5;0
5/00013_00027.ppm;5;0
5/00013_00028.ppm;5;0
5/00013_00029.ppm;5;0
5/00014_00000.ppm;5;0
5/00014_00001.ppm;5;0
5/00014_00002.ppm;5;0
5/00014_00003.ppm;5;0
5/00014_00004.ppm;5;0
5/00014_00005.ppm;5;0
5/00014_00006.ppm;5;0
5/00014_00007.ppm;5;0
5/00014_00008.ppm;5;0
5/00014_00009.ppm;5;0
5/00014_00010.ppm;5;0
5/00014_00011.ppm;5;0
5/00014_00012.ppm;5;0
5/00014_00013.ppm;5;0
5/00014_00014.ppm;5;0
5/00014_00015.ppm;5;0
5/00014_00016.ppm;5;0
5/00014_00017.ppm;5;0
5/00014_00018.ppm;5;0
5/00014_00019.ppm;5;0
5/00014_00020.ppm;5;0
5/00014_00021.ppm;5;0
5/00014_00022.ppm;5;0
5/00014_00023.ppm;5;0
5/00014_00024.ppm;5;0
5/00014_00025.ppm;5;0
5/00014_00026.ppm;5;0
5/00014_00027.ppm;5;0
5/00014_00028.ppm;5;0
5/00014_00029.ppm;5;0
5/00015_00000.ppm;5;0
5/00015_00001.ppm;5;0
5/00015_00002.ppm;5;0
5/00015_00003.ppm;5;0
5/00015_00004.ppm;5;0
5/00015_00005.ppm;5;0
5/00015_00006.ppm;5;0
5/00015_00007.ppm;5;0
5/00015_00008.ppm;5;0
5/00015_00009.ppm;5;0
5/00015_00010.ppm;5;0
5/00015_00011.ppm;5;0
5/00015_00012.ppm;5;0
5/00015_00013.ppm;5;0
5/00015_00014.ppm;5;0
5/00015_00015.ppm;5;0
5/00015_00016.ppm;5;0
5/00015_00017.ppm;5;0
5/00015_00018.ppm;5;0
5/00015_00019.ppm;5;0
5/00015_00020.ppm;5;0
5/00015_00021.ppm;5;0
5/00015_00022.ppm;5;0
5/00015_00023.ppm;5;0
5/00015_00024.ppm;5;0
5/00015_00025.ppm;5;0
5/00015_00026.ppm;5;0
5/00015_00027.ppm;5;0
5/00015_00028.ppm;5;0
5/00015_00029.ppm;5;0
5/00016_00000.ppm;5;0
5/00016_00001.ppm;5;0
5/00016_00002.ppm;5;0
5/00016_00003.ppm;5;0
5/00016_00004.ppm;5;0
5/00016_00005.ppm;5;0
5/00016_00006.ppm;5;0
5/00016_00007.ppm;5;0
5/00016_00008.ppm;5;0
5/00016_00009.ppm;5;0
5/00016_00010.ppm;5;0
5/00016_00011.ppm;5;0
5/00016_00012.ppm;5;0
5/00016_00013.ppm;5;0
5/00016_00014.ppm;5;0
5/00016_00015.ppm;5;0
5/00016_00016.ppm;5;0
5/00016_00017.ppm;5;0
5/00016_00018.ppm;5;0
5/00016_00019.ppm;5;0
5/00016_00020.ppm;5;0
5/00016_00021.ppm;5;0
5/00016_00022.ppm;5;0
5/00016_00023.ppm;5;0
5/00016_00024.ppm;5;0
5/00016_00025.ppm;5;0
5/00016_00026.ppm;5;0
5/00016_00027.ppm;5;0
5/00016_00028.ppm;5;0
5/00016_00029.ppm;5;0
5/00017_00000.ppm;5;0
5/00017_00001.ppm;5;0
5/00017_00002.ppm;5;0
5/00017_00003.ppm;5;0
5/00017_00004.ppm;5;0
5/00017_00005.ppm;5;0
5/00017_00006.ppm;5;0
5/00017_00007.ppm;5;0
5/00017_00008.ppm;5;0
5/00017_00009.ppm;5;0
5/00017_00010.ppm;5;0
5/00017_00011.ppm;5;0
5/00017_00012.ppm;5;0
5/00017_00013.ppm;5;0
5/00017_00014.ppm;5;0
5/00017_00015.ppm;5;0
5/00017_00016.ppm;5;0
5/00017_00017.ppm;5;0
5/00017_00018.ppm;5;0
5/00017_00019.ppm;5;0
5/00017_00020.ppm;5;0
5/00017_00021.ppm;5;0
5/00017_00022.ppm;5;0
5/00017_00023.ppm;5;0
5/00017_00024.ppm;5;0
5/00017_00025.ppm;5;0
5/00017_00026.ppm;5;0
5/00017_00027.ppm;5;0
5/00017_00028.ppm;5;0
5/00017_00029.ppm;5;0
5/00018_00000.ppm;5;0
5/00018_00001.ppm;5;0
5/00018_00002.ppm;5;0
5/00018_00003.ppm;5;0
5/00018_00004.ppm;5;0
5/00018_00005.ppm;5;0
5/00018_00006.ppm;5;0
5/00018_00007.ppm;5;0
5/00018_00008.ppm;5;0
5/00018_00009.ppm;5;0
5/00018_00010.ppm;5;0
5/00018_00011.ppm;5;0
5/00018_00012.ppm;5;0
5/00018_00013.ppm;5;0
5/00018_00014.ppm;5;0
5/00018_00015.ppm;5;0
5/00018_00016.ppm;5;0
5/00018_00017.ppm;5;0
5/00018_00018.ppm;5;0
5/00018_00019.ppm;5;0
5/00018_00020.ppm;5;0
5/00018_00021.ppm;5;0
5/00018_00022.ppm;5;0
5/00018_00023.ppm;5;0
5/00018_00024.ppm;5;0
5/00018_00025.ppm;5;0
5/00018_00026.ppm;5;0
5/00018_00027.ppm;5;0
5/00018_00028.ppm;5;0
5/00018_00029.ppm;5;0
5/00019_00000.ppm;5;0
5/00019_00001.ppm;5;0
5/00019_00002.ppm;5;0
5/00019_00003.ppm;5;0
5/00019_00004.ppm;5;0
5/00019_00005.ppm;5;0
5/00019_00006.ppm;5;0
5/00019_00007.ppm;5;0
5/00019_00008.ppm;5;0
5/00019_00009.ppm;5;0
5/00019_00010.ppm;5;0
5/00019_00011.ppm;5;0
5/00019_00012.ppm;5;0
5/00019_00013.ppm;5;0
5/00019_00014.ppm;5;0
5/00019_00015.ppm;5;0
5/00019_00016.ppm;5;0
5/00019_00017.ppm;5;0
5/00019_00018.ppm;5;0
5/00019_00019.ppm;5;0
5/00019_00020.ppm;5;0
5/00019_00021.ppm;5;0
5/00019_00022.ppm;5;0
5/00019_00023.ppm;5;0
5/00019_00024.ppm;5;0
5/00019_00025.ppm;5;0
5/00019_00026.ppm;5;0
5/00019_00027.ppm;5;0
5/00019_00028.ppm;5;0
5/00019_00029.ppm;5;0
5/00020_00000.ppm;5;0
5/00020_00001.ppm;5;0
5/00020_00002.ppm;5;0
5/00020_00003.ppm;5;0
5/00020_00004.ppm;5;0
5/00020_00005.ppm;5;0
5/00020_00006.ppm;5;0
5/00020_00007.ppm;5;0
5/00020_00008.ppm;5;0
5/00020_00009.ppm;5;0
5/00020_00010.ppm;5;0
5/00020_00011.ppm;5;0
5/00020_00012.ppm;5;0
5/00020_00013.ppm;5;0
5/00020_00014.ppm;5;0
5/00020_00015.ppm;5;0
5/00020_00016.ppm;5;0
5/00020_00017.ppm;5;0
5/00020_00018.ppm;5;0
5/00020_00019.ppm;5;0
5/00020_00020.ppm;5;0
5/00020_00021.ppm;5;0
5/00020_00022.ppm;5;0
5/00020_00023.ppm;5;0
5/00020_00024.ppm;5;0
5/00020_00025.ppm;5;0
5/00020_00026.ppm;5;0
5/00020_00027.ppm;5;0
5/00020_00028.ppm;5;0
5/00020_00029.ppm;5;0
5/00021_00000.ppm;5;0
5/00021_00001.ppm;5;0
5/00021_00002.ppm;5;0
5/00021_00003.ppm;5;0
5/00021_00004.ppm;5;0
5/00021_00005.ppm;5;0
5/00021_00006.ppm;5;0
5/00021_00007.ppm;5;0
5/00021_00008.ppm;5;0
5/00021_00009.ppm;5;0
5/00021_00010.ppm;5;0
5/00021_00011.ppm;5;0
5/00021_00012.ppm;5;0
5/00021_00013.ppm;5;0
5/00021_00014.ppm;5;0
5/00021_00015.ppm;5;0
5/00021_00016.ppm;5;0
5/00021_00017.ppm;5;0
5/00021_00018.ppm;5;0
5/00021_00019.ppm;5;0
5/00021_00020.ppm;5;0
5/00021_00021.ppm;5;0
5/00021_00022.ppm;5;0
5/00021_00023.ppm;5;0
5/00021_00024.ppm;5;0
5/00021_00025.ppm;5;0
5/00021_00026.ppm;5;0
5/00021_00027.ppm;5;0
5/00021_00028.ppm;5;0
5/00021_00029.ppm;5;0
5/00022_00000.ppm;5;0
5/00022_00001.ppm;5;0
5/00022_00002.ppm;5;0
5/00022_00003.ppm;5;0
5/00022_00004.ppm;5;0
5/00022_00005.ppm;5;0
5/00022_00006.ppm;5;0
5/00022_00007.ppm;5;0
5/00022_00008.ppm;5;0
5/00022_00009.ppm;5;0
5/00022_00010.ppm;5;0
5/00022_00011.ppm;5;0
5/00022_00012.ppm;5;0
5/00022_00013.ppm;5;0
5/00022_00014.ppm;5;0
5/00022_00015.ppm;5;0
5/00022_00016.ppm;5;0
5/00022_00017.ppm;5;0
5/00022_00018.ppm;5;0
5/00022_00019.ppm;5;0
5/00022_00020.ppm;5;0
5/00022_00021.ppm;5;0
5/00022_00022.ppm;5;0
5/00022_00023.ppm;5;0
5/00022_00024.ppm;5;0
5/00022_00025.ppm;5;0
5/00022_00026.ppm;5;0
5/00022_00027.ppm;5;0
5/00022_00028.ppm;5;0
5/00022_00029.ppm;5;0
5/00023_00000.ppm;5;0
5/00023_00001.ppm;5;0
5/00023_00002.ppm;5;0
5/00023_00003.ppm;5;0
5/00023_00004.ppm;5;0
5/00023_00005.ppm;5;0
5/00023_00006.ppm;5;0
5/00023_00007.ppm;5;0
5/00023_00008.ppm;5;0
5/00023_00009.ppm;5;0
5/00023_00010.ppm;5;0
5/00023_00011.ppm;5;0
5/00023_00012.ppm;5;0
5/00023_00013.ppm;5;0
5/00023_00014.ppm;5;0
5/00023_00015.ppm;5;0
5/00023_00016.ppm;5;0
5/00023_00017.ppm;5;0
5/00023_00018.ppm;5;0
5/00023_00019.ppm;5;0
5/00023_00020.ppm;5;0
5/00023_00021.ppm;5;0
5/00023_00022.ppm;5;0
5/00023_00023.ppm;5;0
5/00023_00024.ppm;5;0
5/00023_00025.ppm;5;0
5/00023_00026.ppm;5;0
5/00023_00027.ppm;5;0
5/00023_00028.ppm;5;0
5/00023_00029.ppm;5;0
5/00024_00000.ppm;5;0
5/00024_00001.ppm;5;0
5/00024_00002.ppm;5;0
5/00024_00003.ppm;5;0
5/00024_00004.ppm;5;0
5/00024_00005.ppm;5;0
5/00024_00006.ppm;5;0
5/00024_00007.ppm;5;0
5/00024_00008.ppm;5;0
5/00024_00009.ppm;5;0
5/00024_00010.ppm;5;0
5/00024_00011.ppm;5;0
5/00024_00012.ppm;5;0
5/00024_00013.ppm;5;0
5/00024_00014.ppm;5;0
5/00024_00015.ppm;5;0
5/00024_00016.ppm;5;0
5/00024_00017.ppm;5;0
5/00024_00018.ppm;5;0
5/00024_00019.ppm;5;0
5/00024_00020.ppm;5;0
5/00024_00021.ppm;5;0
5/00024_00022.ppm;5;0
5/00024_00023.ppm;5;0
5/00024_00024.ppm;5;0
5/00024_00025.ppm;5;0
5/00024_00026.ppm;5;0
5/00024_00027.ppm;5;0
5/00024_00028.ppm;5;0
5/00024_00029.ppm;5;0
5/00025_00000.ppm;5;0
5/00025_00001.ppm;5;0
5/00025_00002.ppm;5;0
5/00025_00003.ppm;5;0
5/00025_00004.ppm;5;0
5/00025_00005.ppm;5;0
5/00025_00006.ppm;5;0
5/00025_00007.ppm;5;0
5/00025_00008.ppm;5;0
5/00025_00009.ppm;5;0
5/00025_00010.ppm;5;0
5/00025_00011.ppm;5;0
5/00025_00012.ppm;5;0
5/00025_00013.ppm;5;0
5/00025_00014.ppm;5;0
5/00025_00015.ppm;5;0
5/00025_00016.ppm;5;0
5/00025_00017.ppm;5;0
5/00025_00018.ppm;5;0
5/00025_00019.ppm;5;0
5/00025_00020.ppm;5;0
5/00025_00021.ppm;5;0
5/00025_00022.ppm;5;0
5/00025_00023.ppm;5;0
5/00025_00024.ppm;5;0
5/00025_00025.ppm;5;0
5/00025_00026.ppm;5;0
5/00025_00027.ppm;5;0
5/00025_00028.ppm;5;0
5/00025_00029.ppm;5;0
5/00026_00000.ppm;5;0
5/00026_00001.ppm;5;0
5/00026_00002.ppm;5;0
5/00026_00003.ppm;5;0
5/00026_00004.ppm;5;0
5/00026_00005.ppm;5;0
5/00026_00006.ppm;5;0
5/00026_00007.ppm;5;0
5/00026_00008.ppm;5;0
5/00026_00009.ppm;5;0
5/00026_00010.ppm;5;0
5/00026_00011.ppm;5;0
5/00026_00012.ppm;5;0
5/00026_00013.ppm;5;0
5/00026_00014.ppm;5;0
5/00026_00015.ppm;5;0
5/00026_00016.ppm;5;0
5/00026_00017.ppm;5;0
5/00026_00018.ppm;5;0
5/00026_00019.ppm;5;0
5/00026_00020.ppm;5;0
5/00026_00021.ppm;5;0
5/00026_00022.ppm;5;0
5/00026_00023.ppm;5;0
5/00026_00024.ppm;5;0
5/00026_00025.ppm;5;0
5/00026_00026.ppm;5;0
5/00026_00027.ppm;5;0
5/00026_00028.ppm;5;0
5/00026_00029.ppm;5;0
5/00027_00000.ppm;5;0
5/00027_00001.ppm;5;0
5/00027_00002.ppm;5;0
5/00027_00003.ppm;5;0
5/00027_00004.ppm;5;0
5/00027_00005.ppm;5;0
5/00027_00006.ppm;5;0
5/00027_00007.ppm;5;0
5/00027_00008.ppm;5;0
5/00027_00009.ppm;5;0
5/00027_00010.ppm;5;0
5/00027_00011.ppm;5;0
5/00027_00012.ppm;5;0
5/00027_00013.ppm;5;0
5/00027_00014.ppm;5;0
5/00027_00015.ppm;5;0
5/00027_00016.ppm;5;0
5/00027_00017.ppm;5;0
5/00027_00018.ppm;5;0
5/00027_00019.ppm;5;0
5/00027_00020.ppm;5;0
5/00027_00021.ppm;5;0
5/00027_00022.ppm;5;0
5/00027_00023.ppm;5;0
5/00027_00024.ppm;5;0
5/00027_00025.ppm;5;0
5/00027_00026.ppm;5;0
5/00027_00027.ppm;5;0
5/00027_00028.ppm;5;0
5/00027_00029.ppm;5;0
5/00028_00000.ppm;5;0
5/00028_00001.ppm;5;0
5/00028_00002.ppm;5;0
5/00028_00003.ppm;5;0
5/00028_00004.ppm;5;0
5/00028_00005.ppm;5;0
5/00028_00006.ppm;5;0
5/00028_00007.ppm;5;0
5/00028_00008.ppm;5;0
5/00028_00009.ppm;5;0
5/00028_00010.ppm;5;0
5/00028_00011.ppm;5;0
5/00028_00012.ppm;5;0
5/00028_00013.ppm;5;0
5/00028_00014.ppm;5;0
5/00028_00015.ppm;5;0
5/00028_00016.ppm;5;0
5/00028_00017.ppm;5;0
5/00028_00018.ppm;5;0
5/00028_00019.ppm;5;0
5/00028_00020.ppm;5;0
5/00028_00021.ppm;5;0
5/00028_00022.ppm;5;0
5/00028_00023.ppm;5;0
5/00028_00024.ppm;5;0
5/00028_00025.ppm;5;0
5/00028_00026.ppm;5;0
5/00028_00027.ppm;5;0
5/00028_00028.ppm;5;0
5/00028_00029.ppm;5;0
5/00029_00000.ppm;5;0
5/00029_00001.ppm;5;0
5/00029_00002.ppm;5;0
5/00029_00003.ppm;5;0
5/00029_00004.ppm;5;0
5/00029_00005.ppm;5;0
5/00029_00006.ppm;5;0
5/00029_00007.ppm;5;0
5/00029_00008.ppm;5;0
5/00029_00009.ppm;5;0
5/00029_00010.ppm;5;0
5/00029_00011.ppm;5;0
5/00029_00012.ppm;5;0
5/00029_00013.ppm;5;0
5/00029_00014.ppm;5;0
5/00029_00015.ppm;5;0
5/00029_00016.ppm;5;0
5/00029_00017.ppm;5;0
5/00029_00018.ppm;5;0
5/00029_00019.ppm;5;0
5/00029_00020.ppm;5;0
5/00029_00021.ppm;5;0
5/00029_00022.ppm;5;0
5/00029_00023.ppm;5;0
5/00029_00024.ppm;5;0
5/00029_00025.ppm;5;0
5/00029_00026.ppm;5;0
5/00029_00027.ppm;5;0
5/00029_00028.ppm;5;0
5/00029_00029.ppm;5;0
5/00030_00000.ppm;5;0
5/00030_00001.ppm;5;0
5/00030_00002.ppm;5;0
5/00030_00003.ppm;5;0
5/00030_00004.ppm;5;0
5/00030_00005.ppm;5;0
5/00030_00006.ppm;5;0
5/00030_00007.ppm;5;0
5/00030_00008.ppm;5;0
5/00030_00009.ppm;5;0
5/00030_00010.ppm;5;0
5/00030_00011.ppm;5;0
5/00030_00012.ppm;5;0
5/00030_00013.ppm;5;0
5/00030_00014.ppm;5;0
5/00030_00015.ppm;5;0
5/00030_00016.ppm;5;0
5/00030_00017.ppm;5;0
5/00030_00018.ppm;5;0
5/00030_00019.ppm;5;0
5/00030_00020.ppm;5;0
5/00030_00021.ppm;5;0
5/00030_00022.ppm;5;0
5/00030_00023.ppm;5;0
5/00030_00024.ppm;5;0
5/00030_00025.ppm;5;0
5/00030_00026.ppm;5;0
5/00030_00027.ppm;5;0
5/00030_00028.ppm;5;0
5/00030_00029.ppm;5;0
5/00031_00000.ppm;5;0
5/00031_00001.ppm;5;0
5/00031_00002.ppm;5;0
5/00031_00003.ppm;5;0
5/00031_00004.ppm;5;0
5/00031_00005.ppm;5;0
5/00031_00006.ppm;5;0
5/00031_00007.ppm;5;0
5/00031_00008.ppm;5;0
5/00031_00009.ppm;5;0
5/00031_00010.ppm;5;0
5/00031_00011.ppm;5;0
5/00031_00012.ppm;5;0
5/00031_00013.ppm;5;0
5/00031_00014.ppm;5;0
5/00031_00015.ppm;5;0
5/00031_00016.ppm;5;0
5/00031_00017.ppm;5;0
5/00031_00018.ppm;5;0
5/00031_00019.ppm;5;0
5/00031_00020.ppm;5;0
5/00031_00021.ppm;5;0
5/00031_00022.ppm;5;0
5/00031_00023.ppm;5;0
5/00031_00024.ppm;5;0
5/00031_00025.ppm;5;0
5/00031_00026.ppm;5;0
5/00031_00027.ppm;5;0
5/00031_00028.ppm;5;0
5/00031_00029.ppm;5;0
5/00032_00000.ppm;5;0
5/00032_00001.ppm;5;0
5/00032_00002.ppm;5;0
5/00032_00003.ppm;5;0
5/00032_00004.ppm;5;0
5/00032_00005.ppm;5;0
5/00032_00006.ppm;5;0
5/00032_00007.ppm;5;0
5/00032_00008.ppm;5;0
5/00032_00009.ppm;5;0
5/00032_00010.ppm;5;0
5/00032_00011.ppm;5;0
5/00032_00012.ppm;5;0
5/00032_00013.ppm;5;0
5/00032_00014.ppm;5;0
5/00032_00015.ppm;5;0
5/00032_00016.ppm;5;0
5/00032_00017.ppm;5;0
5/00032_00018.ppm;5;0
5/00032_00019.ppm;5;0
5/00032_00020.ppm;5;0
5/00032_00021.ppm;5;0
5/00032_00022.ppm;5;0
5/00032_00023.ppm;5;0
5/00032_00024.ppm;5;0
5/00032_00025.ppm;5;0
5/00032_00026.ppm;5;0
5/00032_00027.ppm;5;0
5/00032_00028.ppm;5;0
5/00032_00029.ppm;5;0
5/00033_00000.ppm;5;0
5/00033_00001.ppm;5;0
5/00033_00002.ppm;5;0
5/00033_00003.ppm;5;0
5/00033_00004.ppm;5;0
5/00033_00005.ppm;5;0
5/00033_00006.ppm;5;0
5/00033_00007.ppm;5;0
5/00033_00008.ppm;5;0
5/00033_00009.ppm;5;0
5/00033_00010.ppm;5;0
5/00033_00011.ppm;5;0
5/00033_00012.ppm;5;0
5/00033_00013.ppm;5;0
5/00033_00014.ppm;5;0
5/00033_00015.ppm;5;0
5/00033_00016.ppm;5;0
5/00033_00017.ppm;5;0
5/00033_00018.ppm;5;0
5/00033_00019.ppm;5;0
5/00033_00020.ppm;5;0
5/00033_00021.ppm;5;0
5/00033_00022.ppm;5;0
5/00033_00023.ppm;5;0
5/00033_00024.ppm;5;0
5/00033_00025.ppm;5;0
5/00033_00026.ppm;5;0
5/00033_00027.ppm;5;0
5/00033_00028.ppm;5;0
5/00033_00029.ppm;5;0
5/00034_00000.ppm;5;0
5/00034_00001.ppm;5;0
5/00034_00002.ppm;5;0
5/00034_00003.ppm;5;0
5/00034_00004.ppm;5;0
5/00034_00005.ppm;5;0
5/00034_00006.ppm;5;0
5/00034_00007.ppm;5;0
5/00034_00008.ppm;5;0
5/00034_00009.ppm;5;0
5/00034_00010.ppm;5;0
5/00034_00011.ppm;5;0
5/00034_00012.ppm;5;0
5/00034_00013.ppm;5;0
5/00034_00014.ppm;5;0
5/00034_00015.ppm;5;0
5/00034_00016.ppm;5;0
5/00034_00017.ppm;5;0
5/00034_00018.ppm;5;0
5/00034_00019.ppm;5;0
5/00034_00020.ppm;5;0
5/00034_00021.ppm;5;0
5/00034_00022.ppm;5;0
5/00034_00023.ppm;5;0
5/00034_00024.ppm;5;0
5/00034_00025.ppm;5;0
5/00034_00026.ppm;5;0
5/00034_00027.ppm;5;0
5/00034_00028.ppm;5;0
5/00034_00029.ppm;5;0
5/00035_00000.ppm;5;0
5/00035_00001.ppm;5;0
5/00035_00002.ppm;5;0
5/00035_00003.ppm;5;0
5/00035_00004.ppm;5;0
5/00035_00005.ppm;5;0
5/00035_00006.ppm;5;0
5/00035_00007.ppm;5;0
5/00035_00008.ppm;5;0
5/00035_00009.ppm;5;0
5/00035_00010.ppm;5;0
5/00035_00011.ppm;5;0
5/00035_00012.ppm;5;0
5/00035_00013.ppm;5;0
5/00035_00014.ppm;5;0
5/00035_00015.ppm;5;0
5/00035_00016.ppm;5;0
5/00035_00017.ppm;5;0
5/00035_00018.ppm;5;0
5/00035_00019.ppm;5;0
5/00035_00020.ppm;5;0
5/00035_00021.ppm;5;0
5/00035_00022.ppm;5;0
5/00035_00023.ppm;5;0
5/00035_00024.ppm;5;0
5/00035_00025.ppm;5;0
5/00035_00026.ppm;5;0
5/00035_00027.ppm;5;0
5/00035_00028.ppm;5;0
5/00035_00029.ppm;5;0
5/00036_00000.ppm;5;0
5/00036_00001.ppm;5;0
5/00036_00002.ppm;5;0
5/00036_00003.ppm;5;0
5/00036_00004.ppm;5;0
5/00036_00005.ppm;5;0
5/00036_00006.ppm;5;0
5/00036_00007.ppm;5;0
5/00036_00008.ppm;5;0
5/00036_00009.ppm;5;0
5/00036_00010.ppm;5;0
5/00036_00011.ppm;5;0
5/00036_00012.ppm;5;0
5/00036_00013.ppm;5;0
5/00036_00014.ppm;5;0
5/00036_00015.ppm;5;0
5/00036_00016.ppm;5;0
5/00036_00017.ppm;5;0
5/00036_00018.ppm;5;0
5/00036_00019.ppm;5;0
5/00036_00020.ppm;5;0
5/00036_00021.ppm;5;0
5/00036_00022.ppm;5;0
5/00036_00023.ppm;5;0
5/00036_00024.ppm;5;0
5/00036_00025.ppm;5;0
5/00036_00026.ppm;5;0
5/00036_00027.ppm;5;0
5/00036_00028.ppm;5;0
5/00036_00029.ppm;5;0
5/00037_00000.ppm;5;0
5/00037_00001.ppm;5;0
5/00037_00002.ppm;5;0
5/00037_00003.ppm;5;0
5/00037_00004.ppm;5;0
5/00037_00005.ppm;5;0
5/00037_00006.ppm;5;0
5/00037_00007.ppm;5;0
5/00037_00008.ppm;5;0
5/00037_00009.ppm;5;0
5/00037_00010.ppm;5;0
5/00037_00011.ppm;5;0
5/00037_00012.ppm;5;0
5/00037_00013.ppm;5;0
5/00037_00014.ppm;5;0
5/00037_00015.ppm;5;0
5/00037_00016.ppm;5;0
5/00037_00017.ppm;5;0
5/00037_00018.ppm;5;0
5/00037_00019.ppm;5;0
5/00037_00020.ppm;5;0
5/00037_00021.ppm;5;0
5/00037_00022.ppm;5;0
5/00037_00023.ppm;5;0
5/00037_00024.ppm;5;0
5/00037_00025.ppm;5;0
5/00037_00026.ppm;5;0
5/00037_00027.ppm;5;0
5/00037_00028.ppm;5;0
5/00037_00029.ppm;5;0
5/00038_00000.ppm;5;0
5/00038_00001.ppm;5;0
5/00038_00002.ppm;5;0
5/00038_00003.ppm;5;0
5/00038_00004.ppm;5;0
5/00038_00005.ppm;5;0
5/00038_00006.ppm;5;0
5/00038_00007.ppm;5;0
5/00038_00008.ppm;5;0
5/00038_00009.ppm;5;0
5/00038_00010.ppm;5;0
5/00038_00011.ppm;5;0
5/00038_00012.ppm;5;0
5/00038_00013.ppm;5;0
5/00038_00014.ppm;5;0
5/00038_00015.ppm;5;0
5/00038_00016.ppm;5;0
5/00038_00017.ppm;5;0
5/00038_00018.ppm;5;0
5/00038_00019.ppm;5;0
5/00038_00020.ppm;5;0
5/00038_00021.ppm;5;0
5/00038_00022.ppm;5;0
5/00038_00023.ppm;5;0
5/00038_00024.ppm;5;0
5/00038_00025.ppm;5;0
5/00038_00026.ppm;5;0
5/00038_00027.ppm;5;0
5/00038_00028.ppm;5;0
5/00038_00029.ppm;5;0
5/00039_00000.ppm;5;0
5/00039_00001.ppm;5;0
5/00039_00002.ppm;5;0
5/00039_00003.ppm;5;0
5/00039_00004.ppm;5;0
5/00039_00005.ppm;5;0
5/00039_00006.ppm;5;0
5/00039_00007.ppm;5;0
5/00039_00008.ppm;5;0
5/00039_00009.ppm;5;0
5/00039_00010.ppm;5;0
5/00039_00011.ppm;5;0
5/00039_00012.ppm;5;0
5/00039_00013.ppm;5;0
5/00039_00014.ppm;5;0
5/00039_00015.ppm;5;0
5/00039_00016.ppm;5;0
5/00039_00017.ppm;5;0
5/00039_00018.ppm;5;0
5/00039_00019.ppm;5;0
5/00039_00020.ppm;5;0
5/00039_00021.ppm;5;0
5/00039_00022.ppm;5;0
5/00039_00023.ppm;5;0
5/00039_00024.ppm;5;0
5/00039_00025.ppm;5;0
5/00039_00026.ppm;5;0
5/00039_00027.ppm;5;0
5/00039_00028.ppm;5;0
5/00039_00029.ppm;5;0
5/00040_00000.ppm;5;0
5/00040_00001.ppm;5;0
5/00040_00002.ppm;5;0
5/00040_00003.ppm;5;0
5/00040_00004.ppm;5;0
5/00040_00005.ppm;5;0
5/00040_00006.ppm;5;0
5/00040_00007.ppm;5;0
5/00040_00008.ppm;5;0
5/00040_00009.ppm;5;0
5/00040_00010.ppm;5;0
5/00040_00011.ppm;5;0
5/00040_00012.ppm;5;0
5/00040_00013.ppm;5;0
5/00040_00014.ppm;5;0
5/00040_00015.ppm;5;0
5/00040_00016.ppm;5;0
5/00040_00017.ppm;5;0
5/00040_00018.ppm;5;0
5/00040_00019.ppm;5;0
5/00040_00020.ppm;5;0
5/00040_00021.ppm;5;0
5/00040_00022.ppm;5;0
5/00040_00023.ppm;5;0
5/00040_00024.ppm;5;0
5/00040_00025.ppm;5;0
5/00040_00026.ppm;5;0
5/00040_00027.ppm;5;0
5/00040_00028.ppm;5;0
5/00040_00029.ppm;5;0
5/00041_00000.ppm;5;0
5/00041_00001.ppm;5;0
5/00041_00002.ppm;5;0
5/00041_00003.ppm;5;0
5/00041_00004.ppm;5;0
5/00041_00005.ppm;5;0
5/00041_00006.ppm;5;0
5/00041_00007.ppm;5;0
5/00041_00008.ppm;5;0
5/00041_00009.ppm;5;0
5/00041_00010.ppm;5;0
5/00041_00011.ppm;5;0
5/00041_00012.ppm;5;0
5/00041_00013.ppm;5;0
5/00041_00014.ppm;5;0
5/00041_00015.ppm;5;0
5/00041_00016.ppm;5;0
5/00041_00017.ppm;5;0
5/00041_00018.ppm;5;0
5/00041_00019.ppm;5;0
5/00041_00020.ppm;5;0
5/00041_00021.ppm;5;0
5/00041_00022.ppm;5;0
5/00041_00023.ppm;5;0
5/00041_00024.ppm;5;0
5/00041_00025.ppm;5;0
5/00041_00026.ppm;5;0
5/00041_00027.ppm;5;0
5/00041_00028.ppm;5;0
5/00041_00029.ppm;5;0
6/00000_00000.ppm;6;0
6/00000_00001.ppm;6;0
6/00000_00002.ppm;6;0
6/00000_00003.ppm;6;0
6/00000_00004.ppm;6;0
6/00000_00005.ppm;6;0
6/00000_00006.ppm;6;0
6/00000_00007.ppm;6;0
6/00000_00008.ppm;6;0
6/00000_00009.ppm;6;0
6/00000_00010.ppm;6;0
6/00000_00011.ppm;6;0
6/00000_00012.ppm;6;0
6/00000_00013.ppm;6;0
6/00000_00014.ppm;6;0
6/00000_00015.ppm;6;0
6/00000_00016.ppm;6;0
6/00000_00017.ppm;6;0
6/00000_00018.ppm;6;0
6/00000_00019.ppm;6;0
6/00000_00020.ppm;6;0
6/00000_00021.ppm;6;0
6/00000_00022.ppm;6;0
6/00000_00023.ppm;6;0
6/00000_00024.ppm;6;0
6/00000_00025.ppm;6;0
6/00000_00026.ppm;6;0
6/00000_00027.ppm;6;0
6/00000_00028.ppm;6;0
6/00000_00029.ppm;6;0
6/00001_00000.ppm;6;0
6/00001_00001.ppm;6;0
6/00001_00002.ppm;6;0
6/00001_00003.ppm;6;0
6/00001_00004.ppm;6;0
6/00001_00005.ppm;6;0
6/00001_00006.ppm;6;0
6/00001_00007.ppm;6;0
6/00001_00008.ppm;6;0
6/00001_00009.ppm;6;0
6/00001_00010.ppm;6;0
6/00001_00011.ppm;6;0
6/00001_00012.ppm;6;0
6/00001_00013.ppm;6;0
6/00001_00014.ppm;6;0
6/00001_00015.ppm;6;0
6/00001_00016.ppm;6;0
6/00001_00017.ppm;6;0
6/00001_00018.ppm;6;0
6/00001_00019.ppm;6;0
6/00001_00020.ppm;6;0
6/00001_00021.ppm;6;0
6/00001_00022.ppm;6;0
6/00001_00023.ppm;6;0
6/00001_00024.ppm;6;0
6/00001_00025.ppm;6;0
6/00001_00026.ppm;6;0
6/00001_00027.ppm;6;0
6/00001_00028.ppm;6;0
6/00001_00029.ppm;6;0
6/00002_00000.ppm;6;0
6/00002_00001.ppm;6;0
6/00002_00002.ppm;6;0
6/00002_00003.ppm;6;0
6/00002_00004.ppm;6;0
6/00002_00005.ppm;6;0
6/00002_00006.ppm;6;0
6/00002_00007.ppm;6;0
6/00002_00008.ppm;6;0
6/00002_00009.ppm;6;0
6/00002_00010.ppm;6;0
6/00002_00011.ppm;6;0
6/00002_00012.ppm;6;0
6/00002_00013.ppm;6;0
6/00002_00014.ppm;6;0
6/00002_00015.ppm;6;0
6/00002_00016.ppm;6;0
6/00002_00017.ppm;6;0
6/00002_00018.ppm;6;0
6/00002_00019.ppm;6;0
6/00002_00020.ppm;6;0
6/00002_00021.ppm;6;0
6/00002_00022.ppm;6;0
6/00002_00023.ppm;6;0
6/00002_00024.ppm;6;0
6/00002_00025.ppm;6;0
6/00002_00026.ppm;6;0
6/00002_00027.ppm;6;0
6/00002_00028.ppm;6;0
6/00002_00029.ppm;6;0
6/00003_00000.ppm;6;0
6/00003_00001.ppm;6;0
6/00003_00002.ppm;6;0
6/00003_00003.ppm;6;0
6/00003_00004.ppm;6;0
6/00003_00005.ppm;6;0
6/00003_00006.ppm;6;0
6/00003_00007.ppm;6;0
6/00003_00008.ppm;6;0
6/00003_00009.ppm;6;0
6/00003_00010.ppm;6;0
6/00003_00011.ppm;6;0
6/00003_00012.ppm;6;0
6/00003_00013.ppm;6;0
6/00003_00014.ppm;6;0
6/00003_00015.ppm;6;0
6/00003_00016.ppm;6;0
6/00003_00017.ppm;6;0
6/00003_00018.ppm;6;0
6/00003_00019.ppm;6;0
6/00003_00020.ppm;6;0
6/00003_00021.ppm;6;0
6/00003_00022.ppm;6;0
6/00003_00023.ppm;6;0
6/00003_00024.ppm;6;0
6/00003_00025.ppm;6;0
6/00003_00026.ppm;6;0
6/00003_00027.ppm;6;0
6/00003_00028.ppm;6;0
6/00003_00029.ppm;6;0
6/00004_00000.ppm;6;0
6/00004_00001.ppm;6;0
6/00004_00002.ppm;6;0
6/00004_00003.ppm;6;0
6/00004_00004.ppm;6;0
6/00004_00005.ppm;6;0
6/00004_00006.ppm;6;0
6/00004_00007.ppm;6;0
6/00004_00008.ppm;6;0
6/00004_00009.ppm;6;0
6/00004_00010.ppm;6;0
6/00004_00011.ppm;6;0
6/00004_00012.ppm;6;0
6/00004_00013.ppm;6;0
6/00004_00014.ppm;6;0
6/00004_00015.ppm;6;0
6/00004_00016.ppm;6;0
6/00004_00017.ppm;6;0
6/00004_00018.ppm;6;0
6/00004_00019.ppm;6;0
6/00004_00020.ppm;6;0
6/00004_00021.ppm;6;0
6/00004_00022.ppm;6;0
6/00004_00023.ppm;6;0
6/00004_00024.ppm;6;0
6/00004_00025.ppm;6;0
6/00004_00026.ppm;6;0
6/00004_00027.ppm;6;0
6/00004_00028.ppm;6;0
6/00004_00029.ppm;6;0
6/00005_00000.ppm;6;0
6/00005_00001.ppm;6;0
6/00005_00002.ppm;6;0
6/00005_00003.ppm;6;0
6/00005_00004.ppm;6;0
6/00005_00005.ppm;6;0
6/00005_00006.ppm;6;0
6/00005_00007.ppm;6;0
6/00005_00008.ppm;6;0
6/00005_00009.ppm;6;0
6/00005_00010.ppm;6;0
6/00005_00011.ppm;6;0
6/00005_00012.ppm;6;0
6/00005_00013.ppm;6;0
6/00005_00014.ppm;6;0
6/00005_00015.ppm;6;0
6/00005_00016.ppm;6;0
6/00005_00017.ppm;6;0
6/00005_00018.ppm;6;0
6/00005_00019.ppm;6;0
6/00005_00020.ppm;6;0
6/00005_00021.ppm;6;0
6/00005_00022.ppm;6;0
6/00005_00023.ppm;6;0
6/00005_00024.ppm;6;0
6/00005_00025.ppm;6;0
6/00005_00026.ppm;6;0
6/00005_00027.ppm;6;0
6/00005_00028.ppm;6;0
6/00005_00029.ppm;6;0
6/00006_00000.ppm;6;0
6/00006_00001.ppm;6;0
6/00006_00002.ppm;6;0
6/00006_00003.ppm;6;0
6/00006_00004.ppm;6;0
6/00006_00005.ppm;6;0
6/00006_00006.ppm;6;0
6/00006_00007.ppm;6;0
6/00006_00008.ppm;6;0
6/00006_00009.ppm;6;0
6/00006_00010.ppm;6;0
6/00006_00011.ppm;6;0
6/00006_00012.ppm;6;0
6/00006_00013.ppm;6;0
6/00006_00014.ppm;6;0
6/00006_00015.ppm;6;0
6/00006_00016.ppm;6;0
6/00006_00017.ppm;6;0
6/00006_00018.ppm;6;0
6/00006_00019.ppm;6;0
6/00006_00020.ppm;6;0
6/00006_00021.ppm;6;0
6/00006_00022.ppm;6;0
6/00006_00023.ppm;6;0
6/00006_00024.ppm;6;0
6/00006_00025.ppm;6;0
6/00006_00026.ppm;6;0
6/00006_00027.ppm;6;0
6/00006_00028.ppm;6;0
6/00006_00029.ppm;6;0
6/00007_00000.ppm;6;0
6/00007_00001.ppm;6;0
6/00007_00002.ppm;6;0
6/00007_00003.ppm;6;0
6/00007_00004.ppm;6;0
6/00007_00005.ppm;6;0
6/00007_00006.ppm;6;0
6/00007_00007.ppm;6;0
6/00007_00008.ppm;6;0
6/00007_00009.ppm;6;0
6/00007_00010.ppm;6;0
6/00007_00011.ppm;6;0
6/00007_00012.ppm;6;0
6/00007_00013.ppm;6;0
6/00007_00014.ppm;6;0
6/00007_00015.ppm;6;0
6/00007_00016.ppm;6;0
6/00007_00017.ppm;6;0
6/00007_00018.ppm;6;0
6/00007_00019.ppm;6;0
6/00007_00020.ppm;6;0
6/00007_00021.ppm;6;0
6/00007_00022.ppm;6;0
6/00007_00023.ppm;6;0
6/00007_00024.ppm;6;0
6/00007_00025.ppm;6;0
6/00007_00026.ppm;6;0
6/00007_00027.ppm;6;0
6/00007_00028.ppm;6;0
6/00007_00029.ppm;6;0
6/00008_00000.ppm;6;0
6/00008_00001.ppm;6;0
6/00008_00002.ppm;6;0
6/00008_00003.ppm;6;0
6/00008_00004.ppm;6;0
6/00008_00005.ppm;6;0
6/00008_00006.ppm;6;0
6/00008_00007.ppm;6;0
6/00008_00008.ppm;6;0
6/00008_00009.ppm;6;0
6/00008_00010.ppm;6;0
6/00008_00011.ppm;6;0
6/00008_00012.ppm;6;0
6/00008_00013.ppm;6;0
6/00008_00014.ppm;6;0
6/00008_00015.ppm;6;0
6/00008_00016.ppm;6;0
6/00008_00017.ppm;6;0
6/00008_00018.ppm;6;0
6/00008_00019.ppm;6;0
6/00008_00020.ppm;6;0
6/00008_00021.ppm;6;0
6/00008_00022.ppm;6;0
6/00008_00023.ppm;6;0
6/00008_00024.ppm;6;0
6/00008_00025.ppm;6;0
6/00008_00026.ppm;6;0
6/00008_00027.ppm;6;0
6/00008_00028.ppm;6;0
6/00008_00029.ppm;6;0
6/00009_00000.ppm;6;0
6/00009_00001.ppm;6;0
6/00009_00002.ppm;6;0
6/00009_00003.ppm;6;0
6/00009_00004.ppm;6;0
6/00009_00005.ppm;6;0
6/00009_00006.ppm;6;0
6/00009_00007.ppm;6;0
6/00009_00008.ppm;6;0
6/00009_00009.ppm;6;0
6/00009_00010.ppm;6;0
6/00009_00011.ppm;6;0
6/00009_00012.ppm;6;0
6/00009_00013.ppm;6;0
6/00009_00014.ppm;6;0
6/00009_00015.ppm;6;0
6/00009_00016.ppm;6;0
6/00009_00017.ppm;6;0
6/00009_00018.ppm;6;0
6/00009_00019.ppm;6;0
6/00009_00020.ppm;6;0
6/00009_00021.ppm;6;0
6/00009_00022.ppm;6;0
6/00009_00023.ppm;6;0
6/00009_00024.ppm;6;0
6/00009_00025.ppm;6;0
6/00009_00026.ppm;6;0
6/00009_00027.ppm;6;0
6/00009_00028.ppm;6;0
6/00009_00029.ppm;6;0
7/00000_00000.ppm;7;0
7/00000_00001.ppm;7;0
7/00000_00002.ppm;7;0
7/00000_00003.ppm;7;0
7/00000_00004.ppm;7;0
7/00000_00005.ppm;7;0
7/00000_00006.ppm;7;0
7/00000_00007.ppm;7;0
7/00000_00008.ppm;7;0
7/00000_00009.ppm;7;0
7/00000_00010.ppm;7;0
7/00000_00011.ppm;7;0
7/00000_00012.ppm;7;0
7/00000_00013.ppm;7;0
7/00000_00014.ppm;7;0
7/00000_00015.ppm;7;0
7/00000_00016.ppm;7;0
7/00000_00017.ppm;7;0
7/00000_00018.ppm;7;0
7/00000_00019.ppm;7;0
7/00000_00020.ppm;7;0
7/00000_00021.ppm;7;0
7/00000_00022.ppm;7;0
7/00000_00023.ppm;7;0
7/00000_00024.ppm;7;0
7/00000_00025.ppm;7;0
7/00000_00026.ppm;7;0
7/00000_00027.ppm;7;0
7/00000_00028.ppm;7;0
7/00000_00029.ppm;7;0
7/00001_00000.ppm;7;0
7/00001_00001.ppm;7;0
7/00001_00002.ppm;7;0
7/00001_00003.ppm;7;0
7/00001_00004.ppm;7;0
7/00001_00005.ppm;7;0
7/00001_00006.ppm;7;0
7/00001_00007.ppm;7;0
7/00001_00008.ppm;7;0
7/00001_00009.ppm;7;0
7/00001_00010.ppm;7;0
7/00001_00011.ppm;7;0
7/00001_00012.ppm;7;0
7/00001_00013.ppm;7;0
7/00001_00014.ppm;7;0
7/00001_00015.ppm;7;0
7/00001_00016.ppm;7;0
7/00001_00017.ppm;7;0
7/00001_00018.ppm;7;0
7/00001_00019.ppm;7;0
7/00001_00020.ppm;7;0
7/00001_00021.ppm;7;0
7/00001_00022.ppm;7;0
7/00001_00023.ppm;7;0
7/00001_00024.ppm;7;0
7/00001_00025.ppm;7;0
7/00001_00026.ppm;7;0
7/00001_00027.ppm;7;0
7/00001_00028.ppm;7;0
7/00001_00029.ppm;7;0
7/00002_00000.ppm;7;0
7/00002_00001.ppm;7;0
7/00002_00002.ppm;7;0
7/00002_00003.ppm;7;0
7/00002_00004.ppm;7;0
7/00002_00005.ppm;7;0
7/00002_00006.ppm;7;0
7/00002_00007.ppm;7;0
7/00002_00008.ppm;7;0
7/00002_00009.ppm;7;0
7/00002_00010.ppm;7;0
7/00002_00011.ppm;7;0
7/00002_00012.ppm;7;0
7/00002_00013.ppm;7;0
7/00002_00014.ppm;7;0
7/00002_00015.ppm;7;0
7/00002_00016.ppm;7;0
7/00002_00017.ppm;7;0
7/00002_00018.ppm;7;0
7/00002_00019.ppm;7;0
7/00002_00020.ppm;7;0
7/00002_00021.ppm;7;0
7/00002_00022.ppm;7;0
7/00002_00023.ppm;7;0
7/00002_00024.ppm;7;0
7/00002_00025.ppm;7;0
7/00002_00026.ppm;7;0
7/00002_00027.ppm;7;0
7/00002_00028.ppm;7;0
7/00002_00029.ppm;7;0
7/00003_00000.ppm;7;0
7/00003_00001.ppm;7;0
7/00003_00002.ppm;7;0
7/00003_00003.ppm;7;0
7/00003_00004.ppm;7;0
7/00003_00005.ppm;7;0
7/00003_00006.ppm;7;0
7/00003_00007.ppm;7;0
7/00003_00008.ppm;7;0
7/00003_00009.ppm;7;0
7/00003_00010.ppm;7;0
7/00003_00011.ppm;7;0
7/00003_00012.ppm;7;0
7/00003_00013.ppm;7;0
7/00003_00014.ppm;7;0
7/00003_00015.ppm;7;0
7/00003_00016.ppm;7;0
7/00003_00017.ppm;7;0
7/00003_00018.ppm;7;0
7/00003_00019.ppm;7;0
7/00003_00020.ppm;7;0
7/00003_00021.ppm;7;0
7/00003_00022.ppm;7;0
7/00003_00023.ppm;7;0
7/00003_00024.ppm;7;0
7/00003_00025.ppm;7;0
7/00003_00026.ppm;7;0
7/00003_00027.ppm;7;0
7/00003_00028.ppm;7;0
7/00003_00029.ppm;7;0
7/00004_00000.ppm;7;0
7/00004_00001.ppm;7;0
7/00004_00002.ppm;7;0
7/00004_00003.ppm;7;0
7/00004_00004.ppm;7;0
7/00004_00005.ppm;7;0
7/00004_00006.ppm;7;0
7/00004_00007.ppm;7;0
7/00004_00008.ppm;7;0
7/00004_00009.ppm;7;0
7/00004_00010.ppm;7;0
7/00004_00011.ppm;7;0
7/00004_00012.ppm;7;0
7/00004_00013.ppm;7;0
7/00004_00014.ppm;7;0
7/00004_00015.ppm;7;0
7/00004_00016.ppm;7;0
7/00004_00017.ppm;7;0
7/00004_00018.ppm;7;0
7/00004_00019.ppm;7;0
7/00004_00020.ppm;7;0
7/00004_00021.ppm;7;0
7/00004_00022.ppm;7;0
7/00004_00023.ppm;7;0
7/00004_00024.ppm;7;0
7/00004_00025.ppm;7;0
7/00004_00026.ppm;7;0
7/00004_00027.ppm;7;0
7/00004_00028.ppm;7;0
7/00004_00029.ppm;7;0
7/00005_00000.ppm;7;0
7/00005_00001.ppm;7;0
7/00005_00002.ppm;7;0
7/00005_00003.ppm;7;0
7/00005_00004.ppm;7;0
7/00005_00005.ppm;7;0
7/00005_00006.ppm;7;0
7/00005_00007.ppm;7;0
7/00005_00008.ppm;7;0
7/00005_00009.ppm;7;0
7/00005_00010.ppm;7;0
7/00005_00011.ppm;7;0
7/00005_00012.ppm;7;0
7/00005_00013.ppm;7;0
7/00005_00014.ppm;7;0
7/00005_00015.ppm;7;0
7/00005_00016.ppm;7;0
7/00005_00017.ppm;7;0
7/00005_00018.ppm;7;0
7/00005_00019.ppm;7;0
7/00005_00020.ppm;7;0
7/00005_00021.ppm;7;0
7/00005_00022.ppm;7;0
7/00005_00023.ppm;7;0
7/00005_00024.ppm;7;0
7/00005_00025.ppm;7;0
7/00005_00026.ppm;7;0
7/00005_00027.ppm;7;0
7/00005_00028.ppm;7;0
7/00005_00029.ppm;7;0
7/00006_00000.ppm;7;0
7/00006_00001.ppm;7;0
7/00006_00002.ppm;7;0
7/00006_00003.ppm;7;0
7/00006_00004.ppm;7;0
7/00006_00005.ppm;7;0
7/00006_00006.ppm;7;0
7/00006_00007.ppm;7;0
7/00006_00008.ppm;7;0
7/00006_00009.ppm;7;0
7/00006_00010.ppm;7;0
7/00006_00011.ppm;7;0
7/00006_00012.ppm;7;0
7/00006_00013.ppm;7;0
7/00006_00014.ppm;7;0
7/00006_00015.ppm;7;0
7/00006_00016.ppm;7;0
7/00006_00017.ppm;7;0
7/00006_00018.ppm;7;0
7/00006_00019.ppm;7;0
7/00006_00020.ppm;7;0
7/00006_00021.ppm;7;0
7/00006_00022.ppm;7;0
7/00006_00023.ppm;7;0
7/00006_00024.ppm;7;0
7/00006_00025.ppm;7;0
7/00006_00026.ppm;7;0
7/00006_00027.ppm;7;0
7/00006_00028.ppm;7;0
7/00006_00029.ppm;7;0
7/00007_00000.ppm;7;0
7/00007_00001.ppm;7;0
7/00007_00002.ppm;7;0
7/00007_00003.ppm;7;0
7/00007_00004.ppm;7;0
7/00007_00005.ppm;7;0
7/00007_00006.ppm;7;0
7/00007_00007.ppm;7;0
7/00007_00008.ppm;7;0
7/00007_00009.ppm;7;0
7/00007_00010.ppm;7;0
7/00007_00011.ppm;7;0
7/00007_00012.ppm;7;0
7/00007_00013.ppm;7;0
7/00007_00014.ppm;7;0
7/00007_00015.ppm;7;0
7/00007_00016.ppm;7;0
7/00007_00017.ppm;7;0
7/00007_00018.ppm;7;0
7/00007_00019.ppm;7;0
7/00007_00020.ppm;7;0
7/00007_00021.ppm;7;0
7/00007_00022.ppm;7;0
7/00007_00023.ppm;7;0
7/00007_00024.ppm;7;0
7/00007_00025.ppm;7;0
7/00007_00026.ppm;7;0
7/00007_00027.ppm;7;0
7/00007_00028.ppm;7;0
7/00007_00029.ppm;7;0
7/00008_00000.ppm;7;0
7/00008_00001.ppm;7;0
7/00008_00002.ppm;7;0
7/00008_00003.ppm;7;0
7/00008_00004.ppm;7;0
7/00008_00005.ppm;7;0
7/00008_00006.ppm;7;0
7/00008_00007.ppm;7;0
7/00008_00008.ppm;7;0
7/00008_00009.ppm;7;0
7/00008_00010.ppm;7;0
7/00008_00011.ppm;7;0
7/00008_00012.ppm;7;0
7/00008_00013.ppm;7;0
7/00008_00014.ppm;7;0
7/00008_00015.ppm;7;0
7/00008_00016.ppm;7;0
7/00008_00017.ppm;7;0
7/00008_00018.ppm;7;0
7/00008_00019.ppm;7;0
7/00008_00020.ppm;7;0
7/00008_00021.ppm;7;0
7/00008_00022.ppm;7;0
7/00008_00023.ppm;7;0
7/00008_00024.ppm;7;0
7/00008_00025.ppm;7;0
7/00008_00026.ppm;7;0
7/00008_00027.ppm;7;0
7/00008_00028.ppm;7;0
7/00008_00029.ppm;7;0
7/00009_00000.ppm;7;0
7/00009_00001.ppm;7;0
7/00009_00002.ppm;7;0
7/00009_00003.ppm;7;0
7/00009_00004.ppm;7;0
7/00009_00005.ppm;7;0
7/00009_00006.ppm;7;0
7/00009_00007.ppm;7;0
7/00009_00008.ppm;7;0
7/00009_00009.ppm;7;0
7/00009_00010.ppm;7;0
7/00009_00011.ppm;7;0
7/00009_00012.ppm;7;0
7/00009_00013.ppm;7;0
7/00009_00014.ppm;7;0
7/00009_00015.ppm;7;0
7/00009_00016.ppm;7;0
7/00009_00017.ppm;7;0
7/00009_00018.ppm;7;0
7/00009_00019.ppm;7;0
7/00009_00020.ppm;7;0
7/00009_00021.ppm;7;0
7/00009_00022.ppm;7;0
7/00009_00023.ppm;7;0
7/00009_00024.ppm;7;0
7/00009_00025.ppm;7;0
7/00009_00026.ppm;7;0
7/00009_00027.ppm;7;0
7/00009_00028.ppm;7;0
7/00009_00029.ppm;7;0
7/00010_00000.ppm;7;0
7/00010_00001.ppm;7;0
7/00010_00002.ppm;7;0
7/00010_00003.ppm;7;0
7/00010_00004.ppm;7;0
7/00010_00005.ppm;7;0
7/00010_00006.ppm;7;0
7/00010_00007.ppm;7;0
7/00010_00008.ppm;7;0
7/00010_00009.ppm;7;0
7/00010_00010.ppm;7;0
7/00010_00011.ppm;7;0
7/00010_00012.ppm;7;0
7/00010_00013.ppm;7;0
7/00010_00014.ppm;7;0
7/00010_00015.ppm;7;0
7/00010_00016.ppm;7;0
7/00010_00017.ppm;7;0
7/00010_00018.ppm;7;0
7/00010_00019.ppm;7;0
7/00010_00020.ppm;7;0
7/00010_00021.ppm;7;0
7/00010_00022.ppm;7;0
7/00010_00023.ppm;7;0
7/00010_00024.ppm;7;0
7/00010_00025.ppm;7;0
7/00010_00026.ppm;7;0
7/00010_00027.ppm;7;0
7/00010_00028.ppm;7;0
7/00010_00029.ppm;7;0
7/00011_00000.ppm;7;0
7/00011_00001.ppm;7;0
7/00011_00002.ppm;7;0
7/00011_00003.ppm;7;0
7/00011_00004.ppm;7;0
7/00011_00005.ppm;7;0
7/00011_00006.ppm;7;0
7/00011_00007.ppm;7;0
7/00011_00008.ppm;7;0
7/00011_00009.ppm;7;0
7/00011_00010.ppm;7;0
7/00011_00011.ppm;7;0
7/00011_00012.ppm;7;0
7/00011_00013.ppm;7;0
7/00011_00014.ppm;7;0
7/00011_00015.ppm;7;0
7/00011_00016.ppm;7;0
7/00011_00017.ppm;7;0
7/00011_00018.ppm;7;0
7/00011_00019.ppm;7;0
7/00011_00020.ppm;7;0
7/00011_00021.ppm;7;0
7/00011_00022.ppm;7;0
7/00011_00023.ppm;7;0
7/00011_00024.ppm;7;0
7/00011_00025.ppm;7;0
7/00011_00026.ppm;7;0
7/00011_00027.ppm;7;0
7/00011_00028.ppm;7;0
7/00011_00029.ppm;7;0
7/00012_00000.ppm;7;0
7/00012_00001.ppm;7;0
7/00012_00002.ppm;7;0
7/00012_00003.ppm;7;0
7/00012_00004.ppm;7;0
7/00012_00005.ppm;7;0
7/00012_00006.ppm;7;0
7/00012_00007.ppm;7;0
7/00012_00008.ppm;7;0
7/00012_00009.ppm;7;0
7/00012_00010.ppm;7;0
7/00012_00011.ppm;7;0
7/00012_00012.ppm;7;0
7/00012_00013.ppm;7;0
7/00012_00014.ppm;7;0
7/00012_00015.ppm;7;0
7/00012_00016.ppm;7;0
7/00012_00017.ppm;7;0
7/00012_00018.ppm;7;0
7/00012_00019.ppm;7;0
7/00012_00020.ppm;7;0
7/00012_00021.ppm;7;0
7/00012_00022.ppm;7;0
7/00012_00023.ppm;7;0
7/00012_00024.ppm;7;0
7/00012_00025.ppm;7;0
7/00012_00026.ppm;7;0
7/00012_00027.ppm;7;0
7/00012_00028.ppm;7;0
7/00012_00029.ppm;7;0
7/00013_00000.ppm;7;0
7/00013_00001.ppm;7;0
7/00013_00002.ppm;7;0
7/00013_00003.ppm;7;0
7/00013_00004.ppm;7;0
7/00013_00005.ppm;7;0
7/00013_00006.ppm;7;0
7/00013_00007.ppm;7;0
7/00013_00008.ppm;7;0
7/00013_00009.ppm;7;0
7/00013_00010.ppm;7;0
7/00013_00011.ppm;7;0
7/00013_00012.ppm;7;0
7/00013_00013.ppm;7;0
7/00013_00014.ppm;7;0
7/00013_00015.ppm;7;0
7/00013_00016.ppm;7;0
7/00013_00017.ppm;7;0
7/00013_00018.ppm;7;0
7/00013_00019.ppm;7;0
7/00013_00020.ppm;7;0
7/00013_00021.ppm;7;0
7/00013_00022.ppm;7;0
7/00013_00023.ppm;7;0
7/00013_00024.ppm;7;0
7/00013_00025.ppm;7;0
7/00013_00026.ppm;7;0
7/00013_00027.ppm;7;0
7/00013_00028.ppm;7;0
7/00013_00029.ppm;7;0
7/00014_00000.ppm;7;0
7/00014_00001.ppm;7;0
7/00014_00002.ppm;7;0
7/00014_00003.ppm;7;0
7/00014_00004.ppm;7;0
7/00014_00005.ppm;7;0
7/00014_00006.ppm;7;0
7/00014_00007.ppm;7;0
7/00014_00008.ppm;7;0
7/00014_00009.ppm;7;0
7/00014_00010.ppm;7;0
7/00014_00011.ppm;7;0
7/00014_00012.ppm;7;0
7/00014_00013.ppm;7;0
7/00014_00014.ppm;7;0
7/00014_00015.ppm;7;0
7/00014_00016.ppm;7;0
7/00014_00017.ppm;7;0
7/00014_00018.ppm;7;0
7/00014_00019.ppm;7;0
7/00014_00020.ppm;7;0
7/00014_00021.ppm;7;0
7/00014_00022.ppm;7;0
7/00014_00023.ppm;7;0
7/00014_00024.ppm;7;0
7/00014_00025.ppm;7;0
7/00014_00026.ppm;7;0
7/00014_00027.ppm;7;0
7/00014_00028.ppm;7;0
7/00014_00029.ppm;7;0
7/00015_00000.ppm;7;0
7/00015_00001.ppm;7;0
7/00015_00002.ppm;7;0
7/00015_00003.ppm;7;0
7/00015_00004.ppm;7;0
7/00015_00005.ppm;7;0
7/00015_00006.ppm;7;0
7/00015_00007.ppm;7;0
7/00015_00008.ppm;7;0
7/00015_00009.ppm;7;0
7/00015_00010.ppm;7;0
7/00015_00011.ppm;7;0
7/00015_00012.ppm;7;0
7/00015_00013.ppm;7;0
7/00015_00014.ppm;7;0
7/00015_00015.ppm;7;0
7/00015_00016.ppm;7;0
7/00015_00017.ppm;7;0
7/00015_00018.ppm;7;0
7/00015_00019.ppm;7;0
7/00015_00020.ppm;7;0
7/00015_00021.ppm;7;0
7/00015_00022.ppm;7;0
7/00015_00023.ppm;7;0
7/00015_00024.ppm;7;0
7/00015_00025.ppm;7;0
7/00015_00026.ppm;7;0
7/00015_00027.ppm;7;0
7/00015_00028.ppm;7;0
7/00015_00029.ppm;7;0
7/00016_00000.ppm;7;0
7/00016_00001.ppm;7;0
7/00016_00002.ppm;7;0
7/00016_00003.ppm;7;0
7/00016_00004.ppm;7;0
7/00016_00005.ppm;7;0
7/00016_00006.ppm;7;0
7/00016_00007.ppm;7;0
7/00016_00008.ppm;7;0
7/00016_00009.ppm;7;0
7/00016_00010.ppm;7;0
7/00016_00011.ppm;7;0
7/00016_00012.ppm;7;0
7/00016_00013.ppm;7;0
7/00016_00014.ppm;7;0
7/00016_00015.ppm;7;0
7/00016_00016.ppm;7;0
7/00016_00017.ppm;7;0
7/00016_00018.ppm;7;0
7/00016_00019.ppm;7;0
7/00016_00020.ppm;7;0
7/00016_00021.ppm;7;0
7/00016_00022.ppm;7;0
7/00016_00023.ppm;7;0
7/00016_00024.ppm;7;0
7/00016_00025.ppm;7;0
7/00016_00026.ppm;7;0
7/00016_00027.ppm;7;0
7/00016_00028.ppm;7;0
7/00016_00029.ppm;7;0
7/00017_00000.ppm;7;0
7/00017_00001.ppm;7;0
7/00017_00002.ppm;7;0
7/00017_00003.ppm;7;0
7/00017_00004.ppm;7;0
7/00017_00005.ppm;7;0
7/00017_00006.ppm;7;0
7/00017_00007.ppm;7;0
7/00017_00008.ppm;7;0
7/00017_00009.ppm;7;0
7/00017_00010.ppm;7;0
7/00017_00011.ppm;7;0
7/00017_00012.ppm;7;0
7/00017_00013.ppm;7;0
7/00017_00014.ppm;7;0
7/00017_00015.ppm;7;0
7/00017_00016.ppm;7;0
7/00017_00017.ppm;7;0
7/00017_00018.ppm;7;0
7/00017_00019.ppm;7;0
7/00017_00020.ppm;7;0
7/00017_00021.ppm;7;0
7/00017_00022.ppm;7;0
7/00017_00023.ppm;7;0
7/00017_00024.ppm;7;0
7/00017_00025.ppm;7;0
7/00017_00026.ppm;7;0
7/00017_00027.ppm;7;0
7/00017_00028.ppm;7;0
7/00017_00029.ppm;7;0
7/00018_00000.ppm;7;0
7/00018_00001.ppm;7;0
7/00018_00002.ppm;7;0
7/00018_00003.ppm;7;0
7/00018_00004.ppm;7;0
7/00018_00005.ppm;7;0
7/00018_00006.ppm;7;0
7/00018_00007.ppm;7;0
7/00018_00008.ppm;7;0
7/00018_00009.ppm;7;0
7/00018_00010.ppm;7;0
7/00018_00011.ppm;7;0
7/00018_00012.ppm;7;0
7/00018_00013.ppm;7;0
7/00018_00014.ppm;7;0
7/00018_00015.ppm;7;0
7/00018_00016.ppm;7;0
7/00018_00017.ppm;7;0
7/00018_00018.ppm;7;0
7/00018_00019.ppm;7;0
7/00018_00020.ppm;7;0
7/00018_00021.ppm;7;0
7/00018_00022.ppm;7;0
7/00018_00023.ppm;7;0
7/00018_00024.ppm;7;0
7/00018_00025.ppm;7;0
7/00018_00026.ppm;7;0
7/00018_00027.ppm;7;0
7/00018_00028.ppm;7;0
7/00018_00029.ppm;7;0
7/00019_00000.ppm;7;0
7/00019_00001.ppm;7;0
7/00019_00002.ppm;7;0
7/00019_00003.ppm;7;0
7/00019_00004.ppm;7;0
7/00019_00005.ppm;7;0
7/00019_00006.ppm;7;0
7/00019_00007.ppm;7;0
7/00019_00008.ppm;7;0
7/00019_00009.ppm;7;0
7/00019_00010.ppm;7;0
7/00019_00011.ppm;7;0
7/00019_00012.ppm;7;0
7/00019_00013.ppm;7;0
7/00019_00014.ppm;7;0
7/00019_00015.ppm;7;0
7/00019_00016.ppm;7;0
7/00019_00017.ppm;7;0
7/00019_00018.ppm;7;0
7/00019_00019.ppm;7;0
7/00019_00020.ppm;7;0
7/00019_00021.ppm;7;0
7/00019_00022.ppm;7;0
7/00019_00023.ppm;7;0
7/00019_00024.ppm;7;0
7/00019_00025.ppm;7;0
7/00019_00026.ppm;7;0
7/00019_00027.ppm;7;0
7/00019_00028.ppm;7;0
7/00019_00029.ppm;7;0
7/00020_00000.ppm;7;0
7/00020_00001.ppm;7;0
7/00020_00002.ppm;7;0
7/00020_00003.ppm;7;0
7/00020_00004.ppm;7;0
7/00020_00005.ppm;7;0
7/00020_00006.ppm;7;0
7/00020_00007.ppm;7;0
7/00020_00008.ppm;7;0
7/00020_00009.ppm;7;0
7/00020_00010.ppm;7;0
7/00020_00011.ppm;7;0
7/00020_00012.ppm;7;0
7/00020_00013.ppm;7;0
7/00020_00014.ppm;7;0
7/00020_00015.ppm;7;0
7/00020_00016.ppm;7;0
7/00020_00017.ppm;7;0
7/00020_00018.ppm;7;0
7/00020_00019.ppm;7;0
7/00020_00020.ppm;7;0
7/00020_00021.ppm;7;0
7/00020_00022.ppm;7;0
7/00020_00023.ppm;7;0
7/00020_00024.ppm;7;0
7/00020_00025.ppm;7;0
7/00020_00026.ppm;7;0
7/00020_00027.ppm;7;0
7/00020_00028.ppm;7;0
7/00020_00029.ppm;7;0
7/00021_00000.ppm;7;0
7/00021_00001.ppm;7;0
7/00021_00002.ppm;7;0
7/00021_00003.ppm;7;0
7/00021_00004.ppm;7;0
7/00021_00005.ppm;7;0
7/00021_00006.ppm;7;0
7/00021_00007.ppm;7;0
7/00021_00008.ppm;7;0
7/00021_00009.ppm;7;0
7/00021_00010.ppm;7;0
7/00021_00011.ppm;7;0
7/00021_00012.ppm;7;0
7/00021_00013.ppm;7;0
7/00021_00014.ppm;7;0
7/00021_00015.ppm;7;0
7/00021_00016.ppm;7;0
7/00021_00017.ppm;7;0
7/00021_00018.ppm;7;0
7/00021_00019.ppm;7;0
7/00021_00020.ppm;7;0
7/00021_00021.ppm;7;0
7/00021_00022.ppm;7;0
7/00021_00023.ppm;7;0
7/00021_00024.ppm;7;0
7/00021_00025.ppm;7;0
7/00021_00026.ppm;7;0
7/00021_00027.ppm;7;0
7/00021_00028.ppm;7;0
7/00021_00029.ppm;7;0
7/00022_00000.ppm;7;0
7/00022_00001.ppm;7;0
7/00022_00002.ppm;7;0
7/00022_00003.ppm;7;0
7/00022_00004.ppm;7;0
7/00022_00005.ppm;7;0
7/00022_00006.ppm;7;0
7/00022_00007.ppm;7;0
7/00022_00008.ppm;7;0
7/00022_00009.ppm;7;0
7/00022_00010.ppm;7;0
7/00022_00011.ppm;7;0
7/00022_00012.ppm;7;0
7/00022_00013.ppm;7;0
7/00022_00014.ppm;7;0
7/00022_00015.ppm;7;0
7/00022_00016.ppm;7;0
7/00022_00017.ppm;7;0
7/00022_00018.ppm;7;0
7/00022_00019.ppm;7;0
7/00022_00020.ppm;7;0
7/00022_00021.ppm;7;0
7/00022_00022.ppm;7;0
7/00022_00023.ppm;7;0
7/00022_00024.ppm;7;0
7/00022_00025.ppm;7;0
7/00022_00026.ppm;7;0
7/00022_00027.ppm;7;0
7/00022_00028.ppm;7;0
7/00022_00029.ppm;7;0
7/00023_00000.ppm;7;0
7/00023_00001.ppm;7;0
7/00023_00002.ppm;7;0
7/00023_00003.ppm;7;0
7/00023_00004.ppm;7;0
7/00023_00005.ppm;7;0
7/00023_00006.ppm;7;0
7/00023_00007.ppm;7;0
7/00023_00008.ppm;7;0
7/00023_00009.ppm;7;0
7/00023_00010.ppm;7;0
7/00023_00011.ppm;7;0
7/00023_00012.ppm;7;0
7/00023_00013.ppm;7;0
7/00023_00014.ppm;7;0
7/00023_00015.ppm;7;0
7/00023_00016.ppm;7;0
7/00023_00017.ppm;7;0
7/00023_00018.ppm;7;0
7/00023_00019.ppm;7;0
7/00023_00020.ppm;7;0
7/00023_00021.ppm;7;0
7/00023_00022.ppm;7;0
7/00023_00023.ppm;7;0
7/00023_00024.ppm;7;0
7/00023_00025.ppm;7;0
7/00023_00026.ppm;7;0
7/00023_00027.ppm;7;0
7/00023_00028.ppm;7;0
7/00023_00029.ppm;7;0
7/00024_00000.ppm;7;0
7/00024_00001.ppm;7;0
7/00024_00002.ppm;7;0
7/00024_00003.ppm;7;0
7/00024_00004.ppm;7;0
7/00024_00005.ppm;7;0
7/00024_00006.ppm;7;0
7/00024_00007.ppm;7;0
7/00024_00008.ppm;7;0
7/00024_00009.ppm;7;0
7/00024_00010.ppm;7;0
7/00024_00011.ppm;7;0
7/00024_00012.ppm;7;0
7/00024_00013.ppm;7;0
7/00024_00014.ppm;7;0
7/00024_00015.ppm;7;0
7/00024_00016.ppm;7;0
7/00024_00017.ppm;7;0
7/00024_00018.ppm;7;0
7/00024_00019.ppm;7;0
7/00024_00020.ppm;7;0
7/00024_00021.ppm;7;0
7/00024_00022.ppm;7;0
7/00024_00023.ppm;7;0
7/00024_00024.ppm;7;0
7/00024_00025.ppm;7;0
7/00024_00026.ppm;7;0
7/00024_00027.ppm;7;0
7/00024_00028.ppm;7;0
7/00024_00029.ppm;7;0
7/00025_00000.ppm;7;0
7/00025_00001.ppm;7;0
7/00025_00002.ppm;7;0
7/00025_00003.ppm;7;0
7/00025_00004.ppm;7;0
7/00025_00005.ppm;7;0
7/00025_00006.ppm;7;0
7/00025_00007.ppm;7;0
7/00025_00008.ppm;7;0
7/00025_00009.ppm;7;0
7/00025_00010.ppm;7;0
7/00025_00011.ppm;7;0
7/00025_00012.ppm;7;0
7/00025_00013.ppm;7;0
7/00025_00014.ppm;7;0
7/00025_00015.ppm;7;0
7/00025_00016.ppm;7;0
7/00025_00017.ppm;7;0
7/00025_00018.ppm;7;0
7/00025_00019.ppm;7;0
7/00025_00020.ppm;7;0
7/00025_00021.ppm;7;0
7/00025_00022.ppm;7;0
7/00025_00023.ppm;7;0
7/00025_00024.ppm;7;0
7/00025_00025.ppm;7;0
7/00025_00026.ppm;7;0
7/00025_00027.ppm;7;0
7/00025_00028.ppm;7;0
7/00025_00029.ppm;7;0
7/00026_00000.ppm;7;0
7/00026_00001.ppm;7;0
7/00026_00002.ppm;7;0
7/00026_00003.ppm;7;0
7/00026_00004.ppm;7;0
7/00026_00005.ppm;7;0
7/00026_00006.ppm;7;0
7/00026_00007.ppm;7;0
7/00026_00008.ppm;7;0
7/00026_00009.ppm;7;0
7/00026_00010.ppm;7;0
7/00026_00011.ppm;7;0
7/00026_00012.ppm;7;0
7/00026_00013.ppm;7;0
7/00026_00014.ppm;7;0
7/00026_00015.ppm;7;0
7/00026_00016.ppm;7;0
7/00026_00017.ppm;7;0
7/00026_00018.ppm;7;0
7/00026_00019.ppm;7;0
7/00026_00020.ppm;7;0
7/00026_00021.ppm;7;0
7/00026_00022.ppm;7;0
7/00026_00023.ppm;7;0
7/00026_00024.ppm;7;0
7/00026_00025.ppm;7;0
7/00026_00026.ppm;7;0
7/00026_00027.ppm;7;0
7/00026_00028.ppm;7;0
7/00026_00029.ppm;7;0
7/00027_00000.ppm;7;0
7/00027_00001.ppm;7;0
7/00027_00002.ppm;7;0
7/00027_00003.ppm;7;0
7/00027_00004.ppm;7;0
7/00027_00005.ppm;7;0
7/00027_00006.ppm;7;0
7/00027_00007.ppm;7;0
7/00027_00008.ppm;7;0
7/00027_00009.ppm;7;0
7/00027_00010.ppm;7;0
7/00027_00011.ppm;7;0
7/00027_00012.ppm;7;0
7/00027_00013.ppm;7;0
7/00027_00014.ppm;7;0
7/00027_00015.ppm;7;0
7/00027_00016.ppm;7;0
7/00027_00017.ppm;7;0
7/00027_00018.ppm;7;0
7/00027_00019.ppm;7;0
7/00027_00020.ppm;7;0
7/00027_00021.ppm;7;0
7/00027_00022.ppm;7;0
7/00027_00023.ppm;7;0
7/00027_00024.ppm;7;0
7/00027_00025.ppm;7;0
7/00027_00026.ppm;7;0
7/00027_00027.ppm;7;0
7/00027_00028.ppm;7;0
7/00027_00029.ppm;7;0
7/00028_00000.ppm;7;0
7/00028_00001.ppm;7;0
7/00028_00002.ppm;7;0
7/00028_00003.ppm;7;0
7/00028_00004.ppm;7;0
7/00028_00005.ppm;7;0
7/00028_00006.ppm;7;0
7/00028_00007.ppm;7;0
7/00028_00008.ppm;7;0
7/00028_00009.ppm;7;0
7/00028_00010.ppm;7;0
7/00028_00011.ppm;7;0
7/00028_00012.ppm;7;0
7/00028_00013.ppm;7;0
7/00028_00014.ppm;7;0
7/00028_00015.ppm;7;0
7/00028_00016.ppm;7;0
7/00028_00017.ppm;7;0
7/00028_00018.ppm;7;0
7/00028_00019.ppm;7;0
7/00028_00020.ppm;7;0
7/00028_00021.ppm;7;0
7/00028_00022.ppm;7;0
7/00028_00023.ppm;7;0
7/00028_00024.ppm;7;0
7/00028_00025.ppm;7;0
7/00028_00026.ppm;7;0
7/00028_00027.ppm;7;0
7/00028_00028.ppm;7;0
7/00028_00029.ppm;7;0
7/00029_00000.ppm;7;0
7/00029_00001.ppm;7;0
7/00029_00002.ppm;7;0
7/00029_00003.ppm;7;0
7/00029_00004.ppm;7;0
7/00029_00005.ppm;7;0
7/00029_00006.ppm;7;0
7/00029_00007.ppm;7;0
7/00029_00008.ppm;7;0
7/00029_00009.ppm;7;0
7/00029_00010.ppm;7;0
7/00029_00011.ppm;7;0
7/00029_00012.ppm;7;0
7/00029_00013.ppm;7;0
7/00029_00014.ppm;7;0
7/00029_00015.ppm;7;0
7/00029_00016.ppm;7;0
7/00029_00017.ppm;7;0
7/00029_00018.ppm;7;0
7/00029_00019.ppm;7;0
7/00029_00020.ppm;7;0
7/00029_00021.ppm;7;0
7/00029_00022.ppm;7;0
7/00029_00023.ppm;7;0
7/00029_00024.ppm;7;0
7/00029_00025.ppm;7;0
7/00029_00026.ppm;7;0
7/00029_00027.ppm;7;0
7/00029_00028.ppm;7;0
7/00029_00029.ppm;7;0
7/00030_00000.ppm;7;0
7/00030_00001.ppm;7;0
7/00030_00002.ppm;7;0
7/00030_00003.ppm;7;0
7/00030_00004.ppm;7;0
7/00030_00005.ppm;7;0
7/00030_00006.ppm;7;0
7/00030_00007.ppm;7;0
7/00030_00008.ppm;7;0
7/00030_00009.ppm;7;0
7/00030_00010.ppm;7;0
7/00030_00011.ppm;7;0
7/00030_00012.ppm;7;0
7/00030_00013.ppm;7;0
7/00030_00014.ppm;7;0
7/00030_00015.ppm;7;0
7/00030_00016.ppm;7;0
7/00030_00017.ppm;7;0
7/00030_00018.ppm;7;0
7/00030_00019.ppm;7;0
7/00030_00020.ppm;7;0
7/00030_00021.ppm;7;0
7/00030_00022.ppm;7;0
7/00030_00023.ppm;7;0
7/00030_00024.ppm;7;0
7/00030_00025.ppm;7;0
7/00030_00026.ppm;7;0
7/00030_00027.ppm;7;0
7/00030_00028.ppm;7;0
7/00030_00029.ppm;7;0
7/00031_00000.ppm;7;0
7/00031_00001.ppm;7;0
7/00031_00002.ppm;7;0
7/00031_00003.ppm;7;0
7/00031_00004.ppm;7;0
7/00031_00005.ppm;7;0
7/00031_00006.ppm;7;0
7/00031_00007.ppm;7;0
7/00031_00008.ppm;7;0
7/00031_00009.ppm;7;0
7/00031_00010.ppm;7;0
7/00031_00011.ppm;7;0
7/00031_00012.ppm;7;0
7/00031_00013.ppm;7;0
7/00031_00014.ppm;7;0
7/00031_00015.ppm;7;0
7/00031_00016.ppm;7;0
7/00031_00017.ppm;7;0
7/00031_00018.ppm;7;0
7/00031_00019.ppm;7;0
7/00031_00020.ppm;7;0
7/00031_00021.ppm;7;0
7/00031_00022.ppm;7;0
7/00031_00023.ppm;7;0
7/00031_00024.ppm;7;0
7/00031_00025.ppm;7;0
7/00031_00026.ppm;7;0
7/00031_00027.ppm;7;0
7/00031_00028.ppm;7;0
7/00031_00029.ppm;7;0
8/00000_00000.ppm;8;0
8/00000_00001.ppm;8;0
8/00000_00002.ppm;8;0
8/00000_00003.ppm;8;0
8/00000_00004.ppm;8;0
8/00000_00005.ppm;8;0
8/00000_00006.ppm;8;0
8/00000_00007.ppm;8;0
8/00000_00008.ppm;8;0
8/00000_00009.ppm;8;0
8/00000_00010.ppm;8;0
8/00000_00011.ppm;8;0
8/00000_00012.ppm;8;0
8/00000_00013.ppm;8;0
8/00000_00014.ppm;8;0
8/00000_00015.ppm;8;0
8/00000_00016.ppm;8;0
8/00000_00017.ppm;8;0
8/00000_00018.ppm;8;0
8/00000_00019.ppm;8;0
8/00000_00020.ppm;8;0
8/00000_00021.ppm;8;0
8/00000_00022.ppm;8;0
8/00000_00023.ppm;8;0
8/00000_00024.ppm;8;0
8/00000_00025.ppm;8;0
8/00000_00026.ppm;8;0
8/00000_00027.ppm;8;0
8/00000_00028.ppm;8;0
8/00000_00029.ppm;8;0
8/00001_00000.ppm;8;0
8/00001_00001.ppm;8;0
8/00001_00002.ppm;8;0
8/00001_00003.ppm;8;0
8/00001_00004.ppm;8;0
8/00001_00005.ppm;8;0
8/00001_00006.ppm;8;0
8/00001_00007.ppm;8;0
8/00001_00008.ppm;8;0
8/00001_00009.ppm;8;0
8/00001_00010.ppm;8;0
8/00001_00011.ppm;8;0
8/00001_00012.ppm;8;0
8/00001_00013.ppm;8;0
8/00001_00014.ppm;8;0
8/00001_00015.ppm;8;0
8/00001_00016.ppm;8;0
8/00001_00017.ppm;8;0
8/00001_00018.ppm;8;0
8/00001_00019.ppm;8;0
8/00001_00020.ppm;8;0
8/00001_00021.ppm;8;0
8/00001_00022.ppm;8;0
8/00001_00023.ppm;8;0
8/00001_00024.ppm;8;0
8/00001_00025.ppm;8;0
8/00001_00026.ppm;8;0
8/00001_00027.ppm;8;0
8/00001_00028.ppm;8;0
8/00001_00029.ppm;8;0
8/00002_00000.ppm;8;0
8/00002_00001.ppm;8;0
8/00002_00002.ppm;8;0
8/00002_00003.ppm;8;0
8/00002_00004.ppm;8;0
8/00002_00005.ppm;8;0
8/00002_00006.ppm;8;0
8/00002_00007.ppm;8;0
8/00002_00008.ppm;8;0
8/00002_00009.ppm;8;0
8/00002_00010.ppm;8;0
8/00002_00011.ppm;8;0
8/00002_00012.ppm;8;0
8/00002_00013.ppm;8;0
8/00002_00014.ppm;8;0
8/00002_00015.ppm;8;0
8/00002_00016.ppm;8;0
8/00002_00017.ppm;8;0
8/00002_00018.ppm;8;0
8/00002_00019.ppm;8;0
8/00002_00020.ppm;8;0
8/00002_00021.ppm;8;0
8/00002_00022.ppm;8;0
8/00002_00023.ppm;8;0
8/00002_00024.ppm;8;0
8/00002_00025.ppm;8;0
8/00002_00026.ppm;8;0
8/00002_00027.ppm;8;0
8/00002_00028.ppm;8;0
8/00002_00029.ppm;8;0
8/00003_00000.ppm;8;0
8/00003_00001.ppm;8;0
8/00003_00002.ppm;8;0
8/00003_00003.ppm;8;0
8/00003_00004.ppm;8;0
8/00003_00005.ppm;8;0
8/00003_00006.ppm;8;0
8/00003_00007.ppm;8;0
8/00003_00008.ppm;8;0
8/00003_00009.ppm;8;0
8/00003_00010.ppm;8;0
8/00003_00011.ppm;8;0
8/00003_00012.ppm;8;0
8/00003_00013.ppm;8;0
8/00003_00014.ppm;8;0
8/00003_00015.ppm;8;0
8/00003_00016.ppm;8;0
8/00003_00017.ppm;8;0
8/00003_00018.ppm;8;0
8/00003_00019.ppm;8;0
8/00003_00020.ppm;8;0
8/00003_00021.ppm;8;0
8/00003_00022.ppm;8;0
8/00003_00023.ppm;8;0
8/00003_00024.ppm;8;0
8/00003_00025.ppm;8;0
8/00003_00026.ppm;8;0
8/00003_00027.ppm;8;0
8/00003_00028.ppm;8;0
8/00003_00029.ppm;8;0
8/00004_00000.ppm;8;0
8/00004_00001.ppm;8;0
8/00004_00002.ppm;8;0
8/00004_00003.ppm;8;0
8/00004_00004.ppm;8;0
8/00004_00005.ppm;8;0
8/00004_00006.ppm;8;0
8/00004_00007.ppm;8;0
8/00004_00008.ppm;8;0
8/00004_00009.ppm;8;0
8/00004_00010.ppm;8;0
8/00004_00011.ppm;8;0
8/00004_00012.ppm;8;0
8/00004_00013.ppm;8;0
8/00004_00014.ppm;8;0
8/00004_00015.ppm;8;0
8/00004_00016.ppm;8;0
8/00004_00017.ppm;8;0
8/00004_00018.ppm;8;0
8/00004_00019.ppm;8;0
8/00004_00020.ppm;8;0
8/00004_00021.ppm;8;0
8/00004_00022.ppm;8;0
8/00004_00023.ppm;8;0
8/00004_00024.ppm;8;0
8/00004_00025.ppm;8;0
8/00004_00026.ppm;8;0
8/00004_00027.ppm;8;0
8/00004_00028.ppm;8;0
8/00004_00029.ppm;8;0
8/00005_00000.ppm;8;0
8/00005_00001.ppm;8;0
8/00005_00002.ppm;8;0
8/00005_00003.ppm;8;0
8/00005_00004.ppm;8;0
8/00005_00005.ppm;8;0
8/00005_00006.ppm;8;0
8/00005_00007.ppm;8;0
8/00005_00008.ppm;8;0
8/00005_00009.ppm;8;0
8/00005_00010.ppm;8;0
8/00005_00011.ppm;8;0
8/00005_00012.ppm;8;0
8/00005_00013.ppm;8;0
8/00005_00014.ppm;8;0
8/00005_00015.ppm;8;0
8/00005_00016.ppm;8;0
8/00005_00017.ppm;8;0
8/00005_00018.ppm;8;0
8/00005_00019.ppm;8;0
8/00005_00020.ppm;8;0
8/00005_00021.ppm;8;0
8/00005_00022.ppm;8;0
8/00005_00023.ppm;8;0
8/00005_00024.ppm;8;0
8/00005_00025.ppm;8;0
8/00005_00026.ppm;8;0
8/00005_00027.ppm;8;0
8/00005_00028.ppm;8;0
8/00005_00029.ppm;8;0
8/00006_00000.ppm;8;0
8/00006_00001.ppm;8;0
8/00006_00002.ppm;8;0
8/00006_00003.ppm;8;0
8/00006_00004.ppm;8;0
8/00006_00005.ppm;8;0
8/00006_00006.ppm;8;0
8/00006_00007.ppm;8;0
8/00006_00008.ppm;8;0
8/00006_00009.ppm;8;0
8/00006_00010.ppm;8;0
8/00006_00011.ppm;8;0
8/00006_00012.ppm;8;0
8/00006_00013.ppm;8;0
8/00006_00014.ppm;8;0
8/00006_00015.ppm;8;0
8/00006_00016.ppm;8;0
8/00006_00017.ppm;8;0
8/00006_00018.ppm;8;0
8/00006_00019.ppm;8;0
8/00006_00020.ppm;8;0
8/00006_00021.ppm;8;0
8/00006_00022.ppm;8;0
8/00006_00023.ppm;8;0
8/00006_00024.ppm;8;0
8/00006_00025.ppm;8;0
8/00006_00026.ppm;8;0
8/00006_00027.ppm;8;0
8/00006_00028.ppm;8;0
8/00006_00029.ppm;8;0
8/00007_00000.ppm;8;0
8/00007_00001.ppm;8;0
8/00007_00002.ppm;8;0
8/00007_00003.ppm;8;0
8/00007_00004.ppm;8;0
8/00007_00005.ppm;8;0
8/00007_00006.ppm;8;0
8/00007_00007.ppm;8;0
8/00007_00008.ppm;8;0
8/00007_00009.ppm;8;0
8/00007_00010.ppm;8;0
8/00007_00011.ppm;8;0
8/00007_00012.ppm;8;0
8/00007_00013.ppm;8;0
8/00007_00014.ppm;8;0
8/00007_00015.ppm;8;0
8/00007_00016.ppm;8;0
8/00007_00017.ppm;8;0
8/00007_00018.ppm;8;0
8/00007_00019.ppm;8;0
8/00007_00020.ppm;8;0
8/00007_00021.ppm;8;0
8/00007_00022.ppm;8;0
8/00007_00023.ppm;8;0
8/00007_00024.ppm;8;0
8/00007_00025.ppm;8;0
8/00007_00026.ppm;8;0
8/00007_00027.ppm;8;0
8/00007_00028.ppm;8;0
8/00007_00029.ppm;8;0
8/00008_00000.ppm;8;0
8/00008_00001.ppm;8;0
8/00008_00002.ppm;8;0
8/00008_00003.ppm;8;0
8/00008_00004.ppm;8;0
8/00008_00005.ppm;8;0
8/00008_00006.ppm;8;0
8/00008_00007.ppm;8;0
8/00008_00008.ppm;8;0
8/00008_00009.ppm;8;0
8/00008_00010.ppm;8;0
8/00008_00011.ppm;8;0
8/00008_00012.ppm;8;0
8/00008_00013.ppm;8;0
8/00008_00014.ppm;8;0
8/00008_00015.ppm;8;0
8/00008_00016.ppm;8;0
8/00008_00017.ppm;8;0
8/00008_00018.ppm;8;0
8/00008_00019.ppm;8;0
8/00008_00020.ppm;8;0
8/00008_00021.ppm;8;0
8/00008_00022.ppm;8;0
8/00008_00023.ppm;8;0
8/00008_00024.ppm;8;0
8/00008_00025.ppm;8;0
8/00008_00026.ppm;8;0
8/00008_00027.ppm;8;0
8/00008_00028.ppm;8;0
8/00008_00029.ppm;8;0
8/00009_00000.ppm;8;0
8/00009_00001.ppm;8;0
8/00009_00002.ppm;8;0
8/00009_00003.ppm;8;0
8/00009_00004.ppm;8;0
8/00009_00005.ppm;8;0
8/00009_00006.ppm;8;0
8/00009_00007.ppm;8;0
8/00009_00008.ppm;8;0
8/00009_00009.ppm;8;0
8/00009_00010.ppm;8;0
8/00009_00011.ppm;8;0
8/00009_00012.ppm;8;0
8/00009_00013.ppm;8;0
8/00009_00014.ppm;8;0
8/00009_00015.ppm;8;0
8/00009_00016.ppm;8;0
8/00009_00017.ppm;8;0
8/00009_00018.ppm;8;0
8/00009_00019.ppm;8;0
8/00009_00020.ppm;8;0
8/00009_00021.ppm;8;0
8/00009_00022.ppm;8;0
8/00009_00023.ppm;8;0
8/00009_00024.ppm;8;0
8/00009_00025.ppm;8;0
8/00009_00026.ppm;8;0
8/00009_00027.ppm;8;0
8/00009_00028.ppm;8;0
8/00009_00029.ppm;8;0
8/00010_00000.ppm;8;0
8/00010_00001.ppm;8;0
8/00010_00002.ppm;8;0
8/00010_00003.ppm;8;0
8/00010_00004.ppm;8;0
8/00010_00005.ppm;8;0
8/00010_00006.ppm;8;0
8/00010_00007.ppm;8;0
8/00010_00008.ppm;8;0
8/00010_00009.ppm;8;0
8/00010_00010.ppm;8;0
8/00010_00011.ppm;8;0
8/00010_00012.ppm;8;0
8/00010_00013.ppm;8;0
8/00010_00014.ppm;8;0
8/00010_00015.ppm;8;0
8/00010_00016.ppm;8;0
8/00010_00017.ppm;8;0
8/00010_00018.ppm;8;0
8/00010_00019.ppm;8;0
8/00010_00020.ppm;8;0
8/00010_00021.ppm;8;0
8/00010_00022.ppm;8;0
8/00010_00023.ppm;8;0
8/00010_00024.ppm;8;0
8/00010_00025.ppm;8;0
8/00010_00026.ppm;8;0
8/00010_00027.ppm;8;0
8/00010_00028.ppm;8;0
8/00010_00029.ppm;8;0
8/00011_00000.ppm;8;0
8/00011_00001.ppm;8;0
8/00011_00002.ppm;8;0
8/00011_00003.ppm;8;0
8/00011_00004.ppm;8;0
8/00011_00005.ppm;8;0
8/00011_00006.ppm;8;0
8/00011_00007.ppm;8;0
8/00011_00008.ppm;8;0
8/00011_00009.ppm;8;0
8/00011_00010.ppm;8;0
8/00011_00011.ppm;8;0
8/00011_00012.ppm;8;0
8/00011_00013.ppm;8;0
8/00011_00014.ppm;8;0
8/00011_00015.ppm;8;0
8/00011_00016.ppm;8;0
8/00011_00017.ppm;8;0
8/00011_00018.ppm;8;0
8/00011_00019.ppm;8;0
8/00011_00020.ppm;8;0
8/00011_00021.ppm;8;0
8/00011_00022.ppm;8;0
8/00011_00023.ppm;8;0
8/00011_00024.ppm;8;0
8/00011_00025.ppm;8;0
8/00011_00026.ppm;8;0
8/00011_00027.ppm;8;0
8/00011_00028.ppm;8;0
8/00011_00029.ppm;8;0
8/00012_00000.ppm;8;0
8/00012_00001.ppm;8;0
8/00012_00002.ppm;8;0
8/00012_00003.ppm;8;0
8/00012_00004.ppm;8;0
8/00012_00005.ppm;8;0
8/00012_00006.ppm;8;0
8/00012_00007.ppm;8;0
8/00012_00008.ppm;8;0
8/00012_00009.ppm;8;0
8/00012_00010.ppm;8;0
8/00012_00011.ppm;8;0
8/00012_00012.ppm;8;0
8/00012_00013.ppm;8;0
8/00012_00014.ppm;8;0
8/00012_00015.ppm;8;0
8/00012_00016.ppm;8;0
8/00012_00017.ppm;8;0
8/00012_00018.ppm;8;0
8/00012_00019.ppm;8;0
8/00012_00020.ppm;8;0
8/00012_00021.ppm;8;0
8/00012_00022.ppm;8;0
8/00012_00023.ppm;8;0
8/00012_00024.ppm;8;0
8/00012_00025.ppm;8;0
8/00012_00026.ppm;8;0
8/00012_00027.ppm;8;0
8/00012_00028.ppm;8;0
8/00012_00029.ppm;8;0
8/00013_00000.ppm;8;0
8/00013_00001.ppm;8;0
8/00013_00002.ppm;8;0
8/00013_00003.ppm;8;0
8/00013_00004.ppm;8;0
8/00013_00005.ppm;8;0
8/00013_00006.ppm;8;0
8/00013_00007.ppm;8;0
8/00013_00008.ppm;8;0
8/00013_00009.ppm;8;0
8/00013_00010.ppm;8;0
8/00013_00011.ppm;8;0
8/00013_00012.ppm;8;0
8/00013_00013.ppm;8;0
8/00013_00014.ppm;8;0
8/00013_00015.ppm;8;0
8/00013_00016.ppm;8;0
8/00013_00017.ppm;8;0
8/00013_00018.ppm;8;0
8/00013_00019.ppm;8;0
8/00013_00020.ppm;8;0
8/00013_00021.ppm;8;0
8/00013_00022.ppm;8;0
8/00013_00023.ppm;8;0
8/00013_00024.ppm;8;0
8/00013_00025.ppm;8;0
8/00013_00026.ppm;8;0
8/00013_00027.ppm;8;0
8/00013_00028.ppm;8;0
8/00013_00029.ppm;8;0
8/00014_00000.ppm;8;0
8/00014_00001.ppm;8;0
8/00014_00002.ppm;8;0
8/00014_00003.ppm;8;0
8/00014_00004.ppm;8;0
8/00014_00005.ppm;8;0
8/00014_00006.ppm;8;0
8/00014_00007.ppm;8;0
8/00014_00008.ppm;8;0
8/00014_00009.ppm;8;0
8/00014_00010.ppm;8;0
8/00014_00011.ppm;8;0
8/00014_00012.ppm;8;0
8/00014_00013.ppm;8;0
8/00014_00014.ppm;8;0
8/00014_00015.ppm;8;0
8/00014_00016.ppm;8;0
8/00014_00017.ppm;8;0
8/00014_00018.ppm;8;0
8/00014_00019.ppm;8;0
8/00014_00020.ppm;8;0
8/00014_00021.ppm;8;0
8/00014_00022.ppm;8;0
8/00014_00023.ppm;8;0
8/00014_00024.ppm;8;0
8/00014_00025.ppm;8;0
8/00014_00026.ppm;8;0
8/00014_00027.ppm;8;0
8/00014_00028.ppm;8;0
8/00014_00029.ppm;8;0
8/00015_00000.ppm;8;0
8/00015_00001.ppm;8;0
8/00015_00002.ppm;8;0
8/00015_00003.ppm;8;0
8/00015_00004.ppm;8;0
8/00015_00005.ppm;8;0
8/00015_00006.ppm;8;0
8/00015_00007.ppm;8;0
8/00015_00008.ppm;8;0
8/00015_00009.ppm;8;0
8/00015_00010.ppm;8;0
8/00015_00011.ppm;8;0
8/00015_00012.ppm;8;0
8/00015_00013.ppm;8;0
8/00015_00014.ppm;8;0
8/00015_00015.ppm;8;0
8/00015_00016.ppm;8;0
8/00015_00017.ppm;8;0
8/00015_00018.ppm;8;0
8/00015_00019.ppm;8;0
8/00015_00020.ppm;8;0
8/00015_00021.ppm;8;0
8/00015_00022.ppm;8;0
8/00015_00023.ppm;8;0
8/00015_00024.ppm;8;0
8/00015_00025.ppm;8;0
8/00015_00026.ppm;8;0
8/00015_00027.ppm;8;0
8/00015_00028.ppm;8;0
8/00015_00029.ppm;8;0
8/00016_00000.ppm;8;0
8/00016_00001.ppm;8;0
8/00016_00002.ppm;8;0
8/00016_00003.ppm;8;0
8/00016_00004.ppm;8;0
8/00016_00005.ppm;8;0
8/00016_00006.ppm;8;0
8/00016_00007.ppm;8;0
8/00016_00008.ppm;8;0
8/00016_00009.ppm;8;0
8/00016_00010.ppm;8;0
8/00016_00011.ppm;8;0
8/00016_00012.ppm;8;0
8/00016_00013.ppm;8;0
8/00016_00014.ppm;8;0
8/00016_00015.ppm;8;0
8/00016_00016.ppm;8;0
8/00016_00017.ppm;8;0
8/00016_00018.ppm;8;0
8/00016_00019.ppm;8;0
8/00016_00020.ppm;8;0
8/00016_00021.ppm;8;0
8/00016_00022.ppm;8;0
8/00016_00023.ppm;8;0
8/00016_00024.ppm;8;0
8/00016_00025.ppm;8;0
8/00016_00026.ppm;8;0
8/00016_00027.ppm;8;0
8/00016_00028.ppm;8;0
8/00016_00029.ppm;8;0
8/00017_00000.ppm;8;0
8/00017_00001.ppm;8;0
8/00017_00002.ppm;8;0
8/00017_00003.ppm;8;0
8/00017_00004.ppm;8;0
8/00017_00005.ppm;8;0
8/00017_00006.ppm;8;0
8/00017_00007.ppm;8;0
8/00017_00008.ppm;8;0
8/00017_00009.ppm;8;0
8/00017_00010.ppm;8;0
8/00017_00011.ppm;8;0
8/00017_00012.ppm;8;0
8/00017_00013.ppm;8;0
8/00017_00014.ppm;8;0
8/00017_00015.ppm;8;0
8/00017_00016.ppm;8;0
8/00017_00017.ppm;8;0
8/00017_00018.ppm;8;0
8/00017_00019.ppm;8;0
8/00017_00020.ppm;8;0
8/00017_00021.ppm;8;0
8/00017_00022.ppm;8;0
8/00017_00023.ppm;8;0
8/00017_00024.ppm;8;0
8/00017_00025.ppm;8;0
8/00017_00026.ppm;8;0
8/00017_00027.ppm;8;0
8/00017_00028.ppm;8;0
8/00017_00029.ppm;8;0
8/00018_00000.ppm;8;0
8/00018_00001.ppm;8;0
8/00018_00002.ppm;8;0
8/00018_00003.ppm;8;0
8/00018_00004.ppm;8;0
8/00018_00005.ppm;8;0
8/00018_00006.ppm;8;0
8/00018_00007.ppm;8;0
8/00018_00008.ppm;8;0
8/00018_00009.ppm;8;0
8/00018_00010.ppm;8;0
8/00018_00011.ppm;8;0
8/00018_00012.ppm;8;0
8/00018_00013.ppm;8;0
8/00018_00014.ppm;8;0
8/00018_00015.ppm;8;0
8/00018_00016.ppm;8;0
8/00018_00017.ppm;8;0
8/00018_00018.ppm;8;0
8/00018_00019.ppm;8;0
8/00018_00020.ppm;8;0
8/00018_00021.ppm;8;0
8/00018_00022.ppm;8;0
8/00018_00023.ppm;8;0
8/00018_00024.ppm;8;0
8/00018_00025.ppm;8;0
8/00018_00026.ppm;8;0
8/00018_00027.ppm;8;0
8/00018_00028.ppm;8;0
8/00018_00029.ppm;8;0
8/00019_00000.ppm;8;0
8/00019_00001.ppm;8;0
8/00019_00002.ppm;8;0
8/00019_00003.ppm;8;0
8/00019_00004.ppm;8;0
8/00019_00005.ppm;8;0
8/00019_00006.ppm;8;0
8/00019_00007.ppm;8;0
8/00019_00008.ppm;8;0
8/00019_00009.ppm;8;0
8/00019_00010.ppm;8;0
8/00019_00011.ppm;8;0
8/00019_00012.ppm;8;0
8/00019_00013.ppm;8;0
8/00019_00014.ppm;8;0
8/00019_00015.ppm;8;0
8/00019_00016.ppm;8;0
8/00019_00017.ppm;8;0
8/00019_00018.ppm;8;0
8/00019_00019.ppm;8;0
8/00019_00020.ppm;8;0
8/00019_00021.ppm;8;0
8/00019_00022.ppm;8;0
8/00019_00023.ppm;8;0
8/00019_00024.ppm;8;0
8/00019_00025.ppm;8;0
8/00019_00026.ppm;8;0
8/00019_00027.ppm;8;0
8/00019_00028.ppm;8;0
8/00019_00029.ppm;8;0
8/00020_00000.ppm;8;0
8/00020_00001.ppm;8;0
8/00020_00002.ppm;8;0
8/00020_00003.ppm;8;0
8/00020_00004.ppm;8;0
8/00020_00005.ppm;8;0
8/00020_00006.ppm;8;0
8/00020_00007.ppm;8;0
8/00020_00008.ppm;8;0
8/00020_00009.ppm;8;0
8/00020_00010.ppm;8;0
8/00020_00011.ppm;8;0
8/00020_00012.ppm;8;0
8/00020_00013.ppm;8;0
8/00020_00014.ppm;8;0
8/00020_00015.ppm;8;0
8/00020_00016.ppm;8;0
8/00020_00017.ppm;8;0
8/00020_00018.ppm;8;0
8/00020_00019.ppm;8;0
8/00020_00020.ppm;8;0
8/00020_00021.ppm;8;0
8/00020_00022.ppm;8;0
8/00020_00023.ppm;8;0
8/00020_00024.ppm;8;0
8/00020_00025.ppm;8;0
8/00020_00026.ppm;8;0
8/00020_00027.ppm;8;0
8/00020_00028.ppm;8;0
8/00020_00029.ppm;8;0
8/00021_00000.ppm;8;0
8/00021_00001.ppm;8;0
8/00021_00002.ppm;8;0
8/00021_00003.ppm;8;0
8/00021_00004.ppm;8;0
8/00021_00005.ppm;8;0
8/00021_00006.ppm;8;0
8/00021_00007.ppm;8;0
8/00021_00008.ppm;8;0
8/00021_00009.ppm;8;0
8/00021_00010.ppm;8;0
8/00021_00011.ppm;8;0
8/00021_00012.ppm;8;0
8/00021_00013.ppm;8;0
8/00021_00014.ppm;8;0
8/00021_00015.ppm;8;0
8/00021_00016.ppm;8;0
8/00021_00017.ppm;8;0
8/00021_00018.ppm;8;0
8/00021_00019.ppm;8;0
8/00021_00020.ppm;8;0
8/00021_00021.ppm;8;0
8/00021_00022.ppm;8;0
8/00021_00023.ppm;8;0
8/00021_00024.ppm;8;0
8/00021_00025.ppm;8;0
8/00021_00026.ppm;8;0
8/00021_00027.ppm;8;0
8/00021_00028.ppm;8;0
8/00021_00029.ppm;8;0
8/00022_00000.ppm;8;0
8/00022_00001.ppm;8;0
8/00022_00002.ppm;8;0
8/00022_00003.ppm;8;0
8/00022_00004.ppm;8;0
8/00022_00005.ppm;8;0
8/00022_00006.ppm;8;0
8/00022_00007.ppm;8;0
8/00022_00008.ppm;8;0
8/00022_00009.ppm;8;0
8/00022_00010.ppm;8;0
8/00022_00011.ppm;8;0
8/00022_00012.ppm;8;0
8/00022_00013.ppm;8;0
8/00022_00014.ppm;8;0
8/00022_00015.ppm;8;0
8/00022_00016.ppm;8;0
8/00022_00017.ppm;8;0
8/00022_00018.ppm;8;0
8/00022_00019.ppm;8;0
8/00022_00020.ppm;8;0
8/00022_00021.ppm;8;0
8/00022_00022.ppm;8;0
8/00022_00023.ppm;8;0
8/00022_00024.ppm;8;0
8/00022_00025.ppm;8;0
8/00022_00026.ppm;8;0
8/00022_00027.ppm;8;0
8/00022_00028.ppm;8;0
8/00022_00029.ppm;8;0
8/00023_00000.ppm;8;0
8/00023_00001.ppm;8;0
8/00023_00002.ppm;8;0
8/00023_00003.ppm;8;0
8/00023_00004.ppm;8;0
8/00023_00005.ppm;8;0
8/00023_00006.ppm;8;0
8/00023_00007.ppm;8;0
8/00023_00008.ppm;8;0
8/00023_00009.ppm;8;0
8/00023_00010.ppm;8;0
8/00023_00011.ppm;8;0
8/00023_00012.ppm;8;0
8/00023_00013.ppm;8;0
8/00023_00014.ppm;8;0
8/00023_00015.ppm;8;0
8/00023_00016.ppm;8;0
8/00023_00017.ppm;8;0
8/00023_00018.ppm;8;0
8/00023_00019.ppm;8;0
8/00023_00020.ppm;8;0
8/00023_00021.ppm;8;0
8/00023_00022.ppm;8;0
8/00023_00023.ppm;8;0
8/00023_00024.ppm;8;0
8/00023_00025.ppm;8;0
8/00023_00026.ppm;8;0
8/00023_00027.ppm;8;0
8/00023_00028.ppm;8;0
8/00023_00029.ppm;8;0
8/00024_00000.ppm;8;0
8/00024_00001.ppm;8;0
8/00024_00002.ppm;8;0
8/00024_00003.ppm;8;0
8/00024_00004.ppm;8;0
8/00024_00005.ppm;8;0
8/00024_00006.ppm;8;0
8/00024_00007.ppm;8;0
8/00024_00008.ppm;8;0
8/00024_00009.ppm;8;0
8/00024_00010.ppm;8;0
8/00024_00011.ppm;8;0
8/00024_00012.ppm;8;0
8/00024_00013.ppm;8;0
8/00024_00014.ppm;8;0
8/00024_00015.ppm;8;0
8/00024_00016.ppm;8;0
8/00024_00017.ppm;8;0
8/00024_00018.ppm;8;0
8/00024_00019.ppm;8;0
8/00024_00020.ppm;8;0
8/00024_00021.ppm;8;0
8/00024_00022.ppm;8;0
8/00024_00023.ppm;8;0
8/00024_00024.ppm;8;0
8/00024_00025.ppm;8;0
8/00024_00026.ppm;8;0
8/00024_00027.ppm;8;0
8/00024_00028.ppm;8;0
8/00024_00029.ppm;8;0
8/00025_00000.ppm;8;0
8/00025_00001.ppm;8;0
8/00025_00002.ppm;8;0
8/00025_00003.ppm;8;0
8/00025_00004.ppm;8;0
8/00025_00005.ppm;8;0
8/00025_00006.ppm;8;0
8/00025_00007.ppm;8;0
8/00025_00008.ppm;8;0
8/00025_00009.ppm;8;0
8/00025_00010.ppm;8;0
8/00025_00011.ppm;8;0
8/00025_00012.ppm;8;0
8/00025_00013.ppm;8;0
8/00025_00014.ppm;8;0
8/00025_00015.ppm;8;0
8/00025_00016.ppm;8;0
8/00025_00017.ppm;8;0
8/00025_00018.ppm;8;0
8/00025_00019.ppm;8;0
8/00025_00020.ppm;8;0
8/00025_00021.ppm;8;0
8/00025_00022.ppm;8;0
8/00025_00023.ppm;8;0
8/00025_00024.ppm;8;0
8/00025_00025.ppm;8;0
8/00025_00026.ppm;8;0
8/00025_00027.ppm;8;0
8/00025_00028.ppm;8;0
8/00025_00029.ppm;8;0
8/00026_00000.ppm;8;0
8/00026_00001.ppm;8;0
8/00026_00002.ppm;8;0
8/00026_00003.ppm;8;0
8/00026_00004.ppm;8;0
8/00026_00005.ppm;8;0
8/00026_00006.ppm;8;0
8/00026_00007.ppm;8;0
8/00026_00008.ppm;8;0
8/00026_00009.ppm;8;0
8/00026_00010.ppm;8;0
8/00026_00011.ppm;8;0
8/00026_00012.ppm;8;0
8/00026_00013.ppm;8;0
8/00026_00014.ppm;8;0
8/00026_00015.ppm;8;0
8/00026_00016.ppm;8;0
8/00026_00017.ppm;8;0
8/00026_00018.ppm;8;0
8/00026_00019.ppm;8;0
8/00026_00020.ppm;8;0
8/00026_00021.ppm;8;0
8/00026_00022.ppm;8;0
8/00026_00023.ppm;8;0
8/00026_00024.ppm;8;0
8/00026_00025.ppm;8;0
8/00026_00026.ppm;8;0
8/00026_00027.ppm;8;0
8/00026_00028.ppm;8;0
8/00026_00029.ppm;8;0
8/00027_00000.ppm;8;0
8/00027_00001.ppm;8;0
8/00027_00002.ppm;8;0
8/00027_00003.ppm;8;0
8/00027_00004.ppm;8;0
8/00027_00005.ppm;8;0
8/00027_00006.ppm;8;0
8/00027_00007.ppm;8;0
8/00027_00008.ppm;8;0
8/00027_00009.ppm;8;0
8/00027_00010.ppm;8;0
8/00027_00011.ppm;8;0
8/00027_00012.ppm;8;0
8/00027_00013.ppm;8;0
8/00027_00014.ppm;8;0
8/00027_00015.ppm;8;0
8/00027_00016.ppm;8;0
8/00027_00017.ppm;8;0
8/00027_00018.ppm;8;0
8/00027_00019.ppm;8;0
8/00027_00020.ppm;8;0
8/00027_00021.ppm;8;0
8/00027_00022.ppm;8;0
8/00027_00023.ppm;8;0
8/00027_00024.ppm;8;0
8/00027_00025.ppm;8;0
8/00027_00026.ppm;8;0
8/00027_00027.ppm;8;0
8/00027_00028.ppm;8;0
8/00027_00029.ppm;8;0
8/00028_00000.ppm;8;0
8/00028_00001.ppm;8;0
8/00028_00002.ppm;8;0
8/00028_00003.ppm;8;0
8/00028_00004.ppm;8;0
8/00028_00005.ppm;8;0
8/00028_00006.ppm;8;0
8/00028_00007.ppm;8;0
8/00028_00008.ppm;8;0
8/00028_00009.ppm;8;0
8/00028_00010.ppm;8;0
8/00028_00011.ppm;8;0
8/00028_00012.ppm;8;0
8/00028_00013.ppm;8;0
8/00028_00014.ppm;8;0
8/00028_00015.ppm;8;0
8/00028_00016.ppm;8;0
8/00028_00017.ppm;8;0
8/00028_00018.ppm;8;0
8/00028_00019.ppm;8;0
8/00028_00020.ppm;8;0
8/00028_00021.ppm;8;0
8/00028_00022.ppm;8;0
8/00028_00023.ppm;8;0
8/00028_00024.ppm;8;0
8/00028_00025.ppm;8;0
8/00028_00026.ppm;8;0
8/00028_00027.ppm;8;0
8/00028_00028.ppm;8;0
8/00028_00029.ppm;8;0
8/00029_00000.ppm;8;0
8/00029_00001.ppm;8;0
8/00029_00002.ppm;8;0
8/00029_00003.ppm;8;0
8/00029_00004.ppm;8;0
8/00029_00005.ppm;8;0
8/00029_00006.ppm;8;0
8/00029_00007.ppm;8;0
8/00029_00008.ppm;8;0
8/00029_00009.ppm;8;0
8/00029_00010.ppm;8;0
8/00029_00011.ppm;8;0
8/00029_00012.ppm;8;0
8/00029_00013.ppm;8;0
8/00029_00014.ppm;8;0
8/00029_00015.ppm;8;0
8/00029_00016.ppm;8;0
8/00029_00017.ppm;8;0
8/00029_00018.ppm;8;0
8/00029_00019.ppm;8;0
8/00029_00020.ppm;8;0
8/00029_00021.ppm;8;0
8/00029_00022.ppm;8;0
8/00029_00023.ppm;8;0
8/00029_00024.ppm;8;0
8/00029_00025.ppm;8;0
8/00029_00026.ppm;8;0
8/00029_00027.ppm;8;0
8/00029_00028.ppm;8;0
8/00029_00029.ppm;8;0
8/00030_00000.ppm;8;0
8/00030_00001.ppm;8;0
8/00030_00002.ppm;8;0
8/00030_00003.ppm;8;0
8/00030_00004.ppm;8;0
8/00030_00005.ppm;8;0
8/00030_00006.ppm;8;0
8/00030_00007.ppm;8;0
8/00030_00008.ppm;8;0
8/00030_00009.ppm;8;0
8/00030_00010.ppm;8;0
8/00030_00011.ppm;8;0
8/00030_00012.ppm;8;0
8/00030_00013.ppm;8;0
8/00030_00014.ppm;8;0
8/00030_00015.ppm;8;0
8/00030_00016.ppm;8;0
8/00030_00017.ppm;8;0
8/00030_00018.ppm;8;0
8/00030_00019.ppm;8;0
8/00030_00020.ppm;8;0
8/00030_00021.ppm;8;0
8/00030_00022.ppm;8;0
8/00030_00023.ppm;8;0
8/00030_00024.ppm;8;0
8/00030_00025.ppm;8;0
8/00030_00026.ppm;8;0
8/00030_00027.ppm;8;0
8/00030_00028.ppm;8;0
8/00030_00029.ppm;8;0
8/00031_00000.ppm;8;0
8/00031_00001.ppm;8;0
8/00031_00002.ppm;8;0
8/00031_00003.ppm;8;0
8/00031_00004.ppm;8;0
8/00031_00005.ppm;8;0
8/00031_00006.ppm;8;0
8/00031_00007.ppm;8;0
8/00031_00008.ppm;8;0
8/00031_00009.ppm;8;0
8/00031_00010.ppm;8;0
8/00031_00011.ppm;8;0
8/00031_00012.ppm;8;0
8/00031_00013.ppm;8;0
8/00031_00014.ppm;8;0
8/00031_00015.ppm;8;0
8/00031_00016.ppm;8;0
8/00031_00017.ppm;8;0
8/00031_00018.ppm;8;0
8/00031_00019.ppm;8;0
8/00031_00020.ppm;8;0
8/00031_00021.ppm;8;0
8/00031_00022.ppm;8;0
8/00031_00023.ppm;8;0
8/00031_00024.ppm;8;0
8/00031_00025.ppm;8;0
8/00031_00026.ppm;8;0
8/00031_00027.ppm;8;0
8/00031_00028.ppm;8;0
8/00031_00029.ppm;8;0
9/00000_00000.ppm;9;0
9/00000_00001.ppm;9;0
9/00000_00002.ppm;9;0
9/00000_00003.ppm;9;0
9/00000_00004.ppm;9;0
9/00000_00005.ppm;9;0
9/00000_00006.ppm;9;0
9/00000_00007.ppm;9;0
9/00000_00008.ppm;9;0
9/00000_00009.ppm;9;0
9/00000_00010.ppm;9;0
9/00000_00011.ppm;9;0
9/00000_00012.ppm;9;0
9/00000_00013.ppm;9;0
9/00000_00014.ppm;9;0
9/00000_00015.ppm;9;0
9/00000_00016.ppm;9;0
9/00000_00017.ppm;9;0
9/00000_00018.ppm;9;0
9/00000_00019.ppm;9;0
9/00000_00020.ppm;9;0
9/00000_00021.ppm;9;0
9/00000_00022.ppm;9;0
9/00000_00023.ppm;9;0
9/00000_00024.ppm;9;0
9/00000_00025.ppm;9;0
9/00000_00026.ppm;9;0
9/00000_00027.ppm;9;0
9/00000_00028.ppm;9;0
9/00000_00029.ppm;9;0
9/00001_00000.ppm;9;0
9/00001_00001.ppm;9;0
9/00001_00002.ppm;9;0
9/00001_00003.ppm;9;0
9/00001_00004.ppm;9;0
9/00001_00005.ppm;9;0
9/00001_00006.ppm;9;0
9/00001_00007.ppm;9;0
9/00001_00008.ppm;9;0
9/00001_00009.ppm;9;0
9/00001_00010.ppm;9;0
9/00001_00011.ppm;9;0
9/00001_00012.ppm;9;0
9/00001_00013.ppm;9;0
9/00001_00014.ppm;9;0
9/00001_00015.ppm;9;0
9/00001_00016.ppm;9;0
9/00001_00017.ppm;9;0
9/00001_00018.ppm;9;0
9/00001_00019.ppm;9;0
9/00001_00020.ppm;9;0
9/00001_00021.ppm;9;0
9/00001_00022.ppm;9;0
9/00001_00023.ppm;9;0
9/00001_00024.ppm;9;0
9/00001_00025.ppm;9;0
9/00001_00026.ppm;9;0
9/00001_00027.ppm;9;0
9/00001_00028.ppm;9;0
9/00001_00029.ppm;9;0
9/00002_00000.ppm;9;0
9/00002_00001.ppm;9;0
9/00002_00002.ppm;9;0
9/00002_00003.ppm;9;0
9/00002_00004.ppm;9;0
9/00002_00005.ppm;9;0
9/00002_00006.ppm;9;0
9/00002_00007.ppm;9;0
9/00002_00008.ppm;9;0
9/00002_00009.ppm;9;0
9/00002_00010.ppm;9;0
9/00002_00011.ppm;9;0
9/00002_00012.ppm;9;0
9/00002_00013.ppm;9;0
9/00002_00014.ppm;9;0
9/00002_00015.ppm;9;0
9/00002_00016.ppm;9;0
9/00002_00017.ppm;9;0
9/00002_00018.ppm;9;0
9/00002_00019.ppm;9;0
9/00002_00020.ppm;9;0
9/00002_00021.ppm;9;0
9/00002_00022.ppm;9;0
9/00002_00023.ppm;9;0
9/00002_00024.ppm;9;0
9/00002_00025.ppm;9;0
9/00002_00026.ppm;9;0
9/00002_00027.ppm;9;0
9/00002_00028.ppm;9;0
9/00002_00029.ppm;9;0
9/00003_00000.ppm;9;0
9/00003_00001.ppm;9;0
9/00003_00002.ppm;9;0
9/00003_00003.ppm;9;0
9/00003_00004.ppm;9;0
9/00003_00005.ppm;9;0
9/00003_00006.ppm;9;0
9/00003_00007.ppm;9;0
9/00003_00008.ppm;9;0
9/00003_00009.ppm;9;0
9/00003_00010.ppm;9;0
9/00003_00011.ppm;9;0
9/00003_00012.ppm;9;0
9/00003_00013.ppm;9;0
9/00003_00014.ppm;9;0
9/00003_00015.ppm;9;0
9/00003_00016.ppm;9;0
9/00003_00017.ppm;9;0
9/00003_00018.ppm;9;0
9/00003_00019.ppm;9;0
9/00003_00020.ppm;9;0
9/00003_00021.ppm;9;0
9/00003_00022.ppm;9;0
9/00003_00023.ppm;9;0
9/00003_00024.ppm;9;0
9/00003_00025.ppm;9;0
9/00003_00026.ppm;9;0
9/00003_00027.ppm;9;0
9/00003_00028.ppm;9;0
9/00003_00029.ppm;9;0
9/00004_00000.ppm;9;0
9/00004_00001.ppm;9;0
9/00004_00002.ppm;9;0
9/00004_00003.ppm;9;0
9/00004_00004.ppm;9;0
9/00004_00005.ppm;9;0
9/00004_00006.ppm;9;0
9/00004_00007.ppm;9;0
9/00004_00008.ppm;9;0
9/00004_00009.ppm;9;0
9/00004_00010.ppm;9;0
9/00004_00011.ppm;9;0
9/00004_00012.ppm;9;0
9/00004_00013.ppm;9;0
9/00004_00014.ppm;9;0
9/00004_00015.ppm;9;0
9/00004_00016.ppm;9;0
9/00004_00017.ppm;9;0
9/00004_00018.ppm;9;0
9/00004_00019.ppm;9;0
9/00004_00020.ppm;9;0
9/00004_00021.ppm;9;0
9/00004_00022.ppm;9;0
9/00004_00023.ppm;9;0
9/00004_00024.ppm;9;0
9/00004_00025.ppm;9;0
9/00004_00026.ppm;9;0
9/00004_00027.ppm;9;0
9/00004_00028.ppm;9;0
9/00004_00029.ppm;9;0
9/00005_00000.ppm;9;0
9/00005_00001.ppm;9;0
9/00005_00002.ppm;9;0
9/00005_00003.ppm;9;0
9/00005_00004.ppm;9;0
9/00005_00005.ppm;9;0
9/00005_00006.ppm;9;0
9/00005_00007.ppm;9;0
9/00005_00008.ppm;9;0
9/00005_00009.ppm;9;0
9/00005_00010.ppm;9;0
9/00005_00011.ppm;9;0
9/00005_00012.ppm;9;0
9/00005_00013.ppm;9;0
9/00005_00014.ppm;9;0
9/00005_00015.ppm;9;0
9/00005_00016.ppm;9;0
9/00005_00017.ppm;9;0
9/00005_00018.ppm;9;0
9/00005_00019.ppm;9;0
9/00005_00020.ppm;9;0
9/00005_00021.ppm;9;0
9/00005_00022.ppm;9;0
9/00005_00023.ppm;9;0
9/00005_00024.ppm;9;0
9/00005_00025.ppm;9;0
9/00005_00026.ppm;9;0
9/00005_00027.ppm;9;0
9/00005_00028.ppm;9;0
9/00005_00029.ppm;9;0
9/00006_00000.ppm;9;0
9/00006_00001.ppm;9;0
9/00006_00002.ppm;9;0
9/00006_00003.ppm;9;0
9/00006_00004.ppm;9;0
9/00006_00005.ppm;9;0
9/00006_00006.ppm;9;0
9/00006_00007.ppm;9;0
9/00006_00008.ppm;9;0
9/00006_00009.ppm;9;0
9/00006_00010.ppm;9;0
9/00006_00011.ppm;9;0
9/00006_00012.ppm;9;0
9/00006_00013.ppm;9;0
9/00006_00014.ppm;9;0
9/00006_00015.ppm;9;0
9/00006_00016.ppm;9;0
9/00006_00017.ppm;9;0
9/00006_00018.ppm;9;0
9/00006_00019.ppm;9;0
9/00006_00020.ppm;9;0
9/00006_00021.ppm;9;0
9/00006_00022.ppm;9;0
9/00006_00023.ppm;9;0
9/00006_00024.ppm;9;0
9/00006_00025.ppm;9;0
9/00006_00026.ppm;9;0
9/00006_00027.ppm;9;0
9/00006_00028.ppm;9;0
9/00006_00029.ppm;9;0
9/00007_00000.ppm;9;0
9/00007_00001.ppm;9;0
9/00007_00002.ppm;9;0
9/00007_00003.ppm;9;0
9/00007_00004.ppm;9;0
9/00007_00005.ppm;9;0
9/00007_00006.ppm;9;0
9/00007_00007.ppm;9;0
9/00007_00008.ppm;9;0
9/00007_00009.ppm;9;0
9/00007_00010.ppm;9;0
9/00007_00011.ppm;9;0
9/00007_00012.ppm;9;0
9/00007_00013.ppm;9;0
9/00007_00014.ppm;9;0
9/00007_00015.ppm;9;0
9/00007_00016.ppm;9;0
9/00007_00017.ppm;9;0
9/00007_00018.ppm;9;0
9/00007_00019.ppm;9;0
9/00007_00020.ppm;9;0
9/00007_00021.ppm;9;0
9/00007_00022.ppm;9;0
9/00007_00023.ppm;9;0
9/00007_00024.ppm;9;0
9/00007_00025.ppm;9;0
9/00007_00026.ppm;9;0
9/00007_00027.ppm;9;0
9/00007_00028.ppm;9;0
9/00007_00029.ppm;9;0
9/00008_00000.ppm;9;0
9/00008_00001.ppm;9;0
9/00008_00002.ppm;9;0
9/00008_00003.ppm;9;0
9/00008_00004.ppm;9;0
9/00008_00005.ppm;9;0
9/00008_00006.ppm;9;0
9/00008_00007.ppm;9;0
9/00008_00008.ppm;9;0
9/00008_00009.ppm;9;0
9/00008_00010.ppm;9;0
9/00008_00011.ppm;9;0
9/00008_00012.ppm;9;0
9/00008_00013.ppm;9;0
9/00008_00014.ppm;9;0
9/00008_00015.ppm;9;0
9/00008_00016.ppm;9;0
9/00008_00017.ppm;9;0
9/00008_00018.ppm;9;0
9/00008_00019.ppm;9;0
9/00008_00020.ppm;9;0
9/00008_00021.ppm;9;0
9/00008_00022.ppm;9;0
9/00008_00023.ppm;9;0
9/00008_00024.ppm;9;0
9/00008_00025.ppm;9;0
9/00008_00026.ppm;9;0
9/00008_00027.ppm;9;0
9/00008_00028.ppm;9;0
9/00008_00029.ppm;9;0
9/00009_00000.ppm;9;0
9/00009_00001.ppm;9;0
9/00009_00002.ppm;9;0
9/00009_00003.ppm;9;0
9/00009_00004.ppm;9;0
9/00009_00005.ppm;9;0
9/00009_00006.ppm;9;0
9/00009_00007.ppm;9;0
9/00009_00008.ppm;9;0
9/00009_00009.ppm;9;0
9/00009_00010.ppm;9;0
9/00009_00011.ppm;9;0
9/00009_00012.ppm;9;0
9/00009_00013.ppm;9;0
9/00009_00014.ppm;9;0
9/00009_00015.ppm;9;0
9/00009_00016.ppm;9;0
9/00009_00017.ppm;9;0
9/00009_00018.ppm;9;0
9/00009_00019.ppm;9;0
9/00009_00020.ppm;9;0
9/00009_00021.ppm;9;0
9/00009_00022.ppm;9;0
9/00009_00023.ppm;9;0
9/00009_00024.ppm;9;0
9/00009_00025.ppm;9;0
9/00009_00026.ppm;9;0
9/00009_00027.ppm;9;0
9/00009_00028.ppm;9;0
9/00009_00029.ppm;9;0
9/00010_00000.ppm;9;0
9/00010_00001.ppm;9;0
9/00010_00002.ppm;9;0
9/00010_00003.ppm;9;0
9/00010_00004.ppm;9;0
9/00010_00005.ppm;9;0
9/00010_00006.ppm;9;0
9/00010_00007.ppm;9;0
9/00010_00008.ppm;9;0
9/00010_00009.ppm;9;0
9/00010_00010.ppm;9;0
9/00010_00011.ppm;9;0
9/00010_00012.ppm;9;0
9/00010_00013.ppm;9;0
9/00010_00014.ppm;9;0
9/00010_00015.ppm;9;0
9/00010_00016.ppm;9;0
9/00010_00017.ppm;9;0
9/00010_00018.ppm;9;0
9/00010_00019.ppm;9;0
9/00010_00020.ppm;9;0
9/00010_00021.ppm;9;0
9/00010_00022.ppm;9;0
9/00010_00023.ppm;9;0
9/00010_00024.ppm;9;0
9/00010_00025.ppm;9;0
9/00010_00026.ppm;9;0
9/00010_00027.ppm;9;0
9/00010_00028.ppm;9;0
9/00010_00029.ppm;9;0
9/00011_00000.ppm;9;0
9/00011_00001.ppm;9;0
9/00011_00002.ppm;9;0
9/00011_00003.ppm;9;0
9/00011_00004.ppm;9;0
9/00011_00005.ppm;9;0
9/00011_00006.ppm;9;0
9/00011_00007.ppm;9;0
9/00011_00008.ppm;9;0
9/00011_00009.ppm;9;0
9/00011_00010.ppm;9;0
9/00011_00011.ppm;9;0
9/00011_00012.ppm;9;0
9/00011_00013.ppm;9;0
9/00011_00014.ppm;9;0
9/00011_00015.ppm;9;0
9/00011_00016.ppm;9;0
9/00011_00017.ppm;9;0
9/00011_00018.ppm;9;0
9/00011_00019.ppm;9;0
9/00011_00020.ppm;9;0
9/00011_00021.ppm;9;0
9/00011_00022.ppm;9;0
9/00011_00023.ppm;9;0
9/00011_00024.ppm;9;0
9/00011_00025.ppm;9;0
9/00011_00026.ppm;9;0
9/00011_00027.ppm;9;0
9/00011_00028.ppm;9;0
9/00011_00029.ppm;9;0
9/00012_00000.ppm;9;0
9/00012_00001.ppm;9;0
9/00012_00002.ppm;9;0
9/00012_00003.ppm;9;0
9/00012_00004.ppm;9;0
9/00012_00005.ppm;9;0
9/00012_00006.ppm;9;0
9/00012_00007.ppm;9;0
9/00012_00008.ppm;9;0
9/00012_00009.ppm;9;0
9/00012_00010.ppm;9;0
9/00012_00011.ppm;9;0
9/00012_00012.ppm;9;0
9/00012_00013.ppm;9;0
9/00012_00014.ppm;9;0
9/00012_00015.ppm;9;0
9/00012_00016.ppm;9;0
9/00012_00017.ppm;9;0
9/00012_00018.ppm;9;0
9/00012_00019.ppm;9;0
9/00012_00020.ppm;9;0
9/00012_00021.ppm;9;0
9/00012_00022.ppm;9;0
9/00012_00023.ppm;9;0
9/00012_00024.ppm;9;0
9/00012_00025.ppm;9;0
9/00012_00026.ppm;9;0
9/00012_00027.ppm;9;0
9/00012_00028.ppm;9;0
9/00012_00029.ppm;9;0
9/00013_00000.ppm;9;0
9/00013_00001.ppm;9;0
9/00013_00002.ppm;9;0
9/00013_00003.ppm;9;0
9/00013_00004.ppm;9;0
9/00013_00005.ppm;9;0
9/00013_00006.ppm;9;0
9/00013_00007.ppm;9;0
9/00013_00008.ppm;9;0
9/00013_00009.ppm;9;0
9/00013_00010.ppm;9;0
9/00013_00011.ppm;9;0
9/00013_00012.ppm;9;0
9/00013_00013.ppm;9;0
9/00013_00014.ppm;9;0
9/00013_00015.ppm;9;0
9/00013_00016.ppm;9;0
9/00013_00017.ppm;9;0
9/00013_00018.ppm;9;0
9/00013_00019.ppm;9;0
9/00013_00020.ppm;9;0
9/00013_00021.ppm;9;0
9/00013_00022.ppm;9;0
9/00013_00023.ppm;9;0
9/00013_00024.ppm;9;0
9/00013_00025.ppm;9;0
9/00013_00026.ppm;9;0
9/00013_00027.ppm;9;0
9/00013_00028.ppm;9;0
9/00013_00029.ppm;9;0
9/00014_00000.ppm;9;0
9/00014_00001.ppm;9;0
9/00014_00002.ppm;9;0
9/00014_00003.ppm;9;0
9/00014_00004.ppm;9;0
9/00014_00005.ppm;9;0
9/00014_00006.ppm;9;0
9/00014_00007.ppm;9;0
9/00014_00008.ppm;9;0
9/00014_00009.ppm;9;0
9/00014_00010.ppm;9;0
9/00014_00011.ppm;9;0
9/00014_00012.ppm;9;0
9/00014_00013.ppm;9;0
9/00014_00014.ppm;9;0
9/00014_00015.ppm;9;0
9/00014_00016.ppm;9;0
9/00014_00017.ppm;9;0
9/00014_00018.ppm;9;0
9/00014_00019.ppm;9;0
9/00014_00020.ppm;9;0
9/00014_00021.ppm;9;0
9/00014_00022.ppm;9;0
9/00014_00023.ppm;9;0
9/00014_00024.ppm;9;0
9/00014_00025.ppm;9;0
9/00014_00026.ppm;9;0
9/00014_00027.ppm;9;0
9/00014_00028.ppm;9;0
9/00014_00029.ppm;9;0
9/00015_00000.ppm;9;0
9/00015_00001.ppm;9;0
9/00015_00002.ppm;9;0
9/00015_00003.ppm;9;0
9/00015_00004.ppm;9;0
9/00015_00005.ppm;9;0
9/00015_00006.ppm;9;0
9/00015_00007.ppm;9;0
9/00015_00008.ppm;9;0
9/00015_00009.ppm;9;0
9/00015_00010.ppm;9;0
9/00015_00011.ppm;9;0
9/00015_00012.ppm;9;0
9/00015_00013.ppm;9;0
9/00015_00014.ppm;9;0
9/00015_00015.ppm;9;0
9/00015_00016.ppm;9;0
9/00015_00017.ppm;9;0
9/00015_00018.ppm;9;0
9/00015_00019.ppm;9;0
9/00015_00020.ppm;9;0
9/00015_00021.ppm;9;0
9/00015_00022.ppm;9;0
9/00015_00023.ppm;9;0
9/00015_00024.ppm;9;0
9/00015_00025.ppm;9;0
9/00015_00026.ppm;9;0
9/00015_00027.ppm;9;0
9/00015_00028.ppm;9;0
9/00015_00029.ppm;9;0
9/00016_00000.ppm;9;0
9/00016_00001.ppm;9;0
9/00016_00002.ppm;9;0
9/00016_00003.ppm;9;0
9/00016_00004.ppm;9;0
9/00016_00005.ppm;9;0
9/00016_00006.ppm;9;0
9/00016_00007.ppm;9;0
9/00016_00008.ppm;9;0
9/00016_00009.ppm;9;0
9/00016_00010.ppm;9;0
9/00016_00011.ppm;9;0
9/00016_00012.ppm;9;0
9/00016_00013.ppm;9;0
9/00016_00014.ppm;9;0
9/00016_00015.ppm;9;0
9/00016_00016.ppm;9;0
9/00016_00017.ppm;9;0
9/00016_00018.ppm;9;0
9/00016_00019.ppm;9;0
9/00016_00020.ppm;9;0
9/00016_00021.ppm;9;0
9/00016_00022.ppm;9;0
9/00016_00023.ppm;9;0
9/00016_00024.ppm;9;0
9/00016_00025.ppm;9;0
9/00016_00026.ppm;9;0
9/00016_00027.ppm;9;0
9/00016_00028.ppm;9;0
9/00016_00029.ppm;9;0
9/00017_00000.ppm;9;0
9/00017_00001.ppm;9;0
9/00017_00002.ppm;9;0
9/00017_00003.ppm;9;0
9/00017_00004.ppm;9;0
9/00017_00005.ppm;9;0
9/00017_00006.ppm;9;0
9/00017_00007.ppm;9;0
9/00017_00008.ppm;9;0
9/00017_00009.ppm;9;0
9/00017_00010.ppm;9;0
9/00017_00011.ppm;9;0
9/00017_00012.ppm;9;0
9/00017_00013.ppm;9;0
9/00017_00014.ppm;9;0
9/00017_00015.ppm;9;0
9/00017_00016.ppm;9;0
9/00017_00017.ppm;9;0
9/00017_00018.ppm;9;0
9/00017_00019.ppm;9;0
9/00017_00020.ppm;9;0
9/00017_00021.ppm;9;0
9/00017_00022.ppm;9;0
9/00017_00023.ppm;9;0
9/00017_00024.ppm;9;0
9/00017_00025.ppm;9;0
9/00017_00026.ppm;9;0
9/00017_00027.ppm;9;0
9/00017_00028.ppm;9;0
9/00017_00029.ppm;9;0
9/00018_00000.ppm;9;0
9/00018_00001.ppm;9;0
9/00018_00002.ppm;9;0
9/00018_00003.ppm;9;0
9/00018_00004.ppm;9;0
9/00018_00005.ppm;9;0
9/00018_00006.ppm;9;0
9/00018_00007.ppm;9;0
9/00018_00008.ppm;9;0
9/00018_00009.ppm;9;0
9/00018_00010.ppm;9;0
9/00018_00011.ppm;9;0
9/00018_00012.ppm;9;0
9/00018_00013.ppm;9;0
9/00018_00014.ppm;9;0
9/00018_00015.ppm;9;0
9/00018_00016.ppm;9;0
9/00018_00017.ppm;9;0
9/00018_00018.ppm;9;0
9/00018_00019.ppm;9;0
9/00018_00020.ppm;9;0
9/00018_00021.ppm;9;0
9/00018_00022.ppm;9;0
9/00018_00023.ppm;9;0
9/00018_00024.ppm;9;0
9/00018_00025.ppm;9;0
9/00018_00026.ppm;9;0
9/00018_00027.ppm;9;0
9/00018_00028.ppm;9;0
9/00018_00029.ppm;9;0
9/00019_00000.ppm;9;0
9/00019_00001.ppm;9;0
9/00019_00002.ppm;9;0
9/00019_00003.ppm;9;0
9/00019_00004.ppm;9;0
9/00019_00005.ppm;9;0
9/00019_00006.ppm;9;0
9/00019_00007.ppm;9;0
9/00019_00008.ppm;9;0
9/00019_00009.ppm;9;0
9/00019_00010.ppm;9;0
9/00019_00011.ppm;9;0
9/00019_00012.ppm;9;0
9/00019_00013.ppm;9;0
9/00019_00014.ppm;9;0
9/00019_00015.ppm;9;0
9/00019_00016.ppm;9;0
9/00019_00017.ppm;9;0
9/00019_00018.ppm;9;0
9/00019_00019.ppm;9;0
9/00019_00020.ppm;9;0
9/00019_00021.ppm;9;0
9/00019_00022.ppm;9;0
9/00019_00023.ppm;9;0
9/00019_00024.ppm;9;0
9/00019_00025.ppm;9;0
9/00019_00026.ppm;9;0
9/00019_00027.ppm;9;0
9/00019_00028.ppm;9;0
9/00019_00029.ppm;9;0
9/00020_00000.ppm;9;0
9/00020_00001.ppm;9;0
9/00020_00002.ppm;9;0
9/00020_00003.ppm;9;0
9/00020_00004.ppm;9;0
9/00020_00005.ppm;9;0
9/00020_00006.ppm;9;0
9/00020_00007.ppm;9;0
9/00020_00008.ppm;9;0
9/00020_00009.ppm;9;0
9/00020_00010.ppm;9;0
9/00020_00011.ppm;9;0
9/00020_00012.ppm;9;0
9/00020_00013.ppm;9;0
9/00020_00014.ppm;9;0
9/00020_00015.ppm;9;0
9/00020_00016.ppm;9;0
9/00020_00017.ppm;9;0
9/00020_00018.ppm;9;0
9/00020_00019.ppm;9;0
9/00020_00020.ppm;9;0
9/00020_00021.ppm;9;0
9/00020_00022.ppm;9;0
9/00020_00023.ppm;9;0
9/00020_00024.ppm;9;0
9/00020_00025.ppm;9;0
9/00020_00026.ppm;9;0
9/00020_00027.ppm;9;0
9/00020_00028.ppm;9;0
9/00020_00029.ppm;9;0
9/00021_00000.ppm;9;0
9/00021_00001.ppm;9;0
9/00021_00002.ppm;9;0
9/00021_00003.ppm;9;0
9/00021_00004.ppm;9;0
9/00021_00005.ppm;9;0
9/00021_00006.ppm;9;0
9/00021_00007.ppm;9;0
9/00021_00008.ppm;9;0
9/00021_00009.ppm;9;0
9/00021_00010.ppm;9;0
9/00021_00011.ppm;9;0
9/00021_00012.ppm;9;0
9/00021_00013.ppm;9;0
9/00021_00014.ppm;9;0
9/00021_00015.ppm;9;0
9/00021_00016.ppm;9;0
9/00021_00017.ppm;9;0
9/00021_00018.ppm;9;0
9/00021_00019.ppm;9;0
9/00021_00020.ppm;9;0
9/00021_00021.ppm;9;0
9/00021_00022.ppm;9;0
9/00021_00023.ppm;9;0
9/00021_00024.ppm;9;0
9/00021_00025.ppm;9;0
9/00021_00026.ppm;9;0
9/00021_00027.ppm;9;0
9/00021_00028.ppm;9;0
9/00021_00029.ppm;9;0
9/00022_00000.ppm;9;0
9/00022_00001.ppm;9;0
9/00022_00002.ppm;9;0
9/00022_00003.ppm;9;0
9/00022_00004.ppm;9;0
9/00022_00005.ppm;9;0
9/00022_00006.ppm;9;0
9/00022_00007.ppm;9;0
9/00022_00008.ppm;9;0
9/00022_00009.ppm;9;0
9/00022_00010.ppm;9;0
9/00022_00011.ppm;9;0
9/00022_00012.ppm;9;0
9/00022_00013.ppm;9;0
9/00022_00014.ppm;9;0
9/00022_00015.ppm;9;0
9/00022_00016.ppm;9;0
9/00022_00017.ppm;9;0
9/00022_00018.ppm;9;0
9/00022_00019.ppm;9;0
9/00022_00020.ppm;9;0
9/00022_00021.ppm;9;0
9/00022_00022.ppm;9;0
9/00022_00023.ppm;9;0
9/00022_00024.ppm;9;0
9/00022_00025.ppm;9;0
9/00022_00026.ppm;9;0
9/00022_00027.ppm;9;0
9/00022_00028.ppm;9;0
9/00022_00029.ppm;9;0
9/00023_00000.ppm;9;0
9/00023_00001.ppm;9;0
9/00023_00002.ppm;9;0
9/00023_00003.ppm;9;0
9/00023_00004.ppm;9;0
9/00023_00005.ppm;9;0
9/00023_00006.ppm;9;0
9/00023_00007.ppm;9;0
9/00023_00008.ppm;9;0
9/00023_00009.ppm;9;0
9/00023_00010.ppm;9;0
9/00023_00011.ppm;9;0
9/00023_00012.ppm;9;0
9/00023_00013.ppm;9;0
9/00023_00014.ppm;9;0
9/00023_00015.ppm;9;0
9/00023_00016.ppm;9;0
9/00023_00017.ppm;9;0
9/00023_00018.ppm;9;0
9/00023_00019.ppm;9;0
9/00023_00020.ppm;9;0
9/00023_00021.ppm;9;0
9/00023_00022.ppm;9;0
9/00023_00023.ppm;9;0
9/00023_00024.ppm;9;0
9/00023_00025.ppm;9;0
9/00023_00026.ppm;9;0
9/00023_00027.ppm;9;0
9/00023_00028.ppm;9;0
9/00023_00029.ppm;9;0
9/00024_00000.ppm;9;0
9/00024_00001.ppm;9;0
9/00024_00002.ppm;9;0
9/00024_00003.ppm;9;0
9/00024_00004.ppm;9;0
9/00024_00005.ppm;9;0
9/00024_00006.ppm;9;0
9/00024_00007.ppm;9;0
9/00024_00008.ppm;9;0
9/00024_00009.ppm;9;0
9/00024_00010.ppm;9;0
9/00024_00011.ppm;9;0
9/00024_00012.ppm;9;0
9/00024_00013.ppm;9;0
9/00024_00014.ppm;9;0
9/00024_00015.ppm;9;0
9/00024_00016.ppm;9;0
9/00024_00017.ppm;9;0
9/00024_00018.ppm;9;0
9/00024_00019.ppm;9;0
9/00024_00020.ppm;9;0
9/00024_00021.ppm;9;0
9/00024_00022.ppm;9;0
9/00024_00023.ppm;9;0
9/00024_00024.ppm;9;0
9/00024_00025.ppm;9;0
9/00024_00026.ppm;9;0
9/00024_00027.ppm;9;0
9/00024_00028.ppm;9;0
9/00024_00029.ppm;9;0
9/00025_00000.ppm;9;0
9/00025_00001.ppm;9;0
9/00025_00002.ppm;9;0
9/00025_00003.ppm;9;0
9/00025_00004.ppm;9;0
9/00025_00005.ppm;9;0
9/00025_00006.ppm;9;0
9/00025_00007.ppm;9;0
9/00025_00008.ppm;9;0
9/00025_00009.ppm;9;0
9/00025_00010.ppm;9;0
9/00025_00011.ppm;9;0
9/00025_00012.ppm;9;0
9/00025_00013.ppm;9;0
9/00025_00014.ppm;9;0
9/00025_00015.ppm;9;0
9/00025_00016.ppm;9;0
9/00025_00017.ppm;9;0
9/00025_00018.ppm;9;0
9/00025_00019.ppm;9;0
9/00025_00020.ppm;9;0
9/00025_00021.ppm;9;0
9/00025_00022.ppm;9;0
9/00025_00023.ppm;9;0
9/00025_00024.ppm;9;0
9/00025_00025.ppm;9;0
9/00025_00026.ppm;9;0
9/00025_00027.ppm;9;0
9/00025_00028.ppm;9;0
9/00025_00029.ppm;9;0
9/00026_00000.ppm;9;0
9/00026_00001.ppm;9;0
9/00026_00002.ppm;9;0
9/00026_00003.ppm;9;0
9/00026_00004.ppm;9;0
9/00026_00005.ppm;9;0
9/00026_00006.ppm;9;0
9/00026_00007.ppm;9;0
9/00026_00008.ppm;9;0
9/00026_00009.ppm;9;0
9/00026_00010.ppm;9;0
9/00026_00011.ppm;9;0
9/00026_00012.ppm;9;0
9/00026_00013.ppm;9;0
9/00026_00014.ppm;9;0
9/00026_00015.ppm;9;0
9/00026_00016.ppm;9;0
9/00026_00017.ppm;9;0
9/00026_00018.ppm;9;0
9/00026_00019.ppm;9;0
9/00026_00020.ppm;9;0
9/00026_00021.ppm;9;0
9/00026_00022.ppm;9;0
9/00026_00023.ppm;9;0
9/00026_00024.ppm;9;0
9/00026_00025.ppm;9;0
9/00026_00026.ppm;9;0
9/00026_00027.ppm;9;0
9/00026_00028.ppm;9;0
9/00026_00029.ppm;9;0
9/00027_00000.ppm;9;0
9/00027_00001.ppm;9;0
9/00027_00002.ppm;9;0
9/00027_00003.ppm;9;0
9/00027_00004.ppm;9;0
9/00027_00005.ppm;9;0
9/00027_00006.ppm;9;0
9/00027_00007.ppm;9;0
9/00027_00008.ppm;9;0
9/00027_00009.ppm;9;0
9/00027_00010.ppm;9;0
9/00027_00011.ppm;9;0
9/00027_00012.ppm;9;0
9/00027_00013.ppm;9;0
9/00027_00014.ppm;9;0
9/00027_00015.ppm;9;0
9/00027_00016.ppm;9;0
9/00027_00017.ppm;9;0
9/00027_00018.ppm;9;0
9/00027_00019.ppm;9;0
9/00027_00020.ppm;9;0
9/00027_00021.ppm;9;0
9/00027_00022.ppm;9;0
9/00027_00023.ppm;9;0
9/00027_00024.ppm;9;0
9/00027_00025.ppm;9;0
9/00027_00026.ppm;9;0
9/00027_00027.ppm;9;0
9/00027_00028.ppm;9;0
9/00027_00029.ppm;9;0
9/00028_00000.ppm;9;0
9/00028_00001.ppm;9;0
9/00028_00002.ppm;9;0
9/00028_00003.ppm;9;0
9/00028_00004.ppm;9;0
9/00028_00005.ppm;9;0
9/00028_00006.ppm;9;0
9/00028_00007.ppm;9;0
9/00028_00008.ppm;9;0
9/00028_00009.ppm;9;0
9/00028_00010.ppm;9;0
9/00028_00011.ppm;9;0
9/00028_00012.ppm;9;0
9/00028_00013.ppm;9;0
9/00028_00014.ppm;9;0
9/00028_00015.ppm;9;0
9/00028_00016.ppm;9;0
9/00028_00017.ppm;9;0
9/00028_00018.ppm;9;0
9/00028_00019.ppm;9;0
9/00028_00020.ppm;9;0
9/00028_00021.ppm;9;0
9/00028_00022.ppm;9;0
9/00028_00023.ppm;9;0
9/00028_00024.ppm;9;0
9/00028_00025.ppm;9;0
9/00028_00026.ppm;9;0
9/00028_00027.ppm;9;0
9/00028_00028.ppm;9;0
9/00028_00029.ppm;9;0
9/00029_00000.ppm;9;0
9/00029_00001.ppm;9;0
9/00029_00002.ppm;9;0
9/00029_00003.ppm;9;0
9/00029_00004.ppm;9;0
9/00029_00005.ppm;9;0
9/00029_00006.ppm;9;0
9/00029_00007.ppm;9;0
9/00029_00008.ppm;9;0
9/00029_00009.ppm;9;0
9/00029_00010.ppm;9;0
9/00029_00011.ppm;9;0
9/00029_00012.ppm;9;0
9/00029_00013.ppm;9;0
9/00029_00014.ppm;9;0
9/00029_00015.ppm;9;0
9/00029_00016.ppm;9;0
9/00029_00017.ppm;9;0
9/00029_00018.ppm;9;0
9/00029_00019.ppm;9;0
9/00029_00020.ppm;9;0
9/00029_00021.ppm;9;0
9/00029_00022.ppm;9;0
9/00029_00023.ppm;9;0
9/00029_00024.ppm;9;0
9/00029_00025.ppm;9;0
9/00029_00026.ppm;9;0
9/00029_00027.ppm;9;0
9/00029_00028.ppm;9;0
9/00029_00029.ppm;9;0
9/00030_00000.ppm;9;0
9/00030_00001.ppm;9;0
9/00030_00002.ppm;9;0
9/00030_00003.ppm;9;0
9/00030_00004.ppm;9;0
9/00030_00005.ppm;9;0
9/00030_00006.ppm;9;0
9/00030_00007.ppm;9;0
9/00030_00008.ppm;9;0
9/00030_00009.ppm;9;0
9/00030_00010.ppm;9;0
9/00030_00011.ppm;9;0
9/00030_00012.ppm;9;0
9/00030_00013.ppm;9;0
9/00030_00014.ppm;9;0
9/00030_00015.ppm;9;0
9/00030_00016.ppm;9;0
9/00030_00017.ppm;9;0
9/00030_00018.ppm;9;0
9/00030_00019.ppm;9;0
9/00030_00020.ppm;9;0
9/00030_00021.ppm;9;0
9/00030_00022.ppm;9;0
9/00030_00023.ppm;9;0
9/00030_00024.ppm;9;0
9/00030_00025.ppm;9;0
9/00030_00026.ppm;9;0
9/00030_00027.ppm;9;0
9/00030_00028.ppm;9;0
9/00030_00029.ppm;9;0
9/00031_00000.ppm;9;0
9/00031_00001.ppm;9;0
9/00031_00002.ppm;9;0
9/00031_00003.ppm;9;0
9/00031_00004.ppm;9;0
9/00031_00005.ppm;9;0
9/00031_00006.ppm;9;0
9/00031_00007.ppm;9;0
9/00031_00008.ppm;9;0
9/00031_00009.ppm;9;0
9/00031_00010.ppm;9;0
9/00031_00011.ppm;9;0
9/00031_00012.ppm;9;0
9/00031_00013.ppm;9;0
9/00031_00014.ppm;9;0
9/00031_00015.ppm;9;0
9/00031_00016.ppm;9;0
9/00031_00017.ppm;9;0
9/00031_00018.ppm;9;0
9/00031_00019.ppm;9;0
9/00031_00020.ppm;9;0
9/00031_00021.ppm;9;0
9/00031_00022.ppm;9;0
9/00031_00023.ppm;9;0
9/00031_00024.ppm;9;0
9/00031_00025.ppm;9;0
9/00031_00026.ppm;9;0
9/00031_00027.ppm;9;0
9/00031_00028.ppm;9;0
9/00031_00029.ppm;9;0
9/00032_00000.ppm;9;0
9/00032_00001.ppm;9;0
9/00032_00002.ppm;9;0
9/00032_00003.ppm;9;0
9/00032_00004.ppm;9;0
9/00032_00005.ppm;9;0
9/00032_00006.ppm;9;0
9/00032_00007.ppm;9;0
9/00032_00008.ppm;9;0
9/00032_00009.ppm;9;0
9/00032_00010.ppm;9;0
9/00032_00011.ppm;9;0
9/00032_00012.ppm;9;0
9/00032_00013.ppm;9;0
9/00032_00014.ppm;9;0
9/00032_00015.ppm;9;0
9/00032_00016.ppm;9;0
9/00032_00017.ppm;9;0
9/00032_00018.ppm;9;0
9/00032_00019.ppm;9;0
9/00032_00020.ppm;9;0
9/00032_00021.ppm;9;0
9/00032_00022.ppm;9;0
9/00032_00023.ppm;9;0
9/00032_00024.ppm;9;0
9/00032_00025.ppm;9;0
9/00032_00026.ppm;9;0
9/00032_00027.ppm;9;0
9/00032_00028.ppm;9;0
9/00032_00029.ppm;9;0
10/00000_00000.ppm;10;0
10/00000_00001.ppm;10;0
10/00000_00002.ppm;10;0
10/00000_00003.ppm;10;0
10/00000_00004.ppm;10;0
10/00000_00005.ppm;10;0
10/00000_00006.ppm;10;0
10/00000_00007.ppm;10;0
10/00000_00008.ppm;10;0
10/00000_00009.ppm;10;0
10/00000_00010.ppm;10;0
10/00000_00011.ppm;10;0
10/00000_00012.ppm;10;0
10/00000_00013.ppm;10;0
10/00000_00014.ppm;10;0
10/00000_00015.ppm;10;0
10/00000_00016.ppm;10;0
10/00000_00017.ppm;10;0
10/00000_00018.ppm;10;0
10/00000_00019.ppm;10;0
10/00000_00020.ppm;10;0
10/00000_00021.ppm;10;0
10/00000_00022.ppm;10;0
10/00000_00023.ppm;10;0
10/00000_00024.ppm;10;0
10/00000_00025.ppm;10;0
10/00000_00026.ppm;10;0
10/00000_00027.ppm;10;0
10/00000_00028.ppm;10;0
10/00000_00029.ppm;10;0
10/00001_00000.ppm;10;0
10/00001_00001.ppm;10;0
10/00001_00002.ppm;10;0
10/00001_00003.ppm;10;0
10/00001_00004.ppm;10;0
10/00001_00005.ppm;10;0
10/00001_00006.ppm;10;0
10/00001_00007.ppm;10;0
10/00001_00008.ppm;10;0
10/00001_00009.ppm;10;0
10/00001_00010.ppm;10;0
10/00001_00011.ppm;10;0
10/00001_00012.ppm;10;0
10/00001_00013.ppm;10;0
10/00001_00014.ppm;10;0
10/00001_00015.ppm;10;0
10/00001_00016.ppm;10;0
10/00001_00017.ppm;10;0
10/00001_00018.ppm;10;0
10/00001_00019.ppm;10;0
10/00001_00020.ppm;10;0
10/00001_00021.ppm;10;0
10/00001_00022.ppm;10;0
10/00001_00023.ppm;10;0
10/00001_00024.ppm;10;0
10/00001_00025.ppm;10;0
10/00001_00026.ppm;10;0
10/00001_00027.ppm;10;0
10/00001_00028.ppm;10;0
10/00001_00029.ppm;10;0
10/00002_00000.ppm;10;0
10/00002_00001.ppm;10;0
10/00002_00002.ppm;10;0
10/00002_00003.ppm;10;0
10/00002_00004.ppm;10;0
10/00002_00005.ppm;10;0
10/00002_00006.ppm;10;0
10/00002_00007.ppm;10;0
10/00002_00008.ppm;10;0
10/00002_00009.ppm;10;0
10/00002_00010.ppm;10;0
10/00002_00011.ppm;10;0
10/00002_00012.ppm;10;0
10/00002_00013.ppm;10;0
10/00002_00014.ppm;10;0
10/00002_00015.ppm;10;0
10/00002_00016.ppm;10;0
10/00002_00017.ppm;10;0
10/00002_00018.ppm;10;0
10/00002_00019.ppm;10;0
10/00002_00020.ppm;10;0
10/00002_00021.ppm;10;0
10/00002_00022.ppm;10;0
10/00002_00023.ppm;10;0
10/00002_00024.ppm;10;0
10/00002_00025.ppm;10;0
10/00002_00026.ppm;10;0
10/00002_00027.ppm;10;0
10/00002_00028.ppm;10;0
10/00002_00029.ppm;10;0
10/00003_00000.ppm;10;0
10/00003_00001.ppm;10;0
10/00003_00002.ppm;10;0
10/00003_00003.ppm;10;0
10/00003_00004.ppm;10;0
10/00003_00005.ppm;10;0
10/00003_00006.ppm;10;0
10/00003_00007.ppm;10;0
10/00003_00008.ppm;10;0
10/00003_00009.ppm;10;0
10/00003_00010.ppm;10;0
10/00003_00011.ppm;10;0
10/00003_00012.ppm;10;0
10/00003_00013.ppm;10;0
10/00003_00014.ppm;10;0
10/00003_00015.ppm;10;0
10/00003_00016.ppm;10;0
10/00003_00017.ppm;10;0
10/00003_00018.ppm;10;0
10/00003_00019.ppm;10;0
10/00003_00020.ppm;10;0
10/00003_00021.ppm;10;0
10/00003_00022.ppm;10;0
10/00003_00023.ppm;10;0
10/00003_00024.ppm;10;0
10/00003_00025.ppm;10;0
10/00003_00026.ppm;10;0
10/00003_00027.ppm;10;0
10/00003_00028.ppm;10;0
10/00003_00029.ppm;10;0
10/00004_00000.ppm;10;0
10/00004_00001.ppm;10;0
10/00004_00002.ppm;10;0
10/00004_00003.ppm;10;0
10/00004_00004.ppm;10;0
10/00004_00005.ppm;10;0
10/00004_00006.ppm;10;0
10/00004_00007.ppm;10;0
10/00004_00008.ppm;10;0
10/00004_00009.ppm;10;0
10/00004_00010.ppm;10;0
10/00004_00011.ppm;10;0
10/00004_00012.ppm;10;0
10/00004_00013.ppm;10;0
10/00004_00014.ppm;10;0
10/00004_00015.ppm;10;0
10/00004_00016.ppm;10;0
10/00004_00017.ppm;10;0
10/00004_00018.ppm;10;0
10/00004_00019.ppm;10;0
10/00004_00020.ppm;10;0
10/00004_00021.ppm;10;0
10/00004_00022.ppm;10;0
10/00004_00023.ppm;10;0
10/00004_00024.ppm;10;0
10/00004_00025.ppm;10;0
10/00004_00026.ppm;10;0
10/00004_00027.ppm;10;0
10/00004_00028.ppm;10;0
10/00004_00029.ppm;10;0
10/00005_00000.ppm;10;0
10/00005_00001.ppm;10;0
10/00005_00002.ppm;10;0
10/00005_00003.ppm;10;0
10/00005_00004.ppm;10;0
10/00005_00005.ppm;10;0
10/00005_00006.ppm;10;0
10/00005_00007.ppm;10;0
10/00005_00008.ppm;10;0
10/00005_00009.ppm;10;0
10/00005_00010.ppm;10;0
10/00005_00011.ppm;10;0
10/00005_00012.ppm;10;0
10/00005_00013.ppm;10;0
10/00005_00014.ppm;10;0
10/00005_00015.ppm;10;0
10/00005_00016.ppm;10;0
10/00005_00017.ppm;10;0
10/00005_00018.ppm;10;0
10/00005_00019.ppm;10;0
10/00005_00020.ppm;10;0
10/00005_00021.ppm;10;0
10/00005_00022.ppm;10;0
10/00005_00023.ppm;10;0
10/00005_00024.ppm;10;0
10/00005_00025.ppm;10;0
10/00005_00026.ppm;10;0
10/00005_00027.ppm;10;0
10/00005_00028.ppm;10;0
10/00005_00029.ppm;10;0
10/00006_00000.ppm;10;0
10/00006_00001.ppm;10;0
10/00006_00002.ppm;10;0
10/00006_00003.ppm;10;0
10/00006_00004.ppm;10;0
10/00006_00005.ppm;10;0
10/00006_00006.ppm;10;0
10/00006_00007.ppm;10;0
10/00006_00008.ppm;10;0
10/00006_00009.ppm;10;0
10/00006_00010.ppm;10;0
10/00006_00011.ppm;10;0
10/00006_00012.ppm;10;0
10/00006_00013.ppm;10;0
10/00006_00014.ppm;10;0
10/00006_00015.ppm;10;0
10/00006_00016.ppm;10;0
10/00006_00017.ppm;10;0
10/00006_00018.ppm;10;0
10/00006_00019.ppm;10;0
10/00006_00020.ppm;10;0
10/00006_00021.ppm;10;0
10/00006_00022.ppm;10;0
10/00006_00023.ppm;10;0
10/00006_00024.ppm;10;0
10/00006_00025.ppm;10;0
10/00006_00026.ppm;10;0
10/00006_00027.ppm;10;0
10/00006_00028.ppm;10;0
10/00006_00029.ppm;10;0
10/00007_00000.ppm;10;0
10/00007_00001.ppm;10;0
10/00007_00002.ppm;10;0
10/00007_00003.ppm;10;0
10/00007_00004.ppm;10;0
10/00007_00005.ppm;10;0
10/00007_00006.ppm;10;0
10/00007_00007.ppm;10;0
10/00007_00008.ppm;10;0
10/00007_00009.ppm;10;0
10/00007_00010.ppm;10;0
10/00007_00011.ppm;10;0
10/00007_00012.ppm;10;0
10/00007_00013.ppm;10;0
10/00007_00014.ppm;10;0
10/00007_00015.ppm;10;0
10/00007_00016.ppm;10;0
10/00007_00017.ppm;10;0
10/00007_00018.ppm;10;0
10/00007_00019.ppm;10;0
10/00007_00020.ppm;10;0
10/00007_00021.ppm;10;0
10/00007_00022.ppm;10;0
10/00007_00023.ppm;10;0
10/00007_00024.ppm;10;0
10/00007_00025.ppm;10;0
10/00007_00026.ppm;10;0
10/00007_00027.ppm;10;0
10/00007_00028.ppm;10;0
10/00007_00029.ppm;10;0
10/00008_00000.ppm;10;0
10/00008_00001.ppm;10;0
10/00008_00002.ppm;10;0
10/00008_00003.ppm;10;0
10/00008_00004.ppm;10;0
10/00008_00005.ppm;10;0
10/00008_00006.ppm;10;0
10/00008_00007.ppm;10;0
10/00008_00008.ppm;10;0
10/00008_00009.ppm;10;0
10/00008_00010.ppm;10;0
10/00008_00011.ppm;10;0
10/00008_00012.ppm;10;0
10/00008_00013.ppm;10;0
10/00008_00014.ppm;10;0
10/00008_00015.ppm;10;0
10/00008_00016.ppm;10;0
10/00008_00017.ppm;10;0
10/00008_00018.ppm;10;0
10/00008_00019.ppm;10;0
10/00008_00020.ppm;10;0
10/00008_00021.ppm;10;0
10/00008_00022.ppm;10;0
10/00008_00023.ppm;10;0
10/00008_00024.ppm;10;0
10/00008_00025.ppm;10;0
10/00008_00026.ppm;10;0
10/00008_00027.ppm;10;0
10/00008_00028.ppm;10;0
10/00008_00029.ppm;10;0
10/00009_00000.ppm;10;0
10/00009_00001.ppm;10;0
10/00009_00002.ppm;10;0
10/00009_00003.ppm;10;0
10/00009_00004.ppm;10;0
10/00009_00005.ppm;10;0
10/00009_00006.ppm;10;0
10/00009_00007.ppm;10;0
10/00009_00008.ppm;10;0
10/00009_00009.ppm;10;0
10/00009_00010.ppm;10;0
10/00009_00011.ppm;10;0
10/00009_00012.ppm;10;0
10/00009_00013.ppm;10;0
10/00009_00014.ppm;10;0
10/00009_00015.ppm;10;0
10/00009_00016.ppm;10;0
10/00009_00017.ppm;10;0
10/00009_00018.ppm;10;0
10/00009_00019.ppm;10;0
10/00009_00020.ppm;10;0
10/00009_00021.ppm;10;0
10/00009_00022.ppm;10;0
10/00009_00023.ppm;10;0
10/00009_00024.ppm;10;0
10/00009_00025.ppm;10;0
10/00009_00026.ppm;10;0
10/00009_00027.ppm;10;0
10/00009_00028.ppm;10;0
10/00009_00029.ppm;10;0
10/00010_00000.ppm;10;0
10/00010_00001.ppm;10;0
10/00010_00002.ppm;10;0
10/00010_00003.ppm;10;0
10/00010_00004.ppm;10;0
10/00010_00005.ppm;10;0
10/00010_00006.ppm;10;0
10/00010_00007.ppm;10;0
10/00010_00008.ppm;10;0
10/00010_00009.ppm;10;0
10/00010_00010.ppm;10;0
10/00010_00011.ppm;10;0
10/00010_00012.ppm;10;0
10/00010_00013.ppm;10;0
10/00010_00014.ppm;10;0
10/00010_00015.ppm;10;0
10/00010_00016.ppm;10;0
10/00010_00017.ppm;10;0
10/00010_00018.ppm;10;0
10/00010_00019.ppm;10;0
10/00010_00020.ppm;10;0
10/00010_00021.ppm;10;0
10/00010_00022.ppm;10;0
10/00010_00023.ppm;10;0
10/00010_00024.ppm;10;0
10/00010_00025.ppm;10;0
10/00010_00026.ppm;10;0
10/00010_00027.ppm;10;0
10/00010_00028.ppm;10;0
10/00010_00029.ppm;10;0
10/00011_00000.ppm;10;0
10/00011_00001.ppm;10;0
10/00011_00002.ppm;10;0
10/00011_00003.ppm;10;0
10/00011_00004.ppm;10;0
10/00011_00005.ppm;10;0
10/00011_00006.ppm;10;0
10/00011_00007.ppm;10;0
10/00011_00008.ppm;10;0
10/00011_00009.ppm;10;0
10/00011_00010.ppm;10;0
10/00011_00011.ppm;10;0
10/00011_00012.ppm;10;0
10/00011_00013.ppm;10;0
10/00011_00014.ppm;10;0
10/00011_00015.ppm;10;0
10/00011_00016.ppm;10;0
10/00011_00017.ppm;10;0
10/00011_00018.ppm;10;0
10/00011_00019.ppm;10;0
10/00011_00020.ppm;10;0
10/00011_00021.ppm;10;0
10/00011_00022.ppm;10;0
10/00011_00023.ppm;10;0
10/00011_00024.ppm;10;0
10/00011_00025.ppm;10;0
10/00011_00026.ppm;10;0
10/00011_00027.ppm;10;0
10/00011_00028.ppm;10;0
10/00011_00029.ppm;10;0
10/00012_00000.ppm;10;0
10/00012_00001.ppm;10;0
10/00012_00002.ppm;10;0
10/00012_00003.ppm;10;0
10/00012_00004.ppm;10;0
10/00012_00005.ppm;10;0
10/00012_00006.ppm;10;0
10/00012_00007.ppm;10;0
10/00012_00008.ppm;10;0
10/00012_00009.ppm;10;0
10/00012_00010.ppm;10;0
10/00012_00011.ppm;10;0
10/00012_00012.ppm;10;0
10/00012_00013.ppm;10;0
10/00012_00014.ppm;10;0
10/00012_00015.ppm;10;0
10/00012_00016.ppm;10;0
10/00012_00017.ppm;10;0
10/00012_00018.ppm;10;0
10/00012_00019.ppm;10;0
10/00012_00020.ppm;10;0
10/00012_00021.ppm;10;0
10/00012_00022.ppm;10;0
10/00012_00023.ppm;10;0
10/00012_00024.ppm;10;0
10/00012_00025.ppm;10;0
10/00012_00026.ppm;10;0
10/00012_00027.ppm;10;0
10/00012_00028.ppm;10;0
10/00012_00029.ppm;10;0
10/00013_00000.ppm;10;0
10/00013_00001.ppm;10;0
10/00013_00002.ppm;10;0
10/00013_00003.ppm;10;0
10/00013_00004.ppm;10;0
10/00013_00005.ppm;10;0
10/00013_00006.ppm;10;0
10/00013_00007.ppm;10;0
10/00013_00008.ppm;10;0
10/00013_00009.ppm;10;0
10/00013_00010.ppm;10;0
10/00013_00011.ppm;10;0
10/00013_00012.ppm;10;0
10/00013_00013.ppm;10;0
10/00013_00014.ppm;10;0
10/00013_00015.ppm;10;0
10/00013_00016.ppm;10;0
10/00013_00017.ppm;10;0
10/00013_00018.ppm;10;0
10/00013_00019.ppm;10;0
10/00013_00020.ppm;10;0
10/00013_00021.ppm;10;0
10/00013_00022.ppm;10;0
10/00013_00023.ppm;10;0
10/00013_00024.ppm;10;0
10/00013_00025.ppm;10;0
10/00013_00026.ppm;10;0
10/00013_00027.ppm;10;0
10/00013_00028.ppm;10;0
10/00013_00029.ppm;10;0
10/00014_00000.ppm;10;0
10/00014_00001.ppm;10;0
10/00014_00002.ppm;10;0
10/00014_00003.ppm;10;0
10/00014_00004.ppm;10;0
10/00014_00005.ppm;10;0
10/00014_00006.ppm;10;0
10/00014_00007.ppm;10;0
10/00014_00008.ppm;10;0
10/00014_00009.ppm;10;0
10/00014_00010.ppm;10;0
10/00014_00011.ppm;10;0
10/00014_00012.ppm;10;0
10/00014_00013.ppm;10;0
10/00014_00014.ppm;10;0
10/00014_00015.ppm;10;0
10/00014_00016.ppm;10;0
10/00014_00017.ppm;10;0
10/00014_00018.ppm;10;0
10/00014_00019.ppm;10;0
10/00014_00020.ppm;10;0
10/00014_00021.ppm;10;0
10/00014_00022.ppm;10;0
10/00014_00023.ppm;10;0
10/00014_00024.ppm;10;0
10/00014_00025.ppm;10;0
10/00014_00026.ppm;10;0
10/00014_00027.ppm;10;0
10/00014_00028.ppm;10;0
10/00014_00029.ppm;10;0
10/00015_00000.ppm;10;0
10/00015_00001.ppm;10;0
10/00015_00002.ppm;10;0
10/00015_00003.ppm;10;0
10/00015_00004.ppm;10;0
10/00015_00005.ppm;10;0
10/00015_00006.ppm;10;0
10/00015_00007.ppm;10;0
10/00015_00008.ppm;10;0
10/00015_00009.ppm;10;0
10/00015_00010.ppm;10;0
10/00015_00011.ppm;10;0
10/00015_00012.ppm;10;0
10/00015_00013.ppm;10;0
10/00015_00014.ppm;10;0
10/00015_00015.ppm;10;0
10/00015_00016.ppm;10;0
10/00015_00017.ppm;10;0
10/00015_00018.ppm;10;0
10/00015_00019.ppm;10;0
10/00015_00020.ppm;10;0
10/00015_00021.ppm;10;0
10/00015_00022.ppm;10;0
10/00015_00023.ppm;10;0
10/00015_00024.ppm;10;0
10/00015_00025.ppm;10;0
10/00015_00026.ppm;10;0
10/00015_00027.ppm;10;0
10/00015_00028.ppm;10;0
10/00015_00029.ppm;10;0
10/00016_00000.ppm;10;0
10/00016_00001.ppm;10;0
10/00016_00002.ppm;10;0
10/00016_00003.ppm;10;0
10/00016_00004.ppm;10;0
10/00016_00005.ppm;10;0
10/00016_00006.ppm;10;0
10/00016_00007.ppm;10;0
10/00016_00008.ppm;10;0
10/00016_00009.ppm;10;0
10/00016_00010.ppm;10;0
10/00016_00011.ppm;10;0
10/00016_00012.ppm;10;0
10/00016_00013.ppm;10;0
10/00016_00014.ppm;10;0
10/00016_00015.ppm;10;0
10/00016_00016.ppm;10;0
10/00016_00017.ppm;10;0
10/00016_00018.ppm;10;0
10/00016_00019.ppm;10;0
10/00016_00020.ppm;10;0
10/00016_00021.ppm;10;0
10/00016_00022.ppm;10;0
10/00016_00023.ppm;10;0
10/00016_00024.ppm;10;0
10/00016_00025.ppm;10;0
10/00016_00026.ppm;10;0
10/00016_00027.ppm;10;0
10/00016_00028.ppm;10;0
10/00016_00029.ppm;10;0
10/00017_00000.ppm;10;0
10/00017_00001.ppm;10;0
10/00017_00002.ppm;10;0
10/00017_00003.ppm;10;0
10/00017_00004.ppm;10;0
10/00017_00005.ppm;10;0
10/00017_00006.ppm;10;0
10/00017_00007.ppm;10;0
10/00017_00008.ppm;10;0
10/00017_00009.ppm;10;0
10/00017_00010.ppm;10;0
10/00017_00011.ppm;10;0
10/00017_00012.ppm;10;0
10/00017_00013.ppm;10;0
10/00017_00014.ppm;10;0
10/00017_00015.ppm;10;0
10/00017_00016.ppm;10;0
10/00017_00017.ppm;10;0
10/00017_00018.ppm;10;0
10/00017_00019.ppm;10;0
10/00017_00020.ppm;10;0
10/00017_00021.ppm;10;0
10/00017_00022.ppm;10;0
10/00017_00023.ppm;10;0
10/00017_00024.ppm;10;0
10/00017_00025.ppm;10;0
10/00017_00026.ppm;10;0
10/00017_00027.ppm;10;0
10/00017_00028.ppm;10;0
10/00017_00029.ppm;10;0
10/00018_00000.ppm;10;0
10/00018_00001.ppm;10;0
10/00018_00002.ppm;10;0
10/00018_00003.ppm;10;0
10/00018_00004.ppm;10;0
10/00018_00005.ppm;10;0
10/00018_00006.ppm;10;0
10/00018_00007.ppm;10;0
10/00018_00008.ppm;10;0
10/00018_00009.ppm;10;0
10/00018_00010.ppm;10;0
10/00018_00011.ppm;10;0
10/00018_00012.ppm;10;0
10/00018_00013.ppm;10;0
10/00018_00014.ppm;10;0
10/00018_00015.ppm;10;0
10/00018_00016.ppm;10;0
10/00018_00017.ppm;10;0
10/00018_00018.ppm;10;0
10/00018_00019.ppm;10;0
10/00018_00020.ppm;10;0
10/00018_00021.ppm;10;0
10/00018_00022.ppm;10;0
10/00018_00023.ppm;10;0
10/00018_00024.ppm;10;0
10/00018_00025.ppm;10;0
10/00018_00026.ppm;10;0
10/00018_00027.ppm;10;0
10/00018_00028.ppm;10;0
10/00018_00029.ppm;10;0
10/00019_00000.ppm;10;0
10/00019_00001.ppm;10;0
10/00019_00002.ppm;10;0
10/00019_00003.ppm;10;0
10/00019_00004.ppm;10;0
10/00019_00005.ppm;10;0
10/00019_00006.ppm;10;0
10/00019_00007.ppm;10;0
10/00019_00008.ppm;10;0
10/00019_00009.ppm;10;0
10/00019_00010.ppm;10;0
10/00019_00011.ppm;10;0
10/00019_00012.ppm;10;0
10/00019_00013.ppm;10;0
10/00019_00014.ppm;10;0
10/00019_00015.ppm;10;0
10/00019_00016.ppm;10;0
10/00019_00017.ppm;10;0
10/00019_00018.ppm;10;0
10/00019_00019.ppm;10;0
10/00019_00020.ppm;10;0
10/00019_00021.ppm;10;0
10/00019_00022.ppm;10;0
10/00019_00023.ppm;10;0
10/00019_00024.ppm;10;0
10/00019_00025.ppm;10;0
10/00019_00026.ppm;10;0
10/00019_00027.ppm;10;0
10/00019_00028.ppm;10;0
10/00019_00029.ppm;10;0
10/00020_00000.ppm;10;0
10/00020_00001.ppm;10;0
10/00020_00002.ppm;10;0
10/00020_00003.ppm;10;0
10/00020_00004.ppm;10;0
10/00020_00005.ppm;10;0
10/00020_00006.ppm;10;0
10/00020_00007.ppm;10;0
10/00020_00008.ppm;10;0
10/00020_00009.ppm;10;0
10/00020_00010.ppm;10;0
10/00020_00011.ppm;10;0
10/00020_00012.ppm;10;0
10/00020_00013.ppm;10;0
10/00020_00014.ppm;10;0
10/00020_00015.ppm;10;0
10/00020_00016.ppm;10;0
10/00020_00017.ppm;10;0
10/00020_00018.ppm;10;0
10/00020_00019.ppm;10;0
10/00020_00020.ppm;10;0
10/00020_00021.ppm;10;0
10/00020_00022.ppm;10;0
10/00020_00023.ppm;10;0
10/00020_00024.ppm;10;0
10/00020_00025.ppm;10;0
10/00020_00026.ppm;10;0
10/00020_00027.ppm;10;0
10/00020_00028.ppm;10;0
10/00020_00029.ppm;10;0
10/00021_00000.ppm;10;0
10/00021_00001.ppm;10;0
10/00021_00002.ppm;10;0
10/00021_00003.ppm;10;0
10/00021_00004.ppm;10;0
10/00021_00005.ppm;10;0
10/00021_00006.ppm;10;0
10/00021_00007.ppm;10;0
10/00021_00008.ppm;10;0
10/00021_00009.ppm;10;0
10/00021_00010.ppm;10;0
10/00021_00011.ppm;10;0
10/00021_00012.ppm;10;0
10/00021_00013.ppm;10;0
10/00021_00014.ppm;10;0
10/00021_00015.ppm;10;0
10/00021_00016.ppm;10;0
10/00021_00017.ppm;10;0
10/00021_00018.ppm;10;0
10/00021_00019.ppm;10;0
10/00021_00020.ppm;10;0
10/00021_00021.ppm;10;0
10/00021_00022.ppm;10;0
10/00021_00023.ppm;10;0
10/00021_00024.ppm;10;0
10/00021_00025.ppm;10;0
10/00021_00026.ppm;10;0
10/00021_00027.ppm;10;0
10/00021_00028.ppm;10;0
10/00021_00029.ppm;10;0
10/00022_00000.ppm;10;0
10/00022_00001.ppm;10;0
10/00022_00002.ppm;10;0
10/00022_00003.ppm;10;0
10/00022_00004.ppm;10;0
10/00022_00005.ppm;10;0
10/00022_00006.ppm;10;0
10/00022_00007.ppm;10;0
10/00022_00008.ppm;10;0
10/00022_00009.ppm;10;0
10/00022_00010.ppm;10;0
10/00022_00011.ppm;10;0
10/00022_00012.ppm;10;0
10/00022_00013.ppm;10;0
10/00022_00014.ppm;10;0
10/00022_00015.ppm;10;0
10/00022_00016.ppm;10;0
10/00022_00017.ppm;10;0
10/00022_00018.ppm;10;0
10/00022_00019.ppm;10;0
10/00022_00020.ppm;10;0
10/00022_00021.ppm;10;0
10/00022_00022.ppm;10;0
10/00022_00023.ppm;10;0
10/00022_00024.ppm;10;0
10/00022_00025.ppm;10;0
10/00022_00026.ppm;10;0
10/00022_00027.ppm;10;0
10/00022_00028.ppm;10;0
10/00022_00029.ppm;10;0
10/00023_00000.ppm;10;0
10/00023_00001.ppm;10;0
10/00023_00002.ppm;10;0
10/00023_00003.ppm;10;0
10/00023_00004.ppm;10;0
10/00023_00005.ppm;10;0
10/00023_00006.ppm;10;0
10/00023_00007.ppm;10;0
10/00023_00008.ppm;10;0
10/00023_00009.ppm;10;0
10/00023_00010.ppm;10;0
10/00023_00011.ppm;10;0
10/00023_00012.ppm;10;0
10/00023_00013.ppm;10;0
10/00023_00014.ppm;10;0
10/00023_00015.ppm;10;0
10/00023_00016.ppm;10;0
10/00023_00017.ppm;10;0
10/00023_00018.ppm;10;0
10/00023_00019.ppm;10;0
10/00023_00020.ppm;10;0
10/00023_00021.ppm;10;0
10/00023_00022.ppm;10;0
10/00023_00023.ppm;10;0
10/00023_00024.ppm;10;0
10/00023_00025.ppm;10;0
10/00023_00026.ppm;10;0
10/00023_00027.ppm;10;0
10/00023_00028.ppm;10;0
10/00023_00029.ppm;10;0
10/00024_00000.ppm;10;0
10/00024_00001.ppm;10;0
10/00024_00002.ppm;10;0
10/00024_00003.ppm;10;0
10/00024_00004.ppm;10;0
10/00024_00005.ppm;10;0
10/00024_00006.ppm;10;0
10/00024_00007.ppm;10;0
10/00024_00008.ppm;10;0
10/00024_00009.ppm;10;0
10/00024_00010.ppm;10;0
10/00024_00011.ppm;10;0
10/00024_00012.ppm;10;0
10/00024_00013.ppm;10;0
10/00024_00014.ppm;10;0
10/00024_00015.ppm;10;0
10/00024_00016.ppm;10;0
10/00024_00017.ppm;10;0
10/00024_00018.ppm;10;0
10/00024_00019.ppm;10;0
10/00024_00020.ppm;10;0
10/00024_00021.ppm;10;0
10/00024_00022.ppm;10;0
10/00024_00023.ppm;10;0
10/00024_00024.ppm;10;0
10/00024_00025.ppm;10;0
10/00024_00026.ppm;10;0
10/00024_00027.ppm;10;0
10/00024_00028.ppm;10;0
10/00024_00029.ppm;10;0
10/00025_00000.ppm;10;0
10/00025_00001.ppm;10;0
10/00025_00002.ppm;10;0
10/00025_00003.ppm;10;0
10/00025_00004.ppm;10;0
10/00025_00005.ppm;10;0
10/00025_00006.ppm;10;0
10/00025_00007.ppm;10;0
10/00025_00008.ppm;10;0
10/00025_00009.ppm;10;0
10/00025_00010.ppm;10;0
10/00025_00011.ppm;10;0
10/00025_00012.ppm;10;0
10/00025_00013.ppm;10;0
10/00025_00014.ppm;10;0
10/00025_00015.ppm;10;0
10/00025_00016.ppm;10;0
10/00025_00017.ppm;10;0
10/00025_00018.ppm;10;0
10/00025_00019.ppm;10;0
10/00025_00020.ppm;10;0
10/00025_00021.ppm;10;0
10/00025_00022.ppm;10;0
10/00025_00023.ppm;10;0
10/00025_00024.ppm;10;0
10/00025_00025.ppm;10;0
10/00025_00026.ppm;10;0
10/00025_00027.ppm;10;0
10/00025_00028.ppm;10;0
10/00025_00029.ppm;10;0
10/00026_00000.ppm;10;0
10/00026_00001.ppm;10;0
10/00026_00002.ppm;10;0
10/00026_00003.ppm;10;0
10/00026_00004.ppm;10;0
10/00026_00005.ppm;10;0
10/00026_00006.ppm;10;0
10/00026_00007.ppm;10;0
10/00026_00008.ppm;10;0
10/00026_00009.ppm;10;0
10/00026_00010.ppm;10;0
10/00026_00011.ppm;10;0
10/00026_00012.ppm;10;0
10/00026_00013.ppm;10;0
10/00026_00014.ppm;10;0
10/00026_00015.ppm;10;0
10/00026_00016.ppm;10;0
10/00026_00017.ppm;10;0
10/00026_00018.ppm;10;0
10/00026_00019.ppm;10;0
10/00026_00020.ppm;10;0
10/00026_00021.ppm;10;0
10/00026_00022.ppm;10;0
10/00026_00023.ppm;10;0
10/00026_00024.ppm;10;0
10/00026_00025.ppm;10;0
10/00026_00026.ppm;10;0
10/00026_00027.ppm;10;0
10/00026_00028.ppm;10;0
10/00026_00029.ppm;10;0
10/00027_00000.ppm;10;0
10/00027_00001.ppm;10;0
10/00027_00002.ppm;10;0
10/00027_00003.ppm;10;0
10/00027_00004.ppm;10;0
10/00027_00005.ppm;10;0
10/00027_00006.ppm;10;0
10/00027_00007.ppm;10;0
10/00027_00008.ppm;10;0
10/00027_00009.ppm;10;0
10/00027_00010.ppm;10;0
10/00027_00011.ppm;10;0
10/00027_00012.ppm;10;0
10/00027_00013.ppm;10;0
10/00027_00014.ppm;10;0
10/00027_00015.ppm;10;0
10/00027_00016.ppm;10;0
10/00027_00017.ppm;10;0
10/00027_00018.ppm;10;0
10/00027_00019.ppm;10;0
10/00027_00020.ppm;10;0
10/00027_00021.ppm;10;0
10/00027_00022.ppm;10;0
10/00027_00023.ppm;10;0
10/00027_00024.ppm;10;0
10/00027_00025.ppm;10;0
10/00027_00026.ppm;10;0
10/00027_00027.ppm;10;0
10/00027_00028.ppm;10;0
10/00027_00029.ppm;10;0
10/00028_00000.ppm;10;0
10/00028_00001.ppm;10;0
10/00028_00002.ppm;10;0
10/00028_00003.ppm;10;0
10/00028_00004.ppm;10;0
10/00028_00005.ppm;10;0
10/00028_00006.ppm;10;0
10/00028_00007.ppm;10;0
10/00028_00008.ppm;10;0
10/00028_00009.ppm;10;0
10/00028_00010.ppm;10;0
10/00028_00011.ppm;10;0
10/00028_00012.ppm;10;0
10/00028_00013.ppm;10;0
10/00028_00014.ppm;10;0
10/00028_00015.ppm;10;0
10/00028_00016.ppm;10;0
10/00028_00017.ppm;10;0
10/00028_00018.ppm;10;0
10/00028_00019.ppm;10;0
10/00028_00020.ppm;10;0
10/00028_00021.ppm;10;0
10/00028_00022.ppm;10;0
10/00028_00023.ppm;10;0
10/00028_00024.ppm;10;0
10/00028_00025.ppm;10;0
10/00028_00026.ppm;10;0
10/00028_00027.ppm;10;0
10/00028_00028.ppm;10;0
10/00028_00029.ppm;10;0
10/00029_00000.ppm;10;0
10/00029_00001.ppm;10;0
10/00029_00002.ppm;10;0
10/00029_00003.ppm;10;0
10/00029_00004.ppm;10;0
10/00029_00005.ppm;10;0
10/00029_00006.ppm;10;0
10/00029_00007.ppm;10;0
10/00029_00008.ppm;10;0
10/00029_00009.ppm;10;0
10/00029_00010.ppm;10;0
10/00029_00011.ppm;10;0
10/00029_00012.ppm;10;0
10/00029_00013.ppm;10;0
10/00029_00014.ppm;10;0
10/00029_00015.ppm;10;0
10/00029_00016.ppm;10;0
10/00029_00017.ppm;10;0
10/00029_00018.ppm;10;0
10/00029_00019.ppm;10;0
10/00029_00020.ppm;10;0
10/00029_00021.ppm;10;0
10/00029_00022.ppm;10;0
10/00029_00023.ppm;10;0
10/00029_00024.ppm;10;0
10/00029_00025.ppm;10;0
10/00029_00026.ppm;10;0
10/00029_00027.ppm;10;0
10/00029_00028.ppm;10;0
10/00029_00029.ppm;10;0
10/00030_00000.ppm;10;0
10/00030_00001.ppm;10;0
10/00030_00002.ppm;10;0
10/00030_00003.ppm;10;0
10/00030_00004.ppm;10;0
10/00030_00005.ppm;10;0
10/00030_00006.ppm;10;0
10/00030_00007.ppm;10;0
10/00030_00008.ppm;10;0
10/00030_00009.ppm;10;0
10/00030_00010.ppm;10;0
10/00030_00011.ppm;10;0
10/00030_00012.ppm;10;0
10/00030_00013.ppm;10;0
10/00030_00014.ppm;10;0
10/00030_00015.ppm;10;0
10/00030_00016.ppm;10;0
10/00030_00017.ppm;10;0
10/00030_00018.ppm;10;0
10/00030_00019.ppm;10;0
10/00030_00020.ppm;10;0
10/00030_00021.ppm;10;0
10/00030_00022.ppm;10;0
10/00030_00023.ppm;10;0
10/00030_00024.ppm;10;0
10/00030_00025.ppm;10;0
10/00030_00026.ppm;10;0
10/00030_00027.ppm;10;0
10/00030_00028.ppm;10;0
10/00030_00029.ppm;10;0
10/00031_00000.ppm;10;0
10/00031_00001.ppm;10;0
10/00031_00002.ppm;10;0
10/00031_00003.ppm;10;0
10/00031_00004.ppm;10;0
10/00031_00005.ppm;10;0
10/00031_00006.ppm;10;0
10/00031_00007.ppm;10;0
10/00031_00008.ppm;10;0
10/00031_00009.ppm;10;0
10/00031_00010.ppm;10;0
10/00031_00011.ppm;10;0
10/00031_00012.ppm;10;0
10/00031_00013.ppm;10;0
10/00031_00014.ppm;10;0
10/00031_00015.ppm;10;0
10/00031_00016.ppm;10;0
10/00031_00017.ppm;10;0
10/00031_00018.ppm;10;0
10/00031_00019.ppm;10;0
10/00031_00020.ppm;10;0
10/00031_00021.ppm;10;0
10/00031_00022.ppm;10;0
10/00031_00023.ppm;10;0
10/00031_00024.ppm;10;0
10/00031_00025.ppm;10;0
10/00031_00026.ppm;10;0
10/00031_00027.ppm;10;0
10/00031_00028.ppm;10;0
10/00031_00029.ppm;10;0
10/00032_00000.ppm;10;0
10/00032_00001.ppm;10;0
10/00032_00002.ppm;10;0
10/00032_00003.ppm;10;0
10/00032_00004.ppm;10;0
10/00032_00005.ppm;10;0
10/00032_00006.ppm;10;0
10/00032_00007.ppm;10;0
10/00032_00008.ppm;10;0
10/00032_00009.ppm;10;0
10/00032_00010.ppm;10;0
10/00032_00011.ppm;10;0
10/00032_00012.ppm;10;0
10/00032_00013.ppm;10;0
10/00032_00014.ppm;10;0
10/00032_00015.ppm;10;0
10/00032_00016.ppm;10;0
10/00032_00017.ppm;10;0
10/00032_00018.ppm;10;0
10/00032_00019.ppm;10;0
10/00032_00020.ppm;10;0
10/00032_00021.ppm;10;0
10/00032_00022.ppm;10;0
10/00032_00023.ppm;10;0
10/00032_00024.ppm;10;0
10/00032_00025.ppm;10;0
10/00032_00026.ppm;10;0
10/00032_00027.ppm;10;0
10/00032_00028.ppm;10;0
10/00032_00029.ppm;10;0
10/00033_00000.ppm;10;0
10/00033_00001.ppm;10;0
10/00033_00002.ppm;10;0
10/00033_00003.ppm;10;0
10/00033_00004.ppm;10;0
10/00033_00005.ppm;10;0
10/00033_00006.ppm;10;0
10/00033_00007.ppm;10;0
10/00033_00008.ppm;10;0
10/00033_00009.ppm;10;0
10/00033_00010.ppm;10;0
10/00033_00011.ppm;10;0
10/00033_00012.ppm;10;0
10/00033_00013.ppm;10;0
10/00033_00014.ppm;10;0
10/00033_00015.ppm;10;0
10/00033_00016.ppm;10;0
10/00033_00017.ppm;10;0
10/00033_00018.ppm;10;0
10/00033_00019.ppm;10;0
10/00033_00020.ppm;10;0
10/00033_00021.ppm;10;0
10/00033_00022.ppm;10;0
10/00033_00023.ppm;10;0
10/00033_00024.ppm;10;0
10/00033_00025.ppm;10;0
10/00033_00026.ppm;10;0
10/00033_00027.ppm;10;0
10/00033_00028.ppm;10;0
10/00033_00029.ppm;10;0
10/00034_00000.ppm;10;0
10/00034_00001.ppm;10;0
10/00034_00002.ppm;10;0
10/00034_00003.ppm;10;0
10/00034_00004.ppm;10;0
10/00034_00005.ppm;10;0
10/00034_00006.ppm;10;0
10/00034_00007.ppm;10;0
10/00034_00008.ppm;10;0
10/00034_00009.ppm;10;0
10/00034_00010.ppm;10;0
10/00034_00011.ppm;10;0
10/00034_00012.ppm;10;0
10/00034_00013.ppm;10;0
10/00034_00014.ppm;10;0
10/00034_00015.ppm;10;0
10/00034_00016.ppm;10;0
10/00034_00017.ppm;10;0
10/00034_00018.ppm;10;0
10/00034_00019.ppm;10;0
10/00034_00020.ppm;10;0
10/00034_00021.ppm;10;0
10/00034_00022.ppm;10;0
10/00034_00023.ppm;10;0
10/00034_00024.ppm;10;0
10/00034_00025.ppm;10;0
10/00034_00026.ppm;10;0
10/00034_00027.ppm;10;0
10/00034_00028.ppm;10;0
10/00034_00029.ppm;10;0
10/00035_00000.ppm;10;0
10/00035_00001.ppm;10;0
10/00035_00002.ppm;10;0
10/00035_00003.ppm;10;0
10/00035_00004.ppm;10;0
10/00035_00005.ppm;10;0
10/00035_00006.ppm;10;0
10/00035_00007.ppm;10;0
10/00035_00008.ppm;10;0
10/00035_00009.ppm;10;0
10/00035_00010.ppm;10;0
10/00035_00011.ppm;10;0
10/00035_00012.ppm;10;0
10/00035_00013.ppm;10;0
10/00035_00014.ppm;10;0
10/00035_00015.ppm;10;0
10/00035_00016.ppm;10;0
10/00035_00017.ppm;10;0
10/00035_00018.ppm;10;0
10/00035_00019.ppm;10;0
10/00035_00020.ppm;10;0
10/00035_00021.ppm;10;0
10/00035_00022.ppm;10;0
10/00035_00023.ppm;10;0
10/00035_00024.ppm;10;0
10/00035_00025.ppm;10;0
10/00035_00026.ppm;10;0
10/00035_00027.ppm;10;0
10/00035_00028.ppm;10;0
10/00035_00029.ppm;10;0
10/00036_00000.ppm;10;0
10/00036_00001.ppm;10;0
10/00036_00002.ppm;10;0
10/00036_00003.ppm;10;0
10/00036_00004.ppm;10;0
10/00036_00005.ppm;10;0
10/00036_00006.ppm;10;0
10/00036_00007.ppm;10;0
10/00036_00008.ppm;10;0
10/00036_00009.ppm;10;0
10/00036_00010.ppm;10;0
10/00036_00011.ppm;10;0
10/00036_00012.ppm;10;0
10/00036_00013.ppm;10;0
10/00036_00014.ppm;10;0
10/00036_00015.ppm;10;0
10/00036_00016.ppm;10;0
10/00036_00017.ppm;10;0
10/00036_00018.ppm;10;0
10/00036_00019.ppm;10;0
10/00036_00020.ppm;10;0
10/00036_00021.ppm;10;0
10/00036_00022.ppm;10;0
10/00036_00023.ppm;10;0
10/00036_00024.ppm;10;0
10/00036_00025.ppm;10;0
10/00036_00026.ppm;10;0
10/00036_00027.ppm;10;0
10/00036_00028.ppm;10;0
10/00036_00029.ppm;10;0
10/00037_00000.ppm;10;0
10/00037_00001.ppm;10;0
10/00037_00002.ppm;10;0
10/00037_00003.ppm;10;0
10/00037_00004.ppm;10;0
10/00037_00005.ppm;10;0
10/00037_00006.ppm;10;0
10/00037_00007.ppm;10;0
10/00037_00008.ppm;10;0
10/00037_00009.ppm;10;0
10/00037_00010.ppm;10;0
10/00037_00011.ppm;10;0
10/00037_00012.ppm;10;0
10/00037_00013.ppm;10;0
10/00037_00014.ppm;10;0
10/00037_00015.ppm;10;0
10/00037_00016.ppm;10;0
10/00037_00017.ppm;10;0
10/00037_00018.ppm;10;0
10/00037_00019.ppm;10;0
10/00037_00020.ppm;10;0
10/00037_00021.ppm;10;0
10/00037_00022.ppm;10;0
10/00037_00023.ppm;10;0
10/00037_00024.ppm;10;0
10/00037_00025.ppm;10;0
10/00037_00026.ppm;10;0
10/00037_00027.ppm;10;0
10/00037_00028.ppm;10;0
10/00037_00029.ppm;10;0
10/00038_00000.ppm;10;0
10/00038_00001.ppm;10;0
10/00038_00002.ppm;10;0
10/00038_00003.ppm;10;0
10/00038_00004.ppm;10;0
10/00038_00005.ppm;10;0
10/00038_00006.ppm;10;0
10/00038_00007.ppm;10;0
10/00038_00008.ppm;10;0
10/00038_00009.ppm;10;0
10/00038_00010.ppm;10;0
10/00038_00011.ppm;10;0
10/00038_00012.ppm;10;0
10/00038_00013.ppm;10;0
10/00038_00014.ppm;10;0
10/00038_00015.ppm;10;0
10/00038_00016.ppm;10;0
10/00038_00017.ppm;10;0
10/00038_00018.ppm;10;0
10/00038_00019.ppm;10;0
10/00038_00020.ppm;10;0
10/00038_00021.ppm;10;0
10/00038_00022.ppm;10;0
10/00038_00023.ppm;10;0
10/00038_00024.ppm;10;0
10/00038_00025.ppm;10;0
10/00038_00026.ppm;10;0
10/00038_00027.ppm;10;0
10/00038_00028.ppm;10;0
10/00038_00029.ppm;10;0
10/00039_00000.ppm;10;0
10/00039_00001.ppm;10;0
10/00039_00002.ppm;10;0
10/00039_00003.ppm;10;0
10/00039_00004.ppm;10;0
10/00039_00005.ppm;10;0
10/00039_00006.ppm;10;0
10/00039_00007.ppm;10;0
10/00039_00008.ppm;10;0
10/00039_00009.ppm;10;0
10/00039_00010.ppm;10;0
10/00039_00011.ppm;10;0
10/00039_00012.ppm;10;0
10/00039_00013.ppm;10;0
10/00039_00014.ppm;10;0
10/00039_00015.ppm;10;0
10/00039_00016.ppm;10;0
10/00039_00017.ppm;10;0
10/00039_00018.ppm;10;0
10/00039_00019.ppm;10;0
10/00039_00020.ppm;10;0
10/00039_00021.ppm;10;0
10/00039_00022.ppm;10;0
10/00039_00023.ppm;10;0
10/00039_00024.ppm;10;0
10/00039_00025.ppm;10;0
10/00039_00026.ppm;10;0
10/00039_00027.ppm;10;0
10/00039_00028.ppm;10;0
10/00039_00029.ppm;10;0
10/00040_00000.ppm;10;0
10/00040_00001.ppm;10;0
10/00040_00002.ppm;10;0
10/00040_00003.ppm;10;0
10/00040_00004.ppm;10;0
10/00040_00005.ppm;10;0
10/00040_00006.ppm;10;0
10/00040_00007.ppm;10;0
10/00040_00008.ppm;10;0
10/00040_00009.ppm;10;0
10/00040_00010.ppm;10;0
10/00040_00011.ppm;10;0
10/00040_00012.ppm;10;0
10/00040_00013.ppm;10;0
10/00040_00014.ppm;10;0
10/00040_00015.ppm;10;0
10/00040_00016.ppm;10;0
10/00040_00017.ppm;10;0
10/00040_00018.ppm;10;0
10/00040_00019.ppm;10;0
10/00040_00020.ppm;10;0
10/00040_00021.ppm;10;0
10/00040_00022.ppm;10;0
10/00040_00023.ppm;10;0
10/00040_00024.ppm;10;0
10/00040_00025.ppm;10;0
10/00040_00026.ppm;10;0
10/00040_00027.ppm;10;0
10/00040_00028.ppm;10;0
10/00040_00029.ppm;10;0
10/00041_00000.ppm;10;0
10/00041_00001.ppm;10;0
10/00041_00002.ppm;10;0
10/00041_00003.ppm;10;0
10/00041_00004.ppm;10;0
10/00041_00005.ppm;10;0
10/00041_00006.ppm;10;0
10/00041_00007.ppm;10;0
10/00041_00008.ppm;10;0
10/00041_00009.ppm;10;0
10/00041_00010.ppm;10;0
10/00041_00011.ppm;10;0
10/00041_00012.ppm;10;0
10/00041_00013.ppm;10;0
10/00041_00014.ppm;10;0
10/00041_00015.ppm;10;0
10/00041_00016.ppm;10;0
10/00041_00017.ppm;10;0
10/00041_00018.ppm;10;0
10/00041_00019.ppm;10;0
10/00041_00020.ppm;10;0
10/00041_00021.ppm;10;0
10/00041_00022.ppm;10;0
10/00041_00023.ppm;10;0
10/00041_00024.ppm;10;0
10/00041_00025.ppm;10;0
10/00041_00026.ppm;10;0
10/00041_00027.ppm;10;0
10/00041_00028.ppm;10;0
10/00041_00029.ppm;10;0
10/00042_00000.ppm;10;0
10/00042_00001.ppm;10;0
10/00042_00002.ppm;10;0
10/00042_00003.ppm;10;0
10/00042_00004.ppm;10;0
10/00042_00005.ppm;10;0
10/00042_00006.ppm;10;0
10/00042_00007.ppm;10;0
10/00042_00008.ppm;10;0
10/00042_00009.ppm;10;0
10/00042_00010.ppm;10;0
10/00042_00011.ppm;10;0
10/00042_00012.ppm;10;0
10/00042_00013.ppm;10;0
10/00042_00014.ppm;10;0
10/00042_00015.ppm;10;0
10/00042_00016.ppm;10;0
10/00042_00017.ppm;10;0
10/00042_00018.ppm;10;0
10/00042_00019.ppm;10;0
10/00042_00020.ppm;10;0
10/00042_00021.ppm;10;0
10/00042_00022.ppm;10;0
10/00042_00023.ppm;10;0
10/00042_00024.ppm;10;0
10/00042_00025.ppm;10;0
10/00042_00026.ppm;10;0
10/00042_00027.ppm;10;0
10/00042_00028.ppm;10;0
10/00042_00029.ppm;10;0
10/00043_00000.ppm;10;0
10/00043_00001.ppm;10;0
10/00043_00002.ppm;10;0
10/00043_00003.ppm;10;0
10/00043_00004.ppm;10;0
10/00043_00005.ppm;10;0
10/00043_00006.ppm;10;0
10/00043_00007.ppm;10;0
10/00043_00008.ppm;10;0
10/00043_00009.ppm;10;0
10/00043_00010.ppm;10;0
10/00043_00011.ppm;10;0
10/00043_00012.ppm;10;0
10/00043_00013.ppm;10;0
10/00043_00014.ppm;10;0
10/00043_00015.ppm;10;0
10/00043_00016.ppm;10;0
10/00043_00017.ppm;10;0
10/00043_00018.ppm;10;0
10/00043_00019.ppm;10;0
10/00043_00020.ppm;10;0
10/00043_00021.ppm;10;0
10/00043_00022.ppm;10;0
10/00043_00023.ppm;10;0
10/00043_00024.ppm;10;0
10/00043_00025.ppm;10;0
10/00043_00026.ppm;10;0
10/00043_00027.ppm;10;0
10/00043_00028.ppm;10;0
10/00043_00029.ppm;10;0
10/00044_00000.ppm;10;0
10/00044_00001.ppm;10;0
10/00044_00002.ppm;10;0
10/00044_00003.ppm;10;0
10/00044_00004.ppm;10;0
10/00044_00005.ppm;10;0
10/00044_00006.ppm;10;0
10/00044_00007.ppm;10;0
10/00044_00008.ppm;10;0
10/00044_00009.ppm;10;0
10/00044_00010.ppm;10;0
10/00044_00011.ppm;10;0
10/00044_00012.ppm;10;0
10/00044_00013.ppm;10;0
10/00044_00014.ppm;10;0
10/00044_00015.ppm;10;0
10/00044_00016.ppm;10;0
10/00044_00017.ppm;10;0
10/00044_00018.ppm;10;0
10/00044_00019.ppm;10;0
10/00044_00020.ppm;10;0
10/00044_00021.ppm;10;0
10/00044_00022.ppm;10;0
10/00044_00023.ppm;10;0
10/00044_00024.ppm;10;0
10/00044_00025.ppm;10;0
10/00044_00026.ppm;10;0
10/00044_00027.ppm;10;0
10/00044_00028.ppm;10;0
10/00044_00029.ppm;10;0
11/00000_00000.ppm;11;0
11/00000_00001.ppm;11;0
11/00000_00002.ppm;11;0
11/00000_00003.ppm;11;0
11/00000_00004.ppm;11;0
11/00000_00005.ppm;11;0
11/00000_00006.ppm;11;0
11/00000_00007.ppm;11;0
11/00000_00008.ppm;11;0
11/00000_00009.ppm;11;0
11/00000_00010.ppm;11;0
11/00000_00011.ppm;11;0
11/00000_00012.ppm;11;0
11/00000_00013.ppm;11;0
11/00000_00014.ppm;11;0
11/00000_00015.ppm;11;0
11/00000_00016.ppm;11;0
11/00000_00017.ppm;11;0
11/00000_00018.ppm;11;0
11/00000_00019.ppm;11;0
11/00000_00020.ppm;11;0
11/00000_00021.ppm;11;0
11/00000_00022.ppm;11;0
11/00000_00023.ppm;11;0
11/00000_00024.ppm;11;0
11/00000_00025.ppm;11;0
11/00000_00026.ppm;11;0
11/00000_00027.ppm;11;0
11/00000_00028.ppm;11;0
11/00000_00029.ppm;11;0
11/00001_00000.ppm;11;0
11/00001_00001.ppm;11;0
11/00001_00002.ppm;11;0
11/00001_00003.ppm;11;0
11/00001_00004.ppm;11;0
11/00001_00005.ppm;11;0
11/00001_00006.ppm;11;0
11/00001_00007.ppm;11;0
11/00001_00008.ppm;11;0
11/00001_00009.ppm;11;0
11/00001_00010.ppm;11;0
11/00001_00011.ppm;11;0
11/00001_00012.ppm;11;0
11/00001_00013.ppm;11;0
11/00001_00014.ppm;11;0
11/00001_00015.ppm;11;0
11/00001_00016.ppm;11;0
11/00001_00017.ppm;11;0
11/00001_00018.ppm;11;0
11/00001_00019.ppm;11;0
11/00001_00020.ppm;11;0
11/00001_00021.ppm;11;0
11/00001_00022.ppm;11;0
11/00001_00023.ppm;11;0
11/00001_00024.ppm;11;0
11/00001_00025.ppm;11;0
11/00001_00026.ppm;11;0
11/00001_00027.ppm;11;0
11/00001_00028.ppm;11;0
11/00001_00029.ppm;11;0
11/00002_00000.ppm;11;0
11/00002_00001.ppm;11;0
11/00002_00002.ppm;11;0
11/00002_00003.ppm;11;0
11/00002_00004.ppm;11;0
11/00002_00005.ppm;11;0
11/00002_00006.ppm;11;0
11/00002_00007.ppm;11;0
11/00002_00008.ppm;11;0
11/00002_00009.ppm;11;0
11/00002_00010.ppm;11;0
11/00002_00011.ppm;11;0
11/00002_00012.ppm;11;0
11/00002_00013.ppm;11;0
11/00002_00014.ppm;11;0
11/00002_00015.ppm;11;0
11/00002_00016.ppm;11;0
11/00002_00017.ppm;11;0
11/00002_00018.ppm;11;0
11/00002_00019.ppm;11;0
11/00002_00020.ppm;11;0
11/00002_00021.ppm;11;0
11/00002_00022.ppm;11;0
11/00002_00023.ppm;11;0
11/00002_00024.ppm;11;0
11/00002_00025.ppm;11;0
11/00002_00026.ppm;11;0
11/00002_00027.ppm;11;0
11/00002_00028.ppm;11;0
11/00002_00029.ppm;11;0
11/00003_00000.ppm;11;0
11/00003_00001.ppm;11;0
11/00003_00002.ppm;11;0
11/00003_00003.ppm;11;0
11/00003_00004.ppm;11;0
11/00003_00005.ppm;11;0
11/00003_00006.ppm;11;0
11/00003_00007.ppm;11;0
11/00003_00008.ppm;11;0
11/00003_00009.ppm;11;0
11/00003_00010.ppm;11;0
11/00003_00011.ppm;11;0
11/00003_00012.ppm;11;0
11/00003_00013.ppm;11;0
11/00003_00014.ppm;11;0
11/00003_00015.ppm;11;0
11/00003_00016.ppm;11;0
11/00003_00017.ppm;11;0
11/00003_00018.ppm;11;0
11/00003_00019.ppm;11;0
11/00003_00020.ppm;11;0
11/00003_00021.ppm;11;0
11/00003_00022.ppm;11;0
11/00003_00023.ppm;11;0
11/00003_00024.ppm;11;0
11/00003_00025.ppm;11;0
11/00003_00026.ppm;11;0
11/00003_00027.ppm;11;0
11/00003_00028.ppm;11;0
11/00003_00029.ppm;11;0
11/00004_00000.ppm;11;0
11/00004_00001.ppm;11;0
11/00004_00002.ppm;11;0
11/00004_00003.ppm;11;0
11/00004_00004.ppm;11;0
11/00004_00005.ppm;11;0
11/00004_00006.ppm;11;0
11/00004_00007.ppm;11;0
11/00004_00008.ppm;11;0
11/00004_00009.ppm;11;0
11/00004_00010.ppm;11;0
11/00004_00011.ppm;11;0
11/00004_00012.ppm;11;0
11/00004_00013.ppm;11;0
11/00004_00014.ppm;11;0
11/00004_00015.ppm;11;0
11/00004_00016.ppm;11;0
11/00004_00017.ppm;11;0
11/00004_00018.ppm;11;0
11/00004_00019.ppm;11;0
11/00004_00020.ppm;11;0
11/00004_00021.ppm;11;0
11/00004_00022.ppm;11;0
11/00004_00023.ppm;11;0
11/00004_00024.ppm;11;0
11/00004_00025.ppm;11;0
11/00004_00026.ppm;11;0
11/00004_00027.ppm;11;0
11/00004_00028.ppm;11;0
11/00004_00029.ppm;11;0
11/00005_00000.ppm;11;0
11/00005_00001.ppm;11;0
11/00005_00002.ppm;11;0
11/00005_00003.ppm;11;0
11/00005_00004.ppm;11;0
11/00005_00005.ppm;11;0
11/00005_00006.ppm;11;0
11/00005_00007.ppm;11;0
11/00005_00008.ppm;11;0
11/00005_00009.ppm;11;0
11/00005_00010.ppm;11;0
11/00005_00011.ppm;11;0
11/00005_00012.ppm;11;0
11/00005_00013.ppm;11;0
11/00005_00014.ppm;11;0
11/00005_00015.ppm;11;0
11/00005_00016.ppm;11;0
11/00005_00017.ppm;11;0
11/00005_00018.ppm;11;0
11/00005_00019.ppm;11;0
11/00005_00020.ppm;11;0
11/00005_00021.ppm;11;0
11/00005_00022.ppm;11;0
11/00005_00023.ppm;11;0
11/00005_00024.ppm;11;0
11/00005_00025.ppm;11;0
11/00005_00026.ppm;11;0
11/00005_00027.ppm;11;0
11/00005_00028.ppm;11;0
11/00005_00029.ppm;11;0
11/00006_00000.ppm;11;0
11/00006_00001.ppm;11;0
11/00006_00002.ppm;11;0
11/00006_00003.ppm;11;0
11/00006_00004.ppm;11;0
11/00006_00005.ppm;11;0
11/00006_00006.ppm;11;0
11/00006_00007.ppm;11;0
11/00006_00008.ppm;11;0
11/00006_00009.ppm;11;0
11/00006_00010.ppm;11;0
11/00006_00011.ppm;11;0
11/00006_00012.ppm;11;0
11/00006_00013.ppm;11;0
11/00006_00014.ppm;11;0
11/00006_00015.ppm;11;0
11/00006_00016.ppm;11;0
11/00006_00017.ppm;11;0
11/00006_00018.ppm;11;0
11/00006_00019.ppm;11;0
11/00006_00020.ppm;11;0
11/00006_00021.ppm;11;0
11/00006_00022.ppm;11;0
11/00006_00023.ppm;11;0
11/00006_00024.ppm;11;0
11/00006_00025.ppm;11;0
11/00006_00026.ppm;11;0
11/00006_00027.ppm;11;0
11/00006_00028.ppm;11;0
11/00006_00029.ppm;11;0
11/00007_00000.ppm;11;0
11/00007_00001.ppm;11;0
11/00007_00002.ppm;11;0
11/00007_00003.ppm;11;0
11/00007_00004.ppm;11;0
11/00007_00005.ppm;11;0
11/00007_00006.ppm;11;0
11/00007_00007.ppm;11;0
11/00007_00008.ppm;11;0
11/00007_00009.ppm;11;0
11/00007_00010.ppm;11;0
11/00007_00011.ppm;11;0
11/00007_00012.ppm;11;0
11/00007_00013.ppm;11;0
11/00007_00014.ppm;11;0
11/00007_00015.ppm;11;0
11/00007_00016.ppm;11;0
11/00007_00017.ppm;11;0
11/00007_00018.ppm;11;0
11/00007_00019.ppm;11;0
11/00007_00020.ppm;11;0
11/00007_00021.ppm;11;0
11/00007_00022.ppm;11;0
11/00007_00023.ppm;11;0
11/00007_00024.ppm;11;0
11/00007_00025.ppm;11;0
11/00007_00026.ppm;11;0
11/00007_00027.ppm;11;0
11/00007_00028.ppm;11;0
11/00007_00029.ppm;11;0
11/00008_00000.ppm;11;0
11/00008_00001.ppm;11;0
11/00008_00002.ppm;11;0
11/00008_00003.ppm;11;0
11/00008_00004.ppm;11;0
11/00008_00005.ppm;11;0
11/00008_00006.ppm;11;0
11/00008_00007.ppm;11;0
11/00008_00008.ppm;11;0
11/00008_00009.ppm;11;0
11/00008_00010.ppm;11;0
11/00008_00011.ppm;11;0
11/00008_00012.ppm;11;0
11/00008_00013.ppm;11;0
11/00008_00014.ppm;11;0
11/00008_00015.ppm;11;0
11/00008_00016.ppm;11;0
11/00008_00017.ppm;11;0
11/00008_00018.ppm;11;0
11/00008_00019.ppm;11;0
11/00008_00020.ppm;11;0
11/00008_00021.ppm;11;0
11/00008_00022.ppm;11;0
11/00008_00023.ppm;11;0
11/00008_00024.ppm;11;0
11/00008_00025.ppm;11;0
11/00008_00026.ppm;11;0
11/00008_00027.ppm;11;0
11/00008_00028.ppm;11;0
11/00008_00029.ppm;11;0
11/00009_00000.ppm;11;0
11/00009_00001.ppm;11;0
11/00009_00002.ppm;11;0
11/00009_00003.ppm;11;0
11/00009_00004.ppm;11;0
11/00009_00005.ppm;11;0
11/00009_00006.ppm;11;0
11/00009_00007.ppm;11;0
11/00009_00008.ppm;11;0
11/00009_00009.ppm;11;0
11/00009_00010.ppm;11;0
11/00009_00011.ppm;11;0
11/00009_00012.ppm;11;0
11/00009_00013.ppm;11;0
11/00009_00014.ppm;11;0
11/00009_00015.ppm;11;0
11/00009_00016.ppm;11;0
11/00009_00017.ppm;11;0
11/00009_00018.ppm;11;0
11/00009_00019.ppm;11;0
11/00009_00020.ppm;11;0
11/00009_00021.ppm;11;0
11/00009_00022.ppm;11;0
11/00009_00023.ppm;11;0
11/00009_00024.ppm;11;0
11/00009_00025.ppm;11;0
11/00009_00026.ppm;11;0
11/00009_00027.ppm;11;0
11/00009_00028.ppm;11;0
11/00009_00029.ppm;11;0
11/00010_00000.ppm;11;0
11/00010_00001.ppm;11;0
11/00010_00002.ppm;11;0
11/00010_00003.ppm;11;0
11/00010_00004.ppm;11;0
11/00010_00005.ppm;11;0
11/00010_00006.ppm;11;0
11/00010_00007.ppm;11;0
11/00010_00008.ppm;11;0
11/00010_00009.ppm;11;0
11/00010_00010.ppm;11;0
11/00010_00011.ppm;11;0
11/00010_00012.ppm;11;0
11/00010_00013.ppm;11;0
11/00010_00014.ppm;11;0
11/00010_00015.ppm;11;0
11/00010_00016.ppm;11;0
11/00010_00017.ppm;11;0
11/00010_00018.ppm;11;0
11/00010_00019.ppm;11;0
11/00010_00020.ppm;11;0
11/00010_00021.ppm;11;0
11/00010_00022.ppm;11;0
11/00010_00023.ppm;11;0
11/00010_00024.ppm;11;0
11/00010_00025.ppm;11;0
11/00010_00026.ppm;11;0
11/00010_00027.ppm;11;0
11/00010_00028.ppm;11;0
11/00010_00029.ppm;11;0
11/00011_00000.ppm;11;0
11/00011_00001.ppm;11;0
11/00011_00002.ppm;11;0
11/00011_00003.ppm;11;0
11/00011_00004.ppm;11;0
11/00011_00005.ppm;11;0
11/00011_00006.ppm;11;0
11/00011_00007.ppm;11;0
11/00011_00008.ppm;11;0
11/00011_00009.ppm;11;0
11/00011_00010.ppm;11;0
11/00011_00011.ppm;11;0
11/00011_00012.ppm;11;0
11/00011_00013.ppm;11;0
11/00011_00014.ppm;11;0
11/00011_00015.ppm;11;0
11/00011_00016.ppm;11;0
11/00011_00017.ppm;11;0
11/00011_00018.ppm;11;0
11/00011_00019.ppm;11;0
11/00011_00020.ppm;11;0
11/00011_00021.ppm;11;0
11/00011_00022.ppm;11;0
11/00011_00023.ppm;11;0
11/00011_00024.ppm;11;0
11/00011_00025.ppm;11;0
11/00011_00026.ppm;11;0
11/00011_00027.ppm;11;0
11/00011_00028.ppm;11;0
11/00011_00029.ppm;11;0
11/00012_00000.ppm;11;0
11/00012_00001.ppm;11;0
11/00012_00002.ppm;11;0
11/00012_00003.ppm;11;0
11/00012_00004.ppm;11;0
11/00012_00005.ppm;11;0
11/00012_00006.ppm;11;0
11/00012_00007.ppm;11;0
11/00012_00008.ppm;11;0
11/00012_00009.ppm;11;0
11/00012_00010.ppm;11;0
11/00012_00011.ppm;11;0
11/00012_00012.ppm;11;0
11/00012_00013.ppm;11;0
11/00012_00014.ppm;11;0
11/00012_00015.ppm;11;0
11/00012_00016.ppm;11;0
11/00012_00017.ppm;11;0
11/00012_00018.ppm;11;0
11/00012_00019.ppm;11;0
11/00012_00020.ppm;11;0
11/00012_00021.ppm;11;0
11/00012_00022.ppm;11;0
11/00012_00023.ppm;11;0
11/00012_00024.ppm;11;0
11/00012_00025.ppm;11;0
11/00012_00026.ppm;11;0
11/00012_00027.ppm;11;0
11/00012_00028.ppm;11;0
11/00012_00029.ppm;11;0
11/00013_00000.ppm;11;0
11/00013_00001.ppm;11;0
11/00013_00002.ppm;11;0
11/00013_00003.ppm;11;0
11/00013_00004.ppm;11;0
11/00013_00005.ppm;11;0
11/00013_00006.ppm;11;0
11/00013_00007.ppm;11;0
11/00013_00008.ppm;11;0
11/00013_00009.ppm;11;0
11/00013_00010.ppm;11;0
11/00013_00011.ppm;11;0
11/00013_00012.ppm;11;0
11/00013_00013.ppm;11;0
11/00013_00014.ppm;11;0
11/00013_00015.ppm;11;0
11/00013_00016.ppm;11;0
11/00013_00017.ppm;11;0
11/00013_00018.ppm;11;0
11/00013_00019.ppm;11;0
11/00013_00020.ppm;11;0
11/00013_00021.ppm;11;0
11/00013_00022.ppm;11;0
11/00013_00023.ppm;11;0
11/00013_00024.ppm;11;0
11/00013_00025.ppm;11;0
11/00013_00026.ppm;11;0
11/00013_00027.ppm;11;0
11/00013_00028.ppm;11;0
11/00013_00029.ppm;11;0
11/00014_00000.ppm;11;0
11/00014_00001.ppm;11;0
11/00014_00002.ppm;11;0
11/00014_00003.ppm;11;0
11/00014_00004.ppm;11;0
11/00014_00005.ppm;11;0
11/00014_00006.ppm;11;0
11/00014_00007.ppm;11;0
11/00014_00008.ppm;11;0
11/00014_00009.ppm;11;0
11/00014_00010.ppm;11;0
11/00014_00011.ppm;11;0
11/00014_00012.ppm;11;0
11/00014_00013.ppm;11;0
11/00014_00014.ppm;11;0
11/00014_00015.ppm;11;0
11/00014_00016.ppm;11;0
11/00014_00017.ppm;11;0
11/00014_00018.ppm;11;0
11/00014_00019.ppm;11;0
11/00014_00020.ppm;11;0
11/00014_00021.ppm;11;0
11/00014_00022.ppm;11;0
11/00014_00023.ppm;11;0
11/00014_00024.ppm;11;0
11/00014_00025.ppm;11;0
11/00014_00026.ppm;11;0
11/00014_00027.ppm;11;0
11/00014_00028.ppm;11;0
11/00014_00029.ppm;11;0
11/00015_00000.ppm;11;0
11/00015_00001.ppm;11;0
11/00015_00002.ppm;11;0
11/00015_00003.ppm;11;0
11/00015_00004.ppm;11;0
11/00015_00005.ppm;11;0
11/00015_00006.ppm;11;0
11/00015_00007.ppm;11;0
11/00015_00008.ppm;11;0
11/00015_00009.ppm;11;0
11/00015_00010.ppm;11;0
11/00015_00011.ppm;11;0
11/00015_00012.ppm;11;0
11/00015_00013.ppm;11;0
11/00015_00014.ppm;11;0
11/00015_00015.ppm;11;0
11/00015_00016.ppm;11;0
11/00015_00017.ppm;11;0
11/00015_00018.ppm;11;0
11/00015_00019.ppm;11;0
11/00015_00020.ppm;11;0
11/00015_00021.ppm;11;0
11/00015_00022.ppm;11;0
11/00015_00023.ppm;11;0
11/00015_00024.ppm;11;0
11/00015_00025.ppm;11;0
11/00015_00026.ppm;11;0
11/00015_00027.ppm;11;0
11/00015_00028.ppm;11;0
11/00015_00029.ppm;11;0
11/00016_00000.ppm;11;0
11/00016_00001.ppm;11;0
11/00016_00002.ppm;11;0
11/00016_00003.ppm;11;0
11/00016_00004.ppm;11;0
11/00016_00005.ppm;11;0
11/00016_00006.ppm;11;0
11/00016_00007.ppm;11;0
11/00016_00008.ppm;11;0
11/00016_00009.ppm;11;0
11/00016_00010.ppm;11;0
11/00016_00011.ppm;11;0
11/00016_00012.ppm;11;0
11/00016_00013.ppm;11;0
11/00016_00014.ppm;11;0
11/00016_00015.ppm;11;0
11/00016_00016.ppm;11;0
11/00016_00017.ppm;11;0
11/00016_00018.ppm;11;0
11/00016_00019.ppm;11;0
11/00016_00020.ppm;11;0
11/00016_00021.ppm;11;0
11/00016_00022.ppm;11;0
11/00016_00023.ppm;11;0
11/00016_00024.ppm;11;0
11/00016_00025.ppm;11;0
11/00016_00026.ppm;11;0
11/00016_00027.ppm;11;0
11/00016_00028.ppm;11;0
11/00016_00029.ppm;11;0
11/00017_00000.ppm;11;0
11/00017_00001.ppm;11;0
11/00017_00002.ppm;11;0
11/00017_00003.ppm;11;0
11/00017_00004.ppm;11;0
11/00017_00005.ppm;11;0
11/00017_00006.ppm;11;0
11/00017_00007.ppm;11;0
11/00017_00008.ppm;11;0
11/00017_00009.ppm;11;0
11/00017_00010.ppm;11;0
11/00017_00011.ppm;11;0
11/00017_00012.ppm;11;0
11/00017_00013.ppm;11;0
11/00017_00014.ppm;11;0
11/00017_00015.ppm;11;0
11/00017_00016.ppm;11;0
11/00017_00017.ppm;11;0
11/00017_00018.ppm;11;0
11/00017_00019.ppm;11;0
11/00017_00020.ppm;11;0
11/00017_00021.ppm;11;0
11/00017_00022.ppm;11;0
11/00017_00023.ppm;11;0
11/00017_00024.ppm;11;0
11/00017_00025.ppm;11;0
11/00017_00026.ppm;11;0
11/00017_00027.ppm;11;0
11/00017_00028.ppm;11;0
11/00017_00029.ppm;11;0
11/00018_00000.ppm;11;0
11/00018_00001.ppm;11;0
11/00018_00002.ppm;11;0
11/00018_00003.ppm;11;0
11/00018_00004.ppm;11;0
11/00018_00005.ppm;11;0
11/00018_00006.ppm;11;0
11/00018_00007.ppm;11;0
11/00018_00008.ppm;11;0
11/00018_00009.ppm;11;0
11/00018_00010.ppm;11;0
11/00018_00011.ppm;11;0
11/00018_00012.ppm;11;0
11/00018_00013.ppm;11;0
11/00018_00014.ppm;11;0
11/00018_00015.ppm;11;0
11/00018_00016.ppm;11;0
11/00018_00017.ppm;11;0
11/00018_00018.ppm;11;0
11/00018_00019.ppm;11;0
11/00018_00020.ppm;11;0
11/00018_00021.ppm;11;0
11/00018_00022.ppm;11;0
11/00018_00023.ppm;11;0
11/00018_00024.ppm;11;0
11/00018_00025.ppm;11;0
11/00018_00026.ppm;11;0
11/00018_00027.ppm;11;0
11/00018_00028.ppm;11;0
11/00018_00029.ppm;11;0
11/00019_00000.ppm;11;0
11/00019_00001.ppm;11;0
11/00019_00002.ppm;11;0
11/00019_00003.ppm;11;0
11/00019_00004.ppm;11;0
11/00019_00005.ppm;11;0
11/00019_00006.ppm;11;0
11/00019_00007.ppm;11;0
11/00019_00008.ppm;11;0
11/00019_00009.ppm;11;0
11/00019_00010.ppm;11;0
11/00019_00011.ppm;11;0
11/00019_00012.ppm;11;0
11/00019_00013.ppm;11;0
11/00019_00014.ppm;11;0
11/00019_00015.ppm;11;0
11/00019_00016.ppm;11;0
11/00019_00017.ppm;11;0
11/00019_00018.ppm;11;0
11/00019_00019.ppm;11;0
11/00019_00020.ppm;11;0
11/00019_00021.ppm;11;0
11/00019_00022.ppm;11;0
11/00019_00023.ppm;11;0
11/00019_00024.ppm;11;0
11/00019_00025.ppm;11;0
11/00019_00026.ppm;11;0
11/00019_00027.ppm;11;0
11/00019_00028.ppm;11;0
11/00019_00029.ppm;11;0
11/00020_00000.ppm;11;0
11/00020_00001.ppm;11;0
11/00020_00002.ppm;11;0
11/00020_00003.ppm;11;0
11/00020_00004.ppm;11;0
11/00020_00005.ppm;11;0
11/00020_00006.ppm;11;0
11/00020_00007.ppm;11;0
11/00020_00008.ppm;11;0
11/00020_00009.ppm;11;0
11/00020_00010.ppm;11;0
11/00020_00011.ppm;11;0
11/00020_00012.ppm;11;0
11/00020_00013.ppm;11;0
11/00020_00014.ppm;11;0
11/00020_00015.ppm;11;0
11/00020_00016.ppm;11;0
11/00020_00017.ppm;11;0
11/00020_00018.ppm;11;0
11/00020_00019.ppm;11;0
11/00020_00020.ppm;11;0
11/00020_00021.ppm;11;0
11/00020_00022.ppm;11;0
11/00020_00023.ppm;11;0
11/00020_00024.ppm;11;0
11/00020_00025.ppm;11;0
11/00020_00026.ppm;11;0
11/00020_00027.ppm;11;0
11/00020_00028.ppm;11;0
11/00020_00029.ppm;11;0
11/00021_00000.ppm;11;0
11/00021_00001.ppm;11;0
11/00021_00002.ppm;11;0
11/00021_00003.ppm;11;0
11/00021_00004.ppm;11;0
11/00021_00005.ppm;11;0
11/00021_00006.ppm;11;0
11/00021_00007.ppm;11;0
11/00021_00008.ppm;11;0
11/00021_00009.ppm;11;0
11/00021_00010.ppm;11;0
11/00021_00011.ppm;11;0
11/00021_00012.ppm;11;0
11/00021_00013.ppm;11;0
11/00021_00014.ppm;11;0
11/00021_00015.ppm;11;0
11/00021_00016.ppm;11;0
11/00021_00017.ppm;11;0
11/00021_00018.ppm;11;0
11/00021_00019.ppm;11;0
11/00021_00020.ppm;11;0
11/00021_00021.ppm;11;0
11/00021_00022.ppm;11;0
11/00021_00023.ppm;11;0
11/00021_00024.ppm;11;0
11/00021_00025.ppm;11;0
11/00021_00026.ppm;11;0
11/00021_00027.ppm;11;0
11/00021_00028.ppm;11;0
11/00021_00029.ppm;11;0
11/00022_00000.ppm;11;0
11/00022_00001.ppm;11;0
11/00022_00002.ppm;11;0
11/00022_00003.ppm;11;0
11/00022_00004.ppm;11;0
11/00022_00005.ppm;11;0
11/00022_00006.ppm;11;0
11/00022_00007.ppm;11;0
11/00022_00008.ppm;11;0
11/00022_00009.ppm;11;0
11/00022_00010.ppm;11;0
11/00022_00011.ppm;11;0
11/00022_00012.ppm;11;0
11/00022_00013.ppm;11;0
11/00022_00014.ppm;11;0
11/00022_00015.ppm;11;0
11/00022_00016.ppm;11;0
11/00022_00017.ppm;11;0
11/00022_00018.ppm;11;0
11/00022_00019.ppm;11;0
11/00022_00020.ppm;11;0
11/00022_00021.ppm;11;0
11/00022_00022.ppm;11;0
11/00022_00023.ppm;11;0
11/00022_00024.ppm;11;0
11/00022_00025.ppm;11;0
11/00022_00026.ppm;11;0
11/00022_00027.ppm;11;0
11/00022_00028.ppm;11;0
11/00022_00029.ppm;11;0
11/00023_00000.ppm;11;0
11/00023_00001.ppm;11;0
11/00023_00002.ppm;11;0
11/00023_00003.ppm;11;0
11/00023_00004.ppm;11;0
11/00023_00005.ppm;11;0
11/00023_00006.ppm;11;0
11/00023_00007.ppm;11;0
11/00023_00008.ppm;11;0
11/00023_00009.ppm;11;0
11/00023_00010.ppm;11;0
11/00023_00011.ppm;11;0
11/00023_00012.ppm;11;0
11/00023_00013.ppm;11;0
11/00023_00014.ppm;11;0
11/00023_00015.ppm;11;0
11/00023_00016.ppm;11;0
11/00023_00017.ppm;11;0
11/00023_00018.ppm;11;0
11/00023_00019.ppm;11;0
11/00023_00020.ppm;11;0
11/00023_00021.ppm;11;0
11/00023_00022.ppm;11;0
11/00023_00023.ppm;11;0
11/00023_00024.ppm;11;0
11/00023_00025.ppm;11;0
11/00023_00026.ppm;11;0
11/00023_00027.ppm;11;0
11/00023_00028.ppm;11;0
11/00023_00029.ppm;11;0
11/00024_00000.ppm;11;0
11/00024_00001.ppm;11;0
11/00024_00002.ppm;11;0
11/00024_00003.ppm;11;0
11/00024_00004.ppm;11;0
11/00024_00005.ppm;11;0
11/00024_00006.ppm;11;0
11/00024_00007.ppm;11;0
11/00024_00008.ppm;11;0
11/00024_00009.ppm;11;0
11/00024_00010.ppm;11;0
11/00024_00011.ppm;11;0
11/00024_00012.ppm;11;0
11/00024_00013.ppm;11;0
11/00024_00014.ppm;11;0
11/00024_00015.ppm;11;0
11/00024_00016.ppm;11;0
11/00024_00017.ppm;11;0
11/00024_00018.ppm;11;0
11/00024_00019.ppm;11;0
11/00024_00020.ppm;11;0
11/00024_00021.ppm;11;0
11/00024_00022.ppm;11;0
11/00024_00023.ppm;11;0
11/00024_00024.ppm;11;0
11/00024_00025.ppm;11;0
11/00024_00026.ppm;11;0
11/00024_00027.ppm;11;0
11/00024_00028.ppm;11;0
11/00024_00029.ppm;11;0
11/00025_00000.ppm;11;0
11/00025_00001.ppm;11;0
11/00025_00002.ppm;11;0
11/00025_00003.ppm;11;0
11/00025_00004.ppm;11;0
11/00025_00005.ppm;11;0
11/00025_00006.ppm;11;0
11/00025_00007.ppm;11;0
11/00025_00008.ppm;11;0
11/00025_00009.ppm;11;0
11/00025_00010.ppm;11;0
11/00025_00011.ppm;11;0
11/00025_00012.ppm;11;0
11/00025_00013.ppm;11;0
11/00025_00014.ppm;11;0
11/00025_00015.ppm;11;0
11/00025_00016.ppm;11;0
11/00025_00017.ppm;11;0
11/00025_00018.ppm;11;0
11/00025_00019.ppm;11;0
11/00025_00020.ppm;11;0
11/00025_00021.ppm;11;0
11/00025_00022.ppm;11;0
11/00025_00023.ppm;11;0
11/00025_00024.ppm;11;0
11/00025_00025.ppm;11;0
11/00025_00026.ppm;11;0
11/00025_00027.ppm;11;0
11/00025_00028.ppm;11;0
11/00025_00029.ppm;11;0
11/00026_00000.ppm;11;0
11/00026_00001.ppm;11;0
11/00026_00002.ppm;11;0
11/00026_00003.ppm;11;0
11/00026_00004.ppm;11;0
11/00026_00005.ppm;11;0
11/00026_00006.ppm;11;0
11/00026_00007.ppm;11;0
11/00026_00008.ppm;11;0
11/00026_00009.ppm;11;0
11/00026_00010.ppm;11;0
11/00026_00011.ppm;11;0
11/00026_00012.ppm;11;0
11/00026_00013.ppm;11;0
11/00026_00014.ppm;11;0
11/00026_00015.ppm;11;0
11/00026_00016.ppm;11;0
11/00026_00017.ppm;11;0
11/00026_00018.ppm;11;0
11/00026_00019.ppm;11;0
11/00026_00020.ppm;11;0
11/00026_00021.ppm;11;0
11/00026_00022.ppm;11;0
11/00026_00023.ppm;11;0
11/00026_00024.ppm;11;0
11/00026_00025.ppm;11;0
11/00026_00026.ppm;11;0
11/00026_00027.ppm;11;0
11/00026_00028.ppm;11;0
11/00026_00029.ppm;11;0
11/00027_00000.ppm;11;0
11/00027_00001.ppm;11;0
11/00027_00002.ppm;11;0
11/00027_00003.ppm;11;0
11/00027_00004.ppm;11;0
11/00027_00005.ppm;11;0
11/00027_00006.ppm;11;0
11/00027_00007.ppm;11;0
11/00027_00008.ppm;11;0
11/00027_00009.ppm;11;0
11/00027_00010.ppm;11;0
11/00027_00011.ppm;11;0
11/00027_00012.ppm;11;0
11/00027_00013.ppm;11;0
11/00027_00014.ppm;11;0
11/00027_00015.ppm;11;0
11/00027_00016.ppm;11;0
11/00027_00017.ppm;11;0
11/00027_00018.ppm;11;0
11/00027_00019.ppm;11;0
11/00027_00020.ppm;11;0
11/00027_00021.ppm;11;0
11/00027_00022.ppm;11;0
11/00027_00023.ppm;11;0
11/00027_00024.ppm;11;0
11/00027_00025.ppm;11;0
11/00027_00026.ppm;11;0
11/00027_00027.ppm;11;0
11/00027_00028.ppm;11;0
11/00027_00029.ppm;11;0
11/00028_00000.ppm;11;0
11/00028_00001.ppm;11;0
11/00028_00002.ppm;11;0
11/00028_00003.ppm;11;0
11/00028_00004.ppm;11;0
11/00028_00005.ppm;11;0
11/00028_00006.ppm;11;0
11/00028_00007.ppm;11;0
11/00028_00008.ppm;11;0
11/00028_00009.ppm;11;0
11/00028_00010.ppm;11;0
11/00028_00011.ppm;11;0
11/00028_00012.ppm;11;0
11/00028_00013.ppm;11;0
11/00028_00014.ppm;11;0
11/00028_00015.ppm;11;0
11/00028_00016.ppm;11;0
11/00028_00017.ppm;11;0
11/00028_00018.ppm;11;0
11/00028_00019.ppm;11;0
11/00028_00020.ppm;11;0
11/00028_00021.ppm;11;0
11/00028_00022.ppm;11;0
11/00028_00023.ppm;11;0
11/00028_00024.ppm;11;0
11/00028_00025.ppm;11;0
11/00028_00026.ppm;11;0
11/00028_00027.ppm;11;0
11/00028_00028.ppm;11;0
11/00028_00029.ppm;11;0
11/00029_00000.ppm;11;0
11/00029_00001.ppm;11;0
11/00029_00002.ppm;11;0
11/00029_00003.ppm;11;0
11/00029_00004.ppm;11;0
11/00029_00005.ppm;11;0
11/00029_00006.ppm;11;0
11/00029_00007.ppm;11;0
11/00029_00008.ppm;11;0
11/00029_00009.ppm;11;0
11/00029_00010.ppm;11;0
11/00029_00011.ppm;11;0
11/00029_00012.ppm;11;0
11/00029_00013.ppm;11;0
11/00029_00014.ppm;11;0
11/00029_00015.ppm;11;0
11/00029_00016.ppm;11;0
11/00029_00017.ppm;11;0
11/00029_00018.ppm;11;0
11/00029_00019.ppm;11;0
11/00029_00020.ppm;11;0
11/00029_00021.ppm;11;0
11/00029_00022.ppm;11;0
11/00029_00023.ppm;11;0
11/00029_00024.ppm;11;0
11/00029_00025.ppm;11;0
11/00029_00026.ppm;11;0
11/00029_00027.ppm;11;0
11/00029_00028.ppm;11;0
11/00029_00029.ppm;11;0
12/00000_00000.ppm;12;0
12/00000_00001.ppm;12;0
12/00000_00002.ppm;12;0
12/00000_00003.ppm;12;0
12/00000_00004.ppm;12;0
12/00000_00005.ppm;12;0
12/00000_00006.ppm;12;0
12/00000_00007.ppm;12;0
12/00000_00008.ppm;12;0
12/00000_00009.ppm;12;0
12/00000_00010.ppm;12;0
12/00000_00011.ppm;12;0
12/00000_00012.ppm;12;0
12/00000_00013.ppm;12;0
12/00000_00014.ppm;12;0
12/00000_00015.ppm;12;0
12/00000_00016.ppm;12;0
12/00000_00017.ppm;12;0
12/00000_00018.ppm;12;0
12/00000_00019.ppm;12;0
12/00000_00020.ppm;12;0
12/00000_00021.ppm;12;0
12/00000_00022.ppm;12;0
12/00000_00023.ppm;12;0
12/00000_00024.ppm;12;0
12/00000_00025.ppm;12;0
12/00000_00026.ppm;12;0
12/00000_00027.ppm;12;0
12/00000_00028.ppm;12;0
12/00000_00029.ppm;12;0
12/00001_00000.ppm;12;0
12/00001_00001.ppm;12;0
12/00001_00002.ppm;12;0
12/00001_00003.ppm;12;0
12/00001_00004.ppm;12;0
12/00001_00005.ppm;12;0
12/00001_00006.ppm;12;0
12/00001_00007.ppm;12;0
12/00001_00008.ppm;12;0
12/00001_00009.ppm;12;0
12/00001_00010.ppm;12;0
12/00001_00011.ppm;12;0
12/00001_00012.ppm;12;0
12/00001_00013.ppm;12;0
12/00001_00014.ppm;12;0
12/00001_00015.ppm;12;0
12/00001_00016.ppm;12;0
12/00001_00017.ppm;12;0
12/00001_00018.ppm;12;0
12/00001_00019.ppm;12;0
12/00001_00020.ppm;12;0
12/00001_00021.ppm;12;0
12/00001_00022.ppm;12;0
12/00001_00023.ppm;12;0
12/00001_00024.ppm;12;0
12/00001_00025.ppm;12;0
12/00001_00026.ppm;12;0
12/00001_00027.ppm;12;0
12/00001_00028.ppm;12;0
12/00001_00029.ppm;12;0
12/00002_00000.ppm;12;0
12/00002_00001.ppm;12;0
12/00002_00002.ppm;12;0
12/00002_00003.ppm;12;0
12/00002_00004.ppm;12;0
12/00002_00005.ppm;12;0
12/00002_00006.ppm;12;0
12/00002_00007.ppm;12;0
12/00002_00008.ppm;12;0
12/00002_00009.ppm;12;0
12/00002_00010.ppm;12;0
12/00002_00011.ppm;12;0
12/00002_00012.ppm;12;0
12/00002_00013.ppm;12;0
12/00002_00014.ppm;12;0
12/00002_00015.ppm;12;0
12/00002_00016.ppm;12;0
12/00002_00017.ppm;12;0
12/00002_00018.ppm;12;0
12/00002_00019.ppm;12;0
12/00002_00020.ppm;12;0
12/00002_00021.ppm;12;0
12/00002_00022.ppm;12;0
12/00002_00023.ppm;12;0
12/00002_00024.ppm;12;0
12/00002_00025.ppm;12;0
12/00002_00026.ppm;12;0
12/00002_00027.ppm;12;0
12/00002_00028.ppm;12;0
12/00002_00029.ppm;12;0
12/00003_00000.ppm;12;0
12/00003_00001.ppm;12;0
12/00003_00002.ppm;12;0
12/00003_00003.ppm;12;0
12/00003_00004.ppm;12;0
12/00003_00005.ppm;12;0
12/00003_00006.ppm;12;0
12/00003_00007.ppm;12;0
12/00003_00008.ppm;12;0
12/00003_00009.ppm;12;0
12/00003_00010.ppm;12;0
12/00003_00011.ppm;12;0
12/00003_00012.ppm;12;0
12/00003_00013.ppm;12;0
12/00003_00014.ppm;12;0
12/00003_00015.ppm;12;0
12/00003_00016.ppm;12;0
12/00003_00017.ppm;12;0
12/00003_00018.ppm;12;0
12/00003_00019.ppm;12;0
12/00003_00020.ppm;12;0
12/00003_00021.ppm;12;0
12/00003_00022.ppm;12;0
12/00003_00023.ppm;12;0
12/00003_00024.ppm;12;0
12/00003_00025.ppm;12;0
12/00003_00026.ppm;12;0
12/00003_00027.ppm;12;0
12/00003_00028.ppm;12;0
12/00003_00029.ppm;12;0
12/00004_00000.ppm;12;0
12/00004_00001.ppm;12;0
12/00004_00002.ppm;12;0
12/00004_00003.ppm;12;0
12/00004_00004.ppm;12;0
12/00004_00005.ppm;12;0
12/00004_00006.ppm;12;0
12/00004_00007.ppm;12;0
12/00004_00008.ppm;12;0
12/00004_00009.ppm;12;0
12/00004_00010.ppm;12;0
12/00004_00011.ppm;12;0
12/00004_00012.ppm;12;0
12/00004_00013.ppm;12;0
12/00004_00014.ppm;12;0
12/00004_00015.ppm;12;0
12/00004_00016.ppm;12;0
12/00004_00017.ppm;12;0
12/00004_00018.ppm;12;0
12/00004_00019.ppm;12;0
12/00004_00020.ppm;12;0
12/00004_00021.ppm;12;0
12/00004_00022.ppm;12;0
12/00004_00023.ppm;12;0
12/00004_00024.ppm;12;0
12/00004_00025.ppm;12;0
12/00004_00026.ppm;12;0
12/00004_00027.ppm;12;0
12/00004_00028.ppm;12;0
12/00004_00029.ppm;12;0
12/00005_00000.ppm;12;0
12/00005_00001.ppm;12;0
12/00005_00002.ppm;12;0
12/00005_00003.ppm;12;0
12/00005_00004.ppm;12;0
12/00005_00005.ppm;12;0
12/00005_00006.ppm;12;0
12/00005_00007.ppm;12;0
12/00005_00008.ppm;12;0
12/00005_00009.ppm;12;0
12/00005_00010.ppm;12;0
12/00005_00011.ppm;12;0
12/00005_00012.ppm;12;0
12/00005_00013.ppm;12;0
12/00005_00014.ppm;12;0
12/00005_00015.ppm;12;0
12/00005_00016.ppm;12;0
12/00005_00017.ppm;12;0
12/00005_00018.ppm;12;0
12/00005_00019.ppm;12;0
12/00005_00020.ppm;12;0
12/00005_00021.ppm;12;0
12/00005_00022.ppm;12;0
12/00005_00023.ppm;12;0
12/00005_00024.ppm;12;0
12/00005_00025.ppm;12;0
12/00005_00026.ppm;12;0
12/00005_00027.ppm;12;0
12/00005_00028.ppm;12;0
12/00005_00029.ppm;12;0
12/00006_00000.ppm;12;0
12/00006_00001.ppm;12;0
12/00006_00002.ppm;12;0
12/00006_00003.ppm;12;0
12/00006_00004.ppm;12;0
12/00006_00005.ppm;12;0
12/00006_00006.ppm;12;0
12/00006_00007.ppm;12;0
12/00006_00008.ppm;12;0
12/00006_00009.ppm;12;0
12/00006_00010.ppm;12;0
12/00006_00011.ppm;12;0
12/00006_00012.ppm;12;0
12/00006_00013.ppm;12;0
12/00006_00014.ppm;12;0
12/00006_00015.ppm;12;0
12/00006_00016.ppm;12;0
12/00006_00017.ppm;12;0
12/00006_00018.ppm;12;0
12/00006_00019.ppm;12;0
12/00006_00020.ppm;12;0
12/00006_00021.ppm;12;0
12/00006_00022.ppm;12;0
12/00006_00023.ppm;12;0
12/00006_00024.ppm;12;0
12/00006_00025.ppm;12;0
12/00006_00026.ppm;12;0
12/00006_00027.ppm;12;0
12/00006_00028.ppm;12;0
12/00006_00029.ppm;12;0
12/00007_00000.ppm;12;0
12/00007_00001.ppm;12;0
12/00007_00002.ppm;12;0
12/00007_00003.ppm;12;0
12/00007_00004.ppm;12;0
12/00007_00005.ppm;12;0
12/00007_00006.ppm;12;0
12/00007_00007.ppm;12;0
12/00007_00008.ppm;12;0
12/00007_00009.ppm;12;0
12/00007_00010.ppm;12;0
12/00007_00011.ppm;12;0
12/00007_00012.ppm;12;0
12/00007_00013.ppm;12;0
12/00007_00014.ppm;12;0
12/00007_00015.ppm;12;0
12/00007_00016.ppm;12;0
12/00007_00017.ppm;12;0
12/00007_00018.ppm;12;0
12/00007_00019.ppm;12;0
12/00007_00020.ppm;12;0
12/00007_00021.ppm;12;0
12/00007_00022.ppm;12;0
12/00007_00023.ppm;12;0
12/00007_00024.ppm;12;0
12/00007_00025.ppm;12;0
12/00007_00026.ppm;12;0
12/00007_00027.ppm;12;0
12/00007_00028.ppm;12;0
12/00007_00029.ppm;12;0
12/00008_00000.ppm;12;0
12/00008_00001.ppm;12;0
12/00008_00002.ppm;12;0
12/00008_00003.ppm;12;0
12/00008_00004.ppm;12;0
12/00008_00005.ppm;12;0
12/00008_00006.ppm;12;0
12/00008_00007.ppm;12;0
12/00008_00008.ppm;12;0
12/00008_00009.ppm;12;0
12/00008_00010.ppm;12;0
12/00008_00011.ppm;12;0
12/00008_00012.ppm;12;0
12/00008_00013.ppm;12;0
12/00008_00014.ppm;12;0
12/00008_00015.ppm;12;0
12/00008_00016.ppm;12;0
12/00008_00017.ppm;12;0
12/00008_00018.ppm;12;0
12/00008_00019.ppm;12;0
12/00008_00020.ppm;12;0
12/00008_00021.ppm;12;0
12/00008_00022.ppm;12;0
12/00008_00023.ppm;12;0
12/00008_00024.ppm;12;0
12/00008_00025.ppm;12;0
12/00008_00026.ppm;12;0
12/00008_00027.ppm;12;0
12/00008_00028.ppm;12;0
12/00008_00029.ppm;12;0
12/00009_00000.ppm;12;0
12/00009_00001.ppm;12;0
12/00009_00002.ppm;12;0
12/00009_00003.ppm;12;0
12/00009_00004.ppm;12;0
12/00009_00005.ppm;12;0
12/00009_00006.ppm;12;0
12/00009_00007.ppm;12;0
12/00009_00008.ppm;12;0
12/00009_00009.ppm;12;0
12/00009_00010.ppm;12;0
12/00009_00011.ppm;12;0
12/00009_00012.ppm;12;0
12/00009_00013.ppm;12;0
12/00009_00014.ppm;12;0
12/00009_00015.ppm;12;0
12/00009_00016.ppm;12;0
12/00009_00017.ppm;12;0
12/00009_00018.ppm;12;0
12/00009_00019.ppm;12;0
12/00009_00020.ppm;12;0
12/00009_00021.ppm;12;0
12/00009_00022.ppm;12;0
12/00009_00023.ppm;12;0
12/00009_00024.ppm;12;0
12/00009_00025.ppm;12;0
12/00009_00026.ppm;12;0
12/00009_00027.ppm;12;0
12/00009_00028.ppm;12;0
12/00009_00029.ppm;12;0
12/00010_00000.ppm;12;0
12/00010_00001.ppm;12;0
12/00010_00002.ppm;12;0
12/00010_00003.ppm;12;0
12/00010_00004.ppm;12;0
12/00010_00005.ppm;12;0
12/00010_00006.ppm;12;0
12/00010_00007.ppm;12;0
12/00010_00008.ppm;12;0
12/00010_00009.ppm;12;0
12/00010_00010.ppm;12;0
12/00010_00011.ppm;12;0
12/00010_00012.ppm;12;0
12/00010_00013.ppm;12;0
12/00010_00014.ppm;12;0
12/00010_00015.ppm;12;0
12/00010_00016.ppm;12;0
12/00010_00017.ppm;12;0
12/00010_00018.ppm;12;0
12/00010_00019.ppm;12;0
12/00010_00020.ppm;12;0
12/00010_00021.ppm;12;0
12/00010_00022.ppm;12;0
12/00010_00023.ppm;12;0
12/00010_00024.ppm;12;0
12/00010_00025.ppm;12;0
12/00010_00026.ppm;12;0
12/00010_00027.ppm;12;0
12/00010_00028.ppm;12;0
12/00010_00029.ppm;12;0
12/00011_00000.ppm;12;0
12/00011_00001.ppm;12;0
12/00011_00002.ppm;12;0
12/00011_00003.ppm;12;0
12/00011_00004.ppm;12;0
12/00011_00005.ppm;12;0
12/00011_00006.ppm;12;0
12/00011_00007.ppm;12;0
12/00011_00008.ppm;12;0
12/00011_00009.ppm;12;0
12/00011_00010.ppm;12;0
12/00011_00011.ppm;12;0
12/00011_00012.ppm;12;0
12/00011_00013.ppm;12;0
12/00011_00014.ppm;12;0
12/00011_00015.ppm;12;0
12/00011_00016.ppm;12;0
12/00011_00017.ppm;12;0
12/00011_00018.ppm;12;0
12/00011_00019.ppm;12;0
12/00011_00020.ppm;12;0
12/00011_00021.ppm;12;0
12/00011_00022.ppm;12;0
12/00011_00023.ppm;12;0
12/00011_00024.ppm;12;0
12/00011_00025.ppm;12;0
12/00011_00026.ppm;12;0
12/00011_00027.ppm;12;0
12/00011_00028.ppm;12;0
12/00011_00029.ppm;12;0
12/00012_00000.ppm;12;0
12/00012_00001.ppm;12;0
12/00012_00002.ppm;12;0
12/00012_00003.ppm;12;0
12/00012_00004.ppm;12;0
12/00012_00005.ppm;12;0
12/00012_00006.ppm;12;0
12/00012_00007.ppm;12;0
12/00012_00008.ppm;12;0
12/00012_00009.ppm;12;0
12/00012_00010.ppm;12;0
12/00012_00011.ppm;12;0
12/00012_00012.ppm;12;0
12/00012_00013.ppm;12;0
12/00012_00014.ppm;12;0
12/00012_00015.ppm;12;0
12/00012_00016.ppm;12;0
12/00012_00017.ppm;12;0
12/00012_00018.ppm;12;0
12/00012_00019.ppm;12;0
12/00012_00020.ppm;12;0
12/00012_00021.ppm;12;0
12/00012_00022.ppm;12;0
12/00012_00023.ppm;12;0
12/00012_00024.ppm;12;0
12/00012_00025.ppm;12;0
12/00012_00026.ppm;12;0
12/00012_00027.ppm;12;0
12/00012_00028.ppm;12;0
12/00012_00029.ppm;12;0
12/00013_00000.ppm;12;0
12/00013_00001.ppm;12;0
12/00013_00002.ppm;12;0
12/00013_00003.ppm;12;0
12/00013_00004.ppm;12;0
12/00013_00005.ppm;12;0
12/00013_00006.ppm;12;0
12/00013_00007.ppm;12;0
12/00013_00008.ppm;12;0
12/00013_00009.ppm;12;0
12/00013_00010.ppm;12;0
12/00013_00011.ppm;12;0
12/00013_00012.ppm;12;0
12/00013_00013.ppm;12;0
12/00013_00014.ppm;12;0
12/00013_00015.ppm;12;0
12/00013_00016.ppm;12;0
12/00013_00017.ppm;12;0
12/00013_00018.ppm;12;0
12/00013_00019.ppm;12;0
12/00013_00020.ppm;12;0
12/00013_00021.ppm;12;0
12/00013_00022.ppm;12;0
12/00013_00023.ppm;12;0
12/00013_00024.ppm;12;0
12/00013_00025.ppm;12;0
12/00013_00026.ppm;12;0
12/00013_00027.ppm;12;0
12/00013_00028.ppm;12;0
12/00013_00029.ppm;12;0
12/00014_00000.ppm;12;0
12/00014_00001.ppm;12;0
12/00014_00002.ppm;12;0
12/00014_00003.ppm;12;0
12/00014_00004.ppm;12;0
12/00014_00005.ppm;12;0
12/00014_00006.ppm;12;0
12/00014_00007.ppm;12;0
12/00014_00008.ppm;12;0
12/00014_00009.ppm;12;0
12/00014_00010.ppm;12;0
12/00014_00011.ppm;12;0
12/00014_00012.ppm;12;0
12/00014_00013.ppm;12;0
12/00014_00014.ppm;12;0
12/00014_00015.ppm;12;0
12/00014_00016.ppm;12;0
12/00014_00017.ppm;12;0
12/00014_00018.ppm;12;0
12/00014_00019.ppm;12;0
12/00014_00020.ppm;12;0
12/00014_00021.ppm;12;0
12/00014_00022.ppm;12;0
12/00014_00023.ppm;12;0
12/00014_00024.ppm;12;0
12/00014_00025.ppm;12;0
12/00014_00026.ppm;12;0
12/00014_00027.ppm;12;0
12/00014_00028.ppm;12;0
12/00014_00029.ppm;12;0
12/00015_00000.ppm;12;0
12/00015_00001.ppm;12;0
12/00015_00002.ppm;12;0
12/00015_00003.ppm;12;0
12/00015_00004.ppm;12;0
12/00015_00005.ppm;12;0
12/00015_00006.ppm;12;0
12/00015_00007.ppm;12;0
12/00015_00008.ppm;12;0
12/00015_00009.ppm;12;0
12/00015_00010.ppm;12;0
12/00015_00011.ppm;12;0
12/00015_00012.ppm;12;0
12/00015_00013.ppm;12;0
12/00015_00014.ppm;12;0
12/00015_00015.ppm;12;0
12/00015_00016.ppm;12;0
12/00015_00017.ppm;12;0
12/00015_00018.ppm;12;0
12/00015_00019.ppm;12;0
12/00015_00020.ppm;12;0
12/00015_00021.ppm;12;0
12/00015_00022.ppm;12;0
12/00015_00023.ppm;12;0
12/00015_00024.ppm;12;0
12/00015_00025.ppm;12;0
12/00015_00026.ppm;12;0
12/00015_00027.ppm;12;0
12/00015_00028.ppm;12;0
12/00015_00029.ppm;12;0
12/00016_00000.ppm;12;0
12/00016_00001.ppm;12;0
12/00016_00002.ppm;12;0
12/00016_00003.ppm;12;0
12/00016_00004.ppm;12;0
12/00016_00005.ppm;12;0
12/00016_00006.ppm;12;0
12/00016_00007.ppm;12;0
12/00016_00008.ppm;12;0
12/00016_00009.ppm;12;0
12/00016_00010.ppm;12;0
12/00016_00011.ppm;12;0
12/00016_00012.ppm;12;0
12/00016_00013.ppm;12;0
12/00016_00014.ppm;12;0
12/00016_00015.ppm;12;0
12/00016_00016.ppm;12;0
12/00016_00017.ppm;12;0
12/00016_00018.ppm;12;0
12/00016_00019.ppm;12;0
12/00016_00020.ppm;12;0
12/00016_00021.ppm;12;0
12/00016_00022.ppm;12;0
12/00016_00023.ppm;12;0
12/00016_00024.ppm;12;0
12/00016_00025.ppm;12;0
12/00016_00026.ppm;12;0
12/00016_00027.ppm;12;0
12/00016_00028.ppm;12;0
12/00016_00029.ppm;12;0
12/00017_00000.ppm;12;0
12/00017_00001.ppm;12;0
12/00017_00002.ppm;12;0
12/00017_00003.ppm;12;0
12/00017_00004.ppm;12;0
12/00017_00005.ppm;12;0
12/00017_00006.ppm;12;0
12/00017_00007.ppm;12;0
12/00017_00008.ppm;12;0
12/00017_00009.ppm;12;0
12/00017_00010.ppm;12;0
12/00017_00011.ppm;12;0
12/00017_00012.ppm;12;0
12/00017_00013.ppm;12;0
12/00017_00014.ppm;12;0
12/00017_00015.ppm;12;0
12/00017_00016.ppm;12;0
12/00017_00017.ppm;12;0
12/00017_00018.ppm;12;0
12/00017_00019.ppm;12;0
12/00017_00020.ppm;12;0
12/00017_00021.ppm;12;0
12/00017_00022.ppm;12;0
12/00017_00023.ppm;12;0
12/00017_00024.ppm;12;0
12/00017_00025.ppm;12;0
12/00017_00026.ppm;12;0
12/00017_00027.ppm;12;0
12/00017_00028.ppm;12;0
12/00017_00029.ppm;12;0
12/00018_00000.ppm;12;0
12/00018_00001.ppm;12;0
12/00018_00002.ppm;12;0
12/00018_00003.ppm;12;0
12/00018_00004.ppm;12;0
12/00018_00005.ppm;12;0
12/00018_00006.ppm;12;0
12/00018_00007.ppm;12;0
12/00018_00008.ppm;12;0
12/00018_00009.ppm;12;0
12/00018_00010.ppm;12;0
12/00018_00011.ppm;12;0
12/00018_00012.ppm;12;0
12/00018_00013.ppm;12;0
12/00018_00014.ppm;12;0
12/00018_00015.ppm;12;0
12/00018_00016.ppm;12;0
12/00018_00017.ppm;12;0
12/00018_00018.ppm;12;0
12/00018_00019.ppm;12;0
12/00018_00020.ppm;12;0
12/00018_00021.ppm;12;0
12/00018_00022.ppm;12;0
12/00018_00023.ppm;12;0
12/00018_00024.ppm;12;0
12/00018_00025.ppm;12;0
12/00018_00026.ppm;12;0
12/00018_00027.ppm;12;0
12/00018_00028.ppm;12;0
12/00018_00029.ppm;12;0
12/00019_00000.ppm;12;0
12/00019_00001.ppm;12;0
12/00019_00002.ppm;12;0
12/00019_00003.ppm;12;0
12/00019_00004.ppm;12;0
12/00019_00005.ppm;12;0
12/00019_00006.ppm;12;0
12/00019_00007.ppm;12;0
12/00019_00008.ppm;12;0
12/00019_00009.ppm;12;0
12/00019_00010.ppm;12;0
12/00019_00011.ppm;12;0
12/00019_00012.ppm;12;0
12/00019_00013.ppm;12;0
12/00019_00014.ppm;12;0
12/00019_00015.ppm;12;0
12/00019_00016.ppm;12;0
12/00019_00017.ppm;12;0
12/00019_00018.ppm;12;0
12/00019_00019.ppm;12;0
12/00019_00020.ppm;12;0
12/00019_00021.ppm;12;0
12/00019_00022.ppm;12;0
12/00019_00023.ppm;12;0
12/00019_00024.ppm;12;0
12/00019_00025.ppm;12;0
12/00019_00026.ppm;12;0
12/00019_00027.ppm;12;0
12/00019_00028.ppm;12;0
12/00019_00029.ppm;12;0
12/00020_00000.ppm;12;0
12/00020_00001.ppm;12;0
12/00020_00002.ppm;12;0
12/00020_00003.ppm;12;0
12/00020_00004.ppm;12;0
12/00020_00005.ppm;12;0
12/00020_00006.ppm;12;0
12/00020_00007.ppm;12;0
12/00020_00008.ppm;12;0
12/00020_00009.ppm;12;0
12/00020_00010.ppm;12;0
12/00020_00011.ppm;12;0
12/00020_00012.ppm;12;0
12/00020_00013.ppm;12;0
12/00020_00014.ppm;12;0
12/00020_00015.ppm;12;0
12/00020_00016.ppm;12;0
12/00020_00017.ppm;12;0
12/00020_00018.ppm;12;0
12/00020_00019.ppm;12;0
12/00020_00020.ppm;12;0
12/00020_00021.ppm;12;0
12/00020_00022.ppm;12;0
12/00020_00023.ppm;12;0
12/00020_00024.ppm;12;0
12/00020_00025.ppm;12;0
12/00020_00026.ppm;12;0
12/00020_00027.ppm;12;0
12/00020_00028.ppm;12;0
12/00020_00029.ppm;12;0
12/00021_00000.ppm;12;0
12/00021_00001.ppm;12;0
12/00021_00002.ppm;12;0
12/00021_00003.ppm;12;0
12/00021_00004.ppm;12;0
12/00021_00005.ppm;12;0
12/00021_00006.ppm;12;0
12/00021_00007.ppm;12;0
12/00021_00008.ppm;12;0
12/00021_00009.ppm;12;0
12/00021_00010.ppm;12;0
12/00021_00011.ppm;12;0
12/00021_00012.ppm;12;0
12/00021_00013.ppm;12;0
12/00021_00014.ppm;12;0
12/00021_00015.ppm;12;0
12/00021_00016.ppm;12;0
12/00021_00017.ppm;12;0
12/00021_00018.ppm;12;0
12/00021_00019.ppm;12;0
12/00021_00020.ppm;12;0
12/00021_00021.ppm;12;0
12/00021_00022.ppm;12;0
12/00021_00023.ppm;12;0
12/00021_00024.ppm;12;0
12/00021_00025.ppm;12;0
12/00021_00026.ppm;12;0
12/00021_00027.ppm;12;0
12/00021_00028.ppm;12;0
12/00021_00029.ppm;12;0
12/00022_00000.ppm;12;0
12/00022_00001.ppm;12;0
12/00022_00002.ppm;12;0
12/00022_00003.ppm;12;0
12/00022_00004.ppm;12;0
12/00022_00005.ppm;12;0
12/00022_00006.ppm;12;0
12/00022_00007.ppm;12;0
12/00022_00008.ppm;12;0
12/00022_00009.ppm;12;0
12/00022_00010.ppm;12;0
12/00022_00011.ppm;12;0
12/00022_00012.ppm;12;0
12/00022_00013.ppm;12;0
12/00022_00014.ppm;12;0
12/00022_00015.ppm;12;0
12/00022_00016.ppm;12;0
12/00022_00017.ppm;12;0
12/00022_00018.ppm;12;0
12/00022_00019.ppm;12;0
12/00022_00020.ppm;12;0
12/00022_00021.ppm;12;0
12/00022_00022.ppm;12;0
12/00022_00023.ppm;12;0
12/00022_00024.ppm;12;0
12/00022_00025.ppm;12;0
12/00022_00026.ppm;12;0
12/00022_00027.ppm;12;0
12/00022_00028.ppm;12;0
12/00022_00029.ppm;12;0
12/00023_00000.ppm;12;0
12/00023_00001.ppm;12;0
12/00023_00002.ppm;12;0
12/00023_00003.ppm;12;0
12/00023_00004.ppm;12;0
12/00023_00005.ppm;12;0
12/00023_00006.ppm;12;0
12/00023_00007.ppm;12;0
12/00023_00008.ppm;12;0
12/00023_00009.ppm;12;0
12/00023_00010.ppm;12;0
12/00023_00011.ppm;12;0
12/00023_00012.ppm;12;0
12/00023_00013.ppm;12;0
12/00023_00014.ppm;12;0
12/00023_00015.ppm;12;0
12/00023_00016.ppm;12;0
12/00023_00017.ppm;12;0
12/00023_00018.ppm;12;0
12/00023_00019.ppm;12;0
12/00023_00020.ppm;12;0
12/00023_00021.ppm;12;0
12/00023_00022.ppm;12;0
12/00023_00023.ppm;12;0
12/00023_00024.ppm;12;0
12/00023_00025.ppm;12;0
12/00023_00026.ppm;12;0
12/00023_00027.ppm;12;0
12/00023_00028.ppm;12;0
12/00023_00029.ppm;12;0
12/00024_00000.ppm;12;0
12/00024_00001.ppm;12;0
12/00024_00002.ppm;12;0
12/00024_00003.ppm;12;0
12/00024_00004.ppm;12;0
12/00024_00005.ppm;12;0
12/00024_00006.ppm;12;0
12/00024_00007.ppm;12;0
12/00024_00008.ppm;12;0
12/00024_00009.ppm;12;0
12/00024_00010.ppm;12;0
12/00024_00011.ppm;12;0
12/00024_00012.ppm;12;0
12/00024_00013.ppm;12;0
12/00024_00014.ppm;12;0
12/00024_00015.ppm;12;0
12/00024_00016.ppm;12;0
12/00024_00017.ppm;12;0
12/00024_00018.ppm;12;0
12/00024_00019.ppm;12;0
12/00024_00020.ppm;12;0
12/00024_00021.ppm;12;0
12/00024_00022.ppm;12;0
12/00024_00023.ppm;12;0
12/00024_00024.ppm;12;0
12/00024_00025.ppm;12;0
12/00024_00026.ppm;12;0
12/00024_00027.ppm;12;0
12/00024_00028.ppm;12;0
12/00024_00029.ppm;12;0
12/00025_00000.ppm;12;0
12/00025_00001.ppm;12;0
12/00025_00002.ppm;12;0
12/00025_00003.ppm;12;0
12/00025_00004.ppm;12;0
12/00025_00005.ppm;12;0
12/00025_00006.ppm;12;0
12/00025_00007.ppm;12;0
12/00025_00008.ppm;12;0
12/00025_00009.ppm;12;0
12/00025_00010.ppm;12;0
12/00025_00011.ppm;12;0
12/00025_00012.ppm;12;0
12/00025_00013.ppm;12;0
12/00025_00014.ppm;12;0
12/00025_00015.ppm;12;0
12/00025_00016.ppm;12;0
12/00025_00017.ppm;12;0
12/00025_00018.ppm;12;0
12/00025_00019.ppm;12;0
12/00025_00020.ppm;12;0
12/00025_00021.ppm;12;0
12/00025_00022.ppm;12;0
12/00025_00023.ppm;12;0
12/00025_00024.ppm;12;0
12/00025_00025.ppm;12;0
12/00025_00026.ppm;12;0
12/00025_00027.ppm;12;0
12/00025_00028.ppm;12;0
12/00025_00029.ppm;12;0
12/00026_00000.ppm;12;0
12/00026_00001.ppm;12;0
12/00026_00002.ppm;12;0
12/00026_00003.ppm;12;0
12/00026_00004.ppm;12;0
12/00026_00005.ppm;12;0
12/00026_00006.ppm;12;0
12/00026_00007.ppm;12;0
12/00026_00008.ppm;12;0
12/00026_00009.ppm;12;0
12/00026_00010.ppm;12;0
12/00026_00011.ppm;12;0
12/00026_00012.ppm;12;0
12/00026_00013.ppm;12;0
12/00026_00014.ppm;12;0
12/00026_00015.ppm;12;0
12/00026_00016.ppm;12;0
12/00026_00017.ppm;12;0
12/00026_00018.ppm;12;0
12/00026_00019.ppm;12;0
12/00026_00020.ppm;12;0
12/00026_00021.ppm;12;0
12/00026_00022.ppm;12;0
12/00026_00023.ppm;12;0
12/00026_00024.ppm;12;0
12/00026_00025.ppm;12;0
12/00026_00026.ppm;12;0
12/00026_00027.ppm;12;0
12/00026_00028.ppm;12;0
12/00026_00029.ppm;12;0
12/00027_00000.ppm;12;0
12/00027_00001.ppm;12;0
12/00027_00002.ppm;12;0
12/00027_00003.ppm;12;0
12/00027_00004.ppm;12;0
12/00027_00005.ppm;12;0
12/00027_00006.ppm;12;0
12/00027_00007.ppm;12;0
12/00027_00008.ppm;12;0
12/00027_00009.ppm;12;0
12/00027_00010.ppm;12;0
12/00027_00011.ppm;12;0
12/00027_00012.ppm;12;0
12/00027_00013.ppm;12;0
12/00027_00014.ppm;12;0
12/00027_00015.ppm;12;0
12/00027_00016.ppm;12;0
12/00027_00017.ppm;12;0
12/00027_00018.ppm;12;0
12/00027_00019.ppm;12;0
12/00027_00020.ppm;12;0
12/00027_00021.ppm;12;0
12/00027_00022.ppm;12;0
12/00027_00023.ppm;12;0
12/00027_00024.ppm;12;0
12/00027_00025.ppm;12;0
12/00027_00026.ppm;12;0
12/00027_00027.ppm;12;0
12/00027_00028.ppm;12;0
12/00027_00029.ppm;12;0
12/00028_00000.ppm;12;0
12/00028_00001.ppm;12;0
12/00028_00002.ppm;12;0
12/00028_00003.ppm;12;0
12/00028_00004.ppm;12;0
12/00028_00005.ppm;12;0
12/00028_00006.ppm;12;0
12/00028_00007.ppm;12;0
12/00028_00008.ppm;12;0
12/00028_00009.ppm;12;0
12/00028_00010.ppm;12;0
12/00028_00011.ppm;12;0
12/00028_00012.ppm;12;0
12/00028_00013.ppm;12;0
12/00028_00014.ppm;12;0
12/00028_00015.ppm;12;0
12/00028_00016.ppm;12;0
12/00028_00017.ppm;12;0
12/00028_00018.ppm;12;0
12/00028_00019.ppm;12;0
12/00028_00020.ppm;12;0
12/00028_00021.ppm;12;0
12/00028_00022.ppm;12;0
12/00028_00023.ppm;12;0
12/00028_00024.ppm;12;0
12/00028_00025.ppm;12;0
12/00028_00026.ppm;12;0
12/00028_00027.ppm;12;0
12/00028_00028.ppm;12;0
12/00028_00029.ppm;12;0
12/00029_00000.ppm;12;0
12/00029_00001.ppm;12;0
12/00029_00002.ppm;12;0
12/00029_00003.ppm;12;0
12/00029_00004.ppm;12;0
12/00029_00005.ppm;12;0
12/00029_00006.ppm;12;0
12/00029_00007.ppm;12;0
12/00029_00008.ppm;12;0
12/00029_00009.ppm;12;0
12/00029_00010.ppm;12;0
12/00029_00011.ppm;12;0
12/00029_00012.ppm;12;0
12/00029_00013.ppm;12;0
12/00029_00014.ppm;12;0
12/00029_00015.ppm;12;0
12/00029_00016.ppm;12;0
12/00029_00017.ppm;12;0
12/00029_00018.ppm;12;0
12/00029_00019.ppm;12;0
12/00029_00020.ppm;12;0
12/00029_00021.ppm;12;0
12/00029_00022.ppm;12;0
12/00029_00023.ppm;12;0
12/00029_00024.ppm;12;0
12/00029_00025.ppm;12;0
12/00029_00026.ppm;12;0
12/00029_00027.ppm;12;0
12/00029_00028.ppm;12;0
12/00029_00029.ppm;12;0
12/00030_00000.ppm;12;0
12/00030_00001.ppm;12;0
12/00030_00002.ppm;12;0
12/00030_00003.ppm;12;0
12/00030_00004.ppm;12;0
12/00030_00005.ppm;12;0
12/00030_00006.ppm;12;0
12/00030_00007.ppm;12;0
12/00030_00008.ppm;12;0
12/00030_00009.ppm;12;0
12/00030_00010.ppm;12;0
12/00030_00011.ppm;12;0
12/00030_00012.ppm;12;0
12/00030_00013.ppm;12;0
12/00030_00014.ppm;12;0
12/00030_00015.ppm;12;0
12/00030_00016.ppm;12;0
12/00030_00017.ppm;12;0
12/00030_00018.ppm;12;0
12/00030_00019.ppm;12;0
12/00030_00020.ppm;12;0
12/00030_00021.ppm;12;0
12/00030_00022.ppm;12;0
12/00030_00023.ppm;12;0
12/00030_00024.ppm;12;0
12/00030_00025.ppm;12;0
12/00030_00026.ppm;12;0
12/00030_00027.ppm;12;0
12/00030_00028.ppm;12;0
12/00030_00029.ppm;12;0
12/00031_00000.ppm;12;0
12/00031_00001.ppm;12;0
12/00031_00002.ppm;12;0
12/00031_00003.ppm;12;0
12/00031_00004.ppm;12;0
12/00031_00005.ppm;12;0
12/00031_00006.ppm;12;0
12/00031_00007.ppm;12;0
12/00031_00008.ppm;12;0
12/00031_00009.ppm;12;0
12/00031_00010.ppm;12;0
12/00031_00011.ppm;12;0
12/00031_00012.ppm;12;0
12/00031_00013.ppm;12;0
12/00031_00014.ppm;12;0
12/00031_00015.ppm;12;0
12/00031_00016.ppm;12;0
12/00031_00017.ppm;12;0
12/00031_00018.ppm;12;0
12/00031_00019.ppm;12;0
12/00031_00020.ppm;12;0
12/00031_00021.ppm;12;0
12/00031_00022.ppm;12;0
12/00031_00023.ppm;12;0
12/00031_00024.ppm;12;0
12/00031_00025.ppm;12;0
12/00031_00026.ppm;12;0
12/00031_00027.ppm;12;0
12/00031_00028.ppm;12;0
12/00031_00029.ppm;12;0
12/00032_00000.ppm;12;0
12/00032_00001.ppm;12;0
12/00032_00002.ppm;12;0
12/00032_00003.ppm;12;0
12/00032_00004.ppm;12;0
12/00032_00005.ppm;12;0
12/00032_00006.ppm;12;0
12/00032_00007.ppm;12;0
12/00032_00008.ppm;12;0
12/00032_00009.ppm;12;0
12/00032_00010.ppm;12;0
12/00032_00011.ppm;12;0
12/00032_00012.ppm;12;0
12/00032_00013.ppm;12;0
12/00032_00014.ppm;12;0
12/00032_00015.ppm;12;0
12/00032_00016.ppm;12;0
12/00032_00017.ppm;12;0
12/00032_00018.ppm;12;0
12/00032_00019.ppm;12;0
12/00032_00020.ppm;12;0
12/00032_00021.ppm;12;0
12/00032_00022.ppm;12;0
12/00032_00023.ppm;12;0
12/00032_00024.ppm;12;0
12/00032_00025.ppm;12;0
12/00032_00026.ppm;12;0
12/00032_00027.ppm;12;0
12/00032_00028.ppm;12;0
12/00032_00029.ppm;12;0
12/00033_00000.ppm;12;0
12/00033_00001.ppm;12;0
12/00033_00002.ppm;12;0
12/00033_00003.ppm;12;0
12/00033_00004.ppm;12;0
12/00033_00005.ppm;12;0
12/00033_00006.ppm;12;0
12/00033_00007.ppm;12;0
12/00033_00008.ppm;12;0
12/00033_00009.ppm;12;0
12/00033_00010.ppm;12;0
12/00033_00011.ppm;12;0
12/00033_00012.ppm;12;0
12/00033_00013.ppm;12;0
12/00033_00014.ppm;12;0
12/00033_00015.ppm;12;0
12/00033_00016.ppm;12;0
12/00033_00017.ppm;12;0
12/00033_00018.ppm;12;0
12/00033_00019.ppm;12;0
12/00033_00020.ppm;12;0
12/00033_00021.ppm;12;0
12/00033_00022.ppm;12;0
12/00033_00023.ppm;12;0
12/00033_00024.ppm;12;0
12/00033_00025.ppm;12;0
12/00033_00026.ppm;12;0
12/00033_00027.ppm;12;0
12/00033_00028.ppm;12;0
12/00033_00029.ppm;12;0
12/00034_00000.ppm;12;0
12/00034_00001.ppm;12;0
12/00034_00002.ppm;12;0
12/00034_00003.ppm;12;0
12/00034_00004.ppm;12;0
12/00034_00005.ppm;12;0
12/00034_00006.ppm;12;0
12/00034_00007.ppm;12;0
12/00034_00008.ppm;12;0
12/00034_00009.ppm;12;0
12/00034_00010.ppm;12;0
12/00034_00011.ppm;12;0
12/00034_00012.ppm;12;0
12/00034_00013.ppm;12;0
12/00034_00014.ppm;12;0
12/00034_00015.ppm;12;0
12/00034_00016.ppm;12;0
12/00034_00017.ppm;12;0
12/00034_00018.ppm;12;0
12/00034_00019.ppm;12;0
12/00034_00020.ppm;12;0
12/00034_00021.ppm;12;0
12/00034_00022.ppm;12;0
12/00034_00023.ppm;12;0
12/00034_00024.ppm;12;0
12/00034_00025.ppm;12;0
12/00034_00026.ppm;12;0
12/00034_00027.ppm;12;0
12/00034_00028.ppm;12;0
12/00034_00029.ppm;12;0
12/00035_00000.ppm;12;0
12/00035_00001.ppm;12;0
12/00035_00002.ppm;12;0
12/00035_00003.ppm;12;0
12/00035_00004.ppm;12;0
12/00035_00005.ppm;12;0
12/00035_00006.ppm;12;0
12/00035_00007.ppm;12;0
12/00035_00008.ppm;12;0
12/00035_00009.ppm;12;0
12/00035_00010.ppm;12;0
12/00035_00011.ppm;12;0
12/00035_00012.ppm;12;0
12/00035_00013.ppm;12;0
12/00035_00014.ppm;12;0
12/00035_00015.ppm;12;0
12/00035_00016.ppm;12;0
12/00035_00017.ppm;12;0
12/00035_00018.ppm;12;0
12/00035_00019.ppm;12;0
12/00035_00020.ppm;12;0
12/00035_00021.ppm;12;0
12/00035_00022.ppm;12;0
12/00035_00023.ppm;12;0
12/00035_00024.ppm;12;0
12/00035_00025.ppm;12;0
12/00035_00026.ppm;12;0
12/00035_00027.ppm;12;0
12/00035_00028.ppm;12;0
12/00035_00029.ppm;12;0
12/00036_00000.ppm;12;0
12/00036_00001.ppm;12;0
12/00036_00002.ppm;12;0
12/00036_00003.ppm;12;0
12/00036_00004.ppm;12;0
12/00036_00005.ppm;12;0
12/00036_00006.ppm;12;0
12/00036_00007.ppm;12;0
12/00036_00008.ppm;12;0
12/00036_00009.ppm;12;0
12/00036_00010.ppm;12;0
12/00036_00011.ppm;12;0
12/00036_00012.ppm;12;0
12/00036_00013.ppm;12;0
12/00036_00014.ppm;12;0
12/00036_00015.ppm;12;0
12/00036_00016.ppm;12;0
12/00036_00017.ppm;12;0
12/00036_00018.ppm;12;0
12/00036_00019.ppm;12;0
12/00036_00020.ppm;12;0
12/00036_00021.ppm;12;0
12/00036_00022.ppm;12;0
12/00036_00023.ppm;12;0
12/00036_00024.ppm;12;0
12/00036_00025.ppm;12;0
12/00036_00026.ppm;12;0
12/00036_00027.ppm;12;0
12/00036_00028.ppm;12;0
12/00036_00029.ppm;12;0
12/00037_00000.ppm;12;0
12/00037_00001.ppm;12;0
12/00037_00002.ppm;12;0
12/00037_00003.ppm;12;0
12/00037_00004.ppm;12;0
12/00037_00005.ppm;12;0
12/00037_00006.ppm;12;0
12/00037_00007.ppm;12;0
12/00037_00008.ppm;12;0
12/00037_00009.ppm;12;0
12/00037_00010.ppm;12;0
12/00037_00011.ppm;12;0
12/00037_00012.ppm;12;0
12/00037_00013.ppm;12;0
12/00037_00014.ppm;12;0
12/00037_00015.ppm;12;0
12/00037_00016.ppm;12;0
12/00037_00017.ppm;12;0
12/00037_00018.ppm;12;0
12/00037_00019.ppm;12;0
12/00037_00020.ppm;12;0
12/00037_00021.ppm;12;0
12/00037_00022.ppm;12;0
12/00037_00023.ppm;12;0
12/00037_00024.ppm;12;0
12/00037_00025.ppm;12;0
12/00037_00026.ppm;12;0
12/00037_00027.ppm;12;0
12/00037_00028.ppm;12;0
12/00037_00029.ppm;12;0
12/00038_00000.ppm;12;0
12/00038_00001.ppm;12;0
12/00038_00002.ppm;12;0
12/00038_00003.ppm;12;0
12/00038_00004.ppm;12;0
12/00038_00005.ppm;12;0
12/00038_00006.ppm;12;0
12/00038_00007.ppm;12;0
12/00038_00008.ppm;12;0
12/00038_00009.ppm;12;0
12/00038_00010.ppm;12;0
12/00038_00011.ppm;12;0
12/00038_00012.ppm;12;0
12/00038_00013.ppm;12;0
12/00038_00014.ppm;12;0
12/00038_00015.ppm;12;0
12/00038_00016.ppm;12;0
12/00038_00017.ppm;12;0
12/00038_00018.ppm;12;0
12/00038_00019.ppm;12;0
12/00038_00020.ppm;12;0
12/00038_00021.ppm;12;0
12/00038_00022.ppm;12;0
12/00038_00023.ppm;12;0
12/00038_00024.ppm;12;0
12/00038_00025.ppm;12;0
12/00038_00026.ppm;12;0
12/00038_00027.ppm;12;0
12/00038_00028.ppm;12;0
12/00038_00029.ppm;12;0
12/00039_00000.ppm;12;0
12/00039_00001.ppm;12;0
12/00039_00002.ppm;12;0
12/00039_00003.ppm;12;0
12/00039_00004.ppm;12;0
12/00039_00005.ppm;12;0
12/00039_00006.ppm;12;0
12/00039_00007.ppm;12;0
12/00039_00008.ppm;12;0
12/00039_00009.ppm;12;0
12/00039_00010.ppm;12;0
12/00039_00011.ppm;12;0
12/00039_00012.ppm;12;0
12/00039_00013.ppm;12;0
12/00039_00014.ppm;12;0
12/00039_00015.ppm;12;0
12/00039_00016.ppm;12;0
12/00039_00017.ppm;12;0
12/00039_00018.ppm;12;0
12/00039_00019.ppm;12;0
12/00039_00020.ppm;12;0
12/00039_00021.ppm;12;0
12/00039_00022.ppm;12;0
12/00039_00023.ppm;12;0
12/00039_00024.ppm;12;0
12/00039_00025.ppm;12;0
12/00039_00026.ppm;12;0
12/00039_00027.ppm;12;0
12/00039_00028.ppm;12;0
12/00039_00029.ppm;12;0
12/00040_00000.ppm;12;0
12/00040_00001.ppm;12;0
12/00040_00002.ppm;12;0
12/00040_00003.ppm;12;0
12/00040_00004.ppm;12;0
12/00040_00005.ppm;12;0
12/00040_00006.ppm;12;0
12/00040_00007.ppm;12;0
12/00040_00008.ppm;12;0
12/00040_00009.ppm;12;0
12/00040_00010.ppm;12;0
12/00040_00011.ppm;12;0
12/00040_00012.ppm;12;0
12/00040_00013.ppm;12;0
12/00040_00014.ppm;12;0
12/00040_00015.ppm;12;0
12/00040_00016.ppm;12;0
12/00040_00017.ppm;12;0
12/00040_00018.ppm;12;0
12/00040_00019.ppm;12;0
12/00040_00020.ppm;12;0
12/00040_00021.ppm;12;0
12/00040_00022.ppm;12;0
12/00040_00023.ppm;12;0
12/00040_00024.ppm;12;0
12/00040_00025.ppm;12;0
12/00040_00026.ppm;12;0
12/00040_00027.ppm;12;0
12/00040_00028.ppm;12;0
12/00040_00029.ppm;12;0
12/00041_00000.ppm;12;0
12/00041_00001.ppm;12;0
12/00041_00002.ppm;12;0
12/00041_00003.ppm;12;0
12/00041_00004.ppm;12;0
12/00041_00005.ppm;12;0
12/00041_00006.ppm;12;0
12/00041_00007.ppm;12;0
12/00041_00008.ppm;12;0
12/00041_00009.ppm;12;0
12/00041_00010.ppm;12;0
12/00041_00011.ppm;12;0
12/00041_00012.ppm;12;0
12/00041_00013.ppm;12;0
12/00041_00014.ppm;12;0
12/00041_00015.ppm;12;0
12/00041_00016.ppm;12;0
12/00041_00017.ppm;12;0
12/00041_00018.ppm;12;0
12/00041_00019.ppm;12;0
12/00041_00020.ppm;12;0
12/00041_00021.ppm;12;0
12/00041_00022.ppm;12;0
12/00041_00023.ppm;12;0
12/00041_00024.ppm;12;0
12/00041_00025.ppm;12;0
12/00041_00026.ppm;12;0
12/00041_00027.ppm;12;0
12/00041_00028.ppm;12;0
12/00041_00029.ppm;12;0
12/00042_00000.ppm;12;0
12/00042_00001.ppm;12;0
12/00042_00002.ppm;12;0
12/00042_00003.ppm;12;0
12/00042_00004.ppm;12;0
12/00042_00005.ppm;12;0
12/00042_00006.ppm;12;0
12/00042_00007.ppm;12;0
12/00042_00008.ppm;12;0
12/00042_00009.ppm;12;0
12/00042_00010.ppm;12;0
12/00042_00011.ppm;12;0
12/00042_00012.ppm;12;0
12/00042_00013.ppm;12;0
12/00042_00014.ppm;12;0
12/00042_00015.ppm;12;0
12/00042_00016.ppm;12;0
12/00042_00017.ppm;12;0
12/00042_00018.ppm;12;0
12/00042_00019.ppm;12;0
12/00042_00020.ppm;12;0
12/00042_00021.ppm;12;0
12/00042_00022.ppm;12;0
12/00042_00023.ppm;12;0
12/00042_00024.ppm;12;0
12/00042_00025.ppm;12;0
12/00042_00026.ppm;12;0
12/00042_00027.ppm;12;0
12/00042_00028.ppm;12;0
12/00042_00029.ppm;12;0
12/00043_00000.ppm;12;0
12/00043_00001.ppm;12;0
12/00043_00002.ppm;12;0
12/00043_00003.ppm;12;0
12/00043_00004.ppm;12;0
12/00043_00005.ppm;12;0
12/00043_00006.ppm;12;0
12/00043_00007.ppm;12;0
12/00043_00008.ppm;12;0
12/00043_00009.ppm;12;0
12/00043_00010.ppm;12;0
12/00043_00011.ppm;12;0
12/00043_00012.ppm;12;0
12/00043_00013.ppm;12;0
12/00043_00014.ppm;12;0
12/00043_00015.ppm;12;0
12/00043_00016.ppm;12;0
12/00043_00017.ppm;12;0
12/00043_00018.ppm;12;0
12/00043_00019.ppm;12;0
12/00043_00020.ppm;12;0
12/00043_00021.ppm;12;0
12/00043_00022.ppm;12;0
12/00043_00023.ppm;12;0
12/00043_00024.ppm;12;0
12/00043_00025.ppm;12;0
12/00043_00026.ppm;12;0
12/00043_00027.ppm;12;0
12/00043_00028.ppm;12;0
12/00043_00029.ppm;12;0
12/00044_00000.ppm;12;0
12/00044_00001.ppm;12;0
12/00044_00002.ppm;12;0
12/00044_00003.ppm;12;0
12/00044_00004.ppm;12;0
12/00044_00005.ppm;12;0
12/00044_00006.ppm;12;0
12/00044_00007.ppm;12;0
12/00044_00008.ppm;12;0
12/00044_00009.ppm;12;0
12/00044_00010.ppm;12;0
12/00044_00011.ppm;12;0
12/00044_00012.ppm;12;0
12/00044_00013.ppm;12;0
12/00044_00014.ppm;12;0
12/00044_00015.ppm;12;0
12/00044_00016.ppm;12;0
12/00044_00017.ppm;12;0
12/00044_00018.ppm;12;0
12/00044_00019.ppm;12;0
12/00044_00020.ppm;12;0
12/00044_00021.ppm;12;0
12/00044_00022.ppm;12;0
12/00044_00023.ppm;12;0
12/00044_00024.ppm;12;0
12/00044_00025.ppm;12;0
12/00044_00026.ppm;12;0
12/00044_00027.ppm;12;0
12/00044_00028.ppm;12;0
12/00044_00029.ppm;12;0
12/00045_00000.ppm;12;0
12/00045_00001.ppm;12;0
12/00045_00002.ppm;12;0
12/00045_00003.ppm;12;0
12/00045_00004.ppm;12;0
12/00045_00005.ppm;12;0
12/00045_00006.ppm;12;0
12/00045_00007.ppm;12;0
12/00045_00008.ppm;12;0
12/00045_00009.ppm;12;0
12/00045_00010.ppm;12;0
12/00045_00011.ppm;12;0
12/00045_00012.ppm;12;0
12/00045_00013.ppm;12;0
12/00045_00014.ppm;12;0
12/00045_00015.ppm;12;0
12/00045_00016.ppm;12;0
12/00045_00017.ppm;12;0
12/00045_00018.ppm;12;0
12/00045_00019.ppm;12;0
12/00045_00020.ppm;12;0
12/00045_00021.ppm;12;0
12/00045_00022.ppm;12;0
12/00045_00023.ppm;12;0
12/00045_00024.ppm;12;0
12/00045_00025.ppm;12;0
12/00045_00026.ppm;12;0
12/00045_00027.ppm;12;0
12/00045_00028.ppm;12;0
12/00045_00029.ppm;12;0
12/00046_00000.ppm;12;0
12/00046_00001.ppm;12;0
12/00046_00002.ppm;12;0
12/00046_00003.ppm;12;0
12/00046_00004.ppm;12;0
12/00046_00005.ppm;12;0
12/00046_00006.ppm;12;0
12/00046_00007.ppm;12;0
12/00046_00008.ppm;12;0
12/00046_00009.ppm;12;0
12/00046_00010.ppm;12;0
12/00046_00011.ppm;12;0
12/00046_00012.ppm;12;0
12/00046_00013.ppm;12;0
12/00046_00014.ppm;12;0
12/00046_00015.ppm;12;0
12/00046_00016.ppm;12;0
12/00046_00017.ppm;12;0
12/00046_00018.ppm;12;0
12/00046_00019.ppm;12;0
12/00046_00020.ppm;12;0
12/00046_00021.ppm;12;0
12/00046_00022.ppm;12;0
12/00046_00023.ppm;12;0
12/00046_00024.ppm;12;0
12/00046_00025.ppm;12;0
12/00046_00026.ppm;12;0
12/00046_00027.ppm;12;0
12/00046_00028.ppm;12;0
12/00046_00029.ppm;12;0
13/00000_00000.ppm;13;0
13/00000_00001.ppm;13;0
13/00000_00002.ppm;13;0
13/00000_00003.ppm;13;0
13/00000_00004.ppm;13;0
13/00000_00005.ppm;13;0
13/00000_00006.ppm;13;0
13/00000_00007.ppm;13;0
13/00000_00008.ppm;13;0
13/00000_00009.ppm;13;0
13/00000_00010.ppm;13;0
13/00000_00011.ppm;13;0
13/00000_00012.ppm;13;0
13/00000_00013.ppm;13;0
13/00000_00014.ppm;13;0
13/00000_00015.ppm;13;0
13/00000_00016.ppm;13;0
13/00000_00017.ppm;13;0
13/00000_00018.ppm;13;0
13/00000_00019.ppm;13;0
13/00000_00020.ppm;13;0
13/00000_00021.ppm;13;0
13/00000_00022.ppm;13;0
13/00000_00023.ppm;13;0
13/00000_00024.ppm;13;0
13/00000_00025.ppm;13;0
13/00000_00026.ppm;13;0
13/00000_00027.ppm;13;0
13/00000_00028.ppm;13;0
13/00000_00029.ppm;13;0
13/00001_00000.ppm;13;0
13/00001_00001.ppm;13;0
13/00001_00002.ppm;13;0
13/00001_00003.ppm;13;0
13/00001_00004.ppm;13;0
13/00001_00005.ppm;13;0
13/00001_00006.ppm;13;0
13/00001_00007.ppm;13;0
13/00001_00008.ppm;13;0
13/00001_00009.ppm;13;0
13/00001_00010.ppm;13;0
13/00001_00011.ppm;13;0
13/00001_00012.ppm;13;0
13/00001_00013.ppm;13;0
13/00001_00014.ppm;13;0
13/00001_00015.ppm;13;0
13/00001_00016.ppm;13;0
13/00001_00017.ppm;13;0
13/00001_00018.ppm;13;0
13/00001_00019.ppm;13;0
13/00001_00020.ppm;13;0
13/00001_00021.ppm;13;0
13/00001_00022.ppm;13;0
13/00001_00023.ppm;13;0
13/00001_00024.ppm;13;0
13/00001_00025.ppm;13;0
13/00001_00026.ppm;13;0
13/00001_00027.ppm;13;0
13/00001_00028.ppm;13;0
13/00001_00029.ppm;13;0
13/00002_00000.ppm;13;0
13/00002_00001.ppm;13;0
13/00002_00002.ppm;13;0
13/00002_00003.ppm;13;0
13/00002_00004.ppm;13;0
13/00002_00005.ppm;13;0
13/00002_00006.ppm;13;0
13/00002_00007.ppm;13;0
13/00002_00008.ppm;13;0
13/00002_00009.ppm;13;0
13/00002_00010.ppm;13;0
13/00002_00011.ppm;13;0
13/00002_00012.ppm;13;0
13/00002_00013.ppm;13;0
13/00002_00014.ppm;13;0
13/00002_00015.ppm;13;0
13/00002_00016.ppm;13;0
13/00002_00017.ppm;13;0
13/00002_00018.ppm;13;0
13/00002_00019.ppm;13;0
13/00002_00020.ppm;13;0
13/00002_00021.ppm;13;0
13/00002_00022.ppm;13;0
13/00002_00023.ppm;13;0
13/00002_00024.ppm;13;0
13/00002_00025.ppm;13;0
13/00002_00026.ppm;13;0
13/00002_00027.ppm;13;0
13/00002_00028.ppm;13;0
13/00002_00029.ppm;13;0
13/00003_00000.ppm;13;0
13/00003_00001.ppm;13;0
13/00003_00002.ppm;13;0
13/00003_00003.ppm;13;0
13/00003_00004.ppm;13;0
13/00003_00005.ppm;13;0
13/00003_00006.ppm;13;0
13/00003_00007.ppm;13;0
13/00003_00008.ppm;13;0
13/00003_00009.ppm;13;0
13/00003_00010.ppm;13;0
13/00003_00011.ppm;13;0
13/00003_00012.ppm;13;0
13/00003_00013.ppm;13;0
13/00003_00014.ppm;13;0
13/00003_00015.ppm;13;0
13/00003_00016.ppm;13;0
13/00003_00017.ppm;13;0
13/00003_00018.ppm;13;0
13/00003_00019.ppm;13;0
13/00003_00020.ppm;13;0
13/00003_00021.ppm;13;0
13/00003_00022.ppm;13;0
13/00003_00023.ppm;13;0
13/00003_00024.ppm;13;0
13/00003_00025.ppm;13;0
13/00003_00026.ppm;13;0
13/00003_00027.ppm;13;0
13/00003_00028.ppm;13;0
13/00003_00029.ppm;13;0
13/00004_00000.ppm;13;0
13/00004_00001.ppm;13;0
13/00004_00002.ppm;13;0
13/00004_00003.ppm;13;0
13/00004_00004.ppm;13;0
13/00004_00005.ppm;13;0
13/00004_00006.ppm;13;0
13/00004_00007.ppm;13;0
13/00004_00008.ppm;13;0
13/00004_00009.ppm;13;0
13/00004_00010.ppm;13;0
13/00004_00011.ppm;13;0
13/00004_00012.ppm;13;0
13/00004_00013.ppm;13;0
13/00004_00014.ppm;13;0
13/00004_00015.ppm;13;0
13/00004_00016.ppm;13;0
13/00004_00017.ppm;13;0
13/00004_00018.ppm;13;0
13/00004_00019.ppm;13;0
13/00004_00020.ppm;13;0
13/00004_00021.ppm;13;0
13/00004_00022.ppm;13;0
13/00004_00023.ppm;13;0
13/00004_00024.ppm;13;0
13/00004_00025.ppm;13;0
13/00004_00026.ppm;13;0
13/00004_00027.ppm;13;0
13/00004_00028.ppm;13;0
13/00004_00029.ppm;13;0
13/00005_00000.ppm;13;0
13/00005_00001.ppm;13;0
13/00005_00002.ppm;13;0
13/00005_00003.ppm;13;0
13/00005_00004.ppm;13;0
13/00005_00005.ppm;13;0
13/00005_00006.ppm;13;0
13/00005_00007.ppm;13;0
13/00005_00008.ppm;13;0
13/00005_00009.ppm;13;0
13/00005_00010.ppm;13;0
13/00005_00011.ppm;13;0
13/00005_00012.ppm;13;0
13/00005_00013.ppm;13;0
13/00005_00014.ppm;13;0
13/00005_00015.ppm;13;0
13/00005_00016.ppm;13;0
13/00005_00017.ppm;13;0
13/00005_00018.ppm;13;0
13/00005_00019.ppm;13;0
13/00005_00020.ppm;13;0
13/00005_00021.ppm;13;0
13/00005_00022.ppm;13;0
13/00005_00023.ppm;13;0
13/00005_00024.ppm;13;0
13/00005_00025.ppm;13;0
13/00005_00026.ppm;13;0
13/00005_00027.ppm;13;0
13/00005_00028.ppm;13;0
13/00005_00029.ppm;13;0
13/00006_00000.ppm;13;0
13/00006_00001.ppm;13;0
13/00006_00002.ppm;13;0
13/00006_00003.ppm;13;0
13/00006_00004.ppm;13;0
13/00006_00005.ppm;13;0
13/00006_00006.ppm;13;0
13/00006_00007.ppm;13;0
13/00006_00008.ppm;13;0
13/00006_00009.ppm;13;0
13/00006_00010.ppm;13;0
13/00006_00011.ppm;13;0
13/00006_00012.ppm;13;0
13/00006_00013.ppm;13;0
13/00006_00014.ppm;13;0
13/00006_00015.ppm;13;0
13/00006_00016.ppm;13;0
13/00006_00017.ppm;13;0
13/00006_00018.ppm;13;0
13/00006_00019.ppm;13;0
13/00006_00020.ppm;13;0
13/00006_00021.ppm;13;0
13/00006_00022.ppm;13;0
13/00006_00023.ppm;13;0
13/00006_00024.ppm;13;0
13/00006_00025.ppm;13;0
13/00006_00026.ppm;13;0
13/00006_00027.ppm;13;0
13/00006_00028.ppm;13;0
13/00006_00029.ppm;13;0
13/00007_00000.ppm;13;0
13/00007_00001.ppm;13;0
13/00007_00002.ppm;13;0
13/00007_00003.ppm;13;0
13/00007_00004.ppm;13;0
13/00007_00005.ppm;13;0
13/00007_00006.ppm;13;0
13/00007_00007.ppm;13;0
13/00007_00008.ppm;13;0
13/00007_00009.ppm;13;0
13/00007_00010.ppm;13;0
13/00007_00011.ppm;13;0
13/00007_00012.ppm;13;0
13/00007_00013.ppm;13;0
13/00007_00014.ppm;13;0
13/00007_00015.ppm;13;0
13/00007_00016.ppm;13;0
13/00007_00017.ppm;13;0
13/00007_00018.ppm;13;0
13/00007_00019.ppm;13;0
13/00007_00020.ppm;13;0
13/00007_00021.ppm;13;0
13/00007_00022.ppm;13;0
13/00007_00023.ppm;13;0
13/00007_00024.ppm;13;0
13/00007_00025.ppm;13;0
13/00007_00026.ppm;13;0
13/00007_00027.ppm;13;0
13/00007_00028.ppm;13;0
13/00007_00029.ppm;13;0
13/00008_00000.ppm;13;0
13/00008_00001.ppm;13;0
13/00008_00002.ppm;13;0
13/00008_00003.ppm;13;0
13/00008_00004.ppm;13;0
13/00008_00005.ppm;13;0
13/00008_00006.ppm;13;0
13/00008_00007.ppm;13;0
13/00008_00008.ppm;13;0
13/00008_00009.ppm;13;0
13/00008_00010.ppm;13;0
13/00008_00011.ppm;13;0
13/00008_00012.ppm;13;0
13/00008_00013.ppm;13;0
13/00008_00014.ppm;13;0
13/00008_00015.ppm;13;0
13/00008_00016.ppm;13;0
13/00008_00017.ppm;13;0
13/00008_00018.ppm;13;0
13/00008_00019.ppm;13;0
13/00008_00020.ppm;13;0
13/00008_00021.ppm;13;0
13/00008_00022.ppm;13;0
13/00008_00023.ppm;13;0
13/00008_00024.ppm;13;0
13/00008_00025.ppm;13;0
13/00008_00026.ppm;13;0
13/00008_00027.ppm;13;0
13/00008_00028.ppm;13;0
13/00008_00029.ppm;13;0
13/00009_00000.ppm;13;0
13/00009_00001.ppm;13;0
13/00009_00002.ppm;13;0
13/00009_00003.ppm;13;0
13/00009_00004.ppm;13;0
13/00009_00005.ppm;13;0
13/00009_00006.ppm;13;0
13/00009_00007.ppm;13;0
13/00009_00008.ppm;13;0
13/00009_00009.ppm;13;0
13/00009_00010.ppm;13;0
13/00009_00011.ppm;13;0
13/00009_00012.ppm;13;0
13/00009_00013.ppm;13;0
13/00009_00014.ppm;13;0
13/00009_00015.ppm;13;0
13/00009_00016.ppm;13;0
13/00009_00017.ppm;13;0
13/00009_00018.ppm;13;0
13/00009_00019.ppm;13;0
13/00009_00020.ppm;13;0
13/00009_00021.ppm;13;0
13/00009_00022.ppm;13;0
13/00009_00023.ppm;13;0
13/00009_00024.ppm;13;0
13/00009_00025.ppm;13;0
13/00009_00026.ppm;13;0
13/00009_00027.ppm;13;0
13/00009_00028.ppm;13;0
13/00009_00029.ppm;13;0
13/00010_00000.ppm;13;0
13/00010_00001.ppm;13;0
13/00010_00002.ppm;13;0
13/00010_00003.ppm;13;0
13/00010_00004.ppm;13;0
13/00010_00005.ppm;13;0
13/00010_00006.ppm;13;0
13/00010_00007.ppm;13;0
13/00010_00008.ppm;13;0
13/00010_00009.ppm;13;0
13/00010_00010.ppm;13;0
13/00010_00011.ppm;13;0
13/00010_00012.ppm;13;0
13/00010_00013.ppm;13;0
13/00010_00014.ppm;13;0
13/00010_00015.ppm;13;0
13/00010_00016.ppm;13;0
13/00010_00017.ppm;13;0
13/00010_00018.ppm;13;0
13/00010_00019.ppm;13;0
13/00010_00020.ppm;13;0
13/00010_00021.ppm;13;0
13/00010_00022.ppm;13;0
13/00010_00023.ppm;13;0
13/00010_00024.ppm;13;0
13/00010_00025.ppm;13;0
13/00010_00026.ppm;13;0
13/00010_00027.ppm;13;0
13/00010_00028.ppm;13;0
13/00010_00029.ppm;13;0
13/00011_00000.ppm;13;0
13/00011_00001.ppm;13;0
13/00011_00002.ppm;13;0
13/00011_00003.ppm;13;0
13/00011_00004.ppm;13;0
13/00011_00005.ppm;13;0
13/00011_00006.ppm;13;0
13/00011_00007.ppm;13;0
13/00011_00008.ppm;13;0
13/00011_00009.ppm;13;0
13/00011_00010.ppm;13;0
13/00011_00011.ppm;13;0
13/00011_00012.ppm;13;0
13/00011_00013.ppm;13;0
13/00011_00014.ppm;13;0
13/00011_00015.ppm;13;0
13/00011_00016.ppm;13;0
13/00011_00017.ppm;13;0
13/00011_00018.ppm;13;0
13/00011_00019.ppm;13;0
13/00011_00020.ppm;13;0
13/00011_00021.ppm;13;0
13/00011_00022.ppm;13;0
13/00011_00023.ppm;13;0
13/00011_00024.ppm;13;0
13/00011_00025.ppm;13;0
13/00011_00026.ppm;13;0
13/00011_00027.ppm;13;0
13/00011_00028.ppm;13;0
13/00011_00029.ppm;13;0
13/00012_00000.ppm;13;0
13/00012_00001.ppm;13;0
13/00012_00002.ppm;13;0
13/00012_00003.ppm;13;0
13/00012_00004.ppm;13;0
13/00012_00005.ppm;13;0
13/00012_00006.ppm;13;0
13/00012_00007.ppm;13;0
13/00012_00008.ppm;13;0
13/00012_00009.ppm;13;0
13/00012_00010.ppm;13;0
13/00012_00011.ppm;13;0
13/00012_00012.ppm;13;0
13/00012_00013.ppm;13;0
13/00012_00014.ppm;13;0
13/00012_00015.ppm;13;0
13/00012_00016.ppm;13;0
13/00012_00017.ppm;13;0
13/00012_00018.ppm;13;0
13/00012_00019.ppm;13;0
13/00012_00020.ppm;13;0
13/00012_00021.ppm;13;0
13/00012_00022.ppm;13;0
13/00012_00023.ppm;13;0
13/00012_00024.ppm;13;0
13/00012_00025.ppm;13;0
13/00012_00026.ppm;13;0
13/00012_00027.ppm;13;0
13/00012_00028.ppm;13;0
13/00012_00029.ppm;13;0
13/00013_00000.ppm;13;0
13/00013_00001.ppm;13;0
13/00013_00002.ppm;13;0
13/00013_00003.ppm;13;0
13/00013_00004.ppm;13;0
13/00013_00005.ppm;13;0
13/00013_00006.ppm;13;0
13/00013_00007.ppm;13;0
13/00013_00008.ppm;13;0
13/00013_00009.ppm;13;0
13/00013_00010.ppm;13;0
13/00013_00011.ppm;13;0
13/00013_00012.ppm;13;0
13/00013_00013.ppm;13;0
13/00013_00014.ppm;13;0
13/00013_00015.ppm;13;0
13/00013_00016.ppm;13;0
13/00013_00017.ppm;13;0
13/00013_00018.ppm;13;0
13/00013_00019.ppm;13;0
13/00013_00020.ppm;13;0
13/00013_00021.ppm;13;0
13/00013_00022.ppm;13;0
13/00013_00023.ppm;13;0
13/00013_00024.ppm;13;0
13/00013_00025.ppm;13;0
13/00013_00026.ppm;13;0
13/00013_00027.ppm;13;0
13/00013_00028.ppm;13;0
13/00013_00029.ppm;13;0
13/00014_00000.ppm;13;0
13/00014_00001.ppm;13;0
13/00014_00002.ppm;13;0
13/00014_00003.ppm;13;0
13/00014_00004.ppm;13;0
13/00014_00005.ppm;13;0
13/00014_00006.ppm;13;0
13/00014_00007.ppm;13;0
13/00014_00008.ppm;13;0
13/00014_00009.ppm;13;0
13/00014_00010.ppm;13;0
13/00014_00011.ppm;13;0
13/00014_00012.ppm;13;0
13/00014_00013.ppm;13;0
13/00014_00014.ppm;13;0
13/00014_00015.ppm;13;0
13/00014_00016.ppm;13;0
13/00014_00017.ppm;13;0
13/00014_00018.ppm;13;0
13/00014_00019.ppm;13;0
13/00014_00020.ppm;13;0
13/00014_00021.ppm;13;0
13/00014_00022.ppm;13;0
13/00014_00023.ppm;13;0
13/00014_00024.ppm;13;0
13/00014_00025.ppm;13;0
13/00014_00026.ppm;13;0
13/00014_00027.ppm;13;0
13/00014_00028.ppm;13;0
13/00014_00029.ppm;13;0
13/00015_00000.ppm;13;0
13/00015_00001.ppm;13;0
13/00015_00002.ppm;13;0
13/00015_00003.ppm;13;0
13/00015_00004.ppm;13;0
13/00015_00005.ppm;13;0
13/00015_00006.ppm;13;0
13/00015_00007.ppm;13;0
13/00015_00008.ppm;13;0
13/00015_00009.ppm;13;0
13/00015_00010.ppm;13;0
13/00015_00011.ppm;13;0
13/00015_00012.ppm;13;0
13/00015_00013.ppm;13;0
13/00015_00014.ppm;13;0
13/00015_00015.ppm;13;0
13/00015_00016.ppm;13;0
13/00015_00017.ppm;13;0
13/00015_00018.ppm;13;0
13/00015_00019.ppm;13;0
13/00015_00020.ppm;13;0
13/00015_00021.ppm;13;0
13/00015_00022.ppm;13;0
13/00015_00023.ppm;13;0
13/00015_00024.ppm;13;0
13/00015_00025.ppm;13;0
13/00015_00026.ppm;13;0
13/00015_00027.ppm;13;0
13/00015_00028.ppm;13;0
13/00015_00029.ppm;13;0
13/00016_00000.ppm;13;0
13/00016_00001.ppm;13;0
13/00016_00002.ppm;13;0
13/00016_00003.ppm;13;0
13/00016_00004.ppm;13;0
13/00016_00005.ppm;13;0
13/00016_00006.ppm;13;0
13/00016_00007.ppm;13;0
13/00016_00008.ppm;13;0
13/00016_00009.ppm;13;0
13/00016_00010.ppm;13;0
13/00016_00011.ppm;13;0
13/00016_00012.ppm;13;0
13/00016_00013.ppm;13;0
13/00016_00014.ppm;13;0
13/00016_00015.ppm;13;0
13/00016_00016.ppm;13;0
13/00016_00017.ppm;13;0
13/00016_00018.ppm;13;0
13/00016_00019.ppm;13;0
13/00016_00020.ppm;13;0
13/00016_00021.ppm;13;0
13/00016_00022.ppm;13;0
13/00016_00023.ppm;13;0
13/00016_00024.ppm;13;0
13/00016_00025.ppm;13;0
13/00016_00026.ppm;13;0
13/00016_00027.ppm;13;0
13/00016_00028.ppm;13;0
13/00016_00029.ppm;13;0
13/00017_00000.ppm;13;0
13/00017_00001.ppm;13;0
13/00017_00002.ppm;13;0
13/00017_00003.ppm;13;0
13/00017_00004.ppm;13;0
13/00017_00005.ppm;13;0
13/00017_00006.ppm;13;0
13/00017_00007.ppm;13;0
13/00017_00008.ppm;13;0
13/00017_00009.ppm;13;0
13/00017_00010.ppm;13;0
13/00017_00011.ppm;13;0
13/00017_00012.ppm;13;0
13/00017_00013.ppm;13;0
13/00017_00014.ppm;13;0
13/00017_00015.ppm;13;0
13/00017_00016.ppm;13;0
13/00017_00017.ppm;13;0
13/00017_00018.ppm;13;0
13/00017_00019.ppm;13;0
13/00017_00020.ppm;13;0
13/00017_00021.ppm;13;0
13/00017_00022.ppm;13;0
13/00017_00023.ppm;13;0
13/00017_00024.ppm;13;0
13/00017_00025.ppm;13;0
13/00017_00026.ppm;13;0
13/00017_00027.ppm;13;0
13/00017_00028.ppm;13;0
13/00017_00029.ppm;13;0
13/00018_00000.ppm;13;0
13/00018_00001.ppm;13;0
13/00018_00002.ppm;13;0
13/00018_00003.ppm;13;0
13/00018_00004.ppm;13;0
13/00018_00005.ppm;13;0
13/00018_00006.ppm;13;0
13/00018_00007.ppm;13;0
13/00018_00008.ppm;13;0
13/00018_00009.ppm;13;0
13/00018_00010.ppm;13;0
13/00018_00011.ppm;13;0
13/00018_00012.ppm;13;0
13/00018_00013.ppm;13;0
13/00018_00014.ppm;13;0
13/00018_00015.ppm;13;0
13/00018_00016.ppm;13;0
13/00018_00017.ppm;13;0
13/00018_00018.ppm;13;0
13/00018_00019.ppm;13;0
13/00018_00020.ppm;13;0
13/00018_00021.ppm;13;0
13/00018_00022.ppm;13;0
13/00018_00023.ppm;13;0
13/00018_00024.ppm;13;0
13/00018_00025.ppm;13;0
13/00018_00026.ppm;13;0
13/00018_00027.ppm;13;0
13/00018_00028.ppm;13;0
13/00018_00029.ppm;13;0
13/00019_00000.ppm;13;0
13/00019_00001.ppm;13;0
13/00019_00002.ppm;13;0
13/00019_00003.ppm;13;0
13/00019_00004.ppm;13;0
13/00019_00005.ppm;13;0
13/00019_00006.ppm;13;0
13/00019_00007.ppm;13;0
13/00019_00008.ppm;13;0
13/00019_00009.ppm;13;0
13/00019_00010.ppm;13;0
13/00019_00011.ppm;13;0
13/00019_00012.ppm;13;0
13/00019_00013.ppm;13;0
13/00019_00014.ppm;13;0
13/00019_00015.ppm;13;0
13/00019_00016.ppm;13;0
13/00019_00017.ppm;13;0
13/00019_00018.ppm;13;0
13/00019_00019.ppm;13;0
13/00019_00020.ppm;13;0
13/00019_00021.ppm;13;0
13/00019_00022.ppm;13;0
13/00019_00023.ppm;13;0
13/00019_00024.ppm;13;0
13/00019_00025.ppm;13;0
13/00019_00026.ppm;13;0
13/00019_00027.ppm;13;0
13/00019_00028.ppm;13;0
13/00019_00029.ppm;13;0
13/00020_00000.ppm;13;0
13/00020_00001.ppm;13;0
13/00020_00002.ppm;13;0
13/00020_00003.ppm;13;0
13/00020_00004.ppm;13;0
13/00020_00005.ppm;13;0
13/00020_00006.ppm;13;0
13/00020_00007.ppm;13;0
13/00020_00008.ppm;13;0
13/00020_00009.ppm;13;0
13/00020_00010.ppm;13;0
13/00020_00011.ppm;13;0
13/00020_00012.ppm;13;0
13/00020_00013.ppm;13;0
13/00020_00014.ppm;13;0
13/00020_00015.ppm;13;0
13/00020_00016.ppm;13;0
13/00020_00017.ppm;13;0
13/00020_00018.ppm;13;0
13/00020_00019.ppm;13;0
13/00020_00020.ppm;13;0
13/00020_00021.ppm;13;0
13/00020_00022.ppm;13;0
13/00020_00023.ppm;13;0
13/00020_00024.ppm;13;0
13/00020_00025.ppm;13;0
13/00020_00026.ppm;13;0
13/00020_00027.ppm;13;0
13/00020_00028.ppm;13;0
13/00020_00029.ppm;13;0
13/00021_00000.ppm;13;0
13/00021_00001.ppm;13;0
13/00021_00002.ppm;13;0
13/00021_00003.ppm;13;0
13/00021_00004.ppm;13;0
13/00021_00005.ppm;13;0
13/00021_00006.ppm;13;0
13/00021_00007.ppm;13;0
13/00021_00008.ppm;13;0
13/00021_00009.ppm;13;0
13/00021_00010.ppm;13;0
13/00021_00011.ppm;13;0
13/00021_00012.ppm;13;0
13/00021_00013.ppm;13;0
13/00021_00014.ppm;13;0
13/00021_00015.ppm;13;0
13/00021_00016.ppm;13;0
13/00021_00017.ppm;13;0
13/00021_00018.ppm;13;0
13/00021_00019.ppm;13;0
13/00021_00020.ppm;13;0
13/00021_00021.ppm;13;0
13/00021_00022.ppm;13;0
13/00021_00023.ppm;13;0
13/00021_00024.ppm;13;0
13/00021_00025.ppm;13;0
13/00021_00026.ppm;13;0
13/00021_00027.ppm;13;0
13/00021_00028.ppm;13;0
13/00021_00029.ppm;13;0
13/00022_00000.ppm;13;0
13/00022_00001.ppm;13;0
13/00022_00002.ppm;13;0
13/00022_00003.ppm;13;0
13/00022_00004.ppm;13;0
13/00022_00005.ppm;13;0
13/00022_00006.ppm;13;0
13/00022_00007.ppm;13;0
13/00022_00008.ppm;13;0
13/00022_00009.ppm;13;0
13/00022_00010.ppm;13;0
13/00022_00011.ppm;13;0
13/00022_00012.ppm;13;0
13/00022_00013.ppm;13;0
13/00022_00014.ppm;13;0
13/00022_00015.ppm;13;0
13/00022_00016.ppm;13;0
13/00022_00017.ppm;13;0
13/00022_00018.ppm;13;0
13/00022_00019.ppm;13;0
13/00022_00020.ppm;13;0
13/00022_00021.ppm;13;0
13/00022_00022.ppm;13;0
13/00022_00023.ppm;13;0
13/00022_00024.ppm;13;0
13/00022_00025.ppm;13;0
13/00022_00026.ppm;13;0
13/00022_00027.ppm;13;0
13/00022_00028.ppm;13;0
13/00022_00029.ppm;13;0
13/00023_00000.ppm;13;0
13/00023_00001.ppm;13;0
13/00023_00002.ppm;13;0
13/00023_00003.ppm;13;0
13/00023_00004.ppm;13;0
13/00023_00005.ppm;13;0
13/00023_00006.ppm;13;0
13/00023_00007.ppm;13;0
13/00023_00008.ppm;13;0
13/00023_00009.ppm;13;0
13/00023_00010.ppm;13;0
13/00023_00011.ppm;13;0
13/00023_00012.ppm;13;0
13/00023_00013.ppm;13;0
13/00023_00014.ppm;13;0
13/00023_00015.ppm;13;0
13/00023_00016.ppm;13;0
13/00023_00017.ppm;13;0
13/00023_00018.ppm;13;0
13/00023_00019.ppm;13;0
13/00023_00020.ppm;13;0
13/00023_00021.ppm;13;0
13/00023_00022.ppm;13;0
13/00023_00023.ppm;13;0
13/00023_00024.ppm;13;0
13/00023_00025.ppm;13;0
13/00023_00026.ppm;13;0
13/00023_00027.ppm;13;0
13/00023_00028.ppm;13;0
13/00023_00029.ppm;13;0
13/00024_00000.ppm;13;0
13/00024_00001.ppm;13;0
13/00024_00002.ppm;13;0
13/00024_00003.ppm;13;0
13/00024_00004.ppm;13;0
13/00024_00005.ppm;13;0
13/00024_00006.ppm;13;0
13/00024_00007.ppm;13;0
13/00024_00008.ppm;13;0
13/00024_00009.ppm;13;0
13/00024_00010.ppm;13;0
13/00024_00011.ppm;13;0
13/00024_00012.ppm;13;0
13/00024_00013.ppm;13;0
13/00024_00014.ppm;13;0
13/00024_00015.ppm;13;0
13/00024_00016.ppm;13;0
13/00024_00017.ppm;13;0
13/00024_00018.ppm;13;0
13/00024_00019.ppm;13;0
13/00024_00020.ppm;13;0
13/00024_00021.ppm;13;0
13/00024_00022.ppm;13;0
13/00024_00023.ppm;13;0
13/00024_00024.ppm;13;0
13/00024_00025.ppm;13;0
13/00024_00026.ppm;13;0
13/00024_00027.ppm;13;0
13/00024_00028.ppm;13;0
13/00024_00029.ppm;13;0
13/00025_00000.ppm;13;0
13/00025_00001.ppm;13;0
13/00025_00002.ppm;13;0
13/00025_00003.ppm;13;0
13/00025_00004.ppm;13;0
13/00025_00005.ppm;13;0
13/00025_00006.ppm;13;0
13/00025_00007.ppm;13;0
13/00025_00008.ppm;13;0
13/00025_00009.ppm;13;0
13/00025_00010.ppm;13;0
13/00025_00011.ppm;13;0
13/00025_00012.ppm;13;0
13/00025_00013.ppm;13;0
13/00025_00014.ppm;13;0
13/00025_00015.ppm;13;0
13/00025_00016.ppm;13;0
13/00025_00017.ppm;13;0
13/00025_00018.ppm;13;0
13/00025_00019.ppm;13;0
13/00025_00020.ppm;13;0
13/00025_00021.ppm;13;0
13/00025_00022.ppm;13;0
13/00025_00023.ppm;13;0
13/00025_00024.ppm;13;0
13/00025_00025.ppm;13;0
13/00025_00026.ppm;13;0
13/00025_00027.ppm;13;0
13/00025_00028.ppm;13;0
13/00025_00029.ppm;13;0
13/00026_00000.ppm;13;0
13/00026_00001.ppm;13;0
13/00026_00002.ppm;13;0
13/00026_00003.ppm;13;0
13/00026_00004.ppm;13;0
13/00026_00005.ppm;13;0
13/00026_00006.ppm;13;0
13/00026_00007.ppm;13;0
13/00026_00008.ppm;13;0
13/00026_00009.ppm;13;0
13/00026_00010.ppm;13;0
13/00026_00011.ppm;13;0
13/00026_00012.ppm;13;0
13/00026_00013.ppm;13;0
13/00026_00014.ppm;13;0
13/00026_00015.ppm;13;0
13/00026_00016.ppm;13;0
13/00026_00017.ppm;13;0
13/00026_00018.ppm;13;0
13/00026_00019.ppm;13;0
13/00026_00020.ppm;13;0
13/00026_00021.ppm;13;0
13/00026_00022.ppm;13;0
13/00026_00023.ppm;13;0
13/00026_00024.ppm;13;0
13/00026_00025.ppm;13;0
13/00026_00026.ppm;13;0
13/00026_00027.ppm;13;0
13/00026_00028.ppm;13;0
13/00026_00029.ppm;13;0
13/00027_00000.ppm;13;0
13/00027_00001.ppm;13;0
13/00027_00002.ppm;13;0
13/00027_00003.ppm;13;0
13/00027_00004.ppm;13;0
13/00027_00005.ppm;13;0
13/00027_00006.ppm;13;0
13/00027_00007.ppm;13;0
13/00027_00008.ppm;13;0
13/00027_00009.ppm;13;0
13/00027_00010.ppm;13;0
13/00027_00011.ppm;13;0
13/00027_00012.ppm;13;0
13/00027_00013.ppm;13;0
13/00027_00014.ppm;13;0
13/00027_00015.ppm;13;0
13/00027_00016.ppm;13;0
13/00027_00017.ppm;13;0
13/00027_00018.ppm;13;0
13/00027_00019.ppm;13;0
13/00027_00020.ppm;13;0
13/00027_00021.ppm;13;0
13/00027_00022.ppm;13;0
13/00027_00023.ppm;13;0
13/00027_00024.ppm;13;0
13/00027_00025.ppm;13;0
13/00027_00026.ppm;13;0
13/00027_00027.ppm;13;0
13/00027_00028.ppm;13;0
13/00027_00029.ppm;13;0
13/00028_00000.ppm;13;0
13/00028_00001.ppm;13;0
13/00028_00002.ppm;13;0
13/00028_00003.ppm;13;0
13/00028_00004.ppm;13;0
13/00028_00005.ppm;13;0
13/00028_00006.ppm;13;0
13/00028_00007.ppm;13;0
13/00028_00008.ppm;13;0
13/00028_00009.ppm;13;0
13/00028_00010.ppm;13;0
13/00028_00011.ppm;13;0
13/00028_00012.ppm;13;0
13/00028_00013.ppm;13;0
13/00028_00014.ppm;13;0
13/00028_00015.ppm;13;0
13/00028_00016.ppm;13;0
13/00028_00017.ppm;13;0
13/00028_00018.ppm;13;0
13/00028_00019.ppm;13;0
13/00028_00020.ppm;13;0
13/00028_00021.ppm;13;0
13/00028_00022.ppm;13;0
13/00028_00023.ppm;13;0
13/00028_00024.ppm;13;0
13/00028_00025.ppm;13;0
13/00028_00026.ppm;13;0
13/00028_00027.ppm;13;0
13/00028_00028.ppm;13;0
13/00028_00029.ppm;13;0
13/00029_00000.ppm;13;0
13/00029_00001.ppm;13;0
13/00029_00002.ppm;13;0
13/00029_00003.ppm;13;0
13/00029_00004.ppm;13;0
13/00029_00005.ppm;13;0
13/00029_00006.ppm;13;0
13/00029_00007.ppm;13;0
13/00029_00008.ppm;13;0
13/00029_00009.ppm;13;0
13/00029_00010.ppm;13;0
13/00029_00011.ppm;13;0
13/00029_00012.ppm;13;0
13/00029_00013.ppm;13;0
13/00029_00014.ppm;13;0
13/00029_00015.ppm;13;0
13/00029_00016.ppm;13;0
13/00029_00017.ppm;13;0
13/00029_00018.ppm;13;0
13/00029_00019.ppm;13;0
13/00029_00020.ppm;13;0
13/00029_00021.ppm;13;0
13/00029_00022.ppm;13;0
13/00029_00023.ppm;13;0
13/00029_00024.ppm;13;0
13/00029_00025.ppm;13;0
13/00029_00026.ppm;13;0
13/00029_00027.ppm;13;0
13/00029_00028.ppm;13;0
13/00029_00029.ppm;13;0
13/00030_00000.ppm;13;0
13/00030_00001.ppm;13;0
13/00030_00002.ppm;13;0
13/00030_00003.ppm;13;0
13/00030_00004.ppm;13;0
13/00030_00005.ppm;13;0
13/00030_00006.ppm;13;0
13/00030_00007.ppm;13;0
13/00030_00008.ppm;13;0
13/00030_00009.ppm;13;0
13/00030_00010.ppm;13;0
13/00030_00011.ppm;13;0
13/00030_00012.ppm;13;0
13/00030_00013.ppm;13;0
13/00030_00014.ppm;13;0
13/00030_00015.ppm;13;0
13/00030_00016.ppm;13;0
13/00030_00017.ppm;13;0
13/00030_00018.ppm;13;0
13/00030_00019.ppm;13;0
13/00030_00020.ppm;13;0
13/00030_00021.ppm;13;0
13/00030_00022.ppm;13;0
13/00030_00023.ppm;13;0
13/00030_00024.ppm;13;0
13/00030_00025.ppm;13;0
13/00030_00026.ppm;13;0
13/00030_00027.ppm;13;0
13/00030_00028.ppm;13;0
13/00030_00029.ppm;13;0
13/00031_00000.ppm;13;0
13/00031_00001.ppm;13;0
13/00031_00002.ppm;13;0
13/00031_00003.ppm;13;0
13/00031_00004.ppm;13;0
13/00031_00005.ppm;13;0
13/00031_00006.ppm;13;0
13/00031_00007.ppm;13;0
13/00031_00008.ppm;13;0
13/00031_00009.ppm;13;0
13/00031_00010.ppm;13;0
13/00031_00011.ppm;13;0
13/00031_00012.ppm;13;0
13/00031_00013.ppm;13;0
13/00031_00014.ppm;13;0
13/00031_00015.ppm;13;0
13/00031_00016.ppm;13;0
13/00031_00017.ppm;13;0
13/00031_00018.ppm;13;0
13/00031_00019.ppm;13;0
13/00031_00020.ppm;13;0
13/00031_00021.ppm;13;0
13/00031_00022.ppm;13;0
13/00031_00023.ppm;13;0
13/00031_00024.ppm;13;0
13/00031_00025.ppm;13;0
13/00031_00026.ppm;13;0
13/00031_00027.ppm;13;0
13/00031_00028.ppm;13;0
13/00031_00029.ppm;13;0
13/00032_00000.ppm;13;0
13/00032_00001.ppm;13;0
13/00032_00002.ppm;13;0
13/00032_00003.ppm;13;0
13/00032_00004.ppm;13;0
13/00032_00005.ppm;13;0
13/00032_00006.ppm;13;0
13/00032_00007.ppm;13;0
13/00032_00008.ppm;13;0
13/00032_00009.ppm;13;0
13/00032_00010.ppm;13;0
13/00032_00011.ppm;13;0
13/00032_00012.ppm;13;0
13/00032_00013.ppm;13;0
13/00032_00014.ppm;13;0
13/00032_00015.ppm;13;0
13/00032_00016.ppm;13;0
13/00032_00017.ppm;13;0
13/00032_00018.ppm;13;0
13/00032_00019.ppm;13;0
13/00032_00020.ppm;13;0
13/00032_00021.ppm;13;0
13/00032_00022.ppm;13;0
13/00032_00023.ppm;13;0
13/00032_00024.ppm;13;0
13/00032_00025.ppm;13;0
13/00032_00026.ppm;13;0
13/00032_00027.ppm;13;0
13/00032_00028.ppm;13;0
13/00032_00029.ppm;13;0
13/00033_00000.ppm;13;0
13/00033_00001.ppm;13;0
13/00033_00002.ppm;13;0
13/00033_00003.ppm;13;0
13/00033_00004.ppm;13;0
13/00033_00005.ppm;13;0
13/00033_00006.ppm;13;0
13/00033_00007.ppm;13;0
13/00033_00008.ppm;13;0
13/00033_00009.ppm;13;0
13/00033_00010.ppm;13;0
13/00033_00011.ppm;13;0
13/00033_00012.ppm;13;0
13/00033_00013.ppm;13;0
13/00033_00014.ppm;13;0
13/00033_00015.ppm;13;0
13/00033_00016.ppm;13;0
13/00033_00017.ppm;13;0
13/00033_00018.ppm;13;0
13/00033_00019.ppm;13;0
13/00033_00020.ppm;13;0
13/00033_00021.ppm;13;0
13/00033_00022.ppm;13;0
13/00033_00023.ppm;13;0
13/00033_00024.ppm;13;0
13/00033_00025.ppm;13;0
13/00033_00026.ppm;13;0
13/00033_00027.ppm;13;0
13/00033_00028.ppm;13;0
13/00033_00029.ppm;13;0
13/00034_00000.ppm;13;0
13/00034_00001.ppm;13;0
13/00034_00002.ppm;13;0
13/00034_00003.ppm;13;0
13/00034_00004.ppm;13;0
13/00034_00005.ppm;13;0
13/00034_00006.ppm;13;0
13/00034_00007.ppm;13;0
13/00034_00008.ppm;13;0
13/00034_00009.ppm;13;0
13/00034_00010.ppm;13;0
13/00034_00011.ppm;13;0
13/00034_00012.ppm;13;0
13/00034_00013.ppm;13;0
13/00034_00014.ppm;13;0
13/00034_00015.ppm;13;0
13/00034_00016.ppm;13;0
13/00034_00017.ppm;13;0
13/00034_00018.ppm;13;0
13/00034_00019.ppm;13;0
13/00034_00020.ppm;13;0
13/00034_00021.ppm;13;0
13/00034_00022.ppm;13;0
13/00034_00023.ppm;13;0
13/00034_00024.ppm;13;0
13/00034_00025.ppm;13;0
13/00034_00026.ppm;13;0
13/00034_00027.ppm;13;0
13/00034_00028.ppm;13;0
13/00034_00029.ppm;13;0
13/00035_00000.ppm;13;0
13/00035_00001.ppm;13;0
13/00035_00002.ppm;13;0
13/00035_00003.ppm;13;0
13/00035_00004.ppm;13;0
13/00035_00005.ppm;13;0
13/00035_00006.ppm;13;0
13/00035_00007.ppm;13;0
13/00035_00008.ppm;13;0
13/00035_00009.ppm;13;0
13/00035_00010.ppm;13;0
13/00035_00011.ppm;13;0
13/00035_00012.ppm;13;0
13/00035_00013.ppm;13;0
13/00035_00014.ppm;13;0
13/00035_00015.ppm;13;0
13/00035_00016.ppm;13;0
13/00035_00017.ppm;13;0
13/00035_00018.ppm;13;0
13/00035_00019.ppm;13;0
13/00035_00020.ppm;13;0
13/00035_00021.ppm;13;0
13/00035_00022.ppm;13;0
13/00035_00023.ppm;13;0
13/00035_00024.ppm;13;0
13/00035_00025.ppm;13;0
13/00035_00026.ppm;13;0
13/00035_00027.ppm;13;0
13/00035_00028.ppm;13;0
13/00035_00029.ppm;13;0
13/00036_00000.ppm;13;0
13/00036_00001.ppm;13;0
13/00036_00002.ppm;13;0
13/00036_00003.ppm;13;0
13/00036_00004.ppm;13;0
13/00036_00005.ppm;13;0
13/00036_00006.ppm;13;0
13/00036_00007.ppm;13;0
13/00036_00008.ppm;13;0
13/00036_00009.ppm;13;0
13/00036_00010.ppm;13;0
13/00036_00011.ppm;13;0
13/00036_00012.ppm;13;0
13/00036_00013.ppm;13;0
13/00036_00014.ppm;13;0
13/00036_00015.ppm;13;0
13/00036_00016.ppm;13;0
13/00036_00017.ppm;13;0
13/00036_00018.ppm;13;0
13/00036_00019.ppm;13;0
13/00036_00020.ppm;13;0
13/00036_00021.ppm;13;0
13/00036_00022.ppm;13;0
13/00036_00023.ppm;13;0
13/00036_00024.ppm;13;0
13/00036_00025.ppm;13;0
13/00036_00026.ppm;13;0
13/00036_00027.ppm;13;0
13/00036_00028.ppm;13;0
13/00036_00029.ppm;13;0
13/00037_00000.ppm;13;0
13/00037_00001.ppm;13;0
13/00037_00002.ppm;13;0
13/00037_00003.ppm;13;0
13/00037_00004.ppm;13;0
13/00037_00005.ppm;13;0
13/00037_00006.ppm;13;0
13/00037_00007.ppm;13;0
13/00037_00008.ppm;13;0
13/00037_00009.ppm;13;0
13/00037_00010.ppm;13;0
13/00037_00011.ppm;13;0
13/00037_00012.ppm;13;0
13/00037_00013.ppm;13;0
13/00037_00014.ppm;13;0
13/00037_00015.ppm;13;0
13/00037_00016.ppm;13;0
13/00037_00017.ppm;13;0
13/00037_00018.ppm;13;0
13/00037_00019.ppm;13;0
13/00037_00020.ppm;13;0
13/00037_00021.ppm;13;0
13/00037_00022.ppm;13;0
13/00037_00023.ppm;13;0
13/00037_00024.ppm;13;0
13/00037_00025.ppm;13;0
13/00037_00026.ppm;13;0
13/00037_00027.ppm;13;0
13/00037_00028.ppm;13;0
13/00037_00029.ppm;13;0
13/00038_00000.ppm;13;0
13/00038_00001.ppm;13;0
13/00038_00002.ppm;13;0
13/00038_00003.ppm;13;0
13/00038_00004.ppm;13;0
13/00038_00005.ppm;13;0
13/00038_00006.ppm;13;0
13/00038_00007.ppm;13;0
13/00038_00008.ppm;13;0
13/00038_00009.ppm;13;0
13/00038_00010.ppm;13;0
13/00038_00011.ppm;13;0
13/00038_00012.ppm;13;0
13/00038_00013.ppm;13;0
13/00038_00014.ppm;13;0
13/00038_00015.ppm;13;0
13/00038_00016.ppm;13;0
13/00038_00017.ppm;13;0
13/00038_00018.ppm;13;0
13/00038_00019.ppm;13;0
13/00038_00020.ppm;13;0
13/00038_00021.ppm;13;0
13/00038_00022.ppm;13;0
13/00038_00023.ppm;13;0
13/00038_00024.ppm;13;0
13/00038_00025.ppm;13;0
13/00038_00026.ppm;13;0
13/00038_00027.ppm;13;0
13/00038_00028.ppm;13;0
13/00038_00029.ppm;13;0
13/00039_00000.ppm;13;0
13/00039_00001.ppm;13;0
13/00039_00002.ppm;13;0
13/00039_00003.ppm;13;0
13/00039_00004.ppm;13;0
13/00039_00005.ppm;13;0
13/00039_00006.ppm;13;0
13/00039_00007.ppm;13;0
13/00039_00008.ppm;13;0
13/00039_00009.ppm;13;0
13/00039_00010.ppm;13;0
13/00039_00011.ppm;13;0
13/00039_00012.ppm;13;0
13/00039_00013.ppm;13;0
13/00039_00014.ppm;13;0
13/00039_00015.ppm;13;0
13/00039_00016.ppm;13;0
13/00039_00017.ppm;13;0
13/00039_00018.ppm;13;0
13/00039_00019.ppm;13;0
13/00039_00020.ppm;13;0
13/00039_00021.ppm;13;0
13/00039_00022.ppm;13;0
13/00039_00023.ppm;13;0
13/00039_00024.ppm;13;0
13/00039_00025.ppm;13;0
13/00039_00026.ppm;13;0
13/00039_00027.ppm;13;0
13/00039_00028.ppm;13;0
13/00039_00029.ppm;13;0
13/00040_00000.ppm;13;0
13/00040_00001.ppm;13;0
13/00040_00002.ppm;13;0
13/00040_00003.ppm;13;0
13/00040_00004.ppm;13;0
13/00040_00005.ppm;13;0
13/00040_00006.ppm;13;0
13/00040_00007.ppm;13;0
13/00040_00008.ppm;13;0
13/00040_00009.ppm;13;0
13/00040_00010.ppm;13;0
13/00040_00011.ppm;13;0
13/00040_00012.ppm;13;0
13/00040_00013.ppm;13;0
13/00040_00014.ppm;13;0
13/00040_00015.ppm;13;0
13/00040_00016.ppm;13;0
13/00040_00017.ppm;13;0
13/00040_00018.ppm;13;0
13/00040_00019.ppm;13;0
13/00040_00020.ppm;13;0
13/00040_00021.ppm;13;0
13/00040_00022.ppm;13;0
13/00040_00023.ppm;13;0
13/00040_00024.ppm;13;0
13/00040_00025.ppm;13;0
13/00040_00026.ppm;13;0
13/00040_00027.ppm;13;0
13/00040_00028.ppm;13;0
13/00040_00029.ppm;13;0
13/00041_00000.ppm;13;0
13/00041_00001.ppm;13;0
13/00041_00002.ppm;13;0
13/00041_00003.ppm;13;0
13/00041_00004.ppm;13;0
13/00041_00005.ppm;13;0
13/00041_00006.ppm;13;0
13/00041_00007.ppm;13;0
13/00041_00008.ppm;13;0
13/00041_00009.ppm;13;0
13/00041_00010.ppm;13;0
13/00041_00011.ppm;13;0
13/00041_00012.ppm;13;0
13/00041_00013.ppm;13;0
13/00041_00014.ppm;13;0
13/00041_00015.ppm;13;0
13/00041_00016.ppm;13;0
13/00041_00017.ppm;13;0
13/00041_00018.ppm;13;0
13/00041_00019.ppm;13;0
13/00041_00020.ppm;13;0
13/00041_00021.ppm;13;0
13/00041_00022.ppm;13;0
13/00041_00023.ppm;13;0
13/00041_00024.ppm;13;0
13/00041_00025.ppm;13;0
13/00041_00026.ppm;13;0
13/00041_00027.ppm;13;0
13/00041_00028.ppm;13;0
13/00041_00029.ppm;13;0
13/00042_00000.ppm;13;0
13/00042_00001.ppm;13;0
13/00042_00002.ppm;13;0
13/00042_00003.ppm;13;0
13/00042_00004.ppm;13;0
13/00042_00005.ppm;13;0
13/00042_00006.ppm;13;0
13/00042_00007.ppm;13;0
13/00042_00008.ppm;13;0
13/00042_00009.ppm;13;0
13/00042_00010.ppm;13;0
13/00042_00011.ppm;13;0
13/00042_00012.ppm;13;0
13/00042_00013.ppm;13;0
13/00042_00014.ppm;13;0
13/00042_00015.ppm;13;0
13/00042_00016.ppm;13;0
13/00042_00017.ppm;13;0
13/00042_00018.ppm;13;0
13/00042_00019.ppm;13;0
13/00042_00020.ppm;13;0
13/00042_00021.ppm;13;0
13/00042_00022.ppm;13;0
13/00042_00023.ppm;13;0
13/00042_00024.ppm;13;0
13/00042_00025.ppm;13;0
13/00042_00026.ppm;13;0
13/00042_00027.ppm;13;0
13/00042_00028.ppm;13;0
13/00042_00029.ppm;13;0
13/00043_00000.ppm;13;0
13/00043_00001.ppm;13;0
13/00043_00002.ppm;13;0
13/00043_00003.ppm;13;0
13/00043_00004.ppm;13;0
13/00043_00005.ppm;13;0
13/00043_00006.ppm;13;0
13/00043_00007.ppm;13;0
13/00043_00008.ppm;13;0
13/00043_00009.ppm;13;0
13/00043_00010.ppm;13;0
13/00043_00011.ppm;13;0
13/00043_00012.ppm;13;0
13/00043_00013.ppm;13;0
13/00043_00014.ppm;13;0
13/00043_00015.ppm;13;0
13/00043_00016.ppm;13;0
13/00043_00017.ppm;13;0
13/00043_00018.ppm;13;0
13/00043_00019.ppm;13;0
13/00043_00020.ppm;13;0
13/00043_00021.ppm;13;0
13/00043_00022.ppm;13;0
13/00043_00023.ppm;13;0
13/00043_00024.ppm;13;0
13/00043_00025.ppm;13;0
13/00043_00026.ppm;13;0
13/00043_00027.ppm;13;0
13/00043_00028.ppm;13;0
13/00043_00029.ppm;13;0
13/00044_00000.ppm;13;0
13/00044_00001.ppm;13;0
13/00044_00002.ppm;13;0
13/00044_00003.ppm;13;0
13/00044_00004.ppm;13;0
13/00044_00005.ppm;13;0
13/00044_00006.ppm;13;0
13/00044_00007.ppm;13;0
13/00044_00008.ppm;13;0
13/00044_00009.ppm;13;0
13/00044_00010.ppm;13;0
13/00044_00011.ppm;13;0
13/00044_00012.ppm;13;0
13/00044_00013.ppm;13;0
13/00044_00014.ppm;13;0
13/00044_00015.ppm;13;0
13/00044_00016.ppm;13;0
13/00044_00017.ppm;13;0
13/00044_00018.ppm;13;0
13/00044_00019.ppm;13;0
13/00044_00020.ppm;13;0
13/00044_00021.ppm;13;0
13/00044_00022.ppm;13;0
13/00044_00023.ppm;13;0
13/00044_00024.ppm;13;0
13/00044_00025.ppm;13;0
13/00044_00026.ppm;13;0
13/00044_00027.ppm;13;0
13/00044_00028.ppm;13;0
13/00044_00029.ppm;13;0
13/00045_00000.ppm;13;0
13/00045_00001.ppm;13;0
13/00045_00002.ppm;13;0
13/00045_00003.ppm;13;0
13/00045_00004.ppm;13;0
13/00045_00005.ppm;13;0
13/00045_00006.ppm;13;0
13/00045_00007.ppm;13;0
13/00045_00008.ppm;13;0
13/00045_00009.ppm;13;0
13/00045_00010.ppm;13;0
13/00045_00011.ppm;13;0
13/00045_00012.ppm;13;0
13/00045_00013.ppm;13;0
13/00045_00014.ppm;13;0
13/00045_00015.ppm;13;0
13/00045_00016.ppm;13;0
13/00045_00017.ppm;13;0
13/00045_00018.ppm;13;0
13/00045_00019.ppm;13;0
13/00045_00020.ppm;13;0
13/00045_00021.ppm;13;0
13/00045_00022.ppm;13;0
13/00045_00023.ppm;13;0
13/00045_00024.ppm;13;0
13/00045_00025.ppm;13;0
13/00045_00026.ppm;13;0
13/00045_00027.ppm;13;0
13/00045_00028.ppm;13;0
13/00045_00029.ppm;13;0
13/00046_00000.ppm;13;0
13/00046_00001.ppm;13;0
13/00046_00002.ppm;13;0
13/00046_00003.ppm;13;0
13/00046_00004.ppm;13;0
13/00046_00005.ppm;13;0
13/00046_00006.ppm;13;0
13/00046_00007.ppm;13;0
13/00046_00008.ppm;13;0
13/00046_00009.ppm;13;0
13/00046_00010.ppm;13;0
13/00046_00011.ppm;13;0
13/00046_00012.ppm;13;0
13/00046_00013.ppm;13;0
13/00046_00014.ppm;13;0
13/00046_00015.ppm;13;0
13/00046_00016.ppm;13;0
13/00046_00017.ppm;13;0
13/00046_00018.ppm;13;0
13/00046_00019.ppm;13;0
13/00046_00020.ppm;13;0
13/00046_00021.ppm;13;0
13/00046_00022.ppm;13;0
13/00046_00023.ppm;13;0
13/00046_00024.ppm;13;0
13/00046_00025.ppm;13;0
13/00046_00026.ppm;13;0
13/00046_00027.ppm;13;0
13/00046_00028.ppm;13;0
13/00046_00029.ppm;13;0
13/00047_00000.ppm;13;0
13/00047_00001.ppm;13;0
13/00047_00002.ppm;13;0
13/00047_00003.ppm;13;0
13/00047_00004.ppm;13;0
13/00047_00005.ppm;13;0
13/00047_00006.ppm;13;0
13/00047_00007.ppm;13;0
13/00047_00008.ppm;13;0
13/00047_00009.ppm;13;0
13/00047_00010.ppm;13;0
13/00047_00011.ppm;13;0
13/00047_00012.ppm;13;0
13/00047_00013.ppm;13;0
13/00047_00014.ppm;13;0
13/00047_00015.ppm;13;0
13/00047_00016.ppm;13;0
13/00047_00017.ppm;13;0
13/00047_00018.ppm;13;0
13/00047_00019.ppm;13;0
13/00047_00020.ppm;13;0
13/00047_00021.ppm;13;0
13/00047_00022.ppm;13;0
13/00047_00023.ppm;13;0
13/00047_00024.ppm;13;0
13/00047_00025.ppm;13;0
13/00047_00026.ppm;13;0
13/00047_00027.ppm;13;0
13/00047_00028.ppm;13;0
13/00047_00029.ppm;13;0
14/00000_00000.ppm;14;0
14/00000_00001.ppm;14;0
14/00000_00002.ppm;14;0
14/00000_00003.ppm;14;0
14/00000_00004.ppm;14;0
14/00000_00005.ppm;14;0
14/00000_00006.ppm;14;0
14/00000_00007.ppm;14;0
14/00000_00008.ppm;14;0
14/00000_00009.ppm;14;0
14/00000_00010.ppm;14;0
14/00000_00011.ppm;14;0
14/00000_00012.ppm;14;0
14/00000_00013.ppm;14;0
14/00000_00014.ppm;14;0
14/00000_00015.ppm;14;0
14/00000_00016.ppm;14;0
14/00000_00017.ppm;14;0
14/00000_00018.ppm;14;0
14/00000_00019.ppm;14;0
14/00000_00020.ppm;14;0
14/00000_00021.ppm;14;0
14/00000_00022.ppm;14;0
14/00000_00023.ppm;14;0
14/00000_00024.ppm;14;0
14/00000_00025.ppm;14;0
14/00000_00026.ppm;14;0
14/00000_00027.ppm;14;0
14/00000_00028.ppm;14;0
14/00000_00029.ppm;14;0
14/00001_00000.ppm;14;0
14/00001_00001.ppm;14;0
14/00001_00002.ppm;14;0
14/00001_00003.ppm;14;0
14/00001_00004.ppm;14;0
14/00001_00005.ppm;14;0
14/00001_00006.ppm;14;0
14/00001_00007.ppm;14;0
14/00001_00008.ppm;14;0
14/00001_00009.ppm;14;0
14/00001_00010.ppm;14;0
14/00001_00011.ppm;14;0
14/00001_00012.ppm;14;0
14/00001_00013.ppm;14;0
14/00001_00014.ppm;14;0
14/00001_00015.ppm;14;0
14/00001_00016.ppm;14;0
14/00001_00017.ppm;14;0
14/00001_00018.ppm;14;0
14/00001_00019.ppm;14;0
14/00001_00020.ppm;14;0
14/00001_00021.ppm;14;0
14/00001_00022.ppm;14;0
14/00001_00023.ppm;14;0
14/00001_00024.ppm;14;0
14/00001_00025.ppm;14;0
14/00001_00026.ppm;14;0
14/00001_00027.ppm;14;0
14/00001_00028.ppm;14;0
14/00001_00029.ppm;14;0
14/00002_00000.ppm;14;0
14/00002_00001.ppm;14;0
14/00002_00002.ppm;14;0
14/00002_00003.ppm;14;0
14/00002_00004.ppm;14;0
14/00002_00005.ppm;14;0
14/00002_00006.ppm;14;0
14/00002_00007.ppm;14;0
14/00002_00008.ppm;14;0
14/00002_00009.ppm;14;0
14/00002_00010.ppm;14;0
14/00002_00011.ppm;14;0
14/00002_00012.ppm;14;0
14/00002_00013.ppm;14;0
14/00002_00014.ppm;14;0
14/00002_00015.ppm;14;0
14/00002_00016.ppm;14;0
14/00002_00017.ppm;14;0
14/00002_00018.ppm;14;0
14/00002_00019.ppm;14;0
14/00002_00020.ppm;14;0
14/00002_00021.ppm;14;0
14/00002_00022.ppm;14;0
14/00002_00023.ppm;14;0
14/00002_00024.ppm;14;0
14/00002_00025.ppm;14;0
14/00002_00026.ppm;14;0
14/00002_00027.ppm;14;0
14/00002_00028.ppm;14;0
14/00002_00029.ppm;14;0
14/00003_00000.ppm;14;0
14/00003_00001.ppm;14;0
14/00003_00002.ppm;14;0
14/00003_00003.ppm;14;0
14/00003_00004.ppm;14;0
14/00003_00005.ppm;14;0
14/00003_00006.ppm;14;0
14/00003_00007.ppm;14;0
14/00003_00008.ppm;14;0
14/00003_00009.ppm;14;0
14/00003_00010.ppm;14;0
14/00003_00011.ppm;14;0
14/00003_00012.ppm;14;0
14/00003_00013.ppm;14;0
14/00003_00014.ppm;14;0
14/00003_00015.ppm;14;0
14/00003_00016.ppm;14;0
14/00003_00017.ppm;14;0
14/00003_00018.ppm;14;0
14/00003_00019.ppm;14;0
14/00003_00020.ppm;14;0
14/00003_00021.ppm;14;0
14/00003_00022.ppm;14;0
14/00003_00023.ppm;14;0
14/00003_00024.ppm;14;0
14/00003_00025.ppm;14;0
14/00003_00026.ppm;14;0
14/00003_00027.ppm;14;0
14/00003_00028.ppm;14;0
14/00003_00029.ppm;14;0
14/00004_00000.ppm;14;0
14/00004_00001.ppm;14;0
14/00004_00002.ppm;14;0
14/00004_00003.ppm;14;0
14/00004_00004.ppm;14;0
14/00004_00005.ppm;14;0
14/00004_00006.ppm;14;0
14/00004_00007.ppm;14;0
14/00004_00008.ppm;14;0
14/00004_00009.ppm;14;0
14/00004_00010.ppm;14;0
14/00004_00011.ppm;14;0
14/00004_00012.ppm;14;0
14/00004_00013.ppm;14;0
14/00004_00014.ppm;14;0
14/00004_00015.ppm;14;0
14/00004_00016.ppm;14;0
14/00004_00017.ppm;14;0
14/00004_00018.ppm;14;0
14/00004_00019.ppm;14;0
14/00004_00020.ppm;14;0
14/00004_00021.ppm;14;0
14/00004_00022.ppm;14;0
14/00004_00023.ppm;14;0
14/00004_00024.ppm;14;0
14/00004_00025.ppm;14;0
14/00004_00026.ppm;14;0
14/00004_00027.ppm;14;0
14/00004_00028.ppm;14;0
14/00004_00029.ppm;14;0
14/00005_00000.ppm;14;0
14/00005_00001.ppm;14;0
14/00005_00002.ppm;14;0
14/00005_00003.ppm;14;0
14/00005_00004.ppm;14;0
14/00005_00005.ppm;14;0
14/00005_00006.ppm;14;0
14/00005_00007.ppm;14;0
14/00005_00008.ppm;14;0
14/00005_00009.ppm;14;0
14/00005_00010.ppm;14;0
14/00005_00011.ppm;14;0
14/00005_00012.ppm;14;0
14/00005_00013.ppm;14;0
14/00005_00014.ppm;14;0
14/00005_00015.ppm;14;0
14/00005_00016.ppm;14;0
14/00005_00017.ppm;14;0
14/00005_00018.ppm;14;0
14/00005_00019.ppm;14;0
14/00005_00020.ppm;14;0
14/00005_00021.ppm;14;0
14/00005_00022.ppm;14;0
14/00005_00023.ppm;14;0
14/00005_00024.ppm;14;0
14/00005_00025.ppm;14;0
14/00005_00026.ppm;14;0
14/00005_00027.ppm;14;0
14/00005_00028.ppm;14;0
14/00005_00029.ppm;14;0
14/00006_00000.ppm;14;0
14/00006_00001.ppm;14;0
14/00006_00002.ppm;14;0
14/00006_00003.ppm;14;0
14/00006_00004.ppm;14;0
14/00006_00005.ppm;14;0
14/00006_00006.ppm;14;0
14/00006_00007.ppm;14;0
14/00006_00008.ppm;14;0
14/00006_00009.ppm;14;0
14/00006_00010.ppm;14;0
14/00006_00011.ppm;14;0
14/00006_00012.ppm;14;0
14/00006_00013.ppm;14;0
14/00006_00014.ppm;14;0
14/00006_00015.ppm;14;0
14/00006_00016.ppm;14;0
14/00006_00017.ppm;14;0
14/00006_00018.ppm;14;0
14/00006_00019.ppm;14;0
14/00006_00020.ppm;14;0
14/00006_00021.ppm;14;0
14/00006_00022.ppm;14;0
14/00006_00023.ppm;14;0
14/00006_00024.ppm;14;0
14/00006_00025.ppm;14;0
14/00006_00026.ppm;14;0
14/00006_00027.ppm;14;0
14/00006_00028.ppm;14;0
14/00006_00029.ppm;14;0
14/00007_00000.ppm;14;0
14/00007_00001.ppm;14;0
14/00007_00002.ppm;14;0
14/00007_00003.ppm;14;0
14/00007_00004.ppm;14;0
14/00007_00005.ppm;14;0
14/00007_00006.ppm;14;0
14/00007_00007.ppm;14;0
14/00007_00008.ppm;14;0
14/00007_00009.ppm;14;0
14/00007_00010.ppm;14;0
14/00007_00011.ppm;14;0
14/00007_00012.ppm;14;0
14/00007_00013.ppm;14;0
14/00007_00014.ppm;14;0
14/00007_00015.ppm;14;0
14/00007_00016.ppm;14;0
14/00007_00017.ppm;14;0
14/00007_00018.ppm;14;0
14/00007_00019.ppm;14;0
14/00007_00020.ppm;14;0
14/00007_00021.ppm;14;0
14/00007_00022.ppm;14;0
14/00007_00023.ppm;14;0
14/00007_00024.ppm;14;0
14/00007_00025.ppm;14;0
14/00007_00026.ppm;14;0
14/00007_00027.ppm;14;0
14/00007_00028.ppm;14;0
14/00007_00029.ppm;14;0
14/00008_00000.ppm;14;0
14/00008_00001.ppm;14;0
14/00008_00002.ppm;14;0
14/00008_00003.ppm;14;0
14/00008_00004.ppm;14;0
14/00008_00005.ppm;14;0
14/00008_00006.ppm;14;0
14/00008_00007.ppm;14;0
14/00008_00008.ppm;14;0
14/00008_00009.ppm;14;0
14/00008_00010.ppm;14;0
14/00008_00011.ppm;14;0
14/00008_00012.ppm;14;0
14/00008_00013.ppm;14;0
14/00008_00014.ppm;14;0
14/00008_00015.ppm;14;0
14/00008_00016.ppm;14;0
14/00008_00017.ppm;14;0
14/00008_00018.ppm;14;0
14/00008_00019.ppm;14;0
14/00008_00020.ppm;14;0
14/00008_00021.ppm;14;0
14/00008_00022.ppm;14;0
14/00008_00023.ppm;14;0
14/00008_00024.ppm;14;0
14/00008_00025.ppm;14;0
14/00008_00026.ppm;14;0
14/00008_00027.ppm;14;0
14/00008_00028.ppm;14;0
14/00008_00029.ppm;14;0
14/00009_00000.ppm;14;0
14/00009_00001.ppm;14;0
14/00009_00002.ppm;14;0
14/00009_00003.ppm;14;0
14/00009_00004.ppm;14;0
14/00009_00005.ppm;14;0
14/00009_00006.ppm;14;0
14/00009_00007.ppm;14;0
14/00009_00008.ppm;14;0
14/00009_00009.ppm;14;0
14/00009_00010.ppm;14;0
14/00009_00011.ppm;14;0
14/00009_00012.ppm;14;0
14/00009_00013.ppm;14;0
14/00009_00014.ppm;14;0
14/00009_00015.ppm;14;0
14/00009_00016.ppm;14;0
14/00009_00017.ppm;14;0
14/00009_00018.ppm;14;0
14/00009_00019.ppm;14;0
14/00009_00020.ppm;14;0
14/00009_00021.ppm;14;0
14/00009_00022.ppm;14;0
14/00009_00023.ppm;14;0
14/00009_00024.ppm;14;0
14/00009_00025.ppm;14;0
14/00009_00026.ppm;14;0
14/00009_00027.ppm;14;0
14/00009_00028.ppm;14;0
14/00009_00029.ppm;14;0
14/00010_00000.ppm;14;0
14/00010_00001.ppm;14;0
14/00010_00002.ppm;14;0
14/00010_00003.ppm;14;0
14/00010_00004.ppm;14;0
14/00010_00005.ppm;14;0
14/00010_00006.ppm;14;0
14/00010_00007.ppm;14;0
14/00010_00008.ppm;14;0
14/00010_00009.ppm;14;0
14/00010_00010.ppm;14;0
14/00010_00011.ppm;14;0
14/00010_00012.ppm;14;0
14/00010_00013.ppm;14;0
14/00010_00014.ppm;14;0
14/00010_00015.ppm;14;0
14/00010_00016.ppm;14;0
14/00010_00017.ppm;14;0
14/00010_00018.ppm;14;0
14/00010_00019.ppm;14;0
14/00010_00020.ppm;14;0
14/00010_00021.ppm;14;0
14/00010_00022.ppm;14;0
14/00010_00023.ppm;14;0
14/00010_00024.ppm;14;0
14/00010_00025.ppm;14;0
14/00010_00026.ppm;14;0
14/00010_00027.ppm;14;0
14/00010_00028.ppm;14;0
14/00010_00029.ppm;14;0
14/00011_00000.ppm;14;0
14/00011_00001.ppm;14;0
14/00011_00002.ppm;14;0
14/00011_00003.ppm;14;0
14/00011_00004.ppm;14;0
14/00011_00005.ppm;14;0
14/00011_00006.ppm;14;0
14/00011_00007.ppm;14;0
14/00011_00008.ppm;14;0
14/00011_00009.ppm;14;0
14/00011_00010.ppm;14;0
14/00011_00011.ppm;14;0
14/00011_00012.ppm;14;0
14/00011_00013.ppm;14;0
14/00011_00014.ppm;14;0
14/00011_00015.ppm;14;0
14/00011_00016.ppm;14;0
14/00011_00017.ppm;14;0
14/00011_00018.ppm;14;0
14/00011_00019.ppm;14;0
14/00011_00020.ppm;14;0
14/00011_00021.ppm;14;0
14/00011_00022.ppm;14;0
14/00011_00023.ppm;14;0
14/00011_00024.ppm;14;0
14/00011_00025.ppm;14;0
14/00011_00026.ppm;14;0
14/00011_00027.ppm;14;0
14/00011_00028.ppm;14;0
14/00011_00029.ppm;14;0
14/00012_00000.ppm;14;0
14/00012_00001.ppm;14;0
14/00012_00002.ppm;14;0
14/00012_00003.ppm;14;0
14/00012_00004.ppm;14;0
14/00012_00005.ppm;14;0
14/00012_00006.ppm;14;0
14/00012_00007.ppm;14;0
14/00012_00008.ppm;14;0
14/00012_00009.ppm;14;0
14/00012_00010.ppm;14;0
14/00012_00011.ppm;14;0
14/00012_00012.ppm;14;0
14/00012_00013.ppm;14;0
14/00012_00014.ppm;14;0
14/00012_00015.ppm;14;0
14/00012_00016.ppm;14;0
14/00012_00017.ppm;14;0
14/00012_00018.ppm;14;0
14/00012_00019.ppm;14;0
14/00012_00020.ppm;14;0
14/00012_00021.ppm;14;0
14/00012_00022.ppm;14;0
14/00012_00023.ppm;14;0
14/00012_00024.ppm;14;0
14/00012_00025.ppm;14;0
14/00012_00026.ppm;14;0
14/00012_00027.ppm;14;0
14/00012_00028.ppm;14;0
14/00012_00029.ppm;14;0
14/00013_00000.ppm;14;0
14/00013_00001.ppm;14;0
14/00013_00002.ppm;14;0
14/00013_00003.ppm;14;0
14/00013_00004.ppm;14;0
14/00013_00005.ppm;14;0
14/00013_00006.ppm;14;0
14/00013_00007.ppm;14;0
14/00013_00008.ppm;14;0
14/00013_00009.ppm;14;0
14/00013_00010.ppm;14;0
14/00013_00011.ppm;14;0
14/00013_00012.ppm;14;0
14/00013_00013.ppm;14;0
14/00013_00014.ppm;14;0
14/00013_00015.ppm;14;0
14/00013_00016.ppm;14;0
14/00013_00017.ppm;14;0
14/00013_00018.ppm;14;0
14/00013_00019.ppm;14;0
14/00013_00020.ppm;14;0
14/00013_00021.ppm;14;0
14/00013_00022.ppm;14;0
14/00013_00023.ppm;14;0
14/00013_00024.ppm;14;0
14/00013_00025.ppm;14;0
14/00013_00026.ppm;14;0
14/00013_00027.ppm;14;0
14/00013_00028.ppm;14;0
14/00013_00029.ppm;14;0
14/00014_00000.ppm;14;0
14/00014_00001.ppm;14;0
14/00014_00002.ppm;14;0
14/00014_00003.ppm;14;0
14/00014_00004.ppm;14;0
14/00014_00005.ppm;14;0
14/00014_00006.ppm;14;0
14/00014_00007.ppm;14;0
14/00014_00008.ppm;14;0
14/00014_00009.ppm;14;0
14/00014_00010.ppm;14;0
14/00014_00011.ppm;14;0
14/00014_00012.ppm;14;0
14/00014_00013.ppm;14;0
14/00014_00014.ppm;14;0
14/00014_00015.ppm;14;0
14/00014_00016.ppm;14;0
14/00014_00017.ppm;14;0
14/00014_00018.ppm;14;0
14/00014_00019.ppm;14;0
14/00014_00020.ppm;14;0
14/00014_00021.ppm;14;0
14/00014_00022.ppm;14;0
14/00014_00023.ppm;14;0
14/00014_00024.ppm;14;0
14/00014_00025.ppm;14;0
14/00014_00026.ppm;14;0
14/00014_00027.ppm;14;0
14/00014_00028.ppm;14;0
14/00014_00029.ppm;14;0
14/00015_00000.ppm;14;0
14/00015_00001.ppm;14;0
14/00015_00002.ppm;14;0
14/00015_00003.ppm;14;0
14/00015_00004.ppm;14;0
14/00015_00005.ppm;14;0
14/00015_00006.ppm;14;0
14/00015_00007.ppm;14;0
14/00015_00008.ppm;14;0
14/00015_00009.ppm;14;0
14/00015_00010.ppm;14;0
14/00015_00011.ppm;14;0
14/00015_00012.ppm;14;0
14/00015_00013.ppm;14;0
14/00015_00014.ppm;14;0
14/00015_00015.ppm;14;0
14/00015_00016.ppm;14;0
14/00015_00017.ppm;14;0
14/00015_00018.ppm;14;0
14/00015_00019.ppm;14;0
14/00015_00020.ppm;14;0
14/00015_00021.ppm;14;0
14/00015_00022.ppm;14;0
14/00015_00023.ppm;14;0
14/00015_00024.ppm;14;0
14/00015_00025.ppm;14;0
14/00015_00026.ppm;14;0
14/00015_00027.ppm;14;0
14/00015_00028.ppm;14;0
14/00015_00029.ppm;14;0
14/00016_00000.ppm;14;0
14/00016_00001.ppm;14;0
14/00016_00002.ppm;14;0
14/00016_00003.ppm;14;0
14/00016_00004.ppm;14;0
14/00016_00005.ppm;14;0
14/00016_00006.ppm;14;0
14/00016_00007.ppm;14;0
14/00016_00008.ppm;14;0
14/00016_00009.ppm;14;0
14/00016_00010.ppm;14;0
14/00016_00011.ppm;14;0
14/00016_00012.ppm;14;0
14/00016_00013.ppm;14;0
14/00016_00014.ppm;14;0
14/00016_00015.ppm;14;0
14/00016_00016.ppm;14;0
14/00016_00017.ppm;14;0
14/00016_00018.ppm;14;0
14/00016_00019.ppm;14;0
14/00016_00020.ppm;14;0
14/00016_00021.ppm;14;0
14/00016_00022.ppm;14;0
14/00016_00023.ppm;14;0
14/00016_00024.ppm;14;0
14/00016_00025.ppm;14;0
14/00016_00026.ppm;14;0
14/00016_00027.ppm;14;0
14/00016_00028.ppm;14;0
14/00016_00029.ppm;14;0
14/00017_00000.ppm;14;0
14/00017_00001.ppm;14;0
14/00017_00002.ppm;14;0
14/00017_00003.ppm;14;0
14/00017_00004.ppm;14;0
14/00017_00005.ppm;14;0
14/00017_00006.ppm;14;0
14/00017_00007.ppm;14;0
14/00017_00008.ppm;14;0
14/00017_00009.ppm;14;0
14/00017_00010.ppm;14;0
14/00017_00011.ppm;14;0
14/00017_00012.ppm;14;0
14/00017_00013.ppm;14;0
14/00017_00014.ppm;14;0
14/00017_00015.ppm;14;0
14/00017_00016.ppm;14;0
14/00017_00017.ppm;14;0
14/00017_00018.ppm;14;0
14/00017_00019.ppm;14;0
14/00017_00020.ppm;14;0
14/00017_00021.ppm;14;0
14/00017_00022.ppm;14;0
14/00017_00023.ppm;14;0
14/00017_00024.ppm;14;0
14/00017_00025.ppm;14;0
14/00017_00026.ppm;14;0
14/00017_00027.ppm;14;0
14/00017_00028.ppm;14;0
14/00017_00029.ppm;14;0
15/00000_00000.ppm;15;0
15/00000_00001.ppm;15;0
15/00000_00002.ppm;15;0
15/00000_00003.ppm;15;0
15/00000_00004.ppm;15;0
15/00000_00005.ppm;15;0
15/00000_00006.ppm;15;0
15/00000_00007.ppm;15;0
15/00000_00008.ppm;15;0
15/00000_00009.ppm;15;0
15/00000_00010.ppm;15;0
15/00000_00011.ppm;15;0
15/00000_00012.ppm;15;0
15/00000_00013.ppm;15;0
15/00000_00014.ppm;15;0
15/00000_00015.ppm;15;0
15/00000_00016.ppm;15;0
15/00000_00017.ppm;15;0
15/00000_00018.ppm;15;0
15/00000_00019.ppm;15;0
15/00000_00020.ppm;15;0
15/00000_00021.ppm;15;0
15/00000_00022.ppm;15;0
15/00000_00023.ppm;15;0
15/00000_00024.ppm;15;0
15/00000_00025.ppm;15;0
15/00000_00026.ppm;15;0
15/00000_00027.ppm;15;0
15/00000_00028.ppm;15;0
15/00000_00029.ppm;15;0
15/00001_00000.ppm;15;0
15/00001_00001.ppm;15;0
15/00001_00002.ppm;15;0
15/00001_00003.ppm;15;0
15/00001_00004.ppm;15;0
15/00001_00005.ppm;15;0
15/00001_00006.ppm;15;0
15/00001_00007.ppm;15;0
15/00001_00008.ppm;15;0
15/00001_00009.ppm;15;0
15/00001_00010.ppm;15;0
15/00001_00011.ppm;15;0
15/00001_00012.ppm;15;0
15/00001_00013.ppm;15;0
15/00001_00014.ppm;15;0
15/00001_00015.ppm;15;0
15/00001_00016.ppm;15;0
15/00001_00017.ppm;15;0
15/00001_00018.ppm;15;0
15/00001_00019.ppm;15;0
15/00001_00020.ppm;15;0
15/00001_00021.ppm;15;0
15/00001_00022.ppm;15;0
15/00001_00023.ppm;15;0
15/00001_00024.ppm;15;0
15/00001_00025.ppm;15;0
15/00001_00026.ppm;15;0
15/00001_00027.ppm;15;0
15/00001_00028.ppm;15;0
15/00001_00029.ppm;15;0
15/00002_00000.ppm;15;0
15/00002_00001.ppm;15;0
15/00002_00002.ppm;15;0
15/00002_00003.ppm;15;0
15/00002_00004.ppm;15;0
15/00002_00005.ppm;15;0
15/00002_00006.ppm;15;0
15/00002_00007.ppm;15;0
15/00002_00008.ppm;15;0
15/00002_00009.ppm;15;0
15/00002_00010.ppm;15;0
15/00002_00011.ppm;15;0
15/00002_00012.ppm;15;0
15/00002_00013.ppm;15;0
15/00002_00014.ppm;15;0
15/00002_00015.ppm;15;0
15/00002_00016.ppm;15;0
15/00002_00017.ppm;15;0
15/00002_00018.ppm;15;0
15/00002_00019.ppm;15;0
15/00002_00020.ppm;15;0
15/00002_00021.ppm;15;0
15/00002_00022.ppm;15;0
15/00002_00023.ppm;15;0
15/00002_00024.ppm;15;0
15/00002_00025.ppm;15;0
15/00002_00026.ppm;15;0
15/00002_00027.ppm;15;0
15/00002_00028.ppm;15;0
15/00002_00029.ppm;15;0
15/00003_00000.ppm;15;0
15/00003_00001.ppm;15;0
15/00003_00002.ppm;15;0
15/00003_00003.ppm;15;0
15/00003_00004.ppm;15;0
15/00003_00005.ppm;15;0
15/00003_00006.ppm;15;0
15/00003_00007.ppm;15;0
15/00003_00008.ppm;15;0
15/00003_00009.ppm;15;0
15/00003_00010.ppm;15;0
15/00003_00011.ppm;15;0
15/00003_00012.ppm;15;0
15/00003_00013.ppm;15;0
15/00003_00014.ppm;15;0
15/00003_00015.ppm;15;0
15/00003_00016.ppm;15;0
15/00003_00017.ppm;15;0
15/00003_00018.ppm;15;0
15/00003_00019.ppm;15;0
15/00003_00020.ppm;15;0
15/00003_00021.ppm;15;0
15/00003_00022.ppm;15;0
15/00003_00023.ppm;15;0
15/00003_00024.ppm;15;0
15/00003_00025.ppm;15;0
15/00003_00026.ppm;15;0
15/00003_00027.ppm;15;0
15/00003_00028.ppm;15;0
15/00003_00029.ppm;15;0
15/00004_00000.ppm;15;0
15/00004_00001.ppm;15;0
15/00004_00002.ppm;15;0
15/00004_00003.ppm;15;0
15/00004_00004.ppm;15;0
15/00004_00005.ppm;15;0
15/00004_00006.ppm;15;0
15/00004_00007.ppm;15;0
15/00004_00008.ppm;15;0
15/00004_00009.ppm;15;0
15/00004_00010.ppm;15;0
15/00004_00011.ppm;15;0
15/00004_00012.ppm;15;0
15/00004_00013.ppm;15;0
15/00004_00014.ppm;15;0
15/00004_00015.ppm;15;0
15/00004_00016.ppm;15;0
15/00004_00017.ppm;15;0
15/00004_00018.ppm;15;0
15/00004_00019.ppm;15;0
15/00004_00020.ppm;15;0
15/00004_00021.ppm;15;0
15/00004_00022.ppm;15;0
15/00004_00023.ppm;15;0
15/00004_00024.ppm;15;0
15/00004_00025.ppm;15;0
15/00004_00026.ppm;15;0
15/00004_00027.ppm;15;0
15/00004_00028.ppm;15;0
15/00004_00029.ppm;15;0
15/00005_00000.ppm;15;0
15/00005_00001.ppm;15;0
15/00005_00002.ppm;15;0
15/00005_00003.ppm;15;0
15/00005_00004.ppm;15;0
15/00005_00005.ppm;15;0
15/00005_00006.ppm;15;0
15/00005_00007.ppm;15;0
15/00005_00008.ppm;15;0
15/00005_00009.ppm;15;0
15/00005_00010.ppm;15;0
15/00005_00011.ppm;15;0
15/00005_00012.ppm;15;0
15/00005_00013.ppm;15;0
15/00005_00014.ppm;15;0
15/00005_00015.ppm;15;0
15/00005_00016.ppm;15;0
15/00005_00017.ppm;15;0
15/00005_00018.ppm;15;0
15/00005_00019.ppm;15;0
15/00005_00020.ppm;15;0
15/00005_00021.ppm;15;0
15/00005_00022.ppm;15;0
15/00005_00023.ppm;15;0
15/00005_00024.ppm;15;0
15/00005_00025.ppm;15;0
15/00005_00026.ppm;15;0
15/00005_00027.ppm;15;0
15/00005_00028.ppm;15;0
15/00005_00029.ppm;15;0
15/00006_00000.ppm;15;0
15/00006_00001.ppm;15;0
15/00006_00002.ppm;15;0
15/00006_00003.ppm;15;0
15/00006_00004.ppm;15;0
15/00006_00005.ppm;15;0
15/00006_00006.ppm;15;0
15/00006_00007.ppm;15;0
15/00006_00008.ppm;15;0
15/00006_00009.ppm;15;0
15/00006_00010.ppm;15;0
15/00006_00011.ppm;15;0
15/00006_00012.ppm;15;0
15/00006_00013.ppm;15;0
15/00006_00014.ppm;15;0
15/00006_00015.ppm;15;0
15/00006_00016.ppm;15;0
15/00006_00017.ppm;15;0
15/00006_00018.ppm;15;0
15/00006_00019.ppm;15;0
15/00006_00020.ppm;15;0
15/00006_00021.ppm;15;0
15/00006_00022.ppm;15;0
15/00006_00023.ppm;15;0
15/00006_00024.ppm;15;0
15/00006_00025.ppm;15;0
15/00006_00026.ppm;15;0
15/00006_00027.ppm;15;0
15/00006_00028.ppm;15;0
15/00006_00029.ppm;15;0
15/00007_00000.ppm;15;0
15/00007_00001.ppm;15;0
15/00007_00002.ppm;15;0
15/00007_00003.ppm;15;0
15/00007_00004.ppm;15;0
15/00007_00005.ppm;15;0
15/00007_00006.ppm;15;0
15/00007_00007.ppm;15;0
15/00007_00008.ppm;15;0
15/00007_00009.ppm;15;0
15/00007_00010.ppm;15;0
15/00007_00011.ppm;15;0
15/00007_00012.ppm;15;0
15/00007_00013.ppm;15;0
15/00007_00014.ppm;15;0
15/00007_00015.ppm;15;0
15/00007_00016.ppm;15;0
15/00007_00017.ppm;15;0
15/00007_00018.ppm;15;0
15/00007_00019.ppm;15;0
15/00007_00020.ppm;15;0
15/00007_00021.ppm;15;0
15/00007_00022.ppm;15;0
15/00007_00023.ppm;15;0
15/00007_00024.ppm;15;0
15/00007_00025.ppm;15;0
15/00007_00026.ppm;15;0
15/00007_00027.ppm;15;0
15/00007_00028.ppm;15;0
15/00007_00029.ppm;15;0
15/00008_00000.ppm;15;0
15/00008_00001.ppm;15;0
15/00008_00002.ppm;15;0
15/00008_00003.ppm;15;0
15/00008_00004.ppm;15;0
15/00008_00005.ppm;15;0
15/00008_00006.ppm;15;0
15/00008_00007.ppm;15;0
15/00008_00008.ppm;15;0
15/00008_00009.ppm;15;0
15/00008_00010.ppm;15;0
15/00008_00011.ppm;15;0
15/00008_00012.ppm;15;0
15/00008_00013.ppm;15;0
15/00008_00014.ppm;15;0
15/00008_00015.ppm;15;0
15/00008_00016.ppm;15;0
15/00008_00017.ppm;15;0
15/00008_00018.ppm;15;0
15/00008_00019.ppm;15;0
15/00008_00020.ppm;15;0
15/00008_00021.ppm;15;0
15/00008_00022.ppm;15;0
15/00008_00023.ppm;15;0
15/00008_00024.ppm;15;0
15/00008_00025.ppm;15;0
15/00008_00026.ppm;15;0
15/00008_00027.ppm;15;0
15/00008_00028.ppm;15;0
15/00008_00029.ppm;15;0
15/00009_00000.ppm;15;0
15/00009_00001.ppm;15;0
15/00009_00002.ppm;15;0
15/00009_00003.ppm;15;0
15/00009_00004.ppm;15;0
15/00009_00005.ppm;15;0
15/00009_00006.ppm;15;0
15/00009_00007.ppm;15;0
15/00009_00008.ppm;15;0
15/00009_00009.ppm;15;0
15/00009_00010.ppm;15;0
15/00009_00011.ppm;15;0
15/00009_00012.ppm;15;0
15/00009_00013.ppm;15;0
15/00009_00014.ppm;15;0
15/00009_00015.ppm;15;0
15/00009_00016.ppm;15;0
15/00009_00017.ppm;15;0
15/00009_00018.ppm;15;0
15/00009_00019.ppm;15;0
15/00009_00020.ppm;15;0
15/00009_00021.ppm;15;0
15/00009_00022.ppm;15;0
15/00009_00023.ppm;15;0
15/00009_00024.ppm;15;0
15/00009_00025.ppm;15;0
15/00009_00026.ppm;15;0
15/00009_00027.ppm;15;0
15/00009_00028.ppm;15;0
15/00009_00029.ppm;15;0
15/00010_00000.ppm;15;0
15/00010_00001.ppm;15;0
15/00010_00002.ppm;15;0
15/00010_00003.ppm;15;0
15/00010_00004.ppm;15;0
15/00010_00005.ppm;15;0
15/00010_00006.ppm;15;0
15/00010_00007.ppm;15;0
15/00010_00008.ppm;15;0
15/00010_00009.ppm;15;0
15/00010_00010.ppm;15;0
15/00010_00011.ppm;15;0
15/00010_00012.ppm;15;0
15/00010_00013.ppm;15;0
15/00010_00014.ppm;15;0
15/00010_00015.ppm;15;0
15/00010_00016.ppm;15;0
15/00010_00017.ppm;15;0
15/00010_00018.ppm;15;0
15/00010_00019.ppm;15;0
15/00010_00020.ppm;15;0
15/00010_00021.ppm;15;0
15/00010_00022.ppm;15;0
15/00010_00023.ppm;15;0
15/00010_00024.ppm;15;0
15/00010_00025.ppm;15;0
15/00010_00026.ppm;15;0
15/00010_00027.ppm;15;0
15/00010_00028.ppm;15;0
15/00010_00029.ppm;15;0
15/00011_00000.ppm;15;0
15/00011_00001.ppm;15;0
15/00011_00002.ppm;15;0
15/00011_00003.ppm;15;0
15/00011_00004.ppm;15;0
15/00011_00005.ppm;15;0
15/00011_00006.ppm;15;0
15/00011_00007.ppm;15;0
15/00011_00008.ppm;15;0
15/00011_00009.ppm;15;0
15/00011_00010.ppm;15;0
15/00011_00011.ppm;15;0
15/00011_00012.ppm;15;0
15/00011_00013.ppm;15;0
15/00011_00014.ppm;15;0
15/00011_00015.ppm;15;0
15/00011_00016.ppm;15;0
15/00011_00017.ppm;15;0
15/00011_00018.ppm;15;0
15/00011_00019.ppm;15;0
15/00011_00020.ppm;15;0
15/00011_00021.ppm;15;0
15/00011_00022.ppm;15;0
15/00011_00023.ppm;15;0
15/00011_00024.ppm;15;0
15/00011_00025.ppm;15;0
15/00011_00026.ppm;15;0
15/00011_00027.ppm;15;0
15/00011_00028.ppm;15;0
15/00011_00029.ppm;15;0
15/00012_00000.ppm;15;0
15/00012_00001.ppm;15;0
15/00012_00002.ppm;15;0
15/00012_00003.ppm;15;0
15/00012_00004.ppm;15;0
15/00012_00005.ppm;15;0
15/00012_00006.ppm;15;0
15/00012_00007.ppm;15;0
15/00012_00008.ppm;15;0
15/00012_00009.ppm;15;0
15/00012_00010.ppm;15;0
15/00012_00011.ppm;15;0
15/00012_00012.ppm;15;0
15/00012_00013.ppm;15;0
15/00012_00014.ppm;15;0
15/00012_00015.ppm;15;0
15/00012_00016.ppm;15;0
15/00012_00017.ppm;15;0
15/00012_00018.ppm;15;0
15/00012_00019.ppm;15;0
15/00012_00020.ppm;15;0
15/00012_00021.ppm;15;0
15/00012_00022.ppm;15;0
15/00012_00023.ppm;15;0
15/00012_00024.ppm;15;0
15/00012_00025.ppm;15;0
15/00012_00026.ppm;15;0
15/00012_00027.ppm;15;0
15/00012_00028.ppm;15;0
15/00012_00029.ppm;15;0
15/00013_00000.ppm;15;0
15/00013_00001.ppm;15;0
15/00013_00002.ppm;15;0
15/00013_00003.ppm;15;0
15/00013_00004.ppm;15;0
15/00013_00005.ppm;15;0
15/00013_00006.ppm;15;0
15/00013_00007.ppm;15;0
15/00013_00008.ppm;15;0
15/00013_00009.ppm;15;0
15/00013_00010.ppm;15;0
15/00013_00011.ppm;15;0
15/00013_00012.ppm;15;0
15/00013_00013.ppm;15;0
15/00013_00014.ppm;15;0
15/00013_00015.ppm;15;0
15/00013_00016.ppm;15;0
15/00013_00017.ppm;15;0
15/00013_00018.ppm;15;0
15/00013_00019.ppm;15;0
15/00013_00020.ppm;15;0
15/00013_00021.ppm;15;0
15/00013_00022.ppm;15;0
15/00013_00023.ppm;15;0
15/00013_00024.ppm;15;0
15/00013_00025.ppm;15;0
15/00013_00026.ppm;15;0
15/00013_00027.ppm;15;0
15/00013_00028.ppm;15;0
15/00013_00029.ppm;15;0
16/00000_00000.ppm;16;0
16/00000_00001.ppm;16;0
16/00000_00002.ppm;16;0
16/00000_00003.ppm;16;0
16/00000_00004.ppm;16;0
16/00000_00005.ppm;16;0
16/00000_00006.ppm;16;0
16/00000_00007.ppm;16;0
16/00000_00008.ppm;16;0
16/00000_00009.ppm;16;0
16/00000_00010.ppm;16;0
16/00000_00011.ppm;16;0
16/00000_00012.ppm;16;0
16/00000_00013.ppm;16;0
16/00000_00014.ppm;16;0
16/00000_00015.ppm;16;0
16/00000_00016.ppm;16;0
16/00000_00017.ppm;16;0
16/00000_00018.ppm;16;0
16/00000_00019.ppm;16;0
16/00000_00020.ppm;16;0
16/00000_00021.ppm;16;0
16/00000_00022.ppm;16;0
16/00000_00023.ppm;16;0
16/00000_00024.ppm;16;0
16/00000_00025.ppm;16;0
16/00000_00026.ppm;16;0
16/00000_00027.ppm;16;0
16/00000_00028.ppm;16;0
16/00000_00029.ppm;16;0
16/00001_00000.ppm;16;0
16/00001_00001.ppm;16;0
16/00001_00002.ppm;16;0
16/00001_00003.ppm;16;0
16/00001_00004.ppm;16;0
16/00001_00005.ppm;16;0
16/00001_00006.ppm;16;0
16/00001_00007.ppm;16;0
16/00001_00008.ppm;16;0
16/00001_00009.ppm;16;0
16/00001_00010.ppm;16;0
16/00001_00011.ppm;16;0
16/00001_00012.ppm;16;0
16/00001_00013.ppm;16;0
16/00001_00014.ppm;16;0
16/00001_00015.ppm;16;0
16/00001_00016.ppm;16;0
16/00001_00017.ppm;16;0
16/00001_00018.ppm;16;0
16/00001_00019.ppm;16;0
16/00001_00020.ppm;16;0
16/00001_00021.ppm;16;0
16/00001_00022.ppm;16;0
16/00001_00023.ppm;16;0
16/00001_00024.ppm;16;0
16/00001_00025.ppm;16;0
16/00001_00026.ppm;16;0
16/00001_00027.ppm;16;0
16/00001_00028.ppm;16;0
16/00001_00029.ppm;16;0
16/00002_00000.ppm;16;0
16/00002_00001.ppm;16;0
16/00002_00002.ppm;16;0
16/00002_00003.ppm;16;0
16/00002_00004.ppm;16;0
16/00002_00005.ppm;16;0
16/00002_00006.ppm;16;0
16/00002_00007.ppm;16;0
16/00002_00008.ppm;16;0
16/00002_00009.ppm;16;0
16/00002_00010.ppm;16;0
16/00002_00011.ppm;16;0
16/00002_00012.ppm;16;0
16/00002_00013.ppm;16;0
16/00002_00014.ppm;16;0
16/00002_00015.ppm;16;0
16/00002_00016.ppm;16;0
16/00002_00017.ppm;16;0
16/00002_00018.ppm;16;0
16/00002_00019.ppm;16;0
16/00002_00020.ppm;16;0
16/00002_00021.ppm;16;0
16/00002_00022.ppm;16;0
16/00002_00023.ppm;16;0
16/00002_00024.ppm;16;0
16/00002_00025.ppm;16;0
16/00002_00026.ppm;16;0
16/00002_00027.ppm;16;0
16/00002_00028.ppm;16;0
16/00002_00029.ppm;16;0
16/00003_00000.ppm;16;0
16/00003_00001.ppm;16;0
16/00003_00002.ppm;16;0
16/00003_00003.ppm;16;0
16/00003_00004.ppm;16;0
16/00003_00005.ppm;16;0
16/00003_00006.ppm;16;0
16/00003_00007.ppm;16;0
16/00003_00008.ppm;16;0
16/00003_00009.ppm;16;0
16/00003_00010.ppm;16;0
16/00003_00011.ppm;16;0
16/00003_00012.ppm;16;0
16/00003_00013.ppm;16;0
16/00003_00014.ppm;16;0
16/00003_00015.ppm;16;0
16/00003_00016.ppm;16;0
16/00003_00017.ppm;16;0
16/00003_00018.ppm;16;0
16/00003_00019.ppm;16;0
16/00003_00020.ppm;16;0
16/00003_00021.ppm;16;0
16/00003_00022.ppm;16;0
16/00003_00023.ppm;16;0
16/00003_00024.ppm;16;0
16/00003_00025.ppm;16;0
16/00003_00026.ppm;16;0
16/00003_00027.ppm;16;0
16/00003_00028.ppm;16;0
16/00003_00029.ppm;16;0
16/00004_00000.ppm;16;0
16/00004_00001.ppm;16;0
16/00004_00002.ppm;16;0
16/00004_00003.ppm;16;0
16/00004_00004.ppm;16;0
16/00004_00005.ppm;16;0
16/00004_00006.ppm;16;0
16/00004_00007.ppm;16;0
16/00004_00008.ppm;16;0
16/00004_00009.ppm;16;0
16/00004_00010.ppm;16;0
16/00004_00011.ppm;16;0
16/00004_00012.ppm;16;0
16/00004_00013.ppm;16;0
16/00004_00014.ppm;16;0
16/00004_00015.ppm;16;0
16/00004_00016.ppm;16;0
16/00004_00017.ppm;16;0
16/00004_00018.ppm;16;0
16/00004_00019.ppm;16;0
16/00004_00020.ppm;16;0
16/00004_00021.ppm;16;0
16/00004_00022.ppm;16;0
16/00004_00023.ppm;16;0
16/00004_00024.ppm;16;0
16/00004_00025.ppm;16;0
16/00004_00026.ppm;16;0
16/00004_00027.ppm;16;0
16/00004_00028.ppm;16;0
16/00004_00029.ppm;16;0
16/00005_00000.ppm;16;0
16/00005_00001.ppm;16;0
16/00005_00002.ppm;16;0
16/00005_00003.ppm;16;0
16/00005_00004.ppm;16;0
16/00005_00005.ppm;16;0
16/00005_00006.ppm;16;0
16/00005_00007.ppm;16;0
16/00005_00008.ppm;16;0
16/00005_00009.ppm;16;0
16/00005_00010.ppm;16;0
16/00005_00011.ppm;16;0
16/00005_00012.ppm;16;0
16/00005_00013.ppm;16;0
16/00005_00014.ppm;16;0
16/00005_00015.ppm;16;0
16/00005_00016.ppm;16;0
16/00005_00017.ppm;16;0
16/00005_00018.ppm;16;0
16/00005_00019.ppm;16;0
16/00005_00020.ppm;16;0
16/00005_00021.ppm;16;0
16/00005_00022.ppm;16;0
16/00005_00023.ppm;16;0
16/00005_00024.ppm;16;0
16/00005_00025.ppm;16;0
16/00005_00026.ppm;16;0
16/00005_00027.ppm;16;0
16/00005_00028.ppm;16;0
16/00005_00029.ppm;16;0
16/00006_00000.ppm;16;0
16/00006_00001.ppm;16;0
16/00006_00002.ppm;16;0
16/00006_00003.ppm;16;0
16/00006_00004.ppm;16;0
16/00006_00005.ppm;16;0
16/00006_00006.ppm;16;0
16/00006_00007.ppm;16;0
16/00006_00008.ppm;16;0
16/00006_00009.ppm;16;0
16/00006_00010.ppm;16;0
16/00006_00011.ppm;16;0
16/00006_00012.ppm;16;0
16/00006_00013.ppm;16;0
16/00006_00014.ppm;16;0
16/00006_00015.ppm;16;0
16/00006_00016.ppm;16;0
16/00006_00017.ppm;16;0
16/00006_00018.ppm;16;0
16/00006_00019.ppm;16;0
16/00006_00020.ppm;16;0
16/00006_00021.ppm;16;0
16/00006_00022.ppm;16;0
16/00006_00023.ppm;16;0
16/00006_00024.ppm;16;0
16/00006_00025.ppm;16;0
16/00006_00026.ppm;16;0
16/00006_00027.ppm;16;0
16/00006_00028.ppm;16;0
16/00006_00029.ppm;16;0
16/00007_00000.ppm;16;0
16/00007_00001.ppm;16;0
16/00007_00002.ppm;16;0
16/00007_00003.ppm;16;0
16/00007_00004.ppm;16;0
16/00007_00005.ppm;16;0
16/00007_00006.ppm;16;0
16/00007_00007.ppm;16;0
16/00007_00008.ppm;16;0
16/00007_00009.ppm;16;0
16/00007_00010.ppm;16;0
16/00007_00011.ppm;16;0
16/00007_00012.ppm;16;0
16/00007_00013.ppm;16;0
16/00007_00014.ppm;16;0
16/00007_00015.ppm;16;0
16/00007_00016.ppm;16;0
16/00007_00017.ppm;16;0
16/00007_00018.ppm;16;0
16/00007_00019.ppm;16;0
16/00007_00020.ppm;16;0
16/00007_00021.ppm;16;0
16/00007_00022.ppm;16;0
16/00007_00023.ppm;16;0
16/00007_00024.ppm;16;0
16/00007_00025.ppm;16;0
16/00007_00026.ppm;16;0
16/00007_00027.ppm;16;0
16/00007_00028.ppm;16;0
16/00007_00029.ppm;16;0
16/00008_00000.ppm;16;0
16/00008_00001.ppm;16;0
16/00008_00002.ppm;16;0
16/00008_00003.ppm;16;0
16/00008_00004.ppm;16;0
16/00008_00005.ppm;16;0
16/00008_00006.ppm;16;0
16/00008_00007.ppm;16;0
16/00008_00008.ppm;16;0
16/00008_00009.ppm;16;0
16/00008_00010.ppm;16;0
16/00008_00011.ppm;16;0
16/00008_00012.ppm;16;0
16/00008_00013.ppm;16;0
16/00008_00014.ppm;16;0
16/00008_00015.ppm;16;0
16/00008_00016.ppm;16;0
16/00008_00017.ppm;16;0
16/00008_00018.ppm;16;0
16/00008_00019.ppm;16;0
16/00008_00020.ppm;16;0
16/00008_00021.ppm;16;0
16/00008_00022.ppm;16;0
16/00008_00023.ppm;16;0
16/00008_00024.ppm;16;0
16/00008_00025.ppm;16;0
16/00008_00026.ppm;16;0
16/00008_00027.ppm;16;0
16/00008_00028.ppm;16;0
16/00008_00029.ppm;16;0
16/00009_00000.ppm;16;0
16/00009_00001.ppm;16;0
16/00009_00002.ppm;16;0
16/00009_00003.ppm;16;0
16/00009_00004.ppm;16;0
16/00009_00005.ppm;16;0
16/00009_00006.ppm;16;0
16/00009_00007.ppm;16;0
16/00009_00008.ppm;16;0
16/00009_00009.ppm;16;0
16/00009_00010.ppm;16;0
16/00009_00011.ppm;16;0
16/00009_00012.ppm;16;0
16/00009_00013.ppm;16;0
16/00009_00014.ppm;16;0
16/00009_00015.ppm;16;0
16/00009_00016.ppm;16;0
16/00009_00017.ppm;16;0
16/00009_00018.ppm;16;0
16/00009_00019.ppm;16;0
16/00009_00020.ppm;16;0
16/00009_00021.ppm;16;0
16/00009_00022.ppm;16;0
16/00009_00023.ppm;16;0
16/00009_00024.ppm;16;0
16/00009_00025.ppm;16;0
16/00009_00026.ppm;16;0
16/00009_00027.ppm;16;0
16/00009_00028.ppm;16;0
16/00009_00029.ppm;16;0
17/00000_00000.ppm;17;0
17/00000_00001.ppm;17;0
17/00000_00002.ppm;17;0
17/00000_00003.ppm;17;0
17/00000_00004.ppm;17;0
17/00000_00005.ppm;17;0
17/00000_00006.ppm;17;0
17/00000_00007.ppm;17;0
17/00000_00008.ppm;17;0
17/00000_00009.ppm;17;0
17/00000_00010.ppm;17;0
17/00000_00011.ppm;17;0
17/00000_00012.ppm;17;0
17/00000_00013.ppm;17;0
17/00000_00014.ppm;17;0
17/00000_00015.ppm;17;0
17/00000_00016.ppm;17;0
17/00000_00017.ppm;17;0
17/00000_00018.ppm;17;0
17/00000_00019.ppm;17;0
17/00000_00020.ppm;17;0
17/00000_00021.ppm;17;0
17/00000_00022.ppm;17;0
17/00000_00023.ppm;17;0
17/00000_00024.ppm;17;0
17/00000_00025.ppm;17;0
17/00000_00026.ppm;17;0
17/00000_00027.ppm;17;0
17/00000_00028.ppm;17;0
17/00000_00029.ppm;17;0
17/00001_00000.ppm;17;0
17/00001_00001.ppm;17;0
17/00001_00002.ppm;17;0
17/00001_00003.ppm;17;0
17/00001_00004.ppm;17;0
17/00001_00005.ppm;17;0
17/00001_00006.ppm;17;0
17/00001_00007.ppm;17;0
17/00001_00008.ppm;17;0
17/00001_00009.ppm;17;0
17/00001_00010.ppm;17;0
17/00001_00011.ppm;17;0
17/00001_00012.ppm;17;0
17/00001_00013.ppm;17;0
17/00001_00014.ppm;17;0
17/00001_00015.ppm;17;0
17/00001_00016.ppm;17;0
17/00001_00017.ppm;17;0
17/00001_00018.ppm;17;0
17/00001_00019.ppm;17;0
17/00001_00020.ppm;17;0
17/00001_00021.ppm;17;0
17/00001_00022.ppm;17;0
17/00001_00023.ppm;17;0
17/00001_00024.ppm;17;0
17/00001_00025.ppm;17;0
17/00001_00026.ppm;17;0
17/00001_00027.ppm;17;0
17/00001_00028.ppm;17;0
17/00001_00029.ppm;17;0
17/00002_00000.ppm;17;0
17/00002_00001.ppm;17;0
17/00002_00002.ppm;17;0
17/00002_00003.ppm;17;0
17/00002_00004.ppm;17;0
17/00002_00005.ppm;17;0
17/00002_00006.ppm;17;0
17/00002_00007.ppm;17;0
17/00002_00008.ppm;17;0
17/00002_00009.ppm;17;0
17/00002_00010.ppm;17;0
17/00002_00011.ppm;17;0
17/00002_00012.ppm;17;0
17/00002_00013.ppm;17;0
17/00002_00014.ppm;17;0
17/00002_00015.ppm;17;0
17/00002_00016.ppm;17;0
17/00002_00017.ppm;17;0
17/00002_00018.ppm;17;0
17/00002_00019.ppm;17;0
17/00002_00020.ppm;17;0
17/00002_00021.ppm;17;0
17/00002_00022.ppm;17;0
17/00002_00023.ppm;17;0
17/00002_00024.ppm;17;0
17/00002_00025.ppm;17;0
17/00002_00026.ppm;17;0
17/00002_00027.ppm;17;0
17/00002_00028.ppm;17;0
17/00002_00029.ppm;17;0
17/00003_00000.ppm;17;0
17/00003_00001.ppm;17;0
17/00003_00002.ppm;17;0
17/00003_00003.ppm;17;0
17/00003_00004.ppm;17;0
17/00003_00005.ppm;17;0
17/00003_00006.ppm;17;0
17/00003_00007.ppm;17;0
17/00003_00008.ppm;17;0
17/00003_00009.ppm;17;0
17/00003_00010.ppm;17;0
17/00003_00011.ppm;17;0
17/00003_00012.ppm;17;0
17/00003_00013.ppm;17;0
17/00003_00014.ppm;17;0
17/00003_00015.ppm;17;0
17/00003_00016.ppm;17;0
17/00003_00017.ppm;17;0
17/00003_00018.ppm;17;0
17/00003_00019.ppm;17;0
17/00003_00020.ppm;17;0
17/00003_00021.ppm;17;0
17/00003_00022.ppm;17;0
17/00003_00023.ppm;17;0
17/00003_00024.ppm;17;0
17/00003_00025.ppm;17;0
17/00003_00026.ppm;17;0
17/00003_00027.ppm;17;0
17/00003_00028.ppm;17;0
17/00003_00029.ppm;17;0
17/00004_00000.ppm;17;0
17/00004_00001.ppm;17;0
17/00004_00002.ppm;17;0
17/00004_00003.ppm;17;0
17/00004_00004.ppm;17;0
17/00004_00005.ppm;17;0
17/00004_00006.ppm;17;0
17/00004_00007.ppm;17;0
17/00004_00008.ppm;17;0
17/00004_00009.ppm;17;0
17/00004_00010.ppm;17;0
17/00004_00011.ppm;17;0
17/00004_00012.ppm;17;0
17/00004_00013.ppm;17;0
17/00004_00014.ppm;17;0
17/00004_00015.ppm;17;0
17/00004_00016.ppm;17;0
17/00004_00017.ppm;17;0
17/00004_00018.ppm;17;0
17/00004_00019.ppm;17;0
17/00004_00020.ppm;17;0
17/00004_00021.ppm;17;0
17/00004_00022.ppm;17;0
17/00004_00023.ppm;17;0
17/00004_00024.ppm;17;0
17/00004_00025.ppm;17;0
17/00004_00026.ppm;17;0
17/00004_00027.ppm;17;0
17/00004_00028.ppm;17;0
17/00004_00029.ppm;17;0
17/00005_00000.ppm;17;0
17/00005_00001.ppm;17;0
17/00005_00002.ppm;17;0
17/00005_00003.ppm;17;0
17/00005_00004.ppm;17;0
17/00005_00005.ppm;17;0
17/00005_00006.ppm;17;0
17/00005_00007.ppm;17;0
17/00005_00008.ppm;17;0
17/00005_00009.ppm;17;0
17/00005_00010.ppm;17;0
17/00005_00011.ppm;17;0
17/00005_00012.ppm;17;0
17/00005_00013.ppm;17;0
17/00005_00014.ppm;17;0
17/00005_00015.ppm;17;0
17/00005_00016.ppm;17;0
17/00005_00017.ppm;17;0
17/00005_00018.ppm;17;0
17/00005_00019.ppm;17;0
17/00005_00020.ppm;17;0
17/00005_00021.ppm;17;0
17/00005_00022.ppm;17;0
17/00005_00023.ppm;17;0
17/00005_00024.ppm;17;0
17/00005_00025.ppm;17;0
17/00005_00026.ppm;17;0
17/00005_00027.ppm;17;0
17/00005_00028.ppm;17;0
17/00005_00029.ppm;17;0
17/00006_00000.ppm;17;0
17/00006_00001.ppm;17;0
17/00006_00002.ppm;17;0
17/00006_00003.ppm;17;0
17/00006_00004.ppm;17;0
17/00006_00005.ppm;17;0
17/00006_00006.ppm;17;0
17/00006_00007.ppm;17;0
17/00006_00008.ppm;17;0
17/00006_00009.ppm;17;0
17/00006_00010.ppm;17;0
17/00006_00011.ppm;17;0
17/00006_00012.ppm;17;0
17/00006_00013.ppm;17;0
17/00006_00014.ppm;17;0
17/00006_00015.ppm;17;0
17/00006_00016.ppm;17;0
17/00006_00017.ppm;17;0
17/00006_00018.ppm;17;0
17/00006_00019.ppm;17;0
17/00006_00020.ppm;17;0
17/00006_00021.ppm;17;0
17/00006_00022.ppm;17;0
17/00006_00023.ppm;17;0
17/00006_00024.ppm;17;0
17/00006_00025.ppm;17;0
17/00006_00026.ppm;17;0
17/00006_00027.ppm;17;0
17/00006_00028.ppm;17;0
17/00006_00029.ppm;17;0
17/00007_00000.ppm;17;0
17/00007_00001.ppm;17;0
17/00007_00002.ppm;17;0
17/00007_00003.ppm;17;0
17/00007_00004.ppm;17;0
17/00007_00005.ppm;17;0
17/00007_00006.ppm;17;0
17/00007_00007.ppm;17;0
17/00007_00008.ppm;17;0
17/00007_00009.ppm;17;0
17/00007_00010.ppm;17;0
17/00007_00011.ppm;17;0
17/00007_00012.ppm;17;0
17/00007_00013.ppm;17;0
17/00007_00014.ppm;17;0
17/00007_00015.ppm;17;0
17/00007_00016.ppm;17;0
17/00007_00017.ppm;17;0
17/00007_00018.ppm;17;0
17/00007_00019.ppm;17;0
17/00007_00020.ppm;17;0
17/00007_00021.ppm;17;0
17/00007_00022.ppm;17;0
17/00007_00023.ppm;17;0
17/00007_00024.ppm;17;0
17/00007_00025.ppm;17;0
17/00007_00026.ppm;17;0
17/00007_00027.ppm;17;0
17/00007_00028.ppm;17;0
17/00007_00029.ppm;17;0
17/00008_00000.ppm;17;0
17/00008_00001.ppm;17;0
17/00008_00002.ppm;17;0
17/00008_00003.ppm;17;0
17/00008_00004.ppm;17;0
17/00008_00005.ppm;17;0
17/00008_00006.ppm;17;0
17/00008_00007.ppm;17;0
17/00008_00008.ppm;17;0
17/00008_00009.ppm;17;0
17/00008_00010.ppm;17;0
17/00008_00011.ppm;17;0
17/00008_00012.ppm;17;0
17/00008_00013.ppm;17;0
17/00008_00014.ppm;17;0
17/00008_00015.ppm;17;0
17/00008_00016.ppm;17;0
17/00008_00017.ppm;17;0
17/00008_00018.ppm;17;0
17/00008_00019.ppm;17;0
17/00008_00020.ppm;17;0
17/00008_00021.ppm;17;0
17/00008_00022.ppm;17;0
17/00008_00023.ppm;17;0
17/00008_00024.ppm;17;0
17/00008_00025.ppm;17;0
17/00008_00026.ppm;17;0
17/00008_00027.ppm;17;0
17/00008_00028.ppm;17;0
17/00008_00029.ppm;17;0
17/00009_00000.ppm;17;0
17/00009_00001.ppm;17;0
17/00009_00002.ppm;17;0
17/00009_00003.ppm;17;0
17/00009_00004.ppm;17;0
17/00009_00005.ppm;17;0
17/00009_00006.ppm;17;0
17/00009_00007.ppm;17;0
17/00009_00008.ppm;17;0
17/00009_00009.ppm;17;0
17/00009_00010.ppm;17;0
17/00009_00011.ppm;17;0
17/00009_00012.ppm;17;0
17/00009_00013.ppm;17;0
17/00009_00014.ppm;17;0
17/00009_00015.ppm;17;0
17/00009_00016.ppm;17;0
17/00009_00017.ppm;17;0
17/00009_00018.ppm;17;0
17/00009_00019.ppm;17;0
17/00009_00020.ppm;17;0
17/00009_00021.ppm;17;0
17/00009_00022.ppm;17;0
17/00009_00023.ppm;17;0
17/00009_00024.ppm;17;0
17/00009_00025.ppm;17;0
17/00009_00026.ppm;17;0
17/00009_00027.ppm;17;0
17/00009_00028.ppm;17;0
17/00009_00029.ppm;17;0
17/00010_00000.ppm;17;0
17/00010_00001.ppm;17;0
17/00010_00002.ppm;17;0
17/00010_00003.ppm;17;0
17/00010_00004.ppm;17;0
17/00010_00005.ppm;17;0
17/00010_00006.ppm;17;0
17/00010_00007.ppm;17;0
17/00010_00008.ppm;17;0
17/00010_00009.ppm;17;0
17/00010_00010.ppm;17;0
17/00010_00011.ppm;17;0
17/00010_00012.ppm;17;0
17/00010_00013.ppm;17;0
17/00010_00014.ppm;17;0
17/00010_00015.ppm;17;0
17/00010_00016.ppm;17;0
17/00010_00017.ppm;17;0
17/00010_00018.ppm;17;0
17/00010_00019.ppm;17;0
17/00010_00020.ppm;17;0
17/00010_00021.ppm;17;0
17/00010_00022.ppm;17;0
17/00010_00023.ppm;17;0
17/00010_00024.ppm;17;0
17/00010_00025.ppm;17;0
17/00010_00026.ppm;17;0
17/00010_00027.ppm;17;0
17/00010_00028.ppm;17;0
17/00010_00029.ppm;17;0
17/00011_00000.ppm;17;0
17/00011_00001.ppm;17;0
17/00011_00002.ppm;17;0
17/00011_00003.ppm;17;0
17/00011_00004.ppm;17;0
17/00011_00005.ppm;17;0
17/00011_00006.ppm;17;0
17/00011_00007.ppm;17;0
17/00011_00008.ppm;17;0
17/00011_00009.ppm;17;0
17/00011_00010.ppm;17;0
17/00011_00011.ppm;17;0
17/00011_00012.ppm;17;0
17/00011_00013.ppm;17;0
17/00011_00014.ppm;17;0
17/00011_00015.ppm;17;0
17/00011_00016.ppm;17;0
17/00011_00017.ppm;17;0
17/00011_00018.ppm;17;0
17/00011_00019.ppm;17;0
17/00011_00020.ppm;17;0
17/00011_00021.ppm;17;0
17/00011_00022.ppm;17;0
17/00011_00023.ppm;17;0
17/00011_00024.ppm;17;0
17/00011_00025.ppm;17;0
17/00011_00026.ppm;17;0
17/00011_00027.ppm;17;0
17/00011_00028.ppm;17;0
17/00011_00029.ppm;17;0
17/00012_00000.ppm;17;0
17/00012_00001.ppm;17;0
17/00012_00002.ppm;17;0
17/00012_00003.ppm;17;0
17/00012_00004.ppm;17;0
17/00012_00005.ppm;17;0
17/00012_00006.ppm;17;0
17/00012_00007.ppm;17;0
17/00012_00008.ppm;17;0
17/00012_00009.ppm;17;0
17/00012_00010.ppm;17;0
17/00012_00011.ppm;17;0
17/00012_00012.ppm;17;0
17/00012_00013.ppm;17;0
17/00012_00014.ppm;17;0
17/00012_00015.ppm;17;0
17/00012_00016.ppm;17;0
17/00012_00017.ppm;17;0
17/00012_00018.ppm;17;0
17/00012_00019.ppm;17;0
17/00012_00020.ppm;17;0
17/00012_00021.ppm;17;0
17/00012_00022.ppm;17;0
17/00012_00023.ppm;17;0
17/00012_00024.ppm;17;0
17/00012_00025.ppm;17;0
17/00012_00026.ppm;17;0
17/00012_00027.ppm;17;0
17/00012_00028.ppm;17;0
17/00012_00029.ppm;17;0
17/00013_00000.ppm;17;0
17/00013_00001.ppm;17;0
17/00013_00002.ppm;17;0
17/00013_00003.ppm;17;0
17/00013_00004.ppm;17;0
17/00013_00005.ppm;17;0
17/00013_00006.ppm;17;0
17/00013_00007.ppm;17;0
17/00013_00008.ppm;17;0
17/00013_00009.ppm;17;0
17/00013_00010.ppm;17;0
17/00013_00011.ppm;17;0
17/00013_00012.ppm;17;0
17/00013_00013.ppm;17;0
17/00013_00014.ppm;17;0
17/00013_00015.ppm;17;0
17/00013_00016.ppm;17;0
17/00013_00017.ppm;17;0
17/00013_00018.ppm;17;0
17/00013_00019.ppm;17;0
17/00013_00020.ppm;17;0
17/00013_00021.ppm;17;0
17/00013_00022.ppm;17;0
17/00013_00023.ppm;17;0
17/00013_00024.ppm;17;0
17/00013_00025.ppm;17;0
17/00013_00026.ppm;17;0
17/00013_00027.ppm;17;0
17/00013_00028.ppm;17;0
17/00013_00029.ppm;17;0
17/00014_00000.ppm;17;0
17/00014_00001.ppm;17;0
17/00014_00002.ppm;17;0
17/00014_00003.ppm;17;0
17/00014_00004.ppm;17;0
17/00014_00005.ppm;17;0
17/00014_00006.ppm;17;0
17/00014_00007.ppm;17;0
17/00014_00008.ppm;17;0
17/00014_00009.ppm;17;0
17/00014_00010.ppm;17;0
17/00014_00011.ppm;17;0
17/00014_00012.ppm;17;0
17/00014_00013.ppm;17;0
17/00014_00014.ppm;17;0
17/00014_00015.ppm;17;0
17/00014_00016.ppm;17;0
17/00014_00017.ppm;17;0
17/00014_00018.ppm;17;0
17/00014_00019.ppm;17;0
17/00014_00020.ppm;17;0
17/00014_00021.ppm;17;0
17/00014_00022.ppm;17;0
17/00014_00023.ppm;17;0
17/00014_00024.ppm;17;0
17/00014_00025.ppm;17;0
17/00014_00026.ppm;17;0
17/00014_00027.ppm;17;0
17/00014_00028.ppm;17;0
17/00014_00029.ppm;17;0
17/00015_00000.ppm;17;0
17/00015_00001.ppm;17;0
17/00015_00002.ppm;17;0
17/00015_00003.ppm;17;0
17/00015_00004.ppm;17;0
17/00015_00005.ppm;17;0
17/00015_00006.ppm;17;0
17/00015_00007.ppm;17;0
17/00015_00008.ppm;17;0
17/00015_00009.ppm;17;0
17/00015_00010.ppm;17;0
17/00015_00011.ppm;17;0
17/00015_00012.ppm;17;0
17/00015_00013.ppm;17;0
17/00015_00014.ppm;17;0
17/00015_00015.ppm;17;0
17/00015_00016.ppm;17;0
17/00015_00017.ppm;17;0
17/00015_00018.ppm;17;0
17/00015_00019.ppm;17;0
17/00015_00020.ppm;17;0
17/00015_00021.ppm;17;0
17/00015_00022.ppm;17;0
17/00015_00023.ppm;17;0
17/00015_00024.ppm;17;0
17/00015_00025.ppm;17;0
17/00015_00026.ppm;17;0
17/00015_00027.ppm;17;0
17/00015_00028.ppm;17;0
17/00015_00029.ppm;17;0
17/00016_00000.ppm;17;0
17/00016_00001.ppm;17;0
17/00016_00002.ppm;17;0
17/00016_00003.ppm;17;0
17/00016_00004.ppm;17;0
17/00016_00005.ppm;17;0
17/00016_00006.ppm;17;0
17/00016_00007.ppm;17;0
17/00016_00008.ppm;17;0
17/00016_00009.ppm;17;0
17/00016_00010.ppm;17;0
17/00016_00011.ppm;17;0
17/00016_00012.ppm;17;0
17/00016_00013.ppm;17;0
17/00016_00014.ppm;17;0
17/00016_00015.ppm;17;0
17/00016_00016.ppm;17;0
17/00016_00017.ppm;17;0
17/00016_00018.ppm;17;0
17/00016_00019.ppm;17;0
17/00016_00020.ppm;17;0
17/00016_00021.ppm;17;0
17/00016_00022.ppm;17;0
17/00016_00023.ppm;17;0
17/00016_00024.ppm;17;0
17/00016_00025.ppm;17;0
17/00016_00026.ppm;17;0
17/00016_00027.ppm;17;0
17/00016_00028.ppm;17;0
17/00016_00029.ppm;17;0
17/00017_00000.ppm;17;0
17/00017_00001.ppm;17;0
17/00017_00002.ppm;17;0
17/00017_00003.ppm;17;0
17/00017_00004.ppm;17;0
17/00017_00005.ppm;17;0
17/00017_00006.ppm;17;0
17/00017_00007.ppm;17;0
17/00017_00008.ppm;17;0
17/00017_00009.ppm;17;0
17/00017_00010.ppm;17;0
17/00017_00011.ppm;17;0
17/00017_00012.ppm;17;0
17/00017_00013.ppm;17;0
17/00017_00014.ppm;17;0
17/00017_00015.ppm;17;0
17/00017_00016.ppm;17;0
17/00017_00017.ppm;17;0
17/00017_00018.ppm;17;0
17/00017_00019.ppm;17;0
17/00017_00020.ppm;17;0
17/00017_00021.ppm;17;0
17/00017_00022.ppm;17;0
17/00017_00023.ppm;17;0
17/00017_00024.ppm;17;0
17/00017_00025.ppm;17;0
17/00017_00026.ppm;17;0
17/00017_00027.ppm;17;0
17/00017_00028.ppm;17;0
17/00017_00029.ppm;17;0
17/00018_00000.ppm;17;0
17/00018_00001.ppm;17;0
17/00018_00002.ppm;17;0
17/00018_00003.ppm;17;0
17/00018_00004.ppm;17;0
17/00018_00005.ppm;17;0
17/00018_00006.ppm;17;0
17/00018_00007.ppm;17;0
17/00018_00008.ppm;17;0
17/00018_00009.ppm;17;0
17/00018_00010.ppm;17;0
17/00018_00011.ppm;17;0
17/00018_00012.ppm;17;0
17/00018_00013.ppm;17;0
17/00018_00014.ppm;17;0
17/00018_00015.ppm;17;0
17/00018_00016.ppm;17;0
17/00018_00017.ppm;17;0
17/00018_00018.ppm;17;0
17/00018_00019.ppm;17;0
17/00018_00020.ppm;17;0
17/00018_00021.ppm;17;0
17/00018_00022.ppm;17;0
17/00018_00023.ppm;17;0
17/00018_00024.ppm;17;0
17/00018_00025.ppm;17;0
17/00018_00026.ppm;17;0
17/00018_00027.ppm;17;0
17/00018_00028.ppm;17;0
17/00018_00029.ppm;17;0
17/00019_00000.ppm;17;0
17/00019_00001.ppm;17;0
17/00019_00002.ppm;17;0
17/00019_00003.ppm;17;0
17/00019_00004.ppm;17;0
17/00019_00005.ppm;17;0
17/00019_00006.ppm;17;0
17/00019_00007.ppm;17;0
17/00019_00008.ppm;17;0
17/00019_00009.ppm;17;0
17/00019_00010.ppm;17;0
17/00019_00011.ppm;17;0
17/00019_00012.ppm;17;0
17/00019_00013.ppm;17;0
17/00019_00014.ppm;17;0
17/00019_00015.ppm;17;0
17/00019_00016.ppm;17;0
17/00019_00017.ppm;17;0
17/00019_00018.ppm;17;0
17/00019_00019.ppm;17;0
17/00019_00020.ppm;17;0
17/00019_00021.ppm;17;0
17/00019_00022.ppm;17;0
17/00019_00023.ppm;17;0
17/00019_00024.ppm;17;0
17/00019_00025.ppm;17;0
17/00019_00026.ppm;17;0
17/00019_00027.ppm;17;0
17/00019_00028.ppm;17;0
17/00019_00029.ppm;17;0
17/00020_00000.ppm;17;0
17/00020_00001.ppm;17;0
17/00020_00002.ppm;17;0
17/00020_00003.ppm;17;0
17/00020_00004.ppm;17;0
17/00020_00005.ppm;17;0
17/00020_00006.ppm;17;0
17/00020_00007.ppm;17;0
17/00020_00008.ppm;17;0
17/00020_00009.ppm;17;0
17/00020_00010.ppm;17;0
17/00020_00011.ppm;17;0
17/00020_00012.ppm;17;0
17/00020_00013.ppm;17;0
17/00020_00014.ppm;17;0
17/00020_00015.ppm;17;0
17/00020_00016.ppm;17;0
17/00020_00017.ppm;17;0
17/00020_00018.ppm;17;0
17/00020_00019.ppm;17;0
17/00020_00020.ppm;17;0
17/00020_00021.ppm;17;0
17/00020_00022.ppm;17;0
17/00020_00023.ppm;17;0
17/00020_00024.ppm;17;0
17/00020_00025.ppm;17;0
17/00020_00026.ppm;17;0
17/00020_00027.ppm;17;0
17/00020_00028.ppm;17;0
17/00020_00029.ppm;17;0
17/00021_00000.ppm;17;0
17/00021_00001.ppm;17;0
17/00021_00002.ppm;17;0
17/00021_00003.ppm;17;0
17/00021_00004.ppm;17;0
17/00021_00005.ppm;17;0
17/00021_00006.ppm;17;0
17/00021_00007.ppm;17;0
17/00021_00008.ppm;17;0
17/00021_00009.ppm;17;0
17/00021_00010.ppm;17;0
17/00021_00011.ppm;17;0
17/00021_00012.ppm;17;0
17/00021_00013.ppm;17;0
17/00021_00014.ppm;17;0
17/00021_00015.ppm;17;0
17/00021_00016.ppm;17;0
17/00021_00017.ppm;17;0
17/00021_00018.ppm;17;0
17/00021_00019.ppm;17;0
17/00021_00020.ppm;17;0
17/00021_00021.ppm;17;0
17/00021_00022.ppm;17;0
17/00021_00023.ppm;17;0
17/00021_00024.ppm;17;0
17/00021_00025.ppm;17;0
17/00021_00026.ppm;17;0
17/00021_00027.ppm;17;0
17/00021_00028.ppm;17;0
17/00021_00029.ppm;17;0
17/00022_00000.ppm;17;0
17/00022_00001.ppm;17;0
17/00022_00002.ppm;17;0
17/00022_00003.ppm;17;0
17/00022_00004.ppm;17;0
17/00022_00005.ppm;17;0
17/00022_00006.ppm;17;0
17/00022_00007.ppm;17;0
17/00022_00008.ppm;17;0
17/00022_00009.ppm;17;0
17/00022_00010.ppm;17;0
17/00022_00011.ppm;17;0
17/00022_00012.ppm;17;0
17/00022_00013.ppm;17;0
17/00022_00014.ppm;17;0
17/00022_00015.ppm;17;0
17/00022_00016.ppm;17;0
17/00022_00017.ppm;17;0
17/00022_00018.ppm;17;0
17/00022_00019.ppm;17;0
17/00022_00020.ppm;17;0
17/00022_00021.ppm;17;0
17/00022_00022.ppm;17;0
17/00022_00023.ppm;17;0
17/00022_00024.ppm;17;0
17/00022_00025.ppm;17;0
17/00022_00026.ppm;17;0
17/00022_00027.ppm;17;0
17/00022_00028.ppm;17;0
17/00022_00029.ppm;17;0
17/00023_00000.ppm;17;0
17/00023_00001.ppm;17;0
17/00023_00002.ppm;17;0
17/00023_00003.ppm;17;0
17/00023_00004.ppm;17;0
17/00023_00005.ppm;17;0
17/00023_00006.ppm;17;0
17/00023_00007.ppm;17;0
17/00023_00008.ppm;17;0
17/00023_00009.ppm;17;0
17/00023_00010.ppm;17;0
17/00023_00011.ppm;17;0
17/00023_00012.ppm;17;0
17/00023_00013.ppm;17;0
17/00023_00014.ppm;17;0
17/00023_00015.ppm;17;0
17/00023_00016.ppm;17;0
17/00023_00017.ppm;17;0
17/00023_00018.ppm;17;0
17/00023_00019.ppm;17;0
17/00023_00020.ppm;17;0
17/00023_00021.ppm;17;0
17/00023_00022.ppm;17;0
17/00023_00023.ppm;17;0
17/00023_00024.ppm;17;0
17/00023_00025.ppm;17;0
17/00023_00026.ppm;17;0
17/00023_00027.ppm;17;0
17/00023_00028.ppm;17;0
17/00023_00029.ppm;17;0
17/00024_00000.ppm;17;0
17/00024_00001.ppm;17;0
17/00024_00002.ppm;17;0
17/00024_00003.ppm;17;0
17/00024_00004.ppm;17;0
17/00024_00005.ppm;17;0
17/00024_00006.ppm;17;0
17/00024_00007.ppm;17;0
17/00024_00008.ppm;17;0
17/00024_00009.ppm;17;0
17/00024_00010.ppm;17;0
17/00024_00011.ppm;17;0
17/00024_00012.ppm;17;0
17/00024_00013.ppm;17;0
17/00024_00014.ppm;17;0
17/00024_00015.ppm;17;0
17/00024_00016.ppm;17;0
17/00024_00017.ppm;17;0
17/00024_00018.ppm;17;0
17/00024_00019.ppm;17;0
17/00024_00020.ppm;17;0
17/00024_00021.ppm;17;0
17/00024_00022.ppm;17;0
17/00024_00023.ppm;17;0
17/00024_00024.ppm;17;0
17/00024_00025.ppm;17;0
17/00024_00026.ppm;17;0
17/00024_00027.ppm;17;0
17/00024_00028.ppm;17;0
17/00024_00029.ppm;17;0
18/00000_00000.ppm;18;0
18/00000_00001.ppm;18;0
18/00000_00002.ppm;18;0
18/00000_00003.ppm;18;0
18/00000_00004.ppm;18;0
18/00000_00005.ppm;18;0
18/00000_00006.ppm;18;0
18/00000_00007.ppm;18;0
18/00000_00008.ppm;18;0
18/00000_00009.ppm;18;0
18/00000_00010.ppm;18;0
18/00000_00011.ppm;18;0
18/00000_00012.ppm;18;0
18/00000_00013.ppm;18;0
18/00000_00014.ppm;18;0
18/00000_00015.ppm;18;0
18/00000_00016.ppm;18;0
18/00000_00017.ppm;18;0
18/00000_00018.ppm;18;0
18/00000_00019.ppm;18;0
18/00000_00020.ppm;18;0
18/00000_00021.ppm;18;0
18/00000_00022.ppm;18;0
18/00000_00023.ppm;18;0
18/00000_00024.ppm;18;0
18/00000_00025.ppm;18;0
18/00000_00026.ppm;18;0
18/00000_00027.ppm;18;0
18/00000_00028.ppm;18;0
18/00000_00029.ppm;18;0
18/00001_00000.ppm;18;0
18/00001_00001.ppm;18;0
18/00001_00002.ppm;18;0
18/00001_00003.ppm;18;0
18/00001_00004.ppm;18;0
18/00001_00005.ppm;18;0
18/00001_00006.ppm;18;0
18/00001_00007.ppm;18;0
18/00001_00008.ppm;18;0
18/00001_00009.ppm;18;0
18/00001_00010.ppm;18;0
18/00001_00011.ppm;18;0
18/00001_00012.ppm;18;0
18/00001_00013.ppm;18;0
18/00001_00014.ppm;18;0
18/00001_00015.ppm;18;0
18/00001_00016.ppm;18;0
18/00001_00017.ppm;18;0
18/00001_00018.ppm;18;0
18/00001_00019.ppm;18;0
18/00001_00020.ppm;18;0
18/00001_00021.ppm;18;0
18/00001_00022.ppm;18;0
18/00001_00023.ppm;18;0
18/00001_00024.ppm;18;0
18/00001_00025.ppm;18;0
18/00001_00026.ppm;18;0
18/00001_00027.ppm;18;0
18/00001_00028.ppm;18;0
18/00001_00029.ppm;18;0
18/00002_00000.ppm;18;0
18/00002_00001.ppm;18;0
18/00002_00002.ppm;18;0
18/00002_00003.ppm;18;0
18/00002_00004.ppm;18;0
18/00002_00005.ppm;18;0
18/00002_00006.ppm;18;0
18/00002_00007.ppm;18;0
18/00002_00008.ppm;18;0
18/00002_00009.ppm;18;0
18/00002_00010.ppm;18;0
18/00002_00011.ppm;18;0
18/00002_00012.ppm;18;0
18/00002_00013.ppm;18;0
18/00002_00014.ppm;18;0
18/00002_00015.ppm;18;0
18/00002_00016.ppm;18;0
18/00002_00017.ppm;18;0
18/00002_00018.ppm;18;0
18/00002_00019.ppm;18;0
18/00002_00020.ppm;18;0
18/00002_00021.ppm;18;0
18/00002_00022.ppm;18;0
18/00002_00023.ppm;18;0
18/00002_00024.ppm;18;0
18/00002_00025.ppm;18;0
18/00002_00026.ppm;18;0
18/00002_00027.ppm;18;0
18/00002_00028.ppm;18;0
18/00002_00029.ppm;18;0
18/00003_00000.ppm;18;0
18/00003_00001.ppm;18;0
18/00003_00002.ppm;18;0
18/00003_00003.ppm;18;0
18/00003_00004.ppm;18;0
18/00003_00005.ppm;18;0
18/00003_00006.ppm;18;0
18/00003_00007.ppm;18;0
18/00003_00008.ppm;18;0
18/00003_00009.ppm;18;0
18/00003_00010.ppm;18;0
18/00003_00011.ppm;18;0
18/00003_00012.ppm;18;0
18/00003_00013.ppm;18;0
18/00003_00014.ppm;18;0
18/00003_00015.ppm;18;0
18/00003_00016.ppm;18;0
18/00003_00017.ppm;18;0
18/00003_00018.ppm;18;0
18/00003_00019.ppm;18;0
18/00003_00020.ppm;18;0
18/00003_00021.ppm;18;0
18/00003_00022.ppm;18;0
18/00003_00023.ppm;18;0
18/00003_00024.ppm;18;0
18/00003_00025.ppm;18;0
18/00003_00026.ppm;18;0
18/00003_00027.ppm;18;0
18/00003_00028.ppm;18;0
18/00003_00029.ppm;18;0
18/00004_00000.ppm;18;0
18/00004_00001.ppm;18;0
18/00004_00002.ppm;18;0
18/00004_00003.ppm;18;0
18/00004_00004.ppm;18;0
18/00004_00005.ppm;18;0
18/00004_00006.ppm;18;0
18/00004_00007.ppm;18;0
18/00004_00008.ppm;18;0
18/00004_00009.ppm;18;0
18/00004_00010.ppm;18;0
18/00004_00011.ppm;18;0
18/00004_00012.ppm;18;0
18/00004_00013.ppm;18;0
18/00004_00014.ppm;18;0
18/00004_00015.ppm;18;0
18/00004_00016.ppm;18;0
18/00004_00017.ppm;18;0
18/00004_00018.ppm;18;0
18/00004_00019.ppm;18;0
18/00004_00020.ppm;18;0
18/00004_00021.ppm;18;0
18/00004_00022.ppm;18;0
18/00004_00023.ppm;18;0
18/00004_00024.ppm;18;0
18/00004_00025.ppm;18;0
18/00004_00026.ppm;18;0
18/00004_00027.ppm;18;0
18/00004_00028.ppm;18;0
18/00004_00029.ppm;18;0
18/00005_00000.ppm;18;0
18/00005_00001.ppm;18;0
18/00005_00002.ppm;18;0
18/00005_00003.ppm;18;0
18/00005_00004.ppm;18;0
18/00005_00005.ppm;18;0
18/00005_00006.ppm;18;0
18/00005_00007.ppm;18;0
18/00005_00008.ppm;18;0
18/00005_00009.ppm;18;0
18/00005_00010.ppm;18;0
18/00005_00011.ppm;18;0
18/00005_00012.ppm;18;0
18/00005_00013.ppm;18;0
18/00005_00014.ppm;18;0
18/00005_00015.ppm;18;0
18/00005_00016.ppm;18;0
18/00005_00017.ppm;18;0
18/00005_00018.ppm;18;0
18/00005_00019.ppm;18;0
18/00005_00020.ppm;18;0
18/00005_00021.ppm;18;0
18/00005_00022.ppm;18;0
18/00005_00023.ppm;18;0
18/00005_00024.ppm;18;0
18/00005_00025.ppm;18;0
18/00005_00026.ppm;18;0
18/00005_00027.ppm;18;0
18/00005_00028.ppm;18;0
18/00005_00029.ppm;18;0
18/00006_00000.ppm;18;0
18/00006_00001.ppm;18;0
18/00006_00002.ppm;18;0
18/00006_00003.ppm;18;0
18/00006_00004.ppm;18;0
18/00006_00005.ppm;18;0
18/00006_00006.ppm;18;0
18/00006_00007.ppm;18;0
18/00006_00008.ppm;18;0
18/00006_00009.ppm;18;0
18/00006_00010.ppm;18;0
18/00006_00011.ppm;18;0
18/00006_00012.ppm;18;0
18/00006_00013.ppm;18;0
18/00006_00014.ppm;18;0
18/00006_00015.ppm;18;0
18/00006_00016.ppm;18;0
18/00006_00017.ppm;18;0
18/00006_00018.ppm;18;0
18/00006_00019.ppm;18;0
18/00006_00020.ppm;18;0
18/00006_00021.ppm;18;0
18/00006_00022.ppm;18;0
18/00006_00023.ppm;18;0
18/00006_00024.ppm;18;0
18/00006_00025.ppm;18;0
18/00006_00026.ppm;18;0
18/00006_00027.ppm;18;0
18/00006_00028.ppm;18;0
18/00006_00029.ppm;18;0
18/00007_00000.ppm;18;0
18/00007_00001.ppm;18;0
18/00007_00002.ppm;18;0
18/00007_00003.ppm;18;0
18/00007_00004.ppm;18;0
18/00007_00005.ppm;18;0
18/00007_00006.ppm;18;0
18/00007_00007.ppm;18;0
18/00007_00008.ppm;18;0
18/00007_00009.ppm;18;0
18/00007_00010.ppm;18;0
18/00007_00011.ppm;18;0
18/00007_00012.ppm;18;0
18/00007_00013.ppm;18;0
18/00007_00014.ppm;18;0
18/00007_00015.ppm;18;0
18/00007_00016.ppm;18;0
18/00007_00017.ppm;18;0
18/00007_00018.ppm;18;0
18/00007_00019.ppm;18;0
18/00007_00020.ppm;18;0
18/00007_00021.ppm;18;0
18/00007_00022.ppm;18;0
18/00007_00023.ppm;18;0
18/00007_00024.ppm;18;0
18/00007_00025.ppm;18;0
18/00007_00026.ppm;18;0
18/00007_00027.ppm;18;0
18/00007_00028.ppm;18;0
18/00007_00029.ppm;18;0
18/00008_00000.ppm;18;0
18/00008_00001.ppm;18;0
18/00008_00002.ppm;18;0
18/00008_00003.ppm;18;0
18/00008_00004.ppm;18;0
18/00008_00005.ppm;18;0
18/00008_00006.ppm;18;0
18/00008_00007.ppm;18;0
18/00008_00008.ppm;18;0
18/00008_00009.ppm;18;0
18/00008_00010.ppm;18;0
18/00008_00011.ppm;18;0
18/00008_00012.ppm;18;0
18/00008_00013.ppm;18;0
18/00008_00014.ppm;18;0
18/00008_00015.ppm;18;0
18/00008_00016.ppm;18;0
18/00008_00017.ppm;18;0
18/00008_00018.ppm;18;0
18/00008_00019.ppm;18;0
18/00008_00020.ppm;18;0
18/00008_00021.ppm;18;0
18/00008_00022.ppm;18;0
18/00008_00023.ppm;18;0
18/00008_00024.ppm;18;0
18/00008_00025.ppm;18;0
18/00008_00026.ppm;18;0
18/00008_00027.ppm;18;0
18/00008_00028.ppm;18;0
18/00008_00029.ppm;18;0
18/00009_00000.ppm;18;0
18/00009_00001.ppm;18;0
18/00009_00002.ppm;18;0
18/00009_00003.ppm;18;0
18/00009_00004.ppm;18;0
18/00009_00005.ppm;18;0
18/00009_00006.ppm;18;0
18/00009_00007.ppm;18;0
18/00009_00008.ppm;18;0
18/00009_00009.ppm;18;0
18/00009_00010.ppm;18;0
18/00009_00011.ppm;18;0
18/00009_00012.ppm;18;0
18/00009_00013.ppm;18;0
18/00009_00014.ppm;18;0
18/00009_00015.ppm;18;0
18/00009_00016.ppm;18;0
18/00009_00017.ppm;18;0
18/00009_00018.ppm;18;0
18/00009_00019.ppm;18;0
18/00009_00020.ppm;18;0
18/00009_00021.ppm;18;0
18/00009_00022.ppm;18;0
18/00009_00023.ppm;18;0
18/00009_00024.ppm;18;0
18/00009_00025.ppm;18;0
18/00009_00026.ppm;18;0
18/00009_00027.ppm;18;0
18/00009_00028.ppm;18;0
18/00009_00029.ppm;18;0
18/00010_00000.ppm;18;0
18/00010_00001.ppm;18;0
18/00010_00002.ppm;18;0
18/00010_00003.ppm;18;0
18/00010_00004.ppm;18;0
18/00010_00005.ppm;18;0
18/00010_00006.ppm;18;0
18/00010_00007.ppm;18;0
18/00010_00008.ppm;18;0
18/00010_00009.ppm;18;0
18/00010_00010.ppm;18;0
18/00010_00011.ppm;18;0
18/00010_00012.ppm;18;0
18/00010_00013.ppm;18;0
18/00010_00014.ppm;18;0
18/00010_00015.ppm;18;0
18/00010_00016.ppm;18;0
18/00010_00017.ppm;18;0
18/00010_00018.ppm;18;0
18/00010_00019.ppm;18;0
18/00010_00020.ppm;18;0
18/00010_00021.ppm;18;0
18/00010_00022.ppm;18;0
18/00010_00023.ppm;18;0
18/00010_00024.ppm;18;0
18/00010_00025.ppm;18;0
18/00010_00026.ppm;18;0
18/00010_00027.ppm;18;0
18/00010_00028.ppm;18;0
18/00010_00029.ppm;18;0
18/00011_00000.ppm;18;0
18/00011_00001.ppm;18;0
18/00011_00002.ppm;18;0
18/00011_00003.ppm;18;0
18/00011_00004.ppm;18;0
18/00011_00005.ppm;18;0
18/00011_00006.ppm;18;0
18/00011_00007.ppm;18;0
18/00011_00008.ppm;18;0
18/00011_00009.ppm;18;0
18/00011_00010.ppm;18;0
18/00011_00011.ppm;18;0
18/00011_00012.ppm;18;0
18/00011_00013.ppm;18;0
18/00011_00014.ppm;18;0
18/00011_00015.ppm;18;0
18/00011_00016.ppm;18;0
18/00011_00017.ppm;18;0
18/00011_00018.ppm;18;0
18/00011_00019.ppm;18;0
18/00011_00020.ppm;18;0
18/00011_00021.ppm;18;0
18/00011_00022.ppm;18;0
18/00011_00023.ppm;18;0
18/00011_00024.ppm;18;0
18/00011_00025.ppm;18;0
18/00011_00026.ppm;18;0
18/00011_00027.ppm;18;0
18/00011_00028.ppm;18;0
18/00011_00029.ppm;18;0
18/00012_00000.ppm;18;0
18/00012_00001.ppm;18;0
18/00012_00002.ppm;18;0
18/00012_00003.ppm;18;0
18/00012_00004.ppm;18;0
18/00012_00005.ppm;18;0
18/00012_00006.ppm;18;0
18/00012_00007.ppm;18;0
18/00012_00008.ppm;18;0
18/00012_00009.ppm;18;0
18/00012_00010.ppm;18;0
18/00012_00011.ppm;18;0
18/00012_00012.ppm;18;0
18/00012_00013.ppm;18;0
18/00012_00014.ppm;18;0
18/00012_00015.ppm;18;0
18/00012_00016.ppm;18;0
18/00012_00017.ppm;18;0
18/00012_00018.ppm;18;0
18/00012_00019.ppm;18;0
18/00012_00020.ppm;18;0
18/00012_00021.ppm;18;0
18/00012_00022.ppm;18;0
18/00012_00023.ppm;18;0
18/00012_00024.ppm;18;0
18/00012_00025.ppm;18;0
18/00012_00026.ppm;18;0
18/00012_00027.ppm;18;0
18/00012_00028.ppm;18;0
18/00012_00029.ppm;18;0
18/00013_00000.ppm;18;0
18/00013_00001.ppm;18;0
18/00013_00002.ppm;18;0
18/00013_00003.ppm;18;0
18/00013_00004.ppm;18;0
18/00013_00005.ppm;18;0
18/00013_00006.ppm;18;0
18/00013_00007.ppm;18;0
18/00013_00008.ppm;18;0
18/00013_00009.ppm;18;0
18/00013_00010.ppm;18;0
18/00013_00011.ppm;18;0
18/00013_00012.ppm;18;0
18/00013_00013.ppm;18;0
18/00013_00014.ppm;18;0
18/00013_00015.ppm;18;0
18/00013_00016.ppm;18;0
18/00013_00017.ppm;18;0
18/00013_00018.ppm;18;0
18/00013_00019.ppm;18;0
18/00013_00020.ppm;18;0
18/00013_00021.ppm;18;0
18/00013_00022.ppm;18;0
18/00013_00023.ppm;18;0
18/00013_00024.ppm;18;0
18/00013_00025.ppm;18;0
18/00013_00026.ppm;18;0
18/00013_00027.ppm;18;0
18/00013_00028.ppm;18;0
18/00013_00029.ppm;18;0
18/00014_00000.ppm;18;0
18/00014_00001.ppm;18;0
18/00014_00002.ppm;18;0
18/00014_00003.ppm;18;0
18/00014_00004.ppm;18;0
18/00014_00005.ppm;18;0
18/00014_00006.ppm;18;0
18/00014_00007.ppm;18;0
18/00014_00008.ppm;18;0
18/00014_00009.ppm;18;0
18/00014_00010.ppm;18;0
18/00014_00011.ppm;18;0
18/00014_00012.ppm;18;0
18/00014_00013.ppm;18;0
18/00014_00014.ppm;18;0
18/00014_00015.ppm;18;0
18/00014_00016.ppm;18;0
18/00014_00017.ppm;18;0
18/00014_00018.ppm;18;0
18/00014_00019.ppm;18;0
18/00014_00020.ppm;18;0
18/00014_00021.ppm;18;0
18/00014_00022.ppm;18;0
18/00014_00023.ppm;18;0
18/00014_00024.ppm;18;0
18/00014_00025.ppm;18;0
18/00014_00026.ppm;18;0
18/00014_00027.ppm;18;0
18/00014_00028.ppm;18;0
18/00014_00029.ppm;18;0
18/00015_00000.ppm;18;0
18/00015_00001.ppm;18;0
18/00015_00002.ppm;18;0
18/00015_00003.ppm;18;0
18/00015_00004.ppm;18;0
18/00015_00005.ppm;18;0
18/00015_00006.ppm;18;0
18/00015_00007.ppm;18;0
18/00015_00008.ppm;18;0
18/00015_00009.ppm;18;0
18/00015_00010.ppm;18;0
18/00015_00011.ppm;18;0
18/00015_00012.ppm;18;0
18/00015_00013.ppm;18;0
18/00015_00014.ppm;18;0
18/00015_00015.ppm;18;0
18/00015_00016.ppm;18;0
18/00015_00017.ppm;18;0
18/00015_00018.ppm;18;0
18/00015_00019.ppm;18;0
18/00015_00020.ppm;18;0
18/00015_00021.ppm;18;0
18/00015_00022.ppm;18;0
18/00015_00023.ppm;18;0
18/00015_00024.ppm;18;0
18/00015_00025.ppm;18;0
18/00015_00026.ppm;18;0
18/00015_00027.ppm;18;0
18/00015_00028.ppm;18;0
18/00015_00029.ppm;18;0
18/00016_00000.ppm;18;0
18/00016_00001.ppm;18;0
18/00016_00002.ppm;18;0
18/00016_00003.ppm;18;0
18/00016_00004.ppm;18;0
18/00016_00005.ppm;18;0
18/00016_00006.ppm;18;0
18/00016_00007.ppm;18;0
18/00016_00008.ppm;18;0
18/00016_00009.ppm;18;0
18/00016_00010.ppm;18;0
18/00016_00011.ppm;18;0
18/00016_00012.ppm;18;0
18/00016_00013.ppm;18;0
18/00016_00014.ppm;18;0
18/00016_00015.ppm;18;0
18/00016_00016.ppm;18;0
18/00016_00017.ppm;18;0
18/00016_00018.ppm;18;0
18/00016_00019.ppm;18;0
18/00016_00020.ppm;18;0
18/00016_00021.ppm;18;0
18/00016_00022.ppm;18;0
18/00016_00023.ppm;18;0
18/00016_00024.ppm;18;0
18/00016_00025.ppm;18;0
18/00016_00026.ppm;18;0
18/00016_00027.ppm;18;0
18/00016_00028.ppm;18;0
18/00016_00029.ppm;18;0
18/00017_00000.ppm;18;0
18/00017_00001.ppm;18;0
18/00017_00002.ppm;18;0
18/00017_00003.ppm;18;0
18/00017_00004.ppm;18;0
18/00017_00005.ppm;18;0
18/00017_00006.ppm;18;0
18/00017_00007.ppm;18;0
18/00017_00008.ppm;18;0
18/00017_00009.ppm;18;0
18/00017_00010.ppm;18;0
18/00017_00011.ppm;18;0
18/00017_00012.ppm;18;0
18/00017_00013.ppm;18;0
18/00017_00014.ppm;18;0
18/00017_00015.ppm;18;0
18/00017_00016.ppm;18;0
18/00017_00017.ppm;18;0
18/00017_00018.ppm;18;0
18/00017_00019.ppm;18;0
18/00017_00020.ppm;18;0
18/00017_00021.ppm;18;0
18/00017_00022.ppm;18;0
18/00017_00023.ppm;18;0
18/00017_00024.ppm;18;0
18/00017_00025.ppm;18;0
18/00017_00026.ppm;18;0
18/00017_00027.ppm;18;0
18/00017_00028.ppm;18;0
18/00017_00029.ppm;18;0
18/00018_00000.ppm;18;0
18/00018_00001.ppm;18;0
18/00018_00002.ppm;18;0
18/00018_00003.ppm;18;0
18/00018_00004.ppm;18;0
18/00018_00005.ppm;18;0
18/00018_00006.ppm;18;0
18/00018_00007.ppm;18;0
18/00018_00008.ppm;18;0
18/00018_00009.ppm;18;0
18/00018_00010.ppm;18;0
18/00018_00011.ppm;18;0
18/00018_00012.ppm;18;0
18/00018_00013.ppm;18;0
18/00018_00014.ppm;18;0
18/00018_00015.ppm;18;0
18/00018_00016.ppm;18;0
18/00018_00017.ppm;18;0
18/00018_00018.ppm;18;0
18/00018_00019.ppm;18;0
18/00018_00020.ppm;18;0
18/00018_00021.ppm;18;0
18/00018_00022.ppm;18;0
18/00018_00023.ppm;18;0
18/00018_00024.ppm;18;0
18/00018_00025.ppm;18;0
18/00018_00026.ppm;18;0
18/00018_00027.ppm;18;0
18/00018_00028.ppm;18;0
18/00018_00029.ppm;18;0
18/00019_00000.ppm;18;0
18/00019_00001.ppm;18;0
18/00019_00002.ppm;18;0
18/00019_00003.ppm;18;0
18/00019_00004.ppm;18;0
18/00019_00005.ppm;18;0
18/00019_00006.ppm;18;0
18/00019_00007.ppm;18;0
18/00019_00008.ppm;18;0
18/00019_00009.ppm;18;0
18/00019_00010.ppm;18;0
18/00019_00011.ppm;18;0
18/00019_00012.ppm;18;0
18/00019_00013.ppm;18;0
18/00019_00014.ppm;18;0
18/00019_00015.ppm;18;0
18/00019_00016.ppm;18;0
18/00019_00017.ppm;18;0
18/00019_00018.ppm;18;0
18/00019_00019.ppm;18;0
18/00019_00020.ppm;18;0
18/00019_00021.ppm;18;0
18/00019_00022.ppm;18;0
18/00019_00023.ppm;18;0
18/00019_00024.ppm;18;0
18/00019_00025.ppm;18;0
18/00019_00026.ppm;18;0
18/00019_00027.ppm;18;0
18/00019_00028.ppm;18;0
18/00019_00029.ppm;18;0
18/00020_00000.ppm;18;0
18/00020_00001.ppm;18;0
18/00020_00002.ppm;18;0
18/00020_00003.ppm;18;0
18/00020_00004.ppm;18;0
18/00020_00005.ppm;18;0
18/00020_00006.ppm;18;0
18/00020_00007.ppm;18;0
18/00020_00008.ppm;18;0
18/00020_00009.ppm;18;0
18/00020_00010.ppm;18;0
18/00020_00011.ppm;18;0
18/00020_00012.ppm;18;0
18/00020_00013.ppm;18;0
18/00020_00014.ppm;18;0
18/00020_00015.ppm;18;0
18/00020_00016.ppm;18;0
18/00020_00017.ppm;18;0
18/00020_00018.ppm;18;0
18/00020_00019.ppm;18;0
18/00020_00020.ppm;18;0
18/00020_00021.ppm;18;0
18/00020_00022.ppm;18;0
18/00020_00023.ppm;18;0
18/00020_00024.ppm;18;0
18/00020_00025.ppm;18;0
18/00020_00026.ppm;18;0
18/00020_00027.ppm;18;0
18/00020_00028.ppm;18;0
18/00020_00029.ppm;18;0
18/00021_00000.ppm;18;0
18/00021_00001.ppm;18;0
18/00021_00002.ppm;18;0
18/00021_00003.ppm;18;0
18/00021_00004.ppm;18;0
18/00021_00005.ppm;18;0
18/00021_00006.ppm;18;0
18/00021_00007.ppm;18;0
18/00021_00008.ppm;18;0
18/00021_00009.ppm;18;0
18/00021_00010.ppm;18;0
18/00021_00011.ppm;18;0
18/00021_00012.ppm;18;0
18/00021_00013.ppm;18;0
18/00021_00014.ppm;18;0
18/00021_00015.ppm;18;0
18/00021_00016.ppm;18;0
18/00021_00017.ppm;18;0
18/00021_00018.ppm;18;0
18/00021_00019.ppm;18;0
18/00021_00020.ppm;18;0
18/00021_00021.ppm;18;0
18/00021_00022.ppm;18;0
18/00021_00023.ppm;18;0
18/00021_00024.ppm;18;0
18/00021_00025.ppm;18;0
18/00021_00026.ppm;18;0
18/00021_00027.ppm;18;0
18/00021_00028.ppm;18;0
18/00021_00029.ppm;18;0
18/00022_00000.ppm;18;0
18/00022_00001.ppm;18;0
18/00022_00002.ppm;18;0
18/00022_00003.ppm;18;0
18/00022_00004.ppm;18;0
18/00022_00005.ppm;18;0
18/00022_00006.ppm;18;0
18/00022_00007.ppm;18;0
18/00022_00008.ppm;18;0
18/00022_00009.ppm;18;0
18/00022_00010.ppm;18;0
18/00022_00011.ppm;18;0
18/00022_00012.ppm;18;0
18/00022_00013.ppm;18;0
18/00022_00014.ppm;18;0
18/00022_00015.ppm;18;0
18/00022_00016.ppm;18;0
18/00022_00017.ppm;18;0
18/00022_00018.ppm;18;0
18/00022_00019.ppm;18;0
18/00022_00020.ppm;18;0
18/00022_00021.ppm;18;0
18/00022_00022.ppm;18;0
18/00022_00023.ppm;18;0
18/00022_00024.ppm;18;0
18/00022_00025.ppm;18;0
18/00022_00026.ppm;18;0
18/00022_00027.ppm;18;0
18/00022_00028.ppm;18;0
18/00022_00029.ppm;18;0
18/00023_00000.ppm;18;0
18/00023_00001.ppm;18;0
18/00023_00002.ppm;18;0
18/00023_00003.ppm;18;0
18/00023_00004.ppm;18;0
18/00023_00005.ppm;18;0
18/00023_00006.ppm;18;0
18/00023_00007.ppm;18;0
18/00023_00008.ppm;18;0
18/00023_00009.ppm;18;0
18/00023_00010.ppm;18;0
18/00023_00011.ppm;18;0
18/00023_00012.ppm;18;0
18/00023_00013.ppm;18;0
18/00023_00014.ppm;18;0
18/00023_00015.ppm;18;0
18/00023_00016.ppm;18;0
18/00023_00017.ppm;18;0
18/00023_00018.ppm;18;0
18/00023_00019.ppm;18;0
18/00023_00020.ppm;18;0
18/00023_00021.ppm;18;0
18/00023_00022.ppm;18;0
18/00023_00023.ppm;18;0
18/00023_00024.ppm;18;0
18/00023_00025.ppm;18;0
18/00023_00026.ppm;18;0
18/00023_00027.ppm;18;0
18/00023_00028.ppm;18;0
18/00023_00029.ppm;18;0
18/00024_00000.ppm;18;0
18/00024_00001.ppm;18;0
18/00024_00002.ppm;18;0
18/00024_00003.ppm;18;0
18/00024_00004.ppm;18;0
18/00024_00005.ppm;18;0
18/00024_00006.ppm;18;0
18/00024_00007.ppm;18;0
18/00024_00008.ppm;18;0
18/00024_00009.ppm;18;0
18/00024_00010.ppm;18;0
18/00024_00011.ppm;18;0
18/00024_00012.ppm;18;0
18/00024_00013.ppm;18;0
18/00024_00014.ppm;18;0
18/00024_00015.ppm;18;0
18/00024_00016.ppm;18;0
18/00024_00017.ppm;18;0
18/00024_00018.ppm;18;0
18/00024_00019.ppm;18;0
18/00024_00020.ppm;18;0
18/00024_00021.ppm;18;0
18/00024_00022.ppm;18;0
18/00024_00023.ppm;18;0
18/00024_00024.ppm;18;0
18/00024_00025.ppm;18;0
18/00024_00026.ppm;18;0
18/00024_00027.ppm;18;0
18/00024_00028.ppm;18;0
18/00024_00029.ppm;18;0
18/00025_00000.ppm;18;0
18/00025_00001.ppm;18;0
18/00025_00002.ppm;18;0
18/00025_00003.ppm;18;0
18/00025_00004.ppm;18;0
18/00025_00005.ppm;18;0
18/00025_00006.ppm;18;0
18/00025_00007.ppm;18;0
18/00025_00008.ppm;18;0
18/00025_00009.ppm;18;0
18/00025_00010.ppm;18;0
18/00025_00011.ppm;18;0
18/00025_00012.ppm;18;0
18/00025_00013.ppm;18;0
18/00025_00014.ppm;18;0
18/00025_00015.ppm;18;0
18/00025_00016.ppm;18;0
18/00025_00017.ppm;18;0
18/00025_00018.ppm;18;0
18/00025_00019.ppm;18;0
18/00025_00020.ppm;18;0
18/00025_00021.ppm;18;0
18/00025_00022.ppm;18;0
18/00025_00023.ppm;18;0
18/00025_00024.ppm;18;0
18/00025_00025.ppm;18;0
18/00025_00026.ppm;18;0
18/00025_00027.ppm;18;0
18/00025_00028.ppm;18;0
18/00025_00029.ppm;18;0
18/00026_00000.ppm;18;0
18/00026_00001.ppm;18;0
18/00026_00002.ppm;18;0
18/00026_00003.ppm;18;0
18/00026_00004.ppm;18;0
18/00026_00005.ppm;18;0
18/00026_00006.ppm;18;0
18/00026_00007.ppm;18;0
18/00026_00008.ppm;18;0
18/00026_00009.ppm;18;0
18/00026_00010.ppm;18;0
18/00026_00011.ppm;18;0
18/00026_00012.ppm;18;0
18/00026_00013.ppm;18;0
18/00026_00014.ppm;18;0
18/00026_00015.ppm;18;0
18/00026_00016.ppm;18;0
18/00026_00017.ppm;18;0
18/00026_00018.ppm;18;0
18/00026_00019.ppm;18;0
18/00026_00020.ppm;18;0
18/00026_00021.ppm;18;0
18/00026_00022.ppm;18;0
18/00026_00023.ppm;18;0
18/00026_00024.ppm;18;0
18/00026_00025.ppm;18;0
18/00026_00026.ppm;18;0
18/00026_00027.ppm;18;0
18/00026_00028.ppm;18;0
18/00026_00029.ppm;18;0
19/00000_00000.ppm;19;0
19/00000_00001.ppm;19;0
19/00000_00002.ppm;19;0
19/00000_00003.ppm;19;0
19/00000_00004.ppm;19;0
19/00000_00005.ppm;19;0
19/00000_00006.ppm;19;0
19/00000_00007.ppm;19;0
19/00000_00008.ppm;19;0
19/00000_00009.ppm;19;0
19/00000_00010.ppm;19;0
19/00000_00011.ppm;19;0
19/00000_00012.ppm;19;0
19/00000_00013.ppm;19;0
19/00000_00014.ppm;19;0
19/00000_00015.ppm;19;0
19/00000_00016.ppm;19;0
19/00000_00017.ppm;19;0
19/00000_00018.ppm;19;0
19/00000_00019.ppm;19;0
19/00000_00020.ppm;19;0
19/00000_00021.ppm;19;0
19/00000_00022.ppm;19;0
19/00000_00023.ppm;19;0
19/00000_00024.ppm;19;0
19/00000_00025.ppm;19;0
19/00000_00026.ppm;19;0
19/00000_00027.ppm;19;0
19/00000_00028.ppm;19;0
19/00000_00029.ppm;19;0
19/00001_00000.ppm;19;0
19/00001_00001.ppm;19;0
19/00001_00002.ppm;19;0
19/00001_00003.ppm;19;0
19/00001_00004.ppm;19;0
19/00001_00005.ppm;19;0
19/00001_00006.ppm;19;0
19/00001_00007.ppm;19;0
19/00001_00008.ppm;19;0
19/00001_00009.ppm;19;0
19/00001_00010.ppm;19;0
19/00001_00011.ppm;19;0
19/00001_00012.ppm;19;0
19/00001_00013.ppm;19;0
19/00001_00014.ppm;19;0
19/00001_00015.ppm;19;0
19/00001_00016.ppm;19;0
19/00001_00017.ppm;19;0
19/00001_00018.ppm;19;0
19/00001_00019.ppm;19;0
19/00001_00020.ppm;19;0
19/00001_00021.ppm;19;0
19/00001_00022.ppm;19;0
19/00001_00023.ppm;19;0
19/00001_00024.ppm;19;0
19/00001_00025.ppm;19;0
19/00001_00026.ppm;19;0
19/00001_00027.ppm;19;0
19/00001_00028.ppm;19;0
19/00001_00029.ppm;19;0
19/00002_00000.ppm;19;0
19/00002_00001.ppm;19;0
19/00002_00002.ppm;19;0
19/00002_00003.ppm;19;0
19/00002_00004.ppm;19;0
19/00002_00005.ppm;19;0
19/00002_00006.ppm;19;0
19/00002_00007.ppm;19;0
19/00002_00008.ppm;19;0
19/00002_00009.ppm;19;0
19/00002_00010.ppm;19;0
19/00002_00011.ppm;19;0
19/00002_00012.ppm;19;0
19/00002_00013.ppm;19;0
19/00002_00014.ppm;19;0
19/00002_00015.ppm;19;0
19/00002_00016.ppm;19;0
19/00002_00017.ppm;19;0
19/00002_00018.ppm;19;0
19/00002_00019.ppm;19;0
19/00002_00020.ppm;19;0
19/00002_00021.ppm;19;0
19/00002_00022.ppm;19;0
19/00002_00023.ppm;19;0
19/00002_00024.ppm;19;0
19/00002_00025.ppm;19;0
19/00002_00026.ppm;19;0
19/00002_00027.ppm;19;0
19/00002_00028.ppm;19;0
19/00002_00029.ppm;19;0
19/00003_00000.ppm;19;0
19/00003_00001.ppm;19;0
19/00003_00002.ppm;19;0
19/00003_00003.ppm;19;0
19/00003_00004.ppm;19;0
19/00003_00005.ppm;19;0
19/00003_00006.ppm;19;0
19/00003_00007.ppm;19;0
19/00003_00008.ppm;19;0
19/00003_00009.ppm;19;0
19/00003_00010.ppm;19;0
19/00003_00011.ppm;19;0
19/00003_00012.ppm;19;0
19/00003_00013.ppm;19;0
19/00003_00014.ppm;19;0
19/00003_00015.ppm;19;0
19/00003_00016.ppm;19;0
19/00003_00017.ppm;19;0
19/00003_00018.ppm;19;0
19/00003_00019.ppm;19;0
19/00003_00020.ppm;19;0
19/00003_00021.ppm;19;0
19/00003_00022.ppm;19;0
19/00003_00023.ppm;19;0
19/00003_00024.ppm;19;0
19/00003_00025.ppm;19;0
19/00003_00026.ppm;19;0
19/00003_00027.ppm;19;0
19/00003_00028.ppm;19;0
19/00003_00029.ppm;19;0
19/00004_00000.ppm;19;0
19/00004_00001.ppm;19;0
19/00004_00002.ppm;19;0
19/00004_00003.ppm;19;0
19/00004_00004.ppm;19;0
19/00004_00005.ppm;19;0
19/00004_00006.ppm;19;0
19/00004_00007.ppm;19;0
19/00004_00008.ppm;19;0
19/00004_00009.ppm;19;0
19/00004_00010.ppm;19;0
19/00004_00011.ppm;19;0
19/00004_00012.ppm;19;0
19/00004_00013.ppm;19;0
19/00004_00014.ppm;19;0
19/00004_00015.ppm;19;0
19/00004_00016.ppm;19;0
19/00004_00017.ppm;19;0
19/00004_00018.ppm;19;0
19/00004_00019.ppm;19;0
19/00004_00020.ppm;19;0
19/00004_00021.ppm;19;0
19/00004_00022.ppm;19;0
19/00004_00023.ppm;19;0
19/00004_00024.ppm;19;0
19/00004_00025.ppm;19;0
19/00004_00026.ppm;19;0
19/00004_00027.ppm;19;0
19/00004_00028.ppm;19;0
19/00004_00029.ppm;19;0
20/00000_00000.ppm;20;0
20/00000_00001.ppm;20;0
20/00000_00002.ppm;20;0
20/00000_00003.ppm;20;0
20/00000_00004.ppm;20;0
20/00000_00005.ppm;20;0
20/00000_00006.ppm;20;0
20/00000_00007.ppm;20;0
20/00000_00008.ppm;20;0
20/00000_00009.ppm;20;0
20/00000_00010.ppm;20;0
20/00000_00011.ppm;20;0
20/00000_00012.ppm;20;0
20/00000_00013.ppm;20;0
20/00000_00014.ppm;20;0
20/00000_00015.ppm;20;0
20/00000_00016.ppm;20;0
20/00000_00017.ppm;20;0
20/00000_00018.ppm;20;0
20/00000_00019.ppm;20;0
20/00000_00020.ppm;20;0
20/00000_00021.ppm;20;0
20/00000_00022.ppm;20;0
20/00000_00023.ppm;20;0
20/00000_00024.ppm;20;0
20/00000_00025.ppm;20;0
20/00000_00026.ppm;20;0
20/00000_00027.ppm;20;0
20/00000_00028.ppm;20;0
20/00000_00029.ppm;20;0
20/00001_00000.ppm;20;0
20/00001_00001.ppm;20;0
20/00001_00002.ppm;20;0
20/00001_00003.ppm;20;0
20/00001_00004.ppm;20;0
20/00001_00005.ppm;20;0
20/00001_00006.ppm;20;0
20/00001_00007.ppm;20;0
20/00001_00008.ppm;20;0
20/00001_00009.ppm;20;0
20/00001_00010.ppm;20;0
20/00001_00011.ppm;20;0
20/00001_00012.ppm;20;0
20/00001_00013.ppm;20;0
20/00001_00014.ppm;20;0
20/00001_00015.ppm;20;0
20/00001_00016.ppm;20;0
20/00001_00017.ppm;20;0
20/00001_00018.ppm;20;0
20/00001_00019.ppm;20;0
20/00001_00020.ppm;20;0
20/00001_00021.ppm;20;0
20/00001_00022.ppm;20;0
20/00001_00023.ppm;20;0
20/00001_00024.ppm;20;0
20/00001_00025.ppm;20;0
20/00001_00026.ppm;20;0
20/00001_00027.ppm;20;0
20/00001_00028.ppm;20;0
20/00001_00029.ppm;20;0
20/00002_00000.ppm;20;0
20/00002_00001.ppm;20;0
20/00002_00002.ppm;20;0
20/00002_00003.ppm;20;0
20/00002_00004.ppm;20;0
20/00002_00005.ppm;20;0
20/00002_00006.ppm;20;0
20/00002_00007.ppm;20;0
20/00002_00008.ppm;20;0
20/00002_00009.ppm;20;0
20/00002_00010.ppm;20;0
20/00002_00011.ppm;20;0
20/00002_00012.ppm;20;0
20/00002_00013.ppm;20;0
20/00002_00014.ppm;20;0
20/00002_00015.ppm;20;0
20/00002_00016.ppm;20;0
20/00002_00017.ppm;20;0
20/00002_00018.ppm;20;0
20/00002_00019.ppm;20;0
20/00002_00020.ppm;20;0
20/00002_00021.ppm;20;0
20/00002_00022.ppm;20;0
20/00002_00023.ppm;20;0
20/00002_00024.ppm;20;0
20/00002_00025.ppm;20;0
20/00002_00026.ppm;20;0
20/00002_00027.ppm;20;0
20/00002_00028.ppm;20;0
20/00002_00029.ppm;20;0
20/00003_00000.ppm;20;0
20/00003_00001.ppm;20;0
20/00003_00002.ppm;20;0
20/00003_00003.ppm;20;0
20/00003_00004.ppm;20;0
20/00003_00005.ppm;20;0
20/00003_00006.ppm;20;0
20/00003_00007.ppm;20;0
20/00003_00008.ppm;20;0
20/00003_00009.ppm;20;0
20/00003_00010.ppm;20;0
20/00003_00011.ppm;20;0
20/00003_00012.ppm;20;0
20/00003_00013.ppm;20;0
20/00003_00014.ppm;20;0
20/00003_00015.ppm;20;0
20/00003_00016.ppm;20;0
20/00003_00017.ppm;20;0
20/00003_00018.ppm;20;0
20/00003_00019.ppm;20;0
20/00003_00020.ppm;20;0
20/00003_00021.ppm;20;0
20/00003_00022.ppm;20;0
20/00003_00023.ppm;20;0
20/00003_00024.ppm;20;0
20/00003_00025.ppm;20;0
20/00003_00026.ppm;20;0
20/00003_00027.ppm;20;0
20/00003_00028.ppm;20;0
20/00003_00029.ppm;20;0
20/00004_00000.ppm;20;0
20/00004_00001.ppm;20;0
20/00004_00002.ppm;20;0
20/00004_00003.ppm;20;0
20/00004_00004.ppm;20;0
20/00004_00005.ppm;20;0
20/00004_00006.ppm;20;0
20/00004_00007.ppm;20;0
20/00004_00008.ppm;20;0
20/00004_00009.ppm;20;0
20/00004_00010.ppm;20;0
20/00004_00011.ppm;20;0
20/00004_00012.ppm;20;0
20/00004_00013.ppm;20;0
20/00004_00014.ppm;20;0
20/00004_00015.ppm;20;0
20/00004_00016.ppm;20;0
20/00004_00017.ppm;20;0
20/00004_00018.ppm;20;0
20/00004_00019.ppm;20;0
20/00004_00020.ppm;20;0
20/00004_00021.ppm;20;0
20/00004_00022.ppm;20;0
20/00004_00023.ppm;20;0
20/00004_00024.ppm;20;0
20/00004_00025.ppm;20;0
20/00004_00026.ppm;20;0
20/00004_00027.ppm;20;0
20/00004_00028.ppm;20;0
20/00004_00029.ppm;20;0
20/00005_00000.ppm;20;0
20/00005_00001.ppm;20;0
20/00005_00002.ppm;20;0
20/00005_00003.ppm;20;0
20/00005_00004.ppm;20;0
20/00005_00005.ppm;20;0
20/00005_00006.ppm;20;0
20/00005_00007.ppm;20;0
20/00005_00008.ppm;20;0
20/00005_00009.ppm;20;0
20/00005_00010.ppm;20;0
20/00005_00011.ppm;20;0
20/00005_00012.ppm;20;0
20/00005_00013.ppm;20;0
20/00005_00014.ppm;20;0
20/00005_00015.ppm;20;0
20/00005_00016.ppm;20;0
20/00005_00017.ppm;20;0
20/00005_00018.ppm;20;0
20/00005_00019.ppm;20;0
20/00005_00020.ppm;20;0
20/00005_00021.ppm;20;0
20/00005_00022.ppm;20;0
20/00005_00023.ppm;20;0
20/00005_00024.ppm;20;0
20/00005_00025.ppm;20;0
20/00005_00026.ppm;20;0
20/00005_00027.ppm;20;0
20/00005_00028.ppm;20;0
20/00005_00029.ppm;20;0
20/00006_00000.ppm;20;0
20/00006_00001.ppm;20;0
20/00006_00002.ppm;20;0
20/00006_00003.ppm;20;0
20/00006_00004.ppm;20;0
20/00006_00005.ppm;20;0
20/00006_00006.ppm;20;0
20/00006_00007.ppm;20;0
20/00006_00008.ppm;20;0
20/00006_00009.ppm;20;0
20/00006_00010.ppm;20;0
20/00006_00011.ppm;20;0
20/00006_00012.ppm;20;0
20/00006_00013.ppm;20;0
20/00006_00014.ppm;20;0
20/00006_00015.ppm;20;0
20/00006_00016.ppm;20;0
20/00006_00017.ppm;20;0
20/00006_00018.ppm;20;0
20/00006_00019.ppm;20;0
20/00006_00020.ppm;20;0
20/00006_00021.ppm;20;0
20/00006_00022.ppm;20;0
20/00006_00023.ppm;20;0
20/00006_00024.ppm;20;0
20/00006_00025.ppm;20;0
20/00006_00026.ppm;20;0
20/00006_00027.ppm;20;0
20/00006_00028.ppm;20;0
20/00006_00029.ppm;20;0
20/00007_00000.ppm;20;0
20/00007_00001.ppm;20;0
20/00007_00002.ppm;20;0
20/00007_00003.ppm;20;0
20/00007_00004.ppm;20;0
20/00007_00005.ppm;20;0
20/00007_00006.ppm;20;0
20/00007_00007.ppm;20;0
20/00007_00008.ppm;20;0
20/00007_00009.ppm;20;0
20/00007_00010.ppm;20;0
20/00007_00011.ppm;20;0
20/00007_00012.ppm;20;0
20/00007_00013.ppm;20;0
20/00007_00014.ppm;20;0
20/00007_00015.ppm;20;0
20/00007_00016.ppm;20;0
20/00007_00017.ppm;20;0
20/00007_00018.ppm;20;0
20/00007_00019.ppm;20;0
20/00007_00020.ppm;20;0
20/00007_00021.ppm;20;0
20/00007_00022.ppm;20;0
20/00007_00023.ppm;20;0
20/00007_00024.ppm;20;0
20/00007_00025.ppm;20;0
20/00007_00026.ppm;20;0
20/00007_00027.ppm;20;0
20/00007_00028.ppm;20;0
20/00007_00029.ppm;20;0
21/00000_00000.ppm;21;0
21/00000_00001.ppm;21;0
21/00000_00002.ppm;21;0
21/00000_00003.ppm;21;0
21/00000_00004.ppm;21;0
21/00000_00005.ppm;21;0
21/00000_00006.ppm;21;0
21/00000_00007.ppm;21;0
21/00000_00008.ppm;21;0
21/00000_00009.ppm;21;0
21/00000_00010.ppm;21;0
21/00000_00011.ppm;21;0
21/00000_00012.ppm;21;0
21/00000_00013.ppm;21;0
21/00000_00014.ppm;21;0
21/00000_00015.ppm;21;0
21/00000_00016.ppm;21;0
21/00000_00017.ppm;21;0
21/00000_00018.ppm;21;0
21/00000_00019.ppm;21;0
21/00000_00020.ppm;21;0
21/00000_00021.ppm;21;0
21/00000_00022.ppm;21;0
21/00000_00023.ppm;21;0
21/00000_00024.ppm;21;0
21/00000_00025.ppm;21;0
21/00000_00026.ppm;21;0
21/00000_00027.ppm;21;0
21/00000_00028.ppm;21;0
21/00000_00029.ppm;21;0
21/00001_00000.ppm;21;0
21/00001_00001.ppm;21;0
21/00001_00002.ppm;21;0
21/00001_00003.ppm;21;0
21/00001_00004.ppm;21;0
21/00001_00005.ppm;21;0
21/00001_00006.ppm;21;0
21/00001_00007.ppm;21;0
21/00001_00008.ppm;21;0
21/00001_00009.ppm;21;0
21/00001_00010.ppm;21;0
21/00001_00011.ppm;21;0
21/00001_00012.ppm;21;0
21/00001_00013.ppm;21;0
21/00001_00014.ppm;21;0
21/00001_00015.ppm;21;0
21/00001_00016.ppm;21;0
21/00001_00017.ppm;21;0
21/00001_00018.ppm;21;0
21/00001_00019.ppm;21;0
21/00001_00020.ppm;21;0
21/00001_00021.ppm;21;0
21/00001_00022.ppm;21;0
21/00001_00023.ppm;21;0
21/00001_00024.ppm;21;0
21/00001_00025.ppm;21;0
21/00001_00026.ppm;21;0
21/00001_00027.ppm;21;0
21/00001_00028.ppm;21;0
21/00001_00029.ppm;21;0
21/00002_00000.ppm;21;0
21/00002_00001.ppm;21;0
21/00002_00002.ppm;21;0
21/00002_00003.ppm;21;0
21/00002_00004.ppm;21;0
21/00002_00005.ppm;21;0
21/00002_00006.ppm;21;0
21/00002_00007.ppm;21;0
21/00002_00008.ppm;21;0
21/00002_00009.ppm;21;0
21/00002_00010.ppm;21;0
21/00002_00011.ppm;21;0
21/00002_00012.ppm;21;0
21/00002_00013.ppm;21;0
21/00002_00014.ppm;21;0
21/00002_00015.ppm;21;0
21/00002_00016.ppm;21;0
21/00002_00017.ppm;21;0
21/00002_00018.ppm;21;0
21/00002_00019.ppm;21;0
21/00002_00020.ppm;21;0
21/00002_00021.ppm;21;0
21/00002_00022.ppm;21;0
21/00002_00023.ppm;21;0
21/00002_00024.ppm;21;0
21/00002_00025.ppm;21;0
21/00002_00026.ppm;21;0
21/00002_00027.ppm;21;0
21/00002_00028.ppm;21;0
21/00002_00029.ppm;21;0
21/00003_00000.ppm;21;0
21/00003_00001.ppm;21;0
21/00003_00002.ppm;21;0
21/00003_00003.ppm;21;0
21/00003_00004.ppm;21;0
21/00003_00005.ppm;21;0
21/00003_00006.ppm;21;0
21/00003_00007.ppm;21;0
21/00003_00008.ppm;21;0
21/00003_00009.ppm;21;0
21/00003_00010.ppm;21;0
21/00003_00011.ppm;21;0
21/00003_00012.ppm;21;0
21/00003_00013.ppm;21;0
21/00003_00014.ppm;21;0
21/00003_00015.ppm;21;0
21/00003_00016.ppm;21;0
21/00003_00017.ppm;21;0
21/00003_00018.ppm;21;0
21/00003_00019.ppm;21;0
21/00003_00020.ppm;21;0
21/00003_00021.ppm;21;0
21/00003_00022.ppm;21;0
21/00003_00023.ppm;21;0
21/00003_00024.ppm;21;0
21/00003_00025.ppm;21;0
21/00003_00026.ppm;21;0
21/00003_00027.ppm;21;0
21/00003_00028.ppm;21;0
21/00003_00029.ppm;21;0
21/00004_00000.ppm;21;0
21/00004_00001.ppm;21;0
21/00004_00002.ppm;21;0
21/00004_00003.ppm;21;0
21/00004_00004.ppm;21;0
21/00004_00005.ppm;21;0
21/00004_00006.ppm;21;0
21/00004_00007.ppm;21;0
21/00004_00008.ppm;21;0
21/00004_00009.ppm;21;0
21/00004_00010.ppm;21;0
21/00004_00011.ppm;21;0
21/00004_00012.ppm;21;0
21/00004_00013.ppm;21;0
21/00004_00014.ppm;21;0
21/00004_00015.ppm;21;0
21/00004_00016.ppm;21;0
21/00004_00017.ppm;21;0
21/00004_00018.ppm;21;0
21/00004_00019.ppm;21;0
21/00004_00020.ppm;21;0
21/00004_00021.ppm;21;0
21/00004_00022.ppm;21;0
21/00004_00023.ppm;21;0
21/00004_00024.ppm;21;0
21/00004_00025.ppm;21;0
21/00004_00026.ppm;21;0
21/00004_00027.ppm;21;0
21/00004_00028.ppm;21;0
21/00004_00029.ppm;21;0
21/00005_00000.ppm;21;0
21/00005_00001.ppm;21;0
21/00005_00002.ppm;21;0
21/00005_00003.ppm;21;0
21/00005_00004.ppm;21;0
21/00005_00005.ppm;21;0
21/00005_00006.ppm;21;0
21/00005_00007.ppm;21;0
21/00005_00008.ppm;21;0
21/00005_00009.ppm;21;0
21/00005_00010.ppm;21;0
21/00005_00011.ppm;21;0
21/00005_00012.ppm;21;0
21/00005_00013.ppm;21;0
21/00005_00014.ppm;21;0
21/00005_00015.ppm;21;0
21/00005_00016.ppm;21;0
21/00005_00017.ppm;21;0
21/00005_00018.ppm;21;0
21/00005_00019.ppm;21;0
21/00005_00020.ppm;21;0
21/00005_00021.ppm;21;0
21/00005_00022.ppm;21;0
21/00005_00023.ppm;21;0
21/00005_00024.ppm;21;0
21/00005_00025.ppm;21;0
21/00005_00026.ppm;21;0
21/00005_00027.ppm;21;0
21/00005_00028.ppm;21;0
21/00005_00029.ppm;21;0
21/00006_00000.ppm;21;0
21/00006_00001.ppm;21;0
21/00006_00002.ppm;21;0
21/00006_00003.ppm;21;0
21/00006_00004.ppm;21;0
21/00006_00005.ppm;21;0
21/00006_00006.ppm;21;0
21/00006_00007.ppm;21;0
21/00006_00008.ppm;21;0
21/00006_00009.ppm;21;0
21/00006_00010.ppm;21;0
21/00006_00011.ppm;21;0
21/00006_00012.ppm;21;0
21/00006_00013.ppm;21;0
21/00006_00014.ppm;21;0
21/00006_00015.ppm;21;0
21/00006_00016.ppm;21;0
21/00006_00017.ppm;21;0
21/00006_00018.ppm;21;0
21/00006_00019.ppm;21;0
21/00006_00020.ppm;21;0
21/00006_00021.ppm;21;0
21/00006_00022.ppm;21;0
21/00006_00023.ppm;21;0
21/00006_00024.ppm;21;0
21/00006_00025.ppm;21;0
21/00006_00026.ppm;21;0
21/00006_00027.ppm;21;0
21/00006_00028.ppm;21;0
21/00006_00029.ppm;21;0
21/00007_00000.ppm;21;0
21/00007_00001.ppm;21;0
21/00007_00002.ppm;21;0
21/00007_00003.ppm;21;0
21/00007_00004.ppm;21;0
21/00007_00005.ppm;21;0
21/00007_00006.ppm;21;0
21/00007_00007.ppm;21;0
21/00007_00008.ppm;21;0
21/00007_00009.ppm;21;0
21/00007_00010.ppm;21;0
21/00007_00011.ppm;21;0
21/00007_00012.ppm;21;0
21/00007_00013.ppm;21;0
21/00007_00014.ppm;21;0
21/00007_00015.ppm;21;0
21/00007_00016.ppm;21;0
21/00007_00017.ppm;21;0
21/00007_00018.ppm;21;0
21/00007_00019.ppm;21;0
21/00007_00020.ppm;21;0
21/00007_00021.ppm;21;0
21/00007_00022.ppm;21;0
21/00007_00023.ppm;21;0
21/00007_00024.ppm;21;0
21/00007_00025.ppm;21;0
21/00007_00026.ppm;21;0
21/00007_00027.ppm;21;0
21/00007_00028.ppm;21;0
21/00007_00029.ppm;21;0
22/00000_00000.ppm;22;0
22/00000_00001.ppm;22;0
22/00000_00002.ppm;22;0
22/00000_00003.ppm;22;0
22/00000_00004.ppm;22;0
22/00000_00005.ppm;22;0
22/00000_00006.ppm;22;0
22/00000_00007.ppm;22;0
22/00000_00008.ppm;22;0
22/00000_00009.ppm;22;0
22/00000_00010.ppm;22;0
22/00000_00011.ppm;22;0
22/00000_00012.ppm;22;0
22/00000_00013.ppm;22;0
22/00000_00014.ppm;22;0
22/00000_00015.ppm;22;0
22/00000_00016.ppm;22;0
22/00000_00017.ppm;22;0
22/00000_00018.ppm;22;0
22/00000_00019.ppm;22;0
22/00000_00020.ppm;22;0
22/00000_00021.ppm;22;0
22/00000_00022.ppm;22;0
22/00000_00023.ppm;22;0
22/00000_00024.ppm;22;0
22/00000_00025.ppm;22;0
22/00000_00026.ppm;22;0
22/00000_00027.ppm;22;0
22/00000_00028.ppm;22;0
22/00000_00029.ppm;22;0
22/00001_00000.ppm;22;0
22/00001_00001.ppm;22;0
22/00001_00002.ppm;22;0
22/00001_00003.ppm;22;0
22/00001_00004.ppm;22;0
22/00001_00005.ppm;22;0
22/00001_00006.ppm;22;0
22/00001_00007.ppm;22;0
22/00001_00008.ppm;22;0
22/00001_00009.ppm;22;0
22/00001_00010.ppm;22;0
22/00001_00011.ppm;22;0
22/00001_00012.ppm;22;0
22/00001_00013.ppm;22;0
22/00001_00014.ppm;22;0
22/00001_00015.ppm;22;0
22/00001_00016.ppm;22;0
22/00001_00017.ppm;22;0
22/00001_00018.ppm;22;0
22/00001_00019.ppm;22;0
22/00001_00020.ppm;22;0
22/00001_00021.ppm;22;0
22/00001_00022.ppm;22;0
22/00001_00023.ppm;22;0
22/00001_00024.ppm;22;0
22/00001_00025.ppm;22;0
22/00001_00026.ppm;22;0
22/00001_00027.ppm;22;0
22/00001_00028.ppm;22;0
22/00001_00029.ppm;22;0
22/00002_00000.ppm;22;0
22/00002_00001.ppm;22;0
22/00002_00002.ppm;22;0
22/00002_00003.ppm;22;0
22/00002_00004.ppm;22;0
22/00002_00005.ppm;22;0
22/00002_00006.ppm;22;0
22/00002_00007.ppm;22;0
22/00002_00008.ppm;22;0
22/00002_00009.ppm;22;0
22/00002_00010.ppm;22;0
22/00002_00011.ppm;22;0
22/00002_00012.ppm;22;0
22/00002_00013.ppm;22;0
22/00002_00014.ppm;22;0
22/00002_00015.ppm;22;0
22/00002_00016.ppm;22;0
22/00002_00017.ppm;22;0
22/00002_00018.ppm;22;0
22/00002_00019.ppm;22;0
22/00002_00020.ppm;22;0
22/00002_00021.ppm;22;0
22/00002_00022.ppm;22;0
22/00002_00023.ppm;22;0
22/00002_00024.ppm;22;0
22/00002_00025.ppm;22;0
22/00002_00026.ppm;22;0
22/00002_00027.ppm;22;0
22/00002_00028.ppm;22;0
22/00002_00029.ppm;22;0
22/00003_00000.ppm;22;0
22/00003_00001.ppm;22;0
22/00003_00002.ppm;22;0
22/00003_00003.ppm;22;0
22/00003_00004.ppm;22;0
22/00003_00005.ppm;22;0
22/00003_00006.ppm;22;0
22/00003_00007.ppm;22;0
22/00003_00008.ppm;22;0
22/00003_00009.ppm;22;0
22/00003_00010.ppm;22;0
22/00003_00011.ppm;22;0
22/00003_00012.ppm;22;0
22/00003_00013.ppm;22;0
22/00003_00014.ppm;22;0
22/00003_00015.ppm;22;0
22/00003_00016.ppm;22;0
22/00003_00017.ppm;22;0
22/00003_00018.ppm;22;0
22/00003_00019.ppm;22;0
22/00003_00020.ppm;22;0
22/00003_00021.ppm;22;0
22/00003_00022.ppm;22;0
22/00003_00023.ppm;22;0
22/00003_00024.ppm;22;0
22/00003_00025.ppm;22;0
22/00003_00026.ppm;22;0
22/00003_00027.ppm;22;0
22/00003_00028.ppm;22;0
22/00003_00029.ppm;22;0
22/00004_00000.ppm;22;0
22/00004_00001.ppm;22;0
22/00004_00002.ppm;22;0
22/00004_00003.ppm;22;0
22/00004_00004.ppm;22;0
22/00004_00005.ppm;22;0
22/00004_00006.ppm;22;0
22/00004_00007.ppm;22;0
22/00004_00008.ppm;22;0
22/00004_00009.ppm;22;0
22/00004_00010.ppm;22;0
22/00004_00011.ppm;22;0
22/00004_00012.ppm;22;0
22/00004_00013.ppm;22;0
22/00004_00014.ppm;22;0
22/00004_00015.ppm;22;0
22/00004_00016.ppm;22;0
22/00004_00017.ppm;22;0
22/00004_00018.ppm;22;0
22/00004_00019.ppm;22;0
22/00004_00020.ppm;22;0
22/00004_00021.ppm;22;0
22/00004_00022.ppm;22;0
22/00004_00023.ppm;22;0
22/00004_00024.ppm;22;0
22/00004_00025.ppm;22;0
22/00004_00026.ppm;22;0
22/00004_00027.ppm;22;0
22/00004_00028.ppm;22;0
22/00004_00029.ppm;22;0
22/00005_00000.ppm;22;0
22/00005_00001.ppm;22;0
22/00005_00002.ppm;22;0
22/00005_00003.ppm;22;0
22/00005_00004.ppm;22;0
22/00005_00005.ppm;22;0
22/00005_00006.ppm;22;0
22/00005_00007.ppm;22;0
22/00005_00008.ppm;22;0
22/00005_00009.ppm;22;0
22/00005_00010.ppm;22;0
22/00005_00011.ppm;22;0
22/00005_00012.ppm;22;0
22/00005_00013.ppm;22;0
22/00005_00014.ppm;22;0
22/00005_00015.ppm;22;0
22/00005_00016.ppm;22;0
22/00005_00017.ppm;22;0
22/00005_00018.ppm;22;0
22/00005_00019.ppm;22;0
22/00005_00020.ppm;22;0
22/00005_00021.ppm;22;0
22/00005_00022.ppm;22;0
22/00005_00023.ppm;22;0
22/00005_00024.ppm;22;0
22/00005_00025.ppm;22;0
22/00005_00026.ppm;22;0
22/00005_00027.ppm;22;0
22/00005_00028.ppm;22;0
22/00005_00029.ppm;22;0
22/00006_00000.ppm;22;0
22/00006_00001.ppm;22;0
22/00006_00002.ppm;22;0
22/00006_00003.ppm;22;0
22/00006_00004.ppm;22;0
22/00006_00005.ppm;22;0
22/00006_00006.ppm;22;0
22/00006_00007.ppm;22;0
22/00006_00008.ppm;22;0
22/00006_00009.ppm;22;0
22/00006_00010.ppm;22;0
22/00006_00011.ppm;22;0
22/00006_00012.ppm;22;0
22/00006_00013.ppm;22;0
22/00006_00014.ppm;22;0
22/00006_00015.ppm;22;0
22/00006_00016.ppm;22;0
22/00006_00017.ppm;22;0
22/00006_00018.ppm;22;0
22/00006_00019.ppm;22;0
22/00006_00020.ppm;22;0
22/00006_00021.ppm;22;0
22/00006_00022.ppm;22;0
22/00006_00023.ppm;22;0
22/00006_00024.ppm;22;0
22/00006_00025.ppm;22;0
22/00006_00026.ppm;22;0
22/00006_00027.ppm;22;0
22/00006_00028.ppm;22;0
22/00006_00029.ppm;22;0
22/00007_00000.ppm;22;0
22/00007_00001.ppm;22;0
22/00007_00002.ppm;22;0
22/00007_00003.ppm;22;0
22/00007_00004.ppm;22;0
22/00007_00005.ppm;22;0
22/00007_00006.ppm;22;0
22/00007_00007.ppm;22;0
22/00007_00008.ppm;22;0
22/00007_00009.ppm;22;0
22/00007_00010.ppm;22;0
22/00007_00011.ppm;22;0
22/00007_00012.ppm;22;0
22/00007_00013.ppm;22;0
22/00007_00014.ppm;22;0
22/00007_00015.ppm;22;0
22/00007_00016.ppm;22;0
22/00007_00017.ppm;22;0
22/00007_00018.ppm;22;0
22/00007_00019.ppm;22;0
22/00007_00020.ppm;22;0
22/00007_00021.ppm;22;0
22/00007_00022.ppm;22;0
22/00007_00023.ppm;22;0
22/00007_00024.ppm;22;0
22/00007_00025.ppm;22;0
22/00007_00026.ppm;22;0
22/00007_00027.ppm;22;0
22/00007_00028.ppm;22;0
22/00007_00029.ppm;22;0
22/00008_00000.ppm;22;0
22/00008_00001.ppm;22;0
22/00008_00002.ppm;22;0
22/00008_00003.ppm;22;0
22/00008_00004.ppm;22;0
22/00008_00005.ppm;22;0
22/00008_00006.ppm;22;0
22/00008_00007.ppm;22;0
22/00008_00008.ppm;22;0
22/00008_00009.ppm;22;0
22/00008_00010.ppm;22;0
22/00008_00011.ppm;22;0
22/00008_00012.ppm;22;0
22/00008_00013.ppm;22;0
22/00008_00014.ppm;22;0
22/00008_00015.ppm;22;0
22/00008_00016.ppm;22;0
22/00008_00017.ppm;22;0
22/00008_00018.ppm;22;0
22/00008_00019.ppm;22;0
22/00008_00020.ppm;22;0
22/00008_00021.ppm;22;0
22/00008_00022.ppm;22;0
22/00008_00023.ppm;22;0
22/00008_00024.ppm;22;0
22/00008_00025.ppm;22;0
22/00008_00026.ppm;22;0
22/00008_00027.ppm;22;0
22/00008_00028.ppm;22;0
22/00008_00029.ppm;22;0
23/00000_00000.ppm;23;0
23/00000_00001.ppm;23;0
23/00000_00002.ppm;23;0
23/00000_00003.ppm;23;0
23/00000_00004.ppm;23;0
23/00000_00005.ppm;23;0
23/00000_00006.ppm;23;0
23/00000_00007.ppm;23;0
23/00000_00008.ppm;23;0
23/00000_00009.ppm;23;0
23/00000_00010.ppm;23;0
23/00000_00011.ppm;23;0
23/00000_00012.ppm;23;0
23/00000_00013.ppm;23;0
23/00000_00014.ppm;23;0
23/00000_00015.ppm;23;0
23/00000_00016.ppm;23;0
23/00000_00017.ppm;23;0
23/00000_00018.ppm;23;0
23/00000_00019.ppm;23;0
23/00000_00020.ppm;23;0
23/00000_00021.ppm;23;0
23/00000_00022.ppm;23;0
23/00000_00023.ppm;23;0
23/00000_00024.ppm;23;0
23/00000_00025.ppm;23;0
23/00000_00026.ppm;23;0
23/00000_00027.ppm;23;0
23/00000_00028.ppm;23;0
23/00000_00029.ppm;23;0
23/00001_00000.ppm;23;0
23/00001_00001.ppm;23;0
23/00001_00002.ppm;23;0
23/00001_00003.ppm;23;0
23/00001_00004.ppm;23;0
23/00001_00005.ppm;23;0
23/00001_00006.ppm;23;0
23/00001_00007.ppm;23;0
23/00001_00008.ppm;23;0
23/00001_00009.ppm;23;0
23/00001_00010.ppm;23;0
23/00001_00011.ppm;23;0
23/00001_00012.ppm;23;0
23/00001_00013.ppm;23;0
23/00001_00014.ppm;23;0
23/00001_00015.ppm;23;0
23/00001_00016.ppm;23;0
23/00001_00017.ppm;23;0
23/00001_00018.ppm;23;0
23/00001_00019.ppm;23;0
23/00001_00020.ppm;23;0
23/00001_00021.ppm;23;0
23/00001_00022.ppm;23;0
23/00001_00023.ppm;23;0
23/00001_00024.ppm;23;0
23/00001_00025.ppm;23;0
23/00001_00026.ppm;23;0
23/00001_00027.ppm;23;0
23/00001_00028.ppm;23;0
23/00001_00029.ppm;23;0
23/00002_00000.ppm;23;0
23/00002_00001.ppm;23;0
23/00002_00002.ppm;23;0
23/00002_00003.ppm;23;0
23/00002_00004.ppm;23;0
23/00002_00005.ppm;23;0
23/00002_00006.ppm;23;0
23/00002_00007.ppm;23;0
23/00002_00008.ppm;23;0
23/00002_00009.ppm;23;0
23/00002_00010.ppm;23;0
23/00002_00011.ppm;23;0
23/00002_00012.ppm;23;0
23/00002_00013.ppm;23;0
23/00002_00014.ppm;23;0
23/00002_00015.ppm;23;0
23/00002_00016.ppm;23;0
23/00002_00017.ppm;23;0
23/00002_00018.ppm;23;0
23/00002_00019.ppm;23;0
23/00002_00020.ppm;23;0
23/00002_00021.ppm;23;0
23/00002_00022.ppm;23;0
23/00002_00023.ppm;23;0
23/00002_00024.ppm;23;0
23/00002_00025.ppm;23;0
23/00002_00026.ppm;23;0
23/00002_00027.ppm;23;0
23/00002_00028.ppm;23;0
23/00002_00029.ppm;23;0
23/00003_00000.ppm;23;0
23/00003_00001.ppm;23;0
23/00003_00002.ppm;23;0
23/00003_00003.ppm;23;0
23/00003_00004.ppm;23;0
23/00003_00005.ppm;23;0
23/00003_00006.ppm;23;0
23/00003_00007.ppm;23;0
23/00003_00008.ppm;23;0
23/00003_00009.ppm;23;0
23/00003_00010.ppm;23;0
23/00003_00011.ppm;23;0
23/00003_00012.ppm;23;0
23/00003_00013.ppm;23;0
23/00003_00014.ppm;23;0
23/00003_00015.ppm;23;0
23/00003_00016.ppm;23;0
23/00003_00017.ppm;23;0
23/00003_00018.ppm;23;0
23/00003_00019.ppm;23;0
23/00003_00020.ppm;23;0
23/00003_00021.ppm;23;0
23/00003_00022.ppm;23;0
23/00003_00023.ppm;23;0
23/00003_00024.ppm;23;0
23/00003_00025.ppm;23;0
23/00003_00026.ppm;23;0
23/00003_00027.ppm;23;0
23/00003_00028.ppm;23;0
23/00003_00029.ppm;23;0
23/00004_00000.ppm;23;0
23/00004_00001.ppm;23;0
23/00004_00002.ppm;23;0
23/00004_00003.ppm;23;0
23/00004_00004.ppm;23;0
23/00004_00005.ppm;23;0
23/00004_00006.ppm;23;0
23/00004_00007.ppm;23;0
23/00004_00008.ppm;23;0
23/00004_00009.ppm;23;0
23/00004_00010.ppm;23;0
23/00004_00011.ppm;23;0
23/00004_00012.ppm;23;0
23/00004_00013.ppm;23;0
23/00004_00014.ppm;23;0
23/00004_00015.ppm;23;0
23/00004_00016.ppm;23;0
23/00004_00017.ppm;23;0
23/00004_00018.ppm;23;0
23/00004_00019.ppm;23;0
23/00004_00020.ppm;23;0
23/00004_00021.ppm;23;0
23/00004_00022.ppm;23;0
23/00004_00023.ppm;23;0
23/00004_00024.ppm;23;0
23/00004_00025.ppm;23;0
23/00004_00026.ppm;23;0
23/00004_00027.ppm;23;0
23/00004_00028.ppm;23;0
23/00004_00029.ppm;23;0
23/00005_00000.ppm;23;0
23/00005_00001.ppm;23;0
23/00005_00002.ppm;23;0
23/00005_00003.ppm;23;0
23/00005_00004.ppm;23;0
23/00005_00005.ppm;23;0
23/00005_00006.ppm;23;0
23/00005_00007.ppm;23;0
23/00005_00008.ppm;23;0
23/00005_00009.ppm;23;0
23/00005_00010.ppm;23;0
23/00005_00011.ppm;23;0
23/00005_00012.ppm;23;0
23/00005_00013.ppm;23;0
23/00005_00014.ppm;23;0
23/00005_00015.ppm;23;0
23/00005_00016.ppm;23;0
23/00005_00017.ppm;23;0
23/00005_00018.ppm;23;0
23/00005_00019.ppm;23;0
23/00005_00020.ppm;23;0
23/00005_00021.ppm;23;0
23/00005_00022.ppm;23;0
23/00005_00023.ppm;23;0
23/00005_00024.ppm;23;0
23/00005_00025.ppm;23;0
23/00005_00026.ppm;23;0
23/00005_00027.ppm;23;0
23/00005_00028.ppm;23;0
23/00005_00029.ppm;23;0
23/00006_00000.ppm;23;0
23/00006_00001.ppm;23;0
23/00006_00002.ppm;23;0
23/00006_00003.ppm;23;0
23/00006_00004.ppm;23;0
23/00006_00005.ppm;23;0
23/00006_00006.ppm;23;0
23/00006_00007.ppm;23;0
23/00006_00008.ppm;23;0
23/00006_00009.ppm;23;0
23/00006_00010.ppm;23;0
23/00006_00011.ppm;23;0
23/00006_00012.ppm;23;0
23/00006_00013.ppm;23;0
23/00006_00014.ppm;23;0
23/00006_00015.ppm;23;0
23/00006_00016.ppm;23;0
23/00006_00017.ppm;23;0
23/00006_00018.ppm;23;0
23/00006_00019.ppm;23;0
23/00006_00020.ppm;23;0
23/00006_00021.ppm;23;0
23/00006_00022.ppm;23;0
23/00006_00023.ppm;23;0
23/00006_00024.ppm;23;0
23/00006_00025.ppm;23;0
23/00006_00026.ppm;23;0
23/00006_00027.ppm;23;0
23/00006_00028.ppm;23;0
23/00006_00029.ppm;23;0
23/00007_00000.ppm;23;0
23/00007_00001.ppm;23;0
23/00007_00002.ppm;23;0
23/00007_00003.ppm;23;0
23/00007_00004.ppm;23;0
23/00007_00005.ppm;23;0
23/00007_00006.ppm;23;0
23/00007_00007.ppm;23;0
23/00007_00008.ppm;23;0
23/00007_00009.ppm;23;0
23/00007_00010.ppm;23;0
23/00007_00011.ppm;23;0
23/00007_00012.ppm;23;0
23/00007_00013.ppm;23;0
23/00007_00014.ppm;23;0
23/00007_00015.ppm;23;0
23/00007_00016.ppm;23;0
23/00007_00017.ppm;23;0
23/00007_00018.ppm;23;0
23/00007_00019.ppm;23;0
23/00007_00020.ppm;23;0
23/00007_00021.ppm;23;0
23/00007_00022.ppm;23;0
23/00007_00023.ppm;23;0
23/00007_00024.ppm;23;0
23/00007_00025.ppm;23;0
23/00007_00026.ppm;23;0
23/00007_00027.ppm;23;0
23/00007_00028.ppm;23;0
23/00007_00029.ppm;23;0
23/00008_00000.ppm;23;0
23/00008_00001.ppm;23;0
23/00008_00002.ppm;23;0
23/00008_00003.ppm;23;0
23/00008_00004.ppm;23;0
23/00008_00005.ppm;23;0
23/00008_00006.ppm;23;0
23/00008_00007.ppm;23;0
23/00008_00008.ppm;23;0
23/00008_00009.ppm;23;0
23/00008_00010.ppm;23;0
23/00008_00011.ppm;23;0
23/00008_00012.ppm;23;0
23/00008_00013.ppm;23;0
23/00008_00014.ppm;23;0
23/00008_00015.ppm;23;0
23/00008_00016.ppm;23;0
23/00008_00017.ppm;23;0
23/00008_00018.ppm;23;0
23/00008_00019.ppm;23;0
23/00008_00020.ppm;23;0
23/00008_00021.ppm;23;0
23/00008_00022.ppm;23;0
23/00008_00023.ppm;23;0
23/00008_00024.ppm;23;0
23/00008_00025.ppm;23;0
23/00008_00026.ppm;23;0
23/00008_00027.ppm;23;0
23/00008_00028.ppm;23;0
23/00008_00029.ppm;23;0
23/00009_00000.ppm;23;0
23/00009_00001.ppm;23;0
23/00009_00002.ppm;23;0
23/00009_00003.ppm;23;0
23/00009_00004.ppm;23;0
23/00009_00005.ppm;23;0
23/00009_00006.ppm;23;0
23/00009_00007.ppm;23;0
23/00009_00008.ppm;23;0
23/00009_00009.ppm;23;0
23/00009_00010.ppm;23;0
23/00009_00011.ppm;23;0
23/00009_00012.ppm;23;0
23/00009_00013.ppm;23;0
23/00009_00014.ppm;23;0
23/00009_00015.ppm;23;0
23/00009_00016.ppm;23;0
23/00009_00017.ppm;23;0
23/00009_00018.ppm;23;0
23/00009_00019.ppm;23;0
23/00009_00020.ppm;23;0
23/00009_00021.ppm;23;0
23/00009_00022.ppm;23;0
23/00009_00023.ppm;23;0
23/00009_00024.ppm;23;0
23/00009_00025.ppm;23;0
23/00009_00026.ppm;23;0
23/00009_00027.ppm;23;0
23/00009_00028.ppm;23;0
23/00009_00029.ppm;23;0
23/00010_00000.ppm;23;0
23/00010_00001.ppm;23;0
23/00010_00002.ppm;23;0
23/00010_00003.ppm;23;0
23/00010_00004.ppm;23;0
23/00010_00005.ppm;23;0
23/00010_00006.ppm;23;0
23/00010_00007.ppm;23;0
23/00010_00008.ppm;23;0
23/00010_00009.ppm;23;0
23/00010_00010.ppm;23;0
23/00010_00011.ppm;23;0
23/00010_00012.ppm;23;0
23/00010_00013.ppm;23;0
23/00010_00014.ppm;23;0
23/00010_00015.ppm;23;0
23/00010_00016.ppm;23;0
23/00010_00017.ppm;23;0
23/00010_00018.ppm;23;0
23/00010_00019.ppm;23;0
23/00010_00020.ppm;23;0
23/00010_00021.ppm;23;0
23/00010_00022.ppm;23;0
23/00010_00023.ppm;23;0
23/00010_00024.ppm;23;0
23/00010_00025.ppm;23;0
23/00010_00026.ppm;23;0
23/00010_00027.ppm;23;0
23/00010_00028.ppm;23;0
23/00010_00029.ppm;23;0
23/00011_00000.ppm;23;0
23/00011_00001.ppm;23;0
23/00011_00002.ppm;23;0
23/00011_00003.ppm;23;0
23/00011_00004.ppm;23;0
23/00011_00005.ppm;23;0
23/00011_00006.ppm;23;0
23/00011_00007.ppm;23;0
23/00011_00008.ppm;23;0
23/00011_00009.ppm;23;0
23/00011_00010.ppm;23;0
23/00011_00011.ppm;23;0
23/00011_00012.ppm;23;0
23/00011_00013.ppm;23;0
23/00011_00014.ppm;23;0
23/00011_00015.ppm;23;0
23/00011_00016.ppm;23;0
23/00011_00017.ppm;23;0
23/00011_00018.ppm;23;0
23/00011_00019.ppm;23;0
23/00011_00020.ppm;23;0
23/00011_00021.ppm;23;0
23/00011_00022.ppm;23;0
23/00011_00023.ppm;23;0
23/00011_00024.ppm;23;0
23/00011_00025.ppm;23;0
23/00011_00026.ppm;23;0
23/00011_00027.ppm;23;0
23/00011_00028.ppm;23;0
23/00011_00029.ppm;23;0
24/00000_00000.ppm;24;0
24/00000_00001.ppm;24;0
24/00000_00002.ppm;24;0
24/00000_00003.ppm;24;0
24/00000_00004.ppm;24;0
24/00000_00005.ppm;24;0
24/00000_00006.ppm;24;0
24/00000_00007.ppm;24;0
24/00000_00008.ppm;24;0
24/00000_00009.ppm;24;0
24/00000_00010.ppm;24;0
24/00000_00011.ppm;24;0
24/00000_00012.ppm;24;0
24/00000_00013.ppm;24;0
24/00000_00014.ppm;24;0
24/00000_00015.ppm;24;0
24/00000_00016.ppm;24;0
24/00000_00017.ppm;24;0
24/00000_00018.ppm;24;0
24/00000_00019.ppm;24;0
24/00000_00020.ppm;24;0
24/00000_00021.ppm;24;0
24/00000_00022.ppm;24;0
24/00000_00023.ppm;24;0
24/00000_00024.ppm;24;0
24/00000_00025.ppm;24;0
24/00000_00026.ppm;24;0
24/00000_00027.ppm;24;0
24/00000_00028.ppm;24;0
24/00000_00029.ppm;24;0
24/00001_00000.ppm;24;0
24/00001_00001.ppm;24;0
24/00001_00002.ppm;24;0
24/00001_00003.ppm;24;0
24/00001_00004.ppm;24;0
24/00001_00005.ppm;24;0
24/00001_00006.ppm;24;0
24/00001_00007.ppm;24;0
24/00001_00008.ppm;24;0
24/00001_00009.ppm;24;0
24/00001_00010.ppm;24;0
24/00001_00011.ppm;24;0
24/00001_00012.ppm;24;0
24/00001_00013.ppm;24;0
24/00001_00014.ppm;24;0
24/00001_00015.ppm;24;0
24/00001_00016.ppm;24;0
24/00001_00017.ppm;24;0
24/00001_00018.ppm;24;0
24/00001_00019.ppm;24;0
24/00001_00020.ppm;24;0
24/00001_00021.ppm;24;0
24/00001_00022.ppm;24;0
24/00001_00023.ppm;24;0
24/00001_00024.ppm;24;0
24/00001_00025.ppm;24;0
24/00001_00026.ppm;24;0
24/00001_00027.ppm;24;0
24/00001_00028.ppm;24;0
24/00001_00029.ppm;24;0
24/00002_00000.ppm;24;0
24/00002_00001.ppm;24;0
24/00002_00002.ppm;24;0
24/00002_00003.ppm;24;0
24/00002_00004.ppm;24;0
24/00002_00005.ppm;24;0
24/00002_00006.ppm;24;0
24/00002_00007.ppm;24;0
24/00002_00008.ppm;24;0
24/00002_00009.ppm;24;0
24/00002_00010.ppm;24;0
24/00002_00011.ppm;24;0
24/00002_00012.ppm;24;0
24/00002_00013.ppm;24;0
24/00002_00014.ppm;24;0
24/00002_00015.ppm;24;0
24/00002_00016.ppm;24;0
24/00002_00017.ppm;24;0
24/00002_00018.ppm;24;0
24/00002_00019.ppm;24;0
24/00002_00020.ppm;24;0
24/00002_00021.ppm;24;0
24/00002_00022.ppm;24;0
24/00002_00023.ppm;24;0
24/00002_00024.ppm;24;0
24/00002_00025.ppm;24;0
24/00002_00026.ppm;24;0
24/00002_00027.ppm;24;0
24/00002_00028.ppm;24;0
24/00002_00029.ppm;24;0
24/00003_00000.ppm;24;0
24/00003_00001.ppm;24;0
24/00003_00002.ppm;24;0
24/00003_00003.ppm;24;0
24/00003_00004.ppm;24;0
24/00003_00005.ppm;24;0
24/00003_00006.ppm;24;0
24/00003_00007.ppm;24;0
24/00003_00008.ppm;24;0
24/00003_00009.ppm;24;0
24/00003_00010.ppm;24;0
24/00003_00011.ppm;24;0
24/00003_00012.ppm;24;0
24/00003_00013.ppm;24;0
24/00003_00014.ppm;24;0
24/00003_00015.ppm;24;0
24/00003_00016.ppm;24;0
24/00003_00017.ppm;24;0
24/00003_00018.ppm;24;0
24/00003_00019.ppm;24;0
24/00003_00020.ppm;24;0
24/00003_00021.ppm;24;0
24/00003_00022.ppm;24;0
24/00003_00023.ppm;24;0
24/00003_00024.ppm;24;0
24/00003_00025.ppm;24;0
24/00003_00026.ppm;24;0
24/00003_00027.ppm;24;0
24/00003_00028.ppm;24;0
24/00003_00029.ppm;24;0
24/00004_00000.ppm;24;0
24/00004_00001.ppm;24;0
24/00004_00002.ppm;24;0
24/00004_00003.ppm;24;0
24/00004_00004.ppm;24;0
24/00004_00005.ppm;24;0
24/00004_00006.ppm;24;0
24/00004_00007.ppm;24;0
24/00004_00008.ppm;24;0
24/00004_00009.ppm;24;0
24/00004_00010.ppm;24;0
24/00004_00011.ppm;24;0
24/00004_00012.ppm;24;0
24/00004_00013.ppm;24;0
24/00004_00014.ppm;24;0
24/00004_00015.ppm;24;0
24/00004_00016.ppm;24;0
24/00004_00017.ppm;24;0
24/00004_00018.ppm;24;0
24/00004_00019.ppm;24;0
24/00004_00020.ppm;24;0
24/00004_00021.ppm;24;0
24/00004_00022.ppm;24;0
24/00004_00023.ppm;24;0
24/00004_00024.ppm;24;0
24/00004_00025.ppm;24;0
24/00004_00026.ppm;24;0
24/00004_00027.ppm;24;0
24/00004_00028.ppm;24;0
24/00004_00029.ppm;24;0
24/00005_00000.ppm;24;0
24/00005_00001.ppm;24;0
24/00005_00002.ppm;24;0
24/00005_00003.ppm;24;0
24/00005_00004.ppm;24;0
24/00005_00005.ppm;24;0
24/00005_00006.ppm;24;0
24/00005_00007.ppm;24;0
24/00005_00008.ppm;24;0
24/00005_00009.ppm;24;0
24/00005_00010.ppm;24;0
24/00005_00011.ppm;24;0
24/00005_00012.ppm;24;0
24/00005_00013.ppm;24;0
24/00005_00014.ppm;24;0
24/00005_00015.ppm;24;0
24/00005_00016.ppm;24;0
24/00005_00017.ppm;24;0
24/00005_00018.ppm;24;0
24/00005_00019.ppm;24;0
24/00005_00020.ppm;24;0
24/00005_00021.ppm;24;0
24/00005_00022.ppm;24;0
24/00005_00023.ppm;24;0
24/00005_00024.ppm;24;0
24/00005_00025.ppm;24;0
24/00005_00026.ppm;24;0
24/00005_00027.ppm;24;0
24/00005_00028.ppm;24;0
24/00005_00029.ppm;24;0
25/00000_00000.ppm;25;0
25/00000_00001.ppm;25;0
25/00000_00002.ppm;25;0
25/00000_00003.ppm;25;0
25/00000_00004.ppm;25;0
25/00000_00005.ppm;25;0
25/00000_00006.ppm;25;0
25/00000_00007.ppm;25;0
25/00000_00008.ppm;25;0
25/00000_00009.ppm;25;0
25/00000_00010.ppm;25;0
25/00000_00011.ppm;25;0
25/00000_00012.ppm;25;0
25/00000_00013.ppm;25;0
25/00000_00014.ppm;25;0
25/00000_00015.ppm;25;0
25/00000_00016.ppm;25;0
25/00000_00017.ppm;25;0
25/00000_00018.ppm;25;0
25/00000_00019.ppm;25;0
25/00000_00020.ppm;25;0
25/00000_00021.ppm;25;0
25/00000_00022.ppm;25;0
25/00000_00023.ppm;25;0
25/00000_00024.ppm;25;0
25/00000_00025.ppm;25;0
25/00000_00026.ppm;25;0
25/00000_00027.ppm;25;0
25/00000_00028.ppm;25;0
25/00000_00029.ppm;25;0
25/00001_00000.ppm;25;0
25/00001_00001.ppm;25;0
25/00001_00002.ppm;25;0
25/00001_00003.ppm;25;0
25/00001_00004.ppm;25;0
25/00001_00005.ppm;25;0
25/00001_00006.ppm;25;0
25/00001_00007.ppm;25;0
25/00001_00008.ppm;25;0
25/00001_00009.ppm;25;0
25/00001_00010.ppm;25;0
25/00001_00011.ppm;25;0
25/00001_00012.ppm;25;0
25/00001_00013.ppm;25;0
25/00001_00014.ppm;25;0
25/00001_00015.ppm;25;0
25/00001_00016.ppm;25;0
25/00001_00017.ppm;25;0
25/00001_00018.ppm;25;0
25/00001_00019.ppm;25;0
25/00001_00020.ppm;25;0
25/00001_00021.ppm;25;0
25/00001_00022.ppm;25;0
25/00001_00023.ppm;25;0
25/00001_00024.ppm;25;0
25/00001_00025.ppm;25;0
25/00001_00026.ppm;25;0
25/00001_00027.ppm;25;0
25/00001_00028.ppm;25;0
25/00001_00029.ppm;25;0
25/00002_00000.ppm;25;0
25/00002_00001.ppm;25;0
25/00002_00002.ppm;25;0
25/00002_00003.ppm;25;0
25/00002_00004.ppm;25;0
25/00002_00005.ppm;25;0
25/00002_00006.ppm;25;0
25/00002_00007.ppm;25;0
25/00002_00008.ppm;25;0
25/00002_00009.ppm;25;0
25/00002_00010.ppm;25;0
25/00002_00011.ppm;25;0
25/00002_00012.ppm;25;0
25/00002_00013.ppm;25;0
25/00002_00014.ppm;25;0
25/00002_00015.ppm;25;0
25/00002_00016.ppm;25;0
25/00002_00017.ppm;25;0
25/00002_00018.ppm;25;0
25/00002_00019.ppm;25;0
25/00002_00020.ppm;25;0
25/00002_00021.ppm;25;0
25/00002_00022.ppm;25;0
25/00002_00023.ppm;25;0
25/00002_00024.ppm;25;0
25/00002_00025.ppm;25;0
25/00002_00026.ppm;25;0
25/00002_00027.ppm;25;0
25/00002_00028.ppm;25;0
25/00002_00029.ppm;25;0
25/00003_00000.ppm;25;0
25/00003_00001.ppm;25;0
25/00003_00002.ppm;25;0
25/00003_00003.ppm;25;0
25/00003_00004.ppm;25;0
25/00003_00005.ppm;25;0
25/00003_00006.ppm;25;0
25/00003_00007.ppm;25;0
25/00003_00008.ppm;25;0
25/00003_00009.ppm;25;0
25/00003_00010.ppm;25;0
25/00003_00011.ppm;25;0
25/00003_00012.ppm;25;0
25/00003_00013.ppm;25;0
25/00003_00014.ppm;25;0
25/00003_00015.ppm;25;0
25/00003_00016.ppm;25;0
25/00003_00017.ppm;25;0
25/00003_00018.ppm;25;0
25/00003_00019.ppm;25;0
25/00003_00020.ppm;25;0
25/00003_00021.ppm;25;0
25/00003_00022.ppm;25;0
25/00003_00023.ppm;25;0
25/00003_00024.ppm;25;0
25/00003_00025.ppm;25;0
25/00003_00026.ppm;25;0
25/00003_00027.ppm;25;0
25/00003_00028.ppm;25;0
25/00003_00029.ppm;25;0
25/00004_00000.ppm;25;0
25/00004_00001.ppm;25;0
25/00004_00002.ppm;25;0
25/00004_00003.ppm;25;0
25/00004_00004.ppm;25;0
25/00004_00005.ppm;25;0
25/00004_00006.ppm;25;0
25/00004_00007.ppm;25;0
25/00004_00008.ppm;25;0
25/00004_00009.ppm;25;0
25/00004_00010.ppm;25;0
25/00004_00011.ppm;25;0
25/00004_00012.ppm;25;0
25/00004_00013.ppm;25;0
25/00004_00014.ppm;25;0
25/00004_00015.ppm;25;0
25/00004_00016.ppm;25;0
25/00004_00017.ppm;25;0
25/00004_00018.ppm;25;0
25/00004_00019.ppm;25;0
25/00004_00020.ppm;25;0
25/00004_00021.ppm;25;0
25/00004_00022.ppm;25;0
25/00004_00023.ppm;25;0
25/00004_00024.ppm;25;0
25/00004_00025.ppm;25;0
25/00004_00026.ppm;25;0
25/00004_00027.ppm;25;0
25/00004_00028.ppm;25;0
25/00004_00029.ppm;25;0
25/00005_00000.ppm;25;0
25/00005_00001.ppm;25;0
25/00005_00002.ppm;25;0
25/00005_00003.ppm;25;0
25/00005_00004.ppm;25;0
25/00005_00005.ppm;25;0
25/00005_00006.ppm;25;0
25/00005_00007.ppm;25;0
25/00005_00008.ppm;25;0
25/00005_00009.ppm;25;0
25/00005_00010.ppm;25;0
25/00005_00011.ppm;25;0
25/00005_00012.ppm;25;0
25/00005_00013.ppm;25;0
25/00005_00014.ppm;25;0
25/00005_00015.ppm;25;0
25/00005_00016.ppm;25;0
25/00005_00017.ppm;25;0
25/00005_00018.ppm;25;0
25/00005_00019.ppm;25;0
25/00005_00020.ppm;25;0
25/00005_00021.ppm;25;0
25/00005_00022.ppm;25;0
25/00005_00023.ppm;25;0
25/00005_00024.ppm;25;0
25/00005_00025.ppm;25;0
25/00005_00026.ppm;25;0
25/00005_00027.ppm;25;0
25/00005_00028.ppm;25;0
25/00005_00029.ppm;25;0
25/00006_00000.ppm;25;0
25/00006_00001.ppm;25;0
25/00006_00002.ppm;25;0
25/00006_00003.ppm;25;0
25/00006_00004.ppm;25;0
25/00006_00005.ppm;25;0
25/00006_00006.ppm;25;0
25/00006_00007.ppm;25;0
25/00006_00008.ppm;25;0
25/00006_00009.ppm;25;0
25/00006_00010.ppm;25;0
25/00006_00011.ppm;25;0
25/00006_00012.ppm;25;0
25/00006_00013.ppm;25;0
25/00006_00014.ppm;25;0
25/00006_00015.ppm;25;0
25/00006_00016.ppm;25;0
25/00006_00017.ppm;25;0
25/00006_00018.ppm;25;0
25/00006_00019.ppm;25;0
25/00006_00020.ppm;25;0
25/00006_00021.ppm;25;0
25/00006_00022.ppm;25;0
25/00006_00023.ppm;25;0
25/00006_00024.ppm;25;0
25/00006_00025.ppm;25;0
25/00006_00026.ppm;25;0
25/00006_00027.ppm;25;0
25/00006_00028.ppm;25;0
25/00006_00029.ppm;25;0
25/00007_00000.ppm;25;0
25/00007_00001.ppm;25;0
25/00007_00002.ppm;25;0
25/00007_00003.ppm;25;0
25/00007_00004.ppm;25;0
25/00007_00005.ppm;25;0
25/00007_00006.ppm;25;0
25/00007_00007.ppm;25;0
25/00007_00008.ppm;25;0
25/00007_00009.ppm;25;0
25/00007_00010.ppm;25;0
25/00007_00011.ppm;25;0
25/00007_00012.ppm;25;0
25/00007_00013.ppm;25;0
25/00007_00014.ppm;25;0
25/00007_00015.ppm;25;0
25/00007_00016.ppm;25;0
25/00007_00017.ppm;25;0
25/00007_00018.ppm;25;0
25/00007_00019.ppm;25;0
25/00007_00020.ppm;25;0
25/00007_00021.ppm;25;0
25/00007_00022.ppm;25;0
25/00007_00023.ppm;25;0
25/00007_00024.ppm;25;0
25/00007_00025.ppm;25;0
25/00007_00026.ppm;25;0
25/00007_00027.ppm;25;0
25/00007_00028.ppm;25;0
25/00007_00029.ppm;25;0
25/00008_00000.ppm;25;0
25/00008_00001.ppm;25;0
25/00008_00002.ppm;25;0
25/00008_00003.ppm;25;0
25/00008_00004.ppm;25;0
25/00008_00005.ppm;25;0
25/00008_00006.ppm;25;0
25/00008_00007.ppm;25;0
25/00008_00008.ppm;25;0
25/00008_00009.ppm;25;0
25/00008_00010.ppm;25;0
25/00008_00011.ppm;25;0
25/00008_00012.ppm;25;0
25/00008_00013.ppm;25;0
25/00008_00014.ppm;25;0
25/00008_00015.ppm;25;0
25/00008_00016.ppm;25;0
25/00008_00017.ppm;25;0
25/00008_00018.ppm;25;0
25/00008_00019.ppm;25;0
25/00008_00020.ppm;25;0
25/00008_00021.ppm;25;0
25/00008_00022.ppm;25;0
25/00008_00023.ppm;25;0
25/00008_00024.ppm;25;0
25/00008_00025.ppm;25;0
25/00008_00026.ppm;25;0
25/00008_00027.ppm;25;0
25/00008_00028.ppm;25;0
25/00008_00029.ppm;25;0
25/00009_00000.ppm;25;0
25/00009_00001.ppm;25;0
25/00009_00002.ppm;25;0
25/00009_00003.ppm;25;0
25/00009_00004.ppm;25;0
25/00009_00005.ppm;25;0
25/00009_00006.ppm;25;0
25/00009_00007.ppm;25;0
25/00009_00008.ppm;25;0
25/00009_00009.ppm;25;0
25/00009_00010.ppm;25;0
25/00009_00011.ppm;25;0
25/00009_00012.ppm;25;0
25/00009_00013.ppm;25;0
25/00009_00014.ppm;25;0
25/00009_00015.ppm;25;0
25/00009_00016.ppm;25;0
25/00009_00017.ppm;25;0
25/00009_00018.ppm;25;0
25/00009_00019.ppm;25;0
25/00009_00020.ppm;25;0
25/00009_00021.ppm;25;0
25/00009_00022.ppm;25;0
25/00009_00023.ppm;25;0
25/00009_00024.ppm;25;0
25/00009_00025.ppm;25;0
25/00009_00026.ppm;25;0
25/00009_00027.ppm;25;0
25/00009_00028.ppm;25;0
25/00009_00029.ppm;25;0
25/00010_00000.ppm;25;0
25/00010_00001.ppm;25;0
25/00010_00002.ppm;25;0
25/00010_00003.ppm;25;0
25/00010_00004.ppm;25;0
25/00010_00005.ppm;25;0
25/00010_00006.ppm;25;0
25/00010_00007.ppm;25;0
25/00010_00008.ppm;25;0
25/00010_00009.ppm;25;0
25/00010_00010.ppm;25;0
25/00010_00011.ppm;25;0
25/00010_00012.ppm;25;0
25/00010_00013.ppm;25;0
25/00010_00014.ppm;25;0
25/00010_00015.ppm;25;0
25/00010_00016.ppm;25;0
25/00010_00017.ppm;25;0
25/00010_00018.ppm;25;0
25/00010_00019.ppm;25;0
25/00010_00020.ppm;25;0
25/00010_00021.ppm;25;0
25/00010_00022.ppm;25;0
25/00010_00023.ppm;25;0
25/00010_00024.ppm;25;0
25/00010_00025.ppm;25;0
25/00010_00026.ppm;25;0
25/00010_00027.ppm;25;0
25/00010_00028.ppm;25;0
25/00010_00029.ppm;25;0
25/00011_00000.ppm;25;0
25/00011_00001.ppm;25;0
25/00011_00002.ppm;25;0
25/00011_00003.ppm;25;0
25/00011_00004.ppm;25;0
25/00011_00005.ppm;25;0
25/00011_00006.ppm;25;0
25/00011_00007.ppm;25;0
25/00011_00008.ppm;25;0
25/00011_00009.ppm;25;0
25/00011_00010.ppm;25;0
25/00011_00011.ppm;25;0
25/00011_00012.ppm;25;0
25/00011_00013.ppm;25;0
25/00011_00014.ppm;25;0
25/00011_00015.ppm;25;0
25/00011_00016.ppm;25;0
25/00011_00017.ppm;25;0
25/00011_00018.ppm;25;0
25/00011_00019.ppm;25;0
25/00011_00020.ppm;25;0
25/00011_00021.ppm;25;0
25/00011_00022.ppm;25;0
25/00011_00023.ppm;25;0
25/00011_00024.ppm;25;0
25/00011_00025.ppm;25;0
25/00011_00026.ppm;25;0
25/00011_00027.ppm;25;0
25/00011_00028.ppm;25;0
25/00011_00029.ppm;25;0
25/00012_00000.ppm;25;0
25/00012_00001.ppm;25;0
25/00012_00002.ppm;25;0
25/00012_00003.ppm;25;0
25/00012_00004.ppm;25;0
25/00012_00005.ppm;25;0
25/00012_00006.ppm;25;0
25/00012_00007.ppm;25;0
25/00012_00008.ppm;25;0
25/00012_00009.ppm;25;0
25/00012_00010.ppm;25;0
25/00012_00011.ppm;25;0
25/00012_00012.ppm;25;0
25/00012_00013.ppm;25;0
25/00012_00014.ppm;25;0
25/00012_00015.ppm;25;0
25/00012_00016.ppm;25;0
25/00012_00017.ppm;25;0
25/00012_00018.ppm;25;0
25/00012_00019.ppm;25;0
25/00012_00020.ppm;25;0
25/00012_00021.ppm;25;0
25/00012_00022.ppm;25;0
25/00012_00023.ppm;25;0
25/00012_00024.ppm;25;0
25/00012_00025.ppm;25;0
25/00012_00026.ppm;25;0
25/00012_00027.ppm;25;0
25/00012_00028.ppm;25;0
25/00012_00029.ppm;25;0
25/00013_00000.ppm;25;0
25/00013_00001.ppm;25;0
25/00013_00002.ppm;25;0
25/00013_00003.ppm;25;0
25/00013_00004.ppm;25;0
25/00013_00005.ppm;25;0
25/00013_00006.ppm;25;0
25/00013_00007.ppm;25;0
25/00013_00008.ppm;25;0
25/00013_00009.ppm;25;0
25/00013_00010.ppm;25;0
25/00013_00011.ppm;25;0
25/00013_00012.ppm;25;0
25/00013_00013.ppm;25;0
25/00013_00014.ppm;25;0
25/00013_00015.ppm;25;0
25/00013_00016.ppm;25;0
25/00013_00017.ppm;25;0
25/00013_00018.ppm;25;0
25/00013_00019.ppm;25;0
25/00013_00020.ppm;25;0
25/00013_00021.ppm;25;0
25/00013_00022.ppm;25;0
25/00013_00023.ppm;25;0
25/00013_00024.ppm;25;0
25/00013_00025.ppm;25;0
25/00013_00026.ppm;25;0
25/00013_00027.ppm;25;0
25/00013_00028.ppm;25;0
25/00013_00029.ppm;25;0
25/00014_00000.ppm;25;0
25/00014_00001.ppm;25;0
25/00014_00002.ppm;25;0
25/00014_00003.ppm;25;0
25/00014_00004.ppm;25;0
25/00014_00005.ppm;25;0
25/00014_00006.ppm;25;0
25/00014_00007.ppm;25;0
25/00014_00008.ppm;25;0
25/00014_00009.ppm;25;0
25/00014_00010.ppm;25;0
25/00014_00011.ppm;25;0
25/00014_00012.ppm;25;0
25/00014_00013.ppm;25;0
25/00014_00014.ppm;25;0
25/00014_00015.ppm;25;0
25/00014_00016.ppm;25;0
25/00014_00017.ppm;25;0
25/00014_00018.ppm;25;0
25/00014_00019.ppm;25;0
25/00014_00020.ppm;25;0
25/00014_00021.ppm;25;0
25/00014_00022.ppm;25;0
25/00014_00023.ppm;25;0
25/00014_00024.ppm;25;0
25/00014_00025.ppm;25;0
25/00014_00026.ppm;25;0
25/00014_00027.ppm;25;0
25/00014_00028.ppm;25;0
25/00014_00029.ppm;25;0
25/00015_00000.ppm;25;0
25/00015_00001.ppm;25;0
25/00015_00002.ppm;25;0
25/00015_00003.ppm;25;0
25/00015_00004.ppm;25;0
25/00015_00005.ppm;25;0
25/00015_00006.ppm;25;0
25/00015_00007.ppm;25;0
25/00015_00008.ppm;25;0
25/00015_00009.ppm;25;0
25/00015_00010.ppm;25;0
25/00015_00011.ppm;25;0
25/00015_00012.ppm;25;0
25/00015_00013.ppm;25;0
25/00015_00014.ppm;25;0
25/00015_00015.ppm;25;0
25/00015_00016.ppm;25;0
25/00015_00017.ppm;25;0
25/00015_00018.ppm;25;0
25/00015_00019.ppm;25;0
25/00015_00020.ppm;25;0
25/00015_00021.ppm;25;0
25/00015_00022.ppm;25;0
25/00015_00023.ppm;25;0
25/00015_00024.ppm;25;0
25/00015_00025.ppm;25;0
25/00015_00026.ppm;25;0
25/00015_00027.ppm;25;0
25/00015_00028.ppm;25;0
25/00015_00029.ppm;25;0
25/00016_00000.ppm;25;0
25/00016_00001.ppm;25;0
25/00016_00002.ppm;25;0
25/00016_00003.ppm;25;0
25/00016_00004.ppm;25;0
25/00016_00005.ppm;25;0
25/00016_00006.ppm;25;0
25/00016_00007.ppm;25;0
25/00016_00008.ppm;25;0
25/00016_00009.ppm;25;0
25/00016_00010.ppm;25;0
25/00016_00011.ppm;25;0
25/00016_00012.ppm;25;0
25/00016_00013.ppm;25;0
25/00016_00014.ppm;25;0
25/00016_00015.ppm;25;0
25/00016_00016.ppm;25;0
25/00016_00017.ppm;25;0
25/00016_00018.ppm;25;0
25/00016_00019.ppm;25;0
25/00016_00020.ppm;25;0
25/00016_00021.ppm;25;0
25/00016_00022.ppm;25;0
25/00016_00023.ppm;25;0
25/00016_00024.ppm;25;0
25/00016_00025.ppm;25;0
25/00016_00026.ppm;25;0
25/00016_00027.ppm;25;0
25/00016_00028.ppm;25;0
25/00016_00029.ppm;25;0
25/00017_00000.ppm;25;0
25/00017_00001.ppm;25;0
25/00017_00002.ppm;25;0
25/00017_00003.ppm;25;0
25/00017_00004.ppm;25;0
25/00017_00005.ppm;25;0
25/00017_00006.ppm;25;0
25/00017_00007.ppm;25;0
25/00017_00008.ppm;25;0
25/00017_00009.ppm;25;0
25/00017_00010.ppm;25;0
25/00017_00011.ppm;25;0
25/00017_00012.ppm;25;0
25/00017_00013.ppm;25;0
25/00017_00014.ppm;25;0
25/00017_00015.ppm;25;0
25/00017_00016.ppm;25;0
25/00017_00017.ppm;25;0
25/00017_00018.ppm;25;0
25/00017_00019.ppm;25;0
25/00017_00020.ppm;25;0
25/00017_00021.ppm;25;0
25/00017_00022.ppm;25;0
25/00017_00023.ppm;25;0
25/00017_00024.ppm;25;0
25/00017_00025.ppm;25;0
25/00017_00026.ppm;25;0
25/00017_00027.ppm;25;0
25/00017_00028.ppm;25;0
25/00017_00029.ppm;25;0
25/00018_00000.ppm;25;0
25/00018_00001.ppm;25;0
25/00018_00002.ppm;25;0
25/00018_00003.ppm;25;0
25/00018_00004.ppm;25;0
25/00018_00005.ppm;25;0
25/00018_00006.ppm;25;0
25/00018_00007.ppm;25;0
25/00018_00008.ppm;25;0
25/00018_00009.ppm;25;0
25/00018_00010.ppm;25;0
25/00018_00011.ppm;25;0
25/00018_00012.ppm;25;0
25/00018_00013.ppm;25;0
25/00018_00014.ppm;25;0
25/00018_00015.ppm;25;0
25/00018_00016.ppm;25;0
25/00018_00017.ppm;25;0
25/00018_00018.ppm;25;0
25/00018_00019.ppm;25;0
25/00018_00020.ppm;25;0
25/00018_00021.ppm;25;0
25/00018_00022.ppm;25;0
25/00018_00023.ppm;25;0
25/00018_00024.ppm;25;0
25/00018_00025.ppm;25;0
25/00018_00026.ppm;25;0
25/00018_00027.ppm;25;0
25/00018_00028.ppm;25;0
25/00018_00029.ppm;25;0
25/00019_00000.ppm;25;0
25/00019_00001.ppm;25;0
25/00019_00002.ppm;25;0
25/00019_00003.ppm;25;0
25/00019_00004.ppm;25;0
25/00019_00005.ppm;25;0
25/00019_00006.ppm;25;0
25/00019_00007.ppm;25;0
25/00019_00008.ppm;25;0
25/00019_00009.ppm;25;0
25/00019_00010.ppm;25;0
25/00019_00011.ppm;25;0
25/00019_00012.ppm;25;0
25/00019_00013.ppm;25;0
25/00019_00014.ppm;25;0
25/00019_00015.ppm;25;0
25/00019_00016.ppm;25;0
25/00019_00017.ppm;25;0
25/00019_00018.ppm;25;0
25/00019_00019.ppm;25;0
25/00019_00020.ppm;25;0
25/00019_00021.ppm;25;0
25/00019_00022.ppm;25;0
25/00019_00023.ppm;25;0
25/00019_00024.ppm;25;0
25/00019_00025.ppm;25;0
25/00019_00026.ppm;25;0
25/00019_00027.ppm;25;0
25/00019_00028.ppm;25;0
25/00019_00029.ppm;25;0
25/00020_00000.ppm;25;0
25/00020_00001.ppm;25;0
25/00020_00002.ppm;25;0
25/00020_00003.ppm;25;0
25/00020_00004.ppm;25;0
25/00020_00005.ppm;25;0
25/00020_00006.ppm;25;0
25/00020_00007.ppm;25;0
25/00020_00008.ppm;25;0
25/00020_00009.ppm;25;0
25/00020_00010.ppm;25;0
25/00020_00011.ppm;25;0
25/00020_00012.ppm;25;0
25/00020_00013.ppm;25;0
25/00020_00014.ppm;25;0
25/00020_00015.ppm;25;0
25/00020_00016.ppm;25;0
25/00020_00017.ppm;25;0
25/00020_00018.ppm;25;0
25/00020_00019.ppm;25;0
25/00020_00020.ppm;25;0
25/00020_00021.ppm;25;0
25/00020_00022.ppm;25;0
25/00020_00023.ppm;25;0
25/00020_00024.ppm;25;0
25/00020_00025.ppm;25;0
25/00020_00026.ppm;25;0
25/00020_00027.ppm;25;0
25/00020_00028.ppm;25;0
25/00020_00029.ppm;25;0
25/00021_00000.ppm;25;0
25/00021_00001.ppm;25;0
25/00021_00002.ppm;25;0
25/00021_00003.ppm;25;0
25/00021_00004.ppm;25;0
25/00021_00005.ppm;25;0
25/00021_00006.ppm;25;0
25/00021_00007.ppm;25;0
25/00021_00008.ppm;25;0
25/00021_00009.ppm;25;0
25/00021_00010.ppm;25;0
25/00021_00011.ppm;25;0
25/00021_00012.ppm;25;0
25/00021_00013.ppm;25;0
25/00021_00014.ppm;25;0
25/00021_00015.ppm;25;0
25/00021_00016.ppm;25;0
25/00021_00017.ppm;25;0
25/00021_00018.ppm;25;0
25/00021_00019.ppm;25;0
25/00021_00020.ppm;25;0
25/00021_00021.ppm;25;0
25/00021_00022.ppm;25;0
25/00021_00023.ppm;25;0
25/00021_00024.ppm;25;0
25/00021_00025.ppm;25;0
25/00021_00026.ppm;25;0
25/00021_00027.ppm;25;0
25/00021_00028.ppm;25;0
25/00021_00029.ppm;25;0
25/00022_00000.ppm;25;0
25/00022_00001.ppm;25;0
25/00022_00002.ppm;25;0
25/00022_00003.ppm;25;0
25/00022_00004.ppm;25;0
25/00022_00005.ppm;25;0
25/00022_00006.ppm;25;0
25/00022_00007.ppm;25;0
25/00022_00008.ppm;25;0
25/00022_00009.ppm;25;0
25/00022_00010.ppm;25;0
25/00022_00011.ppm;25;0
25/00022_00012.ppm;25;0
25/00022_00013.ppm;25;0
25/00022_00014.ppm;25;0
25/00022_00015.ppm;25;0
25/00022_00016.ppm;25;0
25/00022_00017.ppm;25;0
25/00022_00018.ppm;25;0
25/00022_00019.ppm;25;0
25/00022_00020.ppm;25;0
25/00022_00021.ppm;25;0
25/00022_00022.ppm;25;0
25/00022_00023.ppm;25;0
25/00022_00024.ppm;25;0
25/00022_00025.ppm;25;0
25/00022_00026.ppm;25;0
25/00022_00027.ppm;25;0
25/00022_00028.ppm;25;0
25/00022_00029.ppm;25;0
25/00023_00000.ppm;25;0
25/00023_00001.ppm;25;0
25/00023_00002.ppm;25;0
25/00023_00003.ppm;25;0
25/00023_00004.ppm;25;0
25/00023_00005.ppm;25;0
25/00023_00006.ppm;25;0
25/00023_00007.ppm;25;0
25/00023_00008.ppm;25;0
25/00023_00009.ppm;25;0
25/00023_00010.ppm;25;0
25/00023_00011.ppm;25;0
25/00023_00012.ppm;25;0
25/00023_00013.ppm;25;0
25/00023_00014.ppm;25;0
25/00023_00015.ppm;25;0
25/00023_00016.ppm;25;0
25/00023_00017.ppm;25;0
25/00023_00018.ppm;25;0
25/00023_00019.ppm;25;0
25/00023_00020.ppm;25;0
25/00023_00021.ppm;25;0
25/00023_00022.ppm;25;0
25/00023_00023.ppm;25;0
25/00023_00024.ppm;25;0
25/00023_00025.ppm;25;0
25/00023_00026.ppm;25;0
25/00023_00027.ppm;25;0
25/00023_00028.ppm;25;0
25/00023_00029.ppm;25;0
25/00024_00000.ppm;25;0
25/00024_00001.ppm;25;0
25/00024_00002.ppm;25;0
25/00024_00003.ppm;25;0
25/00024_00004.ppm;25;0
25/00024_00005.ppm;25;0
25/00024_00006.ppm;25;0
25/00024_00007.ppm;25;0
25/00024_00008.ppm;25;0
25/00024_00009.ppm;25;0
25/00024_00010.ppm;25;0
25/00024_00011.ppm;25;0
25/00024_00012.ppm;25;0
25/00024_00013.ppm;25;0
25/00024_00014.ppm;25;0
25/00024_00015.ppm;25;0
25/00024_00016.ppm;25;0
25/00024_00017.ppm;25;0
25/00024_00018.ppm;25;0
25/00024_00019.ppm;25;0
25/00024_00020.ppm;25;0
25/00024_00021.ppm;25;0
25/00024_00022.ppm;25;0
25/00024_00023.ppm;25;0
25/00024_00024.ppm;25;0
25/00024_00025.ppm;25;0
25/00024_00026.ppm;25;0
25/00024_00027.ppm;25;0
25/00024_00028.ppm;25;0
25/00024_00029.ppm;25;0
25/00025_00000.ppm;25;0
25/00025_00001.ppm;25;0
25/00025_00002.ppm;25;0
25/00025_00003.ppm;25;0
25/00025_00004.ppm;25;0
25/00025_00005.ppm;25;0
25/00025_00006.ppm;25;0
25/00025_00007.ppm;25;0
25/00025_00008.ppm;25;0
25/00025_00009.ppm;25;0
25/00025_00010.ppm;25;0
25/00025_00011.ppm;25;0
25/00025_00012.ppm;25;0
25/00025_00013.ppm;25;0
25/00025_00014.ppm;25;0
25/00025_00015.ppm;25;0
25/00025_00016.ppm;25;0
25/00025_00017.ppm;25;0
25/00025_00018.ppm;25;0
25/00025_00019.ppm;25;0
25/00025_00020.ppm;25;0
25/00025_00021.ppm;25;0
25/00025_00022.ppm;25;0
25/00025_00023.ppm;25;0
25/00025_00024.ppm;25;0
25/00025_00025.ppm;25;0
25/00025_00026.ppm;25;0
25/00025_00027.ppm;25;0
25/00025_00028.ppm;25;0
25/00025_00029.ppm;25;0
25/00026_00000.ppm;25;0
25/00026_00001.ppm;25;0
25/00026_00002.ppm;25;0
25/00026_00003.ppm;25;0
25/00026_00004.ppm;25;0
25/00026_00005.ppm;25;0
25/00026_00006.ppm;25;0
25/00026_00007.ppm;25;0
25/00026_00008.ppm;25;0
25/00026_00009.ppm;25;0
25/00026_00010.ppm;25;0
25/00026_00011.ppm;25;0
25/00026_00012.ppm;25;0
25/00026_00013.ppm;25;0
25/00026_00014.ppm;25;0
25/00026_00015.ppm;25;0
25/00026_00016.ppm;25;0
25/00026_00017.ppm;25;0
25/00026_00018.ppm;25;0
25/00026_00019.ppm;25;0
25/00026_00020.ppm;25;0
25/00026_00021.ppm;25;0
25/00026_00022.ppm;25;0
25/00026_00023.ppm;25;0
25/00026_00024.ppm;25;0
25/00026_00025.ppm;25;0
25/00026_00026.ppm;25;0
25/00026_00027.ppm;25;0
25/00026_00028.ppm;25;0
25/00026_00029.ppm;25;0
25/00027_00000.ppm;25;0
25/00027_00001.ppm;25;0
25/00027_00002.ppm;25;0
25/00027_00003.ppm;25;0
25/00027_00004.ppm;25;0
25/00027_00005.ppm;25;0
25/00027_00006.ppm;25;0
25/00027_00007.ppm;25;0
25/00027_00008.ppm;25;0
25/00027_00009.ppm;25;0
25/00027_00010.ppm;25;0
25/00027_00011.ppm;25;0
25/00027_00012.ppm;25;0
25/00027_00013.ppm;25;0
25/00027_00014.ppm;25;0
25/00027_00015.ppm;25;0
25/00027_00016.ppm;25;0
25/00027_00017.ppm;25;0
25/00027_00018.ppm;25;0
25/00027_00019.ppm;25;0
25/00027_00020.ppm;25;0
25/00027_00021.ppm;25;0
25/00027_00022.ppm;25;0
25/00027_00023.ppm;25;0
25/00027_00024.ppm;25;0
25/00027_00025.ppm;25;0
25/00027_00026.ppm;25;0
25/00027_00027.ppm;25;0
25/00027_00028.ppm;25;0
25/00027_00029.ppm;25;0
25/00028_00000.ppm;25;0
25/00028_00001.ppm;25;0
25/00028_00002.ppm;25;0
25/00028_00003.ppm;25;0
25/00028_00004.ppm;25;0
25/00028_00005.ppm;25;0
25/00028_00006.ppm;25;0
25/00028_00007.ppm;25;0
25/00028_00008.ppm;25;0
25/00028_00009.ppm;25;0
25/00028_00010.ppm;25;0
25/00028_00011.ppm;25;0
25/00028_00012.ppm;25;0
25/00028_00013.ppm;25;0
25/00028_00014.ppm;25;0
25/00028_00015.ppm;25;0
25/00028_00016.ppm;25;0
25/00028_00017.ppm;25;0
25/00028_00018.ppm;25;0
25/00028_00019.ppm;25;0
25/00028_00020.ppm;25;0
25/00028_00021.ppm;25;0
25/00028_00022.ppm;25;0
25/00028_00023.ppm;25;0
25/00028_00024.ppm;25;0
25/00028_00025.ppm;25;0
25/00028_00026.ppm;25;0
25/00028_00027.ppm;25;0
25/00028_00028.ppm;25;0
25/00028_00029.ppm;25;0
25/00029_00000.ppm;25;0
25/00029_00001.ppm;25;0
25/00029_00002.ppm;25;0
25/00029_00003.ppm;25;0
25/00029_00004.ppm;25;0
25/00029_00005.ppm;25;0
25/00029_00006.ppm;25;0
25/00029_00007.ppm;25;0
25/00029_00008.ppm;25;0
25/00029_00009.ppm;25;0
25/00029_00010.ppm;25;0
25/00029_00011.ppm;25;0
25/00029_00012.ppm;25;0
25/00029_00013.ppm;25;0
25/00029_00014.ppm;25;0
25/00029_00015.ppm;25;0
25/00029_00016.ppm;25;0
25/00029_00017.ppm;25;0
25/00029_00018.ppm;25;0
25/00029_00019.ppm;25;0
25/00029_00020.ppm;25;0
25/00029_00021.ppm;25;0
25/00029_00022.ppm;25;0
25/00029_00023.ppm;25;0
25/00029_00024.ppm;25;0
25/00029_00025.ppm;25;0
25/00029_00026.ppm;25;0
25/00029_00027.ppm;25;0
25/00029_00028.ppm;25;0
25/00029_00029.ppm;25;0
25/00030_00000.ppm;25;0
25/00030_00001.ppm;25;0
25/00030_00002.ppm;25;0
25/00030_00003.ppm;25;0
25/00030_00004.ppm;25;0
25/00030_00005.ppm;25;0
25/00030_00006.ppm;25;0
25/00030_00007.ppm;25;0
25/00030_00008.ppm;25;0
25/00030_00009.ppm;25;0
25/00030_00010.ppm;25;0
25/00030_00011.ppm;25;0
25/00030_00012.ppm;25;0
25/00030_00013.ppm;25;0
25/00030_00014.ppm;25;0
25/00030_00015.ppm;25;0
25/00030_00016.ppm;25;0
25/00030_00017.ppm;25;0
25/00030_00018.ppm;25;0
25/00030_00019.ppm;25;0
25/00030_00020.ppm;25;0
25/00030_00021.ppm;25;0
25/00030_00022.ppm;25;0
25/00030_00023.ppm;25;0
25/00030_00024.ppm;25;0
25/00030_00025.ppm;25;0
25/00030_00026.ppm;25;0
25/00030_00027.ppm;25;0
25/00030_00028.ppm;25;0
25/00030_00029.ppm;25;0
25/00031_00000.ppm;25;0
25/00031_00001.ppm;25;0
25/00031_00002.ppm;25;0
25/00031_00003.ppm;25;0
25/00031_00004.ppm;25;0
25/00031_00005.ppm;25;0
25/00031_00006.ppm;25;0
25/00031_00007.ppm;25;0
25/00031_00008.ppm;25;0
25/00031_00009.ppm;25;0
25/00031_00010.ppm;25;0
25/00031_00011.ppm;25;0
25/00031_00012.ppm;25;0
25/00031_00013.ppm;25;0
25/00031_00014.ppm;25;0
25/00031_00015.ppm;25;0
25/00031_00016.ppm;25;0
25/00031_00017.ppm;25;0
25/00031_00018.ppm;25;0
25/00031_00019.ppm;25;0
25/00031_00020.ppm;25;0
25/00031_00021.ppm;25;0
25/00031_00022.ppm;25;0
25/00031_00023.ppm;25;0
25/00031_00024.ppm;25;0
25/00031_00025.ppm;25;0
25/00031_00026.ppm;25;0
25/00031_00027.ppm;25;0
25/00031_00028.ppm;25;0
25/00031_00029.ppm;25;0
25/00032_00000.ppm;25;0
25/00032_00001.ppm;25;0
25/00032_00002.ppm;25;0
25/00032_00003.ppm;25;0
25/00032_00004.ppm;25;0
25/00032_00005.ppm;25;0
25/00032_00006.ppm;25;0
25/00032_00007.ppm;25;0
25/00032_00008.ppm;25;0
25/00032_00009.ppm;25;0
25/00032_00010.ppm;25;0
25/00032_00011.ppm;25;0
25/00032_00012.ppm;25;0
25/00032_00013.ppm;25;0
25/00032_00014.ppm;25;0
25/00032_00015.ppm;25;0
25/00032_00016.ppm;25;0
25/00032_00017.ppm;25;0
25/00032_00018.ppm;25;0
25/00032_00019.ppm;25;0
25/00032_00020.ppm;25;0
25/00032_00021.ppm;25;0
25/00032_00022.ppm;25;0
25/00032_00023.ppm;25;0
25/00032_00024.ppm;25;0
25/00032_00025.ppm;25;0
25/00032_00026.ppm;25;0
25/00032_00027.ppm;25;0
25/00032_00028.ppm;25;0
25/00032_00029.ppm;25;0
25/00033_00000.ppm;25;0
25/00033_00001.ppm;25;0
25/00033_00002.ppm;25;0
25/00033_00003.ppm;25;0
25/00033_00004.ppm;25;0
25/00033_00005.ppm;25;0
25/00033_00006.ppm;25;0
25/00033_00007.ppm;25;0
25/00033_00008.ppm;25;0
25/00033_00009.ppm;25;0
25/00033_00010.ppm;25;0
25/00033_00011.ppm;25;0
25/00033_00012.ppm;25;0
25/00033_00013.ppm;25;0
25/00033_00014.ppm;25;0
25/00033_00015.ppm;25;0
25/00033_00016.ppm;25;0
25/00033_00017.ppm;25;0
25/00033_00018.ppm;25;0
25/00033_00019.ppm;25;0
25/00033_00020.ppm;25;0
25/00033_00021.ppm;25;0
25/00033_00022.ppm;25;0
25/00033_00023.ppm;25;0
25/00033_00024.ppm;25;0
25/00033_00025.ppm;25;0
25/00033_00026.ppm;25;0
25/00033_00027.ppm;25;0
25/00033_00028.ppm;25;0
25/00033_00029.ppm;25;0
26/00000_00000.ppm;26;0
26/00000_00001.ppm;26;0
26/00000_00002.ppm;26;0
26/00000_00003.ppm;26;0
26/00000_00004.ppm;26;0
26/00000_00005.ppm;26;0
26/00000_00006.ppm;26;0
26/00000_00007.ppm;26;0
26/00000_00008.ppm;26;0
26/00000_00009.ppm;26;0
26/00000_00010.ppm;26;0
26/00000_00011.ppm;26;0
26/00000_00012.ppm;26;0
26/00000_00013.ppm;26;0
26/00000_00014.ppm;26;0
26/00000_00015.ppm;26;0
26/00000_00016.ppm;26;0
26/00000_00017.ppm;26;0
26/00000_00018.ppm;26;0
26/00000_00019.ppm;26;0
26/00000_00020.ppm;26;0
26/00000_00021.ppm;26;0
26/00000_00022.ppm;26;0
26/00000_00023.ppm;26;0
26/00000_00024.ppm;26;0
26/00000_00025.ppm;26;0
26/00000_00026.ppm;26;0
26/00000_00027.ppm;26;0
26/00000_00028.ppm;26;0
26/00000_00029.ppm;26;0
26/00001_00000.ppm;26;0
26/00001_00001.ppm;26;0
26/00001_00002.ppm;26;0
26/00001_00003.ppm;26;0
26/00001_00004.ppm;26;0
26/00001_00005.ppm;26;0
26/00001_00006.ppm;26;0
26/00001_00007.ppm;26;0
26/00001_00008.ppm;26;0
26/00001_00009.ppm;26;0
26/00001_00010.ppm;26;0
26/00001_00011.ppm;26;0
26/00001_00012.ppm;26;0
26/00001_00013.ppm;26;0
26/00001_00014.ppm;26;0
26/00001_00015.ppm;26;0
26/00001_00016.ppm;26;0
26/00001_00017.ppm;26;0
26/00001_00018.ppm;26;0
26/00001_00019.ppm;26;0
26/00001_00020.ppm;26;0
26/00001_00021.ppm;26;0
26/00001_00022.ppm;26;0
26/00001_00023.ppm;26;0
26/00001_00024.ppm;26;0
26/00001_00025.ppm;26;0
26/00001_00026.ppm;26;0
26/00001_00027.ppm;26;0
26/00001_00028.ppm;26;0
26/00001_00029.ppm;26;0
26/00002_00000.ppm;26;0
26/00002_00001.ppm;26;0
26/00002_00002.ppm;26;0
26/00002_00003.ppm;26;0
26/00002_00004.ppm;26;0
26/00002_00005.ppm;26;0
26/00002_00006.ppm;26;0
26/00002_00007.ppm;26;0
26/00002_00008.ppm;26;0
26/00002_00009.ppm;26;0
26/00002_00010.ppm;26;0
26/00002_00011.ppm;26;0
26/00002_00012.ppm;26;0
26/00002_00013.ppm;26;0
26/00002_00014.ppm;26;0
26/00002_00015.ppm;26;0
26/00002_00016.ppm;26;0
26/00002_00017.ppm;26;0
26/00002_00018.ppm;26;0
26/00002_00019.ppm;26;0
26/00002_00020.ppm;26;0
26/00002_00021.ppm;26;0
26/00002_00022.ppm;26;0
26/00002_00023.ppm;26;0
26/00002_00024.ppm;26;0
26/00002_00025.ppm;26;0
26/00002_00026.ppm;26;0
26/00002_00027.ppm;26;0
26/00002_00028.ppm;26;0
26/00002_00029.ppm;26;0
26/00003_00000.ppm;26;0
26/00003_00001.ppm;26;0
26/00003_00002.ppm;26;0
26/00003_00003.ppm;26;0
26/00003_00004.ppm;26;0
26/00003_00005.ppm;26;0
26/00003_00006.ppm;26;0
26/00003_00007.ppm;26;0
26/00003_00008.ppm;26;0
26/00003_00009.ppm;26;0
26/00003_00010.ppm;26;0
26/00003_00011.ppm;26;0
26/00003_00012.ppm;26;0
26/00003_00013.ppm;26;0
26/00003_00014.ppm;26;0
26/00003_00015.ppm;26;0
26/00003_00016.ppm;26;0
26/00003_00017.ppm;26;0
26/00003_00018.ppm;26;0
26/00003_00019.ppm;26;0
26/00003_00020.ppm;26;0
26/00003_00021.ppm;26;0
26/00003_00022.ppm;26;0
26/00003_00023.ppm;26;0
26/00003_00024.ppm;26;0
26/00003_00025.ppm;26;0
26/00003_00026.ppm;26;0
26/00003_00027.ppm;26;0
26/00003_00028.ppm;26;0
26/00003_00029.ppm;26;0
26/00004_00000.ppm;26;0
26/00004_00001.ppm;26;0
26/00004_00002.ppm;26;0
26/00004_00003.ppm;26;0
26/00004_00004.ppm;26;0
26/00004_00005.ppm;26;0
26/00004_00006.ppm;26;0
26/00004_00007.ppm;26;0
26/00004_00008.ppm;26;0
26/00004_00009.ppm;26;0
26/00004_00010.ppm;26;0
26/00004_00011.ppm;26;0
26/00004_00012.ppm;26;0
26/00004_00013.ppm;26;0
26/00004_00014.ppm;26;0
26/00004_00015.ppm;26;0
26/00004_00016.ppm;26;0
26/00004_00017.ppm;26;0
26/00004_00018.ppm;26;0
26/00004_00019.ppm;26;0
26/00004_00020.ppm;26;0
26/00004_00021.ppm;26;0
26/00004_00022.ppm;26;0
26/00004_00023.ppm;26;0
26/00004_00024.ppm;26;0
26/00004_00025.ppm;26;0
26/00004_00026.ppm;26;0
26/00004_00027.ppm;26;0
26/00004_00028.ppm;26;0
26/00004_00029.ppm;26;0
26/00005_00000.ppm;26;0
26/00005_00001.ppm;26;0
26/00005_00002.ppm;26;0
26/00005_00003.ppm;26;0
26/00005_00004.ppm;26;0
26/00005_00005.ppm;26;0
26/00005_00006.ppm;26;0
26/00005_00007.ppm;26;0
26/00005_00008.ppm;26;0
26/00005_00009.ppm;26;0
26/00005_00010.ppm;26;0
26/00005_00011.ppm;26;0
26/00005_00012.ppm;26;0
26/00005_00013.ppm;26;0
26/00005_00014.ppm;26;0
26/00005_00015.ppm;26;0
26/00005_00016.ppm;26;0
26/00005_00017.ppm;26;0
26/00005_00018.ppm;26;0
26/00005_00019.ppm;26;0
26/00005_00020.ppm;26;0
26/00005_00021.ppm;26;0
26/00005_00022.ppm;26;0
26/00005_00023.ppm;26;0
26/00005_00024.ppm;26;0
26/00005_00025.ppm;26;0
26/00005_00026.ppm;26;0
26/00005_00027.ppm;26;0
26/00005_00028.ppm;26;0
26/00005_00029.ppm;26;0
26/00006_00000.ppm;26;0
26/00006_00001.ppm;26;0
26/00006_00002.ppm;26;0
26/00006_00003.ppm;26;0
26/00006_00004.ppm;26;0
26/00006_00005.ppm;26;0
26/00006_00006.ppm;26;0
26/00006_00007.ppm;26;0
26/00006_00008.ppm;26;0
26/00006_00009.ppm;26;0
26/00006_00010.ppm;26;0
26/00006_00011.ppm;26;0
26/00006_00012.ppm;26;0
26/00006_00013.ppm;26;0
26/00006_00014.ppm;26;0
26/00006_00015.ppm;26;0
26/00006_00016.ppm;26;0
26/00006_00017.ppm;26;0
26/00006_00018.ppm;26;0
26/00006_00019.ppm;26;0
26/00006_00020.ppm;26;0
26/00006_00021.ppm;26;0
26/00006_00022.ppm;26;0
26/00006_00023.ppm;26;0
26/00006_00024.ppm;26;0
26/00006_00025.ppm;26;0
26/00006_00026.ppm;26;0
26/00006_00027.ppm;26;0
26/00006_00028.ppm;26;0
26/00006_00029.ppm;26;0
26/00007_00000.ppm;26;0
26/00007_00001.ppm;26;0
26/00007_00002.ppm;26;0
26/00007_00003.ppm;26;0
26/00007_00004.ppm;26;0
26/00007_00005.ppm;26;0
26/00007_00006.ppm;26;0
26/00007_00007.ppm;26;0
26/00007_00008.ppm;26;0
26/00007_00009.ppm;26;0
26/00007_00010.ppm;26;0
26/00007_00011.ppm;26;0
26/00007_00012.ppm;26;0
26/00007_00013.ppm;26;0
26/00007_00014.ppm;26;0
26/00007_00015.ppm;26;0
26/00007_00016.ppm;26;0
26/00007_00017.ppm;26;0
26/00007_00018.ppm;26;0
26/00007_00019.ppm;26;0
26/00007_00020.ppm;26;0
26/00007_00021.ppm;26;0
26/00007_00022.ppm;26;0
26/00007_00023.ppm;26;0
26/00007_00024.ppm;26;0
26/00007_00025.ppm;26;0
26/00007_00026.ppm;26;0
26/00007_00027.ppm;26;0
26/00007_00028.ppm;26;0
26/00007_00029.ppm;26;0
26/00008_00000.ppm;26;0
26/00008_00001.ppm;26;0
26/00008_00002.ppm;26;0
26/00008_00003.ppm;26;0
26/00008_00004.ppm;26;0
26/00008_00005.ppm;26;0
26/00008_00006.ppm;26;0
26/00008_00007.ppm;26;0
26/00008_00008.ppm;26;0
26/00008_00009.ppm;26;0
26/00008_00010.ppm;26;0
26/00008_00011.ppm;26;0
26/00008_00012.ppm;26;0
26/00008_00013.ppm;26;0
26/00008_00014.ppm;26;0
26/00008_00015.ppm;26;0
26/00008_00016.ppm;26;0
26/00008_00017.ppm;26;0
26/00008_00018.ppm;26;0
26/00008_00019.ppm;26;0
26/00008_00020.ppm;26;0
26/00008_00021.ppm;26;0
26/00008_00022.ppm;26;0
26/00008_00023.ppm;26;0
26/00008_00024.ppm;26;0
26/00008_00025.ppm;26;0
26/00008_00026.ppm;26;0
26/00008_00027.ppm;26;0
26/00008_00028.ppm;26;0
26/00008_00029.ppm;26;0
26/00009_00000.ppm;26;0
26/00009_00001.ppm;26;0
26/00009_00002.ppm;26;0
26/00009_00003.ppm;26;0
26/00009_00004.ppm;26;0
26/00009_00005.ppm;26;0
26/00009_00006.ppm;26;0
26/00009_00007.ppm;26;0
26/00009_00008.ppm;26;0
26/00009_00009.ppm;26;0
26/00009_00010.ppm;26;0
26/00009_00011.ppm;26;0
26/00009_00012.ppm;26;0
26/00009_00013.ppm;26;0
26/00009_00014.ppm;26;0
26/00009_00015.ppm;26;0
26/00009_00016.ppm;26;0
26/00009_00017.ppm;26;0
26/00009_00018.ppm;26;0
26/00009_00019.ppm;26;0
26/00009_00020.ppm;26;0
26/00009_00021.ppm;26;0
26/00009_00022.ppm;26;0
26/00009_00023.ppm;26;0
26/00009_00024.ppm;26;0
26/00009_00025.ppm;26;0
26/00009_00026.ppm;26;0
26/00009_00027.ppm;26;0
26/00009_00028.ppm;26;0
26/00009_00029.ppm;26;0
26/00010_00000.ppm;26;0
26/00010_00001.ppm;26;0
26/00010_00002.ppm;26;0
26/00010_00003.ppm;26;0
26/00010_00004.ppm;26;0
26/00010_00005.ppm;26;0
26/00010_00006.ppm;26;0
26/00010_00007.ppm;26;0
26/00010_00008.ppm;26;0
26/00010_00009.ppm;26;0
26/00010_00010.ppm;26;0
26/00010_00011.ppm;26;0
26/00010_00012.ppm;26;0
26/00010_00013.ppm;26;0
26/00010_00014.ppm;26;0
26/00010_00015.ppm;26;0
26/00010_00016.ppm;26;0
26/00010_00017.ppm;26;0
26/00010_00018.ppm;26;0
26/00010_00019.ppm;26;0
26/00010_00020.ppm;26;0
26/00010_00021.ppm;26;0
26/00010_00022.ppm;26;0
26/00010_00023.ppm;26;0
26/00010_00024.ppm;26;0
26/00010_00025.ppm;26;0
26/00010_00026.ppm;26;0
26/00010_00027.ppm;26;0
26/00010_00028.ppm;26;0
26/00010_00029.ppm;26;0
26/00011_00000.ppm;26;0
26/00011_00001.ppm;26;0
26/00011_00002.ppm;26;0
26/00011_00003.ppm;26;0
26/00011_00004.ppm;26;0
26/00011_00005.ppm;26;0
26/00011_00006.ppm;26;0
26/00011_00007.ppm;26;0
26/00011_00008.ppm;26;0
26/00011_00009.ppm;26;0
26/00011_00010.ppm;26;0
26/00011_00011.ppm;26;0
26/00011_00012.ppm;26;0
26/00011_00013.ppm;26;0
26/00011_00014.ppm;26;0
26/00011_00015.ppm;26;0
26/00011_00016.ppm;26;0
26/00011_00017.ppm;26;0
26/00011_00018.ppm;26;0
26/00011_00019.ppm;26;0
26/00011_00020.ppm;26;0
26/00011_00021.ppm;26;0
26/00011_00022.ppm;26;0
26/00011_00023.ppm;26;0
26/00011_00024.ppm;26;0
26/00011_00025.ppm;26;0
26/00011_00026.ppm;26;0
26/00011_00027.ppm;26;0
26/00011_00028.ppm;26;0
26/00011_00029.ppm;26;0
26/00012_00000.ppm;26;0
26/00012_00001.ppm;26;0
26/00012_00002.ppm;26;0
26/00012_00003.ppm;26;0
26/00012_00004.ppm;26;0
26/00012_00005.ppm;26;0
26/00012_00006.ppm;26;0
26/00012_00007.ppm;26;0
26/00012_00008.ppm;26;0
26/00012_00009.ppm;26;0
26/00012_00010.ppm;26;0
26/00012_00011.ppm;26;0
26/00012_00012.ppm;26;0
26/00012_00013.ppm;26;0
26/00012_00014.ppm;26;0
26/00012_00015.ppm;26;0
26/00012_00016.ppm;26;0
26/00012_00017.ppm;26;0
26/00012_00018.ppm;26;0
26/00012_00019.ppm;26;0
26/00012_00020.ppm;26;0
26/00012_00021.ppm;26;0
26/00012_00022.ppm;26;0
26/00012_00023.ppm;26;0
26/00012_00024.ppm;26;0
26/00012_00025.ppm;26;0
26/00012_00026.ppm;26;0
26/00012_00027.ppm;26;0
26/00012_00028.ppm;26;0
26/00012_00029.ppm;26;0
26/00013_00000.ppm;26;0
26/00013_00001.ppm;26;0
26/00013_00002.ppm;26;0
26/00013_00003.ppm;26;0
26/00013_00004.ppm;26;0
26/00013_00005.ppm;26;0
26/00013_00006.ppm;26;0
26/00013_00007.ppm;26;0
26/00013_00008.ppm;26;0
26/00013_00009.ppm;26;0
26/00013_00010.ppm;26;0
26/00013_00011.ppm;26;0
26/00013_00012.ppm;26;0
26/00013_00013.ppm;26;0
26/00013_00014.ppm;26;0
26/00013_00015.ppm;26;0
26/00013_00016.ppm;26;0
26/00013_00017.ppm;26;0
26/00013_00018.ppm;26;0
26/00013_00019.ppm;26;0
26/00013_00020.ppm;26;0
26/00013_00021.ppm;26;0
26/00013_00022.ppm;26;0
26/00013_00023.ppm;26;0
26/00013_00024.ppm;26;0
26/00013_00025.ppm;26;0
26/00013_00026.ppm;26;0
26/00013_00027.ppm;26;0
26/00013_00028.ppm;26;0
26/00013_00029.ppm;26;0
27/00000_00000.ppm;27;0
27/00000_00001.ppm;27;0
27/00000_00002.ppm;27;0
27/00000_00003.ppm;27;0
27/00000_00004.ppm;27;0
27/00000_00005.ppm;27;0
27/00000_00006.ppm;27;0
27/00000_00007.ppm;27;0
27/00000_00008.ppm;27;0
27/00000_00009.ppm;27;0
27/00000_00010.ppm;27;0
27/00000_00011.ppm;27;0
27/00000_00012.ppm;27;0
27/00000_00013.ppm;27;0
27/00000_00014.ppm;27;0
27/00000_00015.ppm;27;0
27/00000_00016.ppm;27;0
27/00000_00017.ppm;27;0
27/00000_00018.ppm;27;0
27/00000_00019.ppm;27;0
27/00000_00020.ppm;27;0
27/00000_00021.ppm;27;0
27/00000_00022.ppm;27;0
27/00000_00023.ppm;27;0
27/00000_00024.ppm;27;0
27/00000_00025.ppm;27;0
27/00000_00026.ppm;27;0
27/00000_00027.ppm;27;0
27/00000_00028.ppm;27;0
27/00000_00029.ppm;27;0
27/00001_00000.ppm;27;0
27/00001_00001.ppm;27;0
27/00001_00002.ppm;27;0
27/00001_00003.ppm;27;0
27/00001_00004.ppm;27;0
27/00001_00005.ppm;27;0
27/00001_00006.ppm;27;0
27/00001_00007.ppm;27;0
27/00001_00008.ppm;27;0
27/00001_00009.ppm;27;0
27/00001_00010.ppm;27;0
27/00001_00011.ppm;27;0
27/00001_00012.ppm;27;0
27/00001_00013.ppm;27;0
27/00001_00014.ppm;27;0
27/00001_00015.ppm;27;0
27/00001_00016.ppm;27;0
27/00001_00017.ppm;27;0
27/00001_00018.ppm;27;0
27/00001_00019.ppm;27;0
27/00001_00020.ppm;27;0
27/00001_00021.ppm;27;0
27/00001_00022.ppm;27;0
27/00001_00023.ppm;27;0
27/00001_00024.ppm;27;0
27/00001_00025.ppm;27;0
27/00001_00026.ppm;27;0
27/00001_00027.ppm;27;0
27/00001_00028.ppm;27;0
27/00001_00029.ppm;27;0
27/00002_00000.ppm;27;0
27/00002_00001.ppm;27;0
27/00002_00002.ppm;27;0
27/00002_00003.ppm;27;0
27/00002_00004.ppm;27;0
27/00002_00005.ppm;27;0
27/00002_00006.ppm;27;0
27/00002_00007.ppm;27;0
27/00002_00008.ppm;27;0
27/00002_00009.ppm;27;0
27/00002_00010.ppm;27;0
27/00002_00011.ppm;27;0
27/00002_00012.ppm;27;0
27/00002_00013.ppm;27;0
27/00002_00014.ppm;27;0
27/00002_00015.ppm;27;0
27/00002_00016.ppm;27;0
27/00002_00017.ppm;27;0
27/00002_00018.ppm;27;0
27/00002_00019.ppm;27;0
27/00002_00020.ppm;27;0
27/00002_00021.ppm;27;0
27/00002_00022.ppm;27;0
27/00002_00023.ppm;27;0
27/00002_00024.ppm;27;0
27/00002_00025.ppm;27;0
27/00002_00026.ppm;27;0
27/00002_00027.ppm;27;0
27/00002_00028.ppm;27;0
27/00002_00029.ppm;27;0
27/00003_00000.ppm;27;0
27/00003_00001.ppm;27;0
27/00003_00002.ppm;27;0
27/00003_00003.ppm;27;0
27/00003_00004.ppm;27;0
27/00003_00005.ppm;27;0
27/00003_00006.ppm;27;0
27/00003_00007.ppm;27;0
27/00003_00008.ppm;27;0
27/00003_00009.ppm;27;0
27/00003_00010.ppm;27;0
27/00003_00011.ppm;27;0
27/00003_00012.ppm;27;0
27/00003_00013.ppm;27;0
27/00003_00014.ppm;27;0
27/00003_00015.ppm;27;0
27/00003_00016.ppm;27;0
27/00003_00017.ppm;27;0
27/00003_00018.ppm;27;0
27/00003_00019.ppm;27;0
27/00003_00020.ppm;27;0
27/00003_00021.ppm;27;0
27/00003_00022.ppm;27;0
27/00003_00023.ppm;27;0
27/00003_00024.ppm;27;0
27/00003_00025.ppm;27;0
27/00003_00026.ppm;27;0
27/00003_00027.ppm;27;0
27/00003_00028.ppm;27;0
27/00003_00029.ppm;27;0
27/00004_00000.ppm;27;0
27/00004_00001.ppm;27;0
27/00004_00002.ppm;27;0
27/00004_00003.ppm;27;0
27/00004_00004.ppm;27;0
27/00004_00005.ppm;27;0
27/00004_00006.ppm;27;0
27/00004_00007.ppm;27;0
27/00004_00008.ppm;27;0
27/00004_00009.ppm;27;0
27/00004_00010.ppm;27;0
27/00004_00011.ppm;27;0
27/00004_00012.ppm;27;0
27/00004_00013.ppm;27;0
27/00004_00014.ppm;27;0
27/00004_00015.ppm;27;0
27/00004_00016.ppm;27;0
27/00004_00017.ppm;27;0
27/00004_00018.ppm;27;0
27/00004_00019.ppm;27;0
27/00004_00020.ppm;27;0
27/00004_00021.ppm;27;0
27/00004_00022.ppm;27;0
27/00004_00023.ppm;27;0
27/00004_00024.ppm;27;0
27/00004_00025.ppm;27;0
27/00004_00026.ppm;27;0
27/00004_00027.ppm;27;0
27/00004_00028.ppm;27;0
27/00004_00029.ppm;27;0
27/00005_00000.ppm;27;0
27/00005_00001.ppm;27;0
27/00005_00002.ppm;27;0
27/00005_00003.ppm;27;0
27/00005_00004.ppm;27;0
27/00005_00005.ppm;27;0
27/00005_00006.ppm;27;0
27/00005_00007.ppm;27;0
27/00005_00008.ppm;27;0
27/00005_00009.ppm;27;0
27/00005_00010.ppm;27;0
27/00005_00011.ppm;27;0
27/00005_00012.ppm;27;0
27/00005_00013.ppm;27;0
27/00005_00014.ppm;27;0
27/00005_00015.ppm;27;0
27/00005_00016.ppm;27;0
27/00005_00017.ppm;27;0
27/00005_00018.ppm;27;0
27/00005_00019.ppm;27;0
27/00005_00020.ppm;27;0
27/00005_00021.ppm;27;0
27/00005_00022.ppm;27;0
27/00005_00023.ppm;27;0
27/00005_00024.ppm;27;0
27/00005_00025.ppm;27;0
27/00005_00026.ppm;27;0
27/00005_00027.ppm;27;0
27/00005_00028.ppm;27;0
27/00005_00029.ppm;27;0
28/00000_00000.ppm;28;0
28/00000_00001.ppm;28;0
28/00000_00002.ppm;28;0
28/00000_00003.ppm;28;0
28/00000_00004.ppm;28;0
28/00000_00005.ppm;28;0
28/00000_00006.ppm;28;0
28/00000_00007.ppm;28;0
28/00000_00008.ppm;28;0
28/00000_00009.ppm;28;0
28/00000_00010.ppm;28;0
28/00000_00011.ppm;28;0
28/00000_00012.ppm;28;0
28/00000_00013.ppm;28;0
28/00000_00014.ppm;28;0
28/00000_00015.ppm;28;0
28/00000_00016.ppm;28;0
28/00000_00017.ppm;28;0
28/00000_00018.ppm;28;0
28/00000_00019.ppm;28;0
28/00000_00020.ppm;28;0
28/00000_00021.ppm;28;0
28/00000_00022.ppm;28;0
28/00000_00023.ppm;28;0
28/00000_00024.ppm;28;0
28/00000_00025.ppm;28;0
28/00000_00026.ppm;28;0
28/00000_00027.ppm;28;0
28/00000_00028.ppm;28;0
28/00000_00029.ppm;28;0
28/00001_00000.ppm;28;0
28/00001_00001.ppm;28;0
28/00001_00002.ppm;28;0
28/00001_00003.ppm;28;0
28/00001_00004.ppm;28;0
28/00001_00005.ppm;28;0
28/00001_00006.ppm;28;0
28/00001_00007.ppm;28;0
28/00001_00008.ppm;28;0
28/00001_00009.ppm;28;0
28/00001_00010.ppm;28;0
28/00001_00011.ppm;28;0
28/00001_00012.ppm;28;0
28/00001_00013.ppm;28;0
28/00001_00014.ppm;28;0
28/00001_00015.ppm;28;0
28/00001_00016.ppm;28;0
28/00001_00017.ppm;28;0
28/00001_00018.ppm;28;0
28/00001_00019.ppm;28;0
28/00001_00020.ppm;28;0
28/00001_00021.ppm;28;0
28/00001_00022.ppm;28;0
28/00001_00023.ppm;28;0
28/00001_00024.ppm;28;0
28/00001_00025.ppm;28;0
28/00001_00026.ppm;28;0
28/00001_00027.ppm;28;0
28/00001_00028.ppm;28;0
28/00001_00029.ppm;28;0
28/00002_00000.ppm;28;0
28/00002_00001.ppm;28;0
28/00002_00002.ppm;28;0
28/00002_00003.ppm;28;0
28/00002_00004.ppm;28;0
28/00002_00005.ppm;28;0
28/00002_00006.ppm;28;0
28/00002_00007.ppm;28;0
28/00002_00008.ppm;28;0
28/00002_00009.ppm;28;0
28/00002_00010.ppm;28;0
28/00002_00011.ppm;28;0
28/00002_00012.ppm;28;0
28/00002_00013.ppm;28;0
28/00002_00014.ppm;28;0
28/00002_00015.ppm;28;0
28/00002_00016.ppm;28;0
28/00002_00017.ppm;28;0
28/00002_00018.ppm;28;0
28/00002_00019.ppm;28;0
28/00002_00020.ppm;28;0
28/00002_00021.ppm;28;0
28/00002_00022.ppm;28;0
28/00002_00023.ppm;28;0
28/00002_00024.ppm;28;0
28/00002_00025.ppm;28;0
28/00002_00026.ppm;28;0
28/00002_00027.ppm;28;0
28/00002_00028.ppm;28;0
28/00002_00029.ppm;28;0
28/00003_00000.ppm;28;0
28/00003_00001.ppm;28;0
28/00003_00002.ppm;28;0
28/00003_00003.ppm;28;0
28/00003_00004.ppm;28;0
28/00003_00005.ppm;28;0
28/00003_00006.ppm;28;0
28/00003_00007.ppm;28;0
28/00003_00008.ppm;28;0
28/00003_00009.ppm;28;0
28/00003_00010.ppm;28;0
28/00003_00011.ppm;28;0
28/00003_00012.ppm;28;0
28/00003_00013.ppm;28;0
28/00003_00014.ppm;28;0
28/00003_00015.ppm;28;0
28/00003_00016.ppm;28;0
28/00003_00017.ppm;28;0
28/00003_00018.ppm;28;0
28/00003_00019.ppm;28;0
28/00003_00020.ppm;28;0
28/00003_00021.ppm;28;0
28/00003_00022.ppm;28;0
28/00003_00023.ppm;28;0
28/00003_00024.ppm;28;0
28/00003_00025.ppm;28;0
28/00003_00026.ppm;28;0
28/00003_00027.ppm;28;0
28/00003_00028.ppm;28;0
28/00003_00029.ppm;28;0
28/00004_00000.ppm;28;0
28/00004_00001.ppm;28;0
28/00004_00002.ppm;28;0
28/00004_00003.ppm;28;0
28/00004_00004.ppm;28;0
28/00004_00005.ppm;28;0
28/00004_00006.ppm;28;0
28/00004_00007.ppm;28;0
28/00004_00008.ppm;28;0
28/00004_00009.ppm;28;0
28/00004_00010.ppm;28;0
28/00004_00011.ppm;28;0
28/00004_00012.ppm;28;0
28/00004_00013.ppm;28;0
28/00004_00014.ppm;28;0
28/00004_00015.ppm;28;0
28/00004_00016.ppm;28;0
28/00004_00017.ppm;28;0
28/00004_00018.ppm;28;0
28/00004_00019.ppm;28;0
28/00004_00020.ppm;28;0
28/00004_00021.ppm;28;0
28/00004_00022.ppm;28;0
28/00004_00023.ppm;28;0
28/00004_00024.ppm;28;0
28/00004_00025.ppm;28;0
28/00004_00026.ppm;28;0
28/00004_00027.ppm;28;0
28/00004_00028.ppm;28;0
28/00004_00029.ppm;28;0
28/00005_00000.ppm;28;0
28/00005_00001.ppm;28;0
28/00005_00002.ppm;28;0
28/00005_00003.ppm;28;0
28/00005_00004.ppm;28;0
28/00005_00005.ppm;28;0
28/00005_00006.ppm;28;0
28/00005_00007.ppm;28;0
28/00005_00008.ppm;28;0
28/00005_00009.ppm;28;0
28/00005_00010.ppm;28;0
28/00005_00011.ppm;28;0
28/00005_00012.ppm;28;0
28/00005_00013.ppm;28;0
28/00005_00014.ppm;28;0
28/00005_00015.ppm;28;0
28/00005_00016.ppm;28;0
28/00005_00017.ppm;28;0
28/00005_00018.ppm;28;0
28/00005_00019.ppm;28;0
28/00005_00020.ppm;28;0
28/00005_00021.ppm;28;0
28/00005_00022.ppm;28;0
28/00005_00023.ppm;28;0
28/00005_00024.ppm;28;0
28/00005_00025.ppm;28;0
28/00005_00026.ppm;28;0
28/00005_00027.ppm;28;0
28/00005_00028.ppm;28;0
28/00005_00029.ppm;28;0
28/00006_00000.ppm;28;0
28/00006_00001.ppm;28;0
28/00006_00002.ppm;28;0
28/00006_00003.ppm;28;0
28/00006_00004.ppm;28;0
28/00006_00005.ppm;28;0
28/00006_00006.ppm;28;0
28/00006_00007.ppm;28;0
28/00006_00008.ppm;28;0
28/00006_00009.ppm;28;0
28/00006_00010.ppm;28;0
28/00006_00011.ppm;28;0
28/00006_00012.ppm;28;0
28/00006_00013.ppm;28;0
28/00006_00014.ppm;28;0
28/00006_00015.ppm;28;0
28/00006_00016.ppm;28;0
28/00006_00017.ppm;28;0
28/00006_00018.ppm;28;0
28/00006_00019.ppm;28;0
28/00006_00020.ppm;28;0
28/00006_00021.ppm;28;0
28/00006_00022.ppm;28;0
28/00006_00023.ppm;28;0
28/00006_00024.ppm;28;0
28/00006_00025.ppm;28;0
28/00006_00026.ppm;28;0
28/00006_00027.ppm;28;0
28/00006_00028.ppm;28;0
28/00006_00029.ppm;28;0
28/00007_00000.ppm;28;0
28/00007_00001.ppm;28;0
28/00007_00002.ppm;28;0
28/00007_00003.ppm;28;0
28/00007_00004.ppm;28;0
28/00007_00005.ppm;28;0
28/00007_00006.ppm;28;0
28/00007_00007.ppm;28;0
28/00007_00008.ppm;28;0
28/00007_00009.ppm;28;0
28/00007_00010.ppm;28;0
28/00007_00011.ppm;28;0
28/00007_00012.ppm;28;0
28/00007_00013.ppm;28;0
28/00007_00014.ppm;28;0
28/00007_00015.ppm;28;0
28/00007_00016.ppm;28;0
28/00007_00017.ppm;28;0
28/00007_00018.ppm;28;0
28/00007_00019.ppm;28;0
28/00007_00020.ppm;28;0
28/00007_00021.ppm;28;0
28/00007_00022.ppm;28;0
28/00007_00023.ppm;28;0
28/00007_00024.ppm;28;0
28/00007_00025.ppm;28;0
28/00007_00026.ppm;28;0
28/00007_00027.ppm;28;0
28/00007_00028.ppm;28;0
28/00007_00029.ppm;28;0
28/00008_00000.ppm;28;0
28/00008_00001.ppm;28;0
28/00008_00002.ppm;28;0
28/00008_00003.ppm;28;0
28/00008_00004.ppm;28;0
28/00008_00005.ppm;28;0
28/00008_00006.ppm;28;0
28/00008_00007.ppm;28;0
28/00008_00008.ppm;28;0
28/00008_00009.ppm;28;0
28/00008_00010.ppm;28;0
28/00008_00011.ppm;28;0
28/00008_00012.ppm;28;0
28/00008_00013.ppm;28;0
28/00008_00014.ppm;28;0
28/00008_00015.ppm;28;0
28/00008_00016.ppm;28;0
28/00008_00017.ppm;28;0
28/00008_00018.ppm;28;0
28/00008_00019.ppm;28;0
28/00008_00020.ppm;28;0
28/00008_00021.ppm;28;0
28/00008_00022.ppm;28;0
28/00008_00023.ppm;28;0
28/00008_00024.ppm;28;0
28/00008_00025.ppm;28;0
28/00008_00026.ppm;28;0
28/00008_00027.ppm;28;0
28/00008_00028.ppm;28;0
28/00008_00029.ppm;28;0
28/00009_00000.ppm;28;0
28/00009_00001.ppm;28;0
28/00009_00002.ppm;28;0
28/00009_00003.ppm;28;0
28/00009_00004.ppm;28;0
28/00009_00005.ppm;28;0
28/00009_00006.ppm;28;0
28/00009_00007.ppm;28;0
28/00009_00008.ppm;28;0
28/00009_00009.ppm;28;0
28/00009_00010.ppm;28;0
28/00009_00011.ppm;28;0
28/00009_00012.ppm;28;0
28/00009_00013.ppm;28;0
28/00009_00014.ppm;28;0
28/00009_00015.ppm;28;0
28/00009_00016.ppm;28;0
28/00009_00017.ppm;28;0
28/00009_00018.ppm;28;0
28/00009_00019.ppm;28;0
28/00009_00020.ppm;28;0
28/00009_00021.ppm;28;0
28/00009_00022.ppm;28;0
28/00009_00023.ppm;28;0
28/00009_00024.ppm;28;0
28/00009_00025.ppm;28;0
28/00009_00026.ppm;28;0
28/00009_00027.ppm;28;0
28/00009_00028.ppm;28;0
28/00009_00029.ppm;28;0
28/00010_00000.ppm;28;0
28/00010_00001.ppm;28;0
28/00010_00002.ppm;28;0
28/00010_00003.ppm;28;0
28/00010_00004.ppm;28;0
28/00010_00005.ppm;28;0
28/00010_00006.ppm;28;0
28/00010_00007.ppm;28;0
28/00010_00008.ppm;28;0
28/00010_00009.ppm;28;0
28/00010_00010.ppm;28;0
28/00010_00011.ppm;28;0
28/00010_00012.ppm;28;0
28/00010_00013.ppm;28;0
28/00010_00014.ppm;28;0
28/00010_00015.ppm;28;0
28/00010_00016.ppm;28;0
28/00010_00017.ppm;28;0
28/00010_00018.ppm;28;0
28/00010_00019.ppm;28;0
28/00010_00020.ppm;28;0
28/00010_00021.ppm;28;0
28/00010_00022.ppm;28;0
28/00010_00023.ppm;28;0
28/00010_00024.ppm;28;0
28/00010_00025.ppm;28;0
28/00010_00026.ppm;28;0
28/00010_00027.ppm;28;0
28/00010_00028.ppm;28;0
28/00010_00029.ppm;28;0
28/00011_00000.ppm;28;0
28/00011_00001.ppm;28;0
28/00011_00002.ppm;28;0
28/00011_00003.ppm;28;0
28/00011_00004.ppm;28;0
28/00011_00005.ppm;28;0
28/00011_00006.ppm;28;0
28/00011_00007.ppm;28;0
28/00011_00008.ppm;28;0
28/00011_00009.ppm;28;0
28/00011_00010.ppm;28;0
28/00011_00011.ppm;28;0
28/00011_00012.ppm;28;0
28/00011_00013.ppm;28;0
28/00011_00014.ppm;28;0
28/00011_00015.ppm;28;0
28/00011_00016.ppm;28;0
28/00011_00017.ppm;28;0
28/00011_00018.ppm;28;0
28/00011_00019.ppm;28;0
28/00011_00020.ppm;28;0
28/00011_00021.ppm;28;0
28/00011_00022.ppm;28;0
28/00011_00023.ppm;28;0
28/00011_00024.ppm;28;0
28/00011_00025.ppm;28;0
28/00011_00026.ppm;28;0
28/00011_00027.ppm;28;0
28/00011_00028.ppm;28;0
28/00011_00029.ppm;28;0
29/00000_00000.ppm;29;0
29/00000_00001.ppm;29;0
29/00000_00002.ppm;29;0
29/00000_00003.ppm;29;0
29/00000_00004.ppm;29;0
29/00000_00005.ppm;29;0
29/00000_00006.ppm;29;0
29/00000_00007.ppm;29;0
29/00000_00008.ppm;29;0
29/00000_00009.ppm;29;0
29/00000_00010.ppm;29;0
29/00000_00011.ppm;29;0
29/00000_00012.ppm;29;0
29/00000_00013.ppm;29;0
29/00000_00014.ppm;29;0
29/00000_00015.ppm;29;0
29/00000_00016.ppm;29;0
29/00000_00017.ppm;29;0
29/00000_00018.ppm;29;0
29/00000_00019.ppm;29;0
29/00000_00020.ppm;29;0
29/00000_00021.ppm;29;0
29/00000_00022.ppm;29;0
29/00000_00023.ppm;29;0
29/00000_00024.ppm;29;0
29/00000_00025.ppm;29;0
29/00000_00026.ppm;29;0
29/00000_00027.ppm;29;0
29/00000_00028.ppm;29;0
29/00000_00029.ppm;29;0
29/00001_00000.ppm;29;0
29/00001_00001.ppm;29;0
29/00001_00002.ppm;29;0
29/00001_00003.ppm;29;0
29/00001_00004.ppm;29;0
29/00001_00005.ppm;29;0
29/00001_00006.ppm;29;0
29/00001_00007.ppm;29;0
29/00001_00008.ppm;29;0
29/00001_00009.ppm;29;0
29/00001_00010.ppm;29;0
29/00001_00011.ppm;29;0
29/00001_00012.ppm;29;0
29/00001_00013.ppm;29;0
29/00001_00014.ppm;29;0
29/00001_00015.ppm;29;0
29/00001_00016.ppm;29;0
29/00001_00017.ppm;29;0
29/00001_00018.ppm;29;0
29/00001_00019.ppm;29;0
29/00001_00020.ppm;29;0
29/00001_00021.ppm;29;0
29/00001_00022.ppm;29;0
29/00001_00023.ppm;29;0
29/00001_00024.ppm;29;0
29/00001_00025.ppm;29;0
29/00001_00026.ppm;29;0
29/00001_00027.ppm;29;0
29/00001_00028.ppm;29;0
29/00001_00029.ppm;29;0
29/00002_00000.ppm;29;0
29/00002_00001.ppm;29;0
29/00002_00002.ppm;29;0
29/00002_00003.ppm;29;0
29/00002_00004.ppm;29;0
29/00002_00005.ppm;29;0
29/00002_00006.ppm;29;0
29/00002_00007.ppm;29;0
29/00002_00008.ppm;29;0
29/00002_00009.ppm;29;0
29/00002_00010.ppm;29;0
29/00002_00011.ppm;29;0
29/00002_00012.ppm;29;0
29/00002_00013.ppm;29;0
29/00002_00014.ppm;29;0
29/00002_00015.ppm;29;0
29/00002_00016.ppm;29;0
29/00002_00017.ppm;29;0
29/00002_00018.ppm;29;0
29/00002_00019.ppm;29;0
29/00002_00020.ppm;29;0
29/00002_00021.ppm;29;0
29/00002_00022.ppm;29;0
29/00002_00023.ppm;29;0
29/00002_00024.ppm;29;0
29/00002_00025.ppm;29;0
29/00002_00026.ppm;29;0
29/00002_00027.ppm;29;0
29/00002_00028.ppm;29;0
29/00002_00029.ppm;29;0
29/00003_00000.ppm;29;0
29/00003_00001.ppm;29;0
29/00003_00002.ppm;29;0
29/00003_00003.ppm;29;0
29/00003_00004.ppm;29;0
29/00003_00005.ppm;29;0
29/00003_00006.ppm;29;0
29/00003_00007.ppm;29;0
29/00003_00008.ppm;29;0
29/00003_00009.ppm;29;0
29/00003_00010.ppm;29;0
29/00003_00011.ppm;29;0
29/00003_00012.ppm;29;0
29/00003_00013.ppm;29;0
29/00003_00014.ppm;29;0
29/00003_00015.ppm;29;0
29/00003_00016.ppm;29;0
29/00003_00017.ppm;29;0
29/00003_00018.ppm;29;0
29/00003_00019.ppm;29;0
29/00003_00020.ppm;29;0
29/00003_00021.ppm;29;0
29/00003_00022.ppm;29;0
29/00003_00023.ppm;29;0
29/00003_00024.ppm;29;0
29/00003_00025.ppm;29;0
29/00003_00026.ppm;29;0
29/00003_00027.ppm;29;0
29/00003_00028.ppm;29;0
29/00003_00029.ppm;29;0
29/00004_00000.ppm;29;0
29/00004_00001.ppm;29;0
29/00004_00002.ppm;29;0
29/00004_00003.ppm;29;0
29/00004_00004.ppm;29;0
29/00004_00005.ppm;29;0
29/00004_00006.ppm;29;0
29/00004_00007.ppm;29;0
29/00004_00008.ppm;29;0
29/00004_00009.ppm;29;0
29/00004_00010.ppm;29;0
29/00004_00011.ppm;29;0
29/00004_00012.ppm;29;0
29/00004_00013.ppm;29;0
29/00004_00014.ppm;29;0
29/00004_00015.ppm;29;0
29/00004_00016.ppm;29;0
29/00004_00017.ppm;29;0
29/00004_00018.ppm;29;0
29/00004_00019.ppm;29;0
29/00004_00020.ppm;29;0
29/00004_00021.ppm;29;0
29/00004_00022.ppm;29;0
29/00004_00023.ppm;29;0
29/00004_00024.ppm;29;0
29/00004_00025.ppm;29;0
29/00004_00026.ppm;29;0
29/00004_00027.ppm;29;0
29/00004_00028.ppm;29;0
29/00004_00029.ppm;29;0
29/00005_00000.ppm;29;0
29/00005_00001.ppm;29;0
29/00005_00002.ppm;29;0
29/00005_00003.ppm;29;0
29/00005_00004.ppm;29;0
29/00005_00005.ppm;29;0
29/00005_00006.ppm;29;0
29/00005_00007.ppm;29;0
29/00005_00008.ppm;29;0
29/00005_00009.ppm;29;0
29/00005_00010.ppm;29;0
29/00005_00011.ppm;29;0
29/00005_00012.ppm;29;0
29/00005_00013.ppm;29;0
29/00005_00014.ppm;29;0
29/00005_00015.ppm;29;0
29/00005_00016.ppm;29;0
29/00005_00017.ppm;29;0
29/00005_00018.ppm;29;0
29/00005_00019.ppm;29;0
29/00005_00020.ppm;29;0
29/00005_00021.ppm;29;0
29/00005_00022.ppm;29;0
29/00005_00023.ppm;29;0
29/00005_00024.ppm;29;0
29/00005_00025.ppm;29;0
29/00005_00026.ppm;29;0
29/00005_00027.ppm;29;0
29/00005_00028.ppm;29;0
29/00005_00029.ppm;29;0
30/00000_00000.ppm;30;0
30/00000_00001.ppm;30;0
30/00000_00002.ppm;30;0
30/00000_00003.ppm;30;0
30/00000_00004.ppm;30;0
30/00000_00005.ppm;30;0
30/00000_00006.ppm;30;0
30/00000_00007.ppm;30;0
30/00000_00008.ppm;30;0
30/00000_00009.ppm;30;0
30/00000_00010.ppm;30;0
30/00000_00011.ppm;30;0
30/00000_00012.ppm;30;0
30/00000_00013.ppm;30;0
30/00000_00014.ppm;30;0
30/00000_00015.ppm;30;0
30/00000_00016.ppm;30;0
30/00000_00017.ppm;30;0
30/00000_00018.ppm;30;0
30/00000_00019.ppm;30;0
30/00000_00020.ppm;30;0
30/00000_00021.ppm;30;0
30/00000_00022.ppm;30;0
30/00000_00023.ppm;30;0
30/00000_00024.ppm;30;0
30/00000_00025.ppm;30;0
30/00000_00026.ppm;30;0
30/00000_00027.ppm;30;0
30/00000_00028.ppm;30;0
30/00000_00029.ppm;30;0
30/00001_00000.ppm;30;0
30/00001_00001.ppm;30;0
30/00001_00002.ppm;30;0
30/00001_00003.ppm;30;0
30/00001_00004.ppm;30;0
30/00001_00005.ppm;30;0
30/00001_00006.ppm;30;0
30/00001_00007.ppm;30;0
30/00001_00008.ppm;30;0
30/00001_00009.ppm;30;0
30/00001_00010.ppm;30;0
30/00001_00011.ppm;30;0
30/00001_00012.ppm;30;0
30/00001_00013.ppm;30;0
30/00001_00014.ppm;30;0
30/00001_00015.ppm;30;0
30/00001_00016.ppm;30;0
30/00001_00017.ppm;30;0
30/00001_00018.ppm;30;0
30/00001_00019.ppm;30;0
30/00001_00020.ppm;30;0
30/00001_00021.ppm;30;0
30/00001_00022.ppm;30;0
30/00001_00023.ppm;30;0
30/00001_00024.ppm;30;0
30/00001_00025.ppm;30;0
30/00001_00026.ppm;30;0
30/00001_00027.ppm;30;0
30/00001_00028.ppm;30;0
30/00001_00029.ppm;30;0
30/00002_00000.ppm;30;0
30/00002_00001.ppm;30;0
30/00002_00002.ppm;30;0
30/00002_00003.ppm;30;0
30/00002_00004.ppm;30;0
30/00002_00005.ppm;30;0
30/00002_00006.ppm;30;0
30/00002_00007.ppm;30;0
30/00002_00008.ppm;30;0
30/00002_00009.ppm;30;0
30/00002_00010.ppm;30;0
30/00002_00011.ppm;30;0
30/00002_00012.ppm;30;0
30/00002_00013.ppm;30;0
30/00002_00014.ppm;30;0
30/00002_00015.ppm;30;0
30/00002_00016.ppm;30;0
30/00002_00017.ppm;30;0
30/00002_00018.ppm;30;0
30/00002_00019.ppm;30;0
30/00002_00020.ppm;30;0
30/00002_00021.ppm;30;0
30/00002_00022.ppm;30;0
30/00002_00023.ppm;30;0
30/00002_00024.ppm;30;0
30/00002_00025.ppm;30;0
30/00002_00026.ppm;30;0
30/00002_00027.ppm;30;0
30/00002_00028.ppm;30;0
30/00002_00029.ppm;30;0
30/00003_00000.ppm;30;0
30/00003_00001.ppm;30;0
30/00003_00002.ppm;30;0
30/00003_00003.ppm;30;0
30/00003_00004.ppm;30;0
30/00003_00005.ppm;30;0
30/00003_00006.ppm;30;0
30/00003_00007.ppm;30;0
30/00003_00008.ppm;30;0
30/00003_00009.ppm;30;0
30/00003_00010.ppm;30;0
30/00003_00011.ppm;30;0
30/00003_00012.ppm;30;0
30/00003_00013.ppm;30;0
30/00003_00014.ppm;30;0
30/00003_00015.ppm;30;0
30/00003_00016.ppm;30;0
30/00003_00017.ppm;30;0
30/00003_00018.ppm;30;0
30/00003_00019.ppm;30;0
30/00003_00020.ppm;30;0
30/00003_00021.ppm;30;0
30/00003_00022.ppm;30;0
30/00003_00023.ppm;30;0
30/00003_00024.ppm;30;0
30/00003_00025.ppm;30;0
30/00003_00026.ppm;30;0
30/00003_00027.ppm;30;0
30/00003_00028.ppm;30;0
30/00003_00029.ppm;30;0
30/00004_00000.ppm;30;0
30/00004_00001.ppm;30;0
30/00004_00002.ppm;30;0
30/00004_00003.ppm;30;0
30/00004_00004.ppm;30;0
30/00004_00005.ppm;30;0
30/00004_00006.ppm;30;0
30/00004_00007.ppm;30;0
30/00004_00008.ppm;30;0
30/00004_00009.ppm;30;0
30/00004_00010.ppm;30;0
30/00004_00011.ppm;30;0
30/00004_00012.ppm;30;0
30/00004_00013.ppm;30;0
30/00004_00014.ppm;30;0
30/00004_00015.ppm;30;0
30/00004_00016.ppm;30;0
30/00004_00017.ppm;30;0
30/00004_00018.ppm;30;0
30/00004_00019.ppm;30;0
30/00004_00020.ppm;30;0
30/00004_00021.ppm;30;0
30/00004_00022.ppm;30;0
30/00004_00023.ppm;30;0
30/00004_00024.ppm;30;0
30/00004_00025.ppm;30;0
30/00004_00026.ppm;30;0
30/00004_00027.ppm;30;0
30/00004_00028.ppm;30;0
30/00004_00029.ppm;30;0
30/00005_00000.ppm;30;0
30/00005_00001.ppm;30;0
30/00005_00002.ppm;30;0
30/00005_00003.ppm;30;0
30/00005_00004.ppm;30;0
30/00005_00005.ppm;30;0
30/00005_00006.ppm;30;0
30/00005_00007.ppm;30;0
30/00005_00008.ppm;30;0
30/00005_00009.ppm;30;0
30/00005_00010.ppm;30;0
30/00005_00011.ppm;30;0
30/00005_00012.ppm;30;0
30/00005_00013.ppm;30;0
30/00005_00014.ppm;30;0
30/00005_00015.ppm;30;0
30/00005_00016.ppm;30;0
30/00005_00017.ppm;30;0
30/00005_00018.ppm;30;0
30/00005_00019.ppm;30;0
30/00005_00020.ppm;30;0
30/00005_00021.ppm;30;0
30/00005_00022.ppm;30;0
30/00005_00023.ppm;30;0
30/00005_00024.ppm;30;0
30/00005_00025.ppm;30;0
30/00005_00026.ppm;30;0
30/00005_00027.ppm;30;0
30/00005_00028.ppm;30;0
30/00005_00029.ppm;30;0
30/00006_00000.ppm;30;0
30/00006_00001.ppm;30;0
30/00006_00002.ppm;30;0
30/00006_00003.ppm;30;0
30/00006_00004.ppm;30;0
30/00006_00005.ppm;30;0
30/00006_00006.ppm;30;0
30/00006_00007.ppm;30;0
30/00006_00008.ppm;30;0
30/00006_00009.ppm;30;0
30/00006_00010.ppm;30;0
30/00006_00011.ppm;30;0
30/00006_00012.ppm;30;0
30/00006_00013.ppm;30;0
30/00006_00014.ppm;30;0
30/00006_00015.ppm;30;0
30/00006_00016.ppm;30;0
30/00006_00017.ppm;30;0
30/00006_00018.ppm;30;0
30/00006_00019.ppm;30;0
30/00006_00020.ppm;30;0
30/00006_00021.ppm;30;0
30/00006_00022.ppm;30;0
30/00006_00023.ppm;30;0
30/00006_00024.ppm;30;0
30/00006_00025.ppm;30;0
30/00006_00026.ppm;30;0
30/00006_00027.ppm;30;0
30/00006_00028.ppm;30;0
30/00006_00029.ppm;30;0
30/00007_00000.ppm;30;0
30/00007_00001.ppm;30;0
30/00007_00002.ppm;30;0
30/00007_00003.ppm;30;0
30/00007_00004.ppm;30;0
30/00007_00005.ppm;30;0
30/00007_00006.ppm;30;0
30/00007_00007.ppm;30;0
30/00007_00008.ppm;30;0
30/00007_00009.ppm;30;0
30/00007_00010.ppm;30;0
30/00007_00011.ppm;30;0
30/00007_00012.ppm;30;0
30/00007_00013.ppm;30;0
30/00007_00014.ppm;30;0
30/00007_00015.ppm;30;0
30/00007_00016.ppm;30;0
30/00007_00017.ppm;30;0
30/00007_00018.ppm;30;0
30/00007_00019.ppm;30;0
30/00007_00020.ppm;30;0
30/00007_00021.ppm;30;0
30/00007_00022.ppm;30;0
30/00007_00023.ppm;30;0
30/00007_00024.ppm;30;0
30/00007_00025.ppm;30;0
30/00007_00026.ppm;30;0
30/00007_00027.ppm;30;0
30/00007_00028.ppm;30;0
30/00007_00029.ppm;30;0
30/00008_00000.ppm;30;0
30/00008_00001.ppm;30;0
30/00008_00002.ppm;30;0
30/00008_00003.ppm;30;0
30/00008_00004.ppm;30;0
30/00008_00005.ppm;30;0
30/00008_00006.ppm;30;0
30/00008_00007.ppm;30;0
30/00008_00008.ppm;30;0
30/00008_00009.ppm;30;0
30/00008_00010.ppm;30;0
30/00008_00011.ppm;30;0
30/00008_00012.ppm;30;0
30/00008_00013.ppm;30;0
30/00008_00014.ppm;30;0
30/00008_00015.ppm;30;0
30/00008_00016.ppm;30;0
30/00008_00017.ppm;30;0
30/00008_00018.ppm;30;0
30/00008_00019.ppm;30;0
30/00008_00020.ppm;30;0
30/00008_00021.ppm;30;0
30/00008_00022.ppm;30;0
30/00008_00023.ppm;30;0
30/00008_00024.ppm;30;0
30/00008_00025.ppm;30;0
30/00008_00026.ppm;30;0
30/00008_00027.ppm;30;0
30/00008_00028.ppm;30;0
30/00008_00029.ppm;30;0
30/00009_00000.ppm;30;0
30/00009_00001.ppm;30;0
30/00009_00002.ppm;30;0
30/00009_00003.ppm;30;0
30/00009_00004.ppm;30;0
30/00009_00005.ppm;30;0
30/00009_00006.ppm;30;0
30/00009_00007.ppm;30;0
30/00009_00008.ppm;30;0
30/00009_00009.ppm;30;0
30/00009_00010.ppm;30;0
30/00009_00011.ppm;30;0
30/00009_00012.ppm;30;0
30/00009_00013.ppm;30;0
30/00009_00014.ppm;30;0
30/00009_00015.ppm;30;0
30/00009_00016.ppm;30;0
30/00009_00017.ppm;30;0
30/00009_00018.ppm;30;0
30/00009_00019.ppm;30;0
30/00009_00020.ppm;30;0
30/00009_00021.ppm;30;0
30/00009_00022.ppm;30;0
30/00009_00023.ppm;30;0
30/00009_00024.ppm;30;0
30/00009_00025.ppm;30;0
30/00009_00026.ppm;30;0
30/00009_00027.ppm;30;0
30/00009_00028.ppm;30;0
30/00009_00029.ppm;30;0
31/00000_00000.ppm;31;0
31/00000_00001.ppm;31;0
31/00000_00002.ppm;31;0
31/00000_00003.ppm;31;0
31/00000_00004.ppm;31;0
31/00000_00005.ppm;31;0
31/00000_00006.ppm;31;0
31/00000_00007.ppm;31;0
31/00000_00008.ppm;31;0
31/00000_00009.ppm;31;0
31/00000_00010.ppm;31;0
31/00000_00011.ppm;31;0
31/00000_00012.ppm;31;0
31/00000_00013.ppm;31;0
31/00000_00014.ppm;31;0
31/00000_00015.ppm;31;0
31/00000_00016.ppm;31;0
31/00000_00017.ppm;31;0
31/00000_00018.ppm;31;0
31/00000_00019.ppm;31;0
31/00000_00020.ppm;31;0
31/00000_00021.ppm;31;0
31/00000_00022.ppm;31;0
31/00000_00023.ppm;31;0
31/00000_00024.ppm;31;0
31/00000_00025.ppm;31;0
31/00000_00026.ppm;31;0
31/00000_00027.ppm;31;0
31/00000_00028.ppm;31;0
31/00000_00029.ppm;31;0
31/00001_00000.ppm;31;0
31/00001_00001.ppm;31;0
31/00001_00002.ppm;31;0
31/00001_00003.ppm;31;0
31/00001_00004.ppm;31;0
31/00001_00005.ppm;31;0
31/00001_00006.ppm;31;0
31/00001_00007.ppm;31;0
31/00001_00008.ppm;31;0
31/00001_00009.ppm;31;0
31/00001_00010.ppm;31;0
31/00001_00011.ppm;31;0
31/00001_00012.ppm;31;0
31/00001_00013.ppm;31;0
31/00001_00014.ppm;31;0
31/00001_00015.ppm;31;0
31/00001_00016.ppm;31;0
31/00001_00017.ppm;31;0
31/00001_00018.ppm;31;0
31/00001_00019.ppm;31;0
31/00001_00020.ppm;31;0
31/00001_00021.ppm;31;0
31/00001_00022.ppm;31;0
31/00001_00023.ppm;31;0
31/00001_00024.ppm;31;0
31/00001_00025.ppm;31;0
31/00001_00026.ppm;31;0
31/00001_00027.ppm;31;0
31/00001_00028.ppm;31;0
31/00001_00029.ppm;31;0
31/00002_00000.ppm;31;0
31/00002_00001.ppm;31;0
31/00002_00002.ppm;31;0
31/00002_00003.ppm;31;0
31/00002_00004.ppm;31;0
31/00002_00005.ppm;31;0
31/00002_00006.ppm;31;0
31/00002_00007.ppm;31;0
31/00002_00008.ppm;31;0
31/00002_00009.ppm;31;0
31/00002_00010.ppm;31;0
31/00002_00011.ppm;31;0
31/00002_00012.ppm;31;0
31/00002_00013.ppm;31;0
31/00002_00014.ppm;31;0
31/00002_00015.ppm;31;0
31/00002_00016.ppm;31;0
31/00002_00017.ppm;31;0
31/00002_00018.ppm;31;0
31/00002_00019.ppm;31;0
31/00002_00020.ppm;31;0
31/00002_00021.ppm;31;0
31/00002_00022.ppm;31;0
31/00002_00023.ppm;31;0
31/00002_00024.ppm;31;0
31/00002_00025.ppm;31;0
31/00002_00026.ppm;31;0
31/00002_00027.ppm;31;0
31/00002_00028.ppm;31;0
31/00002_00029.ppm;31;0
31/00003_00000.ppm;31;0
31/00003_00001.ppm;31;0
31/00003_00002.ppm;31;0
31/00003_00003.ppm;31;0
31/00003_00004.ppm;31;0
31/00003_00005.ppm;31;0
31/00003_00006.ppm;31;0
31/00003_00007.ppm;31;0
31/00003_00008.ppm;31;0
31/00003_00009.ppm;31;0
31/00003_00010.ppm;31;0
31/00003_00011.ppm;31;0
31/00003_00012.ppm;31;0
31/00003_00013.ppm;31;0
31/00003_00014.ppm;31;0
31/00003_00015.ppm;31;0
31/00003_00016.ppm;31;0
31/00003_00017.ppm;31;0
31/00003_00018.ppm;31;0
31/00003_00019.ppm;31;0
31/00003_00020.ppm;31;0
31/00003_00021.ppm;31;0
31/00003_00022.ppm;31;0
31/00003_00023.ppm;31;0
31/00003_00024.ppm;31;0
31/00003_00025.ppm;31;0
31/00003_00026.ppm;31;0
31/00003_00027.ppm;31;0
31/00003_00028.ppm;31;0
31/00003_00029.ppm;31;0
31/00004_00000.ppm;31;0
31/00004_00001.ppm;31;0
31/00004_00002.ppm;31;0
31/00004_00003.ppm;31;0
31/00004_00004.ppm;31;0
31/00004_00005.ppm;31;0
31/00004_00006.ppm;31;0
31/00004_00007.ppm;31;0
31/00004_00008.ppm;31;0
31/00004_00009.ppm;31;0
31/00004_00010.ppm;31;0
31/00004_00011.ppm;31;0
31/00004_00012.ppm;31;0
31/00004_00013.ppm;31;0
31/00004_00014.ppm;31;0
31/00004_00015.ppm;31;0
31/00004_00016.ppm;31;0
31/00004_00017.ppm;31;0
31/00004_00018.ppm;31;0
31/00004_00019.ppm;31;0
31/00004_00020.ppm;31;0
31/00004_00021.ppm;31;0
31/00004_00022.ppm;31;0
31/00004_00023.ppm;31;0
31/00004_00024.ppm;31;0
31/00004_00025.ppm;31;0
31/00004_00026.ppm;31;0
31/00004_00027.ppm;31;0
31/00004_00028.ppm;31;0
31/00004_00029.ppm;31;0
31/00005_00000.ppm;31;0
31/00005_00001.ppm;31;0
31/00005_00002.ppm;31;0
31/00005_00003.ppm;31;0
31/00005_00004.ppm;31;0
31/00005_00005.ppm;31;0
31/00005_00006.ppm;31;0
31/00005_00007.ppm;31;0
31/00005_00008.ppm;31;0
31/00005_00009.ppm;31;0
31/00005_00010.ppm;31;0
31/00005_00011.ppm;31;0
31/00005_00012.ppm;31;0
31/00005_00013.ppm;31;0
31/00005_00014.ppm;31;0
31/00005_00015.ppm;31;0
31/00005_00016.ppm;31;0
31/00005_00017.ppm;31;0
31/00005_00018.ppm;31;0
31/00005_00019.ppm;31;0
31/00005_00020.ppm;31;0
31/00005_00021.ppm;31;0
31/00005_00022.ppm;31;0
31/00005_00023.ppm;31;0
31/00005_00024.ppm;31;0
31/00005_00025.ppm;31;0
31/00005_00026.ppm;31;0
31/00005_00027.ppm;31;0
31/00005_00028.ppm;31;0
31/00005_00029.ppm;31;0
31/00006_00000.ppm;31;0
31/00006_00001.ppm;31;0
31/00006_00002.ppm;31;0
31/00006_00003.ppm;31;0
31/00006_00004.ppm;31;0
31/00006_00005.ppm;31;0
31/00006_00006.ppm;31;0
31/00006_00007.ppm;31;0
31/00006_00008.ppm;31;0
31/00006_00009.ppm;31;0
31/00006_00010.ppm;31;0
31/00006_00011.ppm;31;0
31/00006_00012.ppm;31;0
31/00006_00013.ppm;31;0
31/00006_00014.ppm;31;0
31/00006_00015.ppm;31;0
31/00006_00016.ppm;31;0
31/00006_00017.ppm;31;0
31/00006_00018.ppm;31;0
31/00006_00019.ppm;31;0
31/00006_00020.ppm;31;0
31/00006_00021.ppm;31;0
31/00006_00022.ppm;31;0
31/00006_00023.ppm;31;0
31/00006_00024.ppm;31;0
31/00006_00025.ppm;31;0
31/00006_00026.ppm;31;0
31/00006_00027.ppm;31;0
31/00006_00028.ppm;31;0
31/00006_00029.ppm;31;0
31/00007_00000.ppm;31;0
31/00007_00001.ppm;31;0
31/00007_00002.ppm;31;0
31/00007_00003.ppm;31;0
31/00007_00004.ppm;31;0
31/00007_00005.ppm;31;0
31/00007_00006.ppm;31;0
31/00007_00007.ppm;31;0
31/00007_00008.ppm;31;0
31/00007_00009.ppm;31;0
31/00007_00010.ppm;31;0
31/00007_00011.ppm;31;0
31/00007_00012.ppm;31;0
31/00007_00013.ppm;31;0
31/00007_00014.ppm;31;0
31/00007_00015.ppm;31;0
31/00007_00016.ppm;31;0
31/00007_00017.ppm;31;0
31/00007_00018.ppm;31;0
31/00007_00019.ppm;31;0
31/00007_00020.ppm;31;0
31/00007_00021.ppm;31;0
31/00007_00022.ppm;31;0
31/00007_00023.ppm;31;0
31/00007_00024.ppm;31;0
31/00007_00025.ppm;31;0
31/00007_00026.ppm;31;0
31/00007_00027.ppm;31;0
31/00007_00028.ppm;31;0
31/00007_00029.ppm;31;0
31/00008_00000.ppm;31;0
31/00008_00001.ppm;31;0
31/00008_00002.ppm;31;0
31/00008_00003.ppm;31;0
31/00008_00004.ppm;31;0
31/00008_00005.ppm;31;0
31/00008_00006.ppm;31;0
31/00008_00007.ppm;31;0
31/00008_00008.ppm;31;0
31/00008_00009.ppm;31;0
31/00008_00010.ppm;31;0
31/00008_00011.ppm;31;0
31/00008_00012.ppm;31;0
31/00008_00013.ppm;31;0
31/00008_00014.ppm;31;0
31/00008_00015.ppm;31;0
31/00008_00016.ppm;31;0
31/00008_00017.ppm;31;0
31/00008_00018.ppm;31;0
31/00008_00019.ppm;31;0
31/00008_00020.ppm;31;0
31/00008_00021.ppm;31;0
31/00008_00022.ppm;31;0
31/00008_00023.ppm;31;0
31/00008_00024.ppm;31;0
31/00008_00025.ppm;31;0
31/00008_00026.ppm;31;0
31/00008_00027.ppm;31;0
31/00008_00028.ppm;31;0
31/00008_00029.ppm;31;0
31/00009_00000.ppm;31;0
31/00009_00001.ppm;31;0
31/00009_00002.ppm;31;0
31/00009_00003.ppm;31;0
31/00009_00004.ppm;31;0
31/00009_00005.ppm;31;0
31/00009_00006.ppm;31;0
31/00009_00007.ppm;31;0
31/00009_00008.ppm;31;0
31/00009_00009.ppm;31;0
31/00009_00010.ppm;31;0
31/00009_00011.ppm;31;0
31/00009_00012.ppm;31;0
31/00009_00013.ppm;31;0
31/00009_00014.ppm;31;0
31/00009_00015.ppm;31;0
31/00009_00016.ppm;31;0
31/00009_00017.ppm;31;0
31/00009_00018.ppm;31;0
31/00009_00019.ppm;31;0
31/00009_00020.ppm;31;0
31/00009_00021.ppm;31;0
31/00009_00022.ppm;31;0
31/00009_00023.ppm;31;0
31/00009_00024.ppm;31;0
31/00009_00025.ppm;31;0
31/00009_00026.ppm;31;0
31/00009_00027.ppm;31;0
31/00009_00028.ppm;31;0
31/00009_00029.ppm;31;0
31/00010_00000.ppm;31;0
31/00010_00001.ppm;31;0
31/00010_00002.ppm;31;0
31/00010_00003.ppm;31;0
31/00010_00004.ppm;31;0
31/00010_00005.ppm;31;0
31/00010_00006.ppm;31;0
31/00010_00007.ppm;31;0
31/00010_00008.ppm;31;0
31/00010_00009.ppm;31;0
31/00010_00010.ppm;31;0
31/00010_00011.ppm;31;0
31/00010_00012.ppm;31;0
31/00010_00013.ppm;31;0
31/00010_00014.ppm;31;0
31/00010_00015.ppm;31;0
31/00010_00016.ppm;31;0
31/00010_00017.ppm;31;0
31/00010_00018.ppm;31;0
31/00010_00019.ppm;31;0
31/00010_00020.ppm;31;0
31/00010_00021.ppm;31;0
31/00010_00022.ppm;31;0
31/00010_00023.ppm;31;0
31/00010_00024.ppm;31;0
31/00010_00025.ppm;31;0
31/00010_00026.ppm;31;0
31/00010_00027.ppm;31;0
31/00010_00028.ppm;31;0
31/00010_00029.ppm;31;0
31/00011_00000.ppm;31;0
31/00011_00001.ppm;31;0
31/00011_00002.ppm;31;0
31/00011_00003.ppm;31;0
31/00011_00004.ppm;31;0
31/00011_00005.ppm;31;0
31/00011_00006.ppm;31;0
31/00011_00007.ppm;31;0
31/00011_00008.ppm;31;0
31/00011_00009.ppm;31;0
31/00011_00010.ppm;31;0
31/00011_00011.ppm;31;0
31/00011_00012.ppm;31;0
31/00011_00013.ppm;31;0
31/00011_00014.ppm;31;0
31/00011_00015.ppm;31;0
31/00011_00016.ppm;31;0
31/00011_00017.ppm;31;0
31/00011_00018.ppm;31;0
31/00011_00019.ppm;31;0
31/00011_00020.ppm;31;0
31/00011_00021.ppm;31;0
31/00011_00022.ppm;31;0
31/00011_00023.ppm;31;0
31/00011_00024.ppm;31;0
31/00011_00025.ppm;31;0
31/00011_00026.ppm;31;0
31/00011_00027.ppm;31;0
31/00011_00028.ppm;31;0
31/00011_00029.ppm;31;0
31/00012_00000.ppm;31;0
31/00012_00001.ppm;31;0
31/00012_00002.ppm;31;0
31/00012_00003.ppm;31;0
31/00012_00004.ppm;31;0
31/00012_00005.ppm;31;0
31/00012_00006.ppm;31;0
31/00012_00007.ppm;31;0
31/00012_00008.ppm;31;0
31/00012_00009.ppm;31;0
31/00012_00010.ppm;31;0
31/00012_00011.ppm;31;0
31/00012_00012.ppm;31;0
31/00012_00013.ppm;31;0
31/00012_00014.ppm;31;0
31/00012_00015.ppm;31;0
31/00012_00016.ppm;31;0
31/00012_00017.ppm;31;0
31/00012_00018.ppm;31;0
31/00012_00019.ppm;31;0
31/00012_00020.ppm;31;0
31/00012_00021.ppm;31;0
31/00012_00022.ppm;31;0
31/00012_00023.ppm;31;0
31/00012_00024.ppm;31;0
31/00012_00025.ppm;31;0
31/00012_00026.ppm;31;0
31/00012_00027.ppm;31;0
31/00012_00028.ppm;31;0
31/00012_00029.ppm;31;0
31/00013_00000.ppm;31;0
31/00013_00001.ppm;31;0
31/00013_00002.ppm;31;0
31/00013_00003.ppm;31;0
31/00013_00004.ppm;31;0
31/00013_00005.ppm;31;0
31/00013_00006.ppm;31;0
31/00013_00007.ppm;31;0
31/00013_00008.ppm;31;0
31/00013_00009.ppm;31;0
31/00013_00010.ppm;31;0
31/00013_00011.ppm;31;0
31/00013_00012.ppm;31;0
31/00013_00013.ppm;31;0
31/00013_00014.ppm;31;0
31/00013_00015.ppm;31;0
31/00013_00016.ppm;31;0
31/00013_00017.ppm;31;0
31/00013_00018.ppm;31;0
31/00013_00019.ppm;31;0
31/00013_00020.ppm;31;0
31/00013_00021.ppm;31;0
31/00013_00022.ppm;31;0
31/00013_00023.ppm;31;0
31/00013_00024.ppm;31;0
31/00013_00025.ppm;31;0
31/00013_00026.ppm;31;0
31/00013_00027.ppm;31;0
31/00013_00028.ppm;31;0
31/00013_00029.ppm;31;0
31/00014_00000.ppm;31;0
31/00014_00001.ppm;31;0
31/00014_00002.ppm;31;0
31/00014_00003.ppm;31;0
31/00014_00004.ppm;31;0
31/00014_00005.ppm;31;0
31/00014_00006.ppm;31;0
31/00014_00007.ppm;31;0
31/00014_00008.ppm;31;0
31/00014_00009.ppm;31;0
31/00014_00010.ppm;31;0
31/00014_00011.ppm;31;0
31/00014_00012.ppm;31;0
31/00014_00013.ppm;31;0
31/00014_00014.ppm;31;0
31/00014_00015.ppm;31;0
31/00014_00016.ppm;31;0
31/00014_00017.ppm;31;0
31/00014_00018.ppm;31;0
31/00014_00019.ppm;31;0
31/00014_00020.ppm;31;0
31/00014_00021.ppm;31;0
31/00014_00022.ppm;31;0
31/00014_00023.ppm;31;0
31/00014_00024.ppm;31;0
31/00014_00025.ppm;31;0
31/00014_00026.ppm;31;0
31/00014_00027.ppm;31;0
31/00014_00028.ppm;31;0
31/00014_00029.ppm;31;0
31/00015_00000.ppm;31;0
31/00015_00001.ppm;31;0
31/00015_00002.ppm;31;0
31/00015_00003.ppm;31;0
31/00015_00004.ppm;31;0
31/00015_00005.ppm;31;0
31/00015_00006.ppm;31;0
31/00015_00007.ppm;31;0
31/00015_00008.ppm;31;0
31/00015_00009.ppm;31;0
31/00015_00010.ppm;31;0
31/00015_00011.ppm;31;0
31/00015_00012.ppm;31;0
31/00015_00013.ppm;31;0
31/00015_00014.ppm;31;0
31/00015_00015.ppm;31;0
31/00015_00016.ppm;31;0
31/00015_00017.ppm;31;0
31/00015_00018.ppm;31;0
31/00015_00019.ppm;31;0
31/00015_00020.ppm;31;0
31/00015_00021.ppm;31;0
31/00015_00022.ppm;31;0
31/00015_00023.ppm;31;0
31/00015_00024.ppm;31;0
31/00015_00025.ppm;31;0
31/00015_00026.ppm;31;0
31/00015_00027.ppm;31;0
31/00015_00028.ppm;31;0
31/00015_00029.ppm;31;0
31/00016_00000.ppm;31;0
31/00016_00001.ppm;31;0
31/00016_00002.ppm;31;0
31/00016_00003.ppm;31;0
31/00016_00004.ppm;31;0
31/00016_00005.ppm;31;0
31/00016_00006.ppm;31;0
31/00016_00007.ppm;31;0
31/00016_00008.ppm;31;0
31/00016_00009.ppm;31;0
31/00016_00010.ppm;31;0
31/00016_00011.ppm;31;0
31/00016_00012.ppm;31;0
31/00016_00013.ppm;31;0
31/00016_00014.ppm;31;0
31/00016_00015.ppm;31;0
31/00016_00016.ppm;31;0
31/00016_00017.ppm;31;0
31/00016_00018.ppm;31;0
31/00016_00019.ppm;31;0
31/00016_00020.ppm;31;0
31/00016_00021.ppm;31;0
31/00016_00022.ppm;31;0
31/00016_00023.ppm;31;0
31/00016_00024.ppm;31;0
31/00016_00025.ppm;31;0
31/00016_00026.ppm;31;0
31/00016_00027.ppm;31;0
31/00016_00028.ppm;31;0
31/00016_00029.ppm;31;0
31/00017_00000.ppm;31;0
31/00017_00001.ppm;31;0
31/00017_00002.ppm;31;0
31/00017_00003.ppm;31;0
31/00017_00004.ppm;31;0
31/00017_00005.ppm;31;0
31/00017_00006.ppm;31;0
31/00017_00007.ppm;31;0
31/00017_00008.ppm;31;0
31/00017_00009.ppm;31;0
31/00017_00010.ppm;31;0
31/00017_00011.ppm;31;0
31/00017_00012.ppm;31;0
31/00017_00013.ppm;31;0
31/00017_00014.ppm;31;0
31/00017_00015.ppm;31;0
31/00017_00016.ppm;31;0
31/00017_00017.ppm;31;0
31/00017_00018.ppm;31;0
31/00017_00019.ppm;31;0
31/00017_00020.ppm;31;0
31/00017_00021.ppm;31;0
31/00017_00022.ppm;31;0
31/00017_00023.ppm;31;0
31/00017_00024.ppm;31;0
31/00017_00025.ppm;31;0
31/00017_00026.ppm;31;0
31/00017_00027.ppm;31;0
31/00017_00028.ppm;31;0
31/00017_00029.ppm;31;0
32/00000_00000.ppm;32;0
32/00000_00001.ppm;32;0
32/00000_00002.ppm;32;0
32/00000_00003.ppm;32;0
32/00000_00004.ppm;32;0
32/00000_00005.ppm;32;0
32/00000_00006.ppm;32;0
32/00000_00007.ppm;32;0
32/00000_00008.ppm;32;0
32/00000_00009.ppm;32;0
32/00000_00010.ppm;32;0
32/00000_00011.ppm;32;0
32/00000_00012.ppm;32;0
32/00000_00013.ppm;32;0
32/00000_00014.ppm;32;0
32/00000_00015.ppm;32;0
32/00000_00016.ppm;32;0
32/00000_00017.ppm;32;0
32/00000_00018.ppm;32;0
32/00000_00019.ppm;32;0
32/00000_00020.ppm;32;0
32/00000_00021.ppm;32;0
32/00000_00022.ppm;32;0
32/00000_00023.ppm;32;0
32/00000_00024.ppm;32;0
32/00000_00025.ppm;32;0
32/00000_00026.ppm;32;0
32/00000_00027.ppm;32;0
32/00000_00028.ppm;32;0
32/00000_00029.ppm;32;0
32/00001_00000.ppm;32;0
32/00001_00001.ppm;32;0
32/00001_00002.ppm;32;0
32/00001_00003.ppm;32;0
32/00001_00004.ppm;32;0
32/00001_00005.ppm;32;0
32/00001_00006.ppm;32;0
32/00001_00007.ppm;32;0
32/00001_00008.ppm;32;0
32/00001_00009.ppm;32;0
32/00001_00010.ppm;32;0
32/00001_00011.ppm;32;0
32/00001_00012.ppm;32;0
32/00001_00013.ppm;32;0
32/00001_00014.ppm;32;0
32/00001_00015.ppm;32;0
32/00001_00016.ppm;32;0
32/00001_00017.ppm;32;0
32/00001_00018.ppm;32;0
32/00001_00019.ppm;32;0
32/00001_00020.ppm;32;0
32/00001_00021.ppm;32;0
32/00001_00022.ppm;32;0
32/00001_00023.ppm;32;0
32/00001_00024.ppm;32;0
32/00001_00025.ppm;32;0
32/00001_00026.ppm;32;0
32/00001_00027.ppm;32;0
32/00001_00028.ppm;32;0
32/00001_00029.ppm;32;0
32/00002_00000.ppm;32;0
32/00002_00001.ppm;32;0
32/00002_00002.ppm;32;0
32/00002_00003.ppm;32;0
32/00002_00004.ppm;32;0
32/00002_00005.ppm;32;0
32/00002_00006.ppm;32;0
32/00002_00007.ppm;32;0
32/00002_00008.ppm;32;0
32/00002_00009.ppm;32;0
32/00002_00010.ppm;32;0
32/00002_00011.ppm;32;0
32/00002_00012.ppm;32;0
32/00002_00013.ppm;32;0
32/00002_00014.ppm;32;0
32/00002_00015.ppm;32;0
32/00002_00016.ppm;32;0
32/00002_00017.ppm;32;0
32/00002_00018.ppm;32;0
32/00002_00019.ppm;32;0
32/00002_00020.ppm;32;0
32/00002_00021.ppm;32;0
32/00002_00022.ppm;32;0
32/00002_00023.ppm;32;0
32/00002_00024.ppm;32;0
32/00002_00025.ppm;32;0
32/00002_00026.ppm;32;0
32/00002_00027.ppm;32;0
32/00002_00028.ppm;32;0
32/00002_00029.ppm;32;0
32/00003_00000.ppm;32;0
32/00003_00001.ppm;32;0
32/00003_00002.ppm;32;0
32/00003_00003.ppm;32;0
32/00003_00004.ppm;32;0
32/00003_00005.ppm;32;0
32/00003_00006.ppm;32;0
32/00003_00007.ppm;32;0
32/00003_00008.ppm;32;0
32/00003_00009.ppm;32;0
32/00003_00010.ppm;32;0
32/00003_00011.ppm;32;0
32/00003_00012.ppm;32;0
32/00003_00013.ppm;32;0
32/00003_00014.ppm;32;0
32/00003_00015.ppm;32;0
32/00003_00016.ppm;32;0
32/00003_00017.ppm;32;0
32/00003_00018.ppm;32;0
32/00003_00019.ppm;32;0
32/00003_00020.ppm;32;0
32/00003_00021.ppm;32;0
32/00003_00022.ppm;32;0
32/00003_00023.ppm;32;0
32/00003_00024.ppm;32;0
32/00003_00025.ppm;32;0
32/00003_00026.ppm;32;0
32/00003_00027.ppm;32;0
32/00003_00028.ppm;32;0
32/00003_00029.ppm;32;0
32/00004_00000.ppm;32;0
32/00004_00001.ppm;32;0
32/00004_00002.ppm;32;0
32/00004_00003.ppm;32;0
32/00004_00004.ppm;32;0
32/00004_00005.ppm;32;0
32/00004_00006.ppm;32;0
32/00004_00007.ppm;32;0
32/00004_00008.ppm;32;0
32/00004_00009.ppm;32;0
32/00004_00010.ppm;32;0
32/00004_00011.ppm;32;0
32/00004_00012.ppm;32;0
32/00004_00013.ppm;32;0
32/00004_00014.ppm;32;0
32/00004_00015.ppm;32;0
32/00004_00016.ppm;32;0
32/00004_00017.ppm;32;0
32/00004_00018.ppm;32;0
32/00004_00019.ppm;32;0
32/00004_00020.ppm;32;0
32/00004_00021.ppm;32;0
32/00004_00022.ppm;32;0
32/00004_00023.ppm;32;0
32/00004_00024.ppm;32;0
32/00004_00025.ppm;32;0
32/00004_00026.ppm;32;0
32/00004_00027.ppm;32;0
32/00004_00028.ppm;32;0
32/00004_00029.ppm;32;0
32/00005_00000.ppm;32;0
32/00005_00001.ppm;32;0
32/00005_00002.ppm;32;0
32/00005_00003.ppm;32;0
32/00005_00004.ppm;32;0
32/00005_00005.ppm;32;0
32/00005_00006.ppm;32;0
32/00005_00007.ppm;32;0
32/00005_00008.ppm;32;0
32/00005_00009.ppm;32;0
32/00005_00010.ppm;32;0
32/00005_00011.ppm;32;0
32/00005_00012.ppm;32;0
32/00005_00013.ppm;32;0
32/00005_00014.ppm;32;0
32/00005_00015.ppm;32;0
32/00005_00016.ppm;32;0
32/00005_00017.ppm;32;0
32/00005_00018.ppm;32;0
32/00005_00019.ppm;32;0
32/00005_00020.ppm;32;0
32/00005_00021.ppm;32;0
32/00005_00022.ppm;32;0
32/00005_00023.ppm;32;0
32/00005_00024.ppm;32;0
32/00005_00025.ppm;32;0
32/00005_00026.ppm;32;0
32/00005_00027.ppm;32;0
32/00005_00028.ppm;32;0
32/00005_00029.ppm;32;0
33/00000_00000.ppm;33;0
33/00000_00001.ppm;33;0
33/00000_00002.ppm;33;0
33/00000_00003.ppm;33;0
33/00000_00004.ppm;33;0
33/00000_00005.ppm;33;0
33/00000_00006.ppm;33;0
33/00000_00007.ppm;33;0
33/00000_00008.ppm;33;0
33/00000_00009.ppm;33;0
33/00000_00010.ppm;33;0
33/00000_00011.ppm;33;0
33/00000_00012.ppm;33;0
33/00000_00013.ppm;33;0
33/00000_00014.ppm;33;0
33/00000_00015.ppm;33;0
33/00000_00016.ppm;33;0
33/00000_00017.ppm;33;0
33/00000_00018.ppm;33;0
33/00000_00019.ppm;33;0
33/00000_00020.ppm;33;0
33/00000_00021.ppm;33;0
33/00000_00022.ppm;33;0
33/00000_00023.ppm;33;0
33/00000_00024.ppm;33;0
33/00000_00025.ppm;33;0
33/00000_00026.ppm;33;0
33/00000_00027.ppm;33;0
33/00000_00028.ppm;33;0
33/00000_00029.ppm;33;0
33/00001_00000.ppm;33;0
33/00001_00001.ppm;33;0
33/00001_00002.ppm;33;0
33/00001_00003.ppm;33;0
33/00001_00004.ppm;33;0
33/00001_00005.ppm;33;0
33/00001_00006.ppm;33;0
33/00001_00007.ppm;33;0
33/00001_00008.ppm;33;0
33/00001_00009.ppm;33;0
33/00001_00010.ppm;33;0
33/00001_00011.ppm;33;0
33/00001_00012.ppm;33;0
33/00001_00013.ppm;33;0
33/00001_00014.ppm;33;0
33/00001_00015.ppm;33;0
33/00001_00016.ppm;33;0
33/00001_00017.ppm;33;0
33/00001_00018.ppm;33;0
33/00001_00019.ppm;33;0
33/00001_00020.ppm;33;0
33/00001_00021.ppm;33;0
33/00001_00022.ppm;33;0
33/00001_00023.ppm;33;0
33/00001_00024.ppm;33;0
33/00001_00025.ppm;33;0
33/00001_00026.ppm;33;0
33/00001_00027.ppm;33;0
33/00001_00028.ppm;33;0
33/00001_00029.ppm;33;0
33/00002_00000.ppm;33;0
33/00002_00001.ppm;33;0
33/00002_00002.ppm;33;0
33/00002_00003.ppm;33;0
33/00002_00004.ppm;33;0
33/00002_00005.ppm;33;0
33/00002_00006.ppm;33;0
33/00002_00007.ppm;33;0
33/00002_00008.ppm;33;0
33/00002_00009.ppm;33;0
33/00002_00010.ppm;33;0
33/00002_00011.ppm;33;0
33/00002_00012.ppm;33;0
33/00002_00013.ppm;33;0
33/00002_00014.ppm;33;0
33/00002_00015.ppm;33;0
33/00002_00016.ppm;33;0
33/00002_00017.ppm;33;0
33/00002_00018.ppm;33;0
33/00002_00019.ppm;33;0
33/00002_00020.ppm;33;0
33/00002_00021.ppm;33;0
33/00002_00022.ppm;33;0
33/00002_00023.ppm;33;0
33/00002_00024.ppm;33;0
33/00002_00025.ppm;33;0
33/00002_00026.ppm;33;0
33/00002_00027.ppm;33;0
33/00002_00028.ppm;33;0
33/00002_00029.ppm;33;0
33/00003_00000.ppm;33;0
33/00003_00001.ppm;33;0
33/00003_00002.ppm;33;0
33/00003_00003.ppm;33;0
33/00003_00004.ppm;33;0
33/00003_00005.ppm;33;0
33/00003_00006.ppm;33;0
33/00003_00007.ppm;33;0
33/00003_00008.ppm;33;0
33/00003_00009.ppm;33;0
33/00003_00010.ppm;33;0
33/00003_00011.ppm;33;0
33/00003_00012.ppm;33;0
33/00003_00013.ppm;33;0
33/00003_00014.ppm;33;0
33/00003_00015.ppm;33;0
33/00003_00016.ppm;33;0
33/00003_00017.ppm;33;0
33/00003_00018.ppm;33;0
33/00003_00019.ppm;33;0
33/00003_00020.ppm;33;0
33/00003_00021.ppm;33;0
33/00003_00022.ppm;33;0
33/00003_00023.ppm;33;0
33/00003_00024.ppm;33;0
33/00003_00025.ppm;33;0
33/00003_00026.ppm;33;0
33/00003_00027.ppm;33;0
33/00003_00028.ppm;33;0
33/00003_00029.ppm;33;0
33/00004_00000.ppm;33;0
33/00004_00001.ppm;33;0
33/00004_00002.ppm;33;0
33/00004_00003.ppm;33;0
33/00004_00004.ppm;33;0
33/00004_00005.ppm;33;0
33/00004_00006.ppm;33;0
33/00004_00007.ppm;33;0
33/00004_00008.ppm;33;0
33/00004_00009.ppm;33;0
33/00004_00010.ppm;33;0
33/00004_00011.ppm;33;0
33/00004_00012.ppm;33;0
33/00004_00013.ppm;33;0
33/00004_00014.ppm;33;0
33/00004_00015.ppm;33;0
33/00004_00016.ppm;33;0
33/00004_00017.ppm;33;0
33/00004_00018.ppm;33;0
33/00004_00019.ppm;33;0
33/00004_00020.ppm;33;0
33/00004_00021.ppm;33;0
33/00004_00022.ppm;33;0
33/00004_00023.ppm;33;0
33/00004_00024.ppm;33;0
33/00004_00025.ppm;33;0
33/00004_00026.ppm;33;0
33/00004_00027.ppm;33;0
33/00004_00028.ppm;33;0
33/00004_00029.ppm;33;0
33/00005_00000.ppm;33;0
33/00005_00001.ppm;33;0
33/00005_00002.ppm;33;0
33/00005_00003.ppm;33;0
33/00005_00004.ppm;33;0
33/00005_00005.ppm;33;0
33/00005_00006.ppm;33;0
33/00005_00007.ppm;33;0
33/00005_00008.ppm;33;0
33/00005_00009.ppm;33;0
33/00005_00010.ppm;33;0
33/00005_00011.ppm;33;0
33/00005_00012.ppm;33;0
33/00005_00013.ppm;33;0
33/00005_00014.ppm;33;0
33/00005_00015.ppm;33;0
33/00005_00016.ppm;33;0
33/00005_00017.ppm;33;0
33/00005_00018.ppm;33;0
33/00005_00019.ppm;33;0
33/00005_00020.ppm;33;0
33/00005_00021.ppm;33;0
33/00005_00022.ppm;33;0
33/00005_00023.ppm;33;0
33/00005_00024.ppm;33;0
33/00005_00025.ppm;33;0
33/00005_00026.ppm;33;0
33/00005_00027.ppm;33;0
33/00005_00028.ppm;33;0
33/00005_00029.ppm;33;0
33/00006_00000.ppm;33;0
33/00006_00001.ppm;33;0
33/00006_00002.ppm;33;0
33/00006_00003.ppm;33;0
33/00006_00004.ppm;33;0
33/00006_00005.ppm;33;0
33/00006_00006.ppm;33;0
33/00006_00007.ppm;33;0
33/00006_00008.ppm;33;0
33/00006_00009.ppm;33;0
33/00006_00010.ppm;33;0
33/00006_00011.ppm;33;0
33/00006_00012.ppm;33;0
33/00006_00013.ppm;33;0
33/00006_00014.ppm;33;0
33/00006_00015.ppm;33;0
33/00006_00016.ppm;33;0
33/00006_00017.ppm;33;0
33/00006_00018.ppm;33;0
33/00006_00019.ppm;33;0
33/00006_00020.ppm;33;0
33/00006_00021.ppm;33;0
33/00006_00022.ppm;33;0
33/00006_00023.ppm;33;0
33/00006_00024.ppm;33;0
33/00006_00025.ppm;33;0
33/00006_00026.ppm;33;0
33/00006_00027.ppm;33;0
33/00006_00028.ppm;33;0
33/00006_00029.ppm;33;0
33/00007_00000.ppm;33;0
33/00007_00001.ppm;33;0
33/00007_00002.ppm;33;0
33/00007_00003.ppm;33;0
33/00007_00004.ppm;33;0
33/00007_00005.ppm;33;0
33/00007_00006.ppm;33;0
33/00007_00007.ppm;33;0
33/00007_00008.ppm;33;0
33/00007_00009.ppm;33;0
33/00007_00010.ppm;33;0
33/00007_00011.ppm;33;0
33/00007_00012.ppm;33;0
33/00007_00013.ppm;33;0
33/00007_00014.ppm;33;0
33/00007_00015.ppm;33;0
33/00007_00016.ppm;33;0
33/00007_00017.ppm;33;0
33/00007_00018.ppm;33;0
33/00007_00019.ppm;33;0
33/00007_00020.ppm;33;0
33/00007_00021.ppm;33;0
33/00007_00022.ppm;33;0
33/00007_00023.ppm;33;0
33/00007_00024.ppm;33;0
33/00007_00025.ppm;33;0
33/00007_00026.ppm;33;0
33/00007_00027.ppm;33;0
33/00007_00028.ppm;33;0
33/00007_00029.ppm;33;0
33/00008_00000.ppm;33;0
33/00008_00001.ppm;33;0
33/00008_00002.ppm;33;0
33/00008_00003.ppm;33;0
33/00008_00004.ppm;33;0
33/00008_00005.ppm;33;0
33/00008_00006.ppm;33;0
33/00008_00007.ppm;33;0
33/00008_00008.ppm;33;0
33/00008_00009.ppm;33;0
33/00008_00010.ppm;33;0
33/00008_00011.ppm;33;0
33/00008_00012.ppm;33;0
33/00008_00013.ppm;33;0
33/00008_00014.ppm;33;0
33/00008_00015.ppm;33;0
33/00008_00016.ppm;33;0
33/00008_00017.ppm;33;0
33/00008_00018.ppm;33;0
33/00008_00019.ppm;33;0
33/00008_00020.ppm;33;0
33/00008_00021.ppm;33;0
33/00008_00022.ppm;33;0
33/00008_00023.ppm;33;0
33/00008_00024.ppm;33;0
33/00008_00025.ppm;33;0
33/00008_00026.ppm;33;0
33/00008_00027.ppm;33;0
33/00008_00028.ppm;33;0
33/00008_00029.ppm;33;0
33/00009_00000.ppm;33;0
33/00009_00001.ppm;33;0
33/00009_00002.ppm;33;0
33/00009_00003.ppm;33;0
33/00009_00004.ppm;33;0
33/00009_00005.ppm;33;0
33/00009_00006.ppm;33;0
33/00009_00007.ppm;33;0
33/00009_00008.ppm;33;0
33/00009_00009.ppm;33;0
33/00009_00010.ppm;33;0
33/00009_00011.ppm;33;0
33/00009_00012.ppm;33;0
33/00009_00013.ppm;33;0
33/00009_00014.ppm;33;0
33/00009_00015.ppm;33;0
33/00009_00016.ppm;33;0
33/00009_00017.ppm;33;0
33/00009_00018.ppm;33;0
33/00009_00019.ppm;33;0
33/00009_00020.ppm;33;0
33/00009_00021.ppm;33;0
33/00009_00022.ppm;33;0
33/00009_00023.ppm;33;0
33/00009_00024.ppm;33;0
33/00009_00025.ppm;33;0
33/00009_00026.ppm;33;0
33/00009_00027.ppm;33;0
33/00009_00028.ppm;33;0
33/00009_00029.ppm;33;0
33/00010_00000.ppm;33;0
33/00010_00001.ppm;33;0
33/00010_00002.ppm;33;0
33/00010_00003.ppm;33;0
33/00010_00004.ppm;33;0
33/00010_00005.ppm;33;0
33/00010_00006.ppm;33;0
33/00010_00007.ppm;33;0
33/00010_00008.ppm;33;0
33/00010_00009.ppm;33;0
33/00010_00010.ppm;33;0
33/00010_00011.ppm;33;0
33/00010_00012.ppm;33;0
33/00010_00013.ppm;33;0
33/00010_00014.ppm;33;0
33/00010_00015.ppm;33;0
33/00010_00016.ppm;33;0
33/00010_00017.ppm;33;0
33/00010_00018.ppm;33;0
33/00010_00019.ppm;33;0
33/00010_00020.ppm;33;0
33/00010_00021.ppm;33;0
33/00010_00022.ppm;33;0
33/00010_00023.ppm;33;0
33/00010_00024.ppm;33;0
33/00010_00025.ppm;33;0
33/00010_00026.ppm;33;0
33/00010_00027.ppm;33;0
33/00010_00028.ppm;33;0
33/00010_00029.ppm;33;0
33/00011_00000.ppm;33;0
33/00011_00001.ppm;33;0
33/00011_00002.ppm;33;0
33/00011_00003.ppm;33;0
33/00011_00004.ppm;33;0
33/00011_00005.ppm;33;0
33/00011_00006.ppm;33;0
33/00011_00007.ppm;33;0
33/00011_00008.ppm;33;0
33/00011_00009.ppm;33;0
33/00011_00010.ppm;33;0
33/00011_00011.ppm;33;0
33/00011_00012.ppm;33;0
33/00011_00013.ppm;33;0
33/00011_00014.ppm;33;0
33/00011_00015.ppm;33;0
33/00011_00016.ppm;33;0
33/00011_00017.ppm;33;0
33/00011_00018.ppm;33;0
33/00011_00019.ppm;33;0
33/00011_00020.ppm;33;0
33/00011_00021.ppm;33;0
33/00011_00022.ppm;33;0
33/00011_00023.ppm;33;0
33/00011_00024.ppm;33;0
33/00011_00025.ppm;33;0
33/00011_00026.ppm;33;0
33/00011_00027.ppm;33;0
33/00011_00028.ppm;33;0
33/00011_00029.ppm;33;0
33/00012_00000.ppm;33;0
33/00012_00001.ppm;33;0
33/00012_00002.ppm;33;0
33/00012_00003.ppm;33;0
33/00012_00004.ppm;33;0
33/00012_00005.ppm;33;0
33/00012_00006.ppm;33;0
33/00012_00007.ppm;33;0
33/00012_00008.ppm;33;0
33/00012_00009.ppm;33;0
33/00012_00010.ppm;33;0
33/00012_00011.ppm;33;0
33/00012_00012.ppm;33;0
33/00012_00013.ppm;33;0
33/00012_00014.ppm;33;0
33/00012_00015.ppm;33;0
33/00012_00016.ppm;33;0
33/00012_00017.ppm;33;0
33/00012_00018.ppm;33;0
33/00012_00019.ppm;33;0
33/00012_00020.ppm;33;0
33/00012_00021.ppm;33;0
33/00012_00022.ppm;33;0
33/00012_00023.ppm;33;0
33/00012_00024.ppm;33;0
33/00012_00025.ppm;33;0
33/00012_00026.ppm;33;0
33/00012_00027.ppm;33;0
33/00012_00028.ppm;33;0
33/00012_00029.ppm;33;0
33/00013_00000.ppm;33;0
33/00013_00001.ppm;33;0
33/00013_00002.ppm;33;0
33/00013_00003.ppm;33;0
33/00013_00004.ppm;33;0
33/00013_00005.ppm;33;0
33/00013_00006.ppm;33;0
33/00013_00007.ppm;33;0
33/00013_00008.ppm;33;0
33/00013_00009.ppm;33;0
33/00013_00010.ppm;33;0
33/00013_00011.ppm;33;0
33/00013_00012.ppm;33;0
33/00013_00013.ppm;33;0
33/00013_00014.ppm;33;0
33/00013_00015.ppm;33;0
33/00013_00016.ppm;33;0
33/00013_00017.ppm;33;0
33/00013_00018.ppm;33;0
33/00013_00019.ppm;33;0
33/00013_00020.ppm;33;0
33/00013_00021.ppm;33;0
33/00013_00022.ppm;33;0
33/00013_00023.ppm;33;0
33/00013_00024.ppm;33;0
33/00013_00025.ppm;33;0
33/00013_00026.ppm;33;0
33/00013_00027.ppm;33;0
33/00013_00028.ppm;33;0
33/00013_00029.ppm;33;0
33/00014_00000.ppm;33;0
33/00014_00001.ppm;33;0
33/00014_00002.ppm;33;0
33/00014_00003.ppm;33;0
33/00014_00004.ppm;33;0
33/00014_00005.ppm;33;0
33/00014_00006.ppm;33;0
33/00014_00007.ppm;33;0
33/00014_00008.ppm;33;0
33/00014_00009.ppm;33;0
33/00014_00010.ppm;33;0
33/00014_00011.ppm;33;0
33/00014_00012.ppm;33;0
33/00014_00013.ppm;33;0
33/00014_00014.ppm;33;0
33/00014_00015.ppm;33;0
33/00014_00016.ppm;33;0
33/00014_00017.ppm;33;0
33/00014_00018.ppm;33;0
33/00014_00019.ppm;33;0
33/00014_00020.ppm;33;0
33/00014_00021.ppm;33;0
33/00014_00022.ppm;33;0
33/00014_00023.ppm;33;0
33/00014_00024.ppm;33;0
33/00014_00025.ppm;33;0
33/00014_00026.ppm;33;0
33/00014_00027.ppm;33;0
33/00014_00028.ppm;33;0
33/00014_00029.ppm;33;0
33/00015_00000.ppm;33;0
33/00015_00001.ppm;33;0
33/00015_00002.ppm;33;0
33/00015_00003.ppm;33;0
33/00015_00004.ppm;33;0
33/00015_00005.ppm;33;0
33/00015_00006.ppm;33;0
33/00015_00007.ppm;33;0
33/00015_00008.ppm;33;0
33/00015_00009.ppm;33;0
33/00015_00010.ppm;33;0
33/00015_00011.ppm;33;0
33/00015_00012.ppm;33;0
33/00015_00013.ppm;33;0
33/00015_00014.ppm;33;0
33/00015_00015.ppm;33;0
33/00015_00016.ppm;33;0
33/00015_00017.ppm;33;0
33/00015_00018.ppm;33;0
33/00015_00019.ppm;33;0
33/00015_00020.ppm;33;0
33/00015_00021.ppm;33;0
33/00015_00022.ppm;33;0
33/00015_00023.ppm;33;0
33/00015_00024.ppm;33;0
33/00015_00025.ppm;33;0
33/00015_00026.ppm;33;0
33/00015_00027.ppm;33;0
33/00015_00028.ppm;33;0
33/00015_00029.ppm;33;0
34/00000_00000.ppm;34;0
34/00000_00001.ppm;34;0
34/00000_00002.ppm;34;0
34/00000_00003.ppm;34;0
34/00000_00004.ppm;34;0
34/00000_00005.ppm;34;0
34/00000_00006.ppm;34;0
34/00000_00007.ppm;34;0
34/00000_00008.ppm;34;0
34/00000_00009.ppm;34;0
34/00000_00010.ppm;34;0
34/00000_00011.ppm;34;0
34/00000_00012.ppm;34;0
34/00000_00013.ppm;34;0
34/00000_00014.ppm;34;0
34/00000_00015.ppm;34;0
34/00000_00016.ppm;34;0
34/00000_00017.ppm;34;0
34/00000_00018.ppm;34;0
34/00000_00019.ppm;34;0
34/00000_00020.ppm;34;0
34/00000_00021.ppm;34;0
34/00000_00022.ppm;34;0
34/00000_00023.ppm;34;0
34/00000_00024.ppm;34;0
34/00000_00025.ppm;34;0
34/00000_00026.ppm;34;0
34/00000_00027.ppm;34;0
34/00000_00028.ppm;34;0
34/00000_00029.ppm;34;0
34/00001_00000.ppm;34;0
34/00001_00001.ppm;34;0
34/00001_00002.ppm;34;0
34/00001_00003.ppm;34;0
34/00001_00004.ppm;34;0
34/00001_00005.ppm;34;0
34/00001_00006.ppm;34;0
34/00001_00007.ppm;34;0
34/00001_00008.ppm;34;0
34/00001_00009.ppm;34;0
34/00001_00010.ppm;34;0
34/00001_00011.ppm;34;0
34/00001_00012.ppm;34;0
34/00001_00013.ppm;34;0
34/00001_00014.ppm;34;0
34/00001_00015.ppm;34;0
34/00001_00016.ppm;34;0
34/00001_00017.ppm;34;0
34/00001_00018.ppm;34;0
34/00001_00019.ppm;34;0
34/00001_00020.ppm;34;0
34/00001_00021.ppm;34;0
34/00001_00022.ppm;34;0
34/00001_00023.ppm;34;0
34/00001_00024.ppm;34;0
34/00001_00025.ppm;34;0
34/00001_00026.ppm;34;0
34/00001_00027.ppm;34;0
34/00001_00028.ppm;34;0
34/00001_00029.ppm;34;0
34/00002_00000.ppm;34;0
34/00002_00001.ppm;34;0
34/00002_00002.ppm;34;0
34/00002_00003.ppm;34;0
34/00002_00004.ppm;34;0
34/00002_00005.ppm;34;0
34/00002_00006.ppm;34;0
34/00002_00007.ppm;34;0
34/00002_00008.ppm;34;0
34/00002_00009.ppm;34;0
34/00002_00010.ppm;34;0
34/00002_00011.ppm;34;0
34/00002_00012.ppm;34;0
34/00002_00013.ppm;34;0
34/00002_00014.ppm;34;0
34/00002_00015.ppm;34;0
34/00002_00016.ppm;34;0
34/00002_00017.ppm;34;0
34/00002_00018.ppm;34;0
34/00002_00019.ppm;34;0
34/00002_00020.ppm;34;0
34/00002_00021.ppm;34;0
34/00002_00022.ppm;34;0
34/00002_00023.ppm;34;0
34/00002_00024.ppm;34;0
34/00002_00025.ppm;34;0
34/00002_00026.ppm;34;0
34/00002_00027.ppm;34;0
34/00002_00028.ppm;34;0
34/00002_00029.ppm;34;0
34/00003_00000.ppm;34;0
34/00003_00001.ppm;34;0
34/00003_00002.ppm;34;0
34/00003_00003.ppm;34;0
34/00003_00004.ppm;34;0
34/00003_00005.ppm;34;0
34/00003_00006.ppm;34;0
34/00003_00007.ppm;34;0
34/00003_00008.ppm;34;0
34/00003_00009.ppm;34;0
34/00003_00010.ppm;34;0
34/00003_00011.ppm;34;0
34/00003_00012.ppm;34;0
34/00003_00013.ppm;34;0
34/00003_00014.ppm;34;0
34/00003_00015.ppm;34;0
34/00003_00016.ppm;34;0
34/00003_00017.ppm;34;0
34/00003_00018.ppm;34;0
34/00003_00019.ppm;34;0
34/00003_00020.ppm;34;0
34/00003_00021.ppm;34;0
34/00003_00022.ppm;34;0
34/00003_00023.ppm;34;0
34/00003_00024.ppm;34;0
34/00003_00025.ppm;34;0
34/00003_00026.ppm;34;0
34/00003_00027.ppm;34;0
34/00003_00028.ppm;34;0
34/00003_00029.ppm;34;0
34/00004_00000.ppm;34;0
34/00004_00001.ppm;34;0
34/00004_00002.ppm;34;0
34/00004_00003.ppm;34;0
34/00004_00004.ppm;34;0
34/00004_00005.ppm;34;0
34/00004_00006.ppm;34;0
34/00004_00007.ppm;34;0
34/00004_00008.ppm;34;0
34/00004_00009.ppm;34;0
34/00004_00010.ppm;34;0
34/00004_00011.ppm;34;0
34/00004_00012.ppm;34;0
34/00004_00013.ppm;34;0
34/00004_00014.ppm;34;0
34/00004_00015.ppm;34;0
34/00004_00016.ppm;34;0
34/00004_00017.ppm;34;0
34/00004_00018.ppm;34;0
34/00004_00019.ppm;34;0
34/00004_00020.ppm;34;0
34/00004_00021.ppm;34;0
34/00004_00022.ppm;34;0
34/00004_00023.ppm;34;0
34/00004_00024.ppm;34;0
34/00004_00025.ppm;34;0
34/00004_00026.ppm;34;0
34/00004_00027.ppm;34;0
34/00004_00028.ppm;34;0
34/00004_00029.ppm;34;0
34/00005_00000.ppm;34;0
34/00005_00001.ppm;34;0
34/00005_00002.ppm;34;0
34/00005_00003.ppm;34;0
34/00005_00004.ppm;34;0
34/00005_00005.ppm;34;0
34/00005_00006.ppm;34;0
34/00005_00007.ppm;34;0
34/00005_00008.ppm;34;0
34/00005_00009.ppm;34;0
34/00005_00010.ppm;34;0
34/00005_00011.ppm;34;0
34/00005_00012.ppm;34;0
34/00005_00013.ppm;34;0
34/00005_00014.ppm;34;0
34/00005_00015.ppm;34;0
34/00005_00016.ppm;34;0
34/00005_00017.ppm;34;0
34/00005_00018.ppm;34;0
34/00005_00019.ppm;34;0
34/00005_00020.ppm;34;0
34/00005_00021.ppm;34;0
34/00005_00022.ppm;34;0
34/00005_00023.ppm;34;0
34/00005_00024.ppm;34;0
34/00005_00025.ppm;34;0
34/00005_00026.ppm;34;0
34/00005_00027.ppm;34;0
34/00005_00028.ppm;34;0
34/00005_00029.ppm;34;0
34/00006_00000.ppm;34;0
34/00006_00001.ppm;34;0
34/00006_00002.ppm;34;0
34/00006_00003.ppm;34;0
34/00006_00004.ppm;34;0
34/00006_00005.ppm;34;0
34/00006_00006.ppm;34;0
34/00006_00007.ppm;34;0
34/00006_00008.ppm;34;0
34/00006_00009.ppm;34;0
34/00006_00010.ppm;34;0
34/00006_00011.ppm;34;0
34/00006_00012.ppm;34;0
34/00006_00013.ppm;34;0
34/00006_00014.ppm;34;0
34/00006_00015.ppm;34;0
34/00006_00016.ppm;34;0
34/00006_00017.ppm;34;0
34/00006_00018.ppm;34;0
34/00006_00019.ppm;34;0
34/00006_00020.ppm;34;0
34/00006_00021.ppm;34;0
34/00006_00022.ppm;34;0
34/00006_00023.ppm;34;0
34/00006_00024.ppm;34;0
34/00006_00025.ppm;34;0
34/00006_00026.ppm;34;0
34/00006_00027.ppm;34;0
34/00006_00028.ppm;34;0
34/00006_00029.ppm;34;0
34/00007_00000.ppm;34;0
34/00007_00001.ppm;34;0
34/00007_00002.ppm;34;0
34/00007_00003.ppm;34;0
34/00007_00004.ppm;34;0
34/00007_00005.ppm;34;0
34/00007_00006.ppm;34;0
34/00007_00007.ppm;34;0
34/00007_00008.ppm;34;0
34/00007_00009.ppm;34;0
34/00007_00010.ppm;34;0
34/00007_00011.ppm;34;0
34/00007_00012.ppm;34;0
34/00007_00013.ppm;34;0
34/00007_00014.ppm;34;0
34/00007_00015.ppm;34;0
34/00007_00016.ppm;34;0
34/00007_00017.ppm;34;0
34/00007_00018.ppm;34;0
34/00007_00019.ppm;34;0
34/00007_00020.ppm;34;0
34/00007_00021.ppm;34;0
34/00007_00022.ppm;34;0
34/00007_00023.ppm;34;0
34/00007_00024.ppm;34;0
34/00007_00025.ppm;34;0
34/00007_00026.ppm;34;0
34/00007_00027.ppm;34;0
34/00007_00028.ppm;34;0
34/00007_00029.ppm;34;0
34/00008_00000.ppm;34;0
34/00008_00001.ppm;34;0
34/00008_00002.ppm;34;0
34/00008_00003.ppm;34;0
34/00008_00004.ppm;34;0
34/00008_00005.ppm;34;0
34/00008_00006.ppm;34;0
34/00008_00007.ppm;34;0
34/00008_00008.ppm;34;0
34/00008_00009.ppm;34;0
34/00008_00010.ppm;34;0
34/00008_00011.ppm;34;0
34/00008_00012.ppm;34;0
34/00008_00013.ppm;34;0
34/00008_00014.ppm;34;0
34/00008_00015.ppm;34;0
34/00008_00016.ppm;34;0
34/00008_00017.ppm;34;0
34/00008_00018.ppm;34;0
34/00008_00019.ppm;34;0
34/00008_00020.ppm;34;0
34/00008_00021.ppm;34;0
34/00008_00022.ppm;34;0
34/00008_00023.ppm;34;0
34/00008_00024.ppm;34;0
34/00008_00025.ppm;34;0
34/00008_00026.ppm;34;0
34/00008_00027.ppm;34;0
34/00008_00028.ppm;34;0
34/00008_00029.ppm;34;0
34/00009_00000.ppm;34;0
34/00009_00001.ppm;34;0
34/00009_00002.ppm;34;0
34/00009_00003.ppm;34;0
34/00009_00004.ppm;34;0
34/00009_00005.ppm;34;0
34/00009_00006.ppm;34;0
34/00009_00007.ppm;34;0
34/00009_00008.ppm;34;0
34/00009_00009.ppm;34;0
34/00009_00010.ppm;34;0
34/00009_00011.ppm;34;0
34/00009_00012.ppm;34;0
34/00009_00013.ppm;34;0
34/00009_00014.ppm;34;0
34/00009_00015.ppm;34;0
34/00009_00016.ppm;34;0
34/00009_00017.ppm;34;0
34/00009_00018.ppm;34;0
34/00009_00019.ppm;34;0
34/00009_00020.ppm;34;0
34/00009_00021.ppm;34;0
34/00009_00022.ppm;34;0
34/00009_00023.ppm;34;0
34/00009_00024.ppm;34;0
34/00009_00025.ppm;34;0
34/00009_00026.ppm;34;0
34/00009_00027.ppm;34;0
34/00009_00028.ppm;34;0
34/00009_00029.ppm;34;0
35/00000_00000.ppm;35;0
35/00000_00001.ppm;35;0
35/00000_00002.ppm;35;0
35/00000_00003.ppm;35;0
35/00000_00004.ppm;35;0
35/00000_00005.ppm;35;0
35/00000_00006.ppm;35;0
35/00000_00007.ppm;35;0
35/00000_00008.ppm;35;0
35/00000_00009.ppm;35;0
35/00000_00010.ppm;35;0
35/00000_00011.ppm;35;0
35/00000_00012.ppm;35;0
35/00000_00013.ppm;35;0
35/00000_00014.ppm;35;0
35/00000_00015.ppm;35;0
35/00000_00016.ppm;35;0
35/00000_00017.ppm;35;0
35/00000_00018.ppm;35;0
35/00000_00019.ppm;35;0
35/00000_00020.ppm;35;0
35/00000_00021.ppm;35;0
35/00000_00022.ppm;35;0
35/00000_00023.ppm;35;0
35/00000_00024.ppm;35;0
35/00000_00025.ppm;35;0
35/00000_00026.ppm;35;0
35/00000_00027.ppm;35;0
35/00000_00028.ppm;35;0
35/00000_00029.ppm;35;0
35/00001_00000.ppm;35;0
35/00001_00001.ppm;35;0
35/00001_00002.ppm;35;0
35/00001_00003.ppm;35;0
35/00001_00004.ppm;35;0
35/00001_00005.ppm;35;0
35/00001_00006.ppm;35;0
35/00001_00007.ppm;35;0
35/00001_00008.ppm;35;0
35/00001_00009.ppm;35;0
35/00001_00010.ppm;35;0
35/00001_00011.ppm;35;0
35/00001_00012.ppm;35;0
35/00001_00013.ppm;35;0
35/00001_00014.ppm;35;0
35/00001_00015.ppm;35;0
35/00001_00016.ppm;35;0
35/00001_00017.ppm;35;0
35/00001_00018.ppm;35;0
35/00001_00019.ppm;35;0
35/00001_00020.ppm;35;0
35/00001_00021.ppm;35;0
35/00001_00022.ppm;35;0
35/00001_00023.ppm;35;0
35/00001_00024.ppm;35;0
35/00001_00025.ppm;35;0
35/00001_00026.ppm;35;0
35/00001_00027.ppm;35;0
35/00001_00028.ppm;35;0
35/00001_00029.ppm;35;0
35/00002_00000.ppm;35;0
35/00002_00001.ppm;35;0
35/00002_00002.ppm;35;0
35/00002_00003.ppm;35;0
35/00002_00004.ppm;35;0
35/00002_00005.ppm;35;0
35/00002_00006.ppm;35;0
35/00002_00007.ppm;35;0
35/00002_00008.ppm;35;0
35/00002_00009.ppm;35;0
35/00002_00010.ppm;35;0
35/00002_00011.ppm;35;0
35/00002_00012.ppm;35;0
35/00002_00013.ppm;35;0
35/00002_00014.ppm;35;0
35/00002_00015.ppm;35;0
35/00002_00016.ppm;35;0
35/00002_00017.ppm;35;0
35/00002_00018.ppm;35;0
35/00002_00019.ppm;35;0
35/00002_00020.ppm;35;0
35/00002_00021.ppm;35;0
35/00002_00022.ppm;35;0
35/00002_00023.ppm;35;0
35/00002_00024.ppm;35;0
35/00002_00025.ppm;35;0
35/00002_00026.ppm;35;0
35/00002_00027.ppm;35;0
35/00002_00028.ppm;35;0
35/00002_00029.ppm;35;0
35/00003_00000.ppm;35;0
35/00003_00001.ppm;35;0
35/00003_00002.ppm;35;0
35/00003_00003.ppm;35;0
35/00003_00004.ppm;35;0
35/00003_00005.ppm;35;0
35/00003_00006.ppm;35;0
35/00003_00007.ppm;35;0
35/00003_00008.ppm;35;0
35/00003_00009.ppm;35;0
35/00003_00010.ppm;35;0
35/00003_00011.ppm;35;0
35/00003_00012.ppm;35;0
35/00003_00013.ppm;35;0
35/00003_00014.ppm;35;0
35/00003_00015.ppm;35;0
35/00003_00016.ppm;35;0
35/00003_00017.ppm;35;0
35/00003_00018.ppm;35;0
35/00003_00019.ppm;35;0
35/00003_00020.ppm;35;0
35/00003_00021.ppm;35;0
35/00003_00022.ppm;35;0
35/00003_00023.ppm;35;0
35/00003_00024.ppm;35;0
35/00003_00025.ppm;35;0
35/00003_00026.ppm;35;0
35/00003_00027.ppm;35;0
35/00003_00028.ppm;35;0
35/00003_00029.ppm;35;0
35/00004_00000.ppm;35;0
35/00004_00001.ppm;35;0
35/00004_00002.ppm;35;0
35/00004_00003.ppm;35;0
35/00004_00004.ppm;35;0
35/00004_00005.ppm;35;0
35/00004_00006.ppm;35;0
35/00004_00007.ppm;35;0
35/00004_00008.ppm;35;0
35/00004_00009.ppm;35;0
35/00004_00010.ppm;35;0
35/00004_00011.ppm;35;0
35/00004_00012.ppm;35;0
35/00004_00013.ppm;35;0
35/00004_00014.ppm;35;0
35/00004_00015.ppm;35;0
35/00004_00016.ppm;35;0
35/00004_00017.ppm;35;0
35/00004_00018.ppm;35;0
35/00004_00019.ppm;35;0
35/00004_00020.ppm;35;0
35/00004_00021.ppm;35;0
35/00004_00022.ppm;35;0
35/00004_00023.ppm;35;0
35/00004_00024.ppm;35;0
35/00004_00025.ppm;35;0
35/00004_00026.ppm;35;0
35/00004_00027.ppm;35;0
35/00004_00028.ppm;35;0
35/00004_00029.ppm;35;0
35/00005_00000.ppm;35;0
35/00005_00001.ppm;35;0
35/00005_00002.ppm;35;0
35/00005_00003.ppm;35;0
35/00005_00004.ppm;35;0
35/00005_00005.ppm;35;0
35/00005_00006.ppm;35;0
35/00005_00007.ppm;35;0
35/00005_00008.ppm;35;0
35/00005_00009.ppm;35;0
35/00005_00010.ppm;35;0
35/00005_00011.ppm;35;0
35/00005_00012.ppm;35;0
35/00005_00013.ppm;35;0
35/00005_00014.ppm;35;0
35/00005_00015.ppm;35;0
35/00005_00016.ppm;35;0
35/00005_00017.ppm;35;0
35/00005_00018.ppm;35;0
35/00005_00019.ppm;35;0
35/00005_00020.ppm;35;0
35/00005_00021.ppm;35;0
35/00005_00022.ppm;35;0
35/00005_00023.ppm;35;0
35/00005_00024.ppm;35;0
35/00005_00025.ppm;35;0
35/00005_00026.ppm;35;0
35/00005_00027.ppm;35;0
35/00005_00028.ppm;35;0
35/00005_00029.ppm;35;0
35/00006_00000.ppm;35;0
35/00006_00001.ppm;35;0
35/00006_00002.ppm;35;0
35/00006_00003.ppm;35;0
35/00006_00004.ppm;35;0
35/00006_00005.ppm;35;0
35/00006_00006.ppm;35;0
35/00006_00007.ppm;35;0
35/00006_00008.ppm;35;0
35/00006_00009.ppm;35;0
35/00006_00010.ppm;35;0
35/00006_00011.ppm;35;0
35/00006_00012.ppm;35;0
35/00006_00013.ppm;35;0
35/00006_00014.ppm;35;0
35/00006_00015.ppm;35;0
35/00006_00016.ppm;35;0
35/00006_00017.ppm;35;0
35/00006_00018.ppm;35;0
35/00006_00019.ppm;35;0
35/00006_00020.ppm;35;0
35/00006_00021.ppm;35;0
35/00006_00022.ppm;35;0
35/00006_00023.ppm;35;0
35/00006_00024.ppm;35;0
35/00006_00025.ppm;35;0
35/00006_00026.ppm;35;0
35/00006_00027.ppm;35;0
35/00006_00028.ppm;35;0
35/00006_00029.ppm;35;0
35/00007_00000.ppm;35;0
35/00007_00001.ppm;35;0
35/00007_00002.ppm;35;0
35/00007_00003.ppm;35;0
35/00007_00004.ppm;35;0
35/00007_00005.ppm;35;0
35/00007_00006.ppm;35;0
35/00007_00007.ppm;35;0
35/00007_00008.ppm;35;0
35/00007_00009.ppm;35;0
35/00007_00010.ppm;35;0
35/00007_00011.ppm;35;0
35/00007_00012.ppm;35;0
35/00007_00013.ppm;35;0
35/00007_00014.ppm;35;0
35/00007_00015.ppm;35;0
35/00007_00016.ppm;35;0
35/00007_00017.ppm;35;0
35/00007_00018.ppm;35;0
35/00007_00019.ppm;35;0
35/00007_00020.ppm;35;0
35/00007_00021.ppm;35;0
35/00007_00022.ppm;35;0
35/00007_00023.ppm;35;0
35/00007_00024.ppm;35;0
35/00007_00025.ppm;35;0
35/00007_00026.ppm;35;0
35/00007_00027.ppm;35;0
35/00007_00028.ppm;35;0
35/00007_00029.ppm;35;0
35/00008_00000.ppm;35;0
35/00008_00001.ppm;35;0
35/00008_00002.ppm;35;0
35/00008_00003.ppm;35;0
35/00008_00004.ppm;35;0
35/00008_00005.ppm;35;0
35/00008_00006.ppm;35;0
35/00008_00007.ppm;35;0
35/00008_00008.ppm;35;0
35/00008_00009.ppm;35;0
35/00008_00010.ppm;35;0
35/00008_00011.ppm;35;0
35/00008_00012.ppm;35;0
35/00008_00013.ppm;35;0
35/00008_00014.ppm;35;0
35/00008_00015.ppm;35;0
35/00008_00016.ppm;35;0
35/00008_00017.ppm;35;0
35/00008_00018.ppm;35;0
35/00008_00019.ppm;35;0
35/00008_00020.ppm;35;0
35/00008_00021.ppm;35;0
35/00008_00022.ppm;35;0
35/00008_00023.ppm;35;0
35/00008_00024.ppm;35;0
35/00008_00025.ppm;35;0
35/00008_00026.ppm;35;0
35/00008_00027.ppm;35;0
35/00008_00028.ppm;35;0
35/00008_00029.ppm;35;0
35/00009_00000.ppm;35;0
35/00009_00001.ppm;35;0
35/00009_00002.ppm;35;0
35/00009_00003.ppm;35;0
35/00009_00004.ppm;35;0
35/00009_00005.ppm;35;0
35/00009_00006.ppm;35;0
35/00009_00007.ppm;35;0
35/00009_00008.ppm;35;0
35/00009_00009.ppm;35;0
35/00009_00010.ppm;35;0
35/00009_00011.ppm;35;0
35/00009_00012.ppm;35;0
35/00009_00013.ppm;35;0
35/00009_00014.ppm;35;0
35/00009_00015.ppm;35;0
35/00009_00016.ppm;35;0
35/00009_00017.ppm;35;0
35/00009_00018.ppm;35;0
35/00009_00019.ppm;35;0
35/00009_00020.ppm;35;0
35/00009_00021.ppm;35;0
35/00009_00022.ppm;35;0
35/00009_00023.ppm;35;0
35/00009_00024.ppm;35;0
35/00009_00025.ppm;35;0
35/00009_00026.ppm;35;0
35/00009_00027.ppm;35;0
35/00009_00028.ppm;35;0
35/00009_00029.ppm;35;0
35/00010_00000.ppm;35;0
35/00010_00001.ppm;35;0
35/00010_00002.ppm;35;0
35/00010_00003.ppm;35;0
35/00010_00004.ppm;35;0
35/00010_00005.ppm;35;0
35/00010_00006.ppm;35;0
35/00010_00007.ppm;35;0
35/00010_00008.ppm;35;0
35/00010_00009.ppm;35;0
35/00010_00010.ppm;35;0
35/00010_00011.ppm;35;0
35/00010_00012.ppm;35;0
35/00010_00013.ppm;35;0
35/00010_00014.ppm;35;0
35/00010_00015.ppm;35;0
35/00010_00016.ppm;35;0
35/00010_00017.ppm;35;0
35/00010_00018.ppm;35;0
35/00010_00019.ppm;35;0
35/00010_00020.ppm;35;0
35/00010_00021.ppm;35;0
35/00010_00022.ppm;35;0
35/00010_00023.ppm;35;0
35/00010_00024.ppm;35;0
35/00010_00025.ppm;35;0
35/00010_00026.ppm;35;0
35/00010_00027.ppm;35;0
35/00010_00028.ppm;35;0
35/00010_00029.ppm;35;0
35/00011_00000.ppm;35;0
35/00011_00001.ppm;35;0
35/00011_00002.ppm;35;0
35/00011_00003.ppm;35;0
35/00011_00004.ppm;35;0
35/00011_00005.ppm;35;0
35/00011_00006.ppm;35;0
35/00011_00007.ppm;35;0
35/00011_00008.ppm;35;0
35/00011_00009.ppm;35;0
35/00011_00010.ppm;35;0
35/00011_00011.ppm;35;0
35/00011_00012.ppm;35;0
35/00011_00013.ppm;35;0
35/00011_00014.ppm;35;0
35/00011_00015.ppm;35;0
35/00011_00016.ppm;35;0
35/00011_00017.ppm;35;0
35/00011_00018.ppm;35;0
35/00011_00019.ppm;35;0
35/00011_00020.ppm;35;0
35/00011_00021.ppm;35;0
35/00011_00022.ppm;35;0
35/00011_00023.ppm;35;0
35/00011_00024.ppm;35;0
35/00011_00025.ppm;35;0
35/00011_00026.ppm;35;0
35/00011_00027.ppm;35;0
35/00011_00028.ppm;35;0
35/00011_00029.ppm;35;0
35/00012_00000.ppm;35;0
35/00012_00001.ppm;35;0
35/00012_00002.ppm;35;0
35/00012_00003.ppm;35;0
35/00012_00004.ppm;35;0
35/00012_00005.ppm;35;0
35/00012_00006.ppm;35;0
35/00012_00007.ppm;35;0
35/00012_00008.ppm;35;0
35/00012_00009.ppm;35;0
35/00012_00010.ppm;35;0
35/00012_00011.ppm;35;0
35/00012_00012.ppm;35;0
35/00012_00013.ppm;35;0
35/00012_00014.ppm;35;0
35/00012_00015.ppm;35;0
35/00012_00016.ppm;35;0
35/00012_00017.ppm;35;0
35/00012_00018.ppm;35;0
35/00012_00019.ppm;35;0
35/00012_00020.ppm;35;0
35/00012_00021.ppm;35;0
35/00012_00022.ppm;35;0
35/00012_00023.ppm;35;0
35/00012_00024.ppm;35;0
35/00012_00025.ppm;35;0
35/00012_00026.ppm;35;0
35/00012_00027.ppm;35;0
35/00012_00028.ppm;35;0
35/00012_00029.ppm;35;0
35/00013_00000.ppm;35;0
35/00013_00001.ppm;35;0
35/00013_00002.ppm;35;0
35/00013_00003.ppm;35;0
35/00013_00004.ppm;35;0
35/00013_00005.ppm;35;0
35/00013_00006.ppm;35;0
35/00013_00007.ppm;35;0
35/00013_00008.ppm;35;0
35/00013_00009.ppm;35;0
35/00013_00010.ppm;35;0
35/00013_00011.ppm;35;0
35/00013_00012.ppm;35;0
35/00013_00013.ppm;35;0
35/00013_00014.ppm;35;0
35/00013_00015.ppm;35;0
35/00013_00016.ppm;35;0
35/00013_00017.ppm;35;0
35/00013_00018.ppm;35;0
35/00013_00019.ppm;35;0
35/00013_00020.ppm;35;0
35/00013_00021.ppm;35;0
35/00013_00022.ppm;35;0
35/00013_00023.ppm;35;0
35/00013_00024.ppm;35;0
35/00013_00025.ppm;35;0
35/00013_00026.ppm;35;0
35/00013_00027.ppm;35;0
35/00013_00028.ppm;35;0
35/00013_00029.ppm;35;0
35/00014_00000.ppm;35;0
35/00014_00001.ppm;35;0
35/00014_00002.ppm;35;0
35/00014_00003.ppm;35;0
35/00014_00004.ppm;35;0
35/00014_00005.ppm;35;0
35/00014_00006.ppm;35;0
35/00014_00007.ppm;35;0
35/00014_00008.ppm;35;0
35/00014_00009.ppm;35;0
35/00014_00010.ppm;35;0
35/00014_00011.ppm;35;0
35/00014_00012.ppm;35;0
35/00014_00013.ppm;35;0
35/00014_00014.ppm;35;0
35/00014_00015.ppm;35;0
35/00014_00016.ppm;35;0
35/00014_00017.ppm;35;0
35/00014_00018.ppm;35;0
35/00014_00019.ppm;35;0
35/00014_00020.ppm;35;0
35/00014_00021.ppm;35;0
35/00014_00022.ppm;35;0
35/00014_00023.ppm;35;0
35/00014_00024.ppm;35;0
35/00014_00025.ppm;35;0
35/00014_00026.ppm;35;0
35/00014_00027.ppm;35;0
35/00014_00028.ppm;35;0
35/00014_00029.ppm;35;0
35/00015_00000.ppm;35;0
35/00015_00001.ppm;35;0
35/00015_00002.ppm;35;0
35/00015_00003.ppm;35;0
35/00015_00004.ppm;35;0
35/00015_00005.ppm;35;0
35/00015_00006.ppm;35;0
35/00015_00007.ppm;35;0
35/00015_00008.ppm;35;0
35/00015_00009.ppm;35;0
35/00015_00010.ppm;35;0
35/00015_00011.ppm;35;0
35/00015_00012.ppm;35;0
35/00015_00013.ppm;35;0
35/00015_00014.ppm;35;0
35/00015_00015.ppm;35;0
35/00015_00016.ppm;35;0
35/00015_00017.ppm;35;0
35/00015_00018.ppm;35;0
35/00015_00019.ppm;35;0
35/00015_00020.ppm;35;0
35/00015_00021.ppm;35;0
35/00015_00022.ppm;35;0
35/00015_00023.ppm;35;0
35/00015_00024.ppm;35;0
35/00015_00025.ppm;35;0
35/00015_00026.ppm;35;0
35/00015_00027.ppm;35;0
35/00015_00028.ppm;35;0
35/00015_00029.ppm;35;0
35/00016_00000.ppm;35;0
35/00016_00001.ppm;35;0
35/00016_00002.ppm;35;0
35/00016_00003.ppm;35;0
35/00016_00004.ppm;35;0
35/00016_00005.ppm;35;0
35/00016_00006.ppm;35;0
35/00016_00007.ppm;35;0
35/00016_00008.ppm;35;0
35/00016_00009.ppm;35;0
35/00016_00010.ppm;35;0
35/00016_00011.ppm;35;0
35/00016_00012.ppm;35;0
35/00016_00013.ppm;35;0
35/00016_00014.ppm;35;0
35/00016_00015.ppm;35;0
35/00016_00016.ppm;35;0
35/00016_00017.ppm;35;0
35/00016_00018.ppm;35;0
35/00016_00019.ppm;35;0
35/00016_00020.ppm;35;0
35/00016_00021.ppm;35;0
35/00016_00022.ppm;35;0
35/00016_00023.ppm;35;0
35/00016_00024.ppm;35;0
35/00016_00025.ppm;35;0
35/00016_00026.ppm;35;0
35/00016_00027.ppm;35;0
35/00016_00028.ppm;35;0
35/00016_00029.ppm;35;0
35/00017_00000.ppm;35;0
35/00017_00001.ppm;35;0
35/00017_00002.ppm;35;0
35/00017_00003.ppm;35;0
35/00017_00004.ppm;35;0
35/00017_00005.ppm;35;0
35/00017_00006.ppm;35;0
35/00017_00007.ppm;35;0
35/00017_00008.ppm;35;0
35/00017_00009.ppm;35;0
35/00017_00010.ppm;35;0
35/00017_00011.ppm;35;0
35/00017_00012.ppm;35;0
35/00017_00013.ppm;35;0
35/00017_00014.ppm;35;0
35/00017_00015.ppm;35;0
35/00017_00016.ppm;35;0
35/00017_00017.ppm;35;0
35/00017_00018.ppm;35;0
35/00017_00019.ppm;35;0
35/00017_00020.ppm;35;0
35/00017_00021.ppm;35;0
35/00017_00022.ppm;35;0
35/00017_00023.ppm;35;0
35/00017_00024.ppm;35;0
35/00017_00025.ppm;35;0
35/00017_00026.ppm;35;0
35/00017_00027.ppm;35;0
35/00017_00028.ppm;35;0
35/00017_00029.ppm;35;0
35/00018_00000.ppm;35;0
35/00018_00001.ppm;35;0
35/00018_00002.ppm;35;0
35/00018_00003.ppm;35;0
35/00018_00004.ppm;35;0
35/00018_00005.ppm;35;0
35/00018_00006.ppm;35;0
35/00018_00007.ppm;35;0
35/00018_00008.ppm;35;0
35/00018_00009.ppm;35;0
35/00018_00010.ppm;35;0
35/00018_00011.ppm;35;0
35/00018_00012.ppm;35;0
35/00018_00013.ppm;35;0
35/00018_00014.ppm;35;0
35/00018_00015.ppm;35;0
35/00018_00016.ppm;35;0
35/00018_00017.ppm;35;0
35/00018_00018.ppm;35;0
35/00018_00019.ppm;35;0
35/00018_00020.ppm;35;0
35/00018_00021.ppm;35;0
35/00018_00022.ppm;35;0
35/00018_00023.ppm;35;0
35/00018_00024.ppm;35;0
35/00018_00025.ppm;35;0
35/00018_00026.ppm;35;0
35/00018_00027.ppm;35;0
35/00018_00028.ppm;35;0
35/00018_00029.ppm;35;0
35/00019_00000.ppm;35;0
35/00019_00001.ppm;35;0
35/00019_00002.ppm;35;0
35/00019_00003.ppm;35;0
35/00019_00004.ppm;35;0
35/00019_00005.ppm;35;0
35/00019_00006.ppm;35;0
35/00019_00007.ppm;35;0
35/00019_00008.ppm;35;0
35/00019_00009.ppm;35;0
35/00019_00010.ppm;35;0
35/00019_00011.ppm;35;0
35/00019_00012.ppm;35;0
35/00019_00013.ppm;35;0
35/00019_00014.ppm;35;0
35/00019_00015.ppm;35;0
35/00019_00016.ppm;35;0
35/00019_00017.ppm;35;0
35/00019_00018.ppm;35;0
35/00019_00019.ppm;35;0
35/00019_00020.ppm;35;0
35/00019_00021.ppm;35;0
35/00019_00022.ppm;35;0
35/00019_00023.ppm;35;0
35/00019_00024.ppm;35;0
35/00019_00025.ppm;35;0
35/00019_00026.ppm;35;0
35/00019_00027.ppm;35;0
35/00019_00028.ppm;35;0
35/00019_00029.ppm;35;0
35/00020_00000.ppm;35;0
35/00020_00001.ppm;35;0
35/00020_00002.ppm;35;0
35/00020_00003.ppm;35;0
35/00020_00004.ppm;35;0
35/00020_00005.ppm;35;0
35/00020_00006.ppm;35;0
35/00020_00007.ppm;35;0
35/00020_00008.ppm;35;0
35/00020_00009.ppm;35;0
35/00020_00010.ppm;35;0
35/00020_00011.ppm;35;0
35/00020_00012.ppm;35;0
35/00020_00013.ppm;35;0
35/00020_00014.ppm;35;0
35/00020_00015.ppm;35;0
35/00020_00016.ppm;35;0
35/00020_00017.ppm;35;0
35/00020_00018.ppm;35;0
35/00020_00019.ppm;35;0
35/00020_00020.ppm;35;0
35/00020_00021.ppm;35;0
35/00020_00022.ppm;35;0
35/00020_00023.ppm;35;0
35/00020_00024.ppm;35;0
35/00020_00025.ppm;35;0
35/00020_00026.ppm;35;0
35/00020_00027.ppm;35;0
35/00020_00028.ppm;35;0
35/00020_00029.ppm;35;0
35/00021_00000.ppm;35;0
35/00021_00001.ppm;35;0
35/00021_00002.ppm;35;0
35/00021_00003.ppm;35;0
35/00021_00004.ppm;35;0
35/00021_00005.ppm;35;0
35/00021_00006.ppm;35;0
35/00021_00007.ppm;35;0
35/00021_00008.ppm;35;0
35/00021_00009.ppm;35;0
35/00021_00010.ppm;35;0
35/00021_00011.ppm;35;0
35/00021_00012.ppm;35;0
35/00021_00013.ppm;35;0
35/00021_00014.ppm;35;0
35/00021_00015.ppm;35;0
35/00021_00016.ppm;35;0
35/00021_00017.ppm;35;0
35/00021_00018.ppm;35;0
35/00021_00019.ppm;35;0
35/00021_00020.ppm;35;0
35/00021_00021.ppm;35;0
35/00021_00022.ppm;35;0
35/00021_00023.ppm;35;0
35/00021_00024.ppm;35;0
35/00021_00025.ppm;35;0
35/00021_00026.ppm;35;0
35/00021_00027.ppm;35;0
35/00021_00028.ppm;35;0
35/00021_00029.ppm;35;0
35/00022_00000.ppm;35;0
35/00022_00001.ppm;35;0
35/00022_00002.ppm;35;0
35/00022_00003.ppm;35;0
35/00022_00004.ppm;35;0
35/00022_00005.ppm;35;0
35/00022_00006.ppm;35;0
35/00022_00007.ppm;35;0
35/00022_00008.ppm;35;0
35/00022_00009.ppm;35;0
35/00022_00010.ppm;35;0
35/00022_00011.ppm;35;0
35/00022_00012.ppm;35;0
35/00022_00013.ppm;35;0
35/00022_00014.ppm;35;0
35/00022_00015.ppm;35;0
35/00022_00016.ppm;35;0
35/00022_00017.ppm;35;0
35/00022_00018.ppm;35;0
35/00022_00019.ppm;35;0
35/00022_00020.ppm;35;0
35/00022_00021.ppm;35;0
35/00022_00022.ppm;35;0
35/00022_00023.ppm;35;0
35/00022_00024.ppm;35;0
35/00022_00025.ppm;35;0
35/00022_00026.ppm;35;0
35/00022_00027.ppm;35;0
35/00022_00028.ppm;35;0
35/00022_00029.ppm;35;0
35/00023_00000.ppm;35;0
35/00023_00001.ppm;35;0
35/00023_00002.ppm;35;0
35/00023_00003.ppm;35;0
35/00023_00004.ppm;35;0
35/00023_00005.ppm;35;0
35/00023_00006.ppm;35;0
35/00023_00007.ppm;35;0
35/00023_00008.ppm;35;0
35/00023_00009.ppm;35;0
35/00023_00010.ppm;35;0
35/00023_00011.ppm;35;0
35/00023_00012.ppm;35;0
35/00023_00013.ppm;35;0
35/00023_00014.ppm;35;0
35/00023_00015.ppm;35;0
35/00023_00016.ppm;35;0
35/00023_00017.ppm;35;0
35/00023_00018.ppm;35;0
35/00023_00019.ppm;35;0
35/00023_00020.ppm;35;0
35/00023_00021.ppm;35;0
35/00023_00022.ppm;35;0
35/00023_00023.ppm;35;0
35/00023_00024.ppm;35;0
35/00023_00025.ppm;35;0
35/00023_00026.ppm;35;0
35/00023_00027.ppm;35;0
35/00023_00028.ppm;35;0
35/00023_00029.ppm;35;0
35/00024_00000.ppm;35;0
35/00024_00001.ppm;35;0
35/00024_00002.ppm;35;0
35/00024_00003.ppm;35;0
35/00024_00004.ppm;35;0
35/00024_00005.ppm;35;0
35/00024_00006.ppm;35;0
35/00024_00007.ppm;35;0
35/00024_00008.ppm;35;0
35/00024_00009.ppm;35;0
35/00024_00010.ppm;35;0
35/00024_00011.ppm;35;0
35/00024_00012.ppm;35;0
35/00024_00013.ppm;35;0
35/00024_00014.ppm;35;0
35/00024_00015.ppm;35;0
35/00024_00016.ppm;35;0
35/00024_00017.ppm;35;0
35/00024_00018.ppm;35;0
35/00024_00019.ppm;35;0
35/00024_00020.ppm;35;0
35/00024_00021.ppm;35;0
35/00024_00022.ppm;35;0
35/00024_00023.ppm;35;0
35/00024_00024.ppm;35;0
35/00024_00025.ppm;35;0
35/00024_00026.ppm;35;0
35/00024_00027.ppm;35;0
35/00024_00028.ppm;35;0
35/00024_00029.ppm;35;0
35/00025_00000.ppm;35;0
35/00025_00001.ppm;35;0
35/00025_00002.ppm;35;0
35/00025_00003.ppm;35;0
35/00025_00004.ppm;35;0
35/00025_00005.ppm;35;0
35/00025_00006.ppm;35;0
35/00025_00007.ppm;35;0
35/00025_00008.ppm;35;0
35/00025_00009.ppm;35;0
35/00025_00010.ppm;35;0
35/00025_00011.ppm;35;0
35/00025_00012.ppm;35;0
35/00025_00013.ppm;35;0
35/00025_00014.ppm;35;0
35/00025_00015.ppm;35;0
35/00025_00016.ppm;35;0
35/00025_00017.ppm;35;0
35/00025_00018.ppm;35;0
35/00025_00019.ppm;35;0
35/00025_00020.ppm;35;0
35/00025_00021.ppm;35;0
35/00025_00022.ppm;35;0
35/00025_00023.ppm;35;0
35/00025_00024.ppm;35;0
35/00025_00025.ppm;35;0
35/00025_00026.ppm;35;0
35/00025_00027.ppm;35;0
35/00025_00028.ppm;35;0
35/00025_00029.ppm;35;0
35/00026_00000.ppm;35;0
35/00026_00001.ppm;35;0
35/00026_00002.ppm;35;0
35/00026_00003.ppm;35;0
35/00026_00004.ppm;35;0
35/00026_00005.ppm;35;0
35/00026_00006.ppm;35;0
35/00026_00007.ppm;35;0
35/00026_00008.ppm;35;0
35/00026_00009.ppm;35;0
35/00026_00010.ppm;35;0
35/00026_00011.ppm;35;0
35/00026_00012.ppm;35;0
35/00026_00013.ppm;35;0
35/00026_00014.ppm;35;0
35/00026_00015.ppm;35;0
35/00026_00016.ppm;35;0
35/00026_00017.ppm;35;0
35/00026_00018.ppm;35;0
35/00026_00019.ppm;35;0
35/00026_00020.ppm;35;0
35/00026_00021.ppm;35;0
35/00026_00022.ppm;35;0
35/00026_00023.ppm;35;0
35/00026_00024.ppm;35;0
35/00026_00025.ppm;35;0
35/00026_00026.ppm;35;0
35/00026_00027.ppm;35;0
35/00026_00028.ppm;35;0
35/00026_00029.ppm;35;0
36/00000_00000.ppm;36;0
36/00000_00001.ppm;36;0
36/00000_00002.ppm;36;0
36/00000_00003.ppm;36;0
36/00000_00004.ppm;36;0
36/00000_00005.ppm;36;0
36/00000_00006.ppm;36;0
36/00000_00007.ppm;36;0
36/00000_00008.ppm;36;0
36/00000_00009.ppm;36;0
36/00000_00010.ppm;36;0
36/00000_00011.ppm;36;0
36/00000_00012.ppm;36;0
36/00000_00013.ppm;36;0
36/00000_00014.ppm;36;0
36/00000_00015.ppm;36;0
36/00000_00016.ppm;36;0
36/00000_00017.ppm;36;0
36/00000_00018.ppm;36;0
36/00000_00019.ppm;36;0
36/00000_00020.ppm;36;0
36/00000_00021.ppm;36;0
36/00000_00022.ppm;36;0
36/00000_00023.ppm;36;0
36/00000_00024.ppm;36;0
36/00000_00025.ppm;36;0
36/00000_00026.ppm;36;0
36/00000_00027.ppm;36;0
36/00000_00028.ppm;36;0
36/00000_00029.ppm;36;0
36/00001_00000.ppm;36;0
36/00001_00001.ppm;36;0
36/00001_00002.ppm;36;0
36/00001_00003.ppm;36;0
36/00001_00004.ppm;36;0
36/00001_00005.ppm;36;0
36/00001_00006.ppm;36;0
36/00001_00007.ppm;36;0
36/00001_00008.ppm;36;0
36/00001_00009.ppm;36;0
36/00001_00010.ppm;36;0
36/00001_00011.ppm;36;0
36/00001_00012.ppm;36;0
36/00001_00013.ppm;36;0
36/00001_00014.ppm;36;0
36/00001_00015.ppm;36;0
36/00001_00016.ppm;36;0
36/00001_00017.ppm;36;0
36/00001_00018.ppm;36;0
36/00001_00019.ppm;36;0
36/00001_00020.ppm;36;0
36/00001_00021.ppm;36;0
36/00001_00022.ppm;36;0
36/00001_00023.ppm;36;0
36/00001_00024.ppm;36;0
36/00001_00025.ppm;36;0
36/00001_00026.ppm;36;0
36/00001_00027.ppm;36;0
36/00001_00028.ppm;36;0
36/00001_00029.ppm;36;0
36/00002_00000.ppm;36;0
36/00002_00001.ppm;36;0
36/00002_00002.ppm;36;0
36/00002_00003.ppm;36;0
36/00002_00004.ppm;36;0
36/00002_00005.ppm;36;0
36/00002_00006.ppm;36;0
36/00002_00007.ppm;36;0
36/00002_00008.ppm;36;0
36/00002_00009.ppm;36;0
36/00002_00010.ppm;36;0
36/00002_00011.ppm;36;0
36/00002_00012.ppm;36;0
36/00002_00013.ppm;36;0
36/00002_00014.ppm;36;0
36/00002_00015.ppm;36;0
36/00002_00016.ppm;36;0
36/00002_00017.ppm;36;0
36/00002_00018.ppm;36;0
36/00002_00019.ppm;36;0
36/00002_00020.ppm;36;0
36/00002_00021.ppm;36;0
36/00002_00022.ppm;36;0
36/00002_00023.ppm;36;0
36/00002_00024.ppm;36;0
36/00002_00025.ppm;36;0
36/00002_00026.ppm;36;0
36/00002_00027.ppm;36;0
36/00002_00028.ppm;36;0
36/00002_00029.ppm;36;0
36/00003_00000.ppm;36;0
36/00003_00001.ppm;36;0
36/00003_00002.ppm;36;0
36/00003_00003.ppm;36;0
36/00003_00004.ppm;36;0
36/00003_00005.ppm;36;0
36/00003_00006.ppm;36;0
36/00003_00007.ppm;36;0
36/00003_00008.ppm;36;0
36/00003_00009.ppm;36;0
36/00003_00010.ppm;36;0
36/00003_00011.ppm;36;0
36/00003_00012.ppm;36;0
36/00003_00013.ppm;36;0
36/00003_00014.ppm;36;0
36/00003_00015.ppm;36;0
36/00003_00016.ppm;36;0
36/00003_00017.ppm;36;0
36/00003_00018.ppm;36;0
36/00003_00019.ppm;36;0
36/00003_00020.ppm;36;0
36/00003_00021.ppm;36;0
36/00003_00022.ppm;36;0
36/00003_00023.ppm;36;0
36/00003_00024.ppm;36;0
36/00003_00025.ppm;36;0
36/00003_00026.ppm;36;0
36/00003_00027.ppm;36;0
36/00003_00028.ppm;36;0
36/00003_00029.ppm;36;0
36/00004_00000.ppm;36;0
36/00004_00001.ppm;36;0
36/00004_00002.ppm;36;0
36/00004_00003.ppm;36;0
36/00004_00004.ppm;36;0
36/00004_00005.ppm;36;0
36/00004_00006.ppm;36;0
36/00004_00007.ppm;36;0
36/00004_00008.ppm;36;0
36/00004_00009.ppm;36;0
36/00004_00010.ppm;36;0
36/00004_00011.ppm;36;0
36/00004_00012.ppm;36;0
36/00004_00013.ppm;36;0
36/00004_00014.ppm;36;0
36/00004_00015.ppm;36;0
36/00004_00016.ppm;36;0
36/00004_00017.ppm;36;0
36/00004_00018.ppm;36;0
36/00004_00019.ppm;36;0
36/00004_00020.ppm;36;0
36/00004_00021.ppm;36;0
36/00004_00022.ppm;36;0
36/00004_00023.ppm;36;0
36/00004_00024.ppm;36;0
36/00004_00025.ppm;36;0
36/00004_00026.ppm;36;0
36/00004_00027.ppm;36;0
36/00004_00028.ppm;36;0
36/00004_00029.ppm;36;0
36/00005_00000.ppm;36;0
36/00005_00001.ppm;36;0
36/00005_00002.ppm;36;0
36/00005_00003.ppm;36;0
36/00005_00004.ppm;36;0
36/00005_00005.ppm;36;0
36/00005_00006.ppm;36;0
36/00005_00007.ppm;36;0
36/00005_00008.ppm;36;0
36/00005_00009.ppm;36;0
36/00005_00010.ppm;36;0
36/00005_00011.ppm;36;0
36/00005_00012.ppm;36;0
36/00005_00013.ppm;36;0
36/00005_00014.ppm;36;0
36/00005_00015.ppm;36;0
36/00005_00016.ppm;36;0
36/00005_00017.ppm;36;0
36/00005_00018.ppm;36;0
36/00005_00019.ppm;36;0
36/00005_00020.ppm;36;0
36/00005_00021.ppm;36;0
36/00005_00022.ppm;36;0
36/00005_00023.ppm;36;0
36/00005_00024.ppm;36;0
36/00005_00025.ppm;36;0
36/00005_00026.ppm;36;0
36/00005_00027.ppm;36;0
36/00005_00028.ppm;36;0
36/00005_00029.ppm;36;0
36/00006_00000.ppm;36;0
36/00006_00001.ppm;36;0
36/00006_00002.ppm;36;0
36/00006_00003.ppm;36;0
36/00006_00004.ppm;36;0
36/00006_00005.ppm;36;0
36/00006_00006.ppm;36;0
36/00006_00007.ppm;36;0
36/00006_00008.ppm;36;0
36/00006_00009.ppm;36;0
36/00006_00010.ppm;36;0
36/00006_00011.ppm;36;0
36/00006_00012.ppm;36;0
36/00006_00013.ppm;36;0
36/00006_00014.ppm;36;0
36/00006_00015.ppm;36;0
36/00006_00016.ppm;36;0
36/00006_00017.ppm;36;0
36/00006_00018.ppm;36;0
36/00006_00019.ppm;36;0
36/00006_00020.ppm;36;0
36/00006_00021.ppm;36;0
36/00006_00022.ppm;36;0
36/00006_00023.ppm;36;0
36/00006_00024.ppm;36;0
36/00006_00025.ppm;36;0
36/00006_00026.ppm;36;0
36/00006_00027.ppm;36;0
36/00006_00028.ppm;36;0
36/00006_00029.ppm;36;0
36/00007_00000.ppm;36;0
36/00007_00001.ppm;36;0
36/00007_00002.ppm;36;0
36/00007_00003.ppm;36;0
36/00007_00004.ppm;36;0
36/00007_00005.ppm;36;0
36/00007_00006.ppm;36;0
36/00007_00007.ppm;36;0
36/00007_00008.ppm;36;0
36/00007_00009.ppm;36;0
36/00007_00010.ppm;36;0
36/00007_00011.ppm;36;0
36/00007_00012.ppm;36;0
36/00007_00013.ppm;36;0
36/00007_00014.ppm;36;0
36/00007_00015.ppm;36;0
36/00007_00016.ppm;36;0
36/00007_00017.ppm;36;0
36/00007_00018.ppm;36;0
36/00007_00019.ppm;36;0
36/00007_00020.ppm;36;0
36/00007_00021.ppm;36;0
36/00007_00022.ppm;36;0
36/00007_00023.ppm;36;0
36/00007_00024.ppm;36;0
36/00007_00025.ppm;36;0
36/00007_00026.ppm;36;0
36/00007_00027.ppm;36;0
36/00007_00028.ppm;36;0
36/00007_00029.ppm;36;0
36/00008_00000.ppm;36;0
36/00008_00001.ppm;36;0
36/00008_00002.ppm;36;0
36/00008_00003.ppm;36;0
36/00008_00004.ppm;36;0
36/00008_00005.ppm;36;0
36/00008_00006.ppm;36;0
36/00008_00007.ppm;36;0
36/00008_00008.ppm;36;0
36/00008_00009.ppm;36;0
36/00008_00010.ppm;36;0
36/00008_00011.ppm;36;0
36/00008_00012.ppm;36;0
36/00008_00013.ppm;36;0
36/00008_00014.ppm;36;0
36/00008_00015.ppm;36;0
36/00008_00016.ppm;36;0
36/00008_00017.ppm;36;0
36/00008_00018.ppm;36;0
36/00008_00019.ppm;36;0
36/00008_00020.ppm;36;0
36/00008_00021.ppm;36;0
36/00008_00022.ppm;36;0
36/00008_00023.ppm;36;0
36/00008_00024.ppm;36;0
36/00008_00025.ppm;36;0
36/00008_00026.ppm;36;0
36/00008_00027.ppm;36;0
36/00008_00028.ppm;36;0
36/00008_00029.ppm;36;0
37/00000_00000.ppm;37;0
37/00000_00001.ppm;37;0
37/00000_00002.ppm;37;0
37/00000_00003.ppm;37;0
37/00000_00004.ppm;37;0
37/00000_00005.ppm;37;0
37/00000_00006.ppm;37;0
37/00000_00007.ppm;37;0
37/00000_00008.ppm;37;0
37/00000_00009.ppm;37;0
37/00000_00010.ppm;37;0
37/00000_00011.ppm;37;0
37/00000_00012.ppm;37;0
37/00000_00013.ppm;37;0
37/00000_00014.ppm;37;0
37/00000_00015.ppm;37;0
37/00000_00016.ppm;37;0
37/00000_00017.ppm;37;0
37/00000_00018.ppm;37;0
37/00000_00019.ppm;37;0
37/00000_00020.ppm;37;0
37/00000_00021.ppm;37;0
37/00000_00022.ppm;37;0
37/00000_00023.ppm;37;0
37/00000_00024.ppm;37;0
37/00000_00025.ppm;37;0
37/00000_00026.ppm;37;0
37/00000_00027.ppm;37;0
37/00000_00028.ppm;37;0
37/00000_00029.ppm;37;0
37/00001_00000.ppm;37;0
37/00001_00001.ppm;37;0
37/00001_00002.ppm;37;0
37/00001_00003.ppm;37;0
37/00001_00004.ppm;37;0
37/00001_00005.ppm;37;0
37/00001_00006.ppm;37;0
37/00001_00007.ppm;37;0
37/00001_00008.ppm;37;0
37/00001_00009.ppm;37;0
37/00001_00010.ppm;37;0
37/00001_00011.ppm;37;0
37/00001_00012.ppm;37;0
37/00001_00013.ppm;37;0
37/00001_00014.ppm;37;0
37/00001_00015.ppm;37;0
37/00001_00016.ppm;37;0
37/00001_00017.ppm;37;0
37/00001_00018.ppm;37;0
37/00001_00019.ppm;37;0
37/00001_00020.ppm;37;0
37/00001_00021.ppm;37;0
37/00001_00022.ppm;37;0
37/00001_00023.ppm;37;0
37/00001_00024.ppm;37;0
37/00001_00025.ppm;37;0
37/00001_00026.ppm;37;0
37/00001_00027.ppm;37;0
37/00001_00028.ppm;37;0
37/00001_00029.ppm;37;0
37/00002_00000.ppm;37;0
37/00002_00001.ppm;37;0
37/00002_00002.ppm;37;0
37/00002_00003.ppm;37;0
37/00002_00004.ppm;37;0
37/00002_00005.ppm;37;0
37/00002_00006.ppm;37;0
37/00002_00007.ppm;37;0
37/00002_00008.ppm;37;0
37/00002_00009.ppm;37;0
37/00002_00010.ppm;37;0
37/00002_00011.ppm;37;0
37/00002_00012.ppm;37;0
37/00002_00013.ppm;37;0
37/00002_00014.ppm;37;0
37/00002_00015.ppm;37;0
37/00002_00016.ppm;37;0
37/00002_00017.ppm;37;0
37/00002_00018.ppm;37;0
37/00002_00019.ppm;37;0
37/00002_00020.ppm;37;0
37/00002_00021.ppm;37;0
37/00002_00022.ppm;37;0
37/00002_00023.ppm;37;0
37/00002_00024.ppm;37;0
37/00002_00025.ppm;37;0
37/00002_00026.ppm;37;0
37/00002_00027.ppm;37;0
37/00002_00028.ppm;37;0
37/00002_00029.ppm;37;0
37/00003_00000.ppm;37;0
37/00003_00001.ppm;37;0
37/00003_00002.ppm;37;0
37/00003_00003.ppm;37;0
37/00003_00004.ppm;37;0
37/00003_00005.ppm;37;0
37/00003_00006.ppm;37;0
37/00003_00007.ppm;37;0
37/00003_00008.ppm;37;0
37/00003_00009.ppm;37;0
37/00003_00010.ppm;37;0
37/00003_00011.ppm;37;0
37/00003_00012.ppm;37;0
37/00003_00013.ppm;37;0
37/00003_00014.ppm;37;0
37/00003_00015.ppm;37;0
37/00003_00016.ppm;37;0
37/00003_00017.ppm;37;0
37/00003_00018.ppm;37;0
37/00003_00019.ppm;37;0
37/00003_00020.ppm;37;0
37/00003_00021.ppm;37;0
37/00003_00022.ppm;37;0
37/00003_00023.ppm;37;0
37/00003_00024.ppm;37;0
37/00003_00025.ppm;37;0
37/00003_00026.ppm;37;0
37/00003_00027.ppm;37;0
37/00003_00028.ppm;37;0
37/00003_00029.ppm;37;0
37/00004_00000.ppm;37;0
37/00004_00001.ppm;37;0
37/00004_00002.ppm;37;0
37/00004_00003.ppm;37;0
37/00004_00004.ppm;37;0
37/00004_00005.ppm;37;0
37/00004_00006.ppm;37;0
37/00004_00007.ppm;37;0
37/00004_00008.ppm;37;0
37/00004_00009.ppm;37;0
37/00004_00010.ppm;37;0
37/00004_00011.ppm;37;0
37/00004_00012.ppm;37;0
37/00004_00013.ppm;37;0
37/00004_00014.ppm;37;0
37/00004_00015.ppm;37;0
37/00004_00016.ppm;37;0
37/00004_00017.ppm;37;0
37/00004_00018.ppm;37;0
37/00004_00019.ppm;37;0
37/00004_00020.ppm;37;0
37/00004_00021.ppm;37;0
37/00004_00022.ppm;37;0
37/00004_00023.ppm;37;0
37/00004_00024.ppm;37;0
37/00004_00025.ppm;37;0
37/00004_00026.ppm;37;0
37/00004_00027.ppm;37;0
37/00004_00028.ppm;37;0
37/00004_00029.ppm;37;0
38/00000_00000.ppm;38;0
38/00000_00001.ppm;38;0
38/00000_00002.ppm;38;0
38/00000_00003.ppm;38;0
38/00000_00004.ppm;38;0
38/00000_00005.ppm;38;0
38/00000_00006.ppm;38;0
38/00000_00007.ppm;38;0
38/00000_00008.ppm;38;0
38/00000_00009.ppm;38;0
38/00000_00010.ppm;38;0
38/00000_00011.ppm;38;0
38/00000_00012.ppm;38;0
38/00000_00013.ppm;38;0
38/00000_00014.ppm;38;0
38/00000_00015.ppm;38;0
38/00000_00016.ppm;38;0
38/00000_00017.ppm;38;0
38/00000_00018.ppm;38;0
38/00000_00019.ppm;38;0
38/00000_00020.ppm;38;0
38/00000_00021.ppm;38;0
38/00000_00022.ppm;38;0
38/00000_00023.ppm;38;0
38/00000_00024.ppm;38;0
38/00000_00025.ppm;38;0
38/00000_00026.ppm;38;0
38/00000_00027.ppm;38;0
38/00000_00028.ppm;38;0
38/00000_00029.ppm;38;0
38/00001_00000.ppm;38;0
38/00001_00001.ppm;38;0
38/00001_00002.ppm;38;0
38/00001_00003.ppm;38;0
38/00001_00004.ppm;38;0
38/00001_00005.ppm;38;0
38/00001_00006.ppm;38;0
38/00001_00007.ppm;38;0
38/00001_00008.ppm;38;0
38/00001_00009.ppm;38;0
38/00001_00010.ppm;38;0
38/00001_00011.ppm;38;0
38/00001_00012.ppm;38;0
38/00001_00013.ppm;38;0
38/00001_00014.ppm;38;0
38/00001_00015.ppm;38;0
38/00001_00016.ppm;38;0
38/00001_00017.ppm;38;0
38/00001_00018.ppm;38;0
38/00001_00019.ppm;38;0
38/00001_00020.ppm;38;0
38/00001_00021.ppm;38;0
38/00001_00022.ppm;38;0
38/00001_00023.ppm;38;0
38/00001_00024.ppm;38;0
38/00001_00025.ppm;38;0
38/00001_00026.ppm;38;0
38/00001_00027.ppm;38;0
38/00001_00028.ppm;38;0
38/00001_00029.ppm;38;0
38/00002_00000.ppm;38;0
38/00002_00001.ppm;38;0
38/00002_00002.ppm;38;0
38/00002_00003.ppm;38;0
38/00002_00004.ppm;38;0
38/00002_00005.ppm;38;0
38/00002_00006.ppm;38;0
38/00002_00007.ppm;38;0
38/00002_00008.ppm;38;0
38/00002_00009.ppm;38;0
38/00002_00010.ppm;38;0
38/00002_00011.ppm;38;0
38/00002_00012.ppm;38;0
38/00002_00013.ppm;38;0
38/00002_00014.ppm;38;0
38/00002_00015.ppm;38;0
38/00002_00016.ppm;38;0
38/00002_00017.ppm;38;0
38/00002_00018.ppm;38;0
38/00002_00019.ppm;38;0
38/00002_00020.ppm;38;0
38/00002_00021.ppm;38;0
38/00002_00022.ppm;38;0
38/00002_00023.ppm;38;0
38/00002_00024.ppm;38;0
38/00002_00025.ppm;38;0
38/00002_00026.ppm;38;0
38/00002_00027.ppm;38;0
38/00002_00028.ppm;38;0
38/00002_00029.ppm;38;0
38/00003_00000.ppm;38;0
38/00003_00001.ppm;38;0
38/00003_00002.ppm;38;0
38/00003_00003.ppm;38;0
38/00003_00004.ppm;38;0
38/00003_00005.ppm;38;0
38/00003_00006.ppm;38;0
38/00003_00007.ppm;38;0
38/00003_00008.ppm;38;0
38/00003_00009.ppm;38;0
38/00003_00010.ppm;38;0
38/00003_00011.ppm;38;0
38/00003_00012.ppm;38;0
38/00003_00013.ppm;38;0
38/00003_00014.ppm;38;0
38/00003_00015.ppm;38;0
38/00003_00016.ppm;38;0
38/00003_00017.ppm;38;0
38/00003_00018.ppm;38;0
38/00003_00019.ppm;38;0
38/00003_00020.ppm;38;0
38/00003_00021.ppm;38;0
38/00003_00022.ppm;38;0
38/00003_00023.ppm;38;0
38/00003_00024.ppm;38;0
38/00003_00025.ppm;38;0
38/00003_00026.ppm;38;0
38/00003_00027.ppm;38;0
38/00003_00028.ppm;38;0
38/00003_00029.ppm;38;0
38/00004_00000.ppm;38;0
38/00004_00001.ppm;38;0
38/00004_00002.ppm;38;0
38/00004_00003.ppm;38;0
38/00004_00004.ppm;38;0
38/00004_00005.ppm;38;0
38/00004_00006.ppm;38;0
38/00004_00007.ppm;38;0
38/00004_00008.ppm;38;0
38/00004_00009.ppm;38;0
38/00004_00010.ppm;38;0
38/00004_00011.ppm;38;0
38/00004_00012.ppm;38;0
38/00004_00013.ppm;38;0
38/00004_00014.ppm;38;0
38/00004_00015.ppm;38;0
38/00004_00016.ppm;38;0
38/00004_00017.ppm;38;0
38/00004_00018.ppm;38;0
38/00004_00019.ppm;38;0
38/00004_00020.ppm;38;0
38/00004_00021.ppm;38;0
38/00004_00022.ppm;38;0
38/00004_00023.ppm;38;0
38/00004_00024.ppm;38;0
38/00004_00025.ppm;38;0
38/00004_00026.ppm;38;0
38/00004_00027.ppm;38;0
38/00004_00028.ppm;38;0
38/00004_00029.ppm;38;0
38/00005_00000.ppm;38;0
38/00005_00001.ppm;38;0
38/00005_00002.ppm;38;0
38/00005_00003.ppm;38;0
38/00005_00004.ppm;38;0
38/00005_00005.ppm;38;0
38/00005_00006.ppm;38;0
38/00005_00007.ppm;38;0
38/00005_00008.ppm;38;0
38/00005_00009.ppm;38;0
38/00005_00010.ppm;38;0
38/00005_00011.ppm;38;0
38/00005_00012.ppm;38;0
38/00005_00013.ppm;38;0
38/00005_00014.ppm;38;0
38/00005_00015.ppm;38;0
38/00005_00016.ppm;38;0
38/00005_00017.ppm;38;0
38/00005_00018.ppm;38;0
38/00005_00019.ppm;38;0
38/00005_00020.ppm;38;0
38/00005_00021.ppm;38;0
38/00005_00022.ppm;38;0
38/00005_00023.ppm;38;0
38/00005_00024.ppm;38;0
38/00005_00025.ppm;38;0
38/00005_00026.ppm;38;0
38/00005_00027.ppm;38;0
38/00005_00028.ppm;38;0
38/00005_00029.ppm;38;0
38/00006_00000.ppm;38;0
38/00006_00001.ppm;38;0
38/00006_00002.ppm;38;0
38/00006_00003.ppm;38;0
38/00006_00004.ppm;38;0
38/00006_00005.ppm;38;0
38/00006_00006.ppm;38;0
38/00006_00007.ppm;38;0
38/00006_00008.ppm;38;0
38/00006_00009.ppm;38;0
38/00006_00010.ppm;38;0
38/00006_00011.ppm;38;0
38/00006_00012.ppm;38;0
38/00006_00013.ppm;38;0
38/00006_00014.ppm;38;0
38/00006_00015.ppm;38;0
38/00006_00016.ppm;38;0
38/00006_00017.ppm;38;0
38/00006_00018.ppm;38;0
38/00006_00019.ppm;38;0
38/00006_00020.ppm;38;0
38/00006_00021.ppm;38;0
38/00006_00022.ppm;38;0
38/00006_00023.ppm;38;0
38/00006_00024.ppm;38;0
38/00006_00025.ppm;38;0
38/00006_00026.ppm;38;0
38/00006_00027.ppm;38;0
38/00006_00028.ppm;38;0
38/00006_00029.ppm;38;0
38/00007_00000.ppm;38;0
38/00007_00001.ppm;38;0
38/00007_00002.ppm;38;0
38/00007_00003.ppm;38;0
38/00007_00004.ppm;38;0
38/00007_00005.ppm;38;0
38/00007_00006.ppm;38;0
38/00007_00007.ppm;38;0
38/00007_00008.ppm;38;0
38/00007_00009.ppm;38;0
38/00007_00010.ppm;38;0
38/00007_00011.ppm;38;0
38/00007_00012.ppm;38;0
38/00007_00013.ppm;38;0
38/00007_00014.ppm;38;0
38/00007_00015.ppm;38;0
38/00007_00016.ppm;38;0
38/00007_00017.ppm;38;0
38/00007_00018.ppm;38;0
38/00007_00019.ppm;38;0
38/00007_00020.ppm;38;0
38/00007_00021.ppm;38;0
38/00007_00022.ppm;38;0
38/00007_00023.ppm;38;0
38/00007_00024.ppm;38;0
38/00007_00025.ppm;38;0
38/00007_00026.ppm;38;0
38/00007_00027.ppm;38;0
38/00007_00028.ppm;38;0
38/00007_00029.ppm;38;0
38/00008_00000.ppm;38;0
38/00008_00001.ppm;38;0
38/00008_00002.ppm;38;0
38/00008_00003.ppm;38;0
38/00008_00004.ppm;38;0
38/00008_00005.ppm;38;0
38/00008_00006.ppm;38;0
38/00008_00007.ppm;38;0
38/00008_00008.ppm;38;0
38/00008_00009.ppm;38;0
38/00008_00010.ppm;38;0
38/00008_00011.ppm;38;0
38/00008_00012.ppm;38;0
38/00008_00013.ppm;38;0
38/00008_00014.ppm;38;0
38/00008_00015.ppm;38;0
38/00008_00016.ppm;38;0
38/00008_00017.ppm;38;0
38/00008_00018.ppm;38;0
38/00008_00019.ppm;38;0
38/00008_00020.ppm;38;0
38/00008_00021.ppm;38;0
38/00008_00022.ppm;38;0
38/00008_00023.ppm;38;0
38/00008_00024.ppm;38;0
38/00008_00025.ppm;38;0
38/00008_00026.ppm;38;0
38/00008_00027.ppm;38;0
38/00008_00028.ppm;38;0
38/00008_00029.ppm;38;0
38/00009_00000.ppm;38;0
38/00009_00001.ppm;38;0
38/00009_00002.ppm;38;0
38/00009_00003.ppm;38;0
38/00009_00004.ppm;38;0
38/00009_00005.ppm;38;0
38/00009_00006.ppm;38;0
38/00009_00007.ppm;38;0
38/00009_00008.ppm;38;0
38/00009_00009.ppm;38;0
38/00009_00010.ppm;38;0
38/00009_00011.ppm;38;0
38/00009_00012.ppm;38;0
38/00009_00013.ppm;38;0
38/00009_00014.ppm;38;0
38/00009_00015.ppm;38;0
38/00009_00016.ppm;38;0
38/00009_00017.ppm;38;0
38/00009_00018.ppm;38;0
38/00009_00019.ppm;38;0
38/00009_00020.ppm;38;0
38/00009_00021.ppm;38;0
38/00009_00022.ppm;38;0
38/00009_00023.ppm;38;0
38/00009_00024.ppm;38;0
38/00009_00025.ppm;38;0
38/00009_00026.ppm;38;0
38/00009_00027.ppm;38;0
38/00009_00028.ppm;38;0
38/00009_00029.ppm;38;0
38/00010_00000.ppm;38;0
38/00010_00001.ppm;38;0
38/00010_00002.ppm;38;0
38/00010_00003.ppm;38;0
38/00010_00004.ppm;38;0
38/00010_00005.ppm;38;0
38/00010_00006.ppm;38;0
38/00010_00007.ppm;38;0
38/00010_00008.ppm;38;0
38/00010_00009.ppm;38;0
38/00010_00010.ppm;38;0
38/00010_00011.ppm;38;0
38/00010_00012.ppm;38;0
38/00010_00013.ppm;38;0
38/00010_00014.ppm;38;0
38/00010_00015.ppm;38;0
38/00010_00016.ppm;38;0
38/00010_00017.ppm;38;0
38/00010_00018.ppm;38;0
38/00010_00019.ppm;38;0
38/00010_00020.ppm;38;0
38/00010_00021.ppm;38;0
38/00010_00022.ppm;38;0
38/00010_00023.ppm;38;0
38/00010_00024.ppm;38;0
38/00010_00025.ppm;38;0
38/00010_00026.ppm;38;0
38/00010_00027.ppm;38;0
38/00010_00028.ppm;38;0
38/00010_00029.ppm;38;0
38/00011_00000.ppm;38;0
38/00011_00001.ppm;38;0
38/00011_00002.ppm;38;0
38/00011_00003.ppm;38;0
38/00011_00004.ppm;38;0
38/00011_00005.ppm;38;0
38/00011_00006.ppm;38;0
38/00011_00007.ppm;38;0
38/00011_00008.ppm;38;0
38/00011_00009.ppm;38;0
38/00011_00010.ppm;38;0
38/00011_00011.ppm;38;0
38/00011_00012.ppm;38;0
38/00011_00013.ppm;38;0
38/00011_00014.ppm;38;0
38/00011_00015.ppm;38;0
38/00011_00016.ppm;38;0
38/00011_00017.ppm;38;0
38/00011_00018.ppm;38;0
38/00011_00019.ppm;38;0
38/00011_00020.ppm;38;0
38/00011_00021.ppm;38;0
38/00011_00022.ppm;38;0
38/00011_00023.ppm;38;0
38/00011_00024.ppm;38;0
38/00011_00025.ppm;38;0
38/00011_00026.ppm;38;0
38/00011_00027.ppm;38;0
38/00011_00028.ppm;38;0
38/00011_00029.ppm;38;0
38/00012_00000.ppm;38;0
38/00012_00001.ppm;38;0
38/00012_00002.ppm;38;0
38/00012_00003.ppm;38;0
38/00012_00004.ppm;38;0
38/00012_00005.ppm;38;0
38/00012_00006.ppm;38;0
38/00012_00007.ppm;38;0
38/00012_00008.ppm;38;0
38/00012_00009.ppm;38;0
38/00012_00010.ppm;38;0
38/00012_00011.ppm;38;0
38/00012_00012.ppm;38;0
38/00012_00013.ppm;38;0
38/00012_00014.ppm;38;0
38/00012_00015.ppm;38;0
38/00012_00016.ppm;38;0
38/00012_00017.ppm;38;0
38/00012_00018.ppm;38;0
38/00012_00019.ppm;38;0
38/00012_00020.ppm;38;0
38/00012_00021.ppm;38;0
38/00012_00022.ppm;38;0
38/00012_00023.ppm;38;0
38/00012_00024.ppm;38;0
38/00012_00025.ppm;38;0
38/00012_00026.ppm;38;0
38/00012_00027.ppm;38;0
38/00012_00028.ppm;38;0
38/00012_00029.ppm;38;0
38/00013_00000.ppm;38;0
38/00013_00001.ppm;38;0
38/00013_00002.ppm;38;0
38/00013_00003.ppm;38;0
38/00013_00004.ppm;38;0
38/00013_00005.ppm;38;0
38/00013_00006.ppm;38;0
38/00013_00007.ppm;38;0
38/00013_00008.ppm;38;0
38/00013_00009.ppm;38;0
38/00013_00010.ppm;38;0
38/00013_00011.ppm;38;0
38/00013_00012.ppm;38;0
38/00013_00013.ppm;38;0
38/00013_00014.ppm;38;0
38/00013_00015.ppm;38;0
38/00013_00016.ppm;38;0
38/00013_00017.ppm;38;0
38/00013_00018.ppm;38;0
38/00013_00019.ppm;38;0
38/00013_00020.ppm;38;0
38/00013_00021.ppm;38;0
38/00013_00022.ppm;38;0
38/00013_00023.ppm;38;0
38/00013_00024.ppm;38;0
38/00013_00025.ppm;38;0
38/00013_00026.ppm;38;0
38/00013_00027.ppm;38;0
38/00013_00028.ppm;38;0
38/00013_00029.ppm;38;0
38/00014_00000.ppm;38;0
38/00014_00001.ppm;38;0
38/00014_00002.ppm;38;0
38/00014_00003.ppm;38;0
38/00014_00004.ppm;38;0
38/00014_00005.ppm;38;0
38/00014_00006.ppm;38;0
38/00014_00007.ppm;38;0
38/00014_00008.ppm;38;0
38/00014_00009.ppm;38;0
38/00014_00010.ppm;38;0
38/00014_00011.ppm;38;0
38/00014_00012.ppm;38;0
38/00014_00013.ppm;38;0
38/00014_00014.ppm;38;0
38/00014_00015.ppm;38;0
38/00014_00016.ppm;38;0
38/00014_00017.ppm;38;0
38/00014_00018.ppm;38;0
38/00014_00019.ppm;38;0
38/00014_00020.ppm;38;0
38/00014_00021.ppm;38;0
38/00014_00022.ppm;38;0
38/00014_00023.ppm;38;0
38/00014_00024.ppm;38;0
38/00014_00025.ppm;38;0
38/00014_00026.ppm;38;0
38/00014_00027.ppm;38;0
38/00014_00028.ppm;38;0
38/00014_00029.ppm;38;0
38/00015_00000.ppm;38;0
38/00015_00001.ppm;38;0
38/00015_00002.ppm;38;0
38/00015_00003.ppm;38;0
38/00015_00004.ppm;38;0
38/00015_00005.ppm;38;0
38/00015_00006.ppm;38;0
38/00015_00007.ppm;38;0
38/00015_00008.ppm;38;0
38/00015_00009.ppm;38;0
38/00015_00010.ppm;38;0
38/00015_00011.ppm;38;0
38/00015_00012.ppm;38;0
38/00015_00013.ppm;38;0
38/00015_00014.ppm;38;0
38/00015_00015.ppm;38;0
38/00015_00016.ppm;38;0
38/00015_00017.ppm;38;0
38/00015_00018.ppm;38;0
38/00015_00019.ppm;38;0
38/00015_00020.ppm;38;0
38/00015_00021.ppm;38;0
38/00015_00022.ppm;38;0
38/00015_00023.ppm;38;0
38/00015_00024.ppm;38;0
38/00015_00025.ppm;38;0
38/00015_00026.ppm;38;0
38/00015_00027.ppm;38;0
38/00015_00028.ppm;38;0
38/00015_00029.ppm;38;0
38/00016_00000.ppm;38;0
38/00016_00001.ppm;38;0
38/00016_00002.ppm;38;0
38/00016_00003.ppm;38;0
38/00016_00004.ppm;38;0
38/00016_00005.ppm;38;0
38/00016_00006.ppm;38;0
38/00016_00007.ppm;38;0
38/00016_00008.ppm;38;0
38/00016_00009.ppm;38;0
38/00016_00010.ppm;38;0
38/00016_00011.ppm;38;0
38/00016_00012.ppm;38;0
38/00016_00013.ppm;38;0
38/00016_00014.ppm;38;0
38/00016_00015.ppm;38;0
38/00016_00016.ppm;38;0
38/00016_00017.ppm;38;0
38/00016_00018.ppm;38;0
38/00016_00019.ppm;38;0
38/00016_00020.ppm;38;0
38/00016_00021.ppm;38;0
38/00016_00022.ppm;38;0
38/00016_00023.ppm;38;0
38/00016_00024.ppm;38;0
38/00016_00025.ppm;38;0
38/00016_00026.ppm;38;0
38/00016_00027.ppm;38;0
38/00016_00028.ppm;38;0
38/00016_00029.ppm;38;0
38/00017_00000.ppm;38;0
38/00017_00001.ppm;38;0
38/00017_00002.ppm;38;0
38/00017_00003.ppm;38;0
38/00017_00004.ppm;38;0
38/00017_00005.ppm;38;0
38/00017_00006.ppm;38;0
38/00017_00007.ppm;38;0
38/00017_00008.ppm;38;0
38/00017_00009.ppm;38;0
38/00017_00010.ppm;38;0
38/00017_00011.ppm;38;0
38/00017_00012.ppm;38;0
38/00017_00013.ppm;38;0
38/00017_00014.ppm;38;0
38/00017_00015.ppm;38;0
38/00017_00016.ppm;38;0
38/00017_00017.ppm;38;0
38/00017_00018.ppm;38;0
38/00017_00019.ppm;38;0
38/00017_00020.ppm;38;0
38/00017_00021.ppm;38;0
38/00017_00022.ppm;38;0
38/00017_00023.ppm;38;0
38/00017_00024.ppm;38;0
38/00017_00025.ppm;38;0
38/00017_00026.ppm;38;0
38/00017_00027.ppm;38;0
38/00017_00028.ppm;38;0
38/00017_00029.ppm;38;0
38/00018_00000.ppm;38;0
38/00018_00001.ppm;38;0
38/00018_00002.ppm;38;0
38/00018_00003.ppm;38;0
38/00018_00004.ppm;38;0
38/00018_00005.ppm;38;0
38/00018_00006.ppm;38;0
38/00018_00007.ppm;38;0
38/00018_00008.ppm;38;0
38/00018_00009.ppm;38;0
38/00018_00010.ppm;38;0
38/00018_00011.ppm;38;0
38/00018_00012.ppm;38;0
38/00018_00013.ppm;38;0
38/00018_00014.ppm;38;0
38/00018_00015.ppm;38;0
38/00018_00016.ppm;38;0
38/00018_00017.ppm;38;0
38/00018_00018.ppm;38;0
38/00018_00019.ppm;38;0
38/00018_00020.ppm;38;0
38/00018_00021.ppm;38;0
38/00018_00022.ppm;38;0
38/00018_00023.ppm;38;0
38/00018_00024.ppm;38;0
38/00018_00025.ppm;38;0
38/00018_00026.ppm;38;0
38/00018_00027.ppm;38;0
38/00018_00028.ppm;38;0
38/00018_00029.ppm;38;0
38/00019_00000.ppm;38;0
38/00019_00001.ppm;38;0
38/00019_00002.ppm;38;0
38/00019_00003.ppm;38;0
38/00019_00004.ppm;38;0
38/00019_00005.ppm;38;0
38/00019_00006.ppm;38;0
38/00019_00007.ppm;38;0
38/00019_00008.ppm;38;0
38/00019_00009.ppm;38;0
38/00019_00010.ppm;38;0
38/00019_00011.ppm;38;0
38/00019_00012.ppm;38;0
38/00019_00013.ppm;38;0
38/00019_00014.ppm;38;0
38/00019_00015.ppm;38;0
38/00019_00016.ppm;38;0
38/00019_00017.ppm;38;0
38/00019_00018.ppm;38;0
38/00019_00019.ppm;38;0
38/00019_00020.ppm;38;0
38/00019_00021.ppm;38;0
38/00019_00022.ppm;38;0
38/00019_00023.ppm;38;0
38/00019_00024.ppm;38;0
38/00019_00025.ppm;38;0
38/00019_00026.ppm;38;0
38/00019_00027.ppm;38;0
38/00019_00028.ppm;38;0
38/00019_00029.ppm;38;0
38/00020_00000.ppm;38;0
38/00020_00001.ppm;38;0
38/00020_00002.ppm;38;0
38/00020_00003.ppm;38;0
38/00020_00004.ppm;38;0
38/00020_00005.ppm;38;0
38/00020_00006.ppm;38;0
38/00020_00007.ppm;38;0
38/00020_00008.ppm;38;0
38/00020_00009.ppm;38;0
38/00020_00010.ppm;38;0
38/00020_00011.ppm;38;0
38/00020_00012.ppm;38;0
38/00020_00013.ppm;38;0
38/00020_00014.ppm;38;0
38/00020_00015.ppm;38;0
38/00020_00016.ppm;38;0
38/00020_00017.ppm;38;0
38/00020_00018.ppm;38;0
38/00020_00019.ppm;38;0
38/00020_00020.ppm;38;0
38/00020_00021.ppm;38;0
38/00020_00022.ppm;38;0
38/00020_00023.ppm;38;0
38/00020_00024.ppm;38;0
38/00020_00025.ppm;38;0
38/00020_00026.ppm;38;0
38/00020_00027.ppm;38;0
38/00020_00028.ppm;38;0
38/00020_00029.ppm;38;0
38/00021_00000.ppm;38;0
38/00021_00001.ppm;38;0
38/00021_00002.ppm;38;0
38/00021_00003.ppm;38;0
38/00021_00004.ppm;38;0
38/00021_00005.ppm;38;0
38/00021_00006.ppm;38;0
38/00021_00007.ppm;38;0
38/00021_00008.ppm;38;0
38/00021_00009.ppm;38;0
38/00021_00010.ppm;38;0
38/00021_00011.ppm;38;0
38/00021_00012.ppm;38;0
38/00021_00013.ppm;38;0
38/00021_00014.ppm;38;0
38/00021_00015.ppm;38;0
38/00021_00016.ppm;38;0
38/00021_00017.ppm;38;0
38/00021_00018.ppm;38;0
38/00021_00019.ppm;38;0
38/00021_00020.ppm;38;0
38/00021_00021.ppm;38;0
38/00021_00022.ppm;38;0
38/00021_00023.ppm;38;0
38/00021_00024.ppm;38;0
38/00021_00025.ppm;38;0
38/00021_00026.ppm;38;0
38/00021_00027.ppm;38;0
38/00021_00028.ppm;38;0
38/00021_00029.ppm;38;0
38/00022_00000.ppm;38;0
38/00022_00001.ppm;38;0
38/00022_00002.ppm;38;0
38/00022_00003.ppm;38;0
38/00022_00004.ppm;38;0
38/00022_00005.ppm;38;0
38/00022_00006.ppm;38;0
38/00022_00007.ppm;38;0
38/00022_00008.ppm;38;0
38/00022_00009.ppm;38;0
38/00022_00010.ppm;38;0
38/00022_00011.ppm;38;0
38/00022_00012.ppm;38;0
38/00022_00013.ppm;38;0
38/00022_00014.ppm;38;0
38/00022_00015.ppm;38;0
38/00022_00016.ppm;38;0
38/00022_00017.ppm;38;0
38/00022_00018.ppm;38;0
38/00022_00019.ppm;38;0
38/00022_00020.ppm;38;0
38/00022_00021.ppm;38;0
38/00022_00022.ppm;38;0
38/00022_00023.ppm;38;0
38/00022_00024.ppm;38;0
38/00022_00025.ppm;38;0
38/00022_00026.ppm;38;0
38/00022_00027.ppm;38;0
38/00022_00028.ppm;38;0
38/00022_00029.ppm;38;0
38/00023_00000.ppm;38;0
38/00023_00001.ppm;38;0
38/00023_00002.ppm;38;0
38/00023_00003.ppm;38;0
38/00023_00004.ppm;38;0
38/00023_00005.ppm;38;0
38/00023_00006.ppm;38;0
38/00023_00007.ppm;38;0
38/00023_00008.ppm;38;0
38/00023_00009.ppm;38;0
38/00023_00010.ppm;38;0
38/00023_00011.ppm;38;0
38/00023_00012.ppm;38;0
38/00023_00013.ppm;38;0
38/00023_00014.ppm;38;0
38/00023_00015.ppm;38;0
38/00023_00016.ppm;38;0
38/00023_00017.ppm;38;0
38/00023_00018.ppm;38;0
38/00023_00019.ppm;38;0
38/00023_00020.ppm;38;0
38/00023_00021.ppm;38;0
38/00023_00022.ppm;38;0
38/00023_00023.ppm;38;0
38/00023_00024.ppm;38;0
38/00023_00025.ppm;38;0
38/00023_00026.ppm;38;0
38/00023_00027.ppm;38;0
38/00023_00028.ppm;38;0
38/00023_00029.ppm;38;0
38/00024_00000.ppm;38;0
38/00024_00001.ppm;38;0
38/00024_00002.ppm;38;0
38/00024_00003.ppm;38;0
38/00024_00004.ppm;38;0
38/00024_00005.ppm;38;0
38/00024_00006.ppm;38;0
38/00024_00007.ppm;38;0
38/00024_00008.ppm;38;0
38/00024_00009.ppm;38;0
38/00024_00010.ppm;38;0
38/00024_00011.ppm;38;0
38/00024_00012.ppm;38;0
38/00024_00013.ppm;38;0
38/00024_00014.ppm;38;0
38/00024_00015.ppm;38;0
38/00024_00016.ppm;38;0
38/00024_00017.ppm;38;0
38/00024_00018.ppm;38;0
38/00024_00019.ppm;38;0
38/00024_00020.ppm;38;0
38/00024_00021.ppm;38;0
38/00024_00022.ppm;38;0
38/00024_00023.ppm;38;0
38/00024_00024.ppm;38;0
38/00024_00025.ppm;38;0
38/00024_00026.ppm;38;0
38/00024_00027.ppm;38;0
38/00024_00028.ppm;38;0
38/00024_00029.ppm;38;0
38/00025_00000.ppm;38;0
38/00025_00001.ppm;38;0
38/00025_00002.ppm;38;0
38/00025_00003.ppm;38;0
38/00025_00004.ppm;38;0
38/00025_00005.ppm;38;0
38/00025_00006.ppm;38;0
38/00025_00007.ppm;38;0
38/00025_00008.ppm;38;0
38/00025_00009.ppm;38;0
38/00025_00010.ppm;38;0
38/00025_00011.ppm;38;0
38/00025_00012.ppm;38;0
38/00025_00013.ppm;38;0
38/00025_00014.ppm;38;0
38/00025_00015.ppm;38;0
38/00025_00016.ppm;38;0
38/00025_00017.ppm;38;0
38/00025_00018.ppm;38;0
38/00025_00019.ppm;38;0
38/00025_00020.ppm;38;0
38/00025_00021.ppm;38;0
38/00025_00022.ppm;38;0
38/00025_00023.ppm;38;0
38/00025_00024.ppm;38;0
38/00025_00025.ppm;38;0
38/00025_00026.ppm;38;0
38/00025_00027.ppm;38;0
38/00025_00028.ppm;38;0
38/00025_00029.ppm;38;0
38/00026_00000.ppm;38;0
38/00026_00001.ppm;38;0
38/00026_00002.ppm;38;0
38/00026_00003.ppm;38;0
38/00026_00004.ppm;38;0
38/00026_00005.ppm;38;0
38/00026_00006.ppm;38;0
38/00026_00007.ppm;38;0
38/00026_00008.ppm;38;0
38/00026_00009.ppm;38;0
38/00026_00010.ppm;38;0
38/00026_00011.ppm;38;0
38/00026_00012.ppm;38;0
38/00026_00013.ppm;38;0
38/00026_00014.ppm;38;0
38/00026_00015.ppm;38;0
38/00026_00016.ppm;38;0
38/00026_00017.ppm;38;0
38/00026_00018.ppm;38;0
38/00026_00019.ppm;38;0
38/00026_00020.ppm;38;0
38/00026_00021.ppm;38;0
38/00026_00022.ppm;38;0
38/00026_00023.ppm;38;0
38/00026_00024.ppm;38;0
38/00026_00025.ppm;38;0
38/00026_00026.ppm;38;0
38/00026_00027.ppm;38;0
38/00026_00028.ppm;38;0
38/00026_00029.ppm;38;0
38/00027_00000.ppm;38;0
38/00027_00001.ppm;38;0
38/00027_00002.ppm;38;0
38/00027_00003.ppm;38;0
38/00027_00004.ppm;38;0
38/00027_00005.ppm;38;0
38/00027_00006.ppm;38;0
38/00027_00007.ppm;38;0
38/00027_00008.ppm;38;0
38/00027_00009.ppm;38;0
38/00027_00010.ppm;38;0
38/00027_00011.ppm;38;0
38/00027_00012.ppm;38;0
38/00027_00013.ppm;38;0
38/00027_00014.ppm;38;0
38/00027_00015.ppm;38;0
38/00027_00016.ppm;38;0
38/00027_00017.ppm;38;0
38/00027_00018.ppm;38;0
38/00027_00019.ppm;38;0
38/00027_00020.ppm;38;0
38/00027_00021.ppm;38;0
38/00027_00022.ppm;38;0
38/00027_00023.ppm;38;0
38/00027_00024.ppm;38;0
38/00027_00025.ppm;38;0
38/00027_00026.ppm;38;0
38/00027_00027.ppm;38;0
38/00027_00028.ppm;38;0
38/00027_00029.ppm;38;0
38/00028_00000.ppm;38;0
38/00028_00001.ppm;38;0
38/00028_00002.ppm;38;0
38/00028_00003.ppm;38;0
38/00028_00004.ppm;38;0
38/00028_00005.ppm;38;0
38/00028_00006.ppm;38;0
38/00028_00007.ppm;38;0
38/00028_00008.ppm;38;0
38/00028_00009.ppm;38;0
38/00028_00010.ppm;38;0
38/00028_00011.ppm;38;0
38/00028_00012.ppm;38;0
38/00028_00013.ppm;38;0
38/00028_00014.ppm;38;0
38/00028_00015.ppm;38;0
38/00028_00016.ppm;38;0
38/00028_00017.ppm;38;0
38/00028_00018.ppm;38;0
38/00028_00019.ppm;38;0
38/00028_00020.ppm;38;0
38/00028_00021.ppm;38;0
38/00028_00022.ppm;38;0
38/00028_00023.ppm;38;0
38/00028_00024.ppm;38;0
38/00028_00025.ppm;38;0
38/00028_00026.ppm;38;0
38/00028_00027.ppm;38;0
38/00028_00028.ppm;38;0
38/00028_00029.ppm;38;0
38/00029_00000.ppm;38;0
38/00029_00001.ppm;38;0
38/00029_00002.ppm;38;0
38/00029_00003.ppm;38;0
38/00029_00004.ppm;38;0
38/00029_00005.ppm;38;0
38/00029_00006.ppm;38;0
38/00029_00007.ppm;38;0
38/00029_00008.ppm;38;0
38/00029_00009.ppm;38;0
38/00029_00010.ppm;38;0
38/00029_00011.ppm;38;0
38/00029_00012.ppm;38;0
38/00029_00013.ppm;38;0
38/00029_00014.ppm;38;0
38/00029_00015.ppm;38;0
38/00029_00016.ppm;38;0
38/00029_00017.ppm;38;0
38/00029_00018.ppm;38;0
38/00029_00019.ppm;38;0
38/00029_00020.ppm;38;0
38/00029_00021.ppm;38;0
38/00029_00022.ppm;38;0
38/00029_00023.ppm;38;0
38/00029_00024.ppm;38;0
38/00029_00025.ppm;38;0
38/00029_00026.ppm;38;0
38/00029_00027.ppm;38;0
38/00029_00028.ppm;38;0
38/00029_00029.ppm;38;0
38/00030_00000.ppm;38;0
38/00030_00001.ppm;38;0
38/00030_00002.ppm;38;0
38/00030_00003.ppm;38;0
38/00030_00004.ppm;38;0
38/00030_00005.ppm;38;0
38/00030_00006.ppm;38;0
38/00030_00007.ppm;38;0
38/00030_00008.ppm;38;0
38/00030_00009.ppm;38;0
38/00030_00010.ppm;38;0
38/00030_00011.ppm;38;0
38/00030_00012.ppm;38;0
38/00030_00013.ppm;38;0
38/00030_00014.ppm;38;0
38/00030_00015.ppm;38;0
38/00030_00016.ppm;38;0
38/00030_00017.ppm;38;0
38/00030_00018.ppm;38;0
38/00030_00019.ppm;38;0
38/00030_00020.ppm;38;0
38/00030_00021.ppm;38;0
38/00030_00022.ppm;38;0
38/00030_00023.ppm;38;0
38/00030_00024.ppm;38;0
38/00030_00025.ppm;38;0
38/00030_00026.ppm;38;0
38/00030_00027.ppm;38;0
38/00030_00028.ppm;38;0
38/00030_00029.ppm;38;0
38/00031_00000.ppm;38;0
38/00031_00001.ppm;38;0
38/00031_00002.ppm;38;0
38/00031_00003.ppm;38;0
38/00031_00004.ppm;38;0
38/00031_00005.ppm;38;0
38/00031_00006.ppm;38;0
38/00031_00007.ppm;38;0
38/00031_00008.ppm;38;0
38/00031_00009.ppm;38;0
38/00031_00010.ppm;38;0
38/00031_00011.ppm;38;0
38/00031_00012.ppm;38;0
38/00031_00013.ppm;38;0
38/00031_00014.ppm;38;0
38/00031_00015.ppm;38;0
38/00031_00016.ppm;38;0
38/00031_00017.ppm;38;0
38/00031_00018.ppm;38;0
38/00031_00019.ppm;38;0
38/00031_00020.ppm;38;0
38/00031_00021.ppm;38;0
38/00031_00022.ppm;38;0
38/00031_00023.ppm;38;0
38/00031_00024.ppm;38;0
38/00031_00025.ppm;38;0
38/00031_00026.ppm;38;0
38/00031_00027.ppm;38;0
38/00031_00028.ppm;38;0
38/00031_00029.ppm;38;0
38/00032_00000.ppm;38;0
38/00032_00001.ppm;38;0
38/00032_00002.ppm;38;0
38/00032_00003.ppm;38;0
38/00032_00004.ppm;38;0
38/00032_00005.ppm;38;0
38/00032_00006.ppm;38;0
38/00032_00007.ppm;38;0
38/00032_00008.ppm;38;0
38/00032_00009.ppm;38;0
38/00032_00010.ppm;38;0
38/00032_00011.ppm;38;0
38/00032_00012.ppm;38;0
38/00032_00013.ppm;38;0
38/00032_00014.ppm;38;0
38/00032_00015.ppm;38;0
38/00032_00016.ppm;38;0
38/00032_00017.ppm;38;0
38/00032_00018.ppm;38;0
38/00032_00019.ppm;38;0
38/00032_00020.ppm;38;0
38/00032_00021.ppm;38;0
38/00032_00022.ppm;38;0
38/00032_00023.ppm;38;0
38/00032_00024.ppm;38;0
38/00032_00025.ppm;38;0
38/00032_00026.ppm;38;0
38/00032_00027.ppm;38;0
38/00032_00028.ppm;38;0
38/00032_00029.ppm;38;0
38/00033_00000.ppm;38;0
38/00033_00001.ppm;38;0
38/00033_00002.ppm;38;0
38/00033_00003.ppm;38;0
38/00033_00004.ppm;38;0
38/00033_00005.ppm;38;0
38/00033_00006.ppm;38;0
38/00033_00007.ppm;38;0
38/00033_00008.ppm;38;0
38/00033_00009.ppm;38;0
38/00033_00010.ppm;38;0
38/00033_00011.ppm;38;0
38/00033_00012.ppm;38;0
38/00033_00013.ppm;38;0
38/00033_00014.ppm;38;0
38/00033_00015.ppm;38;0
38/00033_00016.ppm;38;0
38/00033_00017.ppm;38;0
38/00033_00018.ppm;38;0
38/00033_00019.ppm;38;0
38/00033_00020.ppm;38;0
38/00033_00021.ppm;38;0
38/00033_00022.ppm;38;0
38/00033_00023.ppm;38;0
38/00033_00024.ppm;38;0
38/00033_00025.ppm;38;0
38/00033_00026.ppm;38;0
38/00033_00027.ppm;38;0
38/00033_00028.ppm;38;0
38/00033_00029.ppm;38;0
38/00034_00000.ppm;38;0
38/00034_00001.ppm;38;0
38/00034_00002.ppm;38;0
38/00034_00003.ppm;38;0
38/00034_00004.ppm;38;0
38/00034_00005.ppm;38;0
38/00034_00006.ppm;38;0
38/00034_00007.ppm;38;0
38/00034_00008.ppm;38;0
38/00034_00009.ppm;38;0
38/00034_00010.ppm;38;0
38/00034_00011.ppm;38;0
38/00034_00012.ppm;38;0
38/00034_00013.ppm;38;0
38/00034_00014.ppm;38;0
38/00034_00015.ppm;38;0
38/00034_00016.ppm;38;0
38/00034_00017.ppm;38;0
38/00034_00018.ppm;38;0
38/00034_00019.ppm;38;0
38/00034_00020.ppm;38;0
38/00034_00021.ppm;38;0
38/00034_00022.ppm;38;0
38/00034_00023.ppm;38;0
38/00034_00024.ppm;38;0
38/00034_00025.ppm;38;0
38/00034_00026.ppm;38;0
38/00034_00027.ppm;38;0
38/00034_00028.ppm;38;0
38/00034_00029.ppm;38;0
38/00035_00000.ppm;38;0
38/00035_00001.ppm;38;0
38/00035_00002.ppm;38;0
38/00035_00003.ppm;38;0
38/00035_00004.ppm;38;0
38/00035_00005.ppm;38;0
38/00035_00006.ppm;38;0
38/00035_00007.ppm;38;0
38/00035_00008.ppm;38;0
38/00035_00009.ppm;38;0
38/00035_00010.ppm;38;0
38/00035_00011.ppm;38;0
38/00035_00012.ppm;38;0
38/00035_00013.ppm;38;0
38/00035_00014.ppm;38;0
38/00035_00015.ppm;38;0
38/00035_00016.ppm;38;0
38/00035_00017.ppm;38;0
38/00035_00018.ppm;38;0
38/00035_00019.ppm;38;0
38/00035_00020.ppm;38;0
38/00035_00021.ppm;38;0
38/00035_00022.ppm;38;0
38/00035_00023.ppm;38;0
38/00035_00024.ppm;38;0
38/00035_00025.ppm;38;0
38/00035_00026.ppm;38;0
38/00035_00027.ppm;38;0
38/00035_00028.ppm;38;0
38/00035_00029.ppm;38;0
38/00036_00000.ppm;38;0
38/00036_00001.ppm;38;0
38/00036_00002.ppm;38;0
38/00036_00003.ppm;38;0
38/00036_00004.ppm;38;0
38/00036_00005.ppm;38;0
38/00036_00006.ppm;38;0
38/00036_00007.ppm;38;0
38/00036_00008.ppm;38;0
38/00036_00009.ppm;38;0
38/00036_00010.ppm;38;0
38/00036_00011.ppm;38;0
38/00036_00012.ppm;38;0
38/00036_00013.ppm;38;0
38/00036_00014.ppm;38;0
38/00036_00015.ppm;38;0
38/00036_00016.ppm;38;0
38/00036_00017.ppm;38;0
38/00036_00018.ppm;38;0
38/00036_00019.ppm;38;0
38/00036_00020.ppm;38;0
38/00036_00021.ppm;38;0
38/00036_00022.ppm;38;0
38/00036_00023.ppm;38;0
38/00036_00024.ppm;38;0
38/00036_00025.ppm;38;0
38/00036_00026.ppm;38;0
38/00036_00027.ppm;38;0
38/00036_00028.ppm;38;0
38/00036_00029.ppm;38;0
38/00037_00000.ppm;38;0
38/00037_00001.ppm;38;0
38/00037_00002.ppm;38;0
38/00037_00003.ppm;38;0
38/00037_00004.ppm;38;0
38/00037_00005.ppm;38;0
38/00037_00006.ppm;38;0
38/00037_00007.ppm;38;0
38/00037_00008.ppm;38;0
38/00037_00009.ppm;38;0
38/00037_00010.ppm;38;0
38/00037_00011.ppm;38;0
38/00037_00012.ppm;38;0
38/00037_00013.ppm;38;0
38/00037_00014.ppm;38;0
38/00037_00015.ppm;38;0
38/00037_00016.ppm;38;0
38/00037_00017.ppm;38;0
38/00037_00018.ppm;38;0
38/00037_00019.ppm;38;0
38/00037_00020.ppm;38;0
38/00037_00021.ppm;38;0
38/00037_00022.ppm;38;0
38/00037_00023.ppm;38;0
38/00037_00024.ppm;38;0
38/00037_00025.ppm;38;0
38/00037_00026.ppm;38;0
38/00037_00027.ppm;38;0
38/00037_00028.ppm;38;0
38/00037_00029.ppm;38;0
38/00038_00000.ppm;38;0
38/00038_00001.ppm;38;0
38/00038_00002.ppm;38;0
38/00038_00003.ppm;38;0
38/00038_00004.ppm;38;0
38/00038_00005.ppm;38;0
38/00038_00006.ppm;38;0
38/00038_00007.ppm;38;0
38/00038_00008.ppm;38;0
38/00038_00009.ppm;38;0
38/00038_00010.ppm;38;0
38/00038_00011.ppm;38;0
38/00038_00012.ppm;38;0
38/00038_00013.ppm;38;0
38/00038_00014.ppm;38;0
38/00038_00015.ppm;38;0
38/00038_00016.ppm;38;0
38/00038_00017.ppm;38;0
38/00038_00018.ppm;38;0
38/00038_00019.ppm;38;0
38/00038_00020.ppm;38;0
38/00038_00021.ppm;38;0
38/00038_00022.ppm;38;0
38/00038_00023.ppm;38;0
38/00038_00024.ppm;38;0
38/00038_00025.ppm;38;0
38/00038_00026.ppm;38;0
38/00038_00027.ppm;38;0
38/00038_00028.ppm;38;0
38/00038_00029.ppm;38;0
38/00039_00000.ppm;38;0
38/00039_00001.ppm;38;0
38/00039_00002.ppm;38;0
38/00039_00003.ppm;38;0
38/00039_00004.ppm;38;0
38/00039_00005.ppm;38;0
38/00039_00006.ppm;38;0
38/00039_00007.ppm;38;0
38/00039_00008.ppm;38;0
38/00039_00009.ppm;38;0
38/00039_00010.ppm;38;0
38/00039_00011.ppm;38;0
38/00039_00012.ppm;38;0
38/00039_00013.ppm;38;0
38/00039_00014.ppm;38;0
38/00039_00015.ppm;38;0
38/00039_00016.ppm;38;0
38/00039_00017.ppm;38;0
38/00039_00018.ppm;38;0
38/00039_00019.ppm;38;0
38/00039_00020.ppm;38;0
38/00039_00021.ppm;38;0
38/00039_00022.ppm;38;0
38/00039_00023.ppm;38;0
38/00039_00024.ppm;38;0
38/00039_00025.ppm;38;0
38/00039_00026.ppm;38;0
38/00039_00027.ppm;38;0
38/00039_00028.ppm;38;0
38/00039_00029.ppm;38;0
38/00040_00000.ppm;38;0
38/00040_00001.ppm;38;0
38/00040_00002.ppm;38;0
38/00040_00003.ppm;38;0
38/00040_00004.ppm;38;0
38/00040_00005.ppm;38;0
38/00040_00006.ppm;38;0
38/00040_00007.ppm;38;0
38/00040_00008.ppm;38;0
38/00040_00009.ppm;38;0
38/00040_00010.ppm;38;0
38/00040_00011.ppm;38;0
38/00040_00012.ppm;38;0
38/00040_00013.ppm;38;0
38/00040_00014.ppm;38;0
38/00040_00015.ppm;38;0
38/00040_00016.ppm;38;0
38/00040_00017.ppm;38;0
38/00040_00018.ppm;38;0
38/00040_00019.ppm;38;0
38/00040_00020.ppm;38;0
38/00040_00021.ppm;38;0
38/00040_00022.ppm;38;0
38/00040_00023.ppm;38;0
38/00040_00024.ppm;38;0
38/00040_00025.ppm;38;0
38/00040_00026.ppm;38;0
38/00040_00027.ppm;38;0
38/00040_00028.ppm;38;0
38/00040_00029.ppm;38;0
38/00041_00000.ppm;38;0
38/00041_00001.ppm;38;0
38/00041_00002.ppm;38;0
38/00041_00003.ppm;38;0
38/00041_00004.ppm;38;0
38/00041_00005.ppm;38;0
38/00041_00006.ppm;38;0
38/00041_00007.ppm;38;0
38/00041_00008.ppm;38;0
38/00041_00009.ppm;38;0
38/00041_00010.ppm;38;0
38/00041_00011.ppm;38;0
38/00041_00012.ppm;38;0
38/00041_00013.ppm;38;0
38/00041_00014.ppm;38;0
38/00041_00015.ppm;38;0
38/00041_00016.ppm;38;0
38/00041_00017.ppm;38;0
38/00041_00018.ppm;38;0
38/00041_00019.ppm;38;0
38/00041_00020.ppm;38;0
38/00041_00021.ppm;38;0
38/00041_00022.ppm;38;0
38/00041_00023.ppm;38;0
38/00041_00024.ppm;38;0
38/00041_00025.ppm;38;0
38/00041_00026.ppm;38;0
38/00041_00027.ppm;38;0
38/00041_00028.ppm;38;0
38/00041_00029.ppm;38;0
38/00042_00000.ppm;38;0
38/00042_00001.ppm;38;0
38/00042_00002.ppm;38;0
38/00042_00003.ppm;38;0
38/00042_00004.ppm;38;0
38/00042_00005.ppm;38;0
38/00042_00006.ppm;38;0
38/00042_00007.ppm;38;0
38/00042_00008.ppm;38;0
38/00042_00009.ppm;38;0
38/00042_00010.ppm;38;0
38/00042_00011.ppm;38;0
38/00042_00012.ppm;38;0
38/00042_00013.ppm;38;0
38/00042_00014.ppm;38;0
38/00042_00015.ppm;38;0
38/00042_00016.ppm;38;0
38/00042_00017.ppm;38;0
38/00042_00018.ppm;38;0
38/00042_00019.ppm;38;0
38/00042_00020.ppm;38;0
38/00042_00021.ppm;38;0
38/00042_00022.ppm;38;0
38/00042_00023.ppm;38;0
38/00042_00024.ppm;38;0
38/00042_00025.ppm;38;0
38/00042_00026.ppm;38;0
38/00042_00027.ppm;38;0
38/00042_00028.ppm;38;0
38/00042_00029.ppm;38;0
38/00043_00000.ppm;38;0
38/00043_00001.ppm;38;0
38/00043_00002.ppm;38;0
38/00043_00003.ppm;38;0
38/00043_00004.ppm;38;0
38/00043_00005.ppm;38;0
38/00043_00006.ppm;38;0
38/00043_00007.ppm;38;0
38/00043_00008.ppm;38;0
38/00043_00009.ppm;38;0
38/00043_00010.ppm;38;0
38/00043_00011.ppm;38;0
38/00043_00012.ppm;38;0
38/00043_00013.ppm;38;0
38/00043_00014.ppm;38;0
38/00043_00015.ppm;38;0
38/00043_00016.ppm;38;0
38/00043_00017.ppm;38;0
38/00043_00018.ppm;38;0
38/00043_00019.ppm;38;0
38/00043_00020.ppm;38;0
38/00043_00021.ppm;38;0
38/00043_00022.ppm;38;0
38/00043_00023.ppm;38;0
38/00043_00024.ppm;38;0
38/00043_00025.ppm;38;0
38/00043_00026.ppm;38;0
38/00043_00027.ppm;38;0
38/00043_00028.ppm;38;0
38/00043_00029.ppm;38;0
38/00044_00000.ppm;38;0
38/00044_00001.ppm;38;0
38/00044_00002.ppm;38;0
38/00044_00003.ppm;38;0
38/00044_00004.ppm;38;0
38/00044_00005.ppm;38;0
38/00044_00006.ppm;38;0
38/00044_00007.ppm;38;0
38/00044_00008.ppm;38;0
38/00044_00009.ppm;38;0
38/00044_00010.ppm;38;0
38/00044_00011.ppm;38;0
38/00044_00012.ppm;38;0
38/00044_00013.ppm;38;0
38/00044_00014.ppm;38;0
38/00044_00015.ppm;38;0
38/00044_00016.ppm;38;0
38/00044_00017.ppm;38;0
38/00044_00018.ppm;38;0
38/00044_00019.ppm;38;0
38/00044_00020.ppm;38;0
38/00044_00021.ppm;38;0
38/00044_00022.ppm;38;0
38/00044_00023.ppm;38;0
38/00044_00024.ppm;38;0
38/00044_00025.ppm;38;0
38/00044_00026.ppm;38;0
38/00044_00027.ppm;38;0
38/00044_00028.ppm;38;0
38/00044_00029.ppm;38;0
38/00045_00000.ppm;38;0
38/00045_00001.ppm;38;0
38/00045_00002.ppm;38;0
38/00045_00003.ppm;38;0
38/00045_00004.ppm;38;0
38/00045_00005.ppm;38;0
38/00045_00006.ppm;38;0
38/00045_00007.ppm;38;0
38/00045_00008.ppm;38;0
38/00045_00009.ppm;38;0
38/00045_00010.ppm;38;0
38/00045_00011.ppm;38;0
38/00045_00012.ppm;38;0
38/00045_00013.ppm;38;0
38/00045_00014.ppm;38;0
38/00045_00015.ppm;38;0
38/00045_00016.ppm;38;0
38/00045_00017.ppm;38;0
38/00045_00018.ppm;38;0
38/00045_00019.ppm;38;0
38/00045_00020.ppm;38;0
38/00045_00021.ppm;38;0
38/00045_00022.ppm;38;0
38/00045_00023.ppm;38;0
38/00045_00024.ppm;38;0
38/00045_00025.ppm;38;0
38/00045_00026.ppm;38;0
38/00045_00027.ppm;38;0
38/00045_00028.ppm;38;0
38/00045_00029.ppm;38;0
39/00000_00000.ppm;39;0
39/00000_00001.ppm;39;0
39/00000_00002.ppm;39;0
39/00000_00003.ppm;39;0
39/00000_00004.ppm;39;0
39/00000_00005.ppm;39;0
39/00000_00006.ppm;39;0
39/00000_00007.ppm;39;0
39/00000_00008.ppm;39;0
39/00000_00009.ppm;39;0
39/00000_00010.ppm;39;0
39/00000_00011.ppm;39;0
39/00000_00012.ppm;39;0
39/00000_00013.ppm;39;0
39/00000_00014.ppm;39;0
39/00000_00015.ppm;39;0
39/00000_00016.ppm;39;0
39/00000_00017.ppm;39;0
39/00000_00018.ppm;39;0
39/00000_00019.ppm;39;0
39/00000_00020.ppm;39;0
39/00000_00021.ppm;39;0
39/00000_00022.ppm;39;0
39/00000_00023.ppm;39;0
39/00000_00024.ppm;39;0
39/00000_00025.ppm;39;0
39/00000_00026.ppm;39;0
39/00000_00027.ppm;39;0
39/00000_00028.ppm;39;0
39/00000_00029.ppm;39;0
39/00001_00000.ppm;39;0
39/00001_00001.ppm;39;0
39/00001_00002.ppm;39;0
39/00001_00003.ppm;39;0
39/00001_00004.ppm;39;0
39/00001_00005.ppm;39;0
39/00001_00006.ppm;39;0
39/00001_00007.ppm;39;0
39/00001_00008.ppm;39;0
39/00001_00009.ppm;39;0
39/00001_00010.ppm;39;0
39/00001_00011.ppm;39;0
39/00001_00012.ppm;39;0
39/00001_00013.ppm;39;0
39/00001_00014.ppm;39;0
39/00001_00015.ppm;39;0
39/00001_00016.ppm;39;0
39/00001_00017.ppm;39;0
39/00001_00018.ppm;39;0
39/00001_00019.ppm;39;0
39/00001_00020.ppm;39;0
39/00001_00021.ppm;39;0
39/00001_00022.ppm;39;0
39/00001_00023.ppm;39;0
39/00001_00024.ppm;39;0
39/00001_00025.ppm;39;0
39/00001_00026.ppm;39;0
39/00001_00027.ppm;39;0
39/00001_00028.ppm;39;0
39/00001_00029.ppm;39;0
39/00002_00000.ppm;39;0
39/00002_00001.ppm;39;0
39/00002_00002.ppm;39;0
39/00002_00003.ppm;39;0
39/00002_00004.ppm;39;0
39/00002_00005.ppm;39;0
39/00002_00006.ppm;39;0
39/00002_00007.ppm;39;0
39/00002_00008.ppm;39;0
39/00002_00009.ppm;39;0
39/00002_00010.ppm;39;0
39/00002_00011.ppm;39;0
39/00002_00012.ppm;39;0
39/00002_00013.ppm;39;0
39/00002_00014.ppm;39;0
39/00002_00015.ppm;39;0
39/00002_00016.ppm;39;0
39/00002_00017.ppm;39;0
39/00002_00018.ppm;39;0
39/00002_00019.ppm;39;0
39/00002_00020.ppm;39;0
39/00002_00021.ppm;39;0
39/00002_00022.ppm;39;0
39/00002_00023.ppm;39;0
39/00002_00024.ppm;39;0
39/00002_00025.ppm;39;0
39/00002_00026.ppm;39;0
39/00002_00027.ppm;39;0
39/00002_00028.ppm;39;0
39/00002_00029.ppm;39;0
39/00003_00000.ppm;39;0
39/00003_00001.ppm;39;0
39/00003_00002.ppm;39;0
39/00003_00003.ppm;39;0
39/00003_00004.ppm;39;0
39/00003_00005.ppm;39;0
39/00003_00006.ppm;39;0
39/00003_00007.ppm;39;0
39/00003_00008.ppm;39;0
39/00003_00009.ppm;39;0
39/00003_00010.ppm;39;0
39/00003_00011.ppm;39;0
39/00003_00012.ppm;39;0
39/00003_00013.ppm;39;0
39/00003_00014.ppm;39;0
39/00003_00015.ppm;39;0
39/00003_00016.ppm;39;0
39/00003_00017.ppm;39;0
39/00003_00018.ppm;39;0
39/00003_00019.ppm;39;0
39/00003_00020.ppm;39;0
39/00003_00021.ppm;39;0
39/00003_00022.ppm;39;0
39/00003_00023.ppm;39;0
39/00003_00024.ppm;39;0
39/00003_00025.ppm;39;0
39/00003_00026.ppm;39;0
39/00003_00027.ppm;39;0
39/00003_00028.ppm;39;0
39/00003_00029.ppm;39;0
39/00004_00000.ppm;39;0
39/00004_00001.ppm;39;0
39/00004_00002.ppm;39;0
39/00004_00003.ppm;39;0
39/00004_00004.ppm;39;0
39/00004_00005.ppm;39;0
39/00004_00006.ppm;39;0
39/00004_00007.ppm;39;0
39/00004_00008.ppm;39;0
39/00004_00009.ppm;39;0
39/00004_00010.ppm;39;0
39/00004_00011.ppm;39;0
39/00004_00012.ppm;39;0
39/00004_00013.ppm;39;0
39/00004_00014.ppm;39;0
39/00004_00015.ppm;39;0
39/00004_00016.ppm;39;0
39/00004_00017.ppm;39;0
39/00004_00018.ppm;39;0
39/00004_00019.ppm;39;0
39/00004_00020.ppm;39;0
39/00004_00021.ppm;39;0
39/00004_00022.ppm;39;0
39/00004_00023.ppm;39;0
39/00004_00024.ppm;39;0
39/00004_00025.ppm;39;0
39/00004_00026.ppm;39;0
39/00004_00027.ppm;39;0
39/00004_00028.ppm;39;0
39/00004_00029.ppm;39;0
39/00005_00000.ppm;39;0
39/00005_00001.ppm;39;0
39/00005_00002.ppm;39;0
39/00005_00003.ppm;39;0
39/00005_00004.ppm;39;0
39/00005_00005.ppm;39;0
39/00005_00006.ppm;39;0
39/00005_00007.ppm;39;0
39/00005_00008.ppm;39;0
39/00005_00009.ppm;39;0
39/00005_00010.ppm;39;0
39/00005_00011.ppm;39;0
39/00005_00012.ppm;39;0
39/00005_00013.ppm;39;0
39/00005_00014.ppm;39;0
39/00005_00015.ppm;39;0
39/00005_00016.ppm;39;0
39/00005_00017.ppm;39;0
39/00005_00018.ppm;39;0
39/00005_00019.ppm;39;0
39/00005_00020.ppm;39;0
39/00005_00021.ppm;39;0
39/00005_00022.ppm;39;0
39/00005_00023.ppm;39;0
39/00005_00024.ppm;39;0
39/00005_00025.ppm;39;0
39/00005_00026.ppm;39;0
39/00005_00027.ppm;39;0
39/00005_00028.ppm;39;0
39/00005_00029.ppm;39;0
39/00006_00000.ppm;39;0
39/00006_00001.ppm;39;0
39/00006_00002.ppm;39;0
39/00006_00003.ppm;39;0
39/00006_00004.ppm;39;0
39/00006_00005.ppm;39;0
39/00006_00006.ppm;39;0
39/00006_00007.ppm;39;0
39/00006_00008.ppm;39;0
39/00006_00009.ppm;39;0
39/00006_00010.ppm;39;0
39/00006_00011.ppm;39;0
39/00006_00012.ppm;39;0
39/00006_00013.ppm;39;0
39/00006_00014.ppm;39;0
39/00006_00015.ppm;39;0
39/00006_00016.ppm;39;0
39/00006_00017.ppm;39;0
39/00006_00018.ppm;39;0
39/00006_00019.ppm;39;0
39/00006_00020.ppm;39;0
39/00006_00021.ppm;39;0
39/00006_00022.ppm;39;0
39/00006_00023.ppm;39;0
39/00006_00024.ppm;39;0
39/00006_00025.ppm;39;0
39/00006_00026.ppm;39;0
39/00006_00027.ppm;39;0
39/00006_00028.ppm;39;0
39/00006_00029.ppm;39;0
40/00000_00000.ppm;40;0
40/00000_00001.ppm;40;0
40/00000_00002.ppm;40;0
40/00000_00003.ppm;40;0
40/00000_00004.ppm;40;0
40/00000_00005.ppm;40;0
40/00000_00006.ppm;40;0
40/00000_00007.ppm;40;0
40/00000_00008.ppm;40;0
40/00000_00009.ppm;40;0
40/00000_00010.ppm;40;0
40/00000_00011.ppm;40;0
40/00000_00012.ppm;40;0
40/00000_00013.ppm;40;0
40/00000_00014.ppm;40;0
40/00000_00015.ppm;40;0
40/00000_00016.ppm;40;0
40/00000_00017.ppm;40;0
40/00000_00018.ppm;40;0
40/00000_00019.ppm;40;0
40/00000_00020.ppm;40;0
40/00000_00021.ppm;40;0
40/00000_00022.ppm;40;0
40/00000_00023.ppm;40;0
40/00000_00024.ppm;40;0
40/00000_00025.ppm;40;0
40/00000_00026.ppm;40;0
40/00000_00027.ppm;40;0
40/00000_00028.ppm;40;0
40/00000_00029.ppm;40;0
40/00001_00000.ppm;40;0
40/00001_00001.ppm;40;0
40/00001_00002.ppm;40;0
40/00001_00003.ppm;40;0
40/00001_00004.ppm;40;0
40/00001_00005.ppm;40;0
40/00001_00006.ppm;40;0
40/00001_00007.ppm;40;0
40/00001_00008.ppm;40;0
40/00001_00009.ppm;40;0
40/00001_00010.ppm;40;0
40/00001_00011.ppm;40;0
40/00001_00012.ppm;40;0
40/00001_00013.ppm;40;0
40/00001_00014.ppm;40;0
40/00001_00015.ppm;40;0
40/00001_00016.ppm;40;0
40/00001_00017.ppm;40;0
40/00001_00018.ppm;40;0
40/00001_00019.ppm;40;0
40/00001_00020.ppm;40;0
40/00001_00021.ppm;40;0
40/00001_00022.ppm;40;0
40/00001_00023.ppm;40;0
40/00001_00024.ppm;40;0
40/00001_00025.ppm;40;0
40/00001_00026.ppm;40;0
40/00001_00027.ppm;40;0
40/00001_00028.ppm;40;0
40/00001_00029.ppm;40;0
40/00002_00000.ppm;40;0
40/00002_00001.ppm;40;0
40/00002_00002.ppm;40;0
40/00002_00003.ppm;40;0
40/00002_00004.ppm;40;0
40/00002_00005.ppm;40;0
40/00002_00006.ppm;40;0
40/00002_00007.ppm;40;0
40/00002_00008.ppm;40;0
40/00002_00009.ppm;40;0
40/00002_00010.ppm;40;0
40/00002_00011.ppm;40;0
40/00002_00012.ppm;40;0
40/00002_00013.ppm;40;0
40/00002_00014.ppm;40;0
40/00002_00015.ppm;40;0
40/00002_00016.ppm;40;0
40/00002_00017.ppm;40;0
40/00002_00018.ppm;40;0
40/00002_00019.ppm;40;0
40/00002_00020.ppm;40;0
40/00002_00021.ppm;40;0
40/00002_00022.ppm;40;0
40/00002_00023.ppm;40;0
40/00002_00024.ppm;40;0
40/00002_00025.ppm;40;0
40/00002_00026.ppm;40;0
40/00002_00027.ppm;40;0
40/00002_00028.ppm;40;0
40/00002_00029.ppm;40;0
40/00003_00000.ppm;40;0
40/00003_00001.ppm;40;0
40/00003_00002.ppm;40;0
40/00003_00003.ppm;40;0
40/00003_00004.ppm;40;0
40/00003_00005.ppm;40;0
40/00003_00006.ppm;40;0
40/00003_00007.ppm;40;0
40/00003_00008.ppm;40;0
40/00003_00009.ppm;40;0
40/00003_00010.ppm;40;0
40/00003_00011.ppm;40;0
40/00003_00012.ppm;40;0
40/00003_00013.ppm;40;0
40/00003_00014.ppm;40;0
40/00003_00015.ppm;40;0
40/00003_00016.ppm;40;0
40/00003_00017.ppm;40;0
40/00003_00018.ppm;40;0
40/00003_00019.ppm;40;0
40/00003_00020.ppm;40;0
40/00003_00021.ppm;40;0
40/00003_00022.ppm;40;0
40/00003_00023.ppm;40;0
40/00003_00024.ppm;40;0
40/00003_00025.ppm;40;0
40/00003_00026.ppm;40;0
40/00003_00027.ppm;40;0
40/00003_00028.ppm;40;0
40/00003_00029.ppm;40;0
40/00004_00000.ppm;40;0
40/00004_00001.ppm;40;0
40/00004_00002.ppm;40;0
40/00004_00003.ppm;40;0
40/00004_00004.ppm;40;0
40/00004_00005.ppm;40;0
40/00004_00006.ppm;40;0
40/00004_00007.ppm;40;0
40/00004_00008.ppm;40;0
40/00004_00009.ppm;40;0
40/00004_00010.ppm;40;0
40/00004_00011.ppm;40;0
40/00004_00012.ppm;40;0
40/00004_00013.ppm;40;0
40/00004_00014.ppm;40;0
40/00004_00015.ppm;40;0
40/00004_00016.ppm;40;0
40/00004_00017.ppm;40;0
40/00004_00018.ppm;40;0
40/00004_00019.ppm;40;0
40/00004_00020.ppm;40;0
40/00004_00021.ppm;40;0
40/00004_00022.ppm;40;0
40/00004_00023.ppm;40;0
40/00004_00024.ppm;40;0
40/00004_00025.ppm;40;0
40/00004_00026.ppm;40;0
40/00004_00027.ppm;40;0
40/00004_00028.ppm;40;0
40/00004_00029.ppm;40;0
40/00005_00000.ppm;40;0
40/00005_00001.ppm;40;0
40/00005_00002.ppm;40;0
40/00005_00003.ppm;40;0
40/00005_00004.ppm;40;0
40/00005_00005.ppm;40;0
40/00005_00006.ppm;40;0
40/00005_00007.ppm;40;0
40/00005_00008.ppm;40;0
40/00005_00009.ppm;40;0
40/00005_00010.ppm;40;0
40/00005_00011.ppm;40;0
40/00005_00012.ppm;40;0
40/00005_00013.ppm;40;0
40/00005_00014.ppm;40;0
40/00005_00015.ppm;40;0
40/00005_00016.ppm;40;0
40/00005_00017.ppm;40;0
40/00005_00018.ppm;40;0
40/00005_00019.ppm;40;0
40/00005_00020.ppm;40;0
40/00005_00021.ppm;40;0
40/00005_00022.ppm;40;0
40/00005_00023.ppm;40;0
40/00005_00024.ppm;40;0
40/00005_00025.ppm;40;0
40/00005_00026.ppm;40;0
40/00005_00027.ppm;40;0
40/00005_00028.ppm;40;0
40/00005_00029.ppm;40;0
40/00006_00000.ppm;40;0
40/00006_00001.ppm;40;0
40/00006_00002.ppm;40;0
40/00006_00003.ppm;40;0
40/00006_00004.ppm;40;0
40/00006_00005.ppm;40;0
40/00006_00006.ppm;40;0
40/00006_00007.ppm;40;0
40/00006_00008.ppm;40;0
40/00006_00009.ppm;40;0
40/00006_00010.ppm;40;0
40/00006_00011.ppm;40;0
40/00006_00012.ppm;40;0
40/00006_00013.ppm;40;0
40/00006_00014.ppm;40;0
40/00006_00015.ppm;40;0
40/00006_00016.ppm;40;0
40/00006_00017.ppm;40;0
40/00006_00018.ppm;40;0
40/00006_00019.ppm;40;0
40/00006_00020.ppm;40;0
40/00006_00021.ppm;40;0
40/00006_00022.ppm;40;0
40/00006_00023.ppm;40;0
40/00006_00024.ppm;40;0
40/00006_00025.ppm;40;0
40/00006_00026.ppm;40;0
40/00006_00027.ppm;40;0
40/00006_00028.ppm;40;0
40/00006_00029.ppm;40;0
40/00007_00000.ppm;40;0
40/00007_00001.ppm;40;0
40/00007_00002.ppm;40;0
40/00007_00003.ppm;40;0
40/00007_00004.ppm;40;0
40/00007_00005.ppm;40;0
40/00007_00006.ppm;40;0
40/00007_00007.ppm;40;0
40/00007_00008.ppm;40;0
40/00007_00009.ppm;40;0
40/00007_00010.ppm;40;0
40/00007_00011.ppm;40;0
40/00007_00012.ppm;40;0
40/00007_00013.ppm;40;0
40/00007_00014.ppm;40;0
40/00007_00015.ppm;40;0
40/00007_00016.ppm;40;0
40/00007_00017.ppm;40;0
40/00007_00018.ppm;40;0
40/00007_00019.ppm;40;0
40/00007_00020.ppm;40;0
40/00007_00021.ppm;40;0
40/00007_00022.ppm;40;0
40/00007_00023.ppm;40;0
40/00007_00024.ppm;40;0
40/00007_00025.ppm;40;0
40/00007_00026.ppm;40;0
40/00007_00027.ppm;40;0
40/00007_00028.ppm;40;0
40/00007_00029.ppm;40;0
41/00000_00000.ppm;41;0
41/00000_00001.ppm;41;0
41/00000_00002.ppm;41;0
41/00000_00003.ppm;41;0
41/00000_00004.ppm;41;0
41/00000_00005.ppm;41;0
41/00000_00006.ppm;41;0
41/00000_00007.ppm;41;0
41/00000_00008.ppm;41;0
41/00000_00009.ppm;41;0
41/00000_00010.ppm;41;0
41/00000_00011.ppm;41;0
41/00000_00012.ppm;41;0
41/00000_00013.ppm;41;0
41/00000_00014.ppm;41;0
41/00000_00015.ppm;41;0
41/00000_00016.ppm;41;0
41/00000_00017.ppm;41;0
41/00000_00018.ppm;41;0
41/00000_00019.ppm;41;0
41/00000_00020.ppm;41;0
41/00000_00021.ppm;41;0
41/00000_00022.ppm;41;0
41/00000_00023.ppm;41;0
41/00000_00024.ppm;41;0
41/00000_00025.ppm;41;0
41/00000_00026.ppm;41;0
41/00000_00027.ppm;41;0
41/00000_00028.ppm;41;0
41/00000_00029.ppm;41;0
41/00001_00000.ppm;41;0
41/00001_00001.ppm;41;0
41/00001_00002.ppm;41;0
41/00001_00003.ppm;41;0
41/00001_00004.ppm;41;0
41/00001_00005.ppm;41;0
41/00001_00006.ppm;41;0
41/00001_00007.ppm;41;0
41/00001_00008.ppm;41;0
41/00001_00009.ppm;41;0
41/00001_00010.ppm;41;0
41/00001_00011.ppm;41;0
41/00001_00012.ppm;41;0
41/00001_00013.ppm;41;0
41/00001_00014.ppm;41;0
41/00001_00015.ppm;41;0
41/00001_00016.ppm;41;0
41/00001_00017.ppm;41;0
41/00001_00018.ppm;41;0
41/00001_00019.ppm;41;0
41/00001_00020.ppm;41;0
41/00001_00021.ppm;41;0
41/00001_00022.ppm;41;0
41/00001_00023.ppm;41;0
41/00001_00024.ppm;41;0
41/00001_00025.ppm;41;0
41/00001_00026.ppm;41;0
41/00001_00027.ppm;41;0
41/00001_00028.ppm;41;0
41/00001_00029.ppm;41;0
41/00002_00000.ppm;41;0
41/00002_00001.ppm;41;0
41/00002_00002.ppm;41;0
41/00002_00003.ppm;41;0
41/00002_00004.ppm;41;0
41/00002_00005.ppm;41;0
41/00002_00006.ppm;41;0
41/00002_00007.ppm;41;0
41/00002_00008.ppm;41;0
41/00002_00009.ppm;41;0
41/00002_00010.ppm;41;0
41/00002_00011.ppm;41;0
41/00002_00012.ppm;41;0
41/00002_00013.ppm;41;0
41/00002_00014.ppm;41;0
41/00002_00015.ppm;41;0
41/00002_00016.ppm;41;0
41/00002_00017.ppm;41;0
41/00002_00018.ppm;41;0
41/00002_00019.ppm;41;0
41/00002_00020.ppm;41;0
41/00002_00021.ppm;41;0
41/00002_00022.ppm;41;0
41/00002_00023.ppm;41;0
41/00002_00024.ppm;41;0
41/00002_00025.ppm;41;0
41/00002_00026.ppm;41;0
41/00002_00027.ppm;41;0
41/00002_00028.ppm;41;0
41/00002_00029.ppm;41;0
41/00003_00000.ppm;41;0
41/00003_00001.ppm;41;0
41/00003_00002.ppm;41;0
41/00003_00003.ppm;41;0
41/00003_00004.ppm;41;0
41/00003_00005.ppm;41;0
41/00003_00006.ppm;41;0
41/00003_00007.ppm;41;0
41/00003_00008.ppm;41;0
41/00003_00009.ppm;41;0
41/00003_00010.ppm;41;0
41/00003_00011.ppm;41;0
41/00003_00012.ppm;41;0
41/00003_00013.ppm;41;0
41/00003_00014.ppm;41;0
41/00003_00015.ppm;41;0
41/00003_00016.ppm;41;0
41/00003_00017.ppm;41;0
41/00003_00018.ppm;41;0
41/00003_00019.ppm;41;0
41/00003_00020.ppm;41;0
41/00003_00021.ppm;41;0
41/00003_00022.ppm;41;0
41/00003_00023.ppm;41;0
41/00003_00024.ppm;41;0
41/00003_00025.ppm;41;0
41/00003_00026.ppm;41;0
41/00003_00027.ppm;41;0
41/00003_00028.ppm;41;0
41/00003_00029.ppm;41;0
41/00004_00000.ppm;41;0
41/00004_00001.ppm;41;0
41/00004_00002.ppm;41;0
41/00004_00003.ppm;41;0
41/00004_00004.ppm;41;0
41/00004_00005.ppm;41;0
41/00004_00006.ppm;41;0
41/00004_00007.ppm;41;0
41/00004_00008.ppm;41;0
41/00004_00009.ppm;41;0
41/00004_00010.ppm;41;0
41/00004_00011.ppm;41;0
41/00004_00012.ppm;41;0
41/00004_00013.ppm;41;0
41/00004_00014.ppm;41;0
41/00004_00015.ppm;41;0
41/00004_00016.ppm;41;0
41/00004_00017.ppm;41;0
41/00004_00018.ppm;41;0
41/00004_00019.ppm;41;0
41/00004_00020.ppm;41;0
41/00004_00021.ppm;41;0
41/00004_00022.ppm;41;0
41/00004_00023.ppm;41;0
41/00004_00024.ppm;41;0
41/00004_00025.ppm;41;0
41/00004_00026.ppm;41;0
41/00004_00027.ppm;41;0
41/00004_00028.ppm;41;0
41/00004_00029.ppm;41;0
41/00005_00000.ppm;41;0
41/00005_00001.ppm;41;0
41/00005_00002.ppm;41;0
41/00005_00003.ppm;41;0
41/00005_00004.ppm;41;0
41/00005_00005.ppm;41;0
41/00005_00006.ppm;41;0
41/00005_00007.ppm;41;0
41/00005_00008.ppm;41;0
41/00005_00009.ppm;41;0
41/00005_00010.ppm;41;0
41/00005_00011.ppm;41;0
41/00005_00012.ppm;41;0
41/00005_00013.ppm;41;0
41/00005_00014.ppm;41;0
41/00005_00015.ppm;41;0
41/00005_00016.ppm;41;0
41/00005_00017.ppm;41;0
41/00005_00018.ppm;41;0
41/00005_00019.ppm;41;0
41/00005_00020.ppm;41;0
41/00005_00021.ppm;41;0
41/00005_00022.ppm;41;0
41/00005_00023.ppm;41;0
41/00005_00024.ppm;41;0
41/00005_00025.ppm;41;0
41/00005_00026.ppm;41;0
41/00005_00027.ppm;41;0
41/00005_00028.ppm;41;0
41/00005_00029.ppm;41;0
42/00000_00000.ppm;42;0
42/00000_00001.ppm;42;0
42/00000_00002.ppm;42;0
42/00000_00003.ppm;42;0
42/00000_00004.ppm;42;0
42/00000_00005.ppm;42;0
42/00000_00006.ppm;42;0
42/00000_00007.ppm;42;0
42/00000_00008.ppm;42;0
42/00000_00009.ppm;42;0
42/00000_00010.ppm;42;0
42/00000_00011.ppm;42;0
42/00000_00012.ppm;42;0
42/00000_00013.ppm;42;0
42/00000_00014.ppm;42;0
42/00000_00015.ppm;42;0
42/00000_00016.ppm;42;0
42/00000_00017.ppm;42;0
42/00000_00018.ppm;42;0
42/00000_00019.ppm;42;0
42/00000_00020.ppm;42;0
42/00000_00021.ppm;42;0
42/00000_00022.ppm;42;0
42/00000_00023.ppm;42;0
42/00000_00024.ppm;42;0
42/00000_00025.ppm;42;0
42/00000_00026.ppm;42;0
42/00000_00027.ppm;42;0
42/00000_00028.ppm;42;0
42/00000_00029.ppm;42;0
42/00001_00000.ppm;42;0
42/00001_00001.ppm;42;0
42/00001_00002.ppm;42;0
42/00001_00003.ppm;42;0
42/00001_00004.ppm;42;0
42/00001_00005.ppm;42;0
42/00001_00006.ppm;42;0
42/00001_00007.ppm;42;0
42/00001_00008.ppm;42;0
42/00001_00009.ppm;42;0
42/00001_00010.ppm;42;0
42/00001_00011.ppm;42;0
42/00001_00012.ppm;42;0
42/00001_00013.ppm;42;0
42/00001_00014.ppm;42;0
42/00001_00015.ppm;42;0
42/00001_00016.ppm;42;0
42/00001_00017.ppm;42;0
42/00001_00018.ppm;42;0
42/00001_00019.ppm;42;0
42/00001_00020.ppm;42;0
42/00001_00021.ppm;42;0
42/00001_00022.ppm;42;0
42/00001_00023.ppm;42;0
42/00001_00024.ppm;42;0
42/00001_00025.ppm;42;0
42/00001_00026.ppm;42;0
42/00001_00027.ppm;42;0
42/00001_00028.ppm;42;0
42/00001_00029.ppm;42;0
42/00002_00000.ppm;42;0
42/00002_00001.ppm;42;0
42/00002_00002.ppm;42;0
42/00002_00003.ppm;42;0
42/00002_00004.ppm;42;0
42/00002_00005.ppm;42;0
42/00002_00006.ppm;42;0
42/00002_00007.ppm;42;0
42/00002_00008.ppm;42;0
42/00002_00009.ppm;42;0
42/00002_00010.ppm;42;0
42/00002_00011.ppm;42;0
42/00002_00012.ppm;42;0
42/00002_00013.ppm;42;0
42/00002_00014.ppm;42;0
42/00002_00015.ppm;42;0
42/00002_00016.ppm;42;0
42/00002_00017.ppm;42;0
42/00002_00018.ppm;42;0
42/00002_00019.ppm;42;0
42/00002_00020.ppm;42;0
42/00002_00021.ppm;42;0
42/00002_00022.ppm;42;0
42/00002_00023.ppm;42;0
42/00002_00024.ppm;42;0
42/00002_00025.ppm;42;0
42/00002_00026.ppm;42;0
42/00002_00027.ppm;42;0
42/00002_00028.ppm;42;0
42/00002_00029.ppm;42;0
42/00003_00000.ppm;42;0
42/00003_00001.ppm;42;0
42/00003_00002.ppm;42;0
42/00003_00003.ppm;42;0
42/00003_00004.ppm;42;0
42/00003_00005.ppm;42;0
42/00003_00006.ppm;42;0
42/00003_00007.ppm;42;0
42/00003_00008.ppm;42;0
42/00003_00009.ppm;42;0
42/00003_00010.ppm;42;0
42/00003_00011.ppm;42;0
42/00003_00012.ppm;42;0
42/00003_00013.ppm;42;0
42/00003_00014.ppm;42;0
42/00003_00015.ppm;42;0
42/00003_00016.ppm;42;0
42/00003_00017.ppm;42;0
42/00003_00018.ppm;42;0
42/00003_00019.ppm;42;0
42/00003_00020.ppm;42;0
42/00003_00021.ppm;42;0
42/00003_00022.ppm;42;0
42/00003_00023.ppm;42;0
42/00003_00024.ppm;42;0
42/00003_00025.ppm;42;0
42/00003_00026.ppm;42;0
42/00003_00027.ppm;42;0
42/00003_00028.ppm;42;0
42/00003_00029.ppm;42;0
42/00004_00000.ppm;42;0
42/00004_00001.ppm;42;0
42/00004_00002.ppm;42;0
42/00004_00003.ppm;42;0
42/00004_00004.ppm;42;0
42/00004_00005.ppm;42;0
42/00004_00006.ppm;42;0
42/00004_00007.ppm;42;0
42/00004_00008.ppm;42;0
42/00004_00009.ppm;42;0
42/00004_00010.ppm;42;0
42/00004_00011.ppm;42;0
42/00004_00012.ppm;42;0
42/00004_00013.ppm;42;0
42/00004_00014.ppm;42;0
42/00004_00015.ppm;42;0
42/00004_00016.ppm;42;0
42/00004_00017.ppm;42;0
42/00004_00018.ppm;42;0
42/00004_00019.ppm;42;0
42/00004_00020.ppm;42;0
42/00004_00021.ppm;42;0
42/00004_00022.ppm;42;0
42/00004_00023.ppm;42;0
42/00004_00024.ppm;42;0
42/00004_00025.ppm;42;0
42/00004_00026.ppm;42;0
42/00004_00027.ppm;42;0
42/00004_00028.ppm;42;0
42/00004_00029.ppm;42;0
42/00005_00000.ppm;42;0
42/00005_00001.ppm;42;0
42/00005_00002.ppm;42;0
42/00005_00003.ppm;42;0
42/00005_00004.ppm;42;0
42/00005_00005.ppm;42;0
42/00005_00006.ppm;42;0
42/00005_00007.ppm;42;0
42/00005_00008.ppm;42;0
42/00005_00009.ppm;42;0
42/00005_00010.ppm;42;0
42/00005_00011.ppm;42;0
42/00005_00012.ppm;42;0
42/00005_00013.ppm;42;0
42/00005_00014.ppm;42;0
42/00005_00015.ppm;42;0
42/00005_00016.ppm;42;0
42/00005_00017.ppm;42;0
42/00005_00018.ppm;42;0
42/00005_00019.ppm;42;0
42/00005_00020.ppm;42;0
42/00005_00021.ppm;42;0
42/00005_00022.ppm;42;0
42/00005_00023.ppm;42;0
42/00005_00024.ppm;42;0
42/00005_00025.ppm;42;0
42/00005_00026.ppm;42;0
42/00005_00027.ppm;42;0
42/00005_00028.ppm;42;0
42/00005_00029.ppm;42;0
0/00_00001.jpg;43;1
0/00_00002.jpg;43;1
0/00_00003.jpg;43;1
0/00_00004.jpg;43;1
0/00_00005.jpg;43;1
0/00_00006.jpg;43;1
0/00_00007.jpg;43;1
0/00_00008.jpg;43;1
0/00_00009.jpg;43;1
0/00_00010.jpg;43;1
0/00_00011.jpg;43;1
0/00_00012.jpg;43;1
0/00_00013.jpg;43;1
0/00_00014.jpg;43;1
0/00_00015.jpg;43;1
0/00_00016.jpg;43;1
0/00_00017.jpg;43;1
0/00_00018.jpg;43;1
0/00_00019.jpg;43;1
0/00_00020.jpg;43;1
0/00_00021.jpg;43;1
0/00_00022.jpg;43;1
0/00_00023.jpg;43;1
0/00_00024.jpg;43;1
0/00_00025.jpg;43;1
0/00_00026.jpg;43;1
0/00_00027.jpg;43;1
0/00_00028.jpg;43;1
0/00_00029.jpg;43;1
0/00_00030.jpg;43;1
0/00_00031.jpg;43;1
0/00_00032.jpg;43;1
0/00_00033.jpg;43;1
0/00_00034.jpg;43;1
0/00_00035.jpg;43;1
0/00_00036.jpg;43;1
0/00_00037.jpg;43;1
0/00_00038.jpg;43;1
0/00_00039.jpg;43;1
0/00_00040.jpg;43;1
0/00_00041.jpg;43;1
0/00_00042.jpg;43;1
0/00_00043.jpg;43;1
0/00_00044.jpg;43;1
0/00_00045.jpg;43;1
0/00_00046.jpg;43;1
0/00_00047.jpg;43;1
0/00_00048.jpg;43;1
0/00_00049.jpg;43;1
0/00_00050.jpg;43;1
0/00_00051.jpg;43;1
0/00_00052.jpg;43;1
0/00_00053.jpg;43;1
0/00_00054.jpg;43;1
0/00_00055.jpg;43;1
0/00_00056.jpg;43;1
0/00_00057.jpg;43;1
0/00_00058.jpg;43;1
0/00_00059.jpg;43;1
0/00_00060.jpg;43;1
0/00_00061.jpg;43;1
0/00_00062.jpg;43;1
0/00_00063.jpg;43;1
0/00_00064.jpg;43;1
0/00_00065.jpg;43;1
0/00_00066.jpg;43;1
0/00_00067.jpg;43;1
0/00_00068.jpg;43;1
0/00_00069.jpg;43;1
0/00_00070.jpg;43;1
0/00_00071.jpg;43;1
0/00_00072.jpg;43;1
0/00_00073.jpg;43;1
0/00_00074.jpg;43;1
0/00_00075.jpg;43;1
0/00_00076.jpg;43;1
0/00_00077.jpg;43;1
0/00_00078.jpg;43;1
0/00_00079.jpg;43;1
0/00_00080.jpg;43;1
0/00_00081.jpg;43;1
0/00_00082.jpg;43;1
0/00_00083.jpg;43;1
0/00_00084.jpg;43;1
0/00_00085.jpg;43;1
0/00_00086.jpg;43;1
0/00_00087.jpg;43;1
0/00_00088.jpg;43;1
0/00_00089.jpg;43;1
0/00_00090.jpg;43;1
0/00_00091.jpg;43;1
0/00_00092.jpg;43;1
0/00_00093.jpg;43;1
0/00_00094.jpg;43;1
0/00_00095.jpg;43;1
0/00_00096.jpg;43;1
0/00_00097.jpg;43;1
0/00_00098.jpg;43;1
0/00_00099.jpg;43;1
0/00_00100.jpg;43;1
0/00_00101.jpg;43;1
0/00_00102.jpg;43;1
0/00_00103.jpg;43;1
0/00_00104.jpg;43;1
0/00_00105.jpg;43;1
0/00_00106.jpg;43;1
0/00_00107.jpg;43;1
0/00_00108.jpg;43;1
0/00_00109.jpg;43;1
0/00_00110.jpg;43;1
0/00_00111.jpg;43;1
0/00_00112.jpg;43;1
0/00_00113.jpg;43;1
0/00_00114.jpg;43;1
0/00_00115.jpg;43;1
0/00_00116.jpg;43;1
0/00_00117.jpg;43;1
0/00_00118.jpg;43;1
0/00_00119.jpg;43;1
0/00_00120.jpg;43;1
0/00_00121.jpg;43;1
0/00_00122.jpg;43;1
0/00_00123.jpg;43;1
0/00_00124.jpg;43;1
0/00_00125.jpg;43;1
0/00_00126.jpg;43;1
0/00_00127.jpg;43;1
0/00_00128.jpg;43;1
0/00_00129.jpg;43;1
0/00_00130.jpg;43;1
0/00_00131.jpg;43;1
0/00_00132.jpg;43;1
0/00_00133.jpg;43;1
0/00_00134.jpg;43;1
0/00_00135.jpg;43;1
0/00_00136.jpg;43;1
0/00_00137.jpg;43;1
0/00_00138.jpg;43;1
0/00_00139.jpg;43;1
0/00_00140.jpg;43;1
0/00_00141.jpg;43;1
0/00_00142.jpg;43;1
0/00_00143.jpg;43;1
0/00_00144.jpg;43;1
0/00_00145.jpg;43;1
0/00_00146.jpg;43;1
0/00_00147.jpg;43;1
0/00_00148.jpg;43;1
0/00_00149.jpg;43;1
0/00_00150.jpg;43;1
0/00_00151.jpg;43;1
0/00_00152.jpg;43;1
0/00_00153.jpg;43;1
0/00_00154.jpg;43;1
0/00_00155.jpg;43;1
0/00_00156.jpg;43;1
0/00_00157.jpg;43;1
0/00_00158.jpg;43;1
0/00_00159.jpg;43;1
0/00_00160.jpg;43;1
0/00_00161.jpg;43;1
0/00_00162.jpg;43;1
0/00_00163.jpg;43;1
0/00_00164.jpg;43;1
0/00_00165.jpg;43;1
0/00_00166.jpg;43;1
0/00_00167.jpg;43;1
0/00_00168.jpg;43;1
0/00_00169.jpg;43;1
0/00_00170.jpg;43;1
0/00_00171.jpg;43;1
0/00_00172.jpg;43;1
0/00_00173.jpg;43;1
0/00_00174.jpg;43;1
0/00_00175.jpg;43;1
0/00_00176.jpg;43;1
0/00_00177.jpg;43;1
0/00_00178.jpg;43;1
0/00_00179.jpg;43;1
0/00_00180.jpg;43;1
0/00_00181.jpg;43;1
0/00_00182.jpg;43;1
0/00_00183.jpg;43;1
0/00_00184.jpg;43;1
0/00_00185.jpg;43;1
0/00_00186.jpg;43;1
0/00_00187.jpg;43;1
0/00_00188.jpg;43;1
0/00_00189.jpg;43;1
0/00_00190.jpg;43;1
0/00_00191.jpg;43;1
0/00_00192.jpg;43;1
0/00_00193.jpg;43;1
0/00_00194.jpg;43;1
0/00_00195.jpg;43;1
0/00_00196.jpg;43;1
0/00_00197.jpg;43;1
0/00_00198.jpg;43;1
0/00_00199.jpg;43;1
0/00_00200.jpg;43;1
0/00_00201.jpg;43;1
0/00_00202.jpg;43;1
0/00_00203.jpg;43;1
0/00_00204.jpg;43;1
0/00_00205.jpg;43;1
0/00_00206.jpg;43;1
0/00_00207.jpg;43;1
0/00_00208.jpg;43;1
0/00_00209.jpg;43;1
0/00_00210.jpg;43;1
0/00_00211.jpg;43;1
0/00_00212.jpg;43;1
0/00_00213.jpg;43;1
0/00_00214.jpg;43;1
0/00_00215.jpg;43;1
0/00_00216.jpg;43;1
0/00_00217.jpg;43;1
0/00_00218.jpg;43;1
0/00_00219.jpg;43;1
0/00_00220.jpg;43;1
0/00_00221.jpg;43;1
0/00_00222.jpg;43;1
0/00_00223.jpg;43;1
0/00_00224.jpg;43;1
0/00_00225.jpg;43;1
0/00_00226.jpg;43;1
0/00_00227.jpg;43;1
0/00_00228.jpg;43;1
0/00_00229.jpg;43;1
0/00_00230.jpg;43;1
0/00_00231.jpg;43;1
0/00_00232.jpg;43;1
0/00_00233.jpg;43;1
0/00_00234.jpg;43;1
0/00_00235.jpg;43;1
0/00_00236.jpg;43;1
0/00_00237.jpg;43;1
0/00_00238.jpg;43;1
0/00_00239.jpg;43;1
0/00_00240.jpg;43;1
0/00_00241.jpg;43;1
0/00_00242.jpg;43;1
0/00_00243.jpg;43;1
0/00_00244.jpg;43;1
0/00_00245.jpg;43;1
0/00_00246.jpg;43;1
0/00_00247.jpg;43;1
0/00_00248.jpg;43;1
0/00_00249.jpg;43;1
0/00_00250.jpg;43;1
0/00_00251.jpg;43;1
0/00_00252.jpg;43;1
0/00_00253.jpg;43;1
0/00_00254.jpg;43;1
0/00_00255.jpg;43;1
0/00_00256.jpg;43;1
0/00_00257.jpg;43;1
0/00_00258.jpg;43;1
0/00_00259.jpg;43;1
0/00_00260.jpg;43;1
0/00_00261.jpg;43;1
0/00_00262.jpg;43;1
0/00_00263.jpg;43;1
0/00_00264.jpg;43;1
0/00_00265.jpg;43;1
0/00_00266.jpg;43;1
0/00_00267.jpg;43;1
0/00_00268.jpg;43;1
0/00_00269.jpg;43;1
0/00_00270.jpg;43;1
0/00_00271.jpg;43;1
0/00_00272.jpg;43;1
0/00_00273.jpg;43;1
0/00_00274.jpg;43;1
0/00_00275.jpg;43;1
0/00_00276.jpg;43;1
0/00_00277.jpg;43;1
0/00_00278.jpg;43;1
0/00_00279.jpg;43;1
0/00_00280.jpg;43;1
0/00_00281.jpg;43;1
0/00_00282.jpg;43;1
0/00_00283.jpg;43;1
0/00_00284.jpg;43;1
0/00_00285.jpg;43;1
0/00_00286.jpg;43;1
0/00_00287.jpg;43;1
0/00_00288.jpg;43;1
0/00_00289.jpg;43;1
0/00_00290.jpg;43;1
0/00_00291.jpg;43;1
0/00_00292.jpg;43;1
0/00_00293.jpg;43;1
0/00_00294.jpg;43;1
0/00_00295.jpg;43;1
0/00_00296.jpg;43;1
0/00_00297.jpg;43;1
0/00_00298.jpg;43;1
0/00_00299.jpg;43;1
0/00_00300.jpg;43;1
0/00_00301.jpg;43;1
0/00_00302.jpg;43;1
0/00_00303.jpg;43;1
0/00_00304.jpg;43;1
0/00_00305.jpg;43;1
0/00_00306.jpg;43;1
0/00_00307.jpg;43;1
0/00_00308.jpg;43;1
0/00_00309.jpg;43;1
0/00_00310.jpg;43;1
0/00_00311.jpg;43;1
0/00_00312.jpg;43;1
0/00_00313.jpg;43;1
0/00_00314.jpg;43;1
0/00_00315.jpg;43;1
0/00_00316.jpg;43;1
0/00_00317.jpg;43;1
0/00_00318.jpg;43;1
0/00_00319.jpg;43;1
0/00_00320.jpg;43;1
0/00_00321.jpg;43;1
0/00_00322.jpg;43;1
0/00_00323.jpg;43;1
0/00_00324.jpg;43;1
0/00_00325.jpg;43;1
0/00_00326.jpg;43;1
0/00_00327.jpg;43;1
0/00_00328.jpg;43;1
0/00_00329.jpg;43;1
0/00_00330.jpg;43;1
0/00_00331.jpg;43;1
0/00_00332.jpg;43;1
0/00_00333.jpg;43;1
0/00_00334.jpg;43;1
0/00_00335.jpg;43;1
0/00_00336.jpg;43;1
0/00_00337.jpg;43;1
0/00_00338.jpg;43;1
0/00_00339.jpg;43;1
0/00_00340.jpg;43;1
0/00_00341.jpg;43;1
0/00_00342.jpg;43;1
0/00_00343.jpg;43;1
0/00_00344.jpg;43;1
0/00_00345.jpg;43;1
0/00_00346.jpg;43;1
0/00_00347.jpg;43;1
0/00_00348.jpg;43;1
0/00_00349.jpg;43;1
0/00_00350.jpg;43;1
0/00_00351.jpg;43;1
0/00_00352.jpg;43;1
0/00_00353.jpg;43;1
0/00_00354.jpg;43;1
0/00_00355.jpg;43;1
0/00_00356.jpg;43;1
0/00_00357.jpg;43;1
0/00_00358.jpg;43;1
0/00_00359.jpg;43;1
0/00_00360.jpg;43;1
0/00_00361.jpg;43;1
0/00_00362.jpg;43;1
0/00_00363.jpg;43;1
0/00_00364.jpg;43;1
0/00_00365.jpg;43;1
0/00_00366.jpg;43;1
0/00_00367.jpg;43;1
0/00_00368.jpg;43;1
0/00_00369.jpg;43;1
0/00_00370.jpg;43;1
0/00_00371.jpg;43;1
0/00_00372.jpg;43;1
0/00_00373.jpg;43;1
0/00_00374.jpg;43;1
0/00_00375.jpg;43;1
0/00_00376.jpg;43;1
0/00_00377.jpg;43;1
0/00_00378.jpg;43;1
0/00_00379.jpg;43;1
0/00_00380.jpg;43;1
0/00_00381.jpg;43;1
0/00_00382.jpg;43;1
0/00_00383.jpg;43;1
0/00_00384.jpg;43;1
0/00_00385.jpg;43;1
0/00_00386.jpg;43;1
0/00_00387.jpg;43;1
0/00_00388.jpg;43;1
0/00_00389.jpg;43;1
0/00_00390.jpg;43;1
0/00_00391.jpg;43;1
0/00_00392.jpg;43;1
0/00_00393.jpg;43;1
0/00_00394.jpg;43;1
0/00_00395.jpg;43;1
0/00_00396.jpg;43;1
0/00_00397.jpg;43;1
0/00_00398.jpg;43;1
0/00_00399.jpg;43;1
0/00_00400.jpg;43;1
0/00_00401.jpg;43;1
0/00_00402.jpg;43;1
0/00_00403.jpg;43;1
0/00_00404.jpg;43;1
0/00_00405.jpg;43;1
0/00_00406.jpg;43;1
0/00_00407.jpg;43;1
0/00_00408.jpg;43;1
0/00_00409.jpg;43;1
0/00_00410.jpg;43;1
0/00_00411.jpg;43;1
0/00_00412.jpg;43;1
0/00_00413.jpg;43;1
0/00_00414.jpg;43;1
0/00_00415.jpg;43;1
0/00_00416.jpg;43;1
0/00_00417.jpg;43;1
0/00_00418.jpg;43;1
0/00_00419.jpg;43;1
0/00_00420.jpg;43;1
0/00_00421.jpg;43;1
0/00_00422.jpg;43;1
0/00_00423.jpg;43;1
0/00_00424.jpg;43;1
0/00_00425.jpg;43;1
0/00_00426.jpg;43;1
0/00_00427.jpg;43;1
0/00_00428.jpg;43;1
0/00_00429.jpg;43;1
0/00_00430.jpg;43;1
0/00_00431.jpg;43;1
0/00_00432.jpg;43;1
0/00_00433.jpg;43;1
0/00_00434.jpg;43;1
0/00_00435.jpg;43;1
0/00_00436.jpg;43;1
0/00_00437.jpg;43;1
0/00_00438.jpg;43;1
0/00_00439.jpg;43;1
0/00_00440.jpg;43;1
0/00_00441.jpg;43;1
0/00_00442.jpg;43;1
0/00_00443.jpg;43;1
0/00_00444.jpg;43;1
0/00_00445.jpg;43;1
0/00_00446.jpg;43;1
0/00_00447.jpg;43;1
0/00_00448.jpg;43;1
0/00_00449.jpg;43;1
0/00_00450.jpg;43;1
0/00_00451.jpg;43;1
0/00_00452.jpg;43;1
0/00_00453.jpg;43;1
0/00_00454.jpg;43;1
0/00_00455.jpg;43;1
0/00_00456.jpg;43;1
0/00_00457.jpg;43;1
0/00_00458.jpg;43;1
0/00_00459.jpg;43;1
0/00_00460.jpg;43;1
0/00_00461.jpg;43;1
0/00_00462.jpg;43;1
0/00_00463.jpg;43;1
0/00_00464.jpg;43;1
0/00_00465.jpg;43;1
0/00_00466.jpg;43;1
0/00_00467.jpg;43;1
0/00_00468.jpg;43;1
0/00_00469.jpg;43;1
0/00_00470.jpg;43;1
0/00_00471.jpg;43;1
0/00_00472.jpg;43;1
0/00_00473.jpg;43;1
0/00_00474.jpg;43;1
0/00_00475.jpg;43;1
0/00_00476.jpg;43;1
0/00_00477.jpg;43;1
0/00_00478.jpg;43;1
0/00_00479.jpg;43;1
0/00_00480.jpg;43;1
0/00_00481.jpg;43;1
0/00_00482.jpg;43;1
0/00_00483.jpg;43;1
0/00_00484.jpg;43;1
0/00_00485.jpg;43;1
0/00_00486.jpg;43;1
0/00_00487.jpg;43;1
0/00_00488.jpg;43;1
0/00_00489.jpg;43;1
0/00_00490.jpg;43;1
0/00_00491.jpg;43;1
0/00_00492.jpg;43;1
0/00_00493.jpg;43;1
0/00_00494.jpg;43;1
0/00_00495.jpg;43;1
0/00_00496.jpg;43;1
0/00_00497.jpg;43;1
0/00_00498.jpg;43;1
0/00_00499.jpg;43;1
0/00_00500.jpg;43;1
0/00_00501.jpg;43;1
0/00_00502.jpg;43;1
0/00_00503.jpg;43;1
0/00_00504.jpg;43;1
0/00_00505.jpg;43;1
0/00_00506.jpg;43;1
0/00_00507.jpg;43;1
0/00_00508.jpg;43;1
0/00_00509.jpg;43;1
0/00_00510.jpg;43;1
0/00_00511.jpg;43;1
0/00_00512.jpg;43;1
0/00_00513.jpg;43;1
0/00_00514.jpg;43;1
0/00_00515.jpg;43;1
0/00_00516.jpg;43;1
0/00_00517.jpg;43;1
0/00_00518.jpg;43;1
0/00_00519.jpg;43;1
0/00_00520.jpg;43;1
0/00_00521.jpg;43;1
0/00_00522.jpg;43;1
0/00_00523.jpg;43;1
0/00_00524.jpg;43;1
0/00_00525.jpg;43;1
0/00_00526.jpg;43;1
0/00_00527.jpg;43;1
0/00_00528.jpg;43;1
0/00_00529.jpg;43;1
0/00_00530.jpg;43;1
0/00_00531.jpg;43;1
0/00_00532.jpg;43;1
0/00_00533.jpg;43;1
0/00_00534.jpg;43;1
0/00_00535.jpg;43;1
0/00_00536.jpg;43;1
0/00_00537.jpg;43;1
0/00_00538.jpg;43;1
0/00_00539.jpg;43;1
0/00_00540.jpg;43;1
0/00_00541.jpg;43;1
0/00_00542.jpg;43;1
0/00_00543.jpg;43;1
0/00_00544.jpg;43;1
0/00_00545.jpg;43;1
0/00_00546.jpg;43;1
0/00_00547.jpg;43;1
0/00_00548.jpg;43;1
0/00_00549.jpg;43;1
0/00_00550.jpg;43;1
0/00_00551.jpg;43;1
0/00_00552.jpg;43;1
0/00_00553.jpg;43;1
0/00_00554.jpg;43;1
0/00_00555.jpg;43;1
0/00_00556.jpg;43;1
0/00_00557.jpg;43;1
0/00_00558.jpg;43;1
0/00_00559.jpg;43;1
0/00_00560.jpg;43;1
0/00_00561.jpg;43;1
0/00_00562.jpg;43;1
0/00_00563.jpg;43;1
0/00_00564.jpg;43;1
0/00_00565.jpg;43;1
0/00_00566.jpg;43;1
0/00_00567.jpg;43;1
0/00_00568.jpg;43;1
0/00_00569.jpg;43;1
0/00_00570.jpg;43;1
0/00_00571.jpg;43;1
0/00_00572.jpg;43;1
0/00_00573.jpg;43;1
1/01_00001.jpg;44;1
1/01_00002.jpg;44;1
1/01_00003.jpg;44;1
1/01_00004.jpg;44;1
1/01_00005.jpg;44;1
1/01_00006.jpg;44;1
1/01_00007.jpg;44;1
1/01_00008.jpg;44;1
1/01_00009.jpg;44;1
1/01_00010.jpg;44;1
1/01_00011.jpg;44;1
1/01_00012.jpg;44;1
1/01_00013.jpg;44;1
1/01_00014.jpg;44;1
1/01_00015.jpg;44;1
1/01_00016.jpg;44;1
1/01_00017.jpg;44;1
1/01_00018.jpg;44;1
1/01_00019.jpg;44;1
1/01_00020.jpg;44;1
1/01_00021.jpg;44;1
1/01_00022.jpg;44;1
1/01_00023.jpg;44;1
1/01_00024.jpg;44;1
1/01_00025.jpg;44;1
1/01_00026.jpg;44;1
1/01_00027.jpg;44;1
1/01_00028.jpg;44;1
1/01_00029.jpg;44;1
1/01_00030.jpg;44;1
1/01_00031.jpg;44;1
1/01_00032.jpg;44;1
1/01_00033.jpg;44;1
1/01_00034.jpg;44;1
1/01_00035.jpg;44;1
1/01_00036.jpg;44;1
1/01_00037.jpg;44;1
1/01_00038.jpg;44;1
1/01_00039.jpg;44;1
1/01_00040.jpg;44;1
1/01_00041.jpg;44;1
1/01_00042.jpg;44;1
1/01_00043.jpg;44;1
1/01_00044.jpg;44;1
1/01_00045.jpg;44;1
1/01_00046.jpg;44;1
1/01_00047.jpg;44;1
1/01_00048.jpg;44;1
1/01_00049.jpg;44;1
1/01_00050.jpg;44;1
1/01_00051.jpg;44;1
1/01_00052.jpg;44;1
1/01_00053.jpg;44;1
1/01_00054.jpg;44;1
1/01_00055.jpg;44;1
1/01_00056.jpg;44;1
1/01_00057.jpg;44;1
1/01_00058.jpg;44;1
1/01_00059.jpg;44;1
1/01_00060.jpg;44;1
1/01_00061.jpg;44;1
1/01_00062.jpg;44;1
1/01_00063.jpg;44;1
1/01_00064.jpg;44;1
1/01_00065.jpg;44;1
1/01_00066.jpg;44;1
1/01_00067.jpg;44;1
1/01_00068.jpg;44;1
1/01_00069.jpg;44;1
1/01_00070.jpg;44;1
1/01_00071.jpg;44;1
1/01_00072.jpg;44;1
1/01_00073.jpg;44;1
1/01_00074.jpg;44;1
1/01_00075.jpg;44;1
1/01_00076.jpg;44;1
1/01_00077.jpg;44;1
1/01_00078.jpg;44;1
1/01_00079.jpg;44;1
1/01_00080.jpg;44;1
1/01_00081.jpg;44;1
1/01_00082.jpg;44;1
1/01_00083.jpg;44;1
1/01_00084.jpg;44;1
1/01_00085.jpg;44;1
1/01_00086.jpg;44;1
1/01_00087.jpg;44;1
1/01_00088.jpg;44;1
1/01_00089.jpg;44;1
1/01_00090.jpg;44;1
1/01_00091.jpg;44;1
1/01_00092.jpg;44;1
1/01_00093.jpg;44;1
1/01_00094.jpg;44;1
1/01_00095.jpg;44;1
1/01_00096.jpg;44;1
1/01_00097.jpg;44;1
1/01_00098.jpg;44;1
1/01_00099.jpg;44;1
1/01_00100.jpg;44;1
1/01_00101.jpg;44;1
1/01_00102.jpg;44;1
1/01_00103.jpg;44;1
1/01_00104.jpg;44;1
1/01_00105.jpg;44;1
1/01_00106.jpg;44;1
1/01_00107.jpg;44;1
1/01_00108.jpg;44;1
1/01_00109.jpg;44;1
1/01_00110.jpg;44;1
1/01_00111.jpg;44;1
1/01_00112.jpg;44;1
1/01_00113.jpg;44;1
1/01_00114.jpg;44;1
1/01_00115.jpg;44;1
1/01_00116.jpg;44;1
1/01_00117.jpg;44;1
1/01_00118.jpg;44;1
1/01_00119.jpg;44;1
1/01_00120.jpg;44;1
1/01_00121.jpg;44;1
1/01_00122.jpg;44;1
1/01_00123.jpg;44;1
1/01_00124.jpg;44;1
1/01_00125.jpg;44;1
1/01_00126.jpg;44;1
1/01_00127.jpg;44;1
1/01_00128.jpg;44;1
1/01_00129.jpg;44;1
1/01_00130.jpg;44;1
1/01_00131.jpg;44;1
1/01_00132.jpg;44;1
1/01_00133.jpg;44;1
1/01_00134.jpg;44;1
1/01_00135.jpg;44;1
1/01_00136.jpg;44;1
1/01_00137.jpg;44;1
1/01_00138.jpg;44;1
1/01_00139.jpg;44;1
1/01_00140.jpg;44;1
1/01_00141.jpg;44;1
1/01_00142.jpg;44;1
1/01_00143.jpg;44;1
1/01_00144.jpg;44;1
1/01_00145.jpg;44;1
1/01_00146.jpg;44;1
1/01_00147.jpg;44;1
1/01_00148.jpg;44;1
1/01_00149.jpg;44;1
1/01_00150.jpg;44;1
1/01_00151.jpg;44;1
1/01_00152.jpg;44;1
1/01_00153.jpg;44;1
1/01_00154.jpg;44;1
1/01_00155.jpg;44;1
1/01_00156.jpg;44;1
1/01_00157.jpg;44;1
1/01_00158.jpg;44;1
1/01_00159.jpg;44;1
1/01_00160.jpg;44;1
1/01_00161.jpg;44;1
1/01_00162.jpg;44;1
1/01_00163.jpg;44;1
1/01_00164.jpg;44;1
1/01_00165.jpg;44;1
1/01_00166.jpg;44;1
1/01_00167.jpg;44;1
1/01_00168.jpg;44;1
1/01_00169.jpg;44;1
1/01_00170.jpg;44;1
1/01_00171.jpg;44;1
1/01_00172.jpg;44;1
1/01_00173.jpg;44;1
1/01_00174.jpg;44;1
1/01_00175.jpg;44;1
1/01_00176.jpg;44;1
1/01_00177.jpg;44;1
1/01_00178.jpg;44;1
1/01_00179.jpg;44;1
1/01_00180.jpg;44;1
1/01_00181.jpg;44;1
1/01_00182.jpg;44;1
1/01_00183.jpg;44;1
1/01_00184.jpg;44;1
1/01_00185.jpg;44;1
1/01_00186.jpg;44;1
1/01_00187.jpg;44;1
1/01_00188.jpg;44;1
1/01_00189.jpg;44;1
1/01_00190.jpg;44;1
1/01_00191.jpg;44;1
1/01_00192.jpg;44;1
1/01_00193.jpg;44;1
1/01_00194.jpg;44;1
1/01_00195.jpg;44;1
1/01_00196.jpg;44;1
1/01_00197.jpg;44;1
1/01_00198.jpg;44;1
1/01_00199.jpg;44;1
1/01_00200.jpg;44;1
1/01_00201.jpg;44;1
1/01_00202.jpg;44;1
1/01_00203.jpg;44;1
1/01_00204.jpg;44;1
1/01_00205.jpg;44;1
1/01_00206.jpg;44;1
1/01_00207.jpg;44;1
1/01_00208.jpg;44;1
1/01_00209.jpg;44;1
1/01_00210.jpg;44;1
1/01_00211.jpg;44;1
1/01_00212.jpg;44;1
1/01_00213.jpg;44;1
1/01_00214.jpg;44;1
1/01_00215.jpg;44;1
1/01_00216.jpg;44;1
1/01_00217.jpg;44;1
1/01_00218.jpg;44;1
1/01_00219.jpg;44;1
1/01_00220.jpg;44;1
1/01_00221.jpg;44;1
1/01_00222.jpg;44;1
1/01_00223.jpg;44;1
1/01_00224.jpg;44;1
1/01_00225.jpg;44;1
1/01_00226.jpg;44;1
1/01_00227.jpg;44;1
1/01_00228.jpg;44;1
1/01_00229.jpg;44;1
1/01_00230.jpg;44;1
1/01_00231.jpg;44;1
1/01_00232.jpg;44;1
1/01_00233.jpg;44;1
1/01_00234.jpg;44;1
1/01_00235.jpg;44;1
1/01_00236.jpg;44;1
1/01_00237.jpg;44;1
1/01_00238.jpg;44;1
1/01_00239.jpg;44;1
1/01_00240.jpg;44;1
1/01_00241.jpg;44;1
1/01_00242.jpg;44;1
1/01_00243.jpg;44;1
1/01_00244.jpg;44;1
1/01_00245.jpg;44;1
1/01_00246.jpg;44;1
1/01_00247.jpg;44;1
1/01_00248.jpg;44;1
1/01_00249.jpg;44;1
1/01_00250.jpg;44;1
1/01_00251.jpg;44;1
1/01_00252.jpg;44;1
1/01_00253.jpg;44;1
1/01_00254.jpg;44;1
1/01_00255.jpg;44;1
1/01_00256.jpg;44;1
1/01_00257.jpg;44;1
1/01_00258.jpg;44;1
1/01_00259.jpg;44;1
1/01_00260.jpg;44;1
1/01_00261.jpg;44;1
1/01_00262.jpg;44;1
1/01_00263.jpg;44;1
1/01_00264.jpg;44;1
1/01_00265.jpg;44;1
1/01_00266.jpg;44;1
1/01_00267.jpg;44;1
1/01_00268.jpg;44;1
1/01_00269.jpg;44;1
1/01_00270.jpg;44;1
1/01_00271.jpg;44;1
1/01_00272.jpg;44;1
1/01_00273.jpg;44;1
1/01_00274.jpg;44;1
1/01_00275.jpg;44;1
1/01_00276.jpg;44;1
1/01_00277.jpg;44;1
1/01_00278.jpg;44;1
1/01_00279.jpg;44;1
1/01_00280.jpg;44;1
1/01_00281.jpg;44;1
1/01_00282.jpg;44;1
1/01_00283.jpg;44;1
1/01_00284.jpg;44;1
1/01_00285.jpg;44;1
1/01_00286.jpg;44;1
1/01_00287.jpg;44;1
1/01_00288.jpg;44;1
1/01_00289.jpg;44;1
1/01_00290.jpg;44;1
1/01_00291.jpg;44;1
1/01_00292.jpg;44;1
1/01_00293.jpg;44;1
1/01_00294.jpg;44;1
1/01_00295.jpg;44;1
1/01_00296.jpg;44;1
1/01_00297.jpg;44;1
1/01_00298.jpg;44;1
1/01_00299.jpg;44;1
1/01_00300.jpg;44;1
1/01_00301.jpg;44;1
1/01_00302.jpg;44;1
1/01_00303.jpg;44;1
1/01_00304.jpg;44;1
1/01_00305.jpg;44;1
1/01_00306.jpg;44;1
1/01_00307.jpg;44;1
1/01_00308.jpg;44;1
1/01_00309.jpg;44;1
1/01_00310.jpg;44;1
1/01_00311.jpg;44;1
1/01_00312.jpg;44;1
1/01_00313.jpg;44;1
1/01_00314.jpg;44;1
1/01_00315.jpg;44;1
1/01_00316.jpg;44;1
1/01_00317.jpg;44;1
1/01_00318.jpg;44;1
1/01_00319.jpg;44;1
1/01_00320.jpg;44;1
1/01_00321.jpg;44;1
1/01_00322.jpg;44;1
1/01_00323.jpg;44;1
1/01_00324.jpg;44;1
1/01_00325.jpg;44;1
1/01_00326.jpg;44;1
1/01_00327.jpg;44;1
1/01_00328.jpg;44;1
1/01_00329.jpg;44;1
1/01_00330.jpg;44;1
1/01_00331.jpg;44;1
1/01_00332.jpg;44;1
1/01_00333.jpg;44;1
1/01_00334.jpg;44;1
1/01_00335.jpg;44;1
1/01_00336.jpg;44;1
1/01_00337.jpg;44;1
1/01_00338.jpg;44;1
1/01_00339.jpg;44;1
1/01_00340.jpg;44;1
1/01_00341.jpg;44;1
1/01_00342.jpg;44;1
1/01_00343.jpg;44;1
1/01_00344.jpg;44;1
1/01_00345.jpg;44;1
1/01_00346.jpg;44;1
1/01_00347.jpg;44;1
1/01_00348.jpg;44;1
1/01_00349.jpg;44;1
1/01_00350.jpg;44;1
1/01_00351.jpg;44;1
1/01_00352.jpg;44;1
1/01_00353.jpg;44;1
1/01_00354.jpg;44;1
1/01_00355.jpg;44;1
1/01_00356.jpg;44;1
1/01_00357.jpg;44;1
1/01_00358.jpg;44;1
1/01_00359.jpg;44;1
1/01_00360.jpg;44;1
1/01_00361.jpg;44;1
1/01_00362.jpg;44;1
1/01_00363.jpg;44;1
1/01_00364.jpg;44;1
1/01_00365.jpg;44;1
1/01_00366.jpg;44;1
1/01_00367.jpg;44;1
1/01_00368.jpg;44;1
1/01_00369.jpg;44;1
2/02_00001.jpg;45;1
2/02_00002.jpg;45;1
2/02_00003.jpg;45;1
2/02_00004.jpg;45;1
2/02_00005.jpg;45;1
2/02_00006.jpg;45;1
2/02_00007.jpg;45;1
2/02_00008.jpg;45;1
2/02_00009.jpg;45;1
2/02_00010.jpg;45;1
2/02_00011.jpg;45;1
2/02_00012.jpg;45;1
2/02_00013.jpg;45;1
2/02_00014.jpg;45;1
2/02_00015.jpg;45;1
2/02_00016.jpg;45;1
2/02_00017.jpg;45;1
2/02_00018.jpg;45;1
2/02_00019.jpg;45;1
2/02_00020.jpg;45;1
2/02_00021.jpg;45;1
2/02_00022.jpg;45;1
2/02_00023.jpg;45;1
2/02_00024.jpg;45;1
2/02_00025.jpg;45;1
2/02_00026.jpg;45;1
2/02_00027.jpg;45;1
2/02_00028.jpg;45;1
2/02_00029.jpg;45;1
2/02_00030.jpg;45;1
2/02_00031.jpg;45;1
2/02_00032.jpg;45;1
2/02_00033.jpg;45;1
2/02_00034.jpg;45;1
2/02_00035.jpg;45;1
2/02_00036.jpg;45;1
2/02_00037.jpg;45;1
2/02_00038.jpg;45;1
2/02_00039.jpg;45;1
2/02_00040.jpg;45;1
2/02_00041.jpg;45;1
2/02_00042.jpg;45;1
2/02_00043.jpg;45;1
2/02_00044.jpg;45;1
2/02_00045.jpg;45;1
2/02_00046.jpg;45;1
2/02_00047.jpg;45;1
2/02_00048.jpg;45;1
2/02_00049.jpg;45;1
2/02_00050.jpg;45;1
2/02_00051.jpg;45;1
2/02_00052.jpg;45;1
2/02_00053.jpg;45;1
2/02_00054.jpg;45;1
2/02_00055.jpg;45;1
2/02_00056.jpg;45;1
2/02_00057.jpg;45;1
2/02_00058.jpg;45;1
2/02_00059.jpg;45;1
2/02_00060.jpg;45;1
2/02_00061.jpg;45;1
2/02_00062.jpg;45;1
2/02_00063.jpg;45;1
2/02_00064.jpg;45;1
2/02_00065.jpg;45;1
2/02_00066.jpg;45;1
2/02_00067.jpg;45;1
2/02_00068.jpg;45;1
2/02_00069.jpg;45;1
2/02_00070.jpg;45;1
2/02_00071.jpg;45;1
2/02_00072.jpg;45;1
2/02_00073.jpg;45;1
2/02_00074.jpg;45;1
2/02_00075.jpg;45;1
2/02_00076.jpg;45;1
2/02_00077.jpg;45;1
2/02_00078.jpg;45;1
2/02_00079.jpg;45;1
2/02_00080.jpg;45;1
2/02_00081.jpg;45;1
2/02_00082.jpg;45;1
2/02_00083.jpg;45;1
2/02_00084.jpg;45;1
2/02_00085.jpg;45;1
2/02_00086.jpg;45;1
2/02_00087.jpg;45;1
2/02_00088.jpg;45;1
2/02_00089.jpg;45;1
2/02_00090.jpg;45;1
2/02_00091.jpg;45;1
2/02_00092.jpg;45;1
2/02_00093.jpg;45;1
2/02_00094.jpg;45;1
2/02_00095.jpg;45;1
2/02_00096.jpg;45;1
2/02_00097.jpg;45;1
2/02_00098.jpg;45;1
2/02_00099.jpg;45;1
2/02_00100.jpg;45;1
2/02_00101.jpg;45;1
2/02_00102.jpg;45;1
2/02_00103.jpg;45;1
2/02_00104.jpg;45;1
2/02_00105.jpg;45;1
2/02_00106.jpg;45;1
2/02_00107.jpg;45;1
2/02_00108.jpg;45;1
2/02_00109.jpg;45;1
2/02_00110.jpg;45;1
2/02_00111.jpg;45;1
2/02_00112.jpg;45;1
2/02_00113.jpg;45;1
2/02_00114.jpg;45;1
2/02_00115.jpg;45;1
2/02_00116.jpg;45;1
2/02_00117.jpg;45;1
2/02_00118.jpg;45;1
2/02_00119.jpg;45;1
2/02_00120.jpg;45;1
2/02_00121.jpg;45;1
2/02_00122.jpg;45;1
2/02_00123.jpg;45;1
2/02_00124.jpg;45;1
2/02_00125.jpg;45;1
2/02_00126.jpg;45;1
2/02_00127.jpg;45;1
2/02_00128.jpg;45;1
2/02_00129.jpg;45;1
2/02_00130.jpg;45;1
2/02_00131.jpg;45;1
2/02_00132.jpg;45;1
2/02_00133.jpg;45;1
2/02_00134.jpg;45;1
2/02_00135.jpg;45;1
2/02_00136.jpg;45;1
2/02_00137.jpg;45;1
2/02_00138.jpg;45;1
2/02_00139.jpg;45;1
2/02_00140.jpg;45;1
2/02_00141.jpg;45;1
2/02_00142.jpg;45;1
2/02_00143.jpg;45;1
2/02_00144.jpg;45;1
2/02_00145.jpg;45;1
2/02_00146.jpg;45;1
2/02_00147.jpg;45;1
2/02_00148.jpg;45;1
2/02_00149.jpg;45;1
2/02_00150.jpg;45;1
2/02_00151.jpg;45;1
2/02_00152.jpg;45;1
2/02_00153.jpg;45;1
2/02_00154.jpg;45;1
2/02_00155.jpg;45;1
2/02_00156.jpg;45;1
2/02_00157.jpg;45;1
2/02_00158.jpg;45;1
2/02_00159.jpg;45;1
2/02_00160.jpg;45;1
2/02_00161.jpg;45;1
2/02_00162.jpg;45;1
2/02_00163.jpg;45;1
2/02_00164.jpg;45;1
2/02_00165.jpg;45;1
2/02_00166.jpg;45;1
2/02_00167.jpg;45;1
2/02_00168.jpg;45;1
2/02_00169.jpg;45;1
2/02_00170.jpg;45;1
2/02_00171.jpg;45;1
2/02_00172.jpg;45;1
2/02_00173.jpg;45;1
2/02_00174.jpg;45;1
2/02_00175.jpg;45;1
2/02_00176.jpg;45;1
2/02_00177.jpg;45;1
2/02_00178.jpg;45;1
2/02_00179.jpg;45;1
2/02_00180.jpg;45;1
2/02_00181.jpg;45;1
2/02_00182.jpg;45;1
2/02_00183.jpg;45;1
2/02_00184.jpg;45;1
2/02_00185.jpg;45;1
2/02_00186.jpg;45;1
2/02_00187.jpg;45;1
2/02_00188.jpg;45;1
2/02_00189.jpg;45;1
2/02_00190.jpg;45;1
2/02_00191.jpg;45;1
2/02_00192.jpg;45;1
2/02_00193.jpg;45;1
2/02_00194.jpg;45;1
2/02_00195.jpg;45;1
2/02_00196.jpg;45;1
2/02_00197.jpg;45;1
2/02_00198.jpg;45;1
2/02_00199.jpg;45;1
2/02_00200.jpg;45;1
2/02_00201.jpg;45;1
2/02_00202.jpg;45;1
2/02_00203.jpg;45;1
2/02_00204.jpg;45;1
2/02_00205.jpg;45;1
2/02_00206.jpg;45;1
2/02_00207.jpg;45;1
2/02_00208.jpg;45;1
2/02_00209.jpg;45;1
2/02_00210.jpg;45;1
2/02_00211.jpg;45;1
2/02_00212.jpg;45;1
2/02_00213.jpg;45;1
2/02_00214.jpg;45;1
2/02_00215.jpg;45;1
2/02_00216.jpg;45;1
2/02_00217.jpg;45;1
2/02_00218.jpg;45;1
2/02_00219.jpg;45;1
2/02_00220.jpg;45;1
2/02_00221.jpg;45;1
2/02_00222.jpg;45;1
2/02_00223.jpg;45;1
2/02_00224.jpg;45;1
2/02_00225.jpg;45;1
2/02_00226.jpg;45;1
2/02_00227.jpg;45;1
2/02_00228.jpg;45;1
2/02_00229.jpg;45;1
2/02_00230.jpg;45;1
2/02_00231.jpg;45;1
2/02_00232.jpg;45;1
2/02_00233.jpg;45;1
2/02_00234.jpg;45;1
2/02_00235.jpg;45;1
2/02_00236.jpg;45;1
2/02_00237.jpg;45;1
2/02_00238.jpg;45;1
2/02_00239.jpg;45;1
2/02_00240.jpg;45;1
2/02_00241.jpg;45;1
2/02_00242.jpg;45;1
2/02_00243.jpg;45;1
2/02_00244.jpg;45;1
2/02_00245.jpg;45;1
2/02_00246.jpg;45;1
2/02_00247.jpg;45;1
2/02_00248.jpg;45;1
2/02_00249.jpg;45;1
2/02_00250.jpg;45;1
2/02_00251.jpg;45;1
2/02_00252.jpg;45;1
2/02_00253.jpg;45;1
2/02_00254.jpg;45;1
2/02_00255.jpg;45;1
2/02_00256.jpg;45;1
2/02_00257.jpg;45;1
2/02_00258.jpg;45;1
2/02_00259.jpg;45;1
2/02_00260.jpg;45;1
2/02_00261.jpg;45;1
2/02_00262.jpg;45;1
2/02_00263.jpg;45;1
2/02_00264.jpg;45;1
2/02_00265.jpg;45;1
2/02_00266.jpg;45;1
2/02_00267.jpg;45;1
2/02_00268.jpg;45;1
2/02_00269.jpg;45;1
2/02_00270.jpg;45;1
2/02_00271.jpg;45;1
2/02_00272.jpg;45;1
2/02_00273.jpg;45;1
2/02_00274.jpg;45;1
2/02_00275.jpg;45;1
2/02_00276.jpg;45;1
2/02_00277.jpg;45;1
2/02_00278.jpg;45;1
2/02_00279.jpg;45;1
2/02_00280.jpg;45;1
2/02_00281.jpg;45;1
2/02_00282.jpg;45;1
2/02_00283.jpg;45;1
2/02_00284.jpg;45;1
2/02_00285.jpg;45;1
2/02_00286.jpg;45;1
2/02_00287.jpg;45;1
2/02_00288.jpg;45;1
2/02_00289.jpg;45;1
2/02_00290.jpg;45;1
2/02_00291.jpg;45;1
2/02_00292.jpg;45;1
2/02_00293.jpg;45;1
2/02_00294.jpg;45;1
2/02_00295.jpg;45;1
2/02_00296.jpg;45;1
2/02_00297.jpg;45;1
2/02_00298.jpg;45;1
2/02_00299.jpg;45;1
2/02_00300.jpg;45;1
2/02_00301.jpg;45;1
2/02_00302.jpg;45;1
2/02_00303.jpg;45;1
2/02_00304.jpg;45;1
2/02_00305.jpg;45;1
2/02_00306.jpg;45;1
2/02_00307.jpg;45;1
2/02_00308.jpg;45;1
2/02_00309.jpg;45;1
2/02_00310.jpg;45;1
2/02_00311.jpg;45;1
2/02_00312.jpg;45;1
2/02_00313.jpg;45;1
2/02_00314.jpg;45;1
2/02_00315.jpg;45;1
2/02_00316.jpg;45;1
2/02_00317.jpg;45;1
2/02_00318.jpg;45;1
2/02_00319.jpg;45;1
2/02_00320.jpg;45;1
2/02_00321.jpg;45;1
2/02_00322.jpg;45;1
2/02_00323.jpg;45;1
2/02_00324.jpg;45;1
2/02_00325.jpg;45;1
2/02_00326.jpg;45;1
2/02_00327.jpg;45;1
2/02_00328.jpg;45;1
2/02_00329.jpg;45;1
2/02_00330.jpg;45;1
2/02_00331.jpg;45;1
2/02_00332.jpg;45;1
2/02_00333.jpg;45;1
2/02_00334.jpg;45;1
2/02_00335.jpg;45;1
2/02_00336.jpg;45;1
2/02_00337.jpg;45;1
2/02_00338.jpg;45;1
2/02_00339.jpg;45;1
2/02_00340.jpg;45;1
2/02_00341.jpg;45;1
2/02_00342.jpg;45;1
2/02_00343.jpg;45;1
2/02_00344.jpg;45;1
2/02_00345.jpg;45;1
2/02_00346.jpg;45;1
2/02_00347.jpg;45;1
2/02_00348.jpg;45;1
2/02_00349.jpg;45;1
2/02_00350.jpg;45;1
2/02_00351.jpg;45;1
2/02_00352.jpg;45;1
2/02_00353.jpg;45;1
2/02_00354.jpg;45;1
2/02_00355.jpg;45;1
2/02_00356.jpg;45;1
2/02_00357.jpg;45;1
2/02_00358.jpg;45;1
2/02_00359.jpg;45;1
2/02_00360.jpg;45;1
2/02_00361.jpg;45;1
2/02_00362.jpg;45;1
2/02_00363.jpg;45;1
2/02_00364.jpg;45;1
2/02_00365.jpg;45;1
2/02_00366.jpg;45;1
2/02_00367.jpg;45;1
2/02_00368.jpg;45;1
2/02_00369.jpg;45;1
2/02_00370.jpg;45;1
2/02_00371.jpg;45;1
2/02_00372.jpg;45;1
2/02_00373.jpg;45;1
2/02_00374.jpg;45;1
2/02_00375.jpg;45;1
2/02_00376.jpg;45;1
2/02_00377.jpg;45;1
2/02_00378.jpg;45;1
2/02_00379.jpg;45;1
2/02_00380.jpg;45;1
2/02_00381.jpg;45;1
2/02_00382.jpg;45;1
2/02_00383.jpg;45;1
2/02_00384.jpg;45;1
2/02_00385.jpg;45;1
2/02_00386.jpg;45;1
2/02_00387.jpg;45;1
2/02_00388.jpg;45;1
2/02_00389.jpg;45;1
2/02_00390.jpg;45;1
2/02_00391.jpg;45;1
2/02_00392.jpg;45;1
2/02_00393.jpg;45;1
2/02_00394.jpg;45;1
2/02_00395.jpg;45;1
2/02_00396.jpg;45;1
2/02_00397.jpg;45;1
2/02_00398.jpg;45;1
2/02_00399.jpg;45;1
2/02_00400.jpg;45;1
2/02_00401.jpg;45;1
2/02_00402.jpg;45;1
2/02_00403.jpg;45;1
2/02_00404.jpg;45;1
2/02_00405.jpg;45;1
2/02_00406.jpg;45;1
2/02_00407.jpg;45;1
2/02_00408.jpg;45;1
2/02_00409.jpg;45;1
2/02_00410.jpg;45;1
2/02_00411.jpg;45;1
2/02_00412.jpg;45;1
2/02_00413.jpg;45;1
2/02_00414.jpg;45;1
2/02_00415.jpg;45;1
2/02_00416.jpg;45;1
2/02_00417.jpg;45;1
2/02_00418.jpg;45;1
2/02_00419.jpg;45;1
2/02_00420.jpg;45;1
2/02_00421.jpg;45;1
2/02_00422.jpg;45;1
2/02_00423.jpg;45;1
2/02_00424.jpg;45;1
2/02_00425.jpg;45;1
2/02_00426.jpg;45;1
2/02_00427.jpg;45;1
2/02_00428.jpg;45;1
2/02_00429.jpg;45;1
2/02_00430.jpg;45;1
2/02_00431.jpg;45;1
2/02_00432.jpg;45;1
2/02_00433.jpg;45;1
2/02_00434.jpg;45;1
2/02_00435.jpg;45;1
2/02_00436.jpg;45;1
2/02_00437.jpg;45;1
2/02_00438.jpg;45;1
2/02_00439.jpg;45;1
2/02_00440.jpg;45;1
2/02_00441.jpg;45;1
2/02_00442.jpg;45;1
2/02_00443.jpg;45;1
2/02_00444.jpg;45;1
2/02_00445.jpg;45;1
2/02_00446.jpg;45;1
2/02_00447.jpg;45;1
2/02_00448.jpg;45;1
2/02_00449.jpg;45;1
2/02_00450.jpg;45;1
2/02_00451.jpg;45;1
2/02_00452.jpg;45;1
2/02_00453.jpg;45;1
2/02_00454.jpg;45;1
2/02_00455.jpg;45;1
2/02_00456.jpg;45;1
2/02_00457.jpg;45;1
2/02_00458.jpg;45;1
2/02_00459.jpg;45;1
2/02_00460.jpg;45;1
2/02_00461.jpg;45;1
2/02_00462.jpg;45;1
2/02_00463.jpg;45;1
2/02_00464.jpg;45;1
2/02_00465.jpg;45;1
2/02_00466.jpg;45;1
2/02_00467.jpg;45;1
2/02_00468.jpg;45;1
2/02_00469.jpg;45;1
2/02_00470.jpg;45;1
2/02_00471.jpg;45;1
2/02_00472.jpg;45;1
2/02_00473.jpg;45;1
2/02_00474.jpg;45;1
2/02_00475.jpg;45;1
2/02_00476.jpg;45;1
2/02_00477.jpg;45;1
2/02_00478.jpg;45;1
2/02_00479.jpg;45;1
2/02_00480.jpg;45;1
2/02_00481.jpg;45;1
2/02_00482.jpg;45;1
2/02_00483.jpg;45;1
2/02_00484.jpg;45;1
2/02_00485.jpg;45;1
2/02_00486.jpg;45;1
2/02_00487.jpg;45;1
2/02_00488.jpg;45;1
2/02_00489.jpg;45;1
2/02_00490.jpg;45;1
2/02_00491.jpg;45;1
2/02_00492.jpg;45;1
2/02_00493.jpg;45;1
2/02_00494.jpg;45;1
2/02_00495.jpg;45;1
2/02_00496.jpg;45;1
2/02_00497.jpg;45;1
2/02_00498.jpg;45;1
2/02_00499.jpg;45;1
2/02_00500.jpg;45;1
2/02_00501.jpg;45;1
2/02_00502.jpg;45;1
2/02_00503.jpg;45;1
2/02_00504.jpg;45;1
2/02_00505.jpg;45;1
2/02_00506.jpg;45;1
2/02_00507.jpg;45;1
2/02_00508.jpg;45;1
2/02_00509.jpg;45;1
2/02_00510.jpg;45;1
2/02_00511.jpg;45;1
2/02_00512.jpg;45;1
2/02_00513.jpg;45;1
2/02_00514.jpg;45;1
2/02_00515.jpg;45;1
2/02_00516.jpg;45;1
2/02_00517.jpg;45;1
2/02_00518.jpg;45;1
2/02_00519.jpg;45;1
2/02_00520.jpg;45;1
2/02_00521.jpg;45;1
2/02_00522.jpg;45;1
2/02_00523.jpg;45;1
2/02_00524.jpg;45;1
2/02_00525.jpg;45;1
2/02_00526.jpg;45;1
2/02_00527.jpg;45;1
2/02_00528.jpg;45;1
2/02_00529.jpg;45;1
2/02_00530.jpg;45;1
2/02_00531.jpg;45;1
2/02_00532.jpg;45;1
2/02_00533.jpg;45;1
2/02_00534.jpg;45;1
2/02_00535.jpg;45;1
2/02_00536.jpg;45;1
2/02_00537.jpg;45;1
2/02_00538.jpg;45;1
2/02_00539.jpg;45;1
2/02_00540.jpg;45;1
2/02_00541.jpg;45;1
2/02_00542.jpg;45;1
2/02_00543.jpg;45;1
2/02_00544.jpg;45;1
2/02_00545.jpg;45;1
2/02_00546.jpg;45;1
2/02_00547.jpg;45;1
2/02_00548.jpg;45;1
2/02_00549.jpg;45;1
2/02_00550.jpg;45;1
2/02_00551.jpg;45;1
2/02_00552.jpg;45;1
2/02_00553.jpg;45;1
2/02_00554.jpg;45;1
2/02_00555.jpg;45;1
2/02_00556.jpg;45;1
2/02_00557.jpg;45;1
2/02_00558.jpg;45;1
2/02_00559.jpg;45;1
2/02_00560.jpg;45;1
2/02_00561.jpg;45;1
2/02_00562.jpg;45;1
2/02_00563.jpg;45;1
2/02_00564.jpg;45;1
2/02_00565.jpg;45;1
2/02_00566.jpg;45;1
2/02_00567.jpg;45;1
2/02_00568.jpg;45;1
2/02_00569.jpg;45;1
2/02_00570.jpg;45;1
2/02_00571.jpg;45;1
2/02_00572.jpg;45;1
2/02_00573.jpg;45;1
2/02_00574.jpg;45;1
2/02_00575.jpg;45;1
2/02_00576.jpg;45;1
2/02_00577.jpg;45;1
2/02_00578.jpg;45;1
2/02_00579.jpg;45;1
2/02_00580.jpg;45;1
2/02_00581.jpg;45;1
2/02_00582.jpg;45;1
2/02_00583.jpg;45;1
2/02_00584.jpg;45;1
2/02_00585.jpg;45;1
2/02_00586.jpg;45;1
2/02_00587.jpg;45;1
2/02_00588.jpg;45;1
2/02_00589.jpg;45;1
2/02_00590.jpg;45;1
2/02_00591.jpg;45;1
2/02_00592.jpg;45;1
2/02_00593.jpg;45;1
2/02_00594.jpg;45;1
2/02_00595.jpg;45;1
2/02_00596.jpg;45;1
2/02_00597.jpg;45;1
2/02_00598.jpg;45;1
2/02_00599.jpg;45;1
2/02_00600.jpg;45;1
2/02_00601.jpg;45;1
2/02_00602.jpg;45;1
2/02_00603.jpg;45;1
2/02_00604.jpg;45;1
2/02_00605.jpg;45;1
2/02_00606.jpg;45;1
2/02_00607.jpg;45;1
2/02_00608.jpg;45;1
2/02_00609.jpg;45;1
2/02_00610.jpg;45;1
2/02_00611.jpg;45;1
2/02_00612.jpg;45;1
2/02_00613.jpg;45;1
2/02_00614.jpg;45;1
2/02_00615.jpg;45;1
2/02_00616.jpg;45;1
2/02_00617.jpg;45;1
2/02_00618.jpg;45;1
2/02_00619.jpg;45;1
2/02_00620.jpg;45;1
2/02_00621.jpg;45;1
2/02_00622.jpg;45;1
2/02_00623.jpg;45;1
2/02_00624.jpg;45;1
2/02_00625.jpg;45;1
2/02_00626.jpg;45;1
2/02_00627.jpg;45;1
2/02_00628.jpg;45;1
2/02_00629.jpg;45;1
2/02_00630.jpg;45;1
2/02_00631.jpg;45;1
2/02_00632.jpg;45;1
2/02_00633.jpg;45;1
2/02_00634.jpg;45;1
2/02_00635.jpg;45;1
2/02_00636.jpg;45;1
2/02_00637.jpg;45;1
2/02_00638.jpg;45;1
2/02_00639.jpg;45;1
2/02_00640.jpg;45;1
2/02_00641.jpg;45;1
2/02_00642.jpg;45;1
2/02_00643.jpg;45;1
2/02_00644.jpg;45;1
2/02_00645.jpg;45;1
2/02_00646.jpg;45;1
2/02_00647.jpg;45;1
2/02_00648.jpg;45;1
2/02_00649.jpg;45;1
2/02_00650.jpg;45;1
2/02_00651.jpg;45;1
2/02_00652.jpg;45;1
2/02_00653.jpg;45;1
2/02_00654.jpg;45;1
2/02_00655.jpg;45;1
2/02_00656.jpg;45;1
2/02_00657.jpg;45;1
2/02_00658.jpg;45;1
2/02_00659.jpg;45;1
2/02_00660.jpg;45;1
2/02_00661.jpg;45;1
2/02_00662.jpg;45;1
2/02_00663.jpg;45;1
2/02_00664.jpg;45;1
2/02_00665.jpg;45;1
2/02_00666.jpg;45;1
2/02_00667.jpg;45;1
2/02_00668.jpg;45;1
2/02_00669.jpg;45;1
2/02_00670.jpg;45;1
2/02_00671.jpg;45;1
2/02_00672.jpg;45;1
2/02_00673.jpg;45;1
2/02_00674.jpg;45;1
2/02_00675.jpg;45;1
2/02_00676.jpg;45;1
2/02_00677.jpg;45;1
2/02_00678.jpg;45;1
2/02_00679.jpg;45;1
2/02_00680.jpg;45;1
2/02_00681.jpg;45;1
2/02_00682.jpg;45;1
2/02_00683.jpg;45;1
2/02_00684.jpg;45;1
2/02_00685.jpg;45;1
2/02_00686.jpg;45;1
2/02_00687.jpg;45;1
2/02_00688.jpg;45;1
2/02_00689.jpg;45;1
2/02_00690.jpg;45;1
2/02_00691.jpg;45;1
2/02_00692.jpg;45;1
2/02_00693.jpg;45;1
2/02_00694.jpg;45;1
2/02_00695.jpg;45;1
2/02_00696.jpg;45;1
2/02_00697.jpg;45;1
2/02_00698.jpg;45;1
2/02_00699.jpg;45;1
2/02_00700.jpg;45;1
2/02_00701.jpg;45;1
2/02_00702.jpg;45;1
2/02_00703.jpg;45;1
3/03_00001.jpg;46;1
3/03_00002.jpg;46;1
3/03_00003.jpg;46;1
3/03_00004.jpg;46;1
3/03_00005.jpg;46;1
3/03_00006.jpg;46;1
3/03_00007.jpg;46;1
3/03_00008.jpg;46;1
3/03_00009.jpg;46;1
3/03_00010.jpg;46;1
3/03_00011.jpg;46;1
3/03_00012.jpg;46;1
3/03_00013.jpg;46;1
3/03_00014.jpg;46;1
3/03_00015.jpg;46;1
3/03_00016.jpg;46;1
3/03_00017.jpg;46;1
3/03_00018.jpg;46;1
3/03_00019.jpg;46;1
3/03_00020.jpg;46;1
3/03_00021.jpg;46;1
3/03_00022.jpg;46;1
3/03_00023.jpg;46;1
3/03_00024.jpg;46;1
3/03_00025.jpg;46;1
3/03_00026.jpg;46;1
3/03_00027.jpg;46;1
3/03_00028.jpg;46;1
3/03_00029.jpg;46;1
3/03_00030.jpg;46;1
3/03_00031.jpg;46;1
3/03_00032.jpg;46;1
3/03_00033.jpg;46;1
3/03_00034.jpg;46;1
3/03_00035.jpg;46;1
3/03_00036.jpg;46;1
3/03_00037.jpg;46;1
3/03_00038.jpg;46;1
3/03_00039.jpg;46;1
3/03_00040.jpg;46;1
3/03_00041.jpg;46;1
3/03_00042.jpg;46;1
3/03_00043.jpg;46;1
3/03_00044.jpg;46;1
3/03_00045.jpg;46;1
3/03_00046.jpg;46;1
3/03_00047.jpg;46;1
3/03_00048.jpg;46;1
3/03_00049.jpg;46;1
3/03_00050.jpg;46;1
3/03_00051.jpg;46;1
3/03_00052.jpg;46;1
3/03_00053.jpg;46;1
3/03_00054.jpg;46;1
3/03_00055.jpg;46;1
3/03_00056.jpg;46;1
3/03_00057.jpg;46;1
3/03_00058.jpg;46;1
3/03_00059.jpg;46;1
3/03_00060.jpg;46;1
3/03_00061.jpg;46;1
3/03_00062.jpg;46;1
3/03_00063.jpg;46;1
3/03_00064.jpg;46;1
3/03_00065.jpg;46;1
3/03_00066.jpg;46;1
3/03_00067.jpg;46;1
3/03_00068.jpg;46;1
3/03_00069.jpg;46;1
3/03_00070.jpg;46;1
3/03_00071.jpg;46;1
3/03_00072.jpg;46;1
3/03_00073.jpg;46;1
3/03_00074.jpg;46;1
3/03_00075.jpg;46;1
3/03_00076.jpg;46;1
3/03_00077.jpg;46;1
3/03_00078.jpg;46;1
3/03_00079.jpg;46;1
3/03_00080.jpg;46;1
3/03_00081.jpg;46;1
3/03_00082.jpg;46;1
3/03_00083.jpg;46;1
3/03_00084.jpg;46;1
3/03_00085.jpg;46;1
3/03_00086.jpg;46;1
3/03_00087.jpg;46;1
3/03_00088.jpg;46;1
3/03_00089.jpg;46;1
3/03_00090.jpg;46;1
3/03_00091.jpg;46;1
3/03_00092.jpg;46;1
3/03_00093.jpg;46;1
3/03_00094.jpg;46;1
3/03_00095.jpg;46;1
3/03_00096.jpg;46;1
3/03_00097.jpg;46;1
3/03_00098.jpg;46;1
3/03_00099.jpg;46;1
3/03_00100.jpg;46;1
3/03_00101.jpg;46;1
3/03_00102.jpg;46;1
3/03_00103.jpg;46;1
3/03_00104.jpg;46;1
3/03_00105.jpg;46;1
3/03_00106.jpg;46;1
3/03_00107.jpg;46;1
3/03_00108.jpg;46;1
3/03_00109.jpg;46;1
3/03_00110.jpg;46;1
3/03_00111.jpg;46;1
3/03_00112.jpg;46;1
3/03_00113.jpg;46;1
3/03_00114.jpg;46;1
3/03_00115.jpg;46;1
3/03_00116.jpg;46;1
3/03_00117.jpg;46;1
3/03_00118.jpg;46;1
3/03_00119.jpg;46;1
3/03_00120.jpg;46;1
3/03_00121.jpg;46;1
3/03_00122.jpg;46;1
3/03_00123.jpg;46;1
3/03_00124.jpg;46;1
3/03_00125.jpg;46;1
3/03_00126.jpg;46;1
3/03_00127.jpg;46;1
3/03_00128.jpg;46;1
3/03_00129.jpg;46;1
3/03_00130.jpg;46;1
3/03_00131.jpg;46;1
3/03_00132.jpg;46;1
3/03_00133.jpg;46;1
3/03_00134.jpg;46;1
3/03_00135.jpg;46;1
3/03_00136.jpg;46;1
3/03_00137.jpg;46;1
3/03_00138.jpg;46;1
3/03_00139.jpg;46;1
3/03_00140.jpg;46;1
3/03_00141.jpg;46;1
3/03_00142.jpg;46;1
3/03_00143.jpg;46;1
3/03_00144.jpg;46;1
3/03_00145.jpg;46;1
3/03_00146.jpg;46;1
3/03_00147.jpg;46;1
3/03_00148.jpg;46;1
3/03_00149.jpg;46;1
3/03_00150.jpg;46;1
3/03_00151.jpg;46;1
3/03_00152.jpg;46;1
3/03_00153.jpg;46;1
3/03_00154.jpg;46;1
3/03_00155.jpg;46;1
3/03_00156.jpg;46;1
3/03_00157.jpg;46;1
3/03_00158.jpg;46;1
3/03_00159.jpg;46;1
3/03_00160.jpg;46;1
3/03_00161.jpg;46;1
3/03_00162.jpg;46;1
3/03_00163.jpg;46;1
3/03_00164.jpg;46;1
3/03_00165.jpg;46;1
3/03_00166.jpg;46;1
3/03_00167.jpg;46;1
3/03_00168.jpg;46;1
3/03_00169.jpg;46;1
3/03_00170.jpg;46;1
3/03_00171.jpg;46;1
3/03_00172.jpg;46;1
3/03_00173.jpg;46;1
3/03_00174.jpg;46;1
3/03_00175.jpg;46;1
3/03_00176.jpg;46;1
3/03_00177.jpg;46;1
3/03_00178.jpg;46;1
3/03_00179.jpg;46;1
3/03_00180.jpg;46;1
3/03_00181.jpg;46;1
3/03_00182.jpg;46;1
3/03_00183.jpg;46;1
3/03_00184.jpg;46;1
3/03_00185.jpg;46;1
3/03_00186.jpg;46;1
3/03_00187.jpg;46;1
3/03_00188.jpg;46;1
3/03_00189.jpg;46;1
3/03_00190.jpg;46;1
3/03_00191.jpg;46;1
3/03_00192.jpg;46;1
3/03_00193.jpg;46;1
3/03_00194.jpg;46;1
3/03_00195.jpg;46;1
3/03_00196.jpg;46;1
3/03_00197.jpg;46;1
3/03_00198.jpg;46;1
3/03_00199.jpg;46;1
3/03_00200.jpg;46;1
3/03_00201.jpg;46;1
3/03_00202.jpg;46;1
3/03_00203.jpg;46;1
3/03_00204.jpg;46;1
3/03_00205.jpg;46;1
3/03_00206.jpg;46;1
3/03_00207.jpg;46;1
3/03_00208.jpg;46;1
3/03_00209.jpg;46;1
3/03_00210.jpg;46;1
3/03_00211.jpg;46;1
3/03_00212.jpg;46;1
3/03_00213.jpg;46;1
3/03_00214.jpg;46;1
3/03_00215.jpg;46;1
3/03_00216.jpg;46;1
3/03_00217.jpg;46;1
3/03_00218.jpg;46;1
3/03_00219.jpg;46;1
3/03_00220.jpg;46;1
3/03_00221.jpg;46;1
3/03_00222.jpg;46;1
3/03_00223.jpg;46;1
3/03_00224.jpg;46;1
3/03_00225.jpg;46;1
3/03_00226.jpg;46;1
3/03_00227.jpg;46;1
3/03_00228.jpg;46;1
3/03_00229.jpg;46;1
3/03_00230.jpg;46;1
3/03_00231.jpg;46;1
3/03_00232.jpg;46;1
3/03_00233.jpg;46;1
3/03_00234.jpg;46;1
3/03_00235.jpg;46;1
3/03_00236.jpg;46;1
3/03_00237.jpg;46;1
3/03_00238.jpg;46;1
3/03_00239.jpg;46;1
3/03_00240.jpg;46;1
3/03_00241.jpg;46;1
3/03_00242.jpg;46;1
3/03_00243.jpg;46;1
3/03_00244.jpg;46;1
3/03_00245.jpg;46;1
3/03_00246.jpg;46;1
3/03_00247.jpg;46;1
3/03_00248.jpg;46;1
3/03_00249.jpg;46;1
3/03_00250.jpg;46;1
3/03_00251.jpg;46;1
3/03_00252.jpg;46;1
3/03_00253.jpg;46;1
3/03_00254.jpg;46;1
3/03_00255.jpg;46;1
3/03_00256.jpg;46;1
3/03_00257.jpg;46;1
3/03_00258.jpg;46;1
3/03_00259.jpg;46;1
3/03_00260.jpg;46;1
3/03_00261.jpg;46;1
3/03_00262.jpg;46;1
3/03_00263.jpg;46;1
3/03_00264.jpg;46;1
3/03_00265.jpg;46;1
3/03_00266.jpg;46;1
3/03_00267.jpg;46;1
3/03_00268.jpg;46;1
3/03_00269.jpg;46;1
3/03_00270.jpg;46;1
3/03_00271.jpg;46;1
3/03_00272.jpg;46;1
3/03_00273.jpg;46;1
3/03_00274.jpg;46;1
3/03_00275.jpg;46;1
3/03_00276.jpg;46;1
3/03_00277.jpg;46;1
3/03_00278.jpg;46;1
3/03_00279.jpg;46;1
3/03_00280.jpg;46;1
3/03_00281.jpg;46;1
3/03_00282.jpg;46;1
3/03_00283.jpg;46;1
3/03_00284.jpg;46;1
3/03_00285.jpg;46;1
3/03_00286.jpg;46;1
3/03_00287.jpg;46;1
3/03_00288.jpg;46;1
3/03_00289.jpg;46;1
3/03_00290.jpg;46;1
3/03_00291.jpg;46;1
3/03_00292.jpg;46;1
3/03_00293.jpg;46;1
3/03_00294.jpg;46;1
3/03_00295.jpg;46;1
3/03_00296.jpg;46;1
3/03_00297.jpg;46;1
3/03_00298.jpg;46;1
3/03_00299.jpg;46;1
3/03_00300.jpg;46;1
3/03_00301.jpg;46;1
3/03_00302.jpg;46;1
3/03_00303.jpg;46;1
3/03_00304.jpg;46;1
3/03_00305.jpg;46;1
3/03_00306.jpg;46;1
3/03_00307.jpg;46;1
3/03_00308.jpg;46;1
3/03_00309.jpg;46;1
3/03_00310.jpg;46;1
3/03_00311.jpg;46;1
3/03_00312.jpg;46;1
3/03_00313.jpg;46;1
3/03_00314.jpg;46;1
3/03_00315.jpg;46;1
3/03_00316.jpg;46;1
3/03_00317.jpg;46;1
3/03_00318.jpg;46;1
3/03_00319.jpg;46;1
3/03_00320.jpg;46;1
3/03_00321.jpg;46;1
3/03_00322.jpg;46;1
3/03_00323.jpg;46;1
3/03_00324.jpg;46;1
3/03_00325.jpg;46;1
3/03_00326.jpg;46;1
3/03_00327.jpg;46;1
3/03_00328.jpg;46;1
3/03_00329.jpg;46;1
3/03_00330.jpg;46;1
3/03_00331.jpg;46;1
3/03_00332.jpg;46;1
3/03_00333.jpg;46;1
3/03_00334.jpg;46;1
3/03_00335.jpg;46;1
3/03_00336.jpg;46;1
3/03_00337.jpg;46;1
3/03_00338.jpg;46;1
3/03_00339.jpg;46;1
3/03_00340.jpg;46;1
3/03_00341.jpg;46;1
3/03_00342.jpg;46;1
3/03_00343.jpg;46;1
3/03_00344.jpg;46;1
3/03_00345.jpg;46;1
3/03_00346.jpg;46;1
3/03_00347.jpg;46;1
3/03_00348.jpg;46;1
3/03_00349.jpg;46;1
3/03_00350.jpg;46;1
3/03_00351.jpg;46;1
3/03_00352.jpg;46;1
3/03_00353.jpg;46;1
3/03_00354.jpg;46;1
3/03_00355.jpg;46;1
3/03_00356.jpg;46;1
3/03_00357.jpg;46;1
3/03_00358.jpg;46;1
3/03_00359.jpg;46;1
3/03_00360.jpg;46;1
3/03_00361.jpg;46;1
3/03_00362.jpg;46;1
3/03_00363.jpg;46;1
3/03_00364.jpg;46;1
3/03_00365.jpg;46;1
3/03_00366.jpg;46;1
3/03_00367.jpg;46;1
3/03_00368.jpg;46;1
3/03_00369.jpg;46;1
3/03_00370.jpg;46;1
3/03_00371.jpg;46;1
3/03_00372.jpg;46;1
3/03_00373.jpg;46;1
3/03_00374.jpg;46;1
3/03_00375.jpg;46;1
3/03_00376.jpg;46;1
3/03_00377.jpg;46;1
3/03_00378.jpg;46;1
3/03_00379.jpg;46;1
3/03_00380.jpg;46;1
3/03_00381.jpg;46;1
3/03_00382.jpg;46;1
3/03_00383.jpg;46;1
3/03_00384.jpg;46;1
3/03_00385.jpg;46;1
3/03_00386.jpg;46;1
3/03_00387.jpg;46;1
3/03_00388.jpg;46;1
3/03_00389.jpg;46;1
3/03_00390.jpg;46;1
3/03_00391.jpg;46;1
3/03_00392.jpg;46;1
3/03_00393.jpg;46;1
3/03_00394.jpg;46;1
3/03_00395.jpg;46;1
3/03_00396.jpg;46;1
3/03_00397.jpg;46;1
3/03_00398.jpg;46;1
3/03_00399.jpg;46;1
3/03_00400.jpg;46;1
3/03_00401.jpg;46;1
3/03_00402.jpg;46;1
3/03_00403.jpg;46;1
3/03_00404.jpg;46;1
3/03_00405.jpg;46;1
3/03_00406.jpg;46;1
3/03_00407.jpg;46;1
3/03_00408.jpg;46;1
3/03_00409.jpg;46;1
3/03_00410.jpg;46;1
3/03_00411.jpg;46;1
3/03_00412.jpg;46;1
3/03_00413.jpg;46;1
3/03_00414.jpg;46;1
3/03_00415.jpg;46;1
3/03_00416.jpg;46;1
3/03_00417.jpg;46;1
3/03_00418.jpg;46;1
3/03_00419.jpg;46;1
3/03_00420.jpg;46;1
3/03_00421.jpg;46;1
3/03_00422.jpg;46;1
3/03_00423.jpg;46;1
3/03_00424.jpg;46;1
3/03_00425.jpg;46;1
3/03_00426.jpg;46;1
3/03_00427.jpg;46;1
3/03_00428.jpg;46;1
3/03_00429.jpg;46;1
3/03_00430.jpg;46;1
3/03_00431.jpg;46;1
3/03_00432.jpg;46;1
3/03_00433.jpg;46;1
3/03_00434.jpg;46;1
3/03_00435.jpg;46;1
3/03_00436.jpg;46;1
3/03_00437.jpg;46;1
3/03_00438.jpg;46;1
3/03_00439.jpg;46;1
3/03_00440.jpg;46;1
3/03_00441.jpg;46;1
3/03_00442.jpg;46;1
3/03_00443.jpg;46;1
3/03_00444.jpg;46;1
3/03_00445.jpg;46;1
3/03_00446.jpg;46;1
3/03_00447.jpg;46;1
3/03_00448.jpg;46;1
3/03_00449.jpg;46;1
3/03_00450.jpg;46;1
3/03_00451.jpg;46;1
3/03_00452.jpg;46;1
3/03_00453.jpg;46;1
3/03_00454.jpg;46;1
3/03_00455.jpg;46;1
3/03_00456.jpg;46;1
3/03_00457.jpg;46;1
3/03_00458.jpg;46;1
3/03_00459.jpg;46;1
3/03_00460.jpg;46;1
3/03_00461.jpg;46;1
3/03_00462.jpg;46;1
3/03_00463.jpg;46;1
3/03_00464.jpg;46;1
3/03_00465.jpg;46;1
3/03_00466.jpg;46;1
3/03_00467.jpg;46;1
3/03_00468.jpg;46;1
3/03_00469.jpg;46;1
3/03_00470.jpg;46;1
3/03_00471.jpg;46;1
3/03_00472.jpg;46;1
3/03_00473.jpg;46;1
3/03_00474.jpg;46;1
3/03_00475.jpg;46;1
3/03_00476.jpg;46;1
3/03_00477.jpg;46;1
3/03_00478.jpg;46;1
3/03_00479.jpg;46;1
3/03_00480.jpg;46;1
3/03_00481.jpg;46;1
3/03_00482.jpg;46;1
3/03_00483.jpg;46;1
3/03_00484.jpg;46;1
3/03_00485.jpg;46;1
3/03_00486.jpg;46;1
3/03_00487.jpg;46;1
3/03_00488.jpg;46;1
3/03_00489.jpg;46;1
3/03_00490.jpg;46;1
3/03_00491.jpg;46;1
3/03_00492.jpg;46;1
3/03_00493.jpg;46;1
3/03_00494.jpg;46;1
3/03_00495.jpg;46;1
3/03_00496.jpg;46;1
3/03_00497.jpg;46;1
3/03_00498.jpg;46;1
3/03_00499.jpg;46;1
3/03_00500.jpg;46;1
3/03_00501.jpg;46;1
3/03_00502.jpg;46;1
3/03_00503.jpg;46;1
3/03_00504.jpg;46;1
3/03_00505.jpg;46;1
3/03_00506.jpg;46;1
3/03_00507.jpg;46;1
3/03_00508.jpg;46;1
3/03_00509.jpg;46;1
3/03_00510.jpg;46;1
3/03_00511.jpg;46;1
3/03_00512.jpg;46;1
3/03_00513.jpg;46;1
3/03_00514.jpg;46;1
3/03_00515.jpg;46;1
3/03_00516.jpg;46;1
3/03_00517.jpg;46;1
3/03_00518.jpg;46;1
3/03_00519.jpg;46;1
3/03_00520.jpg;46;1
3/03_00521.jpg;46;1
3/03_00522.jpg;46;1
3/03_00523.jpg;46;1
3/03_00524.jpg;46;1
3/03_00525.jpg;46;1
3/03_00526.jpg;46;1
3/03_00527.jpg;46;1
3/03_00528.jpg;46;1
3/03_00529.jpg;46;1
3/03_00530.jpg;46;1
3/03_00531.jpg;46;1
3/03_00532.jpg;46;1
3/03_00533.jpg;46;1
3/03_00534.jpg;46;1
3/03_00535.jpg;46;1
3/03_00536.jpg;46;1
3/03_00537.jpg;46;1
3/03_00538.jpg;46;1
3/03_00539.jpg;46;1
3/03_00540.jpg;46;1
3/03_00541.jpg;46;1
3/03_00542.jpg;46;1
3/03_00543.jpg;46;1
3/03_00544.jpg;46;1
3/03_00545.jpg;46;1
3/03_00546.jpg;46;1
3/03_00547.jpg;46;1
3/03_00548.jpg;46;1
3/03_00549.jpg;46;1
3/03_00550.jpg;46;1
3/03_00551.jpg;46;1
3/03_00552.jpg;46;1
3/03_00553.jpg;46;1
3/03_00554.jpg;46;1
3/03_00555.jpg;46;1
3/03_00556.jpg;46;1
3/03_00557.jpg;46;1
3/03_00558.jpg;46;1
3/03_00559.jpg;46;1
3/03_00560.jpg;46;1
3/03_00561.jpg;46;1
3/03_00562.jpg;46;1
3/03_00563.jpg;46;1
3/03_00564.jpg;46;1
3/03_00565.jpg;46;1
3/03_00566.jpg;46;1
3/03_00567.jpg;46;1
3/03_00568.jpg;46;1
3/03_00569.jpg;46;1
3/03_00570.jpg;46;1
3/03_00571.jpg;46;1
3/03_00572.jpg;46;1
3/03_00573.jpg;46;1
3/03_00574.jpg;46;1
3/03_00575.jpg;46;1
3/03_00576.jpg;46;1
3/03_00577.jpg;46;1
3/03_00578.jpg;46;1
3/03_00579.jpg;46;1
3/03_00580.jpg;46;1
3/03_00581.jpg;46;1
3/03_00582.jpg;46;1
3/03_00583.jpg;46;1
3/03_00584.jpg;46;1
3/03_00585.jpg;46;1
3/03_00586.jpg;46;1
3/03_00587.jpg;46;1
3/03_00588.jpg;46;1
3/03_00589.jpg;46;1
3/03_00590.jpg;46;1
3/03_00591.jpg;46;1
3/03_00592.jpg;46;1
3/03_00593.jpg;46;1
3/03_00594.jpg;46;1
3/03_00595.jpg;46;1
3/03_00596.jpg;46;1
3/03_00597.jpg;46;1
3/03_00598.jpg;46;1
3/03_00599.jpg;46;1
3/03_00600.jpg;46;1
3/03_00601.jpg;46;1
3/03_00602.jpg;46;1
3/03_00603.jpg;46;1
3/03_00604.jpg;46;1
3/03_00605.jpg;46;1
3/03_00606.jpg;46;1
3/03_00607.jpg;46;1
3/03_00608.jpg;46;1
3/03_00609.jpg;46;1
3/03_00610.jpg;46;1
3/03_00611.jpg;46;1
3/03_00612.jpg;46;1
3/03_00613.jpg;46;1
3/03_00614.jpg;46;1
3/03_00615.jpg;46;1
3/03_00616.jpg;46;1
3/03_00617.jpg;46;1
3/03_00618.jpg;46;1
3/03_00619.jpg;46;1
3/03_00620.jpg;46;1
3/03_00621.jpg;46;1
3/03_00622.jpg;46;1
3/03_00623.jpg;46;1
3/03_00624.jpg;46;1
3/03_00625.jpg;46;1
3/03_00626.jpg;46;1
3/03_00627.jpg;46;1
3/03_00628.jpg;46;1
3/03_00629.jpg;46;1
3/03_00630.jpg;46;1
3/03_00631.jpg;46;1
3/03_00632.jpg;46;1
3/03_00633.jpg;46;1
3/03_00634.jpg;46;1
3/03_00635.jpg;46;1
3/03_00636.jpg;46;1
3/03_00637.jpg;46;1
3/03_00638.jpg;46;1
3/03_00639.jpg;46;1
3/03_00640.jpg;46;1
3/03_00641.jpg;46;1
3/03_00642.jpg;46;1
3/03_00643.jpg;46;1
3/03_00644.jpg;46;1
3/03_00645.jpg;46;1
3/03_00646.jpg;46;1
3/03_00647.jpg;46;1
3/03_00648.jpg;46;1
3/03_00649.jpg;46;1
3/03_00650.jpg;46;1
3/03_00651.jpg;46;1
3/03_00652.jpg;46;1
3/03_00653.jpg;46;1
3/03_00654.jpg;46;1
3/03_00655.jpg;46;1
3/03_00656.jpg;46;1
3/03_00657.jpg;46;1
3/03_00658.jpg;46;1
3/03_00659.jpg;46;1
3/03_00660.jpg;46;1
3/03_00661.jpg;46;1
3/03_00662.jpg;46;1
4/04_00001.jpg;47;1
4/04_00002.jpg;47;1
4/04_00003.jpg;47;1
4/04_00004.jpg;47;1
4/04_00005.jpg;47;1
4/04_00006.jpg;47;1
4/04_00007.jpg;47;1
4/04_00008.jpg;47;1
4/04_00009.jpg;47;1
4/04_00010.jpg;47;1
4/04_00011.jpg;47;1
4/04_00012.jpg;47;1
4/04_00013.jpg;47;1
4/04_00014.jpg;47;1
4/04_00015.jpg;47;1
4/04_00016.jpg;47;1
4/04_00017.jpg;47;1
4/04_00018.jpg;47;1
4/04_00019.jpg;47;1
4/04_00020.jpg;47;1
4/04_00021.jpg;47;1
4/04_00022.jpg;47;1
4/04_00023.jpg;47;1
4/04_00024.jpg;47;1
4/04_00025.jpg;47;1
4/04_00026.jpg;47;1
4/04_00027.jpg;47;1
4/04_00028.jpg;47;1
4/04_00029.jpg;47;1
4/04_00030.jpg;47;1
4/04_00031.jpg;47;1
4/04_00032.jpg;47;1
4/04_00033.jpg;47;1
4/04_00034.jpg;47;1
4/04_00035.jpg;47;1
4/04_00036.jpg;47;1
4/04_00037.jpg;47;1
4/04_00038.jpg;47;1
4/04_00039.jpg;47;1
4/04_00040.jpg;47;1
4/04_00041.jpg;47;1
4/04_00042.jpg;47;1
4/04_00043.jpg;47;1
4/04_00044.jpg;47;1
4/04_00045.jpg;47;1
4/04_00046.jpg;47;1
4/04_00047.jpg;47;1
4/04_00048.jpg;47;1
4/04_00049.jpg;47;1
4/04_00050.jpg;47;1
4/04_00051.jpg;47;1
4/04_00052.jpg;47;1
4/04_00053.jpg;47;1
4/04_00054.jpg;47;1
4/04_00055.jpg;47;1
4/04_00056.jpg;47;1
4/04_00057.jpg;47;1
4/04_00058.jpg;47;1
4/04_00059.jpg;47;1
4/04_00060.jpg;47;1
4/04_00061.jpg;47;1
4/04_00062.jpg;47;1
4/04_00063.jpg;47;1
4/04_00064.jpg;47;1
4/04_00065.jpg;47;1
4/04_00066.jpg;47;1
4/04_00067.jpg;47;1
4/04_00068.jpg;47;1
4/04_00069.jpg;47;1
4/04_00070.jpg;47;1
4/04_00071.jpg;47;1
4/04_00072.jpg;47;1
4/04_00073.jpg;47;1
4/04_00074.jpg;47;1
4/04_00075.jpg;47;1
4/04_00076.jpg;47;1
4/04_00077.jpg;47;1
4/04_00078.jpg;47;1
4/04_00079.jpg;47;1
4/04_00080.jpg;47;1
4/04_00081.jpg;47;1
4/04_00082.jpg;47;1
4/04_00083.jpg;47;1
4/04_00084.jpg;47;1
4/04_00085.jpg;47;1
4/04_00086.jpg;47;1
4/04_00087.jpg;47;1
4/04_00088.jpg;47;1
4/04_00089.jpg;47;1
4/04_00090.jpg;47;1
4/04_00091.jpg;47;1
4/04_00092.jpg;47;1
4/04_00093.jpg;47;1
4/04_00094.jpg;47;1
4/04_00095.jpg;47;1
4/04_00096.jpg;47;1
4/04_00097.jpg;47;1
4/04_00098.jpg;47;1
4/04_00099.jpg;47;1
4/04_00100.jpg;47;1
4/04_00101.jpg;47;1
4/04_00102.jpg;47;1
4/04_00103.jpg;47;1
4/04_00104.jpg;47;1
4/04_00105.jpg;47;1
4/04_00106.jpg;47;1
4/04_00107.jpg;47;1
4/04_00108.jpg;47;1
4/04_00109.jpg;47;1
4/04_00110.jpg;47;1
4/04_00111.jpg;47;1
4/04_00112.jpg;47;1
4/04_00113.jpg;47;1
4/04_00114.jpg;47;1
4/04_00115.jpg;47;1
4/04_00116.jpg;47;1
4/04_00117.jpg;47;1
4/04_00118.jpg;47;1
4/04_00119.jpg;47;1
4/04_00120.jpg;47;1
4/04_00121.jpg;47;1
4/04_00122.jpg;47;1
4/04_00123.jpg;47;1
4/04_00124.jpg;47;1
4/04_00125.jpg;47;1
4/04_00126.jpg;47;1
4/04_00127.jpg;47;1
4/04_00128.jpg;47;1
4/04_00129.jpg;47;1
4/04_00130.jpg;47;1
4/04_00131.jpg;47;1
4/04_00132.jpg;47;1
4/04_00133.jpg;47;1
4/04_00134.jpg;47;1
4/04_00135.jpg;47;1
4/04_00136.jpg;47;1
4/04_00137.jpg;47;1
4/04_00138.jpg;47;1
4/04_00139.jpg;47;1
4/04_00140.jpg;47;1
4/04_00141.jpg;47;1
4/04_00142.jpg;47;1
4/04_00143.jpg;47;1
4/04_00144.jpg;47;1
4/04_00145.jpg;47;1
4/04_00146.jpg;47;1
4/04_00147.jpg;47;1
4/04_00148.jpg;47;1
4/04_00149.jpg;47;1
4/04_00150.jpg;47;1
4/04_00151.jpg;47;1
4/04_00152.jpg;47;1
4/04_00153.jpg;47;1
4/04_00154.jpg;47;1
4/04_00155.jpg;47;1
4/04_00156.jpg;47;1
4/04_00157.jpg;47;1
4/04_00158.jpg;47;1
4/04_00159.jpg;47;1
4/04_00160.jpg;47;1
4/04_00161.jpg;47;1
4/04_00162.jpg;47;1
4/04_00163.jpg;47;1
4/04_00164.jpg;47;1
4/04_00165.jpg;47;1
4/04_00166.jpg;47;1
4/04_00167.jpg;47;1
4/04_00168.jpg;47;1
4/04_00169.jpg;47;1
4/04_00170.jpg;47;1
4/04_00171.jpg;47;1
4/04_00172.jpg;47;1
4/04_00173.jpg;47;1
4/04_00174.jpg;47;1
4/04_00175.jpg;47;1
4/04_00176.jpg;47;1
4/04_00177.jpg;47;1
4/04_00178.jpg;47;1
4/04_00179.jpg;47;1
4/04_00180.jpg;47;1
4/04_00181.jpg;47;1
4/04_00182.jpg;47;1
4/04_00183.jpg;47;1
4/04_00184.jpg;47;1
4/04_00185.jpg;47;1
4/04_00186.jpg;47;1
4/04_00187.jpg;47;1
4/04_00188.jpg;47;1
4/04_00189.jpg;47;1
4/04_00190.jpg;47;1
4/04_00191.jpg;47;1
4/04_00192.jpg;47;1
4/04_00193.jpg;47;1
4/04_00194.jpg;47;1
4/04_00195.jpg;47;1
4/04_00196.jpg;47;1
4/04_00197.jpg;47;1
4/04_00198.jpg;47;1
4/04_00199.jpg;47;1
4/04_00200.jpg;47;1
4/04_00201.jpg;47;1
4/04_00202.jpg;47;1
4/04_00203.jpg;47;1
4/04_00204.jpg;47;1
4/04_00205.jpg;47;1
4/04_00206.jpg;47;1
4/04_00207.jpg;47;1
4/04_00208.jpg;47;1
4/04_00209.jpg;47;1
4/04_00210.jpg;47;1
4/04_00211.jpg;47;1
4/04_00212.jpg;47;1
4/04_00213.jpg;47;1
4/04_00214.jpg;47;1
4/04_00215.jpg;47;1
4/04_00216.jpg;47;1
4/04_00217.jpg;47;1
4/04_00218.jpg;47;1
4/04_00219.jpg;47;1
4/04_00220.jpg;47;1
4/04_00221.jpg;47;1
4/04_00222.jpg;47;1
4/04_00223.jpg;47;1
4/04_00224.jpg;47;1
4/04_00225.jpg;47;1
4/04_00226.jpg;47;1
4/04_00227.jpg;47;1
4/04_00228.jpg;47;1
4/04_00229.jpg;47;1
4/04_00230.jpg;47;1
4/04_00231.jpg;47;1
4/04_00232.jpg;47;1
4/04_00233.jpg;47;1
4/04_00234.jpg;47;1
4/04_00235.jpg;47;1
4/04_00236.jpg;47;1
4/04_00237.jpg;47;1
4/04_00238.jpg;47;1
4/04_00239.jpg;47;1
4/04_00240.jpg;47;1
4/04_00241.jpg;47;1
4/04_00242.jpg;47;1
4/04_00243.jpg;47;1
4/04_00244.jpg;47;1
4/04_00245.jpg;47;1
4/04_00246.jpg;47;1
4/04_00247.jpg;47;1
4/04_00248.jpg;47;1
4/04_00249.jpg;47;1
4/04_00250.jpg;47;1
4/04_00251.jpg;47;1
4/04_00252.jpg;47;1
4/04_00253.jpg;47;1
4/04_00254.jpg;47;1
4/04_00255.jpg;47;1
4/04_00256.jpg;47;1
4/04_00257.jpg;47;1
4/04_00258.jpg;47;1
4/04_00259.jpg;47;1
4/04_00260.jpg;47;1
4/04_00261.jpg;47;1
4/04_00262.jpg;47;1
4/04_00263.jpg;47;1
4/04_00264.jpg;47;1
4/04_00265.jpg;47;1
4/04_00266.jpg;47;1
4/04_00267.jpg;47;1
4/04_00268.jpg;47;1
4/04_00269.jpg;47;1
4/04_00270.jpg;47;1
4/04_00271.jpg;47;1
4/04_00272.jpg;47;1
4/04_00273.jpg;47;1
4/04_00274.jpg;47;1
4/04_00275.jpg;47;1
4/04_00276.jpg;47;1
4/04_00277.jpg;47;1
4/04_00278.jpg;47;1
4/04_00279.jpg;47;1
4/04_00280.jpg;47;1
4/04_00281.jpg;47;1
4/04_00282.jpg;47;1
4/04_00283.jpg;47;1
4/04_00284.jpg;47;1
4/04_00285.jpg;47;1
4/04_00286.jpg;47;1
4/04_00287.jpg;47;1
4/04_00288.jpg;47;1
4/04_00289.jpg;47;1
4/04_00290.jpg;47;1
4/04_00291.jpg;47;1
4/04_00292.jpg;47;1
4/04_00293.jpg;47;1
4/04_00294.jpg;47;1
4/04_00295.jpg;47;1
4/04_00296.jpg;47;1
4/04_00297.jpg;47;1
4/04_00298.jpg;47;1
4/04_00299.jpg;47;1
4/04_00300.jpg;47;1
4/04_00301.jpg;47;1
4/04_00302.jpg;47;1
4/04_00303.jpg;47;1
4/04_00304.jpg;47;1
4/04_00305.jpg;47;1
4/04_00306.jpg;47;1
4/04_00307.jpg;47;1
4/04_00308.jpg;47;1
4/04_00309.jpg;47;1
4/04_00310.jpg;47;1
4/04_00311.jpg;47;1
4/04_00312.jpg;47;1
4/04_00313.jpg;47;1
4/04_00314.jpg;47;1
4/04_00315.jpg;47;1
4/04_00316.jpg;47;1
4/04_00317.jpg;47;1
4/04_00318.jpg;47;1
4/04_00319.jpg;47;1
4/04_00320.jpg;47;1
4/04_00321.jpg;47;1
4/04_00322.jpg;47;1
4/04_00323.jpg;47;1
4/04_00324.jpg;47;1
4/04_00325.jpg;47;1
4/04_00326.jpg;47;1
4/04_00327.jpg;47;1
4/04_00328.jpg;47;1
4/04_00329.jpg;47;1
4/04_00330.jpg;47;1
4/04_00331.jpg;47;1
4/04_00332.jpg;47;1
4/04_00333.jpg;47;1
4/04_00334.jpg;47;1
4/04_00335.jpg;47;1
4/04_00336.jpg;47;1
4/04_00337.jpg;47;1
4/04_00338.jpg;47;1
4/04_00339.jpg;47;1
4/04_00340.jpg;47;1
4/04_00341.jpg;47;1
4/04_00342.jpg;47;1
4/04_00343.jpg;47;1
4/04_00344.jpg;47;1
4/04_00345.jpg;47;1
4/04_00346.jpg;47;1
4/04_00347.jpg;47;1
4/04_00348.jpg;47;1
4/04_00349.jpg;47;1
4/04_00350.jpg;47;1
4/04_00351.jpg;47;1
4/04_00352.jpg;47;1
4/04_00353.jpg;47;1
4/04_00354.jpg;47;1
4/04_00355.jpg;47;1
4/04_00356.jpg;47;1
4/04_00357.jpg;47;1
4/04_00358.jpg;47;1
4/04_00359.jpg;47;1
4/04_00360.jpg;47;1
4/04_00361.jpg;47;1
4/04_00362.jpg;47;1
4/04_00363.jpg;47;1
4/04_00364.jpg;47;1
4/04_00365.jpg;47;1
4/04_00366.jpg;47;1
4/04_00367.jpg;47;1
4/04_00368.jpg;47;1
4/04_00369.jpg;47;1
4/04_00370.jpg;47;1
4/04_00371.jpg;47;1
4/04_00372.jpg;47;1
4/04_00373.jpg;47;1
4/04_00374.jpg;47;1
4/04_00375.jpg;47;1
4/04_00376.jpg;47;1
4/04_00377.jpg;47;1
4/04_00378.jpg;47;1
4/04_00379.jpg;47;1
4/04_00380.jpg;47;1
4/04_00381.jpg;47;1
4/04_00382.jpg;47;1
4/04_00383.jpg;47;1
4/04_00384.jpg;47;1
4/04_00385.jpg;47;1
4/04_00386.jpg;47;1
4/04_00387.jpg;47;1
4/04_00388.jpg;47;1
4/04_00389.jpg;47;1
4/04_00390.jpg;47;1
4/04_00391.jpg;47;1
4/04_00392.jpg;47;1
4/04_00393.jpg;47;1
4/04_00394.jpg;47;1
4/04_00395.jpg;47;1
4/04_00396.jpg;47;1
4/04_00397.jpg;47;1
4/04_00398.jpg;47;1
4/04_00399.jpg;47;1
5/05_00001.jpg;48;1
5/05_00002.jpg;48;1
5/05_00003.jpg;48;1
5/05_00004.jpg;48;1
5/05_00005.jpg;48;1
5/05_00006.jpg;48;1
5/05_00007.jpg;48;1
5/05_00008.jpg;48;1
5/05_00009.jpg;48;1
5/05_00010.jpg;48;1
5/05_00011.jpg;48;1
5/05_00012.jpg;48;1
5/05_00013.jpg;48;1
5/05_00014.jpg;48;1
5/05_00015.jpg;48;1
5/05_00016.jpg;48;1
5/05_00017.jpg;48;1
5/05_00018.jpg;48;1
5/05_00019.jpg;48;1
5/05_00020.jpg;48;1
5/05_00021.jpg;48;1
5/05_00022.jpg;48;1
5/05_00023.jpg;48;1
5/05_00024.jpg;48;1
5/05_00025.jpg;48;1
5/05_00026.jpg;48;1
5/05_00027.jpg;48;1
5/05_00028.jpg;48;1
5/05_00029.jpg;48;1
5/05_00030.jpg;48;1
5/05_00031.jpg;48;1
5/05_00032.jpg;48;1
5/05_00033.jpg;48;1
5/05_00034.jpg;48;1
5/05_00035.jpg;48;1
5/05_00036.jpg;48;1
5/05_00037.jpg;48;1
5/05_00038.jpg;48;1
5/05_00039.jpg;48;1
5/05_00040.jpg;48;1
5/05_00041.jpg;48;1
5/05_00042.jpg;48;1
5/05_00043.jpg;48;1
5/05_00044.jpg;48;1
5/05_00045.jpg;48;1
5/05_00046.jpg;48;1
5/05_00047.jpg;48;1
5/05_00048.jpg;48;1
5/05_00049.jpg;48;1
5/05_00050.jpg;48;1
5/05_00051.jpg;48;1
5/05_00052.jpg;48;1
5/05_00053.jpg;48;1
5/05_00054.jpg;48;1
5/05_00055.jpg;48;1
5/05_00056.jpg;48;1
5/05_00057.jpg;48;1
5/05_00058.jpg;48;1
5/05_00059.jpg;48;1
5/05_00060.jpg;48;1
5/05_00061.jpg;48;1
5/05_00062.jpg;48;1
5/05_00063.jpg;48;1
5/05_00064.jpg;48;1
5/05_00065.jpg;48;1
5/05_00066.jpg;48;1
5/05_00067.jpg;48;1
5/05_00068.jpg;48;1
5/05_00069.jpg;48;1
5/05_00070.jpg;48;1
5/05_00071.jpg;48;1
5/05_00072.jpg;48;1
5/05_00073.jpg;48;1
5/05_00074.jpg;48;1
5/05_00075.jpg;48;1
5/05_00076.jpg;48;1
5/05_00077.jpg;48;1
5/05_00078.jpg;48;1
5/05_00079.jpg;48;1
5/05_00080.jpg;48;1
5/05_00081.jpg;48;1
5/05_00082.jpg;48;1
5/05_00083.jpg;48;1
5/05_00084.jpg;48;1
5/05_00085.jpg;48;1
5/05_00086.jpg;48;1
5/05_00087.jpg;48;1
5/05_00088.jpg;48;1
5/05_00089.jpg;48;1
5/05_00090.jpg;48;1
5/05_00091.jpg;48;1
5/05_00092.jpg;48;1
5/05_00093.jpg;48;1
5/05_00094.jpg;48;1
5/05_00095.jpg;48;1
5/05_00096.jpg;48;1
5/05_00097.jpg;48;1
5/05_00098.jpg;48;1
5/05_00099.jpg;48;1
5/05_00100.jpg;48;1
5/05_00101.jpg;48;1
5/05_00102.jpg;48;1
5/05_00103.jpg;48;1
5/05_00104.jpg;48;1
5/05_00105.jpg;48;1
5/05_00106.jpg;48;1
5/05_00107.jpg;48;1
5/05_00108.jpg;48;1
5/05_00109.jpg;48;1
5/05_00110.jpg;48;1
5/05_00111.jpg;48;1
5/05_00112.jpg;48;1
5/05_00113.jpg;48;1
5/05_00114.jpg;48;1
5/05_00115.jpg;48;1
5/05_00116.jpg;48;1
5/05_00117.jpg;48;1
5/05_00118.jpg;48;1
5/05_00119.jpg;48;1
5/05_00120.jpg;48;1
5/05_00121.jpg;48;1
5/05_00122.jpg;48;1
5/05_00123.jpg;48;1
5/05_00124.jpg;48;1
5/05_00125.jpg;48;1
5/05_00126.jpg;48;1
5/05_00127.jpg;48;1
5/05_00128.jpg;48;1
5/05_00129.jpg;48;1
5/05_00130.jpg;48;1
5/05_00131.jpg;48;1
5/05_00132.jpg;48;1
5/05_00133.jpg;48;1
5/05_00134.jpg;48;1
5/05_00135.jpg;48;1
5/05_00136.jpg;48;1
5/05_00137.jpg;48;1
5/05_00138.jpg;48;1
5/05_00139.jpg;48;1
5/05_00140.jpg;48;1
5/05_00141.jpg;48;1
5/05_00142.jpg;48;1
5/05_00143.jpg;48;1
5/05_00144.jpg;48;1
5/05_00145.jpg;48;1
5/05_00146.jpg;48;1
5/05_00147.jpg;48;1
5/05_00148.jpg;48;1
5/05_00149.jpg;48;1
5/05_00150.jpg;48;1
5/05_00151.jpg;48;1
5/05_00152.jpg;48;1
5/05_00153.jpg;48;1
5/05_00154.jpg;48;1
5/05_00155.jpg;48;1
5/05_00156.jpg;48;1
5/05_00157.jpg;48;1
5/05_00158.jpg;48;1
5/05_00159.jpg;48;1
5/05_00160.jpg;48;1
5/05_00161.jpg;48;1
5/05_00162.jpg;48;1
5/05_00163.jpg;48;1
5/05_00164.jpg;48;1
5/05_00165.jpg;48;1
5/05_00166.jpg;48;1
5/05_00167.jpg;48;1
5/05_00168.jpg;48;1
5/05_00169.jpg;48;1
5/05_00170.jpg;48;1
5/05_00171.jpg;48;1
5/05_00172.jpg;48;1
5/05_00173.jpg;48;1
5/05_00174.jpg;48;1
5/05_00175.jpg;48;1
5/05_00176.jpg;48;1
5/05_00177.jpg;48;1
5/05_00178.jpg;48;1
5/05_00179.jpg;48;1
5/05_00180.jpg;48;1
5/05_00181.jpg;48;1
5/05_00182.jpg;48;1
5/05_00183.jpg;48;1
5/05_00184.jpg;48;1
5/05_00185.jpg;48;1
5/05_00186.jpg;48;1
5/05_00187.jpg;48;1
5/05_00188.jpg;48;1
5/05_00189.jpg;48;1
5/05_00190.jpg;48;1
5/05_00191.jpg;48;1
5/05_00192.jpg;48;1
5/05_00193.jpg;48;1
5/05_00194.jpg;48;1
5/05_00195.jpg;48;1
5/05_00196.jpg;48;1
5/05_00197.jpg;48;1
5/05_00198.jpg;48;1
5/05_00199.jpg;48;1
5/05_00200.jpg;48;1
5/05_00201.jpg;48;1
5/05_00202.jpg;48;1
5/05_00203.jpg;48;1
5/05_00204.jpg;48;1
5/05_00205.jpg;48;1
5/05_00206.jpg;48;1
5/05_00207.jpg;48;1
5/05_00208.jpg;48;1
5/05_00209.jpg;48;1
5/05_00210.jpg;48;1
5/05_00211.jpg;48;1
5/05_00212.jpg;48;1
5/05_00213.jpg;48;1
5/05_00214.jpg;48;1
5/05_00215.jpg;48;1
5/05_00216.jpg;48;1
5/05_00217.jpg;48;1
5/05_00218.jpg;48;1
5/05_00219.jpg;48;1
5/05_00220.jpg;48;1
5/05_00221.jpg;48;1
5/05_00222.jpg;48;1
5/05_00223.jpg;48;1
5/05_00224.jpg;48;1
5/05_00225.jpg;48;1
5/05_00226.jpg;48;1
5/05_00227.jpg;48;1
5/05_00228.jpg;48;1
5/05_00229.jpg;48;1
5/05_00230.jpg;48;1
5/05_00231.jpg;48;1
5/05_00232.jpg;48;1
5/05_00233.jpg;48;1
5/05_00234.jpg;48;1
5/05_00235.jpg;48;1
5/05_00236.jpg;48;1
5/05_00237.jpg;48;1
5/05_00238.jpg;48;1
5/05_00239.jpg;48;1
5/05_00240.jpg;48;1
5/05_00241.jpg;48;1
5/05_00242.jpg;48;1
5/05_00243.jpg;48;1
5/05_00244.jpg;48;1
5/05_00245.jpg;48;1
5/05_00246.jpg;48;1
5/05_00247.jpg;48;1
5/05_00248.jpg;48;1
5/05_00249.jpg;48;1
5/05_00250.jpg;48;1
5/05_00251.jpg;48;1
5/05_00252.jpg;48;1
5/05_00253.jpg;48;1
5/05_00254.jpg;48;1
5/05_00255.jpg;48;1
5/05_00256.jpg;48;1
5/05_00257.jpg;48;1
5/05_00258.jpg;48;1
5/05_00259.jpg;48;1
5/05_00260.jpg;48;1
5/05_00261.jpg;48;1
5/05_00262.jpg;48;1
5/05_00263.jpg;48;1
5/05_00264.jpg;48;1
5/05_00265.jpg;48;1
5/05_00266.jpg;48;1
5/05_00267.jpg;48;1
5/05_00268.jpg;48;1
5/05_00269.jpg;48;1
5/05_00270.jpg;48;1
5/05_00271.jpg;48;1
5/05_00272.jpg;48;1
5/05_00273.jpg;48;1
5/05_00274.jpg;48;1
5/05_00275.jpg;48;1
5/05_00276.jpg;48;1
5/05_00277.jpg;48;1
5/05_00278.jpg;48;1
5/05_00279.jpg;48;1
5/05_00280.jpg;48;1
5/05_00281.jpg;48;1
5/05_00282.jpg;48;1
5/05_00283.jpg;48;1
5/05_00284.jpg;48;1
5/05_00285.jpg;48;1
5/05_00286.jpg;48;1
5/05_00287.jpg;48;1
5/05_00288.jpg;48;1
5/05_00289.jpg;48;1
5/05_00290.jpg;48;1
5/05_00291.jpg;48;1
5/05_00292.jpg;48;1
5/05_00293.jpg;48;1
5/05_00294.jpg;48;1
5/05_00295.jpg;48;1
5/05_00296.jpg;48;1
5/05_00297.jpg;48;1
5/05_00298.jpg;48;1
5/05_00299.jpg;48;1
5/05_00300.jpg;48;1
5/05_00301.jpg;48;1
5/05_00302.jpg;48;1
5/05_00303.jpg;48;1
5/05_00304.jpg;48;1
5/05_00305.jpg;48;1
5/05_00306.jpg;48;1
5/05_00307.jpg;48;1
5/05_00308.jpg;48;1
5/05_00309.jpg;48;1
5/05_00310.jpg;48;1
5/05_00311.jpg;48;1
5/05_00312.jpg;48;1
5/05_00313.jpg;48;1
5/05_00314.jpg;48;1
5/05_00315.jpg;48;1
5/05_00316.jpg;48;1
5/05_00317.jpg;48;1
5/05_00318.jpg;48;1
5/05_00319.jpg;48;1
5/05_00320.jpg;48;1
5/05_00321.jpg;48;1
5/05_00322.jpg;48;1
5/05_00323.jpg;48;1
5/05_00324.jpg;48;1
5/05_00325.jpg;48;1
5/05_00326.jpg;48;1
5/05_00327.jpg;48;1
5/05_00328.jpg;48;1
5/05_00329.jpg;48;1
5/05_00330.jpg;48;1
5/05_00331.jpg;48;1
5/05_00332.jpg;48;1
5/05_00333.jpg;48;1
5/05_00334.jpg;48;1
5/05_00335.jpg;48;1
5/05_00336.jpg;48;1
5/05_00337.jpg;48;1
5/05_00338.jpg;48;1
5/05_00339.jpg;48;1
5/05_00340.jpg;48;1
5/05_00341.jpg;48;1
5/05_00342.jpg;48;1
5/05_00343.jpg;48;1
5/05_00344.jpg;48;1
5/05_00345.jpg;48;1
5/05_00346.jpg;48;1
5/05_00347.jpg;48;1
5/05_00348.jpg;48;1
5/05_00349.jpg;48;1
5/05_00350.jpg;48;1
5/05_00351.jpg;48;1
5/05_00352.jpg;48;1
5/05_00353.jpg;48;1
5/05_00354.jpg;48;1
5/05_00355.jpg;48;1
5/05_00356.jpg;48;1
5/05_00357.jpg;48;1
5/05_00358.jpg;48;1
5/05_00359.jpg;48;1
5/05_00360.jpg;48;1
5/05_00361.jpg;48;1
5/05_00362.jpg;48;1
5/05_00363.jpg;48;1
5/05_00364.jpg;48;1
5/05_00365.jpg;48;1
5/05_00366.jpg;48;1
5/05_00367.jpg;48;1
5/05_00368.jpg;48;1
5/05_00369.jpg;48;1
5/05_00370.jpg;48;1
5/05_00371.jpg;48;1
5/05_00372.jpg;48;1
5/05_00373.jpg;48;1
5/05_00374.jpg;48;1
5/05_00375.jpg;48;1
5/05_00376.jpg;48;1
5/05_00377.jpg;48;1
5/05_00378.jpg;48;1
5/05_00379.jpg;48;1
5/05_00380.jpg;48;1
5/05_00381.jpg;48;1
5/05_00382.jpg;48;1
5/05_00383.jpg;48;1
5/05_00384.jpg;48;1
6/06_00001.jpg;49;1
6/06_00002.jpg;49;1
6/06_00003.jpg;49;1
6/06_00004.jpg;49;1
6/06_00005.jpg;49;1
6/06_00006.jpg;49;1
6/06_00007.jpg;49;1
6/06_00008.jpg;49;1
6/06_00009.jpg;49;1
6/06_00010.jpg;49;1
6/06_00011.jpg;49;1
6/06_00012.jpg;49;1
6/06_00013.jpg;49;1
6/06_00014.jpg;49;1
6/06_00015.jpg;49;1
6/06_00016.jpg;49;1
6/06_00017.jpg;49;1
6/06_00018.jpg;49;1
6/06_00019.jpg;49;1
6/06_00020.jpg;49;1
6/06_00021.jpg;49;1
6/06_00022.jpg;49;1
6/06_00023.jpg;49;1
6/06_00024.jpg;49;1
6/06_00025.jpg;49;1
6/06_00026.jpg;49;1
6/06_00027.jpg;49;1
6/06_00028.jpg;49;1
6/06_00029.jpg;49;1
6/06_00030.jpg;49;1
6/06_00031.jpg;49;1
6/06_00032.jpg;49;1
6/06_00033.jpg;49;1
6/06_00034.jpg;49;1
6/06_00035.jpg;49;1
6/06_00036.jpg;49;1
6/06_00037.jpg;49;1
6/06_00038.jpg;49;1
6/06_00039.jpg;49;1
6/06_00040.jpg;49;1
6/06_00041.jpg;49;1
6/06_00042.jpg;49;1
6/06_00043.jpg;49;1
6/06_00044.jpg;49;1
6/06_00045.jpg;49;1
6/06_00046.jpg;49;1
6/06_00047.jpg;49;1
6/06_00048.jpg;49;1
6/06_00049.jpg;49;1
6/06_00050.jpg;49;1
6/06_00051.jpg;49;1
6/06_00052.jpg;49;1
6/06_00053.jpg;49;1
6/06_00054.jpg;49;1
6/06_00055.jpg;49;1
6/06_00056.jpg;49;1
6/06_00057.jpg;49;1
6/06_00058.jpg;49;1
6/06_00059.jpg;49;1
6/06_00060.jpg;49;1
6/06_00061.jpg;49;1
6/06_00062.jpg;49;1
6/06_00063.jpg;49;1
6/06_00064.jpg;49;1
6/06_00065.jpg;49;1
6/06_00066.jpg;49;1
6/06_00067.jpg;49;1
6/06_00068.jpg;49;1
6/06_00069.jpg;49;1
6/06_00070.jpg;49;1
6/06_00071.jpg;49;1
6/06_00072.jpg;49;1
6/06_00073.jpg;49;1
6/06_00074.jpg;49;1
6/06_00075.jpg;49;1
6/06_00076.jpg;49;1
6/06_00077.jpg;49;1
6/06_00078.jpg;49;1
6/06_00079.jpg;49;1
6/06_00080.jpg;49;1
6/06_00081.jpg;49;1
6/06_00082.jpg;49;1
6/06_00083.jpg;49;1
6/06_00084.jpg;49;1
6/06_00085.jpg;49;1
6/06_00086.jpg;49;1
6/06_00087.jpg;49;1
6/06_00088.jpg;49;1
6/06_00089.jpg;49;1
6/06_00090.jpg;49;1
6/06_00091.jpg;49;1
6/06_00092.jpg;49;1
6/06_00093.jpg;49;1
6/06_00094.jpg;49;1
6/06_00095.jpg;49;1
6/06_00096.jpg;49;1
6/06_00097.jpg;49;1
6/06_00098.jpg;49;1
6/06_00099.jpg;49;1
6/06_00100.jpg;49;1
6/06_00101.jpg;49;1
6/06_00102.jpg;49;1
6/06_00103.jpg;49;1
6/06_00104.jpg;49;1
6/06_00105.jpg;49;1
6/06_00106.jpg;49;1
6/06_00107.jpg;49;1
6/06_00108.jpg;49;1
6/06_00109.jpg;49;1
6/06_00110.jpg;49;1
6/06_00111.jpg;49;1
6/06_00112.jpg;49;1
6/06_00113.jpg;49;1
6/06_00114.jpg;49;1
6/06_00115.jpg;49;1
6/06_00116.jpg;49;1
6/06_00117.jpg;49;1
6/06_00118.jpg;49;1
6/06_00119.jpg;49;1
6/06_00120.jpg;49;1
6/06_00121.jpg;49;1
6/06_00122.jpg;49;1
6/06_00123.jpg;49;1
6/06_00124.jpg;49;1
6/06_00125.jpg;49;1
6/06_00126.jpg;49;1
6/06_00127.jpg;49;1
6/06_00128.jpg;49;1
6/06_00129.jpg;49;1
6/06_00130.jpg;49;1
6/06_00131.jpg;49;1
6/06_00132.jpg;49;1
6/06_00133.jpg;49;1
6/06_00134.jpg;49;1
6/06_00135.jpg;49;1
6/06_00136.jpg;49;1
6/06_00137.jpg;49;1
6/06_00138.jpg;49;1
6/06_00139.jpg;49;1
6/06_00140.jpg;49;1
6/06_00141.jpg;49;1
6/06_00142.jpg;49;1
6/06_00143.jpg;49;1
6/06_00144.jpg;49;1
6/06_00145.jpg;49;1
6/06_00146.jpg;49;1
6/06_00147.jpg;49;1
6/06_00148.jpg;49;1
6/06_00149.jpg;49;1
6/06_00150.jpg;49;1
6/06_00151.jpg;49;1
6/06_00152.jpg;49;1
6/06_00153.jpg;49;1
6/06_00154.jpg;49;1
6/06_00155.jpg;49;1
6/06_00156.jpg;49;1
6/06_00157.jpg;49;1
6/06_00158.jpg;49;1
6/06_00159.jpg;49;1
6/06_00160.jpg;49;1
6/06_00161.jpg;49;1
6/06_00162.jpg;49;1
6/06_00163.jpg;49;1
6/06_00164.jpg;49;1
6/06_00165.jpg;49;1
6/06_00166.jpg;49;1
6/06_00167.jpg;49;1
6/06_00168.jpg;49;1
6/06_00169.jpg;49;1
6/06_00170.jpg;49;1
6/06_00171.jpg;49;1
6/06_00172.jpg;49;1
6/06_00173.jpg;49;1
6/06_00174.jpg;49;1
6/06_00175.jpg;49;1
6/06_00176.jpg;49;1
6/06_00177.jpg;49;1
6/06_00178.jpg;49;1
6/06_00179.jpg;49;1
6/06_00180.jpg;49;1
6/06_00181.jpg;49;1
6/06_00182.jpg;49;1
6/06_00183.jpg;49;1
6/06_00184.jpg;49;1
6/06_00185.jpg;49;1
6/06_00186.jpg;49;1
6/06_00187.jpg;49;1
6/06_00188.jpg;49;1
6/06_00189.jpg;49;1
6/06_00190.jpg;49;1
6/06_00191.jpg;49;1
6/06_00192.jpg;49;1
6/06_00193.jpg;49;1
6/06_00194.jpg;49;1
6/06_00195.jpg;49;1
6/06_00196.jpg;49;1
6/06_00197.jpg;49;1
6/06_00198.jpg;49;1
6/06_00199.jpg;49;1
6/06_00200.jpg;49;1
6/06_00201.jpg;49;1
6/06_00202.jpg;49;1
6/06_00203.jpg;49;1
6/06_00204.jpg;49;1
6/06_00205.jpg;49;1
6/06_00206.jpg;49;1
6/06_00207.jpg;49;1
6/06_00208.jpg;49;1
6/06_00209.jpg;49;1
6/06_00210.jpg;49;1
6/06_00211.jpg;49;1
6/06_00212.jpg;49;1
6/06_00213.jpg;49;1
6/06_00214.jpg;49;1
6/06_00215.jpg;49;1
6/06_00216.jpg;49;1
6/06_00217.jpg;49;1
6/06_00218.jpg;49;1
6/06_00219.jpg;49;1
6/06_00220.jpg;49;1
6/06_00221.jpg;49;1
6/06_00222.jpg;49;1
6/06_00223.jpg;49;1
6/06_00224.jpg;49;1
6/06_00225.jpg;49;1
6/06_00226.jpg;49;1
6/06_00227.jpg;49;1
6/06_00228.jpg;49;1
6/06_00229.jpg;49;1
6/06_00230.jpg;49;1
6/06_00231.jpg;49;1
6/06_00232.jpg;49;1
6/06_00233.jpg;49;1
6/06_00234.jpg;49;1
6/06_00235.jpg;49;1
6/06_00236.jpg;49;1
6/06_00237.jpg;49;1
6/06_00238.jpg;49;1
6/06_00239.jpg;49;1
6/06_00240.jpg;49;1
6/06_00241.jpg;49;1
6/06_00242.jpg;49;1
6/06_00243.jpg;49;1
6/06_00244.jpg;49;1
6/06_00245.jpg;49;1
6/06_00246.jpg;49;1
6/06_00247.jpg;49;1
6/06_00248.jpg;49;1
6/06_00249.jpg;49;1
6/06_00250.jpg;49;1
6/06_00251.jpg;49;1
6/06_00252.jpg;49;1
6/06_00253.jpg;49;1
6/06_00254.jpg;49;1
6/06_00255.jpg;49;1
6/06_00256.jpg;49;1
6/06_00257.jpg;49;1
6/06_00258.jpg;49;1
6/06_00259.jpg;49;1
6/06_00260.jpg;49;1
6/06_00261.jpg;49;1
6/06_00262.jpg;49;1
6/06_00263.jpg;49;1
6/06_00264.jpg;49;1
6/06_00265.jpg;49;1
6/06_00266.jpg;49;1
6/06_00267.jpg;49;1
6/06_00268.jpg;49;1
6/06_00269.jpg;49;1
6/06_00270.jpg;49;1
6/06_00271.jpg;49;1
6/06_00272.jpg;49;1
6/06_00273.jpg;49;1
6/06_00274.jpg;49;1
6/06_00275.jpg;49;1
6/06_00276.jpg;49;1
6/06_00277.jpg;49;1
6/06_00278.jpg;49;1
6/06_00279.jpg;49;1
6/06_00280.jpg;49;1
6/06_00281.jpg;49;1
6/06_00282.jpg;49;1
6/06_00283.jpg;49;1
6/06_00284.jpg;49;1
6/06_00285.jpg;49;1
6/06_00286.jpg;49;1
6/06_00287.jpg;49;1
6/06_00288.jpg;49;1
6/06_00289.jpg;49;1
6/06_00290.jpg;49;1
6/06_00291.jpg;49;1
6/06_00292.jpg;49;1
6/06_00293.jpg;49;1
6/06_00294.jpg;49;1
6/06_00295.jpg;49;1
6/06_00296.jpg;49;1
6/06_00297.jpg;49;1
6/06_00298.jpg;49;1
6/06_00299.jpg;49;1
6/06_00300.jpg;49;1
6/06_00301.jpg;49;1
6/06_00302.jpg;49;1
6/06_00303.jpg;49;1
7/07_00001.jpg;50;1
7/07_00002.jpg;50;1
7/07_00003.jpg;50;1
7/07_00004.jpg;50;1
7/07_00005.jpg;50;1
7/07_00006.jpg;50;1
7/07_00007.jpg;50;1
7/07_00008.jpg;50;1
7/07_00009.jpg;50;1
7/07_00010.jpg;50;1
7/07_00011.jpg;50;1
7/07_00012.jpg;50;1
7/07_00013.jpg;50;1
7/07_00014.jpg;50;1
7/07_00015.jpg;50;1
7/07_00016.jpg;50;1
7/07_00017.jpg;50;1
7/07_00018.jpg;50;1
7/07_00019.jpg;50;1
7/07_00020.jpg;50;1
7/07_00021.jpg;50;1
7/07_00022.jpg;50;1
7/07_00023.jpg;50;1
7/07_00024.jpg;50;1
7/07_00025.jpg;50;1
7/07_00026.jpg;50;1
7/07_00027.jpg;50;1
7/07_00028.jpg;50;1
7/07_00029.jpg;50;1
7/07_00030.jpg;50;1
7/07_00031.jpg;50;1
7/07_00032.jpg;50;1
7/07_00033.jpg;50;1
7/07_00034.jpg;50;1
7/07_00035.jpg;50;1
7/07_00036.jpg;50;1
7/07_00037.jpg;50;1
7/07_00038.jpg;50;1
7/07_00039.jpg;50;1
7/07_00040.jpg;50;1
7/07_00041.jpg;50;1
7/07_00042.jpg;50;1
7/07_00043.jpg;50;1
7/07_00044.jpg;50;1
7/07_00045.jpg;50;1
7/07_00046.jpg;50;1
7/07_00047.jpg;50;1
7/07_00048.jpg;50;1
7/07_00049.jpg;50;1
7/07_00050.jpg;50;1
7/07_00051.jpg;50;1
7/07_00052.jpg;50;1
7/07_00053.jpg;50;1
7/07_00054.jpg;50;1
7/07_00055.jpg;50;1
7/07_00056.jpg;50;1
7/07_00057.jpg;50;1
7/07_00058.jpg;50;1
7/07_00059.jpg;50;1
7/07_00060.jpg;50;1
7/07_00061.jpg;50;1
7/07_00062.jpg;50;1
7/07_00063.jpg;50;1
7/07_00064.jpg;50;1
7/07_00065.jpg;50;1
7/07_00066.jpg;50;1
7/07_00067.jpg;50;1
7/07_00068.jpg;50;1
7/07_00069.jpg;50;1
7/07_00070.jpg;50;1
7/07_00071.jpg;50;1
7/07_00072.jpg;50;1
7/07_00073.jpg;50;1
7/07_00074.jpg;50;1
7/07_00075.jpg;50;1
7/07_00076.jpg;50;1
7/07_00077.jpg;50;1
7/07_00078.jpg;50;1
7/07_00079.jpg;50;1
7/07_00080.jpg;50;1
7/07_00081.jpg;50;1
7/07_00082.jpg;50;1
7/07_00083.jpg;50;1
7/07_00084.jpg;50;1
7/07_00085.jpg;50;1
7/07_00086.jpg;50;1
7/07_00087.jpg;50;1
7/07_00088.jpg;50;1
7/07_00089.jpg;50;1
7/07_00090.jpg;50;1
7/07_00091.jpg;50;1
7/07_00092.jpg;50;1
7/07_00093.jpg;50;1
7/07_00094.jpg;50;1
7/07_00095.jpg;50;1
7/07_00096.jpg;50;1
7/07_00097.jpg;50;1
7/07_00098.jpg;50;1
7/07_00099.jpg;50;1
7/07_00100.jpg;50;1
7/07_00101.jpg;50;1
7/07_00102.jpg;50;1
7/07_00103.jpg;50;1
7/07_00104.jpg;50;1
7/07_00105.jpg;50;1
7/07_00106.jpg;50;1
7/07_00107.jpg;50;1
7/07_00108.jpg;50;1
7/07_00109.jpg;50;1
7/07_00110.jpg;50;1
7/07_00111.jpg;50;1
8/08_00001.jpg;51;1
8/08_00002.jpg;51;1
8/08_00003.jpg;51;1
8/08_00004.jpg;51;1
8/08_00005.jpg;51;1
8/08_00006.jpg;51;1
8/08_00007.jpg;51;1
8/08_00008.jpg;51;1
8/08_00009.jpg;51;1
8/08_00010.jpg;51;1
8/08_00011.jpg;51;1
8/08_00012.jpg;51;1
8/08_00013.jpg;51;1
8/08_00014.jpg;51;1
8/08_00015.jpg;51;1
8/08_00016.jpg;51;1
8/08_00017.jpg;51;1
8/08_00018.jpg;51;1
8/08_00019.jpg;51;1
8/08_00020.jpg;51;1
8/08_00021.jpg;51;1
8/08_00022.jpg;51;1
8/08_00023.jpg;51;1
8/08_00024.jpg;51;1
8/08_00025.jpg;51;1
8/08_00026.jpg;51;1
8/08_00027.jpg;51;1
8/08_00028.jpg;51;1
8/08_00029.jpg;51;1
8/08_00030.jpg;51;1
8/08_00031.jpg;51;1
8/08_00032.jpg;51;1
8/08_00033.jpg;51;1
8/08_00034.jpg;51;1
8/08_00035.jpg;51;1
8/08_00036.jpg;51;1
8/08_00037.jpg;51;1
8/08_00038.jpg;51;1
8/08_00039.jpg;51;1
8/08_00040.jpg;51;1
8/08_00041.jpg;51;1
8/08_00042.jpg;51;1
8/08_00043.jpg;51;1
8/08_00044.jpg;51;1
8/08_00045.jpg;51;1
8/08_00046.jpg;51;1
8/08_00047.jpg;51;1
8/08_00048.jpg;51;1
8/08_00049.jpg;51;1
8/08_00050.jpg;51;1
8/08_00051.jpg;51;1
8/08_00052.jpg;51;1
8/08_00053.jpg;51;1
8/08_00054.jpg;51;1
8/08_00055.jpg;51;1
8/08_00056.jpg;51;1
8/08_00057.jpg;51;1
8/08_00058.jpg;51;1
8/08_00059.jpg;51;1
8/08_00060.jpg;51;1
8/08_00061.jpg;51;1
8/08_00062.jpg;51;1
8/08_00063.jpg;51;1
8/08_00064.jpg;51;1
8/08_00065.jpg;51;1
8/08_00066.jpg;51;1
8/08_00067.jpg;51;1
8/08_00068.jpg;51;1
8/08_00069.jpg;51;1
8/08_00070.jpg;51;1
8/08_00071.jpg;51;1
8/08_00072.jpg;51;1
8/08_00073.jpg;51;1
8/08_00074.jpg;51;1
8/08_00075.jpg;51;1
8/08_00076.jpg;51;1
8/08_00077.jpg;51;1
8/08_00078.jpg;51;1
8/08_00079.jpg;51;1
8/08_00080.jpg;51;1
8/08_00081.jpg;51;1
8/08_00082.jpg;51;1
8/08_00083.jpg;51;1
8/08_00084.jpg;51;1
8/08_00085.jpg;51;1
8/08_00086.jpg;51;1
8/08_00087.jpg;51;1
8/08_00088.jpg;51;1
8/08_00089.jpg;51;1
8/08_00090.jpg;51;1
8/08_00091.jpg;51;1
8/08_00092.jpg;51;1
8/08_00093.jpg;51;1
8/08_00094.jpg;51;1
8/08_00095.jpg;51;1
8/08_00096.jpg;51;1
8/08_00097.jpg;51;1
8/08_00098.jpg;51;1
8/08_00099.jpg;51;1
8/08_00100.jpg;51;1
8/08_00101.jpg;51;1
8/08_00102.jpg;51;1
8/08_00103.jpg;51;1
8/08_00104.jpg;51;1
8/08_00105.jpg;51;1
8/08_00106.jpg;51;1
8/08_00107.jpg;51;1
8/08_00108.jpg;51;1
8/08_00109.jpg;51;1
8/08_00110.jpg;51;1
8/08_00111.jpg;51;1
8/08_00112.jpg;51;1
8/08_00113.jpg;51;1
8/08_00114.jpg;51;1
8/08_00115.jpg;51;1
8/08_00116.jpg;51;1
8/08_00117.jpg;51;1
8/08_00118.jpg;51;1
8/08_00119.jpg;51;1
8/08_00120.jpg;51;1
8/08_00121.jpg;51;1
8/08_00122.jpg;51;1
8/08_00123.jpg;51;1
8/08_00124.jpg;51;1
8/08_00125.jpg;51;1
8/08_00126.jpg;51;1
8/08_00127.jpg;51;1
8/08_00128.jpg;51;1
8/08_00129.jpg;51;1
8/08_00130.jpg;51;1
8/08_00131.jpg;51;1
8/08_00132.jpg;51;1
8/08_00133.jpg;51;1
8/08_00134.jpg;51;1
8/08_00135.jpg;51;1
8/08_00136.jpg;51;1
8/08_00137.jpg;51;1
8/08_00138.jpg;51;1
8/08_00139.jpg;51;1
8/08_00140.jpg;51;1
8/08_00141.jpg;51;1
8/08_00142.jpg;51;1
8/08_00143.jpg;51;1
8/08_00144.jpg;51;1
8/08_00145.jpg;51;1
8/08_00146.jpg;51;1
8/08_00147.jpg;51;1
8/08_00148.jpg;51;1
8/08_00149.jpg;51;1
8/08_00150.jpg;51;1
8/08_00151.jpg;51;1
8/08_00152.jpg;51;1
8/08_00153.jpg;51;1
8/08_00154.jpg;51;1
8/08_00155.jpg;51;1
8/08_00156.jpg;51;1
8/08_00157.jpg;51;1
8/08_00158.jpg;51;1
8/08_00159.jpg;51;1
8/08_00160.jpg;51;1
8/08_00161.jpg;51;1
8/08_00162.jpg;51;1
8/08_00163.jpg;51;1
8/08_00164.jpg;51;1
8/08_00165.jpg;51;1
8/08_00166.jpg;51;1
8/08_00167.jpg;51;1
8/08_00168.jpg;51;1
8/08_00169.jpg;51;1
8/08_00170.jpg;51;1
8/08_00171.jpg;51;1
8/08_00172.jpg;51;1
8/08_00173.jpg;51;1
8/08_00174.jpg;51;1
8/08_00175.jpg;51;1
8/08_00176.jpg;51;1
8/08_00177.jpg;51;1
8/08_00178.jpg;51;1
8/08_00179.jpg;51;1
8/08_00180.jpg;51;1
8/08_00181.jpg;51;1
8/08_00182.jpg;51;1
8/08_00183.jpg;51;1
8/08_00184.jpg;51;1
8/08_00185.jpg;51;1
8/08_00186.jpg;51;1
8/08_00187.jpg;51;1
8/08_00188.jpg;51;1
8/08_00189.jpg;51;1
8/08_00190.jpg;51;1
8/08_00191.jpg;51;1
8/08_00192.jpg;51;1
8/08_00193.jpg;51;1
8/08_00194.jpg;51;1
8/08_00195.jpg;51;1
8/08_00196.jpg;51;1
8/08_00197.jpg;51;1
8/08_00198.jpg;51;1
8/08_00199.jpg;51;1
8/08_00200.jpg;51;1
8/08_00201.jpg;51;1
8/08_00202.jpg;51;1
8/08_00203.jpg;51;1
8/08_00204.jpg;51;1
8/08_00205.jpg;51;1
8/08_00206.jpg;51;1
8/08_00207.jpg;51;1
8/08_00208.jpg;51;1
8/08_00209.jpg;51;1
8/08_00210.jpg;51;1
8/08_00211.jpg;51;1
8/08_00212.jpg;51;1
8/08_00213.jpg;51;1
8/08_00214.jpg;51;1
8/08_00215.jpg;51;1
8/08_00216.jpg;51;1
8/08_00217.jpg;51;1
8/08_00218.jpg;51;1
8/08_00219.jpg;51;1
8/08_00220.jpg;51;1
8/08_00221.jpg;51;1
8/08_00222.jpg;51;1
8/08_00223.jpg;51;1
8/08_00224.jpg;51;1
8/08_00225.jpg;51;1
8/08_00226.jpg;51;1
8/08_00227.jpg;51;1
8/08_00228.jpg;51;1
8/08_00229.jpg;51;1
8/08_00230.jpg;51;1
8/08_00231.jpg;51;1
8/08_00232.jpg;51;1
8/08_00233.jpg;51;1
8/08_00234.jpg;51;1
8/08_00235.jpg;51;1
8/08_00236.jpg;51;1
8/08_00237.jpg;51;1
8/08_00238.jpg;51;1
8/08_00239.jpg;51;1
8/08_00240.jpg;51;1
8/08_00241.jpg;51;1
8/08_00242.jpg;51;1
8/08_00243.jpg;51;1
8/08_00244.jpg;51;1
8/08_00245.jpg;51;1
8/08_00246.jpg;51;1
8/08_00247.jpg;51;1
8/08_00248.jpg;51;1
8/08_00249.jpg;51;1
8/08_00250.jpg;51;1
8/08_00251.jpg;51;1
8/08_00252.jpg;51;1
8/08_00253.jpg;51;1
8/08_00254.jpg;51;1
8/08_00255.jpg;51;1
8/08_00256.jpg;51;1
8/08_00257.jpg;51;1
8/08_00258.jpg;51;1
8/08_00259.jpg;51;1
8/08_00260.jpg;51;1
8/08_00261.jpg;51;1
8/08_00262.jpg;51;1
8/08_00263.jpg;51;1
8/08_00264.jpg;51;1
8/08_00265.jpg;51;1
8/08_00266.jpg;51;1
8/08_00267.jpg;51;1
8/08_00268.jpg;51;1
8/08_00269.jpg;51;1
8/08_00270.jpg;51;1
8/08_00271.jpg;51;1
8/08_00272.jpg;51;1
8/08_00273.jpg;51;1
8/08_00274.jpg;51;1
8/08_00275.jpg;51;1
8/08_00276.jpg;51;1
8/08_00277.jpg;51;1
8/08_00278.jpg;51;1
8/08_00279.jpg;51;1
8/08_00280.jpg;51;1
8/08_00281.jpg;51;1
8/08_00282.jpg;51;1
8/08_00283.jpg;51;1
8/08_00284.jpg;51;1
8/08_00285.jpg;51;1
8/08_00286.jpg;51;1
8/08_00287.jpg;51;1
8/08_00288.jpg;51;1
8/08_00289.jpg;51;1
8/08_00290.jpg;51;1
8/08_00291.jpg;51;1
8/08_00292.jpg;51;1
8/08_00293.jpg;51;1
8/08_00294.jpg;51;1
8/08_00295.jpg;51;1
8/08_00296.jpg;51;1
8/08_00297.jpg;51;1
8/08_00298.jpg;51;1
8/08_00299.jpg;51;1
8/08_00300.jpg;51;1
8/08_00301.jpg;51;1
8/08_00302.jpg;51;1
8/08_00303.jpg;51;1
8/08_00304.jpg;51;1
8/08_00305.jpg;51;1
8/08_00306.jpg;51;1
8/08_00307.jpg;51;1
8/08_00308.jpg;51;1
8/08_00309.jpg;51;1
8/08_00310.jpg;51;1
8/08_00311.jpg;51;1
8/08_00312.jpg;51;1
8/08_00313.jpg;51;1
8/08_00314.jpg;51;1
8/08_00315.jpg;51;1
8/08_00316.jpg;51;1
8/08_00317.jpg;51;1
8/08_00318.jpg;51;1
8/08_00319.jpg;51;1
8/08_00320.jpg;51;1
8/08_00321.jpg;51;1
8/08_00322.jpg;51;1
8/08_00323.jpg;51;1
8/08_00324.jpg;51;1
8/08_00325.jpg;51;1
8/08_00326.jpg;51;1
8/08_00327.jpg;51;1
8/08_00328.jpg;51;1
8/08_00329.jpg;51;1
8/08_00330.jpg;51;1
8/08_00331.jpg;51;1
8/08_00332.jpg;51;1
8/08_00333.jpg;51;1
8/08_00334.jpg;51;1
8/08_00335.jpg;51;1
8/08_00336.jpg;51;1
8/08_00337.jpg;51;1
8/08_00338.jpg;51;1
8/08_00339.jpg;51;1
8/08_00340.jpg;51;1
8/08_00341.jpg;51;1
8/08_00342.jpg;51;1
8/08_00343.jpg;51;1
8/08_00344.jpg;51;1
8/08_00345.jpg;51;1
8/08_00346.jpg;51;1
8/08_00347.jpg;51;1
8/08_00348.jpg;51;1
8/08_00349.jpg;51;1
8/08_00350.jpg;51;1
8/08_00351.jpg;51;1
8/08_00352.jpg;51;1
8/08_00353.jpg;51;1
8/08_00354.jpg;51;1
8/08_00355.jpg;51;1
8/08_00356.jpg;51;1
8/08_00357.jpg;51;1
8/08_00358.jpg;51;1
8/08_00359.jpg;51;1
8/08_00360.jpg;51;1
8/08_00361.jpg;51;1
8/08_00362.jpg;51;1
8/08_00363.jpg;51;1
8/08_00364.jpg;51;1
8/08_00365.jpg;51;1
8/08_00366.jpg;51;1
8/08_00367.jpg;51;1
8/08_00368.jpg;51;1
8/08_00369.jpg;51;1
8/08_00370.jpg;51;1
8/08_00371.jpg;51;1
8/08_00372.jpg;51;1
8/08_00373.jpg;51;1
8/08_00374.jpg;51;1
8/08_00375.jpg;51;1
8/08_00376.jpg;51;1
8/08_00377.jpg;51;1
8/08_00378.jpg;51;1
8/08_00379.jpg;51;1
8/08_00380.jpg;51;1
8/08_00381.jpg;51;1
8/08_00382.jpg;51;1
8/08_00383.jpg;51;1
8/08_00384.jpg;51;1
8/08_00385.jpg;51;1
8/08_00386.jpg;51;1
8/08_00387.jpg;51;1
8/08_00388.jpg;51;1
8/08_00389.jpg;51;1
8/08_00390.jpg;51;1
8/08_00391.jpg;51;1
8/08_00392.jpg;51;1
9/09_00001.jpg;52;1
9/09_00002.jpg;52;1
9/09_00003.jpg;52;1
9/09_00004.jpg;52;1
9/09_00005.jpg;52;1
9/09_00006.jpg;52;1
9/09_00007.jpg;52;1
9/09_00008.jpg;52;1
9/09_00009.jpg;52;1
9/09_00010.jpg;52;1
9/09_00011.jpg;52;1
9/09_00012.jpg;52;1
9/09_00013.jpg;52;1
9/09_00014.jpg;52;1
9/09_00015.jpg;52;1
9/09_00016.jpg;52;1
9/09_00017.jpg;52;1
9/09_00018.jpg;52;1
9/09_00019.jpg;52;1
9/09_00020.jpg;52;1
9/09_00021.jpg;52;1
9/09_00022.jpg;52;1
9/09_00023.jpg;52;1
9/09_00024.jpg;52;1
9/09_00025.jpg;52;1
9/09_00026.jpg;52;1
9/09_00027.jpg;52;1
9/09_00028.jpg;52;1
9/09_00029.jpg;52;1
9/09_00030.jpg;52;1
9/09_00031.jpg;52;1
9/09_00032.jpg;52;1
9/09_00033.jpg;52;1
9/09_00034.jpg;52;1
9/09_00035.jpg;52;1
9/09_00036.jpg;52;1
9/09_00037.jpg;52;1
9/09_00038.jpg;52;1
9/09_00039.jpg;52;1
9/09_00040.jpg;52;1
9/09_00041.jpg;52;1
9/09_00042.jpg;52;1
9/09_00043.jpg;52;1
9/09_00044.jpg;52;1
9/09_00045.jpg;52;1
9/09_00046.jpg;52;1
9/09_00047.jpg;52;1
9/09_00048.jpg;52;1
9/09_00049.jpg;52;1
9/09_00050.jpg;52;1
9/09_00051.jpg;52;1
9/09_00052.jpg;52;1
9/09_00053.jpg;52;1
9/09_00054.jpg;52;1
9/09_00055.jpg;52;1
9/09_00056.jpg;52;1
9/09_00057.jpg;52;1
9/09_00058.jpg;52;1
9/09_00059.jpg;52;1
9/09_00060.jpg;52;1
9/09_00061.jpg;52;1
9/09_00062.jpg;52;1
9/09_00063.jpg;52;1
9/09_00064.jpg;52;1
9/09_00065.jpg;52;1
9/09_00066.jpg;52;1
9/09_00067.jpg;52;1
9/09_00068.jpg;52;1
9/09_00069.jpg;52;1
9/09_00070.jpg;52;1
9/09_00071.jpg;52;1
9/09_00072.jpg;52;1
9/09_00073.jpg;52;1
9/09_00074.jpg;52;1
9/09_00075.jpg;52;1
9/09_00076.jpg;52;1
9/09_00077.jpg;52;1
9/09_00078.jpg;52;1
9/09_00079.jpg;52;1
9/09_00080.jpg;52;1
9/09_00081.jpg;52;1
9/09_00082.jpg;52;1
9/09_00083.jpg;52;1
9/09_00084.jpg;52;1
9/09_00085.jpg;52;1
9/09_00086.jpg;52;1
9/09_00087.jpg;52;1
9/09_00088.jpg;52;1
9/09_00089.jpg;52;1
9/09_00090.jpg;52;1
9/09_00091.jpg;52;1
9/09_00092.jpg;52;1
9/09_00093.jpg;52;1
9/09_00094.jpg;52;1
9/09_00095.jpg;52;1
9/09_00096.jpg;52;1
9/09_00097.jpg;52;1
9/09_00098.jpg;52;1
9/09_00099.jpg;52;1
9/09_00100.jpg;52;1
9/09_00101.jpg;52;1
9/09_00102.jpg;52;1
9/09_00103.jpg;52;1
9/09_00104.jpg;52;1
9/09_00105.jpg;52;1
9/09_00106.jpg;52;1
9/09_00107.jpg;52;1
9/09_00108.jpg;52;1
9/09_00109.jpg;52;1
9/09_00110.jpg;52;1
9/09_00111.jpg;52;1
9/09_00112.jpg;52;1
9/09_00113.jpg;52;1
9/09_00114.jpg;52;1
9/09_00115.jpg;52;1
9/09_00116.jpg;52;1
9/09_00117.jpg;52;1
9/09_00118.jpg;52;1
9/09_00119.jpg;52;1
9/09_00120.jpg;52;1
9/09_00121.jpg;52;1
9/09_00122.jpg;52;1
9/09_00123.jpg;52;1
9/09_00124.jpg;52;1
9/09_00125.jpg;52;1
9/09_00126.jpg;52;1
9/09_00127.jpg;52;1
9/09_00128.jpg;52;1
9/09_00129.jpg;52;1
9/09_00130.jpg;52;1
9/09_00131.jpg;52;1
9/09_00132.jpg;52;1
9/09_00133.jpg;52;1
9/09_00134.jpg;52;1
9/09_00135.jpg;52;1
9/09_00136.jpg;52;1
9/09_00137.jpg;52;1
9/09_00138.jpg;52;1
9/09_00139.jpg;52;1
9/09_00140.jpg;52;1
9/09_00141.jpg;52;1
9/09_00142.jpg;52;1
9/09_00143.jpg;52;1
9/09_00144.jpg;52;1
9/09_00145.jpg;52;1
9/09_00146.jpg;52;1
9/09_00147.jpg;52;1
9/09_00148.jpg;52;1
9/09_00149.jpg;52;1
9/09_00150.jpg;52;1
9/09_00151.jpg;52;1
9/09_00152.jpg;52;1
9/09_00153.jpg;52;1
9/09_00154.jpg;52;1
9/09_00155.jpg;52;1
9/09_00156.jpg;52;1
9/09_00157.jpg;52;1
9/09_00158.jpg;52;1
9/09_00159.jpg;52;1
9/09_00160.jpg;52;1
9/09_00161.jpg;52;1
9/09_00162.jpg;52;1
9/09_00163.jpg;52;1
9/09_00164.jpg;52;1
9/09_00165.jpg;52;1
9/09_00166.jpg;52;1
9/09_00167.jpg;52;1
9/09_00168.jpg;52;1
9/09_00169.jpg;52;1
9/09_00170.jpg;52;1
9/09_00171.jpg;52;1
9/09_00172.jpg;52;1
9/09_00173.jpg;52;1
9/09_00174.jpg;52;1
9/09_00175.jpg;52;1
9/09_00176.jpg;52;1
9/09_00177.jpg;52;1
9/09_00178.jpg;52;1
9/09_00179.jpg;52;1
9/09_00180.jpg;52;1
9/09_00181.jpg;52;1
9/09_00182.jpg;52;1
9/09_00183.jpg;52;1
9/09_00184.jpg;52;1
9/09_00185.jpg;52;1
9/09_00186.jpg;52;1
9/09_00187.jpg;52;1
9/09_00188.jpg;52;1
9/09_00189.jpg;52;1
9/09_00190.jpg;52;1
9/09_00191.jpg;52;1
9/09_00192.jpg;52;1
9/09_00193.jpg;52;1
9/09_00194.jpg;52;1
9/09_00195.jpg;52;1
9/09_00196.jpg;52;1
9/09_00197.jpg;52;1
9/09_00198.jpg;52;1
9/09_00199.jpg;52;1
9/09_00200.jpg;52;1
9/09_00201.jpg;52;1
9/09_00202.jpg;52;1
9/09_00203.jpg;52;1
9/09_00204.jpg;52;1
9/09_00205.jpg;52;1
9/09_00206.jpg;52;1
9/09_00207.jpg;52;1
9/09_00208.jpg;52;1
9/09_00209.jpg;52;1
9/09_00210.jpg;52;1
9/09_00211.jpg;52;1
9/09_00212.jpg;52;1
9/09_00213.jpg;52;1
9/09_00214.jpg;52;1
9/09_00215.jpg;52;1
9/09_00216.jpg;52;1
9/09_00217.jpg;52;1
9/09_00218.jpg;52;1
9/09_00219.jpg;52;1
9/09_00220.jpg;52;1
9/09_00221.jpg;52;1
9/09_00222.jpg;52;1
9/09_00223.jpg;52;1
9/09_00224.jpg;52;1
9/09_00225.jpg;52;1
9/09_00226.jpg;52;1
9/09_00227.jpg;52;1
9/09_00228.jpg;52;1
9/09_00229.jpg;52;1
9/09_00230.jpg;52;1
9/09_00231.jpg;52;1
9/09_00232.jpg;52;1
9/09_00233.jpg;52;1
9/09_00234.jpg;52;1
9/09_00235.jpg;52;1
9/09_00236.jpg;52;1
9/09_00237.jpg;52;1
9/09_00238.jpg;52;1
9/09_00239.jpg;52;1
9/09_00240.jpg;52;1
9/09_00241.jpg;52;1
9/09_00242.jpg;52;1
9/09_00243.jpg;52;1
9/09_00244.jpg;52;1
9/09_00245.jpg;52;1
9/09_00246.jpg;52;1
9/09_00247.jpg;52;1
9/09_00248.jpg;52;1
9/09_00249.jpg;52;1
9/09_00250.jpg;52;1
9/09_00251.jpg;52;1
9/09_00252.jpg;52;1
9/09_00253.jpg;52;1
9/09_00254.jpg;52;1
9/09_00255.jpg;52;1
9/09_00256.jpg;52;1
9/09_00257.jpg;52;1
9/09_00258.jpg;52;1
9/09_00259.jpg;52;1
9/09_00260.jpg;52;1
9/09_00261.jpg;52;1
9/09_00262.jpg;52;1
9/09_00263.jpg;52;1
9/09_00264.jpg;52;1
9/09_00265.jpg;52;1
9/09_00266.jpg;52;1
9/09_00267.jpg;52;1
9/09_00268.jpg;52;1
9/09_00269.jpg;52;1
9/09_00270.jpg;52;1
10/10_00001.jpg;53;1
10/10_00002.jpg;53;1
10/10_00003.jpg;53;1
10/10_00004.jpg;53;1
10/10_00005.jpg;53;1
10/10_00006.jpg;53;1
10/10_00007.jpg;53;1
10/10_00008.jpg;53;1
10/10_00009.jpg;53;1
10/10_00010.jpg;53;1
10/10_00011.jpg;53;1
10/10_00012.jpg;53;1
10/10_00013.jpg;53;1
10/10_00014.jpg;53;1
10/10_00015.jpg;53;1
10/10_00016.jpg;53;1
10/10_00017.jpg;53;1
10/10_00018.jpg;53;1
10/10_00019.jpg;53;1
10/10_00020.jpg;53;1
10/10_00021.jpg;53;1
10/10_00022.jpg;53;1
10/10_00023.jpg;53;1
10/10_00024.jpg;53;1
10/10_00025.jpg;53;1
10/10_00026.jpg;53;1
10/10_00027.jpg;53;1
10/10_00028.jpg;53;1
10/10_00029.jpg;53;1
10/10_00030.jpg;53;1
10/10_00031.jpg;53;1
10/10_00032.jpg;53;1
10/10_00033.jpg;53;1
10/10_00034.jpg;53;1
10/10_00035.jpg;53;1
10/10_00036.jpg;53;1
10/10_00037.jpg;53;1
10/10_00038.jpg;53;1
10/10_00039.jpg;53;1
10/10_00040.jpg;53;1
10/10_00041.jpg;53;1
10/10_00042.jpg;53;1
10/10_00043.jpg;53;1
10/10_00044.jpg;53;1
10/10_00045.jpg;53;1
10/10_00046.jpg;53;1
10/10_00047.jpg;53;1
10/10_00048.jpg;53;1
10/10_00049.jpg;53;1
10/10_00050.jpg;53;1
10/10_00051.jpg;53;1
10/10_00052.jpg;53;1
10/10_00053.jpg;53;1
10/10_00054.jpg;53;1
10/10_00055.jpg;53;1
10/10_00056.jpg;53;1
10/10_00057.jpg;53;1
10/10_00058.jpg;53;1
10/10_00059.jpg;53;1
10/10_00060.jpg;53;1
10/10_00061.jpg;53;1
10/10_00062.jpg;53;1
10/10_00063.jpg;53;1
10/10_00064.jpg;53;1
10/10_00065.jpg;53;1
10/10_00066.jpg;53;1
10/10_00067.jpg;53;1
10/10_00068.jpg;53;1
10/10_00069.jpg;53;1
10/10_00070.jpg;53;1
10/10_00071.jpg;53;1
10/10_00072.jpg;53;1
10/10_00073.jpg;53;1
10/10_00074.jpg;53;1
10/10_00075.jpg;53;1
10/10_00076.jpg;53;1
10/10_00077.jpg;53;1
10/10_00078.jpg;53;1
10/10_00079.jpg;53;1
10/10_00080.jpg;53;1
10/10_00081.jpg;53;1
10/10_00082.jpg;53;1
10/10_00083.jpg;53;1
10/10_00084.jpg;53;1
10/10_00085.jpg;53;1
10/10_00086.jpg;53;1
10/10_00087.jpg;53;1
10/10_00088.jpg;53;1
10/10_00089.jpg;53;1
10/10_00090.jpg;53;1
10/10_00091.jpg;53;1
10/10_00092.jpg;53;1
10/10_00093.jpg;53;1
10/10_00094.jpg;53;1
10/10_00095.jpg;53;1
10/10_00096.jpg;53;1
10/10_00097.jpg;53;1
10/10_00098.jpg;53;1
10/10_00099.jpg;53;1
10/10_00100.jpg;53;1
10/10_00101.jpg;53;1
10/10_00102.jpg;53;1
10/10_00103.jpg;53;1
10/10_00104.jpg;53;1
10/10_00105.jpg;53;1
10/10_00106.jpg;53;1
10/10_00107.jpg;53;1
10/10_00108.jpg;53;1
10/10_00109.jpg;53;1
10/10_00110.jpg;53;1
10/10_00111.jpg;53;1
10/10_00112.jpg;53;1
10/10_00113.jpg;53;1
10/10_00114.jpg;53;1
10/10_00115.jpg;53;1
10/10_00116.jpg;53;1
10/10_00117.jpg;53;1
10/10_00118.jpg;53;1
10/10_00119.jpg;53;1
10/10_00120.jpg;53;1
10/10_00121.jpg;53;1
10/10_00122.jpg;53;1
10/10_00123.jpg;53;1
10/10_00124.jpg;53;1
10/10_00125.jpg;53;1
10/10_00126.jpg;53;1
10/10_00127.jpg;53;1
10/10_00128.jpg;53;1
10/10_00129.jpg;53;1
10/10_00130.jpg;53;1
10/10_00131.jpg;53;1
10/10_00132.jpg;53;1
10/10_00133.jpg;53;1
10/10_00134.jpg;53;1
10/10_00135.jpg;53;1
10/10_00136.jpg;53;1
10/10_00137.jpg;53;1
10/10_00138.jpg;53;1
10/10_00139.jpg;53;1
10/10_00140.jpg;53;1
10/10_00141.jpg;53;1
10/10_00142.jpg;53;1
10/10_00143.jpg;53;1
10/10_00144.jpg;53;1
10/10_00145.jpg;53;1
10/10_00146.jpg;53;1
10/10_00147.jpg;53;1
10/10_00148.jpg;53;1
10/10_00149.jpg;53;1
10/10_00150.jpg;53;1
10/10_00151.jpg;53;1
10/10_00152.jpg;53;1
10/10_00153.jpg;53;1
10/10_00154.jpg;53;1
10/10_00155.jpg;53;1
10/10_00156.jpg;53;1
10/10_00157.jpg;53;1
10/10_00158.jpg;53;1
10/10_00159.jpg;53;1
10/10_00160.jpg;53;1
10/10_00161.jpg;53;1
10/10_00162.jpg;53;1
10/10_00163.jpg;53;1
10/10_00164.jpg;53;1
10/10_00165.jpg;53;1
10/10_00166.jpg;53;1
10/10_00167.jpg;53;1
10/10_00168.jpg;53;1
10/10_00169.jpg;53;1
10/10_00170.jpg;53;1
10/10_00171.jpg;53;1
10/10_00172.jpg;53;1
10/10_00173.jpg;53;1
10/10_00174.jpg;53;1
10/10_00175.jpg;53;1
10/10_00176.jpg;53;1
10/10_00177.jpg;53;1
10/10_00178.jpg;53;1
10/10_00179.jpg;53;1
10/10_00180.jpg;53;1
10/10_00181.jpg;53;1
10/10_00182.jpg;53;1
10/10_00183.jpg;53;1
10/10_00184.jpg;53;1
10/10_00185.jpg;53;1
10/10_00186.jpg;53;1
10/10_00187.jpg;53;1
10/10_00188.jpg;53;1
10/10_00189.jpg;53;1
10/10_00190.jpg;53;1
10/10_00191.jpg;53;1
10/10_00192.jpg;53;1
10/10_00193.jpg;53;1
10/10_00194.jpg;53;1
10/10_00195.jpg;53;1
10/10_00196.jpg;53;1
10/10_00197.jpg;53;1
10/10_00198.jpg;53;1
10/10_00199.jpg;53;1
10/10_00200.jpg;53;1
10/10_00201.jpg;53;1
10/10_00202.jpg;53;1
10/10_00203.jpg;53;1
10/10_00204.jpg;53;1
10/10_00205.jpg;53;1
10/10_00206.jpg;53;1
10/10_00207.jpg;53;1
10/10_00208.jpg;53;1
10/10_00209.jpg;53;1
10/10_00210.jpg;53;1
10/10_00211.jpg;53;1
10/10_00212.jpg;53;1
10/10_00213.jpg;53;1
10/10_00214.jpg;53;1
10/10_00215.jpg;53;1
10/10_00216.jpg;53;1
10/10_00217.jpg;53;1
10/10_00218.jpg;53;1
10/10_00219.jpg;53;1
10/10_00220.jpg;53;1
10/10_00221.jpg;53;1
10/10_00222.jpg;53;1
10/10_00223.jpg;53;1
10/10_00224.jpg;53;1
10/10_00225.jpg;53;1
10/10_00226.jpg;53;1
10/10_00227.jpg;53;1
10/10_00228.jpg;53;1
10/10_00229.jpg;53;1
10/10_00230.jpg;53;1
10/10_00231.jpg;53;1
10/10_00232.jpg;53;1
10/10_00233.jpg;53;1
10/10_00234.jpg;53;1
10/10_00235.jpg;53;1
10/10_00236.jpg;53;1
10/10_00237.jpg;53;1
10/10_00238.jpg;53;1
10/10_00239.jpg;53;1
10/10_00240.jpg;53;1
10/10_00241.jpg;53;1
10/10_00242.jpg;53;1
10/10_00243.jpg;53;1
10/10_00244.jpg;53;1
10/10_00245.jpg;53;1
10/10_00246.jpg;53;1
10/10_00247.jpg;53;1
10/10_00248.jpg;53;1
10/10_00249.jpg;53;1
10/10_00250.jpg;53;1
10/10_00251.jpg;53;1
10/10_00252.jpg;53;1
10/10_00253.jpg;53;1
10/10_00254.jpg;53;1
10/10_00255.jpg;53;1
10/10_00256.jpg;53;1
10/10_00257.jpg;53;1
10/10_00258.jpg;53;1
10/10_00259.jpg;53;1
10/10_00260.jpg;53;1
10/10_00261.jpg;53;1
10/10_00262.jpg;53;1
10/10_00263.jpg;53;1
10/10_00264.jpg;53;1
10/10_00265.jpg;53;1
10/10_00266.jpg;53;1
10/10_00267.jpg;53;1
10/10_00268.jpg;53;1
10/10_00269.jpg;53;1
10/10_00270.jpg;53;1
10/10_00271.jpg;53;1
10/10_00272.jpg;53;1
10/10_00273.jpg;53;1
10/10_00274.jpg;53;1
10/10_00275.jpg;53;1
10/10_00276.jpg;53;1
10/10_00277.jpg;53;1
10/10_00278.jpg;53;1
10/10_00279.jpg;53;1
10/10_00280.jpg;53;1
10/10_00281.jpg;53;1
10/10_00282.jpg;53;1
10/10_00283.jpg;53;1
10/10_00284.jpg;53;1
10/10_00285.jpg;53;1
10/10_00286.jpg;53;1
10/10_00287.jpg;53;1
10/10_00288.jpg;53;1
10/10_00289.jpg;53;1
10/10_00290.jpg;53;1
10/10_00291.jpg;53;1
10/10_00292.jpg;53;1
10/10_00293.jpg;53;1
10/10_00294.jpg;53;1
10/10_00295.jpg;53;1
10/10_00296.jpg;53;1
10/10_00297.jpg;53;1
10/10_00298.jpg;53;1
10/10_00299.jpg;53;1
10/10_00300.jpg;53;1
10/10_00301.jpg;53;1
10/10_00302.jpg;53;1
10/10_00303.jpg;53;1
10/10_00304.jpg;53;1
10/10_00305.jpg;53;1
10/10_00306.jpg;53;1
10/10_00307.jpg;53;1
10/10_00308.jpg;53;1
10/10_00309.jpg;53;1
10/10_00310.jpg;53;1
10/10_00311.jpg;53;1
10/10_00312.jpg;53;1
10/10_00313.jpg;53;1
10/10_00314.jpg;53;1
10/10_00315.jpg;53;1
10/10_00316.jpg;53;1
10/10_00317.jpg;53;1
10/10_00318.jpg;53;1
10/10_00319.jpg;53;1
10/10_00320.jpg;53;1
10/10_00321.jpg;53;1
10/10_00322.jpg;53;1
10/10_00323.jpg;53;1
10/10_00324.jpg;53;1
10/10_00325.jpg;53;1
10/10_00326.jpg;53;1
10/10_00327.jpg;53;1
10/10_00328.jpg;53;1
10/10_00329.jpg;53;1
10/10_00330.jpg;53;1
10/10_00331.jpg;53;1
10/10_00332.jpg;53;1
10/10_00333.jpg;53;1
10/10_00334.jpg;53;1
10/10_00335.jpg;53;1
10/10_00336.jpg;53;1
10/10_00337.jpg;53;1
10/10_00338.jpg;53;1
10/10_00339.jpg;53;1
10/10_00340.jpg;53;1
10/10_00341.jpg;53;1
10/10_00342.jpg;53;1
10/10_00343.jpg;53;1
10/10_00344.jpg;53;1
10/10_00345.jpg;53;1
10/10_00346.jpg;53;1
10/10_00347.jpg;53;1
10/10_00348.jpg;53;1
10/10_00349.jpg;53;1
10/10_00350.jpg;53;1
10/10_00351.jpg;53;1
10/10_00352.jpg;53;1
10/10_00353.jpg;53;1
10/10_00354.jpg;53;1
10/10_00355.jpg;53;1
10/10_00356.jpg;53;1
10/10_00357.jpg;53;1
10/10_00358.jpg;53;1
10/10_00359.jpg;53;1
10/10_00360.jpg;53;1
10/10_00361.jpg;53;1
10/10_00362.jpg;53;1
10/10_00363.jpg;53;1
10/10_00364.jpg;53;1
10/10_00365.jpg;53;1
10/10_00366.jpg;53;1
10/10_00367.jpg;53;1
10/10_00368.jpg;53;1
10/10_00369.jpg;53;1
10/10_00370.jpg;53;1
10/10_00371.jpg;53;1
10/10_00372.jpg;53;1
10/10_00373.jpg;53;1
10/10_00374.jpg;53;1
10/10_00375.jpg;53;1
10/10_00376.jpg;53;1
10/10_00377.jpg;53;1
10/10_00378.jpg;53;1
10/10_00379.jpg;53;1
10/10_00380.jpg;53;1
10/10_00381.jpg;53;1
10/10_00382.jpg;53;1
10/10_00383.jpg;53;1
10/10_00384.jpg;53;1
10/10_00385.jpg;53;1
10/10_00386.jpg;53;1
10/10_00387.jpg;53;1
10/10_00388.jpg;53;1
10/10_00389.jpg;53;1
10/10_00390.jpg;53;1
10/10_00391.jpg;53;1
10/10_00392.jpg;53;1
10/10_00393.jpg;53;1
10/10_00394.jpg;53;1
10/10_00395.jpg;53;1
10/10_00396.jpg;53;1
10/10_00397.jpg;53;1
10/10_00398.jpg;53;1
10/10_00399.jpg;53;1
10/10_00400.jpg;53;1
10/10_00401.jpg;53;1
10/10_00402.jpg;53;1
10/10_00403.jpg;53;1
10/10_00404.jpg;53;1
10/10_00405.jpg;53;1
10/10_00406.jpg;53;1
10/10_00407.jpg;53;1
10/10_00408.jpg;53;1
10/10_00409.jpg;53;1
10/10_00410.jpg;53;1
10/10_00411.jpg;53;1
10/10_00412.jpg;53;1
10/10_00413.jpg;53;1
10/10_00414.jpg;53;1
10/10_00415.jpg;53;1
10/10_00416.jpg;53;1
10/10_00417.jpg;53;1
10/10_00418.jpg;53;1
10/10_00419.jpg;53;1
10/10_00420.jpg;53;1
10/10_00421.jpg;53;1
10/10_00422.jpg;53;1
10/10_00423.jpg;53;1
10/10_00424.jpg;53;1
10/10_00425.jpg;53;1
10/10_00426.jpg;53;1
10/10_00427.jpg;53;1
10/10_00428.jpg;53;1
10/10_00429.jpg;53;1
10/10_00430.jpg;53;1
10/10_00431.jpg;53;1
10/10_00432.jpg;53;1
10/10_00433.jpg;53;1
10/10_00434.jpg;53;1
10/10_00435.jpg;53;1
10/10_00436.jpg;53;1
10/10_00437.jpg;53;1
10/10_00438.jpg;53;1
10/10_00439.jpg;53;1
10/10_00440.jpg;53;1
10/10_00441.jpg;53;1
10/10_00442.jpg;53;1
10/10_00443.jpg;53;1
10/10_00444.jpg;53;1
10/10_00445.jpg;53;1
10/10_00446.jpg;53;1
10/10_00447.jpg;53;1
10/10_00448.jpg;53;1
10/10_00449.jpg;53;1
10/10_00450.jpg;53;1
10/10_00451.jpg;53;1
10/10_00452.jpg;53;1
10/10_00453.jpg;53;1
10/10_00454.jpg;53;1
10/10_00455.jpg;53;1
10/10_00456.jpg;53;1
10/10_00457.jpg;53;1
10/10_00458.jpg;53;1
10/10_00459.jpg;53;1
10/10_00460.jpg;53;1
10/10_00461.jpg;53;1
10/10_00462.jpg;53;1
10/10_00463.jpg;53;1
10/10_00464.jpg;53;1
10/10_00465.jpg;53;1
10/10_00466.jpg;53;1
10/10_00467.jpg;53;1
10/10_00468.jpg;53;1
10/10_00469.jpg;53;1
10/10_00470.jpg;53;1
10/10_00471.jpg;53;1
10/10_00472.jpg;53;1
10/10_00473.jpg;53;1
10/10_00474.jpg;53;1
10/10_00475.jpg;53;1
10/10_00476.jpg;53;1
10/10_00477.jpg;53;1
11/11_00001.jpg;54;1
11/11_00002.jpg;54;1
11/11_00003.jpg;54;1
11/11_00004.jpg;54;1
11/11_00005.jpg;54;1
11/11_00006.jpg;54;1
11/11_00007.jpg;54;1
11/11_00008.jpg;54;1
11/11_00009.jpg;54;1
11/11_00010.jpg;54;1
11/11_00011.jpg;54;1
11/11_00012.jpg;54;1
11/11_00013.jpg;54;1
11/11_00014.jpg;54;1
11/11_00015.jpg;54;1
11/11_00016.jpg;54;1
11/11_00017.jpg;54;1
11/11_00018.jpg;54;1
11/11_00019.jpg;54;1
11/11_00020.jpg;54;1
11/11_00021.jpg;54;1
11/11_00022.jpg;54;1
11/11_00023.jpg;54;1
11/11_00024.jpg;54;1
11/11_00025.jpg;54;1
11/11_00026.jpg;54;1
11/11_00027.jpg;54;1
11/11_00028.jpg;54;1
11/11_00029.jpg;54;1
11/11_00030.jpg;54;1
11/11_00031.jpg;54;1
11/11_00032.jpg;54;1
11/11_00033.jpg;54;1
11/11_00034.jpg;54;1
11/11_00035.jpg;54;1
11/11_00036.jpg;54;1
11/11_00037.jpg;54;1
11/11_00038.jpg;54;1
11/11_00039.jpg;54;1
11/11_00040.jpg;54;1
11/11_00041.jpg;54;1
11/11_00042.jpg;54;1
11/11_00043.jpg;54;1
11/11_00044.jpg;54;1
11/11_00045.jpg;54;1
11/11_00046.jpg;54;1
11/11_00047.jpg;54;1
11/11_00048.jpg;54;1
11/11_00049.jpg;54;1
11/11_00050.jpg;54;1
11/11_00051.jpg;54;1
11/11_00052.jpg;54;1
11/11_00053.jpg;54;1
11/11_00054.jpg;54;1
11/11_00055.jpg;54;1
11/11_00056.jpg;54;1
11/11_00057.jpg;54;1
11/11_00058.jpg;54;1
11/11_00059.jpg;54;1
11/11_00060.jpg;54;1
11/11_00061.jpg;54;1
11/11_00062.jpg;54;1
11/11_00063.jpg;54;1
11/11_00064.jpg;54;1
11/11_00065.jpg;54;1
11/11_00066.jpg;54;1
11/11_00067.jpg;54;1
11/11_00068.jpg;54;1
11/11_00069.jpg;54;1
11/11_00070.jpg;54;1
11/11_00071.jpg;54;1
11/11_00072.jpg;54;1
11/11_00073.jpg;54;1
11/11_00074.jpg;54;1
11/11_00075.jpg;54;1
11/11_00076.jpg;54;1
11/11_00077.jpg;54;1
11/11_00078.jpg;54;1
11/11_00079.jpg;54;1
11/11_00080.jpg;54;1
11/11_00081.jpg;54;1
11/11_00082.jpg;54;1
11/11_00083.jpg;54;1
11/11_00084.jpg;54;1
11/11_00085.jpg;54;1
11/11_00086.jpg;54;1
11/11_00087.jpg;54;1
11/11_00088.jpg;54;1
11/11_00089.jpg;54;1
11/11_00090.jpg;54;1
11/11_00091.jpg;54;1
11/11_00092.jpg;54;1
11/11_00093.jpg;54;1
11/11_00094.jpg;54;1
11/11_00095.jpg;54;1
11/11_00096.jpg;54;1
11/11_00097.jpg;54;1
11/11_00098.jpg;54;1
11/11_00099.jpg;54;1
11/11_00100.jpg;54;1
11/11_00101.jpg;54;1
11/11_00102.jpg;54;1
11/11_00103.jpg;54;1
11/11_00104.jpg;54;1
11/11_00105.jpg;54;1
11/11_00106.jpg;54;1
11/11_00107.jpg;54;1
11/11_00108.jpg;54;1
11/11_00109.jpg;54;1
11/11_00110.jpg;54;1
11/11_00111.jpg;54;1
11/11_00112.jpg;54;1
11/11_00113.jpg;54;1
11/11_00114.jpg;54;1
11/11_00115.jpg;54;1
11/11_00116.jpg;54;1
11/11_00117.jpg;54;1
11/11_00118.jpg;54;1
11/11_00119.jpg;54;1
11/11_00120.jpg;54;1
11/11_00121.jpg;54;1
11/11_00122.jpg;54;1
11/11_00123.jpg;54;1
11/11_00124.jpg;54;1
11/11_00125.jpg;54;1
11/11_00126.jpg;54;1
11/11_00127.jpg;54;1
11/11_00128.jpg;54;1
11/11_00129.jpg;54;1
11/11_00130.jpg;54;1
11/11_00131.jpg;54;1
11/11_00132.jpg;54;1
11/11_00133.jpg;54;1
11/11_00134.jpg;54;1
11/11_00135.jpg;54;1
11/11_00136.jpg;54;1
11/11_00137.jpg;54;1
11/11_00138.jpg;54;1
11/11_00139.jpg;54;1
11/11_00140.jpg;54;1
11/11_00141.jpg;54;1
11/11_00142.jpg;54;1
11/11_00143.jpg;54;1
11/11_00144.jpg;54;1
11/11_00145.jpg;54;1
11/11_00146.jpg;54;1
11/11_00147.jpg;54;1
11/11_00148.jpg;54;1
12/12_00001.jpg;55;1
12/12_00002.jpg;55;1
12/12_00003.jpg;55;1
12/12_00004.jpg;55;1
12/12_00005.jpg;55;1
12/12_00006.jpg;55;1
12/12_00007.jpg;55;1
12/12_00008.jpg;55;1
12/12_00009.jpg;55;1
12/12_00010.jpg;55;1
12/12_00011.jpg;55;1
12/12_00012.jpg;55;1
12/12_00013.jpg;55;1
12/12_00014.jpg;55;1
12/12_00015.jpg;55;1
12/12_00016.jpg;55;1
12/12_00017.jpg;55;1
12/12_00018.jpg;55;1
12/12_00019.jpg;55;1
12/12_00020.jpg;55;1
12/12_00021.jpg;55;1
12/12_00022.jpg;55;1
12/12_00023.jpg;55;1
12/12_00024.jpg;55;1
12/12_00025.jpg;55;1
12/12_00026.jpg;55;1
12/12_00027.jpg;55;1
12/12_00028.jpg;55;1
12/12_00029.jpg;55;1
12/12_00030.jpg;55;1
12/12_00031.jpg;55;1
12/12_00032.jpg;55;1
12/12_00033.jpg;55;1
12/12_00034.jpg;55;1
12/12_00035.jpg;55;1
12/12_00036.jpg;55;1
12/12_00037.jpg;55;1
12/12_00038.jpg;55;1
12/12_00039.jpg;55;1
12/12_00040.jpg;55;1
12/12_00041.jpg;55;1
12/12_00042.jpg;55;1
12/12_00043.jpg;55;1
12/12_00044.jpg;55;1
12/12_00045.jpg;55;1
12/12_00046.jpg;55;1
12/12_00047.jpg;55;1
12/12_00048.jpg;55;1
12/12_00049.jpg;55;1
12/12_00050.jpg;55;1
12/12_00051.jpg;55;1
12/12_00052.jpg;55;1
12/12_00053.jpg;55;1
12/12_00054.jpg;55;1
12/12_00055.jpg;55;1
12/12_00056.jpg;55;1
12/12_00057.jpg;55;1
12/12_00058.jpg;55;1
12/12_00059.jpg;55;1
12/12_00060.jpg;55;1
12/12_00061.jpg;55;1
12/12_00062.jpg;55;1
12/12_00063.jpg;55;1
12/12_00064.jpg;55;1
12/12_00065.jpg;55;1
12/12_00066.jpg;55;1
12/12_00067.jpg;55;1
12/12_00068.jpg;55;1
12/12_00069.jpg;55;1
12/12_00070.jpg;55;1
12/12_00071.jpg;55;1
12/12_00072.jpg;55;1
12/12_00073.jpg;55;1
12/12_00074.jpg;55;1
12/12_00075.jpg;55;1
12/12_00076.jpg;55;1
12/12_00077.jpg;55;1
12/12_00078.jpg;55;1
12/12_00079.jpg;55;1
12/12_00080.jpg;55;1
12/12_00081.jpg;55;1
12/12_00082.jpg;55;1
12/12_00083.jpg;55;1
12/12_00084.jpg;55;1
12/12_00085.jpg;55;1
12/12_00086.jpg;55;1
12/12_00087.jpg;55;1
12/12_00088.jpg;55;1
12/12_00089.jpg;55;1
12/12_00090.jpg;55;1
12/12_00091.jpg;55;1
12/12_00092.jpg;55;1
12/12_00093.jpg;55;1
12/12_00094.jpg;55;1
12/12_00095.jpg;55;1
12/12_00096.jpg;55;1
12/12_00097.jpg;55;1
12/12_00098.jpg;55;1
12/12_00099.jpg;55;1
12/12_00100.jpg;55;1
12/12_00101.jpg;55;1
12/12_00102.jpg;55;1
12/12_00103.jpg;55;1
12/12_00104.jpg;55;1
12/12_00105.jpg;55;1
12/12_00106.jpg;55;1
12/12_00107.jpg;55;1
12/12_00108.jpg;55;1
12/12_00109.jpg;55;1
12/12_00110.jpg;55;1
12/12_00111.jpg;55;1
12/12_00112.jpg;55;1
12/12_00113.jpg;55;1
12/12_00114.jpg;55;1
12/12_00115.jpg;55;1
12/12_00116.jpg;55;1
12/12_00117.jpg;55;1
12/12_00118.jpg;55;1
12/12_00119.jpg;55;1
12/12_00120.jpg;55;1
12/12_00121.jpg;55;1
12/12_00122.jpg;55;1
12/12_00123.jpg;55;1
12/12_00124.jpg;55;1
12/12_00125.jpg;55;1
12/12_00126.jpg;55;1
12/12_00127.jpg;55;1
12/12_00128.jpg;55;1
12/12_00129.jpg;55;1
12/12_00130.jpg;55;1
12/12_00131.jpg;55;1
12/12_00132.jpg;55;1
12/12_00133.jpg;55;1
12/12_00134.jpg;55;1
12/12_00135.jpg;55;1
12/12_00136.jpg;55;1
12/12_00137.jpg;55;1
12/12_00138.jpg;55;1
12/12_00139.jpg;55;1
12/12_00140.jpg;55;1
12/12_00141.jpg;55;1
12/12_00142.jpg;55;1
12/12_00143.jpg;55;1
12/12_00144.jpg;55;1
12/12_00145.jpg;55;1
12/12_00146.jpg;55;1
12/12_00147.jpg;55;1
12/12_00148.jpg;55;1
12/12_00149.jpg;55;1
12/12_00150.jpg;55;1
12/12_00151.jpg;55;1
12/12_00152.jpg;55;1
12/12_00153.jpg;55;1
12/12_00154.jpg;55;1
12/12_00155.jpg;55;1
12/12_00156.jpg;55;1
12/12_00157.jpg;55;1
12/12_00158.jpg;55;1
12/12_00159.jpg;55;1
12/12_00160.jpg;55;1
12/12_00161.jpg;55;1
12/12_00162.jpg;55;1
12/12_00163.jpg;55;1
12/12_00164.jpg;55;1
12/12_00165.jpg;55;1
12/12_00166.jpg;55;1
12/12_00167.jpg;55;1
12/12_00168.jpg;55;1
12/12_00169.jpg;55;1
12/12_00170.jpg;55;1
12/12_00171.jpg;55;1
12/12_00172.jpg;55;1
12/12_00173.jpg;55;1
12/12_00174.jpg;55;1
12/12_00175.jpg;55;1
12/12_00176.jpg;55;1
12/12_00177.jpg;55;1
12/12_00178.jpg;55;1
12/12_00179.jpg;55;1
12/12_00180.jpg;55;1
12/12_00181.jpg;55;1
12/12_00182.jpg;55;1
12/12_00183.jpg;55;1
12/12_00184.jpg;55;1
12/12_00185.jpg;55;1
12/12_00186.jpg;55;1
12/12_00187.jpg;55;1
12/12_00188.jpg;55;1
12/12_00189.jpg;55;1
12/12_00190.jpg;55;1
12/12_00191.jpg;55;1
12/12_00192.jpg;55;1
12/12_00193.jpg;55;1
12/12_00194.jpg;55;1
12/12_00195.jpg;55;1
12/12_00196.jpg;55;1
12/12_00197.jpg;55;1
12/12_00198.jpg;55;1
12/12_00199.jpg;55;1
12/12_00200.jpg;55;1
12/12_00201.jpg;55;1
12/12_00202.jpg;55;1
12/12_00203.jpg;55;1
12/12_00204.jpg;55;1
12/12_00205.jpg;55;1
12/12_00206.jpg;55;1
12/12_00207.jpg;55;1
12/12_00208.jpg;55;1
12/12_00209.jpg;55;1
12/12_00210.jpg;55;1
12/12_00211.jpg;55;1
12/12_00212.jpg;55;1
12/12_00213.jpg;55;1
12/12_00214.jpg;55;1
12/12_00215.jpg;55;1
12/12_00216.jpg;55;1
12/12_00217.jpg;55;1
12/12_00218.jpg;55;1
12/12_00219.jpg;55;1
12/12_00220.jpg;55;1
12/12_00221.jpg;55;1
12/12_00222.jpg;55;1
12/12_00223.jpg;55;1
12/12_00224.jpg;55;1
12/12_00225.jpg;55;1
12/12_00226.jpg;55;1
12/12_00227.jpg;55;1
12/12_00228.jpg;55;1
12/12_00229.jpg;55;1
12/12_00230.jpg;55;1
12/12_00231.jpg;55;1
12/12_00232.jpg;55;1
12/12_00233.jpg;55;1
12/12_00234.jpg;55;1
12/12_00235.jpg;55;1
12/12_00236.jpg;55;1
12/12_00237.jpg;55;1
12/12_00238.jpg;55;1
12/12_00239.jpg;55;1
12/12_00240.jpg;55;1
12/12_00241.jpg;55;1
12/12_00242.jpg;55;1
12/12_00243.jpg;55;1
12/12_00244.jpg;55;1
12/12_00245.jpg;55;1
12/12_00246.jpg;55;1
12/12_00247.jpg;55;1
12/12_00248.jpg;55;1
12/12_00249.jpg;55;1
12/12_00250.jpg;55;1
13/13_00001.jpg;56;1
13/13_00002.jpg;56;1
13/13_00003.jpg;56;1
13/13_00004.jpg;56;1
13/13_00005.jpg;56;1
13/13_00006.jpg;56;1
13/13_00007.jpg;56;1
13/13_00008.jpg;56;1
13/13_00009.jpg;56;1
13/13_00010.jpg;56;1
13/13_00011.jpg;56;1
13/13_00012.jpg;56;1
13/13_00013.jpg;56;1
13/13_00014.jpg;56;1
13/13_00015.jpg;56;1
13/13_00016.jpg;56;1
13/13_00017.jpg;56;1
13/13_00018.jpg;56;1
13/13_00019.jpg;56;1
13/13_00020.jpg;56;1
13/13_00021.jpg;56;1
13/13_00022.jpg;56;1
13/13_00023.jpg;56;1
13/13_00024.jpg;56;1
13/13_00025.jpg;56;1
13/13_00026.jpg;56;1
13/13_00027.jpg;56;1
13/13_00028.jpg;56;1
13/13_00029.jpg;56;1
13/13_00030.jpg;56;1
13/13_00031.jpg;56;1
13/13_00032.jpg;56;1
13/13_00033.jpg;56;1
13/13_00034.jpg;56;1
13/13_00035.jpg;56;1
13/13_00036.jpg;56;1
13/13_00037.jpg;56;1
13/13_00038.jpg;56;1
13/13_00039.jpg;56;1
13/13_00040.jpg;56;1
13/13_00041.jpg;56;1
13/13_00042.jpg;56;1
13/13_00043.jpg;56;1
13/13_00044.jpg;56;1
13/13_00045.jpg;56;1
13/13_00046.jpg;56;1
13/13_00047.jpg;56;1
13/13_00048.jpg;56;1
13/13_00049.jpg;56;1
13/13_00050.jpg;56;1
13/13_00051.jpg;56;1
13/13_00052.jpg;56;1
13/13_00053.jpg;56;1
13/13_00054.jpg;56;1
13/13_00055.jpg;56;1
13/13_00056.jpg;56;1
13/13_00057.jpg;56;1
13/13_00058.jpg;56;1
13/13_00059.jpg;56;1
13/13_00060.jpg;56;1
13/13_00061.jpg;56;1
13/13_00062.jpg;56;1
13/13_00063.jpg;56;1
13/13_00064.jpg;56;1
13/13_00065.jpg;56;1
13/13_00066.jpg;56;1
13/13_00067.jpg;56;1
13/13_00068.jpg;56;1
13/13_00069.jpg;56;1
13/13_00070.jpg;56;1
13/13_00071.jpg;56;1
13/13_00072.jpg;56;1
13/13_00073.jpg;56;1
13/13_00074.jpg;56;1
13/13_00075.jpg;56;1
13/13_00076.jpg;56;1
13/13_00077.jpg;56;1
13/13_00078.jpg;56;1
13/13_00079.jpg;56;1
13/13_00080.jpg;56;1
13/13_00081.jpg;56;1
13/13_00082.jpg;56;1
13/13_00083.jpg;56;1
13/13_00084.jpg;56;1
13/13_00085.jpg;56;1
13/13_00086.jpg;56;1
13/13_00087.jpg;56;1
13/13_00088.jpg;56;1
13/13_00089.jpg;56;1
13/13_00090.jpg;56;1
13/13_00091.jpg;56;1
13/13_00092.jpg;56;1
13/13_00093.jpg;56;1
13/13_00094.jpg;56;1
13/13_00095.jpg;56;1
13/13_00096.jpg;56;1
13/13_00097.jpg;56;1
13/13_00098.jpg;56;1
13/13_00099.jpg;56;1
13/13_00100.jpg;56;1
13/13_00101.jpg;56;1
13/13_00102.jpg;56;1
13/13_00103.jpg;56;1
13/13_00104.jpg;56;1
13/13_00105.jpg;56;1
13/13_00106.jpg;56;1
13/13_00107.jpg;56;1
13/13_00108.jpg;56;1
13/13_00109.jpg;56;1
13/13_00110.jpg;56;1
13/13_00111.jpg;56;1
13/13_00112.jpg;56;1
13/13_00113.jpg;56;1
13/13_00114.jpg;56;1
13/13_00115.jpg;56;1
13/13_00116.jpg;56;1
13/13_00117.jpg;56;1
13/13_00118.jpg;56;1
13/13_00119.jpg;56;1
13/13_00120.jpg;56;1
13/13_00121.jpg;56;1
13/13_00122.jpg;56;1
13/13_00123.jpg;56;1
13/13_00124.jpg;56;1
13/13_00125.jpg;56;1
13/13_00126.jpg;56;1
13/13_00127.jpg;56;1
13/13_00128.jpg;56;1
13/13_00129.jpg;56;1
13/13_00130.jpg;56;1
13/13_00131.jpg;56;1
13/13_00132.jpg;56;1
13/13_00133.jpg;56;1
13/13_00134.jpg;56;1
13/13_00135.jpg;56;1
13/13_00136.jpg;56;1
13/13_00137.jpg;56;1
13/13_00138.jpg;56;1
13/13_00139.jpg;56;1
13/13_00140.jpg;56;1
13/13_00141.jpg;56;1
13/13_00142.jpg;56;1
13/13_00143.jpg;56;1
13/13_00144.jpg;56;1
13/13_00145.jpg;56;1
13/13_00146.jpg;56;1
13/13_00147.jpg;56;1
13/13_00148.jpg;56;1
13/13_00149.jpg;56;1
13/13_00150.jpg;56;1
13/13_00151.jpg;56;1
13/13_00152.jpg;56;1
13/13_00153.jpg;56;1
13/13_00154.jpg;56;1
13/13_00155.jpg;56;1
13/13_00156.jpg;56;1
13/13_00157.jpg;56;1
13/13_00158.jpg;56;1
13/13_00159.jpg;56;1
13/13_00160.jpg;56;1
13/13_00161.jpg;56;1
13/13_00162.jpg;56;1
13/13_00163.jpg;56;1
13/13_00164.jpg;56;1
13/13_00165.jpg;56;1
13/13_00166.jpg;56;1
13/13_00167.jpg;56;1
13/13_00168.jpg;56;1
13/13_00169.jpg;56;1
13/13_00170.jpg;56;1
13/13_00171.jpg;56;1
13/13_00172.jpg;56;1
13/13_00173.jpg;56;1
13/13_00174.jpg;56;1
13/13_00175.jpg;56;1
13/13_00176.jpg;56;1
13/13_00177.jpg;56;1
13/13_00178.jpg;56;1
13/13_00179.jpg;56;1
13/13_00180.jpg;56;1
13/13_00181.jpg;56;1
13/13_00182.jpg;56;1
13/13_00183.jpg;56;1
13/13_00184.jpg;56;1
13/13_00185.jpg;56;1
13/13_00186.jpg;56;1
13/13_00187.jpg;56;1
13/13_00188.jpg;56;1
13/13_00189.jpg;56;1
13/13_00190.jpg;56;1
13/13_00191.jpg;56;1
13/13_00192.jpg;56;1
13/13_00193.jpg;56;1
13/13_00194.jpg;56;1
13/13_00195.jpg;56;1
13/13_00196.jpg;56;1
13/13_00197.jpg;56;1
13/13_00198.jpg;56;1
13/13_00199.jpg;56;1
13/13_00200.jpg;56;1
13/13_00201.jpg;56;1
13/13_00202.jpg;56;1
13/13_00203.jpg;56;1
13/13_00204.jpg;56;1
13/13_00205.jpg;56;1
13/13_00206.jpg;56;1
13/13_00207.jpg;56;1
13/13_00208.jpg;56;1
13/13_00209.jpg;56;1
13/13_00210.jpg;56;1
13/13_00211.jpg;56;1
13/13_00212.jpg;56;1
13/13_00213.jpg;56;1
13/13_00214.jpg;56;1
13/13_00215.jpg;56;1
13/13_00216.jpg;56;1
13/13_00217.jpg;56;1
13/13_00218.jpg;56;1
13/13_00219.jpg;56;1
13/13_00220.jpg;56;1
13/13_00221.jpg;56;1
13/13_00222.jpg;56;1
13/13_00223.jpg;56;1
13/13_00224.jpg;56;1
13/13_00225.jpg;56;1
13/13_00226.jpg;56;1
13/13_00227.jpg;56;1
13/13_00228.jpg;56;1
13/13_00229.jpg;56;1
13/13_00230.jpg;56;1
13/13_00231.jpg;56;1
13/13_00232.jpg;56;1
13/13_00233.jpg;56;1
13/13_00234.jpg;56;1
13/13_00235.jpg;56;1
13/13_00236.jpg;56;1
13/13_00237.jpg;56;1
13/13_00238.jpg;56;1
13/13_00239.jpg;56;1
13/13_00240.jpg;56;1
13/13_00241.jpg;56;1
13/13_00242.jpg;56;1
13/13_00243.jpg;56;1
13/13_00244.jpg;56;1
13/13_00245.jpg;56;1
13/13_00246.jpg;56;1
13/13_00247.jpg;56;1
13/13_00248.jpg;56;1
13/13_00249.jpg;56;1
13/13_00250.jpg;56;1
13/13_00251.jpg;56;1
13/13_00252.jpg;56;1
13/13_00253.jpg;56;1
13/13_00254.jpg;56;1
13/13_00255.jpg;56;1
13/13_00256.jpg;56;1
13/13_00257.jpg;56;1
13/13_00258.jpg;56;1
13/13_00259.jpg;56;1
13/13_00260.jpg;56;1
13/13_00261.jpg;56;1
13/13_00262.jpg;56;1
13/13_00263.jpg;56;1
13/13_00264.jpg;56;1
13/13_00265.jpg;56;1
13/13_00266.jpg;56;1
13/13_00267.jpg;56;1
13/13_00268.jpg;56;1
13/13_00269.jpg;56;1
13/13_00270.jpg;56;1
13/13_00271.jpg;56;1
13/13_00272.jpg;56;1
13/13_00273.jpg;56;1
13/13_00274.jpg;56;1
13/13_00275.jpg;56;1
13/13_00276.jpg;56;1
13/13_00277.jpg;56;1
13/13_00278.jpg;56;1
13/13_00279.jpg;56;1
13/13_00280.jpg;56;1
13/13_00281.jpg;56;1
13/13_00282.jpg;56;1
13/13_00283.jpg;56;1
13/13_00284.jpg;56;1
13/13_00285.jpg;56;1
13/13_00286.jpg;56;1
13/13_00287.jpg;56;1
13/13_00288.jpg;56;1
14/14_00001.jpg;57;1
14/14_00002.jpg;57;1
14/14_00003.jpg;57;1
14/14_00004.jpg;57;1
14/14_00005.jpg;57;1
14/14_00006.jpg;57;1
14/14_00007.jpg;57;1
14/14_00008.jpg;57;1
14/14_00009.jpg;57;1
14/14_00010.jpg;57;1
14/14_00011.jpg;57;1
14/14_00012.jpg;57;1
14/14_00013.jpg;57;1
14/14_00014.jpg;57;1
14/14_00015.jpg;57;1
14/14_00016.jpg;57;1
14/14_00017.jpg;57;1
14/14_00018.jpg;57;1
14/14_00019.jpg;57;1
14/14_00020.jpg;57;1
14/14_00021.jpg;57;1
14/14_00022.jpg;57;1
14/14_00023.jpg;57;1
14/14_00024.jpg;57;1
14/14_00025.jpg;57;1
14/14_00026.jpg;57;1
14/14_00027.jpg;57;1
14/14_00028.jpg;57;1
14/14_00029.jpg;57;1
14/14_00030.jpg;57;1
14/14_00031.jpg;57;1
14/14_00032.jpg;57;1
14/14_00033.jpg;57;1
14/14_00034.jpg;57;1
14/14_00035.jpg;57;1
14/14_00036.jpg;57;1
14/14_00037.jpg;57;1
14/14_00038.jpg;57;1
14/14_00039.jpg;57;1
14/14_00040.jpg;57;1
14/14_00041.jpg;57;1
14/14_00042.jpg;57;1
15/15_00001.jpg;58;1
15/15_00002.jpg;58;1
15/15_00003.jpg;58;1
15/15_00004.jpg;58;1
15/15_00005.jpg;58;1
15/15_00006.jpg;58;1
15/15_00007.jpg;58;1
15/15_00008.jpg;58;1
15/15_00009.jpg;58;1
15/15_00010.jpg;58;1
15/15_00011.jpg;58;1
15/15_00012.jpg;58;1
15/15_00013.jpg;58;1
15/15_00014.jpg;58;1
15/15_00015.jpg;58;1
15/15_00016.jpg;58;1
15/15_00017.jpg;58;1
15/15_00018.jpg;58;1
15/15_00019.jpg;58;1
15/15_00020.jpg;58;1
15/15_00021.jpg;58;1
15/15_00022.jpg;58;1
15/15_00023.jpg;58;1
15/15_00024.jpg;58;1
15/15_00025.jpg;58;1
15/15_00026.jpg;58;1
15/15_00027.jpg;58;1
15/15_00028.jpg;58;1
15/15_00029.jpg;58;1
15/15_00030.jpg;58;1
15/15_00031.jpg;58;1
15/15_00032.jpg;58;1
15/15_00033.jpg;58;1
15/15_00034.jpg;58;1
15/15_00035.jpg;58;1
15/15_00036.jpg;58;1
15/15_00037.jpg;58;1
15/15_00038.jpg;58;1
15/15_00039.jpg;58;1
15/15_00040.jpg;58;1
15/15_00041.jpg;58;1
15/15_00042.jpg;58;1
15/15_00043.jpg;58;1
15/15_00044.jpg;58;1
15/15_00045.jpg;58;1
15/15_00046.jpg;58;1
15/15_00047.jpg;58;1
15/15_00048.jpg;58;1
15/15_00049.jpg;58;1
15/15_00050.jpg;58;1
15/15_00051.jpg;58;1
15/15_00052.jpg;58;1
15/15_00053.jpg;58;1
15/15_00054.jpg;58;1
15/15_00055.jpg;58;1
15/15_00056.jpg;58;1
15/15_00057.jpg;58;1
15/15_00058.jpg;58;1
15/15_00059.jpg;58;1
15/15_00060.jpg;58;1
15/15_00061.jpg;58;1
15/15_00062.jpg;58;1
15/15_00063.jpg;58;1
15/15_00064.jpg;58;1
15/15_00065.jpg;58;1
15/15_00066.jpg;58;1
15/15_00067.jpg;58;1
15/15_00068.jpg;58;1
15/15_00069.jpg;58;1
15/15_00070.jpg;58;1
15/15_00071.jpg;58;1
15/15_00072.jpg;58;1
15/15_00073.jpg;58;1
15/15_00074.jpg;58;1
15/15_00075.jpg;58;1
15/15_00076.jpg;58;1
16/16_00001.jpg;59;1
16/16_00002.jpg;59;1
16/16_00003.jpg;59;1
16/16_00004.jpg;59;1
16/16_00005.jpg;59;1
16/16_00006.jpg;59;1
16/16_00007.jpg;59;1
16/16_00008.jpg;59;1
16/16_00009.jpg;59;1
16/16_00010.jpg;59;1
16/16_00011.jpg;59;1
16/16_00012.jpg;59;1
16/16_00013.jpg;59;1
16/16_00014.jpg;59;1
16/16_00015.jpg;59;1
16/16_00016.jpg;59;1
16/16_00017.jpg;59;1
16/16_00018.jpg;59;1
16/16_00019.jpg;59;1
16/16_00020.jpg;59;1
16/16_00021.jpg;59;1
16/16_00022.jpg;59;1
16/16_00023.jpg;59;1
16/16_00024.jpg;59;1
16/16_00025.jpg;59;1
16/16_00026.jpg;59;1
16/16_00027.jpg;59;1
16/16_00028.jpg;59;1
16/16_00029.jpg;59;1
16/16_00030.jpg;59;1
16/16_00031.jpg;59;1
16/16_00032.jpg;59;1
16/16_00033.jpg;59;1
16/16_00034.jpg;59;1
16/16_00035.jpg;59;1
16/16_00036.jpg;59;1
16/16_00037.jpg;59;1
16/16_00038.jpg;59;1
16/16_00039.jpg;59;1
16/16_00040.jpg;59;1
16/16_00041.jpg;59;1
16/16_00042.jpg;59;1
16/16_00043.jpg;59;1
16/16_00044.jpg;59;1
16/16_00045.jpg;59;1
16/16_00046.jpg;59;1
16/16_00047.jpg;59;1
16/16_00048.jpg;59;1
16/16_00049.jpg;59;1
16/16_00050.jpg;59;1
16/16_00051.jpg;59;1
16/16_00052.jpg;59;1
16/16_00053.jpg;59;1
16/16_00054.jpg;59;1
16/16_00055.jpg;59;1
16/16_00056.jpg;59;1
16/16_00057.jpg;59;1
16/16_00058.jpg;59;1
16/16_00059.jpg;59;1
16/16_00060.jpg;59;1
16/16_00061.jpg;59;1
16/16_00062.jpg;59;1
16/16_00063.jpg;59;1
16/16_00064.jpg;59;1
16/16_00065.jpg;59;1
16/16_00066.jpg;59;1
16/16_00067.jpg;59;1
16/16_00068.jpg;59;1
16/16_00069.jpg;59;1
16/16_00070.jpg;59;1
16/16_00071.jpg;59;1
16/16_00072.jpg;59;1
16/16_00073.jpg;59;1
16/16_00074.jpg;59;1
16/16_00075.jpg;59;1
16/16_00076.jpg;59;1
16/16_00077.jpg;59;1
16/16_00078.jpg;59;1
16/16_00079.jpg;59;1
16/16_00080.jpg;59;1
16/16_00081.jpg;59;1
16/16_00082.jpg;59;1
16/16_00083.jpg;59;1
16/16_00084.jpg;59;1
16/16_00085.jpg;59;1
17/17_00001.jpg;60;1
17/17_00002.jpg;60;1
17/17_00003.jpg;60;1
17/17_00004.jpg;60;1
17/17_00005.jpg;60;1
17/17_00006.jpg;60;1
17/17_00007.jpg;60;1
17/17_00008.jpg;60;1
17/17_00009.jpg;60;1
17/17_00010.jpg;60;1
17/17_00011.jpg;60;1
17/17_00012.jpg;60;1
17/17_00013.jpg;60;1
17/17_00014.jpg;60;1
17/17_00015.jpg;60;1
17/17_00016.jpg;60;1
17/17_00017.jpg;60;1
17/17_00018.jpg;60;1
17/17_00019.jpg;60;1
17/17_00020.jpg;60;1
17/17_00021.jpg;60;1
17/17_00022.jpg;60;1
17/17_00023.jpg;60;1
17/17_00024.jpg;60;1
17/17_00025.jpg;60;1
17/17_00026.jpg;60;1
17/17_00027.jpg;60;1
17/17_00028.jpg;60;1
17/17_00029.jpg;60;1
17/17_00030.jpg;60;1
17/17_00031.jpg;60;1
17/17_00032.jpg;60;1
17/17_00033.jpg;60;1
17/17_00034.jpg;60;1
17/17_00035.jpg;60;1
17/17_00036.jpg;60;1
17/17_00037.jpg;60;1
17/17_00038.jpg;60;1
17/17_00039.jpg;60;1
17/17_00040.jpg;60;1
17/17_00041.jpg;60;1
17/17_00042.jpg;60;1
17/17_00043.jpg;60;1
17/17_00044.jpg;60;1
17/17_00045.jpg;60;1
17/17_00046.jpg;60;1
17/17_00047.jpg;60;1
17/17_00048.jpg;60;1
17/17_00049.jpg;60;1
17/17_00050.jpg;60;1
17/17_00051.jpg;60;1
17/17_00052.jpg;60;1
17/17_00053.jpg;60;1
17/17_00054.jpg;60;1
17/17_00055.jpg;60;1
17/17_00056.jpg;60;1
17/17_00057.jpg;60;1
17/17_00058.jpg;60;1
17/17_00059.jpg;60;1
17/17_00060.jpg;60;1
17/17_00061.jpg;60;1
17/17_00062.jpg;60;1
17/17_00063.jpg;60;1
17/17_00064.jpg;60;1
17/17_00065.jpg;60;1
17/17_00066.jpg;60;1
17/17_00067.jpg;60;1
17/17_00068.jpg;60;1
17/17_00069.jpg;60;1
17/17_00070.jpg;60;1
17/17_00071.jpg;60;1
17/17_00072.jpg;60;1
17/17_00073.jpg;60;1
17/17_00074.jpg;60;1
17/17_00075.jpg;60;1
17/17_00076.jpg;60;1
17/17_00077.jpg;60;1
17/17_00078.jpg;60;1
17/17_00079.jpg;60;1
17/17_00080.jpg;60;1
17/17_00081.jpg;60;1
17/17_00082.jpg;60;1
17/17_00083.jpg;60;1
17/17_00084.jpg;60;1
17/17_00085.jpg;60;1
17/17_00086.jpg;60;1
17/17_00087.jpg;60;1
17/17_00088.jpg;60;1
17/17_00089.jpg;60;1
17/17_00090.jpg;60;1
17/17_00091.jpg;60;1
17/17_00092.jpg;60;1
17/17_00093.jpg;60;1
17/17_00094.jpg;60;1
17/17_00095.jpg;60;1
17/17_00096.jpg;60;1
17/17_00097.jpg;60;1
17/17_00098.jpg;60;1
17/17_00099.jpg;60;1
17/17_00100.jpg;60;1
17/17_00101.jpg;60;1
17/17_00102.jpg;60;1
17/17_00103.jpg;60;1
17/17_00104.jpg;60;1
17/17_00105.jpg;60;1
17/17_00106.jpg;60;1
17/17_00107.jpg;60;1
17/17_00108.jpg;60;1
17/17_00109.jpg;60;1
17/17_00110.jpg;60;1
17/17_00111.jpg;60;1
17/17_00112.jpg;60;1
17/17_00113.jpg;60;1
17/17_00114.jpg;60;1
17/17_00115.jpg;60;1
17/17_00116.jpg;60;1
17/17_00117.jpg;60;1
17/17_00118.jpg;60;1
17/17_00119.jpg;60;1
17/17_00120.jpg;60;1
17/17_00121.jpg;60;1
17/17_00122.jpg;60;1
17/17_00123.jpg;60;1
17/17_00124.jpg;60;1
17/17_00125.jpg;60;1
17/17_00126.jpg;60;1
17/17_00127.jpg;60;1
17/17_00128.jpg;60;1
17/17_00129.jpg;60;1
17/17_00130.jpg;60;1
17/17_00131.jpg;60;1
17/17_00132.jpg;60;1
17/17_00133.jpg;60;1
17/17_00134.jpg;60;1
17/17_00135.jpg;60;1
17/17_00136.jpg;60;1
17/17_00137.jpg;60;1
17/17_00138.jpg;60;1
17/17_00139.jpg;60;1
17/17_00140.jpg;60;1
17/17_00141.jpg;60;1
17/17_00142.jpg;60;1
17/17_00143.jpg;60;1
17/17_00144.jpg;60;1
17/17_00145.jpg;60;1
17/17_00146.jpg;60;1
17/17_00147.jpg;60;1
17/17_00148.jpg;60;1
17/17_00149.jpg;60;1
17/17_00150.jpg;60;1
17/17_00151.jpg;60;1
17/17_00152.jpg;60;1
17/17_00153.jpg;60;1
17/17_00154.jpg;60;1
17/17_00155.jpg;60;1
17/17_00156.jpg;60;1
17/17_00157.jpg;60;1
17/17_00158.jpg;60;1
17/17_00159.jpg;60;1
17/17_00160.jpg;60;1
17/17_00161.jpg;60;1
17/17_00162.jpg;60;1
17/17_00163.jpg;60;1
17/17_00164.jpg;60;1
17/17_00165.jpg;60;1
17/17_00166.jpg;60;1
17/17_00167.jpg;60;1
17/17_00168.jpg;60;1
17/17_00169.jpg;60;1
17/17_00170.jpg;60;1
17/17_00171.jpg;60;1
17/17_00172.jpg;60;1
17/17_00173.jpg;60;1
17/17_00174.jpg;60;1
17/17_00175.jpg;60;1
17/17_00176.jpg;60;1
17/17_00177.jpg;60;1
17/17_00178.jpg;60;1
17/17_00179.jpg;60;1
17/17_00180.jpg;60;1
17/17_00181.jpg;60;1
17/17_00182.jpg;60;1
17/17_00183.jpg;60;1
17/17_00184.jpg;60;1
17/17_00185.jpg;60;1
17/17_00186.jpg;60;1
17/17_00187.jpg;60;1
17/17_00188.jpg;60;1
17/17_00189.jpg;60;1
17/17_00190.jpg;60;1
17/17_00191.jpg;60;1
17/17_00192.jpg;60;1
17/17_00193.jpg;60;1
17/17_00194.jpg;60;1
17/17_00195.jpg;60;1
17/17_00196.jpg;60;1
17/17_00197.jpg;60;1
17/17_00198.jpg;60;1
17/17_00199.jpg;60;1
17/17_00200.jpg;60;1
17/17_00201.jpg;60;1
17/17_00202.jpg;60;1
17/17_00203.jpg;60;1
17/17_00204.jpg;60;1
17/17_00205.jpg;60;1
17/17_00206.jpg;60;1
17/17_00207.jpg;60;1
17/17_00208.jpg;60;1
17/17_00209.jpg;60;1
17/17_00210.jpg;60;1
17/17_00211.jpg;60;1
17/17_00212.jpg;60;1
17/17_00213.jpg;60;1
17/17_00214.jpg;60;1
17/17_00215.jpg;60;1
17/17_00216.jpg;60;1
17/17_00217.jpg;60;1
17/17_00218.jpg;60;1
17/17_00219.jpg;60;1
17/17_00220.jpg;60;1
17/17_00221.jpg;60;1
18/18_00001.jpg;61;1
18/18_00002.jpg;61;1
18/18_00003.jpg;61;1
18/18_00004.jpg;61;1
18/18_00005.jpg;61;1
18/18_00006.jpg;61;1
18/18_00007.jpg;61;1
18/18_00008.jpg;61;1
18/18_00009.jpg;61;1
18/18_00010.jpg;61;1
18/18_00011.jpg;61;1
18/18_00012.jpg;61;1
18/18_00013.jpg;61;1
18/18_00014.jpg;61;1
18/18_00015.jpg;61;1
18/18_00016.jpg;61;1
18/18_00017.jpg;61;1
18/18_00018.jpg;61;1
18/18_00019.jpg;61;1
18/18_00020.jpg;61;1
18/18_00021.jpg;61;1
18/18_00022.jpg;61;1
18/18_00023.jpg;61;1
18/18_00024.jpg;61;1
18/18_00025.jpg;61;1
18/18_00026.jpg;61;1
18/18_00027.jpg;61;1
18/18_00028.jpg;61;1
18/18_00029.jpg;61;1
18/18_00030.jpg;61;1
18/18_00031.jpg;61;1
18/18_00032.jpg;61;1
18/18_00033.jpg;61;1
18/18_00034.jpg;61;1
18/18_00035.jpg;61;1
18/18_00036.jpg;61;1
18/18_00037.jpg;61;1
18/18_00038.jpg;61;1
18/18_00039.jpg;61;1
18/18_00040.jpg;61;1
18/18_00041.jpg;61;1
18/18_00042.jpg;61;1
18/18_00043.jpg;61;1
18/18_00044.jpg;61;1
18/18_00045.jpg;61;1
18/18_00046.jpg;61;1
18/18_00047.jpg;61;1
18/18_00048.jpg;61;1
18/18_00049.jpg;61;1
18/18_00050.jpg;61;1
18/18_00051.jpg;61;1
18/18_00052.jpg;61;1
18/18_00053.jpg;61;1
18/18_00054.jpg;61;1
18/18_00055.jpg;61;1
18/18_00056.jpg;61;1
18/18_00057.jpg;61;1
18/18_00058.jpg;61;1
18/18_00059.jpg;61;1
18/18_00060.jpg;61;1
18/18_00061.jpg;61;1
18/18_00062.jpg;61;1
18/18_00063.jpg;61;1
18/18_00064.jpg;61;1
18/18_00065.jpg;61;1
18/18_00066.jpg;61;1
18/18_00067.jpg;61;1
18/18_00068.jpg;61;1
18/18_00069.jpg;61;1
18/18_00070.jpg;61;1
18/18_00071.jpg;61;1
18/18_00072.jpg;61;1
18/18_00073.jpg;61;1
18/18_00074.jpg;61;1
18/18_00075.jpg;61;1
18/18_00076.jpg;61;1
18/18_00077.jpg;61;1
18/18_00078.jpg;61;1
18/18_00079.jpg;61;1
18/18_00080.jpg;61;1
18/18_00081.jpg;61;1
18/18_00082.jpg;61;1
18/18_00083.jpg;61;1
18/18_00084.jpg;61;1
18/18_00085.jpg;61;1
18/18_00086.jpg;61;1
18/18_00087.jpg;61;1
18/18_00088.jpg;61;1
18/18_00089.jpg;61;1
18/18_00090.jpg;61;1
18/18_00091.jpg;61;1
18/18_00092.jpg;61;1
18/18_00093.jpg;61;1
18/18_00094.jpg;61;1
18/18_00095.jpg;61;1
18/18_00096.jpg;61;1
18/18_00097.jpg;61;1
18/18_00098.jpg;61;1
18/18_00099.jpg;61;1
18/18_00100.jpg;61;1
18/18_00101.jpg;61;1
18/18_00102.jpg;61;1
18/18_00103.jpg;61;1
18/18_00104.jpg;61;1
18/18_00105.jpg;61;1
18/18_00106.jpg;61;1
18/18_00107.jpg;61;1
18/18_00108.jpg;61;1
18/18_00109.jpg;61;1
18/18_00110.jpg;61;1
18/18_00111.jpg;61;1
18/18_00112.jpg;61;1
18/18_00113.jpg;61;1
18/18_00114.jpg;61;1
18/18_00115.jpg;61;1
18/18_00116.jpg;61;1
18/18_00117.jpg;61;1
18/18_00118.jpg;61;1
18/18_00119.jpg;61;1
18/18_00120.jpg;61;1
18/18_00121.jpg;61;1
18/18_00122.jpg;61;1
18/18_00123.jpg;61;1
18/18_00124.jpg;61;1
18/18_00125.jpg;61;1
18/18_00126.jpg;61;1
18/18_00127.jpg;61;1
18/18_00128.jpg;61;1
18/18_00129.jpg;61;1
18/18_00130.jpg;61;1
18/18_00131.jpg;61;1
18/18_00132.jpg;61;1
18/18_00133.jpg;61;1
18/18_00134.jpg;61;1
18/18_00135.jpg;61;1
18/18_00136.jpg;61;1
18/18_00137.jpg;61;1
18/18_00138.jpg;61;1
18/18_00139.jpg;61;1
18/18_00140.jpg;61;1
18/18_00141.jpg;61;1
18/18_00142.jpg;61;1
18/18_00143.jpg;61;1
18/18_00144.jpg;61;1
18/18_00145.jpg;61;1
18/18_00146.jpg;61;1
18/18_00147.jpg;61;1
18/18_00148.jpg;61;1
18/18_00149.jpg;61;1
18/18_00150.jpg;61;1
18/18_00151.jpg;61;1
18/18_00152.jpg;61;1
18/18_00153.jpg;61;1
18/18_00154.jpg;61;1
18/18_00155.jpg;61;1
18/18_00156.jpg;61;1
18/18_00157.jpg;61;1
18/18_00158.jpg;61;1
18/18_00159.jpg;61;1
18/18_00160.jpg;61;1
18/18_00161.jpg;61;1
18/18_00162.jpg;61;1
18/18_00163.jpg;61;1
18/18_00164.jpg;61;1
18/18_00165.jpg;61;1
18/18_00166.jpg;61;1
18/18_00167.jpg;61;1
18/18_00168.jpg;61;1
18/18_00169.jpg;61;1
18/18_00170.jpg;61;1
18/18_00171.jpg;61;1
18/18_00172.jpg;61;1
18/18_00173.jpg;61;1
18/18_00174.jpg;61;1
18/18_00175.jpg;61;1
18/18_00176.jpg;61;1
18/18_00177.jpg;61;1
18/18_00178.jpg;61;1
18/18_00179.jpg;61;1
18/18_00180.jpg;61;1
18/18_00181.jpg;61;1
18/18_00182.jpg;61;1
18/18_00183.jpg;61;1
18/18_00184.jpg;61;1
18/18_00185.jpg;61;1
18/18_00186.jpg;61;1
18/18_00187.jpg;61;1
18/18_00188.jpg;61;1
18/18_00189.jpg;61;1
18/18_00190.jpg;61;1
18/18_00191.jpg;61;1
18/18_00192.jpg;61;1
18/18_00193.jpg;61;1
18/18_00194.jpg;61;1
18/18_00195.jpg;61;1
18/18_00196.jpg;61;1
18/18_00197.jpg;61;1
18/18_00198.jpg;61;1
18/18_00199.jpg;61;1
18/18_00200.jpg;61;1
18/18_00201.jpg;61;1
18/18_00202.jpg;61;1
18/18_00203.jpg;61;1
18/18_00204.jpg;61;1
18/18_00205.jpg;61;1
18/18_00206.jpg;61;1
18/18_00207.jpg;61;1
18/18_00208.jpg;61;1
18/18_00209.jpg;61;1
18/18_00210.jpg;61;1
18/18_00211.jpg;61;1
18/18_00212.jpg;61;1
18/18_00213.jpg;61;1
18/18_00214.jpg;61;1
18/18_00215.jpg;61;1
18/18_00216.jpg;61;1
18/18_00217.jpg;61;1
18/18_00218.jpg;61;1
18/18_00219.jpg;61;1
18/18_00220.jpg;61;1
18/18_00221.jpg;61;1
18/18_00222.jpg;61;1
18/18_00223.jpg;61;1
18/18_00224.jpg;61;1
18/18_00225.jpg;61;1
18/18_00226.jpg;61;1
18/18_00227.jpg;61;1
18/18_00228.jpg;61;1
18/18_00229.jpg;61;1
18/18_00230.jpg;61;1
18/18_00231.jpg;61;1
18/18_00232.jpg;61;1
18/18_00233.jpg;61;1
18/18_00234.jpg;61;1
18/18_00235.jpg;61;1
18/18_00236.jpg;61;1
18/18_00237.jpg;61;1
18/18_00238.jpg;61;1
18/18_00239.jpg;61;1
18/18_00240.jpg;61;1
18/18_00241.jpg;61;1
18/18_00242.jpg;61;1
18/18_00243.jpg;61;1
18/18_00244.jpg;61;1
18/18_00245.jpg;61;1
18/18_00246.jpg;61;1
18/18_00247.jpg;61;1
18/18_00248.jpg;61;1
18/18_00249.jpg;61;1
18/18_00250.jpg;61;1
18/18_00251.jpg;61;1
18/18_00252.jpg;61;1
18/18_00253.jpg;61;1
18/18_00254.jpg;61;1
18/18_00255.jpg;61;1
18/18_00256.jpg;61;1
18/18_00257.jpg;61;1
18/18_00258.jpg;61;1
18/18_00259.jpg;61;1
18/18_00260.jpg;61;1
18/18_00261.jpg;61;1
18/18_00262.jpg;61;1
18/18_00263.jpg;61;1
18/18_00264.jpg;61;1
18/18_00265.jpg;61;1
18/18_00266.jpg;61;1
18/18_00267.jpg;61;1
18/18_00268.jpg;61;1
18/18_00269.jpg;61;1
18/18_00270.jpg;61;1
18/18_00271.jpg;61;1
18/18_00272.jpg;61;1
18/18_00273.jpg;61;1
18/18_00274.jpg;61;1
18/18_00275.jpg;61;1
18/18_00276.jpg;61;1
18/18_00277.jpg;61;1
18/18_00278.jpg;61;1
18/18_00279.jpg;61;1
18/18_00280.jpg;61;1
18/18_00281.jpg;61;1
18/18_00282.jpg;61;1
18/18_00283.jpg;61;1
18/18_00284.jpg;61;1
18/18_00285.jpg;61;1
18/18_00286.jpg;61;1
18/18_00287.jpg;61;1
18/18_00288.jpg;61;1
18/18_00289.jpg;61;1
18/18_00290.jpg;61;1
18/18_00291.jpg;61;1
18/18_00292.jpg;61;1
18/18_00293.jpg;61;1
18/18_00294.jpg;61;1
18/18_00295.jpg;61;1
18/18_00296.jpg;61;1
18/18_00297.jpg;61;1
18/18_00298.jpg;61;1
18/18_00299.jpg;61;1
18/18_00300.jpg;61;1
18/18_00301.jpg;61;1
18/18_00302.jpg;61;1
18/18_00303.jpg;61;1
18/18_00304.jpg;61;1
18/18_00305.jpg;61;1
18/18_00306.jpg;61;1
18/18_00307.jpg;61;1
18/18_00308.jpg;61;1
18/18_00309.jpg;61;1
18/18_00310.jpg;61;1
18/18_00311.jpg;61;1
18/18_00312.jpg;61;1
18/18_00313.jpg;61;1
18/18_00314.jpg;61;1
18/18_00315.jpg;61;1
18/18_00316.jpg;61;1
18/18_00317.jpg;61;1
18/18_00318.jpg;61;1
18/18_00319.jpg;61;1
18/18_00320.jpg;61;1
18/18_00321.jpg;61;1
18/18_00322.jpg;61;1
18/18_00323.jpg;61;1
18/18_00324.jpg;61;1
18/18_00325.jpg;61;1
18/18_00326.jpg;61;1
18/18_00327.jpg;61;1
18/18_00328.jpg;61;1
18/18_00329.jpg;61;1
18/18_00330.jpg;61;1
18/18_00331.jpg;61;1
18/18_00332.jpg;61;1
18/18_00333.jpg;61;1
18/18_00334.jpg;61;1
18/18_00335.jpg;61;1
18/18_00336.jpg;61;1
18/18_00337.jpg;61;1
18/18_00338.jpg;61;1
18/18_00339.jpg;61;1
18/18_00340.jpg;61;1
18/18_00341.jpg;61;1
18/18_00342.jpg;61;1
18/18_00343.jpg;61;1
18/18_00344.jpg;61;1
18/18_00345.jpg;61;1
18/18_00346.jpg;61;1
18/18_00347.jpg;61;1
18/18_00348.jpg;61;1
18/18_00349.jpg;61;1
18/18_00350.jpg;61;1
18/18_00351.jpg;61;1
18/18_00352.jpg;61;1
18/18_00353.jpg;61;1
18/18_00354.jpg;61;1
18/18_00355.jpg;61;1
18/18_00356.jpg;61;1
18/18_00357.jpg;61;1
18/18_00358.jpg;61;1
18/18_00359.jpg;61;1
18/18_00360.jpg;61;1
18/18_00361.jpg;61;1
18/18_00362.jpg;61;1
18/18_00363.jpg;61;1
18/18_00364.jpg;61;1
18/18_00365.jpg;61;1
18/18_00366.jpg;61;1
18/18_00367.jpg;61;1
18/18_00368.jpg;61;1
18/18_00369.jpg;61;1
18/18_00370.jpg;61;1
18/18_00371.jpg;61;1
18/18_00372.jpg;61;1
18/18_00373.jpg;61;1
18/18_00374.jpg;61;1
18/18_00375.jpg;61;1
18/18_00376.jpg;61;1
18/18_00377.jpg;61;1
18/18_00378.jpg;61;1
18/18_00379.jpg;61;1
18/18_00380.jpg;61;1
18/18_00381.jpg;61;1
18/18_00382.jpg;61;1
18/18_00383.jpg;61;1
18/18_00384.jpg;61;1
18/18_00385.jpg;61;1
18/18_00386.jpg;61;1
18/18_00387.jpg;61;1
18/18_00388.jpg;61;1
18/18_00389.jpg;61;1
18/18_00390.jpg;61;1
18/18_00391.jpg;61;1
18/18_00392.jpg;61;1
18/18_00393.jpg;61;1
18/18_00394.jpg;61;1
18/18_00395.jpg;61;1
18/18_00396.jpg;61;1
18/18_00397.jpg;61;1
18/18_00398.jpg;61;1
18/18_00399.jpg;61;1
18/18_00400.jpg;61;1
18/18_00401.jpg;61;1
18/18_00402.jpg;61;1
18/18_00403.jpg;61;1
18/18_00404.jpg;61;1
18/18_00405.jpg;61;1
18/18_00406.jpg;61;1
18/18_00407.jpg;61;1
18/18_00408.jpg;61;1
18/18_00409.jpg;61;1
18/18_00410.jpg;61;1
18/18_00411.jpg;61;1
18/18_00412.jpg;61;1
18/18_00413.jpg;61;1
18/18_00414.jpg;61;1
18/18_00415.jpg;61;1
18/18_00416.jpg;61;1
18/18_00417.jpg;61;1
18/18_00418.jpg;61;1
18/18_00419.jpg;61;1
18/18_00420.jpg;61;1
18/18_00421.jpg;61;1
18/18_00422.jpg;61;1
18/18_00423.jpg;61;1
18/18_00424.jpg;61;1
18/18_00425.jpg;61;1
18/18_00426.jpg;61;1
18/18_00427.jpg;61;1
18/18_00428.jpg;61;1
18/18_00429.jpg;61;1
18/18_00430.jpg;61;1
18/18_00431.jpg;61;1
18/18_00432.jpg;61;1
18/18_00433.jpg;61;1
18/18_00434.jpg;61;1
18/18_00435.jpg;61;1
18/18_00436.jpg;61;1
18/18_00437.jpg;61;1
18/18_00438.jpg;61;1
18/18_00439.jpg;61;1
18/18_00440.jpg;61;1
18/18_00441.jpg;61;1
18/18_00442.jpg;61;1
18/18_00443.jpg;61;1
18/18_00444.jpg;61;1
18/18_00445.jpg;61;1
18/18_00446.jpg;61;1
18/18_00447.jpg;61;1
18/18_00448.jpg;61;1
18/18_00449.jpg;61;1
18/18_00450.jpg;61;1
18/18_00451.jpg;61;1
18/18_00452.jpg;61;1
18/18_00453.jpg;61;1
18/18_00454.jpg;61;1
18/18_00455.jpg;61;1
18/18_00456.jpg;61;1
18/18_00457.jpg;61;1
18/18_00458.jpg;61;1
18/18_00459.jpg;61;1
18/18_00460.jpg;61;1
18/18_00461.jpg;61;1
18/18_00462.jpg;61;1
18/18_00463.jpg;61;1
18/18_00464.jpg;61;1
18/18_00465.jpg;61;1
18/18_00466.jpg;61;1
18/18_00467.jpg;61;1
18/18_00468.jpg;61;1
18/18_00469.jpg;61;1
18/18_00470.jpg;61;1
18/18_00471.jpg;61;1
18/18_00472.jpg;61;1
18/18_00473.jpg;61;1
18/18_00474.jpg;61;1
18/18_00475.jpg;61;1
18/18_00476.jpg;61;1
18/18_00477.jpg;61;1
18/18_00478.jpg;61;1
18/18_00479.jpg;61;1
18/18_00480.jpg;61;1
18/18_00481.jpg;61;1
18/18_00482.jpg;61;1
18/18_00483.jpg;61;1
18/18_00484.jpg;61;1
18/18_00485.jpg;61;1
18/18_00486.jpg;61;1
18/18_00487.jpg;61;1
18/18_00488.jpg;61;1
18/18_00489.jpg;61;1
18/18_00490.jpg;61;1
18/18_00491.jpg;61;1
18/18_00492.jpg;61;1
18/18_00493.jpg;61;1
18/18_00494.jpg;61;1
18/18_00495.jpg;61;1
18/18_00496.jpg;61;1
18/18_00497.jpg;61;1
18/18_00498.jpg;61;1
18/18_00499.jpg;61;1
18/18_00500.jpg;61;1
18/18_00501.jpg;61;1
18/18_00502.jpg;61;1
18/18_00503.jpg;61;1
18/18_00504.jpg;61;1
18/18_00505.jpg;61;1
18/18_00506.jpg;61;1
18/18_00507.jpg;61;1
18/18_00508.jpg;61;1
18/18_00509.jpg;61;1
18/18_00510.jpg;61;1
18/18_00511.jpg;61;1
18/18_00512.jpg;61;1
18/18_00513.jpg;61;1
18/18_00514.jpg;61;1
18/18_00515.jpg;61;1
18/18_00516.jpg;61;1
18/18_00517.jpg;61;1
18/18_00518.jpg;61;1
18/18_00519.jpg;61;1
18/18_00520.jpg;61;1
18/18_00521.jpg;61;1
18/18_00522.jpg;61;1
18/18_00523.jpg;61;1
18/18_00524.jpg;61;1
18/18_00525.jpg;61;1
18/18_00526.jpg;61;1
18/18_00527.jpg;61;1
18/18_00528.jpg;61;1
18/18_00529.jpg;61;1
18/18_00530.jpg;61;1
18/18_00531.jpg;61;1
18/18_00532.jpg;61;1
18/18_00533.jpg;61;1
18/18_00534.jpg;61;1
18/18_00535.jpg;61;1
18/18_00536.jpg;61;1
18/18_00537.jpg;61;1
18/18_00538.jpg;61;1
18/18_00539.jpg;61;1
18/18_00540.jpg;61;1
18/18_00541.jpg;61;1
18/18_00542.jpg;61;1
18/18_00543.jpg;61;1
18/18_00544.jpg;61;1
18/18_00545.jpg;61;1
18/18_00546.jpg;61;1
18/18_00547.jpg;61;1
18/18_00548.jpg;61;1
18/18_00549.jpg;61;1
18/18_00550.jpg;61;1
18/18_00551.jpg;61;1
18/18_00552.jpg;61;1
18/18_00553.jpg;61;1
18/18_00554.jpg;61;1
18/18_00555.jpg;61;1
18/18_00556.jpg;61;1
18/18_00557.jpg;61;1
18/18_00558.jpg;61;1
18/18_00559.jpg;61;1
18/18_00560.jpg;61;1
18/18_00561.jpg;61;1
18/18_00562.jpg;61;1
18/18_00563.jpg;61;1
18/18_00564.jpg;61;1
18/18_00565.jpg;61;1
18/18_00566.jpg;61;1
18/18_00567.jpg;61;1
18/18_00568.jpg;61;1
18/18_00569.jpg;61;1
18/18_00570.jpg;61;1
18/18_00571.jpg;61;1
18/18_00572.jpg;61;1
18/18_00573.jpg;61;1
18/18_00574.jpg;61;1
18/18_00575.jpg;61;1
18/18_00576.jpg;61;1
18/18_00577.jpg;61;1
18/18_00578.jpg;61;1
18/18_00579.jpg;61;1
18/18_00580.jpg;61;1
18/18_00581.jpg;61;1
18/18_00582.jpg;61;1
18/18_00583.jpg;61;1
18/18_00584.jpg;61;1
18/18_00585.jpg;61;1
18/18_00586.jpg;61;1
18/18_00587.jpg;61;1
18/18_00588.jpg;61;1
18/18_00589.jpg;61;1
18/18_00590.jpg;61;1
18/18_00591.jpg;61;1
18/18_00592.jpg;61;1
18/18_00593.jpg;61;1
18/18_00594.jpg;61;1
18/18_00595.jpg;61;1
18/18_00596.jpg;61;1
18/18_00597.jpg;61;1
18/18_00598.jpg;61;1
18/18_00599.jpg;61;1
18/18_00600.jpg;61;1
18/18_00601.jpg;61;1
18/18_00602.jpg;61;1
18/18_00603.jpg;61;1
18/18_00604.jpg;61;1
18/18_00605.jpg;61;1
18/18_00606.jpg;61;1
18/18_00607.jpg;61;1
18/18_00608.jpg;61;1
18/18_00609.jpg;61;1
18/18_00610.jpg;61;1
18/18_00611.jpg;61;1
18/18_00612.jpg;61;1
18/18_00613.jpg;61;1
18/18_00614.jpg;61;1
18/18_00615.jpg;61;1
18/18_00616.jpg;61;1
18/18_00617.jpg;61;1
18/18_00618.jpg;61;1
18/18_00619.jpg;61;1
18/18_00620.jpg;61;1
18/18_00621.jpg;61;1
18/18_00622.jpg;61;1
18/18_00623.jpg;61;1
18/18_00624.jpg;61;1
18/18_00625.jpg;61;1
18/18_00626.jpg;61;1
18/18_00627.jpg;61;1
18/18_00628.jpg;61;1
18/18_00629.jpg;61;1
18/18_00630.jpg;61;1
18/18_00631.jpg;61;1
18/18_00632.jpg;61;1
18/18_00633.jpg;61;1
18/18_00634.jpg;61;1
18/18_00635.jpg;61;1
18/18_00636.jpg;61;1
18/18_00637.jpg;61;1
18/18_00638.jpg;61;1
18/18_00639.jpg;61;1
18/18_00640.jpg;61;1
18/18_00641.jpg;61;1
18/18_00642.jpg;61;1
18/18_00643.jpg;61;1
18/18_00644.jpg;61;1
18/18_00645.jpg;61;1
18/18_00646.jpg;61;1
18/18_00647.jpg;61;1
18/18_00648.jpg;61;1
18/18_00649.jpg;61;1
18/18_00650.jpg;61;1
18/18_00651.jpg;61;1
18/18_00652.jpg;61;1
18/18_00653.jpg;61;1
18/18_00654.jpg;61;1
18/18_00655.jpg;61;1
18/18_00656.jpg;61;1
18/18_00657.jpg;61;1
18/18_00658.jpg;61;1
18/18_00659.jpg;61;1
18/18_00660.jpg;61;1
18/18_00661.jpg;61;1
18/18_00662.jpg;61;1
18/18_00663.jpg;61;1
18/18_00664.jpg;61;1
18/18_00665.jpg;61;1
18/18_00666.jpg;61;1
18/18_00667.jpg;61;1
18/18_00668.jpg;61;1
18/18_00669.jpg;61;1
18/18_00670.jpg;61;1
18/18_00671.jpg;61;1
18/18_00672.jpg;61;1
18/18_00673.jpg;61;1
18/18_00674.jpg;61;1
18/18_00675.jpg;61;1
18/18_00676.jpg;61;1
18/18_00677.jpg;61;1
18/18_00678.jpg;61;1
18/18_00679.jpg;61;1
18/18_00680.jpg;61;1
18/18_00681.jpg;61;1
18/18_00682.jpg;61;1
18/18_00683.jpg;61;1
18/18_00684.jpg;61;1
18/18_00685.jpg;61;1
18/18_00686.jpg;61;1
18/18_00687.jpg;61;1
18/18_00688.jpg;61;1
18/18_00689.jpg;61;1
18/18_00690.jpg;61;1
18/18_00691.jpg;61;1
18/18_00692.jpg;61;1
18/18_00693.jpg;61;1
18/18_00694.jpg;61;1
18/18_00695.jpg;61;1
18/18_00696.jpg;61;1
18/18_00697.jpg;61;1
18/18_00698.jpg;61;1
18/18_00699.jpg;61;1
18/18_00700.jpg;61;1
18/18_00701.jpg;61;1
18/18_00702.jpg;61;1
18/18_00703.jpg;61;1
18/18_00704.jpg;61;1
18/18_00705.jpg;61;1
18/18_00706.jpg;61;1
18/18_00707.jpg;61;1
18/18_00708.jpg;61;1
18/18_00709.jpg;61;1
18/18_00710.jpg;61;1
18/18_00711.jpg;61;1
18/18_00712.jpg;61;1
18/18_00713.jpg;61;1
18/18_00714.jpg;61;1
18/18_00715.jpg;61;1
18/18_00716.jpg;61;1
18/18_00717.jpg;61;1
18/18_00718.jpg;61;1
18/18_00719.jpg;61;1
18/18_00720.jpg;61;1
18/18_00721.jpg;61;1
18/18_00722.jpg;61;1
18/18_00723.jpg;61;1
18/18_00724.jpg;61;1
18/18_00725.jpg;61;1
18/18_00726.jpg;61;1
18/18_00727.jpg;61;1
18/18_00728.jpg;61;1
18/18_00729.jpg;61;1
18/18_00730.jpg;61;1
18/18_00731.jpg;61;1
18/18_00732.jpg;61;1
18/18_00733.jpg;61;1
18/18_00734.jpg;61;1
18/18_00735.jpg;61;1
18/18_00736.jpg;61;1
18/18_00737.jpg;61;1
18/18_00738.jpg;61;1
18/18_00739.jpg;61;1
18/18_00740.jpg;61;1
18/18_00741.jpg;61;1
18/18_00742.jpg;61;1
18/18_00743.jpg;61;1
18/18_00744.jpg;61;1
18/18_00745.jpg;61;1
18/18_00746.jpg;61;1
18/18_00747.jpg;61;1
18/18_00748.jpg;61;1
18/18_00749.jpg;61;1
18/18_00750.jpg;61;1
18/18_00751.jpg;61;1
18/18_00752.jpg;61;1
18/18_00753.jpg;61;1
18/18_00754.jpg;61;1
18/18_00755.jpg;61;1
18/18_00756.jpg;61;1
18/18_00757.jpg;61;1
18/18_00758.jpg;61;1
18/18_00759.jpg;61;1
18/18_00760.jpg;61;1
18/18_00761.jpg;61;1
18/18_00762.jpg;61;1
18/18_00763.jpg;61;1
18/18_00764.jpg;61;1
18/18_00765.jpg;61;1
18/18_00766.jpg;61;1
18/18_00767.jpg;61;1
18/18_00768.jpg;61;1
18/18_00769.jpg;61;1
18/18_00770.jpg;61;1
18/18_00771.jpg;61;1
18/18_00772.jpg;61;1
18/18_00773.jpg;61;1
18/18_00774.jpg;61;1
18/18_00775.jpg;61;1
18/18_00776.jpg;61;1
18/18_00777.jpg;61;1
18/18_00778.jpg;61;1
18/18_00779.jpg;61;1
18/18_00780.jpg;61;1
18/18_00781.jpg;61;1
18/18_00782.jpg;61;1
18/18_00783.jpg;61;1
18/18_00784.jpg;61;1
18/18_00785.jpg;61;1
18/18_00786.jpg;61;1
18/18_00787.jpg;61;1
18/18_00788.jpg;61;1
18/18_00789.jpg;61;1
18/18_00790.jpg;61;1
18/18_00791.jpg;61;1
18/18_00792.jpg;61;1
18/18_00793.jpg;61;1
18/18_00794.jpg;61;1
18/18_00795.jpg;61;1
18/18_00796.jpg;61;1
18/18_00797.jpg;61;1
18/18_00798.jpg;61;1
18/18_00799.jpg;61;1
18/18_00800.jpg;61;1
18/18_00801.jpg;61;1
18/18_00802.jpg;61;1
18/18_00803.jpg;61;1
18/18_00804.jpg;61;1
18/18_00805.jpg;61;1
18/18_00806.jpg;61;1
18/18_00807.jpg;61;1
18/18_00808.jpg;61;1
18/18_00809.jpg;61;1
18/18_00810.jpg;61;1
18/18_00811.jpg;61;1
18/18_00812.jpg;61;1
18/18_00813.jpg;61;1
18/18_00814.jpg;61;1
18/18_00815.jpg;61;1
18/18_00816.jpg;61;1
18/18_00817.jpg;61;1
18/18_00818.jpg;61;1
18/18_00819.jpg;61;1
18/18_00820.jpg;61;1
18/18_00821.jpg;61;1
18/18_00822.jpg;61;1
18/18_00823.jpg;61;1
18/18_00824.jpg;61;1
18/18_00825.jpg;61;1
18/18_00826.jpg;61;1
18/18_00827.jpg;61;1
18/18_00828.jpg;61;1
18/18_00829.jpg;61;1
18/18_00830.jpg;61;1
18/18_00831.jpg;61;1
18/18_00832.jpg;61;1
18/18_00833.jpg;61;1
18/18_00834.jpg;61;1
18/18_00835.jpg;61;1
18/18_00836.jpg;61;1
18/18_00837.jpg;61;1
18/18_00838.jpg;61;1
18/18_00839.jpg;61;1
18/18_00840.jpg;61;1
18/18_00841.jpg;61;1
18/18_00842.jpg;61;1
18/18_00843.jpg;61;1
18/18_00844.jpg;61;1
18/18_00845.jpg;61;1
18/18_00846.jpg;61;1
18/18_00847.jpg;61;1
18/18_00848.jpg;61;1
18/18_00849.jpg;61;1
18/18_00850.jpg;61;1
18/18_00851.jpg;61;1
18/18_00852.jpg;61;1
18/18_00853.jpg;61;1
18/18_00854.jpg;61;1
18/18_00855.jpg;61;1
18/18_00856.jpg;61;1
18/18_00857.jpg;61;1
18/18_00858.jpg;61;1
18/18_00859.jpg;61;1
18/18_00860.jpg;61;1
18/18_00861.jpg;61;1
18/18_00862.jpg;61;1
18/18_00863.jpg;61;1
18/18_00864.jpg;61;1
18/18_00865.jpg;61;1
18/18_00866.jpg;61;1
18/18_00867.jpg;61;1
18/18_00868.jpg;61;1
18/18_00869.jpg;61;1
18/18_00870.jpg;61;1
18/18_00871.jpg;61;1
18/18_00872.jpg;61;1
18/18_00873.jpg;61;1
18/18_00874.jpg;61;1
18/18_00875.jpg;61;1
18/18_00876.jpg;61;1
18/18_00877.jpg;61;1
18/18_00878.jpg;61;1
18/18_00879.jpg;61;1
18/18_00880.jpg;61;1
18/18_00881.jpg;61;1
18/18_00882.jpg;61;1
18/18_00883.jpg;61;1
18/18_00884.jpg;61;1
18/18_00885.jpg;61;1
18/18_00886.jpg;61;1
18/18_00887.jpg;61;1
18/18_00888.jpg;61;1
18/18_00889.jpg;61;1
18/18_00890.jpg;61;1
18/18_00891.jpg;61;1
18/18_00892.jpg;61;1
18/18_00893.jpg;61;1
18/18_00894.jpg;61;1
18/18_00895.jpg;61;1
18/18_00896.jpg;61;1
18/18_00897.jpg;61;1
18/18_00898.jpg;61;1
18/18_00899.jpg;61;1
18/18_00900.jpg;61;1
18/18_00901.jpg;61;1
18/18_00902.jpg;61;1
18/18_00903.jpg;61;1
18/18_00904.jpg;61;1
18/18_00905.jpg;61;1
18/18_00906.jpg;61;1
18/18_00907.jpg;61;1
18/18_00908.jpg;61;1
18/18_00909.jpg;61;1
18/18_00910.jpg;61;1
18/18_00911.jpg;61;1
18/18_00912.jpg;61;1
18/18_00913.jpg;61;1
18/18_00914.jpg;61;1
18/18_00915.jpg;61;1
18/18_00916.jpg;61;1
18/18_00917.jpg;61;1
18/18_00918.jpg;61;1
18/18_00919.jpg;61;1
18/18_00920.jpg;61;1
18/18_00921.jpg;61;1
18/18_00922.jpg;61;1
18/18_00923.jpg;61;1
18/18_00924.jpg;61;1
18/18_00925.jpg;61;1
18/18_00926.jpg;61;1
18/18_00927.jpg;61;1
18/18_00928.jpg;61;1
18/18_00929.jpg;61;1
18/18_00930.jpg;61;1
19/19_00001.jpg;62;1
19/19_00002.jpg;62;1
19/19_00003.jpg;62;1
19/19_00004.jpg;62;1
19/19_00005.jpg;62;1
19/19_00006.jpg;62;1
19/19_00007.jpg;62;1
19/19_00008.jpg;62;1
19/19_00009.jpg;62;1
19/19_00010.jpg;62;1
19/19_00011.jpg;62;1
19/19_00012.jpg;62;1
19/19_00013.jpg;62;1
19/19_00014.jpg;62;1
19/19_00015.jpg;62;1
19/19_00016.jpg;62;1
19/19_00017.jpg;62;1
19/19_00018.jpg;62;1
19/19_00019.jpg;62;1
19/19_00020.jpg;62;1
19/19_00021.jpg;62;1
19/19_00022.jpg;62;1
19/19_00023.jpg;62;1
19/19_00024.jpg;62;1
19/19_00025.jpg;62;1
19/19_00026.jpg;62;1
19/19_00027.jpg;62;1
19/19_00028.jpg;62;1
19/19_00029.jpg;62;1
19/19_00030.jpg;62;1
19/19_00031.jpg;62;1
19/19_00032.jpg;62;1
19/19_00033.jpg;62;1
19/19_00034.jpg;62;1
19/19_00035.jpg;62;1
19/19_00036.jpg;62;1
19/19_00037.jpg;62;1
19/19_00038.jpg;62;1
19/19_00039.jpg;62;1
19/19_00040.jpg;62;1
19/19_00041.jpg;62;1
19/19_00042.jpg;62;1
19/19_00043.jpg;62;1
19/19_00044.jpg;62;1
19/19_00045.jpg;62;1
19/19_00046.jpg;62;1
19/19_00047.jpg;62;1
19/19_00048.jpg;62;1
19/19_00049.jpg;62;1
19/19_00050.jpg;62;1
19/19_00051.jpg;62;1
19/19_00052.jpg;62;1
19/19_00053.jpg;62;1
19/19_00054.jpg;62;1
19/19_00055.jpg;62;1
19/19_00056.jpg;62;1
19/19_00057.jpg;62;1
19/19_00058.jpg;62;1
19/19_00059.jpg;62;1
19/19_00060.jpg;62;1
19/19_00061.jpg;62;1
19/19_00062.jpg;62;1
19/19_00063.jpg;62;1
19/19_00064.jpg;62;1
19/19_00065.jpg;62;1
19/19_00066.jpg;62;1
19/19_00067.jpg;62;1
19/19_00068.jpg;62;1
19/19_00069.jpg;62;1
19/19_00070.jpg;62;1
19/19_00071.jpg;62;1
19/19_00072.jpg;62;1
19/19_00073.jpg;62;1
19/19_00074.jpg;62;1
19/19_00075.jpg;62;1
19/19_00076.jpg;62;1
19/19_00077.jpg;62;1
19/19_00078.jpg;62;1
19/19_00079.jpg;62;1
19/19_00080.jpg;62;1
19/19_00081.jpg;62;1
19/19_00082.jpg;62;1
19/19_00083.jpg;62;1
19/19_00084.jpg;62;1
19/19_00085.jpg;62;1
19/19_00086.jpg;62;1
19/19_00087.jpg;62;1
19/19_00088.jpg;62;1
19/19_00089.jpg;62;1
19/19_00090.jpg;62;1
19/19_00091.jpg;62;1
19/19_00092.jpg;62;1
19/19_00093.jpg;62;1
19/19_00094.jpg;62;1
19/19_00095.jpg;62;1
19/19_00096.jpg;62;1
19/19_00097.jpg;62;1
19/19_00098.jpg;62;1
19/19_00099.jpg;62;1
19/19_00100.jpg;62;1
19/19_00101.jpg;62;1
19/19_00102.jpg;62;1
19/19_00103.jpg;62;1
19/19_00104.jpg;62;1
19/19_00105.jpg;62;1
19/19_00106.jpg;62;1
19/19_00107.jpg;62;1
19/19_00108.jpg;62;1
19/19_00109.jpg;62;1
19/19_00110.jpg;62;1
19/19_00111.jpg;62;1
19/19_00112.jpg;62;1
19/19_00113.jpg;62;1
19/19_00114.jpg;62;1
19/19_00115.jpg;62;1
19/19_00116.jpg;62;1
19/19_00117.jpg;62;1
19/19_00118.jpg;62;1
19/19_00119.jpg;62;1
19/19_00120.jpg;62;1
19/19_00121.jpg;62;1
19/19_00122.jpg;62;1
19/19_00123.jpg;62;1
19/19_00124.jpg;62;1
19/19_00125.jpg;62;1
19/19_00126.jpg;62;1
19/19_00127.jpg;62;1
19/19_00128.jpg;62;1
19/19_00129.jpg;62;1
19/19_00130.jpg;62;1
19/19_00131.jpg;62;1
19/19_00132.jpg;62;1
19/19_00133.jpg;62;1
19/19_00134.jpg;62;1
19/19_00135.jpg;62;1
19/19_00136.jpg;62;1
19/19_00137.jpg;62;1
19/19_00138.jpg;62;1
19/19_00139.jpg;62;1
19/19_00140.jpg;62;1
19/19_00141.jpg;62;1
19/19_00142.jpg;62;1
19/19_00143.jpg;62;1
19/19_00144.jpg;62;1
19/19_00145.jpg;62;1
19/19_00146.jpg;62;1
19/19_00147.jpg;62;1
19/19_00148.jpg;62;1
19/19_00149.jpg;62;1
19/19_00150.jpg;62;1
19/19_00151.jpg;62;1
19/19_00152.jpg;62;1
19/19_00153.jpg;62;1
19/19_00154.jpg;62;1
19/19_00155.jpg;62;1
19/19_00156.jpg;62;1
19/19_00157.jpg;62;1
20/20_00001.jpg;63;1
20/20_00002.jpg;63;1
20/20_00003.jpg;63;1
20/20_00004.jpg;63;1
20/20_00005.jpg;63;1
20/20_00006.jpg;63;1
20/20_00007.jpg;63;1
20/20_00008.jpg;63;1
20/20_00009.jpg;63;1
20/20_00010.jpg;63;1
20/20_00011.jpg;63;1
20/20_00012.jpg;63;1
20/20_00013.jpg;63;1
20/20_00014.jpg;63;1
20/20_00015.jpg;63;1
20/20_00016.jpg;63;1
20/20_00017.jpg;63;1
20/20_00018.jpg;63;1
20/20_00019.jpg;63;1
20/20_00020.jpg;63;1
20/20_00021.jpg;63;1
20/20_00022.jpg;63;1
20/20_00023.jpg;63;1
20/20_00024.jpg;63;1
20/20_00025.jpg;63;1
20/20_00026.jpg;63;1
20/20_00027.jpg;63;1
20/20_00028.jpg;63;1
20/20_00029.jpg;63;1
20/20_00030.jpg;63;1
20/20_00031.jpg;63;1
20/20_00032.jpg;63;1
20/20_00033.jpg;63;1
20/20_00034.jpg;63;1
20/20_00035.jpg;63;1
20/20_00036.jpg;63;1
20/20_00037.jpg;63;1
20/20_00038.jpg;63;1
20/20_00039.jpg;63;1
20/20_00040.jpg;63;1
20/20_00041.jpg;63;1
20/20_00042.jpg;63;1
20/20_00043.jpg;63;1
20/20_00044.jpg;63;1
20/20_00045.jpg;63;1
20/20_00046.jpg;63;1
20/20_00047.jpg;63;1
20/20_00048.jpg;63;1
20/20_00049.jpg;63;1
20/20_00050.jpg;63;1
20/20_00051.jpg;63;1
20/20_00052.jpg;63;1
20/20_00053.jpg;63;1
20/20_00054.jpg;63;1
20/20_00055.jpg;63;1
20/20_00056.jpg;63;1
20/20_00057.jpg;63;1
20/20_00058.jpg;63;1
20/20_00059.jpg;63;1
20/20_00060.jpg;63;1
20/20_00061.jpg;63;1
20/20_00062.jpg;63;1
20/20_00063.jpg;63;1
20/20_00064.jpg;63;1
20/20_00065.jpg;63;1
20/20_00066.jpg;63;1
20/20_00067.jpg;63;1
20/20_00068.jpg;63;1
20/20_00069.jpg;63;1
20/20_00070.jpg;63;1
20/20_00071.jpg;63;1
20/20_00072.jpg;63;1
20/20_00073.jpg;63;1
20/20_00074.jpg;63;1
20/20_00075.jpg;63;1
20/20_00076.jpg;63;1
20/20_00077.jpg;63;1
20/20_00078.jpg;63;1
20/20_00079.jpg;63;1
20/20_00080.jpg;63;1
20/20_00081.jpg;63;1
20/20_00082.jpg;63;1
20/20_00083.jpg;63;1
20/20_00084.jpg;63;1
20/20_00085.jpg;63;1
20/20_00086.jpg;63;1
20/20_00087.jpg;63;1
20/20_00088.jpg;63;1
20/20_00089.jpg;63;1
20/20_00090.jpg;63;1
20/20_00091.jpg;63;1
20/20_00092.jpg;63;1
20/20_00093.jpg;63;1
20/20_00094.jpg;63;1
20/20_00095.jpg;63;1
20/20_00096.jpg;63;1
20/20_00097.jpg;63;1
20/20_00098.jpg;63;1
20/20_00099.jpg;63;1
20/20_00100.jpg;63;1
20/20_00101.jpg;63;1
20/20_00102.jpg;63;1
20/20_00103.jpg;63;1
20/20_00104.jpg;63;1
20/20_00105.jpg;63;1
20/20_00106.jpg;63;1
20/20_00107.jpg;63;1
20/20_00108.jpg;63;1
20/20_00109.jpg;63;1
20/20_00110.jpg;63;1
20/20_00111.jpg;63;1
20/20_00112.jpg;63;1
20/20_00113.jpg;63;1
20/20_00114.jpg;63;1
20/20_00115.jpg;63;1
20/20_00116.jpg;63;1
20/20_00117.jpg;63;1
20/20_00118.jpg;63;1
20/20_00119.jpg;63;1
20/20_00120.jpg;63;1
20/20_00121.jpg;63;1
20/20_00122.jpg;63;1
20/20_00123.jpg;63;1
20/20_00124.jpg;63;1
20/20_00125.jpg;63;1
20/20_00126.jpg;63;1
20/20_00127.jpg;63;1
20/20_00128.jpg;63;1
20/20_00129.jpg;63;1
20/20_00130.jpg;63;1
20/20_00131.jpg;63;1
20/20_00132.jpg;63;1
20/20_00133.jpg;63;1
20/20_00134.jpg;63;1
20/20_00135.jpg;63;1
20/20_00136.jpg;63;1
20/20_00137.jpg;63;1
20/20_00138.jpg;63;1
20/20_00139.jpg;63;1
20/20_00140.jpg;63;1
20/20_00141.jpg;63;1
20/20_00142.jpg;63;1
20/20_00143.jpg;63;1
20/20_00144.jpg;63;1
20/20_00145.jpg;63;1
20/20_00146.jpg;63;1
20/20_00147.jpg;63;1
20/20_00148.jpg;63;1
20/20_00149.jpg;63;1
20/20_00150.jpg;63;1
20/20_00151.jpg;63;1
20/20_00152.jpg;63;1
20/20_00153.jpg;63;1
20/20_00154.jpg;63;1
20/20_00155.jpg;63;1
20/20_00156.jpg;63;1
20/20_00157.jpg;63;1
20/20_00158.jpg;63;1
20/20_00159.jpg;63;1
20/20_00160.jpg;63;1
20/20_00161.jpg;63;1
20/20_00162.jpg;63;1
20/20_00163.jpg;63;1
20/20_00164.jpg;63;1
20/20_00165.jpg;63;1
20/20_00166.jpg;63;1
20/20_00167.jpg;63;1
20/20_00168.jpg;63;1
20/20_00169.jpg;63;1
20/20_00170.jpg;63;1
20/20_00171.jpg;63;1
20/20_00172.jpg;63;1
20/20_00173.jpg;63;1
20/20_00174.jpg;63;1
20/20_00175.jpg;63;1
20/20_00176.jpg;63;1
20/20_00177.jpg;63;1
20/20_00178.jpg;63;1
20/20_00179.jpg;63;1
20/20_00180.jpg;63;1
20/20_00181.jpg;63;1
20/20_00182.jpg;63;1
20/20_00183.jpg;63;1
20/20_00184.jpg;63;1
20/20_00185.jpg;63;1
20/20_00186.jpg;63;1
20/20_00187.jpg;63;1
20/20_00188.jpg;63;1
20/20_00189.jpg;63;1
20/20_00190.jpg;63;1
20/20_00191.jpg;63;1
20/20_00192.jpg;63;1
20/20_00193.jpg;63;1
20/20_00194.jpg;63;1
20/20_00195.jpg;63;1
20/20_00196.jpg;63;1
20/20_00197.jpg;63;1
20/20_00198.jpg;63;1
20/20_00199.jpg;63;1
20/20_00200.jpg;63;1
20/20_00201.jpg;63;1
20/20_00202.jpg;63;1
20/20_00203.jpg;63;1
20/20_00204.jpg;63;1
20/20_00205.jpg;63;1
20/20_00206.jpg;63;1
20/20_00207.jpg;63;1
20/20_00208.jpg;63;1
20/20_00209.jpg;63;1
20/20_00210.jpg;63;1
20/20_00211.jpg;63;1
20/20_00212.jpg;63;1
20/20_00213.jpg;63;1
20/20_00214.jpg;63;1
20/20_00215.jpg;63;1
20/20_00216.jpg;63;1
20/20_00217.jpg;63;1
20/20_00218.jpg;63;1
20/20_00219.jpg;63;1
20/20_00220.jpg;63;1
20/20_00221.jpg;63;1
20/20_00222.jpg;63;1
20/20_00223.jpg;63;1
20/20_00224.jpg;63;1
20/20_00225.jpg;63;1
20/20_00226.jpg;63;1
20/20_00227.jpg;63;1
20/20_00228.jpg;63;1
20/20_00229.jpg;63;1
20/20_00230.jpg;63;1
20/20_00231.jpg;63;1
20/20_00232.jpg;63;1
20/20_00233.jpg;63;1
20/20_00234.jpg;63;1
20/20_00235.jpg;63;1
20/20_00236.jpg;63;1
20/20_00237.jpg;63;1
20/20_00238.jpg;63;1
20/20_00239.jpg;63;1
20/20_00240.jpg;63;1
20/20_00241.jpg;63;1
20/20_00242.jpg;63;1
20/20_00243.jpg;63;1
20/20_00244.jpg;63;1
20/20_00245.jpg;63;1
20/20_00246.jpg;63;1
20/20_00247.jpg;63;1
20/20_00248.jpg;63;1
20/20_00249.jpg;63;1
20/20_00250.jpg;63;1
20/20_00251.jpg;63;1
20/20_00252.jpg;63;1
20/20_00253.jpg;63;1
20/20_00254.jpg;63;1
20/20_00255.jpg;63;1
20/20_00256.jpg;63;1
20/20_00257.jpg;63;1
20/20_00258.jpg;63;1
20/20_00259.jpg;63;1
20/20_00260.jpg;63;1
20/20_00261.jpg;63;1
20/20_00262.jpg;63;1
20/20_00263.jpg;63;1
20/20_00264.jpg;63;1
20/20_00265.jpg;63;1
20/20_00266.jpg;63;1
20/20_00267.jpg;63;1
20/20_00268.jpg;63;1
20/20_00269.jpg;63;1
20/20_00270.jpg;63;1
20/20_00271.jpg;63;1
20/20_00272.jpg;63;1
20/20_00273.jpg;63;1
20/20_00274.jpg;63;1
20/20_00275.jpg;63;1
20/20_00276.jpg;63;1
20/20_00277.jpg;63;1
20/20_00278.jpg;63;1
20/20_00279.jpg;63;1
20/20_00280.jpg;63;1
20/20_00281.jpg;63;1
20/20_00282.jpg;63;1
20/20_00283.jpg;63;1
20/20_00284.jpg;63;1
20/20_00285.jpg;63;1
20/20_00286.jpg;63;1
20/20_00287.jpg;63;1
20/20_00288.jpg;63;1
20/20_00289.jpg;63;1
20/20_00290.jpg;63;1
20/20_00291.jpg;63;1
20/20_00292.jpg;63;1
20/20_00293.jpg;63;1
20/20_00294.jpg;63;1
20/20_00295.jpg;63;1
20/20_00296.jpg;63;1
20/20_00297.jpg;63;1
20/20_00298.jpg;63;1
20/20_00299.jpg;63;1
20/20_00300.jpg;63;1
20/20_00301.jpg;63;1
20/20_00302.jpg;63;1
20/20_00303.jpg;63;1
20/20_00304.jpg;63;1
20/20_00305.jpg;63;1
20/20_00306.jpg;63;1
20/20_00307.jpg;63;1
20/20_00308.jpg;63;1
20/20_00309.jpg;63;1
20/20_00310.jpg;63;1
20/20_00311.jpg;63;1
20/20_00312.jpg;63;1
20/20_00313.jpg;63;1
20/20_00314.jpg;63;1
20/20_00315.jpg;63;1
20/20_00316.jpg;63;1
20/20_00317.jpg;63;1
20/20_00318.jpg;63;1
20/20_00319.jpg;63;1
20/20_00320.jpg;63;1
20/20_00321.jpg;63;1
20/20_00322.jpg;63;1
20/20_00323.jpg;63;1
20/20_00324.jpg;63;1
20/20_00325.jpg;63;1
20/20_00326.jpg;63;1
20/20_00327.jpg;63;1
20/20_00328.jpg;63;1
20/20_00329.jpg;63;1
20/20_00330.jpg;63;1
20/20_00331.jpg;63;1
20/20_00332.jpg;63;1
20/20_00333.jpg;63;1
20/20_00334.jpg;63;1
20/20_00335.jpg;63;1
20/20_00336.jpg;63;1
20/20_00337.jpg;63;1
20/20_00338.jpg;63;1
20/20_00339.jpg;63;1
20/20_00340.jpg;63;1
20/20_00341.jpg;63;1
20/20_00342.jpg;63;1
20/20_00343.jpg;63;1
20/20_00344.jpg;63;1
20/20_00345.jpg;63;1
20/20_00346.jpg;63;1
20/20_00347.jpg;63;1
20/20_00348.jpg;63;1
20/20_00349.jpg;63;1
20/20_00350.jpg;63;1
20/20_00351.jpg;63;1
20/20_00352.jpg;63;1
20/20_00353.jpg;63;1
20/20_00354.jpg;63;1
20/20_00355.jpg;63;1
20/20_00356.jpg;63;1
20/20_00357.jpg;63;1
20/20_00358.jpg;63;1
20/20_00359.jpg;63;1
20/20_00360.jpg;63;1
20/20_00361.jpg;63;1
20/20_00362.jpg;63;1
20/20_00363.jpg;63;1
20/20_00364.jpg;63;1
20/20_00365.jpg;63;1
20/20_00366.jpg;63;1
20/20_00367.jpg;63;1
20/20_00368.jpg;63;1
20/20_00369.jpg;63;1
20/20_00370.jpg;63;1
20/20_00371.jpg;63;1
20/20_00372.jpg;63;1
20/20_00373.jpg;63;1
20/20_00374.jpg;63;1
20/20_00375.jpg;63;1
20/20_00376.jpg;63;1
20/20_00377.jpg;63;1
20/20_00378.jpg;63;1
20/20_00379.jpg;63;1
20/20_00380.jpg;63;1
20/20_00381.jpg;63;1
20/20_00382.jpg;63;1
20/20_00383.jpg;63;1
20/20_00384.jpg;63;1
20/20_00385.jpg;63;1
20/20_00386.jpg;63;1
20/20_00387.jpg;63;1
20/20_00388.jpg;63;1
20/20_00389.jpg;63;1
20/20_00390.jpg;63;1
20/20_00391.jpg;63;1
20/20_00392.jpg;63;1
20/20_00393.jpg;63;1
20/20_00394.jpg;63;1
20/20_00395.jpg;63;1
20/20_00396.jpg;63;1
20/20_00397.jpg;63;1
20/20_00398.jpg;63;1
20/20_00399.jpg;63;1
20/20_00400.jpg;63;1
20/20_00401.jpg;63;1
20/20_00402.jpg;63;1
20/20_00403.jpg;63;1
20/20_00404.jpg;63;1
20/20_00405.jpg;63;1
20/20_00406.jpg;63;1
20/20_00407.jpg;63;1
20/20_00408.jpg;63;1
20/20_00409.jpg;63;1
20/20_00410.jpg;63;1
20/20_00411.jpg;63;1
20/20_00412.jpg;63;1
20/20_00413.jpg;63;1
20/20_00414.jpg;63;1
20/20_00415.jpg;63;1
20/20_00416.jpg;63;1
20/20_00417.jpg;63;1
20/20_00418.jpg;63;1
20/20_00419.jpg;63;1
20/20_00420.jpg;63;1
20/20_00421.jpg;63;1
20/20_00422.jpg;63;1
20/20_00423.jpg;63;1
20/20_00424.jpg;63;1
20/20_00425.jpg;63;1
20/20_00426.jpg;63;1
20/20_00427.jpg;63;1
20/20_00428.jpg;63;1
20/20_00429.jpg;63;1
20/20_00430.jpg;63;1
20/20_00431.jpg;63;1
20/20_00432.jpg;63;1
20/20_00433.jpg;63;1
20/20_00434.jpg;63;1
20/20_00435.jpg;63;1
20/20_00436.jpg;63;1
20/20_00437.jpg;63;1
20/20_00438.jpg;63;1
20/20_00439.jpg;63;1
20/20_00440.jpg;63;1
20/20_00441.jpg;63;1
20/20_00442.jpg;63;1
20/20_00443.jpg;63;1
20/20_00444.jpg;63;1
20/20_00445.jpg;63;1
20/20_00446.jpg;63;1
20/20_00447.jpg;63;1
20/20_00448.jpg;63;1
20/20_00449.jpg;63;1
20/20_00450.jpg;63;1
20/20_00451.jpg;63;1
20/20_00452.jpg;63;1
20/20_00453.jpg;63;1
20/20_00454.jpg;63;1
20/20_00455.jpg;63;1
20/20_00456.jpg;63;1
20/20_00457.jpg;63;1
20/20_00458.jpg;63;1
20/20_00459.jpg;63;1
20/20_00460.jpg;63;1
20/20_00461.jpg;63;1
20/20_00462.jpg;63;1
20/20_00463.jpg;63;1
20/20_00464.jpg;63;1
20/20_00465.jpg;63;1
20/20_00466.jpg;63;1
20/20_00467.jpg;63;1
20/20_00468.jpg;63;1
20/20_00469.jpg;63;1
20/20_00470.jpg;63;1
20/20_00471.jpg;63;1
20/20_00472.jpg;63;1
20/20_00473.jpg;63;1
20/20_00474.jpg;63;1
20/20_00475.jpg;63;1
20/20_00476.jpg;63;1
20/20_00477.jpg;63;1
20/20_00478.jpg;63;1
20/20_00479.jpg;63;1
20/20_00480.jpg;63;1
20/20_00481.jpg;63;1
20/20_00482.jpg;63;1
20/20_00483.jpg;63;1
20/20_00484.jpg;63;1
20/20_00485.jpg;63;1
20/20_00486.jpg;63;1
20/20_00487.jpg;63;1
20/20_00488.jpg;63;1
20/20_00489.jpg;63;1
20/20_00490.jpg;63;1
20/20_00491.jpg;63;1
20/20_00492.jpg;63;1
20/20_00493.jpg;63;1
20/20_00494.jpg;63;1
20/20_00495.jpg;63;1
20/20_00496.jpg;63;1
20/20_00497.jpg;63;1
20/20_00498.jpg;63;1
20/20_00499.jpg;63;1
20/20_00500.jpg;63;1
20/20_00501.jpg;63;1
20/20_00502.jpg;63;1
20/20_00503.jpg;63;1
20/20_00504.jpg;63;1
20/20_00505.jpg;63;1
20/20_00506.jpg;63;1
20/20_00507.jpg;63;1
20/20_00508.jpg;63;1
20/20_00509.jpg;63;1
20/20_00510.jpg;63;1
20/20_00511.jpg;63;1
20/20_00512.jpg;63;1
20/20_00513.jpg;63;1
20/20_00514.jpg;63;1
20/20_00515.jpg;63;1
20/20_00516.jpg;63;1
20/20_00517.jpg;63;1
20/20_00518.jpg;63;1
20/20_00519.jpg;63;1
20/20_00520.jpg;63;1
20/20_00521.jpg;63;1
20/20_00522.jpg;63;1
20/20_00523.jpg;63;1
20/20_00524.jpg;63;1
20/20_00525.jpg;63;1
20/20_00526.jpg;63;1
20/20_00527.jpg;63;1
20/20_00528.jpg;63;1
20/20_00529.jpg;63;1
20/20_00530.jpg;63;1
20/20_00531.jpg;63;1
20/20_00532.jpg;63;1
20/20_00533.jpg;63;1
20/20_00534.jpg;63;1
20/20_00535.jpg;63;1
20/20_00536.jpg;63;1
20/20_00537.jpg;63;1
20/20_00538.jpg;63;1
20/20_00539.jpg;63;1
20/20_00540.jpg;63;1
20/20_00541.jpg;63;1
20/20_00542.jpg;63;1
20/20_00543.jpg;63;1
20/20_00544.jpg;63;1
20/20_00545.jpg;63;1
20/20_00546.jpg;63;1
20/20_00547.jpg;63;1
20/20_00548.jpg;63;1
20/20_00549.jpg;63;1
20/20_00550.jpg;63;1
20/20_00551.jpg;63;1
20/20_00552.jpg;63;1
20/20_00553.jpg;63;1
20/20_00554.jpg;63;1
20/20_00555.jpg;63;1
20/20_00556.jpg;63;1
20/20_00557.jpg;63;1
20/20_00558.jpg;63;1
20/20_00559.jpg;63;1
20/20_00560.jpg;63;1
20/20_00561.jpg;63;1
20/20_00562.jpg;63;1
20/20_00563.jpg;63;1
20/20_00564.jpg;63;1
20/20_00565.jpg;63;1
20/20_00566.jpg;63;1
20/20_00567.jpg;63;1
20/20_00568.jpg;63;1
20/20_00569.jpg;63;1
20/20_00570.jpg;63;1
20/20_00571.jpg;63;1
20/20_00572.jpg;63;1
20/20_00573.jpg;63;1
20/20_00574.jpg;63;1
20/20_00575.jpg;63;1
20/20_00576.jpg;63;1
20/20_00577.jpg;63;1
20/20_00578.jpg;63;1
20/20_00579.jpg;63;1
20/20_00580.jpg;63;1
20/20_00581.jpg;63;1
20/20_00582.jpg;63;1
20/20_00583.jpg;63;1
20/20_00584.jpg;63;1
20/20_00585.jpg;63;1
20/20_00586.jpg;63;1
20/20_00587.jpg;63;1
20/20_00588.jpg;63;1
20/20_00589.jpg;63;1
20/20_00590.jpg;63;1
20/20_00591.jpg;63;1
20/20_00592.jpg;63;1
20/20_00593.jpg;63;1
20/20_00594.jpg;63;1
20/20_00595.jpg;63;1
20/20_00596.jpg;63;1
20/20_00597.jpg;63;1
20/20_00598.jpg;63;1
20/20_00599.jpg;63;1
20/20_00600.jpg;63;1
20/20_00601.jpg;63;1
20/20_00602.jpg;63;1
20/20_00603.jpg;63;1
20/20_00604.jpg;63;1
20/20_00605.jpg;63;1
20/20_00606.jpg;63;1
20/20_00607.jpg;63;1
20/20_00608.jpg;63;1
20/20_00609.jpg;63;1
20/20_00610.jpg;63;1
20/20_00611.jpg;63;1
20/20_00612.jpg;63;1
20/20_00613.jpg;63;1
20/20_00614.jpg;63;1
20/20_00615.jpg;63;1
20/20_00616.jpg;63;1
20/20_00617.jpg;63;1
20/20_00618.jpg;63;1
20/20_00619.jpg;63;1
20/20_00620.jpg;63;1
20/20_00621.jpg;63;1
20/20_00622.jpg;63;1
20/20_00623.jpg;63;1
20/20_00624.jpg;63;1
20/20_00625.jpg;63;1
20/20_00626.jpg;63;1
20/20_00627.jpg;63;1
20/20_00628.jpg;63;1
20/20_00629.jpg;63;1
20/20_00630.jpg;63;1
20/20_00631.jpg;63;1
20/20_00632.jpg;63;1
20/20_00633.jpg;63;1
20/20_00634.jpg;63;1
20/20_00635.jpg;63;1
20/20_00636.jpg;63;1
20/20_00637.jpg;63;1
20/20_00638.jpg;63;1
20/20_00639.jpg;63;1
20/20_00640.jpg;63;1
20/20_00641.jpg;63;1
20/20_00642.jpg;63;1
20/20_00643.jpg;63;1
20/20_00644.jpg;63;1
20/20_00645.jpg;63;1
20/20_00646.jpg;63;1
20/20_00647.jpg;63;1
20/20_00648.jpg;63;1
20/20_00649.jpg;63;1
20/20_00650.jpg;63;1
20/20_00651.jpg;63;1
20/20_00652.jpg;63;1
20/20_00653.jpg;63;1
20/20_00654.jpg;63;1
20/20_00655.jpg;63;1
20/20_00656.jpg;63;1
20/20_00657.jpg;63;1
20/20_00658.jpg;63;1
20/20_00659.jpg;63;1
20/20_00660.jpg;63;1
20/20_00661.jpg;63;1
20/20_00662.jpg;63;1
20/20_00663.jpg;63;1
20/20_00664.jpg;63;1
20/20_00665.jpg;63;1
20/20_00666.jpg;63;1
20/20_00667.jpg;63;1
20/20_00668.jpg;63;1
20/20_00669.jpg;63;1
20/20_00670.jpg;63;1
20/20_00671.jpg;63;1
20/20_00672.jpg;63;1
20/20_00673.jpg;63;1
20/20_00674.jpg;63;1
20/20_00675.jpg;63;1
20/20_00676.jpg;63;1
20/20_00677.jpg;63;1
20/20_00678.jpg;63;1
20/20_00679.jpg;63;1
20/20_00680.jpg;63;1
20/20_00681.jpg;63;1
20/20_00682.jpg;63;1
20/20_00683.jpg;63;1
20/20_00684.jpg;63;1
20/20_00685.jpg;63;1
20/20_00686.jpg;63;1
20/20_00687.jpg;63;1
20/20_00688.jpg;63;1
20/20_00689.jpg;63;1
20/20_00690.jpg;63;1
20/20_00691.jpg;63;1
20/20_00692.jpg;63;1
20/20_00693.jpg;63;1
20/20_00694.jpg;63;1
20/20_00695.jpg;63;1
20/20_00696.jpg;63;1
20/20_00697.jpg;63;1
20/20_00698.jpg;63;1
20/20_00699.jpg;63;1
20/20_00700.jpg;63;1
20/20_00701.jpg;63;1
20/20_00702.jpg;63;1
20/20_00703.jpg;63;1
20/20_00704.jpg;63;1
20/20_00705.jpg;63;1
20/20_00706.jpg;63;1
20/20_00707.jpg;63;1
20/20_00708.jpg;63;1
20/20_00709.jpg;63;1
20/20_00710.jpg;63;1
20/20_00711.jpg;63;1
20/20_00712.jpg;63;1
20/20_00713.jpg;63;1
20/20_00714.jpg;63;1
20/20_00715.jpg;63;1
20/20_00716.jpg;63;1
20/20_00717.jpg;63;1
20/20_00718.jpg;63;1
20/20_00719.jpg;63;1
20/20_00720.jpg;63;1
20/20_00721.jpg;63;1
20/20_00722.jpg;63;1
20/20_00723.jpg;63;1
20/20_00724.jpg;63;1
20/20_00725.jpg;63;1
20/20_00726.jpg;63;1
20/20_00727.jpg;63;1
20/20_00728.jpg;63;1
20/20_00729.jpg;63;1
20/20_00730.jpg;63;1
20/20_00731.jpg;63;1
20/20_00732.jpg;63;1
20/20_00733.jpg;63;1
20/20_00734.jpg;63;1
20/20_00735.jpg;63;1
20/20_00736.jpg;63;1
20/20_00737.jpg;63;1
20/20_00738.jpg;63;1
20/20_00739.jpg;63;1
20/20_00740.jpg;63;1
20/20_00741.jpg;63;1
20/20_00742.jpg;63;1
20/20_00743.jpg;63;1
20/20_00744.jpg;63;1
20/20_00745.jpg;63;1
20/20_00746.jpg;63;1
20/20_00747.jpg;63;1
20/20_00748.jpg;63;1
20/20_00749.jpg;63;1
20/20_00750.jpg;63;1
20/20_00751.jpg;63;1
20/20_00752.jpg;63;1
20/20_00753.jpg;63;1
20/20_00754.jpg;63;1
20/20_00755.jpg;63;1
20/20_00756.jpg;63;1
20/20_00757.jpg;63;1
20/20_00758.jpg;63;1
20/20_00759.jpg;63;1
20/20_00760.jpg;63;1
20/20_00761.jpg;63;1
20/20_00762.jpg;63;1
20/20_00763.jpg;63;1
20/20_00764.jpg;63;1
20/20_00765.jpg;63;1
20/20_00766.jpg;63;1
20/20_00767.jpg;63;1
20/20_00768.jpg;63;1
20/20_00769.jpg;63;1
20/20_00770.jpg;63;1
20/20_00771.jpg;63;1
20/20_00772.jpg;63;1
20/20_00773.jpg;63;1
20/20_00774.jpg;63;1
20/20_00775.jpg;63;1
20/20_00776.jpg;63;1
20/20_00777.jpg;63;1
20/20_00778.jpg;63;1
20/20_00779.jpg;63;1
20/20_00780.jpg;63;1
20/20_00781.jpg;63;1
20/20_00782.jpg;63;1
20/20_00783.jpg;63;1
20/20_00784.jpg;63;1
20/20_00785.jpg;63;1
20/20_00786.jpg;63;1
20/20_00787.jpg;63;1
20/20_00788.jpg;63;1
20/20_00789.jpg;63;1
20/20_00790.jpg;63;1
20/20_00791.jpg;63;1
20/20_00792.jpg;63;1
20/20_00793.jpg;63;1
20/20_00794.jpg;63;1
20/20_00795.jpg;63;1
20/20_00796.jpg;63;1
20/20_00797.jpg;63;1
20/20_00798.jpg;63;1
20/20_00799.jpg;63;1
20/20_00800.jpg;63;1
20/20_00801.jpg;63;1
20/20_00802.jpg;63;1
20/20_00803.jpg;63;1
20/20_00804.jpg;63;1
20/20_00805.jpg;63;1
20/20_00806.jpg;63;1
20/20_00807.jpg;63;1
20/20_00808.jpg;63;1
20/20_00809.jpg;63;1
20/20_00810.jpg;63;1
20/20_00811.jpg;63;1
20/20_00812.jpg;63;1
20/20_00813.jpg;63;1
20/20_00814.jpg;63;1
20/20_00815.jpg;63;1
20/20_00816.jpg;63;1
20/20_00817.jpg;63;1
20/20_00818.jpg;63;1
20/20_00819.jpg;63;1
20/20_00820.jpg;63;1
20/20_00821.jpg;63;1
20/20_00822.jpg;63;1
20/20_00823.jpg;63;1
20/20_00824.jpg;63;1
20/20_00825.jpg;63;1
20/20_00826.jpg;63;1
20/20_00827.jpg;63;1
20/20_00828.jpg;63;1
20/20_00829.jpg;63;1
20/20_00830.jpg;63;1
20/20_00831.jpg;63;1
20/20_00832.jpg;63;1
20/20_00833.jpg;63;1
20/20_00834.jpg;63;1
20/20_00835.jpg;63;1
20/20_00836.jpg;63;1
20/20_00837.jpg;63;1
20/20_00838.jpg;63;1
20/20_00839.jpg;63;1
20/20_00840.jpg;63;1
20/20_00841.jpg;63;1
20/20_00842.jpg;63;1
20/20_00843.jpg;63;1
20/20_00844.jpg;63;1
20/20_00845.jpg;63;1
20/20_00846.jpg;63;1
20/20_00847.jpg;63;1
20/20_00848.jpg;63;1
20/20_00849.jpg;63;1
20/20_00850.jpg;63;1
20/20_00851.jpg;63;1
20/20_00852.jpg;63;1
20/20_00853.jpg;63;1
20/20_00854.jpg;63;1
20/20_00855.jpg;63;1
20/20_00856.jpg;63;1
20/20_00857.jpg;63;1
20/20_00858.jpg;63;1
20/20_00859.jpg;63;1
20/20_00860.jpg;63;1
20/20_00861.jpg;63;1
20/20_00862.jpg;63;1
20/20_00863.jpg;63;1
20/20_00864.jpg;63;1
20/20_00865.jpg;63;1
20/20_00866.jpg;63;1
20/20_00867.jpg;63;1
20/20_00868.jpg;63;1
20/20_00869.jpg;63;1
20/20_00870.jpg;63;1
20/20_00871.jpg;63;1
20/20_00872.jpg;63;1
20/20_00873.jpg;63;1
20/20_00874.jpg;63;1
20/20_00875.jpg;63;1
20/20_00876.jpg;63;1
20/20_00877.jpg;63;1
20/20_00878.jpg;63;1
20/20_00879.jpg;63;1
20/20_00880.jpg;63;1
20/20_00881.jpg;63;1
20/20_00882.jpg;63;1
20/20_00883.jpg;63;1
20/20_00884.jpg;63;1
20/20_00885.jpg;63;1
20/20_00886.jpg;63;1
20/20_00887.jpg;63;1
20/20_00888.jpg;63;1
20/20_00889.jpg;63;1
20/20_00890.jpg;63;1
20/20_00891.jpg;63;1
20/20_00892.jpg;63;1
20/20_00893.jpg;63;1
20/20_00894.jpg;63;1
20/20_00895.jpg;63;1
20/20_00896.jpg;63;1
20/20_00897.jpg;63;1
20/20_00898.jpg;63;1
20/20_00899.jpg;63;1
20/20_00900.jpg;63;1
20/20_00901.jpg;63;1
20/20_00902.jpg;63;1
20/20_00903.jpg;63;1
20/20_00904.jpg;63;1
20/20_00905.jpg;63;1
20/20_00906.jpg;63;1
20/20_00907.jpg;63;1
20/20_00908.jpg;63;1
20/20_00909.jpg;63;1
20/20_00910.jpg;63;1
20/20_00911.jpg;63;1
20/20_00912.jpg;63;1
20/20_00913.jpg;63;1
20/20_00914.jpg;63;1
20/20_00915.jpg;63;1
20/20_00916.jpg;63;1
20/20_00917.jpg;63;1
20/20_00918.jpg;63;1
20/20_00919.jpg;63;1
20/20_00920.jpg;63;1
20/20_00921.jpg;63;1
20/20_00922.jpg;63;1
20/20_00923.jpg;63;1
20/20_00924.jpg;63;1
20/20_00925.jpg;63;1
20/20_00926.jpg;63;1
20/20_00927.jpg;63;1
20/20_00928.jpg;63;1
20/20_00929.jpg;63;1
20/20_00930.jpg;63;1
20/20_00931.jpg;63;1
20/20_00932.jpg;63;1
20/20_00933.jpg;63;1
20/20_00934.jpg;63;1
20/20_00935.jpg;63;1
20/20_00936.jpg;63;1
20/20_00937.jpg;63;1
20/20_00938.jpg;63;1
20/20_00939.jpg;63;1
20/20_00940.jpg;63;1
20/20_00941.jpg;63;1
20/20_00942.jpg;63;1
20/20_00943.jpg;63;1
20/20_00944.jpg;63;1
20/20_00945.jpg;63;1
20/20_00946.jpg;63;1
20/20_00947.jpg;63;1
20/20_00948.jpg;63;1
20/20_00949.jpg;63;1
20/20_00950.jpg;63;1
20/20_00951.jpg;63;1
20/20_00952.jpg;63;1
20/20_00953.jpg;63;1
20/20_00954.jpg;63;1
20/20_00955.jpg;63;1
20/20_00956.jpg;63;1
20/20_00957.jpg;63;1
20/20_00958.jpg;63;1
20/20_00959.jpg;63;1
20/20_00960.jpg;63;1
20/20_00961.jpg;63;1
20/20_00962.jpg;63;1
20/20_00963.jpg;63;1
20/20_00964.jpg;63;1
20/20_00965.jpg;63;1
20/20_00966.jpg;63;1
20/20_00967.jpg;63;1
20/20_00968.jpg;63;1
20/20_00969.jpg;63;1
20/20_00970.jpg;63;1
20/20_00971.jpg;63;1
20/20_00972.jpg;63;1
20/20_00973.jpg;63;1
20/20_00974.jpg;63;1
20/20_00975.jpg;63;1
20/20_00976.jpg;63;1
20/20_00977.jpg;63;1
20/20_00978.jpg;63;1
20/20_00979.jpg;63;1
20/20_00980.jpg;63;1
20/20_00981.jpg;63;1
20/20_00982.jpg;63;1
20/20_00983.jpg;63;1
20/20_00984.jpg;63;1
20/20_00985.jpg;63;1
20/20_00986.jpg;63;1
20/20_00987.jpg;63;1
20/20_00988.jpg;63;1
20/20_00989.jpg;63;1
20/20_00990.jpg;63;1
20/20_00991.jpg;63;1
20/20_00992.jpg;63;1
20/20_00993.jpg;63;1
20/20_00994.jpg;63;1
20/20_00995.jpg;63;1
20/20_00996.jpg;63;1
20/20_00997.jpg;63;1
20/20_00998.jpg;63;1
20/20_00999.jpg;63;1
20/20_01000.jpg;63;1
20/20_01001.jpg;63;1
20/20_01002.jpg;63;1
20/20_01003.jpg;63;1
20/20_01004.jpg;63;1
20/20_01005.jpg;63;1
20/20_01006.jpg;63;1
20/20_01007.jpg;63;1
20/20_01008.jpg;63;1
20/20_01009.jpg;63;1
20/20_01010.jpg;63;1
20/20_01011.jpg;63;1
20/20_01012.jpg;63;1
20/20_01013.jpg;63;1
20/20_01014.jpg;63;1
20/20_01015.jpg;63;1
20/20_01016.jpg;63;1
20/20_01017.jpg;63;1
20/20_01018.jpg;63;1
20/20_01019.jpg;63;1
20/20_01020.jpg;63;1
20/20_01021.jpg;63;1
20/20_01022.jpg;63;1
20/20_01023.jpg;63;1
20/20_01024.jpg;63;1
20/20_01025.jpg;63;1
20/20_01026.jpg;63;1
20/20_01027.jpg;63;1
20/20_01028.jpg;63;1
20/20_01029.jpg;63;1
20/20_01030.jpg;63;1
20/20_01031.jpg;63;1
20/20_01032.jpg;63;1
20/20_01033.jpg;63;1
20/20_01034.jpg;63;1
20/20_01035.jpg;63;1
20/20_01036.jpg;63;1
20/20_01037.jpg;63;1
20/20_01038.jpg;63;1
20/20_01039.jpg;63;1
20/20_01040.jpg;63;1
20/20_01041.jpg;63;1
20/20_01042.jpg;63;1
20/20_01043.jpg;63;1
20/20_01044.jpg;63;1
20/20_01045.jpg;63;1
20/20_01046.jpg;63;1
20/20_01047.jpg;63;1
20/20_01048.jpg;63;1
20/20_01049.jpg;63;1
20/20_01050.jpg;63;1
20/20_01051.jpg;63;1
20/20_01052.jpg;63;1
20/20_01053.jpg;63;1
20/20_01054.jpg;63;1
20/20_01055.jpg;63;1
20/20_01056.jpg;63;1
20/20_01057.jpg;63;1
20/20_01058.jpg;63;1
20/20_01059.jpg;63;1
20/20_01060.jpg;63;1
20/20_01061.jpg;63;1
20/20_01062.jpg;63;1
20/20_01063.jpg;63;1
20/20_01064.jpg;63;1
20/20_01065.jpg;63;1
20/20_01066.jpg;63;1
20/20_01067.jpg;63;1
20/20_01068.jpg;63;1
20/20_01069.jpg;63;1
20/20_01070.jpg;63;1
20/20_01071.jpg;63;1
20/20_01072.jpg;63;1
20/20_01073.jpg;63;1
20/20_01074.jpg;63;1
20/20_01075.jpg;63;1
21/21_00001.jpg;64;1
21/21_00002.jpg;64;1
21/21_00003.jpg;64;1
21/21_00004.jpg;64;1
21/21_00005.jpg;64;1
21/21_00006.jpg;64;1
21/21_00007.jpg;64;1
21/21_00008.jpg;64;1
21/21_00009.jpg;64;1
21/21_00010.jpg;64;1
21/21_00011.jpg;64;1
21/21_00012.jpg;64;1
21/21_00013.jpg;64;1
21/21_00014.jpg;64;1
21/21_00015.jpg;64;1
21/21_00016.jpg;64;1
21/21_00017.jpg;64;1
21/21_00018.jpg;64;1
21/21_00019.jpg;64;1
21/21_00020.jpg;64;1
21/21_00021.jpg;64;1
21/21_00022.jpg;64;1
21/21_00023.jpg;64;1
21/21_00024.jpg;64;1
21/21_00025.jpg;64;1
21/21_00026.jpg;64;1
21/21_00027.jpg;64;1
21/21_00028.jpg;64;1
21/21_00029.jpg;64;1
21/21_00030.jpg;64;1
21/21_00031.jpg;64;1
21/21_00032.jpg;64;1
21/21_00033.jpg;64;1
21/21_00034.jpg;64;1
21/21_00035.jpg;64;1
21/21_00036.jpg;64;1
21/21_00037.jpg;64;1
21/21_00038.jpg;64;1
21/21_00039.jpg;64;1
21/21_00040.jpg;64;1
21/21_00041.jpg;64;1
21/21_00042.jpg;64;1
21/21_00043.jpg;64;1
21/21_00044.jpg;64;1
21/21_00045.jpg;64;1
21/21_00046.jpg;64;1
21/21_00047.jpg;64;1
21/21_00048.jpg;64;1
21/21_00049.jpg;64;1
21/21_00050.jpg;64;1
21/21_00051.jpg;64;1
21/21_00052.jpg;64;1
21/21_00053.jpg;64;1
21/21_00054.jpg;64;1
21/21_00055.jpg;64;1
21/21_00056.jpg;64;1
21/21_00057.jpg;64;1
21/21_00058.jpg;64;1
21/21_00059.jpg;64;1
21/21_00060.jpg;64;1
21/21_00061.jpg;64;1
21/21_00062.jpg;64;1
21/21_00063.jpg;64;1
21/21_00064.jpg;64;1
21/21_00065.jpg;64;1
21/21_00066.jpg;64;1
21/21_00067.jpg;64;1
21/21_00068.jpg;64;1
21/21_00069.jpg;64;1
21/21_00070.jpg;64;1
21/21_00071.jpg;64;1
21/21_00072.jpg;64;1
21/21_00073.jpg;64;1
21/21_00074.jpg;64;1
21/21_00075.jpg;64;1
21/21_00076.jpg;64;1
21/21_00077.jpg;64;1
21/21_00078.jpg;64;1
21/21_00079.jpg;64;1
21/21_00080.jpg;64;1
21/21_00081.jpg;64;1
21/21_00082.jpg;64;1
21/21_00083.jpg;64;1
21/21_00084.jpg;64;1
21/21_00085.jpg;64;1
21/21_00086.jpg;64;1
21/21_00087.jpg;64;1
21/21_00088.jpg;64;1
21/21_00089.jpg;64;1
21/21_00090.jpg;64;1
21/21_00091.jpg;64;1
21/21_00092.jpg;64;1
21/21_00093.jpg;64;1
21/21_00094.jpg;64;1
21/21_00095.jpg;64;1
21/21_00096.jpg;64;1
21/21_00097.jpg;64;1
21/21_00098.jpg;64;1
21/21_00099.jpg;64;1
21/21_00100.jpg;64;1
21/21_00101.jpg;64;1
21/21_00102.jpg;64;1
21/21_00103.jpg;64;1
21/21_00104.jpg;64;1
21/21_00105.jpg;64;1
21/21_00106.jpg;64;1
21/21_00107.jpg;64;1
21/21_00108.jpg;64;1
21/21_00109.jpg;64;1
21/21_00110.jpg;64;1
21/21_00111.jpg;64;1
21/21_00112.jpg;64;1
21/21_00113.jpg;64;1
21/21_00114.jpg;64;1
21/21_00115.jpg;64;1
21/21_00116.jpg;64;1
21/21_00117.jpg;64;1
21/21_00118.jpg;64;1
21/21_00119.jpg;64;1
21/21_00120.jpg;64;1
21/21_00121.jpg;64;1
21/21_00122.jpg;64;1
21/21_00123.jpg;64;1
21/21_00124.jpg;64;1
21/21_00125.jpg;64;1
21/21_00126.jpg;64;1
21/21_00127.jpg;64;1
21/21_00128.jpg;64;1
21/21_00129.jpg;64;1
21/21_00130.jpg;64;1
21/21_00131.jpg;64;1
21/21_00132.jpg;64;1
21/21_00133.jpg;64;1
21/21_00134.jpg;64;1
21/21_00135.jpg;64;1
21/21_00136.jpg;64;1
21/21_00137.jpg;64;1
21/21_00138.jpg;64;1
21/21_00139.jpg;64;1
21/21_00140.jpg;64;1
21/21_00141.jpg;64;1
21/21_00142.jpg;64;1
21/21_00143.jpg;64;1
21/21_00144.jpg;64;1
21/21_00145.jpg;64;1
21/21_00146.jpg;64;1
21/21_00147.jpg;64;1
21/21_00148.jpg;64;1
21/21_00149.jpg;64;1
21/21_00150.jpg;64;1
21/21_00151.jpg;64;1
21/21_00152.jpg;64;1
21/21_00153.jpg;64;1
21/21_00154.jpg;64;1
21/21_00155.jpg;64;1
21/21_00156.jpg;64;1
21/21_00157.jpg;64;1
21/21_00158.jpg;64;1
21/21_00159.jpg;64;1
21/21_00160.jpg;64;1
21/21_00161.jpg;64;1
21/21_00162.jpg;64;1
21/21_00163.jpg;64;1
21/21_00164.jpg;64;1
21/21_00165.jpg;64;1
21/21_00166.jpg;64;1
21/21_00167.jpg;64;1
21/21_00168.jpg;64;1
21/21_00169.jpg;64;1
21/21_00170.jpg;64;1
21/21_00171.jpg;64;1
21/21_00172.jpg;64;1
21/21_00173.jpg;64;1
21/21_00174.jpg;64;1
21/21_00175.jpg;64;1
21/21_00176.jpg;64;1
21/21_00177.jpg;64;1
21/21_00178.jpg;64;1
21/21_00179.jpg;64;1
21/21_00180.jpg;64;1
21/21_00181.jpg;64;1
21/21_00182.jpg;64;1
21/21_00183.jpg;64;1
21/21_00184.jpg;64;1
21/21_00185.jpg;64;1
21/21_00186.jpg;64;1
21/21_00187.jpg;64;1
21/21_00188.jpg;64;1
21/21_00189.jpg;64;1
21/21_00190.jpg;64;1
21/21_00191.jpg;64;1
21/21_00192.jpg;64;1
21/21_00193.jpg;64;1
21/21_00194.jpg;64;1
21/21_00195.jpg;64;1
21/21_00196.jpg;64;1
21/21_00197.jpg;64;1
21/21_00198.jpg;64;1
21/21_00199.jpg;64;1
21/21_00200.jpg;64;1
21/21_00201.jpg;64;1
21/21_00202.jpg;64;1
21/21_00203.jpg;64;1
21/21_00204.jpg;64;1
21/21_00205.jpg;64;1
21/21_00206.jpg;64;1
21/21_00207.jpg;64;1
21/21_00208.jpg;64;1
21/21_00209.jpg;64;1
21/21_00210.jpg;64;1
22/22_00001.jpg;65;1
22/22_00002.jpg;65;1
22/22_00003.jpg;65;1
22/22_00004.jpg;65;1
22/22_00005.jpg;65;1
22/22_00006.jpg;65;1
22/22_00007.jpg;65;1
22/22_00008.jpg;65;1
22/22_00009.jpg;65;1
22/22_00010.jpg;65;1
22/22_00011.jpg;65;1
22/22_00012.jpg;65;1
22/22_00013.jpg;65;1
22/22_00014.jpg;65;1
22/22_00015.jpg;65;1
22/22_00016.jpg;65;1
22/22_00017.jpg;65;1
22/22_00018.jpg;65;1
22/22_00019.jpg;65;1
22/22_00020.jpg;65;1
22/22_00021.jpg;65;1
22/22_00022.jpg;65;1
22/22_00023.jpg;65;1
22/22_00024.jpg;65;1
22/22_00025.jpg;65;1
22/22_00026.jpg;65;1
22/22_00027.jpg;65;1
22/22_00028.jpg;65;1
22/22_00029.jpg;65;1
22/22_00030.jpg;65;1
22/22_00031.jpg;65;1
22/22_00032.jpg;65;1
22/22_00033.jpg;65;1
22/22_00034.jpg;65;1
22/22_00035.jpg;65;1
22/22_00036.jpg;65;1
22/22_00037.jpg;65;1
22/22_00038.jpg;65;1
22/22_00039.jpg;65;1
22/22_00040.jpg;65;1
22/22_00041.jpg;65;1
22/22_00042.jpg;65;1
22/22_00043.jpg;65;1
22/22_00044.jpg;65;1
22/22_00045.jpg;65;1
22/22_00046.jpg;65;1
22/22_00047.jpg;65;1
22/22_00048.jpg;65;1
22/22_00049.jpg;65;1
22/22_00050.jpg;65;1
22/22_00051.jpg;65;1
22/22_00052.jpg;65;1
22/22_00053.jpg;65;1
22/22_00054.jpg;65;1
22/22_00055.jpg;65;1
22/22_00056.jpg;65;1
22/22_00057.jpg;65;1
22/22_00058.jpg;65;1
22/22_00059.jpg;65;1
22/22_00060.jpg;65;1
22/22_00061.jpg;65;1
22/22_00062.jpg;65;1
22/22_00063.jpg;65;1
22/22_00064.jpg;65;1
22/22_00065.jpg;65;1
22/22_00066.jpg;65;1
22/22_00067.jpg;65;1
22/22_00068.jpg;65;1
22/22_00069.jpg;65;1
22/22_00070.jpg;65;1
22/22_00071.jpg;65;1
22/22_00072.jpg;65;1
22/22_00073.jpg;65;1
22/22_00074.jpg;65;1
22/22_00075.jpg;65;1
22/22_00076.jpg;65;1
22/22_00077.jpg;65;1
22/22_00078.jpg;65;1
22/22_00079.jpg;65;1
22/22_00080.jpg;65;1
22/22_00081.jpg;65;1
22/22_00082.jpg;65;1
22/22_00083.jpg;65;1
22/22_00084.jpg;65;1
22/22_00085.jpg;65;1
22/22_00086.jpg;65;1
22/22_00087.jpg;65;1
22/22_00088.jpg;65;1
22/22_00089.jpg;65;1
22/22_00090.jpg;65;1
22/22_00091.jpg;65;1
22/22_00092.jpg;65;1
22/22_00093.jpg;65;1
22/22_00094.jpg;65;1
22/22_00095.jpg;65;1
22/22_00096.jpg;65;1
22/22_00097.jpg;65;1
22/22_00098.jpg;65;1
22/22_00099.jpg;65;1
22/22_00100.jpg;65;1
22/22_00101.jpg;65;1
22/22_00102.jpg;65;1
22/22_00103.jpg;65;1
22/22_00104.jpg;65;1
22/22_00105.jpg;65;1
22/22_00106.jpg;65;1
22/22_00107.jpg;65;1
22/22_00108.jpg;65;1
22/22_00109.jpg;65;1
22/22_00110.jpg;65;1
22/22_00111.jpg;65;1
22/22_00112.jpg;65;1
22/22_00113.jpg;65;1
22/22_00114.jpg;65;1
22/22_00115.jpg;65;1
22/22_00116.jpg;65;1
22/22_00117.jpg;65;1
22/22_00118.jpg;65;1
22/22_00119.jpg;65;1
22/22_00120.jpg;65;1
22/22_00121.jpg;65;1
22/22_00122.jpg;65;1
22/22_00123.jpg;65;1
22/22_00124.jpg;65;1
22/22_00125.jpg;65;1
22/22_00126.jpg;65;1
22/22_00127.jpg;65;1
22/22_00128.jpg;65;1
22/22_00129.jpg;65;1
22/22_00130.jpg;65;1
22/22_00131.jpg;65;1
22/22_00132.jpg;65;1
22/22_00133.jpg;65;1
22/22_00134.jpg;65;1
22/22_00135.jpg;65;1
22/22_00136.jpg;65;1
22/22_00137.jpg;65;1
22/22_00138.jpg;65;1
22/22_00139.jpg;65;1
22/22_00140.jpg;65;1
22/22_00141.jpg;65;1
22/22_00142.jpg;65;1
22/22_00143.jpg;65;1
22/22_00144.jpg;65;1
22/22_00145.jpg;65;1
22/22_00146.jpg;65;1
22/22_00147.jpg;65;1
22/22_00148.jpg;65;1
22/22_00149.jpg;65;1
22/22_00150.jpg;65;1
22/22_00151.jpg;65;1
22/22_00152.jpg;65;1
22/22_00153.jpg;65;1
22/22_00154.jpg;65;1
22/22_00155.jpg;65;1
22/22_00156.jpg;65;1
22/22_00157.jpg;65;1
22/22_00158.jpg;65;1
22/22_00159.jpg;65;1
22/22_00160.jpg;65;1
22/22_00161.jpg;65;1
22/22_00162.jpg;65;1
22/22_00163.jpg;65;1
22/22_00164.jpg;65;1
22/22_00165.jpg;65;1
22/22_00166.jpg;65;1
22/22_00167.jpg;65;1
22/22_00168.jpg;65;1
22/22_00169.jpg;65;1
22/22_00170.jpg;65;1
22/22_00171.jpg;65;1
22/22_00172.jpg;65;1
22/22_00173.jpg;65;1
22/22_00174.jpg;65;1
22/22_00175.jpg;65;1
22/22_00176.jpg;65;1
22/22_00177.jpg;65;1
22/22_00178.jpg;65;1
22/22_00179.jpg;65;1
22/22_00180.jpg;65;1
22/22_00181.jpg;65;1
22/22_00182.jpg;65;1
22/22_00183.jpg;65;1
22/22_00184.jpg;65;1
22/22_00185.jpg;65;1
22/22_00186.jpg;65;1
22/22_00187.jpg;65;1
22/22_00188.jpg;65;1
22/22_00189.jpg;65;1
22/22_00190.jpg;65;1
22/22_00191.jpg;65;1
22/22_00192.jpg;65;1
22/22_00193.jpg;65;1
22/22_00194.jpg;65;1
22/22_00195.jpg;65;1
22/22_00196.jpg;65;1
22/22_00197.jpg;65;1
22/22_00198.jpg;65;1
22/22_00199.jpg;65;1
22/22_00200.jpg;65;1
22/22_00201.jpg;65;1
22/22_00202.jpg;65;1
22/22_00203.jpg;65;1
22/22_00204.jpg;65;1
22/22_00205.jpg;65;1
22/22_00206.jpg;65;1
22/22_00207.jpg;65;1
22/22_00208.jpg;65;1
22/22_00209.jpg;65;1
22/22_00210.jpg;65;1
22/22_00211.jpg;65;1
22/22_00212.jpg;65;1
22/22_00213.jpg;65;1
22/22_00214.jpg;65;1
22/22_00215.jpg;65;1
22/22_00216.jpg;65;1
22/22_00217.jpg;65;1
22/22_00218.jpg;65;1
22/22_00219.jpg;65;1
22/22_00220.jpg;65;1
22/22_00221.jpg;65;1
22/22_00222.jpg;65;1
22/22_00223.jpg;65;1
22/22_00224.jpg;65;1
22/22_00225.jpg;65;1
22/22_00226.jpg;65;1
22/22_00227.jpg;65;1
22/22_00228.jpg;65;1
22/22_00229.jpg;65;1
22/22_00230.jpg;65;1
22/22_00231.jpg;65;1
22/22_00232.jpg;65;1
22/22_00233.jpg;65;1
22/22_00234.jpg;65;1
22/22_00235.jpg;65;1
22/22_00236.jpg;65;1
22/22_00237.jpg;65;1
22/22_00238.jpg;65;1
22/22_00239.jpg;65;1
22/22_00240.jpg;65;1
22/22_00241.jpg;65;1
22/22_00242.jpg;65;1
22/22_00243.jpg;65;1
22/22_00244.jpg;65;1
22/22_00245.jpg;65;1
22/22_00246.jpg;65;1
22/22_00247.jpg;65;1
22/22_00248.jpg;65;1
22/22_00249.jpg;65;1
22/22_00250.jpg;65;1
22/22_00251.jpg;65;1
22/22_00252.jpg;65;1
22/22_00253.jpg;65;1
22/22_00254.jpg;65;1
22/22_00255.jpg;65;1
22/22_00256.jpg;65;1
22/22_00257.jpg;65;1
22/22_00258.jpg;65;1
22/22_00259.jpg;65;1
22/22_00260.jpg;65;1
22/22_00261.jpg;65;1
22/22_00262.jpg;65;1
22/22_00263.jpg;65;1
22/22_00264.jpg;65;1
22/22_00265.jpg;65;1
22/22_00266.jpg;65;1
22/22_00267.jpg;65;1
22/22_00268.jpg;65;1
22/22_00269.jpg;65;1
22/22_00270.jpg;65;1
22/22_00271.jpg;65;1
22/22_00272.jpg;65;1
22/22_00273.jpg;65;1
22/22_00274.jpg;65;1
22/22_00275.jpg;65;1
22/22_00276.jpg;65;1
22/22_00277.jpg;65;1
22/22_00278.jpg;65;1
22/22_00279.jpg;65;1
22/22_00280.jpg;65;1
22/22_00281.jpg;65;1
22/22_00282.jpg;65;1
22/22_00283.jpg;65;1
22/22_00284.jpg;65;1
22/22_00285.jpg;65;1
22/22_00286.jpg;65;1
22/22_00287.jpg;65;1
22/22_00288.jpg;65;1
22/22_00289.jpg;65;1
22/22_00290.jpg;65;1
22/22_00291.jpg;65;1
22/22_00292.jpg;65;1
22/22_00293.jpg;65;1
22/22_00294.jpg;65;1
22/22_00295.jpg;65;1
22/22_00296.jpg;65;1
22/22_00297.jpg;65;1
22/22_00298.jpg;65;1
22/22_00299.jpg;65;1
22/22_00300.jpg;65;1
22/22_00301.jpg;65;1
22/22_00302.jpg;65;1
22/22_00303.jpg;65;1
22/22_00304.jpg;65;1
22/22_00305.jpg;65;1
22/22_00306.jpg;65;1
22/22_00307.jpg;65;1
22/22_00308.jpg;65;1
22/22_00309.jpg;65;1
22/22_00310.jpg;65;1
22/22_00311.jpg;65;1
22/22_00312.jpg;65;1
22/22_00313.jpg;65;1
22/22_00314.jpg;65;1
22/22_00315.jpg;65;1
22/22_00316.jpg;65;1
22/22_00317.jpg;65;1
22/22_00318.jpg;65;1
22/22_00319.jpg;65;1
22/22_00320.jpg;65;1
22/22_00321.jpg;65;1
22/22_00322.jpg;65;1
22/22_00323.jpg;65;1
22/22_00324.jpg;65;1
22/22_00325.jpg;65;1
22/22_00326.jpg;65;1
22/22_00327.jpg;65;1
22/22_00328.jpg;65;1
22/22_00329.jpg;65;1
22/22_00330.jpg;65;1
22/22_00331.jpg;65;1
22/22_00332.jpg;65;1
22/22_00333.jpg;65;1
22/22_00334.jpg;65;1
22/22_00335.jpg;65;1
22/22_00336.jpg;65;1
22/22_00337.jpg;65;1
22/22_00338.jpg;65;1
22/22_00339.jpg;65;1
22/22_00340.jpg;65;1
22/22_00341.jpg;65;1
22/22_00342.jpg;65;1
22/22_00343.jpg;65;1
22/22_00344.jpg;65;1
22/22_00345.jpg;65;1
22/22_00346.jpg;65;1
22/22_00347.jpg;65;1
22/22_00348.jpg;65;1
22/22_00349.jpg;65;1
22/22_00350.jpg;65;1
22/22_00351.jpg;65;1
22/22_00352.jpg;65;1
22/22_00353.jpg;65;1
22/22_00354.jpg;65;1
22/22_00355.jpg;65;1
22/22_00356.jpg;65;1
22/22_00357.jpg;65;1
22/22_00358.jpg;65;1
22/22_00359.jpg;65;1
22/22_00360.jpg;65;1
22/22_00361.jpg;65;1
22/22_00362.jpg;65;1
22/22_00363.jpg;65;1
22/22_00364.jpg;65;1
22/22_00365.jpg;65;1
22/22_00366.jpg;65;1
22/22_00367.jpg;65;1
22/22_00368.jpg;65;1
22/22_00369.jpg;65;1
22/22_00370.jpg;65;1
22/22_00371.jpg;65;1
22/22_00372.jpg;65;1
22/22_00373.jpg;65;1
22/22_00374.jpg;65;1
22/22_00375.jpg;65;1
22/22_00376.jpg;65;1
22/22_00377.jpg;65;1
22/22_00378.jpg;65;1
22/22_00379.jpg;65;1
22/22_00380.jpg;65;1
22/22_00381.jpg;65;1
22/22_00382.jpg;65;1
22/22_00383.jpg;65;1
22/22_00384.jpg;65;1
22/22_00385.jpg;65;1
22/22_00386.jpg;65;1
22/22_00387.jpg;65;1
22/22_00388.jpg;65;1
22/22_00389.jpg;65;1
22/22_00390.jpg;65;1
22/22_00391.jpg;65;1
22/22_00392.jpg;65;1
22/22_00393.jpg;65;1
22/22_00394.jpg;65;1
22/22_00395.jpg;65;1
22/22_00396.jpg;65;1
22/22_00397.jpg;65;1
22/22_00398.jpg;65;1
22/22_00399.jpg;65;1
22/22_00400.jpg;65;1
22/22_00401.jpg;65;1
22/22_00402.jpg;65;1
22/22_00403.jpg;65;1
22/22_00404.jpg;65;1
22/22_00405.jpg;65;1
22/22_00406.jpg;65;1
22/22_00407.jpg;65;1
22/22_00408.jpg;65;1
22/22_00409.jpg;65;1
22/22_00410.jpg;65;1
22/22_00411.jpg;65;1
22/22_00412.jpg;65;1
22/22_00413.jpg;65;1
22/22_00414.jpg;65;1
22/22_00415.jpg;65;1
22/22_00416.jpg;65;1
22/22_00417.jpg;65;1
22/22_00418.jpg;65;1
22/22_00419.jpg;65;1
22/22_00420.jpg;65;1
22/22_00421.jpg;65;1
22/22_00422.jpg;65;1
22/22_00423.jpg;65;1
22/22_00424.jpg;65;1
22/22_00425.jpg;65;1
22/22_00426.jpg;65;1
22/22_00427.jpg;65;1
22/22_00428.jpg;65;1
22/22_00429.jpg;65;1
22/22_00430.jpg;65;1
22/22_00431.jpg;65;1
22/22_00432.jpg;65;1
22/22_00433.jpg;65;1
22/22_00434.jpg;65;1
22/22_00435.jpg;65;1
22/22_00436.jpg;65;1
22/22_00437.jpg;65;1
22/22_00438.jpg;65;1
22/22_00439.jpg;65;1
22/22_00440.jpg;65;1
22/22_00441.jpg;65;1
22/22_00442.jpg;65;1
22/22_00443.jpg;65;1
22/22_00444.jpg;65;1
22/22_00445.jpg;65;1
22/22_00446.jpg;65;1
22/22_00447.jpg;65;1
22/22_00448.jpg;65;1
22/22_00449.jpg;65;1
22/22_00450.jpg;65;1
22/22_00451.jpg;65;1
22/22_00452.jpg;65;1
22/22_00453.jpg;65;1
22/22_00454.jpg;65;1
22/22_00455.jpg;65;1
22/22_00456.jpg;65;1
22/22_00457.jpg;65;1
22/22_00458.jpg;65;1
22/22_00459.jpg;65;1
22/22_00460.jpg;65;1
22/22_00461.jpg;65;1
22/22_00462.jpg;65;1
22/22_00463.jpg;65;1
22/22_00464.jpg;65;1
22/22_00465.jpg;65;1
22/22_00466.jpg;65;1
22/22_00467.jpg;65;1
22/22_00468.jpg;65;1
22/22_00469.jpg;65;1
22/22_00470.jpg;65;1
22/22_00471.jpg;65;1
22/22_00472.jpg;65;1
22/22_00473.jpg;65;1
22/22_00474.jpg;65;1
22/22_00475.jpg;65;1
22/22_00476.jpg;65;1
22/22_00477.jpg;65;1
22/22_00478.jpg;65;1
22/22_00479.jpg;65;1
22/22_00480.jpg;65;1
22/22_00481.jpg;65;1
22/22_00482.jpg;65;1
22/22_00483.jpg;65;1
22/22_00484.jpg;65;1
22/22_00485.jpg;65;1
22/22_00486.jpg;65;1
22/22_00487.jpg;65;1
22/22_00488.jpg;65;1
22/22_00489.jpg;65;1
22/22_00490.jpg;65;1
22/22_00491.jpg;65;1
22/22_00492.jpg;65;1
22/22_00493.jpg;65;1
22/22_00494.jpg;65;1
22/22_00495.jpg;65;1
22/22_00496.jpg;65;1
22/22_00497.jpg;65;1
22/22_00498.jpg;65;1
22/22_00499.jpg;65;1
22/22_00500.jpg;65;1
22/22_00501.jpg;65;1
22/22_00502.jpg;65;1
22/22_00503.jpg;65;1
22/22_00504.jpg;65;1
22/22_00505.jpg;65;1
22/22_00506.jpg;65;1
22/22_00507.jpg;65;1
22/22_00508.jpg;65;1
22/22_00509.jpg;65;1
22/22_00510.jpg;65;1
22/22_00511.jpg;65;1
22/22_00512.jpg;65;1
22/22_00513.jpg;65;1
22/22_00514.jpg;65;1
22/22_00515.jpg;65;1
22/22_00516.jpg;65;1
22/22_00517.jpg;65;1
22/22_00518.jpg;65;1
22/22_00519.jpg;65;1
22/22_00520.jpg;65;1
22/22_00521.jpg;65;1
22/22_00522.jpg;65;1
22/22_00523.jpg;65;1
22/22_00524.jpg;65;1
22/22_00525.jpg;65;1
22/22_00526.jpg;65;1
22/22_00527.jpg;65;1
22/22_00528.jpg;65;1
22/22_00529.jpg;65;1
22/22_00530.jpg;65;1
22/22_00531.jpg;65;1
22/22_00532.jpg;65;1
22/22_00533.jpg;65;1
22/22_00534.jpg;65;1
22/22_00535.jpg;65;1
22/22_00536.jpg;65;1
22/22_00537.jpg;65;1
22/22_00538.jpg;65;1
22/22_00539.jpg;65;1
22/22_00540.jpg;65;1
22/22_00541.jpg;65;1
22/22_00542.jpg;65;1
22/22_00543.jpg;65;1
22/22_00544.jpg;65;1
22/22_00545.jpg;65;1
22/22_00546.jpg;65;1
22/22_00547.jpg;65;1
22/22_00548.jpg;65;1
22/22_00549.jpg;65;1
22/22_00550.jpg;65;1
22/22_00551.jpg;65;1
22/22_00552.jpg;65;1
22/22_00553.jpg;65;1
22/22_00554.jpg;65;1
22/22_00555.jpg;65;1
22/22_00556.jpg;65;1
22/22_00557.jpg;65;1
22/22_00558.jpg;65;1
22/22_00559.jpg;65;1
22/22_00560.jpg;65;1
22/22_00561.jpg;65;1
22/22_00562.jpg;65;1
22/22_00563.jpg;65;1
22/22_00564.jpg;65;1
22/22_00565.jpg;65;1
22/22_00566.jpg;65;1
22/22_00567.jpg;65;1
22/22_00568.jpg;65;1
22/22_00569.jpg;65;1
22/22_00570.jpg;65;1
22/22_00571.jpg;65;1
22/22_00572.jpg;65;1
22/22_00573.jpg;65;1
22/22_00574.jpg;65;1
22/22_00575.jpg;65;1
22/22_00576.jpg;65;1
22/22_00577.jpg;65;1
22/22_00578.jpg;65;1
22/22_00579.jpg;65;1
22/22_00580.jpg;65;1
22/22_00581.jpg;65;1
22/22_00582.jpg;65;1
22/22_00583.jpg;65;1
22/22_00584.jpg;65;1
22/22_00585.jpg;65;1
22/22_00586.jpg;65;1
22/22_00587.jpg;65;1
22/22_00588.jpg;65;1
22/22_00589.jpg;65;1
22/22_00590.jpg;65;1
22/22_00591.jpg;65;1
22/22_00592.jpg;65;1
22/22_00593.jpg;65;1
22/22_00594.jpg;65;1
22/22_00595.jpg;65;1
22/22_00596.jpg;65;1
22/22_00597.jpg;65;1
22/22_00598.jpg;65;1
22/22_00599.jpg;65;1
22/22_00600.jpg;65;1
22/22_00601.jpg;65;1
22/22_00602.jpg;65;1
22/22_00603.jpg;65;1
22/22_00604.jpg;65;1
22/22_00605.jpg;65;1
22/22_00606.jpg;65;1
22/22_00607.jpg;65;1
22/22_00608.jpg;65;1
22/22_00609.jpg;65;1
22/22_00610.jpg;65;1
22/22_00611.jpg;65;1
22/22_00612.jpg;65;1
22/22_00613.jpg;65;1
22/22_00614.jpg;65;1
22/22_00615.jpg;65;1
22/22_00616.jpg;65;1
22/22_00617.jpg;65;1
22/22_00618.jpg;65;1
22/22_00619.jpg;65;1
22/22_00620.jpg;65;1
22/22_00621.jpg;65;1
22/22_00622.jpg;65;1
22/22_00623.jpg;65;1
22/22_00624.jpg;65;1
22/22_00625.jpg;65;1
22/22_00626.jpg;65;1
22/22_00627.jpg;65;1
22/22_00628.jpg;65;1
22/22_00629.jpg;65;1
22/22_00630.jpg;65;1
22/22_00631.jpg;65;1
22/22_00632.jpg;65;1
22/22_00633.jpg;65;1
22/22_00634.jpg;65;1
22/22_00635.jpg;65;1
22/22_00636.jpg;65;1
22/22_00637.jpg;65;1
22/22_00638.jpg;65;1
22/22_00639.jpg;65;1
22/22_00640.jpg;65;1
22/22_00641.jpg;65;1
22/22_00642.jpg;65;1
22/22_00643.jpg;65;1
22/22_00644.jpg;65;1
22/22_00645.jpg;65;1
22/22_00646.jpg;65;1
22/22_00647.jpg;65;1
22/22_00648.jpg;65;1
22/22_00649.jpg;65;1
22/22_00650.jpg;65;1
22/22_00651.jpg;65;1
22/22_00652.jpg;65;1
22/22_00653.jpg;65;1
22/22_00654.jpg;65;1
22/22_00655.jpg;65;1
22/22_00656.jpg;65;1
22/22_00657.jpg;65;1
22/22_00658.jpg;65;1
22/22_00659.jpg;65;1
22/22_00660.jpg;65;1
22/22_00661.jpg;65;1
22/22_00662.jpg;65;1
22/22_00663.jpg;65;1
22/22_00664.jpg;65;1
22/22_00665.jpg;65;1
22/22_00666.jpg;65;1
22/22_00667.jpg;65;1
22/22_00668.jpg;65;1
22/22_00669.jpg;65;1
22/22_00670.jpg;65;1
22/22_00671.jpg;65;1
22/22_00672.jpg;65;1
22/22_00673.jpg;65;1
22/22_00674.jpg;65;1
22/22_00675.jpg;65;1
22/22_00676.jpg;65;1
22/22_00677.jpg;65;1
22/22_00678.jpg;65;1
22/22_00679.jpg;65;1
22/22_00680.jpg;65;1
22/22_00681.jpg;65;1
22/22_00682.jpg;65;1
22/22_00683.jpg;65;1
22/22_00684.jpg;65;1
23/23_00001.jpg;66;1
23/23_00002.jpg;66;1
23/23_00003.jpg;66;1
23/23_00004.jpg;66;1
23/23_00005.jpg;66;1
23/23_00006.jpg;66;1
23/23_00007.jpg;66;1
23/23_00008.jpg;66;1
23/23_00009.jpg;66;1
23/23_00010.jpg;66;1
23/23_00011.jpg;66;1
23/23_00012.jpg;66;1
23/23_00013.jpg;66;1
23/23_00014.jpg;66;1
23/23_00015.jpg;66;1
23/23_00016.jpg;66;1
23/23_00017.jpg;66;1
23/23_00018.jpg;66;1
23/23_00019.jpg;66;1
23/23_00020.jpg;66;1
23/23_00021.jpg;66;1
23/23_00022.jpg;66;1
23/23_00023.jpg;66;1
23/23_00024.jpg;66;1
23/23_00025.jpg;66;1
23/23_00026.jpg;66;1
23/23_00027.jpg;66;1
23/23_00028.jpg;66;1
23/23_00029.jpg;66;1
23/23_00030.jpg;66;1
23/23_00031.jpg;66;1
23/23_00032.jpg;66;1
23/23_00033.jpg;66;1
23/23_00034.jpg;66;1
23/23_00035.jpg;66;1
23/23_00036.jpg;66;1
23/23_00037.jpg;66;1
23/23_00038.jpg;66;1
23/23_00039.jpg;66;1
23/23_00040.jpg;66;1
23/23_00041.jpg;66;1
23/23_00042.jpg;66;1
23/23_00043.jpg;66;1
23/23_00044.jpg;66;1
23/23_00045.jpg;66;1
23/23_00046.jpg;66;1
23/23_00047.jpg;66;1
23/23_00048.jpg;66;1
23/23_00049.jpg;66;1
23/23_00050.jpg;66;1
23/23_00051.jpg;66;1
23/23_00052.jpg;66;1
23/23_00053.jpg;66;1
23/23_00054.jpg;66;1
23/23_00055.jpg;66;1
23/23_00056.jpg;66;1
23/23_00057.jpg;66;1
23/23_00058.jpg;66;1
23/23_00059.jpg;66;1
23/23_00060.jpg;66;1
23/23_00061.jpg;66;1
23/23_00062.jpg;66;1
23/23_00063.jpg;66;1
23/23_00064.jpg;66;1
23/23_00065.jpg;66;1
23/23_00066.jpg;66;1
23/23_00067.jpg;66;1
23/23_00068.jpg;66;1
23/23_00069.jpg;66;1
23/23_00070.jpg;66;1
23/23_00071.jpg;66;1
23/23_00072.jpg;66;1
23/23_00073.jpg;66;1
23/23_00074.jpg;66;1
23/23_00075.jpg;66;1
23/23_00076.jpg;66;1
23/23_00077.jpg;66;1
23/23_00078.jpg;66;1
23/23_00079.jpg;66;1
23/23_00080.jpg;66;1
23/23_00081.jpg;66;1
23/23_00082.jpg;66;1
23/23_00083.jpg;66;1
23/23_00084.jpg;66;1
23/23_00085.jpg;66;1
23/23_00086.jpg;66;1
23/23_00087.jpg;66;1
23/23_00088.jpg;66;1
23/23_00089.jpg;66;1
23/23_00090.jpg;66;1
23/23_00091.jpg;66;1
23/23_00092.jpg;66;1
23/23_00093.jpg;66;1
23/23_00094.jpg;66;1
23/23_00095.jpg;66;1
23/23_00096.jpg;66;1
23/23_00097.jpg;66;1
23/23_00098.jpg;66;1
23/23_00099.jpg;66;1
23/23_00100.jpg;66;1
23/23_00101.jpg;66;1
23/23_00102.jpg;66;1
23/23_00103.jpg;66;1
23/23_00104.jpg;66;1
23/23_00105.jpg;66;1
23/23_00106.jpg;66;1
23/23_00107.jpg;66;1
23/23_00108.jpg;66;1
23/23_00109.jpg;66;1
23/23_00110.jpg;66;1
23/23_00111.jpg;66;1
23/23_00112.jpg;66;1
23/23_00113.jpg;66;1
23/23_00114.jpg;66;1
23/23_00115.jpg;66;1
23/23_00116.jpg;66;1
23/23_00117.jpg;66;1
23/23_00118.jpg;66;1
23/23_00119.jpg;66;1
24/24_00001.jpg;67;1
24/24_00002.jpg;67;1
24/24_00003.jpg;67;1
24/24_00004.jpg;67;1
24/24_00005.jpg;67;1
24/24_00006.jpg;67;1
24/24_00007.jpg;67;1
24/24_00008.jpg;67;1
24/24_00009.jpg;67;1
24/24_00010.jpg;67;1
24/24_00011.jpg;67;1
24/24_00012.jpg;67;1
24/24_00013.jpg;67;1
24/24_00014.jpg;67;1
24/24_00015.jpg;67;1
24/24_00016.jpg;67;1
24/24_00017.jpg;67;1
24/24_00018.jpg;67;1
24/24_00019.jpg;67;1
24/24_00020.jpg;67;1
24/24_00021.jpg;67;1
24/24_00022.jpg;67;1
24/24_00023.jpg;67;1
24/24_00024.jpg;67;1
24/24_00025.jpg;67;1
24/24_00026.jpg;67;1
24/24_00027.jpg;67;1
24/24_00028.jpg;67;1
24/24_00029.jpg;67;1
24/24_00030.jpg;67;1
24/24_00031.jpg;67;1
24/24_00032.jpg;67;1
24/24_00033.jpg;67;1
24/24_00034.jpg;67;1
24/24_00035.jpg;67;1
24/24_00036.jpg;67;1
24/24_00037.jpg;67;1
24/24_00038.jpg;67;1
24/24_00039.jpg;67;1
24/24_00040.jpg;67;1
24/24_00041.jpg;67;1
24/24_00042.jpg;67;1
24/24_00043.jpg;67;1
24/24_00044.jpg;67;1
24/24_00045.jpg;67;1
24/24_00046.jpg;67;1
24/24_00047.jpg;67;1
24/24_00048.jpg;67;1
24/24_00049.jpg;67;1
24/24_00050.jpg;67;1
24/24_00051.jpg;67;1
24/24_00052.jpg;67;1
24/24_00053.jpg;67;1
24/24_00054.jpg;67;1
24/24_00055.jpg;67;1
24/24_00056.jpg;67;1
24/24_00057.jpg;67;1
24/24_00058.jpg;67;1
24/24_00059.jpg;67;1
24/24_00060.jpg;67;1
24/24_00061.jpg;67;1
24/24_00062.jpg;67;1
24/24_00063.jpg;67;1
24/24_00064.jpg;67;1
24/24_00065.jpg;67;1
24/24_00066.jpg;67;1
24/24_00067.jpg;67;1
24/24_00068.jpg;67;1
24/24_00069.jpg;67;1
24/24_00070.jpg;67;1
24/24_00071.jpg;67;1
24/24_00072.jpg;67;1
24/24_00073.jpg;67;1
24/24_00074.jpg;67;1
24/24_00075.jpg;67;1
24/24_00076.jpg;67;1
24/24_00077.jpg;67;1
24/24_00078.jpg;67;1
24/24_00079.jpg;67;1
24/24_00080.jpg;67;1
24/24_00081.jpg;67;1
24/24_00082.jpg;67;1
24/24_00083.jpg;67;1
24/24_00084.jpg;67;1
24/24_00085.jpg;67;1
24/24_00086.jpg;67;1
24/24_00087.jpg;67;1
24/24_00088.jpg;67;1
24/24_00089.jpg;67;1
24/24_00090.jpg;67;1
24/24_00091.jpg;67;1
24/24_00092.jpg;67;1
24/24_00093.jpg;67;1
24/24_00094.jpg;67;1
24/24_00095.jpg;67;1
24/24_00096.jpg;67;1
24/24_00097.jpg;67;1
24/24_00098.jpg;67;1
24/24_00099.jpg;67;1
24/24_00100.jpg;67;1
24/24_00101.jpg;67;1
24/24_00102.jpg;67;1
24/24_00103.jpg;67;1
24/24_00104.jpg;67;1
24/24_00105.jpg;67;1
24/24_00106.jpg;67;1
24/24_00107.jpg;67;1
24/24_00108.jpg;67;1
24/24_00109.jpg;67;1
24/24_00110.jpg;67;1
24/24_00111.jpg;67;1
24/24_00112.jpg;67;1
24/24_00113.jpg;67;1
24/24_00114.jpg;67;1
24/24_00115.jpg;67;1
24/24_00116.jpg;67;1
24/24_00117.jpg;67;1
24/24_00118.jpg;67;1
24/24_00119.jpg;67;1
24/24_00120.jpg;67;1
24/24_00121.jpg;67;1
24/24_00122.jpg;67;1
24/24_00123.jpg;67;1
24/24_00124.jpg;67;1
24/24_00125.jpg;67;1
24/24_00126.jpg;67;1
24/24_00127.jpg;67;1
24/24_00128.jpg;67;1
24/24_00129.jpg;67;1
24/24_00130.jpg;67;1
24/24_00131.jpg;67;1
24/24_00132.jpg;67;1
24/24_00133.jpg;67;1
24/24_00134.jpg;67;1
24/24_00135.jpg;67;1
24/24_00136.jpg;67;1
24/24_00137.jpg;67;1
24/24_00138.jpg;67;1
24/24_00139.jpg;67;1
24/24_00140.jpg;67;1
24/24_00141.jpg;67;1
24/24_00142.jpg;67;1
24/24_00143.jpg;67;1
24/24_00144.jpg;67;1
24/24_00145.jpg;67;1
24/24_00146.jpg;67;1
24/24_00147.jpg;67;1
24/24_00148.jpg;67;1
24/24_00149.jpg;67;1
24/24_00150.jpg;67;1
24/24_00151.jpg;67;1
24/24_00152.jpg;67;1
24/24_00153.jpg;67;1
24/24_00154.jpg;67;1
24/24_00155.jpg;67;1
24/24_00156.jpg;67;1
24/24_00157.jpg;67;1
24/24_00158.jpg;67;1
24/24_00159.jpg;67;1
24/24_00160.jpg;67;1
24/24_00161.jpg;67;1
24/24_00162.jpg;67;1
24/24_00163.jpg;67;1
24/24_00164.jpg;67;1
24/24_00165.jpg;67;1
24/24_00166.jpg;67;1
24/24_00167.jpg;67;1
24/24_00168.jpg;67;1
24/24_00169.jpg;67;1
24/24_00170.jpg;67;1
24/24_00171.jpg;67;1
24/24_00172.jpg;67;1
24/24_00173.jpg;67;1
24/24_00174.jpg;67;1
24/24_00175.jpg;67;1
24/24_00176.jpg;67;1
24/24_00177.jpg;67;1
24/24_00178.jpg;67;1
24/24_00179.jpg;67;1
24/24_00180.jpg;67;1
24/24_00181.jpg;67;1
24/24_00182.jpg;67;1
24/24_00183.jpg;67;1
24/24_00184.jpg;67;1
24/24_00185.jpg;67;1
24/24_00186.jpg;67;1
24/24_00187.jpg;67;1
24/24_00188.jpg;67;1
24/24_00189.jpg;67;1
24/24_00190.jpg;67;1
24/24_00191.jpg;67;1
24/24_00192.jpg;67;1
24/24_00193.jpg;67;1
24/24_00194.jpg;67;1
24/24_00195.jpg;67;1
24/24_00196.jpg;67;1
24/24_00197.jpg;67;1
24/24_00198.jpg;67;1
24/24_00199.jpg;67;1
24/24_00200.jpg;67;1
24/24_00201.jpg;67;1
24/24_00202.jpg;67;1
24/24_00203.jpg;67;1
24/24_00204.jpg;67;1
24/24_00205.jpg;67;1
24/24_00206.jpg;67;1
24/24_00207.jpg;67;1
24/24_00208.jpg;67;1
24/24_00209.jpg;67;1
24/24_00210.jpg;67;1
24/24_00211.jpg;67;1
24/24_00212.jpg;67;1
24/24_00213.jpg;67;1
24/24_00214.jpg;67;1
24/24_00215.jpg;67;1
24/24_00216.jpg;67;1
24/24_00217.jpg;67;1
24/24_00218.jpg;67;1
24/24_00219.jpg;67;1
24/24_00220.jpg;67;1
24/24_00221.jpg;67;1
24/24_00222.jpg;67;1
24/24_00223.jpg;67;1
24/24_00224.jpg;67;1
24/24_00225.jpg;67;1
24/24_00226.jpg;67;1
24/24_00227.jpg;67;1
24/24_00228.jpg;67;1
24/24_00229.jpg;67;1
25/25_00001.jpg;68;1
25/25_00002.jpg;68;1
25/25_00003.jpg;68;1
25/25_00004.jpg;68;1
25/25_00005.jpg;68;1
25/25_00006.jpg;68;1
25/25_00007.jpg;68;1
25/25_00008.jpg;68;1
25/25_00009.jpg;68;1
25/25_00010.jpg;68;1
25/25_00011.jpg;68;1
25/25_00012.jpg;68;1
25/25_00013.jpg;68;1
25/25_00014.jpg;68;1
25/25_00015.jpg;68;1
25/25_00016.jpg;68;1
25/25_00017.jpg;68;1
25/25_00018.jpg;68;1
25/25_00019.jpg;68;1
25/25_00020.jpg;68;1
25/25_00021.jpg;68;1
25/25_00022.jpg;68;1
25/25_00023.jpg;68;1
25/25_00024.jpg;68;1
25/25_00025.jpg;68;1
25/25_00026.jpg;68;1
25/25_00027.jpg;68;1
25/25_00028.jpg;68;1
25/25_00029.jpg;68;1
25/25_00030.jpg;68;1
25/25_00031.jpg;68;1
25/25_00032.jpg;68;1
25/25_00033.jpg;68;1
25/25_00034.jpg;68;1
25/25_00035.jpg;68;1
25/25_00036.jpg;68;1
25/25_00037.jpg;68;1
25/25_00038.jpg;68;1
25/25_00039.jpg;68;1
25/25_00040.jpg;68;1
25/25_00041.jpg;68;1
25/25_00042.jpg;68;1
25/25_00043.jpg;68;1
25/25_00044.jpg;68;1
25/25_00045.jpg;68;1
25/25_00046.jpg;68;1
25/25_00047.jpg;68;1
25/25_00048.jpg;68;1
25/25_00049.jpg;68;1
25/25_00050.jpg;68;1
25/25_00051.jpg;68;1
25/25_00052.jpg;68;1
25/25_00053.jpg;68;1
25/25_00054.jpg;68;1
25/25_00055.jpg;68;1
25/25_00056.jpg;68;1
25/25_00057.jpg;68;1
25/25_00058.jpg;68;1
25/25_00059.jpg;68;1
25/25_00060.jpg;68;1
25/25_00061.jpg;68;1
25/25_00062.jpg;68;1
25/25_00063.jpg;68;1
25/25_00064.jpg;68;1
25/25_00065.jpg;68;1
25/25_00066.jpg;68;1
25/25_00067.jpg;68;1
25/25_00068.jpg;68;1
25/25_00069.jpg;68;1
25/25_00070.jpg;68;1
25/25_00071.jpg;68;1
25/25_00072.jpg;68;1
25/25_00073.jpg;68;1
25/25_00074.jpg;68;1
25/25_00075.jpg;68;1
25/25_00076.jpg;68;1
25/25_00077.jpg;68;1
25/25_00078.jpg;68;1
25/25_00079.jpg;68;1
25/25_00080.jpg;68;1
25/25_00081.jpg;68;1
25/25_00082.jpg;68;1
25/25_00083.jpg;68;1
25/25_00084.jpg;68;1
25/25_00085.jpg;68;1
25/25_00086.jpg;68;1
25/25_00087.jpg;68;1
25/25_00088.jpg;68;1
25/25_00089.jpg;68;1
25/25_00090.jpg;68;1
25/25_00091.jpg;68;1
25/25_00092.jpg;68;1
25/25_00093.jpg;68;1
25/25_00094.jpg;68;1
25/25_00095.jpg;68;1
25/25_00096.jpg;68;1
25/25_00097.jpg;68;1
25/25_00098.jpg;68;1
25/25_00099.jpg;68;1
25/25_00100.jpg;68;1
25/25_00101.jpg;68;1
25/25_00102.jpg;68;1
25/25_00103.jpg;68;1
25/25_00104.jpg;68;1
25/25_00105.jpg;68;1
25/25_00106.jpg;68;1
25/25_00107.jpg;68;1
25/25_00108.jpg;68;1
25/25_00109.jpg;68;1
25/25_00110.jpg;68;1
25/25_00111.jpg;68;1
25/25_00112.jpg;68;1
25/25_00113.jpg;68;1
25/25_00114.jpg;68;1
25/25_00115.jpg;68;1
25/25_00116.jpg;68;1
25/25_00117.jpg;68;1
25/25_00118.jpg;68;1
25/25_00119.jpg;68;1
25/25_00120.jpg;68;1
25/25_00121.jpg;68;1
25/25_00122.jpg;68;1
25/25_00123.jpg;68;1
25/25_00124.jpg;68;1
25/25_00125.jpg;68;1
25/25_00126.jpg;68;1
25/25_00127.jpg;68;1
25/25_00128.jpg;68;1
25/25_00129.jpg;68;1
25/25_00130.jpg;68;1
25/25_00131.jpg;68;1
25/25_00132.jpg;68;1
25/25_00133.jpg;68;1
25/25_00134.jpg;68;1
25/25_00135.jpg;68;1
25/25_00136.jpg;68;1
25/25_00137.jpg;68;1
25/25_00138.jpg;68;1
25/25_00139.jpg;68;1
25/25_00140.jpg;68;1
25/25_00141.jpg;68;1
25/25_00142.jpg;68;1
25/25_00143.jpg;68;1
25/25_00144.jpg;68;1
25/25_00145.jpg;68;1
25/25_00146.jpg;68;1
25/25_00147.jpg;68;1
25/25_00148.jpg;68;1
25/25_00149.jpg;68;1
25/25_00150.jpg;68;1
25/25_00151.jpg;68;1
25/25_00152.jpg;68;1
25/25_00153.jpg;68;1
25/25_00154.jpg;68;1
25/25_00155.jpg;68;1
25/25_00156.jpg;68;1
25/25_00157.jpg;68;1
25/25_00158.jpg;68;1
25/25_00159.jpg;68;1
25/25_00160.jpg;68;1
25/25_00161.jpg;68;1
25/25_00162.jpg;68;1
25/25_00163.jpg;68;1
25/25_00164.jpg;68;1
25/25_00165.jpg;68;1
25/25_00166.jpg;68;1
25/25_00167.jpg;68;1
25/25_00168.jpg;68;1
25/25_00169.jpg;68;1
25/25_00170.jpg;68;1
25/25_00171.jpg;68;1
25/25_00172.jpg;68;1
25/25_00173.jpg;68;1
25/25_00174.jpg;68;1
25/25_00175.jpg;68;1
25/25_00176.jpg;68;1
25/25_00177.jpg;68;1
25/25_00178.jpg;68;1
25/25_00179.jpg;68;1
25/25_00180.jpg;68;1
25/25_00181.jpg;68;1
25/25_00182.jpg;68;1
25/25_00183.jpg;68;1
25/25_00184.jpg;68;1
25/25_00185.jpg;68;1
25/25_00186.jpg;68;1
25/25_00187.jpg;68;1
25/25_00188.jpg;68;1
25/25_00189.jpg;68;1
25/25_00190.jpg;68;1
25/25_00191.jpg;68;1
25/25_00192.jpg;68;1
25/25_00193.jpg;68;1
25/25_00194.jpg;68;1
25/25_00195.jpg;68;1
25/25_00196.jpg;68;1
25/25_00197.jpg;68;1
25/25_00198.jpg;68;1
25/25_00199.jpg;68;1
25/25_00200.jpg;68;1
25/25_00201.jpg;68;1
25/25_00202.jpg;68;1
25/25_00203.jpg;68;1
25/25_00204.jpg;68;1
25/25_00205.jpg;68;1
25/25_00206.jpg;68;1
25/25_00207.jpg;68;1
25/25_00208.jpg;68;1
25/25_00209.jpg;68;1
25/25_00210.jpg;68;1
25/25_00211.jpg;68;1
25/25_00212.jpg;68;1
25/25_00213.jpg;68;1
25/25_00214.jpg;68;1
25/25_00215.jpg;68;1
25/25_00216.jpg;68;1
25/25_00217.jpg;68;1
25/25_00218.jpg;68;1
25/25_00219.jpg;68;1
25/25_00220.jpg;68;1
25/25_00221.jpg;68;1
25/25_00222.jpg;68;1
25/25_00223.jpg;68;1
25/25_00224.jpg;68;1
25/25_00225.jpg;68;1
25/25_00226.jpg;68;1
25/25_00227.jpg;68;1
25/25_00228.jpg;68;1
25/25_00229.jpg;68;1
25/25_00230.jpg;68;1
25/25_00231.jpg;68;1
25/25_00232.jpg;68;1
25/25_00233.jpg;68;1
25/25_00234.jpg;68;1
25/25_00235.jpg;68;1
25/25_00236.jpg;68;1
25/25_00237.jpg;68;1
25/25_00238.jpg;68;1
25/25_00239.jpg;68;1
25/25_00240.jpg;68;1
25/25_00241.jpg;68;1
25/25_00242.jpg;68;1
25/25_00243.jpg;68;1
25/25_00244.jpg;68;1
25/25_00245.jpg;68;1
25/25_00246.jpg;68;1
25/25_00247.jpg;68;1
25/25_00248.jpg;68;1
25/25_00249.jpg;68;1
25/25_00250.jpg;68;1
25/25_00251.jpg;68;1
25/25_00252.jpg;68;1
25/25_00253.jpg;68;1
25/25_00254.jpg;68;1
25/25_00255.jpg;68;1
25/25_00256.jpg;68;1
25/25_00257.jpg;68;1
25/25_00258.jpg;68;1
25/25_00259.jpg;68;1
25/25_00260.jpg;68;1
25/25_00261.jpg;68;1
25/25_00262.jpg;68;1
25/25_00263.jpg;68;1
25/25_00264.jpg;68;1
25/25_00265.jpg;68;1
25/25_00266.jpg;68;1
25/25_00267.jpg;68;1
25/25_00268.jpg;68;1
25/25_00269.jpg;68;1
25/25_00270.jpg;68;1
25/25_00271.jpg;68;1
25/25_00272.jpg;68;1
25/25_00273.jpg;68;1
25/25_00274.jpg;68;1
25/25_00275.jpg;68;1
25/25_00276.jpg;68;1
25/25_00277.jpg;68;1
25/25_00278.jpg;68;1
25/25_00279.jpg;68;1
25/25_00280.jpg;68;1
25/25_00281.jpg;68;1
25/25_00282.jpg;68;1
25/25_00283.jpg;68;1
25/25_00284.jpg;68;1
25/25_00285.jpg;68;1
25/25_00286.jpg;68;1
25/25_00287.jpg;68;1
25/25_00288.jpg;68;1
25/25_00289.jpg;68;1
25/25_00290.jpg;68;1
25/25_00291.jpg;68;1
25/25_00292.jpg;68;1
25/25_00293.jpg;68;1
25/25_00294.jpg;68;1
25/25_00295.jpg;68;1
25/25_00296.jpg;68;1
25/25_00297.jpg;68;1
25/25_00298.jpg;68;1
25/25_00299.jpg;68;1
25/25_00300.jpg;68;1
25/25_00301.jpg;68;1
25/25_00302.jpg;68;1
25/25_00303.jpg;68;1
25/25_00304.jpg;68;1
25/25_00305.jpg;68;1
25/25_00306.jpg;68;1
25/25_00307.jpg;68;1
25/25_00308.jpg;68;1
25/25_00309.jpg;68;1
25/25_00310.jpg;68;1
25/25_00311.jpg;68;1
25/25_00312.jpg;68;1
25/25_00313.jpg;68;1
25/25_00314.jpg;68;1
25/25_00315.jpg;68;1
25/25_00316.jpg;68;1
25/25_00317.jpg;68;1
25/25_00318.jpg;68;1
25/25_00319.jpg;68;1
25/25_00320.jpg;68;1
25/25_00321.jpg;68;1
25/25_00322.jpg;68;1
25/25_00323.jpg;68;1
25/25_00324.jpg;68;1
25/25_00325.jpg;68;1
25/25_00326.jpg;68;1
25/25_00327.jpg;68;1
25/25_00328.jpg;68;1
25/25_00329.jpg;68;1
25/25_00330.jpg;68;1
25/25_00331.jpg;68;1
25/25_00332.jpg;68;1
25/25_00333.jpg;68;1
25/25_00334.jpg;68;1
25/25_00335.jpg;68;1
25/25_00336.jpg;68;1
25/25_00337.jpg;68;1
25/25_00338.jpg;68;1
25/25_00339.jpg;68;1
25/25_00340.jpg;68;1
25/25_00341.jpg;68;1
25/25_00342.jpg;68;1
25/25_00343.jpg;68;1
25/25_00344.jpg;68;1
25/25_00345.jpg;68;1
25/25_00346.jpg;68;1
25/25_00347.jpg;68;1
25/25_00348.jpg;68;1
25/25_00349.jpg;68;1
25/25_00350.jpg;68;1
25/25_00351.jpg;68;1
25/25_00352.jpg;68;1
25/25_00353.jpg;68;1
25/25_00354.jpg;68;1
25/25_00355.jpg;68;1
25/25_00356.jpg;68;1
25/25_00357.jpg;68;1
25/25_00358.jpg;68;1
25/25_00359.jpg;68;1
25/25_00360.jpg;68;1
25/25_00361.jpg;68;1
25/25_00362.jpg;68;1
25/25_00363.jpg;68;1
25/25_00364.jpg;68;1
25/25_00365.jpg;68;1
25/25_00366.jpg;68;1
25/25_00367.jpg;68;1
25/25_00368.jpg;68;1
25/25_00369.jpg;68;1
25/25_00370.jpg;68;1
25/25_00371.jpg;68;1
25/25_00372.jpg;68;1
25/25_00373.jpg;68;1
25/25_00374.jpg;68;1
25/25_00375.jpg;68;1
25/25_00376.jpg;68;1
25/25_00377.jpg;68;1
25/25_00378.jpg;68;1
25/25_00379.jpg;68;1
25/25_00380.jpg;68;1
25/25_00381.jpg;68;1
25/25_00382.jpg;68;1
25/25_00383.jpg;68;1
25/25_00384.jpg;68;1
25/25_00385.jpg;68;1
25/25_00386.jpg;68;1
25/25_00387.jpg;68;1
25/25_00388.jpg;68;1
25/25_00389.jpg;68;1
25/25_00390.jpg;68;1
25/25_00391.jpg;68;1
25/25_00392.jpg;68;1
25/25_00393.jpg;68;1
25/25_00394.jpg;68;1
25/25_00395.jpg;68;1
25/25_00396.jpg;68;1
25/25_00397.jpg;68;1
25/25_00398.jpg;68;1
25/25_00399.jpg;68;1
25/25_00400.jpg;68;1
25/25_00401.jpg;68;1
25/25_00402.jpg;68;1
25/25_00403.jpg;68;1
25/25_00404.jpg;68;1
25/25_00405.jpg;68;1
25/25_00406.jpg;68;1
25/25_00407.jpg;68;1
25/25_00408.jpg;68;1
25/25_00409.jpg;68;1
25/25_00410.jpg;68;1
25/25_00411.jpg;68;1
25/25_00412.jpg;68;1
25/25_00413.jpg;68;1
25/25_00414.jpg;68;1
25/25_00415.jpg;68;1
25/25_00416.jpg;68;1
25/25_00417.jpg;68;1
25/25_00418.jpg;68;1
25/25_00419.jpg;68;1
25/25_00420.jpg;68;1
25/25_00421.jpg;68;1
25/25_00422.jpg;68;1
25/25_00423.jpg;68;1
25/25_00424.jpg;68;1
25/25_00425.jpg;68;1
25/25_00426.jpg;68;1
25/25_00427.jpg;68;1
25/25_00428.jpg;68;1
25/25_00429.jpg;68;1
25/25_00430.jpg;68;1
25/25_00431.jpg;68;1
25/25_00432.jpg;68;1
25/25_00433.jpg;68;1
25/25_00434.jpg;68;1
25/25_00435.jpg;68;1
25/25_00436.jpg;68;1
25/25_00437.jpg;68;1
25/25_00438.jpg;68;1
25/25_00439.jpg;68;1
25/25_00440.jpg;68;1
25/25_00441.jpg;68;1
25/25_00442.jpg;68;1
25/25_00443.jpg;68;1
25/25_00444.jpg;68;1
25/25_00445.jpg;68;1
25/25_00446.jpg;68;1
25/25_00447.jpg;68;1
25/25_00448.jpg;68;1
25/25_00449.jpg;68;1
25/25_00450.jpg;68;1
25/25_00451.jpg;68;1
25/25_00452.jpg;68;1
25/25_00453.jpg;68;1
25/25_00454.jpg;68;1
25/25_00455.jpg;68;1
25/25_00456.jpg;68;1
25/25_00457.jpg;68;1
25/25_00458.jpg;68;1
25/25_00459.jpg;68;1
25/25_00460.jpg;68;1
25/25_00461.jpg;68;1
25/25_00462.jpg;68;1
25/25_00463.jpg;68;1
25/25_00464.jpg;68;1
25/25_00465.jpg;68;1
25/25_00466.jpg;68;1
25/25_00467.jpg;68;1
25/25_00468.jpg;68;1
25/25_00469.jpg;68;1
25/25_00470.jpg;68;1
25/25_00471.jpg;68;1
25/25_00472.jpg;68;1
25/25_00473.jpg;68;1
25/25_00474.jpg;68;1
25/25_00475.jpg;68;1
25/25_00476.jpg;68;1
25/25_00477.jpg;68;1
25/25_00478.jpg;68;1
25/25_00479.jpg;68;1
25/25_00480.jpg;68;1
25/25_00481.jpg;68;1
25/25_00482.jpg;68;1
25/25_00483.jpg;68;1
25/25_00484.jpg;68;1
25/25_00485.jpg;68;1
25/25_00486.jpg;68;1
25/25_00487.jpg;68;1
25/25_00488.jpg;68;1
25/25_00489.jpg;68;1
25/25_00490.jpg;68;1
25/25_00491.jpg;68;1
25/25_00492.jpg;68;1
25/25_00493.jpg;68;1
25/25_00494.jpg;68;1
25/25_00495.jpg;68;1
25/25_00496.jpg;68;1
25/25_00497.jpg;68;1
25/25_00498.jpg;68;1
25/25_00499.jpg;68;1
25/25_00500.jpg;68;1
25/25_00501.jpg;68;1
25/25_00502.jpg;68;1
25/25_00503.jpg;68;1
25/25_00504.jpg;68;1
25/25_00505.jpg;68;1
25/25_00506.jpg;68;1
25/25_00507.jpg;68;1
25/25_00508.jpg;68;1
25/25_00509.jpg;68;1
25/25_00510.jpg;68;1
25/25_00511.jpg;68;1
25/25_00512.jpg;68;1
25/25_00513.jpg;68;1
25/25_00514.jpg;68;1
25/25_00515.jpg;68;1
25/25_00516.jpg;68;1
25/25_00517.jpg;68;1
25/25_00518.jpg;68;1
25/25_00519.jpg;68;1
25/25_00520.jpg;68;1
25/25_00521.jpg;68;1
25/25_00522.jpg;68;1
25/25_00523.jpg;68;1
25/25_00524.jpg;68;1
25/25_00525.jpg;68;1
25/25_00526.jpg;68;1
25/25_00527.jpg;68;1
25/25_00528.jpg;68;1
25/25_00529.jpg;68;1
25/25_00530.jpg;68;1
25/25_00531.jpg;68;1
25/25_00532.jpg;68;1
25/25_00533.jpg;68;1
25/25_00534.jpg;68;1
25/25_00535.jpg;68;1
25/25_00536.jpg;68;1
25/25_00537.jpg;68;1
25/25_00538.jpg;68;1
25/25_00539.jpg;68;1
25/25_00540.jpg;68;1
25/25_00541.jpg;68;1
25/25_00542.jpg;68;1
25/25_00543.jpg;68;1
25/25_00544.jpg;68;1
25/25_00545.jpg;68;1
25/25_00546.jpg;68;1
25/25_00547.jpg;68;1
25/25_00548.jpg;68;1
25/25_00549.jpg;68;1
25/25_00550.jpg;68;1
25/25_00551.jpg;68;1
25/25_00552.jpg;68;1
25/25_00553.jpg;68;1
25/25_00554.jpg;68;1
25/25_00555.jpg;68;1
25/25_00556.jpg;68;1
25/25_00557.jpg;68;1
25/25_00558.jpg;68;1
25/25_00559.jpg;68;1
25/25_00560.jpg;68;1
25/25_00561.jpg;68;1
25/25_00562.jpg;68;1
25/25_00563.jpg;68;1
25/25_00564.jpg;68;1
25/25_00565.jpg;68;1
25/25_00566.jpg;68;1
25/25_00567.jpg;68;1
25/25_00568.jpg;68;1
25/25_00569.jpg;68;1
25/25_00570.jpg;68;1
25/25_00571.jpg;68;1
25/25_00572.jpg;68;1
25/25_00573.jpg;68;1
25/25_00574.jpg;68;1
25/25_00575.jpg;68;1
25/25_00576.jpg;68;1
25/25_00577.jpg;68;1
25/25_00578.jpg;68;1
25/25_00579.jpg;68;1
25/25_00580.jpg;68;1
25/25_00581.jpg;68;1
25/25_00582.jpg;68;1
25/25_00583.jpg;68;1
25/25_00584.jpg;68;1
25/25_00585.jpg;68;1
25/25_00586.jpg;68;1
25/25_00587.jpg;68;1
25/25_00588.jpg;68;1
25/25_00589.jpg;68;1
25/25_00590.jpg;68;1
25/25_00591.jpg;68;1
25/25_00592.jpg;68;1
25/25_00593.jpg;68;1
25/25_00594.jpg;68;1
25/25_00595.jpg;68;1
25/25_00596.jpg;68;1
25/25_00597.jpg;68;1
25/25_00598.jpg;68;1
25/25_00599.jpg;68;1
25/25_00600.jpg;68;1
25/25_00601.jpg;68;1
25/25_00602.jpg;68;1
25/25_00603.jpg;68;1
25/25_00604.jpg;68;1
25/25_00605.jpg;68;1
25/25_00606.jpg;68;1
25/25_00607.jpg;68;1
25/25_00608.jpg;68;1
25/25_00609.jpg;68;1
25/25_00610.jpg;68;1
25/25_00611.jpg;68;1
25/25_00612.jpg;68;1
25/25_00613.jpg;68;1
25/25_00614.jpg;68;1
25/25_00615.jpg;68;1
25/25_00616.jpg;68;1
25/25_00617.jpg;68;1
25/25_00618.jpg;68;1
25/25_00619.jpg;68;1
25/25_00620.jpg;68;1
25/25_00621.jpg;68;1
25/25_00622.jpg;68;1
25/25_00623.jpg;68;1
25/25_00624.jpg;68;1
25/25_00625.jpg;68;1
25/25_00626.jpg;68;1
25/25_00627.jpg;68;1
25/25_00628.jpg;68;1
25/25_00629.jpg;68;1
25/25_00630.jpg;68;1
25/25_00631.jpg;68;1
25/25_00632.jpg;68;1
25/25_00633.jpg;68;1
25/25_00634.jpg;68;1
25/25_00635.jpg;68;1
25/25_00636.jpg;68;1
25/25_00637.jpg;68;1
25/25_00638.jpg;68;1
25/25_00639.jpg;68;1
25/25_00640.jpg;68;1
25/25_00641.jpg;68;1
25/25_00642.jpg;68;1
25/25_00643.jpg;68;1
25/25_00644.jpg;68;1
25/25_00645.jpg;68;1
25/25_00646.jpg;68;1
25/25_00647.jpg;68;1
25/25_00648.jpg;68;1
25/25_00649.jpg;68;1
25/25_00650.jpg;68;1
25/25_00651.jpg;68;1
25/25_00652.jpg;68;1
25/25_00653.jpg;68;1
25/25_00654.jpg;68;1
25/25_00655.jpg;68;1
25/25_00656.jpg;68;1
25/25_00657.jpg;68;1
25/25_00658.jpg;68;1
25/25_00659.jpg;68;1
25/25_00660.jpg;68;1
25/25_00661.jpg;68;1
25/25_00662.jpg;68;1
25/25_00663.jpg;68;1
25/25_00664.jpg;68;1
25/25_00665.jpg;68;1
25/25_00666.jpg;68;1
25/25_00667.jpg;68;1
25/25_00668.jpg;68;1
25/25_00669.jpg;68;1
25/25_00670.jpg;68;1
25/25_00671.jpg;68;1
25/25_00672.jpg;68;1
25/25_00673.jpg;68;1
25/25_00674.jpg;68;1
25/25_00675.jpg;68;1
25/25_00676.jpg;68;1
25/25_00677.jpg;68;1
25/25_00678.jpg;68;1
25/25_00679.jpg;68;1
25/25_00680.jpg;68;1
25/25_00681.jpg;68;1
25/25_00682.jpg;68;1
25/25_00683.jpg;68;1
25/25_00684.jpg;68;1
25/25_00685.jpg;68;1
25/25_00686.jpg;68;1
25/25_00687.jpg;68;1
25/25_00688.jpg;68;1
25/25_00689.jpg;68;1
25/25_00690.jpg;68;1
25/25_00691.jpg;68;1
25/25_00692.jpg;68;1
25/25_00693.jpg;68;1
25/25_00694.jpg;68;1
25/25_00695.jpg;68;1
25/25_00696.jpg;68;1
25/25_00697.jpg;68;1
25/25_00698.jpg;68;1
25/25_00699.jpg;68;1
25/25_00700.jpg;68;1
25/25_00701.jpg;68;1
25/25_00702.jpg;68;1
25/25_00703.jpg;68;1
25/25_00704.jpg;68;1
25/25_00705.jpg;68;1
25/25_00706.jpg;68;1
25/25_00707.jpg;68;1
25/25_00708.jpg;68;1
25/25_00709.jpg;68;1
25/25_00710.jpg;68;1
25/25_00711.jpg;68;1
25/25_00712.jpg;68;1
25/25_00713.jpg;68;1
25/25_00714.jpg;68;1
25/25_00715.jpg;68;1
25/25_00716.jpg;68;1
25/25_00717.jpg;68;1
25/25_00718.jpg;68;1
25/25_00719.jpg;68;1
25/25_00720.jpg;68;1
25/25_00721.jpg;68;1
25/25_00722.jpg;68;1
25/25_00723.jpg;68;1
25/25_00724.jpg;68;1
25/25_00725.jpg;68;1
25/25_00726.jpg;68;1
25/25_00727.jpg;68;1
25/25_00728.jpg;68;1
25/25_00729.jpg;68;1
25/25_00730.jpg;68;1
25/25_00731.jpg;68;1
25/25_00732.jpg;68;1
25/25_00733.jpg;68;1
25/25_00734.jpg;68;1
25/25_00735.jpg;68;1
25/25_00736.jpg;68;1
25/25_00737.jpg;68;1
25/25_00738.jpg;68;1
25/25_00739.jpg;68;1
25/25_00740.jpg;68;1
25/25_00741.jpg;68;1
25/25_00742.jpg;68;1
25/25_00743.jpg;68;1
25/25_00744.jpg;68;1
25/25_00745.jpg;68;1
25/25_00746.jpg;68;1
25/25_00747.jpg;68;1
25/25_00748.jpg;68;1
25/25_00749.jpg;68;1
25/25_00750.jpg;68;1
25/25_00751.jpg;68;1
25/25_00752.jpg;68;1
25/25_00753.jpg;68;1
25/25_00754.jpg;68;1
25/25_00755.jpg;68;1
25/25_00756.jpg;68;1
25/25_00757.jpg;68;1
25/25_00758.jpg;68;1
25/25_00759.jpg;68;1
25/25_00760.jpg;68;1
25/25_00761.jpg;68;1
25/25_00762.jpg;68;1
25/25_00763.jpg;68;1
25/25_00764.jpg;68;1
25/25_00765.jpg;68;1
25/25_00766.jpg;68;1
25/25_00767.jpg;68;1
25/25_00768.jpg;68;1
25/25_00769.jpg;68;1
25/25_00770.jpg;68;1
25/25_00771.jpg;68;1
25/25_00772.jpg;68;1
25/25_00773.jpg;68;1
25/25_00774.jpg;68;1
25/25_00775.jpg;68;1
25/25_00776.jpg;68;1
25/25_00777.jpg;68;1
25/25_00778.jpg;68;1
25/25_00779.jpg;68;1
25/25_00780.jpg;68;1
25/25_00781.jpg;68;1
25/25_00782.jpg;68;1
25/25_00783.jpg;68;1
25/25_00784.jpg;68;1
25/25_00785.jpg;68;1
25/25_00786.jpg;68;1
25/25_00787.jpg;68;1
25/25_00788.jpg;68;1
25/25_00789.jpg;68;1
25/25_00790.jpg;68;1
25/25_00791.jpg;68;1
25/25_00792.jpg;68;1
25/25_00793.jpg;68;1
25/25_00794.jpg;68;1
25/25_00795.jpg;68;1
25/25_00796.jpg;68;1
25/25_00797.jpg;68;1
25/25_00798.jpg;68;1
25/25_00799.jpg;68;1
25/25_00800.jpg;68;1
25/25_00801.jpg;68;1
25/25_00802.jpg;68;1
25/25_00803.jpg;68;1
25/25_00804.jpg;68;1
25/25_00805.jpg;68;1
25/25_00806.jpg;68;1
25/25_00807.jpg;68;1
25/25_00808.jpg;68;1
25/25_00809.jpg;68;1
25/25_00810.jpg;68;1
25/25_00811.jpg;68;1
25/25_00812.jpg;68;1
25/25_00813.jpg;68;1
25/25_00814.jpg;68;1
25/25_00815.jpg;68;1
25/25_00816.jpg;68;1
25/25_00817.jpg;68;1
25/25_00818.jpg;68;1
25/25_00819.jpg;68;1
25/25_00820.jpg;68;1
25/25_00821.jpg;68;1
25/25_00822.jpg;68;1
25/25_00823.jpg;68;1
25/25_00824.jpg;68;1
25/25_00825.jpg;68;1
25/25_00826.jpg;68;1
25/25_00827.jpg;68;1
25/25_00828.jpg;68;1
25/25_00829.jpg;68;1
25/25_00830.jpg;68;1
25/25_00831.jpg;68;1
25/25_00832.jpg;68;1
25/25_00833.jpg;68;1
25/25_00834.jpg;68;1
25/25_00835.jpg;68;1
25/25_00836.jpg;68;1
25/25_00837.jpg;68;1
25/25_00838.jpg;68;1
25/25_00839.jpg;68;1
25/25_00840.jpg;68;1
25/25_00841.jpg;68;1
25/25_00842.jpg;68;1
25/25_00843.jpg;68;1
25/25_00844.jpg;68;1
25/25_00845.jpg;68;1
25/25_00846.jpg;68;1
25/25_00847.jpg;68;1
25/25_00848.jpg;68;1
25/25_00849.jpg;68;1
25/25_00850.jpg;68;1
25/25_00851.jpg;68;1
25/25_00852.jpg;68;1
25/25_00853.jpg;68;1
25/25_00854.jpg;68;1
25/25_00855.jpg;68;1
25/25_00856.jpg;68;1
25/25_00857.jpg;68;1
25/25_00858.jpg;68;1
25/25_00859.jpg;68;1
25/25_00860.jpg;68;1
25/25_00861.jpg;68;1
25/25_00862.jpg;68;1
25/25_00863.jpg;68;1
25/25_00864.jpg;68;1
25/25_00865.jpg;68;1
25/25_00866.jpg;68;1
25/25_00867.jpg;68;1
25/25_00868.jpg;68;1
25/25_00869.jpg;68;1
25/25_00870.jpg;68;1
25/25_00871.jpg;68;1
25/25_00872.jpg;68;1
25/25_00873.jpg;68;1
25/25_00874.jpg;68;1
25/25_00875.jpg;68;1
25/25_00876.jpg;68;1
25/25_00877.jpg;68;1
25/25_00878.jpg;68;1
25/25_00879.jpg;68;1
25/25_00880.jpg;68;1
25/25_00881.jpg;68;1
25/25_00882.jpg;68;1
25/25_00883.jpg;68;1
25/25_00884.jpg;68;1
25/25_00885.jpg;68;1
25/25_00886.jpg;68;1
25/25_00887.jpg;68;1
25/25_00888.jpg;68;1
25/25_00889.jpg;68;1
25/25_00890.jpg;68;1
25/25_00891.jpg;68;1
25/25_00892.jpg;68;1
25/25_00893.jpg;68;1
25/25_00894.jpg;68;1
25/25_00895.jpg;68;1
25/25_00896.jpg;68;1
25/25_00897.jpg;68;1
25/25_00898.jpg;68;1
25/25_00899.jpg;68;1
25/25_00900.jpg;68;1
25/25_00901.jpg;68;1
25/25_00902.jpg;68;1
25/25_00903.jpg;68;1
25/25_00904.jpg;68;1
25/25_00905.jpg;68;1
25/25_00906.jpg;68;1
25/25_00907.jpg;68;1
25/25_00908.jpg;68;1
25/25_00909.jpg;68;1
25/25_00910.jpg;68;1
25/25_00911.jpg;68;1
25/25_00912.jpg;68;1
25/25_00913.jpg;68;1
25/25_00914.jpg;68;1
25/25_00915.jpg;68;1
25/25_00916.jpg;68;1
25/25_00917.jpg;68;1
25/25_00918.jpg;68;1
25/25_00919.jpg;68;1
25/25_00920.jpg;68;1
25/25_00921.jpg;68;1
25/25_00922.jpg;68;1
25/25_00923.jpg;68;1
25/25_00924.jpg;68;1
25/25_00925.jpg;68;1
25/25_00926.jpg;68;1
25/25_00927.jpg;68;1
25/25_00928.jpg;68;1
25/25_00929.jpg;68;1
25/25_00930.jpg;68;1
25/25_00931.jpg;68;1
25/25_00932.jpg;68;1
25/25_00933.jpg;68;1
25/25_00934.jpg;68;1
25/25_00935.jpg;68;1
25/25_00936.jpg;68;1
25/25_00937.jpg;68;1
25/25_00938.jpg;68;1
25/25_00939.jpg;68;1
25/25_00940.jpg;68;1
25/25_00941.jpg;68;1
25/25_00942.jpg;68;1
25/25_00943.jpg;68;1
25/25_00944.jpg;68;1
25/25_00945.jpg;68;1
25/25_00946.jpg;68;1
25/25_00947.jpg;68;1
25/25_00948.jpg;68;1
25/25_00949.jpg;68;1
25/25_00950.jpg;68;1
25/25_00951.jpg;68;1
25/25_00952.jpg;68;1
25/25_00953.jpg;68;1
25/25_00954.jpg;68;1
25/25_00955.jpg;68;1
25/25_00956.jpg;68;1
25/25_00957.jpg;68;1
25/25_00958.jpg;68;1
25/25_00959.jpg;68;1
25/25_00960.jpg;68;1
25/25_00961.jpg;68;1
25/25_00962.jpg;68;1
25/25_00963.jpg;68;1
25/25_00964.jpg;68;1
25/25_00965.jpg;68;1
25/25_00966.jpg;68;1
25/25_00967.jpg;68;1
25/25_00968.jpg;68;1
25/25_00969.jpg;68;1
25/25_00970.jpg;68;1
25/25_00971.jpg;68;1
25/25_00972.jpg;68;1
25/25_00973.jpg;68;1
25/25_00974.jpg;68;1
25/25_00975.jpg;68;1
25/25_00976.jpg;68;1
25/25_00977.jpg;68;1
25/25_00978.jpg;68;1
25/25_00979.jpg;68;1
25/25_00980.jpg;68;1
25/25_00981.jpg;68;1
25/25_00982.jpg;68;1
25/25_00983.jpg;68;1
25/25_00984.jpg;68;1
25/25_00985.jpg;68;1
25/25_00986.jpg;68;1
25/25_00987.jpg;68;1
25/25_00988.jpg;68;1
25/25_00989.jpg;68;1
25/25_00990.jpg;68;1
25/25_00991.jpg;68;1
25/25_00992.jpg;68;1
25/25_00993.jpg;68;1
25/25_00994.jpg;68;1
25/25_00995.jpg;68;1
25/25_00996.jpg;68;1
25/25_00997.jpg;68;1
25/25_00998.jpg;68;1
25/25_00999.jpg;68;1
25/25_01000.jpg;68;1
25/25_01001.jpg;68;1
25/25_01002.jpg;68;1
25/25_01003.jpg;68;1
25/25_01004.jpg;68;1
25/25_01005.jpg;68;1
25/25_01006.jpg;68;1
25/25_01007.jpg;68;1
25/25_01008.jpg;68;1
25/25_01009.jpg;68;1
25/25_01010.jpg;68;1
25/25_01011.jpg;68;1
25/25_01012.jpg;68;1
25/25_01013.jpg;68;1
25/25_01014.jpg;68;1
26/26_00001.jpg;69;1
26/26_00002.jpg;69;1
26/26_00003.jpg;69;1
26/26_00004.jpg;69;1
26/26_00005.jpg;69;1
26/26_00006.jpg;69;1
26/26_00007.jpg;69;1
26/26_00008.jpg;69;1
26/26_00009.jpg;69;1
26/26_00010.jpg;69;1
26/26_00011.jpg;69;1
26/26_00012.jpg;69;1
26/26_00013.jpg;69;1
26/26_00014.jpg;69;1
26/26_00015.jpg;69;1
26/26_00016.jpg;69;1
26/26_00017.jpg;69;1
26/26_00018.jpg;69;1
26/26_00019.jpg;69;1
26/26_00020.jpg;69;1
26/26_00021.jpg;69;1
26/26_00022.jpg;69;1
26/26_00023.jpg;69;1
26/26_00024.jpg;69;1
26/26_00025.jpg;69;1
26/26_00026.jpg;69;1
26/26_00027.jpg;69;1
26/26_00028.jpg;69;1
26/26_00029.jpg;69;1
26/26_00030.jpg;69;1
26/26_00031.jpg;69;1
26/26_00032.jpg;69;1
26/26_00033.jpg;69;1
26/26_00034.jpg;69;1
26/26_00035.jpg;69;1
26/26_00036.jpg;69;1
26/26_00037.jpg;69;1
26/26_00038.jpg;69;1
26/26_00039.jpg;69;1
26/26_00040.jpg;69;1
26/26_00041.jpg;69;1
26/26_00042.jpg;69;1
26/26_00043.jpg;69;1
26/26_00044.jpg;69;1
26/26_00045.jpg;69;1
26/26_00046.jpg;69;1
26/26_00047.jpg;69;1
26/26_00048.jpg;69;1
26/26_00049.jpg;69;1
26/26_00050.jpg;69;1
26/26_00051.jpg;69;1
26/26_00052.jpg;69;1
26/26_00053.jpg;69;1
26/26_00054.jpg;69;1
26/26_00055.jpg;69;1
26/26_00056.jpg;69;1
26/26_00057.jpg;69;1
26/26_00058.jpg;69;1
26/26_00059.jpg;69;1
26/26_00060.jpg;69;1
26/26_00061.jpg;69;1
26/26_00062.jpg;69;1
26/26_00063.jpg;69;1
26/26_00064.jpg;69;1
26/26_00065.jpg;69;1
26/26_00066.jpg;69;1
26/26_00067.jpg;69;1
26/26_00068.jpg;69;1
26/26_00069.jpg;69;1
26/26_00070.jpg;69;1
26/26_00071.jpg;69;1
26/26_00072.jpg;69;1
26/26_00073.jpg;69;1
26/26_00074.jpg;69;1
26/26_00075.jpg;69;1
26/26_00076.jpg;69;1
26/26_00077.jpg;69;1
26/26_00078.jpg;69;1
26/26_00079.jpg;69;1
26/26_00080.jpg;69;1
26/26_00081.jpg;69;1
26/26_00082.jpg;69;1
26/26_00083.jpg;69;1
26/26_00084.jpg;69;1
26/26_00085.jpg;69;1
26/26_00086.jpg;69;1
26/26_00087.jpg;69;1
26/26_00088.jpg;69;1
26/26_00089.jpg;69;1
26/26_00090.jpg;69;1
26/26_00091.jpg;69;1
26/26_00092.jpg;69;1
26/26_00093.jpg;69;1
26/26_00094.jpg;69;1
26/26_00095.jpg;69;1
26/26_00096.jpg;69;1
26/26_00097.jpg;69;1
26/26_00098.jpg;69;1
26/26_00099.jpg;69;1
26/26_00100.jpg;69;1
26/26_00101.jpg;69;1
26/26_00102.jpg;69;1
26/26_00103.jpg;69;1
26/26_00104.jpg;69;1
26/26_00105.jpg;69;1
26/26_00106.jpg;69;1
26/26_00107.jpg;69;1
26/26_00108.jpg;69;1
26/26_00109.jpg;69;1
26/26_00110.jpg;69;1
26/26_00111.jpg;69;1
26/26_00112.jpg;69;1
26/26_00113.jpg;69;1
26/26_00114.jpg;69;1
26/26_00115.jpg;69;1
26/26_00116.jpg;69;1
26/26_00117.jpg;69;1
26/26_00118.jpg;69;1
26/26_00119.jpg;69;1
26/26_00120.jpg;69;1
26/26_00121.jpg;69;1
26/26_00122.jpg;69;1
26/26_00123.jpg;69;1
26/26_00124.jpg;69;1
26/26_00125.jpg;69;1
26/26_00126.jpg;69;1
26/26_00127.jpg;69;1
26/26_00128.jpg;69;1
26/26_00129.jpg;69;1
26/26_00130.jpg;69;1
26/26_00131.jpg;69;1
26/26_00132.jpg;69;1
26/26_00133.jpg;69;1
26/26_00134.jpg;69;1
26/26_00135.jpg;69;1
26/26_00136.jpg;69;1
26/26_00137.jpg;69;1
26/26_00138.jpg;69;1
26/26_00139.jpg;69;1
26/26_00140.jpg;69;1
26/26_00141.jpg;69;1
26/26_00142.jpg;69;1
26/26_00143.jpg;69;1
26/26_00144.jpg;69;1
26/26_00145.jpg;69;1
26/26_00146.jpg;69;1
26/26_00147.jpg;69;1
26/26_00148.jpg;69;1
26/26_00149.jpg;69;1
26/26_00150.jpg;69;1
26/26_00151.jpg;69;1
26/26_00152.jpg;69;1
26/26_00153.jpg;69;1
26/26_00154.jpg;69;1
26/26_00155.jpg;69;1
26/26_00156.jpg;69;1
26/26_00157.jpg;69;1
26/26_00158.jpg;69;1
26/26_00159.jpg;69;1
26/26_00160.jpg;69;1
26/26_00161.jpg;69;1
26/26_00162.jpg;69;1
26/26_00163.jpg;69;1
26/26_00164.jpg;69;1
26/26_00165.jpg;69;1
26/26_00166.jpg;69;1
26/26_00167.jpg;69;1
26/26_00168.jpg;69;1
26/26_00169.jpg;69;1
26/26_00170.jpg;69;1
26/26_00171.jpg;69;1
26/26_00172.jpg;69;1
26/26_00173.jpg;69;1
26/26_00174.jpg;69;1
26/26_00175.jpg;69;1
26/26_00176.jpg;69;1
26/26_00177.jpg;69;1
26/26_00178.jpg;69;1
26/26_00179.jpg;69;1
26/26_00180.jpg;69;1
26/26_00181.jpg;69;1
26/26_00182.jpg;69;1
26/26_00183.jpg;69;1
26/26_00184.jpg;69;1
26/26_00185.jpg;69;1
26/26_00186.jpg;69;1
26/26_00187.jpg;69;1
26/26_00188.jpg;69;1
26/26_00189.jpg;69;1
26/26_00190.jpg;69;1
26/26_00191.jpg;69;1
26/26_00192.jpg;69;1
26/26_00193.jpg;69;1
26/26_00194.jpg;69;1
26/26_00195.jpg;69;1
26/26_00196.jpg;69;1
26/26_00197.jpg;69;1
26/26_00198.jpg;69;1
26/26_00199.jpg;69;1
26/26_00200.jpg;69;1
26/26_00201.jpg;69;1
26/26_00202.jpg;69;1
26/26_00203.jpg;69;1
26/26_00204.jpg;69;1
26/26_00205.jpg;69;1
26/26_00206.jpg;69;1
26/26_00207.jpg;69;1
26/26_00208.jpg;69;1
26/26_00209.jpg;69;1
26/26_00210.jpg;69;1
26/26_00211.jpg;69;1
26/26_00212.jpg;69;1
26/26_00213.jpg;69;1
26/26_00214.jpg;69;1
26/26_00215.jpg;69;1
26/26_00216.jpg;69;1
26/26_00217.jpg;69;1
26/26_00218.jpg;69;1
26/26_00219.jpg;69;1
26/26_00220.jpg;69;1
26/26_00221.jpg;69;1
26/26_00222.jpg;69;1
26/26_00223.jpg;69;1
26/26_00224.jpg;69;1
26/26_00225.jpg;69;1
26/26_00226.jpg;69;1
26/26_00227.jpg;69;1
26/26_00228.jpg;69;1
26/26_00229.jpg;69;1
26/26_00230.jpg;69;1
26/26_00231.jpg;69;1
26/26_00232.jpg;69;1
26/26_00233.jpg;69;1
26/26_00234.jpg;69;1
26/26_00235.jpg;69;1
26/26_00236.jpg;69;1
26/26_00237.jpg;69;1
26/26_00238.jpg;69;1
26/26_00239.jpg;69;1
26/26_00240.jpg;69;1
26/26_00241.jpg;69;1
26/26_00242.jpg;69;1
26/26_00243.jpg;69;1
26/26_00244.jpg;69;1
26/26_00245.jpg;69;1
26/26_00246.jpg;69;1
26/26_00247.jpg;69;1
26/26_00248.jpg;69;1
26/26_00249.jpg;69;1
26/26_00250.jpg;69;1
26/26_00251.jpg;69;1
26/26_00252.jpg;69;1
26/26_00253.jpg;69;1
26/26_00254.jpg;69;1
26/26_00255.jpg;69;1
26/26_00256.jpg;69;1
26/26_00257.jpg;69;1
26/26_00258.jpg;69;1
26/26_00259.jpg;69;1
26/26_00260.jpg;69;1
26/26_00261.jpg;69;1
26/26_00262.jpg;69;1
26/26_00263.jpg;69;1
26/26_00264.jpg;69;1
26/26_00265.jpg;69;1
26/26_00266.jpg;69;1
26/26_00267.jpg;69;1
26/26_00268.jpg;69;1
26/26_00269.jpg;69;1
26/26_00270.jpg;69;1
26/26_00271.jpg;69;1
26/26_00272.jpg;69;1
26/26_00273.jpg;69;1
26/26_00274.jpg;69;1
26/26_00275.jpg;69;1
26/26_00276.jpg;69;1
26/26_00277.jpg;69;1
26/26_00278.jpg;69;1
26/26_00279.jpg;69;1
26/26_00280.jpg;69;1
26/26_00281.jpg;69;1
26/26_00282.jpg;69;1
26/26_00283.jpg;69;1
26/26_00284.jpg;69;1
26/26_00285.jpg;69;1
26/26_00286.jpg;69;1
26/26_00287.jpg;69;1
26/26_00288.jpg;69;1
26/26_00289.jpg;69;1
26/26_00290.jpg;69;1
26/26_00291.jpg;69;1
26/26_00292.jpg;69;1
26/26_00293.jpg;69;1
26/26_00294.jpg;69;1
26/26_00295.jpg;69;1
26/26_00296.jpg;69;1
26/26_00297.jpg;69;1
27/27_00001.jpg;70;1
27/27_00002.jpg;70;1
27/27_00003.jpg;70;1
27/27_00004.jpg;70;1
27/27_00005.jpg;70;1
27/27_00006.jpg;70;1
27/27_00007.jpg;70;1
27/27_00008.jpg;70;1
27/27_00009.jpg;70;1
27/27_00010.jpg;70;1
27/27_00011.jpg;70;1
27/27_00012.jpg;70;1
27/27_00013.jpg;70;1
27/27_00014.jpg;70;1
27/27_00015.jpg;70;1
27/27_00016.jpg;70;1
27/27_00017.jpg;70;1
27/27_00018.jpg;70;1
27/27_00019.jpg;70;1
27/27_00020.jpg;70;1
27/27_00021.jpg;70;1
27/27_00022.jpg;70;1
27/27_00023.jpg;70;1
27/27_00024.jpg;70;1
27/27_00025.jpg;70;1
27/27_00026.jpg;70;1
27/27_00027.jpg;70;1
27/27_00028.jpg;70;1
27/27_00029.jpg;70;1
27/27_00030.jpg;70;1
27/27_00031.jpg;70;1
27/27_00032.jpg;70;1
27/27_00033.jpg;70;1
27/27_00034.jpg;70;1
27/27_00035.jpg;70;1
27/27_00036.jpg;70;1
27/27_00037.jpg;70;1
27/27_00038.jpg;70;1
27/27_00039.jpg;70;1
27/27_00040.jpg;70;1
27/27_00041.jpg;70;1
27/27_00042.jpg;70;1
27/27_00043.jpg;70;1
27/27_00044.jpg;70;1
27/27_00045.jpg;70;1
27/27_00046.jpg;70;1
27/27_00047.jpg;70;1
27/27_00048.jpg;70;1
27/27_00049.jpg;70;1
27/27_00050.jpg;70;1
27/27_00051.jpg;70;1
27/27_00052.jpg;70;1
27/27_00053.jpg;70;1
27/27_00054.jpg;70;1
27/27_00055.jpg;70;1
27/27_00056.jpg;70;1
27/27_00057.jpg;70;1
27/27_00058.jpg;70;1
27/27_00059.jpg;70;1
27/27_00060.jpg;70;1
27/27_00061.jpg;70;1
27/27_00062.jpg;70;1
27/27_00063.jpg;70;1
27/27_00064.jpg;70;1
27/27_00065.jpg;70;1
27/27_00066.jpg;70;1
27/27_00067.jpg;70;1
27/27_00068.jpg;70;1
27/27_00069.jpg;70;1
27/27_00070.jpg;70;1
27/27_00071.jpg;70;1
27/27_00072.jpg;70;1
27/27_00073.jpg;70;1
27/27_00074.jpg;70;1
27/27_00075.jpg;70;1
27/27_00076.jpg;70;1
27/27_00077.jpg;70;1
27/27_00078.jpg;70;1
27/27_00079.jpg;70;1
27/27_00080.jpg;70;1
27/27_00081.jpg;70;1
27/27_00082.jpg;70;1
27/27_00083.jpg;70;1
27/27_00084.jpg;70;1
27/27_00085.jpg;70;1
27/27_00086.jpg;70;1
27/27_00087.jpg;70;1
27/27_00088.jpg;70;1
27/27_00089.jpg;70;1
27/27_00090.jpg;70;1
28/28_00001.jpg;71;1
28/28_00002.jpg;71;1
28/28_00003.jpg;71;1
28/28_00004.jpg;71;1
28/28_00005.jpg;71;1
28/28_00006.jpg;71;1
28/28_00007.jpg;71;1
28/28_00008.jpg;71;1
28/28_00009.jpg;71;1
28/28_00010.jpg;71;1
28/28_00011.jpg;71;1
28/28_00012.jpg;71;1
28/28_00013.jpg;71;1
28/28_00014.jpg;71;1
28/28_00015.jpg;71;1
28/28_00016.jpg;71;1
28/28_00017.jpg;71;1
28/28_00018.jpg;71;1
28/28_00019.jpg;71;1
28/28_00020.jpg;71;1
28/28_00021.jpg;71;1
28/28_00022.jpg;71;1
28/28_00023.jpg;71;1
28/28_00024.jpg;71;1
28/28_00025.jpg;71;1
28/28_00026.jpg;71;1
28/28_00027.jpg;71;1
28/28_00028.jpg;71;1
28/28_00029.jpg;71;1
28/28_00030.jpg;71;1
28/28_00031.jpg;71;1
28/28_00032.jpg;71;1
28/28_00033.jpg;71;1
28/28_00034.jpg;71;1
28/28_00035.jpg;71;1
28/28_00036.jpg;71;1
28/28_00037.jpg;71;1
28/28_00038.jpg;71;1
28/28_00039.jpg;71;1
28/28_00040.jpg;71;1
28/28_00041.jpg;71;1
28/28_00042.jpg;71;1
28/28_00043.jpg;71;1
28/28_00044.jpg;71;1
28/28_00045.jpg;71;1
28/28_00046.jpg;71;1
28/28_00047.jpg;71;1
28/28_00048.jpg;71;1
28/28_00049.jpg;71;1
28/28_00050.jpg;71;1
28/28_00051.jpg;71;1
28/28_00052.jpg;71;1
28/28_00053.jpg;71;1
28/28_00054.jpg;71;1
28/28_00055.jpg;71;1
28/28_00056.jpg;71;1
28/28_00057.jpg;71;1
28/28_00058.jpg;71;1
28/28_00059.jpg;71;1
28/28_00060.jpg;71;1
28/28_00061.jpg;71;1
28/28_00062.jpg;71;1
28/28_00063.jpg;71;1
28/28_00064.jpg;71;1
28/28_00065.jpg;71;1
28/28_00066.jpg;71;1
28/28_00067.jpg;71;1
28/28_00068.jpg;71;1
28/28_00069.jpg;71;1
28/28_00070.jpg;71;1
28/28_00071.jpg;71;1
28/28_00072.jpg;71;1
28/28_00073.jpg;71;1
28/28_00074.jpg;71;1
28/28_00075.jpg;71;1
28/28_00076.jpg;71;1
28/28_00077.jpg;71;1
28/28_00078.jpg;71;1
28/28_00079.jpg;71;1
28/28_00080.jpg;71;1
28/28_00081.jpg;71;1
28/28_00082.jpg;71;1
28/28_00083.jpg;71;1
28/28_00084.jpg;71;1
28/28_00085.jpg;71;1
28/28_00086.jpg;71;1
28/28_00087.jpg;71;1
28/28_00088.jpg;71;1
28/28_00089.jpg;71;1
28/28_00090.jpg;71;1
28/28_00091.jpg;71;1
28/28_00092.jpg;71;1
28/28_00093.jpg;71;1
28/28_00094.jpg;71;1
28/28_00095.jpg;71;1
28/28_00096.jpg;71;1
28/28_00097.jpg;71;1
28/28_00098.jpg;71;1
28/28_00099.jpg;71;1
28/28_00100.jpg;71;1
28/28_00101.jpg;71;1
28/28_00102.jpg;71;1
28/28_00103.jpg;71;1
28/28_00104.jpg;71;1
28/28_00105.jpg;71;1
28/28_00106.jpg;71;1
28/28_00107.jpg;71;1
28/28_00108.jpg;71;1
28/28_00109.jpg;71;1
28/28_00110.jpg;71;1
28/28_00111.jpg;71;1
28/28_00112.jpg;71;1
28/28_00113.jpg;71;1
28/28_00114.jpg;71;1
28/28_00115.jpg;71;1
28/28_00116.jpg;71;1
28/28_00117.jpg;71;1
28/28_00118.jpg;71;1
28/28_00119.jpg;71;1
28/28_00120.jpg;71;1
28/28_00121.jpg;71;1
28/28_00122.jpg;71;1
28/28_00123.jpg;71;1
28/28_00124.jpg;71;1
28/28_00125.jpg;71;1
28/28_00126.jpg;71;1
28/28_00127.jpg;71;1
28/28_00128.jpg;71;1
28/28_00129.jpg;71;1
28/28_00130.jpg;71;1
28/28_00131.jpg;71;1
28/28_00132.jpg;71;1
28/28_00133.jpg;71;1
28/28_00134.jpg;71;1
28/28_00135.jpg;71;1
28/28_00136.jpg;71;1
28/28_00137.jpg;71;1
28/28_00138.jpg;71;1
28/28_00139.jpg;71;1
28/28_00140.jpg;71;1
28/28_00141.jpg;71;1
28/28_00142.jpg;71;1
28/28_00143.jpg;71;1
28/28_00144.jpg;71;1
28/28_00145.jpg;71;1
28/28_00146.jpg;71;1
28/28_00147.jpg;71;1
28/28_00148.jpg;71;1
28/28_00149.jpg;71;1
28/28_00150.jpg;71;1
28/28_00151.jpg;71;1
28/28_00152.jpg;71;1
28/28_00153.jpg;71;1
28/28_00154.jpg;71;1
28/28_00155.jpg;71;1
28/28_00156.jpg;71;1
28/28_00157.jpg;71;1
28/28_00158.jpg;71;1
28/28_00159.jpg;71;1
28/28_00160.jpg;71;1
28/28_00161.jpg;71;1
28/28_00162.jpg;71;1
28/28_00163.jpg;71;1
28/28_00164.jpg;71;1
28/28_00165.jpg;71;1
28/28_00166.jpg;71;1
28/28_00167.jpg;71;1
28/28_00168.jpg;71;1
28/28_00169.jpg;71;1
28/28_00170.jpg;71;1
28/28_00171.jpg;71;1
28/28_00172.jpg;71;1
28/28_00173.jpg;71;1
28/28_00174.jpg;71;1
28/28_00175.jpg;71;1
28/28_00176.jpg;71;1
28/28_00177.jpg;71;1
28/28_00178.jpg;71;1
28/28_00179.jpg;71;1
28/28_00180.jpg;71;1
28/28_00181.jpg;71;1
28/28_00182.jpg;71;1
28/28_00183.jpg;71;1
28/28_00184.jpg;71;1
28/28_00185.jpg;71;1
28/28_00186.jpg;71;1
28/28_00187.jpg;71;1
28/28_00188.jpg;71;1
28/28_00189.jpg;71;1
28/28_00190.jpg;71;1
28/28_00191.jpg;71;1
28/28_00192.jpg;71;1
28/28_00193.jpg;71;1
28/28_00194.jpg;71;1
28/28_00195.jpg;71;1
28/28_00196.jpg;71;1
28/28_00197.jpg;71;1
28/28_00198.jpg;71;1
28/28_00199.jpg;71;1
28/28_00200.jpg;71;1
28/28_00201.jpg;71;1
28/28_00202.jpg;71;1
28/28_00203.jpg;71;1
28/28_00204.jpg;71;1
28/28_00205.jpg;71;1
28/28_00206.jpg;71;1
28/28_00207.jpg;71;1
28/28_00208.jpg;71;1
28/28_00209.jpg;71;1
28/28_00210.jpg;71;1
28/28_00211.jpg;71;1
28/28_00212.jpg;71;1
28/28_00213.jpg;71;1
28/28_00214.jpg;71;1
28/28_00215.jpg;71;1
28/28_00216.jpg;71;1
28/28_00217.jpg;71;1
28/28_00218.jpg;71;1
28/28_00219.jpg;71;1
28/28_00220.jpg;71;1
28/28_00221.jpg;71;1
28/28_00222.jpg;71;1
28/28_00223.jpg;71;1
28/28_00224.jpg;71;1
28/28_00225.jpg;71;1
28/28_00226.jpg;71;1
28/28_00227.jpg;71;1
28/28_00228.jpg;71;1
28/28_00229.jpg;71;1
28/28_00230.jpg;71;1
28/28_00231.jpg;71;1
28/28_00232.jpg;71;1
28/28_00233.jpg;71;1
28/28_00234.jpg;71;1
28/28_00235.jpg;71;1
28/28_00236.jpg;71;1
28/28_00237.jpg;71;1
28/28_00238.jpg;71;1
28/28_00239.jpg;71;1
28/28_00240.jpg;71;1
28/28_00241.jpg;71;1
28/28_00242.jpg;71;1
28/28_00243.jpg;71;1
28/28_00244.jpg;71;1
28/28_00245.jpg;71;1
28/28_00246.jpg;71;1
28/28_00247.jpg;71;1
28/28_00248.jpg;71;1
28/28_00249.jpg;71;1
28/28_00250.jpg;71;1
28/28_00251.jpg;71;1
28/28_00252.jpg;71;1
28/28_00253.jpg;71;1
28/28_00254.jpg;71;1
28/28_00255.jpg;71;1
28/28_00256.jpg;71;1
28/28_00257.jpg;71;1
28/28_00258.jpg;71;1
28/28_00259.jpg;71;1
28/28_00260.jpg;71;1
28/28_00261.jpg;71;1
28/28_00262.jpg;71;1
28/28_00263.jpg;71;1
28/28_00264.jpg;71;1
28/28_00265.jpg;71;1
28/28_00266.jpg;71;1
28/28_00267.jpg;71;1
28/28_00268.jpg;71;1
28/28_00269.jpg;71;1
28/28_00270.jpg;71;1
28/28_00271.jpg;71;1
28/28_00272.jpg;71;1
28/28_00273.jpg;71;1
28/28_00274.jpg;71;1
28/28_00275.jpg;71;1
28/28_00276.jpg;71;1
28/28_00277.jpg;71;1
28/28_00278.jpg;71;1
28/28_00279.jpg;71;1
28/28_00280.jpg;71;1
28/28_00281.jpg;71;1
28/28_00282.jpg;71;1
28/28_00283.jpg;71;1
28/28_00284.jpg;71;1
28/28_00285.jpg;71;1
28/28_00286.jpg;71;1
28/28_00287.jpg;71;1
28/28_00288.jpg;71;1
28/28_00289.jpg;71;1
28/28_00290.jpg;71;1
28/28_00291.jpg;71;1
28/28_00292.jpg;71;1
28/28_00293.jpg;71;1
28/28_00294.jpg;71;1
28/28_00295.jpg;71;1
28/28_00296.jpg;71;1
28/28_00297.jpg;71;1
28/28_00298.jpg;71;1
28/28_00299.jpg;71;1
28/28_00300.jpg;71;1
28/28_00301.jpg;71;1
28/28_00302.jpg;71;1
28/28_00303.jpg;71;1
28/28_00304.jpg;71;1
28/28_00305.jpg;71;1
28/28_00306.jpg;71;1
28/28_00307.jpg;71;1
28/28_00308.jpg;71;1
28/28_00309.jpg;71;1
28/28_00310.jpg;71;1
28/28_00311.jpg;71;1
28/28_00312.jpg;71;1
28/28_00313.jpg;71;1
28/28_00314.jpg;71;1
28/28_00315.jpg;71;1
28/28_00316.jpg;71;1
28/28_00317.jpg;71;1
28/28_00318.jpg;71;1
28/28_00319.jpg;71;1
28/28_00320.jpg;71;1
28/28_00321.jpg;71;1
28/28_00322.jpg;71;1
28/28_00323.jpg;71;1
28/28_00324.jpg;71;1
28/28_00325.jpg;71;1
28/28_00326.jpg;71;1
28/28_00327.jpg;71;1
28/28_00328.jpg;71;1
28/28_00329.jpg;71;1
28/28_00330.jpg;71;1
28/28_00331.jpg;71;1
28/28_00332.jpg;71;1
28/28_00333.jpg;71;1
28/28_00334.jpg;71;1
28/28_00335.jpg;71;1
28/28_00336.jpg;71;1
28/28_00337.jpg;71;1
28/28_00338.jpg;71;1
28/28_00339.jpg;71;1
28/28_00340.jpg;71;1
28/28_00341.jpg;71;1
28/28_00342.jpg;71;1
28/28_00343.jpg;71;1
28/28_00344.jpg;71;1
28/28_00345.jpg;71;1
28/28_00346.jpg;71;1
28/28_00347.jpg;71;1
28/28_00348.jpg;71;1
28/28_00349.jpg;71;1
28/28_00350.jpg;71;1
28/28_00351.jpg;71;1
28/28_00352.jpg;71;1
28/28_00353.jpg;71;1
28/28_00354.jpg;71;1
28/28_00355.jpg;71;1
28/28_00356.jpg;71;1
28/28_00357.jpg;71;1
28/28_00358.jpg;71;1
28/28_00359.jpg;71;1
28/28_00360.jpg;71;1
28/28_00361.jpg;71;1
28/28_00362.jpg;71;1
28/28_00363.jpg;71;1
28/28_00364.jpg;71;1
28/28_00365.jpg;71;1
28/28_00366.jpg;71;1
28/28_00367.jpg;71;1
28/28_00368.jpg;71;1
28/28_00369.jpg;71;1
28/28_00370.jpg;71;1
28/28_00371.jpg;71;1
28/28_00372.jpg;71;1
28/28_00373.jpg;71;1
28/28_00374.jpg;71;1
28/28_00375.jpg;71;1
28/28_00376.jpg;71;1
28/28_00377.jpg;71;1
28/28_00378.jpg;71;1
28/28_00379.jpg;71;1
28/28_00380.jpg;71;1
28/28_00381.jpg;71;1
28/28_00382.jpg;71;1
28/28_00383.jpg;71;1
28/28_00384.jpg;71;1
28/28_00385.jpg;71;1
28/28_00386.jpg;71;1
28/28_00387.jpg;71;1
28/28_00388.jpg;71;1
28/28_00389.jpg;71;1
28/28_00390.jpg;71;1
28/28_00391.jpg;71;1
28/28_00392.jpg;71;1
28/28_00393.jpg;71;1
28/28_00394.jpg;71;1
28/28_00395.jpg;71;1
28/28_00396.jpg;71;1
28/28_00397.jpg;71;1
28/28_00398.jpg;71;1
28/28_00399.jpg;71;1
28/28_00400.jpg;71;1
28/28_00401.jpg;71;1
28/28_00402.jpg;71;1
28/28_00403.jpg;71;1
28/28_00404.jpg;71;1
28/28_00405.jpg;71;1
28/28_00406.jpg;71;1
28/28_00407.jpg;71;1
28/28_00408.jpg;71;1
28/28_00409.jpg;71;1
28/28_00410.jpg;71;1
28/28_00411.jpg;71;1
28/28_00412.jpg;71;1
28/28_00413.jpg;71;1
28/28_00414.jpg;71;1
28/28_00415.jpg;71;1
28/28_00416.jpg;71;1
28/28_00417.jpg;71;1
28/28_00418.jpg;71;1
28/28_00419.jpg;71;1
28/28_00420.jpg;71;1
28/28_00421.jpg;71;1
28/28_00422.jpg;71;1
28/28_00423.jpg;71;1
28/28_00424.jpg;71;1
28/28_00425.jpg;71;1
28/28_00426.jpg;71;1
28/28_00427.jpg;71;1
28/28_00428.jpg;71;1
28/28_00429.jpg;71;1
28/28_00430.jpg;71;1
28/28_00431.jpg;71;1
28/28_00432.jpg;71;1
28/28_00433.jpg;71;1
28/28_00434.jpg;71;1
28/28_00435.jpg;71;1
28/28_00436.jpg;71;1
28/28_00437.jpg;71;1
28/28_00438.jpg;71;1
28/28_00439.jpg;71;1
28/28_00440.jpg;71;1
28/28_00441.jpg;71;1
28/28_00442.jpg;71;1
28/28_00443.jpg;71;1
28/28_00444.jpg;71;1
28/28_00445.jpg;71;1
28/28_00446.jpg;71;1
28/28_00447.jpg;71;1
28/28_00448.jpg;71;1
28/28_00449.jpg;71;1
28/28_00450.jpg;71;1
28/28_00451.jpg;71;1
28/28_00452.jpg;71;1
28/28_00453.jpg;71;1
28/28_00454.jpg;71;1
28/28_00455.jpg;71;1
28/28_00456.jpg;71;1
28/28_00457.jpg;71;1
28/28_00458.jpg;71;1
28/28_00459.jpg;71;1
28/28_00460.jpg;71;1
28/28_00461.jpg;71;1
28/28_00462.jpg;71;1
28/28_00463.jpg;71;1
28/28_00464.jpg;71;1
28/28_00465.jpg;71;1
28/28_00466.jpg;71;1
28/28_00467.jpg;71;1
28/28_00468.jpg;71;1
28/28_00469.jpg;71;1
28/28_00470.jpg;71;1
28/28_00471.jpg;71;1
28/28_00472.jpg;71;1
28/28_00473.jpg;71;1
28/28_00474.jpg;71;1
28/28_00475.jpg;71;1
28/28_00476.jpg;71;1
28/28_00477.jpg;71;1
28/28_00478.jpg;71;1
28/28_00479.jpg;71;1
28/28_00480.jpg;71;1
28/28_00481.jpg;71;1
28/28_00482.jpg;71;1
28/28_00483.jpg;71;1
28/28_00484.jpg;71;1
28/28_00485.jpg;71;1
28/28_00486.jpg;71;1
28/28_00487.jpg;71;1
28/28_00488.jpg;71;1
28/28_00489.jpg;71;1
28/28_00490.jpg;71;1
28/28_00491.jpg;71;1
28/28_00492.jpg;71;1
28/28_00493.jpg;71;1
28/28_00494.jpg;71;1
28/28_00495.jpg;71;1
28/28_00496.jpg;71;1
28/28_00497.jpg;71;1
28/28_00498.jpg;71;1
28/28_00499.jpg;71;1
28/28_00500.jpg;71;1
28/28_00501.jpg;71;1
28/28_00502.jpg;71;1
28/28_00503.jpg;71;1
28/28_00504.jpg;71;1
28/28_00505.jpg;71;1
28/28_00506.jpg;71;1
29/29_00001.jpg;72;1
29/29_00002.jpg;72;1
29/29_00003.jpg;72;1
29/29_00004.jpg;72;1
29/29_00005.jpg;72;1
29/29_00006.jpg;72;1
29/29_00007.jpg;72;1
29/29_00008.jpg;72;1
29/29_00009.jpg;72;1
29/29_00010.jpg;72;1
29/29_00011.jpg;72;1
29/29_00012.jpg;72;1
29/29_00013.jpg;72;1
29/29_00014.jpg;72;1
29/29_00015.jpg;72;1
29/29_00016.jpg;72;1
29/29_00017.jpg;72;1
29/29_00018.jpg;72;1
29/29_00019.jpg;72;1
29/29_00020.jpg;72;1
29/29_00021.jpg;72;1
29/29_00022.jpg;72;1
29/29_00023.jpg;72;1
29/29_00024.jpg;72;1
29/29_00025.jpg;72;1
29/29_00026.jpg;72;1
29/29_00027.jpg;72;1
29/29_00028.jpg;72;1
29/29_00029.jpg;72;1
29/29_00030.jpg;72;1
29/29_00031.jpg;72;1
29/29_00032.jpg;72;1
29/29_00033.jpg;72;1
29/29_00034.jpg;72;1
29/29_00035.jpg;72;1
29/29_00036.jpg;72;1
29/29_00037.jpg;72;1
29/29_00038.jpg;72;1
29/29_00039.jpg;72;1
29/29_00040.jpg;72;1
29/29_00041.jpg;72;1
29/29_00042.jpg;72;1
29/29_00043.jpg;72;1
29/29_00044.jpg;72;1
29/29_00045.jpg;72;1
29/29_00046.jpg;72;1
29/29_00047.jpg;72;1
29/29_00048.jpg;72;1
29/29_00049.jpg;72;1
29/29_00050.jpg;72;1
29/29_00051.jpg;72;1
29/29_00052.jpg;72;1
29/29_00053.jpg;72;1
29/29_00054.jpg;72;1
29/29_00055.jpg;72;1
29/29_00056.jpg;72;1
29/29_00057.jpg;72;1
29/29_00058.jpg;72;1
29/29_00059.jpg;72;1
29/29_00060.jpg;72;1
29/29_00061.jpg;72;1
29/29_00062.jpg;72;1
29/29_00063.jpg;72;1
29/29_00064.jpg;72;1
29/29_00065.jpg;72;1
29/29_00066.jpg;72;1
29/29_00067.jpg;72;1
29/29_00068.jpg;72;1
29/29_00069.jpg;72;1
29/29_00070.jpg;72;1
29/29_00071.jpg;72;1
29/29_00072.jpg;72;1
29/29_00073.jpg;72;1
29/29_00074.jpg;72;1
29/29_00075.jpg;72;1
29/29_00076.jpg;72;1
29/29_00077.jpg;72;1
29/29_00078.jpg;72;1
29/29_00079.jpg;72;1
29/29_00080.jpg;72;1
29/29_00081.jpg;72;1
29/29_00082.jpg;72;1
29/29_00083.jpg;72;1
29/29_00084.jpg;72;1
29/29_00085.jpg;72;1
29/29_00086.jpg;72;1
29/29_00087.jpg;72;1
29/29_00088.jpg;72;1
29/29_00089.jpg;72;1
29/29_00090.jpg;72;1
29/29_00091.jpg;72;1
29/29_00092.jpg;72;1
29/29_00093.jpg;72;1
29/29_00094.jpg;72;1
29/29_00095.jpg;72;1
29/29_00096.jpg;72;1
29/29_00097.jpg;72;1
29/29_00098.jpg;72;1
29/29_00099.jpg;72;1
29/29_00100.jpg;72;1
29/29_00101.jpg;72;1
29/29_00102.jpg;72;1
29/29_00103.jpg;72;1
29/29_00104.jpg;72;1
29/29_00105.jpg;72;1
29/29_00106.jpg;72;1
29/29_00107.jpg;72;1
29/29_00108.jpg;72;1
29/29_00109.jpg;72;1
29/29_00110.jpg;72;1
29/29_00111.jpg;72;1
29/29_00112.jpg;72;1
29/29_00113.jpg;72;1
29/29_00114.jpg;72;1
29/29_00115.jpg;72;1
29/29_00116.jpg;72;1
29/29_00117.jpg;72;1
29/29_00118.jpg;72;1
29/29_00119.jpg;72;1
29/29_00120.jpg;72;1
29/29_00121.jpg;72;1
29/29_00122.jpg;72;1
29/29_00123.jpg;72;1
29/29_00124.jpg;72;1
29/29_00125.jpg;72;1
29/29_00126.jpg;72;1
29/29_00127.jpg;72;1
29/29_00128.jpg;72;1
29/29_00129.jpg;72;1
29/29_00130.jpg;72;1
29/29_00131.jpg;72;1
29/29_00132.jpg;72;1
29/29_00133.jpg;72;1
29/29_00134.jpg;72;1
29/29_00135.jpg;72;1
29/29_00136.jpg;72;1
29/29_00137.jpg;72;1
29/29_00138.jpg;72;1
29/29_00139.jpg;72;1
29/29_00140.jpg;72;1
29/29_00141.jpg;72;1
29/29_00142.jpg;72;1
29/29_00143.jpg;72;1
29/29_00144.jpg;72;1
29/29_00145.jpg;72;1
29/29_00146.jpg;72;1
29/29_00147.jpg;72;1
29/29_00148.jpg;72;1
29/29_00149.jpg;72;1
29/29_00150.jpg;72;1
29/29_00151.jpg;72;1
29/29_00152.jpg;72;1
29/29_00153.jpg;72;1
29/29_00154.jpg;72;1
29/29_00155.jpg;72;1
29/29_00156.jpg;72;1
29/29_00157.jpg;72;1
29/29_00158.jpg;72;1
29/29_00159.jpg;72;1
29/29_00160.jpg;72;1
29/29_00161.jpg;72;1
29/29_00162.jpg;72;1
29/29_00163.jpg;72;1
29/29_00164.jpg;72;1
29/29_00165.jpg;72;1
29/29_00166.jpg;72;1
29/29_00167.jpg;72;1
29/29_00168.jpg;72;1
29/29_00169.jpg;72;1
29/29_00170.jpg;72;1
29/29_00171.jpg;72;1
29/29_00172.jpg;72;1
29/29_00173.jpg;72;1
29/29_00174.jpg;72;1
29/29_00175.jpg;72;1
29/29_00176.jpg;72;1
29/29_00177.jpg;72;1
29/29_00178.jpg;72;1
29/29_00179.jpg;72;1
29/29_00180.jpg;72;1
29/29_00181.jpg;72;1
29/29_00182.jpg;72;1
29/29_00183.jpg;72;1
29/29_00184.jpg;72;1
29/29_00185.jpg;72;1
29/29_00186.jpg;72;1
29/29_00187.jpg;72;1
29/29_00188.jpg;72;1
29/29_00189.jpg;72;1
29/29_00190.jpg;72;1
29/29_00191.jpg;72;1
29/29_00192.jpg;72;1
29/29_00193.jpg;72;1
29/29_00194.jpg;72;1
29/29_00195.jpg;72;1
29/29_00196.jpg;72;1
29/29_00197.jpg;72;1
29/29_00198.jpg;72;1
29/29_00199.jpg;72;1
29/29_00200.jpg;72;1
29/29_00201.jpg;72;1
29/29_00202.jpg;72;1
29/29_00203.jpg;72;1
29/29_00204.jpg;72;1
29/29_00205.jpg;72;1
29/29_00206.jpg;72;1
29/29_00207.jpg;72;1
29/29_00208.jpg;72;1
29/29_00209.jpg;72;1
29/29_00210.jpg;72;1
29/29_00211.jpg;72;1
29/29_00212.jpg;72;1
29/29_00213.jpg;72;1
29/29_00214.jpg;72;1
29/29_00215.jpg;72;1
29/29_00216.jpg;72;1
29/29_00217.jpg;72;1
29/29_00218.jpg;72;1
29/29_00219.jpg;72;1
29/29_00220.jpg;72;1
29/29_00221.jpg;72;1
29/29_00222.jpg;72;1
29/29_00223.jpg;72;1
29/29_00224.jpg;72;1
29/29_00225.jpg;72;1
29/29_00226.jpg;72;1
29/29_00227.jpg;72;1
29/29_00228.jpg;72;1
29/29_00229.jpg;72;1
29/29_00230.jpg;72;1
29/29_00231.jpg;72;1
29/29_00232.jpg;72;1
29/29_00233.jpg;72;1
29/29_00234.jpg;72;1
29/29_00235.jpg;72;1
29/29_00236.jpg;72;1
29/29_00237.jpg;72;1
29/29_00238.jpg;72;1
29/29_00239.jpg;72;1
29/29_00240.jpg;72;1
29/29_00241.jpg;72;1
29/29_00242.jpg;72;1
29/29_00243.jpg;72;1
29/29_00244.jpg;72;1
29/29_00245.jpg;72;1
29/29_00246.jpg;72;1
29/29_00247.jpg;72;1
29/29_00248.jpg;72;1
29/29_00249.jpg;72;1
29/29_00250.jpg;72;1
29/29_00251.jpg;72;1
29/29_00252.jpg;72;1
29/29_00253.jpg;72;1
29/29_00254.jpg;72;1
29/29_00255.jpg;72;1
29/29_00256.jpg;72;1
29/29_00257.jpg;72;1
29/29_00258.jpg;72;1
29/29_00259.jpg;72;1
29/29_00260.jpg;72;1
29/29_00261.jpg;72;1
29/29_00262.jpg;72;1
29/29_00263.jpg;72;1
29/29_00264.jpg;72;1
29/29_00265.jpg;72;1
29/29_00266.jpg;72;1
29/29_00267.jpg;72;1
29/29_00268.jpg;72;1
29/29_00269.jpg;72;1
29/29_00270.jpg;72;1
29/29_00271.jpg;72;1
29/29_00272.jpg;72;1
29/29_00273.jpg;72;1
29/29_00274.jpg;72;1
29/29_00275.jpg;72;1
29/29_00276.jpg;72;1
29/29_00277.jpg;72;1
29/29_00278.jpg;72;1
29/29_00279.jpg;72;1
29/29_00280.jpg;72;1
29/29_00281.jpg;72;1
29/29_00282.jpg;72;1
29/29_00283.jpg;72;1
29/29_00284.jpg;72;1
29/29_00285.jpg;72;1
29/29_00286.jpg;72;1
29/29_00287.jpg;72;1
29/29_00288.jpg;72;1
29/29_00289.jpg;72;1
29/29_00290.jpg;72;1
29/29_00291.jpg;72;1
29/29_00292.jpg;72;1
29/29_00293.jpg;72;1
29/29_00294.jpg;72;1
29/29_00295.jpg;72;1
29/29_00296.jpg;72;1
29/29_00297.jpg;72;1
29/29_00298.jpg;72;1
29/29_00299.jpg;72;1
29/29_00300.jpg;72;1
29/29_00301.jpg;72;1
29/29_00302.jpg;72;1
29/29_00303.jpg;72;1
29/29_00304.jpg;72;1
29/29_00305.jpg;72;1
29/29_00306.jpg;72;1
29/29_00307.jpg;72;1
29/29_00308.jpg;72;1
29/29_00309.jpg;72;1
29/29_00310.jpg;72;1
29/29_00311.jpg;72;1
29/29_00312.jpg;72;1
29/29_00313.jpg;72;1
29/29_00314.jpg;72;1
29/29_00315.jpg;72;1
29/29_00316.jpg;72;1
29/29_00317.jpg;72;1
29/29_00318.jpg;72;1
29/29_00319.jpg;72;1
29/29_00320.jpg;72;1
29/29_00321.jpg;72;1
29/29_00322.jpg;72;1
29/29_00323.jpg;72;1
29/29_00324.jpg;72;1
29/29_00325.jpg;72;1
29/29_00326.jpg;72;1
29/29_00327.jpg;72;1
29/29_00328.jpg;72;1
29/29_00329.jpg;72;1
29/29_00330.jpg;72;1
29/29_00331.jpg;72;1
29/29_00332.jpg;72;1
29/29_00333.jpg;72;1
29/29_00334.jpg;72;1
29/29_00335.jpg;72;1
29/29_00336.jpg;72;1
29/29_00337.jpg;72;1
29/29_00338.jpg;72;1
29/29_00339.jpg;72;1
29/29_00340.jpg;72;1
29/29_00341.jpg;72;1
29/29_00342.jpg;72;1
29/29_00343.jpg;72;1
29/29_00344.jpg;72;1
29/29_00345.jpg;72;1
29/29_00346.jpg;72;1
29/29_00347.jpg;72;1
29/29_00348.jpg;72;1
29/29_00349.jpg;72;1
29/29_00350.jpg;72;1
29/29_00351.jpg;72;1
29/29_00352.jpg;72;1
29/29_00353.jpg;72;1
29/29_00354.jpg;72;1
29/29_00355.jpg;72;1
29/29_00356.jpg;72;1
29/29_00357.jpg;72;1
29/29_00358.jpg;72;1
29/29_00359.jpg;72;1
29/29_00360.jpg;72;1
29/29_00361.jpg;72;1
29/29_00362.jpg;72;1
29/29_00363.jpg;72;1
29/29_00364.jpg;72;1
29/29_00365.jpg;72;1
29/29_00366.jpg;72;1
29/29_00367.jpg;72;1
29/29_00368.jpg;72;1
29/29_00369.jpg;72;1
29/29_00370.jpg;72;1
29/29_00371.jpg;72;1
29/29_00372.jpg;72;1
29/29_00373.jpg;72;1
29/29_00374.jpg;72;1
29/29_00375.jpg;72;1
29/29_00376.jpg;72;1
29/29_00377.jpg;72;1
29/29_00378.jpg;72;1
29/29_00379.jpg;72;1
29/29_00380.jpg;72;1
29/29_00381.jpg;72;1
29/29_00382.jpg;72;1
29/29_00383.jpg;72;1
29/29_00384.jpg;72;1
29/29_00385.jpg;72;1
29/29_00386.jpg;72;1
29/29_00387.jpg;72;1
29/29_00388.jpg;72;1
29/29_00389.jpg;72;1
29/29_00390.jpg;72;1
29/29_00391.jpg;72;1
29/29_00392.jpg;72;1
29/29_00393.jpg;72;1
29/29_00394.jpg;72;1
29/29_00395.jpg;72;1
29/29_00396.jpg;72;1
29/29_00397.jpg;72;1
29/29_00398.jpg;72;1
29/29_00399.jpg;72;1
29/29_00400.jpg;72;1
29/29_00401.jpg;72;1
29/29_00402.jpg;72;1
29/29_00403.jpg;72;1
29/29_00404.jpg;72;1
29/29_00405.jpg;72;1
29/29_00406.jpg;72;1
29/29_00407.jpg;72;1
29/29_00408.jpg;72;1
29/29_00409.jpg;72;1
29/29_00410.jpg;72;1
29/29_00411.jpg;72;1
29/29_00412.jpg;72;1
29/29_00413.jpg;72;1
29/29_00414.jpg;72;1
29/29_00415.jpg;72;1
29/29_00416.jpg;72;1
29/29_00417.jpg;72;1
29/29_00418.jpg;72;1
29/29_00419.jpg;72;1
29/29_00420.jpg;72;1
29/29_00421.jpg;72;1
29/29_00422.jpg;72;1
29/29_00423.jpg;72;1
29/29_00424.jpg;72;1
29/29_00425.jpg;72;1
29/29_00426.jpg;72;1
29/29_00427.jpg;72;1
29/29_00428.jpg;72;1
29/29_00429.jpg;72;1
29/29_00430.jpg;72;1
29/29_00431.jpg;72;1
29/29_00432.jpg;72;1
29/29_00433.jpg;72;1
29/29_00434.jpg;72;1
29/29_00435.jpg;72;1
29/29_00436.jpg;72;1
30/30_00001.jpg;73;1
30/30_00002.jpg;73;1
30/30_00003.jpg;73;1
30/30_00004.jpg;73;1
30/30_00005.jpg;73;1
30/30_00006.jpg;73;1
30/30_00007.jpg;73;1
30/30_00008.jpg;73;1
30/30_00009.jpg;73;1
30/30_00010.jpg;73;1
30/30_00011.jpg;73;1
30/30_00012.jpg;73;1
30/30_00013.jpg;73;1
30/30_00014.jpg;73;1
30/30_00015.jpg;73;1
30/30_00016.jpg;73;1
30/30_00017.jpg;73;1
30/30_00018.jpg;73;1
30/30_00019.jpg;73;1
30/30_00020.jpg;73;1
30/30_00021.jpg;73;1
30/30_00022.jpg;73;1
30/30_00023.jpg;73;1
30/30_00024.jpg;73;1
30/30_00025.jpg;73;1
30/30_00026.jpg;73;1
30/30_00027.jpg;73;1
30/30_00028.jpg;73;1
30/30_00029.jpg;73;1
30/30_00030.jpg;73;1
30/30_00031.jpg;73;1
30/30_00032.jpg;73;1
30/30_00033.jpg;73;1
30/30_00034.jpg;73;1
30/30_00035.jpg;73;1
30/30_00036.jpg;73;1
30/30_00037.jpg;73;1
30/30_00038.jpg;73;1
30/30_00039.jpg;73;1
30/30_00040.jpg;73;1
30/30_00041.jpg;73;1
30/30_00042.jpg;73;1
30/30_00043.jpg;73;1
30/30_00044.jpg;73;1
30/30_00045.jpg;73;1
30/30_00046.jpg;73;1
30/30_00047.jpg;73;1
30/30_00048.jpg;73;1
30/30_00049.jpg;73;1
30/30_00050.jpg;73;1
30/30_00051.jpg;73;1
30/30_00052.jpg;73;1
30/30_00053.jpg;73;1
30/30_00054.jpg;73;1
30/30_00055.jpg;73;1
30/30_00056.jpg;73;1
30/30_00057.jpg;73;1
30/30_00058.jpg;73;1
30/30_00059.jpg;73;1
30/30_00060.jpg;73;1
30/30_00061.jpg;73;1
30/30_00062.jpg;73;1
30/30_00063.jpg;73;1
30/30_00064.jpg;73;1
30/30_00065.jpg;73;1
30/30_00066.jpg;73;1
30/30_00067.jpg;73;1
30/30_00068.jpg;73;1
30/30_00069.jpg;73;1
30/30_00070.jpg;73;1
30/30_00071.jpg;73;1
30/30_00072.jpg;73;1
30/30_00073.jpg;73;1
30/30_00074.jpg;73;1
30/30_00075.jpg;73;1
30/30_00076.jpg;73;1
30/30_00077.jpg;73;1
30/30_00078.jpg;73;1
30/30_00079.jpg;73;1
30/30_00080.jpg;73;1
30/30_00081.jpg;73;1
30/30_00082.jpg;73;1
30/30_00083.jpg;73;1
30/30_00084.jpg;73;1
30/30_00085.jpg;73;1
30/30_00086.jpg;73;1
30/30_00087.jpg;73;1
30/30_00088.jpg;73;1
30/30_00089.jpg;73;1
30/30_00090.jpg;73;1
30/30_00091.jpg;73;1
30/30_00092.jpg;73;1
30/30_00093.jpg;73;1
30/30_00094.jpg;73;1
30/30_00095.jpg;73;1
30/30_00096.jpg;73;1
30/30_00097.jpg;73;1
30/30_00098.jpg;73;1
30/30_00099.jpg;73;1
30/30_00100.jpg;73;1
30/30_00101.jpg;73;1
30/30_00102.jpg;73;1
30/30_00103.jpg;73;1
30/30_00104.jpg;73;1
30/30_00105.jpg;73;1
30/30_00106.jpg;73;1
30/30_00107.jpg;73;1
30/30_00108.jpg;73;1
30/30_00109.jpg;73;1
30/30_00110.jpg;73;1
30/30_00111.jpg;73;1
30/30_00112.jpg;73;1
30/30_00113.jpg;73;1
30/30_00114.jpg;73;1
30/30_00115.jpg;73;1
30/30_00116.jpg;73;1
30/30_00117.jpg;73;1
30/30_00118.jpg;73;1
30/30_00119.jpg;73;1
30/30_00120.jpg;73;1
30/30_00121.jpg;73;1
30/30_00122.jpg;73;1
30/30_00123.jpg;73;1
30/30_00124.jpg;73;1
30/30_00125.jpg;73;1
30/30_00126.jpg;73;1
30/30_00127.jpg;73;1
30/30_00128.jpg;73;1
30/30_00129.jpg;73;1
30/30_00130.jpg;73;1
30/30_00131.jpg;73;1
30/30_00132.jpg;73;1
30/30_00133.jpg;73;1
30/30_00134.jpg;73;1
30/30_00135.jpg;73;1
30/30_00136.jpg;73;1
30/30_00137.jpg;73;1
30/30_00138.jpg;73;1
30/30_00139.jpg;73;1
31/31_00001.jpg;74;1
31/31_00002.jpg;74;1
31/31_00003.jpg;74;1
31/31_00004.jpg;74;1
31/31_00005.jpg;74;1
31/31_00006.jpg;74;1
31/31_00007.jpg;74;1
31/31_00008.jpg;74;1
31/31_00009.jpg;74;1
31/31_00010.jpg;74;1
31/31_00011.jpg;74;1
31/31_00012.jpg;74;1
31/31_00013.jpg;74;1
31/31_00014.jpg;74;1
31/31_00015.jpg;74;1
31/31_00016.jpg;74;1
31/31_00017.jpg;74;1
31/31_00018.jpg;74;1
31/31_00019.jpg;74;1
31/31_00020.jpg;74;1
31/31_00021.jpg;74;1
31/31_00022.jpg;74;1
31/31_00023.jpg;74;1
31/31_00024.jpg;74;1
31/31_00025.jpg;74;1
31/31_00026.jpg;74;1
31/31_00027.jpg;74;1
31/31_00028.jpg;74;1
31/31_00029.jpg;74;1
31/31_00030.jpg;74;1
31/31_00031.jpg;74;1
31/31_00032.jpg;74;1
31/31_00033.jpg;74;1
31/31_00034.jpg;74;1
31/31_00035.jpg;74;1
31/31_00036.jpg;74;1
31/31_00037.jpg;74;1
31/31_00038.jpg;74;1
31/31_00039.jpg;74;1
31/31_00040.jpg;74;1
31/31_00041.jpg;74;1
31/31_00042.jpg;74;1
31/31_00043.jpg;74;1
31/31_00044.jpg;74;1
31/31_00045.jpg;74;1
31/31_00046.jpg;74;1
31/31_00047.jpg;74;1
31/31_00048.jpg;74;1
31/31_00049.jpg;74;1
31/31_00050.jpg;74;1
31/31_00051.jpg;74;1
31/31_00052.jpg;74;1
31/31_00053.jpg;74;1
31/31_00054.jpg;74;1
31/31_00055.jpg;74;1
31/31_00056.jpg;74;1
31/31_00057.jpg;74;1
31/31_00058.jpg;74;1
31/31_00059.jpg;74;1
31/31_00060.jpg;74;1
31/31_00061.jpg;74;1
31/31_00062.jpg;74;1
31/31_00063.jpg;74;1
31/31_00064.jpg;74;1
31/31_00065.jpg;74;1
31/31_00066.jpg;74;1
31/31_00067.jpg;74;1
31/31_00068.jpg;74;1
31/31_00069.jpg;74;1
31/31_00070.jpg;74;1
31/31_00071.jpg;74;1
31/31_00072.jpg;74;1
31/31_00073.jpg;74;1
31/31_00074.jpg;74;1
31/31_00075.jpg;74;1
31/31_00076.jpg;74;1
31/31_00077.jpg;74;1
31/31_00078.jpg;74;1
31/31_00079.jpg;74;1
31/31_00080.jpg;74;1
31/31_00081.jpg;74;1
31/31_00082.jpg;74;1
31/31_00083.jpg;74;1
31/31_00084.jpg;74;1
31/31_00085.jpg;74;1
31/31_00086.jpg;74;1
31/31_00087.jpg;74;1
31/31_00088.jpg;74;1
31/31_00089.jpg;74;1
31/31_00090.jpg;74;1
31/31_00091.jpg;74;1
31/31_00092.jpg;74;1
31/31_00093.jpg;74;1
31/31_00094.jpg;74;1
31/31_00095.jpg;74;1
31/31_00096.jpg;74;1
31/31_00097.jpg;74;1
31/31_00098.jpg;74;1
31/31_00099.jpg;74;1
31/31_00100.jpg;74;1
31/31_00101.jpg;74;1
31/31_00102.jpg;74;1
31/31_00103.jpg;74;1
31/31_00104.jpg;74;1
31/31_00105.jpg;74;1
31/31_00106.jpg;74;1
31/31_00107.jpg;74;1
31/31_00108.jpg;74;1
31/31_00109.jpg;74;1
31/31_00110.jpg;74;1
31/31_00111.jpg;74;1
31/31_00112.jpg;74;1
31/31_00113.jpg;74;1
31/31_00114.jpg;74;1
31/31_00115.jpg;74;1
31/31_00116.jpg;74;1
31/31_00117.jpg;74;1
31/31_00118.jpg;74;1
31/31_00119.jpg;74;1
31/31_00120.jpg;74;1
31/31_00121.jpg;74;1
31/31_00122.jpg;74;1
31/31_00123.jpg;74;1
31/31_00124.jpg;74;1
31/31_00125.jpg;74;1
31/31_00126.jpg;74;1
31/31_00127.jpg;74;1
31/31_00128.jpg;74;1
31/31_00129.jpg;74;1
31/31_00130.jpg;74;1
31/31_00131.jpg;74;1
31/31_00132.jpg;74;1
31/31_00133.jpg;74;1
31/31_00134.jpg;74;1
31/31_00135.jpg;74;1
31/31_00136.jpg;74;1
31/31_00137.jpg;74;1
31/31_00138.jpg;74;1
31/31_00139.jpg;74;1
31/31_00140.jpg;74;1
31/31_00141.jpg;74;1
31/31_00142.jpg;74;1
31/31_00143.jpg;74;1
31/31_00144.jpg;74;1
31/31_00145.jpg;74;1
31/31_00146.jpg;74;1
31/31_00147.jpg;74;1
31/31_00148.jpg;74;1
31/31_00149.jpg;74;1
31/31_00150.jpg;74;1
31/31_00151.jpg;74;1
31/31_00152.jpg;74;1
31/31_00153.jpg;74;1
31/31_00154.jpg;74;1
31/31_00155.jpg;74;1
31/31_00156.jpg;74;1
31/31_00157.jpg;74;1
31/31_00158.jpg;74;1
31/31_00159.jpg;74;1
31/31_00160.jpg;74;1
31/31_00161.jpg;74;1
31/31_00162.jpg;74;1
31/31_00163.jpg;74;1
31/31_00164.jpg;74;1
31/31_00165.jpg;74;1
31/31_00166.jpg;74;1
31/31_00167.jpg;74;1
31/31_00168.jpg;74;1
31/31_00169.jpg;74;1
31/31_00170.jpg;74;1
31/31_00171.jpg;74;1
31/31_00172.jpg;74;1
31/31_00173.jpg;74;1
31/31_00174.jpg;74;1
31/31_00175.jpg;74;1
31/31_00176.jpg;74;1
31/31_00177.jpg;74;1
31/31_00178.jpg;74;1
31/31_00179.jpg;74;1
31/31_00180.jpg;74;1
31/31_00181.jpg;74;1
31/31_00182.jpg;74;1
31/31_00183.jpg;74;1
31/31_00184.jpg;74;1
31/31_00185.jpg;74;1
31/31_00186.jpg;74;1
31/31_00187.jpg;74;1
31/31_00188.jpg;74;1
31/31_00189.jpg;74;1
31/31_00190.jpg;74;1
31/31_00191.jpg;74;1
31/31_00192.jpg;74;1
31/31_00193.jpg;74;1
31/31_00194.jpg;74;1
31/31_00195.jpg;74;1
31/31_00196.jpg;74;1
31/31_00197.jpg;74;1
31/31_00198.jpg;74;1
31/31_00199.jpg;74;1
31/31_00200.jpg;74;1
31/31_00201.jpg;74;1
31/31_00202.jpg;74;1
31/31_00203.jpg;74;1
31/31_00204.jpg;74;1
31/31_00205.jpg;74;1
31/31_00206.jpg;74;1
31/31_00207.jpg;74;1
31/31_00208.jpg;74;1
31/31_00209.jpg;74;1
31/31_00210.jpg;74;1
31/31_00211.jpg;74;1
31/31_00212.jpg;74;1
31/31_00213.jpg;74;1
31/31_00214.jpg;74;1
31/31_00215.jpg;74;1
31/31_00216.jpg;74;1
31/31_00217.jpg;74;1
31/31_00218.jpg;74;1
31/31_00219.jpg;74;1
31/31_00220.jpg;74;1
31/31_00221.jpg;74;1
31/31_00222.jpg;74;1
31/31_00223.jpg;74;1
31/31_00224.jpg;74;1
31/31_00225.jpg;74;1
31/31_00226.jpg;74;1
31/31_00227.jpg;74;1
31/31_00228.jpg;74;1
31/31_00229.jpg;74;1
31/31_00230.jpg;74;1
31/31_00231.jpg;74;1
31/31_00232.jpg;74;1
31/31_00233.jpg;74;1
31/31_00234.jpg;74;1
31/31_00235.jpg;74;1
31/31_00236.jpg;74;1
31/31_00237.jpg;74;1
31/31_00238.jpg;74;1
31/31_00239.jpg;74;1
31/31_00240.jpg;74;1
31/31_00241.jpg;74;1
31/31_00242.jpg;74;1
31/31_00243.jpg;74;1
31/31_00244.jpg;74;1
31/31_00245.jpg;74;1
31/31_00246.jpg;74;1
31/31_00247.jpg;74;1
31/31_00248.jpg;74;1
31/31_00249.jpg;74;1
31/31_00250.jpg;74;1
31/31_00251.jpg;74;1
31/31_00252.jpg;74;1
31/31_00253.jpg;74;1
31/31_00254.jpg;74;1
31/31_00255.jpg;74;1
31/31_00256.jpg;74;1
31/31_00257.jpg;74;1
31/31_00258.jpg;74;1
31/31_00259.jpg;74;1
31/31_00260.jpg;74;1
31/31_00261.jpg;74;1
31/31_00262.jpg;74;1
31/31_00263.jpg;74;1
31/31_00264.jpg;74;1
31/31_00265.jpg;74;1
31/31_00266.jpg;74;1
31/31_00267.jpg;74;1
31/31_00268.jpg;74;1
31/31_00269.jpg;74;1
31/31_00270.jpg;74;1
31/31_00271.jpg;74;1
31/31_00272.jpg;74;1
31/31_00273.jpg;74;1
31/31_00274.jpg;74;1
31/31_00275.jpg;74;1
31/31_00276.jpg;74;1
31/31_00277.jpg;74;1
31/31_00278.jpg;74;1
31/31_00279.jpg;74;1
31/31_00280.jpg;74;1
31/31_00281.jpg;74;1
31/31_00282.jpg;74;1
31/31_00283.jpg;74;1
31/31_00284.jpg;74;1
31/31_00285.jpg;74;1
31/31_00286.jpg;74;1
31/31_00287.jpg;74;1
31/31_00288.jpg;74;1
31/31_00289.jpg;74;1
31/31_00290.jpg;74;1
31/31_00291.jpg;74;1
31/31_00292.jpg;74;1
31/31_00293.jpg;74;1
31/31_00294.jpg;74;1
31/31_00295.jpg;74;1
31/31_00296.jpg;74;1
31/31_00297.jpg;74;1
31/31_00298.jpg;74;1
31/31_00299.jpg;74;1
31/31_00300.jpg;74;1
31/31_00301.jpg;74;1
31/31_00302.jpg;74;1
31/31_00303.jpg;74;1
31/31_00304.jpg;74;1
31/31_00305.jpg;74;1
31/31_00306.jpg;74;1
31/31_00307.jpg;74;1
31/31_00308.jpg;74;1
31/31_00309.jpg;74;1
31/31_00310.jpg;74;1
31/31_00311.jpg;74;1
31/31_00312.jpg;74;1
31/31_00313.jpg;74;1
31/31_00314.jpg;74;1
31/31_00315.jpg;74;1
31/31_00316.jpg;74;1
31/31_00317.jpg;74;1
31/31_00318.jpg;74;1
31/31_00319.jpg;74;1
31/31_00320.jpg;74;1
31/31_00321.jpg;74;1
31/31_00322.jpg;74;1
31/31_00323.jpg;74;1
31/31_00324.jpg;74;1
31/31_00325.jpg;74;1
31/31_00326.jpg;74;1
31/31_00327.jpg;74;1
31/31_00328.jpg;74;1
31/31_00329.jpg;74;1
31/31_00330.jpg;74;1
31/31_00331.jpg;74;1
31/31_00332.jpg;74;1
31/31_00333.jpg;74;1
31/31_00334.jpg;74;1
31/31_00335.jpg;74;1
31/31_00336.jpg;74;1
31/31_00337.jpg;74;1
31/31_00338.jpg;74;1
31/31_00339.jpg;74;1
31/31_00340.jpg;74;1
31/31_00341.jpg;74;1
31/31_00342.jpg;74;1
31/31_00343.jpg;74;1
31/31_00344.jpg;74;1
31/31_00345.jpg;74;1
31/31_00346.jpg;74;1
31/31_00347.jpg;74;1
31/31_00348.jpg;74;1
31/31_00349.jpg;74;1
31/31_00350.jpg;74;1
31/31_00351.jpg;74;1
31/31_00352.jpg;74;1
31/31_00353.jpg;74;1
31/31_00354.jpg;74;1
31/31_00355.jpg;74;1
31/31_00356.jpg;74;1
31/31_00357.jpg;74;1
31/31_00358.jpg;74;1
31/31_00359.jpg;74;1
31/31_00360.jpg;74;1
31/31_00361.jpg;74;1
31/31_00362.jpg;74;1
31/31_00363.jpg;74;1
31/31_00364.jpg;74;1
31/31_00365.jpg;74;1
31/31_00366.jpg;74;1
31/31_00367.jpg;74;1
31/31_00368.jpg;74;1
31/31_00369.jpg;74;1
31/31_00370.jpg;74;1
31/31_00371.jpg;74;1
31/31_00372.jpg;74;1
31/31_00373.jpg;74;1
31/31_00374.jpg;74;1
31/31_00375.jpg;74;1
31/31_00376.jpg;74;1
31/31_00377.jpg;74;1
31/31_00378.jpg;74;1
31/31_00379.jpg;74;1
31/31_00380.jpg;74;1
31/31_00381.jpg;74;1
31/31_00382.jpg;74;1
31/31_00383.jpg;74;1
31/31_00384.jpg;74;1
31/31_00385.jpg;74;1
31/31_00386.jpg;74;1
31/31_00387.jpg;74;1
31/31_00388.jpg;74;1
31/31_00389.jpg;74;1
31/31_00390.jpg;74;1
31/31_00391.jpg;74;1
31/31_00392.jpg;74;1
31/31_00393.jpg;74;1
31/31_00394.jpg;74;1
31/31_00395.jpg;74;1
31/31_00396.jpg;74;1
31/31_00397.jpg;74;1
31/31_00398.jpg;74;1
31/31_00399.jpg;74;1
31/31_00400.jpg;74;1
31/31_00401.jpg;74;1
31/31_00402.jpg;74;1
31/31_00403.jpg;74;1
31/31_00404.jpg;74;1
31/31_00405.jpg;74;1
31/31_00406.jpg;74;1
31/31_00407.jpg;74;1
31/31_00408.jpg;74;1
31/31_00409.jpg;74;1
31/31_00410.jpg;74;1
31/31_00411.jpg;74;1
31/31_00412.jpg;74;1
31/31_00413.jpg;74;1
31/31_00414.jpg;74;1
31/31_00415.jpg;74;1
31/31_00416.jpg;74;1
31/31_00417.jpg;74;1
31/31_00418.jpg;74;1
31/31_00419.jpg;74;1
31/31_00420.jpg;74;1
31/31_00421.jpg;74;1
31/31_00422.jpg;74;1
31/31_00423.jpg;74;1
31/31_00424.jpg;74;1
31/31_00425.jpg;74;1
31/31_00426.jpg;74;1
31/31_00427.jpg;74;1
31/31_00428.jpg;74;1
31/31_00429.jpg;74;1
31/31_00430.jpg;74;1
31/31_00431.jpg;74;1
31/31_00432.jpg;74;1
31/31_00433.jpg;74;1
31/31_00434.jpg;74;1
31/31_00435.jpg;74;1
31/31_00436.jpg;74;1
31/31_00437.jpg;74;1
31/31_00438.jpg;74;1
31/31_00439.jpg;74;1
31/31_00440.jpg;74;1
31/31_00441.jpg;74;1
31/31_00442.jpg;74;1
31/31_00443.jpg;74;1
31/31_00444.jpg;74;1
31/31_00445.jpg;74;1
31/31_00446.jpg;74;1
31/31_00447.jpg;74;1
31/31_00448.jpg;74;1
31/31_00449.jpg;74;1
31/31_00450.jpg;74;1
31/31_00451.jpg;74;1
31/31_00452.jpg;74;1
31/31_00453.jpg;74;1
31/31_00454.jpg;74;1
31/31_00455.jpg;74;1
31/31_00456.jpg;74;1
31/31_00457.jpg;74;1
31/31_00458.jpg;74;1
31/31_00459.jpg;74;1
31/31_00460.jpg;74;1
31/31_00461.jpg;74;1
31/31_00462.jpg;74;1
31/31_00463.jpg;74;1
31/31_00464.jpg;74;1
31/31_00465.jpg;74;1
31/31_00466.jpg;74;1
31/31_00467.jpg;74;1
31/31_00468.jpg;74;1
31/31_00469.jpg;74;1
31/31_00470.jpg;74;1
31/31_00471.jpg;74;1
31/31_00472.jpg;74;1
31/31_00473.jpg;74;1
31/31_00474.jpg;74;1
31/31_00475.jpg;74;1
31/31_00476.jpg;74;1
31/31_00477.jpg;74;1
31/31_00478.jpg;74;1
31/31_00479.jpg;74;1
31/31_00480.jpg;74;1
31/31_00481.jpg;74;1
31/31_00482.jpg;74;1
31/31_00483.jpg;74;1
31/31_00484.jpg;74;1
31/31_00485.jpg;74;1
31/31_00486.jpg;74;1
31/31_00487.jpg;74;1
31/31_00488.jpg;74;1
31/31_00489.jpg;74;1
31/31_00490.jpg;74;1
31/31_00491.jpg;74;1
31/31_00492.jpg;74;1
31/31_00493.jpg;74;1
31/31_00494.jpg;74;1
31/31_00495.jpg;74;1
31/31_00496.jpg;74;1
31/31_00497.jpg;74;1
32/32_00001.jpg;75;1
32/32_00002.jpg;75;1
32/32_00003.jpg;75;1
32/32_00004.jpg;75;1
32/32_00005.jpg;75;1
32/32_00006.jpg;75;1
32/32_00007.jpg;75;1
32/32_00008.jpg;75;1
32/32_00009.jpg;75;1
32/32_00010.jpg;75;1
32/32_00011.jpg;75;1
32/32_00012.jpg;75;1
32/32_00013.jpg;75;1
32/32_00014.jpg;75;1
32/32_00015.jpg;75;1
32/32_00016.jpg;75;1
32/32_00017.jpg;75;1
32/32_00018.jpg;75;1
32/32_00019.jpg;75;1
32/32_00020.jpg;75;1
32/32_00021.jpg;75;1
32/32_00022.jpg;75;1
32/32_00023.jpg;75;1
32/32_00024.jpg;75;1
32/32_00025.jpg;75;1
32/32_00026.jpg;75;1
32/32_00027.jpg;75;1
32/32_00028.jpg;75;1
32/32_00029.jpg;75;1
32/32_00030.jpg;75;1
32/32_00031.jpg;75;1
32/32_00032.jpg;75;1
32/32_00033.jpg;75;1
32/32_00034.jpg;75;1
32/32_00035.jpg;75;1
32/32_00036.jpg;75;1
32/32_00037.jpg;75;1
32/32_00038.jpg;75;1
32/32_00039.jpg;75;1
32/32_00040.jpg;75;1
32/32_00041.jpg;75;1
32/32_00042.jpg;75;1
32/32_00043.jpg;75;1
32/32_00044.jpg;75;1
32/32_00045.jpg;75;1
32/32_00046.jpg;75;1
32/32_00047.jpg;75;1
32/32_00048.jpg;75;1
32/32_00049.jpg;75;1
32/32_00050.jpg;75;1
32/32_00051.jpg;75;1
32/32_00052.jpg;75;1
32/32_00053.jpg;75;1
32/32_00054.jpg;75;1
32/32_00055.jpg;75;1
32/32_00056.jpg;75;1
32/32_00057.jpg;75;1
32/32_00058.jpg;75;1
32/32_00059.jpg;75;1
32/32_00060.jpg;75;1
32/32_00061.jpg;75;1
32/32_00062.jpg;75;1
32/32_00063.jpg;75;1
32/32_00064.jpg;75;1
32/32_00065.jpg;75;1
32/32_00066.jpg;75;1
32/32_00067.jpg;75;1
32/32_00068.jpg;75;1
32/32_00069.jpg;75;1
32/32_00070.jpg;75;1
32/32_00071.jpg;75;1
32/32_00072.jpg;75;1
32/32_00073.jpg;75;1
32/32_00074.jpg;75;1
32/32_00075.jpg;75;1
32/32_00076.jpg;75;1
32/32_00077.jpg;75;1
32/32_00078.jpg;75;1
32/32_00079.jpg;75;1
32/32_00080.jpg;75;1
32/32_00081.jpg;75;1
32/32_00082.jpg;75;1
32/32_00083.jpg;75;1
32/32_00084.jpg;75;1
32/32_00085.jpg;75;1
32/32_00086.jpg;75;1
32/32_00087.jpg;75;1
32/32_00088.jpg;75;1
32/32_00089.jpg;75;1
32/32_00090.jpg;75;1
32/32_00091.jpg;75;1
32/32_00092.jpg;75;1
32/32_00093.jpg;75;1
32/32_00094.jpg;75;1
32/32_00095.jpg;75;1
32/32_00096.jpg;75;1
32/32_00097.jpg;75;1
32/32_00098.jpg;75;1
32/32_00099.jpg;75;1
32/32_00100.jpg;75;1
32/32_00101.jpg;75;1
32/32_00102.jpg;75;1
32/32_00103.jpg;75;1
32/32_00104.jpg;75;1
32/32_00105.jpg;75;1
32/32_00106.jpg;75;1
32/32_00107.jpg;75;1
32/32_00108.jpg;75;1
32/32_00109.jpg;75;1
32/32_00110.jpg;75;1
32/32_00111.jpg;75;1
32/32_00112.jpg;75;1
32/32_00113.jpg;75;1
32/32_00114.jpg;75;1
32/32_00115.jpg;75;1
32/32_00116.jpg;75;1
32/32_00117.jpg;75;1
32/32_00118.jpg;75;1
32/32_00119.jpg;75;1
32/32_00120.jpg;75;1
32/32_00121.jpg;75;1
32/32_00122.jpg;75;1
32/32_00123.jpg;75;1
32/32_00124.jpg;75;1
32/32_00125.jpg;75;1
32/32_00126.jpg;75;1
32/32_00127.jpg;75;1
32/32_00128.jpg;75;1
32/32_00129.jpg;75;1
32/32_00130.jpg;75;1
32/32_00131.jpg;75;1
32/32_00132.jpg;75;1
32/32_00133.jpg;75;1
32/32_00134.jpg;75;1
32/32_00135.jpg;75;1
32/32_00136.jpg;75;1
32/32_00137.jpg;75;1
32/32_00138.jpg;75;1
32/32_00139.jpg;75;1
32/32_00140.jpg;75;1
32/32_00141.jpg;75;1
32/32_00142.jpg;75;1
32/32_00143.jpg;75;1
32/32_00144.jpg;75;1
32/32_00145.jpg;75;1
32/32_00146.jpg;75;1
32/32_00147.jpg;75;1
32/32_00148.jpg;75;1
32/32_00149.jpg;75;1
32/32_00150.jpg;75;1
32/32_00151.jpg;75;1
32/32_00152.jpg;75;1
32/32_00153.jpg;75;1
32/32_00154.jpg;75;1
32/32_00155.jpg;75;1
32/32_00156.jpg;75;1
32/32_00157.jpg;75;1
32/32_00158.jpg;75;1
32/32_00159.jpg;75;1
32/32_00160.jpg;75;1
32/32_00161.jpg;75;1
32/32_00162.jpg;75;1
32/32_00163.jpg;75;1
32/32_00164.jpg;75;1
32/32_00165.jpg;75;1
32/32_00166.jpg;75;1
32/32_00167.jpg;75;1
32/32_00168.jpg;75;1
32/32_00169.jpg;75;1
32/32_00170.jpg;75;1
32/32_00171.jpg;75;1
32/32_00172.jpg;75;1
32/32_00173.jpg;75;1
32/32_00174.jpg;75;1
32/32_00175.jpg;75;1
32/32_00176.jpg;75;1
32/32_00177.jpg;75;1
32/32_00178.jpg;75;1
32/32_00179.jpg;75;1
32/32_00180.jpg;75;1
32/32_00181.jpg;75;1
32/32_00182.jpg;75;1
32/32_00183.jpg;75;1
32/32_00184.jpg;75;1
32/32_00185.jpg;75;1
32/32_00186.jpg;75;1
32/32_00187.jpg;75;1
32/32_00188.jpg;75;1
32/32_00189.jpg;75;1
32/32_00190.jpg;75;1
32/32_00191.jpg;75;1
32/32_00192.jpg;75;1
32/32_00193.jpg;75;1
32/32_00194.jpg;75;1
32/32_00195.jpg;75;1
32/32_00196.jpg;75;1
32/32_00197.jpg;75;1
32/32_00198.jpg;75;1
32/32_00199.jpg;75;1
32/32_00200.jpg;75;1
32/32_00201.jpg;75;1
32/32_00202.jpg;75;1
32/32_00203.jpg;75;1
32/32_00204.jpg;75;1
32/32_00205.jpg;75;1
32/32_00206.jpg;75;1
32/32_00207.jpg;75;1
32/32_00208.jpg;75;1
32/32_00209.jpg;75;1
32/32_00210.jpg;75;1
32/32_00211.jpg;75;1
32/32_00212.jpg;75;1
32/32_00213.jpg;75;1
32/32_00214.jpg;75;1
32/32_00215.jpg;75;1
32/32_00216.jpg;75;1
32/32_00217.jpg;75;1
32/32_00218.jpg;75;1
32/32_00219.jpg;75;1
32/32_00220.jpg;75;1
32/32_00221.jpg;75;1
32/32_00222.jpg;75;1
32/32_00223.jpg;75;1
32/32_00224.jpg;75;1
32/32_00225.jpg;75;1
32/32_00226.jpg;75;1
32/32_00227.jpg;75;1
32/32_00228.jpg;75;1
32/32_00229.jpg;75;1
32/32_00230.jpg;75;1
32/32_00231.jpg;75;1
32/32_00232.jpg;75;1
32/32_00233.jpg;75;1
32/32_00234.jpg;75;1
32/32_00235.jpg;75;1
32/32_00236.jpg;75;1
32/32_00237.jpg;75;1
32/32_00238.jpg;75;1
32/32_00239.jpg;75;1
32/32_00240.jpg;75;1
32/32_00241.jpg;75;1
32/32_00242.jpg;75;1
32/32_00243.jpg;75;1
32/32_00244.jpg;75;1
32/32_00245.jpg;75;1
32/32_00246.jpg;75;1
32/32_00247.jpg;75;1
32/32_00248.jpg;75;1
32/32_00249.jpg;75;1
32/32_00250.jpg;75;1
32/32_00251.jpg;75;1
32/32_00252.jpg;75;1
32/32_00253.jpg;75;1
32/32_00254.jpg;75;1
32/32_00255.jpg;75;1
32/32_00256.jpg;75;1
32/32_00257.jpg;75;1
32/32_00258.jpg;75;1
32/32_00259.jpg;75;1
32/32_00260.jpg;75;1
32/32_00261.jpg;75;1
32/32_00262.jpg;75;1
32/32_00263.jpg;75;1
32/32_00264.jpg;75;1
32/32_00265.jpg;75;1
32/32_00266.jpg;75;1
32/32_00267.jpg;75;1
32/32_00268.jpg;75;1
32/32_00269.jpg;75;1
32/32_00270.jpg;75;1
32/32_00271.jpg;75;1
32/32_00272.jpg;75;1
32/32_00273.jpg;75;1
32/32_00274.jpg;75;1
32/32_00275.jpg;75;1
32/32_00276.jpg;75;1
32/32_00277.jpg;75;1
32/32_00278.jpg;75;1
32/32_00279.jpg;75;1
32/32_00280.jpg;75;1
32/32_00281.jpg;75;1
32/32_00282.jpg;75;1
32/32_00283.jpg;75;1
33/33_00001.jpg;76;1
33/33_00002.jpg;76;1
33/33_00003.jpg;76;1
33/33_00004.jpg;76;1
33/33_00005.jpg;76;1
33/33_00006.jpg;76;1
33/33_00007.jpg;76;1
33/33_00008.jpg;76;1
33/33_00009.jpg;76;1
33/33_00010.jpg;76;1
33/33_00011.jpg;76;1
33/33_00012.jpg;76;1
33/33_00013.jpg;76;1
33/33_00014.jpg;76;1
33/33_00015.jpg;76;1
33/33_00016.jpg;76;1
33/33_00017.jpg;76;1
33/33_00018.jpg;76;1
33/33_00019.jpg;76;1
33/33_00020.jpg;76;1
33/33_00021.jpg;76;1
33/33_00022.jpg;76;1
33/33_00023.jpg;76;1
33/33_00024.jpg;76;1
33/33_00025.jpg;76;1
33/33_00026.jpg;76;1
33/33_00027.jpg;76;1
33/33_00028.jpg;76;1
33/33_00029.jpg;76;1
33/33_00030.jpg;76;1
33/33_00031.jpg;76;1
33/33_00032.jpg;76;1
33/33_00033.jpg;76;1
33/33_00034.jpg;76;1
33/33_00035.jpg;76;1
33/33_00036.jpg;76;1
33/33_00037.jpg;76;1
33/33_00038.jpg;76;1
33/33_00039.jpg;76;1
33/33_00040.jpg;76;1
33/33_00041.jpg;76;1
33/33_00042.jpg;76;1
33/33_00043.jpg;76;1
33/33_00044.jpg;76;1
33/33_00045.jpg;76;1
33/33_00046.jpg;76;1
33/33_00047.jpg;76;1
33/33_00048.jpg;76;1
33/33_00049.jpg;76;1
33/33_00050.jpg;76;1
33/33_00051.jpg;76;1
33/33_00052.jpg;76;1
33/33_00053.jpg;76;1
33/33_00054.jpg;76;1
33/33_00055.jpg;76;1
33/33_00056.jpg;76;1
33/33_00057.jpg;76;1
33/33_00058.jpg;76;1
33/33_00059.jpg;76;1
33/33_00060.jpg;76;1
33/33_00061.jpg;76;1
33/33_00062.jpg;76;1
33/33_00063.jpg;76;1
33/33_00064.jpg;76;1
33/33_00065.jpg;76;1
33/33_00066.jpg;76;1
33/33_00067.jpg;76;1
33/33_00068.jpg;76;1
33/33_00069.jpg;76;1
33/33_00070.jpg;76;1
33/33_00071.jpg;76;1
33/33_00072.jpg;76;1
33/33_00073.jpg;76;1
33/33_00074.jpg;76;1
33/33_00075.jpg;76;1
33/33_00076.jpg;76;1
33/33_00077.jpg;76;1
33/33_00078.jpg;76;1
33/33_00079.jpg;76;1
33/33_00080.jpg;76;1
33/33_00081.jpg;76;1
33/33_00082.jpg;76;1
33/33_00083.jpg;76;1
33/33_00084.jpg;76;1
33/33_00085.jpg;76;1
33/33_00086.jpg;76;1
33/33_00087.jpg;76;1
33/33_00088.jpg;76;1
33/33_00089.jpg;76;1
33/33_00090.jpg;76;1
33/33_00091.jpg;76;1
33/33_00092.jpg;76;1
33/33_00093.jpg;76;1
33/33_00094.jpg;76;1
33/33_00095.jpg;76;1
33/33_00096.jpg;76;1
33/33_00097.jpg;76;1
33/33_00098.jpg;76;1
33/33_00099.jpg;76;1
33/33_00100.jpg;76;1
33/33_00101.jpg;76;1
33/33_00102.jpg;76;1
33/33_00103.jpg;76;1
33/33_00104.jpg;76;1
33/33_00105.jpg;76;1
33/33_00106.jpg;76;1
33/33_00107.jpg;76;1
33/33_00108.jpg;76;1
33/33_00109.jpg;76;1
33/33_00110.jpg;76;1
33/33_00111.jpg;76;1
33/33_00112.jpg;76;1
33/33_00113.jpg;76;1
33/33_00114.jpg;76;1
33/33_00115.jpg;76;1
33/33_00116.jpg;76;1
33/33_00117.jpg;76;1
33/33_00118.jpg;76;1
33/33_00119.jpg;76;1
33/33_00120.jpg;76;1
33/33_00121.jpg;76;1
33/33_00122.jpg;76;1
33/33_00123.jpg;76;1
33/33_00124.jpg;76;1
33/33_00125.jpg;76;1
33/33_00126.jpg;76;1
33/33_00127.jpg;76;1
33/33_00128.jpg;76;1
33/33_00129.jpg;76;1
33/33_00130.jpg;76;1
33/33_00131.jpg;76;1
33/33_00132.jpg;76;1
33/33_00133.jpg;76;1
33/33_00134.jpg;76;1
33/33_00135.jpg;76;1
33/33_00136.jpg;76;1
33/33_00137.jpg;76;1
33/33_00138.jpg;76;1
33/33_00139.jpg;76;1
33/33_00140.jpg;76;1
33/33_00141.jpg;76;1
33/33_00142.jpg;76;1
33/33_00143.jpg;76;1
33/33_00144.jpg;76;1
33/33_00145.jpg;76;1
33/33_00146.jpg;76;1
33/33_00147.jpg;76;1
33/33_00148.jpg;76;1
33/33_00149.jpg;76;1
33/33_00150.jpg;76;1
33/33_00151.jpg;76;1
33/33_00152.jpg;76;1
33/33_00153.jpg;76;1
33/33_00154.jpg;76;1
33/33_00155.jpg;76;1
33/33_00156.jpg;76;1
33/33_00157.jpg;76;1
33/33_00158.jpg;76;1
33/33_00159.jpg;76;1
33/33_00160.jpg;76;1
33/33_00161.jpg;76;1
33/33_00162.jpg;76;1
33/33_00163.jpg;76;1
33/33_00164.jpg;76;1
33/33_00165.jpg;76;1
33/33_00166.jpg;76;1
33/33_00167.jpg;76;1
33/33_00168.jpg;76;1
33/33_00169.jpg;76;1
33/33_00170.jpg;76;1
33/33_00171.jpg;76;1
33/33_00172.jpg;76;1
33/33_00173.jpg;76;1
33/33_00174.jpg;76;1
33/33_00175.jpg;76;1
33/33_00176.jpg;76;1
33/33_00177.jpg;76;1
33/33_00178.jpg;76;1
33/33_00179.jpg;76;1
33/33_00180.jpg;76;1
33/33_00181.jpg;76;1
33/33_00182.jpg;76;1
33/33_00183.jpg;76;1
33/33_00184.jpg;76;1
33/33_00185.jpg;76;1
33/33_00186.jpg;76;1
33/33_00187.jpg;76;1
33/33_00188.jpg;76;1
33/33_00189.jpg;76;1
33/33_00190.jpg;76;1
33/33_00191.jpg;76;1
33/33_00192.jpg;76;1
33/33_00193.jpg;76;1
33/33_00194.jpg;76;1
33/33_00195.jpg;76;1
33/33_00196.jpg;76;1
33/33_00197.jpg;76;1
33/33_00198.jpg;76;1
33/33_00199.jpg;76;1
33/33_00200.jpg;76;1
33/33_00201.jpg;76;1
33/33_00202.jpg;76;1
33/33_00203.jpg;76;1
33/33_00204.jpg;76;1
33/33_00205.jpg;76;1
33/33_00206.jpg;76;1
33/33_00207.jpg;76;1
33/33_00208.jpg;76;1
33/33_00209.jpg;76;1
33/33_00210.jpg;76;1
33/33_00211.jpg;76;1
33/33_00212.jpg;76;1
33/33_00213.jpg;76;1
33/33_00214.jpg;76;1
33/33_00215.jpg;76;1
33/33_00216.jpg;76;1
33/33_00217.jpg;76;1
33/33_00218.jpg;76;1
33/33_00219.jpg;76;1
33/33_00220.jpg;76;1
33/33_00221.jpg;76;1
33/33_00222.jpg;76;1
33/33_00223.jpg;76;1
33/33_00224.jpg;76;1
33/33_00225.jpg;76;1
33/33_00226.jpg;76;1
33/33_00227.jpg;76;1
33/33_00228.jpg;76;1
33/33_00229.jpg;76;1
33/33_00230.jpg;76;1
33/33_00231.jpg;76;1
33/33_00232.jpg;76;1
33/33_00233.jpg;76;1
33/33_00234.jpg;76;1
33/33_00235.jpg;76;1
33/33_00236.jpg;76;1
33/33_00237.jpg;76;1
33/33_00238.jpg;76;1
33/33_00239.jpg;76;1
33/33_00240.jpg;76;1
33/33_00241.jpg;76;1
33/33_00242.jpg;76;1
33/33_00243.jpg;76;1
33/33_00244.jpg;76;1
33/33_00245.jpg;76;1
33/33_00246.jpg;76;1
33/33_00247.jpg;76;1
33/33_00248.jpg;76;1
33/33_00249.jpg;76;1
33/33_00250.jpg;76;1
33/33_00251.jpg;76;1
33/33_00252.jpg;76;1
33/33_00253.jpg;76;1
33/33_00254.jpg;76;1
33/33_00255.jpg;76;1
33/33_00256.jpg;76;1
33/33_00257.jpg;76;1
33/33_00258.jpg;76;1
33/33_00259.jpg;76;1
33/33_00260.jpg;76;1
33/33_00261.jpg;76;1
33/33_00262.jpg;76;1
33/33_00263.jpg;76;1
33/33_00264.jpg;76;1
33/33_00265.jpg;76;1
33/33_00266.jpg;76;1
33/33_00267.jpg;76;1
33/33_00268.jpg;76;1
33/33_00269.jpg;76;1
33/33_00270.jpg;76;1
33/33_00271.jpg;76;1
33/33_00272.jpg;76;1
33/33_00273.jpg;76;1
33/33_00274.jpg;76;1
33/33_00275.jpg;76;1
33/33_00276.jpg;76;1
33/33_00277.jpg;76;1
33/33_00278.jpg;76;1
33/33_00279.jpg;76;1
33/33_00280.jpg;76;1
33/33_00281.jpg;76;1
33/33_00282.jpg;76;1
33/33_00283.jpg;76;1
33/33_00284.jpg;76;1
33/33_00285.jpg;76;1
33/33_00286.jpg;76;1
33/33_00287.jpg;76;1
33/33_00288.jpg;76;1
33/33_00289.jpg;76;1
33/33_00290.jpg;76;1
33/33_00291.jpg;76;1
33/33_00292.jpg;76;1
33/33_00293.jpg;76;1
33/33_00294.jpg;76;1
33/33_00295.jpg;76;1
33/33_00296.jpg;76;1
33/33_00297.jpg;76;1
33/33_00298.jpg;76;1
33/33_00299.jpg;76;1
33/33_00300.jpg;76;1
33/33_00301.jpg;76;1
33/33_00302.jpg;76;1
33/33_00303.jpg;76;1
33/33_00304.jpg;76;1
33/33_00305.jpg;76;1
33/33_00306.jpg;76;1
33/33_00307.jpg;76;1
33/33_00308.jpg;76;1
33/33_00309.jpg;76;1
33/33_00310.jpg;76;1
33/33_00311.jpg;76;1
33/33_00312.jpg;76;1
33/33_00313.jpg;76;1
33/33_00314.jpg;76;1
33/33_00315.jpg;76;1
33/33_00316.jpg;76;1
33/33_00317.jpg;76;1
33/33_00318.jpg;76;1
33/33_00319.jpg;76;1
33/33_00320.jpg;76;1
33/33_00321.jpg;76;1
33/33_00322.jpg;76;1
33/33_00323.jpg;76;1
33/33_00324.jpg;76;1
33/33_00325.jpg;76;1
33/33_00326.jpg;76;1
33/33_00327.jpg;76;1
33/33_00328.jpg;76;1
33/33_00329.jpg;76;1
33/33_00330.jpg;76;1
33/33_00331.jpg;76;1
33/33_00332.jpg;76;1
33/33_00333.jpg;76;1
33/33_00334.jpg;76;1
34/34_00001.jpg;77;1
34/34_00002.jpg;77;1
34/34_00003.jpg;77;1
34/34_00004.jpg;77;1
34/34_00005.jpg;77;1
34/34_00006.jpg;77;1
34/34_00007.jpg;77;1
34/34_00008.jpg;77;1
34/34_00009.jpg;77;1
34/34_00010.jpg;77;1
34/34_00011.jpg;77;1
34/34_00012.jpg;77;1
34/34_00013.jpg;77;1
34/34_00014.jpg;77;1
34/34_00015.jpg;77;1
34/34_00016.jpg;77;1
34/34_00017.jpg;77;1
34/34_00018.jpg;77;1
34/34_00019.jpg;77;1
34/34_00020.jpg;77;1
34/34_00021.jpg;77;1
34/34_00022.jpg;77;1
34/34_00023.jpg;77;1
34/34_00024.jpg;77;1
34/34_00025.jpg;77;1
34/34_00026.jpg;77;1
34/34_00027.jpg;77;1
34/34_00028.jpg;77;1
34/34_00029.jpg;77;1
34/34_00030.jpg;77;1
34/34_00031.jpg;77;1
34/34_00032.jpg;77;1
34/34_00033.jpg;77;1
34/34_00034.jpg;77;1
34/34_00035.jpg;77;1
34/34_00036.jpg;77;1
34/34_00037.jpg;77;1
34/34_00038.jpg;77;1
34/34_00039.jpg;77;1
34/34_00040.jpg;77;1
34/34_00041.jpg;77;1
34/34_00042.jpg;77;1
34/34_00043.jpg;77;1
34/34_00044.jpg;77;1
34/34_00045.jpg;77;1
34/34_00046.jpg;77;1
34/34_00047.jpg;77;1
34/34_00048.jpg;77;1
34/34_00049.jpg;77;1
34/34_00050.jpg;77;1
34/34_00051.jpg;77;1
34/34_00052.jpg;77;1
34/34_00053.jpg;77;1
34/34_00054.jpg;77;1
34/34_00055.jpg;77;1
34/34_00056.jpg;77;1
34/34_00057.jpg;77;1
34/34_00058.jpg;77;1
34/34_00059.jpg;77;1
34/34_00060.jpg;77;1
34/34_00061.jpg;77;1
34/34_00062.jpg;77;1
34/34_00063.jpg;77;1
34/34_00064.jpg;77;1
34/34_00065.jpg;77;1
34/34_00066.jpg;77;1
34/34_00067.jpg;77;1
34/34_00068.jpg;77;1
34/34_00069.jpg;77;1
34/34_00070.jpg;77;1
34/34_00071.jpg;77;1
34/34_00072.jpg;77;1
34/34_00073.jpg;77;1
34/34_00074.jpg;77;1
34/34_00075.jpg;77;1
34/34_00076.jpg;77;1
34/34_00077.jpg;77;1
34/34_00078.jpg;77;1
34/34_00079.jpg;77;1
34/34_00080.jpg;77;1
34/34_00081.jpg;77;1
34/34_00082.jpg;77;1
34/34_00083.jpg;77;1
34/34_00084.jpg;77;1
34/34_00085.jpg;77;1
34/34_00086.jpg;77;1
34/34_00087.jpg;77;1
34/34_00088.jpg;77;1
34/34_00089.jpg;77;1
34/34_00090.jpg;77;1
34/34_00091.jpg;77;1
34/34_00092.jpg;77;1
34/34_00093.jpg;77;1
34/34_00094.jpg;77;1
34/34_00095.jpg;77;1
34/34_00096.jpg;77;1
34/34_00097.jpg;77;1
34/34_00098.jpg;77;1
34/34_00099.jpg;77;1
34/34_00100.jpg;77;1
34/34_00101.jpg;77;1
34/34_00102.jpg;77;1
34/34_00103.jpg;77;1
34/34_00104.jpg;77;1
34/34_00105.jpg;77;1
34/34_00106.jpg;77;1
34/34_00107.jpg;77;1
34/34_00108.jpg;77;1
34/34_00109.jpg;77;1
34/34_00110.jpg;77;1
34/34_00111.jpg;77;1
34/34_00112.jpg;77;1
34/34_00113.jpg;77;1
34/34_00114.jpg;77;1
35/35_00001.jpg;78;1
35/35_00002.jpg;78;1
35/35_00003.jpg;78;1
35/35_00004.jpg;78;1
35/35_00005.jpg;78;1
35/35_00006.jpg;78;1
35/35_00007.jpg;78;1
35/35_00008.jpg;78;1
35/35_00009.jpg;78;1
35/35_00010.jpg;78;1
35/35_00011.jpg;78;1
35/35_00012.jpg;78;1
35/35_00013.jpg;78;1
35/35_00014.jpg;78;1
35/35_00015.jpg;78;1
35/35_00016.jpg;78;1
35/35_00017.jpg;78;1
35/35_00018.jpg;78;1
35/35_00019.jpg;78;1
35/35_00020.jpg;78;1
35/35_00021.jpg;78;1
35/35_00022.jpg;78;1
35/35_00023.jpg;78;1
35/35_00024.jpg;78;1
35/35_00025.jpg;78;1
35/35_00026.jpg;78;1
35/35_00027.jpg;78;1
35/35_00028.jpg;78;1
35/35_00029.jpg;78;1
35/35_00030.jpg;78;1
35/35_00031.jpg;78;1
35/35_00032.jpg;78;1
35/35_00033.jpg;78;1
35/35_00034.jpg;78;1
35/35_00035.jpg;78;1
35/35_00036.jpg;78;1
35/35_00037.jpg;78;1
35/35_00038.jpg;78;1
35/35_00039.jpg;78;1
35/35_00040.jpg;78;1
35/35_00041.jpg;78;1
35/35_00042.jpg;78;1
35/35_00043.jpg;78;1
35/35_00044.jpg;78;1
35/35_00045.jpg;78;1
35/35_00046.jpg;78;1
35/35_00047.jpg;78;1
35/35_00048.jpg;78;1
35/35_00049.jpg;78;1
35/35_00050.jpg;78;1
35/35_00051.jpg;78;1
35/35_00052.jpg;78;1
35/35_00053.jpg;78;1
35/35_00054.jpg;78;1
35/35_00055.jpg;78;1
35/35_00056.jpg;78;1
35/35_00057.jpg;78;1
35/35_00058.jpg;78;1
35/35_00059.jpg;78;1
35/35_00060.jpg;78;1
35/35_00061.jpg;78;1
35/35_00062.jpg;78;1
35/35_00063.jpg;78;1
35/35_00064.jpg;78;1
35/35_00065.jpg;78;1
35/35_00066.jpg;78;1
35/35_00067.jpg;78;1
35/35_00068.jpg;78;1
35/35_00069.jpg;78;1
35/35_00070.jpg;78;1
35/35_00071.jpg;78;1
35/35_00072.jpg;78;1
35/35_00073.jpg;78;1
35/35_00074.jpg;78;1
35/35_00075.jpg;78;1
35/35_00076.jpg;78;1
35/35_00077.jpg;78;1
35/35_00078.jpg;78;1
35/35_00079.jpg;78;1
35/35_00080.jpg;78;1
35/35_00081.jpg;78;1
35/35_00082.jpg;78;1
35/35_00083.jpg;78;1
35/35_00084.jpg;78;1
35/35_00085.jpg;78;1
35/35_00086.jpg;78;1
35/35_00087.jpg;78;1
35/35_00088.jpg;78;1
35/35_00089.jpg;78;1
35/35_00090.jpg;78;1
35/35_00091.jpg;78;1
35/35_00092.jpg;78;1
35/35_00093.jpg;78;1
35/35_00094.jpg;78;1
35/35_00095.jpg;78;1
35/35_00096.jpg;78;1
35/35_00097.jpg;78;1
35/35_00098.jpg;78;1
35/35_00099.jpg;78;1
35/35_00100.jpg;78;1
35/35_00101.jpg;78;1
35/35_00102.jpg;78;1
35/35_00103.jpg;78;1
35/35_00104.jpg;78;1
35/35_00105.jpg;78;1
35/35_00106.jpg;78;1
35/35_00107.jpg;78;1
35/35_00108.jpg;78;1
35/35_00109.jpg;78;1
35/35_00110.jpg;78;1
35/35_00111.jpg;78;1
35/35_00112.jpg;78;1
35/35_00113.jpg;78;1
35/35_00114.jpg;78;1
35/35_00115.jpg;78;1
35/35_00116.jpg;78;1
35/35_00117.jpg;78;1
35/35_00118.jpg;78;1
35/35_00119.jpg;78;1
35/35_00120.jpg;78;1
35/35_00121.jpg;78;1
35/35_00122.jpg;78;1
35/35_00123.jpg;78;1
35/35_00124.jpg;78;1
35/35_00125.jpg;78;1
35/35_00126.jpg;78;1
35/35_00127.jpg;78;1
35/35_00128.jpg;78;1
35/35_00129.jpg;78;1
35/35_00130.jpg;78;1
35/35_00131.jpg;78;1
35/35_00132.jpg;78;1
35/35_00133.jpg;78;1
35/35_00134.jpg;78;1
35/35_00135.jpg;78;1
35/35_00136.jpg;78;1
35/35_00137.jpg;78;1
35/35_00138.jpg;78;1
35/35_00139.jpg;78;1
35/35_00140.jpg;78;1
35/35_00141.jpg;78;1
35/35_00142.jpg;78;1
35/35_00143.jpg;78;1
35/35_00144.jpg;78;1
35/35_00145.jpg;78;1
35/35_00146.jpg;78;1
35/35_00147.jpg;78;1
35/35_00148.jpg;78;1
35/35_00149.jpg;78;1
35/35_00150.jpg;78;1
35/35_00151.jpg;78;1
35/35_00152.jpg;78;1
35/35_00153.jpg;78;1
35/35_00154.jpg;78;1
35/35_00155.jpg;78;1
35/35_00156.jpg;78;1
35/35_00157.jpg;78;1
35/35_00158.jpg;78;1
35/35_00159.jpg;78;1
35/35_00160.jpg;78;1
35/35_00161.jpg;78;1
35/35_00162.jpg;78;1
35/35_00163.jpg;78;1
35/35_00164.jpg;78;1
35/35_00165.jpg;78;1
35/35_00166.jpg;78;1
35/35_00167.jpg;78;1
35/35_00168.jpg;78;1
35/35_00169.jpg;78;1
35/35_00170.jpg;78;1
35/35_00171.jpg;78;1
35/35_00172.jpg;78;1
35/35_00173.jpg;78;1
35/35_00174.jpg;78;1
35/35_00175.jpg;78;1
35/35_00176.jpg;78;1
35/35_00177.jpg;78;1
35/35_00178.jpg;78;1
35/35_00179.jpg;78;1
35/35_00180.jpg;78;1
35/35_00181.jpg;78;1
35/35_00182.jpg;78;1
35/35_00183.jpg;78;1
35/35_00184.jpg;78;1
35/35_00185.jpg;78;1
35/35_00186.jpg;78;1
35/35_00187.jpg;78;1
35/35_00188.jpg;78;1
35/35_00189.jpg;78;1
35/35_00190.jpg;78;1
35/35_00191.jpg;78;1
35/35_00192.jpg;78;1
35/35_00193.jpg;78;1
35/35_00194.jpg;78;1
35/35_00195.jpg;78;1
35/35_00196.jpg;78;1
35/35_00197.jpg;78;1
35/35_00198.jpg;78;1
35/35_00199.jpg;78;1
35/35_00200.jpg;78;1
35/35_00201.jpg;78;1
35/35_00202.jpg;78;1
35/35_00203.jpg;78;1
35/35_00204.jpg;78;1
35/35_00205.jpg;78;1
35/35_00206.jpg;78;1
35/35_00207.jpg;78;1
35/35_00208.jpg;78;1
35/35_00209.jpg;78;1
35/35_00210.jpg;78;1
35/35_00211.jpg;78;1
35/35_00212.jpg;78;1
35/35_00213.jpg;78;1
35/35_00214.jpg;78;1
35/35_00215.jpg;78;1
35/35_00216.jpg;78;1
35/35_00217.jpg;78;1
35/35_00218.jpg;78;1
35/35_00219.jpg;78;1
35/35_00220.jpg;78;1
35/35_00221.jpg;78;1
35/35_00222.jpg;78;1
35/35_00223.jpg;78;1
35/35_00224.jpg;78;1
35/35_00225.jpg;78;1
35/35_00226.jpg;78;1
35/35_00227.jpg;78;1
35/35_00228.jpg;78;1
35/35_00229.jpg;78;1
35/35_00230.jpg;78;1
35/35_00231.jpg;78;1
35/35_00232.jpg;78;1
35/35_00233.jpg;78;1
35/35_00234.jpg;78;1
35/35_00235.jpg;78;1
35/35_00236.jpg;78;1
35/35_00237.jpg;78;1
35/35_00238.jpg;78;1
35/35_00239.jpg;78;1
35/35_00240.jpg;78;1
35/35_00241.jpg;78;1
35/35_00242.jpg;78;1
35/35_00243.jpg;78;1
35/35_00244.jpg;78;1
35/35_00245.jpg;78;1
35/35_00246.jpg;78;1
35/35_00247.jpg;78;1
35/35_00248.jpg;78;1
35/35_00249.jpg;78;1
35/35_00250.jpg;78;1
35/35_00251.jpg;78;1
35/35_00252.jpg;78;1
35/35_00253.jpg;78;1
35/35_00254.jpg;78;1
35/35_00255.jpg;78;1
35/35_00256.jpg;78;1
35/35_00257.jpg;78;1
35/35_00258.jpg;78;1
35/35_00259.jpg;78;1
35/35_00260.jpg;78;1
35/35_00261.jpg;78;1
35/35_00262.jpg;78;1
35/35_00263.jpg;78;1
35/35_00264.jpg;78;1
35/35_00265.jpg;78;1
35/35_00266.jpg;78;1
35/35_00267.jpg;78;1
35/35_00268.jpg;78;1
35/35_00269.jpg;78;1
35/35_00270.jpg;78;1
35/35_00271.jpg;78;1
35/35_00272.jpg;78;1
35/35_00273.jpg;78;1
35/35_00274.jpg;78;1
35/35_00275.jpg;78;1
35/35_00276.jpg;78;1
35/35_00277.jpg;78;1
35/35_00278.jpg;78;1
35/35_00279.jpg;78;1
35/35_00280.jpg;78;1
35/35_00281.jpg;78;1
35/35_00282.jpg;78;1
35/35_00283.jpg;78;1
35/35_00284.jpg;78;1
35/35_00285.jpg;78;1
35/35_00286.jpg;78;1
35/35_00287.jpg;78;1
35/35_00288.jpg;78;1
35/35_00289.jpg;78;1
35/35_00290.jpg;78;1
35/35_00291.jpg;78;1
35/35_00292.jpg;78;1
36/36_00001.jpg;79;1
36/36_00002.jpg;79;1
36/36_00003.jpg;79;1
36/36_00004.jpg;79;1
36/36_00005.jpg;79;1
36/36_00006.jpg;79;1
36/36_00007.jpg;79;1
36/36_00008.jpg;79;1
36/36_00009.jpg;79;1
36/36_00010.jpg;79;1
36/36_00011.jpg;79;1
36/36_00012.jpg;79;1
36/36_00013.jpg;79;1
36/36_00014.jpg;79;1
36/36_00015.jpg;79;1
36/36_00016.jpg;79;1
36/36_00017.jpg;79;1
36/36_00018.jpg;79;1
36/36_00019.jpg;79;1
36/36_00020.jpg;79;1
36/36_00021.jpg;79;1
36/36_00022.jpg;79;1
36/36_00023.jpg;79;1
36/36_00024.jpg;79;1
36/36_00025.jpg;79;1
36/36_00026.jpg;79;1
36/36_00027.jpg;79;1
36/36_00028.jpg;79;1
36/36_00029.jpg;79;1
36/36_00030.jpg;79;1
36/36_00031.jpg;79;1
36/36_00032.jpg;79;1
36/36_00033.jpg;79;1
36/36_00034.jpg;79;1
36/36_00035.jpg;79;1
36/36_00036.jpg;79;1
36/36_00037.jpg;79;1
36/36_00038.jpg;79;1
36/36_00039.jpg;79;1
36/36_00040.jpg;79;1
36/36_00041.jpg;79;1
36/36_00042.jpg;79;1
36/36_00043.jpg;79;1
36/36_00044.jpg;79;1
36/36_00045.jpg;79;1
36/36_00046.jpg;79;1
36/36_00047.jpg;79;1
36/36_00048.jpg;79;1
36/36_00049.jpg;79;1
36/36_00050.jpg;79;1
36/36_00051.jpg;79;1
36/36_00052.jpg;79;1
36/36_00053.jpg;79;1
36/36_00054.jpg;79;1
36/36_00055.jpg;79;1
36/36_00056.jpg;79;1
36/36_00057.jpg;79;1
36/36_00058.jpg;79;1
36/36_00059.jpg;79;1
36/36_00060.jpg;79;1
36/36_00061.jpg;79;1
36/36_00062.jpg;79;1
36/36_00063.jpg;79;1
36/36_00064.jpg;79;1
36/36_00065.jpg;79;1
36/36_00066.jpg;79;1
36/36_00067.jpg;79;1
36/36_00068.jpg;79;1
36/36_00069.jpg;79;1
36/36_00070.jpg;79;1
36/36_00071.jpg;79;1
36/36_00072.jpg;79;1
36/36_00073.jpg;79;1
36/36_00074.jpg;79;1
36/36_00075.jpg;79;1
36/36_00076.jpg;79;1
36/36_00077.jpg;79;1
36/36_00078.jpg;79;1
36/36_00079.jpg;79;1
36/36_00080.jpg;79;1
36/36_00081.jpg;79;1
36/36_00082.jpg;79;1
36/36_00083.jpg;79;1
36/36_00084.jpg;79;1
36/36_00085.jpg;79;1
36/36_00086.jpg;79;1
36/36_00087.jpg;79;1
36/36_00088.jpg;79;1
36/36_00089.jpg;79;1
36/36_00090.jpg;79;1
36/36_00091.jpg;79;1
36/36_00092.jpg;79;1
36/36_00093.jpg;79;1
36/36_00094.jpg;79;1
36/36_00095.jpg;79;1
36/36_00096.jpg;79;1
36/36_00097.jpg;79;1
36/36_00098.jpg;79;1
36/36_00099.jpg;79;1
36/36_00100.jpg;79;1
36/36_00101.jpg;79;1
36/36_00102.jpg;79;1
36/36_00103.jpg;79;1
36/36_00104.jpg;79;1
36/36_00105.jpg;79;1
36/36_00106.jpg;79;1
36/36_00107.jpg;79;1
36/36_00108.jpg;79;1
36/36_00109.jpg;79;1
36/36_00110.jpg;79;1
36/36_00111.jpg;79;1
36/36_00112.jpg;79;1
36/36_00113.jpg;79;1
36/36_00114.jpg;79;1
36/36_00115.jpg;79;1
36/36_00116.jpg;79;1
36/36_00117.jpg;79;1
36/36_00118.jpg;79;1
36/36_00119.jpg;79;1
36/36_00120.jpg;79;1
36/36_00121.jpg;79;1
36/36_00122.jpg;79;1
36/36_00123.jpg;79;1
36/36_00124.jpg;79;1
36/36_00125.jpg;79;1
36/36_00126.jpg;79;1
36/36_00127.jpg;79;1
36/36_00128.jpg;79;1
36/36_00129.jpg;79;1
36/36_00130.jpg;79;1
36/36_00131.jpg;79;1
36/36_00132.jpg;79;1
36/36_00133.jpg;79;1
36/36_00134.jpg;79;1
36/36_00135.jpg;79;1
36/36_00136.jpg;79;1
36/36_00137.jpg;79;1
36/36_00138.jpg;79;1
36/36_00139.jpg;79;1
36/36_00140.jpg;79;1
36/36_00141.jpg;79;1
36/36_00142.jpg;79;1
36/36_00143.jpg;79;1
36/36_00144.jpg;79;1
36/36_00145.jpg;79;1
36/36_00146.jpg;79;1
36/36_00147.jpg;79;1
36/36_00148.jpg;79;1
36/36_00149.jpg;79;1
36/36_00150.jpg;79;1
36/36_00151.jpg;79;1
36/36_00152.jpg;79;1
36/36_00153.jpg;79;1
36/36_00154.jpg;79;1
36/36_00155.jpg;79;1
36/36_00156.jpg;79;1
36/36_00157.jpg;79;1
36/36_00158.jpg;79;1
36/36_00159.jpg;79;1
36/36_00160.jpg;79;1
36/36_00161.jpg;79;1
36/36_00162.jpg;79;1
36/36_00163.jpg;79;1
36/36_00164.jpg;79;1
36/36_00165.jpg;79;1
36/36_00166.jpg;79;1
36/36_00167.jpg;79;1
36/36_00168.jpg;79;1
36/36_00169.jpg;79;1
36/36_00170.jpg;79;1
36/36_00171.jpg;79;1
36/36_00172.jpg;79;1
36/36_00173.jpg;79;1
36/36_00174.jpg;79;1
36/36_00175.jpg;79;1
36/36_00176.jpg;79;1
36/36_00177.jpg;79;1
36/36_00178.jpg;79;1
36/36_00179.jpg;79;1
36/36_00180.jpg;79;1
36/36_00181.jpg;79;1
36/36_00182.jpg;79;1
36/36_00183.jpg;79;1
36/36_00184.jpg;79;1
36/36_00185.jpg;79;1
36/36_00186.jpg;79;1
36/36_00187.jpg;79;1
36/36_00188.jpg;79;1
36/36_00189.jpg;79;1
36/36_00190.jpg;79;1
36/36_00191.jpg;79;1
36/36_00192.jpg;79;1
36/36_00193.jpg;79;1
36/36_00194.jpg;79;1
36/36_00195.jpg;79;1
36/36_00196.jpg;79;1
36/36_00197.jpg;79;1
36/36_00198.jpg;79;1
36/36_00199.jpg;79;1
36/36_00200.jpg;79;1
37/37_00001.jpg;80;1
37/37_00002.jpg;80;1
37/37_00003.jpg;80;1
37/37_00004.jpg;80;1
37/37_00005.jpg;80;1
37/37_00006.jpg;80;1
37/37_00007.jpg;80;1
37/37_00008.jpg;80;1
37/37_00009.jpg;80;1
37/37_00010.jpg;80;1
37/37_00011.jpg;80;1
37/37_00012.jpg;80;1
37/37_00013.jpg;80;1
37/37_00014.jpg;80;1
37/37_00015.jpg;80;1
37/37_00016.jpg;80;1
37/37_00017.jpg;80;1
37/37_00018.jpg;80;1
37/37_00019.jpg;80;1
37/37_00020.jpg;80;1
37/37_00021.jpg;80;1
37/37_00022.jpg;80;1
37/37_00023.jpg;80;1
37/37_00024.jpg;80;1
37/37_00025.jpg;80;1
37/37_00026.jpg;80;1
37/37_00027.jpg;80;1
37/37_00028.jpg;80;1
37/37_00029.jpg;80;1
37/37_00030.jpg;80;1
37/37_00031.jpg;80;1
37/37_00032.jpg;80;1
37/37_00033.jpg;80;1
37/37_00034.jpg;80;1
37/37_00035.jpg;80;1
37/37_00036.jpg;80;1
37/37_00037.jpg;80;1
37/37_00038.jpg;80;1
37/37_00039.jpg;80;1
37/37_00040.jpg;80;1
37/37_00041.jpg;80;1
37/37_00042.jpg;80;1
37/37_00043.jpg;80;1
37/37_00044.jpg;80;1
37/37_00045.jpg;80;1
37/37_00046.jpg;80;1
37/37_00047.jpg;80;1
37/37_00048.jpg;80;1
37/37_00049.jpg;80;1
37/37_00050.jpg;80;1
37/37_00051.jpg;80;1
37/37_00052.jpg;80;1
37/37_00053.jpg;80;1
37/37_00054.jpg;80;1
37/37_00055.jpg;80;1
37/37_00056.jpg;80;1
37/37_00057.jpg;80;1
37/37_00058.jpg;80;1
37/37_00059.jpg;80;1
37/37_00060.jpg;80;1
37/37_00061.jpg;80;1
37/37_00062.jpg;80;1
37/37_00063.jpg;80;1
37/37_00064.jpg;80;1
37/37_00065.jpg;80;1
37/37_00066.jpg;80;1
37/37_00067.jpg;80;1
37/37_00068.jpg;80;1
37/37_00069.jpg;80;1
37/37_00070.jpg;80;1
37/37_00071.jpg;80;1
37/37_00072.jpg;80;1
37/37_00073.jpg;80;1
37/37_00074.jpg;80;1
37/37_00075.jpg;80;1
37/37_00076.jpg;80;1
37/37_00077.jpg;80;1
37/37_00078.jpg;80;1
37/37_00079.jpg;80;1
37/37_00080.jpg;80;1
37/37_00081.jpg;80;1
37/37_00082.jpg;80;1
37/37_00083.jpg;80;1
37/37_00084.jpg;80;1
37/37_00085.jpg;80;1
37/37_00086.jpg;80;1
37/37_00087.jpg;80;1
37/37_00088.jpg;80;1
37/37_00089.jpg;80;1
37/37_00090.jpg;80;1
37/37_00091.jpg;80;1
37/37_00092.jpg;80;1
37/37_00093.jpg;80;1
37/37_00094.jpg;80;1
37/37_00095.jpg;80;1
37/37_00096.jpg;80;1
37/37_00097.jpg;80;1
37/37_00098.jpg;80;1
37/37_00099.jpg;80;1
37/37_00100.jpg;80;1
37/37_00101.jpg;80;1
37/37_00102.jpg;80;1
37/37_00103.jpg;80;1
37/37_00104.jpg;80;1
37/37_00105.jpg;80;1
37/37_00106.jpg;80;1
37/37_00107.jpg;80;1
37/37_00108.jpg;80;1
37/37_00109.jpg;80;1
37/37_00110.jpg;80;1
37/37_00111.jpg;80;1
37/37_00112.jpg;80;1
37/37_00113.jpg;80;1
37/37_00114.jpg;80;1
37/37_00115.jpg;80;1
37/37_00116.jpg;80;1
37/37_00117.jpg;80;1
37/37_00118.jpg;80;1
37/37_00119.jpg;80;1
37/37_00120.jpg;80;1
37/37_00121.jpg;80;1
37/37_00122.jpg;80;1
37/37_00123.jpg;80;1
37/37_00124.jpg;80;1
37/37_00125.jpg;80;1
37/37_00126.jpg;80;1
37/37_00127.jpg;80;1
37/37_00128.jpg;80;1
37/37_00129.jpg;80;1
37/37_00130.jpg;80;1
37/37_00131.jpg;80;1
37/37_00132.jpg;80;1
37/37_00133.jpg;80;1
37/37_00134.jpg;80;1
37/37_00135.jpg;80;1
37/37_00136.jpg;80;1
37/37_00137.jpg;80;1
37/37_00138.jpg;80;1
37/37_00139.jpg;80;1
37/37_00140.jpg;80;1
37/37_00141.jpg;80;1
37/37_00142.jpg;80;1
37/37_00143.jpg;80;1
37/37_00144.jpg;80;1
37/37_00145.jpg;80;1
37/37_00146.jpg;80;1
37/37_00147.jpg;80;1
37/37_00148.jpg;80;1
37/37_00149.jpg;80;1
37/37_00150.jpg;80;1
37/37_00151.jpg;80;1
37/37_00152.jpg;80;1
37/37_00153.jpg;80;1
37/37_00154.jpg;80;1
37/37_00155.jpg;80;1
37/37_00156.jpg;80;1
37/37_00157.jpg;80;1
37/37_00158.jpg;80;1
37/37_00159.jpg;80;1
37/37_00160.jpg;80;1
37/37_00161.jpg;80;1
37/37_00162.jpg;80;1
37/37_00163.jpg;80;1
37/37_00164.jpg;80;1
37/37_00165.jpg;80;1
37/37_00166.jpg;80;1
37/37_00167.jpg;80;1
37/37_00168.jpg;80;1
37/37_00169.jpg;80;1
37/37_00170.jpg;80;1
37/37_00171.jpg;80;1
37/37_00172.jpg;80;1
37/37_00173.jpg;80;1
37/37_00174.jpg;80;1
37/37_00175.jpg;80;1
37/37_00176.jpg;80;1
37/37_00177.jpg;80;1
37/37_00178.jpg;80;1
37/37_00179.jpg;80;1
37/37_00180.jpg;80;1
37/37_00181.jpg;80;1
37/37_00182.jpg;80;1
37/37_00183.jpg;80;1
37/37_00184.jpg;80;1
37/37_00185.jpg;80;1
37/37_00186.jpg;80;1
37/37_00187.jpg;80;1
37/37_00188.jpg;80;1
37/37_00189.jpg;80;1
37/37_00190.jpg;80;1
37/37_00191.jpg;80;1
37/37_00192.jpg;80;1
37/37_00193.jpg;80;1
37/37_00194.jpg;80;1
37/37_00195.jpg;80;1
37/37_00196.jpg;80;1
37/37_00197.jpg;80;1
37/37_00198.jpg;80;1
37/37_00199.jpg;80;1
37/37_00200.jpg;80;1
37/37_00201.jpg;80;1
37/37_00202.jpg;80;1
37/37_00203.jpg;80;1
37/37_00204.jpg;80;1
37/37_00205.jpg;80;1
37/37_00206.jpg;80;1
37/37_00207.jpg;80;1
37/37_00208.jpg;80;1
37/37_00209.jpg;80;1
37/37_00210.jpg;80;1
37/37_00211.jpg;80;1
37/37_00212.jpg;80;1
37/37_00213.jpg;80;1
37/37_00214.jpg;80;1
37/37_00215.jpg;80;1
37/37_00216.jpg;80;1
37/37_00217.jpg;80;1
37/37_00218.jpg;80;1
37/37_00219.jpg;80;1
37/37_00220.jpg;80;1
37/37_00221.jpg;80;1
37/37_00222.jpg;80;1
37/37_00223.jpg;80;1
37/37_00224.jpg;80;1
37/37_00225.jpg;80;1
37/37_00226.jpg;80;1
37/37_00227.jpg;80;1
37/37_00228.jpg;80;1
37/37_00229.jpg;80;1
37/37_00230.jpg;80;1
37/37_00231.jpg;80;1
37/37_00232.jpg;80;1
37/37_00233.jpg;80;1
37/37_00234.jpg;80;1
37/37_00235.jpg;80;1
37/37_00236.jpg;80;1
37/37_00237.jpg;80;1
37/37_00238.jpg;80;1
37/37_00239.jpg;80;1
37/37_00240.jpg;80;1
37/37_00241.jpg;80;1
37/37_00242.jpg;80;1
37/37_00243.jpg;80;1
37/37_00244.jpg;80;1
37/37_00245.jpg;80;1
37/37_00246.jpg;80;1
37/37_00247.jpg;80;1
37/37_00248.jpg;80;1
37/37_00249.jpg;80;1
37/37_00250.jpg;80;1
37/37_00251.jpg;80;1
37/37_00252.jpg;80;1
37/37_00253.jpg;80;1
37/37_00254.jpg;80;1
37/37_00255.jpg;80;1
37/37_00256.jpg;80;1
37/37_00257.jpg;80;1
37/37_00258.jpg;80;1
37/37_00259.jpg;80;1
37/37_00260.jpg;80;1
37/37_00261.jpg;80;1
37/37_00262.jpg;80;1
37/37_00263.jpg;80;1
37/37_00264.jpg;80;1
37/37_00265.jpg;80;1
37/37_00266.jpg;80;1
37/37_00267.jpg;80;1
37/37_00268.jpg;80;1
37/37_00269.jpg;80;1
37/37_00270.jpg;80;1
37/37_00271.jpg;80;1
37/37_00272.jpg;80;1
37/37_00273.jpg;80;1
37/37_00274.jpg;80;1
37/37_00275.jpg;80;1
37/37_00276.jpg;80;1
37/37_00277.jpg;80;1
37/37_00278.jpg;80;1
37/37_00279.jpg;80;1
37/37_00280.jpg;80;1
37/37_00281.jpg;80;1
37/37_00282.jpg;80;1
37/37_00283.jpg;80;1
37/37_00284.jpg;80;1
37/37_00285.jpg;80;1
37/37_00286.jpg;80;1
37/37_00287.jpg;80;1
37/37_00288.jpg;80;1
37/37_00289.jpg;80;1
37/37_00290.jpg;80;1
37/37_00291.jpg;80;1
37/37_00292.jpg;80;1
37/37_00293.jpg;80;1
37/37_00294.jpg;80;1
37/37_00295.jpg;80;1
37/37_00296.jpg;80;1
37/37_00297.jpg;80;1
37/37_00298.jpg;80;1
37/37_00299.jpg;80;1
37/37_00300.jpg;80;1
37/37_00301.jpg;80;1
37/37_00302.jpg;80;1
37/37_00303.jpg;80;1
37/37_00304.jpg;80;1
37/37_00305.jpg;80;1
37/37_00306.jpg;80;1
37/37_00307.jpg;80;1
37/37_00308.jpg;80;1
37/37_00309.jpg;80;1
37/37_00310.jpg;80;1
37/37_00311.jpg;80;1
37/37_00312.jpg;80;1
37/37_00313.jpg;80;1
37/37_00314.jpg;80;1
37/37_00315.jpg;80;1
37/37_00316.jpg;80;1
37/37_00317.jpg;80;1
37/37_00318.jpg;80;1
37/37_00319.jpg;80;1
37/37_00320.jpg;80;1
37/37_00321.jpg;80;1
37/37_00322.jpg;80;1
37/37_00323.jpg;80;1
37/37_00324.jpg;80;1
37/37_00325.jpg;80;1
37/37_00326.jpg;80;1
37/37_00327.jpg;80;1
37/37_00328.jpg;80;1
37/37_00329.jpg;80;1
38/38_00001.jpg;81;1
38/38_00002.jpg;81;1
38/38_00003.jpg;81;1
38/38_00004.jpg;81;1
38/38_00005.jpg;81;1
38/38_00006.jpg;81;1
38/38_00007.jpg;81;1
38/38_00008.jpg;81;1
38/38_00009.jpg;81;1
38/38_00010.jpg;81;1
38/38_00011.jpg;81;1
38/38_00012.jpg;81;1
38/38_00013.jpg;81;1
38/38_00014.jpg;81;1
38/38_00015.jpg;81;1
38/38_00016.jpg;81;1
38/38_00017.jpg;81;1
38/38_00018.jpg;81;1
38/38_00019.jpg;81;1
38/38_00020.jpg;81;1
38/38_00021.jpg;81;1
38/38_00022.jpg;81;1
38/38_00023.jpg;81;1
38/38_00024.jpg;81;1
38/38_00025.jpg;81;1
38/38_00026.jpg;81;1
38/38_00027.jpg;81;1
38/38_00028.jpg;81;1
38/38_00029.jpg;81;1
38/38_00030.jpg;81;1
38/38_00031.jpg;81;1
38/38_00032.jpg;81;1
38/38_00033.jpg;81;1
38/38_00034.jpg;81;1
38/38_00035.jpg;81;1
38/38_00036.jpg;81;1
38/38_00037.jpg;81;1
38/38_00038.jpg;81;1
38/38_00039.jpg;81;1
38/38_00040.jpg;81;1
38/38_00041.jpg;81;1
38/38_00042.jpg;81;1
38/38_00043.jpg;81;1
38/38_00044.jpg;81;1
38/38_00045.jpg;81;1
38/38_00046.jpg;81;1
38/38_00047.jpg;81;1
38/38_00048.jpg;81;1
38/38_00049.jpg;81;1
38/38_00050.jpg;81;1
38/38_00051.jpg;81;1
38/38_00052.jpg;81;1
38/38_00053.jpg;81;1
38/38_00054.jpg;81;1
38/38_00055.jpg;81;1
38/38_00056.jpg;81;1
38/38_00057.jpg;81;1
38/38_00058.jpg;81;1
38/38_00059.jpg;81;1
38/38_00060.jpg;81;1
38/38_00061.jpg;81;1
38/38_00062.jpg;81;1
38/38_00063.jpg;81;1
38/38_00064.jpg;81;1
38/38_00065.jpg;81;1
38/38_00066.jpg;81;1
38/38_00067.jpg;81;1
38/38_00068.jpg;81;1
38/38_00069.jpg;81;1
38/38_00070.jpg;81;1
38/38_00071.jpg;81;1
38/38_00072.jpg;81;1
38/38_00073.jpg;81;1
38/38_00074.jpg;81;1
38/38_00075.jpg;81;1
38/38_00076.jpg;81;1
38/38_00077.jpg;81;1
38/38_00078.jpg;81;1
38/38_00079.jpg;81;1
38/38_00080.jpg;81;1
38/38_00081.jpg;81;1
38/38_00082.jpg;81;1
38/38_00083.jpg;81;1
38/38_00084.jpg;81;1
38/38_00085.jpg;81;1
38/38_00086.jpg;81;1
38/38_00087.jpg;81;1
38/38_00088.jpg;81;1
38/38_00089.jpg;81;1
38/38_00090.jpg;81;1
38/38_00091.jpg;81;1
38/38_00092.jpg;81;1
38/38_00093.jpg;81;1
38/38_00094.jpg;81;1
38/38_00095.jpg;81;1
38/38_00096.jpg;81;1
38/38_00097.jpg;81;1
38/38_00098.jpg;81;1
38/38_00099.jpg;81;1
38/38_00100.jpg;81;1
38/38_00101.jpg;81;1
38/38_00102.jpg;81;1
38/38_00103.jpg;81;1
38/38_00104.jpg;81;1
38/38_00105.jpg;81;1
38/38_00106.jpg;81;1
38/38_00107.jpg;81;1
38/38_00108.jpg;81;1
38/38_00109.jpg;81;1
38/38_00110.jpg;81;1
38/38_00111.jpg;81;1
38/38_00112.jpg;81;1
38/38_00113.jpg;81;1
38/38_00114.jpg;81;1
38/38_00115.jpg;81;1
38/38_00116.jpg;81;1
38/38_00117.jpg;81;1
38/38_00118.jpg;81;1
38/38_00119.jpg;81;1
38/38_00120.jpg;81;1
38/38_00121.jpg;81;1
38/38_00122.jpg;81;1
38/38_00123.jpg;81;1
38/38_00124.jpg;81;1
38/38_00125.jpg;81;1
38/38_00126.jpg;81;1
38/38_00127.jpg;81;1
38/38_00128.jpg;81;1
38/38_00129.jpg;81;1
38/38_00130.jpg;81;1
38/38_00131.jpg;81;1
38/38_00132.jpg;81;1
38/38_00133.jpg;81;1
38/38_00134.jpg;81;1
38/38_00135.jpg;81;1
38/38_00136.jpg;81;1
38/38_00137.jpg;81;1
38/38_00138.jpg;81;1
38/38_00139.jpg;81;1
38/38_00140.jpg;81;1
38/38_00141.jpg;81;1
38/38_00142.jpg;81;1
38/38_00143.jpg;81;1
38/38_00144.jpg;81;1
38/38_00145.jpg;81;1
38/38_00146.jpg;81;1
39/39_00001.jpg;82;1
39/39_00002.jpg;82;1
39/39_00003.jpg;82;1
39/39_00004.jpg;82;1
39/39_00005.jpg;82;1
39/39_00006.jpg;82;1
39/39_00007.jpg;82;1
39/39_00008.jpg;82;1
39/39_00009.jpg;82;1
39/39_00010.jpg;82;1
39/39_00011.jpg;82;1
39/39_00012.jpg;82;1
39/39_00013.jpg;82;1
39/39_00014.jpg;82;1
39/39_00015.jpg;82;1
39/39_00016.jpg;82;1
39/39_00017.jpg;82;1
39/39_00018.jpg;82;1
39/39_00019.jpg;82;1
39/39_00020.jpg;82;1
39/39_00021.jpg;82;1
39/39_00022.jpg;82;1
39/39_00023.jpg;82;1
39/39_00024.jpg;82;1
39/39_00025.jpg;82;1
39/39_00026.jpg;82;1
39/39_00027.jpg;82;1
39/39_00028.jpg;82;1
39/39_00029.jpg;82;1
39/39_00030.jpg;82;1
39/39_00031.jpg;82;1
39/39_00032.jpg;82;1
39/39_00033.jpg;82;1
39/39_00034.jpg;82;1
39/39_00035.jpg;82;1
39/39_00036.jpg;82;1
39/39_00037.jpg;82;1
39/39_00038.jpg;82;1
39/39_00039.jpg;82;1
39/39_00040.jpg;82;1
39/39_00041.jpg;82;1
39/39_00042.jpg;82;1
39/39_00043.jpg;82;1
39/39_00044.jpg;82;1
39/39_00045.jpg;82;1
39/39_00046.jpg;82;1
39/39_00047.jpg;82;1
39/39_00048.jpg;82;1
39/39_00049.jpg;82;1
39/39_00050.jpg;82;1
39/39_00051.jpg;82;1
39/39_00052.jpg;82;1
39/39_00053.jpg;82;1
39/39_00054.jpg;82;1
39/39_00055.jpg;82;1
39/39_00056.jpg;82;1
39/39_00057.jpg;82;1
39/39_00058.jpg;82;1
39/39_00059.jpg;82;1
39/39_00060.jpg;82;1
39/39_00061.jpg;82;1
39/39_00062.jpg;82;1
39/39_00063.jpg;82;1
39/39_00064.jpg;82;1
39/39_00065.jpg;82;1
39/39_00066.jpg;82;1
39/39_00067.jpg;82;1
39/39_00068.jpg;82;1
39/39_00069.jpg;82;1
39/39_00070.jpg;82;1
39/39_00071.jpg;82;1
39/39_00072.jpg;82;1
39/39_00073.jpg;82;1
39/39_00074.jpg;82;1
39/39_00075.jpg;82;1
39/39_00076.jpg;82;1
39/39_00077.jpg;82;1
39/39_00078.jpg;82;1
39/39_00079.jpg;82;1
39/39_00080.jpg;82;1
40/40_00001.jpg;83;1
40/40_00002.jpg;83;1
40/40_00003.jpg;83;1
40/40_00004.jpg;83;1
40/40_00005.jpg;83;1
40/40_00006.jpg;83;1
40/40_00007.jpg;83;1
40/40_00008.jpg;83;1
40/40_00009.jpg;83;1
40/40_00010.jpg;83;1
40/40_00011.jpg;83;1
40/40_00012.jpg;83;1
40/40_00013.jpg;83;1
40/40_00014.jpg;83;1
40/40_00015.jpg;83;1
40/40_00016.jpg;83;1
40/40_00017.jpg;83;1
40/40_00018.jpg;83;1
40/40_00019.jpg;83;1
40/40_00020.jpg;83;1
40/40_00021.jpg;83;1
40/40_00022.jpg;83;1
40/40_00023.jpg;83;1
40/40_00024.jpg;83;1
40/40_00025.jpg;83;1
40/40_00026.jpg;83;1
40/40_00027.jpg;83;1
40/40_00028.jpg;83;1
40/40_00029.jpg;83;1
40/40_00030.jpg;83;1
40/40_00031.jpg;83;1
40/40_00032.jpg;83;1
40/40_00033.jpg;83;1
40/40_00034.jpg;83;1
40/40_00035.jpg;83;1
40/40_00036.jpg;83;1
40/40_00037.jpg;83;1
40/40_00038.jpg;83;1
40/40_00039.jpg;83;1
40/40_00040.jpg;83;1
40/40_00041.jpg;83;1
40/40_00042.jpg;83;1
40/40_00043.jpg;83;1
40/40_00044.jpg;83;1
40/40_00045.jpg;83;1
40/40_00046.jpg;83;1
40/40_00047.jpg;83;1
40/40_00048.jpg;83;1
40/40_00049.jpg;83;1
40/40_00050.jpg;83;1
40/40_00051.jpg;83;1
40/40_00052.jpg;83;1
40/40_00053.jpg;83;1
40/40_00054.jpg;83;1
40/40_00055.jpg;83;1
40/40_00056.jpg;83;1
40/40_00057.jpg;83;1
40/40_00058.jpg;83;1
40/40_00059.jpg;83;1
40/40_00060.jpg;83;1
40/40_00061.jpg;83;1
40/40_00062.jpg;83;1
40/40_00063.jpg;83;1
40/40_00064.jpg;83;1
40/40_00065.jpg;83;1
40/40_00066.jpg;83;1
40/40_00067.jpg;83;1
40/40_00068.jpg;83;1
40/40_00069.jpg;83;1
40/40_00070.jpg;83;1
40/40_00071.jpg;83;1
40/40_00072.jpg;83;1
40/40_00073.jpg;83;1
40/40_00074.jpg;83;1
40/40_00075.jpg;83;1
40/40_00076.jpg;83;1
40/40_00077.jpg;83;1
41/41_00001.jpg;84;1
41/41_00002.jpg;84;1
41/41_00003.jpg;84;1
41/41_00004.jpg;84;1
41/41_00005.jpg;84;1
41/41_00006.jpg;84;1
41/41_00007.jpg;84;1
41/41_00008.jpg;84;1
41/41_00009.jpg;84;1
41/41_00010.jpg;84;1
41/41_00011.jpg;84;1
41/41_00012.jpg;84;1
41/41_00013.jpg;84;1
41/41_00014.jpg;84;1
41/41_00015.jpg;84;1
41/41_00016.jpg;84;1
41/41_00017.jpg;84;1
41/41_00018.jpg;84;1
41/41_00019.jpg;84;1
41/41_00020.jpg;84;1
41/41_00021.jpg;84;1
41/41_00022.jpg;84;1
41/41_00023.jpg;84;1
41/41_00024.jpg;84;1
41/41_00025.jpg;84;1
41/41_00026.jpg;84;1
41/41_00027.jpg;84;1
41/41_00028.jpg;84;1
41/41_00029.jpg;84;1
41/41_00030.jpg;84;1
41/41_00031.jpg;84;1
41/41_00032.jpg;84;1
41/41_00033.jpg;84;1
41/41_00034.jpg;84;1
41/41_00035.jpg;84;1
41/41_00036.jpg;84;1
41/41_00037.jpg;84;1
41/41_00038.jpg;84;1
41/41_00039.jpg;84;1
41/41_00040.jpg;84;1
41/41_00041.jpg;84;1
41/41_00042.jpg;84;1
41/41_00043.jpg;84;1
41/41_00044.jpg;84;1
41/41_00045.jpg;84;1
41/41_00046.jpg;84;1
41/41_00047.jpg;84;1
41/41_00048.jpg;84;1
41/41_00049.jpg;84;1
41/41_00050.jpg;84;1
41/41_00051.jpg;84;1
41/41_00052.jpg;84;1
41/41_00053.jpg;84;1
41/41_00054.jpg;84;1
41/41_00055.jpg;84;1
41/41_00056.jpg;84;1
41/41_00057.jpg;84;1
41/41_00058.jpg;84;1
41/41_00059.jpg;84;1
41/41_00060.jpg;84;1
41/41_00061.jpg;84;1
41/41_00062.jpg;84;1
41/41_00063.jpg;84;1
41/41_00064.jpg;84;1
41/41_00065.jpg;84;1
41/41_00066.jpg;84;1
41/41_00067.jpg;84;1
41/41_00068.jpg;84;1
41/41_00069.jpg;84;1
41/41_00070.jpg;84;1
41/41_00071.jpg;84;1
41/41_00072.jpg;84;1
41/41_00073.jpg;84;1
41/41_00074.jpg;84;1
41/41_00075.jpg;84;1
41/41_00076.jpg;84;1
41/41_00077.jpg;84;1
41/41_00078.jpg;84;1
41/41_00079.jpg;84;1
41/41_00080.jpg;84;1
41/41_00081.jpg;84;1
41/41_00082.jpg;84;1
41/41_00083.jpg;84;1
41/41_00084.jpg;84;1
41/41_00085.jpg;84;1
41/41_00086.jpg;84;1
41/41_00087.jpg;84;1
41/41_00088.jpg;84;1
41/41_00089.jpg;84;1
41/41_00090.jpg;84;1
41/41_00091.jpg;84;1
41/41_00092.jpg;84;1
41/41_00093.jpg;84;1
41/41_00094.jpg;84;1
41/41_00095.jpg;84;1
41/41_00096.jpg;84;1
41/41_00097.jpg;84;1
41/41_00098.jpg;84;1
41/41_00099.jpg;84;1
41/41_00100.jpg;84;1
41/41_00101.jpg;84;1
41/41_00102.jpg;84;1
41/41_00103.jpg;84;1
41/41_00104.jpg;84;1
41/41_00105.jpg;84;1
41/41_00106.jpg;84;1
41/41_00107.jpg;84;1
41/41_00108.jpg;84;1
41/41_00109.jpg;84;1
41/41_00110.jpg;84;1
41/41_00111.jpg;84;1
41/41_00112.jpg;84;1
41/41_00113.jpg;84;1
41/41_00114.jpg;84;1
41/41_00115.jpg;84;1
41/41_00116.jpg;84;1
41/41_00117.jpg;84;1
41/41_00118.jpg;84;1
41/41_00119.jpg;84;1
41/41_00120.jpg;84;1
41/41_00121.jpg;84;1
41/41_00122.jpg;84;1
41/41_00123.jpg;84;1
41/41_00124.jpg;84;1
41/41_00125.jpg;84;1
41/41_00126.jpg;84;1
41/41_00127.jpg;84;1
41/41_00128.jpg;84;1
41/41_00129.jpg;84;1
41/41_00130.jpg;84;1
41/41_00131.jpg;84;1
41/41_00132.jpg;84;1
41/41_00133.jpg;84;1
41/41_00134.jpg;84;1
41/41_00135.jpg;84;1
41/41_00136.jpg;84;1
41/41_00137.jpg;84;1
41/41_00138.jpg;84;1
41/41_00139.jpg;84;1
41/41_00140.jpg;84;1
41/41_00141.jpg;84;1
41/41_00142.jpg;84;1
41/41_00143.jpg;84;1
41/41_00144.jpg;84;1
41/41_00145.jpg;84;1
41/41_00146.jpg;84;1
41/41_00147.jpg;84;1
41/41_00148.jpg;84;1
41/41_00149.jpg;84;1
41/41_00150.jpg;84;1
41/41_00151.jpg;84;1
41/41_00152.jpg;84;1
41/41_00153.jpg;84;1
41/41_00154.jpg;84;1
41/41_00155.jpg;84;1
42/42_00001.jpg;85;1
42/42_00002.jpg;85;1
42/42_00003.jpg;85;1
42/42_00004.jpg;85;1
42/42_00005.jpg;85;1
42/42_00006.jpg;85;1
42/42_00007.jpg;85;1
42/42_00008.jpg;85;1
42/42_00009.jpg;85;1
42/42_00010.jpg;85;1
42/42_00011.jpg;85;1
42/42_00012.jpg;85;1
42/42_00013.jpg;85;1
42/42_00014.jpg;85;1
42/42_00015.jpg;85;1
42/42_00016.jpg;85;1
42/42_00017.jpg;85;1
42/42_00018.jpg;85;1
42/42_00019.jpg;85;1
42/42_00020.jpg;85;1
42/42_00021.jpg;85;1
42/42_00022.jpg;85;1
42/42_00023.jpg;85;1
42/42_00024.jpg;85;1
42/42_00025.jpg;85;1
42/42_00026.jpg;85;1
42/42_00027.jpg;85;1
42/42_00028.jpg;85;1
42/42_00029.jpg;85;1
42/42_00030.jpg;85;1
42/42_00031.jpg;85;1
42/42_00032.jpg;85;1
42/42_00033.jpg;85;1
42/42_00034.jpg;85;1
42/42_00035.jpg;85;1
42/42_00036.jpg;85;1
42/42_00037.jpg;85;1
42/42_00038.jpg;85;1
42/42_00039.jpg;85;1
42/42_00040.jpg;85;1
42/42_00041.jpg;85;1
42/42_00042.jpg;85;1
42/42_00043.jpg;85;1
42/42_00044.jpg;85;1
42/42_00045.jpg;85;1
42/42_00046.jpg;85;1
42/42_00047.jpg;85;1
42/42_00048.jpg;85;1
42/42_00049.jpg;85;1
42/42_00050.jpg;85;1
42/42_00051.jpg;85;1
42/42_00052.jpg;85;1
42/42_00053.jpg;85;1
42/42_00054.jpg;85;1
42/42_00055.jpg;85;1
42/42_00056.jpg;85;1
42/42_00057.jpg;85;1
42/42_00058.jpg;85;1
42/42_00059.jpg;85;1
42/42_00060.jpg;85;1
42/42_00061.jpg;85;1
42/42_00062.jpg;85;1
42/42_00063.jpg;85;1
42/42_00064.jpg;85;1
42/42_00065.jpg;85;1
42/42_00066.jpg;85;1
42/42_00067.jpg;85;1
42/42_00068.jpg;85;1
42/42_00069.jpg;85;1
42/42_00070.jpg;85;1
42/42_00071.jpg;85;1
42/42_00072.jpg;85;1
42/42_00073.jpg;85;1
42/42_00074.jpg;85;1
42/42_00075.jpg;85;1
42/42_00076.jpg;85;1
42/42_00077.jpg;85;1
42/42_00078.jpg;85;1
42/42_00079.jpg;85;1
42/42_00080.jpg;85;1
42/42_00081.jpg;85;1
42/42_00082.jpg;85;1
42/42_00083.jpg;85;1
42/42_00084.jpg;85;1
42/42_00085.jpg;85;1
42/42_00086.jpg;85;1
42/42_00087.jpg;85;1
42/42_00088.jpg;85;1
42/42_00089.jpg;85;1
42/42_00090.jpg;85;1
42/42_00091.jpg;85;1
42/42_00092.jpg;85;1
42/42_00093.jpg;85;1
42/42_00094.jpg;85;1
42/42_00095.jpg;85;1
42/42_00096.jpg;85;1
42/42_00097.jpg;85;1
42/42_00098.jpg;85;1
42/42_00099.jpg;85;1
42/42_00100.jpg;85;1
42/42_00101.jpg;85;1
42/42_00102.jpg;85;1
42/42_00103.jpg;85;1
42/42_00104.jpg;85;1
42/42_00105.jpg;85;1
42/42_00106.jpg;85;1
42/42_00107.jpg;85;1
42/42_00108.jpg;85;1
42/42_00109.jpg;85;1
42/42_00110.jpg;85;1
42/42_00111.jpg;85;1
42/42_00112.jpg;85;1
42/42_00113.jpg;85;1
42/42_00114.jpg;85;1
42/42_00115.jpg;85;1
42/42_00116.jpg;85;1
42/42_00117.jpg;85;1
42/42_00118.jpg;85;1
42/42_00119.jpg;85;1
42/42_00120.jpg;85;1
42/42_00121.jpg;85;1
42/42_00122.jpg;85;1
42/42_00123.jpg;85;1
42/42_00124.jpg;85;1
42/42_00125.jpg;85;1
42/42_00126.jpg;85;1
42/42_00127.jpg;85;1
42/42_00128.jpg;85;1
42/42_00129.jpg;85;1
42/42_00130.jpg;85;1
42/42_00131.jpg;85;1
42/42_00132.jpg;85;1
42/42_00133.jpg;85;1
42/42_00134.jpg;85;1
42/42_00135.jpg;85;1
42/42_00136.jpg;85;1
42/42_00137.jpg;85;1
42/42_00138.jpg;85;1
42/42_00139.jpg;85;1
42/42_00140.jpg;85;1
42/42_00141.jpg;85;1
42/42_00142.jpg;85;1
42/42_00143.jpg;85;1
42/42_00144.jpg;85;1
42/42_00145.jpg;85;1
42/42_00146.jpg;85;1
42/42_00147.jpg;85;1
42/42_00148.jpg;85;1
42/42_00149.jpg;85;1
42/42_00150.jpg;85;1
42/42_00151.jpg;85;1
42/42_00152.jpg;85;1
42/42_00153.jpg;85;1
42/42_00154.jpg;85;1
42/42_00155.jpg;85;1
42/42_00156.jpg;85;1
42/42_00157.jpg;85;1
42/42_00158.jpg;85;1
42/42_00159.jpg;85;1
42/42_00160.jpg;85;1
42/42_00161.jpg;85;1
42/42_00162.jpg;85;1
42/42_00163.jpg;85;1
42/42_00164.jpg;85;1
42/42_00165.jpg;85;1
42/42_00166.jpg;85;1
42/42_00167.jpg;85;1
42/42_00168.jpg;85;1
42/42_00169.jpg;85;1
42/42_00170.jpg;85;1
42/42_00171.jpg;85;1
42/42_00172.jpg;85;1
42/42_00173.jpg;85;1
42/42_00174.jpg;85;1
42/42_00175.jpg;85;1
42/42_00176.jpg;85;1
42/42_00177.jpg;85;1
42/42_00178.jpg;85;1
42/42_00179.jpg;85;1
42/42_00180.jpg;85;1
42/42_00181.jpg;85;1
42/42_00182.jpg;85;1
42/42_00183.jpg;85;1
42/42_00184.jpg;85;1
42/42_00185.jpg;85;1
42/42_00186.jpg;85;1
42/42_00187.jpg;85;1
42/42_00188.jpg;85;1
42/42_00189.jpg;85;1
42/42_00190.jpg;85;1
42/42_00191.jpg;85;1
42/42_00192.jpg;85;1
42/42_00193.jpg;85;1
42/42_00194.jpg;85;1
42/42_00195.jpg;85;1
42/42_00196.jpg;85;1
42/42_00197.jpg;85;1
42/42_00198.jpg;85;1
42/42_00199.jpg;85;1
42/42_00200.jpg;85;1
42/42_00201.jpg;85;1
42/42_00202.jpg;85;1
42/42_00203.jpg;85;1
42/42_00204.jpg;85;1
42/42_00205.jpg;85;1
42/42_00206.jpg;85;1
42/42_00207.jpg;85;1
42/42_00208.jpg;85;1
42/42_00209.jpg;85;1
42/42_00210.jpg;85;1
42/42_00211.jpg;85;1
42/42_00212.jpg;85;1
42/42_00213.jpg;85;1
42/42_00214.jpg;85;1
42/42_00215.jpg;85;1
42/42_00216.jpg;85;1
42/42_00217.jpg;85;1
42/42_00218.jpg;85;1
42/42_00219.jpg;85;1
42/42_00220.jpg;85;1
42/42_00221.jpg;85;1
42/42_00222.jpg;85;1
42/42_00223.jpg;85;1
42/42_00224.jpg;85;1
42/42_00225.jpg;85;1
42/42_00226.jpg;85;1
42/42_00227.jpg;85;1
42/42_00228.jpg;85;1
42/42_00229.jpg;85;1
42/42_00230.jpg;85;1
42/42_00231.jpg;85;1
42/42_00232.jpg;85;1
42/42_00233.jpg;85;1
42/42_00234.jpg;85;1
42/42_00235.jpg;85;1
42/42_00236.jpg;85;1
42/42_00237.jpg;85;1
42/42_00238.jpg;85;1
42/42_00239.jpg;85;1
42/42_00240.jpg;85;1
42/42_00241.jpg;85;1
42/42_00242.jpg;85;1
42/42_00243.jpg;85;1
42/42_00244.jpg;85;1
42/42_00245.jpg;85;1
42/42_00246.jpg;85;1
42/42_00247.jpg;85;1
42/42_00248.jpg;85;1
42/42_00249.jpg;85;1
42/42_00250.jpg;85;1
42/42_00251.jpg;85;1
42/42_00252.jpg;85;1
42/42_00253.jpg;85;1
42/42_00254.jpg;85;1
42/42_00255.jpg;85;1
42/42_00256.jpg;85;1
42/42_00257.jpg;85;1
42/42_00258.jpg;85;1
42/42_00259.jpg;85;1
