Filename;ClassId;meta_class
0/00_00001.jpg;0;3
0/00_00002.jpg;0;3
0/00_00003.jpg;0;3
0/00_00004.jpg;0;3
0/00_00005.jpg;0;3
0/00_00006.jpg;0;3
0/00_00007.jpg;0;3
0/00_00008.jpg;0;3
0/00_00009.jpg;0;3
0/00_00010.jpg;0;3
0/00_00011.jpg;0;3
0/00_00012.jpg;0;3
0/00_00013.jpg;0;3
0/00_00014.jpg;0;3
0/00_00015.jpg;0;3
0/00_00016.jpg;0;3
0/00_00017.jpg;0;3
0/00_00018.jpg;0;3
0/00_00019.jpg;0;3
0/00_00020.jpg;0;3
0/00_00021.jpg;0;3
0/00_00022.jpg;0;3
0/00_00023.jpg;0;3
0/00_00024.jpg;0;3
0/00_00025.jpg;0;3
0/00_00026.jpg;0;3
0/00_00027.jpg;0;3
0/00_00028.jpg;0;3
0/00_00029.jpg;0;3
0/00_00030.jpg;0;3
0/00_00031.jpg;0;3
0/00_00032.jpg;0;3
0/00_00033.jpg;0;3
0/00_00034.jpg;0;3
0/00_00035.jpg;0;3
0/00_00036.jpg;0;3
0/00_00037.jpg;0;3
0/00_00038.jpg;0;3
0/00_00039.jpg;0;3
0/00_00040.jpg;0;3
0/00_00041.jpg;0;3
0/00_00042.jpg;0;3
0/00_00043.jpg;0;3
0/00_00044.jpg;0;3
0/00_00045.jpg;0;3
0/00_00046.jpg;0;3
0/00_00047.jpg;0;3
0/00_00048.jpg;0;3
0/00_00049.jpg;0;3
0/00_00050.jpg;0;3
0/00_00051.jpg;0;3
0/00_00052.jpg;0;3
0/00_00053.jpg;0;3
0/00_00054.jpg;0;3
0/00_00055.jpg;0;3
0/00_00056.jpg;0;3
0/00_00057.jpg;0;3
0/00_00058.jpg;0;3
0/00_00059.jpg;0;3
0/00_00060.jpg;0;3
0/00_00061.jpg;0;3
0/00_00062.jpg;0;3
0/00_00063.jpg;0;3
0/00_00064.jpg;0;3
0/00_00065.jpg;0;3
0/00_00066.jpg;0;3
0/00_00067.jpg;0;3
0/00_00068.jpg;0;3
0/00_00069.jpg;0;3
0/00_00070.jpg;0;3
0/00_00071.jpg;0;3
0/00_00072.jpg;0;3
0/00_00073.jpg;0;3
0/00_00074.jpg;0;3
0/00_00075.jpg;0;3
0/00_00076.jpg;0;3
0/00_00077.jpg;0;3
0/00_00078.jpg;0;3
0/00_00079.jpg;0;3
0/00_00080.jpg;0;3
0/00_00081.jpg;0;3
0/00_00082.jpg;0;3
0/00_00083.jpg;0;3
0/00_00084.jpg;0;3
0/00_00085.jpg;0;3
0/00_00086.jpg;0;3
0/00_00087.jpg;0;3
0/00_00088.jpg;0;3
0/00_00089.jpg;0;3
0/00_00090.jpg;0;3
0/00_00091.jpg;0;3
0/00_00092.jpg;0;3
0/00_00093.jpg;0;3
0/00_00094.jpg;0;3
0/00_00095.jpg;0;3
0/00_00096.jpg;0;3
0/00_00097.jpg;0;3
0/00_00098.jpg;0;3
0/00_00099.jpg;0;3
0/00_00100.jpg;0;3
0/00_00101.jpg;0;3
0/00_00102.jpg;0;3
0/00_00103.jpg;0;3
0/00_00104.jpg;0;3
0/00_00105.jpg;0;3
0/00_00106.jpg;0;3
0/00_00107.jpg;0;3
0/00_00108.jpg;0;3
0/00_00109.jpg;0;3
0/00_00110.jpg;0;3
0/00_00111.jpg;0;3
0/00_00112.jpg;0;3
0/00_00113.jpg;0;3
0/00_00114.jpg;0;3
0/00_00115.jpg;0;3
0/00_00116.jpg;0;3
0/00_00117.jpg;0;3
0/00_00118.jpg;0;3
0/00_00119.jpg;0;3
0/00_00120.jpg;0;3
0/00_00121.jpg;0;3
0/00_00122.jpg;0;3
0/00_00123.jpg;0;3
0/00_00124.jpg;0;3
0/00_00125.jpg;0;3
0/00_00126.jpg;0;3
0/00_00127.jpg;0;3
0/00_00128.jpg;0;3
0/00_00129.jpg;0;3
0/00_00130.jpg;0;3
0/00_00131.jpg;0;3
0/00_00132.jpg;0;3
0/00_00133.jpg;0;3
0/00_00134.jpg;0;3
0/00_00135.jpg;0;3
0/00_00136.jpg;0;3
0/00_00137.jpg;0;3
0/00_00138.jpg;0;3
0/00_00139.jpg;0;3
0/00_00140.jpg;0;3
0/00_00141.jpg;0;3
0/00_00142.jpg;0;3
0/00_00143.jpg;0;3
0/00_00144.jpg;0;3
0/00_00145.jpg;0;3
0/00_00146.jpg;0;3
0/00_00147.jpg;0;3
0/00_00148.jpg;0;3
0/00_00149.jpg;0;3
0/00_00150.jpg;0;3
0/00_00151.jpg;0;3
0/00_00152.jpg;0;3
0/00_00153.jpg;0;3
0/00_00154.jpg;0;3
0/00_00155.jpg;0;3
0/00_00156.jpg;0;3
0/00_00157.jpg;0;3
0/00_00158.jpg;0;3
0/00_00159.jpg;0;3
0/00_00160.jpg;0;3
0/00_00161.jpg;0;3
0/00_00162.jpg;0;3
0/00_00163.jpg;0;3
0/00_00164.jpg;0;3
0/00_00165.jpg;0;3
0/00_00166.jpg;0;3
0/00_00167.jpg;0;3
0/00_00168.jpg;0;3
0/00_00169.jpg;0;3
0/00_00170.jpg;0;3
0/00_00171.jpg;0;3
0/00_00172.jpg;0;3
0/00_00173.jpg;0;3
0/00_00174.jpg;0;3
0/00_00175.jpg;0;3
0/00_00176.jpg;0;3
0/00_00177.jpg;0;3
0/00_00178.jpg;0;3
0/00_00179.jpg;0;3
0/00_00180.jpg;0;3
0/00_00181.jpg;0;3
0/00_00182.jpg;0;3
0/00_00183.jpg;0;3
0/00_00184.jpg;0;3
0/00_00185.jpg;0;3
0/00_00186.jpg;0;3
0/00_00187.jpg;0;3
0/00_00188.jpg;0;3
0/00_00189.jpg;0;3
0/00_00190.jpg;0;3
0/00_00191.jpg;0;3
0/00_00192.jpg;0;3
0/00_00193.jpg;0;3
0/00_00194.jpg;0;3
0/00_00195.jpg;0;3
0/00_00196.jpg;0;3
0/00_00197.jpg;0;3
0/00_00198.jpg;0;3
0/00_00199.jpg;0;3
0/00_00200.jpg;0;3
0/00_00201.jpg;0;3
0/00_00202.jpg;0;3
0/00_00203.jpg;0;3
0/00_00204.jpg;0;3
0/00_00205.jpg;0;3
0/00_00206.jpg;0;3
0/00_00207.jpg;0;3
0/00_00208.jpg;0;3
0/00_00209.jpg;0;3
0/00_00210.jpg;0;3
0/00_00211.jpg;0;3
0/00_00212.jpg;0;3
0/00_00213.jpg;0;3
0/00_00214.jpg;0;3
0/00_00215.jpg;0;3
0/00_00216.jpg;0;3
0/00_00217.jpg;0;3
0/00_00218.jpg;0;3
0/00_00219.jpg;0;3
0/00_00220.jpg;0;3
0/00_00221.jpg;0;3
0/00_00222.jpg;0;3
0/00_00223.jpg;0;3
0/00_00224.jpg;0;3
0/00_00225.jpg;0;3
0/00_00226.jpg;0;3
0/00_00227.jpg;0;3
0/00_00228.jpg;0;3
0/00_00229.jpg;0;3
0/00_00230.jpg;0;3
0/00_00231.jpg;0;3
0/00_00232.jpg;0;3
0/00_00233.jpg;0;3
0/00_00234.jpg;0;3
0/00_00235.jpg;0;3
0/00_00236.jpg;0;3
0/00_00237.jpg;0;3
0/00_00238.jpg;0;3
0/00_00239.jpg;0;3
0/00_00240.jpg;0;3
0/00_00241.jpg;0;3
0/00_00242.jpg;0;3
0/00_00243.jpg;0;3
0/00_00244.jpg;0;3
0/00_00245.jpg;0;3
0/00_00246.jpg;0;3
0/00_00247.jpg;0;3
0/00_00248.jpg;0;3
0/00_00249.jpg;0;3
0/00_00250.jpg;0;3
0/00_00251.jpg;0;3
0/00_00252.jpg;0;3
0/00_00253.jpg;0;3
0/00_00254.jpg;0;3
0/00_00255.jpg;0;3
0/00_00256.jpg;0;3
0/00_00257.jpg;0;3
0/00_00258.jpg;0;3
0/00_00259.jpg;0;3
0/00_00260.jpg;0;3
0/00_00261.jpg;0;3
0/00_00262.jpg;0;3
0/00_00263.jpg;0;3
0/00_00264.jpg;0;3
0/00_00265.jpg;0;3
0/00_00266.jpg;0;3
0/00_00267.jpg;0;3
0/00_00268.jpg;0;3
0/00_00269.jpg;0;3
0/00_00270.jpg;0;3
0/00_00271.jpg;0;3
0/00_00272.jpg;0;3
0/00_00273.jpg;0;3
0/00_00274.jpg;0;3
0/00_00275.jpg;0;3
0/00_00276.jpg;0;3
0/00_00277.jpg;0;3
0/00_00278.jpg;0;3
0/00_00279.jpg;0;3
0/00_00280.jpg;0;3
0/00_00281.jpg;0;3
0/00_00282.jpg;0;3
0/00_00283.jpg;0;3
0/00_00284.jpg;0;3
0/00_00285.jpg;0;3
0/00_00286.jpg;0;3
0/00_00287.jpg;0;3
0/00_00288.jpg;0;3
0/00_00289.jpg;0;3
0/00_00290.jpg;0;3
0/00_00291.jpg;0;3
0/00_00292.jpg;0;3
0/00_00293.jpg;0;3
0/00_00294.jpg;0;3
0/00_00295.jpg;0;3
0/00_00296.jpg;0;3
0/00_00297.jpg;0;3
0/00_00298.jpg;0;3
0/00_00299.jpg;0;3
0/00_00300.jpg;0;3
0/00_00301.jpg;0;3
0/00_00302.jpg;0;3
0/00_00303.jpg;0;3
0/00_00304.jpg;0;3
0/00_00305.jpg;0;3
0/00_00306.jpg;0;3
0/00_00307.jpg;0;3
0/00_00308.jpg;0;3
0/00_00309.jpg;0;3
0/00_00310.jpg;0;3
0/00_00311.jpg;0;3
0/00_00312.jpg;0;3
0/00_00313.jpg;0;3
0/00_00314.jpg;0;3
0/00_00315.jpg;0;3
0/00_00316.jpg;0;3
0/00_00317.jpg;0;3
0/00_00318.jpg;0;3
0/00_00319.jpg;0;3
0/00_00320.jpg;0;3
0/00_00321.jpg;0;3
0/00_00322.jpg;0;3
0/00_00323.jpg;0;3
0/00_00324.jpg;0;3
0/00_00325.jpg;0;3
0/00_00326.jpg;0;3
0/00_00327.jpg;0;3
0/00_00328.jpg;0;3
0/00_00329.jpg;0;3
0/00_00330.jpg;0;3
0/00_00331.jpg;0;3
0/00_00332.jpg;0;3
0/00_00333.jpg;0;3
0/00_00334.jpg;0;3
0/00_00335.jpg;0;3
0/00_00336.jpg;0;3
0/00_00337.jpg;0;3
0/00_00338.jpg;0;3
0/00_00339.jpg;0;3
0/00_00340.jpg;0;3
0/00_00341.jpg;0;3
0/00_00342.jpg;0;3
0/00_00343.jpg;0;3
0/00_00344.jpg;0;3
0/00_00345.jpg;0;3
0/00_00346.jpg;0;3
0/00_00347.jpg;0;3
0/00_00348.jpg;0;3
0/00_00349.jpg;0;3
0/00_00350.jpg;0;3
0/00_00351.jpg;0;3
0/00_00352.jpg;0;3
0/00_00353.jpg;0;3
0/00_00354.jpg;0;3
0/00_00355.jpg;0;3
0/00_00356.jpg;0;3
0/00_00357.jpg;0;3
0/00_00358.jpg;0;3
0/00_00359.jpg;0;3
0/00_00360.jpg;0;3
0/00_00361.jpg;0;3
0/00_00362.jpg;0;3
0/00_00363.jpg;0;3
0/00_00364.jpg;0;3
0/00_00365.jpg;0;3
0/00_00366.jpg;0;3
0/00_00367.jpg;0;3
0/00_00368.jpg;0;3
0/00_00369.jpg;0;3
0/00_00370.jpg;0;3
0/00_00371.jpg;0;3
0/00_00372.jpg;0;3
0/00_00373.jpg;0;3
0/00_00374.jpg;0;3
0/00_00375.jpg;0;3
0/00_00376.jpg;0;3
0/00_00377.jpg;0;3
0/00_00378.jpg;0;3
0/00_00379.jpg;0;3
0/00_00380.jpg;0;3
0/00_00381.jpg;0;3
0/00_00382.jpg;0;3
0/00_00383.jpg;0;3
0/00_00384.jpg;0;3
0/00_00385.jpg;0;3
0/00_00386.jpg;0;3
0/00_00387.jpg;0;3
0/00_00388.jpg;0;3
0/00_00389.jpg;0;3
0/00_00390.jpg;0;3
0/00_00391.jpg;0;3
0/00_00392.jpg;0;3
0/00_00393.jpg;0;3
0/00_00394.jpg;0;3
0/00_00395.jpg;0;3
0/00_00396.jpg;0;3
0/00_00397.jpg;0;3
0/00_00398.jpg;0;3
0/00_00399.jpg;0;3
0/00_00400.jpg;0;3
0/00_00401.jpg;0;3
0/00_00402.jpg;0;3
0/00_00403.jpg;0;3
0/00_00404.jpg;0;3
0/00_00405.jpg;0;3
0/00_00406.jpg;0;3
0/00_00407.jpg;0;3
0/00_00408.jpg;0;3
0/00_00409.jpg;0;3
0/00_00410.jpg;0;3
0/00_00411.jpg;0;3
0/00_00412.jpg;0;3
0/00_00413.jpg;0;3
0/00_00414.jpg;0;3
0/00_00415.jpg;0;3
0/00_00416.jpg;0;3
0/00_00417.jpg;0;3
0/00_00418.jpg;0;3
0/00_00419.jpg;0;3
0/00_00420.jpg;0;3
0/00_00421.jpg;0;3
0/00_00422.jpg;0;3
0/00_00423.jpg;0;3
0/00_00424.jpg;0;3
0/00_00425.jpg;0;3
0/00_00426.jpg;0;3
0/00_00427.jpg;0;3
0/00_00428.jpg;0;3
0/00_00429.jpg;0;3
0/00_00430.jpg;0;3
0/00_00431.jpg;0;3
0/00_00432.jpg;0;3
0/00_00433.jpg;0;3
0/00_00434.jpg;0;3
0/00_00435.jpg;0;3
0/00_00436.jpg;0;3
0/00_00437.jpg;0;3
0/00_00438.jpg;0;3
0/00_00439.jpg;0;3
0/00_00440.jpg;0;3
0/00_00441.jpg;0;3
0/00_00442.jpg;0;3
0/00_00443.jpg;0;3
0/00_00444.jpg;0;3
0/00_00445.jpg;0;3
0/00_00446.jpg;0;3
0/00_00447.jpg;0;3
0/00_00448.jpg;0;3
0/00_00449.jpg;0;3
0/00_00450.jpg;0;3
0/00_00451.jpg;0;3
0/00_00452.jpg;0;3
0/00_00453.jpg;0;3
0/00_00454.jpg;0;3
0/00_00455.jpg;0;3
0/00_00456.jpg;0;3
0/00_00457.jpg;0;3
0/00_00458.jpg;0;3
0/00_00459.jpg;0;3
0/00_00460.jpg;0;3
0/00_00461.jpg;0;3
0/00_00462.jpg;0;3
0/00_00463.jpg;0;3
0/00_00464.jpg;0;3
0/00_00465.jpg;0;3
0/00_00466.jpg;0;3
0/00_00467.jpg;0;3
0/00_00468.jpg;0;3
0/00_00469.jpg;0;3
0/00_00470.jpg;0;3
0/00_00471.jpg;0;3
0/00_00472.jpg;0;3
0/00_00473.jpg;0;3
0/00_00474.jpg;0;3
0/00_00475.jpg;0;3
0/00_00476.jpg;0;3
0/00_00477.jpg;0;3
0/00_00478.jpg;0;3
0/00_00479.jpg;0;3
0/00_00480.jpg;0;3
0/00_00481.jpg;0;3
0/00_00482.jpg;0;3
0/00_00483.jpg;0;3
0/00_00484.jpg;0;3
0/00_00485.jpg;0;3
0/00_00486.jpg;0;3
0/00_00487.jpg;0;3
0/00_00488.jpg;0;3
0/00_00489.jpg;0;3
0/00_00490.jpg;0;3
0/00_00491.jpg;0;3
0/00_00492.jpg;0;3
0/00_00493.jpg;0;3
0/00_00494.jpg;0;3
0/00_00495.jpg;0;3
0/00_00496.jpg;0;3
0/00_00497.jpg;0;3
0/00_00498.jpg;0;3
0/00_00499.jpg;0;3
0/00_00500.jpg;0;3
0/00_00501.jpg;0;3
0/00_00502.jpg;0;3
0/00_00503.jpg;0;3
0/00_00504.jpg;0;3
0/00_00505.jpg;0;3
0/00_00506.jpg;0;3
0/00_00507.jpg;0;3
0/00_00508.jpg;0;3
0/00_00509.jpg;0;3
0/00_00510.jpg;0;3
0/00_00511.jpg;0;3
0/00_00512.jpg;0;3
0/00_00513.jpg;0;3
0/00_00514.jpg;0;3
0/00_00515.jpg;0;3
0/00_00516.jpg;0;3
0/00_00517.jpg;0;3
0/00_00518.jpg;0;3
0/00_00519.jpg;0;3
0/00_00520.jpg;0;3
0/00_00521.jpg;0;3
0/00_00522.jpg;0;3
0/00_00523.jpg;0;3
0/00_00524.jpg;0;3
0/00_00525.jpg;0;3
0/00_00526.jpg;0;3
0/00_00527.jpg;0;3
0/00_00528.jpg;0;3
0/00_00529.jpg;0;3
0/00_00530.jpg;0;3
0/00_00531.jpg;0;3
0/00_00532.jpg;0;3
0/00_00533.jpg;0;3
0/00_00534.jpg;0;3
0/00_00535.jpg;0;3
0/00_00536.jpg;0;3
0/00_00537.jpg;0;3
0/00_00538.jpg;0;3
0/00_00539.jpg;0;3
0/00_00540.jpg;0;3
0/00_00541.jpg;0;3
0/00_00542.jpg;0;3
0/00_00543.jpg;0;3
0/00_00544.jpg;0;3
0/00_00545.jpg;0;3
0/00_00546.jpg;0;3
0/00_00547.jpg;0;3
0/00_00548.jpg;0;3
0/00_00549.jpg;0;3
0/00_00550.jpg;0;3
0/00_00551.jpg;0;3
0/00_00552.jpg;0;3
0/00_00553.jpg;0;3
0/00_00554.jpg;0;3
0/00_00555.jpg;0;3
0/00_00556.jpg;0;3
0/00_00557.jpg;0;3
0/00_00558.jpg;0;3
0/00_00559.jpg;0;3
0/00_00560.jpg;0;3
0/00_00561.jpg;0;3
0/00_00562.jpg;0;3
0/00_00563.jpg;0;3
0/00_00564.jpg;0;3
0/00_00565.jpg;0;3
0/00_00566.jpg;0;3
0/00_00567.jpg;0;3
0/00_00568.jpg;0;3
0/00_00569.jpg;0;3
0/00_00570.jpg;0;3
0/00_00571.jpg;0;3
0/00_00572.jpg;0;3
0/00_00573.jpg;0;3
1/01_00001.jpg;1;3
1/01_00002.jpg;1;3
1/01_00003.jpg;1;3
1/01_00004.jpg;1;3
1/01_00005.jpg;1;3
1/01_00006.jpg;1;3
1/01_00007.jpg;1;3
1/01_00008.jpg;1;3
1/01_00009.jpg;1;3
1/01_00010.jpg;1;3
1/01_00011.jpg;1;3
1/01_00012.jpg;1;3
1/01_00013.jpg;1;3
1/01_00014.jpg;1;3
1/01_00015.jpg;1;3
1/01_00016.jpg;1;3
1/01_00017.jpg;1;3
1/01_00018.jpg;1;3
1/01_00019.jpg;1;3
1/01_00020.jpg;1;3
1/01_00021.jpg;1;3
1/01_00022.jpg;1;3
1/01_00023.jpg;1;3
1/01_00024.jpg;1;3
1/01_00025.jpg;1;3
1/01_00026.jpg;1;3
1/01_00027.jpg;1;3
1/01_00028.jpg;1;3
1/01_00029.jpg;1;3
1/01_00030.jpg;1;3
1/01_00031.jpg;1;3
1/01_00032.jpg;1;3
1/01_00033.jpg;1;3
1/01_00034.jpg;1;3
1/01_00035.jpg;1;3
1/01_00036.jpg;1;3
1/01_00037.jpg;1;3
1/01_00038.jpg;1;3
1/01_00039.jpg;1;3
1/01_00040.jpg;1;3
1/01_00041.jpg;1;3
1/01_00042.jpg;1;3
1/01_00043.jpg;1;3
1/01_00044.jpg;1;3
1/01_00045.jpg;1;3
1/01_00046.jpg;1;3
1/01_00047.jpg;1;3
1/01_00048.jpg;1;3
1/01_00049.jpg;1;3
1/01_00050.jpg;1;3
1/01_00051.jpg;1;3
1/01_00052.jpg;1;3
1/01_00053.jpg;1;3
1/01_00054.jpg;1;3
1/01_00055.jpg;1;3
1/01_00056.jpg;1;3
1/01_00057.jpg;1;3
1/01_00058.jpg;1;3
1/01_00059.jpg;1;3
1/01_00060.jpg;1;3
1/01_00061.jpg;1;3
1/01_00062.jpg;1;3
1/01_00063.jpg;1;3
1/01_00064.jpg;1;3
1/01_00065.jpg;1;3
1/01_00066.jpg;1;3
1/01_00067.jpg;1;3
1/01_00068.jpg;1;3
1/01_00069.jpg;1;3
1/01_00070.jpg;1;3
1/01_00071.jpg;1;3
1/01_00072.jpg;1;3
1/01_00073.jpg;1;3
1/01_00074.jpg;1;3
1/01_00075.jpg;1;3
1/01_00076.jpg;1;3
1/01_00077.jpg;1;3
1/01_00078.jpg;1;3
1/01_00079.jpg;1;3
1/01_00080.jpg;1;3
1/01_00081.jpg;1;3
1/01_00082.jpg;1;3
1/01_00083.jpg;1;3
1/01_00084.jpg;1;3
1/01_00085.jpg;1;3
1/01_00086.jpg;1;3
1/01_00087.jpg;1;3
1/01_00088.jpg;1;3
1/01_00089.jpg;1;3
1/01_00090.jpg;1;3
1/01_00091.jpg;1;3
1/01_00092.jpg;1;3
1/01_00093.jpg;1;3
1/01_00094.jpg;1;3
1/01_00095.jpg;1;3
1/01_00096.jpg;1;3
1/01_00097.jpg;1;3
1/01_00098.jpg;1;3
1/01_00099.jpg;1;3
1/01_00100.jpg;1;3
1/01_00101.jpg;1;3
1/01_00102.jpg;1;3
1/01_00103.jpg;1;3
1/01_00104.jpg;1;3
1/01_00105.jpg;1;3
1/01_00106.jpg;1;3
1/01_00107.jpg;1;3
1/01_00108.jpg;1;3
1/01_00109.jpg;1;3
1/01_00110.jpg;1;3
1/01_00111.jpg;1;3
1/01_00112.jpg;1;3
1/01_00113.jpg;1;3
1/01_00114.jpg;1;3
1/01_00115.jpg;1;3
1/01_00116.jpg;1;3
1/01_00117.jpg;1;3
1/01_00118.jpg;1;3
1/01_00119.jpg;1;3
1/01_00120.jpg;1;3
1/01_00121.jpg;1;3
1/01_00122.jpg;1;3
1/01_00123.jpg;1;3
1/01_00124.jpg;1;3
1/01_00125.jpg;1;3
1/01_00126.jpg;1;3
1/01_00127.jpg;1;3
1/01_00128.jpg;1;3
1/01_00129.jpg;1;3
1/01_00130.jpg;1;3
1/01_00131.jpg;1;3
1/01_00132.jpg;1;3
1/01_00133.jpg;1;3
1/01_00134.jpg;1;3
1/01_00135.jpg;1;3
1/01_00136.jpg;1;3
1/01_00137.jpg;1;3
1/01_00138.jpg;1;3
1/01_00139.jpg;1;3
1/01_00140.jpg;1;3
1/01_00141.jpg;1;3
1/01_00142.jpg;1;3
1/01_00143.jpg;1;3
1/01_00144.jpg;1;3
1/01_00145.jpg;1;3
1/01_00146.jpg;1;3
1/01_00147.jpg;1;3
1/01_00148.jpg;1;3
1/01_00149.jpg;1;3
1/01_00150.jpg;1;3
1/01_00151.jpg;1;3
1/01_00152.jpg;1;3
1/01_00153.jpg;1;3
1/01_00154.jpg;1;3
1/01_00155.jpg;1;3
1/01_00156.jpg;1;3
1/01_00157.jpg;1;3
1/01_00158.jpg;1;3
1/01_00159.jpg;1;3
1/01_00160.jpg;1;3
1/01_00161.jpg;1;3
1/01_00162.jpg;1;3
1/01_00163.jpg;1;3
1/01_00164.jpg;1;3
1/01_00165.jpg;1;3
1/01_00166.jpg;1;3
1/01_00167.jpg;1;3
1/01_00168.jpg;1;3
1/01_00169.jpg;1;3
1/01_00170.jpg;1;3
1/01_00171.jpg;1;3
1/01_00172.jpg;1;3
1/01_00173.jpg;1;3
1/01_00174.jpg;1;3
1/01_00175.jpg;1;3
1/01_00176.jpg;1;3
1/01_00177.jpg;1;3
1/01_00178.jpg;1;3
1/01_00179.jpg;1;3
1/01_00180.jpg;1;3
1/01_00181.jpg;1;3
1/01_00182.jpg;1;3
1/01_00183.jpg;1;3
1/01_00184.jpg;1;3
1/01_00185.jpg;1;3
1/01_00186.jpg;1;3
1/01_00187.jpg;1;3
1/01_00188.jpg;1;3
1/01_00189.jpg;1;3
1/01_00190.jpg;1;3
1/01_00191.jpg;1;3
1/01_00192.jpg;1;3
1/01_00193.jpg;1;3
1/01_00194.jpg;1;3
1/01_00195.jpg;1;3
1/01_00196.jpg;1;3
1/01_00197.jpg;1;3
1/01_00198.jpg;1;3
1/01_00199.jpg;1;3
1/01_00200.jpg;1;3
1/01_00201.jpg;1;3
1/01_00202.jpg;1;3
1/01_00203.jpg;1;3
1/01_00204.jpg;1;3
1/01_00205.jpg;1;3
1/01_00206.jpg;1;3
1/01_00207.jpg;1;3
1/01_00208.jpg;1;3
1/01_00209.jpg;1;3
1/01_00210.jpg;1;3
1/01_00211.jpg;1;3
1/01_00212.jpg;1;3
1/01_00213.jpg;1;3
1/01_00214.jpg;1;3
1/01_00215.jpg;1;3
1/01_00216.jpg;1;3
1/01_00217.jpg;1;3
1/01_00218.jpg;1;3
1/01_00219.jpg;1;3
1/01_00220.jpg;1;3
1/01_00221.jpg;1;3
1/01_00222.jpg;1;3
1/01_00223.jpg;1;3
1/01_00224.jpg;1;3
1/01_00225.jpg;1;3
1/01_00226.jpg;1;3
1/01_00227.jpg;1;3
1/01_00228.jpg;1;3
1/01_00229.jpg;1;3
1/01_00230.jpg;1;3
1/01_00231.jpg;1;3
1/01_00232.jpg;1;3
1/01_00233.jpg;1;3
1/01_00234.jpg;1;3
1/01_00235.jpg;1;3
1/01_00236.jpg;1;3
1/01_00237.jpg;1;3
1/01_00238.jpg;1;3
1/01_00239.jpg;1;3
1/01_00240.jpg;1;3
1/01_00241.jpg;1;3
1/01_00242.jpg;1;3
1/01_00243.jpg;1;3
1/01_00244.jpg;1;3
1/01_00245.jpg;1;3
1/01_00246.jpg;1;3
1/01_00247.jpg;1;3
1/01_00248.jpg;1;3
1/01_00249.jpg;1;3
1/01_00250.jpg;1;3
1/01_00251.jpg;1;3
1/01_00252.jpg;1;3
1/01_00253.jpg;1;3
1/01_00254.jpg;1;3
1/01_00255.jpg;1;3
1/01_00256.jpg;1;3
1/01_00257.jpg;1;3
1/01_00258.jpg;1;3
1/01_00259.jpg;1;3
1/01_00260.jpg;1;3
1/01_00261.jpg;1;3
1/01_00262.jpg;1;3
1/01_00263.jpg;1;3
1/01_00264.jpg;1;3
1/01_00265.jpg;1;3
1/01_00266.jpg;1;3
1/01_00267.jpg;1;3
1/01_00268.jpg;1;3
1/01_00269.jpg;1;3
1/01_00270.jpg;1;3
1/01_00271.jpg;1;3
1/01_00272.jpg;1;3
1/01_00273.jpg;1;3
1/01_00274.jpg;1;3
1/01_00275.jpg;1;3
1/01_00276.jpg;1;3
1/01_00277.jpg;1;3
1/01_00278.jpg;1;3
1/01_00279.jpg;1;3
1/01_00280.jpg;1;3
1/01_00281.jpg;1;3
1/01_00282.jpg;1;3
1/01_00283.jpg;1;3
1/01_00284.jpg;1;3
1/01_00285.jpg;1;3
1/01_00286.jpg;1;3
1/01_00287.jpg;1;3
1/01_00288.jpg;1;3
1/01_00289.jpg;1;3
1/01_00290.jpg;1;3
1/01_00291.jpg;1;3
1/01_00292.jpg;1;3
1/01_00293.jpg;1;3
1/01_00294.jpg;1;3
1/01_00295.jpg;1;3
1/01_00296.jpg;1;3
1/01_00297.jpg;1;3
1/01_00298.jpg;1;3
1/01_00299.jpg;1;3
1/01_00300.jpg;1;3
1/01_00301.jpg;1;3
1/01_00302.jpg;1;3
1/01_00303.jpg;1;3
1/01_00304.jpg;1;3
1/01_00305.jpg;1;3
1/01_00306.jpg;1;3
1/01_00307.jpg;1;3
1/01_00308.jpg;1;3
1/01_00309.jpg;1;3
1/01_00310.jpg;1;3
1/01_00311.jpg;1;3
1/01_00312.jpg;1;3
1/01_00313.jpg;1;3
1/01_00314.jpg;1;3
1/01_00315.jpg;1;3
1/01_00316.jpg;1;3
1/01_00317.jpg;1;3
1/01_00318.jpg;1;3
1/01_00319.jpg;1;3
1/01_00320.jpg;1;3
1/01_00321.jpg;1;3
1/01_00322.jpg;1;3
1/01_00323.jpg;1;3
1/01_00324.jpg;1;3
1/01_00325.jpg;1;3
1/01_00326.jpg;1;3
1/01_00327.jpg;1;3
1/01_00328.jpg;1;3
1/01_00329.jpg;1;3
1/01_00330.jpg;1;3
1/01_00331.jpg;1;3
1/01_00332.jpg;1;3
1/01_00333.jpg;1;3
1/01_00334.jpg;1;3
1/01_00335.jpg;1;3
1/01_00336.jpg;1;3
1/01_00337.jpg;1;3
1/01_00338.jpg;1;3
1/01_00339.jpg;1;3
1/01_00340.jpg;1;3
1/01_00341.jpg;1;3
1/01_00342.jpg;1;3
1/01_00343.jpg;1;3
1/01_00344.jpg;1;3
1/01_00345.jpg;1;3
1/01_00346.jpg;1;3
1/01_00347.jpg;1;3
1/01_00348.jpg;1;3
1/01_00349.jpg;1;3
1/01_00350.jpg;1;3
1/01_00351.jpg;1;3
1/01_00352.jpg;1;3
1/01_00353.jpg;1;3
1/01_00354.jpg;1;3
1/01_00355.jpg;1;3
1/01_00356.jpg;1;3
1/01_00357.jpg;1;3
1/01_00358.jpg;1;3
1/01_00359.jpg;1;3
1/01_00360.jpg;1;3
1/01_00361.jpg;1;3
1/01_00362.jpg;1;3
1/01_00363.jpg;1;3
1/01_00364.jpg;1;3
1/01_00365.jpg;1;3
1/01_00366.jpg;1;3
1/01_00367.jpg;1;3
1/01_00368.jpg;1;3
1/01_00369.jpg;1;3
2/02_00001.jpg;2;3
2/02_00002.jpg;2;3
2/02_00003.jpg;2;3
2/02_00004.jpg;2;3
2/02_00005.jpg;2;3
2/02_00006.jpg;2;3
2/02_00007.jpg;2;3
2/02_00008.jpg;2;3
2/02_00009.jpg;2;3
2/02_00010.jpg;2;3
2/02_00011.jpg;2;3
2/02_00012.jpg;2;3
2/02_00013.jpg;2;3
2/02_00014.jpg;2;3
2/02_00015.jpg;2;3
2/02_00016.jpg;2;3
2/02_00017.jpg;2;3
2/02_00018.jpg;2;3
2/02_00019.jpg;2;3
2/02_00020.jpg;2;3
2/02_00021.jpg;2;3
2/02_00022.jpg;2;3
2/02_00023.jpg;2;3
2/02_00024.jpg;2;3
2/02_00025.jpg;2;3
2/02_00026.jpg;2;3
2/02_00027.jpg;2;3
2/02_00028.jpg;2;3
2/02_00029.jpg;2;3
2/02_00030.jpg;2;3
2/02_00031.jpg;2;3
2/02_00032.jpg;2;3
2/02_00033.jpg;2;3
2/02_00034.jpg;2;3
2/02_00035.jpg;2;3
2/02_00036.jpg;2;3
2/02_00037.jpg;2;3
2/02_00038.jpg;2;3
2/02_00039.jpg;2;3
2/02_00040.jpg;2;3
2/02_00041.jpg;2;3
2/02_00042.jpg;2;3
2/02_00043.jpg;2;3
2/02_00044.jpg;2;3
2/02_00045.jpg;2;3
2/02_00046.jpg;2;3
2/02_00047.jpg;2;3
2/02_00048.jpg;2;3
2/02_00049.jpg;2;3
2/02_00050.jpg;2;3
2/02_00051.jpg;2;3
2/02_00052.jpg;2;3
2/02_00053.jpg;2;3
2/02_00054.jpg;2;3
2/02_00055.jpg;2;3
2/02_00056.jpg;2;3
2/02_00057.jpg;2;3
2/02_00058.jpg;2;3
2/02_00059.jpg;2;3
2/02_00060.jpg;2;3
2/02_00061.jpg;2;3
2/02_00062.jpg;2;3
2/02_00063.jpg;2;3
2/02_00064.jpg;2;3
2/02_00065.jpg;2;3
2/02_00066.jpg;2;3
2/02_00067.jpg;2;3
2/02_00068.jpg;2;3
2/02_00069.jpg;2;3
2/02_00070.jpg;2;3
2/02_00071.jpg;2;3
2/02_00072.jpg;2;3
2/02_00073.jpg;2;3
2/02_00074.jpg;2;3
2/02_00075.jpg;2;3
2/02_00076.jpg;2;3
2/02_00077.jpg;2;3
2/02_00078.jpg;2;3
2/02_00079.jpg;2;3
2/02_00080.jpg;2;3
2/02_00081.jpg;2;3
2/02_00082.jpg;2;3
2/02_00083.jpg;2;3
2/02_00084.jpg;2;3
2/02_00085.jpg;2;3
2/02_00086.jpg;2;3
2/02_00087.jpg;2;3
2/02_00088.jpg;2;3
2/02_00089.jpg;2;3
2/02_00090.jpg;2;3
2/02_00091.jpg;2;3
2/02_00092.jpg;2;3
2/02_00093.jpg;2;3
2/02_00094.jpg;2;3
2/02_00095.jpg;2;3
2/02_00096.jpg;2;3
2/02_00097.jpg;2;3
2/02_00098.jpg;2;3
2/02_00099.jpg;2;3
2/02_00100.jpg;2;3
2/02_00101.jpg;2;3
2/02_00102.jpg;2;3
2/02_00103.jpg;2;3
2/02_00104.jpg;2;3
2/02_00105.jpg;2;3
2/02_00106.jpg;2;3
2/02_00107.jpg;2;3
2/02_00108.jpg;2;3
2/02_00109.jpg;2;3
2/02_00110.jpg;2;3
2/02_00111.jpg;2;3
2/02_00112.jpg;2;3
2/02_00113.jpg;2;3
2/02_00114.jpg;2;3
2/02_00115.jpg;2;3
2/02_00116.jpg;2;3
2/02_00117.jpg;2;3
2/02_00118.jpg;2;3
2/02_00119.jpg;2;3
2/02_00120.jpg;2;3
2/02_00121.jpg;2;3
2/02_00122.jpg;2;3
2/02_00123.jpg;2;3
2/02_00124.jpg;2;3
2/02_00125.jpg;2;3
2/02_00126.jpg;2;3
2/02_00127.jpg;2;3
2/02_00128.jpg;2;3
2/02_00129.jpg;2;3
2/02_00130.jpg;2;3
2/02_00131.jpg;2;3
2/02_00132.jpg;2;3
2/02_00133.jpg;2;3
2/02_00134.jpg;2;3
2/02_00135.jpg;2;3
2/02_00136.jpg;2;3
2/02_00137.jpg;2;3
2/02_00138.jpg;2;3
2/02_00139.jpg;2;3
2/02_00140.jpg;2;3
2/02_00141.jpg;2;3
2/02_00142.jpg;2;3
2/02_00143.jpg;2;3
2/02_00144.jpg;2;3
2/02_00145.jpg;2;3
2/02_00146.jpg;2;3
2/02_00147.jpg;2;3
2/02_00148.jpg;2;3
2/02_00149.jpg;2;3
2/02_00150.jpg;2;3
2/02_00151.jpg;2;3
2/02_00152.jpg;2;3
2/02_00153.jpg;2;3
2/02_00154.jpg;2;3
2/02_00155.jpg;2;3
2/02_00156.jpg;2;3
2/02_00157.jpg;2;3
2/02_00158.jpg;2;3
2/02_00159.jpg;2;3
2/02_00160.jpg;2;3
2/02_00161.jpg;2;3
2/02_00162.jpg;2;3
2/02_00163.jpg;2;3
2/02_00164.jpg;2;3
2/02_00165.jpg;2;3
2/02_00166.jpg;2;3
2/02_00167.jpg;2;3
2/02_00168.jpg;2;3
2/02_00169.jpg;2;3
2/02_00170.jpg;2;3
2/02_00171.jpg;2;3
2/02_00172.jpg;2;3
2/02_00173.jpg;2;3
2/02_00174.jpg;2;3
2/02_00175.jpg;2;3
2/02_00176.jpg;2;3
2/02_00177.jpg;2;3
2/02_00178.jpg;2;3
2/02_00179.jpg;2;3
2/02_00180.jpg;2;3
2/02_00181.jpg;2;3
2/02_00182.jpg;2;3
2/02_00183.jpg;2;3
2/02_00184.jpg;2;3
2/02_00185.jpg;2;3
2/02_00186.jpg;2;3
2/02_00187.jpg;2;3
2/02_00188.jpg;2;3
2/02_00189.jpg;2;3
2/02_00190.jpg;2;3
2/02_00191.jpg;2;3
2/02_00192.jpg;2;3
2/02_00193.jpg;2;3
2/02_00194.jpg;2;3
2/02_00195.jpg;2;3
2/02_00196.jpg;2;3
2/02_00197.jpg;2;3
2/02_00198.jpg;2;3
2/02_00199.jpg;2;3
2/02_00200.jpg;2;3
2/02_00201.jpg;2;3
2/02_00202.jpg;2;3
2/02_00203.jpg;2;3
2/02_00204.jpg;2;3
2/02_00205.jpg;2;3
2/02_00206.jpg;2;3
2/02_00207.jpg;2;3
2/02_00208.jpg;2;3
2/02_00209.jpg;2;3
2/02_00210.jpg;2;3
2/02_00211.jpg;2;3
2/02_00212.jpg;2;3
2/02_00213.jpg;2;3
2/02_00214.jpg;2;3
2/02_00215.jpg;2;3
2/02_00216.jpg;2;3
2/02_00217.jpg;2;3
2/02_00218.jpg;2;3
2/02_00219.jpg;2;3
2/02_00220.jpg;2;3
2/02_00221.jpg;2;3
2/02_00222.jpg;2;3
2/02_00223.jpg;2;3
2/02_00224.jpg;2;3
2/02_00225.jpg;2;3
2/02_00226.jpg;2;3
2/02_00227.jpg;2;3
2/02_00228.jpg;2;3
2/02_00229.jpg;2;3
2/02_00230.jpg;2;3
2/02_00231.jpg;2;3
2/02_00232.jpg;2;3
2/02_00233.jpg;2;3
2/02_00234.jpg;2;3
2/02_00235.jpg;2;3
2/02_00236.jpg;2;3
2/02_00237.jpg;2;3
2/02_00238.jpg;2;3
2/02_00239.jpg;2;3
2/02_00240.jpg;2;3
2/02_00241.jpg;2;3
2/02_00242.jpg;2;3
2/02_00243.jpg;2;3
2/02_00244.jpg;2;3
2/02_00245.jpg;2;3
2/02_00246.jpg;2;3
2/02_00247.jpg;2;3
2/02_00248.jpg;2;3
2/02_00249.jpg;2;3
2/02_00250.jpg;2;3
2/02_00251.jpg;2;3
2/02_00252.jpg;2;3
2/02_00253.jpg;2;3
2/02_00254.jpg;2;3
2/02_00255.jpg;2;3
2/02_00256.jpg;2;3
2/02_00257.jpg;2;3
2/02_00258.jpg;2;3
2/02_00259.jpg;2;3
2/02_00260.jpg;2;3
2/02_00261.jpg;2;3
2/02_00262.jpg;2;3
2/02_00263.jpg;2;3
2/02_00264.jpg;2;3
2/02_00265.jpg;2;3
2/02_00266.jpg;2;3
2/02_00267.jpg;2;3
2/02_00268.jpg;2;3
2/02_00269.jpg;2;3
2/02_00270.jpg;2;3
2/02_00271.jpg;2;3
2/02_00272.jpg;2;3
2/02_00273.jpg;2;3
2/02_00274.jpg;2;3
2/02_00275.jpg;2;3
2/02_00276.jpg;2;3
2/02_00277.jpg;2;3
2/02_00278.jpg;2;3
2/02_00279.jpg;2;3
2/02_00280.jpg;2;3
2/02_00281.jpg;2;3
2/02_00282.jpg;2;3
2/02_00283.jpg;2;3
2/02_00284.jpg;2;3
2/02_00285.jpg;2;3
2/02_00286.jpg;2;3
2/02_00287.jpg;2;3
2/02_00288.jpg;2;3
2/02_00289.jpg;2;3
2/02_00290.jpg;2;3
2/02_00291.jpg;2;3
2/02_00292.jpg;2;3
2/02_00293.jpg;2;3
2/02_00294.jpg;2;3
2/02_00295.jpg;2;3
2/02_00296.jpg;2;3
2/02_00297.jpg;2;3
2/02_00298.jpg;2;3
2/02_00299.jpg;2;3
2/02_00300.jpg;2;3
2/02_00301.jpg;2;3
2/02_00302.jpg;2;3
2/02_00303.jpg;2;3
2/02_00304.jpg;2;3
2/02_00305.jpg;2;3
2/02_00306.jpg;2;3
2/02_00307.jpg;2;3
2/02_00308.jpg;2;3
2/02_00309.jpg;2;3
2/02_00310.jpg;2;3
2/02_00311.jpg;2;3
2/02_00312.jpg;2;3
2/02_00313.jpg;2;3
2/02_00314.jpg;2;3
2/02_00315.jpg;2;3
2/02_00316.jpg;2;3
2/02_00317.jpg;2;3
2/02_00318.jpg;2;3
2/02_00319.jpg;2;3
2/02_00320.jpg;2;3
2/02_00321.jpg;2;3
2/02_00322.jpg;2;3
2/02_00323.jpg;2;3
2/02_00324.jpg;2;3
2/02_00325.jpg;2;3
2/02_00326.jpg;2;3
2/02_00327.jpg;2;3
2/02_00328.jpg;2;3
2/02_00329.jpg;2;3
2/02_00330.jpg;2;3
2/02_00331.jpg;2;3
2/02_00332.jpg;2;3
2/02_00333.jpg;2;3
2/02_00334.jpg;2;3
2/02_00335.jpg;2;3
2/02_00336.jpg;2;3
2/02_00337.jpg;2;3
2/02_00338.jpg;2;3
2/02_00339.jpg;2;3
2/02_00340.jpg;2;3
2/02_00341.jpg;2;3
2/02_00342.jpg;2;3
2/02_00343.jpg;2;3
2/02_00344.jpg;2;3
2/02_00345.jpg;2;3
2/02_00346.jpg;2;3
2/02_00347.jpg;2;3
2/02_00348.jpg;2;3
2/02_00349.jpg;2;3
2/02_00350.jpg;2;3
2/02_00351.jpg;2;3
2/02_00352.jpg;2;3
2/02_00353.jpg;2;3
2/02_00354.jpg;2;3
2/02_00355.jpg;2;3
2/02_00356.jpg;2;3
2/02_00357.jpg;2;3
2/02_00358.jpg;2;3
2/02_00359.jpg;2;3
2/02_00360.jpg;2;3
2/02_00361.jpg;2;3
2/02_00362.jpg;2;3
2/02_00363.jpg;2;3
2/02_00364.jpg;2;3
2/02_00365.jpg;2;3
2/02_00366.jpg;2;3
2/02_00367.jpg;2;3
2/02_00368.jpg;2;3
2/02_00369.jpg;2;3
2/02_00370.jpg;2;3
2/02_00371.jpg;2;3
2/02_00372.jpg;2;3
2/02_00373.jpg;2;3
2/02_00374.jpg;2;3
2/02_00375.jpg;2;3
2/02_00376.jpg;2;3
2/02_00377.jpg;2;3
2/02_00378.jpg;2;3
2/02_00379.jpg;2;3
2/02_00380.jpg;2;3
2/02_00381.jpg;2;3
2/02_00382.jpg;2;3
2/02_00383.jpg;2;3
2/02_00384.jpg;2;3
2/02_00385.jpg;2;3
2/02_00386.jpg;2;3
2/02_00387.jpg;2;3
2/02_00388.jpg;2;3
2/02_00389.jpg;2;3
2/02_00390.jpg;2;3
2/02_00391.jpg;2;3
2/02_00392.jpg;2;3
2/02_00393.jpg;2;3
2/02_00394.jpg;2;3
2/02_00395.jpg;2;3
2/02_00396.jpg;2;3
2/02_00397.jpg;2;3
2/02_00398.jpg;2;3
2/02_00399.jpg;2;3
2/02_00400.jpg;2;3
2/02_00401.jpg;2;3
2/02_00402.jpg;2;3
2/02_00403.jpg;2;3
2/02_00404.jpg;2;3
2/02_00405.jpg;2;3
2/02_00406.jpg;2;3
2/02_00407.jpg;2;3
2/02_00408.jpg;2;3
2/02_00409.jpg;2;3
2/02_00410.jpg;2;3
2/02_00411.jpg;2;3
2/02_00412.jpg;2;3
2/02_00413.jpg;2;3
2/02_00414.jpg;2;3
2/02_00415.jpg;2;3
2/02_00416.jpg;2;3
2/02_00417.jpg;2;3
2/02_00418.jpg;2;3
2/02_00419.jpg;2;3
2/02_00420.jpg;2;3
2/02_00421.jpg;2;3
2/02_00422.jpg;2;3
2/02_00423.jpg;2;3
2/02_00424.jpg;2;3
2/02_00425.jpg;2;3
2/02_00426.jpg;2;3
2/02_00427.jpg;2;3
2/02_00428.jpg;2;3
2/02_00429.jpg;2;3
2/02_00430.jpg;2;3
2/02_00431.jpg;2;3
2/02_00432.jpg;2;3
2/02_00433.jpg;2;3
2/02_00434.jpg;2;3
2/02_00435.jpg;2;3
2/02_00436.jpg;2;3
2/02_00437.jpg;2;3
2/02_00438.jpg;2;3
2/02_00439.jpg;2;3
2/02_00440.jpg;2;3
2/02_00441.jpg;2;3
2/02_00442.jpg;2;3
2/02_00443.jpg;2;3
2/02_00444.jpg;2;3
2/02_00445.jpg;2;3
2/02_00446.jpg;2;3
2/02_00447.jpg;2;3
2/02_00448.jpg;2;3
2/02_00449.jpg;2;3
2/02_00450.jpg;2;3
2/02_00451.jpg;2;3
2/02_00452.jpg;2;3
2/02_00453.jpg;2;3
2/02_00454.jpg;2;3
2/02_00455.jpg;2;3
2/02_00456.jpg;2;3
2/02_00457.jpg;2;3
2/02_00458.jpg;2;3
2/02_00459.jpg;2;3
2/02_00460.jpg;2;3
2/02_00461.jpg;2;3
2/02_00462.jpg;2;3
2/02_00463.jpg;2;3
2/02_00464.jpg;2;3
2/02_00465.jpg;2;3
2/02_00466.jpg;2;3
2/02_00467.jpg;2;3
2/02_00468.jpg;2;3
2/02_00469.jpg;2;3
2/02_00470.jpg;2;3
2/02_00471.jpg;2;3
2/02_00472.jpg;2;3
2/02_00473.jpg;2;3
2/02_00474.jpg;2;3
2/02_00475.jpg;2;3
2/02_00476.jpg;2;3
2/02_00477.jpg;2;3
2/02_00478.jpg;2;3
2/02_00479.jpg;2;3
2/02_00480.jpg;2;3
2/02_00481.jpg;2;3
2/02_00482.jpg;2;3
2/02_00483.jpg;2;3
2/02_00484.jpg;2;3
2/02_00485.jpg;2;3
2/02_00486.jpg;2;3
2/02_00487.jpg;2;3
2/02_00488.jpg;2;3
2/02_00489.jpg;2;3
2/02_00490.jpg;2;3
2/02_00491.jpg;2;3
2/02_00492.jpg;2;3
2/02_00493.jpg;2;3
2/02_00494.jpg;2;3
2/02_00495.jpg;2;3
2/02_00496.jpg;2;3
2/02_00497.jpg;2;3
2/02_00498.jpg;2;3
2/02_00499.jpg;2;3
2/02_00500.jpg;2;3
2/02_00501.jpg;2;3
2/02_00502.jpg;2;3
2/02_00503.jpg;2;3
2/02_00504.jpg;2;3
2/02_00505.jpg;2;3
2/02_00506.jpg;2;3
2/02_00507.jpg;2;3
2/02_00508.jpg;2;3
2/02_00509.jpg;2;3
2/02_00510.jpg;2;3
2/02_00511.jpg;2;3
2/02_00512.jpg;2;3
2/02_00513.jpg;2;3
2/02_00514.jpg;2;3
2/02_00515.jpg;2;3
2/02_00516.jpg;2;3
2/02_00517.jpg;2;3
2/02_00518.jpg;2;3
2/02_00519.jpg;2;3
2/02_00520.jpg;2;3
2/02_00521.jpg;2;3
2/02_00522.jpg;2;3
2/02_00523.jpg;2;3
2/02_00524.jpg;2;3
2/02_00525.jpg;2;3
2/02_00526.jpg;2;3
2/02_00527.jpg;2;3
2/02_00528.jpg;2;3
2/02_00529.jpg;2;3
2/02_00530.jpg;2;3
2/02_00531.jpg;2;3
2/02_00532.jpg;2;3
2/02_00533.jpg;2;3
2/02_00534.jpg;2;3
2/02_00535.jpg;2;3
2/02_00536.jpg;2;3
2/02_00537.jpg;2;3
2/02_00538.jpg;2;3
2/02_00539.jpg;2;3
2/02_00540.jpg;2;3
2/02_00541.jpg;2;3
2/02_00542.jpg;2;3
2/02_00543.jpg;2;3
2/02_00544.jpg;2;3
2/02_00545.jpg;2;3
2/02_00546.jpg;2;3
2/02_00547.jpg;2;3
2/02_00548.jpg;2;3
2/02_00549.jpg;2;3
2/02_00550.jpg;2;3
2/02_00551.jpg;2;3
2/02_00552.jpg;2;3
2/02_00553.jpg;2;3
2/02_00554.jpg;2;3
2/02_00555.jpg;2;3
2/02_00556.jpg;2;3
2/02_00557.jpg;2;3
2/02_00558.jpg;2;3
2/02_00559.jpg;2;3
2/02_00560.jpg;2;3
2/02_00561.jpg;2;3
2/02_00562.jpg;2;3
2/02_00563.jpg;2;3
2/02_00564.jpg;2;3
2/02_00565.jpg;2;3
2/02_00566.jpg;2;3
2/02_00567.jpg;2;3
2/02_00568.jpg;2;3
2/02_00569.jpg;2;3
2/02_00570.jpg;2;3
2/02_00571.jpg;2;3
2/02_00572.jpg;2;3
2/02_00573.jpg;2;3
2/02_00574.jpg;2;3
2/02_00575.jpg;2;3
2/02_00576.jpg;2;3
2/02_00577.jpg;2;3
2/02_00578.jpg;2;3
2/02_00579.jpg;2;3
2/02_00580.jpg;2;3
2/02_00581.jpg;2;3
2/02_00582.jpg;2;3
2/02_00583.jpg;2;3
2/02_00584.jpg;2;3
2/02_00585.jpg;2;3
2/02_00586.jpg;2;3
2/02_00587.jpg;2;3
2/02_00588.jpg;2;3
2/02_00589.jpg;2;3
2/02_00590.jpg;2;3
2/02_00591.jpg;2;3
2/02_00592.jpg;2;3
2/02_00593.jpg;2;3
2/02_00594.jpg;2;3
2/02_00595.jpg;2;3
2/02_00596.jpg;2;3
2/02_00597.jpg;2;3
2/02_00598.jpg;2;3
2/02_00599.jpg;2;3
2/02_00600.jpg;2;3
2/02_00601.jpg;2;3
2/02_00602.jpg;2;3
2/02_00603.jpg;2;3
2/02_00604.jpg;2;3
2/02_00605.jpg;2;3
2/02_00606.jpg;2;3
2/02_00607.jpg;2;3
2/02_00608.jpg;2;3
2/02_00609.jpg;2;3
2/02_00610.jpg;2;3
2/02_00611.jpg;2;3
2/02_00612.jpg;2;3
2/02_00613.jpg;2;3
2/02_00614.jpg;2;3
2/02_00615.jpg;2;3
2/02_00616.jpg;2;3
2/02_00617.jpg;2;3
2/02_00618.jpg;2;3
2/02_00619.jpg;2;3
2/02_00620.jpg;2;3
2/02_00621.jpg;2;3
2/02_00622.jpg;2;3
2/02_00623.jpg;2;3
2/02_00624.jpg;2;3
2/02_00625.jpg;2;3
2/02_00626.jpg;2;3
2/02_00627.jpg;2;3
2/02_00628.jpg;2;3
2/02_00629.jpg;2;3
2/02_00630.jpg;2;3
2/02_00631.jpg;2;3
2/02_00632.jpg;2;3
2/02_00633.jpg;2;3
2/02_00634.jpg;2;3
2/02_00635.jpg;2;3
2/02_00636.jpg;2;3
2/02_00637.jpg;2;3
2/02_00638.jpg;2;3
2/02_00639.jpg;2;3
2/02_00640.jpg;2;3
2/02_00641.jpg;2;3
2/02_00642.jpg;2;3
2/02_00643.jpg;2;3
2/02_00644.jpg;2;3
2/02_00645.jpg;2;3
2/02_00646.jpg;2;3
2/02_00647.jpg;2;3
2/02_00648.jpg;2;3
2/02_00649.jpg;2;3
2/02_00650.jpg;2;3
2/02_00651.jpg;2;3
2/02_00652.jpg;2;3
2/02_00653.jpg;2;3
2/02_00654.jpg;2;3
2/02_00655.jpg;2;3
2/02_00656.jpg;2;3
2/02_00657.jpg;2;3
2/02_00658.jpg;2;3
2/02_00659.jpg;2;3
2/02_00660.jpg;2;3
2/02_00661.jpg;2;3
2/02_00662.jpg;2;3
2/02_00663.jpg;2;3
2/02_00664.jpg;2;3
2/02_00665.jpg;2;3
2/02_00666.jpg;2;3
2/02_00667.jpg;2;3
2/02_00668.jpg;2;3
2/02_00669.jpg;2;3
2/02_00670.jpg;2;3
2/02_00671.jpg;2;3
2/02_00672.jpg;2;3
2/02_00673.jpg;2;3
2/02_00674.jpg;2;3
2/02_00675.jpg;2;3
2/02_00676.jpg;2;3
2/02_00677.jpg;2;3
2/02_00678.jpg;2;3
2/02_00679.jpg;2;3
2/02_00680.jpg;2;3
2/02_00681.jpg;2;3
2/02_00682.jpg;2;3
2/02_00683.jpg;2;3
2/02_00684.jpg;2;3
2/02_00685.jpg;2;3
2/02_00686.jpg;2;3
2/02_00687.jpg;2;3
2/02_00688.jpg;2;3
2/02_00689.jpg;2;3
2/02_00690.jpg;2;3
2/02_00691.jpg;2;3
2/02_00692.jpg;2;3
2/02_00693.jpg;2;3
2/02_00694.jpg;2;3
2/02_00695.jpg;2;3
2/02_00696.jpg;2;3
2/02_00697.jpg;2;3
2/02_00698.jpg;2;3
2/02_00699.jpg;2;3
2/02_00700.jpg;2;3
2/02_00701.jpg;2;3
2/02_00702.jpg;2;3
2/02_00703.jpg;2;3
3/03_00001.jpg;3;3
3/03_00002.jpg;3;3
3/03_00003.jpg;3;3
3/03_00004.jpg;3;3
3/03_00005.jpg;3;3
3/03_00006.jpg;3;3
3/03_00007.jpg;3;3
3/03_00008.jpg;3;3
3/03_00009.jpg;3;3
3/03_00010.jpg;3;3
3/03_00011.jpg;3;3
3/03_00012.jpg;3;3
3/03_00013.jpg;3;3
3/03_00014.jpg;3;3
3/03_00015.jpg;3;3
3/03_00016.jpg;3;3
3/03_00017.jpg;3;3
3/03_00018.jpg;3;3
3/03_00019.jpg;3;3
3/03_00020.jpg;3;3
3/03_00021.jpg;3;3
3/03_00022.jpg;3;3
3/03_00023.jpg;3;3
3/03_00024.jpg;3;3
3/03_00025.jpg;3;3
3/03_00026.jpg;3;3
3/03_00027.jpg;3;3
3/03_00028.jpg;3;3
3/03_00029.jpg;3;3
3/03_00030.jpg;3;3
3/03_00031.jpg;3;3
3/03_00032.jpg;3;3
3/03_00033.jpg;3;3
3/03_00034.jpg;3;3
3/03_00035.jpg;3;3
3/03_00036.jpg;3;3
3/03_00037.jpg;3;3
3/03_00038.jpg;3;3
3/03_00039.jpg;3;3
3/03_00040.jpg;3;3
3/03_00041.jpg;3;3
3/03_00042.jpg;3;3
3/03_00043.jpg;3;3
3/03_00044.jpg;3;3
3/03_00045.jpg;3;3
3/03_00046.jpg;3;3
3/03_00047.jpg;3;3
3/03_00048.jpg;3;3
3/03_00049.jpg;3;3
3/03_00050.jpg;3;3
3/03_00051.jpg;3;3
3/03_00052.jpg;3;3
3/03_00053.jpg;3;3
3/03_00054.jpg;3;3
3/03_00055.jpg;3;3
3/03_00056.jpg;3;3
3/03_00057.jpg;3;3
3/03_00058.jpg;3;3
3/03_00059.jpg;3;3
3/03_00060.jpg;3;3
3/03_00061.jpg;3;3
3/03_00062.jpg;3;3
3/03_00063.jpg;3;3
3/03_00064.jpg;3;3
3/03_00065.jpg;3;3
3/03_00066.jpg;3;3
3/03_00067.jpg;3;3
3/03_00068.jpg;3;3
3/03_00069.jpg;3;3
3/03_00070.jpg;3;3
3/03_00071.jpg;3;3
3/03_00072.jpg;3;3
3/03_00073.jpg;3;3
3/03_00074.jpg;3;3
3/03_00075.jpg;3;3
3/03_00076.jpg;3;3
3/03_00077.jpg;3;3
3/03_00078.jpg;3;3
3/03_00079.jpg;3;3
3/03_00080.jpg;3;3
3/03_00081.jpg;3;3
3/03_00082.jpg;3;3
3/03_00083.jpg;3;3
3/03_00084.jpg;3;3
3/03_00085.jpg;3;3
3/03_00086.jpg;3;3
3/03_00087.jpg;3;3
3/03_00088.jpg;3;3
3/03_00089.jpg;3;3
3/03_00090.jpg;3;3
3/03_00091.jpg;3;3
3/03_00092.jpg;3;3
3/03_00093.jpg;3;3
3/03_00094.jpg;3;3
3/03_00095.jpg;3;3
3/03_00096.jpg;3;3
3/03_00097.jpg;3;3
3/03_00098.jpg;3;3
3/03_00099.jpg;3;3
3/03_00100.jpg;3;3
3/03_00101.jpg;3;3
3/03_00102.jpg;3;3
3/03_00103.jpg;3;3
3/03_00104.jpg;3;3
3/03_00105.jpg;3;3
3/03_00106.jpg;3;3
3/03_00107.jpg;3;3
3/03_00108.jpg;3;3
3/03_00109.jpg;3;3
3/03_00110.jpg;3;3
3/03_00111.jpg;3;3
3/03_00112.jpg;3;3
3/03_00113.jpg;3;3
3/03_00114.jpg;3;3
3/03_00115.jpg;3;3
3/03_00116.jpg;3;3
3/03_00117.jpg;3;3
3/03_00118.jpg;3;3
3/03_00119.jpg;3;3
3/03_00120.jpg;3;3
3/03_00121.jpg;3;3
3/03_00122.jpg;3;3
3/03_00123.jpg;3;3
3/03_00124.jpg;3;3
3/03_00125.jpg;3;3
3/03_00126.jpg;3;3
3/03_00127.jpg;3;3
3/03_00128.jpg;3;3
3/03_00129.jpg;3;3
3/03_00130.jpg;3;3
3/03_00131.jpg;3;3
3/03_00132.jpg;3;3
3/03_00133.jpg;3;3
3/03_00134.jpg;3;3
3/03_00135.jpg;3;3
3/03_00136.jpg;3;3
3/03_00137.jpg;3;3
3/03_00138.jpg;3;3
3/03_00139.jpg;3;3
3/03_00140.jpg;3;3
3/03_00141.jpg;3;3
3/03_00142.jpg;3;3
3/03_00143.jpg;3;3
3/03_00144.jpg;3;3
3/03_00145.jpg;3;3
3/03_00146.jpg;3;3
3/03_00147.jpg;3;3
3/03_00148.jpg;3;3
3/03_00149.jpg;3;3
3/03_00150.jpg;3;3
3/03_00151.jpg;3;3
3/03_00152.jpg;3;3
3/03_00153.jpg;3;3
3/03_00154.jpg;3;3
3/03_00155.jpg;3;3
3/03_00156.jpg;3;3
3/03_00157.jpg;3;3
3/03_00158.jpg;3;3
3/03_00159.jpg;3;3
3/03_00160.jpg;3;3
3/03_00161.jpg;3;3
3/03_00162.jpg;3;3
3/03_00163.jpg;3;3
3/03_00164.jpg;3;3
3/03_00165.jpg;3;3
3/03_00166.jpg;3;3
3/03_00167.jpg;3;3
3/03_00168.jpg;3;3
3/03_00169.jpg;3;3
3/03_00170.jpg;3;3
3/03_00171.jpg;3;3
3/03_00172.jpg;3;3
3/03_00173.jpg;3;3
3/03_00174.jpg;3;3
3/03_00175.jpg;3;3
3/03_00176.jpg;3;3
3/03_00177.jpg;3;3
3/03_00178.jpg;3;3
3/03_00179.jpg;3;3
3/03_00180.jpg;3;3
3/03_00181.jpg;3;3
3/03_00182.jpg;3;3
3/03_00183.jpg;3;3
3/03_00184.jpg;3;3
3/03_00185.jpg;3;3
3/03_00186.jpg;3;3
3/03_00187.jpg;3;3
3/03_00188.jpg;3;3
3/03_00189.jpg;3;3
3/03_00190.jpg;3;3
3/03_00191.jpg;3;3
3/03_00192.jpg;3;3
3/03_00193.jpg;3;3
3/03_00194.jpg;3;3
3/03_00195.jpg;3;3
3/03_00196.jpg;3;3
3/03_00197.jpg;3;3
3/03_00198.jpg;3;3
3/03_00199.jpg;3;3
3/03_00200.jpg;3;3
3/03_00201.jpg;3;3
3/03_00202.jpg;3;3
3/03_00203.jpg;3;3
3/03_00204.jpg;3;3
3/03_00205.jpg;3;3
3/03_00206.jpg;3;3
3/03_00207.jpg;3;3
3/03_00208.jpg;3;3
3/03_00209.jpg;3;3
3/03_00210.jpg;3;3
3/03_00211.jpg;3;3
3/03_00212.jpg;3;3
3/03_00213.jpg;3;3
3/03_00214.jpg;3;3
3/03_00215.jpg;3;3
3/03_00216.jpg;3;3
3/03_00217.jpg;3;3
3/03_00218.jpg;3;3
3/03_00219.jpg;3;3
3/03_00220.jpg;3;3
3/03_00221.jpg;3;3
3/03_00222.jpg;3;3
3/03_00223.jpg;3;3
3/03_00224.jpg;3;3
3/03_00225.jpg;3;3
3/03_00226.jpg;3;3
3/03_00227.jpg;3;3
3/03_00228.jpg;3;3
3/03_00229.jpg;3;3
3/03_00230.jpg;3;3
3/03_00231.jpg;3;3
3/03_00232.jpg;3;3
3/03_00233.jpg;3;3
3/03_00234.jpg;3;3
3/03_00235.jpg;3;3
3/03_00236.jpg;3;3
3/03_00237.jpg;3;3
3/03_00238.jpg;3;3
3/03_00239.jpg;3;3
3/03_00240.jpg;3;3
3/03_00241.jpg;3;3
3/03_00242.jpg;3;3
3/03_00243.jpg;3;3
3/03_00244.jpg;3;3
3/03_00245.jpg;3;3
3/03_00246.jpg;3;3
3/03_00247.jpg;3;3
3/03_00248.jpg;3;3
3/03_00249.jpg;3;3
3/03_00250.jpg;3;3
3/03_00251.jpg;3;3
3/03_00252.jpg;3;3
3/03_00253.jpg;3;3
3/03_00254.jpg;3;3
3/03_00255.jpg;3;3
3/03_00256.jpg;3;3
3/03_00257.jpg;3;3
3/03_00258.jpg;3;3
3/03_00259.jpg;3;3
3/03_00260.jpg;3;3
3/03_00261.jpg;3;3
3/03_00262.jpg;3;3
3/03_00263.jpg;3;3
3/03_00264.jpg;3;3
3/03_00265.jpg;3;3
3/03_00266.jpg;3;3
3/03_00267.jpg;3;3
3/03_00268.jpg;3;3
3/03_00269.jpg;3;3
3/03_00270.jpg;3;3
3/03_00271.jpg;3;3
3/03_00272.jpg;3;3
3/03_00273.jpg;3;3
3/03_00274.jpg;3;3
3/03_00275.jpg;3;3
3/03_00276.jpg;3;3
3/03_00277.jpg;3;3
3/03_00278.jpg;3;3
3/03_00279.jpg;3;3
3/03_00280.jpg;3;3
3/03_00281.jpg;3;3
3/03_00282.jpg;3;3
3/03_00283.jpg;3;3
3/03_00284.jpg;3;3
3/03_00285.jpg;3;3
3/03_00286.jpg;3;3
3/03_00287.jpg;3;3
3/03_00288.jpg;3;3
3/03_00289.jpg;3;3
3/03_00290.jpg;3;3
3/03_00291.jpg;3;3
3/03_00292.jpg;3;3
3/03_00293.jpg;3;3
3/03_00294.jpg;3;3
3/03_00295.jpg;3;3
3/03_00296.jpg;3;3
3/03_00297.jpg;3;3
3/03_00298.jpg;3;3
3/03_00299.jpg;3;3
3/03_00300.jpg;3;3
3/03_00301.jpg;3;3
3/03_00302.jpg;3;3
3/03_00303.jpg;3;3
3/03_00304.jpg;3;3
3/03_00305.jpg;3;3
3/03_00306.jpg;3;3
3/03_00307.jpg;3;3
3/03_00308.jpg;3;3
3/03_00309.jpg;3;3
3/03_00310.jpg;3;3
3/03_00311.jpg;3;3
3/03_00312.jpg;3;3
3/03_00313.jpg;3;3
3/03_00314.jpg;3;3
3/03_00315.jpg;3;3
3/03_00316.jpg;3;3
3/03_00317.jpg;3;3
3/03_00318.jpg;3;3
3/03_00319.jpg;3;3
3/03_00320.jpg;3;3
3/03_00321.jpg;3;3
3/03_00322.jpg;3;3
3/03_00323.jpg;3;3
3/03_00324.jpg;3;3
3/03_00325.jpg;3;3
3/03_00326.jpg;3;3
3/03_00327.jpg;3;3
3/03_00328.jpg;3;3
3/03_00329.jpg;3;3
3/03_00330.jpg;3;3
3/03_00331.jpg;3;3
3/03_00332.jpg;3;3
3/03_00333.jpg;3;3
3/03_00334.jpg;3;3
3/03_00335.jpg;3;3
3/03_00336.jpg;3;3
3/03_00337.jpg;3;3
3/03_00338.jpg;3;3
3/03_00339.jpg;3;3
3/03_00340.jpg;3;3
3/03_00341.jpg;3;3
3/03_00342.jpg;3;3
3/03_00343.jpg;3;3
3/03_00344.jpg;3;3
3/03_00345.jpg;3;3
3/03_00346.jpg;3;3
3/03_00347.jpg;3;3
3/03_00348.jpg;3;3
3/03_00349.jpg;3;3
3/03_00350.jpg;3;3
3/03_00351.jpg;3;3
3/03_00352.jpg;3;3
3/03_00353.jpg;3;3
3/03_00354.jpg;3;3
3/03_00355.jpg;3;3
3/03_00356.jpg;3;3
3/03_00357.jpg;3;3
3/03_00358.jpg;3;3
3/03_00359.jpg;3;3
3/03_00360.jpg;3;3
3/03_00361.jpg;3;3
3/03_00362.jpg;3;3
3/03_00363.jpg;3;3
3/03_00364.jpg;3;3
3/03_00365.jpg;3;3
3/03_00366.jpg;3;3
3/03_00367.jpg;3;3
3/03_00368.jpg;3;3
3/03_00369.jpg;3;3
3/03_00370.jpg;3;3
3/03_00371.jpg;3;3
3/03_00372.jpg;3;3
3/03_00373.jpg;3;3
3/03_00374.jpg;3;3
3/03_00375.jpg;3;3
3/03_00376.jpg;3;3
3/03_00377.jpg;3;3
3/03_00378.jpg;3;3
3/03_00379.jpg;3;3
3/03_00380.jpg;3;3
3/03_00381.jpg;3;3
3/03_00382.jpg;3;3
3/03_00383.jpg;3;3
3/03_00384.jpg;3;3
3/03_00385.jpg;3;3
3/03_00386.jpg;3;3
3/03_00387.jpg;3;3
3/03_00388.jpg;3;3
3/03_00389.jpg;3;3
3/03_00390.jpg;3;3
3/03_00391.jpg;3;3
3/03_00392.jpg;3;3
3/03_00393.jpg;3;3
3/03_00394.jpg;3;3
3/03_00395.jpg;3;3
3/03_00396.jpg;3;3
3/03_00397.jpg;3;3
3/03_00398.jpg;3;3
3/03_00399.jpg;3;3
3/03_00400.jpg;3;3
3/03_00401.jpg;3;3
3/03_00402.jpg;3;3
3/03_00403.jpg;3;3
3/03_00404.jpg;3;3
3/03_00405.jpg;3;3
3/03_00406.jpg;3;3
3/03_00407.jpg;3;3
3/03_00408.jpg;3;3
3/03_00409.jpg;3;3
3/03_00410.jpg;3;3
3/03_00411.jpg;3;3
3/03_00412.jpg;3;3
3/03_00413.jpg;3;3
3/03_00414.jpg;3;3
3/03_00415.jpg;3;3
3/03_00416.jpg;3;3
3/03_00417.jpg;3;3
3/03_00418.jpg;3;3
3/03_00419.jpg;3;3
3/03_00420.jpg;3;3
3/03_00421.jpg;3;3
3/03_00422.jpg;3;3
3/03_00423.jpg;3;3
3/03_00424.jpg;3;3
3/03_00425.jpg;3;3
3/03_00426.jpg;3;3
3/03_00427.jpg;3;3
3/03_00428.jpg;3;3
3/03_00429.jpg;3;3
3/03_00430.jpg;3;3
3/03_00431.jpg;3;3
3/03_00432.jpg;3;3
3/03_00433.jpg;3;3
3/03_00434.jpg;3;3
3/03_00435.jpg;3;3
3/03_00436.jpg;3;3
3/03_00437.jpg;3;3
3/03_00438.jpg;3;3
3/03_00439.jpg;3;3
3/03_00440.jpg;3;3
3/03_00441.jpg;3;3
3/03_00442.jpg;3;3
3/03_00443.jpg;3;3
3/03_00444.jpg;3;3
3/03_00445.jpg;3;3
3/03_00446.jpg;3;3
3/03_00447.jpg;3;3
3/03_00448.jpg;3;3
3/03_00449.jpg;3;3
3/03_00450.jpg;3;3
3/03_00451.jpg;3;3
3/03_00452.jpg;3;3
3/03_00453.jpg;3;3
3/03_00454.jpg;3;3
3/03_00455.jpg;3;3
3/03_00456.jpg;3;3
3/03_00457.jpg;3;3
3/03_00458.jpg;3;3
3/03_00459.jpg;3;3
3/03_00460.jpg;3;3
3/03_00461.jpg;3;3
3/03_00462.jpg;3;3
3/03_00463.jpg;3;3
3/03_00464.jpg;3;3
3/03_00465.jpg;3;3
3/03_00466.jpg;3;3
3/03_00467.jpg;3;3
3/03_00468.jpg;3;3
3/03_00469.jpg;3;3
3/03_00470.jpg;3;3
3/03_00471.jpg;3;3
3/03_00472.jpg;3;3
3/03_00473.jpg;3;3
3/03_00474.jpg;3;3
3/03_00475.jpg;3;3
3/03_00476.jpg;3;3
3/03_00477.jpg;3;3
3/03_00478.jpg;3;3
3/03_00479.jpg;3;3
3/03_00480.jpg;3;3
3/03_00481.jpg;3;3
3/03_00482.jpg;3;3
3/03_00483.jpg;3;3
3/03_00484.jpg;3;3
3/03_00485.jpg;3;3
3/03_00486.jpg;3;3
3/03_00487.jpg;3;3
3/03_00488.jpg;3;3
3/03_00489.jpg;3;3
3/03_00490.jpg;3;3
3/03_00491.jpg;3;3
3/03_00492.jpg;3;3
3/03_00493.jpg;3;3
3/03_00494.jpg;3;3
3/03_00495.jpg;3;3
3/03_00496.jpg;3;3
3/03_00497.jpg;3;3
3/03_00498.jpg;3;3
3/03_00499.jpg;3;3
3/03_00500.jpg;3;3
3/03_00501.jpg;3;3
3/03_00502.jpg;3;3
3/03_00503.jpg;3;3
3/03_00504.jpg;3;3
3/03_00505.jpg;3;3
3/03_00506.jpg;3;3
3/03_00507.jpg;3;3
3/03_00508.jpg;3;3
3/03_00509.jpg;3;3
3/03_00510.jpg;3;3
3/03_00511.jpg;3;3
3/03_00512.jpg;3;3
3/03_00513.jpg;3;3
3/03_00514.jpg;3;3
3/03_00515.jpg;3;3
3/03_00516.jpg;3;3
3/03_00517.jpg;3;3
3/03_00518.jpg;3;3
3/03_00519.jpg;3;3
3/03_00520.jpg;3;3
3/03_00521.jpg;3;3
3/03_00522.jpg;3;3
3/03_00523.jpg;3;3
3/03_00524.jpg;3;3
3/03_00525.jpg;3;3
3/03_00526.jpg;3;3
3/03_00527.jpg;3;3
3/03_00528.jpg;3;3
3/03_00529.jpg;3;3
3/03_00530.jpg;3;3
3/03_00531.jpg;3;3
3/03_00532.jpg;3;3
3/03_00533.jpg;3;3
3/03_00534.jpg;3;3
3/03_00535.jpg;3;3
3/03_00536.jpg;3;3
3/03_00537.jpg;3;3
3/03_00538.jpg;3;3
3/03_00539.jpg;3;3
3/03_00540.jpg;3;3
3/03_00541.jpg;3;3
3/03_00542.jpg;3;3
3/03_00543.jpg;3;3
3/03_00544.jpg;3;3
3/03_00545.jpg;3;3
3/03_00546.jpg;3;3
3/03_00547.jpg;3;3
3/03_00548.jpg;3;3
3/03_00549.jpg;3;3
3/03_00550.jpg;3;3
3/03_00551.jpg;3;3
3/03_00552.jpg;3;3
3/03_00553.jpg;3;3
3/03_00554.jpg;3;3
3/03_00555.jpg;3;3
3/03_00556.jpg;3;3
3/03_00557.jpg;3;3
3/03_00558.jpg;3;3
3/03_00559.jpg;3;3
3/03_00560.jpg;3;3
3/03_00561.jpg;3;3
3/03_00562.jpg;3;3
3/03_00563.jpg;3;3
3/03_00564.jpg;3;3
3/03_00565.jpg;3;3
3/03_00566.jpg;3;3
3/03_00567.jpg;3;3
3/03_00568.jpg;3;3
3/03_00569.jpg;3;3
3/03_00570.jpg;3;3
3/03_00571.jpg;3;3
3/03_00572.jpg;3;3
3/03_00573.jpg;3;3
3/03_00574.jpg;3;3
3/03_00575.jpg;3;3
3/03_00576.jpg;3;3
3/03_00577.jpg;3;3
3/03_00578.jpg;3;3
3/03_00579.jpg;3;3
3/03_00580.jpg;3;3
3/03_00581.jpg;3;3
3/03_00582.jpg;3;3
3/03_00583.jpg;3;3
3/03_00584.jpg;3;3
3/03_00585.jpg;3;3
3/03_00586.jpg;3;3
3/03_00587.jpg;3;3
3/03_00588.jpg;3;3
3/03_00589.jpg;3;3
3/03_00590.jpg;3;3
3/03_00591.jpg;3;3
3/03_00592.jpg;3;3
3/03_00593.jpg;3;3
3/03_00594.jpg;3;3
3/03_00595.jpg;3;3
3/03_00596.jpg;3;3
3/03_00597.jpg;3;3
3/03_00598.jpg;3;3
3/03_00599.jpg;3;3
3/03_00600.jpg;3;3
3/03_00601.jpg;3;3
3/03_00602.jpg;3;3
3/03_00603.jpg;3;3
3/03_00604.jpg;3;3
3/03_00605.jpg;3;3
3/03_00606.jpg;3;3
3/03_00607.jpg;3;3
3/03_00608.jpg;3;3
3/03_00609.jpg;3;3
3/03_00610.jpg;3;3
3/03_00611.jpg;3;3
3/03_00612.jpg;3;3
3/03_00613.jpg;3;3
3/03_00614.jpg;3;3
3/03_00615.jpg;3;3
3/03_00616.jpg;3;3
3/03_00617.jpg;3;3
3/03_00618.jpg;3;3
3/03_00619.jpg;3;3
3/03_00620.jpg;3;3
3/03_00621.jpg;3;3
3/03_00622.jpg;3;3
3/03_00623.jpg;3;3
3/03_00624.jpg;3;3
3/03_00625.jpg;3;3
3/03_00626.jpg;3;3
3/03_00627.jpg;3;3
3/03_00628.jpg;3;3
3/03_00629.jpg;3;3
3/03_00630.jpg;3;3
3/03_00631.jpg;3;3
3/03_00632.jpg;3;3
3/03_00633.jpg;3;3
3/03_00634.jpg;3;3
3/03_00635.jpg;3;3
3/03_00636.jpg;3;3
3/03_00637.jpg;3;3
3/03_00638.jpg;3;3
3/03_00639.jpg;3;3
3/03_00640.jpg;3;3
3/03_00641.jpg;3;3
3/03_00642.jpg;3;3
3/03_00643.jpg;3;3
3/03_00644.jpg;3;3
3/03_00645.jpg;3;3
3/03_00646.jpg;3;3
3/03_00647.jpg;3;3
3/03_00648.jpg;3;3
3/03_00649.jpg;3;3
3/03_00650.jpg;3;3
3/03_00651.jpg;3;3
3/03_00652.jpg;3;3
3/03_00653.jpg;3;3
3/03_00654.jpg;3;3
3/03_00655.jpg;3;3
3/03_00656.jpg;3;3
3/03_00657.jpg;3;3
3/03_00658.jpg;3;3
3/03_00659.jpg;3;3
3/03_00660.jpg;3;3
3/03_00661.jpg;3;3
3/03_00662.jpg;3;3
4/04_00001.jpg;4;3
4/04_00002.jpg;4;3
4/04_00003.jpg;4;3
4/04_00004.jpg;4;3
4/04_00005.jpg;4;3
4/04_00006.jpg;4;3
4/04_00007.jpg;4;3
4/04_00008.jpg;4;3
4/04_00009.jpg;4;3
4/04_00010.jpg;4;3
4/04_00011.jpg;4;3
4/04_00012.jpg;4;3
4/04_00013.jpg;4;3
4/04_00014.jpg;4;3
4/04_00015.jpg;4;3
4/04_00016.jpg;4;3
4/04_00017.jpg;4;3
4/04_00018.jpg;4;3
4/04_00019.jpg;4;3
4/04_00020.jpg;4;3
4/04_00021.jpg;4;3
4/04_00022.jpg;4;3
4/04_00023.jpg;4;3
4/04_00024.jpg;4;3
4/04_00025.jpg;4;3
4/04_00026.jpg;4;3
4/04_00027.jpg;4;3
4/04_00028.jpg;4;3
4/04_00029.jpg;4;3
4/04_00030.jpg;4;3
4/04_00031.jpg;4;3
4/04_00032.jpg;4;3
4/04_00033.jpg;4;3
4/04_00034.jpg;4;3
4/04_00035.jpg;4;3
4/04_00036.jpg;4;3
4/04_00037.jpg;4;3
4/04_00038.jpg;4;3
4/04_00039.jpg;4;3
4/04_00040.jpg;4;3
4/04_00041.jpg;4;3
4/04_00042.jpg;4;3
4/04_00043.jpg;4;3
4/04_00044.jpg;4;3
4/04_00045.jpg;4;3
4/04_00046.jpg;4;3
4/04_00047.jpg;4;3
4/04_00048.jpg;4;3
4/04_00049.jpg;4;3
4/04_00050.jpg;4;3
4/04_00051.jpg;4;3
4/04_00052.jpg;4;3
4/04_00053.jpg;4;3
4/04_00054.jpg;4;3
4/04_00055.jpg;4;3
4/04_00056.jpg;4;3
4/04_00057.jpg;4;3
4/04_00058.jpg;4;3
4/04_00059.jpg;4;3
4/04_00060.jpg;4;3
4/04_00061.jpg;4;3
4/04_00062.jpg;4;3
4/04_00063.jpg;4;3
4/04_00064.jpg;4;3
4/04_00065.jpg;4;3
4/04_00066.jpg;4;3
4/04_00067.jpg;4;3
4/04_00068.jpg;4;3
4/04_00069.jpg;4;3
4/04_00070.jpg;4;3
4/04_00071.jpg;4;3
4/04_00072.jpg;4;3
4/04_00073.jpg;4;3
4/04_00074.jpg;4;3
4/04_00075.jpg;4;3
4/04_00076.jpg;4;3
4/04_00077.jpg;4;3
4/04_00078.jpg;4;3
4/04_00079.jpg;4;3
4/04_00080.jpg;4;3
4/04_00081.jpg;4;3
4/04_00082.jpg;4;3
4/04_00083.jpg;4;3
4/04_00084.jpg;4;3
4/04_00085.jpg;4;3
4/04_00086.jpg;4;3
4/04_00087.jpg;4;3
4/04_00088.jpg;4;3
4/04_00089.jpg;4;3
4/04_00090.jpg;4;3
4/04_00091.jpg;4;3
4/04_00092.jpg;4;3
4/04_00093.jpg;4;3
4/04_00094.jpg;4;3
4/04_00095.jpg;4;3
4/04_00096.jpg;4;3
4/04_00097.jpg;4;3
4/04_00098.jpg;4;3
4/04_00099.jpg;4;3
4/04_00100.jpg;4;3
4/04_00101.jpg;4;3
4/04_00102.jpg;4;3
4/04_00103.jpg;4;3
4/04_00104.jpg;4;3
4/04_00105.jpg;4;3
4/04_00106.jpg;4;3
4/04_00107.jpg;4;3
4/04_00108.jpg;4;3
4/04_00109.jpg;4;3
4/04_00110.jpg;4;3
4/04_00111.jpg;4;3
4/04_00112.jpg;4;3
4/04_00113.jpg;4;3
4/04_00114.jpg;4;3
4/04_00115.jpg;4;3
4/04_00116.jpg;4;3
4/04_00117.jpg;4;3
4/04_00118.jpg;4;3
4/04_00119.jpg;4;3
4/04_00120.jpg;4;3
4/04_00121.jpg;4;3
4/04_00122.jpg;4;3
4/04_00123.jpg;4;3
4/04_00124.jpg;4;3
4/04_00125.jpg;4;3
4/04_00126.jpg;4;3
4/04_00127.jpg;4;3
4/04_00128.jpg;4;3
4/04_00129.jpg;4;3
4/04_00130.jpg;4;3
4/04_00131.jpg;4;3
4/04_00132.jpg;4;3
4/04_00133.jpg;4;3
4/04_00134.jpg;4;3
4/04_00135.jpg;4;3
4/04_00136.jpg;4;3
4/04_00137.jpg;4;3
4/04_00138.jpg;4;3
4/04_00139.jpg;4;3
4/04_00140.jpg;4;3
4/04_00141.jpg;4;3
4/04_00142.jpg;4;3
4/04_00143.jpg;4;3
4/04_00144.jpg;4;3
4/04_00145.jpg;4;3
4/04_00146.jpg;4;3
4/04_00147.jpg;4;3
4/04_00148.jpg;4;3
4/04_00149.jpg;4;3
4/04_00150.jpg;4;3
4/04_00151.jpg;4;3
4/04_00152.jpg;4;3
4/04_00153.jpg;4;3
4/04_00154.jpg;4;3
4/04_00155.jpg;4;3
4/04_00156.jpg;4;3
4/04_00157.jpg;4;3
4/04_00158.jpg;4;3
4/04_00159.jpg;4;3
4/04_00160.jpg;4;3
4/04_00161.jpg;4;3
4/04_00162.jpg;4;3
4/04_00163.jpg;4;3
4/04_00164.jpg;4;3
4/04_00165.jpg;4;3
4/04_00166.jpg;4;3
4/04_00167.jpg;4;3
4/04_00168.jpg;4;3
4/04_00169.jpg;4;3
4/04_00170.jpg;4;3
4/04_00171.jpg;4;3
4/04_00172.jpg;4;3
4/04_00173.jpg;4;3
4/04_00174.jpg;4;3
4/04_00175.jpg;4;3
4/04_00176.jpg;4;3
4/04_00177.jpg;4;3
4/04_00178.jpg;4;3
4/04_00179.jpg;4;3
4/04_00180.jpg;4;3
4/04_00181.jpg;4;3
4/04_00182.jpg;4;3
4/04_00183.jpg;4;3
4/04_00184.jpg;4;3
4/04_00185.jpg;4;3
4/04_00186.jpg;4;3
4/04_00187.jpg;4;3
4/04_00188.jpg;4;3
4/04_00189.jpg;4;3
4/04_00190.jpg;4;3
4/04_00191.jpg;4;3
4/04_00192.jpg;4;3
4/04_00193.jpg;4;3
4/04_00194.jpg;4;3
4/04_00195.jpg;4;3
4/04_00196.jpg;4;3
4/04_00197.jpg;4;3
4/04_00198.jpg;4;3
4/04_00199.jpg;4;3
4/04_00200.jpg;4;3
4/04_00201.jpg;4;3
4/04_00202.jpg;4;3
4/04_00203.jpg;4;3
4/04_00204.jpg;4;3
4/04_00205.jpg;4;3
4/04_00206.jpg;4;3
4/04_00207.jpg;4;3
4/04_00208.jpg;4;3
4/04_00209.jpg;4;3
4/04_00210.jpg;4;3
4/04_00211.jpg;4;3
4/04_00212.jpg;4;3
4/04_00213.jpg;4;3
4/04_00214.jpg;4;3
4/04_00215.jpg;4;3
4/04_00216.jpg;4;3
4/04_00217.jpg;4;3
4/04_00218.jpg;4;3
4/04_00219.jpg;4;3
4/04_00220.jpg;4;3
4/04_00221.jpg;4;3
4/04_00222.jpg;4;3
4/04_00223.jpg;4;3
4/04_00224.jpg;4;3
4/04_00225.jpg;4;3
4/04_00226.jpg;4;3
4/04_00227.jpg;4;3
4/04_00228.jpg;4;3
4/04_00229.jpg;4;3
4/04_00230.jpg;4;3
4/04_00231.jpg;4;3
4/04_00232.jpg;4;3
4/04_00233.jpg;4;3
4/04_00234.jpg;4;3
4/04_00235.jpg;4;3
4/04_00236.jpg;4;3
4/04_00237.jpg;4;3
4/04_00238.jpg;4;3
4/04_00239.jpg;4;3
4/04_00240.jpg;4;3
4/04_00241.jpg;4;3
4/04_00242.jpg;4;3
4/04_00243.jpg;4;3
4/04_00244.jpg;4;3
4/04_00245.jpg;4;3
4/04_00246.jpg;4;3
4/04_00247.jpg;4;3
4/04_00248.jpg;4;3
4/04_00249.jpg;4;3
4/04_00250.jpg;4;3
4/04_00251.jpg;4;3
4/04_00252.jpg;4;3
4/04_00253.jpg;4;3
4/04_00254.jpg;4;3
4/04_00255.jpg;4;3
4/04_00256.jpg;4;3
4/04_00257.jpg;4;3
4/04_00258.jpg;4;3
4/04_00259.jpg;4;3
4/04_00260.jpg;4;3
4/04_00261.jpg;4;3
4/04_00262.jpg;4;3
4/04_00263.jpg;4;3
4/04_00264.jpg;4;3
4/04_00265.jpg;4;3
4/04_00266.jpg;4;3
4/04_00267.jpg;4;3
4/04_00268.jpg;4;3
4/04_00269.jpg;4;3
4/04_00270.jpg;4;3
4/04_00271.jpg;4;3
4/04_00272.jpg;4;3
4/04_00273.jpg;4;3
4/04_00274.jpg;4;3
4/04_00275.jpg;4;3
4/04_00276.jpg;4;3
4/04_00277.jpg;4;3
4/04_00278.jpg;4;3
4/04_00279.jpg;4;3
4/04_00280.jpg;4;3
4/04_00281.jpg;4;3
4/04_00282.jpg;4;3
4/04_00283.jpg;4;3
4/04_00284.jpg;4;3
4/04_00285.jpg;4;3
4/04_00286.jpg;4;3
4/04_00287.jpg;4;3
4/04_00288.jpg;4;3
4/04_00289.jpg;4;3
4/04_00290.jpg;4;3
4/04_00291.jpg;4;3
4/04_00292.jpg;4;3
4/04_00293.jpg;4;3
4/04_00294.jpg;4;3
4/04_00295.jpg;4;3
4/04_00296.jpg;4;3
4/04_00297.jpg;4;3
4/04_00298.jpg;4;3
4/04_00299.jpg;4;3
4/04_00300.jpg;4;3
4/04_00301.jpg;4;3
4/04_00302.jpg;4;3
4/04_00303.jpg;4;3
4/04_00304.jpg;4;3
4/04_00305.jpg;4;3
4/04_00306.jpg;4;3
4/04_00307.jpg;4;3
4/04_00308.jpg;4;3
4/04_00309.jpg;4;3
4/04_00310.jpg;4;3
4/04_00311.jpg;4;3
4/04_00312.jpg;4;3
4/04_00313.jpg;4;3
4/04_00314.jpg;4;3
4/04_00315.jpg;4;3
4/04_00316.jpg;4;3
4/04_00317.jpg;4;3
4/04_00318.jpg;4;3
4/04_00319.jpg;4;3
4/04_00320.jpg;4;3
4/04_00321.jpg;4;3
4/04_00322.jpg;4;3
4/04_00323.jpg;4;3
4/04_00324.jpg;4;3
4/04_00325.jpg;4;3
4/04_00326.jpg;4;3
4/04_00327.jpg;4;3
4/04_00328.jpg;4;3
4/04_00329.jpg;4;3
4/04_00330.jpg;4;3
4/04_00331.jpg;4;3
4/04_00332.jpg;4;3
4/04_00333.jpg;4;3
4/04_00334.jpg;4;3
4/04_00335.jpg;4;3
4/04_00336.jpg;4;3
4/04_00337.jpg;4;3
4/04_00338.jpg;4;3
4/04_00339.jpg;4;3
4/04_00340.jpg;4;3
4/04_00341.jpg;4;3
4/04_00342.jpg;4;3
4/04_00343.jpg;4;3
4/04_00344.jpg;4;3
4/04_00345.jpg;4;3
4/04_00346.jpg;4;3
4/04_00347.jpg;4;3
4/04_00348.jpg;4;3
4/04_00349.jpg;4;3
4/04_00350.jpg;4;3
4/04_00351.jpg;4;3
4/04_00352.jpg;4;3
4/04_00353.jpg;4;3
4/04_00354.jpg;4;3
4/04_00355.jpg;4;3
4/04_00356.jpg;4;3
4/04_00357.jpg;4;3
4/04_00358.jpg;4;3
4/04_00359.jpg;4;3
4/04_00360.jpg;4;3
4/04_00361.jpg;4;3
4/04_00362.jpg;4;3
4/04_00363.jpg;4;3
4/04_00364.jpg;4;3
4/04_00365.jpg;4;3
4/04_00366.jpg;4;3
4/04_00367.jpg;4;3
4/04_00368.jpg;4;3
4/04_00369.jpg;4;3
4/04_00370.jpg;4;3
4/04_00371.jpg;4;3
4/04_00372.jpg;4;3
4/04_00373.jpg;4;3
4/04_00374.jpg;4;3
4/04_00375.jpg;4;3
4/04_00376.jpg;4;3
4/04_00377.jpg;4;3
4/04_00378.jpg;4;3
4/04_00379.jpg;4;3
4/04_00380.jpg;4;3
4/04_00381.jpg;4;3
4/04_00382.jpg;4;3
4/04_00383.jpg;4;3
4/04_00384.jpg;4;3
4/04_00385.jpg;4;3
4/04_00386.jpg;4;3
4/04_00387.jpg;4;3
4/04_00388.jpg;4;3
4/04_00389.jpg;4;3
4/04_00390.jpg;4;3
4/04_00391.jpg;4;3
4/04_00392.jpg;4;3
4/04_00393.jpg;4;3
4/04_00394.jpg;4;3
4/04_00395.jpg;4;3
4/04_00396.jpg;4;3
4/04_00397.jpg;4;3
4/04_00398.jpg;4;3
4/04_00399.jpg;4;3
5/05_00001.jpg;5;3
5/05_00002.jpg;5;3
5/05_00003.jpg;5;3
5/05_00004.jpg;5;3
5/05_00005.jpg;5;3
5/05_00006.jpg;5;3
5/05_00007.jpg;5;3
5/05_00008.jpg;5;3
5/05_00009.jpg;5;3
5/05_00010.jpg;5;3
5/05_00011.jpg;5;3
5/05_00012.jpg;5;3
5/05_00013.jpg;5;3
5/05_00014.jpg;5;3
5/05_00015.jpg;5;3
5/05_00016.jpg;5;3
5/05_00017.jpg;5;3
5/05_00018.jpg;5;3
5/05_00019.jpg;5;3
5/05_00020.jpg;5;3
5/05_00021.jpg;5;3
5/05_00022.jpg;5;3
5/05_00023.jpg;5;3
5/05_00024.jpg;5;3
5/05_00025.jpg;5;3
5/05_00026.jpg;5;3
5/05_00027.jpg;5;3
5/05_00028.jpg;5;3
5/05_00029.jpg;5;3
5/05_00030.jpg;5;3
5/05_00031.jpg;5;3
5/05_00032.jpg;5;3
5/05_00033.jpg;5;3
5/05_00034.jpg;5;3
5/05_00035.jpg;5;3
5/05_00036.jpg;5;3
5/05_00037.jpg;5;3
5/05_00038.jpg;5;3
5/05_00039.jpg;5;3
5/05_00040.jpg;5;3
5/05_00041.jpg;5;3
5/05_00042.jpg;5;3
5/05_00043.jpg;5;3
5/05_00044.jpg;5;3
5/05_00045.jpg;5;3
5/05_00046.jpg;5;3
5/05_00047.jpg;5;3
5/05_00048.jpg;5;3
5/05_00049.jpg;5;3
5/05_00050.jpg;5;3
5/05_00051.jpg;5;3
5/05_00052.jpg;5;3
5/05_00053.jpg;5;3
5/05_00054.jpg;5;3
5/05_00055.jpg;5;3
5/05_00056.jpg;5;3
5/05_00057.jpg;5;3
5/05_00058.jpg;5;3
5/05_00059.jpg;5;3
5/05_00060.jpg;5;3
5/05_00061.jpg;5;3
5/05_00062.jpg;5;3
5/05_00063.jpg;5;3
5/05_00064.jpg;5;3
5/05_00065.jpg;5;3
5/05_00066.jpg;5;3
5/05_00067.jpg;5;3
5/05_00068.jpg;5;3
5/05_00069.jpg;5;3
5/05_00070.jpg;5;3
5/05_00071.jpg;5;3
5/05_00072.jpg;5;3
5/05_00073.jpg;5;3
5/05_00074.jpg;5;3
5/05_00075.jpg;5;3
5/05_00076.jpg;5;3
5/05_00077.jpg;5;3
5/05_00078.jpg;5;3
5/05_00079.jpg;5;3
5/05_00080.jpg;5;3
5/05_00081.jpg;5;3
5/05_00082.jpg;5;3
5/05_00083.jpg;5;3
5/05_00084.jpg;5;3
5/05_00085.jpg;5;3
5/05_00086.jpg;5;3
5/05_00087.jpg;5;3
5/05_00088.jpg;5;3
5/05_00089.jpg;5;3
5/05_00090.jpg;5;3
5/05_00091.jpg;5;3
5/05_00092.jpg;5;3
5/05_00093.jpg;5;3
5/05_00094.jpg;5;3
5/05_00095.jpg;5;3
5/05_00096.jpg;5;3
5/05_00097.jpg;5;3
5/05_00098.jpg;5;3
5/05_00099.jpg;5;3
5/05_00100.jpg;5;3
5/05_00101.jpg;5;3
5/05_00102.jpg;5;3
5/05_00103.jpg;5;3
5/05_00104.jpg;5;3
5/05_00105.jpg;5;3
5/05_00106.jpg;5;3
5/05_00107.jpg;5;3
5/05_00108.jpg;5;3
5/05_00109.jpg;5;3
5/05_00110.jpg;5;3
5/05_00111.jpg;5;3
5/05_00112.jpg;5;3
5/05_00113.jpg;5;3
5/05_00114.jpg;5;3
5/05_00115.jpg;5;3
5/05_00116.jpg;5;3
5/05_00117.jpg;5;3
5/05_00118.jpg;5;3
5/05_00119.jpg;5;3
5/05_00120.jpg;5;3
5/05_00121.jpg;5;3
5/05_00122.jpg;5;3
5/05_00123.jpg;5;3
5/05_00124.jpg;5;3
5/05_00125.jpg;5;3
5/05_00126.jpg;5;3
5/05_00127.jpg;5;3
5/05_00128.jpg;5;3
5/05_00129.jpg;5;3
5/05_00130.jpg;5;3
5/05_00131.jpg;5;3
5/05_00132.jpg;5;3
5/05_00133.jpg;5;3
5/05_00134.jpg;5;3
5/05_00135.jpg;5;3
5/05_00136.jpg;5;3
5/05_00137.jpg;5;3
5/05_00138.jpg;5;3
5/05_00139.jpg;5;3
5/05_00140.jpg;5;3
5/05_00141.jpg;5;3
5/05_00142.jpg;5;3
5/05_00143.jpg;5;3
5/05_00144.jpg;5;3
5/05_00145.jpg;5;3
5/05_00146.jpg;5;3
5/05_00147.jpg;5;3
5/05_00148.jpg;5;3
5/05_00149.jpg;5;3
5/05_00150.jpg;5;3
5/05_00151.jpg;5;3
5/05_00152.jpg;5;3
5/05_00153.jpg;5;3
5/05_00154.jpg;5;3
5/05_00155.jpg;5;3
5/05_00156.jpg;5;3
5/05_00157.jpg;5;3
5/05_00158.jpg;5;3
5/05_00159.jpg;5;3
5/05_00160.jpg;5;3
5/05_00161.jpg;5;3
5/05_00162.jpg;5;3
5/05_00163.jpg;5;3
5/05_00164.jpg;5;3
5/05_00165.jpg;5;3
5/05_00166.jpg;5;3
5/05_00167.jpg;5;3
5/05_00168.jpg;5;3
5/05_00169.jpg;5;3
5/05_00170.jpg;5;3
5/05_00171.jpg;5;3
5/05_00172.jpg;5;3
5/05_00173.jpg;5;3
5/05_00174.jpg;5;3
5/05_00175.jpg;5;3
5/05_00176.jpg;5;3
5/05_00177.jpg;5;3
5/05_00178.jpg;5;3
5/05_00179.jpg;5;3
5/05_00180.jpg;5;3
5/05_00181.jpg;5;3
5/05_00182.jpg;5;3
5/05_00183.jpg;5;3
5/05_00184.jpg;5;3
5/05_00185.jpg;5;3
5/05_00186.jpg;5;3
5/05_00187.jpg;5;3
5/05_00188.jpg;5;3
5/05_00189.jpg;5;3
5/05_00190.jpg;5;3
5/05_00191.jpg;5;3
5/05_00192.jpg;5;3
5/05_00193.jpg;5;3
5/05_00194.jpg;5;3
5/05_00195.jpg;5;3
5/05_00196.jpg;5;3
5/05_00197.jpg;5;3
5/05_00198.jpg;5;3
5/05_00199.jpg;5;3
5/05_00200.jpg;5;3
5/05_00201.jpg;5;3
5/05_00202.jpg;5;3
5/05_00203.jpg;5;3
5/05_00204.jpg;5;3
5/05_00205.jpg;5;3
5/05_00206.jpg;5;3
5/05_00207.jpg;5;3
5/05_00208.jpg;5;3
5/05_00209.jpg;5;3
5/05_00210.jpg;5;3
5/05_00211.jpg;5;3
5/05_00212.jpg;5;3
5/05_00213.jpg;5;3
5/05_00214.jpg;5;3
5/05_00215.jpg;5;3
5/05_00216.jpg;5;3
5/05_00217.jpg;5;3
5/05_00218.jpg;5;3
5/05_00219.jpg;5;3
5/05_00220.jpg;5;3
5/05_00221.jpg;5;3
5/05_00222.jpg;5;3
5/05_00223.jpg;5;3
5/05_00224.jpg;5;3
5/05_00225.jpg;5;3
5/05_00226.jpg;5;3
5/05_00227.jpg;5;3
5/05_00228.jpg;5;3
5/05_00229.jpg;5;3
5/05_00230.jpg;5;3
5/05_00231.jpg;5;3
5/05_00232.jpg;5;3
5/05_00233.jpg;5;3
5/05_00234.jpg;5;3
5/05_00235.jpg;5;3
5/05_00236.jpg;5;3
5/05_00237.jpg;5;3
5/05_00238.jpg;5;3
5/05_00239.jpg;5;3
5/05_00240.jpg;5;3
5/05_00241.jpg;5;3
5/05_00242.jpg;5;3
5/05_00243.jpg;5;3
5/05_00244.jpg;5;3
5/05_00245.jpg;5;3
5/05_00246.jpg;5;3
5/05_00247.jpg;5;3
5/05_00248.jpg;5;3
5/05_00249.jpg;5;3
5/05_00250.jpg;5;3
5/05_00251.jpg;5;3
5/05_00252.jpg;5;3
5/05_00253.jpg;5;3
5/05_00254.jpg;5;3
5/05_00255.jpg;5;3
5/05_00256.jpg;5;3
5/05_00257.jpg;5;3
5/05_00258.jpg;5;3
5/05_00259.jpg;5;3
5/05_00260.jpg;5;3
5/05_00261.jpg;5;3
5/05_00262.jpg;5;3
5/05_00263.jpg;5;3
5/05_00264.jpg;5;3
5/05_00265.jpg;5;3
5/05_00266.jpg;5;3
5/05_00267.jpg;5;3
5/05_00268.jpg;5;3
5/05_00269.jpg;5;3
5/05_00270.jpg;5;3
5/05_00271.jpg;5;3
5/05_00272.jpg;5;3
5/05_00273.jpg;5;3
5/05_00274.jpg;5;3
5/05_00275.jpg;5;3
5/05_00276.jpg;5;3
5/05_00277.jpg;5;3
5/05_00278.jpg;5;3
5/05_00279.jpg;5;3
5/05_00280.jpg;5;3
5/05_00281.jpg;5;3
5/05_00282.jpg;5;3
5/05_00283.jpg;5;3
5/05_00284.jpg;5;3
5/05_00285.jpg;5;3
5/05_00286.jpg;5;3
5/05_00287.jpg;5;3
5/05_00288.jpg;5;3
5/05_00289.jpg;5;3
5/05_00290.jpg;5;3
5/05_00291.jpg;5;3
5/05_00292.jpg;5;3
5/05_00293.jpg;5;3
5/05_00294.jpg;5;3
5/05_00295.jpg;5;3
5/05_00296.jpg;5;3
5/05_00297.jpg;5;3
5/05_00298.jpg;5;3
5/05_00299.jpg;5;3
5/05_00300.jpg;5;3
5/05_00301.jpg;5;3
5/05_00302.jpg;5;3
5/05_00303.jpg;5;3
5/05_00304.jpg;5;3
5/05_00305.jpg;5;3
5/05_00306.jpg;5;3
5/05_00307.jpg;5;3
5/05_00308.jpg;5;3
5/05_00309.jpg;5;3
5/05_00310.jpg;5;3
5/05_00311.jpg;5;3
5/05_00312.jpg;5;3
5/05_00313.jpg;5;3
5/05_00314.jpg;5;3
5/05_00315.jpg;5;3
5/05_00316.jpg;5;3
5/05_00317.jpg;5;3
5/05_00318.jpg;5;3
5/05_00319.jpg;5;3
5/05_00320.jpg;5;3
5/05_00321.jpg;5;3
5/05_00322.jpg;5;3
5/05_00323.jpg;5;3
5/05_00324.jpg;5;3
5/05_00325.jpg;5;3
5/05_00326.jpg;5;3
5/05_00327.jpg;5;3
5/05_00328.jpg;5;3
5/05_00329.jpg;5;3
5/05_00330.jpg;5;3
5/05_00331.jpg;5;3
5/05_00332.jpg;5;3
5/05_00333.jpg;5;3
5/05_00334.jpg;5;3
5/05_00335.jpg;5;3
5/05_00336.jpg;5;3
5/05_00337.jpg;5;3
5/05_00338.jpg;5;3
5/05_00339.jpg;5;3
5/05_00340.jpg;5;3
5/05_00341.jpg;5;3
5/05_00342.jpg;5;3
5/05_00343.jpg;5;3
5/05_00344.jpg;5;3
5/05_00345.jpg;5;3
5/05_00346.jpg;5;3
5/05_00347.jpg;5;3
5/05_00348.jpg;5;3
5/05_00349.jpg;5;3
5/05_00350.jpg;5;3
5/05_00351.jpg;5;3
5/05_00352.jpg;5;3
5/05_00353.jpg;5;3
5/05_00354.jpg;5;3
5/05_00355.jpg;5;3
5/05_00356.jpg;5;3
5/05_00357.jpg;5;3
5/05_00358.jpg;5;3
5/05_00359.jpg;5;3
5/05_00360.jpg;5;3
5/05_00361.jpg;5;3
5/05_00362.jpg;5;3
5/05_00363.jpg;5;3
5/05_00364.jpg;5;3
5/05_00365.jpg;5;3
5/05_00366.jpg;5;3
5/05_00367.jpg;5;3
5/05_00368.jpg;5;3
5/05_00369.jpg;5;3
5/05_00370.jpg;5;3
5/05_00371.jpg;5;3
5/05_00372.jpg;5;3
5/05_00373.jpg;5;3
5/05_00374.jpg;5;3
5/05_00375.jpg;5;3
5/05_00376.jpg;5;3
5/05_00377.jpg;5;3
5/05_00378.jpg;5;3
5/05_00379.jpg;5;3
5/05_00380.jpg;5;3
5/05_00381.jpg;5;3
5/05_00382.jpg;5;3
5/05_00383.jpg;5;3
5/05_00384.jpg;5;3
6/06_00001.jpg;6;3
6/06_00002.jpg;6;3
6/06_00003.jpg;6;3
6/06_00004.jpg;6;3
6/06_00005.jpg;6;3
6/06_00006.jpg;6;3
6/06_00007.jpg;6;3
6/06_00008.jpg;6;3
6/06_00009.jpg;6;3
6/06_00010.jpg;6;3
6/06_00011.jpg;6;3
6/06_00012.jpg;6;3
6/06_00013.jpg;6;3
6/06_00014.jpg;6;3
6/06_00015.jpg;6;3
6/06_00016.jpg;6;3
6/06_00017.jpg;6;3
6/06_00018.jpg;6;3
6/06_00019.jpg;6;3
6/06_00020.jpg;6;3
6/06_00021.jpg;6;3
6/06_00022.jpg;6;3
6/06_00023.jpg;6;3
6/06_00024.jpg;6;3
6/06_00025.jpg;6;3
6/06_00026.jpg;6;3
6/06_00027.jpg;6;3
6/06_00028.jpg;6;3
6/06_00029.jpg;6;3
6/06_00030.jpg;6;3
6/06_00031.jpg;6;3
6/06_00032.jpg;6;3
6/06_00033.jpg;6;3
6/06_00034.jpg;6;3
6/06_00035.jpg;6;3
6/06_00036.jpg;6;3
6/06_00037.jpg;6;3
6/06_00038.jpg;6;3
6/06_00039.jpg;6;3
6/06_00040.jpg;6;3
6/06_00041.jpg;6;3
6/06_00042.jpg;6;3
6/06_00043.jpg;6;3
6/06_00044.jpg;6;3
6/06_00045.jpg;6;3
6/06_00046.jpg;6;3
6/06_00047.jpg;6;3
6/06_00048.jpg;6;3
6/06_00049.jpg;6;3
6/06_00050.jpg;6;3
6/06_00051.jpg;6;3
6/06_00052.jpg;6;3
6/06_00053.jpg;6;3
6/06_00054.jpg;6;3
6/06_00055.jpg;6;3
6/06_00056.jpg;6;3
6/06_00057.jpg;6;3
6/06_00058.jpg;6;3
6/06_00059.jpg;6;3
6/06_00060.jpg;6;3
6/06_00061.jpg;6;3
6/06_00062.jpg;6;3
6/06_00063.jpg;6;3
6/06_00064.jpg;6;3
6/06_00065.jpg;6;3
6/06_00066.jpg;6;3
6/06_00067.jpg;6;3
6/06_00068.jpg;6;3
6/06_00069.jpg;6;3
6/06_00070.jpg;6;3
6/06_00071.jpg;6;3
6/06_00072.jpg;6;3
6/06_00073.jpg;6;3
6/06_00074.jpg;6;3
6/06_00075.jpg;6;3
6/06_00076.jpg;6;3
6/06_00077.jpg;6;3
6/06_00078.jpg;6;3
6/06_00079.jpg;6;3
6/06_00080.jpg;6;3
6/06_00081.jpg;6;3
6/06_00082.jpg;6;3
6/06_00083.jpg;6;3
6/06_00084.jpg;6;3
6/06_00085.jpg;6;3
6/06_00086.jpg;6;3
6/06_00087.jpg;6;3
6/06_00088.jpg;6;3
6/06_00089.jpg;6;3
6/06_00090.jpg;6;3
6/06_00091.jpg;6;3
6/06_00092.jpg;6;3
6/06_00093.jpg;6;3
6/06_00094.jpg;6;3
6/06_00095.jpg;6;3
6/06_00096.jpg;6;3
6/06_00097.jpg;6;3
6/06_00098.jpg;6;3
6/06_00099.jpg;6;3
6/06_00100.jpg;6;3
6/06_00101.jpg;6;3
6/06_00102.jpg;6;3
6/06_00103.jpg;6;3
6/06_00104.jpg;6;3
6/06_00105.jpg;6;3
6/06_00106.jpg;6;3
6/06_00107.jpg;6;3
6/06_00108.jpg;6;3
6/06_00109.jpg;6;3
6/06_00110.jpg;6;3
6/06_00111.jpg;6;3
6/06_00112.jpg;6;3
6/06_00113.jpg;6;3
6/06_00114.jpg;6;3
6/06_00115.jpg;6;3
6/06_00116.jpg;6;3
6/06_00117.jpg;6;3
6/06_00118.jpg;6;3
6/06_00119.jpg;6;3
6/06_00120.jpg;6;3
6/06_00121.jpg;6;3
6/06_00122.jpg;6;3
6/06_00123.jpg;6;3
6/06_00124.jpg;6;3
6/06_00125.jpg;6;3
6/06_00126.jpg;6;3
6/06_00127.jpg;6;3
6/06_00128.jpg;6;3
6/06_00129.jpg;6;3
6/06_00130.jpg;6;3
6/06_00131.jpg;6;3
6/06_00132.jpg;6;3
6/06_00133.jpg;6;3
6/06_00134.jpg;6;3
6/06_00135.jpg;6;3
6/06_00136.jpg;6;3
6/06_00137.jpg;6;3
6/06_00138.jpg;6;3
6/06_00139.jpg;6;3
6/06_00140.jpg;6;3
6/06_00141.jpg;6;3
6/06_00142.jpg;6;3
6/06_00143.jpg;6;3
6/06_00144.jpg;6;3
6/06_00145.jpg;6;3
6/06_00146.jpg;6;3
6/06_00147.jpg;6;3
6/06_00148.jpg;6;3
6/06_00149.jpg;6;3
6/06_00150.jpg;6;3
6/06_00151.jpg;6;3
6/06_00152.jpg;6;3
6/06_00153.jpg;6;3
6/06_00154.jpg;6;3
6/06_00155.jpg;6;3
6/06_00156.jpg;6;3
6/06_00157.jpg;6;3
6/06_00158.jpg;6;3
6/06_00159.jpg;6;3
6/06_00160.jpg;6;3
6/06_00161.jpg;6;3
6/06_00162.jpg;6;3
6/06_00163.jpg;6;3
6/06_00164.jpg;6;3
6/06_00165.jpg;6;3
6/06_00166.jpg;6;3
6/06_00167.jpg;6;3
6/06_00168.jpg;6;3
6/06_00169.jpg;6;3
6/06_00170.jpg;6;3
6/06_00171.jpg;6;3
6/06_00172.jpg;6;3
6/06_00173.jpg;6;3
6/06_00174.jpg;6;3
6/06_00175.jpg;6;3
6/06_00176.jpg;6;3
6/06_00177.jpg;6;3
6/06_00178.jpg;6;3
6/06_00179.jpg;6;3
6/06_00180.jpg;6;3
6/06_00181.jpg;6;3
6/06_00182.jpg;6;3
6/06_00183.jpg;6;3
6/06_00184.jpg;6;3
6/06_00185.jpg;6;3
6/06_00186.jpg;6;3
6/06_00187.jpg;6;3
6/06_00188.jpg;6;3
6/06_00189.jpg;6;3
6/06_00190.jpg;6;3
6/06_00191.jpg;6;3
6/06_00192.jpg;6;3
6/06_00193.jpg;6;3
6/06_00194.jpg;6;3
6/06_00195.jpg;6;3
6/06_00196.jpg;6;3
6/06_00197.jpg;6;3
6/06_00198.jpg;6;3
6/06_00199.jpg;6;3
6/06_00200.jpg;6;3
6/06_00201.jpg;6;3
6/06_00202.jpg;6;3
6/06_00203.jpg;6;3
6/06_00204.jpg;6;3
6/06_00205.jpg;6;3
6/06_00206.jpg;6;3
6/06_00207.jpg;6;3
6/06_00208.jpg;6;3
6/06_00209.jpg;6;3
6/06_00210.jpg;6;3
6/06_00211.jpg;6;3
6/06_00212.jpg;6;3
6/06_00213.jpg;6;3
6/06_00214.jpg;6;3
6/06_00215.jpg;6;3
6/06_00216.jpg;6;3
6/06_00217.jpg;6;3
6/06_00218.jpg;6;3
6/06_00219.jpg;6;3
6/06_00220.jpg;6;3
6/06_00221.jpg;6;3
6/06_00222.jpg;6;3
6/06_00223.jpg;6;3
6/06_00224.jpg;6;3
6/06_00225.jpg;6;3
6/06_00226.jpg;6;3
6/06_00227.jpg;6;3
6/06_00228.jpg;6;3
6/06_00229.jpg;6;3
6/06_00230.jpg;6;3
6/06_00231.jpg;6;3
6/06_00232.jpg;6;3
6/06_00233.jpg;6;3
6/06_00234.jpg;6;3
6/06_00235.jpg;6;3
6/06_00236.jpg;6;3
6/06_00237.jpg;6;3
6/06_00238.jpg;6;3
6/06_00239.jpg;6;3
6/06_00240.jpg;6;3
6/06_00241.jpg;6;3
6/06_00242.jpg;6;3
6/06_00243.jpg;6;3
6/06_00244.jpg;6;3
6/06_00245.jpg;6;3
6/06_00246.jpg;6;3
6/06_00247.jpg;6;3
6/06_00248.jpg;6;3
6/06_00249.jpg;6;3
6/06_00250.jpg;6;3
6/06_00251.jpg;6;3
6/06_00252.jpg;6;3
6/06_00253.jpg;6;3
6/06_00254.jpg;6;3
6/06_00255.jpg;6;3
6/06_00256.jpg;6;3
6/06_00257.jpg;6;3
6/06_00258.jpg;6;3
6/06_00259.jpg;6;3
6/06_00260.jpg;6;3
6/06_00261.jpg;6;3
6/06_00262.jpg;6;3
6/06_00263.jpg;6;3
6/06_00264.jpg;6;3
6/06_00265.jpg;6;3
6/06_00266.jpg;6;3
6/06_00267.jpg;6;3
6/06_00268.jpg;6;3
6/06_00269.jpg;6;3
6/06_00270.jpg;6;3
6/06_00271.jpg;6;3
6/06_00272.jpg;6;3
6/06_00273.jpg;6;3
6/06_00274.jpg;6;3
6/06_00275.jpg;6;3
6/06_00276.jpg;6;3
6/06_00277.jpg;6;3
6/06_00278.jpg;6;3
6/06_00279.jpg;6;3
6/06_00280.jpg;6;3
6/06_00281.jpg;6;3
6/06_00282.jpg;6;3
6/06_00283.jpg;6;3
6/06_00284.jpg;6;3
6/06_00285.jpg;6;3
6/06_00286.jpg;6;3
6/06_00287.jpg;6;3
6/06_00288.jpg;6;3
6/06_00289.jpg;6;3
6/06_00290.jpg;6;3
6/06_00291.jpg;6;3
6/06_00292.jpg;6;3
6/06_00293.jpg;6;3
6/06_00294.jpg;6;3
6/06_00295.jpg;6;3
6/06_00296.jpg;6;3
6/06_00297.jpg;6;3
6/06_00298.jpg;6;3
6/06_00299.jpg;6;3
6/06_00300.jpg;6;3
6/06_00301.jpg;6;3
6/06_00302.jpg;6;3
6/06_00303.jpg;6;3
7/07_00001.jpg;7;3
7/07_00002.jpg;7;3
7/07_00003.jpg;7;3
7/07_00004.jpg;7;3
7/07_00005.jpg;7;3
7/07_00006.jpg;7;3
7/07_00007.jpg;7;3
7/07_00008.jpg;7;3
7/07_00009.jpg;7;3
7/07_00010.jpg;7;3
7/07_00011.jpg;7;3
7/07_00012.jpg;7;3
7/07_00013.jpg;7;3
7/07_00014.jpg;7;3
7/07_00015.jpg;7;3
7/07_00016.jpg;7;3
7/07_00017.jpg;7;3
7/07_00018.jpg;7;3
7/07_00019.jpg;7;3
7/07_00020.jpg;7;3
7/07_00021.jpg;7;3
7/07_00022.jpg;7;3
7/07_00023.jpg;7;3
7/07_00024.jpg;7;3
7/07_00025.jpg;7;3
7/07_00026.jpg;7;3
7/07_00027.jpg;7;3
7/07_00028.jpg;7;3
7/07_00029.jpg;7;3
7/07_00030.jpg;7;3
7/07_00031.jpg;7;3
7/07_00032.jpg;7;3
7/07_00033.jpg;7;3
7/07_00034.jpg;7;3
7/07_00035.jpg;7;3
7/07_00036.jpg;7;3
7/07_00037.jpg;7;3
7/07_00038.jpg;7;3
7/07_00039.jpg;7;3
7/07_00040.jpg;7;3
7/07_00041.jpg;7;3
7/07_00042.jpg;7;3
7/07_00043.jpg;7;3
7/07_00044.jpg;7;3
7/07_00045.jpg;7;3
7/07_00046.jpg;7;3
7/07_00047.jpg;7;3
7/07_00048.jpg;7;3
7/07_00049.jpg;7;3
7/07_00050.jpg;7;3
7/07_00051.jpg;7;3
7/07_00052.jpg;7;3
7/07_00053.jpg;7;3
7/07_00054.jpg;7;3
7/07_00055.jpg;7;3
7/07_00056.jpg;7;3
7/07_00057.jpg;7;3
7/07_00058.jpg;7;3
7/07_00059.jpg;7;3
7/07_00060.jpg;7;3
7/07_00061.jpg;7;3
7/07_00062.jpg;7;3
7/07_00063.jpg;7;3
7/07_00064.jpg;7;3
7/07_00065.jpg;7;3
7/07_00066.jpg;7;3
7/07_00067.jpg;7;3
7/07_00068.jpg;7;3
7/07_00069.jpg;7;3
7/07_00070.jpg;7;3
7/07_00071.jpg;7;3
7/07_00072.jpg;7;3
7/07_00073.jpg;7;3
7/07_00074.jpg;7;3
7/07_00075.jpg;7;3
7/07_00076.jpg;7;3
7/07_00077.jpg;7;3
7/07_00078.jpg;7;3
7/07_00079.jpg;7;3
7/07_00080.jpg;7;3
7/07_00081.jpg;7;3
7/07_00082.jpg;7;3
7/07_00083.jpg;7;3
7/07_00084.jpg;7;3
7/07_00085.jpg;7;3
7/07_00086.jpg;7;3
7/07_00087.jpg;7;3
7/07_00088.jpg;7;3
7/07_00089.jpg;7;3
7/07_00090.jpg;7;3
7/07_00091.jpg;7;3
7/07_00092.jpg;7;3
7/07_00093.jpg;7;3
7/07_00094.jpg;7;3
7/07_00095.jpg;7;3
7/07_00096.jpg;7;3
7/07_00097.jpg;7;3
7/07_00098.jpg;7;3
7/07_00099.jpg;7;3
7/07_00100.jpg;7;3
7/07_00101.jpg;7;3
7/07_00102.jpg;7;3
7/07_00103.jpg;7;3
7/07_00104.jpg;7;3
7/07_00105.jpg;7;3
7/07_00106.jpg;7;3
7/07_00107.jpg;7;3
7/07_00108.jpg;7;3
7/07_00109.jpg;7;3
7/07_00110.jpg;7;3
7/07_00111.jpg;7;3
8/08_00001.jpg;8;3
8/08_00002.jpg;8;3
8/08_00003.jpg;8;3
8/08_00004.jpg;8;3
8/08_00005.jpg;8;3
8/08_00006.jpg;8;3
8/08_00007.jpg;8;3
8/08_00008.jpg;8;3
8/08_00009.jpg;8;3
8/08_00010.jpg;8;3
8/08_00011.jpg;8;3
8/08_00012.jpg;8;3
8/08_00013.jpg;8;3
8/08_00014.jpg;8;3
8/08_00015.jpg;8;3
8/08_00016.jpg;8;3
8/08_00017.jpg;8;3
8/08_00018.jpg;8;3
8/08_00019.jpg;8;3
8/08_00020.jpg;8;3
8/08_00021.jpg;8;3
8/08_00022.jpg;8;3
8/08_00023.jpg;8;3
8/08_00024.jpg;8;3
8/08_00025.jpg;8;3
8/08_00026.jpg;8;3
8/08_00027.jpg;8;3
8/08_00028.jpg;8;3
8/08_00029.jpg;8;3
8/08_00030.jpg;8;3
8/08_00031.jpg;8;3
8/08_00032.jpg;8;3
8/08_00033.jpg;8;3
8/08_00034.jpg;8;3
8/08_00035.jpg;8;3
8/08_00036.jpg;8;3
8/08_00037.jpg;8;3
8/08_00038.jpg;8;3
8/08_00039.jpg;8;3
8/08_00040.jpg;8;3
8/08_00041.jpg;8;3
8/08_00042.jpg;8;3
8/08_00043.jpg;8;3
8/08_00044.jpg;8;3
8/08_00045.jpg;8;3
8/08_00046.jpg;8;3
8/08_00047.jpg;8;3
8/08_00048.jpg;8;3
8/08_00049.jpg;8;3
8/08_00050.jpg;8;3
8/08_00051.jpg;8;3
8/08_00052.jpg;8;3
8/08_00053.jpg;8;3
8/08_00054.jpg;8;3
8/08_00055.jpg;8;3
8/08_00056.jpg;8;3
8/08_00057.jpg;8;3
8/08_00058.jpg;8;3
8/08_00059.jpg;8;3
8/08_00060.jpg;8;3
8/08_00061.jpg;8;3
8/08_00062.jpg;8;3
8/08_00063.jpg;8;3
8/08_00064.jpg;8;3
8/08_00065.jpg;8;3
8/08_00066.jpg;8;3
8/08_00067.jpg;8;3
8/08_00068.jpg;8;3
8/08_00069.jpg;8;3
8/08_00070.jpg;8;3
8/08_00071.jpg;8;3
8/08_00072.jpg;8;3
8/08_00073.jpg;8;3
8/08_00074.jpg;8;3
8/08_00075.jpg;8;3
8/08_00076.jpg;8;3
8/08_00077.jpg;8;3
8/08_00078.jpg;8;3
8/08_00079.jpg;8;3
8/08_00080.jpg;8;3
8/08_00081.jpg;8;3
8/08_00082.jpg;8;3
8/08_00083.jpg;8;3
8/08_00084.jpg;8;3
8/08_00085.jpg;8;3
8/08_00086.jpg;8;3
8/08_00087.jpg;8;3
8/08_00088.jpg;8;3
8/08_00089.jpg;8;3
8/08_00090.jpg;8;3
8/08_00091.jpg;8;3
8/08_00092.jpg;8;3
8/08_00093.jpg;8;3
8/08_00094.jpg;8;3
8/08_00095.jpg;8;3
8/08_00096.jpg;8;3
8/08_00097.jpg;8;3
8/08_00098.jpg;8;3
8/08_00099.jpg;8;3
8/08_00100.jpg;8;3
8/08_00101.jpg;8;3
8/08_00102.jpg;8;3
8/08_00103.jpg;8;3
8/08_00104.jpg;8;3
8/08_00105.jpg;8;3
8/08_00106.jpg;8;3
8/08_00107.jpg;8;3
8/08_00108.jpg;8;3
8/08_00109.jpg;8;3
8/08_00110.jpg;8;3
8/08_00111.jpg;8;3
8/08_00112.jpg;8;3
8/08_00113.jpg;8;3
8/08_00114.jpg;8;3
8/08_00115.jpg;8;3
8/08_00116.jpg;8;3
8/08_00117.jpg;8;3
8/08_00118.jpg;8;3
8/08_00119.jpg;8;3
8/08_00120.jpg;8;3
8/08_00121.jpg;8;3
8/08_00122.jpg;8;3
8/08_00123.jpg;8;3
8/08_00124.jpg;8;3
8/08_00125.jpg;8;3
8/08_00126.jpg;8;3
8/08_00127.jpg;8;3
8/08_00128.jpg;8;3
8/08_00129.jpg;8;3
8/08_00130.jpg;8;3
8/08_00131.jpg;8;3
8/08_00132.jpg;8;3
8/08_00133.jpg;8;3
8/08_00134.jpg;8;3
8/08_00135.jpg;8;3
8/08_00136.jpg;8;3
8/08_00137.jpg;8;3
8/08_00138.jpg;8;3
8/08_00139.jpg;8;3
8/08_00140.jpg;8;3
8/08_00141.jpg;8;3
8/08_00142.jpg;8;3
8/08_00143.jpg;8;3
8/08_00144.jpg;8;3
8/08_00145.jpg;8;3
8/08_00146.jpg;8;3
8/08_00147.jpg;8;3
8/08_00148.jpg;8;3
8/08_00149.jpg;8;3
8/08_00150.jpg;8;3
8/08_00151.jpg;8;3
8/08_00152.jpg;8;3
8/08_00153.jpg;8;3
8/08_00154.jpg;8;3
8/08_00155.jpg;8;3
8/08_00156.jpg;8;3
8/08_00157.jpg;8;3
8/08_00158.jpg;8;3
8/08_00159.jpg;8;3
8/08_00160.jpg;8;3
8/08_00161.jpg;8;3
8/08_00162.jpg;8;3
8/08_00163.jpg;8;3
8/08_00164.jpg;8;3
8/08_00165.jpg;8;3
8/08_00166.jpg;8;3
8/08_00167.jpg;8;3
8/08_00168.jpg;8;3
8/08_00169.jpg;8;3
8/08_00170.jpg;8;3
8/08_00171.jpg;8;3
8/08_00172.jpg;8;3
8/08_00173.jpg;8;3
8/08_00174.jpg;8;3
8/08_00175.jpg;8;3
8/08_00176.jpg;8;3
8/08_00177.jpg;8;3
8/08_00178.jpg;8;3
8/08_00179.jpg;8;3
8/08_00180.jpg;8;3
8/08_00181.jpg;8;3
8/08_00182.jpg;8;3
8/08_00183.jpg;8;3
8/08_00184.jpg;8;3
8/08_00185.jpg;8;3
8/08_00186.jpg;8;3
8/08_00187.jpg;8;3
8/08_00188.jpg;8;3
8/08_00189.jpg;8;3
8/08_00190.jpg;8;3
8/08_00191.jpg;8;3
8/08_00192.jpg;8;3
8/08_00193.jpg;8;3
8/08_00194.jpg;8;3
8/08_00195.jpg;8;3
8/08_00196.jpg;8;3
8/08_00197.jpg;8;3
8/08_00198.jpg;8;3
8/08_00199.jpg;8;3
8/08_00200.jpg;8;3
8/08_00201.jpg;8;3
8/08_00202.jpg;8;3
8/08_00203.jpg;8;3
8/08_00204.jpg;8;3
8/08_00205.jpg;8;3
8/08_00206.jpg;8;3
8/08_00207.jpg;8;3
8/08_00208.jpg;8;3
8/08_00209.jpg;8;3
8/08_00210.jpg;8;3
8/08_00211.jpg;8;3
8/08_00212.jpg;8;3
8/08_00213.jpg;8;3
8/08_00214.jpg;8;3
8/08_00215.jpg;8;3
8/08_00216.jpg;8;3
8/08_00217.jpg;8;3
8/08_00218.jpg;8;3
8/08_00219.jpg;8;3
8/08_00220.jpg;8;3
8/08_00221.jpg;8;3
8/08_00222.jpg;8;3
8/08_00223.jpg;8;3
8/08_00224.jpg;8;3
8/08_00225.jpg;8;3
8/08_00226.jpg;8;3
8/08_00227.jpg;8;3
8/08_00228.jpg;8;3
8/08_00229.jpg;8;3
8/08_00230.jpg;8;3
8/08_00231.jpg;8;3
8/08_00232.jpg;8;3
8/08_00233.jpg;8;3
8/08_00234.jpg;8;3
8/08_00235.jpg;8;3
8/08_00236.jpg;8;3
8/08_00237.jpg;8;3
8/08_00238.jpg;8;3
8/08_00239.jpg;8;3
8/08_00240.jpg;8;3
8/08_00241.jpg;8;3
8/08_00242.jpg;8;3
8/08_00243.jpg;8;3
8/08_00244.jpg;8;3
8/08_00245.jpg;8;3
8/08_00246.jpg;8;3
8/08_00247.jpg;8;3
8/08_00248.jpg;8;3
8/08_00249.jpg;8;3
8/08_00250.jpg;8;3
8/08_00251.jpg;8;3
8/08_00252.jpg;8;3
8/08_00253.jpg;8;3
8/08_00254.jpg;8;3
8/08_00255.jpg;8;3
8/08_00256.jpg;8;3
8/08_00257.jpg;8;3
8/08_00258.jpg;8;3
8/08_00259.jpg;8;3
8/08_00260.jpg;8;3
8/08_00261.jpg;8;3
8/08_00262.jpg;8;3
8/08_00263.jpg;8;3
8/08_00264.jpg;8;3
8/08_00265.jpg;8;3
8/08_00266.jpg;8;3
8/08_00267.jpg;8;3
8/08_00268.jpg;8;3
8/08_00269.jpg;8;3
8/08_00270.jpg;8;3
8/08_00271.jpg;8;3
8/08_00272.jpg;8;3
8/08_00273.jpg;8;3
8/08_00274.jpg;8;3
8/08_00275.jpg;8;3
8/08_00276.jpg;8;3
8/08_00277.jpg;8;3
8/08_00278.jpg;8;3
8/08_00279.jpg;8;3
8/08_00280.jpg;8;3
8/08_00281.jpg;8;3
8/08_00282.jpg;8;3
8/08_00283.jpg;8;3
8/08_00284.jpg;8;3
8/08_00285.jpg;8;3
8/08_00286.jpg;8;3
8/08_00287.jpg;8;3
8/08_00288.jpg;8;3
8/08_00289.jpg;8;3
8/08_00290.jpg;8;3
8/08_00291.jpg;8;3
8/08_00292.jpg;8;3
8/08_00293.jpg;8;3
8/08_00294.jpg;8;3
8/08_00295.jpg;8;3
8/08_00296.jpg;8;3
8/08_00297.jpg;8;3
8/08_00298.jpg;8;3
8/08_00299.jpg;8;3
8/08_00300.jpg;8;3
8/08_00301.jpg;8;3
8/08_00302.jpg;8;3
8/08_00303.jpg;8;3
8/08_00304.jpg;8;3
8/08_00305.jpg;8;3
8/08_00306.jpg;8;3
8/08_00307.jpg;8;3
8/08_00308.jpg;8;3
8/08_00309.jpg;8;3
8/08_00310.jpg;8;3
8/08_00311.jpg;8;3
8/08_00312.jpg;8;3
8/08_00313.jpg;8;3
8/08_00314.jpg;8;3
8/08_00315.jpg;8;3
8/08_00316.jpg;8;3
8/08_00317.jpg;8;3
8/08_00318.jpg;8;3
8/08_00319.jpg;8;3
8/08_00320.jpg;8;3
8/08_00321.jpg;8;3
8/08_00322.jpg;8;3
8/08_00323.jpg;8;3
8/08_00324.jpg;8;3
8/08_00325.jpg;8;3
8/08_00326.jpg;8;3
8/08_00327.jpg;8;3
8/08_00328.jpg;8;3
8/08_00329.jpg;8;3
8/08_00330.jpg;8;3
8/08_00331.jpg;8;3
8/08_00332.jpg;8;3
8/08_00333.jpg;8;3
8/08_00334.jpg;8;3
8/08_00335.jpg;8;3
8/08_00336.jpg;8;3
8/08_00337.jpg;8;3
8/08_00338.jpg;8;3
8/08_00339.jpg;8;3
8/08_00340.jpg;8;3
8/08_00341.jpg;8;3
8/08_00342.jpg;8;3
8/08_00343.jpg;8;3
8/08_00344.jpg;8;3
8/08_00345.jpg;8;3
8/08_00346.jpg;8;3
8/08_00347.jpg;8;3
8/08_00348.jpg;8;3
8/08_00349.jpg;8;3
8/08_00350.jpg;8;3
8/08_00351.jpg;8;3
8/08_00352.jpg;8;3
8/08_00353.jpg;8;3
8/08_00354.jpg;8;3
8/08_00355.jpg;8;3
8/08_00356.jpg;8;3
8/08_00357.jpg;8;3
8/08_00358.jpg;8;3
8/08_00359.jpg;8;3
8/08_00360.jpg;8;3
8/08_00361.jpg;8;3
8/08_00362.jpg;8;3
8/08_00363.jpg;8;3
8/08_00364.jpg;8;3
8/08_00365.jpg;8;3
8/08_00366.jpg;8;3
8/08_00367.jpg;8;3
8/08_00368.jpg;8;3
8/08_00369.jpg;8;3
8/08_00370.jpg;8;3
8/08_00371.jpg;8;3
8/08_00372.jpg;8;3
8/08_00373.jpg;8;3
8/08_00374.jpg;8;3
8/08_00375.jpg;8;3
8/08_00376.jpg;8;3
8/08_00377.jpg;8;3
8/08_00378.jpg;8;3
8/08_00379.jpg;8;3
8/08_00380.jpg;8;3
8/08_00381.jpg;8;3
8/08_00382.jpg;8;3
8/08_00383.jpg;8;3
8/08_00384.jpg;8;3
8/08_00385.jpg;8;3
8/08_00386.jpg;8;3
8/08_00387.jpg;8;3
8/08_00388.jpg;8;3
8/08_00389.jpg;8;3
8/08_00390.jpg;8;3
8/08_00391.jpg;8;3
8/08_00392.jpg;8;3
9/09_00001.jpg;9;3
9/09_00002.jpg;9;3
9/09_00003.jpg;9;3
9/09_00004.jpg;9;3
9/09_00005.jpg;9;3
9/09_00006.jpg;9;3
9/09_00007.jpg;9;3
9/09_00008.jpg;9;3
9/09_00009.jpg;9;3
9/09_00010.jpg;9;3
9/09_00011.jpg;9;3
9/09_00012.jpg;9;3
9/09_00013.jpg;9;3
9/09_00014.jpg;9;3
9/09_00015.jpg;9;3
9/09_00016.jpg;9;3
9/09_00017.jpg;9;3
9/09_00018.jpg;9;3
9/09_00019.jpg;9;3
9/09_00020.jpg;9;3
9/09_00021.jpg;9;3
9/09_00022.jpg;9;3
9/09_00023.jpg;9;3
9/09_00024.jpg;9;3
9/09_00025.jpg;9;3
9/09_00026.jpg;9;3
9/09_00027.jpg;9;3
9/09_00028.jpg;9;3
9/09_00029.jpg;9;3
9/09_00030.jpg;9;3
9/09_00031.jpg;9;3
9/09_00032.jpg;9;3
9/09_00033.jpg;9;3
9/09_00034.jpg;9;3
9/09_00035.jpg;9;3
9/09_00036.jpg;9;3
9/09_00037.jpg;9;3
9/09_00038.jpg;9;3
9/09_00039.jpg;9;3
9/09_00040.jpg;9;3
9/09_00041.jpg;9;3
9/09_00042.jpg;9;3
9/09_00043.jpg;9;3
9/09_00044.jpg;9;3
9/09_00045.jpg;9;3
9/09_00046.jpg;9;3
9/09_00047.jpg;9;3
9/09_00048.jpg;9;3
9/09_00049.jpg;9;3
9/09_00050.jpg;9;3
9/09_00051.jpg;9;3
9/09_00052.jpg;9;3
9/09_00053.jpg;9;3
9/09_00054.jpg;9;3
9/09_00055.jpg;9;3
9/09_00056.jpg;9;3
9/09_00057.jpg;9;3
9/09_00058.jpg;9;3
9/09_00059.jpg;9;3
9/09_00060.jpg;9;3
9/09_00061.jpg;9;3
9/09_00062.jpg;9;3
9/09_00063.jpg;9;3
9/09_00064.jpg;9;3
9/09_00065.jpg;9;3
9/09_00066.jpg;9;3
9/09_00067.jpg;9;3
9/09_00068.jpg;9;3
9/09_00069.jpg;9;3
9/09_00070.jpg;9;3
9/09_00071.jpg;9;3
9/09_00072.jpg;9;3
9/09_00073.jpg;9;3
9/09_00074.jpg;9;3
9/09_00075.jpg;9;3
9/09_00076.jpg;9;3
9/09_00077.jpg;9;3
9/09_00078.jpg;9;3
9/09_00079.jpg;9;3
9/09_00080.jpg;9;3
9/09_00081.jpg;9;3
9/09_00082.jpg;9;3
9/09_00083.jpg;9;3
9/09_00084.jpg;9;3
9/09_00085.jpg;9;3
9/09_00086.jpg;9;3
9/09_00087.jpg;9;3
9/09_00088.jpg;9;3
9/09_00089.jpg;9;3
9/09_00090.jpg;9;3
9/09_00091.jpg;9;3
9/09_00092.jpg;9;3
9/09_00093.jpg;9;3
9/09_00094.jpg;9;3
9/09_00095.jpg;9;3
9/09_00096.jpg;9;3
9/09_00097.jpg;9;3
9/09_00098.jpg;9;3
9/09_00099.jpg;9;3
9/09_00100.jpg;9;3
9/09_00101.jpg;9;3
9/09_00102.jpg;9;3
9/09_00103.jpg;9;3
9/09_00104.jpg;9;3
9/09_00105.jpg;9;3
9/09_00106.jpg;9;3
9/09_00107.jpg;9;3
9/09_00108.jpg;9;3
9/09_00109.jpg;9;3
9/09_00110.jpg;9;3
9/09_00111.jpg;9;3
9/09_00112.jpg;9;3
9/09_00113.jpg;9;3
9/09_00114.jpg;9;3
9/09_00115.jpg;9;3
9/09_00116.jpg;9;3
9/09_00117.jpg;9;3
9/09_00118.jpg;9;3
9/09_00119.jpg;9;3
9/09_00120.jpg;9;3
9/09_00121.jpg;9;3
9/09_00122.jpg;9;3
9/09_00123.jpg;9;3
9/09_00124.jpg;9;3
9/09_00125.jpg;9;3
9/09_00126.jpg;9;3
9/09_00127.jpg;9;3
9/09_00128.jpg;9;3
9/09_00129.jpg;9;3
9/09_00130.jpg;9;3
9/09_00131.jpg;9;3
9/09_00132.jpg;9;3
9/09_00133.jpg;9;3
9/09_00134.jpg;9;3
9/09_00135.jpg;9;3
9/09_00136.jpg;9;3
9/09_00137.jpg;9;3
9/09_00138.jpg;9;3
9/09_00139.jpg;9;3
9/09_00140.jpg;9;3
9/09_00141.jpg;9;3
9/09_00142.jpg;9;3
9/09_00143.jpg;9;3
9/09_00144.jpg;9;3
9/09_00145.jpg;9;3
9/09_00146.jpg;9;3
9/09_00147.jpg;9;3
9/09_00148.jpg;9;3
9/09_00149.jpg;9;3
9/09_00150.jpg;9;3
9/09_00151.jpg;9;3
9/09_00152.jpg;9;3
9/09_00153.jpg;9;3
9/09_00154.jpg;9;3
9/09_00155.jpg;9;3
9/09_00156.jpg;9;3
9/09_00157.jpg;9;3
9/09_00158.jpg;9;3
9/09_00159.jpg;9;3
9/09_00160.jpg;9;3
9/09_00161.jpg;9;3
9/09_00162.jpg;9;3
9/09_00163.jpg;9;3
9/09_00164.jpg;9;3
9/09_00165.jpg;9;3
9/09_00166.jpg;9;3
9/09_00167.jpg;9;3
9/09_00168.jpg;9;3
9/09_00169.jpg;9;3
9/09_00170.jpg;9;3
9/09_00171.jpg;9;3
9/09_00172.jpg;9;3
9/09_00173.jpg;9;3
9/09_00174.jpg;9;3
9/09_00175.jpg;9;3
9/09_00176.jpg;9;3
9/09_00177.jpg;9;3
9/09_00178.jpg;9;3
9/09_00179.jpg;9;3
9/09_00180.jpg;9;3
9/09_00181.jpg;9;3
9/09_00182.jpg;9;3
9/09_00183.jpg;9;3
9/09_00184.jpg;9;3
9/09_00185.jpg;9;3
9/09_00186.jpg;9;3
9/09_00187.jpg;9;3
9/09_00188.jpg;9;3
9/09_00189.jpg;9;3
9/09_00190.jpg;9;3
9/09_00191.jpg;9;3
9/09_00192.jpg;9;3
9/09_00193.jpg;9;3
9/09_00194.jpg;9;3
9/09_00195.jpg;9;3
9/09_00196.jpg;9;3
9/09_00197.jpg;9;3
9/09_00198.jpg;9;3
9/09_00199.jpg;9;3
9/09_00200.jpg;9;3
9/09_00201.jpg;9;3
9/09_00202.jpg;9;3
9/09_00203.jpg;9;3
9/09_00204.jpg;9;3
9/09_00205.jpg;9;3
9/09_00206.jpg;9;3
9/09_00207.jpg;9;3
9/09_00208.jpg;9;3
9/09_00209.jpg;9;3
9/09_00210.jpg;9;3
9/09_00211.jpg;9;3
9/09_00212.jpg;9;3
9/09_00213.jpg;9;3
9/09_00214.jpg;9;3
9/09_00215.jpg;9;3
9/09_00216.jpg;9;3
9/09_00217.jpg;9;3
9/09_00218.jpg;9;3
9/09_00219.jpg;9;3
9/09_00220.jpg;9;3
9/09_00221.jpg;9;3
9/09_00222.jpg;9;3
9/09_00223.jpg;9;3
9/09_00224.jpg;9;3
9/09_00225.jpg;9;3
9/09_00226.jpg;9;3
9/09_00227.jpg;9;3
9/09_00228.jpg;9;3
9/09_00229.jpg;9;3
9/09_00230.jpg;9;3
9/09_00231.jpg;9;3
9/09_00232.jpg;9;3
9/09_00233.jpg;9;3
9/09_00234.jpg;9;3
9/09_00235.jpg;9;3
9/09_00236.jpg;9;3
9/09_00237.jpg;9;3
9/09_00238.jpg;9;3
9/09_00239.jpg;9;3
9/09_00240.jpg;9;3
9/09_00241.jpg;9;3
9/09_00242.jpg;9;3
9/09_00243.jpg;9;3
9/09_00244.jpg;9;3
9/09_00245.jpg;9;3
9/09_00246.jpg;9;3
9/09_00247.jpg;9;3
9/09_00248.jpg;9;3
9/09_00249.jpg;9;3
9/09_00250.jpg;9;3
9/09_00251.jpg;9;3
9/09_00252.jpg;9;3
9/09_00253.jpg;9;3
9/09_00254.jpg;9;3
9/09_00255.jpg;9;3
9/09_00256.jpg;9;3
9/09_00257.jpg;9;3
9/09_00258.jpg;9;3
9/09_00259.jpg;9;3
9/09_00260.jpg;9;3
9/09_00261.jpg;9;3
9/09_00262.jpg;9;3
9/09_00263.jpg;9;3
9/09_00264.jpg;9;3
9/09_00265.jpg;9;3
9/09_00266.jpg;9;3
9/09_00267.jpg;9;3
9/09_00268.jpg;9;3
9/09_00269.jpg;9;3
9/09_00270.jpg;9;3
10/10_00001.jpg;10;3
10/10_00002.jpg;10;3
10/10_00003.jpg;10;3
10/10_00004.jpg;10;3
10/10_00005.jpg;10;3
10/10_00006.jpg;10;3
10/10_00007.jpg;10;3
10/10_00008.jpg;10;3
10/10_00009.jpg;10;3
10/10_00010.jpg;10;3
10/10_00011.jpg;10;3
10/10_00012.jpg;10;3
10/10_00013.jpg;10;3
10/10_00014.jpg;10;3
10/10_00015.jpg;10;3
10/10_00016.jpg;10;3
10/10_00017.jpg;10;3
10/10_00018.jpg;10;3
10/10_00019.jpg;10;3
10/10_00020.jpg;10;3
10/10_00021.jpg;10;3
10/10_00022.jpg;10;3
10/10_00023.jpg;10;3
10/10_00024.jpg;10;3
10/10_00025.jpg;10;3
10/10_00026.jpg;10;3
10/10_00027.jpg;10;3
10/10_00028.jpg;10;3
10/10_00029.jpg;10;3
10/10_00030.jpg;10;3
10/10_00031.jpg;10;3
10/10_00032.jpg;10;3
10/10_00033.jpg;10;3
10/10_00034.jpg;10;3
10/10_00035.jpg;10;3
10/10_00036.jpg;10;3
10/10_00037.jpg;10;3
10/10_00038.jpg;10;3
10/10_00039.jpg;10;3
10/10_00040.jpg;10;3
10/10_00041.jpg;10;3
10/10_00042.jpg;10;3
10/10_00043.jpg;10;3
10/10_00044.jpg;10;3
10/10_00045.jpg;10;3
10/10_00046.jpg;10;3
10/10_00047.jpg;10;3
10/10_00048.jpg;10;3
10/10_00049.jpg;10;3
10/10_00050.jpg;10;3
10/10_00051.jpg;10;3
10/10_00052.jpg;10;3
10/10_00053.jpg;10;3
10/10_00054.jpg;10;3
10/10_00055.jpg;10;3
10/10_00056.jpg;10;3
10/10_00057.jpg;10;3
10/10_00058.jpg;10;3
10/10_00059.jpg;10;3
10/10_00060.jpg;10;3
10/10_00061.jpg;10;3
10/10_00062.jpg;10;3
10/10_00063.jpg;10;3
10/10_00064.jpg;10;3
10/10_00065.jpg;10;3
10/10_00066.jpg;10;3
10/10_00067.jpg;10;3
10/10_00068.jpg;10;3
10/10_00069.jpg;10;3
10/10_00070.jpg;10;3
10/10_00071.jpg;10;3
10/10_00072.jpg;10;3
10/10_00073.jpg;10;3
10/10_00074.jpg;10;3
10/10_00075.jpg;10;3
10/10_00076.jpg;10;3
10/10_00077.jpg;10;3
10/10_00078.jpg;10;3
10/10_00079.jpg;10;3
10/10_00080.jpg;10;3
10/10_00081.jpg;10;3
10/10_00082.jpg;10;3
10/10_00083.jpg;10;3
10/10_00084.jpg;10;3
10/10_00085.jpg;10;3
10/10_00086.jpg;10;3
10/10_00087.jpg;10;3
10/10_00088.jpg;10;3
10/10_00089.jpg;10;3
10/10_00090.jpg;10;3
10/10_00091.jpg;10;3
10/10_00092.jpg;10;3
10/10_00093.jpg;10;3
10/10_00094.jpg;10;3
10/10_00095.jpg;10;3
10/10_00096.jpg;10;3
10/10_00097.jpg;10;3
10/10_00098.jpg;10;3
10/10_00099.jpg;10;3
10/10_00100.jpg;10;3
10/10_00101.jpg;10;3
10/10_00102.jpg;10;3
10/10_00103.jpg;10;3
10/10_00104.jpg;10;3
10/10_00105.jpg;10;3
10/10_00106.jpg;10;3
10/10_00107.jpg;10;3
10/10_00108.jpg;10;3
10/10_00109.jpg;10;3
10/10_00110.jpg;10;3
10/10_00111.jpg;10;3
10/10_00112.jpg;10;3
10/10_00113.jpg;10;3
10/10_00114.jpg;10;3
10/10_00115.jpg;10;3
10/10_00116.jpg;10;3
10/10_00117.jpg;10;3
10/10_00118.jpg;10;3
10/10_00119.jpg;10;3
10/10_00120.jpg;10;3
10/10_00121.jpg;10;3
10/10_00122.jpg;10;3
10/10_00123.jpg;10;3
10/10_00124.jpg;10;3
10/10_00125.jpg;10;3
10/10_00126.jpg;10;3
10/10_00127.jpg;10;3
10/10_00128.jpg;10;3
10/10_00129.jpg;10;3
10/10_00130.jpg;10;3
10/10_00131.jpg;10;3
10/10_00132.jpg;10;3
10/10_00133.jpg;10;3
10/10_00134.jpg;10;3
10/10_00135.jpg;10;3
10/10_00136.jpg;10;3
10/10_00137.jpg;10;3
10/10_00138.jpg;10;3
10/10_00139.jpg;10;3
10/10_00140.jpg;10;3
10/10_00141.jpg;10;3
10/10_00142.jpg;10;3
10/10_00143.jpg;10;3
10/10_00144.jpg;10;3
10/10_00145.jpg;10;3
10/10_00146.jpg;10;3
10/10_00147.jpg;10;3
10/10_00148.jpg;10;3
10/10_00149.jpg;10;3
10/10_00150.jpg;10;3
10/10_00151.jpg;10;3
10/10_00152.jpg;10;3
10/10_00153.jpg;10;3
10/10_00154.jpg;10;3
10/10_00155.jpg;10;3
10/10_00156.jpg;10;3
10/10_00157.jpg;10;3
10/10_00158.jpg;10;3
10/10_00159.jpg;10;3
10/10_00160.jpg;10;3
10/10_00161.jpg;10;3
10/10_00162.jpg;10;3
10/10_00163.jpg;10;3
10/10_00164.jpg;10;3
10/10_00165.jpg;10;3
10/10_00166.jpg;10;3
10/10_00167.jpg;10;3
10/10_00168.jpg;10;3
10/10_00169.jpg;10;3
10/10_00170.jpg;10;3
10/10_00171.jpg;10;3
10/10_00172.jpg;10;3
10/10_00173.jpg;10;3
10/10_00174.jpg;10;3
10/10_00175.jpg;10;3
10/10_00176.jpg;10;3
10/10_00177.jpg;10;3
10/10_00178.jpg;10;3
10/10_00179.jpg;10;3
10/10_00180.jpg;10;3
10/10_00181.jpg;10;3
10/10_00182.jpg;10;3
10/10_00183.jpg;10;3
10/10_00184.jpg;10;3
10/10_00185.jpg;10;3
10/10_00186.jpg;10;3
10/10_00187.jpg;10;3
10/10_00188.jpg;10;3
10/10_00189.jpg;10;3
10/10_00190.jpg;10;3
10/10_00191.jpg;10;3
10/10_00192.jpg;10;3
10/10_00193.jpg;10;3
10/10_00194.jpg;10;3
10/10_00195.jpg;10;3
10/10_00196.jpg;10;3
10/10_00197.jpg;10;3
10/10_00198.jpg;10;3
10/10_00199.jpg;10;3
10/10_00200.jpg;10;3
10/10_00201.jpg;10;3
10/10_00202.jpg;10;3
10/10_00203.jpg;10;3
10/10_00204.jpg;10;3
10/10_00205.jpg;10;3
10/10_00206.jpg;10;3
10/10_00207.jpg;10;3
10/10_00208.jpg;10;3
10/10_00209.jpg;10;3
10/10_00210.jpg;10;3
10/10_00211.jpg;10;3
10/10_00212.jpg;10;3
10/10_00213.jpg;10;3
10/10_00214.jpg;10;3
10/10_00215.jpg;10;3
10/10_00216.jpg;10;3
10/10_00217.jpg;10;3
10/10_00218.jpg;10;3
10/10_00219.jpg;10;3
10/10_00220.jpg;10;3
10/10_00221.jpg;10;3
10/10_00222.jpg;10;3
10/10_00223.jpg;10;3
10/10_00224.jpg;10;3
10/10_00225.jpg;10;3
10/10_00226.jpg;10;3
10/10_00227.jpg;10;3
10/10_00228.jpg;10;3
10/10_00229.jpg;10;3
10/10_00230.jpg;10;3
10/10_00231.jpg;10;3
10/10_00232.jpg;10;3
10/10_00233.jpg;10;3
10/10_00234.jpg;10;3
10/10_00235.jpg;10;3
10/10_00236.jpg;10;3
10/10_00237.jpg;10;3
10/10_00238.jpg;10;3
10/10_00239.jpg;10;3
10/10_00240.jpg;10;3
10/10_00241.jpg;10;3
10/10_00242.jpg;10;3
10/10_00243.jpg;10;3
10/10_00244.jpg;10;3
10/10_00245.jpg;10;3
10/10_00246.jpg;10;3
10/10_00247.jpg;10;3
10/10_00248.jpg;10;3
10/10_00249.jpg;10;3
10/10_00250.jpg;10;3
10/10_00251.jpg;10;3
10/10_00252.jpg;10;3
10/10_00253.jpg;10;3
10/10_00254.jpg;10;3
10/10_00255.jpg;10;3
10/10_00256.jpg;10;3
10/10_00257.jpg;10;3
10/10_00258.jpg;10;3
10/10_00259.jpg;10;3
10/10_00260.jpg;10;3
10/10_00261.jpg;10;3
10/10_00262.jpg;10;3
10/10_00263.jpg;10;3
10/10_00264.jpg;10;3
10/10_00265.jpg;10;3
10/10_00266.jpg;10;3
10/10_00267.jpg;10;3
10/10_00268.jpg;10;3
10/10_00269.jpg;10;3
10/10_00270.jpg;10;3
10/10_00271.jpg;10;3
10/10_00272.jpg;10;3
10/10_00273.jpg;10;3
10/10_00274.jpg;10;3
10/10_00275.jpg;10;3
10/10_00276.jpg;10;3
10/10_00277.jpg;10;3
10/10_00278.jpg;10;3
10/10_00279.jpg;10;3
10/10_00280.jpg;10;3
10/10_00281.jpg;10;3
10/10_00282.jpg;10;3
10/10_00283.jpg;10;3
10/10_00284.jpg;10;3
10/10_00285.jpg;10;3
10/10_00286.jpg;10;3
10/10_00287.jpg;10;3
10/10_00288.jpg;10;3
10/10_00289.jpg;10;3
10/10_00290.jpg;10;3
10/10_00291.jpg;10;3
10/10_00292.jpg;10;3
10/10_00293.jpg;10;3
10/10_00294.jpg;10;3
10/10_00295.jpg;10;3
10/10_00296.jpg;10;3
10/10_00297.jpg;10;3
10/10_00298.jpg;10;3
10/10_00299.jpg;10;3
10/10_00300.jpg;10;3
10/10_00301.jpg;10;3
10/10_00302.jpg;10;3
10/10_00303.jpg;10;3
10/10_00304.jpg;10;3
10/10_00305.jpg;10;3
10/10_00306.jpg;10;3
10/10_00307.jpg;10;3
10/10_00308.jpg;10;3
10/10_00309.jpg;10;3
10/10_00310.jpg;10;3
10/10_00311.jpg;10;3
10/10_00312.jpg;10;3
10/10_00313.jpg;10;3
10/10_00314.jpg;10;3
10/10_00315.jpg;10;3
10/10_00316.jpg;10;3
10/10_00317.jpg;10;3
10/10_00318.jpg;10;3
10/10_00319.jpg;10;3
10/10_00320.jpg;10;3
10/10_00321.jpg;10;3
10/10_00322.jpg;10;3
10/10_00323.jpg;10;3
10/10_00324.jpg;10;3
10/10_00325.jpg;10;3
10/10_00326.jpg;10;3
10/10_00327.jpg;10;3
10/10_00328.jpg;10;3
10/10_00329.jpg;10;3
10/10_00330.jpg;10;3
10/10_00331.jpg;10;3
10/10_00332.jpg;10;3
10/10_00333.jpg;10;3
10/10_00334.jpg;10;3
10/10_00335.jpg;10;3
10/10_00336.jpg;10;3
10/10_00337.jpg;10;3
10/10_00338.jpg;10;3
10/10_00339.jpg;10;3
10/10_00340.jpg;10;3
10/10_00341.jpg;10;3
10/10_00342.jpg;10;3
10/10_00343.jpg;10;3
10/10_00344.jpg;10;3
10/10_00345.jpg;10;3
10/10_00346.jpg;10;3
10/10_00347.jpg;10;3
10/10_00348.jpg;10;3
10/10_00349.jpg;10;3
10/10_00350.jpg;10;3
10/10_00351.jpg;10;3
10/10_00352.jpg;10;3
10/10_00353.jpg;10;3
10/10_00354.jpg;10;3
10/10_00355.jpg;10;3
10/10_00356.jpg;10;3
10/10_00357.jpg;10;3
10/10_00358.jpg;10;3
10/10_00359.jpg;10;3
10/10_00360.jpg;10;3
10/10_00361.jpg;10;3
10/10_00362.jpg;10;3
10/10_00363.jpg;10;3
10/10_00364.jpg;10;3
10/10_00365.jpg;10;3
10/10_00366.jpg;10;3
10/10_00367.jpg;10;3
10/10_00368.jpg;10;3
10/10_00369.jpg;10;3
10/10_00370.jpg;10;3
10/10_00371.jpg;10;3
10/10_00372.jpg;10;3
10/10_00373.jpg;10;3
10/10_00374.jpg;10;3
10/10_00375.jpg;10;3
10/10_00376.jpg;10;3
10/10_00377.jpg;10;3
10/10_00378.jpg;10;3
10/10_00379.jpg;10;3
10/10_00380.jpg;10;3
10/10_00381.jpg;10;3
10/10_00382.jpg;10;3
10/10_00383.jpg;10;3
10/10_00384.jpg;10;3
10/10_00385.jpg;10;3
10/10_00386.jpg;10;3
10/10_00387.jpg;10;3
10/10_00388.jpg;10;3
10/10_00389.jpg;10;3
10/10_00390.jpg;10;3
10/10_00391.jpg;10;3
10/10_00392.jpg;10;3
10/10_00393.jpg;10;3
10/10_00394.jpg;10;3
10/10_00395.jpg;10;3
10/10_00396.jpg;10;3
10/10_00397.jpg;10;3
10/10_00398.jpg;10;3
10/10_00399.jpg;10;3
10/10_00400.jpg;10;3
10/10_00401.jpg;10;3
10/10_00402.jpg;10;3
10/10_00403.jpg;10;3
10/10_00404.jpg;10;3
10/10_00405.jpg;10;3
10/10_00406.jpg;10;3
10/10_00407.jpg;10;3
10/10_00408.jpg;10;3
10/10_00409.jpg;10;3
10/10_00410.jpg;10;3
10/10_00411.jpg;10;3
10/10_00412.jpg;10;3
10/10_00413.jpg;10;3
10/10_00414.jpg;10;3
10/10_00415.jpg;10;3
10/10_00416.jpg;10;3
10/10_00417.jpg;10;3
10/10_00418.jpg;10;3
10/10_00419.jpg;10;3
10/10_00420.jpg;10;3
10/10_00421.jpg;10;3
10/10_00422.jpg;10;3
10/10_00423.jpg;10;3
10/10_00424.jpg;10;3
10/10_00425.jpg;10;3
10/10_00426.jpg;10;3
10/10_00427.jpg;10;3
10/10_00428.jpg;10;3
10/10_00429.jpg;10;3
10/10_00430.jpg;10;3
10/10_00431.jpg;10;3
10/10_00432.jpg;10;3
10/10_00433.jpg;10;3
10/10_00434.jpg;10;3
10/10_00435.jpg;10;3
10/10_00436.jpg;10;3
10/10_00437.jpg;10;3
10/10_00438.jpg;10;3
10/10_00439.jpg;10;3
10/10_00440.jpg;10;3
10/10_00441.jpg;10;3
10/10_00442.jpg;10;3
10/10_00443.jpg;10;3
10/10_00444.jpg;10;3
10/10_00445.jpg;10;3
10/10_00446.jpg;10;3
10/10_00447.jpg;10;3
10/10_00448.jpg;10;3
10/10_00449.jpg;10;3
10/10_00450.jpg;10;3
10/10_00451.jpg;10;3
10/10_00452.jpg;10;3
10/10_00453.jpg;10;3
10/10_00454.jpg;10;3
10/10_00455.jpg;10;3
10/10_00456.jpg;10;3
10/10_00457.jpg;10;3
10/10_00458.jpg;10;3
10/10_00459.jpg;10;3
10/10_00460.jpg;10;3
10/10_00461.jpg;10;3
10/10_00462.jpg;10;3
10/10_00463.jpg;10;3
10/10_00464.jpg;10;3
10/10_00465.jpg;10;3
10/10_00466.jpg;10;3
10/10_00467.jpg;10;3
10/10_00468.jpg;10;3
10/10_00469.jpg;10;3
10/10_00470.jpg;10;3
10/10_00471.jpg;10;3
10/10_00472.jpg;10;3
10/10_00473.jpg;10;3
10/10_00474.jpg;10;3
10/10_00475.jpg;10;3
10/10_00476.jpg;10;3
10/10_00477.jpg;10;3
11/11_00001.jpg;11;3
11/11_00002.jpg;11;3
11/11_00003.jpg;11;3
11/11_00004.jpg;11;3
11/11_00005.jpg;11;3
11/11_00006.jpg;11;3
11/11_00007.jpg;11;3
11/11_00008.jpg;11;3
11/11_00009.jpg;11;3
11/11_00010.jpg;11;3
11/11_00011.jpg;11;3
11/11_00012.jpg;11;3
11/11_00013.jpg;11;3
11/11_00014.jpg;11;3
11/11_00015.jpg;11;3
11/11_00016.jpg;11;3
11/11_00017.jpg;11;3
11/11_00018.jpg;11;3
11/11_00019.jpg;11;3
11/11_00020.jpg;11;3
11/11_00021.jpg;11;3
11/11_00022.jpg;11;3
11/11_00023.jpg;11;3
11/11_00024.jpg;11;3
11/11_00025.jpg;11;3
11/11_00026.jpg;11;3
11/11_00027.jpg;11;3
11/11_00028.jpg;11;3
11/11_00029.jpg;11;3
11/11_00030.jpg;11;3
11/11_00031.jpg;11;3
11/11_00032.jpg;11;3
11/11_00033.jpg;11;3
11/11_00034.jpg;11;3
11/11_00035.jpg;11;3
11/11_00036.jpg;11;3
11/11_00037.jpg;11;3
11/11_00038.jpg;11;3
11/11_00039.jpg;11;3
11/11_00040.jpg;11;3
11/11_00041.jpg;11;3
11/11_00042.jpg;11;3
11/11_00043.jpg;11;3
11/11_00044.jpg;11;3
11/11_00045.jpg;11;3
11/11_00046.jpg;11;3
11/11_00047.jpg;11;3
11/11_00048.jpg;11;3
11/11_00049.jpg;11;3
11/11_00050.jpg;11;3
11/11_00051.jpg;11;3
11/11_00052.jpg;11;3
11/11_00053.jpg;11;3
11/11_00054.jpg;11;3
11/11_00055.jpg;11;3
11/11_00056.jpg;11;3
11/11_00057.jpg;11;3
11/11_00058.jpg;11;3
11/11_00059.jpg;11;3
11/11_00060.jpg;11;3
11/11_00061.jpg;11;3
11/11_00062.jpg;11;3
11/11_00063.jpg;11;3
11/11_00064.jpg;11;3
11/11_00065.jpg;11;3
11/11_00066.jpg;11;3
11/11_00067.jpg;11;3
11/11_00068.jpg;11;3
11/11_00069.jpg;11;3
11/11_00070.jpg;11;3
11/11_00071.jpg;11;3
11/11_00072.jpg;11;3
11/11_00073.jpg;11;3
11/11_00074.jpg;11;3
11/11_00075.jpg;11;3
11/11_00076.jpg;11;3
11/11_00077.jpg;11;3
11/11_00078.jpg;11;3
11/11_00079.jpg;11;3
11/11_00080.jpg;11;3
11/11_00081.jpg;11;3
11/11_00082.jpg;11;3
11/11_00083.jpg;11;3
11/11_00084.jpg;11;3
11/11_00085.jpg;11;3
11/11_00086.jpg;11;3
11/11_00087.jpg;11;3
11/11_00088.jpg;11;3
11/11_00089.jpg;11;3
11/11_00090.jpg;11;3
11/11_00091.jpg;11;3
11/11_00092.jpg;11;3
11/11_00093.jpg;11;3
11/11_00094.jpg;11;3
11/11_00095.jpg;11;3
11/11_00096.jpg;11;3
11/11_00097.jpg;11;3
11/11_00098.jpg;11;3
11/11_00099.jpg;11;3
11/11_00100.jpg;11;3
11/11_00101.jpg;11;3
11/11_00102.jpg;11;3
11/11_00103.jpg;11;3
11/11_00104.jpg;11;3
11/11_00105.jpg;11;3
11/11_00106.jpg;11;3
11/11_00107.jpg;11;3
11/11_00108.jpg;11;3
11/11_00109.jpg;11;3
11/11_00110.jpg;11;3
11/11_00111.jpg;11;3
11/11_00112.jpg;11;3
11/11_00113.jpg;11;3
11/11_00114.jpg;11;3
11/11_00115.jpg;11;3
11/11_00116.jpg;11;3
11/11_00117.jpg;11;3
11/11_00118.jpg;11;3
11/11_00119.jpg;11;3
11/11_00120.jpg;11;3
11/11_00121.jpg;11;3
11/11_00122.jpg;11;3
11/11_00123.jpg;11;3
11/11_00124.jpg;11;3
11/11_00125.jpg;11;3
11/11_00126.jpg;11;3
11/11_00127.jpg;11;3
11/11_00128.jpg;11;3
11/11_00129.jpg;11;3
11/11_00130.jpg;11;3
11/11_00131.jpg;11;3
11/11_00132.jpg;11;3
11/11_00133.jpg;11;3
11/11_00134.jpg;11;3
11/11_00135.jpg;11;3
11/11_00136.jpg;11;3
11/11_00137.jpg;11;3
11/11_00138.jpg;11;3
11/11_00139.jpg;11;3
11/11_00140.jpg;11;3
11/11_00141.jpg;11;3
11/11_00142.jpg;11;3
11/11_00143.jpg;11;3
11/11_00144.jpg;11;3
11/11_00145.jpg;11;3
11/11_00146.jpg;11;3
11/11_00147.jpg;11;3
11/11_00148.jpg;11;3
12/12_00001.jpg;12;3
12/12_00002.jpg;12;3
12/12_00003.jpg;12;3
12/12_00004.jpg;12;3
12/12_00005.jpg;12;3
12/12_00006.jpg;12;3
12/12_00007.jpg;12;3
12/12_00008.jpg;12;3
12/12_00009.jpg;12;3
12/12_00010.jpg;12;3
12/12_00011.jpg;12;3
12/12_00012.jpg;12;3
12/12_00013.jpg;12;3
12/12_00014.jpg;12;3
12/12_00015.jpg;12;3
12/12_00016.jpg;12;3
12/12_00017.jpg;12;3
12/12_00018.jpg;12;3
12/12_00019.jpg;12;3
12/12_00020.jpg;12;3
12/12_00021.jpg;12;3
12/12_00022.jpg;12;3
12/12_00023.jpg;12;3
12/12_00024.jpg;12;3
12/12_00025.jpg;12;3
12/12_00026.jpg;12;3
12/12_00027.jpg;12;3
12/12_00028.jpg;12;3
12/12_00029.jpg;12;3
12/12_00030.jpg;12;3
12/12_00031.jpg;12;3
12/12_00032.jpg;12;3
12/12_00033.jpg;12;3
12/12_00034.jpg;12;3
12/12_00035.jpg;12;3
12/12_00036.jpg;12;3
12/12_00037.jpg;12;3
12/12_00038.jpg;12;3
12/12_00039.jpg;12;3
12/12_00040.jpg;12;3
12/12_00041.jpg;12;3
12/12_00042.jpg;12;3
12/12_00043.jpg;12;3
12/12_00044.jpg;12;3
12/12_00045.jpg;12;3
12/12_00046.jpg;12;3
12/12_00047.jpg;12;3
12/12_00048.jpg;12;3
12/12_00049.jpg;12;3
12/12_00050.jpg;12;3
12/12_00051.jpg;12;3
12/12_00052.jpg;12;3
12/12_00053.jpg;12;3
12/12_00054.jpg;12;3
12/12_00055.jpg;12;3
12/12_00056.jpg;12;3
12/12_00057.jpg;12;3
12/12_00058.jpg;12;3
12/12_00059.jpg;12;3
12/12_00060.jpg;12;3
12/12_00061.jpg;12;3
12/12_00062.jpg;12;3
12/12_00063.jpg;12;3
12/12_00064.jpg;12;3
12/12_00065.jpg;12;3
12/12_00066.jpg;12;3
12/12_00067.jpg;12;3
12/12_00068.jpg;12;3
12/12_00069.jpg;12;3
12/12_00070.jpg;12;3
12/12_00071.jpg;12;3
12/12_00072.jpg;12;3
12/12_00073.jpg;12;3
12/12_00074.jpg;12;3
12/12_00075.jpg;12;3
12/12_00076.jpg;12;3
12/12_00077.jpg;12;3
12/12_00078.jpg;12;3
12/12_00079.jpg;12;3
12/12_00080.jpg;12;3
12/12_00081.jpg;12;3
12/12_00082.jpg;12;3
12/12_00083.jpg;12;3
12/12_00084.jpg;12;3
12/12_00085.jpg;12;3
12/12_00086.jpg;12;3
12/12_00087.jpg;12;3
12/12_00088.jpg;12;3
12/12_00089.jpg;12;3
12/12_00090.jpg;12;3
12/12_00091.jpg;12;3
12/12_00092.jpg;12;3
12/12_00093.jpg;12;3
12/12_00094.jpg;12;3
12/12_00095.jpg;12;3
12/12_00096.jpg;12;3
12/12_00097.jpg;12;3
12/12_00098.jpg;12;3
12/12_00099.jpg;12;3
12/12_00100.jpg;12;3
12/12_00101.jpg;12;3
12/12_00102.jpg;12;3
12/12_00103.jpg;12;3
12/12_00104.jpg;12;3
12/12_00105.jpg;12;3
12/12_00106.jpg;12;3
12/12_00107.jpg;12;3
12/12_00108.jpg;12;3
12/12_00109.jpg;12;3
12/12_00110.jpg;12;3
12/12_00111.jpg;12;3
12/12_00112.jpg;12;3
12/12_00113.jpg;12;3
12/12_00114.jpg;12;3
12/12_00115.jpg;12;3
12/12_00116.jpg;12;3
12/12_00117.jpg;12;3
12/12_00118.jpg;12;3
12/12_00119.jpg;12;3
12/12_00120.jpg;12;3
12/12_00121.jpg;12;3
12/12_00122.jpg;12;3
12/12_00123.jpg;12;3
12/12_00124.jpg;12;3
12/12_00125.jpg;12;3
12/12_00126.jpg;12;3
12/12_00127.jpg;12;3
12/12_00128.jpg;12;3
12/12_00129.jpg;12;3
12/12_00130.jpg;12;3
12/12_00131.jpg;12;3
12/12_00132.jpg;12;3
12/12_00133.jpg;12;3
12/12_00134.jpg;12;3
12/12_00135.jpg;12;3
12/12_00136.jpg;12;3
12/12_00137.jpg;12;3
12/12_00138.jpg;12;3
12/12_00139.jpg;12;3
12/12_00140.jpg;12;3
12/12_00141.jpg;12;3
12/12_00142.jpg;12;3
12/12_00143.jpg;12;3
12/12_00144.jpg;12;3
12/12_00145.jpg;12;3
12/12_00146.jpg;12;3
12/12_00147.jpg;12;3
12/12_00148.jpg;12;3
12/12_00149.jpg;12;3
12/12_00150.jpg;12;3
12/12_00151.jpg;12;3
12/12_00152.jpg;12;3
12/12_00153.jpg;12;3
12/12_00154.jpg;12;3
12/12_00155.jpg;12;3
12/12_00156.jpg;12;3
12/12_00157.jpg;12;3
12/12_00158.jpg;12;3
12/12_00159.jpg;12;3
12/12_00160.jpg;12;3
12/12_00161.jpg;12;3
12/12_00162.jpg;12;3
12/12_00163.jpg;12;3
12/12_00164.jpg;12;3
12/12_00165.jpg;12;3
12/12_00166.jpg;12;3
12/12_00167.jpg;12;3
12/12_00168.jpg;12;3
12/12_00169.jpg;12;3
12/12_00170.jpg;12;3
12/12_00171.jpg;12;3
12/12_00172.jpg;12;3
12/12_00173.jpg;12;3
12/12_00174.jpg;12;3
12/12_00175.jpg;12;3
12/12_00176.jpg;12;3
12/12_00177.jpg;12;3
12/12_00178.jpg;12;3
12/12_00179.jpg;12;3
12/12_00180.jpg;12;3
12/12_00181.jpg;12;3
12/12_00182.jpg;12;3
12/12_00183.jpg;12;3
12/12_00184.jpg;12;3
12/12_00185.jpg;12;3
12/12_00186.jpg;12;3
12/12_00187.jpg;12;3
12/12_00188.jpg;12;3
12/12_00189.jpg;12;3
12/12_00190.jpg;12;3
12/12_00191.jpg;12;3
12/12_00192.jpg;12;3
12/12_00193.jpg;12;3
12/12_00194.jpg;12;3
12/12_00195.jpg;12;3
12/12_00196.jpg;12;3
12/12_00197.jpg;12;3
12/12_00198.jpg;12;3
12/12_00199.jpg;12;3
12/12_00200.jpg;12;3
12/12_00201.jpg;12;3
12/12_00202.jpg;12;3
12/12_00203.jpg;12;3
12/12_00204.jpg;12;3
12/12_00205.jpg;12;3
12/12_00206.jpg;12;3
12/12_00207.jpg;12;3
12/12_00208.jpg;12;3
12/12_00209.jpg;12;3
12/12_00210.jpg;12;3
12/12_00211.jpg;12;3
12/12_00212.jpg;12;3
12/12_00213.jpg;12;3
12/12_00214.jpg;12;3
12/12_00215.jpg;12;3
12/12_00216.jpg;12;3
12/12_00217.jpg;12;3
12/12_00218.jpg;12;3
12/12_00219.jpg;12;3
12/12_00220.jpg;12;3
12/12_00221.jpg;12;3
12/12_00222.jpg;12;3
12/12_00223.jpg;12;3
12/12_00224.jpg;12;3
12/12_00225.jpg;12;3
12/12_00226.jpg;12;3
12/12_00227.jpg;12;3
12/12_00228.jpg;12;3
12/12_00229.jpg;12;3
12/12_00230.jpg;12;3
12/12_00231.jpg;12;3
12/12_00232.jpg;12;3
12/12_00233.jpg;12;3
12/12_00234.jpg;12;3
12/12_00235.jpg;12;3
12/12_00236.jpg;12;3
12/12_00237.jpg;12;3
12/12_00238.jpg;12;3
12/12_00239.jpg;12;3
12/12_00240.jpg;12;3
12/12_00241.jpg;12;3
12/12_00242.jpg;12;3
12/12_00243.jpg;12;3
12/12_00244.jpg;12;3
12/12_00245.jpg;12;3
12/12_00246.jpg;12;3
12/12_00247.jpg;12;3
12/12_00248.jpg;12;3
12/12_00249.jpg;12;3
12/12_00250.jpg;12;3
13/13_00001.jpg;13;3
13/13_00002.jpg;13;3
13/13_00003.jpg;13;3
13/13_00004.jpg;13;3
13/13_00005.jpg;13;3
13/13_00006.jpg;13;3
13/13_00007.jpg;13;3
13/13_00008.jpg;13;3
13/13_00009.jpg;13;3
13/13_00010.jpg;13;3
13/13_00011.jpg;13;3
13/13_00012.jpg;13;3
13/13_00013.jpg;13;3
13/13_00014.jpg;13;3
13/13_00015.jpg;13;3
13/13_00016.jpg;13;3
13/13_00017.jpg;13;3
13/13_00018.jpg;13;3
13/13_00019.jpg;13;3
13/13_00020.jpg;13;3
13/13_00021.jpg;13;3
13/13_00022.jpg;13;3
13/13_00023.jpg;13;3
13/13_00024.jpg;13;3
13/13_00025.jpg;13;3
13/13_00026.jpg;13;3
13/13_00027.jpg;13;3
13/13_00028.jpg;13;3
13/13_00029.jpg;13;3
13/13_00030.jpg;13;3
13/13_00031.jpg;13;3
13/13_00032.jpg;13;3
13/13_00033.jpg;13;3
13/13_00034.jpg;13;3
13/13_00035.jpg;13;3
13/13_00036.jpg;13;3
13/13_00037.jpg;13;3
13/13_00038.jpg;13;3
13/13_00039.jpg;13;3
13/13_00040.jpg;13;3
13/13_00041.jpg;13;3
13/13_00042.jpg;13;3
13/13_00043.jpg;13;3
13/13_00044.jpg;13;3
13/13_00045.jpg;13;3
13/13_00046.jpg;13;3
13/13_00047.jpg;13;3
13/13_00048.jpg;13;3
13/13_00049.jpg;13;3
13/13_00050.jpg;13;3
13/13_00051.jpg;13;3
13/13_00052.jpg;13;3
13/13_00053.jpg;13;3
13/13_00054.jpg;13;3
13/13_00055.jpg;13;3
13/13_00056.jpg;13;3
13/13_00057.jpg;13;3
13/13_00058.jpg;13;3
13/13_00059.jpg;13;3
13/13_00060.jpg;13;3
13/13_00061.jpg;13;3
13/13_00062.jpg;13;3
13/13_00063.jpg;13;3
13/13_00064.jpg;13;3
13/13_00065.jpg;13;3
13/13_00066.jpg;13;3
13/13_00067.jpg;13;3
13/13_00068.jpg;13;3
13/13_00069.jpg;13;3
13/13_00070.jpg;13;3
13/13_00071.jpg;13;3
13/13_00072.jpg;13;3
13/13_00073.jpg;13;3
13/13_00074.jpg;13;3
13/13_00075.jpg;13;3
13/13_00076.jpg;13;3
13/13_00077.jpg;13;3
13/13_00078.jpg;13;3
13/13_00079.jpg;13;3
13/13_00080.jpg;13;3
13/13_00081.jpg;13;3
13/13_00082.jpg;13;3
13/13_00083.jpg;13;3
13/13_00084.jpg;13;3
13/13_00085.jpg;13;3
13/13_00086.jpg;13;3
13/13_00087.jpg;13;3
13/13_00088.jpg;13;3
13/13_00089.jpg;13;3
13/13_00090.jpg;13;3
13/13_00091.jpg;13;3
13/13_00092.jpg;13;3
13/13_00093.jpg;13;3
13/13_00094.jpg;13;3
13/13_00095.jpg;13;3
13/13_00096.jpg;13;3
13/13_00097.jpg;13;3
13/13_00098.jpg;13;3
13/13_00099.jpg;13;3
13/13_00100.jpg;13;3
13/13_00101.jpg;13;3
13/13_00102.jpg;13;3
13/13_00103.jpg;13;3
13/13_00104.jpg;13;3
13/13_00105.jpg;13;3
13/13_00106.jpg;13;3
13/13_00107.jpg;13;3
13/13_00108.jpg;13;3
13/13_00109.jpg;13;3
13/13_00110.jpg;13;3
13/13_00111.jpg;13;3
13/13_00112.jpg;13;3
13/13_00113.jpg;13;3
13/13_00114.jpg;13;3
13/13_00115.jpg;13;3
13/13_00116.jpg;13;3
13/13_00117.jpg;13;3
13/13_00118.jpg;13;3
13/13_00119.jpg;13;3
13/13_00120.jpg;13;3
13/13_00121.jpg;13;3
13/13_00122.jpg;13;3
13/13_00123.jpg;13;3
13/13_00124.jpg;13;3
13/13_00125.jpg;13;3
13/13_00126.jpg;13;3
13/13_00127.jpg;13;3
13/13_00128.jpg;13;3
13/13_00129.jpg;13;3
13/13_00130.jpg;13;3
13/13_00131.jpg;13;3
13/13_00132.jpg;13;3
13/13_00133.jpg;13;3
13/13_00134.jpg;13;3
13/13_00135.jpg;13;3
13/13_00136.jpg;13;3
13/13_00137.jpg;13;3
13/13_00138.jpg;13;3
13/13_00139.jpg;13;3
13/13_00140.jpg;13;3
13/13_00141.jpg;13;3
13/13_00142.jpg;13;3
13/13_00143.jpg;13;3
13/13_00144.jpg;13;3
13/13_00145.jpg;13;3
13/13_00146.jpg;13;3
13/13_00147.jpg;13;3
13/13_00148.jpg;13;3
13/13_00149.jpg;13;3
13/13_00150.jpg;13;3
13/13_00151.jpg;13;3
13/13_00152.jpg;13;3
13/13_00153.jpg;13;3
13/13_00154.jpg;13;3
13/13_00155.jpg;13;3
13/13_00156.jpg;13;3
13/13_00157.jpg;13;3
13/13_00158.jpg;13;3
13/13_00159.jpg;13;3
13/13_00160.jpg;13;3
13/13_00161.jpg;13;3
13/13_00162.jpg;13;3
13/13_00163.jpg;13;3
13/13_00164.jpg;13;3
13/13_00165.jpg;13;3
13/13_00166.jpg;13;3
13/13_00167.jpg;13;3
13/13_00168.jpg;13;3
13/13_00169.jpg;13;3
13/13_00170.jpg;13;3
13/13_00171.jpg;13;3
13/13_00172.jpg;13;3
13/13_00173.jpg;13;3
13/13_00174.jpg;13;3
13/13_00175.jpg;13;3
13/13_00176.jpg;13;3
13/13_00177.jpg;13;3
13/13_00178.jpg;13;3
13/13_00179.jpg;13;3
13/13_00180.jpg;13;3
13/13_00181.jpg;13;3
13/13_00182.jpg;13;3
13/13_00183.jpg;13;3
13/13_00184.jpg;13;3
13/13_00185.jpg;13;3
13/13_00186.jpg;13;3
13/13_00187.jpg;13;3
13/13_00188.jpg;13;3
13/13_00189.jpg;13;3
13/13_00190.jpg;13;3
13/13_00191.jpg;13;3
13/13_00192.jpg;13;3
13/13_00193.jpg;13;3
13/13_00194.jpg;13;3
13/13_00195.jpg;13;3
13/13_00196.jpg;13;3
13/13_00197.jpg;13;3
13/13_00198.jpg;13;3
13/13_00199.jpg;13;3
13/13_00200.jpg;13;3
13/13_00201.jpg;13;3
13/13_00202.jpg;13;3
13/13_00203.jpg;13;3
13/13_00204.jpg;13;3
13/13_00205.jpg;13;3
13/13_00206.jpg;13;3
13/13_00207.jpg;13;3
13/13_00208.jpg;13;3
13/13_00209.jpg;13;3
13/13_00210.jpg;13;3
13/13_00211.jpg;13;3
13/13_00212.jpg;13;3
13/13_00213.jpg;13;3
13/13_00214.jpg;13;3
13/13_00215.jpg;13;3
13/13_00216.jpg;13;3
13/13_00217.jpg;13;3
13/13_00218.jpg;13;3
13/13_00219.jpg;13;3
13/13_00220.jpg;13;3
13/13_00221.jpg;13;3
13/13_00222.jpg;13;3
13/13_00223.jpg;13;3
13/13_00224.jpg;13;3
13/13_00225.jpg;13;3
13/13_00226.jpg;13;3
13/13_00227.jpg;13;3
13/13_00228.jpg;13;3
13/13_00229.jpg;13;3
13/13_00230.jpg;13;3
13/13_00231.jpg;13;3
13/13_00232.jpg;13;3
13/13_00233.jpg;13;3
13/13_00234.jpg;13;3
13/13_00235.jpg;13;3
13/13_00236.jpg;13;3
13/13_00237.jpg;13;3
13/13_00238.jpg;13;3
13/13_00239.jpg;13;3
13/13_00240.jpg;13;3
13/13_00241.jpg;13;3
13/13_00242.jpg;13;3
13/13_00243.jpg;13;3
13/13_00244.jpg;13;3
13/13_00245.jpg;13;3
13/13_00246.jpg;13;3
13/13_00247.jpg;13;3
13/13_00248.jpg;13;3
13/13_00249.jpg;13;3
13/13_00250.jpg;13;3
13/13_00251.jpg;13;3
13/13_00252.jpg;13;3
13/13_00253.jpg;13;3
13/13_00254.jpg;13;3
13/13_00255.jpg;13;3
13/13_00256.jpg;13;3
13/13_00257.jpg;13;3
13/13_00258.jpg;13;3
13/13_00259.jpg;13;3
13/13_00260.jpg;13;3
13/13_00261.jpg;13;3
13/13_00262.jpg;13;3
13/13_00263.jpg;13;3
13/13_00264.jpg;13;3
13/13_00265.jpg;13;3
13/13_00266.jpg;13;3
13/13_00267.jpg;13;3
13/13_00268.jpg;13;3
13/13_00269.jpg;13;3
13/13_00270.jpg;13;3
13/13_00271.jpg;13;3
13/13_00272.jpg;13;3
13/13_00273.jpg;13;3
13/13_00274.jpg;13;3
13/13_00275.jpg;13;3
13/13_00276.jpg;13;3
13/13_00277.jpg;13;3
13/13_00278.jpg;13;3
13/13_00279.jpg;13;3
13/13_00280.jpg;13;3
13/13_00281.jpg;13;3
13/13_00282.jpg;13;3
13/13_00283.jpg;13;3
13/13_00284.jpg;13;3
13/13_00285.jpg;13;3
13/13_00286.jpg;13;3
13/13_00287.jpg;13;3
13/13_00288.jpg;13;3
14/14_00001.jpg;14;3
14/14_00002.jpg;14;3
14/14_00003.jpg;14;3
14/14_00004.jpg;14;3
14/14_00005.jpg;14;3
14/14_00006.jpg;14;3
14/14_00007.jpg;14;3
14/14_00008.jpg;14;3
14/14_00009.jpg;14;3
14/14_00010.jpg;14;3
14/14_00011.jpg;14;3
14/14_00012.jpg;14;3
14/14_00013.jpg;14;3
14/14_00014.jpg;14;3
14/14_00015.jpg;14;3
14/14_00016.jpg;14;3
14/14_00017.jpg;14;3
14/14_00018.jpg;14;3
14/14_00019.jpg;14;3
14/14_00020.jpg;14;3
14/14_00021.jpg;14;3
14/14_00022.jpg;14;3
14/14_00023.jpg;14;3
14/14_00024.jpg;14;3
14/14_00025.jpg;14;3
14/14_00026.jpg;14;3
14/14_00027.jpg;14;3
14/14_00028.jpg;14;3
14/14_00029.jpg;14;3
14/14_00030.jpg;14;3
14/14_00031.jpg;14;3
14/14_00032.jpg;14;3
14/14_00033.jpg;14;3
14/14_00034.jpg;14;3
14/14_00035.jpg;14;3
14/14_00036.jpg;14;3
14/14_00037.jpg;14;3
14/14_00038.jpg;14;3
14/14_00039.jpg;14;3
14/14_00040.jpg;14;3
14/14_00041.jpg;14;3
14/14_00042.jpg;14;3
15/15_00001.jpg;15;3
15/15_00002.jpg;15;3
15/15_00003.jpg;15;3
15/15_00004.jpg;15;3
15/15_00005.jpg;15;3
15/15_00006.jpg;15;3
15/15_00007.jpg;15;3
15/15_00008.jpg;15;3
15/15_00009.jpg;15;3
15/15_00010.jpg;15;3
15/15_00011.jpg;15;3
15/15_00012.jpg;15;3
15/15_00013.jpg;15;3
15/15_00014.jpg;15;3
15/15_00015.jpg;15;3
15/15_00016.jpg;15;3
15/15_00017.jpg;15;3
15/15_00018.jpg;15;3
15/15_00019.jpg;15;3
15/15_00020.jpg;15;3
15/15_00021.jpg;15;3
15/15_00022.jpg;15;3
15/15_00023.jpg;15;3
15/15_00024.jpg;15;3
15/15_00025.jpg;15;3
15/15_00026.jpg;15;3
15/15_00027.jpg;15;3
15/15_00028.jpg;15;3
15/15_00029.jpg;15;3
15/15_00030.jpg;15;3
15/15_00031.jpg;15;3
15/15_00032.jpg;15;3
15/15_00033.jpg;15;3
15/15_00034.jpg;15;3
15/15_00035.jpg;15;3
15/15_00036.jpg;15;3
15/15_00037.jpg;15;3
15/15_00038.jpg;15;3
15/15_00039.jpg;15;3
15/15_00040.jpg;15;3
15/15_00041.jpg;15;3
15/15_00042.jpg;15;3
15/15_00043.jpg;15;3
15/15_00044.jpg;15;3
15/15_00045.jpg;15;3
15/15_00046.jpg;15;3
15/15_00047.jpg;15;3
15/15_00048.jpg;15;3
15/15_00049.jpg;15;3
15/15_00050.jpg;15;3
15/15_00051.jpg;15;3
15/15_00052.jpg;15;3
15/15_00053.jpg;15;3
15/15_00054.jpg;15;3
15/15_00055.jpg;15;3
15/15_00056.jpg;15;3
15/15_00057.jpg;15;3
15/15_00058.jpg;15;3
15/15_00059.jpg;15;3
15/15_00060.jpg;15;3
15/15_00061.jpg;15;3
15/15_00062.jpg;15;3
15/15_00063.jpg;15;3
15/15_00064.jpg;15;3
15/15_00065.jpg;15;3
15/15_00066.jpg;15;3
15/15_00067.jpg;15;3
15/15_00068.jpg;15;3
15/15_00069.jpg;15;3
15/15_00070.jpg;15;3
15/15_00071.jpg;15;3
15/15_00072.jpg;15;3
15/15_00073.jpg;15;3
15/15_00074.jpg;15;3
15/15_00075.jpg;15;3
15/15_00076.jpg;15;3
16/16_00001.jpg;16;3
16/16_00002.jpg;16;3
16/16_00003.jpg;16;3
16/16_00004.jpg;16;3
16/16_00005.jpg;16;3
16/16_00006.jpg;16;3
16/16_00007.jpg;16;3
16/16_00008.jpg;16;3
16/16_00009.jpg;16;3
16/16_00010.jpg;16;3
16/16_00011.jpg;16;3
16/16_00012.jpg;16;3
16/16_00013.jpg;16;3
16/16_00014.jpg;16;3
16/16_00015.jpg;16;3
16/16_00016.jpg;16;3
16/16_00017.jpg;16;3
16/16_00018.jpg;16;3
16/16_00019.jpg;16;3
16/16_00020.jpg;16;3
16/16_00021.jpg;16;3
16/16_00022.jpg;16;3
16/16_00023.jpg;16;3
16/16_00024.jpg;16;3
16/16_00025.jpg;16;3
16/16_00026.jpg;16;3
16/16_00027.jpg;16;3
16/16_00028.jpg;16;3
16/16_00029.jpg;16;3
16/16_00030.jpg;16;3
16/16_00031.jpg;16;3
16/16_00032.jpg;16;3
16/16_00033.jpg;16;3
16/16_00034.jpg;16;3
16/16_00035.jpg;16;3
16/16_00036.jpg;16;3
16/16_00037.jpg;16;3
16/16_00038.jpg;16;3
16/16_00039.jpg;16;3
16/16_00040.jpg;16;3
16/16_00041.jpg;16;3
16/16_00042.jpg;16;3
16/16_00043.jpg;16;3
16/16_00044.jpg;16;3
16/16_00045.jpg;16;3
16/16_00046.jpg;16;3
16/16_00047.jpg;16;3
16/16_00048.jpg;16;3
16/16_00049.jpg;16;3
16/16_00050.jpg;16;3
16/16_00051.jpg;16;3
16/16_00052.jpg;16;3
16/16_00053.jpg;16;3
16/16_00054.jpg;16;3
16/16_00055.jpg;16;3
16/16_00056.jpg;16;3
16/16_00057.jpg;16;3
16/16_00058.jpg;16;3
16/16_00059.jpg;16;3
16/16_00060.jpg;16;3
16/16_00061.jpg;16;3
16/16_00062.jpg;16;3
16/16_00063.jpg;16;3
16/16_00064.jpg;16;3
16/16_00065.jpg;16;3
16/16_00066.jpg;16;3
16/16_00067.jpg;16;3
16/16_00068.jpg;16;3
16/16_00069.jpg;16;3
16/16_00070.jpg;16;3
16/16_00071.jpg;16;3
16/16_00072.jpg;16;3
16/16_00073.jpg;16;3
16/16_00074.jpg;16;3
16/16_00075.jpg;16;3
16/16_00076.jpg;16;3
16/16_00077.jpg;16;3
16/16_00078.jpg;16;3
16/16_00079.jpg;16;3
16/16_00080.jpg;16;3
16/16_00081.jpg;16;3
16/16_00082.jpg;16;3
16/16_00083.jpg;16;3
16/16_00084.jpg;16;3
16/16_00085.jpg;16;3
17/17_00001.jpg;17;3
17/17_00002.jpg;17;3
17/17_00003.jpg;17;3
17/17_00004.jpg;17;3
17/17_00005.jpg;17;3
17/17_00006.jpg;17;3
17/17_00007.jpg;17;3
17/17_00008.jpg;17;3
17/17_00009.jpg;17;3
17/17_00010.jpg;17;3
17/17_00011.jpg;17;3
17/17_00012.jpg;17;3
17/17_00013.jpg;17;3
17/17_00014.jpg;17;3
17/17_00015.jpg;17;3
17/17_00016.jpg;17;3
17/17_00017.jpg;17;3
17/17_00018.jpg;17;3
17/17_00019.jpg;17;3
17/17_00020.jpg;17;3
17/17_00021.jpg;17;3
17/17_00022.jpg;17;3
17/17_00023.jpg;17;3
17/17_00024.jpg;17;3
17/17_00025.jpg;17;3
17/17_00026.jpg;17;3
17/17_00027.jpg;17;3
17/17_00028.jpg;17;3
17/17_00029.jpg;17;3
17/17_00030.jpg;17;3
17/17_00031.jpg;17;3
17/17_00032.jpg;17;3
17/17_00033.jpg;17;3
17/17_00034.jpg;17;3
17/17_00035.jpg;17;3
17/17_00036.jpg;17;3
17/17_00037.jpg;17;3
17/17_00038.jpg;17;3
17/17_00039.jpg;17;3
17/17_00040.jpg;17;3
17/17_00041.jpg;17;3
17/17_00042.jpg;17;3
17/17_00043.jpg;17;3
17/17_00044.jpg;17;3
17/17_00045.jpg;17;3
17/17_00046.jpg;17;3
17/17_00047.jpg;17;3
17/17_00048.jpg;17;3
17/17_00049.jpg;17;3
17/17_00050.jpg;17;3
17/17_00051.jpg;17;3
17/17_00052.jpg;17;3
17/17_00053.jpg;17;3
17/17_00054.jpg;17;3
17/17_00055.jpg;17;3
17/17_00056.jpg;17;3
17/17_00057.jpg;17;3
17/17_00058.jpg;17;3
17/17_00059.jpg;17;3
17/17_00060.jpg;17;3
17/17_00061.jpg;17;3
17/17_00062.jpg;17;3
17/17_00063.jpg;17;3
17/17_00064.jpg;17;3
17/17_00065.jpg;17;3
17/17_00066.jpg;17;3
17/17_00067.jpg;17;3
17/17_00068.jpg;17;3
17/17_00069.jpg;17;3
17/17_00070.jpg;17;3
17/17_00071.jpg;17;3
17/17_00072.jpg;17;3
17/17_00073.jpg;17;3
17/17_00074.jpg;17;3
17/17_00075.jpg;17;3
17/17_00076.jpg;17;3
17/17_00077.jpg;17;3
17/17_00078.jpg;17;3
17/17_00079.jpg;17;3
17/17_00080.jpg;17;3
17/17_00081.jpg;17;3
17/17_00082.jpg;17;3
17/17_00083.jpg;17;3
17/17_00084.jpg;17;3
17/17_00085.jpg;17;3
17/17_00086.jpg;17;3
17/17_00087.jpg;17;3
17/17_00088.jpg;17;3
17/17_00089.jpg;17;3
17/17_00090.jpg;17;3
17/17_00091.jpg;17;3
17/17_00092.jpg;17;3
17/17_00093.jpg;17;3
17/17_00094.jpg;17;3
17/17_00095.jpg;17;3
17/17_00096.jpg;17;3
17/17_00097.jpg;17;3
17/17_00098.jpg;17;3
17/17_00099.jpg;17;3
17/17_00100.jpg;17;3
17/17_00101.jpg;17;3
17/17_00102.jpg;17;3
17/17_00103.jpg;17;3
17/17_00104.jpg;17;3
17/17_00105.jpg;17;3
17/17_00106.jpg;17;3
17/17_00107.jpg;17;3
17/17_00108.jpg;17;3
17/17_00109.jpg;17;3
17/17_00110.jpg;17;3
17/17_00111.jpg;17;3
17/17_00112.jpg;17;3
17/17_00113.jpg;17;3
17/17_00114.jpg;17;3
17/17_00115.jpg;17;3
17/17_00116.jpg;17;3
17/17_00117.jpg;17;3
17/17_00118.jpg;17;3
17/17_00119.jpg;17;3
17/17_00120.jpg;17;3
17/17_00121.jpg;17;3
17/17_00122.jpg;17;3
17/17_00123.jpg;17;3
17/17_00124.jpg;17;3
17/17_00125.jpg;17;3
17/17_00126.jpg;17;3
17/17_00127.jpg;17;3
17/17_00128.jpg;17;3
17/17_00129.jpg;17;3
17/17_00130.jpg;17;3
17/17_00131.jpg;17;3
17/17_00132.jpg;17;3
17/17_00133.jpg;17;3
17/17_00134.jpg;17;3
17/17_00135.jpg;17;3
17/17_00136.jpg;17;3
17/17_00137.jpg;17;3
17/17_00138.jpg;17;3
17/17_00139.jpg;17;3
17/17_00140.jpg;17;3
17/17_00141.jpg;17;3
17/17_00142.jpg;17;3
17/17_00143.jpg;17;3
17/17_00144.jpg;17;3
17/17_00145.jpg;17;3
17/17_00146.jpg;17;3
17/17_00147.jpg;17;3
17/17_00148.jpg;17;3
17/17_00149.jpg;17;3
17/17_00150.jpg;17;3
17/17_00151.jpg;17;3
17/17_00152.jpg;17;3
17/17_00153.jpg;17;3
17/17_00154.jpg;17;3
17/17_00155.jpg;17;3
17/17_00156.jpg;17;3
17/17_00157.jpg;17;3
17/17_00158.jpg;17;3
17/17_00159.jpg;17;3
17/17_00160.jpg;17;3
17/17_00161.jpg;17;3
17/17_00162.jpg;17;3
17/17_00163.jpg;17;3
17/17_00164.jpg;17;3
17/17_00165.jpg;17;3
17/17_00166.jpg;17;3
17/17_00167.jpg;17;3
17/17_00168.jpg;17;3
17/17_00169.jpg;17;3
17/17_00170.jpg;17;3
17/17_00171.jpg;17;3
17/17_00172.jpg;17;3
17/17_00173.jpg;17;3
17/17_00174.jpg;17;3
17/17_00175.jpg;17;3
17/17_00176.jpg;17;3
17/17_00177.jpg;17;3
17/17_00178.jpg;17;3
17/17_00179.jpg;17;3
17/17_00180.jpg;17;3
17/17_00181.jpg;17;3
17/17_00182.jpg;17;3
17/17_00183.jpg;17;3
17/17_00184.jpg;17;3
17/17_00185.jpg;17;3
17/17_00186.jpg;17;3
17/17_00187.jpg;17;3
17/17_00188.jpg;17;3
17/17_00189.jpg;17;3
17/17_00190.jpg;17;3
17/17_00191.jpg;17;3
17/17_00192.jpg;17;3
17/17_00193.jpg;17;3
17/17_00194.jpg;17;3
17/17_00195.jpg;17;3
17/17_00196.jpg;17;3
17/17_00197.jpg;17;3
17/17_00198.jpg;17;3
17/17_00199.jpg;17;3
17/17_00200.jpg;17;3
17/17_00201.jpg;17;3
17/17_00202.jpg;17;3
17/17_00203.jpg;17;3
17/17_00204.jpg;17;3
17/17_00205.jpg;17;3
17/17_00206.jpg;17;3
17/17_00207.jpg;17;3
17/17_00208.jpg;17;3
17/17_00209.jpg;17;3
17/17_00210.jpg;17;3
17/17_00211.jpg;17;3
17/17_00212.jpg;17;3
17/17_00213.jpg;17;3
17/17_00214.jpg;17;3
17/17_00215.jpg;17;3
17/17_00216.jpg;17;3
17/17_00217.jpg;17;3
17/17_00218.jpg;17;3
17/17_00219.jpg;17;3
17/17_00220.jpg;17;3
17/17_00221.jpg;17;3
18/18_00001.jpg;18;3
18/18_00002.jpg;18;3
18/18_00003.jpg;18;3
18/18_00004.jpg;18;3
18/18_00005.jpg;18;3
18/18_00006.jpg;18;3
18/18_00007.jpg;18;3
18/18_00008.jpg;18;3
18/18_00009.jpg;18;3
18/18_00010.jpg;18;3
18/18_00011.jpg;18;3
18/18_00012.jpg;18;3
18/18_00013.jpg;18;3
18/18_00014.jpg;18;3
18/18_00015.jpg;18;3
18/18_00016.jpg;18;3
18/18_00017.jpg;18;3
18/18_00018.jpg;18;3
18/18_00019.jpg;18;3
18/18_00020.jpg;18;3
18/18_00021.jpg;18;3
18/18_00022.jpg;18;3
18/18_00023.jpg;18;3
18/18_00024.jpg;18;3
18/18_00025.jpg;18;3
18/18_00026.jpg;18;3
18/18_00027.jpg;18;3
18/18_00028.jpg;18;3
18/18_00029.jpg;18;3
18/18_00030.jpg;18;3
18/18_00031.jpg;18;3
18/18_00032.jpg;18;3
18/18_00033.jpg;18;3
18/18_00034.jpg;18;3
18/18_00035.jpg;18;3
18/18_00036.jpg;18;3
18/18_00037.jpg;18;3
18/18_00038.jpg;18;3
18/18_00039.jpg;18;3
18/18_00040.jpg;18;3
18/18_00041.jpg;18;3
18/18_00042.jpg;18;3
18/18_00043.jpg;18;3
18/18_00044.jpg;18;3
18/18_00045.jpg;18;3
18/18_00046.jpg;18;3
18/18_00047.jpg;18;3
18/18_00048.jpg;18;3
18/18_00049.jpg;18;3
18/18_00050.jpg;18;3
18/18_00051.jpg;18;3
18/18_00052.jpg;18;3
18/18_00053.jpg;18;3
18/18_00054.jpg;18;3
18/18_00055.jpg;18;3
18/18_00056.jpg;18;3
18/18_00057.jpg;18;3
18/18_00058.jpg;18;3
18/18_00059.jpg;18;3
18/18_00060.jpg;18;3
18/18_00061.jpg;18;3
18/18_00062.jpg;18;3
18/18_00063.jpg;18;3
18/18_00064.jpg;18;3
18/18_00065.jpg;18;3
18/18_00066.jpg;18;3
18/18_00067.jpg;18;3
18/18_00068.jpg;18;3
18/18_00069.jpg;18;3
18/18_00070.jpg;18;3
18/18_00071.jpg;18;3
18/18_00072.jpg;18;3
18/18_00073.jpg;18;3
18/18_00074.jpg;18;3
18/18_00075.jpg;18;3
18/18_00076.jpg;18;3
18/18_00077.jpg;18;3
18/18_00078.jpg;18;3
18/18_00079.jpg;18;3
18/18_00080.jpg;18;3
18/18_00081.jpg;18;3
18/18_00082.jpg;18;3
18/18_00083.jpg;18;3
18/18_00084.jpg;18;3
18/18_00085.jpg;18;3
18/18_00086.jpg;18;3
18/18_00087.jpg;18;3
18/18_00088.jpg;18;3
18/18_00089.jpg;18;3
18/18_00090.jpg;18;3
18/18_00091.jpg;18;3
18/18_00092.jpg;18;3
18/18_00093.jpg;18;3
18/18_00094.jpg;18;3
18/18_00095.jpg;18;3
18/18_00096.jpg;18;3
18/18_00097.jpg;18;3
18/18_00098.jpg;18;3
18/18_00099.jpg;18;3
18/18_00100.jpg;18;3
18/18_00101.jpg;18;3
18/18_00102.jpg;18;3
18/18_00103.jpg;18;3
18/18_00104.jpg;18;3
18/18_00105.jpg;18;3
18/18_00106.jpg;18;3
18/18_00107.jpg;18;3
18/18_00108.jpg;18;3
18/18_00109.jpg;18;3
18/18_00110.jpg;18;3
18/18_00111.jpg;18;3
18/18_00112.jpg;18;3
18/18_00113.jpg;18;3
18/18_00114.jpg;18;3
18/18_00115.jpg;18;3
18/18_00116.jpg;18;3
18/18_00117.jpg;18;3
18/18_00118.jpg;18;3
18/18_00119.jpg;18;3
18/18_00120.jpg;18;3
18/18_00121.jpg;18;3
18/18_00122.jpg;18;3
18/18_00123.jpg;18;3
18/18_00124.jpg;18;3
18/18_00125.jpg;18;3
18/18_00126.jpg;18;3
18/18_00127.jpg;18;3
18/18_00128.jpg;18;3
18/18_00129.jpg;18;3
18/18_00130.jpg;18;3
18/18_00131.jpg;18;3
18/18_00132.jpg;18;3
18/18_00133.jpg;18;3
18/18_00134.jpg;18;3
18/18_00135.jpg;18;3
18/18_00136.jpg;18;3
18/18_00137.jpg;18;3
18/18_00138.jpg;18;3
18/18_00139.jpg;18;3
18/18_00140.jpg;18;3
18/18_00141.jpg;18;3
18/18_00142.jpg;18;3
18/18_00143.jpg;18;3
18/18_00144.jpg;18;3
18/18_00145.jpg;18;3
18/18_00146.jpg;18;3
18/18_00147.jpg;18;3
18/18_00148.jpg;18;3
18/18_00149.jpg;18;3
18/18_00150.jpg;18;3
18/18_00151.jpg;18;3
18/18_00152.jpg;18;3
18/18_00153.jpg;18;3
18/18_00154.jpg;18;3
18/18_00155.jpg;18;3
18/18_00156.jpg;18;3
18/18_00157.jpg;18;3
18/18_00158.jpg;18;3
18/18_00159.jpg;18;3
18/18_00160.jpg;18;3
18/18_00161.jpg;18;3
18/18_00162.jpg;18;3
18/18_00163.jpg;18;3
18/18_00164.jpg;18;3
18/18_00165.jpg;18;3
18/18_00166.jpg;18;3
18/18_00167.jpg;18;3
18/18_00168.jpg;18;3
18/18_00169.jpg;18;3
18/18_00170.jpg;18;3
18/18_00171.jpg;18;3
18/18_00172.jpg;18;3
18/18_00173.jpg;18;3
18/18_00174.jpg;18;3
18/18_00175.jpg;18;3
18/18_00176.jpg;18;3
18/18_00177.jpg;18;3
18/18_00178.jpg;18;3
18/18_00179.jpg;18;3
18/18_00180.jpg;18;3
18/18_00181.jpg;18;3
18/18_00182.jpg;18;3
18/18_00183.jpg;18;3
18/18_00184.jpg;18;3
18/18_00185.jpg;18;3
18/18_00186.jpg;18;3
18/18_00187.jpg;18;3
18/18_00188.jpg;18;3
18/18_00189.jpg;18;3
18/18_00190.jpg;18;3
18/18_00191.jpg;18;3
18/18_00192.jpg;18;3
18/18_00193.jpg;18;3
18/18_00194.jpg;18;3
18/18_00195.jpg;18;3
18/18_00196.jpg;18;3
18/18_00197.jpg;18;3
18/18_00198.jpg;18;3
18/18_00199.jpg;18;3
18/18_00200.jpg;18;3
18/18_00201.jpg;18;3
18/18_00202.jpg;18;3
18/18_00203.jpg;18;3
18/18_00204.jpg;18;3
18/18_00205.jpg;18;3
18/18_00206.jpg;18;3
18/18_00207.jpg;18;3
18/18_00208.jpg;18;3
18/18_00209.jpg;18;3
18/18_00210.jpg;18;3
18/18_00211.jpg;18;3
18/18_00212.jpg;18;3
18/18_00213.jpg;18;3
18/18_00214.jpg;18;3
18/18_00215.jpg;18;3
18/18_00216.jpg;18;3
18/18_00217.jpg;18;3
18/18_00218.jpg;18;3
18/18_00219.jpg;18;3
18/18_00220.jpg;18;3
18/18_00221.jpg;18;3
18/18_00222.jpg;18;3
18/18_00223.jpg;18;3
18/18_00224.jpg;18;3
18/18_00225.jpg;18;3
18/18_00226.jpg;18;3
18/18_00227.jpg;18;3
18/18_00228.jpg;18;3
18/18_00229.jpg;18;3
18/18_00230.jpg;18;3
18/18_00231.jpg;18;3
18/18_00232.jpg;18;3
18/18_00233.jpg;18;3
18/18_00234.jpg;18;3
18/18_00235.jpg;18;3
18/18_00236.jpg;18;3
18/18_00237.jpg;18;3
18/18_00238.jpg;18;3
18/18_00239.jpg;18;3
18/18_00240.jpg;18;3
18/18_00241.jpg;18;3
18/18_00242.jpg;18;3
18/18_00243.jpg;18;3
18/18_00244.jpg;18;3
18/18_00245.jpg;18;3
18/18_00246.jpg;18;3
18/18_00247.jpg;18;3
18/18_00248.jpg;18;3
18/18_00249.jpg;18;3
18/18_00250.jpg;18;3
18/18_00251.jpg;18;3
18/18_00252.jpg;18;3
18/18_00253.jpg;18;3
18/18_00254.jpg;18;3
18/18_00255.jpg;18;3
18/18_00256.jpg;18;3
18/18_00257.jpg;18;3
18/18_00258.jpg;18;3
18/18_00259.jpg;18;3
18/18_00260.jpg;18;3
18/18_00261.jpg;18;3
18/18_00262.jpg;18;3
18/18_00263.jpg;18;3
18/18_00264.jpg;18;3
18/18_00265.jpg;18;3
18/18_00266.jpg;18;3
18/18_00267.jpg;18;3
18/18_00268.jpg;18;3
18/18_00269.jpg;18;3
18/18_00270.jpg;18;3
18/18_00271.jpg;18;3
18/18_00272.jpg;18;3
18/18_00273.jpg;18;3
18/18_00274.jpg;18;3
18/18_00275.jpg;18;3
18/18_00276.jpg;18;3
18/18_00277.jpg;18;3
18/18_00278.jpg;18;3
18/18_00279.jpg;18;3
18/18_00280.jpg;18;3
18/18_00281.jpg;18;3
18/18_00282.jpg;18;3
18/18_00283.jpg;18;3
18/18_00284.jpg;18;3
18/18_00285.jpg;18;3
18/18_00286.jpg;18;3
18/18_00287.jpg;18;3
18/18_00288.jpg;18;3
18/18_00289.jpg;18;3
18/18_00290.jpg;18;3
18/18_00291.jpg;18;3
18/18_00292.jpg;18;3
18/18_00293.jpg;18;3
18/18_00294.jpg;18;3
18/18_00295.jpg;18;3
18/18_00296.jpg;18;3
18/18_00297.jpg;18;3
18/18_00298.jpg;18;3
18/18_00299.jpg;18;3
18/18_00300.jpg;18;3
18/18_00301.jpg;18;3
18/18_00302.jpg;18;3
18/18_00303.jpg;18;3
18/18_00304.jpg;18;3
18/18_00305.jpg;18;3
18/18_00306.jpg;18;3
18/18_00307.jpg;18;3
18/18_00308.jpg;18;3
18/18_00309.jpg;18;3
18/18_00310.jpg;18;3
18/18_00311.jpg;18;3
18/18_00312.jpg;18;3
18/18_00313.jpg;18;3
18/18_00314.jpg;18;3
18/18_00315.jpg;18;3
18/18_00316.jpg;18;3
18/18_00317.jpg;18;3
18/18_00318.jpg;18;3
18/18_00319.jpg;18;3
18/18_00320.jpg;18;3
18/18_00321.jpg;18;3
18/18_00322.jpg;18;3
18/18_00323.jpg;18;3
18/18_00324.jpg;18;3
18/18_00325.jpg;18;3
18/18_00326.jpg;18;3
18/18_00327.jpg;18;3
18/18_00328.jpg;18;3
18/18_00329.jpg;18;3
18/18_00330.jpg;18;3
18/18_00331.jpg;18;3
18/18_00332.jpg;18;3
18/18_00333.jpg;18;3
18/18_00334.jpg;18;3
18/18_00335.jpg;18;3
18/18_00336.jpg;18;3
18/18_00337.jpg;18;3
18/18_00338.jpg;18;3
18/18_00339.jpg;18;3
18/18_00340.jpg;18;3
18/18_00341.jpg;18;3
18/18_00342.jpg;18;3
18/18_00343.jpg;18;3
18/18_00344.jpg;18;3
18/18_00345.jpg;18;3
18/18_00346.jpg;18;3
18/18_00347.jpg;18;3
18/18_00348.jpg;18;3
18/18_00349.jpg;18;3
18/18_00350.jpg;18;3
18/18_00351.jpg;18;3
18/18_00352.jpg;18;3
18/18_00353.jpg;18;3
18/18_00354.jpg;18;3
18/18_00355.jpg;18;3
18/18_00356.jpg;18;3
18/18_00357.jpg;18;3
18/18_00358.jpg;18;3
18/18_00359.jpg;18;3
18/18_00360.jpg;18;3
18/18_00361.jpg;18;3
18/18_00362.jpg;18;3
18/18_00363.jpg;18;3
18/18_00364.jpg;18;3
18/18_00365.jpg;18;3
18/18_00366.jpg;18;3
18/18_00367.jpg;18;3
18/18_00368.jpg;18;3
18/18_00369.jpg;18;3
18/18_00370.jpg;18;3
18/18_00371.jpg;18;3
18/18_00372.jpg;18;3
18/18_00373.jpg;18;3
18/18_00374.jpg;18;3
18/18_00375.jpg;18;3
18/18_00376.jpg;18;3
18/18_00377.jpg;18;3
18/18_00378.jpg;18;3
18/18_00379.jpg;18;3
18/18_00380.jpg;18;3
18/18_00381.jpg;18;3
18/18_00382.jpg;18;3
18/18_00383.jpg;18;3
18/18_00384.jpg;18;3
18/18_00385.jpg;18;3
18/18_00386.jpg;18;3
18/18_00387.jpg;18;3
18/18_00388.jpg;18;3
18/18_00389.jpg;18;3
18/18_00390.jpg;18;3
18/18_00391.jpg;18;3
18/18_00392.jpg;18;3
18/18_00393.jpg;18;3
18/18_00394.jpg;18;3
18/18_00395.jpg;18;3
18/18_00396.jpg;18;3
18/18_00397.jpg;18;3
18/18_00398.jpg;18;3
18/18_00399.jpg;18;3
18/18_00400.jpg;18;3
18/18_00401.jpg;18;3
18/18_00402.jpg;18;3
18/18_00403.jpg;18;3
18/18_00404.jpg;18;3
18/18_00405.jpg;18;3
18/18_00406.jpg;18;3
18/18_00407.jpg;18;3
18/18_00408.jpg;18;3
18/18_00409.jpg;18;3
18/18_00410.jpg;18;3
18/18_00411.jpg;18;3
18/18_00412.jpg;18;3
18/18_00413.jpg;18;3
18/18_00414.jpg;18;3
18/18_00415.jpg;18;3
18/18_00416.jpg;18;3
18/18_00417.jpg;18;3
18/18_00418.jpg;18;3
18/18_00419.jpg;18;3
18/18_00420.jpg;18;3
18/18_00421.jpg;18;3
18/18_00422.jpg;18;3
18/18_00423.jpg;18;3
18/18_00424.jpg;18;3
18/18_00425.jpg;18;3
18/18_00426.jpg;18;3
18/18_00427.jpg;18;3
18/18_00428.jpg;18;3
18/18_00429.jpg;18;3
18/18_00430.jpg;18;3
18/18_00431.jpg;18;3
18/18_00432.jpg;18;3
18/18_00433.jpg;18;3
18/18_00434.jpg;18;3
18/18_00435.jpg;18;3
18/18_00436.jpg;18;3
18/18_00437.jpg;18;3
18/18_00438.jpg;18;3
18/18_00439.jpg;18;3
18/18_00440.jpg;18;3
18/18_00441.jpg;18;3
18/18_00442.jpg;18;3
18/18_00443.jpg;18;3
18/18_00444.jpg;18;3
18/18_00445.jpg;18;3
18/18_00446.jpg;18;3
18/18_00447.jpg;18;3
18/18_00448.jpg;18;3
18/18_00449.jpg;18;3
18/18_00450.jpg;18;3
18/18_00451.jpg;18;3
18/18_00452.jpg;18;3
18/18_00453.jpg;18;3
18/18_00454.jpg;18;3
18/18_00455.jpg;18;3
18/18_00456.jpg;18;3
18/18_00457.jpg;18;3
18/18_00458.jpg;18;3
18/18_00459.jpg;18;3
18/18_00460.jpg;18;3
18/18_00461.jpg;18;3
18/18_00462.jpg;18;3
18/18_00463.jpg;18;3
18/18_00464.jpg;18;3
18/18_00465.jpg;18;3
18/18_00466.jpg;18;3
18/18_00467.jpg;18;3
18/18_00468.jpg;18;3
18/18_00469.jpg;18;3
18/18_00470.jpg;18;3
18/18_00471.jpg;18;3
18/18_00472.jpg;18;3
18/18_00473.jpg;18;3
18/18_00474.jpg;18;3
18/18_00475.jpg;18;3
18/18_00476.jpg;18;3
18/18_00477.jpg;18;3
18/18_00478.jpg;18;3
18/18_00479.jpg;18;3
18/18_00480.jpg;18;3
18/18_00481.jpg;18;3
18/18_00482.jpg;18;3
18/18_00483.jpg;18;3
18/18_00484.jpg;18;3
18/18_00485.jpg;18;3
18/18_00486.jpg;18;3
18/18_00487.jpg;18;3
18/18_00488.jpg;18;3
18/18_00489.jpg;18;3
18/18_00490.jpg;18;3
18/18_00491.jpg;18;3
18/18_00492.jpg;18;3
18/18_00493.jpg;18;3
18/18_00494.jpg;18;3
18/18_00495.jpg;18;3
18/18_00496.jpg;18;3
18/18_00497.jpg;18;3
18/18_00498.jpg;18;3
18/18_00499.jpg;18;3
18/18_00500.jpg;18;3
18/18_00501.jpg;18;3
18/18_00502.jpg;18;3
18/18_00503.jpg;18;3
18/18_00504.jpg;18;3
18/18_00505.jpg;18;3
18/18_00506.jpg;18;3
18/18_00507.jpg;18;3
18/18_00508.jpg;18;3
18/18_00509.jpg;18;3
18/18_00510.jpg;18;3
18/18_00511.jpg;18;3
18/18_00512.jpg;18;3
18/18_00513.jpg;18;3
18/18_00514.jpg;18;3
18/18_00515.jpg;18;3
18/18_00516.jpg;18;3
18/18_00517.jpg;18;3
18/18_00518.jpg;18;3
18/18_00519.jpg;18;3
18/18_00520.jpg;18;3
18/18_00521.jpg;18;3
18/18_00522.jpg;18;3
18/18_00523.jpg;18;3
18/18_00524.jpg;18;3
18/18_00525.jpg;18;3
18/18_00526.jpg;18;3
18/18_00527.jpg;18;3
18/18_00528.jpg;18;3
18/18_00529.jpg;18;3
18/18_00530.jpg;18;3
18/18_00531.jpg;18;3
18/18_00532.jpg;18;3
18/18_00533.jpg;18;3
18/18_00534.jpg;18;3
18/18_00535.jpg;18;3
18/18_00536.jpg;18;3
18/18_00537.jpg;18;3
18/18_00538.jpg;18;3
18/18_00539.jpg;18;3
18/18_00540.jpg;18;3
18/18_00541.jpg;18;3
18/18_00542.jpg;18;3
18/18_00543.jpg;18;3
18/18_00544.jpg;18;3
18/18_00545.jpg;18;3
18/18_00546.jpg;18;3
18/18_00547.jpg;18;3
18/18_00548.jpg;18;3
18/18_00549.jpg;18;3
18/18_00550.jpg;18;3
18/18_00551.jpg;18;3
18/18_00552.jpg;18;3
18/18_00553.jpg;18;3
18/18_00554.jpg;18;3
18/18_00555.jpg;18;3
18/18_00556.jpg;18;3
18/18_00557.jpg;18;3
18/18_00558.jpg;18;3
18/18_00559.jpg;18;3
18/18_00560.jpg;18;3
18/18_00561.jpg;18;3
18/18_00562.jpg;18;3
18/18_00563.jpg;18;3
18/18_00564.jpg;18;3
18/18_00565.jpg;18;3
18/18_00566.jpg;18;3
18/18_00567.jpg;18;3
18/18_00568.jpg;18;3
18/18_00569.jpg;18;3
18/18_00570.jpg;18;3
18/18_00571.jpg;18;3
18/18_00572.jpg;18;3
18/18_00573.jpg;18;3
18/18_00574.jpg;18;3
18/18_00575.jpg;18;3
18/18_00576.jpg;18;3
18/18_00577.jpg;18;3
18/18_00578.jpg;18;3
18/18_00579.jpg;18;3
18/18_00580.jpg;18;3
18/18_00581.jpg;18;3
18/18_00582.jpg;18;3
18/18_00583.jpg;18;3
18/18_00584.jpg;18;3
18/18_00585.jpg;18;3
18/18_00586.jpg;18;3
18/18_00587.jpg;18;3
18/18_00588.jpg;18;3
18/18_00589.jpg;18;3
18/18_00590.jpg;18;3
18/18_00591.jpg;18;3
18/18_00592.jpg;18;3
18/18_00593.jpg;18;3
18/18_00594.jpg;18;3
18/18_00595.jpg;18;3
18/18_00596.jpg;18;3
18/18_00597.jpg;18;3
18/18_00598.jpg;18;3
18/18_00599.jpg;18;3
18/18_00600.jpg;18;3
18/18_00601.jpg;18;3
18/18_00602.jpg;18;3
18/18_00603.jpg;18;3
18/18_00604.jpg;18;3
18/18_00605.jpg;18;3
18/18_00606.jpg;18;3
18/18_00607.jpg;18;3
18/18_00608.jpg;18;3
18/18_00609.jpg;18;3
18/18_00610.jpg;18;3
18/18_00611.jpg;18;3
18/18_00612.jpg;18;3
18/18_00613.jpg;18;3
18/18_00614.jpg;18;3
18/18_00615.jpg;18;3
18/18_00616.jpg;18;3
18/18_00617.jpg;18;3
18/18_00618.jpg;18;3
18/18_00619.jpg;18;3
18/18_00620.jpg;18;3
18/18_00621.jpg;18;3
18/18_00622.jpg;18;3
18/18_00623.jpg;18;3
18/18_00624.jpg;18;3
18/18_00625.jpg;18;3
18/18_00626.jpg;18;3
18/18_00627.jpg;18;3
18/18_00628.jpg;18;3
18/18_00629.jpg;18;3
18/18_00630.jpg;18;3
18/18_00631.jpg;18;3
18/18_00632.jpg;18;3
18/18_00633.jpg;18;3
18/18_00634.jpg;18;3
18/18_00635.jpg;18;3
18/18_00636.jpg;18;3
18/18_00637.jpg;18;3
18/18_00638.jpg;18;3
18/18_00639.jpg;18;3
18/18_00640.jpg;18;3
18/18_00641.jpg;18;3
18/18_00642.jpg;18;3
18/18_00643.jpg;18;3
18/18_00644.jpg;18;3
18/18_00645.jpg;18;3
18/18_00646.jpg;18;3
18/18_00647.jpg;18;3
18/18_00648.jpg;18;3
18/18_00649.jpg;18;3
18/18_00650.jpg;18;3
18/18_00651.jpg;18;3
18/18_00652.jpg;18;3
18/18_00653.jpg;18;3
18/18_00654.jpg;18;3
18/18_00655.jpg;18;3
18/18_00656.jpg;18;3
18/18_00657.jpg;18;3
18/18_00658.jpg;18;3
18/18_00659.jpg;18;3
18/18_00660.jpg;18;3
18/18_00661.jpg;18;3
18/18_00662.jpg;18;3
18/18_00663.jpg;18;3
18/18_00664.jpg;18;3
18/18_00665.jpg;18;3
18/18_00666.jpg;18;3
18/18_00667.jpg;18;3
18/18_00668.jpg;18;3
18/18_00669.jpg;18;3
18/18_00670.jpg;18;3
18/18_00671.jpg;18;3
18/18_00672.jpg;18;3
18/18_00673.jpg;18;3
18/18_00674.jpg;18;3
18/18_00675.jpg;18;3
18/18_00676.jpg;18;3
18/18_00677.jpg;18;3
18/18_00678.jpg;18;3
18/18_00679.jpg;18;3
18/18_00680.jpg;18;3
18/18_00681.jpg;18;3
18/18_00682.jpg;18;3
18/18_00683.jpg;18;3
18/18_00684.jpg;18;3
18/18_00685.jpg;18;3
18/18_00686.jpg;18;3
18/18_00687.jpg;18;3
18/18_00688.jpg;18;3
18/18_00689.jpg;18;3
18/18_00690.jpg;18;3
18/18_00691.jpg;18;3
18/18_00692.jpg;18;3
18/18_00693.jpg;18;3
18/18_00694.jpg;18;3
18/18_00695.jpg;18;3
18/18_00696.jpg;18;3
18/18_00697.jpg;18;3
18/18_00698.jpg;18;3
18/18_00699.jpg;18;3
18/18_00700.jpg;18;3
18/18_00701.jpg;18;3
18/18_00702.jpg;18;3
18/18_00703.jpg;18;3
18/18_00704.jpg;18;3
18/18_00705.jpg;18;3
18/18_00706.jpg;18;3
18/18_00707.jpg;18;3
18/18_00708.jpg;18;3
18/18_00709.jpg;18;3
18/18_00710.jpg;18;3
18/18_00711.jpg;18;3
18/18_00712.jpg;18;3
18/18_00713.jpg;18;3
18/18_00714.jpg;18;3
18/18_00715.jpg;18;3
18/18_00716.jpg;18;3
18/18_00717.jpg;18;3
18/18_00718.jpg;18;3
18/18_00719.jpg;18;3
18/18_00720.jpg;18;3
18/18_00721.jpg;18;3
18/18_00722.jpg;18;3
18/18_00723.jpg;18;3
18/18_00724.jpg;18;3
18/18_00725.jpg;18;3
18/18_00726.jpg;18;3
18/18_00727.jpg;18;3
18/18_00728.jpg;18;3
18/18_00729.jpg;18;3
18/18_00730.jpg;18;3
18/18_00731.jpg;18;3
18/18_00732.jpg;18;3
18/18_00733.jpg;18;3
18/18_00734.jpg;18;3
18/18_00735.jpg;18;3
18/18_00736.jpg;18;3
18/18_00737.jpg;18;3
18/18_00738.jpg;18;3
18/18_00739.jpg;18;3
18/18_00740.jpg;18;3
18/18_00741.jpg;18;3
18/18_00742.jpg;18;3
18/18_00743.jpg;18;3
18/18_00744.jpg;18;3
18/18_00745.jpg;18;3
18/18_00746.jpg;18;3
18/18_00747.jpg;18;3
18/18_00748.jpg;18;3
18/18_00749.jpg;18;3
18/18_00750.jpg;18;3
18/18_00751.jpg;18;3
18/18_00752.jpg;18;3
18/18_00753.jpg;18;3
18/18_00754.jpg;18;3
18/18_00755.jpg;18;3
18/18_00756.jpg;18;3
18/18_00757.jpg;18;3
18/18_00758.jpg;18;3
18/18_00759.jpg;18;3
18/18_00760.jpg;18;3
18/18_00761.jpg;18;3
18/18_00762.jpg;18;3
18/18_00763.jpg;18;3
18/18_00764.jpg;18;3
18/18_00765.jpg;18;3
18/18_00766.jpg;18;3
18/18_00767.jpg;18;3
18/18_00768.jpg;18;3
18/18_00769.jpg;18;3
18/18_00770.jpg;18;3
18/18_00771.jpg;18;3
18/18_00772.jpg;18;3
18/18_00773.jpg;18;3
18/18_00774.jpg;18;3
18/18_00775.jpg;18;3
18/18_00776.jpg;18;3
18/18_00777.jpg;18;3
18/18_00778.jpg;18;3
18/18_00779.jpg;18;3
18/18_00780.jpg;18;3
18/18_00781.jpg;18;3
18/18_00782.jpg;18;3
18/18_00783.jpg;18;3
18/18_00784.jpg;18;3
18/18_00785.jpg;18;3
18/18_00786.jpg;18;3
18/18_00787.jpg;18;3
18/18_00788.jpg;18;3
18/18_00789.jpg;18;3
18/18_00790.jpg;18;3
18/18_00791.jpg;18;3
18/18_00792.jpg;18;3
18/18_00793.jpg;18;3
18/18_00794.jpg;18;3
18/18_00795.jpg;18;3
18/18_00796.jpg;18;3
18/18_00797.jpg;18;3
18/18_00798.jpg;18;3
18/18_00799.jpg;18;3
18/18_00800.jpg;18;3
18/18_00801.jpg;18;3
18/18_00802.jpg;18;3
18/18_00803.jpg;18;3
18/18_00804.jpg;18;3
18/18_00805.jpg;18;3
18/18_00806.jpg;18;3
18/18_00807.jpg;18;3
18/18_00808.jpg;18;3
18/18_00809.jpg;18;3
18/18_00810.jpg;18;3
18/18_00811.jpg;18;3
18/18_00812.jpg;18;3
18/18_00813.jpg;18;3
18/18_00814.jpg;18;3
18/18_00815.jpg;18;3
18/18_00816.jpg;18;3
18/18_00817.jpg;18;3
18/18_00818.jpg;18;3
18/18_00819.jpg;18;3
18/18_00820.jpg;18;3
18/18_00821.jpg;18;3
18/18_00822.jpg;18;3
18/18_00823.jpg;18;3
18/18_00824.jpg;18;3
18/18_00825.jpg;18;3
18/18_00826.jpg;18;3
18/18_00827.jpg;18;3
18/18_00828.jpg;18;3
18/18_00829.jpg;18;3
18/18_00830.jpg;18;3
18/18_00831.jpg;18;3
18/18_00832.jpg;18;3
18/18_00833.jpg;18;3
18/18_00834.jpg;18;3
18/18_00835.jpg;18;3
18/18_00836.jpg;18;3
18/18_00837.jpg;18;3
18/18_00838.jpg;18;3
18/18_00839.jpg;18;3
18/18_00840.jpg;18;3
18/18_00841.jpg;18;3
18/18_00842.jpg;18;3
18/18_00843.jpg;18;3
18/18_00844.jpg;18;3
18/18_00845.jpg;18;3
18/18_00846.jpg;18;3
18/18_00847.jpg;18;3
18/18_00848.jpg;18;3
18/18_00849.jpg;18;3
18/18_00850.jpg;18;3
18/18_00851.jpg;18;3
18/18_00852.jpg;18;3
18/18_00853.jpg;18;3
18/18_00854.jpg;18;3
18/18_00855.jpg;18;3
18/18_00856.jpg;18;3
18/18_00857.jpg;18;3
18/18_00858.jpg;18;3
18/18_00859.jpg;18;3
18/18_00860.jpg;18;3
18/18_00861.jpg;18;3
18/18_00862.jpg;18;3
18/18_00863.jpg;18;3
18/18_00864.jpg;18;3
18/18_00865.jpg;18;3
18/18_00866.jpg;18;3
18/18_00867.jpg;18;3
18/18_00868.jpg;18;3
18/18_00869.jpg;18;3
18/18_00870.jpg;18;3
18/18_00871.jpg;18;3
18/18_00872.jpg;18;3
18/18_00873.jpg;18;3
18/18_00874.jpg;18;3
18/18_00875.jpg;18;3
18/18_00876.jpg;18;3
18/18_00877.jpg;18;3
18/18_00878.jpg;18;3
18/18_00879.jpg;18;3
18/18_00880.jpg;18;3
18/18_00881.jpg;18;3
18/18_00882.jpg;18;3
18/18_00883.jpg;18;3
18/18_00884.jpg;18;3
18/18_00885.jpg;18;3
18/18_00886.jpg;18;3
18/18_00887.jpg;18;3
18/18_00888.jpg;18;3
18/18_00889.jpg;18;3
18/18_00890.jpg;18;3
18/18_00891.jpg;18;3
18/18_00892.jpg;18;3
18/18_00893.jpg;18;3
18/18_00894.jpg;18;3
18/18_00895.jpg;18;3
18/18_00896.jpg;18;3
18/18_00897.jpg;18;3
18/18_00898.jpg;18;3
18/18_00899.jpg;18;3
18/18_00900.jpg;18;3
18/18_00901.jpg;18;3
18/18_00902.jpg;18;3
18/18_00903.jpg;18;3
18/18_00904.jpg;18;3
18/18_00905.jpg;18;3
18/18_00906.jpg;18;3
18/18_00907.jpg;18;3
18/18_00908.jpg;18;3
18/18_00909.jpg;18;3
18/18_00910.jpg;18;3
18/18_00911.jpg;18;3
18/18_00912.jpg;18;3
18/18_00913.jpg;18;3
18/18_00914.jpg;18;3
18/18_00915.jpg;18;3
18/18_00916.jpg;18;3
18/18_00917.jpg;18;3
18/18_00918.jpg;18;3
18/18_00919.jpg;18;3
18/18_00920.jpg;18;3
18/18_00921.jpg;18;3
18/18_00922.jpg;18;3
18/18_00923.jpg;18;3
18/18_00924.jpg;18;3
18/18_00925.jpg;18;3
18/18_00926.jpg;18;3
18/18_00927.jpg;18;3
18/18_00928.jpg;18;3
18/18_00929.jpg;18;3
18/18_00930.jpg;18;3
19/19_00001.jpg;19;3
19/19_00002.jpg;19;3
19/19_00003.jpg;19;3
19/19_00004.jpg;19;3
19/19_00005.jpg;19;3
19/19_00006.jpg;19;3
19/19_00007.jpg;19;3
19/19_00008.jpg;19;3
19/19_00009.jpg;19;3
19/19_00010.jpg;19;3
19/19_00011.jpg;19;3
19/19_00012.jpg;19;3
19/19_00013.jpg;19;3
19/19_00014.jpg;19;3
19/19_00015.jpg;19;3
19/19_00016.jpg;19;3
19/19_00017.jpg;19;3
19/19_00018.jpg;19;3
19/19_00019.jpg;19;3
19/19_00020.jpg;19;3
19/19_00021.jpg;19;3
19/19_00022.jpg;19;3
19/19_00023.jpg;19;3
19/19_00024.jpg;19;3
19/19_00025.jpg;19;3
19/19_00026.jpg;19;3
19/19_00027.jpg;19;3
19/19_00028.jpg;19;3
19/19_00029.jpg;19;3
19/19_00030.jpg;19;3
19/19_00031.jpg;19;3
19/19_00032.jpg;19;3
19/19_00033.jpg;19;3
19/19_00034.jpg;19;3
19/19_00035.jpg;19;3
19/19_00036.jpg;19;3
19/19_00037.jpg;19;3
19/19_00038.jpg;19;3
19/19_00039.jpg;19;3
19/19_00040.jpg;19;3
19/19_00041.jpg;19;3
19/19_00042.jpg;19;3
19/19_00043.jpg;19;3
19/19_00044.jpg;19;3
19/19_00045.jpg;19;3
19/19_00046.jpg;19;3
19/19_00047.jpg;19;3
19/19_00048.jpg;19;3
19/19_00049.jpg;19;3
19/19_00050.jpg;19;3
19/19_00051.jpg;19;3
19/19_00052.jpg;19;3
19/19_00053.jpg;19;3
19/19_00054.jpg;19;3
19/19_00055.jpg;19;3
19/19_00056.jpg;19;3
19/19_00057.jpg;19;3
19/19_00058.jpg;19;3
19/19_00059.jpg;19;3
19/19_00060.jpg;19;3
19/19_00061.jpg;19;3
19/19_00062.jpg;19;3
19/19_00063.jpg;19;3
19/19_00064.jpg;19;3
19/19_00065.jpg;19;3
19/19_00066.jpg;19;3
19/19_00067.jpg;19;3
19/19_00068.jpg;19;3
19/19_00069.jpg;19;3
19/19_00070.jpg;19;3
19/19_00071.jpg;19;3
19/19_00072.jpg;19;3
19/19_00073.jpg;19;3
19/19_00074.jpg;19;3
19/19_00075.jpg;19;3
19/19_00076.jpg;19;3
19/19_00077.jpg;19;3
19/19_00078.jpg;19;3
19/19_00079.jpg;19;3
19/19_00080.jpg;19;3
19/19_00081.jpg;19;3
19/19_00082.jpg;19;3
19/19_00083.jpg;19;3
19/19_00084.jpg;19;3
19/19_00085.jpg;19;3
19/19_00086.jpg;19;3
19/19_00087.jpg;19;3
19/19_00088.jpg;19;3
19/19_00089.jpg;19;3
19/19_00090.jpg;19;3
19/19_00091.jpg;19;3
19/19_00092.jpg;19;3
19/19_00093.jpg;19;3
19/19_00094.jpg;19;3
19/19_00095.jpg;19;3
19/19_00096.jpg;19;3
19/19_00097.jpg;19;3
19/19_00098.jpg;19;3
19/19_00099.jpg;19;3
19/19_00100.jpg;19;3
19/19_00101.jpg;19;3
19/19_00102.jpg;19;3
19/19_00103.jpg;19;3
19/19_00104.jpg;19;3
19/19_00105.jpg;19;3
19/19_00106.jpg;19;3
19/19_00107.jpg;19;3
19/19_00108.jpg;19;3
19/19_00109.jpg;19;3
19/19_00110.jpg;19;3
19/19_00111.jpg;19;3
19/19_00112.jpg;19;3
19/19_00113.jpg;19;3
19/19_00114.jpg;19;3
19/19_00115.jpg;19;3
19/19_00116.jpg;19;3
19/19_00117.jpg;19;3
19/19_00118.jpg;19;3
19/19_00119.jpg;19;3
19/19_00120.jpg;19;3
19/19_00121.jpg;19;3
19/19_00122.jpg;19;3
19/19_00123.jpg;19;3
19/19_00124.jpg;19;3
19/19_00125.jpg;19;3
19/19_00126.jpg;19;3
19/19_00127.jpg;19;3
19/19_00128.jpg;19;3
19/19_00129.jpg;19;3
19/19_00130.jpg;19;3
19/19_00131.jpg;19;3
19/19_00132.jpg;19;3
19/19_00133.jpg;19;3
19/19_00134.jpg;19;3
19/19_00135.jpg;19;3
19/19_00136.jpg;19;3
19/19_00137.jpg;19;3
19/19_00138.jpg;19;3
19/19_00139.jpg;19;3
19/19_00140.jpg;19;3
19/19_00141.jpg;19;3
19/19_00142.jpg;19;3
19/19_00143.jpg;19;3
19/19_00144.jpg;19;3
19/19_00145.jpg;19;3
19/19_00146.jpg;19;3
19/19_00147.jpg;19;3
19/19_00148.jpg;19;3
19/19_00149.jpg;19;3
19/19_00150.jpg;19;3
19/19_00151.jpg;19;3
19/19_00152.jpg;19;3
19/19_00153.jpg;19;3
19/19_00154.jpg;19;3
19/19_00155.jpg;19;3
19/19_00156.jpg;19;3
19/19_00157.jpg;19;3
20/20_00001.jpg;20;3
20/20_00002.jpg;20;3
20/20_00003.jpg;20;3
20/20_00004.jpg;20;3
20/20_00005.jpg;20;3
20/20_00006.jpg;20;3
20/20_00007.jpg;20;3
20/20_00008.jpg;20;3
20/20_00009.jpg;20;3
20/20_00010.jpg;20;3
20/20_00011.jpg;20;3
20/20_00012.jpg;20;3
20/20_00013.jpg;20;3
20/20_00014.jpg;20;3
20/20_00015.jpg;20;3
20/20_00016.jpg;20;3
20/20_00017.jpg;20;3
20/20_00018.jpg;20;3
20/20_00019.jpg;20;3
20/20_00020.jpg;20;3
20/20_00021.jpg;20;3
20/20_00022.jpg;20;3
20/20_00023.jpg;20;3
20/20_00024.jpg;20;3
20/20_00025.jpg;20;3
20/20_00026.jpg;20;3
20/20_00027.jpg;20;3
20/20_00028.jpg;20;3
20/20_00029.jpg;20;3
20/20_00030.jpg;20;3
20/20_00031.jpg;20;3
20/20_00032.jpg;20;3
20/20_00033.jpg;20;3
20/20_00034.jpg;20;3
20/20_00035.jpg;20;3
20/20_00036.jpg;20;3
20/20_00037.jpg;20;3
20/20_00038.jpg;20;3
20/20_00039.jpg;20;3
20/20_00040.jpg;20;3
20/20_00041.jpg;20;3
20/20_00042.jpg;20;3
20/20_00043.jpg;20;3
20/20_00044.jpg;20;3
20/20_00045.jpg;20;3
20/20_00046.jpg;20;3
20/20_00047.jpg;20;3
20/20_00048.jpg;20;3
20/20_00049.jpg;20;3
20/20_00050.jpg;20;3
20/20_00051.jpg;20;3
20/20_00052.jpg;20;3
20/20_00053.jpg;20;3
20/20_00054.jpg;20;3
20/20_00055.jpg;20;3
20/20_00056.jpg;20;3
20/20_00057.jpg;20;3
20/20_00058.jpg;20;3
20/20_00059.jpg;20;3
20/20_00060.jpg;20;3
20/20_00061.jpg;20;3
20/20_00062.jpg;20;3
20/20_00063.jpg;20;3
20/20_00064.jpg;20;3
20/20_00065.jpg;20;3
20/20_00066.jpg;20;3
20/20_00067.jpg;20;3
20/20_00068.jpg;20;3
20/20_00069.jpg;20;3
20/20_00070.jpg;20;3
20/20_00071.jpg;20;3
20/20_00072.jpg;20;3
20/20_00073.jpg;20;3
20/20_00074.jpg;20;3
20/20_00075.jpg;20;3
20/20_00076.jpg;20;3
20/20_00077.jpg;20;3
20/20_00078.jpg;20;3
20/20_00079.jpg;20;3
20/20_00080.jpg;20;3
20/20_00081.jpg;20;3
20/20_00082.jpg;20;3
20/20_00083.jpg;20;3
20/20_00084.jpg;20;3
20/20_00085.jpg;20;3
20/20_00086.jpg;20;3
20/20_00087.jpg;20;3
20/20_00088.jpg;20;3
20/20_00089.jpg;20;3
20/20_00090.jpg;20;3
20/20_00091.jpg;20;3
20/20_00092.jpg;20;3
20/20_00093.jpg;20;3
20/20_00094.jpg;20;3
20/20_00095.jpg;20;3
20/20_00096.jpg;20;3
20/20_00097.jpg;20;3
20/20_00098.jpg;20;3
20/20_00099.jpg;20;3
20/20_00100.jpg;20;3
20/20_00101.jpg;20;3
20/20_00102.jpg;20;3
20/20_00103.jpg;20;3
20/20_00104.jpg;20;3
20/20_00105.jpg;20;3
20/20_00106.jpg;20;3
20/20_00107.jpg;20;3
20/20_00108.jpg;20;3
20/20_00109.jpg;20;3
20/20_00110.jpg;20;3
20/20_00111.jpg;20;3
20/20_00112.jpg;20;3
20/20_00113.jpg;20;3
20/20_00114.jpg;20;3
20/20_00115.jpg;20;3
20/20_00116.jpg;20;3
20/20_00117.jpg;20;3
20/20_00118.jpg;20;3
20/20_00119.jpg;20;3
20/20_00120.jpg;20;3
20/20_00121.jpg;20;3
20/20_00122.jpg;20;3
20/20_00123.jpg;20;3
20/20_00124.jpg;20;3
20/20_00125.jpg;20;3
20/20_00126.jpg;20;3
20/20_00127.jpg;20;3
20/20_00128.jpg;20;3
20/20_00129.jpg;20;3
20/20_00130.jpg;20;3
20/20_00131.jpg;20;3
20/20_00132.jpg;20;3
20/20_00133.jpg;20;3
20/20_00134.jpg;20;3
20/20_00135.jpg;20;3
20/20_00136.jpg;20;3
20/20_00137.jpg;20;3
20/20_00138.jpg;20;3
20/20_00139.jpg;20;3
20/20_00140.jpg;20;3
20/20_00141.jpg;20;3
20/20_00142.jpg;20;3
20/20_00143.jpg;20;3
20/20_00144.jpg;20;3
20/20_00145.jpg;20;3
20/20_00146.jpg;20;3
20/20_00147.jpg;20;3
20/20_00148.jpg;20;3
20/20_00149.jpg;20;3
20/20_00150.jpg;20;3
20/20_00151.jpg;20;3
20/20_00152.jpg;20;3
20/20_00153.jpg;20;3
20/20_00154.jpg;20;3
20/20_00155.jpg;20;3
20/20_00156.jpg;20;3
20/20_00157.jpg;20;3
20/20_00158.jpg;20;3
20/20_00159.jpg;20;3
20/20_00160.jpg;20;3
20/20_00161.jpg;20;3
20/20_00162.jpg;20;3
20/20_00163.jpg;20;3
20/20_00164.jpg;20;3
20/20_00165.jpg;20;3
20/20_00166.jpg;20;3
20/20_00167.jpg;20;3
20/20_00168.jpg;20;3
20/20_00169.jpg;20;3
20/20_00170.jpg;20;3
20/20_00171.jpg;20;3
20/20_00172.jpg;20;3
20/20_00173.jpg;20;3
20/20_00174.jpg;20;3
20/20_00175.jpg;20;3
20/20_00176.jpg;20;3
20/20_00177.jpg;20;3
20/20_00178.jpg;20;3
20/20_00179.jpg;20;3
20/20_00180.jpg;20;3
20/20_00181.jpg;20;3
20/20_00182.jpg;20;3
20/20_00183.jpg;20;3
20/20_00184.jpg;20;3
20/20_00185.jpg;20;3
20/20_00186.jpg;20;3
20/20_00187.jpg;20;3
20/20_00188.jpg;20;3
20/20_00189.jpg;20;3
20/20_00190.jpg;20;3
20/20_00191.jpg;20;3
20/20_00192.jpg;20;3
20/20_00193.jpg;20;3
20/20_00194.jpg;20;3
20/20_00195.jpg;20;3
20/20_00196.jpg;20;3
20/20_00197.jpg;20;3
20/20_00198.jpg;20;3
20/20_00199.jpg;20;3
20/20_00200.jpg;20;3
20/20_00201.jpg;20;3
20/20_00202.jpg;20;3
20/20_00203.jpg;20;3
20/20_00204.jpg;20;3
20/20_00205.jpg;20;3
20/20_00206.jpg;20;3
20/20_00207.jpg;20;3
20/20_00208.jpg;20;3
20/20_00209.jpg;20;3
20/20_00210.jpg;20;3
20/20_00211.jpg;20;3
20/20_00212.jpg;20;3
20/20_00213.jpg;20;3
20/20_00214.jpg;20;3
20/20_00215.jpg;20;3
20/20_00216.jpg;20;3
20/20_00217.jpg;20;3
20/20_00218.jpg;20;3
20/20_00219.jpg;20;3
20/20_00220.jpg;20;3
20/20_00221.jpg;20;3
20/20_00222.jpg;20;3
20/20_00223.jpg;20;3
20/20_00224.jpg;20;3
20/20_00225.jpg;20;3
20/20_00226.jpg;20;3
20/20_00227.jpg;20;3
20/20_00228.jpg;20;3
20/20_00229.jpg;20;3
20/20_00230.jpg;20;3
20/20_00231.jpg;20;3
20/20_00232.jpg;20;3
20/20_00233.jpg;20;3
20/20_00234.jpg;20;3
20/20_00235.jpg;20;3
20/20_00236.jpg;20;3
20/20_00237.jpg;20;3
20/20_00238.jpg;20;3
20/20_00239.jpg;20;3
20/20_00240.jpg;20;3
20/20_00241.jpg;20;3
20/20_00242.jpg;20;3
20/20_00243.jpg;20;3
20/20_00244.jpg;20;3
20/20_00245.jpg;20;3
20/20_00246.jpg;20;3
20/20_00247.jpg;20;3
20/20_00248.jpg;20;3
20/20_00249.jpg;20;3
20/20_00250.jpg;20;3
20/20_00251.jpg;20;3
20/20_00252.jpg;20;3
20/20_00253.jpg;20;3
20/20_00254.jpg;20;3
20/20_00255.jpg;20;3
20/20_00256.jpg;20;3
20/20_00257.jpg;20;3
20/20_00258.jpg;20;3
20/20_00259.jpg;20;3
20/20_00260.jpg;20;3
20/20_00261.jpg;20;3
20/20_00262.jpg;20;3
20/20_00263.jpg;20;3
20/20_00264.jpg;20;3
20/20_00265.jpg;20;3
20/20_00266.jpg;20;3
20/20_00267.jpg;20;3
20/20_00268.jpg;20;3
20/20_00269.jpg;20;3
20/20_00270.jpg;20;3
20/20_00271.jpg;20;3
20/20_00272.jpg;20;3
20/20_00273.jpg;20;3
20/20_00274.jpg;20;3
20/20_00275.jpg;20;3
20/20_00276.jpg;20;3
20/20_00277.jpg;20;3
20/20_00278.jpg;20;3
20/20_00279.jpg;20;3
20/20_00280.jpg;20;3
20/20_00281.jpg;20;3
20/20_00282.jpg;20;3
20/20_00283.jpg;20;3
20/20_00284.jpg;20;3
20/20_00285.jpg;20;3
20/20_00286.jpg;20;3
20/20_00287.jpg;20;3
20/20_00288.jpg;20;3
20/20_00289.jpg;20;3
20/20_00290.jpg;20;3
20/20_00291.jpg;20;3
20/20_00292.jpg;20;3
20/20_00293.jpg;20;3
20/20_00294.jpg;20;3
20/20_00295.jpg;20;3
20/20_00296.jpg;20;3
20/20_00297.jpg;20;3
20/20_00298.jpg;20;3
20/20_00299.jpg;20;3
20/20_00300.jpg;20;3
20/20_00301.jpg;20;3
20/20_00302.jpg;20;3
20/20_00303.jpg;20;3
20/20_00304.jpg;20;3
20/20_00305.jpg;20;3
20/20_00306.jpg;20;3
20/20_00307.jpg;20;3
20/20_00308.jpg;20;3
20/20_00309.jpg;20;3
20/20_00310.jpg;20;3
20/20_00311.jpg;20;3
20/20_00312.jpg;20;3
20/20_00313.jpg;20;3
20/20_00314.jpg;20;3
20/20_00315.jpg;20;3
20/20_00316.jpg;20;3
20/20_00317.jpg;20;3
20/20_00318.jpg;20;3
20/20_00319.jpg;20;3
20/20_00320.jpg;20;3
20/20_00321.jpg;20;3
20/20_00322.jpg;20;3
20/20_00323.jpg;20;3
20/20_00324.jpg;20;3
20/20_00325.jpg;20;3
20/20_00326.jpg;20;3
20/20_00327.jpg;20;3
20/20_00328.jpg;20;3
20/20_00329.jpg;20;3
20/20_00330.jpg;20;3
20/20_00331.jpg;20;3
20/20_00332.jpg;20;3
20/20_00333.jpg;20;3
20/20_00334.jpg;20;3
20/20_00335.jpg;20;3
20/20_00336.jpg;20;3
20/20_00337.jpg;20;3
20/20_00338.jpg;20;3
20/20_00339.jpg;20;3
20/20_00340.jpg;20;3
20/20_00341.jpg;20;3
20/20_00342.jpg;20;3
20/20_00343.jpg;20;3
20/20_00344.jpg;20;3
20/20_00345.jpg;20;3
20/20_00346.jpg;20;3
20/20_00347.jpg;20;3
20/20_00348.jpg;20;3
20/20_00349.jpg;20;3
20/20_00350.jpg;20;3
20/20_00351.jpg;20;3
20/20_00352.jpg;20;3
20/20_00353.jpg;20;3
20/20_00354.jpg;20;3
20/20_00355.jpg;20;3
20/20_00356.jpg;20;3
20/20_00357.jpg;20;3
20/20_00358.jpg;20;3
20/20_00359.jpg;20;3
20/20_00360.jpg;20;3
20/20_00361.jpg;20;3
20/20_00362.jpg;20;3
20/20_00363.jpg;20;3
20/20_00364.jpg;20;3
20/20_00365.jpg;20;3
20/20_00366.jpg;20;3
20/20_00367.jpg;20;3
20/20_00368.jpg;20;3
20/20_00369.jpg;20;3
20/20_00370.jpg;20;3
20/20_00371.jpg;20;3
20/20_00372.jpg;20;3
20/20_00373.jpg;20;3
20/20_00374.jpg;20;3
20/20_00375.jpg;20;3
20/20_00376.jpg;20;3
20/20_00377.jpg;20;3
20/20_00378.jpg;20;3
20/20_00379.jpg;20;3
20/20_00380.jpg;20;3
20/20_00381.jpg;20;3
20/20_00382.jpg;20;3
20/20_00383.jpg;20;3
20/20_00384.jpg;20;3
20/20_00385.jpg;20;3
20/20_00386.jpg;20;3
20/20_00387.jpg;20;3
20/20_00388.jpg;20;3
20/20_00389.jpg;20;3
20/20_00390.jpg;20;3
20/20_00391.jpg;20;3
20/20_00392.jpg;20;3
20/20_00393.jpg;20;3
20/20_00394.jpg;20;3
20/20_00395.jpg;20;3
20/20_00396.jpg;20;3
20/20_00397.jpg;20;3
20/20_00398.jpg;20;3
20/20_00399.jpg;20;3
20/20_00400.jpg;20;3
20/20_00401.jpg;20;3
20/20_00402.jpg;20;3
20/20_00403.jpg;20;3
20/20_00404.jpg;20;3
20/20_00405.jpg;20;3
20/20_00406.jpg;20;3
20/20_00407.jpg;20;3
20/20_00408.jpg;20;3
20/20_00409.jpg;20;3
20/20_00410.jpg;20;3
20/20_00411.jpg;20;3
20/20_00412.jpg;20;3
20/20_00413.jpg;20;3
20/20_00414.jpg;20;3
20/20_00415.jpg;20;3
20/20_00416.jpg;20;3
20/20_00417.jpg;20;3
20/20_00418.jpg;20;3
20/20_00419.jpg;20;3
20/20_00420.jpg;20;3
20/20_00421.jpg;20;3
20/20_00422.jpg;20;3
20/20_00423.jpg;20;3
20/20_00424.jpg;20;3
20/20_00425.jpg;20;3
20/20_00426.jpg;20;3
20/20_00427.jpg;20;3
20/20_00428.jpg;20;3
20/20_00429.jpg;20;3
20/20_00430.jpg;20;3
20/20_00431.jpg;20;3
20/20_00432.jpg;20;3
20/20_00433.jpg;20;3
20/20_00434.jpg;20;3
20/20_00435.jpg;20;3
20/20_00436.jpg;20;3
20/20_00437.jpg;20;3
20/20_00438.jpg;20;3
20/20_00439.jpg;20;3
20/20_00440.jpg;20;3
20/20_00441.jpg;20;3
20/20_00442.jpg;20;3
20/20_00443.jpg;20;3
20/20_00444.jpg;20;3
20/20_00445.jpg;20;3
20/20_00446.jpg;20;3
20/20_00447.jpg;20;3
20/20_00448.jpg;20;3
20/20_00449.jpg;20;3
20/20_00450.jpg;20;3
20/20_00451.jpg;20;3
20/20_00452.jpg;20;3
20/20_00453.jpg;20;3
20/20_00454.jpg;20;3
20/20_00455.jpg;20;3
20/20_00456.jpg;20;3
20/20_00457.jpg;20;3
20/20_00458.jpg;20;3
20/20_00459.jpg;20;3
20/20_00460.jpg;20;3
20/20_00461.jpg;20;3
20/20_00462.jpg;20;3
20/20_00463.jpg;20;3
20/20_00464.jpg;20;3
20/20_00465.jpg;20;3
20/20_00466.jpg;20;3
20/20_00467.jpg;20;3
20/20_00468.jpg;20;3
20/20_00469.jpg;20;3
20/20_00470.jpg;20;3
20/20_00471.jpg;20;3
20/20_00472.jpg;20;3
20/20_00473.jpg;20;3
20/20_00474.jpg;20;3
20/20_00475.jpg;20;3
20/20_00476.jpg;20;3
20/20_00477.jpg;20;3
20/20_00478.jpg;20;3
20/20_00479.jpg;20;3
20/20_00480.jpg;20;3
20/20_00481.jpg;20;3
20/20_00482.jpg;20;3
20/20_00483.jpg;20;3
20/20_00484.jpg;20;3
20/20_00485.jpg;20;3
20/20_00486.jpg;20;3
20/20_00487.jpg;20;3
20/20_00488.jpg;20;3
20/20_00489.jpg;20;3
20/20_00490.jpg;20;3
20/20_00491.jpg;20;3
20/20_00492.jpg;20;3
20/20_00493.jpg;20;3
20/20_00494.jpg;20;3
20/20_00495.jpg;20;3
20/20_00496.jpg;20;3
20/20_00497.jpg;20;3
20/20_00498.jpg;20;3
20/20_00499.jpg;20;3
20/20_00500.jpg;20;3
20/20_00501.jpg;20;3
20/20_00502.jpg;20;3
20/20_00503.jpg;20;3
20/20_00504.jpg;20;3
20/20_00505.jpg;20;3
20/20_00506.jpg;20;3
20/20_00507.jpg;20;3
20/20_00508.jpg;20;3
20/20_00509.jpg;20;3
20/20_00510.jpg;20;3
20/20_00511.jpg;20;3
20/20_00512.jpg;20;3
20/20_00513.jpg;20;3
20/20_00514.jpg;20;3
20/20_00515.jpg;20;3
20/20_00516.jpg;20;3
20/20_00517.jpg;20;3
20/20_00518.jpg;20;3
20/20_00519.jpg;20;3
20/20_00520.jpg;20;3
20/20_00521.jpg;20;3
20/20_00522.jpg;20;3
20/20_00523.jpg;20;3
20/20_00524.jpg;20;3
20/20_00525.jpg;20;3
20/20_00526.jpg;20;3
20/20_00527.jpg;20;3
20/20_00528.jpg;20;3
20/20_00529.jpg;20;3
20/20_00530.jpg;20;3
20/20_00531.jpg;20;3
20/20_00532.jpg;20;3
20/20_00533.jpg;20;3
20/20_00534.jpg;20;3
20/20_00535.jpg;20;3
20/20_00536.jpg;20;3
20/20_00537.jpg;20;3
20/20_00538.jpg;20;3
20/20_00539.jpg;20;3
20/20_00540.jpg;20;3
20/20_00541.jpg;20;3
20/20_00542.jpg;20;3
20/20_00543.jpg;20;3
20/20_00544.jpg;20;3
20/20_00545.jpg;20;3
20/20_00546.jpg;20;3
20/20_00547.jpg;20;3
20/20_00548.jpg;20;3
20/20_00549.jpg;20;3
20/20_00550.jpg;20;3
20/20_00551.jpg;20;3
20/20_00552.jpg;20;3
20/20_00553.jpg;20;3
20/20_00554.jpg;20;3
20/20_00555.jpg;20;3
20/20_00556.jpg;20;3
20/20_00557.jpg;20;3
20/20_00558.jpg;20;3
20/20_00559.jpg;20;3
20/20_00560.jpg;20;3
20/20_00561.jpg;20;3
20/20_00562.jpg;20;3
20/20_00563.jpg;20;3
20/20_00564.jpg;20;3
20/20_00565.jpg;20;3
20/20_00566.jpg;20;3
20/20_00567.jpg;20;3
20/20_00568.jpg;20;3
20/20_00569.jpg;20;3
20/20_00570.jpg;20;3
20/20_00571.jpg;20;3
20/20_00572.jpg;20;3
20/20_00573.jpg;20;3
20/20_00574.jpg;20;3
20/20_00575.jpg;20;3
20/20_00576.jpg;20;3
20/20_00577.jpg;20;3
20/20_00578.jpg;20;3
20/20_00579.jpg;20;3
20/20_00580.jpg;20;3
20/20_00581.jpg;20;3
20/20_00582.jpg;20;3
20/20_00583.jpg;20;3
20/20_00584.jpg;20;3
20/20_00585.jpg;20;3
20/20_00586.jpg;20;3
20/20_00587.jpg;20;3
20/20_00588.jpg;20;3
20/20_00589.jpg;20;3
20/20_00590.jpg;20;3
20/20_00591.jpg;20;3
20/20_00592.jpg;20;3
20/20_00593.jpg;20;3
20/20_00594.jpg;20;3
20/20_00595.jpg;20;3
20/20_00596.jpg;20;3
20/20_00597.jpg;20;3
20/20_00598.jpg;20;3
20/20_00599.jpg;20;3
20/20_00600.jpg;20;3
20/20_00601.jpg;20;3
20/20_00602.jpg;20;3
20/20_00603.jpg;20;3
20/20_00604.jpg;20;3
20/20_00605.jpg;20;3
20/20_00606.jpg;20;3
20/20_00607.jpg;20;3
20/20_00608.jpg;20;3
20/20_00609.jpg;20;3
20/20_00610.jpg;20;3
20/20_00611.jpg;20;3
20/20_00612.jpg;20;3
20/20_00613.jpg;20;3
20/20_00614.jpg;20;3
20/20_00615.jpg;20;3
20/20_00616.jpg;20;3
20/20_00617.jpg;20;3
20/20_00618.jpg;20;3
20/20_00619.jpg;20;3
20/20_00620.jpg;20;3
20/20_00621.jpg;20;3
20/20_00622.jpg;20;3
20/20_00623.jpg;20;3
20/20_00624.jpg;20;3
20/20_00625.jpg;20;3
20/20_00626.jpg;20;3
20/20_00627.jpg;20;3
20/20_00628.jpg;20;3
20/20_00629.jpg;20;3
20/20_00630.jpg;20;3
20/20_00631.jpg;20;3
20/20_00632.jpg;20;3
20/20_00633.jpg;20;3
20/20_00634.jpg;20;3
20/20_00635.jpg;20;3
20/20_00636.jpg;20;3
20/20_00637.jpg;20;3
20/20_00638.jpg;20;3
20/20_00639.jpg;20;3
20/20_00640.jpg;20;3
20/20_00641.jpg;20;3
20/20_00642.jpg;20;3
20/20_00643.jpg;20;3
20/20_00644.jpg;20;3
20/20_00645.jpg;20;3
20/20_00646.jpg;20;3
20/20_00647.jpg;20;3
20/20_00648.jpg;20;3
20/20_00649.jpg;20;3
20/20_00650.jpg;20;3
20/20_00651.jpg;20;3
20/20_00652.jpg;20;3
20/20_00653.jpg;20;3
20/20_00654.jpg;20;3
20/20_00655.jpg;20;3
20/20_00656.jpg;20;3
20/20_00657.jpg;20;3
20/20_00658.jpg;20;3
20/20_00659.jpg;20;3
20/20_00660.jpg;20;3
20/20_00661.jpg;20;3
20/20_00662.jpg;20;3
20/20_00663.jpg;20;3
20/20_00664.jpg;20;3
20/20_00665.jpg;20;3
20/20_00666.jpg;20;3
20/20_00667.jpg;20;3
20/20_00668.jpg;20;3
20/20_00669.jpg;20;3
20/20_00670.jpg;20;3
20/20_00671.jpg;20;3
20/20_00672.jpg;20;3
20/20_00673.jpg;20;3
20/20_00674.jpg;20;3
20/20_00675.jpg;20;3
20/20_00676.jpg;20;3
20/20_00677.jpg;20;3
20/20_00678.jpg;20;3
20/20_00679.jpg;20;3
20/20_00680.jpg;20;3
20/20_00681.jpg;20;3
20/20_00682.jpg;20;3
20/20_00683.jpg;20;3
20/20_00684.jpg;20;3
20/20_00685.jpg;20;3
20/20_00686.jpg;20;3
20/20_00687.jpg;20;3
20/20_00688.jpg;20;3
20/20_00689.jpg;20;3
20/20_00690.jpg;20;3
20/20_00691.jpg;20;3
20/20_00692.jpg;20;3
20/20_00693.jpg;20;3
20/20_00694.jpg;20;3
20/20_00695.jpg;20;3
20/20_00696.jpg;20;3
20/20_00697.jpg;20;3
20/20_00698.jpg;20;3
20/20_00699.jpg;20;3
20/20_00700.jpg;20;3
20/20_00701.jpg;20;3
20/20_00702.jpg;20;3
20/20_00703.jpg;20;3
20/20_00704.jpg;20;3
20/20_00705.jpg;20;3
20/20_00706.jpg;20;3
20/20_00707.jpg;20;3
20/20_00708.jpg;20;3
20/20_00709.jpg;20;3
20/20_00710.jpg;20;3
20/20_00711.jpg;20;3
20/20_00712.jpg;20;3
20/20_00713.jpg;20;3
20/20_00714.jpg;20;3
20/20_00715.jpg;20;3
20/20_00716.jpg;20;3
20/20_00717.jpg;20;3
20/20_00718.jpg;20;3
20/20_00719.jpg;20;3
20/20_00720.jpg;20;3
20/20_00721.jpg;20;3
20/20_00722.jpg;20;3
20/20_00723.jpg;20;3
20/20_00724.jpg;20;3
20/20_00725.jpg;20;3
20/20_00726.jpg;20;3
20/20_00727.jpg;20;3
20/20_00728.jpg;20;3
20/20_00729.jpg;20;3
20/20_00730.jpg;20;3
20/20_00731.jpg;20;3
20/20_00732.jpg;20;3
20/20_00733.jpg;20;3
20/20_00734.jpg;20;3
20/20_00735.jpg;20;3
20/20_00736.jpg;20;3
20/20_00737.jpg;20;3
20/20_00738.jpg;20;3
20/20_00739.jpg;20;3
20/20_00740.jpg;20;3
20/20_00741.jpg;20;3
20/20_00742.jpg;20;3
20/20_00743.jpg;20;3
20/20_00744.jpg;20;3
20/20_00745.jpg;20;3
20/20_00746.jpg;20;3
20/20_00747.jpg;20;3
20/20_00748.jpg;20;3
20/20_00749.jpg;20;3
20/20_00750.jpg;20;3
20/20_00751.jpg;20;3
20/20_00752.jpg;20;3
20/20_00753.jpg;20;3
20/20_00754.jpg;20;3
20/20_00755.jpg;20;3
20/20_00756.jpg;20;3
20/20_00757.jpg;20;3
20/20_00758.jpg;20;3
20/20_00759.jpg;20;3
20/20_00760.jpg;20;3
20/20_00761.jpg;20;3
20/20_00762.jpg;20;3
20/20_00763.jpg;20;3
20/20_00764.jpg;20;3
20/20_00765.jpg;20;3
20/20_00766.jpg;20;3
20/20_00767.jpg;20;3
20/20_00768.jpg;20;3
20/20_00769.jpg;20;3
20/20_00770.jpg;20;3
20/20_00771.jpg;20;3
20/20_00772.jpg;20;3
20/20_00773.jpg;20;3
20/20_00774.jpg;20;3
20/20_00775.jpg;20;3
20/20_00776.jpg;20;3
20/20_00777.jpg;20;3
20/20_00778.jpg;20;3
20/20_00779.jpg;20;3
20/20_00780.jpg;20;3
20/20_00781.jpg;20;3
20/20_00782.jpg;20;3
20/20_00783.jpg;20;3
20/20_00784.jpg;20;3
20/20_00785.jpg;20;3
20/20_00786.jpg;20;3
20/20_00787.jpg;20;3
20/20_00788.jpg;20;3
20/20_00789.jpg;20;3
20/20_00790.jpg;20;3
20/20_00791.jpg;20;3
20/20_00792.jpg;20;3
20/20_00793.jpg;20;3
20/20_00794.jpg;20;3
20/20_00795.jpg;20;3
20/20_00796.jpg;20;3
20/20_00797.jpg;20;3
20/20_00798.jpg;20;3
20/20_00799.jpg;20;3
20/20_00800.jpg;20;3
20/20_00801.jpg;20;3
20/20_00802.jpg;20;3
20/20_00803.jpg;20;3
20/20_00804.jpg;20;3
20/20_00805.jpg;20;3
20/20_00806.jpg;20;3
20/20_00807.jpg;20;3
20/20_00808.jpg;20;3
20/20_00809.jpg;20;3
20/20_00810.jpg;20;3
20/20_00811.jpg;20;3
20/20_00812.jpg;20;3
20/20_00813.jpg;20;3
20/20_00814.jpg;20;3
20/20_00815.jpg;20;3
20/20_00816.jpg;20;3
20/20_00817.jpg;20;3
20/20_00818.jpg;20;3
20/20_00819.jpg;20;3
20/20_00820.jpg;20;3
20/20_00821.jpg;20;3
20/20_00822.jpg;20;3
20/20_00823.jpg;20;3
20/20_00824.jpg;20;3
20/20_00825.jpg;20;3
20/20_00826.jpg;20;3
20/20_00827.jpg;20;3
20/20_00828.jpg;20;3
20/20_00829.jpg;20;3
20/20_00830.jpg;20;3
20/20_00831.jpg;20;3
20/20_00832.jpg;20;3
20/20_00833.jpg;20;3
20/20_00834.jpg;20;3
20/20_00835.jpg;20;3
20/20_00836.jpg;20;3
20/20_00837.jpg;20;3
20/20_00838.jpg;20;3
20/20_00839.jpg;20;3
20/20_00840.jpg;20;3
20/20_00841.jpg;20;3
20/20_00842.jpg;20;3
20/20_00843.jpg;20;3
20/20_00844.jpg;20;3
20/20_00845.jpg;20;3
20/20_00846.jpg;20;3
20/20_00847.jpg;20;3
20/20_00848.jpg;20;3
20/20_00849.jpg;20;3
20/20_00850.jpg;20;3
20/20_00851.jpg;20;3
20/20_00852.jpg;20;3
20/20_00853.jpg;20;3
20/20_00854.jpg;20;3
20/20_00855.jpg;20;3
20/20_00856.jpg;20;3
20/20_00857.jpg;20;3
20/20_00858.jpg;20;3
20/20_00859.jpg;20;3
20/20_00860.jpg;20;3
20/20_00861.jpg;20;3
20/20_00862.jpg;20;3
20/20_00863.jpg;20;3
20/20_00864.jpg;20;3
20/20_00865.jpg;20;3
20/20_00866.jpg;20;3
20/20_00867.jpg;20;3
20/20_00868.jpg;20;3
20/20_00869.jpg;20;3
20/20_00870.jpg;20;3
20/20_00871.jpg;20;3
20/20_00872.jpg;20;3
20/20_00873.jpg;20;3
20/20_00874.jpg;20;3
20/20_00875.jpg;20;3
20/20_00876.jpg;20;3
20/20_00877.jpg;20;3
20/20_00878.jpg;20;3
20/20_00879.jpg;20;3
20/20_00880.jpg;20;3
20/20_00881.jpg;20;3
20/20_00882.jpg;20;3
20/20_00883.jpg;20;3
20/20_00884.jpg;20;3
20/20_00885.jpg;20;3
20/20_00886.jpg;20;3
20/20_00887.jpg;20;3
20/20_00888.jpg;20;3
20/20_00889.jpg;20;3
20/20_00890.jpg;20;3
20/20_00891.jpg;20;3
20/20_00892.jpg;20;3
20/20_00893.jpg;20;3
20/20_00894.jpg;20;3
20/20_00895.jpg;20;3
20/20_00896.jpg;20;3
20/20_00897.jpg;20;3
20/20_00898.jpg;20;3
20/20_00899.jpg;20;3
20/20_00900.jpg;20;3
20/20_00901.jpg;20;3
20/20_00902.jpg;20;3
20/20_00903.jpg;20;3
20/20_00904.jpg;20;3
20/20_00905.jpg;20;3
20/20_00906.jpg;20;3
20/20_00907.jpg;20;3
20/20_00908.jpg;20;3
20/20_00909.jpg;20;3
20/20_00910.jpg;20;3
20/20_00911.jpg;20;3
20/20_00912.jpg;20;3
20/20_00913.jpg;20;3
20/20_00914.jpg;20;3
20/20_00915.jpg;20;3
20/20_00916.jpg;20;3
20/20_00917.jpg;20;3
20/20_00918.jpg;20;3
20/20_00919.jpg;20;3
20/20_00920.jpg;20;3
20/20_00921.jpg;20;3
20/20_00922.jpg;20;3
20/20_00923.jpg;20;3
20/20_00924.jpg;20;3
20/20_00925.jpg;20;3
20/20_00926.jpg;20;3
20/20_00927.jpg;20;3
20/20_00928.jpg;20;3
20/20_00929.jpg;20;3
20/20_00930.jpg;20;3
20/20_00931.jpg;20;3
20/20_00932.jpg;20;3
20/20_00933.jpg;20;3
20/20_00934.jpg;20;3
20/20_00935.jpg;20;3
20/20_00936.jpg;20;3
20/20_00937.jpg;20;3
20/20_00938.jpg;20;3
20/20_00939.jpg;20;3
20/20_00940.jpg;20;3
20/20_00941.jpg;20;3
20/20_00942.jpg;20;3
20/20_00943.jpg;20;3
20/20_00944.jpg;20;3
20/20_00945.jpg;20;3
20/20_00946.jpg;20;3
20/20_00947.jpg;20;3
20/20_00948.jpg;20;3
20/20_00949.jpg;20;3
20/20_00950.jpg;20;3
20/20_00951.jpg;20;3
20/20_00952.jpg;20;3
20/20_00953.jpg;20;3
20/20_00954.jpg;20;3
20/20_00955.jpg;20;3
20/20_00956.jpg;20;3
20/20_00957.jpg;20;3
20/20_00958.jpg;20;3
20/20_00959.jpg;20;3
20/20_00960.jpg;20;3
20/20_00961.jpg;20;3
20/20_00962.jpg;20;3
20/20_00963.jpg;20;3
20/20_00964.jpg;20;3
20/20_00965.jpg;20;3
20/20_00966.jpg;20;3
20/20_00967.jpg;20;3
20/20_00968.jpg;20;3
20/20_00969.jpg;20;3
20/20_00970.jpg;20;3
20/20_00971.jpg;20;3
20/20_00972.jpg;20;3
20/20_00973.jpg;20;3
20/20_00974.jpg;20;3
20/20_00975.jpg;20;3
20/20_00976.jpg;20;3
20/20_00977.jpg;20;3
20/20_00978.jpg;20;3
20/20_00979.jpg;20;3
20/20_00980.jpg;20;3
20/20_00981.jpg;20;3
20/20_00982.jpg;20;3
20/20_00983.jpg;20;3
20/20_00984.jpg;20;3
20/20_00985.jpg;20;3
20/20_00986.jpg;20;3
20/20_00987.jpg;20;3
20/20_00988.jpg;20;3
20/20_00989.jpg;20;3
20/20_00990.jpg;20;3
20/20_00991.jpg;20;3
20/20_00992.jpg;20;3
20/20_00993.jpg;20;3
20/20_00994.jpg;20;3
20/20_00995.jpg;20;3
20/20_00996.jpg;20;3
20/20_00997.jpg;20;3
20/20_00998.jpg;20;3
20/20_00999.jpg;20;3
20/20_01000.jpg;20;3
20/20_01001.jpg;20;3
20/20_01002.jpg;20;3
20/20_01003.jpg;20;3
20/20_01004.jpg;20;3
20/20_01005.jpg;20;3
20/20_01006.jpg;20;3
20/20_01007.jpg;20;3
20/20_01008.jpg;20;3
20/20_01009.jpg;20;3
20/20_01010.jpg;20;3
20/20_01011.jpg;20;3
20/20_01012.jpg;20;3
20/20_01013.jpg;20;3
20/20_01014.jpg;20;3
20/20_01015.jpg;20;3
20/20_01016.jpg;20;3
20/20_01017.jpg;20;3
20/20_01018.jpg;20;3
20/20_01019.jpg;20;3
20/20_01020.jpg;20;3
20/20_01021.jpg;20;3
20/20_01022.jpg;20;3
20/20_01023.jpg;20;3
20/20_01024.jpg;20;3
20/20_01025.jpg;20;3
20/20_01026.jpg;20;3
20/20_01027.jpg;20;3
20/20_01028.jpg;20;3
20/20_01029.jpg;20;3
20/20_01030.jpg;20;3
20/20_01031.jpg;20;3
20/20_01032.jpg;20;3
20/20_01033.jpg;20;3
20/20_01034.jpg;20;3
20/20_01035.jpg;20;3
20/20_01036.jpg;20;3
20/20_01037.jpg;20;3
20/20_01038.jpg;20;3
20/20_01039.jpg;20;3
20/20_01040.jpg;20;3
20/20_01041.jpg;20;3
20/20_01042.jpg;20;3
20/20_01043.jpg;20;3
20/20_01044.jpg;20;3
20/20_01045.jpg;20;3
20/20_01046.jpg;20;3
20/20_01047.jpg;20;3
20/20_01048.jpg;20;3
20/20_01049.jpg;20;3
20/20_01050.jpg;20;3
20/20_01051.jpg;20;3
20/20_01052.jpg;20;3
20/20_01053.jpg;20;3
20/20_01054.jpg;20;3
20/20_01055.jpg;20;3
20/20_01056.jpg;20;3
20/20_01057.jpg;20;3
20/20_01058.jpg;20;3
20/20_01059.jpg;20;3
20/20_01060.jpg;20;3
20/20_01061.jpg;20;3
20/20_01062.jpg;20;3
20/20_01063.jpg;20;3
20/20_01064.jpg;20;3
20/20_01065.jpg;20;3
20/20_01066.jpg;20;3
20/20_01067.jpg;20;3
20/20_01068.jpg;20;3
20/20_01069.jpg;20;3
20/20_01070.jpg;20;3
20/20_01071.jpg;20;3
20/20_01072.jpg;20;3
20/20_01073.jpg;20;3
20/20_01074.jpg;20;3
20/20_01075.jpg;20;3
21/21_00001.jpg;21;3
21/21_00002.jpg;21;3
21/21_00003.jpg;21;3
21/21_00004.jpg;21;3
21/21_00005.jpg;21;3
21/21_00006.jpg;21;3
21/21_00007.jpg;21;3
21/21_00008.jpg;21;3
21/21_00009.jpg;21;3
21/21_00010.jpg;21;3
21/21_00011.jpg;21;3
21/21_00012.jpg;21;3
21/21_00013.jpg;21;3
21/21_00014.jpg;21;3
21/21_00015.jpg;21;3
21/21_00016.jpg;21;3
21/21_00017.jpg;21;3
21/21_00018.jpg;21;3
21/21_00019.jpg;21;3
21/21_00020.jpg;21;3
21/21_00021.jpg;21;3
21/21_00022.jpg;21;3
21/21_00023.jpg;21;3
21/21_00024.jpg;21;3
21/21_00025.jpg;21;3
21/21_00026.jpg;21;3
21/21_00027.jpg;21;3
21/21_00028.jpg;21;3
21/21_00029.jpg;21;3
21/21_00030.jpg;21;3
21/21_00031.jpg;21;3
21/21_00032.jpg;21;3
21/21_00033.jpg;21;3
21/21_00034.jpg;21;3
21/21_00035.jpg;21;3
21/21_00036.jpg;21;3
21/21_00037.jpg;21;3
21/21_00038.jpg;21;3
21/21_00039.jpg;21;3
21/21_00040.jpg;21;3
21/21_00041.jpg;21;3
21/21_00042.jpg;21;3
21/21_00043.jpg;21;3
21/21_00044.jpg;21;3
21/21_00045.jpg;21;3
21/21_00046.jpg;21;3
21/21_00047.jpg;21;3
21/21_00048.jpg;21;3
21/21_00049.jpg;21;3
21/21_00050.jpg;21;3
21/21_00051.jpg;21;3
21/21_00052.jpg;21;3
21/21_00053.jpg;21;3
21/21_00054.jpg;21;3
21/21_00055.jpg;21;3
21/21_00056.jpg;21;3
21/21_00057.jpg;21;3
21/21_00058.jpg;21;3
21/21_00059.jpg;21;3
21/21_00060.jpg;21;3
21/21_00061.jpg;21;3
21/21_00062.jpg;21;3
21/21_00063.jpg;21;3
21/21_00064.jpg;21;3
21/21_00065.jpg;21;3
21/21_00066.jpg;21;3
21/21_00067.jpg;21;3
21/21_00068.jpg;21;3
21/21_00069.jpg;21;3
21/21_00070.jpg;21;3
21/21_00071.jpg;21;3
21/21_00072.jpg;21;3
21/21_00073.jpg;21;3
21/21_00074.jpg;21;3
21/21_00075.jpg;21;3
21/21_00076.jpg;21;3
21/21_00077.jpg;21;3
21/21_00078.jpg;21;3
21/21_00079.jpg;21;3
21/21_00080.jpg;21;3
21/21_00081.jpg;21;3
21/21_00082.jpg;21;3
21/21_00083.jpg;21;3
21/21_00084.jpg;21;3
21/21_00085.jpg;21;3
21/21_00086.jpg;21;3
21/21_00087.jpg;21;3
21/21_00088.jpg;21;3
21/21_00089.jpg;21;3
21/21_00090.jpg;21;3
21/21_00091.jpg;21;3
21/21_00092.jpg;21;3
21/21_00093.jpg;21;3
21/21_00094.jpg;21;3
21/21_00095.jpg;21;3
21/21_00096.jpg;21;3
21/21_00097.jpg;21;3
21/21_00098.jpg;21;3
21/21_00099.jpg;21;3
21/21_00100.jpg;21;3
21/21_00101.jpg;21;3
21/21_00102.jpg;21;3
21/21_00103.jpg;21;3
21/21_00104.jpg;21;3
21/21_00105.jpg;21;3
21/21_00106.jpg;21;3
21/21_00107.jpg;21;3
21/21_00108.jpg;21;3
21/21_00109.jpg;21;3
21/21_00110.jpg;21;3
21/21_00111.jpg;21;3
21/21_00112.jpg;21;3
21/21_00113.jpg;21;3
21/21_00114.jpg;21;3
21/21_00115.jpg;21;3
21/21_00116.jpg;21;3
21/21_00117.jpg;21;3
21/21_00118.jpg;21;3
21/21_00119.jpg;21;3
21/21_00120.jpg;21;3
21/21_00121.jpg;21;3
21/21_00122.jpg;21;3
21/21_00123.jpg;21;3
21/21_00124.jpg;21;3
21/21_00125.jpg;21;3
21/21_00126.jpg;21;3
21/21_00127.jpg;21;3
21/21_00128.jpg;21;3
21/21_00129.jpg;21;3
21/21_00130.jpg;21;3
21/21_00131.jpg;21;3
21/21_00132.jpg;21;3
21/21_00133.jpg;21;3
21/21_00134.jpg;21;3
21/21_00135.jpg;21;3
21/21_00136.jpg;21;3
21/21_00137.jpg;21;3
21/21_00138.jpg;21;3
21/21_00139.jpg;21;3
21/21_00140.jpg;21;3
21/21_00141.jpg;21;3
21/21_00142.jpg;21;3
21/21_00143.jpg;21;3
21/21_00144.jpg;21;3
21/21_00145.jpg;21;3
21/21_00146.jpg;21;3
21/21_00147.jpg;21;3
21/21_00148.jpg;21;3
21/21_00149.jpg;21;3
21/21_00150.jpg;21;3
21/21_00151.jpg;21;3
21/21_00152.jpg;21;3
21/21_00153.jpg;21;3
21/21_00154.jpg;21;3
21/21_00155.jpg;21;3
21/21_00156.jpg;21;3
21/21_00157.jpg;21;3
21/21_00158.jpg;21;3
21/21_00159.jpg;21;3
21/21_00160.jpg;21;3
21/21_00161.jpg;21;3
21/21_00162.jpg;21;3
21/21_00163.jpg;21;3
21/21_00164.jpg;21;3
21/21_00165.jpg;21;3
21/21_00166.jpg;21;3
21/21_00167.jpg;21;3
21/21_00168.jpg;21;3
21/21_00169.jpg;21;3
21/21_00170.jpg;21;3
21/21_00171.jpg;21;3
21/21_00172.jpg;21;3
21/21_00173.jpg;21;3
21/21_00174.jpg;21;3
21/21_00175.jpg;21;3
21/21_00176.jpg;21;3
21/21_00177.jpg;21;3
21/21_00178.jpg;21;3
21/21_00179.jpg;21;3
21/21_00180.jpg;21;3
21/21_00181.jpg;21;3
21/21_00182.jpg;21;3
21/21_00183.jpg;21;3
21/21_00184.jpg;21;3
21/21_00185.jpg;21;3
21/21_00186.jpg;21;3
21/21_00187.jpg;21;3
21/21_00188.jpg;21;3
21/21_00189.jpg;21;3
21/21_00190.jpg;21;3
21/21_00191.jpg;21;3
21/21_00192.jpg;21;3
21/21_00193.jpg;21;3
21/21_00194.jpg;21;3
21/21_00195.jpg;21;3
21/21_00196.jpg;21;3
21/21_00197.jpg;21;3
21/21_00198.jpg;21;3
21/21_00199.jpg;21;3
21/21_00200.jpg;21;3
21/21_00201.jpg;21;3
21/21_00202.jpg;21;3
21/21_00203.jpg;21;3
21/21_00204.jpg;21;3
21/21_00205.jpg;21;3
21/21_00206.jpg;21;3
21/21_00207.jpg;21;3
21/21_00208.jpg;21;3
21/21_00209.jpg;21;3
21/21_00210.jpg;21;3
22/22_00001.jpg;22;3
22/22_00002.jpg;22;3
22/22_00003.jpg;22;3
22/22_00004.jpg;22;3
22/22_00005.jpg;22;3
22/22_00006.jpg;22;3
22/22_00007.jpg;22;3
22/22_00008.jpg;22;3
22/22_00009.jpg;22;3
22/22_00010.jpg;22;3
22/22_00011.jpg;22;3
22/22_00012.jpg;22;3
22/22_00013.jpg;22;3
22/22_00014.jpg;22;3
22/22_00015.jpg;22;3
22/22_00016.jpg;22;3
22/22_00017.jpg;22;3
22/22_00018.jpg;22;3
22/22_00019.jpg;22;3
22/22_00020.jpg;22;3
22/22_00021.jpg;22;3
22/22_00022.jpg;22;3
22/22_00023.jpg;22;3
22/22_00024.jpg;22;3
22/22_00025.jpg;22;3
22/22_00026.jpg;22;3
22/22_00027.jpg;22;3
22/22_00028.jpg;22;3
22/22_00029.jpg;22;3
22/22_00030.jpg;22;3
22/22_00031.jpg;22;3
22/22_00032.jpg;22;3
22/22_00033.jpg;22;3
22/22_00034.jpg;22;3
22/22_00035.jpg;22;3
22/22_00036.jpg;22;3
22/22_00037.jpg;22;3
22/22_00038.jpg;22;3
22/22_00039.jpg;22;3
22/22_00040.jpg;22;3
22/22_00041.jpg;22;3
22/22_00042.jpg;22;3
22/22_00043.jpg;22;3
22/22_00044.jpg;22;3
22/22_00045.jpg;22;3
22/22_00046.jpg;22;3
22/22_00047.jpg;22;3
22/22_00048.jpg;22;3
22/22_00049.jpg;22;3
22/22_00050.jpg;22;3
22/22_00051.jpg;22;3
22/22_00052.jpg;22;3
22/22_00053.jpg;22;3
22/22_00054.jpg;22;3
22/22_00055.jpg;22;3
22/22_00056.jpg;22;3
22/22_00057.jpg;22;3
22/22_00058.jpg;22;3
22/22_00059.jpg;22;3
22/22_00060.jpg;22;3
22/22_00061.jpg;22;3
22/22_00062.jpg;22;3
22/22_00063.jpg;22;3
22/22_00064.jpg;22;3
22/22_00065.jpg;22;3
22/22_00066.jpg;22;3
22/22_00067.jpg;22;3
22/22_00068.jpg;22;3
22/22_00069.jpg;22;3
22/22_00070.jpg;22;3
22/22_00071.jpg;22;3
22/22_00072.jpg;22;3
22/22_00073.jpg;22;3
22/22_00074.jpg;22;3
22/22_00075.jpg;22;3
22/22_00076.jpg;22;3
22/22_00077.jpg;22;3
22/22_00078.jpg;22;3
22/22_00079.jpg;22;3
22/22_00080.jpg;22;3
22/22_00081.jpg;22;3
22/22_00082.jpg;22;3
22/22_00083.jpg;22;3
22/22_00084.jpg;22;3
22/22_00085.jpg;22;3
22/22_00086.jpg;22;3
22/22_00087.jpg;22;3
22/22_00088.jpg;22;3
22/22_00089.jpg;22;3
22/22_00090.jpg;22;3
22/22_00091.jpg;22;3
22/22_00092.jpg;22;3
22/22_00093.jpg;22;3
22/22_00094.jpg;22;3
22/22_00095.jpg;22;3
22/22_00096.jpg;22;3
22/22_00097.jpg;22;3
22/22_00098.jpg;22;3
22/22_00099.jpg;22;3
22/22_00100.jpg;22;3
22/22_00101.jpg;22;3
22/22_00102.jpg;22;3
22/22_00103.jpg;22;3
22/22_00104.jpg;22;3
22/22_00105.jpg;22;3
22/22_00106.jpg;22;3
22/22_00107.jpg;22;3
22/22_00108.jpg;22;3
22/22_00109.jpg;22;3
22/22_00110.jpg;22;3
22/22_00111.jpg;22;3
22/22_00112.jpg;22;3
22/22_00113.jpg;22;3
22/22_00114.jpg;22;3
22/22_00115.jpg;22;3
22/22_00116.jpg;22;3
22/22_00117.jpg;22;3
22/22_00118.jpg;22;3
22/22_00119.jpg;22;3
22/22_00120.jpg;22;3
22/22_00121.jpg;22;3
22/22_00122.jpg;22;3
22/22_00123.jpg;22;3
22/22_00124.jpg;22;3
22/22_00125.jpg;22;3
22/22_00126.jpg;22;3
22/22_00127.jpg;22;3
22/22_00128.jpg;22;3
22/22_00129.jpg;22;3
22/22_00130.jpg;22;3
22/22_00131.jpg;22;3
22/22_00132.jpg;22;3
22/22_00133.jpg;22;3
22/22_00134.jpg;22;3
22/22_00135.jpg;22;3
22/22_00136.jpg;22;3
22/22_00137.jpg;22;3
22/22_00138.jpg;22;3
22/22_00139.jpg;22;3
22/22_00140.jpg;22;3
22/22_00141.jpg;22;3
22/22_00142.jpg;22;3
22/22_00143.jpg;22;3
22/22_00144.jpg;22;3
22/22_00145.jpg;22;3
22/22_00146.jpg;22;3
22/22_00147.jpg;22;3
22/22_00148.jpg;22;3
22/22_00149.jpg;22;3
22/22_00150.jpg;22;3
22/22_00151.jpg;22;3
22/22_00152.jpg;22;3
22/22_00153.jpg;22;3
22/22_00154.jpg;22;3
22/22_00155.jpg;22;3
22/22_00156.jpg;22;3
22/22_00157.jpg;22;3
22/22_00158.jpg;22;3
22/22_00159.jpg;22;3
22/22_00160.jpg;22;3
22/22_00161.jpg;22;3
22/22_00162.jpg;22;3
22/22_00163.jpg;22;3
22/22_00164.jpg;22;3
22/22_00165.jpg;22;3
22/22_00166.jpg;22;3
22/22_00167.jpg;22;3
22/22_00168.jpg;22;3
22/22_00169.jpg;22;3
22/22_00170.jpg;22;3
22/22_00171.jpg;22;3
22/22_00172.jpg;22;3
22/22_00173.jpg;22;3
22/22_00174.jpg;22;3
22/22_00175.jpg;22;3
22/22_00176.jpg;22;3
22/22_00177.jpg;22;3
22/22_00178.jpg;22;3
22/22_00179.jpg;22;3
22/22_00180.jpg;22;3
22/22_00181.jpg;22;3
22/22_00182.jpg;22;3
22/22_00183.jpg;22;3
22/22_00184.jpg;22;3
22/22_00185.jpg;22;3
22/22_00186.jpg;22;3
22/22_00187.jpg;22;3
22/22_00188.jpg;22;3
22/22_00189.jpg;22;3
22/22_00190.jpg;22;3
22/22_00191.jpg;22;3
22/22_00192.jpg;22;3
22/22_00193.jpg;22;3
22/22_00194.jpg;22;3
22/22_00195.jpg;22;3
22/22_00196.jpg;22;3
22/22_00197.jpg;22;3
22/22_00198.jpg;22;3
22/22_00199.jpg;22;3
22/22_00200.jpg;22;3
22/22_00201.jpg;22;3
22/22_00202.jpg;22;3
22/22_00203.jpg;22;3
22/22_00204.jpg;22;3
22/22_00205.jpg;22;3
22/22_00206.jpg;22;3
22/22_00207.jpg;22;3
22/22_00208.jpg;22;3
22/22_00209.jpg;22;3
22/22_00210.jpg;22;3
22/22_00211.jpg;22;3
22/22_00212.jpg;22;3
22/22_00213.jpg;22;3
22/22_00214.jpg;22;3
22/22_00215.jpg;22;3
22/22_00216.jpg;22;3
22/22_00217.jpg;22;3
22/22_00218.jpg;22;3
22/22_00219.jpg;22;3
22/22_00220.jpg;22;3
22/22_00221.jpg;22;3
22/22_00222.jpg;22;3
22/22_00223.jpg;22;3
22/22_00224.jpg;22;3
22/22_00225.jpg;22;3
22/22_00226.jpg;22;3
22/22_00227.jpg;22;3
22/22_00228.jpg;22;3
22/22_00229.jpg;22;3
22/22_00230.jpg;22;3
22/22_00231.jpg;22;3
22/22_00232.jpg;22;3
22/22_00233.jpg;22;3
22/22_00234.jpg;22;3
22/22_00235.jpg;22;3
22/22_00236.jpg;22;3
22/22_00237.jpg;22;3
22/22_00238.jpg;22;3
22/22_00239.jpg;22;3
22/22_00240.jpg;22;3
22/22_00241.jpg;22;3
22/22_00242.jpg;22;3
22/22_00243.jpg;22;3
22/22_00244.jpg;22;3
22/22_00245.jpg;22;3
22/22_00246.jpg;22;3
22/22_00247.jpg;22;3
22/22_00248.jpg;22;3
22/22_00249.jpg;22;3
22/22_00250.jpg;22;3
22/22_00251.jpg;22;3
22/22_00252.jpg;22;3
22/22_00253.jpg;22;3
22/22_00254.jpg;22;3
22/22_00255.jpg;22;3
22/22_00256.jpg;22;3
22/22_00257.jpg;22;3
22/22_00258.jpg;22;3
22/22_00259.jpg;22;3
22/22_00260.jpg;22;3
22/22_00261.jpg;22;3
22/22_00262.jpg;22;3
22/22_00263.jpg;22;3
22/22_00264.jpg;22;3
22/22_00265.jpg;22;3
22/22_00266.jpg;22;3
22/22_00267.jpg;22;3
22/22_00268.jpg;22;3
22/22_00269.jpg;22;3
22/22_00270.jpg;22;3
22/22_00271.jpg;22;3
22/22_00272.jpg;22;3
22/22_00273.jpg;22;3
22/22_00274.jpg;22;3
22/22_00275.jpg;22;3
22/22_00276.jpg;22;3
22/22_00277.jpg;22;3
22/22_00278.jpg;22;3
22/22_00279.jpg;22;3
22/22_00280.jpg;22;3
22/22_00281.jpg;22;3
22/22_00282.jpg;22;3
22/22_00283.jpg;22;3
22/22_00284.jpg;22;3
22/22_00285.jpg;22;3
22/22_00286.jpg;22;3
22/22_00287.jpg;22;3
22/22_00288.jpg;22;3
22/22_00289.jpg;22;3
22/22_00290.jpg;22;3
22/22_00291.jpg;22;3
22/22_00292.jpg;22;3
22/22_00293.jpg;22;3
22/22_00294.jpg;22;3
22/22_00295.jpg;22;3
22/22_00296.jpg;22;3
22/22_00297.jpg;22;3
22/22_00298.jpg;22;3
22/22_00299.jpg;22;3
22/22_00300.jpg;22;3
22/22_00301.jpg;22;3
22/22_00302.jpg;22;3
22/22_00303.jpg;22;3
22/22_00304.jpg;22;3
22/22_00305.jpg;22;3
22/22_00306.jpg;22;3
22/22_00307.jpg;22;3
22/22_00308.jpg;22;3
22/22_00309.jpg;22;3
22/22_00310.jpg;22;3
22/22_00311.jpg;22;3
22/22_00312.jpg;22;3
22/22_00313.jpg;22;3
22/22_00314.jpg;22;3
22/22_00315.jpg;22;3
22/22_00316.jpg;22;3
22/22_00317.jpg;22;3
22/22_00318.jpg;22;3
22/22_00319.jpg;22;3
22/22_00320.jpg;22;3
22/22_00321.jpg;22;3
22/22_00322.jpg;22;3
22/22_00323.jpg;22;3
22/22_00324.jpg;22;3
22/22_00325.jpg;22;3
22/22_00326.jpg;22;3
22/22_00327.jpg;22;3
22/22_00328.jpg;22;3
22/22_00329.jpg;22;3
22/22_00330.jpg;22;3
22/22_00331.jpg;22;3
22/22_00332.jpg;22;3
22/22_00333.jpg;22;3
22/22_00334.jpg;22;3
22/22_00335.jpg;22;3
22/22_00336.jpg;22;3
22/22_00337.jpg;22;3
22/22_00338.jpg;22;3
22/22_00339.jpg;22;3
22/22_00340.jpg;22;3
22/22_00341.jpg;22;3
22/22_00342.jpg;22;3
22/22_00343.jpg;22;3
22/22_00344.jpg;22;3
22/22_00345.jpg;22;3
22/22_00346.jpg;22;3
22/22_00347.jpg;22;3
22/22_00348.jpg;22;3
22/22_00349.jpg;22;3
22/22_00350.jpg;22;3
22/22_00351.jpg;22;3
22/22_00352.jpg;22;3
22/22_00353.jpg;22;3
22/22_00354.jpg;22;3
22/22_00355.jpg;22;3
22/22_00356.jpg;22;3
22/22_00357.jpg;22;3
22/22_00358.jpg;22;3
22/22_00359.jpg;22;3
22/22_00360.jpg;22;3
22/22_00361.jpg;22;3
22/22_00362.jpg;22;3
22/22_00363.jpg;22;3
22/22_00364.jpg;22;3
22/22_00365.jpg;22;3
22/22_00366.jpg;22;3
22/22_00367.jpg;22;3
22/22_00368.jpg;22;3
22/22_00369.jpg;22;3
22/22_00370.jpg;22;3
22/22_00371.jpg;22;3
22/22_00372.jpg;22;3
22/22_00373.jpg;22;3
22/22_00374.jpg;22;3
22/22_00375.jpg;22;3
22/22_00376.jpg;22;3
22/22_00377.jpg;22;3
22/22_00378.jpg;22;3
22/22_00379.jpg;22;3
22/22_00380.jpg;22;3
22/22_00381.jpg;22;3
22/22_00382.jpg;22;3
22/22_00383.jpg;22;3
22/22_00384.jpg;22;3
22/22_00385.jpg;22;3
22/22_00386.jpg;22;3
22/22_00387.jpg;22;3
22/22_00388.jpg;22;3
22/22_00389.jpg;22;3
22/22_00390.jpg;22;3
22/22_00391.jpg;22;3
22/22_00392.jpg;22;3
22/22_00393.jpg;22;3
22/22_00394.jpg;22;3
22/22_00395.jpg;22;3
22/22_00396.jpg;22;3
22/22_00397.jpg;22;3
22/22_00398.jpg;22;3
22/22_00399.jpg;22;3
22/22_00400.jpg;22;3
22/22_00401.jpg;22;3
22/22_00402.jpg;22;3
22/22_00403.jpg;22;3
22/22_00404.jpg;22;3
22/22_00405.jpg;22;3
22/22_00406.jpg;22;3
22/22_00407.jpg;22;3
22/22_00408.jpg;22;3
22/22_00409.jpg;22;3
22/22_00410.jpg;22;3
22/22_00411.jpg;22;3
22/22_00412.jpg;22;3
22/22_00413.jpg;22;3
22/22_00414.jpg;22;3
22/22_00415.jpg;22;3
22/22_00416.jpg;22;3
22/22_00417.jpg;22;3
22/22_00418.jpg;22;3
22/22_00419.jpg;22;3
22/22_00420.jpg;22;3
22/22_00421.jpg;22;3
22/22_00422.jpg;22;3
22/22_00423.jpg;22;3
22/22_00424.jpg;22;3
22/22_00425.jpg;22;3
22/22_00426.jpg;22;3
22/22_00427.jpg;22;3
22/22_00428.jpg;22;3
22/22_00429.jpg;22;3
22/22_00430.jpg;22;3
22/22_00431.jpg;22;3
22/22_00432.jpg;22;3
22/22_00433.jpg;22;3
22/22_00434.jpg;22;3
22/22_00435.jpg;22;3
22/22_00436.jpg;22;3
22/22_00437.jpg;22;3
22/22_00438.jpg;22;3
22/22_00439.jpg;22;3
22/22_00440.jpg;22;3
22/22_00441.jpg;22;3
22/22_00442.jpg;22;3
22/22_00443.jpg;22;3
22/22_00444.jpg;22;3
22/22_00445.jpg;22;3
22/22_00446.jpg;22;3
22/22_00447.jpg;22;3
22/22_00448.jpg;22;3
22/22_00449.jpg;22;3
22/22_00450.jpg;22;3
22/22_00451.jpg;22;3
22/22_00452.jpg;22;3
22/22_00453.jpg;22;3
22/22_00454.jpg;22;3
22/22_00455.jpg;22;3
22/22_00456.jpg;22;3
22/22_00457.jpg;22;3
22/22_00458.jpg;22;3
22/22_00459.jpg;22;3
22/22_00460.jpg;22;3
22/22_00461.jpg;22;3
22/22_00462.jpg;22;3
22/22_00463.jpg;22;3
22/22_00464.jpg;22;3
22/22_00465.jpg;22;3
22/22_00466.jpg;22;3
22/22_00467.jpg;22;3
22/22_00468.jpg;22;3
22/22_00469.jpg;22;3
22/22_00470.jpg;22;3
22/22_00471.jpg;22;3
22/22_00472.jpg;22;3
22/22_00473.jpg;22;3
22/22_00474.jpg;22;3
22/22_00475.jpg;22;3
22/22_00476.jpg;22;3
22/22_00477.jpg;22;3
22/22_00478.jpg;22;3
22/22_00479.jpg;22;3
22/22_00480.jpg;22;3
22/22_00481.jpg;22;3
22/22_00482.jpg;22;3
22/22_00483.jpg;22;3
22/22_00484.jpg;22;3
22/22_00485.jpg;22;3
22/22_00486.jpg;22;3
22/22_00487.jpg;22;3
22/22_00488.jpg;22;3
22/22_00489.jpg;22;3
22/22_00490.jpg;22;3
22/22_00491.jpg;22;3
22/22_00492.jpg;22;3
22/22_00493.jpg;22;3
22/22_00494.jpg;22;3
22/22_00495.jpg;22;3
22/22_00496.jpg;22;3
22/22_00497.jpg;22;3
22/22_00498.jpg;22;3
22/22_00499.jpg;22;3
22/22_00500.jpg;22;3
22/22_00501.jpg;22;3
22/22_00502.jpg;22;3
22/22_00503.jpg;22;3
22/22_00504.jpg;22;3
22/22_00505.jpg;22;3
22/22_00506.jpg;22;3
22/22_00507.jpg;22;3
22/22_00508.jpg;22;3
22/22_00509.jpg;22;3
22/22_00510.jpg;22;3
22/22_00511.jpg;22;3
22/22_00512.jpg;22;3
22/22_00513.jpg;22;3
22/22_00514.jpg;22;3
22/22_00515.jpg;22;3
22/22_00516.jpg;22;3
22/22_00517.jpg;22;3
22/22_00518.jpg;22;3
22/22_00519.jpg;22;3
22/22_00520.jpg;22;3
22/22_00521.jpg;22;3
22/22_00522.jpg;22;3
22/22_00523.jpg;22;3
22/22_00524.jpg;22;3
22/22_00525.jpg;22;3
22/22_00526.jpg;22;3
22/22_00527.jpg;22;3
22/22_00528.jpg;22;3
22/22_00529.jpg;22;3
22/22_00530.jpg;22;3
22/22_00531.jpg;22;3
22/22_00532.jpg;22;3
22/22_00533.jpg;22;3
22/22_00534.jpg;22;3
22/22_00535.jpg;22;3
22/22_00536.jpg;22;3
22/22_00537.jpg;22;3
22/22_00538.jpg;22;3
22/22_00539.jpg;22;3
22/22_00540.jpg;22;3
22/22_00541.jpg;22;3
22/22_00542.jpg;22;3
22/22_00543.jpg;22;3
22/22_00544.jpg;22;3
22/22_00545.jpg;22;3
22/22_00546.jpg;22;3
22/22_00547.jpg;22;3
22/22_00548.jpg;22;3
22/22_00549.jpg;22;3
22/22_00550.jpg;22;3
22/22_00551.jpg;22;3
22/22_00552.jpg;22;3
22/22_00553.jpg;22;3
22/22_00554.jpg;22;3
22/22_00555.jpg;22;3
22/22_00556.jpg;22;3
22/22_00557.jpg;22;3
22/22_00558.jpg;22;3
22/22_00559.jpg;22;3
22/22_00560.jpg;22;3
22/22_00561.jpg;22;3
22/22_00562.jpg;22;3
22/22_00563.jpg;22;3
22/22_00564.jpg;22;3
22/22_00565.jpg;22;3
22/22_00566.jpg;22;3
22/22_00567.jpg;22;3
22/22_00568.jpg;22;3
22/22_00569.jpg;22;3
22/22_00570.jpg;22;3
22/22_00571.jpg;22;3
22/22_00572.jpg;22;3
22/22_00573.jpg;22;3
22/22_00574.jpg;22;3
22/22_00575.jpg;22;3
22/22_00576.jpg;22;3
22/22_00577.jpg;22;3
22/22_00578.jpg;22;3
22/22_00579.jpg;22;3
22/22_00580.jpg;22;3
22/22_00581.jpg;22;3
22/22_00582.jpg;22;3
22/22_00583.jpg;22;3
22/22_00584.jpg;22;3
22/22_00585.jpg;22;3
22/22_00586.jpg;22;3
22/22_00587.jpg;22;3
22/22_00588.jpg;22;3
22/22_00589.jpg;22;3
22/22_00590.jpg;22;3
22/22_00591.jpg;22;3
22/22_00592.jpg;22;3
22/22_00593.jpg;22;3
22/22_00594.jpg;22;3
22/22_00595.jpg;22;3
22/22_00596.jpg;22;3
22/22_00597.jpg;22;3
22/22_00598.jpg;22;3
22/22_00599.jpg;22;3
22/22_00600.jpg;22;3
22/22_00601.jpg;22;3
22/22_00602.jpg;22;3
22/22_00603.jpg;22;3
22/22_00604.jpg;22;3
22/22_00605.jpg;22;3
22/22_00606.jpg;22;3
22/22_00607.jpg;22;3
22/22_00608.jpg;22;3
22/22_00609.jpg;22;3
22/22_00610.jpg;22;3
22/22_00611.jpg;22;3
22/22_00612.jpg;22;3
22/22_00613.jpg;22;3
22/22_00614.jpg;22;3
22/22_00615.jpg;22;3
22/22_00616.jpg;22;3
22/22_00617.jpg;22;3
22/22_00618.jpg;22;3
22/22_00619.jpg;22;3
22/22_00620.jpg;22;3
22/22_00621.jpg;22;3
22/22_00622.jpg;22;3
22/22_00623.jpg;22;3
22/22_00624.jpg;22;3
22/22_00625.jpg;22;3
22/22_00626.jpg;22;3
22/22_00627.jpg;22;3
22/22_00628.jpg;22;3
22/22_00629.jpg;22;3
22/22_00630.jpg;22;3
22/22_00631.jpg;22;3
22/22_00632.jpg;22;3
22/22_00633.jpg;22;3
22/22_00634.jpg;22;3
22/22_00635.jpg;22;3
22/22_00636.jpg;22;3
22/22_00637.jpg;22;3
22/22_00638.jpg;22;3
22/22_00639.jpg;22;3
22/22_00640.jpg;22;3
22/22_00641.jpg;22;3
22/22_00642.jpg;22;3
22/22_00643.jpg;22;3
22/22_00644.jpg;22;3
22/22_00645.jpg;22;3
22/22_00646.jpg;22;3
22/22_00647.jpg;22;3
22/22_00648.jpg;22;3
22/22_00649.jpg;22;3
22/22_00650.jpg;22;3
22/22_00651.jpg;22;3
22/22_00652.jpg;22;3
22/22_00653.jpg;22;3
22/22_00654.jpg;22;3
22/22_00655.jpg;22;3
22/22_00656.jpg;22;3
22/22_00657.jpg;22;3
22/22_00658.jpg;22;3
22/22_00659.jpg;22;3
22/22_00660.jpg;22;3
22/22_00661.jpg;22;3
22/22_00662.jpg;22;3
22/22_00663.jpg;22;3
22/22_00664.jpg;22;3
22/22_00665.jpg;22;3
22/22_00666.jpg;22;3
22/22_00667.jpg;22;3
22/22_00668.jpg;22;3
22/22_00669.jpg;22;3
22/22_00670.jpg;22;3
22/22_00671.jpg;22;3
22/22_00672.jpg;22;3
22/22_00673.jpg;22;3
22/22_00674.jpg;22;3
22/22_00675.jpg;22;3
22/22_00676.jpg;22;3
22/22_00677.jpg;22;3
22/22_00678.jpg;22;3
22/22_00679.jpg;22;3
22/22_00680.jpg;22;3
22/22_00681.jpg;22;3
22/22_00682.jpg;22;3
22/22_00683.jpg;22;3
22/22_00684.jpg;22;3
23/23_00001.jpg;23;3
23/23_00002.jpg;23;3
23/23_00003.jpg;23;3
23/23_00004.jpg;23;3
23/23_00005.jpg;23;3
23/23_00006.jpg;23;3
23/23_00007.jpg;23;3
23/23_00008.jpg;23;3
23/23_00009.jpg;23;3
23/23_00010.jpg;23;3
23/23_00011.jpg;23;3
23/23_00012.jpg;23;3
23/23_00013.jpg;23;3
23/23_00014.jpg;23;3
23/23_00015.jpg;23;3
23/23_00016.jpg;23;3
23/23_00017.jpg;23;3
23/23_00018.jpg;23;3
23/23_00019.jpg;23;3
23/23_00020.jpg;23;3
23/23_00021.jpg;23;3
23/23_00022.jpg;23;3
23/23_00023.jpg;23;3
23/23_00024.jpg;23;3
23/23_00025.jpg;23;3
23/23_00026.jpg;23;3
23/23_00027.jpg;23;3
23/23_00028.jpg;23;3
23/23_00029.jpg;23;3
23/23_00030.jpg;23;3
23/23_00031.jpg;23;3
23/23_00032.jpg;23;3
23/23_00033.jpg;23;3
23/23_00034.jpg;23;3
23/23_00035.jpg;23;3
23/23_00036.jpg;23;3
23/23_00037.jpg;23;3
23/23_00038.jpg;23;3
23/23_00039.jpg;23;3
23/23_00040.jpg;23;3
23/23_00041.jpg;23;3
23/23_00042.jpg;23;3
23/23_00043.jpg;23;3
23/23_00044.jpg;23;3
23/23_00045.jpg;23;3
23/23_00046.jpg;23;3
23/23_00047.jpg;23;3
23/23_00048.jpg;23;3
23/23_00049.jpg;23;3
23/23_00050.jpg;23;3
23/23_00051.jpg;23;3
23/23_00052.jpg;23;3
23/23_00053.jpg;23;3
23/23_00054.jpg;23;3
23/23_00055.jpg;23;3
23/23_00056.jpg;23;3
23/23_00057.jpg;23;3
23/23_00058.jpg;23;3
23/23_00059.jpg;23;3
23/23_00060.jpg;23;3
23/23_00061.jpg;23;3
23/23_00062.jpg;23;3
23/23_00063.jpg;23;3
23/23_00064.jpg;23;3
23/23_00065.jpg;23;3
23/23_00066.jpg;23;3
23/23_00067.jpg;23;3
23/23_00068.jpg;23;3
23/23_00069.jpg;23;3
23/23_00070.jpg;23;3
23/23_00071.jpg;23;3
23/23_00072.jpg;23;3
23/23_00073.jpg;23;3
23/23_00074.jpg;23;3
23/23_00075.jpg;23;3
23/23_00076.jpg;23;3
23/23_00077.jpg;23;3
23/23_00078.jpg;23;3
23/23_00079.jpg;23;3
23/23_00080.jpg;23;3
23/23_00081.jpg;23;3
23/23_00082.jpg;23;3
23/23_00083.jpg;23;3
23/23_00084.jpg;23;3
23/23_00085.jpg;23;3
23/23_00086.jpg;23;3
23/23_00087.jpg;23;3
23/23_00088.jpg;23;3
23/23_00089.jpg;23;3
23/23_00090.jpg;23;3
23/23_00091.jpg;23;3
23/23_00092.jpg;23;3
23/23_00093.jpg;23;3
23/23_00094.jpg;23;3
23/23_00095.jpg;23;3
23/23_00096.jpg;23;3
23/23_00097.jpg;23;3
23/23_00098.jpg;23;3
23/23_00099.jpg;23;3
23/23_00100.jpg;23;3
23/23_00101.jpg;23;3
23/23_00102.jpg;23;3
23/23_00103.jpg;23;3
23/23_00104.jpg;23;3
23/23_00105.jpg;23;3
23/23_00106.jpg;23;3
23/23_00107.jpg;23;3
23/23_00108.jpg;23;3
23/23_00109.jpg;23;3
23/23_00110.jpg;23;3
23/23_00111.jpg;23;3
23/23_00112.jpg;23;3
23/23_00113.jpg;23;3
23/23_00114.jpg;23;3
23/23_00115.jpg;23;3
23/23_00116.jpg;23;3
23/23_00117.jpg;23;3
23/23_00118.jpg;23;3
23/23_00119.jpg;23;3
24/24_00001.jpg;24;3
24/24_00002.jpg;24;3
24/24_00003.jpg;24;3
24/24_00004.jpg;24;3
24/24_00005.jpg;24;3
24/24_00006.jpg;24;3
24/24_00007.jpg;24;3
24/24_00008.jpg;24;3
24/24_00009.jpg;24;3
24/24_00010.jpg;24;3
24/24_00011.jpg;24;3
24/24_00012.jpg;24;3
24/24_00013.jpg;24;3
24/24_00014.jpg;24;3
24/24_00015.jpg;24;3
24/24_00016.jpg;24;3
24/24_00017.jpg;24;3
24/24_00018.jpg;24;3
24/24_00019.jpg;24;3
24/24_00020.jpg;24;3
24/24_00021.jpg;24;3
24/24_00022.jpg;24;3
24/24_00023.jpg;24;3
24/24_00024.jpg;24;3
24/24_00025.jpg;24;3
24/24_00026.jpg;24;3
24/24_00027.jpg;24;3
24/24_00028.jpg;24;3
24/24_00029.jpg;24;3
24/24_00030.jpg;24;3
24/24_00031.jpg;24;3
24/24_00032.jpg;24;3
24/24_00033.jpg;24;3
24/24_00034.jpg;24;3
24/24_00035.jpg;24;3
24/24_00036.jpg;24;3
24/24_00037.jpg;24;3
24/24_00038.jpg;24;3
24/24_00039.jpg;24;3
24/24_00040.jpg;24;3
24/24_00041.jpg;24;3
24/24_00042.jpg;24;3
24/24_00043.jpg;24;3
24/24_00044.jpg;24;3
24/24_00045.jpg;24;3
24/24_00046.jpg;24;3
24/24_00047.jpg;24;3
24/24_00048.jpg;24;3
24/24_00049.jpg;24;3
24/24_00050.jpg;24;3
24/24_00051.jpg;24;3
24/24_00052.jpg;24;3
24/24_00053.jpg;24;3
24/24_00054.jpg;24;3
24/24_00055.jpg;24;3
24/24_00056.jpg;24;3
24/24_00057.jpg;24;3
24/24_00058.jpg;24;3
24/24_00059.jpg;24;3
24/24_00060.jpg;24;3
24/24_00061.jpg;24;3
24/24_00062.jpg;24;3
24/24_00063.jpg;24;3
24/24_00064.jpg;24;3
24/24_00065.jpg;24;3
24/24_00066.jpg;24;3
24/24_00067.jpg;24;3
24/24_00068.jpg;24;3
24/24_00069.jpg;24;3
24/24_00070.jpg;24;3
24/24_00071.jpg;24;3
24/24_00072.jpg;24;3
24/24_00073.jpg;24;3
24/24_00074.jpg;24;3
24/24_00075.jpg;24;3
24/24_00076.jpg;24;3
24/24_00077.jpg;24;3
24/24_00078.jpg;24;3
24/24_00079.jpg;24;3
24/24_00080.jpg;24;3
24/24_00081.jpg;24;3
24/24_00082.jpg;24;3
24/24_00083.jpg;24;3
24/24_00084.jpg;24;3
24/24_00085.jpg;24;3
24/24_00086.jpg;24;3
24/24_00087.jpg;24;3
24/24_00088.jpg;24;3
24/24_00089.jpg;24;3
24/24_00090.jpg;24;3
24/24_00091.jpg;24;3
24/24_00092.jpg;24;3
24/24_00093.jpg;24;3
24/24_00094.jpg;24;3
24/24_00095.jpg;24;3
24/24_00096.jpg;24;3
24/24_00097.jpg;24;3
24/24_00098.jpg;24;3
24/24_00099.jpg;24;3
24/24_00100.jpg;24;3
24/24_00101.jpg;24;3
24/24_00102.jpg;24;3
24/24_00103.jpg;24;3
24/24_00104.jpg;24;3
24/24_00105.jpg;24;3
24/24_00106.jpg;24;3
24/24_00107.jpg;24;3
24/24_00108.jpg;24;3
24/24_00109.jpg;24;3
24/24_00110.jpg;24;3
24/24_00111.jpg;24;3
24/24_00112.jpg;24;3
24/24_00113.jpg;24;3
24/24_00114.jpg;24;3
24/24_00115.jpg;24;3
24/24_00116.jpg;24;3
24/24_00117.jpg;24;3
24/24_00118.jpg;24;3
24/24_00119.jpg;24;3
24/24_00120.jpg;24;3
24/24_00121.jpg;24;3
24/24_00122.jpg;24;3
24/24_00123.jpg;24;3
24/24_00124.jpg;24;3
24/24_00125.jpg;24;3
24/24_00126.jpg;24;3
24/24_00127.jpg;24;3
24/24_00128.jpg;24;3
24/24_00129.jpg;24;3
24/24_00130.jpg;24;3
24/24_00131.jpg;24;3
24/24_00132.jpg;24;3
24/24_00133.jpg;24;3
24/24_00134.jpg;24;3
24/24_00135.jpg;24;3
24/24_00136.jpg;24;3
24/24_00137.jpg;24;3
24/24_00138.jpg;24;3
24/24_00139.jpg;24;3
24/24_00140.jpg;24;3
24/24_00141.jpg;24;3
24/24_00142.jpg;24;3
24/24_00143.jpg;24;3
24/24_00144.jpg;24;3
24/24_00145.jpg;24;3
24/24_00146.jpg;24;3
24/24_00147.jpg;24;3
24/24_00148.jpg;24;3
24/24_00149.jpg;24;3
24/24_00150.jpg;24;3
24/24_00151.jpg;24;3
24/24_00152.jpg;24;3
24/24_00153.jpg;24;3
24/24_00154.jpg;24;3
24/24_00155.jpg;24;3
24/24_00156.jpg;24;3
24/24_00157.jpg;24;3
24/24_00158.jpg;24;3
24/24_00159.jpg;24;3
24/24_00160.jpg;24;3
24/24_00161.jpg;24;3
24/24_00162.jpg;24;3
24/24_00163.jpg;24;3
24/24_00164.jpg;24;3
24/24_00165.jpg;24;3
24/24_00166.jpg;24;3
24/24_00167.jpg;24;3
24/24_00168.jpg;24;3
24/24_00169.jpg;24;3
24/24_00170.jpg;24;3
24/24_00171.jpg;24;3
24/24_00172.jpg;24;3
24/24_00173.jpg;24;3
24/24_00174.jpg;24;3
24/24_00175.jpg;24;3
24/24_00176.jpg;24;3
24/24_00177.jpg;24;3
24/24_00178.jpg;24;3
24/24_00179.jpg;24;3
24/24_00180.jpg;24;3
24/24_00181.jpg;24;3
24/24_00182.jpg;24;3
24/24_00183.jpg;24;3
24/24_00184.jpg;24;3
24/24_00185.jpg;24;3
24/24_00186.jpg;24;3
24/24_00187.jpg;24;3
24/24_00188.jpg;24;3
24/24_00189.jpg;24;3
24/24_00190.jpg;24;3
24/24_00191.jpg;24;3
24/24_00192.jpg;24;3
24/24_00193.jpg;24;3
24/24_00194.jpg;24;3
24/24_00195.jpg;24;3
24/24_00196.jpg;24;3
24/24_00197.jpg;24;3
24/24_00198.jpg;24;3
24/24_00199.jpg;24;3
24/24_00200.jpg;24;3
24/24_00201.jpg;24;3
24/24_00202.jpg;24;3
24/24_00203.jpg;24;3
24/24_00204.jpg;24;3
24/24_00205.jpg;24;3
24/24_00206.jpg;24;3
24/24_00207.jpg;24;3
24/24_00208.jpg;24;3
24/24_00209.jpg;24;3
24/24_00210.jpg;24;3
24/24_00211.jpg;24;3
24/24_00212.jpg;24;3
24/24_00213.jpg;24;3
24/24_00214.jpg;24;3
24/24_00215.jpg;24;3
24/24_00216.jpg;24;3
24/24_00217.jpg;24;3
24/24_00218.jpg;24;3
24/24_00219.jpg;24;3
24/24_00220.jpg;24;3
24/24_00221.jpg;24;3
24/24_00222.jpg;24;3
24/24_00223.jpg;24;3
24/24_00224.jpg;24;3
24/24_00225.jpg;24;3
24/24_00226.jpg;24;3
24/24_00227.jpg;24;3
24/24_00228.jpg;24;3
24/24_00229.jpg;24;3
25/25_00001.jpg;25;3
25/25_00002.jpg;25;3
25/25_00003.jpg;25;3
25/25_00004.jpg;25;3
25/25_00005.jpg;25;3
25/25_00006.jpg;25;3
25/25_00007.jpg;25;3
25/25_00008.jpg;25;3
25/25_00009.jpg;25;3
25/25_00010.jpg;25;3
25/25_00011.jpg;25;3
25/25_00012.jpg;25;3
25/25_00013.jpg;25;3
25/25_00014.jpg;25;3
25/25_00015.jpg;25;3
25/25_00016.jpg;25;3
25/25_00017.jpg;25;3
25/25_00018.jpg;25;3
25/25_00019.jpg;25;3
25/25_00020.jpg;25;3
25/25_00021.jpg;25;3
25/25_00022.jpg;25;3
25/25_00023.jpg;25;3
25/25_00024.jpg;25;3
25/25_00025.jpg;25;3
25/25_00026.jpg;25;3
25/25_00027.jpg;25;3
25/25_00028.jpg;25;3
25/25_00029.jpg;25;3
25/25_00030.jpg;25;3
25/25_00031.jpg;25;3
25/25_00032.jpg;25;3
25/25_00033.jpg;25;3
25/25_00034.jpg;25;3
25/25_00035.jpg;25;3
25/25_00036.jpg;25;3
25/25_00037.jpg;25;3
25/25_00038.jpg;25;3
25/25_00039.jpg;25;3
25/25_00040.jpg;25;3
25/25_00041.jpg;25;3
25/25_00042.jpg;25;3
25/25_00043.jpg;25;3
25/25_00044.jpg;25;3
25/25_00045.jpg;25;3
25/25_00046.jpg;25;3
25/25_00047.jpg;25;3
25/25_00048.jpg;25;3
25/25_00049.jpg;25;3
25/25_00050.jpg;25;3
25/25_00051.jpg;25;3
25/25_00052.jpg;25;3
25/25_00053.jpg;25;3
25/25_00054.jpg;25;3
25/25_00055.jpg;25;3
25/25_00056.jpg;25;3
25/25_00057.jpg;25;3
25/25_00058.jpg;25;3
25/25_00059.jpg;25;3
25/25_00060.jpg;25;3
25/25_00061.jpg;25;3
25/25_00062.jpg;25;3
25/25_00063.jpg;25;3
25/25_00064.jpg;25;3
25/25_00065.jpg;25;3
25/25_00066.jpg;25;3
25/25_00067.jpg;25;3
25/25_00068.jpg;25;3
25/25_00069.jpg;25;3
25/25_00070.jpg;25;3
25/25_00071.jpg;25;3
25/25_00072.jpg;25;3
25/25_00073.jpg;25;3
25/25_00074.jpg;25;3
25/25_00075.jpg;25;3
25/25_00076.jpg;25;3
25/25_00077.jpg;25;3
25/25_00078.jpg;25;3
25/25_00079.jpg;25;3
25/25_00080.jpg;25;3
25/25_00081.jpg;25;3
25/25_00082.jpg;25;3
25/25_00083.jpg;25;3
25/25_00084.jpg;25;3
25/25_00085.jpg;25;3
25/25_00086.jpg;25;3
25/25_00087.jpg;25;3
25/25_00088.jpg;25;3
25/25_00089.jpg;25;3
25/25_00090.jpg;25;3
25/25_00091.jpg;25;3
25/25_00092.jpg;25;3
25/25_00093.jpg;25;3
25/25_00094.jpg;25;3
25/25_00095.jpg;25;3
25/25_00096.jpg;25;3
25/25_00097.jpg;25;3
25/25_00098.jpg;25;3
25/25_00099.jpg;25;3
25/25_00100.jpg;25;3
25/25_00101.jpg;25;3
25/25_00102.jpg;25;3
25/25_00103.jpg;25;3
25/25_00104.jpg;25;3
25/25_00105.jpg;25;3
25/25_00106.jpg;25;3
25/25_00107.jpg;25;3
25/25_00108.jpg;25;3
25/25_00109.jpg;25;3
25/25_00110.jpg;25;3
25/25_00111.jpg;25;3
25/25_00112.jpg;25;3
25/25_00113.jpg;25;3
25/25_00114.jpg;25;3
25/25_00115.jpg;25;3
25/25_00116.jpg;25;3
25/25_00117.jpg;25;3
25/25_00118.jpg;25;3
25/25_00119.jpg;25;3
25/25_00120.jpg;25;3
25/25_00121.jpg;25;3
25/25_00122.jpg;25;3
25/25_00123.jpg;25;3
25/25_00124.jpg;25;3
25/25_00125.jpg;25;3
25/25_00126.jpg;25;3
25/25_00127.jpg;25;3
25/25_00128.jpg;25;3
25/25_00129.jpg;25;3
25/25_00130.jpg;25;3
25/25_00131.jpg;25;3
25/25_00132.jpg;25;3
25/25_00133.jpg;25;3
25/25_00134.jpg;25;3
25/25_00135.jpg;25;3
25/25_00136.jpg;25;3
25/25_00137.jpg;25;3
25/25_00138.jpg;25;3
25/25_00139.jpg;25;3
25/25_00140.jpg;25;3
25/25_00141.jpg;25;3
25/25_00142.jpg;25;3
25/25_00143.jpg;25;3
25/25_00144.jpg;25;3
25/25_00145.jpg;25;3
25/25_00146.jpg;25;3
25/25_00147.jpg;25;3
25/25_00148.jpg;25;3
25/25_00149.jpg;25;3
25/25_00150.jpg;25;3
25/25_00151.jpg;25;3
25/25_00152.jpg;25;3
25/25_00153.jpg;25;3
25/25_00154.jpg;25;3
25/25_00155.jpg;25;3
25/25_00156.jpg;25;3
25/25_00157.jpg;25;3
25/25_00158.jpg;25;3
25/25_00159.jpg;25;3
25/25_00160.jpg;25;3
25/25_00161.jpg;25;3
25/25_00162.jpg;25;3
25/25_00163.jpg;25;3
25/25_00164.jpg;25;3
25/25_00165.jpg;25;3
25/25_00166.jpg;25;3
25/25_00167.jpg;25;3
25/25_00168.jpg;25;3
25/25_00169.jpg;25;3
25/25_00170.jpg;25;3
25/25_00171.jpg;25;3
25/25_00172.jpg;25;3
25/25_00173.jpg;25;3
25/25_00174.jpg;25;3
25/25_00175.jpg;25;3
25/25_00176.jpg;25;3
25/25_00177.jpg;25;3
25/25_00178.jpg;25;3
25/25_00179.jpg;25;3
25/25_00180.jpg;25;3
25/25_00181.jpg;25;3
25/25_00182.jpg;25;3
25/25_00183.jpg;25;3
25/25_00184.jpg;25;3
25/25_00185.jpg;25;3
25/25_00186.jpg;25;3
25/25_00187.jpg;25;3
25/25_00188.jpg;25;3
25/25_00189.jpg;25;3
25/25_00190.jpg;25;3
25/25_00191.jpg;25;3
25/25_00192.jpg;25;3
25/25_00193.jpg;25;3
25/25_00194.jpg;25;3
25/25_00195.jpg;25;3
25/25_00196.jpg;25;3
25/25_00197.jpg;25;3
25/25_00198.jpg;25;3
25/25_00199.jpg;25;3
25/25_00200.jpg;25;3
25/25_00201.jpg;25;3
25/25_00202.jpg;25;3
25/25_00203.jpg;25;3
25/25_00204.jpg;25;3
25/25_00205.jpg;25;3
25/25_00206.jpg;25;3
25/25_00207.jpg;25;3
25/25_00208.jpg;25;3
25/25_00209.jpg;25;3
25/25_00210.jpg;25;3
25/25_00211.jpg;25;3
25/25_00212.jpg;25;3
25/25_00213.jpg;25;3
25/25_00214.jpg;25;3
25/25_00215.jpg;25;3
25/25_00216.jpg;25;3
25/25_00217.jpg;25;3
25/25_00218.jpg;25;3
25/25_00219.jpg;25;3
25/25_00220.jpg;25;3
25/25_00221.jpg;25;3
25/25_00222.jpg;25;3
25/25_00223.jpg;25;3
25/25_00224.jpg;25;3
25/25_00225.jpg;25;3
25/25_00226.jpg;25;3
25/25_00227.jpg;25;3
25/25_00228.jpg;25;3
25/25_00229.jpg;25;3
25/25_00230.jpg;25;3
25/25_00231.jpg;25;3
25/25_00232.jpg;25;3
25/25_00233.jpg;25;3
25/25_00234.jpg;25;3
25/25_00235.jpg;25;3
25/25_00236.jpg;25;3
25/25_00237.jpg;25;3
25/25_00238.jpg;25;3
25/25_00239.jpg;25;3
25/25_00240.jpg;25;3
25/25_00241.jpg;25;3
25/25_00242.jpg;25;3
25/25_00243.jpg;25;3
25/25_00244.jpg;25;3
25/25_00245.jpg;25;3
25/25_00246.jpg;25;3
25/25_00247.jpg;25;3
25/25_00248.jpg;25;3
25/25_00249.jpg;25;3
25/25_00250.jpg;25;3
25/25_00251.jpg;25;3
25/25_00252.jpg;25;3
25/25_00253.jpg;25;3
25/25_00254.jpg;25;3
25/25_00255.jpg;25;3
25/25_00256.jpg;25;3
25/25_00257.jpg;25;3
25/25_00258.jpg;25;3
25/25_00259.jpg;25;3
25/25_00260.jpg;25;3
25/25_00261.jpg;25;3
25/25_00262.jpg;25;3
25/25_00263.jpg;25;3
25/25_00264.jpg;25;3
25/25_00265.jpg;25;3
25/25_00266.jpg;25;3
25/25_00267.jpg;25;3
25/25_00268.jpg;25;3
25/25_00269.jpg;25;3
25/25_00270.jpg;25;3
25/25_00271.jpg;25;3
25/25_00272.jpg;25;3
25/25_00273.jpg;25;3
25/25_00274.jpg;25;3
25/25_00275.jpg;25;3
25/25_00276.jpg;25;3
25/25_00277.jpg;25;3
25/25_00278.jpg;25;3
25/25_00279.jpg;25;3
25/25_00280.jpg;25;3
25/25_00281.jpg;25;3
25/25_00282.jpg;25;3
25/25_00283.jpg;25;3
25/25_00284.jpg;25;3
25/25_00285.jpg;25;3
25/25_00286.jpg;25;3
25/25_00287.jpg;25;3
25/25_00288.jpg;25;3
25/25_00289.jpg;25;3
25/25_00290.jpg;25;3
25/25_00291.jpg;25;3
25/25_00292.jpg;25;3
25/25_00293.jpg;25;3
25/25_00294.jpg;25;3
25/25_00295.jpg;25;3
25/25_00296.jpg;25;3
25/25_00297.jpg;25;3
25/25_00298.jpg;25;3
25/25_00299.jpg;25;3
25/25_00300.jpg;25;3
25/25_00301.jpg;25;3
25/25_00302.jpg;25;3
25/25_00303.jpg;25;3
25/25_00304.jpg;25;3
25/25_00305.jpg;25;3
25/25_00306.jpg;25;3
25/25_00307.jpg;25;3
25/25_00308.jpg;25;3
25/25_00309.jpg;25;3
25/25_00310.jpg;25;3
25/25_00311.jpg;25;3
25/25_00312.jpg;25;3
25/25_00313.jpg;25;3
25/25_00314.jpg;25;3
25/25_00315.jpg;25;3
25/25_00316.jpg;25;3
25/25_00317.jpg;25;3
25/25_00318.jpg;25;3
25/25_00319.jpg;25;3
25/25_00320.jpg;25;3
25/25_00321.jpg;25;3
25/25_00322.jpg;25;3
25/25_00323.jpg;25;3
25/25_00324.jpg;25;3
25/25_00325.jpg;25;3
25/25_00326.jpg;25;3
25/25_00327.jpg;25;3
25/25_00328.jpg;25;3
25/25_00329.jpg;25;3
25/25_00330.jpg;25;3
25/25_00331.jpg;25;3
25/25_00332.jpg;25;3
25/25_00333.jpg;25;3
25/25_00334.jpg;25;3
25/25_00335.jpg;25;3
25/25_00336.jpg;25;3
25/25_00337.jpg;25;3
25/25_00338.jpg;25;3
25/25_00339.jpg;25;3
25/25_00340.jpg;25;3
25/25_00341.jpg;25;3
25/25_00342.jpg;25;3
25/25_00343.jpg;25;3
25/25_00344.jpg;25;3
25/25_00345.jpg;25;3
25/25_00346.jpg;25;3
25/25_00347.jpg;25;3
25/25_00348.jpg;25;3
25/25_00349.jpg;25;3
25/25_00350.jpg;25;3
25/25_00351.jpg;25;3
25/25_00352.jpg;25;3
25/25_00353.jpg;25;3
25/25_00354.jpg;25;3
25/25_00355.jpg;25;3
25/25_00356.jpg;25;3
25/25_00357.jpg;25;3
25/25_00358.jpg;25;3
25/25_00359.jpg;25;3
25/25_00360.jpg;25;3
25/25_00361.jpg;25;3
25/25_00362.jpg;25;3
25/25_00363.jpg;25;3
25/25_00364.jpg;25;3
25/25_00365.jpg;25;3
25/25_00366.jpg;25;3
25/25_00367.jpg;25;3
25/25_00368.jpg;25;3
25/25_00369.jpg;25;3
25/25_00370.jpg;25;3
25/25_00371.jpg;25;3
25/25_00372.jpg;25;3
25/25_00373.jpg;25;3
25/25_00374.jpg;25;3
25/25_00375.jpg;25;3
25/25_00376.jpg;25;3
25/25_00377.jpg;25;3
25/25_00378.jpg;25;3
25/25_00379.jpg;25;3
25/25_00380.jpg;25;3
25/25_00381.jpg;25;3
25/25_00382.jpg;25;3
25/25_00383.jpg;25;3
25/25_00384.jpg;25;3
25/25_00385.jpg;25;3
25/25_00386.jpg;25;3
25/25_00387.jpg;25;3
25/25_00388.jpg;25;3
25/25_00389.jpg;25;3
25/25_00390.jpg;25;3
25/25_00391.jpg;25;3
25/25_00392.jpg;25;3
25/25_00393.jpg;25;3
25/25_00394.jpg;25;3
25/25_00395.jpg;25;3
25/25_00396.jpg;25;3
25/25_00397.jpg;25;3
25/25_00398.jpg;25;3
25/25_00399.jpg;25;3
25/25_00400.jpg;25;3
25/25_00401.jpg;25;3
25/25_00402.jpg;25;3
25/25_00403.jpg;25;3
25/25_00404.jpg;25;3
25/25_00405.jpg;25;3
25/25_00406.jpg;25;3
25/25_00407.jpg;25;3
25/25_00408.jpg;25;3
25/25_00409.jpg;25;3
25/25_00410.jpg;25;3
25/25_00411.jpg;25;3
25/25_00412.jpg;25;3
25/25_00413.jpg;25;3
25/25_00414.jpg;25;3
25/25_00415.jpg;25;3
25/25_00416.jpg;25;3
25/25_00417.jpg;25;3
25/25_00418.jpg;25;3
25/25_00419.jpg;25;3
25/25_00420.jpg;25;3
25/25_00421.jpg;25;3
25/25_00422.jpg;25;3
25/25_00423.jpg;25;3
25/25_00424.jpg;25;3
25/25_00425.jpg;25;3
25/25_00426.jpg;25;3
25/25_00427.jpg;25;3
25/25_00428.jpg;25;3
25/25_00429.jpg;25;3
25/25_00430.jpg;25;3
25/25_00431.jpg;25;3
25/25_00432.jpg;25;3
25/25_00433.jpg;25;3
25/25_00434.jpg;25;3
25/25_00435.jpg;25;3
25/25_00436.jpg;25;3
25/25_00437.jpg;25;3
25/25_00438.jpg;25;3
25/25_00439.jpg;25;3
25/25_00440.jpg;25;3
25/25_00441.jpg;25;3
25/25_00442.jpg;25;3
25/25_00443.jpg;25;3
25/25_00444.jpg;25;3
25/25_00445.jpg;25;3
25/25_00446.jpg;25;3
25/25_00447.jpg;25;3
25/25_00448.jpg;25;3
25/25_00449.jpg;25;3
25/25_00450.jpg;25;3
25/25_00451.jpg;25;3
25/25_00452.jpg;25;3
25/25_00453.jpg;25;3
25/25_00454.jpg;25;3
25/25_00455.jpg;25;3
25/25_00456.jpg;25;3
25/25_00457.jpg;25;3
25/25_00458.jpg;25;3
25/25_00459.jpg;25;3
25/25_00460.jpg;25;3
25/25_00461.jpg;25;3
25/25_00462.jpg;25;3
25/25_00463.jpg;25;3
25/25_00464.jpg;25;3
25/25_00465.jpg;25;3
25/25_00466.jpg;25;3
25/25_00467.jpg;25;3
25/25_00468.jpg;25;3
25/25_00469.jpg;25;3
25/25_00470.jpg;25;3
25/25_00471.jpg;25;3
25/25_00472.jpg;25;3
25/25_00473.jpg;25;3
25/25_00474.jpg;25;3
25/25_00475.jpg;25;3
25/25_00476.jpg;25;3
25/25_00477.jpg;25;3
25/25_00478.jpg;25;3
25/25_00479.jpg;25;3
25/25_00480.jpg;25;3
25/25_00481.jpg;25;3
25/25_00482.jpg;25;3
25/25_00483.jpg;25;3
25/25_00484.jpg;25;3
25/25_00485.jpg;25;3
25/25_00486.jpg;25;3
25/25_00487.jpg;25;3
25/25_00488.jpg;25;3
25/25_00489.jpg;25;3
25/25_00490.jpg;25;3
25/25_00491.jpg;25;3
25/25_00492.jpg;25;3
25/25_00493.jpg;25;3
25/25_00494.jpg;25;3
25/25_00495.jpg;25;3
25/25_00496.jpg;25;3
25/25_00497.jpg;25;3
25/25_00498.jpg;25;3
25/25_00499.jpg;25;3
25/25_00500.jpg;25;3
25/25_00501.jpg;25;3
25/25_00502.jpg;25;3
25/25_00503.jpg;25;3
25/25_00504.jpg;25;3
25/25_00505.jpg;25;3
25/25_00506.jpg;25;3
25/25_00507.jpg;25;3
25/25_00508.jpg;25;3
25/25_00509.jpg;25;3
25/25_00510.jpg;25;3
25/25_00511.jpg;25;3
25/25_00512.jpg;25;3
25/25_00513.jpg;25;3
25/25_00514.jpg;25;3
25/25_00515.jpg;25;3
25/25_00516.jpg;25;3
25/25_00517.jpg;25;3
25/25_00518.jpg;25;3
25/25_00519.jpg;25;3
25/25_00520.jpg;25;3
25/25_00521.jpg;25;3
25/25_00522.jpg;25;3
25/25_00523.jpg;25;3
25/25_00524.jpg;25;3
25/25_00525.jpg;25;3
25/25_00526.jpg;25;3
25/25_00527.jpg;25;3
25/25_00528.jpg;25;3
25/25_00529.jpg;25;3
25/25_00530.jpg;25;3
25/25_00531.jpg;25;3
25/25_00532.jpg;25;3
25/25_00533.jpg;25;3
25/25_00534.jpg;25;3
25/25_00535.jpg;25;3
25/25_00536.jpg;25;3
25/25_00537.jpg;25;3
25/25_00538.jpg;25;3
25/25_00539.jpg;25;3
25/25_00540.jpg;25;3
25/25_00541.jpg;25;3
25/25_00542.jpg;25;3
25/25_00543.jpg;25;3
25/25_00544.jpg;25;3
25/25_00545.jpg;25;3
25/25_00546.jpg;25;3
25/25_00547.jpg;25;3
25/25_00548.jpg;25;3
25/25_00549.jpg;25;3
25/25_00550.jpg;25;3
25/25_00551.jpg;25;3
25/25_00552.jpg;25;3
25/25_00553.jpg;25;3
25/25_00554.jpg;25;3
25/25_00555.jpg;25;3
25/25_00556.jpg;25;3
25/25_00557.jpg;25;3
25/25_00558.jpg;25;3
25/25_00559.jpg;25;3
25/25_00560.jpg;25;3
25/25_00561.jpg;25;3
25/25_00562.jpg;25;3
25/25_00563.jpg;25;3
25/25_00564.jpg;25;3
25/25_00565.jpg;25;3
25/25_00566.jpg;25;3
25/25_00567.jpg;25;3
25/25_00568.jpg;25;3
25/25_00569.jpg;25;3
25/25_00570.jpg;25;3
25/25_00571.jpg;25;3
25/25_00572.jpg;25;3
25/25_00573.jpg;25;3
25/25_00574.jpg;25;3
25/25_00575.jpg;25;3
25/25_00576.jpg;25;3
25/25_00577.jpg;25;3
25/25_00578.jpg;25;3
25/25_00579.jpg;25;3
25/25_00580.jpg;25;3
25/25_00581.jpg;25;3
25/25_00582.jpg;25;3
25/25_00583.jpg;25;3
25/25_00584.jpg;25;3
25/25_00585.jpg;25;3
25/25_00586.jpg;25;3
25/25_00587.jpg;25;3
25/25_00588.jpg;25;3
25/25_00589.jpg;25;3
25/25_00590.jpg;25;3
25/25_00591.jpg;25;3
25/25_00592.jpg;25;3
25/25_00593.jpg;25;3
25/25_00594.jpg;25;3
25/25_00595.jpg;25;3
25/25_00596.jpg;25;3
25/25_00597.jpg;25;3
25/25_00598.jpg;25;3
25/25_00599.jpg;25;3
25/25_00600.jpg;25;3
25/25_00601.jpg;25;3
25/25_00602.jpg;25;3
25/25_00603.jpg;25;3
25/25_00604.jpg;25;3
25/25_00605.jpg;25;3
25/25_00606.jpg;25;3
25/25_00607.jpg;25;3
25/25_00608.jpg;25;3
25/25_00609.jpg;25;3
25/25_00610.jpg;25;3
25/25_00611.jpg;25;3
25/25_00612.jpg;25;3
25/25_00613.jpg;25;3
25/25_00614.jpg;25;3
25/25_00615.jpg;25;3
25/25_00616.jpg;25;3
25/25_00617.jpg;25;3
25/25_00618.jpg;25;3
25/25_00619.jpg;25;3
25/25_00620.jpg;25;3
25/25_00621.jpg;25;3
25/25_00622.jpg;25;3
25/25_00623.jpg;25;3
25/25_00624.jpg;25;3
25/25_00625.jpg;25;3
25/25_00626.jpg;25;3
25/25_00627.jpg;25;3
25/25_00628.jpg;25;3
25/25_00629.jpg;25;3
25/25_00630.jpg;25;3
25/25_00631.jpg;25;3
25/25_00632.jpg;25;3
25/25_00633.jpg;25;3
25/25_00634.jpg;25;3
25/25_00635.jpg;25;3
25/25_00636.jpg;25;3
25/25_00637.jpg;25;3
25/25_00638.jpg;25;3
25/25_00639.jpg;25;3
25/25_00640.jpg;25;3
25/25_00641.jpg;25;3
25/25_00642.jpg;25;3
25/25_00643.jpg;25;3
25/25_00644.jpg;25;3
25/25_00645.jpg;25;3
25/25_00646.jpg;25;3
25/25_00647.jpg;25;3
25/25_00648.jpg;25;3
25/25_00649.jpg;25;3
25/25_00650.jpg;25;3
25/25_00651.jpg;25;3
25/25_00652.jpg;25;3
25/25_00653.jpg;25;3
25/25_00654.jpg;25;3
25/25_00655.jpg;25;3
25/25_00656.jpg;25;3
25/25_00657.jpg;25;3
25/25_00658.jpg;25;3
25/25_00659.jpg;25;3
25/25_00660.jpg;25;3
25/25_00661.jpg;25;3
25/25_00662.jpg;25;3
25/25_00663.jpg;25;3
25/25_00664.jpg;25;3
25/25_00665.jpg;25;3
25/25_00666.jpg;25;3
25/25_00667.jpg;25;3
25/25_00668.jpg;25;3
25/25_00669.jpg;25;3
25/25_00670.jpg;25;3
25/25_00671.jpg;25;3
25/25_00672.jpg;25;3
25/25_00673.jpg;25;3
25/25_00674.jpg;25;3
25/25_00675.jpg;25;3
25/25_00676.jpg;25;3
25/25_00677.jpg;25;3
25/25_00678.jpg;25;3
25/25_00679.jpg;25;3
25/25_00680.jpg;25;3
25/25_00681.jpg;25;3
25/25_00682.jpg;25;3
25/25_00683.jpg;25;3
25/25_00684.jpg;25;3
25/25_00685.jpg;25;3
25/25_00686.jpg;25;3
25/25_00687.jpg;25;3
25/25_00688.jpg;25;3
25/25_00689.jpg;25;3
25/25_00690.jpg;25;3
25/25_00691.jpg;25;3
25/25_00692.jpg;25;3
25/25_00693.jpg;25;3
25/25_00694.jpg;25;3
25/25_00695.jpg;25;3
25/25_00696.jpg;25;3
25/25_00697.jpg;25;3
25/25_00698.jpg;25;3
25/25_00699.jpg;25;3
25/25_00700.jpg;25;3
25/25_00701.jpg;25;3
25/25_00702.jpg;25;3
25/25_00703.jpg;25;3
25/25_00704.jpg;25;3
25/25_00705.jpg;25;3
25/25_00706.jpg;25;3
25/25_00707.jpg;25;3
25/25_00708.jpg;25;3
25/25_00709.jpg;25;3
25/25_00710.jpg;25;3
25/25_00711.jpg;25;3
25/25_00712.jpg;25;3
25/25_00713.jpg;25;3
25/25_00714.jpg;25;3
25/25_00715.jpg;25;3
25/25_00716.jpg;25;3
25/25_00717.jpg;25;3
25/25_00718.jpg;25;3
25/25_00719.jpg;25;3
25/25_00720.jpg;25;3
25/25_00721.jpg;25;3
25/25_00722.jpg;25;3
25/25_00723.jpg;25;3
25/25_00724.jpg;25;3
25/25_00725.jpg;25;3
25/25_00726.jpg;25;3
25/25_00727.jpg;25;3
25/25_00728.jpg;25;3
25/25_00729.jpg;25;3
25/25_00730.jpg;25;3
25/25_00731.jpg;25;3
25/25_00732.jpg;25;3
25/25_00733.jpg;25;3
25/25_00734.jpg;25;3
25/25_00735.jpg;25;3
25/25_00736.jpg;25;3
25/25_00737.jpg;25;3
25/25_00738.jpg;25;3
25/25_00739.jpg;25;3
25/25_00740.jpg;25;3
25/25_00741.jpg;25;3
25/25_00742.jpg;25;3
25/25_00743.jpg;25;3
25/25_00744.jpg;25;3
25/25_00745.jpg;25;3
25/25_00746.jpg;25;3
25/25_00747.jpg;25;3
25/25_00748.jpg;25;3
25/25_00749.jpg;25;3
25/25_00750.jpg;25;3
25/25_00751.jpg;25;3
25/25_00752.jpg;25;3
25/25_00753.jpg;25;3
25/25_00754.jpg;25;3
25/25_00755.jpg;25;3
25/25_00756.jpg;25;3
25/25_00757.jpg;25;3
25/25_00758.jpg;25;3
25/25_00759.jpg;25;3
25/25_00760.jpg;25;3
25/25_00761.jpg;25;3
25/25_00762.jpg;25;3
25/25_00763.jpg;25;3
25/25_00764.jpg;25;3
25/25_00765.jpg;25;3
25/25_00766.jpg;25;3
25/25_00767.jpg;25;3
25/25_00768.jpg;25;3
25/25_00769.jpg;25;3
25/25_00770.jpg;25;3
25/25_00771.jpg;25;3
25/25_00772.jpg;25;3
25/25_00773.jpg;25;3
25/25_00774.jpg;25;3
25/25_00775.jpg;25;3
25/25_00776.jpg;25;3
25/25_00777.jpg;25;3
25/25_00778.jpg;25;3
25/25_00779.jpg;25;3
25/25_00780.jpg;25;3
25/25_00781.jpg;25;3
25/25_00782.jpg;25;3
25/25_00783.jpg;25;3
25/25_00784.jpg;25;3
25/25_00785.jpg;25;3
25/25_00786.jpg;25;3
25/25_00787.jpg;25;3
25/25_00788.jpg;25;3
25/25_00789.jpg;25;3
25/25_00790.jpg;25;3
25/25_00791.jpg;25;3
25/25_00792.jpg;25;3
25/25_00793.jpg;25;3
25/25_00794.jpg;25;3
25/25_00795.jpg;25;3
25/25_00796.jpg;25;3
25/25_00797.jpg;25;3
25/25_00798.jpg;25;3
25/25_00799.jpg;25;3
25/25_00800.jpg;25;3
25/25_00801.jpg;25;3
25/25_00802.jpg;25;3
25/25_00803.jpg;25;3
25/25_00804.jpg;25;3
25/25_00805.jpg;25;3
25/25_00806.jpg;25;3
25/25_00807.jpg;25;3
25/25_00808.jpg;25;3
25/25_00809.jpg;25;3
25/25_00810.jpg;25;3
25/25_00811.jpg;25;3
25/25_00812.jpg;25;3
25/25_00813.jpg;25;3
25/25_00814.jpg;25;3
25/25_00815.jpg;25;3
25/25_00816.jpg;25;3
25/25_00817.jpg;25;3
25/25_00818.jpg;25;3
25/25_00819.jpg;25;3
25/25_00820.jpg;25;3
25/25_00821.jpg;25;3
25/25_00822.jpg;25;3
25/25_00823.jpg;25;3
25/25_00824.jpg;25;3
25/25_00825.jpg;25;3
25/25_00826.jpg;25;3
25/25_00827.jpg;25;3
25/25_00828.jpg;25;3
25/25_00829.jpg;25;3
25/25_00830.jpg;25;3
25/25_00831.jpg;25;3
25/25_00832.jpg;25;3
25/25_00833.jpg;25;3
25/25_00834.jpg;25;3
25/25_00835.jpg;25;3
25/25_00836.jpg;25;3
25/25_00837.jpg;25;3
25/25_00838.jpg;25;3
25/25_00839.jpg;25;3
25/25_00840.jpg;25;3
25/25_00841.jpg;25;3
25/25_00842.jpg;25;3
25/25_00843.jpg;25;3
25/25_00844.jpg;25;3
25/25_00845.jpg;25;3
25/25_00846.jpg;25;3
25/25_00847.jpg;25;3
25/25_00848.jpg;25;3
25/25_00849.jpg;25;3
25/25_00850.jpg;25;3
25/25_00851.jpg;25;3
25/25_00852.jpg;25;3
25/25_00853.jpg;25;3
25/25_00854.jpg;25;3
25/25_00855.jpg;25;3
25/25_00856.jpg;25;3
25/25_00857.jpg;25;3
25/25_00858.jpg;25;3
25/25_00859.jpg;25;3
25/25_00860.jpg;25;3
25/25_00861.jpg;25;3
25/25_00862.jpg;25;3
25/25_00863.jpg;25;3
25/25_00864.jpg;25;3
25/25_00865.jpg;25;3
25/25_00866.jpg;25;3
25/25_00867.jpg;25;3
25/25_00868.jpg;25;3
25/25_00869.jpg;25;3
25/25_00870.jpg;25;3
25/25_00871.jpg;25;3
25/25_00872.jpg;25;3
25/25_00873.jpg;25;3
25/25_00874.jpg;25;3
25/25_00875.jpg;25;3
25/25_00876.jpg;25;3
25/25_00877.jpg;25;3
25/25_00878.jpg;25;3
25/25_00879.jpg;25;3
25/25_00880.jpg;25;3
25/25_00881.jpg;25;3
25/25_00882.jpg;25;3
25/25_00883.jpg;25;3
25/25_00884.jpg;25;3
25/25_00885.jpg;25;3
25/25_00886.jpg;25;3
25/25_00887.jpg;25;3
25/25_00888.jpg;25;3
25/25_00889.jpg;25;3
25/25_00890.jpg;25;3
25/25_00891.jpg;25;3
25/25_00892.jpg;25;3
25/25_00893.jpg;25;3
25/25_00894.jpg;25;3
25/25_00895.jpg;25;3
25/25_00896.jpg;25;3
25/25_00897.jpg;25;3
25/25_00898.jpg;25;3
25/25_00899.jpg;25;3
25/25_00900.jpg;25;3
25/25_00901.jpg;25;3
25/25_00902.jpg;25;3
25/25_00903.jpg;25;3
25/25_00904.jpg;25;3
25/25_00905.jpg;25;3
25/25_00906.jpg;25;3
25/25_00907.jpg;25;3
25/25_00908.jpg;25;3
25/25_00909.jpg;25;3
25/25_00910.jpg;25;3
25/25_00911.jpg;25;3
25/25_00912.jpg;25;3
25/25_00913.jpg;25;3
25/25_00914.jpg;25;3
25/25_00915.jpg;25;3
25/25_00916.jpg;25;3
25/25_00917.jpg;25;3
25/25_00918.jpg;25;3
25/25_00919.jpg;25;3
25/25_00920.jpg;25;3
25/25_00921.jpg;25;3
25/25_00922.jpg;25;3
25/25_00923.jpg;25;3
25/25_00924.jpg;25;3
25/25_00925.jpg;25;3
25/25_00926.jpg;25;3
25/25_00927.jpg;25;3
25/25_00928.jpg;25;3
25/25_00929.jpg;25;3
25/25_00930.jpg;25;3
25/25_00931.jpg;25;3
25/25_00932.jpg;25;3
25/25_00933.jpg;25;3
25/25_00934.jpg;25;3
25/25_00935.jpg;25;3
25/25_00936.jpg;25;3
25/25_00937.jpg;25;3
25/25_00938.jpg;25;3
25/25_00939.jpg;25;3
25/25_00940.jpg;25;3
25/25_00941.jpg;25;3
25/25_00942.jpg;25;3
25/25_00943.jpg;25;3
25/25_00944.jpg;25;3
25/25_00945.jpg;25;3
25/25_00946.jpg;25;3
25/25_00947.jpg;25;3
25/25_00948.jpg;25;3
25/25_00949.jpg;25;3
25/25_00950.jpg;25;3
25/25_00951.jpg;25;3
25/25_00952.jpg;25;3
25/25_00953.jpg;25;3
25/25_00954.jpg;25;3
25/25_00955.jpg;25;3
25/25_00956.jpg;25;3
25/25_00957.jpg;25;3
25/25_00958.jpg;25;3
25/25_00959.jpg;25;3
25/25_00960.jpg;25;3
25/25_00961.jpg;25;3
25/25_00962.jpg;25;3
25/25_00963.jpg;25;3
25/25_00964.jpg;25;3
25/25_00965.jpg;25;3
25/25_00966.jpg;25;3
25/25_00967.jpg;25;3
25/25_00968.jpg;25;3
25/25_00969.jpg;25;3
25/25_00970.jpg;25;3
25/25_00971.jpg;25;3
25/25_00972.jpg;25;3
25/25_00973.jpg;25;3
25/25_00974.jpg;25;3
25/25_00975.jpg;25;3
25/25_00976.jpg;25;3
25/25_00977.jpg;25;3
25/25_00978.jpg;25;3
25/25_00979.jpg;25;3
25/25_00980.jpg;25;3
25/25_00981.jpg;25;3
25/25_00982.jpg;25;3
25/25_00983.jpg;25;3
25/25_00984.jpg;25;3
25/25_00985.jpg;25;3
25/25_00986.jpg;25;3
25/25_00987.jpg;25;3
25/25_00988.jpg;25;3
25/25_00989.jpg;25;3
25/25_00990.jpg;25;3
25/25_00991.jpg;25;3
25/25_00992.jpg;25;3
25/25_00993.jpg;25;3
25/25_00994.jpg;25;3
25/25_00995.jpg;25;3
25/25_00996.jpg;25;3
25/25_00997.jpg;25;3
25/25_00998.jpg;25;3
25/25_00999.jpg;25;3
25/25_01000.jpg;25;3
25/25_01001.jpg;25;3
25/25_01002.jpg;25;3
25/25_01003.jpg;25;3
25/25_01004.jpg;25;3
25/25_01005.jpg;25;3
25/25_01006.jpg;25;3
25/25_01007.jpg;25;3
25/25_01008.jpg;25;3
25/25_01009.jpg;25;3
25/25_01010.jpg;25;3
25/25_01011.jpg;25;3
25/25_01012.jpg;25;3
25/25_01013.jpg;25;3
25/25_01014.jpg;25;3
26/26_00001.jpg;26;3
26/26_00002.jpg;26;3
26/26_00003.jpg;26;3
26/26_00004.jpg;26;3
26/26_00005.jpg;26;3
26/26_00006.jpg;26;3
26/26_00007.jpg;26;3
26/26_00008.jpg;26;3
26/26_00009.jpg;26;3
26/26_00010.jpg;26;3
26/26_00011.jpg;26;3
26/26_00012.jpg;26;3
26/26_00013.jpg;26;3
26/26_00014.jpg;26;3
26/26_00015.jpg;26;3
26/26_00016.jpg;26;3
26/26_00017.jpg;26;3
26/26_00018.jpg;26;3
26/26_00019.jpg;26;3
26/26_00020.jpg;26;3
26/26_00021.jpg;26;3
26/26_00022.jpg;26;3
26/26_00023.jpg;26;3
26/26_00024.jpg;26;3
26/26_00025.jpg;26;3
26/26_00026.jpg;26;3
26/26_00027.jpg;26;3
26/26_00028.jpg;26;3
26/26_00029.jpg;26;3
26/26_00030.jpg;26;3
26/26_00031.jpg;26;3
26/26_00032.jpg;26;3
26/26_00033.jpg;26;3
26/26_00034.jpg;26;3
26/26_00035.jpg;26;3
26/26_00036.jpg;26;3
26/26_00037.jpg;26;3
26/26_00038.jpg;26;3
26/26_00039.jpg;26;3
26/26_00040.jpg;26;3
26/26_00041.jpg;26;3
26/26_00042.jpg;26;3
26/26_00043.jpg;26;3
26/26_00044.jpg;26;3
26/26_00045.jpg;26;3
26/26_00046.jpg;26;3
26/26_00047.jpg;26;3
26/26_00048.jpg;26;3
26/26_00049.jpg;26;3
26/26_00050.jpg;26;3
26/26_00051.jpg;26;3
26/26_00052.jpg;26;3
26/26_00053.jpg;26;3
26/26_00054.jpg;26;3
26/26_00055.jpg;26;3
26/26_00056.jpg;26;3
26/26_00057.jpg;26;3
26/26_00058.jpg;26;3
26/26_00059.jpg;26;3
26/26_00060.jpg;26;3
26/26_00061.jpg;26;3
26/26_00062.jpg;26;3
26/26_00063.jpg;26;3
26/26_00064.jpg;26;3
26/26_00065.jpg;26;3
26/26_00066.jpg;26;3
26/26_00067.jpg;26;3
26/26_00068.jpg;26;3
26/26_00069.jpg;26;3
26/26_00070.jpg;26;3
26/26_00071.jpg;26;3
26/26_00072.jpg;26;3
26/26_00073.jpg;26;3
26/26_00074.jpg;26;3
26/26_00075.jpg;26;3
26/26_00076.jpg;26;3
26/26_00077.jpg;26;3
26/26_00078.jpg;26;3
26/26_00079.jpg;26;3
26/26_00080.jpg;26;3
26/26_00081.jpg;26;3
26/26_00082.jpg;26;3
26/26_00083.jpg;26;3
26/26_00084.jpg;26;3
26/26_00085.jpg;26;3
26/26_00086.jpg;26;3
26/26_00087.jpg;26;3
26/26_00088.jpg;26;3
26/26_00089.jpg;26;3
26/26_00090.jpg;26;3
26/26_00091.jpg;26;3
26/26_00092.jpg;26;3
26/26_00093.jpg;26;3
26/26_00094.jpg;26;3
26/26_00095.jpg;26;3
26/26_00096.jpg;26;3
26/26_00097.jpg;26;3
26/26_00098.jpg;26;3
26/26_00099.jpg;26;3
26/26_00100.jpg;26;3
26/26_00101.jpg;26;3
26/26_00102.jpg;26;3
26/26_00103.jpg;26;3
26/26_00104.jpg;26;3
26/26_00105.jpg;26;3
26/26_00106.jpg;26;3
26/26_00107.jpg;26;3
26/26_00108.jpg;26;3
26/26_00109.jpg;26;3
26/26_00110.jpg;26;3
26/26_00111.jpg;26;3
26/26_00112.jpg;26;3
26/26_00113.jpg;26;3
26/26_00114.jpg;26;3
26/26_00115.jpg;26;3
26/26_00116.jpg;26;3
26/26_00117.jpg;26;3
26/26_00118.jpg;26;3
26/26_00119.jpg;26;3
26/26_00120.jpg;26;3
26/26_00121.jpg;26;3
26/26_00122.jpg;26;3
26/26_00123.jpg;26;3
26/26_00124.jpg;26;3
26/26_00125.jpg;26;3
26/26_00126.jpg;26;3
26/26_00127.jpg;26;3
26/26_00128.jpg;26;3
26/26_00129.jpg;26;3
26/26_00130.jpg;26;3
26/26_00131.jpg;26;3
26/26_00132.jpg;26;3
26/26_00133.jpg;26;3
26/26_00134.jpg;26;3
26/26_00135.jpg;26;3
26/26_00136.jpg;26;3
26/26_00137.jpg;26;3
26/26_00138.jpg;26;3
26/26_00139.jpg;26;3
26/26_00140.jpg;26;3
26/26_00141.jpg;26;3
26/26_00142.jpg;26;3
26/26_00143.jpg;26;3
26/26_00144.jpg;26;3
26/26_00145.jpg;26;3
26/26_00146.jpg;26;3
26/26_00147.jpg;26;3
26/26_00148.jpg;26;3
26/26_00149.jpg;26;3
26/26_00150.jpg;26;3
26/26_00151.jpg;26;3
26/26_00152.jpg;26;3
26/26_00153.jpg;26;3
26/26_00154.jpg;26;3
26/26_00155.jpg;26;3
26/26_00156.jpg;26;3
26/26_00157.jpg;26;3
26/26_00158.jpg;26;3
26/26_00159.jpg;26;3
26/26_00160.jpg;26;3
26/26_00161.jpg;26;3
26/26_00162.jpg;26;3
26/26_00163.jpg;26;3
26/26_00164.jpg;26;3
26/26_00165.jpg;26;3
26/26_00166.jpg;26;3
26/26_00167.jpg;26;3
26/26_00168.jpg;26;3
26/26_00169.jpg;26;3
26/26_00170.jpg;26;3
26/26_00171.jpg;26;3
26/26_00172.jpg;26;3
26/26_00173.jpg;26;3
26/26_00174.jpg;26;3
26/26_00175.jpg;26;3
26/26_00176.jpg;26;3
26/26_00177.jpg;26;3
26/26_00178.jpg;26;3
26/26_00179.jpg;26;3
26/26_00180.jpg;26;3
26/26_00181.jpg;26;3
26/26_00182.jpg;26;3
26/26_00183.jpg;26;3
26/26_00184.jpg;26;3
26/26_00185.jpg;26;3
26/26_00186.jpg;26;3
26/26_00187.jpg;26;3
26/26_00188.jpg;26;3
26/26_00189.jpg;26;3
26/26_00190.jpg;26;3
26/26_00191.jpg;26;3
26/26_00192.jpg;26;3
26/26_00193.jpg;26;3
26/26_00194.jpg;26;3
26/26_00195.jpg;26;3
26/26_00196.jpg;26;3
26/26_00197.jpg;26;3
26/26_00198.jpg;26;3
26/26_00199.jpg;26;3
26/26_00200.jpg;26;3
26/26_00201.jpg;26;3
26/26_00202.jpg;26;3
26/26_00203.jpg;26;3
26/26_00204.jpg;26;3
26/26_00205.jpg;26;3
26/26_00206.jpg;26;3
26/26_00207.jpg;26;3
26/26_00208.jpg;26;3
26/26_00209.jpg;26;3
26/26_00210.jpg;26;3
26/26_00211.jpg;26;3
26/26_00212.jpg;26;3
26/26_00213.jpg;26;3
26/26_00214.jpg;26;3
26/26_00215.jpg;26;3
26/26_00216.jpg;26;3
26/26_00217.jpg;26;3
26/26_00218.jpg;26;3
26/26_00219.jpg;26;3
26/26_00220.jpg;26;3
26/26_00221.jpg;26;3
26/26_00222.jpg;26;3
26/26_00223.jpg;26;3
26/26_00224.jpg;26;3
26/26_00225.jpg;26;3
26/26_00226.jpg;26;3
26/26_00227.jpg;26;3
26/26_00228.jpg;26;3
26/26_00229.jpg;26;3
26/26_00230.jpg;26;3
26/26_00231.jpg;26;3
26/26_00232.jpg;26;3
26/26_00233.jpg;26;3
26/26_00234.jpg;26;3
26/26_00235.jpg;26;3
26/26_00236.jpg;26;3
26/26_00237.jpg;26;3
26/26_00238.jpg;26;3
26/26_00239.jpg;26;3
26/26_00240.jpg;26;3
26/26_00241.jpg;26;3
26/26_00242.jpg;26;3
26/26_00243.jpg;26;3
26/26_00244.jpg;26;3
26/26_00245.jpg;26;3
26/26_00246.jpg;26;3
26/26_00247.jpg;26;3
26/26_00248.jpg;26;3
26/26_00249.jpg;26;3
26/26_00250.jpg;26;3
26/26_00251.jpg;26;3
26/26_00252.jpg;26;3
26/26_00253.jpg;26;3
26/26_00254.jpg;26;3
26/26_00255.jpg;26;3
26/26_00256.jpg;26;3
26/26_00257.jpg;26;3
26/26_00258.jpg;26;3
26/26_00259.jpg;26;3
26/26_00260.jpg;26;3
26/26_00261.jpg;26;3
26/26_00262.jpg;26;3
26/26_00263.jpg;26;3
26/26_00264.jpg;26;3
26/26_00265.jpg;26;3
26/26_00266.jpg;26;3
26/26_00267.jpg;26;3
26/26_00268.jpg;26;3
26/26_00269.jpg;26;3
26/26_00270.jpg;26;3
26/26_00271.jpg;26;3
26/26_00272.jpg;26;3
26/26_00273.jpg;26;3
26/26_00274.jpg;26;3
26/26_00275.jpg;26;3
26/26_00276.jpg;26;3
26/26_00277.jpg;26;3
26/26_00278.jpg;26;3
26/26_00279.jpg;26;3
26/26_00280.jpg;26;3
26/26_00281.jpg;26;3
26/26_00282.jpg;26;3
26/26_00283.jpg;26;3
26/26_00284.jpg;26;3
26/26_00285.jpg;26;3
26/26_00286.jpg;26;3
26/26_00287.jpg;26;3
26/26_00288.jpg;26;3
26/26_00289.jpg;26;3
26/26_00290.jpg;26;3
26/26_00291.jpg;26;3
26/26_00292.jpg;26;3
26/26_00293.jpg;26;3
26/26_00294.jpg;26;3
26/26_00295.jpg;26;3
26/26_00296.jpg;26;3
26/26_00297.jpg;26;3
27/27_00001.jpg;27;3
27/27_00002.jpg;27;3
27/27_00003.jpg;27;3
27/27_00004.jpg;27;3
27/27_00005.jpg;27;3
27/27_00006.jpg;27;3
27/27_00007.jpg;27;3
27/27_00008.jpg;27;3
27/27_00009.jpg;27;3
27/27_00010.jpg;27;3
27/27_00011.jpg;27;3
27/27_00012.jpg;27;3
27/27_00013.jpg;27;3
27/27_00014.jpg;27;3
27/27_00015.jpg;27;3
27/27_00016.jpg;27;3
27/27_00017.jpg;27;3
27/27_00018.jpg;27;3
27/27_00019.jpg;27;3
27/27_00020.jpg;27;3
27/27_00021.jpg;27;3
27/27_00022.jpg;27;3
27/27_00023.jpg;27;3
27/27_00024.jpg;27;3
27/27_00025.jpg;27;3
27/27_00026.jpg;27;3
27/27_00027.jpg;27;3
27/27_00028.jpg;27;3
27/27_00029.jpg;27;3
27/27_00030.jpg;27;3
27/27_00031.jpg;27;3
27/27_00032.jpg;27;3
27/27_00033.jpg;27;3
27/27_00034.jpg;27;3
27/27_00035.jpg;27;3
27/27_00036.jpg;27;3
27/27_00037.jpg;27;3
27/27_00038.jpg;27;3
27/27_00039.jpg;27;3
27/27_00040.jpg;27;3
27/27_00041.jpg;27;3
27/27_00042.jpg;27;3
27/27_00043.jpg;27;3
27/27_00044.jpg;27;3
27/27_00045.jpg;27;3
27/27_00046.jpg;27;3
27/27_00047.jpg;27;3
27/27_00048.jpg;27;3
27/27_00049.jpg;27;3
27/27_00050.jpg;27;3
27/27_00051.jpg;27;3
27/27_00052.jpg;27;3
27/27_00053.jpg;27;3
27/27_00054.jpg;27;3
27/27_00055.jpg;27;3
27/27_00056.jpg;27;3
27/27_00057.jpg;27;3
27/27_00058.jpg;27;3
27/27_00059.jpg;27;3
27/27_00060.jpg;27;3
27/27_00061.jpg;27;3
27/27_00062.jpg;27;3
27/27_00063.jpg;27;3
27/27_00064.jpg;27;3
27/27_00065.jpg;27;3
27/27_00066.jpg;27;3
27/27_00067.jpg;27;3
27/27_00068.jpg;27;3
27/27_00069.jpg;27;3
27/27_00070.jpg;27;3
27/27_00071.jpg;27;3
27/27_00072.jpg;27;3
27/27_00073.jpg;27;3
27/27_00074.jpg;27;3
27/27_00075.jpg;27;3
27/27_00076.jpg;27;3
27/27_00077.jpg;27;3
27/27_00078.jpg;27;3
27/27_00079.jpg;27;3
27/27_00080.jpg;27;3
27/27_00081.jpg;27;3
27/27_00082.jpg;27;3
27/27_00083.jpg;27;3
27/27_00084.jpg;27;3
27/27_00085.jpg;27;3
27/27_00086.jpg;27;3
27/27_00087.jpg;27;3
27/27_00088.jpg;27;3
27/27_00089.jpg;27;3
27/27_00090.jpg;27;3
28/28_00001.jpg;28;3
28/28_00002.jpg;28;3
28/28_00003.jpg;28;3
28/28_00004.jpg;28;3
28/28_00005.jpg;28;3
28/28_00006.jpg;28;3
28/28_00007.jpg;28;3
28/28_00008.jpg;28;3
28/28_00009.jpg;28;3
28/28_00010.jpg;28;3
28/28_00011.jpg;28;3
28/28_00012.jpg;28;3
28/28_00013.jpg;28;3
28/28_00014.jpg;28;3
28/28_00015.jpg;28;3
28/28_00016.jpg;28;3
28/28_00017.jpg;28;3
28/28_00018.jpg;28;3
28/28_00019.jpg;28;3
28/28_00020.jpg;28;3
28/28_00021.jpg;28;3
28/28_00022.jpg;28;3
28/28_00023.jpg;28;3
28/28_00024.jpg;28;3
28/28_00025.jpg;28;3
28/28_00026.jpg;28;3
28/28_00027.jpg;28;3
28/28_00028.jpg;28;3
28/28_00029.jpg;28;3
28/28_00030.jpg;28;3
28/28_00031.jpg;28;3
28/28_00032.jpg;28;3
28/28_00033.jpg;28;3
28/28_00034.jpg;28;3
28/28_00035.jpg;28;3
28/28_00036.jpg;28;3
28/28_00037.jpg;28;3
28/28_00038.jpg;28;3
28/28_00039.jpg;28;3
28/28_00040.jpg;28;3
28/28_00041.jpg;28;3
28/28_00042.jpg;28;3
28/28_00043.jpg;28;3
28/28_00044.jpg;28;3
28/28_00045.jpg;28;3
28/28_00046.jpg;28;3
28/28_00047.jpg;28;3
28/28_00048.jpg;28;3
28/28_00049.jpg;28;3
28/28_00050.jpg;28;3
28/28_00051.jpg;28;3
28/28_00052.jpg;28;3
28/28_00053.jpg;28;3
28/28_00054.jpg;28;3
28/28_00055.jpg;28;3
28/28_00056.jpg;28;3
28/28_00057.jpg;28;3
28/28_00058.jpg;28;3
28/28_00059.jpg;28;3
28/28_00060.jpg;28;3
28/28_00061.jpg;28;3
28/28_00062.jpg;28;3
28/28_00063.jpg;28;3
28/28_00064.jpg;28;3
28/28_00065.jpg;28;3
28/28_00066.jpg;28;3
28/28_00067.jpg;28;3
28/28_00068.jpg;28;3
28/28_00069.jpg;28;3
28/28_00070.jpg;28;3
28/28_00071.jpg;28;3
28/28_00072.jpg;28;3
28/28_00073.jpg;28;3
28/28_00074.jpg;28;3
28/28_00075.jpg;28;3
28/28_00076.jpg;28;3
28/28_00077.jpg;28;3
28/28_00078.jpg;28;3
28/28_00079.jpg;28;3
28/28_00080.jpg;28;3
28/28_00081.jpg;28;3
28/28_00082.jpg;28;3
28/28_00083.jpg;28;3
28/28_00084.jpg;28;3
28/28_00085.jpg;28;3
28/28_00086.jpg;28;3
28/28_00087.jpg;28;3
28/28_00088.jpg;28;3
28/28_00089.jpg;28;3
28/28_00090.jpg;28;3
28/28_00091.jpg;28;3
28/28_00092.jpg;28;3
28/28_00093.jpg;28;3
28/28_00094.jpg;28;3
28/28_00095.jpg;28;3
28/28_00096.jpg;28;3
28/28_00097.jpg;28;3
28/28_00098.jpg;28;3
28/28_00099.jpg;28;3
28/28_00100.jpg;28;3
28/28_00101.jpg;28;3
28/28_00102.jpg;28;3
28/28_00103.jpg;28;3
28/28_00104.jpg;28;3
28/28_00105.jpg;28;3
28/28_00106.jpg;28;3
28/28_00107.jpg;28;3
28/28_00108.jpg;28;3
28/28_00109.jpg;28;3
28/28_00110.jpg;28;3
28/28_00111.jpg;28;3
28/28_00112.jpg;28;3
28/28_00113.jpg;28;3
28/28_00114.jpg;28;3
28/28_00115.jpg;28;3
28/28_00116.jpg;28;3
28/28_00117.jpg;28;3
28/28_00118.jpg;28;3
28/28_00119.jpg;28;3
28/28_00120.jpg;28;3
28/28_00121.jpg;28;3
28/28_00122.jpg;28;3
28/28_00123.jpg;28;3
28/28_00124.jpg;28;3
28/28_00125.jpg;28;3
28/28_00126.jpg;28;3
28/28_00127.jpg;28;3
28/28_00128.jpg;28;3
28/28_00129.jpg;28;3
28/28_00130.jpg;28;3
28/28_00131.jpg;28;3
28/28_00132.jpg;28;3
28/28_00133.jpg;28;3
28/28_00134.jpg;28;3
28/28_00135.jpg;28;3
28/28_00136.jpg;28;3
28/28_00137.jpg;28;3
28/28_00138.jpg;28;3
28/28_00139.jpg;28;3
28/28_00140.jpg;28;3
28/28_00141.jpg;28;3
28/28_00142.jpg;28;3
28/28_00143.jpg;28;3
28/28_00144.jpg;28;3
28/28_00145.jpg;28;3
28/28_00146.jpg;28;3
28/28_00147.jpg;28;3
28/28_00148.jpg;28;3
28/28_00149.jpg;28;3
28/28_00150.jpg;28;3
28/28_00151.jpg;28;3
28/28_00152.jpg;28;3
28/28_00153.jpg;28;3
28/28_00154.jpg;28;3
28/28_00155.jpg;28;3
28/28_00156.jpg;28;3
28/28_00157.jpg;28;3
28/28_00158.jpg;28;3
28/28_00159.jpg;28;3
28/28_00160.jpg;28;3
28/28_00161.jpg;28;3
28/28_00162.jpg;28;3
28/28_00163.jpg;28;3
28/28_00164.jpg;28;3
28/28_00165.jpg;28;3
28/28_00166.jpg;28;3
28/28_00167.jpg;28;3
28/28_00168.jpg;28;3
28/28_00169.jpg;28;3
28/28_00170.jpg;28;3
28/28_00171.jpg;28;3
28/28_00172.jpg;28;3
28/28_00173.jpg;28;3
28/28_00174.jpg;28;3
28/28_00175.jpg;28;3
28/28_00176.jpg;28;3
28/28_00177.jpg;28;3
28/28_00178.jpg;28;3
28/28_00179.jpg;28;3
28/28_00180.jpg;28;3
28/28_00181.jpg;28;3
28/28_00182.jpg;28;3
28/28_00183.jpg;28;3
28/28_00184.jpg;28;3
28/28_00185.jpg;28;3
28/28_00186.jpg;28;3
28/28_00187.jpg;28;3
28/28_00188.jpg;28;3
28/28_00189.jpg;28;3
28/28_00190.jpg;28;3
28/28_00191.jpg;28;3
28/28_00192.jpg;28;3
28/28_00193.jpg;28;3
28/28_00194.jpg;28;3
28/28_00195.jpg;28;3
28/28_00196.jpg;28;3
28/28_00197.jpg;28;3
28/28_00198.jpg;28;3
28/28_00199.jpg;28;3
28/28_00200.jpg;28;3
28/28_00201.jpg;28;3
28/28_00202.jpg;28;3
28/28_00203.jpg;28;3
28/28_00204.jpg;28;3
28/28_00205.jpg;28;3
28/28_00206.jpg;28;3
28/28_00207.jpg;28;3
28/28_00208.jpg;28;3
28/28_00209.jpg;28;3
28/28_00210.jpg;28;3
28/28_00211.jpg;28;3
28/28_00212.jpg;28;3
28/28_00213.jpg;28;3
28/28_00214.jpg;28;3
28/28_00215.jpg;28;3
28/28_00216.jpg;28;3
28/28_00217.jpg;28;3
28/28_00218.jpg;28;3
28/28_00219.jpg;28;3
28/28_00220.jpg;28;3
28/28_00221.jpg;28;3
28/28_00222.jpg;28;3
28/28_00223.jpg;28;3
28/28_00224.jpg;28;3
28/28_00225.jpg;28;3
28/28_00226.jpg;28;3
28/28_00227.jpg;28;3
28/28_00228.jpg;28;3
28/28_00229.jpg;28;3
28/28_00230.jpg;28;3
28/28_00231.jpg;28;3
28/28_00232.jpg;28;3
28/28_00233.jpg;28;3
28/28_00234.jpg;28;3
28/28_00235.jpg;28;3
28/28_00236.jpg;28;3
28/28_00237.jpg;28;3
28/28_00238.jpg;28;3
28/28_00239.jpg;28;3
28/28_00240.jpg;28;3
28/28_00241.jpg;28;3
28/28_00242.jpg;28;3
28/28_00243.jpg;28;3
28/28_00244.jpg;28;3
28/28_00245.jpg;28;3
28/28_00246.jpg;28;3
28/28_00247.jpg;28;3
28/28_00248.jpg;28;3
28/28_00249.jpg;28;3
28/28_00250.jpg;28;3
28/28_00251.jpg;28;3
28/28_00252.jpg;28;3
28/28_00253.jpg;28;3
28/28_00254.jpg;28;3
28/28_00255.jpg;28;3
28/28_00256.jpg;28;3
28/28_00257.jpg;28;3
28/28_00258.jpg;28;3
28/28_00259.jpg;28;3
28/28_00260.jpg;28;3
28/28_00261.jpg;28;3
28/28_00262.jpg;28;3
28/28_00263.jpg;28;3
28/28_00264.jpg;28;3
28/28_00265.jpg;28;3
28/28_00266.jpg;28;3
28/28_00267.jpg;28;3
28/28_00268.jpg;28;3
28/28_00269.jpg;28;3
28/28_00270.jpg;28;3
28/28_00271.jpg;28;3
28/28_00272.jpg;28;3
28/28_00273.jpg;28;3
28/28_00274.jpg;28;3
28/28_00275.jpg;28;3
28/28_00276.jpg;28;3
28/28_00277.jpg;28;3
28/28_00278.jpg;28;3
28/28_00279.jpg;28;3
28/28_00280.jpg;28;3
28/28_00281.jpg;28;3
28/28_00282.jpg;28;3
28/28_00283.jpg;28;3
28/28_00284.jpg;28;3
28/28_00285.jpg;28;3
28/28_00286.jpg;28;3
28/28_00287.jpg;28;3
28/28_00288.jpg;28;3
28/28_00289.jpg;28;3
28/28_00290.jpg;28;3
28/28_00291.jpg;28;3
28/28_00292.jpg;28;3
28/28_00293.jpg;28;3
28/28_00294.jpg;28;3
28/28_00295.jpg;28;3
28/28_00296.jpg;28;3
28/28_00297.jpg;28;3
28/28_00298.jpg;28;3
28/28_00299.jpg;28;3
28/28_00300.jpg;28;3
28/28_00301.jpg;28;3
28/28_00302.jpg;28;3
28/28_00303.jpg;28;3
28/28_00304.jpg;28;3
28/28_00305.jpg;28;3
28/28_00306.jpg;28;3
28/28_00307.jpg;28;3
28/28_00308.jpg;28;3
28/28_00309.jpg;28;3
28/28_00310.jpg;28;3
28/28_00311.jpg;28;3
28/28_00312.jpg;28;3
28/28_00313.jpg;28;3
28/28_00314.jpg;28;3
28/28_00315.jpg;28;3
28/28_00316.jpg;28;3
28/28_00317.jpg;28;3
28/28_00318.jpg;28;3
28/28_00319.jpg;28;3
28/28_00320.jpg;28;3
28/28_00321.jpg;28;3
28/28_00322.jpg;28;3
28/28_00323.jpg;28;3
28/28_00324.jpg;28;3
28/28_00325.jpg;28;3
28/28_00326.jpg;28;3
28/28_00327.jpg;28;3
28/28_00328.jpg;28;3
28/28_00329.jpg;28;3
28/28_00330.jpg;28;3
28/28_00331.jpg;28;3
28/28_00332.jpg;28;3
28/28_00333.jpg;28;3
28/28_00334.jpg;28;3
28/28_00335.jpg;28;3
28/28_00336.jpg;28;3
28/28_00337.jpg;28;3
28/28_00338.jpg;28;3
28/28_00339.jpg;28;3
28/28_00340.jpg;28;3
28/28_00341.jpg;28;3
28/28_00342.jpg;28;3
28/28_00343.jpg;28;3
28/28_00344.jpg;28;3
28/28_00345.jpg;28;3
28/28_00346.jpg;28;3
28/28_00347.jpg;28;3
28/28_00348.jpg;28;3
28/28_00349.jpg;28;3
28/28_00350.jpg;28;3
28/28_00351.jpg;28;3
28/28_00352.jpg;28;3
28/28_00353.jpg;28;3
28/28_00354.jpg;28;3
28/28_00355.jpg;28;3
28/28_00356.jpg;28;3
28/28_00357.jpg;28;3
28/28_00358.jpg;28;3
28/28_00359.jpg;28;3
28/28_00360.jpg;28;3
28/28_00361.jpg;28;3
28/28_00362.jpg;28;3
28/28_00363.jpg;28;3
28/28_00364.jpg;28;3
28/28_00365.jpg;28;3
28/28_00366.jpg;28;3
28/28_00367.jpg;28;3
28/28_00368.jpg;28;3
28/28_00369.jpg;28;3
28/28_00370.jpg;28;3
28/28_00371.jpg;28;3
28/28_00372.jpg;28;3
28/28_00373.jpg;28;3
28/28_00374.jpg;28;3
28/28_00375.jpg;28;3
28/28_00376.jpg;28;3
28/28_00377.jpg;28;3
28/28_00378.jpg;28;3
28/28_00379.jpg;28;3
28/28_00380.jpg;28;3
28/28_00381.jpg;28;3
28/28_00382.jpg;28;3
28/28_00383.jpg;28;3
28/28_00384.jpg;28;3
28/28_00385.jpg;28;3
28/28_00386.jpg;28;3
28/28_00387.jpg;28;3
28/28_00388.jpg;28;3
28/28_00389.jpg;28;3
28/28_00390.jpg;28;3
28/28_00391.jpg;28;3
28/28_00392.jpg;28;3
28/28_00393.jpg;28;3
28/28_00394.jpg;28;3
28/28_00395.jpg;28;3
28/28_00396.jpg;28;3
28/28_00397.jpg;28;3
28/28_00398.jpg;28;3
28/28_00399.jpg;28;3
28/28_00400.jpg;28;3
28/28_00401.jpg;28;3
28/28_00402.jpg;28;3
28/28_00403.jpg;28;3
28/28_00404.jpg;28;3
28/28_00405.jpg;28;3
28/28_00406.jpg;28;3
28/28_00407.jpg;28;3
28/28_00408.jpg;28;3
28/28_00409.jpg;28;3
28/28_00410.jpg;28;3
28/28_00411.jpg;28;3
28/28_00412.jpg;28;3
28/28_00413.jpg;28;3
28/28_00414.jpg;28;3
28/28_00415.jpg;28;3
28/28_00416.jpg;28;3
28/28_00417.jpg;28;3
28/28_00418.jpg;28;3
28/28_00419.jpg;28;3
28/28_00420.jpg;28;3
28/28_00421.jpg;28;3
28/28_00422.jpg;28;3
28/28_00423.jpg;28;3
28/28_00424.jpg;28;3
28/28_00425.jpg;28;3
28/28_00426.jpg;28;3
28/28_00427.jpg;28;3
28/28_00428.jpg;28;3
28/28_00429.jpg;28;3
28/28_00430.jpg;28;3
28/28_00431.jpg;28;3
28/28_00432.jpg;28;3
28/28_00433.jpg;28;3
28/28_00434.jpg;28;3
28/28_00435.jpg;28;3
28/28_00436.jpg;28;3
28/28_00437.jpg;28;3
28/28_00438.jpg;28;3
28/28_00439.jpg;28;3
28/28_00440.jpg;28;3
28/28_00441.jpg;28;3
28/28_00442.jpg;28;3
28/28_00443.jpg;28;3
28/28_00444.jpg;28;3
28/28_00445.jpg;28;3
28/28_00446.jpg;28;3
28/28_00447.jpg;28;3
28/28_00448.jpg;28;3
28/28_00449.jpg;28;3
28/28_00450.jpg;28;3
28/28_00451.jpg;28;3
28/28_00452.jpg;28;3
28/28_00453.jpg;28;3
28/28_00454.jpg;28;3
28/28_00455.jpg;28;3
28/28_00456.jpg;28;3
28/28_00457.jpg;28;3
28/28_00458.jpg;28;3
28/28_00459.jpg;28;3
28/28_00460.jpg;28;3
28/28_00461.jpg;28;3
28/28_00462.jpg;28;3
28/28_00463.jpg;28;3
28/28_00464.jpg;28;3
28/28_00465.jpg;28;3
28/28_00466.jpg;28;3
28/28_00467.jpg;28;3
28/28_00468.jpg;28;3
28/28_00469.jpg;28;3
28/28_00470.jpg;28;3
28/28_00471.jpg;28;3
28/28_00472.jpg;28;3
28/28_00473.jpg;28;3
28/28_00474.jpg;28;3
28/28_00475.jpg;28;3
28/28_00476.jpg;28;3
28/28_00477.jpg;28;3
28/28_00478.jpg;28;3
28/28_00479.jpg;28;3
28/28_00480.jpg;28;3
28/28_00481.jpg;28;3
28/28_00482.jpg;28;3
28/28_00483.jpg;28;3
28/28_00484.jpg;28;3
28/28_00485.jpg;28;3
28/28_00486.jpg;28;3
28/28_00487.jpg;28;3
28/28_00488.jpg;28;3
28/28_00489.jpg;28;3
28/28_00490.jpg;28;3
28/28_00491.jpg;28;3
28/28_00492.jpg;28;3
28/28_00493.jpg;28;3
28/28_00494.jpg;28;3
28/28_00495.jpg;28;3
28/28_00496.jpg;28;3
28/28_00497.jpg;28;3
28/28_00498.jpg;28;3
28/28_00499.jpg;28;3
28/28_00500.jpg;28;3
28/28_00501.jpg;28;3
28/28_00502.jpg;28;3
28/28_00503.jpg;28;3
28/28_00504.jpg;28;3
28/28_00505.jpg;28;3
28/28_00506.jpg;28;3
29/29_00001.jpg;29;3
29/29_00002.jpg;29;3
29/29_00003.jpg;29;3
29/29_00004.jpg;29;3
29/29_00005.jpg;29;3
29/29_00006.jpg;29;3
29/29_00007.jpg;29;3
29/29_00008.jpg;29;3
29/29_00009.jpg;29;3
29/29_00010.jpg;29;3
29/29_00011.jpg;29;3
29/29_00012.jpg;29;3
29/29_00013.jpg;29;3
29/29_00014.jpg;29;3
29/29_00015.jpg;29;3
29/29_00016.jpg;29;3
29/29_00017.jpg;29;3
29/29_00018.jpg;29;3
29/29_00019.jpg;29;3
29/29_00020.jpg;29;3
29/29_00021.jpg;29;3
29/29_00022.jpg;29;3
29/29_00023.jpg;29;3
29/29_00024.jpg;29;3
29/29_00025.jpg;29;3
29/29_00026.jpg;29;3
29/29_00027.jpg;29;3
29/29_00028.jpg;29;3
29/29_00029.jpg;29;3
29/29_00030.jpg;29;3
29/29_00031.jpg;29;3
29/29_00032.jpg;29;3
29/29_00033.jpg;29;3
29/29_00034.jpg;29;3
29/29_00035.jpg;29;3
29/29_00036.jpg;29;3
29/29_00037.jpg;29;3
29/29_00038.jpg;29;3
29/29_00039.jpg;29;3
29/29_00040.jpg;29;3
29/29_00041.jpg;29;3
29/29_00042.jpg;29;3
29/29_00043.jpg;29;3
29/29_00044.jpg;29;3
29/29_00045.jpg;29;3
29/29_00046.jpg;29;3
29/29_00047.jpg;29;3
29/29_00048.jpg;29;3
29/29_00049.jpg;29;3
29/29_00050.jpg;29;3
29/29_00051.jpg;29;3
29/29_00052.jpg;29;3
29/29_00053.jpg;29;3
29/29_00054.jpg;29;3
29/29_00055.jpg;29;3
29/29_00056.jpg;29;3
29/29_00057.jpg;29;3
29/29_00058.jpg;29;3
29/29_00059.jpg;29;3
29/29_00060.jpg;29;3
29/29_00061.jpg;29;3
29/29_00062.jpg;29;3
29/29_00063.jpg;29;3
29/29_00064.jpg;29;3
29/29_00065.jpg;29;3
29/29_00066.jpg;29;3
29/29_00067.jpg;29;3
29/29_00068.jpg;29;3
29/29_00069.jpg;29;3
29/29_00070.jpg;29;3
29/29_00071.jpg;29;3
29/29_00072.jpg;29;3
29/29_00073.jpg;29;3
29/29_00074.jpg;29;3
29/29_00075.jpg;29;3
29/29_00076.jpg;29;3
29/29_00077.jpg;29;3
29/29_00078.jpg;29;3
29/29_00079.jpg;29;3
29/29_00080.jpg;29;3
29/29_00081.jpg;29;3
29/29_00082.jpg;29;3
29/29_00083.jpg;29;3
29/29_00084.jpg;29;3
29/29_00085.jpg;29;3
29/29_00086.jpg;29;3
29/29_00087.jpg;29;3
29/29_00088.jpg;29;3
29/29_00089.jpg;29;3
29/29_00090.jpg;29;3
29/29_00091.jpg;29;3
29/29_00092.jpg;29;3
29/29_00093.jpg;29;3
29/29_00094.jpg;29;3
29/29_00095.jpg;29;3
29/29_00096.jpg;29;3
29/29_00097.jpg;29;3
29/29_00098.jpg;29;3
29/29_00099.jpg;29;3
29/29_00100.jpg;29;3
29/29_00101.jpg;29;3
29/29_00102.jpg;29;3
29/29_00103.jpg;29;3
29/29_00104.jpg;29;3
29/29_00105.jpg;29;3
29/29_00106.jpg;29;3
29/29_00107.jpg;29;3
29/29_00108.jpg;29;3
29/29_00109.jpg;29;3
29/29_00110.jpg;29;3
29/29_00111.jpg;29;3
29/29_00112.jpg;29;3
29/29_00113.jpg;29;3
29/29_00114.jpg;29;3
29/29_00115.jpg;29;3
29/29_00116.jpg;29;3
29/29_00117.jpg;29;3
29/29_00118.jpg;29;3
29/29_00119.jpg;29;3
29/29_00120.jpg;29;3
29/29_00121.jpg;29;3
29/29_00122.jpg;29;3
29/29_00123.jpg;29;3
29/29_00124.jpg;29;3
29/29_00125.jpg;29;3
29/29_00126.jpg;29;3
29/29_00127.jpg;29;3
29/29_00128.jpg;29;3
29/29_00129.jpg;29;3
29/29_00130.jpg;29;3
29/29_00131.jpg;29;3
29/29_00132.jpg;29;3
29/29_00133.jpg;29;3
29/29_00134.jpg;29;3
29/29_00135.jpg;29;3
29/29_00136.jpg;29;3
29/29_00137.jpg;29;3
29/29_00138.jpg;29;3
29/29_00139.jpg;29;3
29/29_00140.jpg;29;3
29/29_00141.jpg;29;3
29/29_00142.jpg;29;3
29/29_00143.jpg;29;3
29/29_00144.jpg;29;3
29/29_00145.jpg;29;3
29/29_00146.jpg;29;3
29/29_00147.jpg;29;3
29/29_00148.jpg;29;3
29/29_00149.jpg;29;3
29/29_00150.jpg;29;3
29/29_00151.jpg;29;3
29/29_00152.jpg;29;3
29/29_00153.jpg;29;3
29/29_00154.jpg;29;3
29/29_00155.jpg;29;3
29/29_00156.jpg;29;3
29/29_00157.jpg;29;3
29/29_00158.jpg;29;3
29/29_00159.jpg;29;3
29/29_00160.jpg;29;3
29/29_00161.jpg;29;3
29/29_00162.jpg;29;3
29/29_00163.jpg;29;3
29/29_00164.jpg;29;3
29/29_00165.jpg;29;3
29/29_00166.jpg;29;3
29/29_00167.jpg;29;3
29/29_00168.jpg;29;3
29/29_00169.jpg;29;3
29/29_00170.jpg;29;3
29/29_00171.jpg;29;3
29/29_00172.jpg;29;3
29/29_00173.jpg;29;3
29/29_00174.jpg;29;3
29/29_00175.jpg;29;3
29/29_00176.jpg;29;3
29/29_00177.jpg;29;3
29/29_00178.jpg;29;3
29/29_00179.jpg;29;3
29/29_00180.jpg;29;3
29/29_00181.jpg;29;3
29/29_00182.jpg;29;3
29/29_00183.jpg;29;3
29/29_00184.jpg;29;3
29/29_00185.jpg;29;3
29/29_00186.jpg;29;3
29/29_00187.jpg;29;3
29/29_00188.jpg;29;3
29/29_00189.jpg;29;3
29/29_00190.jpg;29;3
29/29_00191.jpg;29;3
29/29_00192.jpg;29;3
29/29_00193.jpg;29;3
29/29_00194.jpg;29;3
29/29_00195.jpg;29;3
29/29_00196.jpg;29;3
29/29_00197.jpg;29;3
29/29_00198.jpg;29;3
29/29_00199.jpg;29;3
29/29_00200.jpg;29;3
29/29_00201.jpg;29;3
29/29_00202.jpg;29;3
29/29_00203.jpg;29;3
29/29_00204.jpg;29;3
29/29_00205.jpg;29;3
29/29_00206.jpg;29;3
29/29_00207.jpg;29;3
29/29_00208.jpg;29;3
29/29_00209.jpg;29;3
29/29_00210.jpg;29;3
29/29_00211.jpg;29;3
29/29_00212.jpg;29;3
29/29_00213.jpg;29;3
29/29_00214.jpg;29;3
29/29_00215.jpg;29;3
29/29_00216.jpg;29;3
29/29_00217.jpg;29;3
29/29_00218.jpg;29;3
29/29_00219.jpg;29;3
29/29_00220.jpg;29;3
29/29_00221.jpg;29;3
29/29_00222.jpg;29;3
29/29_00223.jpg;29;3
29/29_00224.jpg;29;3
29/29_00225.jpg;29;3
29/29_00226.jpg;29;3
29/29_00227.jpg;29;3
29/29_00228.jpg;29;3
29/29_00229.jpg;29;3
29/29_00230.jpg;29;3
29/29_00231.jpg;29;3
29/29_00232.jpg;29;3
29/29_00233.jpg;29;3
29/29_00234.jpg;29;3
29/29_00235.jpg;29;3
29/29_00236.jpg;29;3
29/29_00237.jpg;29;3
29/29_00238.jpg;29;3
29/29_00239.jpg;29;3
29/29_00240.jpg;29;3
29/29_00241.jpg;29;3
29/29_00242.jpg;29;3
29/29_00243.jpg;29;3
29/29_00244.jpg;29;3
29/29_00245.jpg;29;3
29/29_00246.jpg;29;3
29/29_00247.jpg;29;3
29/29_00248.jpg;29;3
29/29_00249.jpg;29;3
29/29_00250.jpg;29;3
29/29_00251.jpg;29;3
29/29_00252.jpg;29;3
29/29_00253.jpg;29;3
29/29_00254.jpg;29;3
29/29_00255.jpg;29;3
29/29_00256.jpg;29;3
29/29_00257.jpg;29;3
29/29_00258.jpg;29;3
29/29_00259.jpg;29;3
29/29_00260.jpg;29;3
29/29_00261.jpg;29;3
29/29_00262.jpg;29;3
29/29_00263.jpg;29;3
29/29_00264.jpg;29;3
29/29_00265.jpg;29;3
29/29_00266.jpg;29;3
29/29_00267.jpg;29;3
29/29_00268.jpg;29;3
29/29_00269.jpg;29;3
29/29_00270.jpg;29;3
29/29_00271.jpg;29;3
29/29_00272.jpg;29;3
29/29_00273.jpg;29;3
29/29_00274.jpg;29;3
29/29_00275.jpg;29;3
29/29_00276.jpg;29;3
29/29_00277.jpg;29;3
29/29_00278.jpg;29;3
29/29_00279.jpg;29;3
29/29_00280.jpg;29;3
29/29_00281.jpg;29;3
29/29_00282.jpg;29;3
29/29_00283.jpg;29;3
29/29_00284.jpg;29;3
29/29_00285.jpg;29;3
29/29_00286.jpg;29;3
29/29_00287.jpg;29;3
29/29_00288.jpg;29;3
29/29_00289.jpg;29;3
29/29_00290.jpg;29;3
29/29_00291.jpg;29;3
29/29_00292.jpg;29;3
29/29_00293.jpg;29;3
29/29_00294.jpg;29;3
29/29_00295.jpg;29;3
29/29_00296.jpg;29;3
29/29_00297.jpg;29;3
29/29_00298.jpg;29;3
29/29_00299.jpg;29;3
29/29_00300.jpg;29;3
29/29_00301.jpg;29;3
29/29_00302.jpg;29;3
29/29_00303.jpg;29;3
29/29_00304.jpg;29;3
29/29_00305.jpg;29;3
29/29_00306.jpg;29;3
29/29_00307.jpg;29;3
29/29_00308.jpg;29;3
29/29_00309.jpg;29;3
29/29_00310.jpg;29;3
29/29_00311.jpg;29;3
29/29_00312.jpg;29;3
29/29_00313.jpg;29;3
29/29_00314.jpg;29;3
29/29_00315.jpg;29;3
29/29_00316.jpg;29;3
29/29_00317.jpg;29;3
29/29_00318.jpg;29;3
29/29_00319.jpg;29;3
29/29_00320.jpg;29;3
29/29_00321.jpg;29;3
29/29_00322.jpg;29;3
29/29_00323.jpg;29;3
29/29_00324.jpg;29;3
29/29_00325.jpg;29;3
29/29_00326.jpg;29;3
29/29_00327.jpg;29;3
29/29_00328.jpg;29;3
29/29_00329.jpg;29;3
29/29_00330.jpg;29;3
29/29_00331.jpg;29;3
29/29_00332.jpg;29;3
29/29_00333.jpg;29;3
29/29_00334.jpg;29;3
29/29_00335.jpg;29;3
29/29_00336.jpg;29;3
29/29_00337.jpg;29;3
29/29_00338.jpg;29;3
29/29_00339.jpg;29;3
29/29_00340.jpg;29;3
29/29_00341.jpg;29;3
29/29_00342.jpg;29;3
29/29_00343.jpg;29;3
29/29_00344.jpg;29;3
29/29_00345.jpg;29;3
29/29_00346.jpg;29;3
29/29_00347.jpg;29;3
29/29_00348.jpg;29;3
29/29_00349.jpg;29;3
29/29_00350.jpg;29;3
29/29_00351.jpg;29;3
29/29_00352.jpg;29;3
29/29_00353.jpg;29;3
29/29_00354.jpg;29;3
29/29_00355.jpg;29;3
29/29_00356.jpg;29;3
29/29_00357.jpg;29;3
29/29_00358.jpg;29;3
29/29_00359.jpg;29;3
29/29_00360.jpg;29;3
29/29_00361.jpg;29;3
29/29_00362.jpg;29;3
29/29_00363.jpg;29;3
29/29_00364.jpg;29;3
29/29_00365.jpg;29;3
29/29_00366.jpg;29;3
29/29_00367.jpg;29;3
29/29_00368.jpg;29;3
29/29_00369.jpg;29;3
29/29_00370.jpg;29;3
29/29_00371.jpg;29;3
29/29_00372.jpg;29;3
29/29_00373.jpg;29;3
29/29_00374.jpg;29;3
29/29_00375.jpg;29;3
29/29_00376.jpg;29;3
29/29_00377.jpg;29;3
29/29_00378.jpg;29;3
29/29_00379.jpg;29;3
29/29_00380.jpg;29;3
29/29_00381.jpg;29;3
29/29_00382.jpg;29;3
29/29_00383.jpg;29;3
29/29_00384.jpg;29;3
29/29_00385.jpg;29;3
29/29_00386.jpg;29;3
29/29_00387.jpg;29;3
29/29_00388.jpg;29;3
29/29_00389.jpg;29;3
29/29_00390.jpg;29;3
29/29_00391.jpg;29;3
29/29_00392.jpg;29;3
29/29_00393.jpg;29;3
29/29_00394.jpg;29;3
29/29_00395.jpg;29;3
29/29_00396.jpg;29;3
29/29_00397.jpg;29;3
29/29_00398.jpg;29;3
29/29_00399.jpg;29;3
29/29_00400.jpg;29;3
29/29_00401.jpg;29;3
29/29_00402.jpg;29;3
29/29_00403.jpg;29;3
29/29_00404.jpg;29;3
29/29_00405.jpg;29;3
29/29_00406.jpg;29;3
29/29_00407.jpg;29;3
29/29_00408.jpg;29;3
29/29_00409.jpg;29;3
29/29_00410.jpg;29;3
29/29_00411.jpg;29;3
29/29_00412.jpg;29;3
29/29_00413.jpg;29;3
29/29_00414.jpg;29;3
29/29_00415.jpg;29;3
29/29_00416.jpg;29;3
29/29_00417.jpg;29;3
29/29_00418.jpg;29;3
29/29_00419.jpg;29;3
29/29_00420.jpg;29;3
29/29_00421.jpg;29;3
29/29_00422.jpg;29;3
29/29_00423.jpg;29;3
29/29_00424.jpg;29;3
29/29_00425.jpg;29;3
29/29_00426.jpg;29;3
29/29_00427.jpg;29;3
29/29_00428.jpg;29;3
29/29_00429.jpg;29;3
29/29_00430.jpg;29;3
29/29_00431.jpg;29;3
29/29_00432.jpg;29;3
29/29_00433.jpg;29;3
29/29_00434.jpg;29;3
29/29_00435.jpg;29;3
29/29_00436.jpg;29;3
30/30_00001.jpg;30;3
30/30_00002.jpg;30;3
30/30_00003.jpg;30;3
30/30_00004.jpg;30;3
30/30_00005.jpg;30;3
30/30_00006.jpg;30;3
30/30_00007.jpg;30;3
30/30_00008.jpg;30;3
30/30_00009.jpg;30;3
30/30_00010.jpg;30;3
30/30_00011.jpg;30;3
30/30_00012.jpg;30;3
30/30_00013.jpg;30;3
30/30_00014.jpg;30;3
30/30_00015.jpg;30;3
30/30_00016.jpg;30;3
30/30_00017.jpg;30;3
30/30_00018.jpg;30;3
30/30_00019.jpg;30;3
30/30_00020.jpg;30;3
30/30_00021.jpg;30;3
30/30_00022.jpg;30;3
30/30_00023.jpg;30;3
30/30_00024.jpg;30;3
30/30_00025.jpg;30;3
30/30_00026.jpg;30;3
30/30_00027.jpg;30;3
30/30_00028.jpg;30;3
30/30_00029.jpg;30;3
30/30_00030.jpg;30;3
30/30_00031.jpg;30;3
30/30_00032.jpg;30;3
30/30_00033.jpg;30;3
30/30_00034.jpg;30;3
30/30_00035.jpg;30;3
30/30_00036.jpg;30;3
30/30_00037.jpg;30;3
30/30_00038.jpg;30;3
30/30_00039.jpg;30;3
30/30_00040.jpg;30;3
30/30_00041.jpg;30;3
30/30_00042.jpg;30;3
30/30_00043.jpg;30;3
30/30_00044.jpg;30;3
30/30_00045.jpg;30;3
30/30_00046.jpg;30;3
30/30_00047.jpg;30;3
30/30_00048.jpg;30;3
30/30_00049.jpg;30;3
30/30_00050.jpg;30;3
30/30_00051.jpg;30;3
30/30_00052.jpg;30;3
30/30_00053.jpg;30;3
30/30_00054.jpg;30;3
30/30_00055.jpg;30;3
30/30_00056.jpg;30;3
30/30_00057.jpg;30;3
30/30_00058.jpg;30;3
30/30_00059.jpg;30;3
30/30_00060.jpg;30;3
30/30_00061.jpg;30;3
30/30_00062.jpg;30;3
30/30_00063.jpg;30;3
30/30_00064.jpg;30;3
30/30_00065.jpg;30;3
30/30_00066.jpg;30;3
30/30_00067.jpg;30;3
30/30_00068.jpg;30;3
30/30_00069.jpg;30;3
30/30_00070.jpg;30;3
30/30_00071.jpg;30;3
30/30_00072.jpg;30;3
30/30_00073.jpg;30;3
30/30_00074.jpg;30;3
30/30_00075.jpg;30;3
30/30_00076.jpg;30;3
30/30_00077.jpg;30;3
30/30_00078.jpg;30;3
30/30_00079.jpg;30;3
30/30_00080.jpg;30;3
30/30_00081.jpg;30;3
30/30_00082.jpg;30;3
30/30_00083.jpg;30;3
30/30_00084.jpg;30;3
30/30_00085.jpg;30;3
30/30_00086.jpg;30;3
30/30_00087.jpg;30;3
30/30_00088.jpg;30;3
30/30_00089.jpg;30;3
30/30_00090.jpg;30;3
30/30_00091.jpg;30;3
30/30_00092.jpg;30;3
30/30_00093.jpg;30;3
30/30_00094.jpg;30;3
30/30_00095.jpg;30;3
30/30_00096.jpg;30;3
30/30_00097.jpg;30;3
30/30_00098.jpg;30;3
30/30_00099.jpg;30;3
30/30_00100.jpg;30;3
30/30_00101.jpg;30;3
30/30_00102.jpg;30;3
30/30_00103.jpg;30;3
30/30_00104.jpg;30;3
30/30_00105.jpg;30;3
30/30_00106.jpg;30;3
30/30_00107.jpg;30;3
30/30_00108.jpg;30;3
30/30_00109.jpg;30;3
30/30_00110.jpg;30;3
30/30_00111.jpg;30;3
30/30_00112.jpg;30;3
30/30_00113.jpg;30;3
30/30_00114.jpg;30;3
30/30_00115.jpg;30;3
30/30_00116.jpg;30;3
30/30_00117.jpg;30;3
30/30_00118.jpg;30;3
30/30_00119.jpg;30;3
30/30_00120.jpg;30;3
30/30_00121.jpg;30;3
30/30_00122.jpg;30;3
30/30_00123.jpg;30;3
30/30_00124.jpg;30;3
30/30_00125.jpg;30;3
30/30_00126.jpg;30;3
30/30_00127.jpg;30;3
30/30_00128.jpg;30;3
30/30_00129.jpg;30;3
30/30_00130.jpg;30;3
30/30_00131.jpg;30;3
30/30_00132.jpg;30;3
30/30_00133.jpg;30;3
30/30_00134.jpg;30;3
30/30_00135.jpg;30;3
30/30_00136.jpg;30;3
30/30_00137.jpg;30;3
30/30_00138.jpg;30;3
30/30_00139.jpg;30;3
31/31_00001.jpg;31;3
31/31_00002.jpg;31;3
31/31_00003.jpg;31;3
31/31_00004.jpg;31;3
31/31_00005.jpg;31;3
31/31_00006.jpg;31;3
31/31_00007.jpg;31;3
31/31_00008.jpg;31;3
31/31_00009.jpg;31;3
31/31_00010.jpg;31;3
31/31_00011.jpg;31;3
31/31_00012.jpg;31;3
31/31_00013.jpg;31;3
31/31_00014.jpg;31;3
31/31_00015.jpg;31;3
31/31_00016.jpg;31;3
31/31_00017.jpg;31;3
31/31_00018.jpg;31;3
31/31_00019.jpg;31;3
31/31_00020.jpg;31;3
31/31_00021.jpg;31;3
31/31_00022.jpg;31;3
31/31_00023.jpg;31;3
31/31_00024.jpg;31;3
31/31_00025.jpg;31;3
31/31_00026.jpg;31;3
31/31_00027.jpg;31;3
31/31_00028.jpg;31;3
31/31_00029.jpg;31;3
31/31_00030.jpg;31;3
31/31_00031.jpg;31;3
31/31_00032.jpg;31;3
31/31_00033.jpg;31;3
31/31_00034.jpg;31;3
31/31_00035.jpg;31;3
31/31_00036.jpg;31;3
31/31_00037.jpg;31;3
31/31_00038.jpg;31;3
31/31_00039.jpg;31;3
31/31_00040.jpg;31;3
31/31_00041.jpg;31;3
31/31_00042.jpg;31;3
31/31_00043.jpg;31;3
31/31_00044.jpg;31;3
31/31_00045.jpg;31;3
31/31_00046.jpg;31;3
31/31_00047.jpg;31;3
31/31_00048.jpg;31;3
31/31_00049.jpg;31;3
31/31_00050.jpg;31;3
31/31_00051.jpg;31;3
31/31_00052.jpg;31;3
31/31_00053.jpg;31;3
31/31_00054.jpg;31;3
31/31_00055.jpg;31;3
31/31_00056.jpg;31;3
31/31_00057.jpg;31;3
31/31_00058.jpg;31;3
31/31_00059.jpg;31;3
31/31_00060.jpg;31;3
31/31_00061.jpg;31;3
31/31_00062.jpg;31;3
31/31_00063.jpg;31;3
31/31_00064.jpg;31;3
31/31_00065.jpg;31;3
31/31_00066.jpg;31;3
31/31_00067.jpg;31;3
31/31_00068.jpg;31;3
31/31_00069.jpg;31;3
31/31_00070.jpg;31;3
31/31_00071.jpg;31;3
31/31_00072.jpg;31;3
31/31_00073.jpg;31;3
31/31_00074.jpg;31;3
31/31_00075.jpg;31;3
31/31_00076.jpg;31;3
31/31_00077.jpg;31;3
31/31_00078.jpg;31;3
31/31_00079.jpg;31;3
31/31_00080.jpg;31;3
31/31_00081.jpg;31;3
31/31_00082.jpg;31;3
31/31_00083.jpg;31;3
31/31_00084.jpg;31;3
31/31_00085.jpg;31;3
31/31_00086.jpg;31;3
31/31_00087.jpg;31;3
31/31_00088.jpg;31;3
31/31_00089.jpg;31;3
31/31_00090.jpg;31;3
31/31_00091.jpg;31;3
31/31_00092.jpg;31;3
31/31_00093.jpg;31;3
31/31_00094.jpg;31;3
31/31_00095.jpg;31;3
31/31_00096.jpg;31;3
31/31_00097.jpg;31;3
31/31_00098.jpg;31;3
31/31_00099.jpg;31;3
31/31_00100.jpg;31;3
31/31_00101.jpg;31;3
31/31_00102.jpg;31;3
31/31_00103.jpg;31;3
31/31_00104.jpg;31;3
31/31_00105.jpg;31;3
31/31_00106.jpg;31;3
31/31_00107.jpg;31;3
31/31_00108.jpg;31;3
31/31_00109.jpg;31;3
31/31_00110.jpg;31;3
31/31_00111.jpg;31;3
31/31_00112.jpg;31;3
31/31_00113.jpg;31;3
31/31_00114.jpg;31;3
31/31_00115.jpg;31;3
31/31_00116.jpg;31;3
31/31_00117.jpg;31;3
31/31_00118.jpg;31;3
31/31_00119.jpg;31;3
31/31_00120.jpg;31;3
31/31_00121.jpg;31;3
31/31_00122.jpg;31;3
31/31_00123.jpg;31;3
31/31_00124.jpg;31;3
31/31_00125.jpg;31;3
31/31_00126.jpg;31;3
31/31_00127.jpg;31;3
31/31_00128.jpg;31;3
31/31_00129.jpg;31;3
31/31_00130.jpg;31;3
31/31_00131.jpg;31;3
31/31_00132.jpg;31;3
31/31_00133.jpg;31;3
31/31_00134.jpg;31;3
31/31_00135.jpg;31;3
31/31_00136.jpg;31;3
31/31_00137.jpg;31;3
31/31_00138.jpg;31;3
31/31_00139.jpg;31;3
31/31_00140.jpg;31;3
31/31_00141.jpg;31;3
31/31_00142.jpg;31;3
31/31_00143.jpg;31;3
31/31_00144.jpg;31;3
31/31_00145.jpg;31;3
31/31_00146.jpg;31;3
31/31_00147.jpg;31;3
31/31_00148.jpg;31;3
31/31_00149.jpg;31;3
31/31_00150.jpg;31;3
31/31_00151.jpg;31;3
31/31_00152.jpg;31;3
31/31_00153.jpg;31;3
31/31_00154.jpg;31;3
31/31_00155.jpg;31;3
31/31_00156.jpg;31;3
31/31_00157.jpg;31;3
31/31_00158.jpg;31;3
31/31_00159.jpg;31;3
31/31_00160.jpg;31;3
31/31_00161.jpg;31;3
31/31_00162.jpg;31;3
31/31_00163.jpg;31;3
31/31_00164.jpg;31;3
31/31_00165.jpg;31;3
31/31_00166.jpg;31;3
31/31_00167.jpg;31;3
31/31_00168.jpg;31;3
31/31_00169.jpg;31;3
31/31_00170.jpg;31;3
31/31_00171.jpg;31;3
31/31_00172.jpg;31;3
31/31_00173.jpg;31;3
31/31_00174.jpg;31;3
31/31_00175.jpg;31;3
31/31_00176.jpg;31;3
31/31_00177.jpg;31;3
31/31_00178.jpg;31;3
31/31_00179.jpg;31;3
31/31_00180.jpg;31;3
31/31_00181.jpg;31;3
31/31_00182.jpg;31;3
31/31_00183.jpg;31;3
31/31_00184.jpg;31;3
31/31_00185.jpg;31;3
31/31_00186.jpg;31;3
31/31_00187.jpg;31;3
31/31_00188.jpg;31;3
31/31_00189.jpg;31;3
31/31_00190.jpg;31;3
31/31_00191.jpg;31;3
31/31_00192.jpg;31;3
31/31_00193.jpg;31;3
31/31_00194.jpg;31;3
31/31_00195.jpg;31;3
31/31_00196.jpg;31;3
31/31_00197.jpg;31;3
31/31_00198.jpg;31;3
31/31_00199.jpg;31;3
31/31_00200.jpg;31;3
31/31_00201.jpg;31;3
31/31_00202.jpg;31;3
31/31_00203.jpg;31;3
31/31_00204.jpg;31;3
31/31_00205.jpg;31;3
31/31_00206.jpg;31;3
31/31_00207.jpg;31;3
31/31_00208.jpg;31;3
31/31_00209.jpg;31;3
31/31_00210.jpg;31;3
31/31_00211.jpg;31;3
31/31_00212.jpg;31;3
31/31_00213.jpg;31;3
31/31_00214.jpg;31;3
31/31_00215.jpg;31;3
31/31_00216.jpg;31;3
31/31_00217.jpg;31;3
31/31_00218.jpg;31;3
31/31_00219.jpg;31;3
31/31_00220.jpg;31;3
31/31_00221.jpg;31;3
31/31_00222.jpg;31;3
31/31_00223.jpg;31;3
31/31_00224.jpg;31;3
31/31_00225.jpg;31;3
31/31_00226.jpg;31;3
31/31_00227.jpg;31;3
31/31_00228.jpg;31;3
31/31_00229.jpg;31;3
31/31_00230.jpg;31;3
31/31_00231.jpg;31;3
31/31_00232.jpg;31;3
31/31_00233.jpg;31;3
31/31_00234.jpg;31;3
31/31_00235.jpg;31;3
31/31_00236.jpg;31;3
31/31_00237.jpg;31;3
31/31_00238.jpg;31;3
31/31_00239.jpg;31;3
31/31_00240.jpg;31;3
31/31_00241.jpg;31;3
31/31_00242.jpg;31;3
31/31_00243.jpg;31;3
31/31_00244.jpg;31;3
31/31_00245.jpg;31;3
31/31_00246.jpg;31;3
31/31_00247.jpg;31;3
31/31_00248.jpg;31;3
31/31_00249.jpg;31;3
31/31_00250.jpg;31;3
31/31_00251.jpg;31;3
31/31_00252.jpg;31;3
31/31_00253.jpg;31;3
31/31_00254.jpg;31;3
31/31_00255.jpg;31;3
31/31_00256.jpg;31;3
31/31_00257.jpg;31;3
31/31_00258.jpg;31;3
31/31_00259.jpg;31;3
31/31_00260.jpg;31;3
31/31_00261.jpg;31;3
31/31_00262.jpg;31;3
31/31_00263.jpg;31;3
31/31_00264.jpg;31;3
31/31_00265.jpg;31;3
31/31_00266.jpg;31;3
31/31_00267.jpg;31;3
31/31_00268.jpg;31;3
31/31_00269.jpg;31;3
31/31_00270.jpg;31;3
31/31_00271.jpg;31;3
31/31_00272.jpg;31;3
31/31_00273.jpg;31;3
31/31_00274.jpg;31;3
31/31_00275.jpg;31;3
31/31_00276.jpg;31;3
31/31_00277.jpg;31;3
31/31_00278.jpg;31;3
31/31_00279.jpg;31;3
31/31_00280.jpg;31;3
31/31_00281.jpg;31;3
31/31_00282.jpg;31;3
31/31_00283.jpg;31;3
31/31_00284.jpg;31;3
31/31_00285.jpg;31;3
31/31_00286.jpg;31;3
31/31_00287.jpg;31;3
31/31_00288.jpg;31;3
31/31_00289.jpg;31;3
31/31_00290.jpg;31;3
31/31_00291.jpg;31;3
31/31_00292.jpg;31;3
31/31_00293.jpg;31;3
31/31_00294.jpg;31;3
31/31_00295.jpg;31;3
31/31_00296.jpg;31;3
31/31_00297.jpg;31;3
31/31_00298.jpg;31;3
31/31_00299.jpg;31;3
31/31_00300.jpg;31;3
31/31_00301.jpg;31;3
31/31_00302.jpg;31;3
31/31_00303.jpg;31;3
31/31_00304.jpg;31;3
31/31_00305.jpg;31;3
31/31_00306.jpg;31;3
31/31_00307.jpg;31;3
31/31_00308.jpg;31;3
31/31_00309.jpg;31;3
31/31_00310.jpg;31;3
31/31_00311.jpg;31;3
31/31_00312.jpg;31;3
31/31_00313.jpg;31;3
31/31_00314.jpg;31;3
31/31_00315.jpg;31;3
31/31_00316.jpg;31;3
31/31_00317.jpg;31;3
31/31_00318.jpg;31;3
31/31_00319.jpg;31;3
31/31_00320.jpg;31;3
31/31_00321.jpg;31;3
31/31_00322.jpg;31;3
31/31_00323.jpg;31;3
31/31_00324.jpg;31;3
31/31_00325.jpg;31;3
31/31_00326.jpg;31;3
31/31_00327.jpg;31;3
31/31_00328.jpg;31;3
31/31_00329.jpg;31;3
31/31_00330.jpg;31;3
31/31_00331.jpg;31;3
31/31_00332.jpg;31;3
31/31_00333.jpg;31;3
31/31_00334.jpg;31;3
31/31_00335.jpg;31;3
31/31_00336.jpg;31;3
31/31_00337.jpg;31;3
31/31_00338.jpg;31;3
31/31_00339.jpg;31;3
31/31_00340.jpg;31;3
31/31_00341.jpg;31;3
31/31_00342.jpg;31;3
31/31_00343.jpg;31;3
31/31_00344.jpg;31;3
31/31_00345.jpg;31;3
31/31_00346.jpg;31;3
31/31_00347.jpg;31;3
31/31_00348.jpg;31;3
31/31_00349.jpg;31;3
31/31_00350.jpg;31;3
31/31_00351.jpg;31;3
31/31_00352.jpg;31;3
31/31_00353.jpg;31;3
31/31_00354.jpg;31;3
31/31_00355.jpg;31;3
31/31_00356.jpg;31;3
31/31_00357.jpg;31;3
31/31_00358.jpg;31;3
31/31_00359.jpg;31;3
31/31_00360.jpg;31;3
31/31_00361.jpg;31;3
31/31_00362.jpg;31;3
31/31_00363.jpg;31;3
31/31_00364.jpg;31;3
31/31_00365.jpg;31;3
31/31_00366.jpg;31;3
31/31_00367.jpg;31;3
31/31_00368.jpg;31;3
31/31_00369.jpg;31;3
31/31_00370.jpg;31;3
31/31_00371.jpg;31;3
31/31_00372.jpg;31;3
31/31_00373.jpg;31;3
31/31_00374.jpg;31;3
31/31_00375.jpg;31;3
31/31_00376.jpg;31;3
31/31_00377.jpg;31;3
31/31_00378.jpg;31;3
31/31_00379.jpg;31;3
31/31_00380.jpg;31;3
31/31_00381.jpg;31;3
31/31_00382.jpg;31;3
31/31_00383.jpg;31;3
31/31_00384.jpg;31;3
31/31_00385.jpg;31;3
31/31_00386.jpg;31;3
31/31_00387.jpg;31;3
31/31_00388.jpg;31;3
31/31_00389.jpg;31;3
31/31_00390.jpg;31;3
31/31_00391.jpg;31;3
31/31_00392.jpg;31;3
31/31_00393.jpg;31;3
31/31_00394.jpg;31;3
31/31_00395.jpg;31;3
31/31_00396.jpg;31;3
31/31_00397.jpg;31;3
31/31_00398.jpg;31;3
31/31_00399.jpg;31;3
31/31_00400.jpg;31;3
31/31_00401.jpg;31;3
31/31_00402.jpg;31;3
31/31_00403.jpg;31;3
31/31_00404.jpg;31;3
31/31_00405.jpg;31;3
31/31_00406.jpg;31;3
31/31_00407.jpg;31;3
31/31_00408.jpg;31;3
31/31_00409.jpg;31;3
31/31_00410.jpg;31;3
31/31_00411.jpg;31;3
31/31_00412.jpg;31;3
31/31_00413.jpg;31;3
31/31_00414.jpg;31;3
31/31_00415.jpg;31;3
31/31_00416.jpg;31;3
31/31_00417.jpg;31;3
31/31_00418.jpg;31;3
31/31_00419.jpg;31;3
31/31_00420.jpg;31;3
31/31_00421.jpg;31;3
31/31_00422.jpg;31;3
31/31_00423.jpg;31;3
31/31_00424.jpg;31;3
31/31_00425.jpg;31;3
31/31_00426.jpg;31;3
31/31_00427.jpg;31;3
31/31_00428.jpg;31;3
31/31_00429.jpg;31;3
31/31_00430.jpg;31;3
31/31_00431.jpg;31;3
31/31_00432.jpg;31;3
31/31_00433.jpg;31;3
31/31_00434.jpg;31;3
31/31_00435.jpg;31;3
31/31_00436.jpg;31;3
31/31_00437.jpg;31;3
31/31_00438.jpg;31;3
31/31_00439.jpg;31;3
31/31_00440.jpg;31;3
31/31_00441.jpg;31;3
31/31_00442.jpg;31;3
31/31_00443.jpg;31;3
31/31_00444.jpg;31;3
31/31_00445.jpg;31;3
31/31_00446.jpg;31;3
31/31_00447.jpg;31;3
31/31_00448.jpg;31;3
31/31_00449.jpg;31;3
31/31_00450.jpg;31;3
31/31_00451.jpg;31;3
31/31_00452.jpg;31;3
31/31_00453.jpg;31;3
31/31_00454.jpg;31;3
31/31_00455.jpg;31;3
31/31_00456.jpg;31;3
31/31_00457.jpg;31;3
31/31_00458.jpg;31;3
31/31_00459.jpg;31;3
31/31_00460.jpg;31;3
31/31_00461.jpg;31;3
31/31_00462.jpg;31;3
31/31_00463.jpg;31;3
31/31_00464.jpg;31;3
31/31_00465.jpg;31;3
31/31_00466.jpg;31;3
31/31_00467.jpg;31;3
31/31_00468.jpg;31;3
31/31_00469.jpg;31;3
31/31_00470.jpg;31;3
31/31_00471.jpg;31;3
31/31_00472.jpg;31;3
31/31_00473.jpg;31;3
31/31_00474.jpg;31;3
31/31_00475.jpg;31;3
31/31_00476.jpg;31;3
31/31_00477.jpg;31;3
31/31_00478.jpg;31;3
31/31_00479.jpg;31;3
31/31_00480.jpg;31;3
31/31_00481.jpg;31;3
31/31_00482.jpg;31;3
31/31_00483.jpg;31;3
31/31_00484.jpg;31;3
31/31_00485.jpg;31;3
31/31_00486.jpg;31;3
31/31_00487.jpg;31;3
31/31_00488.jpg;31;3
31/31_00489.jpg;31;3
31/31_00490.jpg;31;3
31/31_00491.jpg;31;3
31/31_00492.jpg;31;3
31/31_00493.jpg;31;3
31/31_00494.jpg;31;3
31/31_00495.jpg;31;3
31/31_00496.jpg;31;3
31/31_00497.jpg;31;3
32/32_00001.jpg;32;3
32/32_00002.jpg;32;3
32/32_00003.jpg;32;3
32/32_00004.jpg;32;3
32/32_00005.jpg;32;3
32/32_00006.jpg;32;3
32/32_00007.jpg;32;3
32/32_00008.jpg;32;3
32/32_00009.jpg;32;3
32/32_00010.jpg;32;3
32/32_00011.jpg;32;3
32/32_00012.jpg;32;3
32/32_00013.jpg;32;3
32/32_00014.jpg;32;3
32/32_00015.jpg;32;3
32/32_00016.jpg;32;3
32/32_00017.jpg;32;3
32/32_00018.jpg;32;3
32/32_00019.jpg;32;3
32/32_00020.jpg;32;3
32/32_00021.jpg;32;3
32/32_00022.jpg;32;3
32/32_00023.jpg;32;3
32/32_00024.jpg;32;3
32/32_00025.jpg;32;3
32/32_00026.jpg;32;3
32/32_00027.jpg;32;3
32/32_00028.jpg;32;3
32/32_00029.jpg;32;3
32/32_00030.jpg;32;3
32/32_00031.jpg;32;3
32/32_00032.jpg;32;3
32/32_00033.jpg;32;3
32/32_00034.jpg;32;3
32/32_00035.jpg;32;3
32/32_00036.jpg;32;3
32/32_00037.jpg;32;3
32/32_00038.jpg;32;3
32/32_00039.jpg;32;3
32/32_00040.jpg;32;3
32/32_00041.jpg;32;3
32/32_00042.jpg;32;3
32/32_00043.jpg;32;3
32/32_00044.jpg;32;3
32/32_00045.jpg;32;3
32/32_00046.jpg;32;3
32/32_00047.jpg;32;3
32/32_00048.jpg;32;3
32/32_00049.jpg;32;3
32/32_00050.jpg;32;3
32/32_00051.jpg;32;3
32/32_00052.jpg;32;3
32/32_00053.jpg;32;3
32/32_00054.jpg;32;3
32/32_00055.jpg;32;3
32/32_00056.jpg;32;3
32/32_00057.jpg;32;3
32/32_00058.jpg;32;3
32/32_00059.jpg;32;3
32/32_00060.jpg;32;3
32/32_00061.jpg;32;3
32/32_00062.jpg;32;3
32/32_00063.jpg;32;3
32/32_00064.jpg;32;3
32/32_00065.jpg;32;3
32/32_00066.jpg;32;3
32/32_00067.jpg;32;3
32/32_00068.jpg;32;3
32/32_00069.jpg;32;3
32/32_00070.jpg;32;3
32/32_00071.jpg;32;3
32/32_00072.jpg;32;3
32/32_00073.jpg;32;3
32/32_00074.jpg;32;3
32/32_00075.jpg;32;3
32/32_00076.jpg;32;3
32/32_00077.jpg;32;3
32/32_00078.jpg;32;3
32/32_00079.jpg;32;3
32/32_00080.jpg;32;3
32/32_00081.jpg;32;3
32/32_00082.jpg;32;3
32/32_00083.jpg;32;3
32/32_00084.jpg;32;3
32/32_00085.jpg;32;3
32/32_00086.jpg;32;3
32/32_00087.jpg;32;3
32/32_00088.jpg;32;3
32/32_00089.jpg;32;3
32/32_00090.jpg;32;3
32/32_00091.jpg;32;3
32/32_00092.jpg;32;3
32/32_00093.jpg;32;3
32/32_00094.jpg;32;3
32/32_00095.jpg;32;3
32/32_00096.jpg;32;3
32/32_00097.jpg;32;3
32/32_00098.jpg;32;3
32/32_00099.jpg;32;3
32/32_00100.jpg;32;3
32/32_00101.jpg;32;3
32/32_00102.jpg;32;3
32/32_00103.jpg;32;3
32/32_00104.jpg;32;3
32/32_00105.jpg;32;3
32/32_00106.jpg;32;3
32/32_00107.jpg;32;3
32/32_00108.jpg;32;3
32/32_00109.jpg;32;3
32/32_00110.jpg;32;3
32/32_00111.jpg;32;3
32/32_00112.jpg;32;3
32/32_00113.jpg;32;3
32/32_00114.jpg;32;3
32/32_00115.jpg;32;3
32/32_00116.jpg;32;3
32/32_00117.jpg;32;3
32/32_00118.jpg;32;3
32/32_00119.jpg;32;3
32/32_00120.jpg;32;3
32/32_00121.jpg;32;3
32/32_00122.jpg;32;3
32/32_00123.jpg;32;3
32/32_00124.jpg;32;3
32/32_00125.jpg;32;3
32/32_00126.jpg;32;3
32/32_00127.jpg;32;3
32/32_00128.jpg;32;3
32/32_00129.jpg;32;3
32/32_00130.jpg;32;3
32/32_00131.jpg;32;3
32/32_00132.jpg;32;3
32/32_00133.jpg;32;3
32/32_00134.jpg;32;3
32/32_00135.jpg;32;3
32/32_00136.jpg;32;3
32/32_00137.jpg;32;3
32/32_00138.jpg;32;3
32/32_00139.jpg;32;3
32/32_00140.jpg;32;3
32/32_00141.jpg;32;3
32/32_00142.jpg;32;3
32/32_00143.jpg;32;3
32/32_00144.jpg;32;3
32/32_00145.jpg;32;3
32/32_00146.jpg;32;3
32/32_00147.jpg;32;3
32/32_00148.jpg;32;3
32/32_00149.jpg;32;3
32/32_00150.jpg;32;3
32/32_00151.jpg;32;3
32/32_00152.jpg;32;3
32/32_00153.jpg;32;3
32/32_00154.jpg;32;3
32/32_00155.jpg;32;3
32/32_00156.jpg;32;3
32/32_00157.jpg;32;3
32/32_00158.jpg;32;3
32/32_00159.jpg;32;3
32/32_00160.jpg;32;3
32/32_00161.jpg;32;3
32/32_00162.jpg;32;3
32/32_00163.jpg;32;3
32/32_00164.jpg;32;3
32/32_00165.jpg;32;3
32/32_00166.jpg;32;3
32/32_00167.jpg;32;3
32/32_00168.jpg;32;3
32/32_00169.jpg;32;3
32/32_00170.jpg;32;3
32/32_00171.jpg;32;3
32/32_00172.jpg;32;3
32/32_00173.jpg;32;3
32/32_00174.jpg;32;3
32/32_00175.jpg;32;3
32/32_00176.jpg;32;3
32/32_00177.jpg;32;3
32/32_00178.jpg;32;3
32/32_00179.jpg;32;3
32/32_00180.jpg;32;3
32/32_00181.jpg;32;3
32/32_00182.jpg;32;3
32/32_00183.jpg;32;3
32/32_00184.jpg;32;3
32/32_00185.jpg;32;3
32/32_00186.jpg;32;3
32/32_00187.jpg;32;3
32/32_00188.jpg;32;3
32/32_00189.jpg;32;3
32/32_00190.jpg;32;3
32/32_00191.jpg;32;3
32/32_00192.jpg;32;3
32/32_00193.jpg;32;3
32/32_00194.jpg;32;3
32/32_00195.jpg;32;3
32/32_00196.jpg;32;3
32/32_00197.jpg;32;3
32/32_00198.jpg;32;3
32/32_00199.jpg;32;3
32/32_00200.jpg;32;3
32/32_00201.jpg;32;3
32/32_00202.jpg;32;3
32/32_00203.jpg;32;3
32/32_00204.jpg;32;3
32/32_00205.jpg;32;3
32/32_00206.jpg;32;3
32/32_00207.jpg;32;3
32/32_00208.jpg;32;3
32/32_00209.jpg;32;3
32/32_00210.jpg;32;3
32/32_00211.jpg;32;3
32/32_00212.jpg;32;3
32/32_00213.jpg;32;3
32/32_00214.jpg;32;3
32/32_00215.jpg;32;3
32/32_00216.jpg;32;3
32/32_00217.jpg;32;3
32/32_00218.jpg;32;3
32/32_00219.jpg;32;3
32/32_00220.jpg;32;3
32/32_00221.jpg;32;3
32/32_00222.jpg;32;3
32/32_00223.jpg;32;3
32/32_00224.jpg;32;3
32/32_00225.jpg;32;3
32/32_00226.jpg;32;3
32/32_00227.jpg;32;3
32/32_00228.jpg;32;3
32/32_00229.jpg;32;3
32/32_00230.jpg;32;3
32/32_00231.jpg;32;3
32/32_00232.jpg;32;3
32/32_00233.jpg;32;3
32/32_00234.jpg;32;3
32/32_00235.jpg;32;3
32/32_00236.jpg;32;3
32/32_00237.jpg;32;3
32/32_00238.jpg;32;3
32/32_00239.jpg;32;3
32/32_00240.jpg;32;3
32/32_00241.jpg;32;3
32/32_00242.jpg;32;3
32/32_00243.jpg;32;3
32/32_00244.jpg;32;3
32/32_00245.jpg;32;3
32/32_00246.jpg;32;3
32/32_00247.jpg;32;3
32/32_00248.jpg;32;3
32/32_00249.jpg;32;3
32/32_00250.jpg;32;3
32/32_00251.jpg;32;3
32/32_00252.jpg;32;3
32/32_00253.jpg;32;3
32/32_00254.jpg;32;3
32/32_00255.jpg;32;3
32/32_00256.jpg;32;3
32/32_00257.jpg;32;3
32/32_00258.jpg;32;3
32/32_00259.jpg;32;3
32/32_00260.jpg;32;3
32/32_00261.jpg;32;3
32/32_00262.jpg;32;3
32/32_00263.jpg;32;3
32/32_00264.jpg;32;3
32/32_00265.jpg;32;3
32/32_00266.jpg;32;3
32/32_00267.jpg;32;3
32/32_00268.jpg;32;3
32/32_00269.jpg;32;3
32/32_00270.jpg;32;3
32/32_00271.jpg;32;3
32/32_00272.jpg;32;3
32/32_00273.jpg;32;3
32/32_00274.jpg;32;3
32/32_00275.jpg;32;3
32/32_00276.jpg;32;3
32/32_00277.jpg;32;3
32/32_00278.jpg;32;3
32/32_00279.jpg;32;3
32/32_00280.jpg;32;3
32/32_00281.jpg;32;3
32/32_00282.jpg;32;3
32/32_00283.jpg;32;3
33/33_00001.jpg;33;3
33/33_00002.jpg;33;3
33/33_00003.jpg;33;3
33/33_00004.jpg;33;3
33/33_00005.jpg;33;3
33/33_00006.jpg;33;3
33/33_00007.jpg;33;3
33/33_00008.jpg;33;3
33/33_00009.jpg;33;3
33/33_00010.jpg;33;3
33/33_00011.jpg;33;3
33/33_00012.jpg;33;3
33/33_00013.jpg;33;3
33/33_00014.jpg;33;3
33/33_00015.jpg;33;3
33/33_00016.jpg;33;3
33/33_00017.jpg;33;3
33/33_00018.jpg;33;3
33/33_00019.jpg;33;3
33/33_00020.jpg;33;3
33/33_00021.jpg;33;3
33/33_00022.jpg;33;3
33/33_00023.jpg;33;3
33/33_00024.jpg;33;3
33/33_00025.jpg;33;3
33/33_00026.jpg;33;3
33/33_00027.jpg;33;3
33/33_00028.jpg;33;3
33/33_00029.jpg;33;3
33/33_00030.jpg;33;3
33/33_00031.jpg;33;3
33/33_00032.jpg;33;3
33/33_00033.jpg;33;3
33/33_00034.jpg;33;3
33/33_00035.jpg;33;3
33/33_00036.jpg;33;3
33/33_00037.jpg;33;3
33/33_00038.jpg;33;3
33/33_00039.jpg;33;3
33/33_00040.jpg;33;3
33/33_00041.jpg;33;3
33/33_00042.jpg;33;3
33/33_00043.jpg;33;3
33/33_00044.jpg;33;3
33/33_00045.jpg;33;3
33/33_00046.jpg;33;3
33/33_00047.jpg;33;3
33/33_00048.jpg;33;3
33/33_00049.jpg;33;3
33/33_00050.jpg;33;3
33/33_00051.jpg;33;3
33/33_00052.jpg;33;3
33/33_00053.jpg;33;3
33/33_00054.jpg;33;3
33/33_00055.jpg;33;3
33/33_00056.jpg;33;3
33/33_00057.jpg;33;3
33/33_00058.jpg;33;3
33/33_00059.jpg;33;3
33/33_00060.jpg;33;3
33/33_00061.jpg;33;3
33/33_00062.jpg;33;3
33/33_00063.jpg;33;3
33/33_00064.jpg;33;3
33/33_00065.jpg;33;3
33/33_00066.jpg;33;3
33/33_00067.jpg;33;3
33/33_00068.jpg;33;3
33/33_00069.jpg;33;3
33/33_00070.jpg;33;3
33/33_00071.jpg;33;3
33/33_00072.jpg;33;3
33/33_00073.jpg;33;3
33/33_00074.jpg;33;3
33/33_00075.jpg;33;3
33/33_00076.jpg;33;3
33/33_00077.jpg;33;3
33/33_00078.jpg;33;3
33/33_00079.jpg;33;3
33/33_00080.jpg;33;3
33/33_00081.jpg;33;3
33/33_00082.jpg;33;3
33/33_00083.jpg;33;3
33/33_00084.jpg;33;3
33/33_00085.jpg;33;3
33/33_00086.jpg;33;3
33/33_00087.jpg;33;3
33/33_00088.jpg;33;3
33/33_00089.jpg;33;3
33/33_00090.jpg;33;3
33/33_00091.jpg;33;3
33/33_00092.jpg;33;3
33/33_00093.jpg;33;3
33/33_00094.jpg;33;3
33/33_00095.jpg;33;3
33/33_00096.jpg;33;3
33/33_00097.jpg;33;3
33/33_00098.jpg;33;3
33/33_00099.jpg;33;3
33/33_00100.jpg;33;3
33/33_00101.jpg;33;3
33/33_00102.jpg;33;3
33/33_00103.jpg;33;3
33/33_00104.jpg;33;3
33/33_00105.jpg;33;3
33/33_00106.jpg;33;3
33/33_00107.jpg;33;3
33/33_00108.jpg;33;3
33/33_00109.jpg;33;3
33/33_00110.jpg;33;3
33/33_00111.jpg;33;3
33/33_00112.jpg;33;3
33/33_00113.jpg;33;3
33/33_00114.jpg;33;3
33/33_00115.jpg;33;3
33/33_00116.jpg;33;3
33/33_00117.jpg;33;3
33/33_00118.jpg;33;3
33/33_00119.jpg;33;3
33/33_00120.jpg;33;3
33/33_00121.jpg;33;3
33/33_00122.jpg;33;3
33/33_00123.jpg;33;3
33/33_00124.jpg;33;3
33/33_00125.jpg;33;3
33/33_00126.jpg;33;3
33/33_00127.jpg;33;3
33/33_00128.jpg;33;3
33/33_00129.jpg;33;3
33/33_00130.jpg;33;3
33/33_00131.jpg;33;3
33/33_00132.jpg;33;3
33/33_00133.jpg;33;3
33/33_00134.jpg;33;3
33/33_00135.jpg;33;3
33/33_00136.jpg;33;3
33/33_00137.jpg;33;3
33/33_00138.jpg;33;3
33/33_00139.jpg;33;3
33/33_00140.jpg;33;3
33/33_00141.jpg;33;3
33/33_00142.jpg;33;3
33/33_00143.jpg;33;3
33/33_00144.jpg;33;3
33/33_00145.jpg;33;3
33/33_00146.jpg;33;3
33/33_00147.jpg;33;3
33/33_00148.jpg;33;3
33/33_00149.jpg;33;3
33/33_00150.jpg;33;3
33/33_00151.jpg;33;3
33/33_00152.jpg;33;3
33/33_00153.jpg;33;3
33/33_00154.jpg;33;3
33/33_00155.jpg;33;3
33/33_00156.jpg;33;3
33/33_00157.jpg;33;3
33/33_00158.jpg;33;3
33/33_00159.jpg;33;3
33/33_00160.jpg;33;3
33/33_00161.jpg;33;3
33/33_00162.jpg;33;3
33/33_00163.jpg;33;3
33/33_00164.jpg;33;3
33/33_00165.jpg;33;3
33/33_00166.jpg;33;3
33/33_00167.jpg;33;3
33/33_00168.jpg;33;3
33/33_00169.jpg;33;3
33/33_00170.jpg;33;3
33/33_00171.jpg;33;3
33/33_00172.jpg;33;3
33/33_00173.jpg;33;3
33/33_00174.jpg;33;3
33/33_00175.jpg;33;3
33/33_00176.jpg;33;3
33/33_00177.jpg;33;3
33/33_00178.jpg;33;3
33/33_00179.jpg;33;3
33/33_00180.jpg;33;3
33/33_00181.jpg;33;3
33/33_00182.jpg;33;3
33/33_00183.jpg;33;3
33/33_00184.jpg;33;3
33/33_00185.jpg;33;3
33/33_00186.jpg;33;3
33/33_00187.jpg;33;3
33/33_00188.jpg;33;3
33/33_00189.jpg;33;3
33/33_00190.jpg;33;3
33/33_00191.jpg;33;3
33/33_00192.jpg;33;3
33/33_00193.jpg;33;3
33/33_00194.jpg;33;3
33/33_00195.jpg;33;3
33/33_00196.jpg;33;3
33/33_00197.jpg;33;3
33/33_00198.jpg;33;3
33/33_00199.jpg;33;3
33/33_00200.jpg;33;3
33/33_00201.jpg;33;3
33/33_00202.jpg;33;3
33/33_00203.jpg;33;3
33/33_00204.jpg;33;3
33/33_00205.jpg;33;3
33/33_00206.jpg;33;3
33/33_00207.jpg;33;3
33/33_00208.jpg;33;3
33/33_00209.jpg;33;3
33/33_00210.jpg;33;3
33/33_00211.jpg;33;3
33/33_00212.jpg;33;3
33/33_00213.jpg;33;3
33/33_00214.jpg;33;3
33/33_00215.jpg;33;3
33/33_00216.jpg;33;3
33/33_00217.jpg;33;3
33/33_00218.jpg;33;3
33/33_00219.jpg;33;3
33/33_00220.jpg;33;3
33/33_00221.jpg;33;3
33/33_00222.jpg;33;3
33/33_00223.jpg;33;3
33/33_00224.jpg;33;3
33/33_00225.jpg;33;3
33/33_00226.jpg;33;3
33/33_00227.jpg;33;3
33/33_00228.jpg;33;3
33/33_00229.jpg;33;3
33/33_00230.jpg;33;3
33/33_00231.jpg;33;3
33/33_00232.jpg;33;3
33/33_00233.jpg;33;3
33/33_00234.jpg;33;3
33/33_00235.jpg;33;3
33/33_00236.jpg;33;3
33/33_00237.jpg;33;3
33/33_00238.jpg;33;3
33/33_00239.jpg;33;3
33/33_00240.jpg;33;3
33/33_00241.jpg;33;3
33/33_00242.jpg;33;3
33/33_00243.jpg;33;3
33/33_00244.jpg;33;3
33/33_00245.jpg;33;3
33/33_00246.jpg;33;3
33/33_00247.jpg;33;3
33/33_00248.jpg;33;3
33/33_00249.jpg;33;3
33/33_00250.jpg;33;3
33/33_00251.jpg;33;3
33/33_00252.jpg;33;3
33/33_00253.jpg;33;3
33/33_00254.jpg;33;3
33/33_00255.jpg;33;3
33/33_00256.jpg;33;3
33/33_00257.jpg;33;3
33/33_00258.jpg;33;3
33/33_00259.jpg;33;3
33/33_00260.jpg;33;3
33/33_00261.jpg;33;3
33/33_00262.jpg;33;3
33/33_00263.jpg;33;3
33/33_00264.jpg;33;3
33/33_00265.jpg;33;3
33/33_00266.jpg;33;3
33/33_00267.jpg;33;3
33/33_00268.jpg;33;3
33/33_00269.jpg;33;3
33/33_00270.jpg;33;3
33/33_00271.jpg;33;3
33/33_00272.jpg;33;3
33/33_00273.jpg;33;3
33/33_00274.jpg;33;3
33/33_00275.jpg;33;3
33/33_00276.jpg;33;3
33/33_00277.jpg;33;3
33/33_00278.jpg;33;3
33/33_00279.jpg;33;3
33/33_00280.jpg;33;3
33/33_00281.jpg;33;3
33/33_00282.jpg;33;3
33/33_00283.jpg;33;3
33/33_00284.jpg;33;3
33/33_00285.jpg;33;3
33/33_00286.jpg;33;3
33/33_00287.jpg;33;3
33/33_00288.jpg;33;3
33/33_00289.jpg;33;3
33/33_00290.jpg;33;3
33/33_00291.jpg;33;3
33/33_00292.jpg;33;3
33/33_00293.jpg;33;3
33/33_00294.jpg;33;3
33/33_00295.jpg;33;3
33/33_00296.jpg;33;3
33/33_00297.jpg;33;3
33/33_00298.jpg;33;3
33/33_00299.jpg;33;3
33/33_00300.jpg;33;3
33/33_00301.jpg;33;3
33/33_00302.jpg;33;3
33/33_00303.jpg;33;3
33/33_00304.jpg;33;3
33/33_00305.jpg;33;3
33/33_00306.jpg;33;3
33/33_00307.jpg;33;3
33/33_00308.jpg;33;3
33/33_00309.jpg;33;3
33/33_00310.jpg;33;3
33/33_00311.jpg;33;3
33/33_00312.jpg;33;3
33/33_00313.jpg;33;3
33/33_00314.jpg;33;3
33/33_00315.jpg;33;3
33/33_00316.jpg;33;3
33/33_00317.jpg;33;3
33/33_00318.jpg;33;3
33/33_00319.jpg;33;3
33/33_00320.jpg;33;3
33/33_00321.jpg;33;3
33/33_00322.jpg;33;3
33/33_00323.jpg;33;3
33/33_00324.jpg;33;3
33/33_00325.jpg;33;3
33/33_00326.jpg;33;3
33/33_00327.jpg;33;3
33/33_00328.jpg;33;3
33/33_00329.jpg;33;3
33/33_00330.jpg;33;3
33/33_00331.jpg;33;3
33/33_00332.jpg;33;3
33/33_00333.jpg;33;3
33/33_00334.jpg;33;3
34/34_00001.jpg;34;3
34/34_00002.jpg;34;3
34/34_00003.jpg;34;3
34/34_00004.jpg;34;3
34/34_00005.jpg;34;3
34/34_00006.jpg;34;3
34/34_00007.jpg;34;3
34/34_00008.jpg;34;3
34/34_00009.jpg;34;3
34/34_00010.jpg;34;3
34/34_00011.jpg;34;3
34/34_00012.jpg;34;3
34/34_00013.jpg;34;3
34/34_00014.jpg;34;3
34/34_00015.jpg;34;3
34/34_00016.jpg;34;3
34/34_00017.jpg;34;3
34/34_00018.jpg;34;3
34/34_00019.jpg;34;3
34/34_00020.jpg;34;3
34/34_00021.jpg;34;3
34/34_00022.jpg;34;3
34/34_00023.jpg;34;3
34/34_00024.jpg;34;3
34/34_00025.jpg;34;3
34/34_00026.jpg;34;3
34/34_00027.jpg;34;3
34/34_00028.jpg;34;3
34/34_00029.jpg;34;3
34/34_00030.jpg;34;3
34/34_00031.jpg;34;3
34/34_00032.jpg;34;3
34/34_00033.jpg;34;3
34/34_00034.jpg;34;3
34/34_00035.jpg;34;3
34/34_00036.jpg;34;3
34/34_00037.jpg;34;3
34/34_00038.jpg;34;3
34/34_00039.jpg;34;3
34/34_00040.jpg;34;3
34/34_00041.jpg;34;3
34/34_00042.jpg;34;3
34/34_00043.jpg;34;3
34/34_00044.jpg;34;3
34/34_00045.jpg;34;3
34/34_00046.jpg;34;3
34/34_00047.jpg;34;3
34/34_00048.jpg;34;3
34/34_00049.jpg;34;3
34/34_00050.jpg;34;3
34/34_00051.jpg;34;3
34/34_00052.jpg;34;3
34/34_00053.jpg;34;3
34/34_00054.jpg;34;3
34/34_00055.jpg;34;3
34/34_00056.jpg;34;3
34/34_00057.jpg;34;3
34/34_00058.jpg;34;3
34/34_00059.jpg;34;3
34/34_00060.jpg;34;3
34/34_00061.jpg;34;3
34/34_00062.jpg;34;3
34/34_00063.jpg;34;3
34/34_00064.jpg;34;3
34/34_00065.jpg;34;3
34/34_00066.jpg;34;3
34/34_00067.jpg;34;3
34/34_00068.jpg;34;3
34/34_00069.jpg;34;3
34/34_00070.jpg;34;3
34/34_00071.jpg;34;3
34/34_00072.jpg;34;3
34/34_00073.jpg;34;3
34/34_00074.jpg;34;3
34/34_00075.jpg;34;3
34/34_00076.jpg;34;3
34/34_00077.jpg;34;3
34/34_00078.jpg;34;3
34/34_00079.jpg;34;3
34/34_00080.jpg;34;3
34/34_00081.jpg;34;3
34/34_00082.jpg;34;3
34/34_00083.jpg;34;3
34/34_00084.jpg;34;3
34/34_00085.jpg;34;3
34/34_00086.jpg;34;3
34/34_00087.jpg;34;3
34/34_00088.jpg;34;3
34/34_00089.jpg;34;3
34/34_00090.jpg;34;3
34/34_00091.jpg;34;3
34/34_00092.jpg;34;3
34/34_00093.jpg;34;3
34/34_00094.jpg;34;3
34/34_00095.jpg;34;3
34/34_00096.jpg;34;3
34/34_00097.jpg;34;3
34/34_00098.jpg;34;3
34/34_00099.jpg;34;3
34/34_00100.jpg;34;3
34/34_00101.jpg;34;3
34/34_00102.jpg;34;3
34/34_00103.jpg;34;3
34/34_00104.jpg;34;3
34/34_00105.jpg;34;3
34/34_00106.jpg;34;3
34/34_00107.jpg;34;3
34/34_00108.jpg;34;3
34/34_00109.jpg;34;3
34/34_00110.jpg;34;3
34/34_00111.jpg;34;3
34/34_00112.jpg;34;3
34/34_00113.jpg;34;3
34/34_00114.jpg;34;3
35/35_00001.jpg;35;3
35/35_00002.jpg;35;3
35/35_00003.jpg;35;3
35/35_00004.jpg;35;3
35/35_00005.jpg;35;3
35/35_00006.jpg;35;3
35/35_00007.jpg;35;3
35/35_00008.jpg;35;3
35/35_00009.jpg;35;3
35/35_00010.jpg;35;3
35/35_00011.jpg;35;3
35/35_00012.jpg;35;3
35/35_00013.jpg;35;3
35/35_00014.jpg;35;3
35/35_00015.jpg;35;3
35/35_00016.jpg;35;3
35/35_00017.jpg;35;3
35/35_00018.jpg;35;3
35/35_00019.jpg;35;3
35/35_00020.jpg;35;3
35/35_00021.jpg;35;3
35/35_00022.jpg;35;3
35/35_00023.jpg;35;3
35/35_00024.jpg;35;3
35/35_00025.jpg;35;3
35/35_00026.jpg;35;3
35/35_00027.jpg;35;3
35/35_00028.jpg;35;3
35/35_00029.jpg;35;3
35/35_00030.jpg;35;3
35/35_00031.jpg;35;3
35/35_00032.jpg;35;3
35/35_00033.jpg;35;3
35/35_00034.jpg;35;3
35/35_00035.jpg;35;3
35/35_00036.jpg;35;3
35/35_00037.jpg;35;3
35/35_00038.jpg;35;3
35/35_00039.jpg;35;3
35/35_00040.jpg;35;3
35/35_00041.jpg;35;3
35/35_00042.jpg;35;3
35/35_00043.jpg;35;3
35/35_00044.jpg;35;3
35/35_00045.jpg;35;3
35/35_00046.jpg;35;3
35/35_00047.jpg;35;3
35/35_00048.jpg;35;3
35/35_00049.jpg;35;3
35/35_00050.jpg;35;3
35/35_00051.jpg;35;3
35/35_00052.jpg;35;3
35/35_00053.jpg;35;3
35/35_00054.jpg;35;3
35/35_00055.jpg;35;3
35/35_00056.jpg;35;3
35/35_00057.jpg;35;3
35/35_00058.jpg;35;3
35/35_00059.jpg;35;3
35/35_00060.jpg;35;3
35/35_00061.jpg;35;3
35/35_00062.jpg;35;3
35/35_00063.jpg;35;3
35/35_00064.jpg;35;3
35/35_00065.jpg;35;3
35/35_00066.jpg;35;3
35/35_00067.jpg;35;3
35/35_00068.jpg;35;3
35/35_00069.jpg;35;3
35/35_00070.jpg;35;3
35/35_00071.jpg;35;3
35/35_00072.jpg;35;3
35/35_00073.jpg;35;3
35/35_00074.jpg;35;3
35/35_00075.jpg;35;3
35/35_00076.jpg;35;3
35/35_00077.jpg;35;3
35/35_00078.jpg;35;3
35/35_00079.jpg;35;3
35/35_00080.jpg;35;3
35/35_00081.jpg;35;3
35/35_00082.jpg;35;3
35/35_00083.jpg;35;3
35/35_00084.jpg;35;3
35/35_00085.jpg;35;3
35/35_00086.jpg;35;3
35/35_00087.jpg;35;3
35/35_00088.jpg;35;3
35/35_00089.jpg;35;3
35/35_00090.jpg;35;3
35/35_00091.jpg;35;3
35/35_00092.jpg;35;3
35/35_00093.jpg;35;3
35/35_00094.jpg;35;3
35/35_00095.jpg;35;3
35/35_00096.jpg;35;3
35/35_00097.jpg;35;3
35/35_00098.jpg;35;3
35/35_00099.jpg;35;3
35/35_00100.jpg;35;3
35/35_00101.jpg;35;3
35/35_00102.jpg;35;3
35/35_00103.jpg;35;3
35/35_00104.jpg;35;3
35/35_00105.jpg;35;3
35/35_00106.jpg;35;3
35/35_00107.jpg;35;3
35/35_00108.jpg;35;3
35/35_00109.jpg;35;3
35/35_00110.jpg;35;3
35/35_00111.jpg;35;3
35/35_00112.jpg;35;3
35/35_00113.jpg;35;3
35/35_00114.jpg;35;3
35/35_00115.jpg;35;3
35/35_00116.jpg;35;3
35/35_00117.jpg;35;3
35/35_00118.jpg;35;3
35/35_00119.jpg;35;3
35/35_00120.jpg;35;3
35/35_00121.jpg;35;3
35/35_00122.jpg;35;3
35/35_00123.jpg;35;3
35/35_00124.jpg;35;3
35/35_00125.jpg;35;3
35/35_00126.jpg;35;3
35/35_00127.jpg;35;3
35/35_00128.jpg;35;3
35/35_00129.jpg;35;3
35/35_00130.jpg;35;3
35/35_00131.jpg;35;3
35/35_00132.jpg;35;3
35/35_00133.jpg;35;3
35/35_00134.jpg;35;3
35/35_00135.jpg;35;3
35/35_00136.jpg;35;3
35/35_00137.jpg;35;3
35/35_00138.jpg;35;3
35/35_00139.jpg;35;3
35/35_00140.jpg;35;3
35/35_00141.jpg;35;3
35/35_00142.jpg;35;3
35/35_00143.jpg;35;3
35/35_00144.jpg;35;3
35/35_00145.jpg;35;3
35/35_00146.jpg;35;3
35/35_00147.jpg;35;3
35/35_00148.jpg;35;3
35/35_00149.jpg;35;3
35/35_00150.jpg;35;3
35/35_00151.jpg;35;3
35/35_00152.jpg;35;3
35/35_00153.jpg;35;3
35/35_00154.jpg;35;3
35/35_00155.jpg;35;3
35/35_00156.jpg;35;3
35/35_00157.jpg;35;3
35/35_00158.jpg;35;3
35/35_00159.jpg;35;3
35/35_00160.jpg;35;3
35/35_00161.jpg;35;3
35/35_00162.jpg;35;3
35/35_00163.jpg;35;3
35/35_00164.jpg;35;3
35/35_00165.jpg;35;3
35/35_00166.jpg;35;3
35/35_00167.jpg;35;3
35/35_00168.jpg;35;3
35/35_00169.jpg;35;3
35/35_00170.jpg;35;3
35/35_00171.jpg;35;3
35/35_00172.jpg;35;3
35/35_00173.jpg;35;3
35/35_00174.jpg;35;3
35/35_00175.jpg;35;3
35/35_00176.jpg;35;3
35/35_00177.jpg;35;3
35/35_00178.jpg;35;3
35/35_00179.jpg;35;3
35/35_00180.jpg;35;3
35/35_00181.jpg;35;3
35/35_00182.jpg;35;3
35/35_00183.jpg;35;3
35/35_00184.jpg;35;3
35/35_00185.jpg;35;3
35/35_00186.jpg;35;3
35/35_00187.jpg;35;3
35/35_00188.jpg;35;3
35/35_00189.jpg;35;3
35/35_00190.jpg;35;3
35/35_00191.jpg;35;3
35/35_00192.jpg;35;3
35/35_00193.jpg;35;3
35/35_00194.jpg;35;3
35/35_00195.jpg;35;3
35/35_00196.jpg;35;3
35/35_00197.jpg;35;3
35/35_00198.jpg;35;3
35/35_00199.jpg;35;3
35/35_00200.jpg;35;3
35/35_00201.jpg;35;3
35/35_00202.jpg;35;3
35/35_00203.jpg;35;3
35/35_00204.jpg;35;3
35/35_00205.jpg;35;3
35/35_00206.jpg;35;3
35/35_00207.jpg;35;3
35/35_00208.jpg;35;3
35/35_00209.jpg;35;3
35/35_00210.jpg;35;3
35/35_00211.jpg;35;3
35/35_00212.jpg;35;3
35/35_00213.jpg;35;3
35/35_00214.jpg;35;3
35/35_00215.jpg;35;3
35/35_00216.jpg;35;3
35/35_00217.jpg;35;3
35/35_00218.jpg;35;3
35/35_00219.jpg;35;3
35/35_00220.jpg;35;3
35/35_00221.jpg;35;3
35/35_00222.jpg;35;3
35/35_00223.jpg;35;3
35/35_00224.jpg;35;3
35/35_00225.jpg;35;3
35/35_00226.jpg;35;3
35/35_00227.jpg;35;3
35/35_00228.jpg;35;3
35/35_00229.jpg;35;3
35/35_00230.jpg;35;3
35/35_00231.jpg;35;3
35/35_00232.jpg;35;3
35/35_00233.jpg;35;3
35/35_00234.jpg;35;3
35/35_00235.jpg;35;3
35/35_00236.jpg;35;3
35/35_00237.jpg;35;3
35/35_00238.jpg;35;3
35/35_00239.jpg;35;3
35/35_00240.jpg;35;3
35/35_00241.jpg;35;3
35/35_00242.jpg;35;3
35/35_00243.jpg;35;3
35/35_00244.jpg;35;3
35/35_00245.jpg;35;3
35/35_00246.jpg;35;3
35/35_00247.jpg;35;3
35/35_00248.jpg;35;3
35/35_00249.jpg;35;3
35/35_00250.jpg;35;3
35/35_00251.jpg;35;3
35/35_00252.jpg;35;3
35/35_00253.jpg;35;3
35/35_00254.jpg;35;3
35/35_00255.jpg;35;3
35/35_00256.jpg;35;3
35/35_00257.jpg;35;3
35/35_00258.jpg;35;3
35/35_00259.jpg;35;3
35/35_00260.jpg;35;3
35/35_00261.jpg;35;3
35/35_00262.jpg;35;3
35/35_00263.jpg;35;3
35/35_00264.jpg;35;3
35/35_00265.jpg;35;3
35/35_00266.jpg;35;3
35/35_00267.jpg;35;3
35/35_00268.jpg;35;3
35/35_00269.jpg;35;3
35/35_00270.jpg;35;3
35/35_00271.jpg;35;3
35/35_00272.jpg;35;3
35/35_00273.jpg;35;3
35/35_00274.jpg;35;3
35/35_00275.jpg;35;3
35/35_00276.jpg;35;3
35/35_00277.jpg;35;3
35/35_00278.jpg;35;3
35/35_00279.jpg;35;3
35/35_00280.jpg;35;3
35/35_00281.jpg;35;3
35/35_00282.jpg;35;3
35/35_00283.jpg;35;3
35/35_00284.jpg;35;3
35/35_00285.jpg;35;3
35/35_00286.jpg;35;3
35/35_00287.jpg;35;3
35/35_00288.jpg;35;3
35/35_00289.jpg;35;3
35/35_00290.jpg;35;3
35/35_00291.jpg;35;3
35/35_00292.jpg;35;3
36/36_00001.jpg;36;3
36/36_00002.jpg;36;3
36/36_00003.jpg;36;3
36/36_00004.jpg;36;3
36/36_00005.jpg;36;3
36/36_00006.jpg;36;3
36/36_00007.jpg;36;3
36/36_00008.jpg;36;3
36/36_00009.jpg;36;3
36/36_00010.jpg;36;3
36/36_00011.jpg;36;3
36/36_00012.jpg;36;3
36/36_00013.jpg;36;3
36/36_00014.jpg;36;3
36/36_00015.jpg;36;3
36/36_00016.jpg;36;3
36/36_00017.jpg;36;3
36/36_00018.jpg;36;3
36/36_00019.jpg;36;3
36/36_00020.jpg;36;3
36/36_00021.jpg;36;3
36/36_00022.jpg;36;3
36/36_00023.jpg;36;3
36/36_00024.jpg;36;3
36/36_00025.jpg;36;3
36/36_00026.jpg;36;3
36/36_00027.jpg;36;3
36/36_00028.jpg;36;3
36/36_00029.jpg;36;3
36/36_00030.jpg;36;3
36/36_00031.jpg;36;3
36/36_00032.jpg;36;3
36/36_00033.jpg;36;3
36/36_00034.jpg;36;3
36/36_00035.jpg;36;3
36/36_00036.jpg;36;3
36/36_00037.jpg;36;3
36/36_00038.jpg;36;3
36/36_00039.jpg;36;3
36/36_00040.jpg;36;3
36/36_00041.jpg;36;3
36/36_00042.jpg;36;3
36/36_00043.jpg;36;3
36/36_00044.jpg;36;3
36/36_00045.jpg;36;3
36/36_00046.jpg;36;3
36/36_00047.jpg;36;3
36/36_00048.jpg;36;3
36/36_00049.jpg;36;3
36/36_00050.jpg;36;3
36/36_00051.jpg;36;3
36/36_00052.jpg;36;3
36/36_00053.jpg;36;3
36/36_00054.jpg;36;3
36/36_00055.jpg;36;3
36/36_00056.jpg;36;3
36/36_00057.jpg;36;3
36/36_00058.jpg;36;3
36/36_00059.jpg;36;3
36/36_00060.jpg;36;3
36/36_00061.jpg;36;3
36/36_00062.jpg;36;3
36/36_00063.jpg;36;3
36/36_00064.jpg;36;3
36/36_00065.jpg;36;3
36/36_00066.jpg;36;3
36/36_00067.jpg;36;3
36/36_00068.jpg;36;3
36/36_00069.jpg;36;3
36/36_00070.jpg;36;3
36/36_00071.jpg;36;3
36/36_00072.jpg;36;3
36/36_00073.jpg;36;3
36/36_00074.jpg;36;3
36/36_00075.jpg;36;3
36/36_00076.jpg;36;3
36/36_00077.jpg;36;3
36/36_00078.jpg;36;3
36/36_00079.jpg;36;3
36/36_00080.jpg;36;3
36/36_00081.jpg;36;3
36/36_00082.jpg;36;3
36/36_00083.jpg;36;3
36/36_00084.jpg;36;3
36/36_00085.jpg;36;3
36/36_00086.jpg;36;3
36/36_00087.jpg;36;3
36/36_00088.jpg;36;3
36/36_00089.jpg;36;3
36/36_00090.jpg;36;3
36/36_00091.jpg;36;3
36/36_00092.jpg;36;3
36/36_00093.jpg;36;3
36/36_00094.jpg;36;3
36/36_00095.jpg;36;3
36/36_00096.jpg;36;3
36/36_00097.jpg;36;3
36/36_00098.jpg;36;3
36/36_00099.jpg;36;3
36/36_00100.jpg;36;3
36/36_00101.jpg;36;3
36/36_00102.jpg;36;3
36/36_00103.jpg;36;3
36/36_00104.jpg;36;3
36/36_00105.jpg;36;3
36/36_00106.jpg;36;3
36/36_00107.jpg;36;3
36/36_00108.jpg;36;3
36/36_00109.jpg;36;3
36/36_00110.jpg;36;3
36/36_00111.jpg;36;3
36/36_00112.jpg;36;3
36/36_00113.jpg;36;3
36/36_00114.jpg;36;3
36/36_00115.jpg;36;3
36/36_00116.jpg;36;3
36/36_00117.jpg;36;3
36/36_00118.jpg;36;3
36/36_00119.jpg;36;3
36/36_00120.jpg;36;3
36/36_00121.jpg;36;3
36/36_00122.jpg;36;3
36/36_00123.jpg;36;3
36/36_00124.jpg;36;3
36/36_00125.jpg;36;3
36/36_00126.jpg;36;3
36/36_00127.jpg;36;3
36/36_00128.jpg;36;3
36/36_00129.jpg;36;3
36/36_00130.jpg;36;3
36/36_00131.jpg;36;3
36/36_00132.jpg;36;3
36/36_00133.jpg;36;3
36/36_00134.jpg;36;3
36/36_00135.jpg;36;3
36/36_00136.jpg;36;3
36/36_00137.jpg;36;3
36/36_00138.jpg;36;3
36/36_00139.jpg;36;3
36/36_00140.jpg;36;3
36/36_00141.jpg;36;3
36/36_00142.jpg;36;3
36/36_00143.jpg;36;3
36/36_00144.jpg;36;3
36/36_00145.jpg;36;3
36/36_00146.jpg;36;3
36/36_00147.jpg;36;3
36/36_00148.jpg;36;3
36/36_00149.jpg;36;3
36/36_00150.jpg;36;3
36/36_00151.jpg;36;3
36/36_00152.jpg;36;3
36/36_00153.jpg;36;3
36/36_00154.jpg;36;3
36/36_00155.jpg;36;3
36/36_00156.jpg;36;3
36/36_00157.jpg;36;3
36/36_00158.jpg;36;3
36/36_00159.jpg;36;3
36/36_00160.jpg;36;3
36/36_00161.jpg;36;3
36/36_00162.jpg;36;3
36/36_00163.jpg;36;3
36/36_00164.jpg;36;3
36/36_00165.jpg;36;3
36/36_00166.jpg;36;3
36/36_00167.jpg;36;3
36/36_00168.jpg;36;3
36/36_00169.jpg;36;3
36/36_00170.jpg;36;3
36/36_00171.jpg;36;3
36/36_00172.jpg;36;3
36/36_00173.jpg;36;3
36/36_00174.jpg;36;3
36/36_00175.jpg;36;3
36/36_00176.jpg;36;3
36/36_00177.jpg;36;3
36/36_00178.jpg;36;3
36/36_00179.jpg;36;3
36/36_00180.jpg;36;3
36/36_00181.jpg;36;3
36/36_00182.jpg;36;3
36/36_00183.jpg;36;3
36/36_00184.jpg;36;3
36/36_00185.jpg;36;3
36/36_00186.jpg;36;3
36/36_00187.jpg;36;3
36/36_00188.jpg;36;3
36/36_00189.jpg;36;3
36/36_00190.jpg;36;3
36/36_00191.jpg;36;3
36/36_00192.jpg;36;3
36/36_00193.jpg;36;3
36/36_00194.jpg;36;3
36/36_00195.jpg;36;3
36/36_00196.jpg;36;3
36/36_00197.jpg;36;3
36/36_00198.jpg;36;3
36/36_00199.jpg;36;3
36/36_00200.jpg;36;3
37/37_00001.jpg;37;3
37/37_00002.jpg;37;3
37/37_00003.jpg;37;3
37/37_00004.jpg;37;3
37/37_00005.jpg;37;3
37/37_00006.jpg;37;3
37/37_00007.jpg;37;3
37/37_00008.jpg;37;3
37/37_00009.jpg;37;3
37/37_00010.jpg;37;3
37/37_00011.jpg;37;3
37/37_00012.jpg;37;3
37/37_00013.jpg;37;3
37/37_00014.jpg;37;3
37/37_00015.jpg;37;3
37/37_00016.jpg;37;3
37/37_00017.jpg;37;3
37/37_00018.jpg;37;3
37/37_00019.jpg;37;3
37/37_00020.jpg;37;3
37/37_00021.jpg;37;3
37/37_00022.jpg;37;3
37/37_00023.jpg;37;3
37/37_00024.jpg;37;3
37/37_00025.jpg;37;3
37/37_00026.jpg;37;3
37/37_00027.jpg;37;3
37/37_00028.jpg;37;3
37/37_00029.jpg;37;3
37/37_00030.jpg;37;3
37/37_00031.jpg;37;3
37/37_00032.jpg;37;3
37/37_00033.jpg;37;3
37/37_00034.jpg;37;3
37/37_00035.jpg;37;3
37/37_00036.jpg;37;3
37/37_00037.jpg;37;3
37/37_00038.jpg;37;3
37/37_00039.jpg;37;3
37/37_00040.jpg;37;3
37/37_00041.jpg;37;3
37/37_00042.jpg;37;3
37/37_00043.jpg;37;3
37/37_00044.jpg;37;3
37/37_00045.jpg;37;3
37/37_00046.jpg;37;3
37/37_00047.jpg;37;3
37/37_00048.jpg;37;3
37/37_00049.jpg;37;3
37/37_00050.jpg;37;3
37/37_00051.jpg;37;3
37/37_00052.jpg;37;3
37/37_00053.jpg;37;3
37/37_00054.jpg;37;3
37/37_00055.jpg;37;3
37/37_00056.jpg;37;3
37/37_00057.jpg;37;3
37/37_00058.jpg;37;3
37/37_00059.jpg;37;3
37/37_00060.jpg;37;3
37/37_00061.jpg;37;3
37/37_00062.jpg;37;3
37/37_00063.jpg;37;3
37/37_00064.jpg;37;3
37/37_00065.jpg;37;3
37/37_00066.jpg;37;3
37/37_00067.jpg;37;3
37/37_00068.jpg;37;3
37/37_00069.jpg;37;3
37/37_00070.jpg;37;3
37/37_00071.jpg;37;3
37/37_00072.jpg;37;3
37/37_00073.jpg;37;3
37/37_00074.jpg;37;3
37/37_00075.jpg;37;3
37/37_00076.jpg;37;3
37/37_00077.jpg;37;3
37/37_00078.jpg;37;3
37/37_00079.jpg;37;3
37/37_00080.jpg;37;3
37/37_00081.jpg;37;3
37/37_00082.jpg;37;3
37/37_00083.jpg;37;3
37/37_00084.jpg;37;3
37/37_00085.jpg;37;3
37/37_00086.jpg;37;3
37/37_00087.jpg;37;3
37/37_00088.jpg;37;3
37/37_00089.jpg;37;3
37/37_00090.jpg;37;3
37/37_00091.jpg;37;3
37/37_00092.jpg;37;3
37/37_00093.jpg;37;3
37/37_00094.jpg;37;3
37/37_00095.jpg;37;3
37/37_00096.jpg;37;3
37/37_00097.jpg;37;3
37/37_00098.jpg;37;3
37/37_00099.jpg;37;3
37/37_00100.jpg;37;3
37/37_00101.jpg;37;3
37/37_00102.jpg;37;3
37/37_00103.jpg;37;3
37/37_00104.jpg;37;3
37/37_00105.jpg;37;3
37/37_00106.jpg;37;3
37/37_00107.jpg;37;3
37/37_00108.jpg;37;3
37/37_00109.jpg;37;3
37/37_00110.jpg;37;3
37/37_00111.jpg;37;3
37/37_00112.jpg;37;3
37/37_00113.jpg;37;3
37/37_00114.jpg;37;3
37/37_00115.jpg;37;3
37/37_00116.jpg;37;3
37/37_00117.jpg;37;3
37/37_00118.jpg;37;3
37/37_00119.jpg;37;3
37/37_00120.jpg;37;3
37/37_00121.jpg;37;3
37/37_00122.jpg;37;3
37/37_00123.jpg;37;3
37/37_00124.jpg;37;3
37/37_00125.jpg;37;3
37/37_00126.jpg;37;3
37/37_00127.jpg;37;3
37/37_00128.jpg;37;3
37/37_00129.jpg;37;3
37/37_00130.jpg;37;3
37/37_00131.jpg;37;3
37/37_00132.jpg;37;3
37/37_00133.jpg;37;3
37/37_00134.jpg;37;3
37/37_00135.jpg;37;3
37/37_00136.jpg;37;3
37/37_00137.jpg;37;3
37/37_00138.jpg;37;3
37/37_00139.jpg;37;3
37/37_00140.jpg;37;3
37/37_00141.jpg;37;3
37/37_00142.jpg;37;3
37/37_00143.jpg;37;3
37/37_00144.jpg;37;3
37/37_00145.jpg;37;3
37/37_00146.jpg;37;3
37/37_00147.jpg;37;3
37/37_00148.jpg;37;3
37/37_00149.jpg;37;3
37/37_00150.jpg;37;3
37/37_00151.jpg;37;3
37/37_00152.jpg;37;3
37/37_00153.jpg;37;3
37/37_00154.jpg;37;3
37/37_00155.jpg;37;3
37/37_00156.jpg;37;3
37/37_00157.jpg;37;3
37/37_00158.jpg;37;3
37/37_00159.jpg;37;3
37/37_00160.jpg;37;3
37/37_00161.jpg;37;3
37/37_00162.jpg;37;3
37/37_00163.jpg;37;3
37/37_00164.jpg;37;3
37/37_00165.jpg;37;3
37/37_00166.jpg;37;3
37/37_00167.jpg;37;3
37/37_00168.jpg;37;3
37/37_00169.jpg;37;3
37/37_00170.jpg;37;3
37/37_00171.jpg;37;3
37/37_00172.jpg;37;3
37/37_00173.jpg;37;3
37/37_00174.jpg;37;3
37/37_00175.jpg;37;3
37/37_00176.jpg;37;3
37/37_00177.jpg;37;3
37/37_00178.jpg;37;3
37/37_00179.jpg;37;3
37/37_00180.jpg;37;3
37/37_00181.jpg;37;3
37/37_00182.jpg;37;3
37/37_00183.jpg;37;3
37/37_00184.jpg;37;3
37/37_00185.jpg;37;3
37/37_00186.jpg;37;3
37/37_00187.jpg;37;3
37/37_00188.jpg;37;3
37/37_00189.jpg;37;3
37/37_00190.jpg;37;3
37/37_00191.jpg;37;3
37/37_00192.jpg;37;3
37/37_00193.jpg;37;3
37/37_00194.jpg;37;3
37/37_00195.jpg;37;3
37/37_00196.jpg;37;3
37/37_00197.jpg;37;3
37/37_00198.jpg;37;3
37/37_00199.jpg;37;3
37/37_00200.jpg;37;3
37/37_00201.jpg;37;3
37/37_00202.jpg;37;3
37/37_00203.jpg;37;3
37/37_00204.jpg;37;3
37/37_00205.jpg;37;3
37/37_00206.jpg;37;3
37/37_00207.jpg;37;3
37/37_00208.jpg;37;3
37/37_00209.jpg;37;3
37/37_00210.jpg;37;3
37/37_00211.jpg;37;3
37/37_00212.jpg;37;3
37/37_00213.jpg;37;3
37/37_00214.jpg;37;3
37/37_00215.jpg;37;3
37/37_00216.jpg;37;3
37/37_00217.jpg;37;3
37/37_00218.jpg;37;3
37/37_00219.jpg;37;3
37/37_00220.jpg;37;3
37/37_00221.jpg;37;3
37/37_00222.jpg;37;3
37/37_00223.jpg;37;3
37/37_00224.jpg;37;3
37/37_00225.jpg;37;3
37/37_00226.jpg;37;3
37/37_00227.jpg;37;3
37/37_00228.jpg;37;3
37/37_00229.jpg;37;3
37/37_00230.jpg;37;3
37/37_00231.jpg;37;3
37/37_00232.jpg;37;3
37/37_00233.jpg;37;3
37/37_00234.jpg;37;3
37/37_00235.jpg;37;3
37/37_00236.jpg;37;3
37/37_00237.jpg;37;3
37/37_00238.jpg;37;3
37/37_00239.jpg;37;3
37/37_00240.jpg;37;3
37/37_00241.jpg;37;3
37/37_00242.jpg;37;3
37/37_00243.jpg;37;3
37/37_00244.jpg;37;3
37/37_00245.jpg;37;3
37/37_00246.jpg;37;3
37/37_00247.jpg;37;3
37/37_00248.jpg;37;3
37/37_00249.jpg;37;3
37/37_00250.jpg;37;3
37/37_00251.jpg;37;3
37/37_00252.jpg;37;3
37/37_00253.jpg;37;3
37/37_00254.jpg;37;3
37/37_00255.jpg;37;3
37/37_00256.jpg;37;3
37/37_00257.jpg;37;3
37/37_00258.jpg;37;3
37/37_00259.jpg;37;3
37/37_00260.jpg;37;3
37/37_00261.jpg;37;3
37/37_00262.jpg;37;3
37/37_00263.jpg;37;3
37/37_00264.jpg;37;3
37/37_00265.jpg;37;3
37/37_00266.jpg;37;3
37/37_00267.jpg;37;3
37/37_00268.jpg;37;3
37/37_00269.jpg;37;3
37/37_00270.jpg;37;3
37/37_00271.jpg;37;3
37/37_00272.jpg;37;3
37/37_00273.jpg;37;3
37/37_00274.jpg;37;3
37/37_00275.jpg;37;3
37/37_00276.jpg;37;3
37/37_00277.jpg;37;3
37/37_00278.jpg;37;3
37/37_00279.jpg;37;3
37/37_00280.jpg;37;3
37/37_00281.jpg;37;3
37/37_00282.jpg;37;3
37/37_00283.jpg;37;3
37/37_00284.jpg;37;3
37/37_00285.jpg;37;3
37/37_00286.jpg;37;3
37/37_00287.jpg;37;3
37/37_00288.jpg;37;3
37/37_00289.jpg;37;3
37/37_00290.jpg;37;3
37/37_00291.jpg;37;3
37/37_00292.jpg;37;3
37/37_00293.jpg;37;3
37/37_00294.jpg;37;3
37/37_00295.jpg;37;3
37/37_00296.jpg;37;3
37/37_00297.jpg;37;3
37/37_00298.jpg;37;3
37/37_00299.jpg;37;3
37/37_00300.jpg;37;3
37/37_00301.jpg;37;3
37/37_00302.jpg;37;3
37/37_00303.jpg;37;3
37/37_00304.jpg;37;3
37/37_00305.jpg;37;3
37/37_00306.jpg;37;3
37/37_00307.jpg;37;3
37/37_00308.jpg;37;3
37/37_00309.jpg;37;3
37/37_00310.jpg;37;3
37/37_00311.jpg;37;3
37/37_00312.jpg;37;3
37/37_00313.jpg;37;3
37/37_00314.jpg;37;3
37/37_00315.jpg;37;3
37/37_00316.jpg;37;3
37/37_00317.jpg;37;3
37/37_00318.jpg;37;3
37/37_00319.jpg;37;3
37/37_00320.jpg;37;3
37/37_00321.jpg;37;3
37/37_00322.jpg;37;3
37/37_00323.jpg;37;3
37/37_00324.jpg;37;3
37/37_00325.jpg;37;3
37/37_00326.jpg;37;3
37/37_00327.jpg;37;3
37/37_00328.jpg;37;3
37/37_00329.jpg;37;3
38/38_00001.jpg;38;3
38/38_00002.jpg;38;3
38/38_00003.jpg;38;3
38/38_00004.jpg;38;3
38/38_00005.jpg;38;3
38/38_00006.jpg;38;3
38/38_00007.jpg;38;3
38/38_00008.jpg;38;3
38/38_00009.jpg;38;3
38/38_00010.jpg;38;3
38/38_00011.jpg;38;3
38/38_00012.jpg;38;3
38/38_00013.jpg;38;3
38/38_00014.jpg;38;3
38/38_00015.jpg;38;3
38/38_00016.jpg;38;3
38/38_00017.jpg;38;3
38/38_00018.jpg;38;3
38/38_00019.jpg;38;3
38/38_00020.jpg;38;3
38/38_00021.jpg;38;3
38/38_00022.jpg;38;3
38/38_00023.jpg;38;3
38/38_00024.jpg;38;3
38/38_00025.jpg;38;3
38/38_00026.jpg;38;3
38/38_00027.jpg;38;3
38/38_00028.jpg;38;3
38/38_00029.jpg;38;3
38/38_00030.jpg;38;3
38/38_00031.jpg;38;3
38/38_00032.jpg;38;3
38/38_00033.jpg;38;3
38/38_00034.jpg;38;3
38/38_00035.jpg;38;3
38/38_00036.jpg;38;3
38/38_00037.jpg;38;3
38/38_00038.jpg;38;3
38/38_00039.jpg;38;3
38/38_00040.jpg;38;3
38/38_00041.jpg;38;3
38/38_00042.jpg;38;3
38/38_00043.jpg;38;3
38/38_00044.jpg;38;3
38/38_00045.jpg;38;3
38/38_00046.jpg;38;3
38/38_00047.jpg;38;3
38/38_00048.jpg;38;3
38/38_00049.jpg;38;3
38/38_00050.jpg;38;3
38/38_00051.jpg;38;3
38/38_00052.jpg;38;3
38/38_00053.jpg;38;3
38/38_00054.jpg;38;3
38/38_00055.jpg;38;3
38/38_00056.jpg;38;3
38/38_00057.jpg;38;3
38/38_00058.jpg;38;3
38/38_00059.jpg;38;3
38/38_00060.jpg;38;3
38/38_00061.jpg;38;3
38/38_00062.jpg;38;3
38/38_00063.jpg;38;3
38/38_00064.jpg;38;3
38/38_00065.jpg;38;3
38/38_00066.jpg;38;3
38/38_00067.jpg;38;3
38/38_00068.jpg;38;3
38/38_00069.jpg;38;3
38/38_00070.jpg;38;3
38/38_00071.jpg;38;3
38/38_00072.jpg;38;3
38/38_00073.jpg;38;3
38/38_00074.jpg;38;3
38/38_00075.jpg;38;3
38/38_00076.jpg;38;3
38/38_00077.jpg;38;3
38/38_00078.jpg;38;3
38/38_00079.jpg;38;3
38/38_00080.jpg;38;3
38/38_00081.jpg;38;3
38/38_00082.jpg;38;3
38/38_00083.jpg;38;3
38/38_00084.jpg;38;3
38/38_00085.jpg;38;3
38/38_00086.jpg;38;3
38/38_00087.jpg;38;3
38/38_00088.jpg;38;3
38/38_00089.jpg;38;3
38/38_00090.jpg;38;3
38/38_00091.jpg;38;3
38/38_00092.jpg;38;3
38/38_00093.jpg;38;3
38/38_00094.jpg;38;3
38/38_00095.jpg;38;3
38/38_00096.jpg;38;3
38/38_00097.jpg;38;3
38/38_00098.jpg;38;3
38/38_00099.jpg;38;3
38/38_00100.jpg;38;3
38/38_00101.jpg;38;3
38/38_00102.jpg;38;3
38/38_00103.jpg;38;3
38/38_00104.jpg;38;3
38/38_00105.jpg;38;3
38/38_00106.jpg;38;3
38/38_00107.jpg;38;3
38/38_00108.jpg;38;3
38/38_00109.jpg;38;3
38/38_00110.jpg;38;3
38/38_00111.jpg;38;3
38/38_00112.jpg;38;3
38/38_00113.jpg;38;3
38/38_00114.jpg;38;3
38/38_00115.jpg;38;3
38/38_00116.jpg;38;3
38/38_00117.jpg;38;3
38/38_00118.jpg;38;3
38/38_00119.jpg;38;3
38/38_00120.jpg;38;3
38/38_00121.jpg;38;3
38/38_00122.jpg;38;3
38/38_00123.jpg;38;3
38/38_00124.jpg;38;3
38/38_00125.jpg;38;3
38/38_00126.jpg;38;3
38/38_00127.jpg;38;3
38/38_00128.jpg;38;3
38/38_00129.jpg;38;3
38/38_00130.jpg;38;3
38/38_00131.jpg;38;3
38/38_00132.jpg;38;3
38/38_00133.jpg;38;3
38/38_00134.jpg;38;3
38/38_00135.jpg;38;3
38/38_00136.jpg;38;3
38/38_00137.jpg;38;3
38/38_00138.jpg;38;3
38/38_00139.jpg;38;3
38/38_00140.jpg;38;3
38/38_00141.jpg;38;3
38/38_00142.jpg;38;3
38/38_00143.jpg;38;3
38/38_00144.jpg;38;3
38/38_00145.jpg;38;3
38/38_00146.jpg;38;3
39/39_00001.jpg;39;3
39/39_00002.jpg;39;3
39/39_00003.jpg;39;3
39/39_00004.jpg;39;3
39/39_00005.jpg;39;3
39/39_00006.jpg;39;3
39/39_00007.jpg;39;3
39/39_00008.jpg;39;3
39/39_00009.jpg;39;3
39/39_00010.jpg;39;3
39/39_00011.jpg;39;3
39/39_00012.jpg;39;3
39/39_00013.jpg;39;3
39/39_00014.jpg;39;3
39/39_00015.jpg;39;3
39/39_00016.jpg;39;3
39/39_00017.jpg;39;3
39/39_00018.jpg;39;3
39/39_00019.jpg;39;3
39/39_00020.jpg;39;3
39/39_00021.jpg;39;3
39/39_00022.jpg;39;3
39/39_00023.jpg;39;3
39/39_00024.jpg;39;3
39/39_00025.jpg;39;3
39/39_00026.jpg;39;3
39/39_00027.jpg;39;3
39/39_00028.jpg;39;3
39/39_00029.jpg;39;3
39/39_00030.jpg;39;3
39/39_00031.jpg;39;3
39/39_00032.jpg;39;3
39/39_00033.jpg;39;3
39/39_00034.jpg;39;3
39/39_00035.jpg;39;3
39/39_00036.jpg;39;3
39/39_00037.jpg;39;3
39/39_00038.jpg;39;3
39/39_00039.jpg;39;3
39/39_00040.jpg;39;3
39/39_00041.jpg;39;3
39/39_00042.jpg;39;3
39/39_00043.jpg;39;3
39/39_00044.jpg;39;3
39/39_00045.jpg;39;3
39/39_00046.jpg;39;3
39/39_00047.jpg;39;3
39/39_00048.jpg;39;3
39/39_00049.jpg;39;3
39/39_00050.jpg;39;3
39/39_00051.jpg;39;3
39/39_00052.jpg;39;3
39/39_00053.jpg;39;3
39/39_00054.jpg;39;3
39/39_00055.jpg;39;3
39/39_00056.jpg;39;3
39/39_00057.jpg;39;3
39/39_00058.jpg;39;3
39/39_00059.jpg;39;3
39/39_00060.jpg;39;3
39/39_00061.jpg;39;3
39/39_00062.jpg;39;3
39/39_00063.jpg;39;3
39/39_00064.jpg;39;3
39/39_00065.jpg;39;3
39/39_00066.jpg;39;3
39/39_00067.jpg;39;3
39/39_00068.jpg;39;3
39/39_00069.jpg;39;3
39/39_00070.jpg;39;3
39/39_00071.jpg;39;3
39/39_00072.jpg;39;3
39/39_00073.jpg;39;3
39/39_00074.jpg;39;3
39/39_00075.jpg;39;3
39/39_00076.jpg;39;3
39/39_00077.jpg;39;3
39/39_00078.jpg;39;3
39/39_00079.jpg;39;3
39/39_00080.jpg;39;3
40/40_00001.jpg;40;3
40/40_00002.jpg;40;3
40/40_00003.jpg;40;3
40/40_00004.jpg;40;3
40/40_00005.jpg;40;3
40/40_00006.jpg;40;3
40/40_00007.jpg;40;3
40/40_00008.jpg;40;3
40/40_00009.jpg;40;3
40/40_00010.jpg;40;3
40/40_00011.jpg;40;3
40/40_00012.jpg;40;3
40/40_00013.jpg;40;3
40/40_00014.jpg;40;3
40/40_00015.jpg;40;3
40/40_00016.jpg;40;3
40/40_00017.jpg;40;3
40/40_00018.jpg;40;3
40/40_00019.jpg;40;3
40/40_00020.jpg;40;3
40/40_00021.jpg;40;3
40/40_00022.jpg;40;3
40/40_00023.jpg;40;3
40/40_00024.jpg;40;3
40/40_00025.jpg;40;3
40/40_00026.jpg;40;3
40/40_00027.jpg;40;3
40/40_00028.jpg;40;3
40/40_00029.jpg;40;3
40/40_00030.jpg;40;3
40/40_00031.jpg;40;3
40/40_00032.jpg;40;3
40/40_00033.jpg;40;3
40/40_00034.jpg;40;3
40/40_00035.jpg;40;3
40/40_00036.jpg;40;3
40/40_00037.jpg;40;3
40/40_00038.jpg;40;3
40/40_00039.jpg;40;3
40/40_00040.jpg;40;3
40/40_00041.jpg;40;3
40/40_00042.jpg;40;3
40/40_00043.jpg;40;3
40/40_00044.jpg;40;3
40/40_00045.jpg;40;3
40/40_00046.jpg;40;3
40/40_00047.jpg;40;3
40/40_00048.jpg;40;3
40/40_00049.jpg;40;3
40/40_00050.jpg;40;3
40/40_00051.jpg;40;3
40/40_00052.jpg;40;3
40/40_00053.jpg;40;3
40/40_00054.jpg;40;3
40/40_00055.jpg;40;3
40/40_00056.jpg;40;3
40/40_00057.jpg;40;3
40/40_00058.jpg;40;3
40/40_00059.jpg;40;3
40/40_00060.jpg;40;3
40/40_00061.jpg;40;3
40/40_00062.jpg;40;3
40/40_00063.jpg;40;3
40/40_00064.jpg;40;3
40/40_00065.jpg;40;3
40/40_00066.jpg;40;3
40/40_00067.jpg;40;3
40/40_00068.jpg;40;3
40/40_00069.jpg;40;3
40/40_00070.jpg;40;3
40/40_00071.jpg;40;3
40/40_00072.jpg;40;3
40/40_00073.jpg;40;3
40/40_00074.jpg;40;3
40/40_00075.jpg;40;3
40/40_00076.jpg;40;3
40/40_00077.jpg;40;3
41/41_00001.jpg;41;3
41/41_00002.jpg;41;3
41/41_00003.jpg;41;3
41/41_00004.jpg;41;3
41/41_00005.jpg;41;3
41/41_00006.jpg;41;3
41/41_00007.jpg;41;3
41/41_00008.jpg;41;3
41/41_00009.jpg;41;3
41/41_00010.jpg;41;3
41/41_00011.jpg;41;3
41/41_00012.jpg;41;3
41/41_00013.jpg;41;3
41/41_00014.jpg;41;3
41/41_00015.jpg;41;3
41/41_00016.jpg;41;3
41/41_00017.jpg;41;3
41/41_00018.jpg;41;3
41/41_00019.jpg;41;3
41/41_00020.jpg;41;3
41/41_00021.jpg;41;3
41/41_00022.jpg;41;3
41/41_00023.jpg;41;3
41/41_00024.jpg;41;3
41/41_00025.jpg;41;3
41/41_00026.jpg;41;3
41/41_00027.jpg;41;3
41/41_00028.jpg;41;3
41/41_00029.jpg;41;3
41/41_00030.jpg;41;3
41/41_00031.jpg;41;3
41/41_00032.jpg;41;3
41/41_00033.jpg;41;3
41/41_00034.jpg;41;3
41/41_00035.jpg;41;3
41/41_00036.jpg;41;3
41/41_00037.jpg;41;3
41/41_00038.jpg;41;3
41/41_00039.jpg;41;3
41/41_00040.jpg;41;3
41/41_00041.jpg;41;3
41/41_00042.jpg;41;3
41/41_00043.jpg;41;3
41/41_00044.jpg;41;3
41/41_00045.jpg;41;3
41/41_00046.jpg;41;3
41/41_00047.jpg;41;3
41/41_00048.jpg;41;3
41/41_00049.jpg;41;3
41/41_00050.jpg;41;3
41/41_00051.jpg;41;3
41/41_00052.jpg;41;3
41/41_00053.jpg;41;3
41/41_00054.jpg;41;3
41/41_00055.jpg;41;3
41/41_00056.jpg;41;3
41/41_00057.jpg;41;3
41/41_00058.jpg;41;3
41/41_00059.jpg;41;3
41/41_00060.jpg;41;3
41/41_00061.jpg;41;3
41/41_00062.jpg;41;3
41/41_00063.jpg;41;3
41/41_00064.jpg;41;3
41/41_00065.jpg;41;3
41/41_00066.jpg;41;3
41/41_00067.jpg;41;3
41/41_00068.jpg;41;3
41/41_00069.jpg;41;3
41/41_00070.jpg;41;3
41/41_00071.jpg;41;3
41/41_00072.jpg;41;3
41/41_00073.jpg;41;3
41/41_00074.jpg;41;3
41/41_00075.jpg;41;3
41/41_00076.jpg;41;3
41/41_00077.jpg;41;3
41/41_00078.jpg;41;3
41/41_00079.jpg;41;3
41/41_00080.jpg;41;3
41/41_00081.jpg;41;3
41/41_00082.jpg;41;3
41/41_00083.jpg;41;3
41/41_00084.jpg;41;3
41/41_00085.jpg;41;3
41/41_00086.jpg;41;3
41/41_00087.jpg;41;3
41/41_00088.jpg;41;3
41/41_00089.jpg;41;3
41/41_00090.jpg;41;3
41/41_00091.jpg;41;3
41/41_00092.jpg;41;3
41/41_00093.jpg;41;3
41/41_00094.jpg;41;3
41/41_00095.jpg;41;3
41/41_00096.jpg;41;3
41/41_00097.jpg;41;3
41/41_00098.jpg;41;3
41/41_00099.jpg;41;3
41/41_00100.jpg;41;3
41/41_00101.jpg;41;3
41/41_00102.jpg;41;3
41/41_00103.jpg;41;3
41/41_00104.jpg;41;3
41/41_00105.jpg;41;3
41/41_00106.jpg;41;3
41/41_00107.jpg;41;3
41/41_00108.jpg;41;3
41/41_00109.jpg;41;3
41/41_00110.jpg;41;3
41/41_00111.jpg;41;3
41/41_00112.jpg;41;3
41/41_00113.jpg;41;3
41/41_00114.jpg;41;3
41/41_00115.jpg;41;3
41/41_00116.jpg;41;3
41/41_00117.jpg;41;3
41/41_00118.jpg;41;3
41/41_00119.jpg;41;3
41/41_00120.jpg;41;3
41/41_00121.jpg;41;3
41/41_00122.jpg;41;3
41/41_00123.jpg;41;3
41/41_00124.jpg;41;3
41/41_00125.jpg;41;3
41/41_00126.jpg;41;3
41/41_00127.jpg;41;3
41/41_00128.jpg;41;3
41/41_00129.jpg;41;3
41/41_00130.jpg;41;3
41/41_00131.jpg;41;3
41/41_00132.jpg;41;3
41/41_00133.jpg;41;3
41/41_00134.jpg;41;3
41/41_00135.jpg;41;3
41/41_00136.jpg;41;3
41/41_00137.jpg;41;3
41/41_00138.jpg;41;3
41/41_00139.jpg;41;3
41/41_00140.jpg;41;3
41/41_00141.jpg;41;3
41/41_00142.jpg;41;3
41/41_00143.jpg;41;3
41/41_00144.jpg;41;3
41/41_00145.jpg;41;3
41/41_00146.jpg;41;3
41/41_00147.jpg;41;3
41/41_00148.jpg;41;3
41/41_00149.jpg;41;3
41/41_00150.jpg;41;3
41/41_00151.jpg;41;3
41/41_00152.jpg;41;3
41/41_00153.jpg;41;3
41/41_00154.jpg;41;3
41/41_00155.jpg;41;3
42/42_00001.jpg;42;3
42/42_00002.jpg;42;3
42/42_00003.jpg;42;3
42/42_00004.jpg;42;3
42/42_00005.jpg;42;3
42/42_00006.jpg;42;3
42/42_00007.jpg;42;3
42/42_00008.jpg;42;3
42/42_00009.jpg;42;3
42/42_00010.jpg;42;3
42/42_00011.jpg;42;3
42/42_00012.jpg;42;3
42/42_00013.jpg;42;3
42/42_00014.jpg;42;3
42/42_00015.jpg;42;3
42/42_00016.jpg;42;3
42/42_00017.jpg;42;3
42/42_00018.jpg;42;3
42/42_00019.jpg;42;3
42/42_00020.jpg;42;3
42/42_00021.jpg;42;3
42/42_00022.jpg;42;3
42/42_00023.jpg;42;3
42/42_00024.jpg;42;3
42/42_00025.jpg;42;3
42/42_00026.jpg;42;3
42/42_00027.jpg;42;3
42/42_00028.jpg;42;3
42/42_00029.jpg;42;3
42/42_00030.jpg;42;3
42/42_00031.jpg;42;3
42/42_00032.jpg;42;3
42/42_00033.jpg;42;3
42/42_00034.jpg;42;3
42/42_00035.jpg;42;3
42/42_00036.jpg;42;3
42/42_00037.jpg;42;3
42/42_00038.jpg;42;3
42/42_00039.jpg;42;3
42/42_00040.jpg;42;3
42/42_00041.jpg;42;3
42/42_00042.jpg;42;3
42/42_00043.jpg;42;3
42/42_00044.jpg;42;3
42/42_00045.jpg;42;3
42/42_00046.jpg;42;3
42/42_00047.jpg;42;3
42/42_00048.jpg;42;3
42/42_00049.jpg;42;3
42/42_00050.jpg;42;3
42/42_00051.jpg;42;3
42/42_00052.jpg;42;3
42/42_00053.jpg;42;3
42/42_00054.jpg;42;3
42/42_00055.jpg;42;3
42/42_00056.jpg;42;3
42/42_00057.jpg;42;3
42/42_00058.jpg;42;3
42/42_00059.jpg;42;3
42/42_00060.jpg;42;3
42/42_00061.jpg;42;3
42/42_00062.jpg;42;3
42/42_00063.jpg;42;3
42/42_00064.jpg;42;3
42/42_00065.jpg;42;3
42/42_00066.jpg;42;3
42/42_00067.jpg;42;3
42/42_00068.jpg;42;3
42/42_00069.jpg;42;3
42/42_00070.jpg;42;3
42/42_00071.jpg;42;3
42/42_00072.jpg;42;3
42/42_00073.jpg;42;3
42/42_00074.jpg;42;3
42/42_00075.jpg;42;3
42/42_00076.jpg;42;3
42/42_00077.jpg;42;3
42/42_00078.jpg;42;3
42/42_00079.jpg;42;3
42/42_00080.jpg;42;3
42/42_00081.jpg;42;3
42/42_00082.jpg;42;3
42/42_00083.jpg;42;3
42/42_00084.jpg;42;3
42/42_00085.jpg;42;3
42/42_00086.jpg;42;3
42/42_00087.jpg;42;3
42/42_00088.jpg;42;3
42/42_00089.jpg;42;3
42/42_00090.jpg;42;3
42/42_00091.jpg;42;3
42/42_00092.jpg;42;3
42/42_00093.jpg;42;3
42/42_00094.jpg;42;3
42/42_00095.jpg;42;3
42/42_00096.jpg;42;3
42/42_00097.jpg;42;3
42/42_00098.jpg;42;3
42/42_00099.jpg;42;3
42/42_00100.jpg;42;3
42/42_00101.jpg;42;3
42/42_00102.jpg;42;3
42/42_00103.jpg;42;3
42/42_00104.jpg;42;3
42/42_00105.jpg;42;3
42/42_00106.jpg;42;3
42/42_00107.jpg;42;3
42/42_00108.jpg;42;3
42/42_00109.jpg;42;3
42/42_00110.jpg;42;3
42/42_00111.jpg;42;3
42/42_00112.jpg;42;3
42/42_00113.jpg;42;3
42/42_00114.jpg;42;3
42/42_00115.jpg;42;3
42/42_00116.jpg;42;3
42/42_00117.jpg;42;3
42/42_00118.jpg;42;3
42/42_00119.jpg;42;3
42/42_00120.jpg;42;3
42/42_00121.jpg;42;3
42/42_00122.jpg;42;3
42/42_00123.jpg;42;3
42/42_00124.jpg;42;3
42/42_00125.jpg;42;3
42/42_00126.jpg;42;3
42/42_00127.jpg;42;3
42/42_00128.jpg;42;3
42/42_00129.jpg;42;3
42/42_00130.jpg;42;3
42/42_00131.jpg;42;3
42/42_00132.jpg;42;3
42/42_00133.jpg;42;3
42/42_00134.jpg;42;3
42/42_00135.jpg;42;3
42/42_00136.jpg;42;3
42/42_00137.jpg;42;3
42/42_00138.jpg;42;3
42/42_00139.jpg;42;3
42/42_00140.jpg;42;3
42/42_00141.jpg;42;3
42/42_00142.jpg;42;3
42/42_00143.jpg;42;3
42/42_00144.jpg;42;3
42/42_00145.jpg;42;3
42/42_00146.jpg;42;3
42/42_00147.jpg;42;3
42/42_00148.jpg;42;3
42/42_00149.jpg;42;3
42/42_00150.jpg;42;3
42/42_00151.jpg;42;3
42/42_00152.jpg;42;3
42/42_00153.jpg;42;3
42/42_00154.jpg;42;3
42/42_00155.jpg;42;3
42/42_00156.jpg;42;3
42/42_00157.jpg;42;3
42/42_00158.jpg;42;3
42/42_00159.jpg;42;3
42/42_00160.jpg;42;3
42/42_00161.jpg;42;3
42/42_00162.jpg;42;3
42/42_00163.jpg;42;3
42/42_00164.jpg;42;3
42/42_00165.jpg;42;3
42/42_00166.jpg;42;3
42/42_00167.jpg;42;3
42/42_00168.jpg;42;3
42/42_00169.jpg;42;3
42/42_00170.jpg;42;3
42/42_00171.jpg;42;3
42/42_00172.jpg;42;3
42/42_00173.jpg;42;3
42/42_00174.jpg;42;3
42/42_00175.jpg;42;3
42/42_00176.jpg;42;3
42/42_00177.jpg;42;3
42/42_00178.jpg;42;3
42/42_00179.jpg;42;3
42/42_00180.jpg;42;3
42/42_00181.jpg;42;3
42/42_00182.jpg;42;3
42/42_00183.jpg;42;3
42/42_00184.jpg;42;3
42/42_00185.jpg;42;3
42/42_00186.jpg;42;3
42/42_00187.jpg;42;3
42/42_00188.jpg;42;3
42/42_00189.jpg;42;3
42/42_00190.jpg;42;3
42/42_00191.jpg;42;3
42/42_00192.jpg;42;3
42/42_00193.jpg;42;3
42/42_00194.jpg;42;3
42/42_00195.jpg;42;3
42/42_00196.jpg;42;3
42/42_00197.jpg;42;3
42/42_00198.jpg;42;3
42/42_00199.jpg;42;3
42/42_00200.jpg;42;3
42/42_00201.jpg;42;3
42/42_00202.jpg;42;3
42/42_00203.jpg;42;3
42/42_00204.jpg;42;3
42/42_00205.jpg;42;3
42/42_00206.jpg;42;3
42/42_00207.jpg;42;3
42/42_00208.jpg;42;3
42/42_00209.jpg;42;3
42/42_00210.jpg;42;3
42/42_00211.jpg;42;3
42/42_00212.jpg;42;3
42/42_00213.jpg;42;3
42/42_00214.jpg;42;3
42/42_00215.jpg;42;3
42/42_00216.jpg;42;3
42/42_00217.jpg;42;3
42/42_00218.jpg;42;3
42/42_00219.jpg;42;3
42/42_00220.jpg;42;3
42/42_00221.jpg;42;3
42/42_00222.jpg;42;3
42/42_00223.jpg;42;3
42/42_00224.jpg;42;3
42/42_00225.jpg;42;3
42/42_00226.jpg;42;3
42/42_00227.jpg;42;3
42/42_00228.jpg;42;3
42/42_00229.jpg;42;3
42/42_00230.jpg;42;3
42/42_00231.jpg;42;3
42/42_00232.jpg;42;3
42/42_00233.jpg;42;3
42/42_00234.jpg;42;3
42/42_00235.jpg;42;3
42/42_00236.jpg;42;3
42/42_00237.jpg;42;3
42/42_00238.jpg;42;3
42/42_00239.jpg;42;3
42/42_00240.jpg;42;3
42/42_00241.jpg;42;3
42/42_00242.jpg;42;3
42/42_00243.jpg;42;3
42/42_00244.jpg;42;3
42/42_00245.jpg;42;3
42/42_00246.jpg;42;3
42/42_00247.jpg;42;3
42/42_00248.jpg;42;3
42/42_00249.jpg;42;3
42/42_00250.jpg;42;3
42/42_00251.jpg;42;3
42/42_00252.jpg;42;3
42/42_00253.jpg;42;3
42/42_00254.jpg;42;3
42/42_00255.jpg;42;3
42/42_00256.jpg;42;3
42/42_00257.jpg;42;3
42/42_00258.jpg;42;3
42/42_00259.jpg;42;3
