Filename;meta_class;width;height;ClassId;xmin;ymin;xmax;ymax
4f7cd3d5edcb44d8a2d2188f2191b9df.jpg;4;63;56;forb_stopping;0;0;63;56
8bfbb44ce2194c70a8469acdac17d429.jpg;4;147;148;forb_speed_over_40;0;0;147;148
cc500d2efcc84d6dbb50dc5b54306a1c.jpg;4;147;154;forb_overtake;0;0;147;154
82c5169659a742e38dd288e1c115bee7.jpg;4;155;166;forb_left;0;0;155;166
6979a9ccd15946ffafb95438b4deb28a.jpg;4;137;137;warn_speed_bumper;0;0;137;137
1dee47429c754696bc1598da4ece1712.jpg;4;77;166;forb_speed_over_60;0;0;77;166
5fb645a8965b4c6ba839ade1ce446ce4.jpg;4;242;252;forb_left;0;0;242;252
9bf5c32838984fdfb7f478af287e2924.jpg;4;56;69;mand_pass_left_right;0;0;56;69
1d944adea3e3424191f5e9f2840c9ac9.jpg;4;55;67;prio_stop;0;0;55;67
9ecec4b0eebb4e3aae823e461072b6a1.jpg;4;46;48;forb_right;0;0;46;48
85cba6ebbdf343f88d3a21ecc2981592.jpg;4;58;61;forb_trucks;0;0;58;61
69d23d9f4e7c43daa24e65b01ed45dac.jpg;4;42;37;warn_slippery_road;0;0;42;37
7808f5bc19e14f85b891808b71aeb4bf.jpg;4;47;64;warn_wild_animals;0;0;47;64
004de82dbef244eca73c22ddf14725ec.jpg;4;28;24;warn_crosswalk;0;0;28;24
397c15c10b4a45bdad646d7695db2212.jpg;4;112;129;forb_speed_over_50;0;0;112;129
45a23de545f0418589d66c14e4f89548.jpg;4;122;125;warn_construction;0;0;122;125
eb6504f6fa1b43aa9631e176123f6420.jpg;4;53;70;warn_tram;0;0;53;70
48849e943a0e4dbd8d0827592847221d.jpg;4;53;78;info_one_way_traffic;0;0;53;78
f05ccfa3bb6743bda2e9598896a6b1d1.jpg;4;56;80;info_crosswalk;0;0;56;80
d845288c68474e08b959b0afad496859.jpg;4;52;53;forb_right;0;0;52;53
12fc2559acf64c6a9b0d5dfbfa7ad1d8.jpg;4;57;54;prio_give_way;0;0;57;54
9ac6d431801240e7aad96a761848d2d7.jpg;4;52;54;mand_roundabout;0;0;52;54
5f4ad68d5d2a454bbd58677f90f97704.jpg;4;11;10;info_crosswalk;0;0;11;10
b2cf7e03769c4aa986a17fe6965bc967.jpg;4;62;85;warn_traffic_light;0;0;62;85
bf2423eceaa1495f98ac31a63b6eecd1.jpg;4;43;36;warn_roundabout;0;0;43;36
e19486e548b14953963f62b9de7dea3f.jpg;4;15;20;info_highway;0;0;15;20
271b19f7a3fa4271a246ec0ffbb94c29.jpg;4;214;216;info_one_way_traffic;0;0;214;216
297253d5742044ab9bb4f4ad7a9046f9.jpg;4;149;126;warn_children;0;0;149;126
c8d729bc5aa64c4d9f96b460e038aea8.jpg;4;134;123;forb_speed_over_30;0;0;134;123
9af607dc9fa243a2ae0df0e10fab81d5.jpg;4;42;42;forb_stopping;0;0;42;42
13b8d76c2beb4767ab1dcea9d993ebc5.jpg;4;31;61;info_bus_station;0;0;31;61
ed0969731f5746a8bd41b90a58cfd380.jpg;4;178;205;forb_speed_over_50;0;0;178;205
892a39cada5149669888f0bc6e26bcc3.jpg;4;177;202;warn_construction;0;0;177;202
9d88a7254f4f41ae9a784b6fbb1d2dca.jpg;4;47;50;warn_speed_bumper;0;0;47;50
73fdd0cfa44040d1b4b580aa68e2a0bc.jpg;4;39;65;forb_speed_over_70;0;0;39;65
59a925d7de044939958fff0aeb2025cd.jpg;4;69;129;forb_speed_over_30;0;0;69;129
d1aa225279e14c9c9015d43d1f7bb452.jpg;4;76;160;warn_construction;0;0;76;160
257eea6b08744e918517dc065dfc0584.jpg;4;69;58;prio_give_way;0;0;69;58
2973844d37cd4999ad5da08198aa88a8.jpg;4;37;43;mand_right;0;0;37;43
42ebe294605647ee9f68b1d2b070f489.jpg;4;158;81;prio_give_way;0;0;158;81
1f4d4d42aacf449696f4ca8f4bb21aee.jpg;4;39;76;mand_pass_left;0;0;39;76
3cab1324e78d4604b50d643104da837d.jpg;4;114;128;forb_speed_over_50;0;0;114;128
fe13353ec99f43cbb081899976dc12f1.jpg;4;55;58;warn_construction;0;0;55;58
be151290672442619f65cbcfa6488101.jpg;4;45;51;warn_construction;0;0;45;51
e13a818dfa59489db136af952e031911.jpg;4;43;53;forb_speed_over_60;0;0;43;53
999e8e87358942d4af10d53149c25521.jpg;4;71;72;warn_cyclists;0;0;71;72
7f8e7b4246f245d7b4edc59fa3b616a7.jpg;4;74;84;info_crosswalk;0;0;74;84
88d64aab78f04dbb8864c4e92214eb2e.jpg;4;16;27;info_one_way_traffic;0;0;16;27
9f9fcee1372344d79bbf3219a42e16a9.jpg;4;35;33;info_crosswalk;0;0;35;33
040b7c77df2a4e3d835033e58a49fcb3.jpg;4;30;30;forb_weight_over_7.5t;0;0;30;30
6d52a96227cb43f189d42a18da6cd512.jpg;4;39;39;forb_speed_over_10;0;0;39;39
9c0137655fd74265b740416da125a763.jpg;4;17;16;forb_speed_over_10;0;0;17;16
3898c39b7e104a6bbe46b14b5dc80cff.jpg;4;39;36;forb_weight_over_3.5t;0;0;39;36
7c15449e7cea4153a8c91341e31c9e5e.jpg;4;23;24;mand_right;0;0;23;24
30cd8c1a23a3430a99c43c359c0d6802.jpg;4;21;21;mand_right;0;0;21;21
31dfd8311f1a4a01897251dc8a0cd3bc.jpg;4;41;42;info_crosswalk;0;0;41;42
d67bbbf2c2554474a8a74c017b809f79.jpg;4;81;273;info_bus_station;0;0;81;273
34173286a18c4c078dae3fb2fa7b26cc.jpg;4;31;39;info_taxi_parking;0;0;31;39
27fa731b943149128e7fcf8533cdd7ff.jpg;4;102;97;mand_pass_left_right;0;0;102;97
755216ca13824f10a35930a76c2f99f9.jpg;4;25;50;prio_give_way;0;0;25;50
88d57ff205c64f7a9b51a9f7f6a744be.jpg;4;17;32;mand_roundabout;0;0;17;32
253f9f50b1ab45c78e4e4f46df0743a8.jpg;4;28;27;warn_other_dangers;0;0;28;27
257b101cf0b44bcd8032faf6b255e673.jpg;4;53;62;forb_speed_over_90;0;0;53;62
166703fae720472381aaf2ac0daac112.jpg;4;86;119;forb_speed_over_70;0;0;86;119
a6bfa8d101db4ecca7a0fdf6f5719780.jpg;4;27;41;info_bus_station;0;0;27;41
2e122e74b727414c907f83374c432512.jpg;4;26;26;info_crosswalk;0;0;26;26
38998a3c144146bd9bfd9eb9b996f1ac.jpg;4;37;63;info_bus_station;0;0;37;63
8e9f29e79e484a0d8310f77aefacf51d.jpg;4;85;77;warn_construction;0;0;85;77
3c951877f2ed4238b91a7094c7c671d2.jpg;4;74;76;forb_right;0;0;74;76
77ad27d3ad2a4922b07f26a6d3bfd0c9.jpg;4;79;81;forb_stopping;0;0;79;81
00fcaab82eff4c52b1a419f67ba290bf.jpg;4;38;38;info_crosswalk;0;0;38;38
5653ab4f4f2b4b21a3dbeb6a48466814.jpg;4;28;25;forb_speed_over_5;0;0;28;25
8ec97251228943b3baeaff439374367f.jpg;4;145;177;info_parking;0;0;145;177
285c7a4c11ae4643bc13e51e11582d56.jpg;4;18;18;forb_stopping;0;0;18;18
5b9c5098e8f54659916a224ca7a0a03a.jpg;4;233;231;prio_stop;0;0;233;231
92e100794d024ae9bc5bcc2215d756bc.jpg;4;30;29;forb_overtake;0;0;30;29
7594b8d5849c41518d5ed42cdf36a838.jpg;4;42;47;mand_straight;0;0;42;47
f7e70be1600f4078ba7d3f3aff256d56.jpg;4;43;64;info_parking;0;0;43;64
49c812b82e2340dfbb6aa3a95535e688.jpg;4;45;58;info_parking;0;0;45;58
800b1835efe04ce2b0277bc1db577138.jpg;4;205;217;forb_ahead;0;0;205;217
04267b759d13484a8bab6aa6e18c71e2.jpg;4;39;46;forb_speed_over_5;0;0;39;46
5b8f34cd4085408488269e072447feb3.jpg;4;51;54;info_one_way_traffic;0;0;51;54
1759cf33f5b34a53a030b9c523b18917.jpg;4;32;40;info_bus_station;0;0;32;40
df8c6d2abde24992afd3dc88cc48b5a3.jpg;4;114;123;forb_right;0;0;114;123
7e244a7494fa4dac90a5282d877d7a54.jpg;4;64;66;mand_pass_right;0;0;64;66
89d2f498f16645bc9e88c940a8c07ba8.jpg;4;13;16;mand_pass_right;0;0;13;16
8ab4e93c7a814bb4b07a2889338966c1.jpg;4;20;21;mand_roundabout;0;0;20;21
15f4e87bddcd45d5b6ca8266b41247fc.jpg;4;31;26;prio_give_way;0;0;31;26
d8cb220a9f774493a21e031c1243ca48.jpg;4;20;21;forb_overtake;0;0;20;21
909acc5c158e40339596ec2a387605e9.jpg;4;78;98;prio_priority_road;0;0;78;98
5cca1bc6b6924cec96244e98afafca64.jpg;4;35;69;info_crosswalk;0;0;35;69
0ec0e8249bb44089bcb1a80e60e38598.jpg;4;18;20;info_crosswalk;0;0;18;20
03bc3eb2449f4590adca0c46e4757276.jpg;4;30;29;warn_speed_bumper;0;0;30;29
9babef99dd1a439f9eb81f8512b559ea.jpg;4;90;112;mand_roundabout;0;0;90;112
05a391f8cf3d49c7b470fd2664c03f2a.jpg;4;128;138;prio_give_way;0;0;128;138
2adbecf4bba74fe5826e1cd30fa48f7c.jpg;4;51;64;mand_pass_left_right;0;0;51;64
9876fb54101f4c1db3a409fc2a36417d.jpg;4;25;25;forb_speed_over_30;0;0;25;25
98324d7e7d9c4c1e8b2489ea794d1c96.jpg;4;27;26;warn_tram;0;0;27;26
ccd11b60e2074aa8b9f1a60fd99fa8a8.jpg;4;23;25;forb_right;0;0;23;25
0b59e825af6f4e61aed36eeec3478d39.jpg;4;33;36;forb_weight_over_3.5t;0;0;33;36
c5244240cfd5474c9a4ac052246fc9b7.jpg;4;55;87;warn_poor_road_surface;0;0;55;87
fc17339d8f77496aa6b8f731eb135a5c.jpg;4;52;86;forb_speed_over_40;0;0;52;86
77af2bdb7ae24aaf99632a2a2642f716.jpg;4;28;28;forb_stopping;0;0;28;28
09787cf0b1d449f49a75806a36d82458.jpg;4;28;30;forb_trucks;0;0;28;30
2cbbf253ccb348bc856ac3e0d9a52237.jpg;4;62;84;mand_right;0;0;62;84
f21352605632454d980b4b355c651f35.jpg;4;72;89;prio_give_way;0;0;72;89
4d70f8a85a8447eeb993e67ed1c62515.jpg;4;87;73;warn_roundabout;0;0;87;73
ce4f5368e15642439a3a7146fff459da.jpg;4;81;72;forb_speed_over_30;0;0;81;72
7cb4bb4fd16540adb7bfa6936bb218ac.jpg;4;36;53;info_one_way_traffic;0;0;36;53
c076ff5ffedc4b7e85ea75dae86deac9.jpg;4;35;47;forb_speed_over_10;0;0;35;47
7d56e99cade542228a870acfabbe3b75.jpg;4;146;130;prio_give_way;0;0;146;130
7c3e521296a248b2a4361cad0773df52.jpg;4;111;110;info_crosswalk;0;0;111;110
5581fa5eb51f4d0aac18b8d6ea7b80d9.jpg;4;101;105;mand_right;0;0;101;105
a1933dcfe2184f02959a22f7ba1d4dfd.jpg;4;152;143;forb_right;0;0;152;143
4e504564bf3949c98f69138af141bd97.jpg;4;57;72;forb_stopping;0;0;57;72
3f894fc5a65446e0afc46c10cd87e937.jpg;4;31;30;prio_stop;0;0;31;30
e282f6b2d2974185915ec1b3f7d24f79.jpg;4;33;35;info_crosswalk;0;0;33;35
00817ac0e8b643a3a361d4932ce78b6f.jpg;4;106;108;info_parking;0;0;106;108
fcc3e4d18f74452399b156ee45b3577b.jpg;4;28;29;warn_cyclists;0;0;28;29
e87f86fcdd7740f68fd4b045073f5483.jpg;4;20;34;info_highway;0;0;20;34
12626ae4625f49a3851be9d79343ab76.jpg;4;47;77;warn_two_way_traffic;0;0;47;77
d268806b3b7f4400b0948c958bb56e94.jpg;4;73;87;forb_overtake;0;0;73;87
6a046003026a43268edb671021bfe984.jpg;4;224;421;forb_ahead;0;0;224;421
0c251a7e76094dc9a358bf66d313c075.jpg;4;19;23;info_one_way_traffic;0;0;19;23
edf654f93c0640508998d76d09eb3917.jpg;4;60;59;forb_left;0;0;60;59
478c14cdc16944708ee82f5972e90bdf.jpg;4;29;37;prio_stop;0;0;29;37
86f3c21978064d36b9092be1b35f1b63.jpg;4;69;68;forb_overtake;0;0;69;68
5e31aee6fb79412e92b08c8dfca4fedd.jpg;4;33;60;warn_construction;0;0;33;60
7f13ba53694d40698b7e76c924ba6be4.jpg;4;55;57;forb_speed_over_30;0;0;55;57
7de4c50a99d342dfa2faf9314b3f779d.jpg;4;66;55;warn_crosswalk;0;0;66;55
e426e604892f4731a585e7d4a5de6f04.jpg;4;27;26;warn_cyclists;0;0;27;26
da9a521fd4064090a0ab817c1cab6e0e.jpg;4;26;29;mand_pass_left_right;0;0;26;29
dda1f676885040f4be3a595c2c447906.jpg;4;69;66;warn_crosswalk;0;0;69;66
647babad4a2e414ababf492730d64683.jpg;4;64;71;forb_overtake;0;0;64;71
373aa80ea86d4959b589f3218db9ebfc.jpg;4;83;80;forb_weight_over_3.5t;0;0;83;80
0ed50f4b44b944fc95718e1ea97bfe63.jpg;4;82;83;forb_right;0;0;82;83
24273c1061e142eda92a3881f3e240f8.jpg;4;92;91;info_crosswalk;0;0;92;91
7712d024362a454d906645ddac652b7c.jpg;4;132;147;mand_pass_left;0;0;132;147
f580c925bf434201bd420b74b39b2a0e.jpg;4;68;49;warn_poor_road_surface;0;0;68;49
12ab259516bf46279242aa1c9717eff7.jpg;4;112;115;forb_left;0;0;112;115
6b9fc7de387d40879640c7fe688ee0ca.jpg;4;125;128;info_crosswalk;0;0;125;128
c29648e42c2543a9beee4cc1bdf7d814.jpg;4;91;95;forb_speed_over_30;0;0;91;95
9740f638d26943b8a05ed77ead7312f2.jpg;4;98;86;warn_crosswalk;0;0;98;86
7dd19a3006154051ac8954ea5b89c093.jpg;4;12;13;info_parking;0;0;12;13
c23f4f6481cc4f549fc7334259dc5b04.jpg;4;15;21;info_parking;0;0;15;21
9701872204e0459ea0ac2622127c6edb.jpg;4;19;20;forb_speed_over_40;0;0;19;20
589442b128474902b5f37c7be9b08ebc.jpg;4;16;15;info_one_way_traffic;0;0;16;15
b6ebdfe46b05472fac0a3ab5d9a47190.jpg;4;58;60;mand_straigh_left;0;0;58;60
6a96623393cc4d16a04d0f396e33c355.jpg;4;69;68;info_crosswalk;0;0;69;68
a94e01c4159f4d2e8bacaf68dde027c1.jpg;4;19;19;info_one_way_traffic;0;0;19;19
5c78f48595a54da9bae07590ce52893e.jpg;4;10;13;info_highway;0;0;10;13
01f22e3ee2a0423ca4f43f8553b79a5e.jpg;4;19;25;forb_speed_over_130;0;0;19;25
2eab44a9e116440c91e6d22e52ef6aff.jpg;4;19;25;forb_speed_over_80;0;0;19;25
e6d0c3aa4b734cf9b3ee61d084cd83b7.jpg;4;122;168;forb_stopping;0;0;122;168
617562fc5a224f2889d10c92347fc7b9.jpg;4;32;40;info_bus_station;0;0;32;40
a522b2ea08d142a39965878103289c7b.jpg;4;22;23;info_crosswalk;0;0;22;23
9fa1d14d4929456790ef9d7b1995919c.jpg;4;20;18;forb_left;0;0;20;18
c70062a9bbde4d719896a40d71c3adab.jpg;4;77;100;warn_cyclists;0;0;77;100
8b3839b1556549a4a10e162648608cb0.jpg;4;34;27;warn_poor_road_surface;0;0;34;27
6d7d41beb2a941a19b7e28091e63bce2.jpg;4;56;54;info_one_way_traffic;0;0;56;54
e09b78c76af943dca39311b24c88f446.jpg;4;51;51;forb_speed_over_10;0;0;51;51
503f7b533c314be89c76541299f009dd.jpg;4;54;47;forb_ahead;0;0;54;47
c5826c2b09bb4d5faeaabd717d51b54b.jpg;4;48;43;mand_pass_right;0;0;48;43
2fbcafb05aeb4e7b9d13fd3e40d438b5.jpg;4;24;25;mand_pass_left_right;0;0;24;25
d142db4a47694e6eae68a8c9e829eeb8.jpg;4;43;47;forb_right;0;0;43;47
a9cc3fc8f15d41dc8b9797f5d2a1cfc0.jpg;4;43;46;mand_pass_left;0;0;43;46
6df30bd75aa94854ba59d193176e3208.jpg;4;47;50;forb_overtake;0;0;47;50
dbcd326424bc4935aa5b8a6586beb328.jpg;4;46;49;forb_speed_over_60;0;0;46;49
c7d2743927f447e2b4d273c1d10cd2fb.jpg;4;58;65;forb_overtake;0;0;58;65
bc768d76855244b3a9e5d75d7539b10c.jpg;4;59;72;forb_speed_over_60;0;0;59;72
08b11c3d7ad442a3a4f590c6e431f141.jpg;4;15;16;mand_pass_left_right;0;0;15;16
e1234f17dd394002ae1e9016b3765bf2.jpg;4;37;40;forb_speed_over_20;0;0;37;40
45a8072509d841e1a111a55c0edf9052.jpg;4;27;25;warn_slippery_road;0;0;27;25
5c8c073c09f34f33b721e06f5abac6c6.jpg;4;152;207;mand_pass_left_right;0;0;152;207
9f5ad27e513d4212b0ef23822a88fe71.jpg;4;31;37;forb_weight_over_3.5t;0;0;31;37
cfca5c20b52f48e1a4f61d97eabdbb13.jpg;4;30;35;forb_speed_over_10;0;0;30;35
6d709b3612ab41b49fa54440f2a59dc0.jpg;4;16;15;forb_stopping;0;0;16;15
9ef59275ebb143c59630ae1cf343b40d.jpg;4;31;33;forb_speed_over_5;0;0;31;33
553a72c65d444d159a903eac572d3890.jpg;4;33;33;mand_pass_left;0;0;33;33
69c8165b14034b459b6bad400ee1aba0.jpg;4;15;15;forb_right;0;0;15;15
48842436e87b47f4a72abe22a63df5c9.jpg;4;14;14;forb_stopping;0;0;14;14
7fc19d2ab7794348af1474458db4c036.jpg;4;89;82;mand_bike_lane;0;0;89;82
62c7fd2126f340efb53b2281c56b9e94.jpg;4;30;33;info_parking;0;0;30;33
256d5382ca1b42a7aac76bbf9dc2d7a7.jpg;4;29;25;prio_give_way;0;0;29;25
7a3ffbd765ac403ab56a0c50f3da1938.jpg;4;27;28;info_crosswalk;0;0;27;28
8a37c24bd22446d0a57d4c1b02238b34.jpg;4;27;27;forb_left;0;0;27;27
90514c41df0c4bd0b1cd55ef8f74c24a.jpg;4;133;130;prio_give_way;0;0;133;130
84d213a610a74213ac6ef73bc36a204e.jpg;4;37;32;warn_children;0;0;37;32
74774842ac2a4b02980e1d75053a96a8.jpg;4;32;34;forb_speed_over_10;0;0;32;34
87436133a95d431fb8ddae8578f5d31b.jpg;4;98;153;prio_priority_road;0;0;98;153
ee3dc5c1fbb749dc8d489d1ca06c2521.jpg;4;109;105;info_crosswalk;0;0;109;105
75af8406c0144729afc72f8875678a62.jpg;4;99;100;forb_speed_over_50;0;0;99;100
f302a60cc71f444a9294c80003c2bf4f.jpg;4;76;82;prio_give_way;0;0;76;82
37a823c302014ef69c45e2c78d0aeb76.jpg;4;94;63;prio_give_way;0;0;94;63
089d9b7c234641979ad430cbc513129e.jpg;4;21;25;mand_pass_right;0;0;21;25
f72e927fce8549c8a0c08aba090bebbb.jpg;4;20;18;mand_pass_left_right;0;0;20;18
f184377b664f482a8d81a9e8e7531242.jpg;4;12;22;mand_pass_left;0;0;12;22
6259e9be3f804139a22fc76804b5f8f8.jpg;4;34;38;forb_stopping;0;0;34;38
1670666291ed4ef18ac4504030d5bcc5.jpg;4;28;33;forb_speed_over_10;0;0;28;33
f5a3e70ec5894d5587304564c225b512.jpg;4;63;77;warn_slippery_road;0;0;63;77
fcaaf4b35f5f4353a5bfad14cd7044e5.jpg;4;57;68;warn_slippery_road;0;0;57;68
4f06ae1b85a847cc858e588e36413691.jpg;4;12;12;warn_slippery_road;0;0;12;12
3fd51edade1840b290bf2b2e8e66425f.jpg;4;80;77;warn_wild_animals;0;0;80;77
7c8e2fb059d141819bafa43a0ff7b19f.jpg;4;65;61;forb_weight_over_3.5t;0;0;65;61
b64a1ecdb1044f26972fe73609c9cfaf.jpg;4;47;54;info_crosswalk;0;0;47;54
ddc6bafdfce74334ac2f042cdd880960.jpg;4;40;47;forb_stopping;0;0;40;47
853537949edf42d69b2876edaa2e68e0.jpg;4;40;47;forb_weight_over_7.5t;0;0;40;47
3a8bdc58a460439e9ee3a49a9349f30c.jpg;4;62;82;forb_left;0;0;62;82
ecab9c11588d441197817b561900c731.jpg;4;60;82;forb_u_turn;0;0;60;82
26067666f86149c2ad63778a7fcc14a4.jpg;4;79;74;forb_weight_over_3.5t;0;0;79;74
3fa0ed7e1c0d4d80bc4d81393a0f50e1.jpg;4;87;78;warn_crosswalk;0;0;87;78
1ad46e49779e4562b03fa3bde59ea368.jpg;4;81;70;warn_cyclists;0;0;81;70
7eeb4c4dccf6460395eb7066453b6b58.jpg;4;46;46;mand_right;0;0;46;46
787cd1b53a434a6bbb25f06625bd3b92.jpg;4;135;149;info_crosswalk;0;0;135;149
4c9df7c05f2f4f5bbf7fe125e25ede26.jpg;4;51;49;prio_stop;0;0;51;49
9fbaf1185a5f410bab8ffb47dc190788.jpg;4;24;42;warn_crosswalk;0;0;24;42
b20554275c2943729d2f7c6ca954787b.jpg;4;13;17;mand_pass_right;0;0;13;17
ab3861a562d0452487087ed2a232989d.jpg;4;10;11;info_parking;0;0;10;11
37f8c86129d24f51b76c8727adcfd46b.jpg;4;203;128;forb_speed_over_30;0;0;203;128
df0bf7f644a14c7487345ec01623d8cf.jpg;4;38;44;info_parking;0;0;38;44
41f9390f119e4ee28c08abfaf6359c43.jpg;4;12;20;info_parking;0;0;12;20
f3f94df9379a447c9f29ba3d4bc3c752.jpg;4;59;57;forb_right;0;0;59;57
aeec1071d38248f19d2cd250f04033cd.jpg;4;90;94;forb_left;0;0;90;94
334a92a8cf1848f79debdf3e25e0b0d5.jpg;4;91;93;forb_overtake;0;0;91;93
24cbfea69bfc46eb9e8b7ca9ae9e5ff3.jpg;4;53;65;forb_right;0;0;53;65
0be75baf212b4e6dbce514e01368d243.jpg;4;56;69;prio_stop;0;0;56;69
ce440bcf732d4f779d8639aaf5e6eb17.jpg;4;57;73;info_crosswalk;0;0;57;73
07604f5512024258b3a3ade9b81eec09.jpg;4;24;23;forb_overtake;0;0;24;23
bbea83e262a04d188c1a477f2da673bc.jpg;4;24;22;forb_speed_over_60;0;0;24;22
9e7a822faa284d2aa8db46007b47d26e.jpg;4;62;74;forb_weight_over_7.5t;0;0;62;74
79de5bf069ad4bacbb215a3ee0cdec8b.jpg;4;491;174;prio_give_way;0;0;491;174
1478f14ac7bb4f558b72b404356c18d2.jpg;4;65;68;forb_overtake;0;0;65;68
c839d8997e5849ce82c5601886722702.jpg;4;67;65;forb_speed_over_50;0;0;67;65
2a44d614d849493b931e00da2eefc692.jpg;4;35;36;forb_left;0;0;35;36
a5aeb8f05bde454b83cf713bfd2db99a.jpg;4;37;54;info_crosswalk;0;0;37;54
29dc4b70d4344b39b0132a06ea753651.jpg;4;31;47;forb_speed_over_5;0;0;31;47
2c772efda60a449380deb7dfa9e3adfe.jpg;4;65;57;prio_stop;0;0;65;57
774726157f9b4e009fff108b9653fadb.jpg;4;62;58;mand_left;0;0;62;58
85615e3f4f30465ca74803f11dea9172.jpg;4;98;125;forb_left;0;0;98;125
5b391ac1e0d543b2b8ce99884e6728f7.jpg;4;98;126;forb_stopping;0;0;98;126
1cb859073cc84e85a83b9594e8eafff5.jpg;4;30;30;info_crosswalk;0;0;30;30
37e870f50790469aa0923fcb2bfc8159.jpg;4;28;26;forb_stopping;0;0;28;26
dd68c0b729f74bd6a4e1fb60a5d82472.jpg;4;57;102;mand_right;0;0;57;102
741bdb90492e4a59b8ee6e1674798b26.jpg;4;26;31;forb_speed_over_70;0;0;26;31
53b3258099c948ce8adab2cb9a9444e2.jpg;4;30;27;warn_wild_animals;0;0;30;27
cc47ad4964b34e66b13db5a03c7ab814.jpg;4;49;48;warn_cyclists;0;0;49;48
663724e2a8974a32bcb7c8c0d2c6b4b8.jpg;4;31;33;info_crosswalk;0;0;31;33
211b8cbc3e094d16aeeb8c7883a12040.jpg;4;44;111;warn_slippery_road;0;0;44;111
cc17275ccdc74c7ba61cf43044a439cc.jpg;4;33;24;forb_speed_over_40;0;0;33;24
58a7c98857b24a97b3404a48bf13f229.jpg;4;147;46;forb_speed_over_50;0;0;147;46
2d81f72b2b5d482eb953b1cf57105d51.jpg;4;42;42;forb_speed_over_40;0;0;42;42
5113ea1267c549b5a68602baebf4b4f6.jpg;4;45;41;warn_slippery_road;0;0;45;41
d2abecacc98649f88287e5d4f82ff062.jpg;4;41;52;mand_pass_left_right;0;0;41;52
e025685c1ae54c6dac004ad04c4e8289.jpg;4;28;30;forb_overtake;0;0;28;30
9ba4848151494caa969567ef5b423d44.jpg;4;53;60;forb_speed_over_50;0;0;53;60
383789e325a74e9ea4a612e01647c5e3.jpg;4;35;35;forb_speed_over_50;0;0;35;35
e343f16e54134714bc712b2b9f1aa9f9.jpg;4;56;28;forb_speed_over_50;0;0;56;28
78351564e53d4254ae234c700d738558.jpg;4;9;7;prio_give_way;0;0;9;7
91514e2e5d144be1905cebcd7d51e3d4.jpg;4;34;32;forb_speed_over_60;0;0;34;32
e6dbfc4616cb4c7eae3885ebf77763aa.jpg;4;182;163;prio_give_way;0;0;182;163
f7c09a3ba41e4f80bcdf45914245380e.jpg;4;32;57;forb_speed_over_60;0;0;32;57
62dc5d94301846a4b2024608854b8d89.jpg;4;33;44;info_parking;0;0;33;44
f74c2fe4ff6144d89e8c5d9b3f219e63.jpg;4;54;51;mand_roundabout;0;0;54;51
72e75ec022ce459db3e335640eb89398.jpg;4;75;68;prio_give_way;0;0;75;68
f52e02156cc14d069e79ec33ff08ec2f.jpg;4;124;93;prio_give_way;0;0;124;93
0fbfd947b3d94789a744c3b7dc96da6c.jpg;4;15;15;mand_pass_left_right;0;0;15;15
bdab4eddbf734d0d838bb8d4a7c0fc5d.jpg;4;7;10;prio_give_way;0;0;7;10
dafdada35a53434fae346b341b3c7c62.jpg;4;46;43;warn_traffic_light;0;0;46;43
869c6e099e1643f38bef588e975c897d.jpg;4;94;99;prio_priority_road;0;0;94;99
0cd21a12d0ab4e0b859ae26e52aa4eb7.jpg;4;28;27;warn_speed_bumper;0;0;28;27
ff31d9b684e94082ba0125d8599838ed.jpg;4;26;28;info_one_way_traffic;0;0;26;28
b785bce3ced449fda1062f2777a2c103.jpg;4;23;24;forb_weight_over_3.5t;0;0;23;24
5ec09e0de09d43aca7e7e3c25c82bb97.jpg;4;26;26;forb_speed_over_30;0;0;26;26
04edfd7a28ad4977af8e70c596633db9.jpg;4;36;40;forb_speed_over_50;0;0;36;40
d8a6af44cb254efa891d6891ab8af3fd.jpg;4;96;93;info_crosswalk;0;0;96;93
032b173180434823a0859791d283812d.jpg;4;116;133;forb_right;0;0;116;133
3f5de65a9e3048be9d7877a86371017a.jpg;4;58;51;warn_cyclists;0;0;58;51
c23e3b006f58407292f319ca9b73cc35.jpg;4;42;34;warn_traffic_light;0;0;42;34
556bef21ebb84f14a566fc4f27121855.jpg;4;21;23;info_crosswalk;0;0;21;23
4b900b3592334d079b60cf08202980f2.jpg;4;19;19;forb_speed_over_60;0;0;19;19
17e6107fc9134244b868b725c02d3604.jpg;4;16;19;info_bus_station;0;0;16;19
ffd85aaaa1764d10a8bb681d7767a2a3.jpg;4;81;80;mand_pass_right;0;0;81;80
47da9d215d88453695d4a46155ec78a6.jpg;4;31;33;forb_right;0;0;31;33
e7c5106c32274cbbad97fbe0cf12fefe.jpg;4;38;39;info_crosswalk;0;0;38;39
c371768a25cd4ddcb768d8f7978303c8.jpg;4;14;15;forb_ahead;0;0;14;15
27af716a79ed4a3abf1ebee01287c7de.jpg;4;9;9;info_crosswalk;0;0;9;9
d752b40a257c4a049d861c2cfaaed7dd.jpg;4;94;116;mand_pass_right;0;0;94;116
0127b5135ba746c2a12708350a218f0f.jpg;4;57;83;warn_poor_road_surface;0;0;57;83
7ea63565c94f41b591c2784ac7c8463f.jpg;4;24;26;forb_speed_over_5;0;0;24;26
0a7e64b22b494f5f930baf246672a67b.jpg;4;46;51;info_crosswalk;0;0;46;51
2a8cc8ca276b4081a7c2ee81a5e6c6a8.jpg;4;39;44;forb_left;0;0;39;44
784ccafce42e4396b906e245e9481d49.jpg;4;42;43;forb_speed_over_50;0;0;42;43
0128444a4e264ebba82c810b920861df.jpg;4;22;17;prio_priority_road;0;0;22;17
7a1fbde77743443f8c21b6a56f3a92d3.jpg;4;135;128;warn_roundabout;0;0;135;128
73ea0ab9f3ee4ebd89a06264560965a3.jpg;4;126;133;forb_speed_over_50;0;0;126;133
215e5a301c77499a8782b19602ea2536.jpg;4;23;23;forb_overtake;0;0;23;23
e6ed0854e64c4e89bfff2c9f0701875e.jpg;4;27;31;forb_weight_over_3.5t;0;0;27;31
86fc27360bf94fdcbcac7b547f81e543.jpg;4;56;70;prio_priority_road;0;0;56;70
020ac188addc4302bd04e698bda3439e.jpg;4;46;45;forb_stopping;0;0;46;45
a3b5cc276ac94e71b9ff436db2d0fd6c.jpg;4;77;83;info_crosswalk;0;0;77;83
e13fc6743df2409e9b4c70fc04451d37.jpg;4;63;83;info_bus_station;0;0;63;83
e497a3a6d41b4defa2af583dd34740b3.jpg;4;55;54;mand_straight;0;0;55;54
114abee0c5974d98a71dd6500bbce0b4.jpg;4;24;23;info_crosswalk;0;0;24;23
abc73b1ddb3645019be90f314e3998ff.jpg;4;31;31;prio_priority_road;0;0;31;31
7d20c7bdacb34b05981fc3266645a86a.jpg;4;20;22;forb_left;0;0;20;22
304c0dc72b844b00911477d63490a9d3.jpg;4;378;202;forb_speed_over_50;0;0;378;202
d0368fa456254429a678efffbdf3a1db.jpg;4;22;21;mand_roundabout;0;0;22;21
bce38ff6728e4ba9a3032220634c3b11.jpg;4;53;49;mand_pass_right;0;0;53;49
28a11fce6c1c4f518af0bf7dab30ea90.jpg;4;29;27;prio_give_way;0;0;29;27
896f8ab53ada49dcace6991e1112c886.jpg;4;14;14;mand_pass_right;0;0;14;14
2afd68e494a04f75a8a47efe7b002e2c.jpg;4;92;117;mand_pass_left_right;0;0;92;117
317e6454cf3845258e6a372c9b1b1e43.jpg;4;113;115;mand_pass_left_right;0;0;113;115
57406a589cba46e3b5504b2bf84acab0.jpg;4;60;119;mand_pass_left_right;0;0;60;119
041bc0ac2d0a4dc488241cfa83c0b10b.jpg;4;88;79;mand_left;0;0;88;79
bcc733143c014c1c80e7864276a01979.jpg;4;18;23;info_parking;0;0;18;23
d930b380d3d04c658198ae48685012a0.jpg;4;67;69;forb_right;0;0;67;69
92c503ba365b4e0ab0683ca284689166.jpg;4;138;144;forb_speed_over_80;0;0;138;144
3ed1ed094a314b4fb0b193eaa6cfc453.jpg;4;67;71;prio_stop;0;0;67;71
abf46eee5c5d47cfa6d989049f6aba84.jpg;4;66;69;mand_right;0;0;66;69
44d7632f3c0045498f3cb2960a635a60.jpg;4;89;93;prio_stop;0;0;89;93
6fd4c124929e43a1bd1503d793e7a6a2.jpg;4;90;91;forb_left;0;0;90;91
a5208351159a4634a79dfcda4be262ee.jpg;4;48;54;info_one_way_traffic;0;0;48;54
213a6823f5a24fec977f1fff4299348e.jpg;4;45;52;forb_speed_over_30;0;0;45;52
4d3e231ca0754886965582fa75e9b514.jpg;4;49;52;forb_stopping;0;0;49;52
3cd0c436d24f49248d1c91e39937ccd4.jpg;4;46;46;forb_ahead;0;0;46;46
12bd052368964160b5d9c62ea8538bc6.jpg;4;37;36;forb_weight_over_3.5t;0;0;37;36
2095a44451d046ae90e3021fd55af17e.jpg;4;45;46;info_one_way_traffic;0;0;45;46
25eedfc6595e441a8e49e58d5598067b.jpg;4;47;48;info_crosswalk;0;0;47;48
e184fcad989144a686eddfefa3ee17b0.jpg;4;27;37;forb_weight_over_3.5t;0;0;27;37
cd11993ed0f54cb394b6a697b3a1e52d.jpg;4;27;25;forb_speed_over_30;0;0;27;25
7e69c57b07c74e9abf2d788c3aa91a10.jpg;4;34;36;forb_speed_over_5;0;0;34;36
d46c25c1099043fca60f08d07d215e65.jpg;4;38;80;info_bus_station;0;0;38;80
65b5355fd9b14da6851f414f7ee67d57.jpg;4;51;61;info_bus_station;0;0;51;61
958a9c6820a2499f8e30ba3c36a8699d.jpg;4;67;70;warn_crosswalk;0;0;67;70
1287e3895c194f47b71b8ae95bf45527.jpg;4;64;71;warn_children;0;0;64;71
c6b045415ae74c8587bb5ff7c627246a.jpg;4;76;94;forb_ahead;0;0;76;94
2f03a571ba1a47dab9aecf219594c376.jpg;4;88;102;mand_pass_right;0;0;88;102
c8cf44512ba14b10bfdf019498c4f006.jpg;4;6;11;prio_give_way;0;0;6;11
e39034cc5a0842ee9fa3d941232d4938.jpg;4;69;96;forb_weight_over_3.5t;0;0;69;96
9a6fdf5d4fb44ed4a03e47ac3411d51b.jpg;4;80;81;warn_children;0;0;80;81
3dbdf3bc9da642aa98a5f1f7fa118ca5.jpg;4;28;35;info_bus_station;0;0;28;35
ba38b1157a694c20a00c728ee8c6af2e.jpg;4;31;31;forb_speed_over_20;0;0;31;31
bd3192332f664d42810fa01aa998040e.jpg;4;58;78;forb_speed_over_100;0;0;58;78
55af64562ae64ae68a32008d6493a6d0.jpg;4;244;252;mand_pass_right;0;0;244;252
90adfcda03794121ae16b8b542d3c343.jpg;4;22;21;info_crosswalk;0;0;22;21
4b211691e24549ae90c651e5c3b2e0b5.jpg;4;63;49;forb_weight_over_3.5t;0;0;63;49
2151902e481b40b8ac2037a8f2fe63b5.jpg;4;56;54;info_one_way_traffic;0;0;56;54
84498c290bed4c3d8be42abdf05022ee.jpg;4;55;52;warn_crosswalk;0;0;55;52
e444e9a8a1064f2190eb026ce670459e.jpg;4;77;72;mand_pass_left;0;0;77;72
04123fbd8ec34fd08b919e2db22a8698.jpg;4;30;28;mand_pass_left;0;0;30;28
1e0bd930e6bf4a4387192ef7cc785508.jpg;4;55;54;forb_stopping;0;0;55;54
7499ae4540aa442e898cbb05a623ddea.jpg;4;60;59;warn_two_way_traffic;0;0;60;59
ca7a0201501a4193a9bdb9c9ff5cc6ac.jpg;4;57;60;prio_stop;0;0;57;60
b53dcbbdde30448b8a66834781df88ee.jpg;4;70;82;info_one_way_traffic;0;0;70;82
ee47271296924ab695688ae45c6267c9.jpg;4;47;41;warn_wild_animals;0;0;47;41
99fd72389f08423297c456cd2cd71ec5.jpg;4;109;153;info_parking;0;0;109;153
fb368bba91f3474b9c4270ce54f37101.jpg;4;93;132;prio_stop;0;0;93;132
3ff569d1dd6d41d392e9360c98b313f3.jpg;4;86;120;info_crosswalk;0;0;86;120
c9529fdbdbc547b6a157984636f76896.jpg;4;40;128;mand_right;0;0;40;128
4c3d257e62ec4ffc8442e6342dbbe9d0.jpg;4;70;132;forb_stopping;0;0;70;132
2e50f6f763b0406eb81615a523ebf8ae.jpg;4;42;48;info_bus_station;0;0;42;48
5d6d7d79732247d7a73f19d51bc1fcb3.jpg;4;49;44;forb_speed_over_20;0;0;49;44
5583e82b5c0145ba9da706682a6d2736.jpg;4;143;136;warn_crosswalk;0;0;143;136
1359196ef5b34a208cad4458e7859dd7.jpg;4;55;56;warn_construction;0;0;55;56
253e6831f0954ace909eb3b1b3f243f4.jpg;4;123;123;forb_left;0;0;123;123
da3c5c499fa7407ca7c1363d6e4718af.jpg;4;106;130;forb_stopping;0;0;106;130
242150ccca1c4622822832f948c1fe28.jpg;4;27;29;forb_stopping;0;0;27;29
c0a0752e0abe40d29faa6512532e7f43.jpg;4;28;32;forb_speed_over_40;0;0;28;32
a04d0c85cd4d4f4b906bc29b7ce72a30.jpg;4;42;43;warn_children;0;0;42;43
8f7ad289be4f4bb7ade9c08b26126f41.jpg;4;30;32;info_crosswalk;0;0;30;32
06aece0fbe644da88162316b88e4f2bb.jpg;4;104;89;warn_cyclists;0;0;104;89
90fa8c41b2f549bba2f047f61b7e527a.jpg;4;20;22;info_crosswalk;0;0;20;22
241b031ebed9468cb2854e3cf7ae6e38.jpg;4;16;18;prio_give_way;0;0;16;18
c7409db08c4f473e977ae045da6e0b13.jpg;4;51;48;warn_children;0;0;51;48
c5b7294c4d414511adc00cd76b71fd1c.jpg;4;16;22;info_parking;0;0;16;22
74ab7e061eed4483a96e6a4b7325985c.jpg;4;45;45;info_crosswalk;0;0;45;45
faf9900f8ebc4806812325b86e62e5c1.jpg;4;36;38;forb_speed_over_40;0;0;36;38
960a0c536c5248e3b4092b3225a8b962.jpg;4;39;35;warn_cyclists;0;0;39;35
e83d67ce0bb544d1bdf5ca38f0081bc4.jpg;4;22;22;prio_priority_road;0;0;22;22
b778513b22a44c36b5e9e6a2722fbad5.jpg;4;15;16;mand_right;0;0;15;16
50f3c6617c344d36b9413f007b0c538e.jpg;4;17;17;info_crosswalk;0;0;17;17
1d0409c50b524d59991a9d7742e88fbb.jpg;4;35;48;forb_u_turn;0;0;35;48
4b575e1632d14f73806332303a7efb19.jpg;4;117;78;prio_give_way;0;0;117;78
d98425e306a74395b8cd26903c15e6ca.jpg;4;83;81;prio_give_way;0;0;83;81
dcfd312e35e44651bbfec11cf4868de4.jpg;4;70;66;mand_roundabout;0;0;70;66
e29bad3b740448eb9d336004f5a8db32.jpg;4;79;65;warn_speed_bumper;0;0;79;65
27a190a828d14a829afacda1622f9441.jpg;4;70;67;forb_speed_over_30;0;0;70;67
f26b21473d5642e982a1039c9eecca42.jpg;4;60;68;forb_speed_over_70;0;0;60;68
c6511910103848e1ba80d5bbac9455d7.jpg;4;20;25;forb_stopping;0;0;20;25
602d0af17a0c4ae6ab44a0b4ac5761bd.jpg;4;24;30;info_crosswalk;0;0;24;30
774254148fa84effbe1a7da603858640.jpg;4;31;31;mand_pass_right;0;0;31;31
843517d673214dc6ba4caf7a0820187e.jpg;4;50;49;mand_roundabout;0;0;50;49
00c875eaa01346c2a96d4e4a4bcdc98e.jpg;4;70;62;prio_give_way;0;0;70;62
3cf780f994be44ccaf1437b10d727ebb.jpg;4;20;19;info_crosswalk;0;0;20;19
f90c41b134484ad6a3b0cd528b27360f.jpg;4;17;20;mand_pass_left_right;0;0;17;20
ea969e5ccd1a466bbd75e559b6c98588.jpg;4;48;42;warn_construction;0;0;48;42
6e531d9bd5144b12910ad4b6d0082db0.jpg;4;71;75;info_one_way_traffic;0;0;71;75
f3f3dc5f4b7d421ba110eb8767ab5282.jpg;4;193;212;mand_straight_right;0;0;193;212
e142e0d2c5834e4591df4cb4c420516f.jpg;4;72;85;forb_speed_over_50;0;0;72;85
4da1f003b29445148f8c06bb4dcea441.jpg;4;58;55;forb_stopping;0;0;58;55
8270a07ca70340afba325eac213ff9dc.jpg;4;58;58;forb_overtake;0;0;58;58
780b9341d091429ab43d40d7ed442c9a.jpg;4;44;46;prio_stop;0;0;44;46
c3aa6f05bbec49c8bb1217eab9fd25b7.jpg;4;41;44;forb_left;0;0;41;44
82b9135a8cfa4f1f89e616e90ca49b33.jpg;4;66;64;prio_priority_road;0;0;66;64
ebe05219a77346a484c234dd068583e2.jpg;4;29;33;forb_speed_over_40;0;0;29;33
667a80f1f0db464e8fbe48b420e855f8.jpg;4;24;25;info_one_way_traffic;0;0;24;25
e730b45eb5cd4e09a2eef4f61c66c520.jpg;4;8;8;mand_pass_left_right;0;0;8;8
2d807ee574b44d50a039dff312c54b35.jpg;4;20;26;info_parking;0;0;20;26
c6f4a938f6ef42dcbd89f3c11b4929c3.jpg;4;10;12;info_parking;0;0;10;12
2ff5a51fb174487d9782be0b35be4ecf.jpg;4;16;18;info_parking;0;0;16;18
b525091ff8074133b7b407aedaad94fc.jpg;4;36;33;warn_two_way_traffic;0;0;36;33
2ff7a77cd9d14e5b95d1f906014eaa5f.jpg;4;34;32;forb_speed_over_80;0;0;34;32
cff3b09f93114b4eb6bba8a391afe90e.jpg;4;98;103;forb_speed_over_40;0;0;98;103
dbbbc08767fd41998929e5832967336d.jpg;4;108;116;forb_left;0;0;108;116
0627e317b62d4e3eb8665719d755ca5a.jpg;4;34;49;warn_construction;0;0;34;49
bf3b6e2a668445a080a94e38953a077e.jpg;4;31;51;forb_speed_over_60;0;0;31;51
f553bd2752a947abae35e535d6a2454e.jpg;4;77;68;forb_speed_over_30;0;0;77;68
00966120b60e439a96751589ce2f42de.jpg;4;70;69;warn_speed_bumper;0;0;70;69
40084511450546d59f74d6c8570a724a.jpg;4;78;81;info_highway;0;0;78;81
41625bd747d74920b38f21e5d1563d36.jpg;4;89;108;mand_right;0;0;89;108
641fb781057840df975493066f8c3b1c.jpg;4;92;83;prio_give_way;0;0;92;83
a9b8840cdcf248aa90050025ca96ddde.jpg;4;26;26;info_crosswalk;0;0;26;26
45e956cd58084a36ba468bd851b37518.jpg;4;23;23;prio_give_way;0;0;23;23
c4fd176a32c748d997f904e02c81e149.jpg;4;13;14;info_crosswalk;0;0;13;14
c7d55f0c3b3b473db2e928f445b14e25.jpg;4;24;21;mand_left_right;0;0;24;21
69586c564a1a4f08b1ec878ef05017d0.jpg;4;7;9;forb_ahead;0;0;7;9
3789284af5e74c0498a7a591e461c0c5.jpg;4;110;147;warn_two_way_traffic;0;0;110;147
91f08a758ea84bb98527bb816e6cbef8.jpg;4;34;29;warn_slippery_road;0;0;34;29
3a44fd2ac32248269c1013578588759a.jpg;4;95;91;warn_construction;0;0;95;91
68f389a7b7be43f7952d156fa41d747f.jpg;4;114;107;forb_right;0;0;114;107
da2b7cae394c4735a17bff76feee9f8e.jpg;4;141;145;info_crosswalk;0;0;141;145
515a17cf6fa94caca9e5d9bdbb096874.jpg;4;84;85;prio_stop;0;0;84;85
51e083b3d1ce4fd59ae356529be49980.jpg;4;82;83;mand_right;0;0;82;83
912a38429e8e4edf9ea5395f15cf53a4.jpg;4;42;41;forb_ahead;0;0;42;41
7daf56c04c444bd5bc635cae07526f2d.jpg;4;39;43;mand_pass_right;0;0;39;43
a645525d3d834e6886f9104371e859e9.jpg;4;31;41;forb_speed_over_5;0;0;31;41
417ece98a14f4e47a43619ac9ac02f61.jpg;4;41;92;warn_crosswalk;0;0;41;92
5437ced78028458a851efa2dcf9c4b98.jpg;4;38;45;mand_pass_left_right;0;0;38;45
82a04cce4748415b988c47406db46646.jpg;4;56;63;forb_ahead;0;0;56;63
833790bcafc34ad9ab7e1d3b8298d3a3.jpg;4;64;95;info_bus_station;0;0;64;95
30a55ec474f240a8b2ab0a2d95b72b7f.jpg;4;27;34;forb_speed_over_40;0;0;27;34
51d978396dd143cba9ce84a566207349.jpg;4;27;33;info_one_way_traffic;0;0;27;33
eeb74fac698c4a4baebc15fd30303144.jpg;4;98;118;forb_overtake;0;0;98;118
afeb12dd5a1c4a5283f1fb189338f79a.jpg;4;70;80;mand_pass_right;0;0;70;80
963d4238fa274578a3aad7a7c5d6ac81.jpg;4;59;62;forb_speed_over_30;0;0;59;62
995225186a2e49d7aff1e7a41ece33d4.jpg;4;151;191;warn_children;0;0;151;191
e3469ef4949b468c868b23d9335ad8cc.jpg;4;41;123;forb_overtake;0;0;41;123
74f5a851c0b84c978c99546160abd150.jpg;4;69;70;forb_speed_over_30;0;0;69;70
cb6baf3a4bcc442590bda23d0e78b75d.jpg;4;69;71;warn_crosswalk;0;0;69;71
4105d3fbebd9435db5f3eccd1ed5886f.jpg;4;45;66;info_crosswalk;0;0;45;66
25624dedda564e9e818f9a43857002e3.jpg;4;59;75;info_taxi_parking;0;0;59;75
8379f83e6a0a451ba52f45d3f08c0cb8.jpg;4;61;82;info_bus_station;0;0;61;82
48cadcddd35949dab02c6d4b343e7852.jpg;4;15;18;forb_stopping;0;0;15;18
2bba055635b14ae4b103037b56bdc07b.jpg;4;15;19;forb_trucks;0;0;15;19
1b01df136584446899749a10396af23b.jpg;4;39;52;info_bus_station;0;0;39;52
df7ee51515c44649bffa711948aa2c2f.jpg;4;30;30;forb_stopping;0;0;30;30
1d191f63ca9a48d38c1a01fb91e0bff9.jpg;4;29;30;forb_speed_over_40;0;0;29;30
b7c879681292438681edef41f4be6e56.jpg;4;30;32;forb_speed_over_50;0;0;30;32
2912854d0da3487d930b2129b999d54c.jpg;4;63;56;forb_overtake;0;0;63;56
a417027fd03943cc9211c885c77ea0c2.jpg;4;40;51;forb_speed_over_10;0;0;40;51
7368f7a0a11941668ad3fcfca1844023.jpg;4;44;54;info_crosswalk;0;0;44;54
494eb040a29c40f287a7f11b47fdd9a1.jpg;4;40;49;forb_weight_over_7.5t;0;0;40;49
f85d0b7272ef4f9c9fca150bd7f94528.jpg;4;80;90;forb_speed_over_50;0;0;80;90
7fcd361eee57409198aa58e41d52163f.jpg;4;62;59;mand_right;0;0;62;59
2c6a3a4a215b424197f9a785ecf58ff8.jpg;4;86;87;forb_stopping;0;0;86;87
0fbd17c750654deb8445496280ff9751.jpg;4;14;30;prio_stop;0;0;14;30
a2b1063a30a244089bba189ef7a33320.jpg;4;13;31;mand_right;0;0;13;31
e9cae858a6394669918910534cd9a52d.jpg;4;78;90;forb_speed_over_30;0;0;78;90
16bc2391c38a4b53b4d28028f3de52d1.jpg;4;341;364;warn_wild_animals;0;0;341;364
cb12de2dd8ff48ac941d8c2969c46eeb.jpg;4;39;37;forb_stopping;0;0;39;37
ecf0b13a32d54e5cbb9053193899dc1e.jpg;4;40;41;forb_overtake;0;0;40;41
5fa02afebe924935a9da4045b76f5af5.jpg;4;288;86;warn_other_dangers;0;0;288;86
6a14a1fe324a4ad19d0cb7d402f1ea64.jpg;4;33;34;forb_left;0;0;33;34
d50d8e16518241f89955868ec93ea2bd.jpg;4;30;26;warn_wild_animals;0;0;30;26
02b1064834754f3b916d50a2b183ad6a.jpg;4;79;93;forb_overtake;0;0;79;93
9b25e1532dd54ff6b878bf0340da4ede.jpg;4;12;11;forb_left;0;0;12;11
2eb3ed2b09aa4aae967afeca2c6ba4e1.jpg;4;17;18;info_crosswalk;0;0;17;18
7d814a61a64b4fe8a6802dff2aae7b08.jpg;4;19;20;prio_priority_road;0;0;19;20
f08494480a3746c09d4904625b85d0be.jpg;4;35;36;forb_u_turn;0;0;35;36
98b9e2fd984c4f62aa06bd6842ad7039.jpg;4;19;17;warn_slippery_road;0;0;19;17
08d8d7e7fe1642b99f9760e8472755e2.jpg;4;21;26;warn_cyclists;0;0;21;26
b0ec4e65278c4f34aa11cfa0e340053e.jpg;4;22;40;info_crosswalk;0;0;22;40
64b502dd14e34c378c675ca320ebf6ea.jpg;4;19;20;forb_speed_over_20;0;0;19;20
1422e82f6cac4730a5304b5f8065520b.jpg;4;30;32;mand_pass_right;0;0;30;32
426d63fc9c184eb28c6b18f1615db524.jpg;4;52;57;forb_speed_over_50;0;0;52;57
07c1ba2e12e9468a8c98441e5d5bb96f.jpg;4;36;36;forb_right;0;0;36;36
0b6c2ce34ce54486b9e2b9f572d48c36.jpg;4;24;27;forb_ahead;0;0;24;27
6364c31eb7d9496ba60557bc57205e18.jpg;4;30;38;forb_ahead;0;0;30;38
931129f96cb648e180f9ed5b93131078.jpg;4;43;56;forb_overtake;0;0;43;56
178341d40e19481f9cd1ff3d1960e4ea.jpg;4;36;40;info_crosswalk;0;0;36;40
edf9dcc599e543fb8360115ed3af456b.jpg;4;15;15;info_crosswalk;0;0;15;15
760f918cfa244710a28d694fd63fc881.jpg;4;38;32;mand_straigh_left;0;0;38;32
8d8a374715204e4ea276b7ad53b434a2.jpg;4;15;14;mand_pass_right;0;0;15;14
37763cbf1a0b4d0db2fbc7acd004e97b.jpg;4;42;40;warn_wild_animals;0;0;42;40
d836a66ef3ff4883bd928afebc1553af.jpg;4;24;25;forb_stopping;0;0;24;25
b51fc89bfd1741789ce5066cb7d038ee.jpg;4;45;121;mand_roundabout;0;0;45;121
0c9a19a5a8de4c10b43602f6447ea8d8.jpg;4;30;28;warn_construction;0;0;30;28
be08a25da63e42fcbf1f8671b153cf53.jpg;4;21;8;forb_stopping;0;0;21;8
d3182d6f76664cf1994b99d89980d903.jpg;4;46;85;info_bus_station;0;0;46;85
5775367ab558452797c9b35c67690505.jpg;4;67;87;info_parking;0;0;67;87
66465041b23046b3a766678c27b684ac.jpg;4;33;69;info_bus_station;0;0;33;69
e656712e3bca479a8804eeaf1fe1c723.jpg;4;59;64;warn_wild_animals;0;0;59;64
0f783ea5b26141fead002a4e90f73337.jpg;4;68;72;info_parking;0;0;68;72
96b597e1365d40dcaf33aa3781dcdafd.jpg;4;78;65;forb_stopping;0;0;78;65
f4608954e830400e8c5596197c18ea48.jpg;4;43;70;info_crosswalk;0;0;43;70
a72b4daa2fe34491ad5f21f0dfc2878f.jpg;4;32;65;info_bus_station;0;0;32;65
51e1f2816a5f461c8acc840d18345892.jpg;4;116;127;forb_ahead;0;0;116;127
0b19a886adfc42fcbc7e685e0490df03.jpg;4;31;33;mand_pass_left_right;0;0;31;33
4bab881e79d14544b6a84269947ea3bc.jpg;4;26;26;info_crosswalk;0;0;26;26
f437c8750275409a9a8daa84787cda17.jpg;4;21;24;mand_pass_left;0;0;21;24
e28611c037f440adadf668906a000b23.jpg;4;23;24;forb_speed_over_30;0;0;23;24
7b121bd80d2d47ee977663a0bca52b4d.jpg;4;52;21;prio_give_way;0;0;52;21
7287e9c7475d41aaba5ef61b9a5878c3.jpg;4;65;67;warn_cyclists;0;0;65;67
6bc01209d6684c62b9a84a121291d803.jpg;4;90;84;info_crosswalk;0;0;90;84
1e3d514d276547b3b988ecff3365d3b1.jpg;4;12;13;mand_straight;0;0;12;13
8ea6e60df220466cb329f98a469fc84c.jpg;4;40;45;info_one_way_traffic;0;0;40;45
fe552c05ccee4b71b9cb0adde84e2fa3.jpg;4;16;26;info_parking;0;0;16;26
6e7426d000f746eba88b10e8dd031108.jpg;4;17;21;info_parking;0;0;17;21
863426d2470f4c67b6ab08ed7295a729.jpg;4;16;25;info_crosswalk;0;0;16;25
a0b86cf6012142258309cbea38cf5112.jpg;4;16;22;forb_speed_over_20;0;0;16;22
d3ceb60b616b4e0187913dbb834ef9e2.jpg;4;28;29;forb_weight_over_3.5t;0;0;28;29
922f905a4aad4731893f7bc5e343f2b1.jpg;4;32;31;info_crosswalk;0;0;32;31
b66f75e673c646f8af21a5f0a307404f.jpg;4;30;31;info_one_way_traffic;0;0;30;31
75b8724891d24aecb136f7866d04c02f.jpg;4;30;28;forb_stopping;0;0;30;28
04ab64bf31bb4ca285117ee043150f53.jpg;4;103;110;forb_speed_over_30;0;0;103;110
8ef53b65829345b9975692eac7e055b7.jpg;4;103;109;warn_speed_bumper;0;0;103;109
bfe5fb7cbec44655a37a5f4da7e3eaee.jpg;4;55;84;forb_weight_over_3.5t;0;0;55;84
41dd2eeb52184a8e94b2925ed755e2da.jpg;4;22;32;info_bus_station;0;0;22;32
2cb05f3d14d94e37a871e42c66a7b4d5.jpg;4;57;64;info_crosswalk;0;0;57;64
cc9eb7926f974277a062757253badd45.jpg;4;42;54;forb_left;0;0;42;54
eee64ee2780444d7aff45c13cfb21151.jpg;4;85;91;mand_straigh_left;0;0;85;91
f5ade938735f421b8c20e20a26876b41.jpg;4;98;91;prio_give_way;0;0;98;91
d9ac0fb858bb4b788f5a137e379da5bc.jpg;4;104;104;info_crosswalk;0;0;104;104
6ea40d155b5243ba85956c71368285b8.jpg;4;29;41;info_crosswalk;0;0;29;41
00667d1e67e94a35a8bcf9be57691356.jpg;4;10;13;info_crosswalk;0;0;10;13
2aec5e0df687462bbd453d9cad04a6d9.jpg;4;233;266;warn_wild_animals;0;0;233;266
d2d4be16571a4597baa13eb95fb43454.jpg;4;45;49;forb_overtake;0;0;45;49
6cc23891e44341bf87b381949b273f22.jpg;4;81;77;forb_overtake;0;0;81;77
aca3f8174e744d24aebc8bd28b0b2a95.jpg;4;25;39;forb_speed_over_70;0;0;25;39
c3247924b4654247a8cdb0336f657679.jpg;4;10;10;forb_overtake;0;0;10;10
e4938edbf482467199a2d07e0699ae3b.jpg;4;65;59;forb_speed_over_70;0;0;65;59
68d33318336747b893f998cb704a8864.jpg;4;92;122;info_bus_station;0;0;92;122
9b3b17fa5e7c43cdb45243c3794a89d7.jpg;4;113;117;forb_speed_over_60;0;0;113;117
248af1d7fa8b46bab1392e136a21dbb2.jpg;4;95;109;mand_roundabout;0;0;95;109
3fd4379765a5430f8f8070ba3695597a.jpg;4;78;111;mand_bike_lane;0;0;78;111
f6d5c560f59c47fa8447f60389fe2741.jpg;4;57;62;warn_construction;0;0;57;62
f05d1892e048408ab6d3d4711bb65fb7.jpg;4;68;130;info_one_way_traffic;0;0;68;130
3bd1433b978945a6a2b75a03821a38ba.jpg;4;22;25;mand_bike_lane;0;0;22;25
feda669324d94f1b88a9b47ac09f2be7.jpg;4;64;52;warn_wild_animals;0;0;64;52
fd6f7cf912804a7399e5d51b9283e166.jpg;4;38;41;warn_construction;0;0;38;41
318a3ad7147b4802b801ca931198c068.jpg;4;82;80;forb_speed_over_50;0;0;82;80
d55c90a6f289448ea8c0d65018ee0824.jpg;4;37;38;forb_weight_over_3.5t;0;0;37;38
7fcf303171994969ac2f63460f684853.jpg;4;34;48;forb_speed_over_30;0;0;34;48
799896606af44be6910d33f9addde57d.jpg;4;38;47;warn_children;0;0;38;47
b3cc1e81939a4f7882ba521e47dc7abe.jpg;4;137;124;warn_wild_animals;0;0;137;124
1be289009d524f3eaea7586ab8f2ab35.jpg;4;30;31;prio_give_way;0;0;30;31
1e83a8c5c389467896bc99f4c749ee9d.jpg;4;37;32;info_crosswalk;0;0;37;32
4e7639acf1024e15a5e05f527ade06ca.jpg;4;30;34;info_crosswalk;0;0;30;34
7e7685be231446a7b9b8698cfabfa306.jpg;4;29;31;prio_stop;0;0;29;31
06936d5e7eab4026af47df9641fc23b4.jpg;4;37;34;forb_speed_over_90;0;0;37;34
5ce9f2557eab448c99d246ab43dcfeed.jpg;4;19;28;info_highway;0;0;19;28
246c5fecd30b47bdb1ac98c28744acb3.jpg;4;35;49;info_highway;0;0;35;49
c9930ac0b9e14b52a416aef7551542bf.jpg;4;59;62;warn_crosswalk;0;0;59;62
62dd7b1f6c584cf7b34e94ba74ac435a.jpg;4;22;19;warn_tram;0;0;22;19
3d250cde1cf1481792dae8e2672a2c10.jpg;4;60;54;warn_tram;0;0;60;54
7cc02d3b7d1c4ff681c2ea0a59195129.jpg;4;70;63;warn_cyclists;0;0;70;63
a214fe9343a649de8c68409afb933d80.jpg;4;66;65;mand_pass_left_right;0;0;66;65
b8d6f21e67664ba296916c2bda5adc0f.jpg;4;46;46;forb_left;0;0;46;46
1e96c4f4232540f1ac327c794c4e8b0e.jpg;4;42;40;warn_speed_bumper;0;0;42;40
3d1ae77014024b1cbf6ad1c1b3008ec9.jpg;4;24;47;forb_speed_over_30;0;0;24;47
b657ad8d806741118d428e368639aaa9.jpg;4;41;57;forb_speed_over_70;0;0;41;57
aa3c8ca8ee0442da99db3595cf2b0f9e.jpg;4;36;38;forb_right;0;0;36;38
e4858dae0b0b4331b49a0a4ff3263b63.jpg;4;36;47;info_parking;0;0;36;47
1eb31887c7bc4a698f74f784406de562.jpg;4;76;76;warn_roundabout;0;0;76;76
ae58df68cbf643c781dbfb4dbdb3674c.jpg;4;19;21;info_crosswalk;0;0;19;21
e5843bad433b42aa815214c1ae7fc668.jpg;4;36;52;info_parking;0;0;36;52
b74e949e84fd4b20882c7ffae1b222d0.jpg;4;28;30;forb_ahead;0;0;28;30
27f0a5f573814be889232d348be5d45f.jpg;4;45;51;info_crosswalk;0;0;45;51
72181f956d24416eb5e18052734c763a.jpg;4;22;20;prio_give_way;0;0;22;20
a57bc635611e4b399b3a4b6c9b0f7b81.jpg;4;15;14;forb_speed_over_50;0;0;15;14
d6e543431a9d49598541517cdcd148d2.jpg;4;25;24;forb_stopping;0;0;25;24
af50bc83889045b7ba0c02eccd92c5f9.jpg;4;22;28;info_taxi_parking;0;0;22;28
0fe587211d3447e995161356362a6801.jpg;4;50;44;forb_stopping;0;0;50;44
88d2ab7e085c466290d444e9bb605bcf.jpg;4;49;45;forb_speed_over_20;0;0;49;45
e7601c5253c94b77a8a72d2c82c0ac8d.jpg;4;39;89;forb_stopping;0;0;39;89
d41828703d9d48c0aacdb07b10c1be2f.jpg;4;43;98;forb_speed_over_40;0;0;43;98
cddabd3a52d846f0b1c156e03d06394e.jpg;4;46;60;forb_left;0;0;46;60
55ab82ff86f74a128f875a6e5ccd3565.jpg;4;39;42;forb_u_turn;0;0;39;42
46008610cda54c88b988d18542981cd1.jpg;4;60;66;forb_overtake;0;0;60;66
817cdec20f2649de969db7e66b044ea3.jpg;4;209;341;info_bus_station;0;0;209;341
ebc2971f769c4f03b3c9fb54377264fa.jpg;4;292;107;forb_speed_over_80;0;0;292;107
84367b4b075548249f56e2e2195f5d93.jpg;4;46;55;forb_speed_over_50;0;0;46;55
7f0993a1f7b748c6aa48597054952065.jpg;4;72;59;forb_speed_over_50;0;0;72;59
148cdff5a88240679ec9c36964eb4d0e.jpg;4;9;9;prio_give_way;0;0;9;9
28dc60b9656f4437a58ac6c6f4ff8cc5.jpg;4;123;118;warn_construction;0;0;123;118
7971657b00064f62b8c1f151401e70d1.jpg;4;36;37;forb_ahead;0;0;36;37
c4b5d19c7d9347589c2d4dc94bf454df.jpg;4;72;65;warn_traffic_light;0;0;72;65
de9edaa777104c0185dc3c0658fb33d8.jpg;4;45;62;mand_pass_right;0;0;45;62
45299c145504482f82b044e5e3c4df82.jpg;4;20;25;prio_give_way;0;0;20;25
04089b3fbf8c4759ab4050cf1a0d6451.jpg;4;31;29;warn_wild_animals;0;0;31;29
143a05fcc9b346128540cc4f062c208a.jpg;4;14;15;info_crosswalk;0;0;14;15
a14a57ec1e374ace9dcb9716bf6154ca.jpg;4;42;42;forb_left;0;0;42;42
6fe67e15af384bc7bdc0efdaad06310a.jpg;4;110;116;info_bus_station;0;0;110;116
abfddbad367a4adca848b6f2b0d6ef8c.jpg;4;125;143;warn_wild_animals;0;0;125;143
612252fe8aa84a46b13090eeb3ddbf72.jpg;4;93;117;prio_priority_road;0;0;93;117
38f6759458a548b682f516bdf11b1d3f.jpg;4;41;100;info_crosswalk;0;0;41;100
0dbf44c8064f48228cbe1326e7d283bf.jpg;4;98;175;info_parking;0;0;98;175
7a114f0f1ddc4157a5664d4061f76d4f.jpg;4;86;98;forb_overtake;0;0;86;98
d8388c1621a242adbbf3c0255a9ad5ce.jpg;4;35;32;forb_stopping;0;0;35;32
b8e5f3a59b564b24baaa9de08d9edef5.jpg;4;35;33;forb_trucks;0;0;35;33
0702bb8c414b430e8fdaae6aeac72a4c.jpg;4;38;32;forb_speed_over_50;0;0;38;32
776fa253635149958318298e7c98a1b1.jpg;4;35;32;forb_left;0;0;35;32
54e50486152d450e9a358e1dd362e607.jpg;4;47;65;forb_speed_over_100;0;0;47;65
7c634b599f424cec9fb331b25c753654.jpg;4;62;86;forb_right;0;0;62;86
1e650888620346de96ad78f92fbe59af.jpg;4;68;78;forb_u_turn;0;0;68;78
02a4c1c16f6e43489da39b7c3ec9e6b1.jpg;4;87;75;warn_cyclists;0;0;87;75
6c1ad5dc65e644869bbb0d6b979d5cf4.jpg;4;104;105;prio_stop;0;0;104;105
3e807ef6e688489388bd0b969b8efe5a.jpg;4;82;83;info_crosswalk;0;0;82;83
45437ed3d196432d807e9c4ab8de0e91.jpg;4;18;18;info_crosswalk;0;0;18;18
e38aa8b352fe4333969ce2b96ca8c941.jpg;4;17;17;mand_straight;0;0;17;17
05106b130db5400496516c55473a6a59.jpg;4;24;25;mand_pass_left_right;0;0;24;25
82aec488f1204c5c9922734f32e3db89.jpg;4;67;63;forb_speed_over_50;0;0;67;63
a86913cb68c34d679c036a159ce9595c.jpg;4;183;80;forb_speed_over_70;0;0;183;80
64029796754a4f6197d02e4e5816bcb0.jpg;4;10;24;info_parking;0;0;10;24
613493af918c4f58874f9d719feddaad.jpg;4;30;43;info_bus_station;0;0;30;43
436dab38be9c47d48ad654783b1064ad.jpg;4;22;18;info_crosswalk;0;0;22;18
6addc019203e484bb41aae7ccc15152f.jpg;4;21;16;prio_give_way;0;0;21;16
4653cead1e48496c82d48f6eee362138.jpg;4;11;14;info_crosswalk;0;0;11;14
ea21fe4ac4f74012be3b9ec19fb32eb8.jpg;4;20;17;mand_left_right;0;0;20;17
9d60edd323f245c58b789979729b24e3.jpg;4;7;7;forb_ahead;0;0;7;7
025d1d320b124947b3ba0f43564f7694.jpg;4;44;45;forb_weight_over_3.5t;0;0;44;45
d815c5114b0c4c11b8cd2786233d80ef.jpg;4;55;55;info_crosswalk;0;0;55;55
a87770bcc7634a0fbd10a3d3dba5a7b8.jpg;4;68;108;warn_roundabout;0;0;68;108
898579d743eb4eb7b818595717ea8e6c.jpg;4;59;106;forb_overtake;0;0;59;106
f1850211b97b4d3292a93311fcdf1c7a.jpg;4;19;18;mand_pass_right;0;0;19;18
62d0c353b88f4e37849ce1675ba78f6e.jpg;4;15;16;prio_give_way;0;0;15;16
a19e79b944f64553b1727d44c60e98a8.jpg;4;17;18;mand_roundabout;0;0;17;18
44991b228b364df28dc46cb909000a33.jpg;4;57;54;warn_roundabout;0;0;57;54
d6932616465148a0a370540de72c3099.jpg;4;59;55;forb_speed_over_30;0;0;59;55
98284a1ae7884854aa04357ad044526d.jpg;4;13;14;mand_pass_left_right;0;0;13;14
eaed207a2ecd478a8a41d5cc8dda2473.jpg;4;70;70;warn_crosswalk;0;0;70;70
c241ef648e9249279c12b9f1307bcfff.jpg;4;57;61;forb_speed_over_80;0;0;57;61
5b1d7e77433f43ca8d2522bc8973da76.jpg;4;99;109;forb_overtake;0;0;99;109
a646822a206b4143a4b9a31ee32f9231.jpg;4;108;107;warn_roundabout;0;0;108;107
2c216aabd0214f7688b9aacdb5d8f735.jpg;4;51;48;warn_poor_road_surface;0;0;51;48
3c9dc8af025e438b92a2d6c0a4ebe878.jpg;4;27;30;info_crosswalk;0;0;27;30
3089dbba1f434b399f076369eca58e8d.jpg;4;25;27;forb_weight_over_3.5t;0;0;25;27
ecb3c6798fb24e5daa92e705ddad5f76.jpg;4;25;26;forb_speed_over_30;0;0;25;26
4bc30482e362476196947adb357980ba.jpg;4;9;9;forb_stopping;0;0;9;9
041a91f2141a48139188be57ca024778.jpg;4;72;45;forb_speed_over_40;0;0;72;45
cb60e151a65c4ac48c1634abd19f5ce0.jpg;4;78;92;forb_weight_over_3.5t;0;0;78;92
7788b0d0b5ed40f0ba4aaf0d325b55bc.jpg;4;28;29;mand_right;0;0;28;29
d96bf8ef70224c01abfad5d21e676b6e.jpg;4;15;14;forb_ahead;0;0;15;14
0dc45ca019b744a0b853d7dafb95d5cb.jpg;4;100;84;prio_give_way;0;0;100;84
508c7003e21943f8acbd6e095c809ea0.jpg;4;64;62;forb_left;0;0;64;62
fbf1acc292044a24b05a3dcab7b75f4d.jpg;4;48;52;forb_ahead;0;0;48;52
982a69f3c3d64b9c874618966a010c63.jpg;4;59;93;forb_speed_over_30;0;0;59;93
7815c3bb3d424066a12c3c67f60167d9.jpg;4;57;84;warn_roundabout;0;0;57;84
c479eb337e074ced966a74499368c821.jpg;4;41;37;warn_two_way_traffic;0;0;41;37
6f32faaa37d44d57bae1ae69732e2bc6.jpg;4;39;40;forb_overtake;0;0;39;40
3461b2f5417a49e3a9240c1854a441e4.jpg;4;234;231;mand_roundabout;0;0;234;231
3159ddf2258143faa33af7f11394f96e.jpg;4;52;119;warn_speed_bumper;0;0;52;119
1eb356144fd448568d9465a301b17b4e.jpg;4;37;128;forb_speed_over_30;0;0;37;128
f657183a59e747ffb0473966c7faf25c.jpg;4;40;45;forb_overtake;0;0;40;45
6d02310777a643e6a54391e0a2a2524a.jpg;4;44;40;warn_wild_animals;0;0;44;40
0ba17403641046f78d9fd188e26091e1.jpg;4;40;41;forb_speed_over_90;0;0;40;41
2e3cb72fe34a403eaf008bddfe87bde0.jpg;4;107;130;mand_pass_left_right;0;0;107;130
94ae7f7e599849f6a2b6c9b278c316b6.jpg;4;73;82;warn_traffic_light;0;0;73;82
439481e24a524938af86abc4382c08eb.jpg;4;84;96;forb_ahead;0;0;84;96
f30f5980240f4c059a2e07154a79b585.jpg;4;192;303;warn_wild_animals;0;0;192;303
e750820966db4582bddeb4469c8c20cf.jpg;4;70;69;info_crosswalk;0;0;70;69
6f79cbbad8464a52b90ae6d5e3aa78de.jpg;4;59;58;prio_stop;0;0;59;58
2b80bb82ccb7477391705e6abe261a85.jpg;4;58;58;forb_weight_over_7.5t;0;0;58;58
1043260c0466410b8241564575d3a3ac.jpg;4;15;26;info_one_way_traffic;0;0;15;26
90008f2e56d247c9a03c14cebba7325a.jpg;4;17;33;forb_speed_over_60;0;0;17;33
462d703f604945418845d58002651e07.jpg;4;148;148;forb_left;0;0;148;148
0a2e6008784443a98ef3dd61b5f1e5db.jpg;4;152;147;forb_speed_over_70;0;0;152;147
c521843345164735834229607a141d16.jpg;4;33;41;forb_speed_over_5;0;0;33;41
a64be3a151d0469fa4b5c02e22f4f6f8.jpg;4;39;42;info_one_way_traffic;0;0;39;42
74f72a0b6505427bad246e714c5b07ef.jpg;4;72;68;mand_straight_right;0;0;72;68
895f38ef65ef4af3b477cd52565d3bf7.jpg;4;45;58;info_parking;0;0;45;58
68721a73904f46b7a25c308a15a20b03.jpg;4;20;23;info_parking;0;0;20;23
e2a76228764c49f0a4a70681f1071279.jpg;4;13;15;info_parking;0;0;13;15
74dbc60f6b034d3383852126ffa99829.jpg;4;70;76;forb_speed_over_40;0;0;70;76
a1791856bd4f44a395214b3209cb9e8b.jpg;4;54;55;info_one_way_traffic;0;0;54;55
744f2939a1f349148fca36b8c6bda3f7.jpg;4;64;66;forb_ahead;0;0;64;66
24ecb67534bb45f396432a51674789c7.jpg;4;177;189;prio_stop;0;0;177;189
830da8617f744e56801d14ac2e640b0b.jpg;4;35;53;warn_poor_road_surface;0;0;35;53
13b4b6de36e14fc9b4af2b5226b9981c.jpg;4;207;56;forb_speed_over_70;0;0;207;56
b26eea7aaf824c739fce69b0e581ec4c.jpg;4;36;37;forb_speed_over_70;0;0;36;37
350fb8a3cb1c4731993ea7043c958953.jpg;4;34;28;warn_speed_bumper;0;0;34;28
f3ce8cd785e84b4f8f1c12cffb4c96bf.jpg;4;50;44;forb_left;0;0;50;44
1a4f96d777844273b85e3c6f22e71b62.jpg;4;59;50;info_crosswalk;0;0;59;50
ae4170f6e82f4bdc8cfb147e0145e306.jpg;4;8;18;forb_ahead;0;0;8;18
00462c86820b415595404e53d8dd1118.jpg;4;81;57;forb_right;0;0;81;57
7813903b31a34898859eef4c13b30271.jpg;4;41;38;prio_give_way;0;0;41;38
671e54b89c7e4bfc89b5d3c43e26335d.jpg;4;44;43;info_crosswalk;0;0;44;43
27b5f6d43f404c3790390d1dee15a738.jpg;4;39;39;mand_straight_right;0;0;39;39
4737159f5b7947bfa176ec17bb284d88.jpg;4;14;15;info_crosswalk;0;0;14;15
34963627fceb4f40a75884496a3c137c.jpg;4;43;46;forb_speed_over_5;0;0;43;46
e4fd76d9a79848f7a32a0554657a5278.jpg;4;288;133;prio_give_way;0;0;288;133
d31db88107f2480eb9b3e2bbac14120f.jpg;4;39;47;mand_pass_right;0;0;39;47
5331cc7d84cd474186e8a6dc03670ac7.jpg;4;29;30;info_crosswalk;0;0;29;30
5472125ddbde400eb36e36114cb0ea67.jpg;4;39;40;forb_stopping;0;0;39;40
80b8ade5d2d5455d95e96b3f6a143ef7.jpg;4;39;42;forb_weight_over_3.5t;0;0;39;42
6787925b02714285becaf7e1877cc2dc.jpg;4;87;101;prio_give_way;0;0;87;101
41e4170bf22440908426fc24bdba2fec.jpg;4;144;142;forb_stopping;0;0;144;142
90c4b68f71534dbd8b1f48436437ac70.jpg;4;66;67;warn_two_way_traffic;0;0;66;67
bb3ee03adad94576a6b405fc9e01fcc4.jpg;4;71;72;mand_straight_right;0;0;71;72
363c6444d7104b5da159839117f078f3.jpg;4;41;42;forb_speed_over_30;0;0;41;42
61d8aa20d9674da5a34f75e6d0b65144.jpg;4;37;35;warn_speed_bumper;0;0;37;35
4c5e96e7a48d4e2c82a539711507f875.jpg;4;119;119;forb_stopping;0;0;119;119
6824af4c40c343f5a1ba945cbb5c9fef.jpg;4;100;132;info_taxi_parking;0;0;100;132
535513466ead444eaac28f9a2dc4319c.jpg;4;31;28;warn_speed_bumper;0;0;31;28
b2b0db8dd29c4a8d9229a950dd72c4a3.jpg;4;25;30;forb_speed_over_30;0;0;25;30
d235c99fde6b46709e09e193f41c56b0.jpg;4;28;28;forb_weight_over_7.5t;0;0;28;28
89ba64e6a59b4418bfa66dd07f9d3a78.jpg;4;111;98;warn_wild_animals;0;0;111;98
d1082df4a8fc4e44b253071c5b49b672.jpg;4;64;61;forb_stopping;0;0;64;61
8a0a16085d194950b2f9b1360c4fc1a7.jpg;4;32;39;info_bus_station;0;0;32;39
5266ee094e0d4000a7b6d812f2627f3f.jpg;4;226;543;forb_speed_over_30;0;0;226;543
bb694080ea8443d0adbf44db9d30ab82.jpg;4;67;82;forb_weight_over_7.5t;0;0;67;82
3f271d9191a944178d8bb4c3a5ca0e67.jpg;4;18;17;warn_children;0;0;18;17
fa93ffbf9f8f46e2889d853fd94e7961.jpg;4;19;23;forb_speed_over_30;0;0;19;23
6318fccf501b4a0e928083c6f138745d.jpg;4;28;28;warn_poor_road_surface;0;0;28;28
f7423c5cf10846ad8c12c7e527b56778.jpg;4;21;19;warn_construction;0;0;21;19
ea2504c26c724e3ab9207bcb9f6b82aa.jpg;4;35;61;forb_speed_over_90;0;0;35;61
a5f07da260fa4a4282b7a00db3899e9f.jpg;4;36;64;forb_speed_over_90;0;0;36;64
c0acf186c490430cb9b0fadf16fd77b4.jpg;4;104;93;mand_right;0;0;104;93
1362e2f7df074e2d9b18f0cef7c9caa8.jpg;4;96;79;prio_give_way;0;0;96;79
3444cfa7585e408fb09eeef198595fbd.jpg;4;31;28;warn_crosswalk;0;0;31;28
23e1651aaa3c40e983db7bb75120ef44.jpg;4;29;28;warn_traffic_light;0;0;29;28
ad2cd5308fae403685418f2a2a65395b.jpg;4;119;126;info_crosswalk;0;0;119;126
40bbdc5b0482471b92bf452e92231478.jpg;4;65;94;info_parking;0;0;65;94
29f0232ff56f47ed9895c954fba6ee0a.jpg;4;31;29;mand_pass_left_right;0;0;31;29
bc846ecf2fe2440f9e3f063bc962ba33.jpg;4;121;115;forb_ahead;0;0;121;115
f50d3b444883439c9d3ef1f30fa1f888.jpg;4;66;59;warn_tram;0;0;66;59
ac0646945dd5496f913380ff0be20c38.jpg;4;21;19;warn_crosswalk;0;0;21;19
f0450c2eea94439fbb5708a87b68761f.jpg;4;29;28;forb_stopping;0;0;29;28
209c3f59102b47da9e49fc16b301eee7.jpg;4;29;27;forb_speed_over_40;0;0;29;27
8db1b7bb30b646feae17816287becc74.jpg;4;44;54;info_parking;0;0;44;54
2700cfab8d0e4dc688c45aa9c171a3f8.jpg;4;25;22;info_crosswalk;0;0;25;22
2bc370bd7d8240f3ad56863cf05baf8e.jpg;4;24;20;prio_give_way;0;0;24;20
49600e99c14846fab9dd2b341607045d.jpg;4;21;19;mand_right;0;0;21;19
afd5f86d2ec04c59a9d3f1e8dc077ca0.jpg;4;15;15;info_crosswalk;0;0;15;15
5cca50ede6b24b528b4abdde21eaa9f8.jpg;4;24;27;forb_right;0;0;24;27
4fda7356f5e04790898a70b92472c91a.jpg;4;20;28;info_crosswalk;0;0;20;28
8415303d353244afb691c0ea187105fa.jpg;4;62;57;warn_other_dangers;0;0;62;57
96bab174a2b045eca2190f68a603f841.jpg;4;60;59;warn_poor_road_surface;0;0;60;59
17f44c76892b4989881f8f08c741178c.jpg;4;61;94;forb_speed_over_60;0;0;61;94
1f738a12d00243819602306407ea2714.jpg;4;45;48;info_bus_station;0;0;45;48
0dc5b4ab714e45b18da6827021bf8098.jpg;4;19;19;forb_trucks;0;0;19;19
fbcc797a2ee94d8cab6d7e553bacc432.jpg;4;72;71;forb_stopping;0;0;72;71
fd527c2d72b749528f4ceee0ecc32a4e.jpg;4;86;89;info_crosswalk;0;0;86;89
8f194d4f260a4ac1a680b68ce2b2e2f3.jpg;4;77;83;forb_weight_over_3.5t;0;0;77;83
1ff6973bf35a423ab4c165c438f3104d.jpg;4;193;136;forb_speed_over_80;0;0;193;136
3322614f6b764c298f0d40f03cf902d2.jpg;4;130;130;forb_speed_over_80;0;0;130;130
0f1028f5f2064f4b8b0f7b9249cf48ee.jpg;4;38;35;warn_slippery_road;0;0;38;35
ba7dc10fddb94c8e8c64a138ae607733.jpg;4;113;120;forb_ahead;0;0;113;120
bcf3d8e3e8b7413cb2f4887cb0804e56.jpg;4;45;60;forb_speed_over_5;0;0;45;60
8be514348ae24937837add4df42eb5cf.jpg;4;45;67;info_crosswalk;0;0;45;67
46954a3b405246b8aaa90420d616506a.jpg;4;38;47;info_parking;0;0;38;47
42a1ffb33d5a476d95dfd41603f178f2.jpg;4;119;134;prio_stop;0;0;119;134
25cb390a84ad41569ed0a2305ff7e27d.jpg;4;87;89;mand_right;0;0;87;89
4a448d91fac34eba8bf3405404cce2a4.jpg;4;28;30;forb_speed_over_60;0;0;28;30
8b53cf898552463c8f13e3fbd06956df.jpg;4;26;25;warn_construction;0;0;26;25
da4dfa06cc544450879006344036c2ca.jpg;4;7;8;forb_ahead;0;0;7;8
c27fdc59db4047c9859cb6917f77fca6.jpg;4;82;157;mand_pass_right;0;0;82;157
c8459e2b8d4d46868b389d7a04b9121e.jpg;4;29;32;forb_weight_over_7.5t;0;0;29;32
f63c68041f06432895aff8c07a44e860.jpg;4;8;8;info_crosswalk;0;0;8;8
1e270672ab0140fca18b46f7e7f40fb9.jpg;4;46;59;info_crosswalk;0;0;46;59
562124df6f0c4ec78988b0f5638d919a.jpg;4;40;56;info_bus_station;0;0;40;56
14bc6c58a0a94aa78945e775e3019137.jpg;4;121;113;forb_overtake;0;0;121;113
cc52fdbf84b34ca6b3d0806f4a69a6e3.jpg;4;139;121;warn_roundabout;0;0;139;121
111622bf482049c0bb093ba665a632b7.jpg;4;24;24;forb_u_turn;0;0;24;24
c2d0c48e2ba34bdb85baf9602383fe9a.jpg;4;54;56;warn_construction;0;0;54;56
599c0810f41b4c568d53c697494aa388.jpg;4;51;48;warn_traffic_light;0;0;51;48
e819aaeec04c4845804dce472cad41a6.jpg;4;20;21;forb_right;0;0;20;21
0c4f57b6527848eb98aac2166d17a941.jpg;4;34;35;forb_stopping;0;0;34;35
08831d912e074029b833ecf7c557d161.jpg;4;35;34;forb_left;0;0;35;34
ab5a3196c9f644b794184b6263b5fd81.jpg;4;55;59;forb_left;0;0;55;59
a6678efecd1f43098bf2932051598832.jpg;4;27;29;info_crosswalk;0;0;27;29
4891417da9e9401c83a232557bb258f4.jpg;4;25;22;warn_construction;0;0;25;22
d9a30dc44e7f42a19d0ccdb4db4bf337.jpg;4;38;39;forb_left;0;0;38;39
6bc26e74f9cd4f1f837b55866422d344.jpg;4;36;36;warn_crosswalk;0;0;36;36
acce796f6b764afab97bf695cd4358ec.jpg;4;120;123;prio_stop;0;0;120;123
e2db0388da1d4295b21cb00344922802.jpg;4;120;114;forb_stopping;0;0;120;114
8d23299d87674f138f0d4006621aba3c.jpg;4;125;113;warn_two_way_traffic;0;0;125;113
204210ee90484458ae4d6775246d9398.jpg;4;50;76;mand_bike_lane;0;0;50;76
5381cf8a94f74e758a37e8a36b15bf0a.jpg;4;25;23;warn_wild_animals;0;0;25;23
030524ef22f54918843fdafcc3a90eb6.jpg;4;25;23;warn_speed_bumper;0;0;25;23
d3a9d05f8c1b4d93a0bab5d9e32a3c80.jpg;4;78;100;warn_crosswalk;0;0;78;100
e078de56c9764086879ac777ea7d9a59.jpg;4;42;36;mand_pass_right;0;0;42;36
1ef9b46153994154a8de51d580a50c29.jpg;4;11;12;forb_ahead;0;0;11;12
d89936f274df45c8b1576f05033b3b9a.jpg;4;17;17;info_parking;0;0;17;17
6b1436ecb018480785c2781819046406.jpg;4;73;68;warn_cyclists;0;0;73;68
b87d2e404d8a4618817cef6b2d47680f.jpg;4;55;48;prio_give_way;0;0;55;48
5f2aff7a131d4b8592075c154667554f.jpg;4;17;22;info_crosswalk;0;0;17;22
8f0656119a574f2387a64598eb55a3ef.jpg;4;15;22;forb_stopping;0;0;15;22
a5234d831e82466c8b2688e756ccde0c.jpg;4;14;19;info_crosswalk;0;0;14;19
c6d88ec5b8744b83ae8487de05682618.jpg;4;27;78;forb_speed_over_20;0;0;27;78
ccce6f962b754efa849492aa49fa1384.jpg;4;25;81;info_crosswalk;0;0;25;81
91814299afe94f3fa0c816c1ac110420.jpg;4;58;62;forb_left;0;0;58;62
009baaafbd26476db7164dad30d9f66b.jpg;4;48;62;forb_stopping;0;0;48;62
d733e2b5511e4f438372cf66a51a70a9.jpg;4;46;43;warn_crosswalk;0;0;46;43
64d54a5526984d5badecf50ac599a2ed.jpg;4;32;32;forb_speed_over_40;0;0;32;32
c2b2ba64704a43afbb0869275463574c.jpg;4;48;55;forb_overtake;0;0;48;55
738e8141d6e647a9be59cff3f7d1ff38.jpg;4;50;54;forb_speed_over_40;0;0;50;54
823d6951f26849f8a91bcc23c00b2f3e.jpg;4;35;36;forb_u_turn;0;0;35;36
c03c62fd19184338b414d03790fa1356.jpg;4;28;35;info_highway;0;0;28;35
212dbf84b40242f4be7faf4d177dc23a.jpg;4;17;16;prio_give_way;0;0;17;16
280ae914bafe42358cff20e4a286db97.jpg;4;62;70;mand_straight_right;0;0;62;70
9b4561011e504528ab920a21965f4606.jpg;4;51;71;info_bus_station;0;0;51;71
cab262238ae842d783398ebce940cd92.jpg;4;76;80;forb_ahead;0;0;76;80
9c3a0973f62d4fe2ba9eda4c2f6c691b.jpg;4;34;41;forb_speed_over_10;0;0;34;41
e37456352af54916a95d168c21871570.jpg;4;53;54;forb_speed_over_5;0;0;53;54
0b880923df934646b267fc4734a7b5ca.jpg;4;23;28;mand_pass_right;0;0;23;28
cd9afc36c0f74e1d8a238202a45bbfff.jpg;4;31;31;info_crosswalk;0;0;31;31
f464a67014884157a27fa465d8222823.jpg;4;38;40;mand_pass_right;0;0;38;40
fd1493f9028c4bb786266467800f2420.jpg;4;36;36;prio_priority_road;0;0;36;36
a44b97be4bf747349408f9c1a60fcab7.jpg;4;33;32;forb_speed_over_40;0;0;33;32
9c6f866b6e4b4c4aa5037bb56f3d62c1.jpg;4;41;30;forb_speed_over_40;0;0;41;30
2354f36039e049bf8579268e44054f3f.jpg;4;22;29;forb_overtake;0;0;22;29
6b1ff3763f2542079889795de0f24dbd.jpg;4;32;33;forb_overtake;0;0;32;33
038a1e8e9e384972858f550c8265d944.jpg;4;42;79;info_bus_station;0;0;42;79
febb43e8dbd24a698da2988140cbc560.jpg;4;110;36;forb_speed_over_80;0;0;110;36
412fc5d0143946eca82f806a7eacbf9c.jpg;4;97;29;forb_speed_over_80;0;0;97;29
b28bffef677d41ae91b2d5df0ffb5630.jpg;4;70;74;warn_crosswalk;0;0;70;74
7dff033fec5a45d182a3a531bb1a5942.jpg;4;76;82;warn_roundabout;0;0;76;82
fab0ebe014b147778a611cf02745bcfe.jpg;4;25;28;forb_speed_over_20;0;0;25;28
d48a47e482f740e79091f828c66fba50.jpg;4;108;136;info_crosswalk;0;0;108;136
5026684fc7894871a2236f7bd6bebd78.jpg;4;25;44;info_parking;0;0;25;44
7311bff911184a8689c058e72a2ae8c1.jpg;4;18;26;info_parking;0;0;18;26
0f7cee61bc694bdbb83d73cfcd37d385.jpg;4;75;72;warn_crosswalk;0;0;75;72
b85a51296c534e88a84037fb6383e19e.jpg;4;42;38;warn_traffic_light;0;0;42;38
2d7d45acd5174921adb1667cd0cdf031.jpg;4;35;34;forb_stopping;0;0;35;34
2ef8b9b1e75a40ef82548de034f40b04.jpg;4;33;32;info_crosswalk;0;0;33;32
4810dcc21ef74d1499cd8542150c0ce7.jpg;4;29;28;forb_speed_over_5;0;0;29;28
0db9f94553064fc791229c138a8f02c0.jpg;4;103;66;prio_give_way;0;0;103;66
3e1c7f2f51174970a7260856be222659.jpg;4;57;98;mand_straight_right;0;0;57;98
ea9661f60a3a459b9854b63cf63d4a56.jpg;4;147;252;warn_roundabout;0;0;147;252
7894546982d64597b4d606e1ba8088b7.jpg;4;133;265;forb_speed_over_30;0;0;133;265
fa1ac1435e0b43cd8a1b37b9493d8767.jpg;4;41;146;forb_speed_over_80;0;0;41;146
17db091889a4486ea189960aa226ea25.jpg;4;41;139;forb_speed_over_130;0;0;41;139
3deedf5dc8be42cab15ff08443ad893f.jpg;4;16;59;info_highway;0;0;16;59
e1e5cd9593974487baefb80f678af276.jpg;4;196;194;prio_stop;0;0;196;194
f37b9859659d4f13977eb8b509a8c304.jpg;4;195;193;mand_right;0;0;195;193
a5566aade80e4bdeacd674fe811b94b9.jpg;4;59;64;forb_left;0;0;59;64
21cbe47f67154026a0b2429bb7e62a99.jpg;4;42;42;forb_speed_over_40;0;0;42;42
a47b869dd9e04c9eb3106258a67e9b75.jpg;4;144;124;prio_give_way;0;0;144;124
3b4535ce840542f2ae1abaf92fe531b1.jpg;4;102;100;prio_give_way;0;0;102;100
14e22049a2654f43af54353f635860ba.jpg;4;86;83;prio_give_way;0;0;86;83
17b24e5bfd0645f2b573a24360ee654e.jpg;4;34;42;info_bus_station;0;0;34;42
548747c6298a4dc685f079483f231321.jpg;4;118;123;mand_pass_right;0;0;118;123
b3b6d9ca4d3a443e8948db98bb7533e0.jpg;4;153;127;mand_straight;0;0;153;127
eb9adac413204be79bc6717d4211c9a6.jpg;4;136;111;info_crosswalk;0;0;136;111
b4acc8ec119b47de9b61cb7145c293dd.jpg;4;154;129;mand_pass_right;0;0;154;129
283aeb82255d49cfbacb8c9b71da6fb2.jpg;4;28;39;mand_right;0;0;28;39
7dcb7ce0995c40c882fd009400ccd0a5.jpg;4;19;50;prio_stop;0;0;19;50
1ae73904f01a40db8bfeec58b6de878e.jpg;4;25;40;info_crosswalk;0;0;25;40
f30f3efecc944f799ca70fb1bc02556a.jpg;4;28;28;info_one_way_traffic;0;0;28;28
29d2972eebdb479282c818238168308e.jpg;4;24;24;forb_speed_over_5;0;0;24;24
4fd784cbf0fd4855bc752f1afe7a0354.jpg;4;119;125;forb_right;0;0;119;125
1c0c44f3e8d041d4858704341822cab3.jpg;4;45;41;forb_stopping;0;0;45;41
7026a34616f948dab93e2a3e7a532276.jpg;4;39;47;info_parking;0;0;39;47
52cb007db3d44301ad600d67a18de863.jpg;4;98;99;info_crosswalk;0;0;98;99
2073b803207a40d3924ffab5f3fa92ea.jpg;4;57;53;warn_poor_road_surface;0;0;57;53
59921df32e924d429f30f0f6693fc41c.jpg;4;19;28;info_bus_station;0;0;19;28
5e8ab2af61cb4ccbb028c0395063aac0.jpg;4;47;45;forb_speed_over_30;0;0;47;45
a7791dfd486744e28139085124f88ade.jpg;4;41;48;forb_speed_over_30;0;0;41;48
67a90832be6d4d44881fc42f47214cd2.jpg;4;48;45;warn_speed_bumper;0;0;48;45
03b7932b58f647679db2797c99b00a43.jpg;4;82;86;info_one_way_traffic;0;0;82;86
c458ac4322f5408fac5643dcd5bb4b5b.jpg;4;34;33;warn_speed_bumper;0;0;34;33
00b8733b9b5b44bfaff82c45548501dc.jpg;4;32;33;forb_speed_over_30;0;0;32;33
10bb66ba647346f094af41a6fc6dab90.jpg;4;35;42;info_crosswalk;0;0;35;42
ae1806d644904a52a8bb2ff7a38b86de.jpg;4;48;62;mand_straight_right;0;0;48;62
f8a6c6dbf4b1479d9035b378a073f015.jpg;4;118;124;mand_straight_right;0;0;118;124
3b5f6bff55dd4b78a721d33cde239bd2.jpg;4;32;60;mand_straigh_left;0;0;32;60
52bbb72159404c748d628c794b295ec4.jpg;4;24;65;info_crosswalk;0;0;24;65
8acc9b60af304694a7e6a083d9c62cd6.jpg;4;67;140;forb_speed_over_30;0;0;67;140
0ffe5c3bde1046879f0b1b37377d4bed.jpg;4;74;138;warn_roundabout;0;0;74;138
c9bc256e19cd4b38ac12f2bcd45874f3.jpg;4;65;81;forb_speed_over_100;0;0;65;81
dfb704c6922c4bb7a5e89b38d2ee1470.jpg;4;191;68;forb_speed_over_100;0;0;191;68
a457da149f98436a8d3bf94fcd129c3c.jpg;4;45;63;mand_right;0;0;45;63
d6fa737dd9da4bff8b379419b437d560.jpg;4;14;68;prio_stop;0;0;14;68
ac2b553f56aa4050830943b1fc249bb5.jpg;4;30;38;info_bus_station;0;0;30;38
b025746034894059b88debc0ac2b1919.jpg;4;34;115;forb_speed_over_60;0;0;34;115
f46c51f0d3cc45d89a6a8996b840ae4f.jpg;4;12;52;info_one_way_traffic;0;0;12;52
c7cae418db3d4cb995da3dac0cc9eb8e.jpg;4;31;28;warn_poor_road_surface;0;0;31;28
63815acc9ab74abd8d447119b30a694e.jpg;4;231;98;prio_give_way;0;0;231;98
b6cd0ce3875045539960e04b73ccb86a.jpg;4;40;42;forb_speed_over_60;0;0;40;42
71245b6ebc104da69152878ecdad0749.jpg;4;110;125;forb_speed_over_50;0;0;110;125
7308009a67cd41e989662387cc1a3e02.jpg;4;99;119;forb_left;0;0;99;119
2f83ab6a334545cd8355ef7558ba0026.jpg;4;14;12;prio_give_way;0;0;14;12
800633c1bc5d48f08685ab095eb8464e.jpg;4;32;33;warn_other_dangers;0;0;32;33
5f436c9700b748c2826836cb94d2feca.jpg;4;67;61;forb_overtake;0;0;67;61
277a10edfc3644f099a1ab844eb0f554.jpg;4;67;62;warn_slippery_road;0;0;67;62
12236b022efe41f1a4bf99fc96e892b8.jpg;4;87;79;prio_give_way;0;0;87;79
aaa168bff6f14f6d9841112973bf26ba.jpg;4;93;88;info_crosswalk;0;0;93;88
2a519b43763040dc96546edaa943bdde.jpg;4;56;82;mand_right;0;0;56;82
c5d66ff1de8b44ec83a25a41929b5021.jpg;4;36;35;forb_speed_over_40;0;0;36;35
496f2517dff54377bc64c9e305fc2f6f.jpg;4;36;34;forb_stopping;0;0;36;34
a9a5c16da39147728ae1ff4a80998b11.jpg;4;79;80;forb_speed_over_30;0;0;79;80
94262aaf171d4b0caec7f54440afa0cf.jpg;4;88;82;warn_speed_bumper;0;0;88;82
8a845bf28f38415698ebd864c3dfbc57.jpg;4;30;53;forb_right;0;0;30;53
cb41bb21ba2a4e60a4f5961da263a918.jpg;4;134;125;warn_two_way_traffic;0;0;134;125
b649018330824b5f8f7794dfe0f0b21a.jpg;4;61;71;mand_bike_lane;0;0;61;71
dfc88390d16243ad8c1c2ecf7dbf2c7c.jpg;4;42;65;forb_stopping;0;0;42;65
c6d44b5fc08842d4aa753a989cbef397.jpg;4;70;72;info_one_way_traffic;0;0;70;72
42968892aebf4da482a690d2758a016b.jpg;4;28;29;prio_stop;0;0;28;29
07c6f30cf1474130a1e967eeb912af2d.jpg;4;30;28;warn_two_way_traffic;0;0;30;28
8f58716c663c4de3af8045d1126ebb31.jpg;4;78;130;forb_stopping;0;0;78;130
a994e2958d2846e1882a47443e057e3c.jpg;4;32;60;info_parking;0;0;32;60
8cb428426ea64bd49173e68eb54f2c8c.jpg;4;73;94;forb_speed_over_50;0;0;73;94
825a66bbdbe144719ef432d327a26f54.jpg;4;70;71;forb_speed_over_5;0;0;70;71
ac310a6e71bb4bcd8bf1d77cb6904003.jpg;4;76;82;info_crosswalk;0;0;76;82
fbecfeee5cf644e4b5e97c90b9146ffc.jpg;4;17;21;info_parking;0;0;17;21
e57eeabd68b7403fb0d2a9476d0a27df.jpg;4;68;62;warn_children;0;0;68;62
eab9448ddbbc4d068c19430a6cc64656.jpg;4;67;72;info_crosswalk;0;0;67;72
e98ded185e8b4fb990591b06a003f021.jpg;4;28;26;info_one_way_traffic;0;0;28;26
f6fccff472f542abaaa8bc32a55a285a.jpg;4;28;25;forb_weight_over_3.5t;0;0;28;25
bcaf1576a35b40c6a8397e393512c370.jpg;4;29;29;forb_ahead;0;0;29;29
2b62fc5d5a4a44c1940a88b62d0f8793.jpg;4;15;38;mand_left;0;0;15;38
6c4ca345e195480e996eecb70c3c5966.jpg;4;17;40;prio_stop;0;0;17;40
4ef0563c6e544ffb876f57f90a1939e8.jpg;4;25;33;info_bus_station;0;0;25;33
a137ecd83e2f487ea9d9c9352c2022ff.jpg;4;56;49;info_parking;0;0;56;49
349bbcbb43f5475586e8886b612f74cb.jpg;4;39;40;forb_overtake;0;0;39;40
e5da7ba6042343a7ab1fa2fcb7912abc.jpg;4;37;38;forb_speed_over_40;0;0;37;38
8a4be765df814fe6a4e3f8a593878c50.jpg;4;162;207;forb_speed_over_50;0;0;162;207
921e000fcdf3467e814d901160a5805d.jpg;4;607;237;forb_speed_over_70;0;0;607;237
0930f8389644484488d51b6c064f28ac.jpg;4;80;78;forb_ahead;0;0;80;78
67ae81e51a2646fabd7a40fcb8b9c031.jpg;4;105;98;warn_crosswalk;0;0;105;98
306bb4239e364f2f9a3cf5aecc5ab14e.jpg;4;27;28;warn_slippery_road;0;0;27;28
b7e2123092fc467491cf4fb4248e95b6.jpg;4;43;61;info_crosswalk;0;0;43;61
d1f220cda99b4909a627b344e022e823.jpg;4;42;54;forb_speed_over_20;0;0;42;54
76966bd82e9647fb9ac6a4b70bac1036.jpg;4;31;31;info_crosswalk;0;0;31;31
8f005cf26d9f492d8e11b784a1897b00.jpg;4;26;30;prio_priority_road;0;0;26;30
e2c7f1a44c4243f69003a437670381fe.jpg;4;21;21;mand_straigh_left;0;0;21;21
d3fd85a9bc5641acb27332bd4c83ce02.jpg;4;90;98;prio_stop;0;0;90;98
b4642c5376b24df4957d57c59ed45249.jpg;4;32;54;forb_ahead;0;0;32;54
a2964b2100374e5a9a7ab441c5b17d4c.jpg;4;32;51;forb_speed_over_10;0;0;32;51
240890d9a51b4584960b5c62e0d6f479.jpg;4;16;23;info_parking;0;0;16;23
f411ffd8997142f7a1efb70c0fcc42b7.jpg;4;58;61;prio_give_way;0;0;58;61
28d1c41367e3400483e7f63fe4d7bb40.jpg;4;54;58;mand_left_right;0;0;54;58
a592b30951a44b46b705ff17557f1147.jpg;4;90;89;info_crosswalk;0;0;90;89
6ac0832aaa88434db65f4c88a87ba3e3.jpg;4;84;80;prio_stop;0;0;84;80
7a7c9de29c8a4c34ab1771c0bc0c1814.jpg;4;103;131;info_bus_station;0;0;103;131
4cb5ef11bc0e4c889380ef507d6a0a2d.jpg;4;39;35;forb_left;0;0;39;35
bd279fecd5a5420d88fdb3960b21eaed.jpg;4;19;22;prio_give_way;0;0;19;22
418e25d18e0a4015b6cdf6149b7557c7.jpg;4;254;256;mand_roundabout;0;0;254;256
049e0edce7424e6b99385eac560ae2d1.jpg;4;328;227;forb_speed_over_50;0;0;328;227
9d6666a6a5da4bfdab15d655d47712a3.jpg;4;61;92;forb_overtake;0;0;61;92
fa5e508e21e94cfe8cf3bc387c05cba8.jpg;4;63;86;warn_roundabout;0;0;63;86
3d5deafc8a3a491f99059d1c7b8cb4f1.jpg;4;21;20;forb_left;0;0;21;20
2642a0f78ba340a5a2d5ba78988f24a1.jpg;4;20;32;info_crosswalk;0;0;20;32
2ce4294076ba435799e99a2211a40285.jpg;4;17;18;forb_ahead;0;0;17;18
c668eb17f09b4e899d26ef98e37b797a.jpg;4;40;41;forb_speed_over_30;0;0;40;41
d9f58eb8e4754a5b9711d9fc0c62ef54.jpg;4;44;41;warn_construction;0;0;44;41
b8caecbfb1f74d7395b7860133eb27fc.jpg;4;56;55;forb_speed_over_30;0;0;56;55
feb448747ee9473d87d59d2384756614.jpg;4;56;53;forb_overtake;0;0;56;53
1514c2b073784384bed95c7aaa8f3d5a.jpg;4;54;121;forb_overtake;0;0;54;121
b1394741aa5442d6b69ffbd7e7171d90.jpg;4;53;127;forb_speed_over_80;0;0;53;127
38d86d842f454101a934a351baba21eb.jpg;4;26;50;info_parking;0;0;26;50
7198bd2c92084899adff320a4ddccec1.jpg;4;43;48;warn_construction;0;0;43;48
c13b88cf093749339bd7973f442a0439.jpg;4;34;31;warn_construction;0;0;34;31
96d9c66c7c1e45e58407b6d684ebe70b.jpg;4;40;46;forb_speed_over_40;0;0;40;46
d927d3f2ac6a40ad9a8e7ee6cb6f1810.jpg;4;41;41;warn_two_way_traffic;0;0;41;41
9fdafc92b6fc4f27b67dc2bdfa485933.jpg;4;54;96;warn_slippery_road;0;0;54;96
adcc2eb15ff548eb8f5cee08ca4c59da.jpg;4;49;51;forb_overtake;0;0;49;51
abb42a3ec1bd4e34a1ca0260ee8f9237.jpg;4;46;58;prio_give_way;0;0;46;58
157a3830420240ac89983aaff179a37d.jpg;4;18;18;forb_ahead;0;0;18;18
0d2767cd45784b30b06788860be22f6c.jpg;4;42;58;mand_left_right;0;0;42;58
13021d0a218242f8955088e8f67700e0.jpg;4;32;31;warn_roundabout;0;0;32;31
9b7bb0fa35ff459499137f4b4d0f0b7c.jpg;4;28;31;forb_speed_over_30;0;0;28;31
2f80ab17068b4ef585f9e7977300036c.jpg;4;12;11;mand_roundabout;0;0;12;11
ccae1e1ae1844504a00c4a766ff25768.jpg;4;17;15;prio_give_way;0;0;17;15
a65b5d4124684daa95efe291038ce8d8.jpg;4;95;110;forb_ahead;0;0;95;110
486bb4785aa74a96b51737a8c75b0338.jpg;4;88;80;warn_construction;0;0;88;80
6c72b51a20dd4d0d8cdeb7fafd20111d.jpg;4;17;20;forb_right;0;0;17;20
79811438d3be4d6e8dacfbc09c70b025.jpg;4;9;9;info_crosswalk;0;0;9;9
fbef0828f6c049efa8776284be430e79.jpg;4;6;11;mand_right;0;0;6;11
80c3d72364774c6d8259d207e0b8fa8a.jpg;4;28;47;info_bus_station;0;0;28;47
c9a8b7ed5b994c238d064c54c965f988.jpg;4;28;27;mand_straight;0;0;28;27
05c046abf49c48d8926b06be17097edd.jpg;4;22;49;info_parking;0;0;22;49
04ddb8facb384575b3f0cf17858cfba8.jpg;4;12;22;info_parking;0;0;12;22
49bdf608d5d441378f601993ba61df6e.jpg;4;6;21;forb_ahead;0;0;6;21
bf46e177c656449cb07acd3b0b0b9d93.jpg;4;8;13;info_crosswalk;0;0;8;13
9e54e26e7da24b219e275f3eb2f3a8f3.jpg;4;57;78;forb_left;0;0;57;78
8db55479017740bd90ed792d77fba345.jpg;4;18;17;warn_children;0;0;18;17
172591201a264ed080fa69f13fe3e6a3.jpg;4;16;16;forb_speed_over_30;0;0;16;16
172fcb42ab1b49519784cfe93150ca95.jpg;4;70;59;prio_give_way;0;0;70;59
c7e60e1549d44b3381c4b5d42db3436e.jpg;4;69;61;mand_roundabout;0;0;69;61
b1fe601f03b14518917844a95c4cbbac.jpg;4;108;74;info_crosswalk;0;0;108;74
1bc4089079154ccbaeae66fa50c0c1a9.jpg;4;55;61;forb_speed_over_100;0;0;55;61
95ed1a2663344c05a83c4f4ee2d6312c.jpg;4;87;88;forb_right;0;0;87;88
191be484532242a6a27174578f7bad65.jpg;4;56;76;info_parking;0;0;56;76
4f4cc2ca91864f16b9f40e205eb6159b.jpg;4;114;122;info_crosswalk;0;0;114;122
8bd5aa25b85e440489b8666ffe1110a2.jpg;4;29;65;info_one_way_traffic;0;0;29;65
8a273691823c4f82b0120da38848c5e3.jpg;4;69;66;warn_roundabout;0;0;69;66
312f1ad90f8f47589767212d8c4e04b7.jpg;4;69;68;forb_speed_over_30;0;0;69;68
bb987753a6694f069cc4dae27c6fc36b.jpg;4;14;14;mand_pass_left_right;0;0;14;14
ea3c3de3bcb549b98e7b6d4bba377077.jpg;4;105;114;forb_weight_over_3.5t;0;0;105;114
c723495c630941f19d55205e78c1554d.jpg;4;218;227;mand_pass_left_right;0;0;218;227
13b4064e0b0a45a789719c7255d04ed9.jpg;4;84;87;info_crosswalk;0;0;84;87
5009586465984c7db05d56415ff00d11.jpg;4;62;55;prio_give_way;0;0;62;55
0f01d03b811e4facbd63454443dd88dc.jpg;4;28;27;forb_speed_over_80;0;0;28;27
89a844ecbb60473a857d40d3eabe44cd.jpg;4;33;36;forb_overtake;0;0;33;36
1b627821ce794c089da301730f5143c0.jpg;4;69;68;forb_right;0;0;69;68
80ce1dbc435d4df1b3798c2ad993cb63.jpg;4;76;77;info_crosswalk;0;0;76;77
23110a7d36ef44768c260e039a6d2978.jpg;4;82;72;prio_give_way;0;0;82;72
87f849bf25d443179d26454e1f5f8601.jpg;4;22;19;prio_give_way;0;0;22;19
e0b8a217032d4d8ea083a9bcafd57c28.jpg;4;13;18;info_highway;0;0;13;18
764b1811c83a459aa069714f68a19e1d.jpg;4;50;53;forb_speed_over_100;0;0;50;53
c0a07ff3ddf64a31add297c4d2b42a73.jpg;4;110;32;forb_speed_over_100;0;0;110;32
3770eedebae2401d8243fec22df8ede7.jpg;4;140;136;prio_stop;0;0;140;136
8d9f09bacef64d2993e0d398db17724f.jpg;4;132;134;mand_right;0;0;132;134
c22bc99b6e0b498d93ca4b22212781b5.jpg;4;29;31;forb_stopping;0;0;29;31
9d0f68155a0e44e18a95729d4df04883.jpg;4;30;32;info_one_way_traffic;0;0;30;32
d6d48f3393e94c55be80def34e8094f1.jpg;4;37;38;forb_right;0;0;37;38
81651d5e87844671b07ffbff2ca9cada.jpg;4;39;36;warn_construction;0;0;39;36
45f4bb4e1d444c3a8a4beb85db0d2594.jpg;4;34;47;info_bus_station;0;0;34;47
a554885c860941059f95b5ebb515a713.jpg;4;24;24;forb_u_turn;0;0;24;24
13c4d52d6c7743beabf13db01599640a.jpg;4;28;44;mand_pass_right;0;0;28;44
ece246e4ace145fcb25ba3bc9399c5ef.jpg;4;122;135;mand_pass_right;0;0;122;135
359be8406bcb4c7a9304a01bdf2efb13.jpg;4;136;141;forb_weight_over_3.5t;0;0;136;141
ed9db4d1c9ee40d887bf4b4966c9f261.jpg;4;42;63;info_parking;0;0;42;63
409c196d3ec74c668ac9e65a9ebada22.jpg;4;72;82;forb_left;0;0;72;82
c5fc72231fbe45d6863d0e8d6a508bc9.jpg;4;228;136;prio_give_way;0;0;228;136
e9d7fd228674492d98cb819b1c40d565.jpg;4;40;64;forb_weight_over_3.5t;0;0;40;64
9e636510fd454e3aafab9860ab9b13cb.jpg;4;110;101;info_one_way_traffic;0;0;110;101
b15a38e0e1464078a091c21b4da1cb19.jpg;4;25;41;info_parking;0;0;25;41
e8fd61538f114c9a97d81bda66202931.jpg;4;32;35;forb_speed_over_50;0;0;32;35
345597a803454320b454dc2be8c8a954.jpg;4;60;51;warn_other_dangers;0;0;60;51
4fae65d1f541478d8eb7d41f8d0715f5.jpg;4;79;100;info_parking;0;0;79;100
47f85e35e1bc4c8ca4b886128f9d1218.jpg;4;64;69;forb_speed_over_5;0;0;64;69
5727f82b29174d1287511ac98ce677fe.jpg;4;20;21;forb_speed_over_90;0;0;20;21
432476397e1646eea01854deba9264e4.jpg;4;21;29;prio_stop;0;0;21;29
b1703a071db84f10900e8064af12308c.jpg;4;20;28;mand_right;0;0;20;28
bfe5d54e23f1439aa8259eb41174fd8f.jpg;4;22;26;warn_cyclists;0;0;22;26
7be3a0f7f15a48fab3648ea6ab63379b.jpg;4;31;34;forb_left;0;0;31;34
682300c095da4e2089ca6f71f046cb2f.jpg;4;78;91;forb_stopping;0;0;78;91
0dbeafc885fd430ca114a9b3e250d485.jpg;4;63;80;warn_roundabout;0;0;63;80
43d28838405c4692a064f61f3b138a09.jpg;4;59;74;forb_overtake;0;0;59;74
5e500a3a2f5f4a32a6f3726a2c62d37c.jpg;4;71;76;forb_speed_over_70;0;0;71;76
8b8816b75c51488b8cf2684816602f67.jpg;4;103;105;forb_stopping;0;0;103;105
1fb2b753fe914b5d9c3e51088efb1709.jpg;4;103;109;forb_speed_over_40;0;0;103;109
4b8b33faa1524fab992b2e4e22041b5b.jpg;4;25;42;info_bus_station;0;0;25;42
598dadfd75b946b3a5109f6ebdae7f76.jpg;4;45;53;forb_weight_over_3.5t;0;0;45;53
b5399d22f46b4ee0a374090604b5f7ef.jpg;4;43;44;forb_u_turn;0;0;43;44
13492b0f0c9d4115b163dd8c80b181ae.jpg;4;68;73;mand_pass_left_right;0;0;68;73
e7eb916be4954069b341a911391f31b2.jpg;4;33;33;info_one_way_traffic;0;0;33;33
e051df20b3814a2e9489f690303bf819.jpg;4;411;184;forb_speed_over_30;0;0;411;184
54cd309d30654aa9aae0c1a61f88bc8d.jpg;4;62;61;forb_trucks;0;0;62;61
8731a1407f3948229fe76a8ca135d6b1.jpg;4;151;178;info_bus_station;0;0;151;178
fd893d20ee5143e88763e4e3e3620298.jpg;4;7;8;mand_left;0;0;7;8
1e19f7b466914cfdadd0430254c0dcec.jpg;4;9;10;prio_give_way;0;0;9;10
f04fc4d19717446894582c54e2c11cc0.jpg;4;41;54;info_bus_station;0;0;41;54
5bb4b57466224c9dbe24977022860789.jpg;4;182;82;forb_speed_over_100;0;0;182;82
8fb8aa60329e4730aee7fc1f53e96526.jpg;4;101;129;prio_stop;0;0;101;129
1ef7035ae7a749c1b39f836dbc6a05d9.jpg;4;37;59;warn_speed_bumper;0;0;37;59
5f8100f7128e482da7ea3f4a797f6f2e.jpg;4;64;59;warn_other_dangers;0;0;64;59
8ad73dac7dcf48d887f017080394be6c.jpg;4;13;11;mand_pass_left_right;0;0;13;11
5094ace473cb4c92ade50b6481dfc845.jpg;4;39;71;forb_speed_over_20;0;0;39;71
b080cd3427944c05bf0bb68012f097cc.jpg;4;61;65;forb_speed_over_10;0;0;61;65
10b3f933a1f146d5bfcf2ce608249b70.jpg;4;52;60;info_crosswalk;0;0;52;60
c7efab5542524ad09ef5cc76c2d31a43.jpg;4;18;20;forb_ahead;0;0;18;20
e114f25a1ffa4498b754b175f64198b9.jpg;4;56;61;mand_pass_right;0;0;56;61
aaa9668e240b4061a422db18646a2315.jpg;4;41;47;mand_right;0;0;41;47
0d798aebc0bd44b49c7ac69f07d57260.jpg;4;42;49;prio_stop;0;0;42;49
e8a3b7709d31490893f34b20750f4490.jpg;4;60;63;forb_ahead;0;0;60;63
5ea2a513fb9b4fe689e443b17514efff.jpg;4;46;51;info_crosswalk;0;0;46;51
7a4be1fe0ac64ee78c978f8063e5bb79.jpg;4;72;97;mand_roundabout;0;0;72;97
a0b094f58a854290afc020784784bc97.jpg;4;36;35;mand_pass_right;0;0;36;35
185f17f072dc41a5b263953d08aecf71.jpg;4;74;75;warn_speed_bumper;0;0;74;75
d91782a60132482b98c72f3572bade60.jpg;4;68;75;forb_speed_over_30;0;0;68;75
b0faed1905dd4149ae1be9626042c3ac.jpg;4;61;63;forb_speed_over_30;0;0;61;63
83dacaf40f704732b7de9c9f08baa814.jpg;4;51;54;mand_straigh_left;0;0;51;54
76d5b4fca08248fbbcf99ba0f21567e1.jpg;4;39;39;info_crosswalk;0;0;39;39
a24e7ba945e84d5492ff4959359b4db7.jpg;4;43;45;forb_speed_over_60;0;0;43;45
93493096a3ae491c8d5aae2e339c1f29.jpg;4;63;79;warn_poor_road_surface;0;0;63;79
57dfdd54a3cc469f98239cebc88d41f9.jpg;4;88;83;prio_give_way;0;0;88;83
851b755ebbb64535a9608f840b0f6ce3.jpg;4;59;68;mand_right;0;0;59;68
ee661dd1ac594ad9831a316a4c4fe4ee.jpg;4;107;112;info_crosswalk;0;0;107;112
73174004e51249729f1eb102a275f950.jpg;4;66;106;forb_speed_over_20;0;0;66;106
70ffcb68417f474a8c69c1c61378466d.jpg;4;100;92;warn_construction;0;0;100;92
58dab11a47a8481f91cabb2c5904ee66.jpg;4;68;68;mand_pass_left;0;0;68;68
39f42b209b994207a3bc5de0656b86f5.jpg;4;69;73;info_crosswalk;0;0;69;73
3c7cec513bf04141bd3b53178ec47e32.jpg;4;25;28;forb_stopping;0;0;25;28
d70d53e33b5040419baf58a748d52b6b.jpg;4;58;54;warn_other_dangers;0;0;58;54
142792fadfb24114888839755b812dd7.jpg;4;48;49;warn_construction;0;0;48;49
d775363467dc4746923295f77e6b4ade.jpg;4;42;43;forb_overtake;0;0;42;43
a02d361e25f34603a473c36750a28b80.jpg;4;42;42;forb_speed_over_60;0;0;42;42
98091d4a32554538864f54258fc4d379.jpg;4;168;199;forb_ahead;0;0;168;199
7cc74c1ae0da4c8f9f4708a17c4b6933.jpg;4;106;98;info_bus_station;0;0;106;98
e0fb887f92854229b52837e9a9963991.jpg;4;24;47;info_bus_station;0;0;24;47
c1e0f2dff0bc47a29c671f3b1eb366fe.jpg;4;89;88;forb_overtake;0;0;89;88
6a3ad670b6f344b7afc876f461262b4a.jpg;4;94;92;forb_speed_over_30;0;0;94;92
2ea2da16545a41daa8383f482732b5b7.jpg;4;34;34;forb_speed_over_90;0;0;34;34
5fed8c731d7e463798e3e017a990e532.jpg;4;221;228;mand_pass_left_right;0;0;221;228
2e323dd92da54265acf484dea04c9fc8.jpg;4;63;71;forb_stopping;0;0;63;71
359cb61f2544406da2dfb9eb879dabc7.jpg;4;23;22;forb_u_turn;0;0;23;22
bbc8340c66c34bd7a09789ec2f9d9d46.jpg;4;64;61;mand_straight_right;0;0;64;61
ceca9e2669ba4c2f979415141962e77a.jpg;4;50;46;forb_right;0;0;50;46
7c265833367a47f1b581a18a7e5ad156.jpg;4;56;48;prio_give_way;0;0;56;48
61ee77e5a2194409a1a80a6c543a4db6.jpg;4;60;61;forb_overtake;0;0;60;61
4e5fe999dd574ca3a8f6369403f7bf3c.jpg;4;63;59;warn_crosswalk;0;0;63;59
77addf46afab4c12b120fb195c2a3005.jpg;4;82;79;forb_speed_over_100;0;0;82;79
d9bc866b97514f0596d753c9240b8413.jpg;4;146;43;forb_speed_over_100;0;0;146;43
a554784f8fa24f328a5a7f24ae70657d.jpg;4;140;132;prio_give_way;0;0;140;132
f0960a86b54f48048184b588ebb6bf92.jpg;4;129;138;mand_roundabout;0;0;129;138
748a5f43385647a1ab4c481fff183844.jpg;4;77;82;prio_priority_road;0;0;77;82
1d15b61d75d54f7d8719190fbf9443d6.jpg;4;30;26;warn_construction;0;0;30;26
13e61fc4e7874d2990c2af8eba8476ad.jpg;4;27;25;forb_speed_over_30;0;0;27;25
95f61a8b025c47d292db7874956d1930.jpg;4;63;98;warn_cyclists;0;0;63;98
3f71d69463834c73b3543eac985285d3.jpg;4;60;118;info_crosswalk;0;0;60;118
0255f49d41604cebbf18fa37d3b585d7.jpg;4;36;35;forb_speed_over_100;0;0;36;35
301b3b3e502b4223a1e4a249e2e322ae.jpg;4;30;29;forb_speed_over_100;0;0;30;29
e768bad8b1be4986bc743427ff7234fc.jpg;4;65;61;mand_right;0;0;65;61
e66d712663fa4341902d170d49950c21.jpg;4;68;61;info_crosswalk;0;0;68;61
ed9c4e3f852a4cc1be913f9c7b45c569.jpg;4;67;63;prio_stop;0;0;67;63
0cd1b4cfb43a4940b3d8fc073c48ee95.jpg;4;102;89;warn_roundabout;0;0;102;89
2a51cb21ae224626825fed27df63cf12.jpg;4;101;92;forb_speed_over_30;0;0;101;92
4b77f0582c694d7e91a80a1b58ca7ec7.jpg;4;98;108;forb_speed_over_50;0;0;98;108
3ba31328e72446aab79002f690e27e6c.jpg;4;92;107;forb_speed_over_5;0;0;92;107
a7029a5d663043c0ad6552d705f6ebaf.jpg;4;162;240;prio_give_way;0;0;162;240
aab6b9aeae754fdba35477dfa66002b3.jpg;4;33;33;forb_left;0;0;33;33
7151c918c25041288a6e1cb982fc3baf.jpg;4;37;37;info_crosswalk;0;0;37;37
957c8fbef591486584cec42f942450b9.jpg;4;14;15;forb_speed_over_30;0;0;14;15
56016c7cc0a444ee831b11c0f4e39bd1.jpg;4;16;25;info_bus_station;0;0;16;25
d71f68cc539440988d4fcd262dcaa449.jpg;4;184;98;prio_give_way;0;0;184;98
87ac2392b6a44d258cfdad9b8feb0f08.jpg;4;48;79;info_bus_station;0;0;48;79
59f4713c3c254b8c96f9823c8ba19e81.jpg;4;17;19;info_one_way_traffic;0;0;17;19
b5a3c2b1c0ba4012a620a82527b25512.jpg;4;16;18;forb_speed_over_40;0;0;16;18
86def4943852481e9b3e4a09c6810367.jpg;4;106;107;warn_wild_animals;0;0;106;107
ef1a3aad76e0411197133ed73d62184b.jpg;4;73;71;warn_children;0;0;73;71
9fff2ab1563948928d110b52ec0ba53b.jpg;4;112;135;forb_speed_over_50;0;0;112;135
e280e5796a0248f08d1ed32f21482077.jpg;4;65;62;forb_left;0;0;65;62
73269083adcf487db6b232b2b48465ed.jpg;4;57;56;forb_speed_over_70;0;0;57;56
064ee7cdbb22488ba196d7b4e2f9c89b.jpg;4;36;73;forb_overtake;0;0;36;73
2330c5e9b5bc40c58828ac4cc2de194a.jpg;4;68;69;forb_left;0;0;68;69
6ed224faf4ac419d8650bce120f3228e.jpg;4;70;67;forb_stopping;0;0;70;67
976c05750e4c414e84f91828f21951fd.jpg;4;58;26;forb_speed_over_30;0;0;58;26
f5424124e75542ec8808d8cbe09492bb.jpg;4;44;49;forb_speed_over_30;0;0;44;49
4665653b8788419b93238c592dc21c73.jpg;4;52;46;warn_roundabout;0;0;52;46
0c972f6b52354291b19bc780b3c2cf68.jpg;4;30;25;mand_pass_right;0;0;30;25
ab9548abc625406c9de57ff5431f7b29.jpg;4;21;19;prio_give_way;0;0;21;19
e66a7dc8aba046e9bd66a4dd79d57598.jpg;4;17;12;mand_roundabout;0;0;17;12
b9c7fe8cec3842bb93f6e31891bc96fc.jpg;4;10;10;mand_pass_right;0;0;10;10
cfd6eb6c489f4ad0a4f2568d62d1bbd2.jpg;4;54;52;mand_pass_left_right;0;0;54;52
813b28a34dee49cb958522dfabacfcec.jpg;4;23;25;mand_pass_right;0;0;23;25
003d3f3d04dd4b52a422b357a825c293.jpg;4;20;20;mand_pass_left_right;0;0;20;20
4345c0680db64dc4a6f03508796bd373.jpg;4;46;43;forb_weight_over_3.5t;0;0;46;43
0c00b5d73c714b479afd0be8612477af.jpg;4;24;22;info_one_way_traffic;0;0;24;22
7bbac2299cb945808ace253894a6aafa.jpg;4;22;21;forb_stopping;0;0;22;21
9900b24a2f004941998a961b4f4559a2.jpg;4;62;68;info_one_way_traffic;0;0;62;68
739d6e49dda244b4a88d07af7d1da387.jpg;4;36;41;forb_speed_over_80;0;0;36;41
ef34608df7ef4f4e8fbdb70f3aa11d24.jpg;4;107;30;forb_speed_over_80;0;0;107;30
553d9b92e06e4c7baa6424724df7a293.jpg;4;115;26;forb_speed_over_80;0;0;115;26
76a86dc8613942edaa582d5f4815ab1b.jpg;4;32;33;forb_stopping;0;0;32;33
1f32339e857a4c008ce23f9814920a18.jpg;4;32;34;forb_speed_over_40;0;0;32;34
279532cb2a1b4c8f858e1285849d6c1d.jpg;4;75;69;mand_straight_right;0;0;75;69
44965155941640088b84d84ebfdd4063.jpg;4;67;58;info_parking;0;0;67;58
7f966752384645bf9404788b7495fc85.jpg;4;32;31;info_one_way_traffic;0;0;32;31
df5b9401d5e14a8ab1b293b2e47769ed.jpg;4;32;30;forb_weight_over_3.5t;0;0;32;30
fe1e63d695f94c119075f68f13f2940a.jpg;4;22;22;forb_speed_over_10;0;0;22;22
a012fc954dca4b018fb20134d701f621.jpg;4;82;132;forb_ahead;0;0;82;132
a4c68a62734b42e6969d2793dade0749.jpg;4;45;44;forb_weight_over_3.5t;0;0;45;44
8a8dfa8082384cc5b5320644e47b741a.jpg;4;84;98;forb_stopping;0;0;84;98
527739323dfc4eafb2b1f3478f942034.jpg;4;93;116;warn_roundabout;0;0;93;116
40db435bee6a4ee6871ca8a1fbca8086.jpg;4;46;47;forb_speed_over_100;0;0;46;47
c4e9223510ae4b8ca00bea20f51da7c3.jpg;4;69;54;warn_children;0;0;69;54
71e1acbe24e549cf97c01db4ba8baa1e.jpg;4;50;48;forb_speed_over_60;0;0;50;48
92c562fcd0384270acdaf011615dd215.jpg;4;46;50;forb_speed_over_70;0;0;46;50
b051784a918641679bbca61a1cf4a893.jpg;4;32;30;prio_give_way;0;0;32;30
194380eee0fb4d59aedeef078c2fe065.jpg;4;29;30;mand_left;0;0;29;30
956b9abcd9864f1b82014bfcaf75c1f8.jpg;4;72;96;info_bus_station;0;0;72;96
ea3e4168727b461580340f5cbfe11f8f.jpg;4;29;31;info_crosswalk;0;0;29;31
56fde7e099e64d5db7cbf527ad69cc26.jpg;4;26;26;forb_left;0;0;26;26
da047d4048cd4e76b9378a905bdb083a.jpg;4;55;60;forb_speed_over_50;0;0;55;60
0293f5446b014692a0e5e5943874585a.jpg;4;96;58;forb_speed_over_50;0;0;96;58
b18ab8b78e094b26a2af8a492322bdf3.jpg;4;23;30;mand_pass_left_right;0;0;23;30
28b3b59695204ec3822a19c2cded831c.jpg;4;20;29;info_bus_station;0;0;20;29
5399814922064e1586ad61334fd7b00d.jpg;4;40;42;info_crosswalk;0;0;40;42
8114cb65101e48aaac50cced77446bce.jpg;4;33;38;forb_left;0;0;33;38
cc29705c344948648a561b256d509dee.jpg;4;32;32;prio_priority_road;0;0;32;32
72f8032cf88e4138b97f40a1b13ad40c.jpg;4;198;85;forb_speed_over_30;0;0;198;85
fe1c6a3a76cb41eb8dacbdf31ca2eae4.jpg;4;26;28;info_bus_station;0;0;26;28
d652472e569f49baa291913785c7ea8a.jpg;4;56;73;forb_ahead;0;0;56;73
6a8249bb5b7d46c986dd2a50e17bcf15.jpg;4;88;68;warn_tram;0;0;88;68
da2e3e74a5494010bd9a80d644433d7c.jpg;4;56;64;mand_pass_left;0;0;56;64
a844f983aaa24871a34633419268c6d2.jpg;4;87;92;info_crosswalk;0;0;87;92
41b49bac31684b49ac55b3c69b87d407.jpg;4;103;112;prio_stop;0;0;103;112
681e3beb4d064ac5afac40a8d9830da6.jpg;4;44;50;info_one_way_traffic;0;0;44;50
c48335b52dc6492bade98a1bf04daec6.jpg;4;56;67;forb_u_turn;0;0;56;67
973fa9713cf944d5b2c66c080fc16bad.jpg;4;55;56;warn_construction;0;0;55;56
988072dff1144afab36e1b154365af18.jpg;4;87;86;mand_pass_right;0;0;87;86
e90128825dda432987f48851798a5e0f.jpg;4;25;25;mand_straigh_left;0;0;25;25
570cda50b44a4336a7a8c73588460304.jpg;4;42;58;info_highway;0;0;42;58
a6c53fc5494e4804aecccd7827416007.jpg;4;26;25;prio_give_way;0;0;26;25
8ed4dec0ca8e4cdf91b5c0d7f2b37e64.jpg;4;20;20;prio_give_way;0;0;20;20
c6883c9da5fb42c69f18da773f7db6d6.jpg;4;28;27;forb_trucks;0;0;28;27
4fcc6779378c4d10ac81a29d91b7f60e.jpg;4;28;26;forb_stopping;0;0;28;26
2c1a7a993ff440f1824a4583eafa6c06.jpg;4;58;90;info_crosswalk;0;0;58;90
0712e9a48d2b459c8dafe8a25acc48d8.jpg;4;61;77;forb_weight_over_7.5t;0;0;61;77
57567549d07c4fa4a72bb09e20c0d37c.jpg;4;55;51;forb_weight_over_3.5t;0;0;55;51
00aa18d9a9c3498d8ffa658915a504d5.jpg;4;18;18;prio_stop;0;0;18;18
f6b8fe9682064271b26b99b3d0ace784.jpg;4;42;51;info_crosswalk;0;0;42;51
af39946244234c11bf337aaa12045709.jpg;4;18;23;prio_give_way;0;0;18;23
acba577e1df54feaac96c44df352e35a.jpg;4;13;14;mand_pass_left_right;0;0;13;14
299fbd37e62342d7aa2a50bf527ee763.jpg;4;91;117;mand_pass_left_right;0;0;91;117
91d7ecf6444f41418882e6002e58b440.jpg;4;111;114;mand_pass_left_right;0;0;111;114
b6d43d78ca32438793b89dc94d5a2298.jpg;4;64;115;mand_pass_left_right;0;0;64;115
a391f7cd3e50444ea8aaf39c3fb0c2b9.jpg;4;91;132;mand_bike_lane;0;0;91;132
bc2bc23b10664f6fa3cd1f9bf0e0d02e.jpg;4;146;149;prio_give_way;0;0;146;149
29e0b1a4c85c457f8c03a57ce1091da2.jpg;4;104;107;mand_roundabout;0;0;104;107
a29727131ec2495d8d9c0fe32cb06fa7.jpg;4;120;126;info_crosswalk;0;0;120;126
e4679bad70f1412989482bb47bd9c084.jpg;4;30;38;info_parking;0;0;30;38
353c01b9510c460aa675b9e72d31b0f0.jpg;4;71;69;info_parking;0;0;71;69
407311bd27144ef79d39d2b4986d1cb8.jpg;4;27;36;info_parking;0;0;27;36
cfc986c94b1446f2ac9851051d90adfa.jpg;4;34;37;info_one_way_traffic;0;0;34;37
85307d9cf73f4b58aecff2b279a4a878.jpg;4;33;34;forb_speed_over_30;0;0;33;34
2c07fe86d1644df8a3c4d13ccbf6cf18.jpg;4;36;50;forb_speed_over_5;0;0;36;50
b2ae80d44e7d4e9d978cfc34268b5ea8.jpg;4;44;58;info_crosswalk;0;0;44;58
4c4cbc92ec884658a4b90ce4a7588b36.jpg;4;11;15;info_bus_station;0;0;11;15
17b6f48103534b828ceba152f34f1f54.jpg;4;43;61;forb_ahead;0;0;43;61
799f66dea1714780a850b61fe834eb84.jpg;4;185;227;prio_give_way;0;0;185;227
1f655b05eacd43fb82606a3b3a292635.jpg;4;126;187;mand_left_right;0;0;126;187
1af3f4e4cb8942748dea2d8db8113ca2.jpg;4;32;45;info_bus_station;0;0;32;45
6a131e18c37e4d9082fb5cc1b5d38020.jpg;4;46;52;prio_stop;0;0;46;52
5367d06567b54753a87faa6af5830c12.jpg;4;69;60;info_crosswalk;0;0;69;60
edb239ddb78b4621b7b38d203a807467.jpg;4;55;57;mand_right;0;0;55;57
bace8951a06c4ee986fd4b7b7d7107e7.jpg;4;26;26;forb_u_turn;0;0;26;26
79b336c037a644e697edc8050e23d1f8.jpg;4;42;52;forb_overtake;0;0;42;52
0fccba60c7644f7e8413cf9cf06f9bc9.jpg;4;79;72;warn_children;0;0;79;72
e331fe2f8b18436a96a9e740e13e52bd.jpg;4;177;80;prio_give_way;0;0;177;80
a49c4a9ec79640448fc6839cd7a9c021.jpg;4;66;74;forb_speed_over_70;0;0;66;74
48165f60c6834ea59d2442d4a0af5888.jpg;4;69;71;warn_crosswalk;0;0;69;71
b1105ba21fc945f78aa4ebfaf1931537.jpg;4;38;57;forb_speed_over_60;0;0;38;57
72a18e3a11784cb5932ec0538ec56ff5.jpg;4;26;23;prio_give_way;0;0;26;23
bcbfeb6c40fe42959aa465d3f5d609e4.jpg;4;18;18;forb_speed_over_50;0;0;18;18
717aa04b21784b4288b4bb6a0d3daec2.jpg;4;24;30;info_taxi_parking;0;0;24;30
b9c38dc8ba0f433a84fe9c5c4d67f761.jpg;4;27;26;forb_stopping;0;0;27;26
4185cf5f5a824214ad0d4ead930527d0.jpg;4;38;54;warn_speed_bumper;0;0;38;54
d4659ee5d7ac4a9783200d0c74afdb4b.jpg;4;37;65;forb_speed_over_30;0;0;37;65
613a7a0a96f048ababf0e34e64273331.jpg;4;31;46;info_crosswalk;0;0;31;46
cfda8e4e0f2a4749aee00f8e75840377.jpg;4;30;41;warn_cyclists;0;0;30;41
5609aacb5d6b43359643c4455e0d9ee5.jpg;4;74;53;warn_slippery_road;0;0;74;53
2bf1584e6e8944cda1c0209a0fc2a8af.jpg;4;15;13;warn_slippery_road;0;0;15;13
4b45c0eaff3145caa78cb12a40857b07.jpg;4;22;23;forb_overtake;0;0;22;23
0354b35ed8604c51990a93210fb3bc06.jpg;4;20;22;mand_pass_left;0;0;20;22
b4a288a58253477ea3f8741c4155af57.jpg;4;20;20;forb_overtake;0;0;20;20
fa45dba286e54ea0a3db3ffc3390f148.jpg;4;21;24;forb_speed_over_60;0;0;21;24
05459c1c3834409fb9d3f4bbf174565e.jpg;4;26;26;forb_speed_over_60;0;0;26;26
dc6505517d234d5a829d69ba507209ad.jpg;4;10;9;mand_pass_left;0;0;10;9
db47bc7bee2a40c6a21dc3aceb522663.jpg;4;79;150;prio_give_way;0;0;79;150
86bc9fb9559040d99f771594101ae32e.jpg;4;135;127;mand_right;0;0;135;127
c0bdd50074ac4dcda6f8a0b20c1095da.jpg;4;81;128;warn_tram;0;0;81;128
3cccdc18bf6a4bc1ad781ac6e2820622.jpg;4;72;139;mand_roundabout;0;0;72;139
323eaa5821d34be4a31a641a184e71fd.jpg;4;95;131;prio_give_way;0;0;95;131
e02e8421a7e84ec8b682f6399f6aa97f.jpg;4;47;60;info_parking;0;0;47;60
25bce23a86a54fd2be652a2d8984c66d.jpg;4;123;15;prio_give_way;0;0;123;15
7645954236154c118c7f3ff12c97857d.jpg;4;142;143;mand_pass_left_right;0;0;142;143
500e0c6d27934707951ce6190b904aa5.jpg;4;72;142;mand_pass_left_right;0;0;72;142
d29a21da3ebf480dbcac353f48a650fb.jpg;4;27;28;forb_speed_over_5;0;0;27;28
6411fd005be84dbfa4a5f42f48fcbc9d.jpg;4;50;54;forb_stopping;0;0;50;54
aaaeb50701fb43c8aaf1557bda73acd6.jpg;4;36;39;forb_speed_over_10;0;0;36;39
9b30dc0cbdd049168c551aa3662fadcd.jpg;4;35;43;info_bus_station;0;0;35;43
4916625fcaa4484cb91a5449f1ffa89f.jpg;4;64;58;warn_slippery_road;0;0;64;58
18667d7bce3243d6839b7f1f2946d559.jpg;4;46;42;forb_speed_over_60;0;0;46;42
a6f5b8c18aa14abc9a64bcc29ad3871c.jpg;4;101;92;prio_stop;0;0;101;92
54993a9c1675442c8261300abb59cbff.jpg;4;66;57;prio_give_way;0;0;66;57
7819521f79554fbd91b5bf1287b79817.jpg;4;61;57;mand_right;0;0;61;57
ea3f177f346c49a2acfbf460ee36e514.jpg;4;183;152;mand_pass_left_right;0;0;183;152
7dbd79d95acc4ddca6cf1a57efecd578.jpg;4;26;24;warn_traffic_light;0;0;26;24
fc68c8ac6162420cafe178028b798b96.jpg;4;22;23;forb_stopping;0;0;22;23
3fe4aa941ec44c62836a27e8c02c1f63.jpg;4;22;27;info_bus_station;0;0;22;27
691d6308122a4e119f5213eef3aa4bfc.jpg;4;15;14;forb_speed_over_5;0;0;15;14
7f89027938d345078807e53a2671d94a.jpg;4;16;15;info_one_way_traffic;0;0;16;15
1d5559b99f064b43a2e083e96f28c0d9.jpg;4;58;52;mand_straight;0;0;58;52
248ace72d6904caba207d6e10cae0166.jpg;4;17;18;forb_stopping;0;0;17;18
5d3ffc75770d4be2be98802536f78e6f.jpg;4;13;14;info_crosswalk;0;0;13;14
39dcc52c8cd5463ca3a7a7312e360f29.jpg;4;18;18;info_one_way_traffic;0;0;18;18
493c31d7103645e3b2255b55a75fda46.jpg;4;18;17;forb_trucks;0;0;18;17
8ad03aa137db447c99d1184ac99ceeb3.jpg;4;51;55;mand_right;0;0;51;55
0169447b3a1043e293dbe29610c344f7.jpg;4;21;19;forb_stopping;0;0;21;19
acde1e77e9234948a8104d97a6dcf504.jpg;4;37;44;forb_stopping;0;0;37;44
d418f0035efb4a519a986397f127fa5d.jpg;4;31;49;info_bus_station;0;0;31;49
5a4350760c1847558cb143daa4d590e8.jpg;4;18;17;warn_tram;0;0;18;17
82bf0656d3ad49dc98da073597e5d799.jpg;4;16;17;forb_speed_over_30;0;0;16;17
f82f0920308b44e4873c4823a414263c.jpg;4;128;128;forb_weight_over_3.5t;0;0;128;128
96493d3d9b864ce1957f84d0642ba95d.jpg;4;39;49;info_bus_station;0;0;39;49
042afdfebb7847fabece5ff753e35db7.jpg;4;136;271;prio_give_way;0;0;136;271
517af430757f40869b2a61e1263bee36.jpg;4;162;187;info_crosswalk;0;0;162;187
96769ba8e4c041b09163727d43e00620.jpg;4;108;146;mand_straight_right;0;0;108;146
c28b43c2904c42519ba888da07dd4240.jpg;4;54;68;forb_weight_over_3.5t;0;0;54;68
ace088ad48ea4f7099ca082cf2d0ed78.jpg;4;146;177;forb_overtake;0;0;146;177
e063ad607a4f4784bbe3fd6613570e56.jpg;4;168;182;warn_roundabout;0;0;168;182
a8357797ff7a48efa87a008871a975b2.jpg;4;87;86;warn_wild_animals;0;0;87;86
a082f35597a84eae89d1f46def62b99a.jpg;4;60;63;forb_weight_over_3.5t;0;0;60;63
a43c5fe3e61c43349d2a99adf0bc1ea7.jpg;4;268;213;forb_speed_over_50;0;0;268;213
a15292cf2c8c44819f528658ee002181.jpg;4;136;145;info_crosswalk;0;0;136;145
044c761f03634559980368931cd19eec.jpg;4;123;125;forb_left;0;0;123;125
c0a31a35883142639041383eca0bf7bf.jpg;4;33;35;forb_speed_over_90;0;0;33;35
9a41a36387ae466293219a49e5d8036f.jpg;4;24;27;forb_speed_over_30;0;0;24;27
d2697a4d41f44dd1ad7bae2cdceea0e0.jpg;4;28;28;forb_overtake;0;0;28;28
af08ab634cc14e58a0525fa6b180878b.jpg;4;37;41;forb_speed_over_80;0;0;37;41
1ea83773a4b4460fb75b7ca58c841266.jpg;4;37;39;forb_speed_over_130;0;0;37;39
e29f3850bdf0477f906830bf13dbed99.jpg;4;14;19;info_highway;0;0;14;19
74a6570314f14efaa4d11caa50a8e7d5.jpg;4;59;66;forb_overtake;0;0;59;66
fb1a40b0c84c488a873e017e7dd3ec9d.jpg;4;84;100;info_crosswalk;0;0;84;100
1d5d027b52ac491f8c3d18189d849511.jpg;4;61;140;warn_speed_bumper;0;0;61;140
aa29c95d769344ebb019018d16b3f32e.jpg;4;42;141;forb_right;0;0;42;141
9c9c540d071841b6a966b28b8757b625.jpg;4;52;54;info_crosswalk;0;0;52;54
9fb2acb50ee44a829c12695983f703b2.jpg;4;47;47;info_one_way_traffic;0;0;47;47
4f3aa55d592b45b6a6019b18761451e9.jpg;4;142;116;mand_straight;0;0;142;116
0c6679b67d4a44b8b2968dee16c88103.jpg;4;141;116;mand_left;0;0;141;116
c0d2e5dbc537429d8212b1d8e38f05c8.jpg;4;149;128;prio_give_way;0;0;149;128
171dd3dfbd3b43adab6c6d5e9d4c6f9f.jpg;4;48;50;forb_speed_over_40;0;0;48;50
95214687df4f419ba26986498f28b7e0.jpg;4;92;119;forb_right;0;0;92;119
1d32dc4177fc4109a7876da05132cc5a.jpg;4;28;40;forb_right;0;0;28;40
85f16ae2ac8e420d967c7eaad689e46c.jpg;4;19;36;forb_ahead;0;0;19;36
fd77645c4ec944ac8b554fd7e10a29f4.jpg;4;27;39;forb_speed_over_30;0;0;27;39
af1cbc13b0ef4aae8730d3de366be4f1.jpg;4;22;34;warn_construction;0;0;22;34
926b161f19c841129593c3dea872e777.jpg;4;57;54;forb_speed_over_10;0;0;57;54
e36883f384214a769dc030fb36ead9c2.jpg;4;50;76;info_bus_station;0;0;50;76
b2475a23258b417c9a473fab30c32271.jpg;4;89;91;forb_speed_over_70;0;0;89;91
c5d3795d996d44c4b13245fc6d949e79.jpg;4;45;44;forb_stopping;0;0;45;44
b7060c8f6a13473c882ded3f988b82e5.jpg;4;32;29;forb_stopping;0;0;32;29
182f15e2694d4650ad7dbe1d7890283f.jpg;4;37;45;info_crosswalk;0;0;37;45
df1402c65d2843aeb3f7cc4b2cf78e91.jpg;4;24;28;info_one_way_traffic;0;0;24;28
41ec0952c1264de2b2f801f80e55d187.jpg;4;29;40;forb_speed_over_20;0;0;29;40
89c55e6e19214da8b0a48e0bda97cbae.jpg;4;313;326;mand_pass_left_right;0;0;313;326
9ee8d2da9b924d6ba2a2a0375f71b68c.jpg;4;128;133;forb_u_turn;0;0;128;133
452b2faff37b42f3877c95df88c0d3be.jpg;4;61;61;info_one_way_traffic;0;0;61;61
ff449fab94e74b7191b8f283bbaccf77.jpg;4;55;53;forb_weight_over_3.5t;0;0;55;53
77075d7b01c4441687a6fed09daacefe.jpg;4;162;158;prio_give_way;0;0;162;158
28e9659a26f6417c83feaa5e1bba0770.jpg;4;181;193;info_crosswalk;0;0;181;193
735cf18b9c19439e9d767a5f697c112d.jpg;4;152;168;mand_left_right;0;0;152;168
eaa4dd02856e4a6fb92ecf6b973fcee3.jpg;4;106;129;forb_speed_over_70;0;0;106;129
2dfd3d5991144aa99f47e4ae57807e18.jpg;4;126;122;warn_wild_animals;0;0;126;122
1439b8ea461241b9ad7b2773c998c9f2.jpg;4;32;42;forb_speed_over_70;0;0;32;42
5b3eeb211cb540159734d69c83b734dd.jpg;4;35;36;forb_speed_over_30;0;0;35;36
42b97694dc864e38b74bb6533d7d1841.jpg;4;38;35;warn_construction;0;0;38;35
16c867fdd03148829b92dcef40176d84.jpg;4;42;44;mand_pass_right;0;0;42;44
d3ec77c0bc2f4add9302c546dc77fef0.jpg;4;26;28;forb_speed_over_30;0;0;26;28
c2a7e632b7bc424ca75e3fa933dd8944.jpg;4;17;18;mand_pass_right;0;0;17;18
b0eb9bf952ec4518bf240e762572fb8f.jpg;4;14;18;mand_pass_right;0;0;14;18
cbbce66faf58492aa8cf9464c932eb06.jpg;4;60;59;prio_priority_road;0;0;60;59
6f59585f4aac433d8949912fa90d0a5e.jpg;4;30;53;info_crosswalk;0;0;30;53
096b0eb4c0f84b0c8d663aad05581f5a.jpg;4;54;51;info_crosswalk;0;0;54;51
ee60594073494b939c2f8531d806434d.jpg;4;45;48;forb_right;0;0;45;48
b2ec15c81bb44c5390184c4ae56c60ed.jpg;4;19;20;forb_ahead;0;0;19;20
d23705c6f6d344ffb911deb58f6a5954.jpg;4;103;103;mand_pass_left_right;0;0;103;103
1cf9a0f3e1614436915e3c189ea5f8d0.jpg;4;32;43;mand_roundabout;0;0;32;43
772aee64fa78411a92f22d502bd4f856.jpg;4;52;56;prio_give_way;0;0;52;56
19cb320e5ebd48deadcac7b71e4a9d2d.jpg;4;25;37;prio_give_way;0;0;25;37
8a189bccc7f44e4290cf6de786fe3118.jpg;4;18;30;mand_right;0;0;18;30
ad1182b5d763453885341d41ae25f8f6.jpg;4;95;96;forb_weight_over_3.5t;0;0;95;96
ba1f8458ae33427f8f68d9c2ad1597b0.jpg;4;280;288;forb_speed_over_30;0;0;280;288
b7d4c349f5d1421b85c262ea8e56b09c.jpg;4;72;76;forb_speed_over_40;0;0;72;76
e8f3199bad3f405a8044e49c07d15abb.jpg;4;75;75;forb_overtake;0;0;75;75
5af5872b4fcf4d05b53bd32847c15ae1.jpg;4;28;30;forb_weight_over_7.5t;0;0;28;30
8aa1f2aad9454672933f099903a47b60.jpg;4;20;21;forb_right;0;0;20;21
b20143c4288d45ecb454db70b7be57e3.jpg;4;28;34;forb_speed_over_5;0;0;28;34
c58f9c237b9245698638f257591e9e61.jpg;4;37;39;info_one_way_traffic;0;0;37;39
1fbebf3de8ee48519ed2c0a46ef5ec98.jpg;4;26;23;prio_give_way;0;0;26;23
44795638d6c44d5cb87e04432dad9085.jpg;4;22;22;prio_give_way;0;0;22;22
a1d465635efd463a856fc46edcb11e99.jpg;4;18;18;forb_speed_over_50;0;0;18;18
e1e5c5a9681e4436a1df13eceb25dcfc.jpg;4;19;19;forb_speed_over_50;0;0;19;19
5c17a81e699044698faca29b020dd7c4.jpg;4;39;47;warn_construction;0;0;39;47
3698d5fae1a34eac9f09778623229ace.jpg;4;58;47;warn_tram;0;0;58;47
310cad0836554bea8a6c00945927a293.jpg;4;16;18;forb_stopping;0;0;16;18
583790f17bfc40d28d50346473d7c072.jpg;4;51;49;warn_crosswalk;0;0;51;49
f02bae7f43734a878479fbd7085d688b.jpg;4;34;33;warn_slippery_road;0;0;34;33
b3c6863b2f764c1da03c82a1ac1a711c.jpg;4;17;18;forb_speed_over_50;0;0;17;18
c4c4973104ea413bb98d7ec0ecccd06a.jpg;4;136;177;warn_roundabout;0;0;136;177
69ed438094f94dfaa89570d43862122b.jpg;4;141;194;forb_speed_over_30;0;0;141;194
a238e46f07984e1d8ed3faf144bdd0e7.jpg;4;54;46;prio_give_way;0;0;54;46
400f63f82b174619b07824d81adf4760.jpg;4;36;34;mand_roundabout;0;0;36;34
3504dad3fd4e43a28f12d482f2993e72.jpg;4;45;47;mand_left;0;0;45;47
6c615b0d70264e8d8ae047f5c3986cd5.jpg;4;32;42;info_parking;0;0;32;42
386e8922b5a045e685027771a68edaff.jpg;4;36;32;warn_wild_animals;0;0;36;32
4890a5b73b644cac8a1491fe463bb4ba.jpg;4;110;153;forb_speed_over_50;0;0;110;153
22109cb75a434ad5a64c59f90b71eb3b.jpg;4;43;51;mand_roundabout;0;0;43;51
972da0dae00046379b9dd1f09cfb53d6.jpg;4;109;110;info_crosswalk;0;0;109;110
6be5a7ee5dbd4833b9095125ceb68d92.jpg;4;47;50;prio_give_way;0;0;47;50
ec231c87d4b846c8907268cc6809bbc9.jpg;4;26;27;mand_pass_left_right;0;0;26;27
885fbadffac440f1ac79f901f2817130.jpg;4;32;29;forb_right;0;0;32;29
879d1a4ca5a4413bb39d4f18f6148920.jpg;4;31;30;forb_weight_over_3.5t;0;0;31;30
3a90cc9e135444bfa9c8fc5248531d52.jpg;4;16;16;info_one_way_traffic;0;0;16;16
2f68d4ac2a2b421fbcb8e55cfe6ed4ea.jpg;4;35;34;info_crosswalk;0;0;35;34
20ffac1c7bbf432588a95baba8363137.jpg;4;31;32;forb_speed_over_30;0;0;31;32
413a6b1942b34b98aa1b1d2e89c472b6.jpg;4;42;52;forb_stopping;0;0;42;52
5a48251d0d3a4c48aa179b0379451036.jpg;4;51;70;warn_crosswalk;0;0;51;70
a8c03a3232294022b5feda024fc0f677.jpg;4;96;88;warn_traffic_light;0;0;96;88
2025ae174b134c52b72b7a27c4039132.jpg;4;92;81;warn_crosswalk;0;0;92;81
60695a16e2ce4dbea14324866a43bfc7.jpg;4;83;84;forb_stopping;0;0;83;84
d6860e344c12450fa3db37439adb0dc4.jpg;4;35;38;forb_stopping;0;0;35;38
aea9e61ac210444abe76882154847172.jpg;4;36;44;forb_trucks;0;0;36;44
0b4fb20b3d4e460a9b422ef260606e44.jpg;4;31;40;forb_speed_over_10;0;0;31;40
a708702b3e6843f7af0f21d8016c5367.jpg;4;51;79;info_one_way_traffic;0;0;51;79
d9bf55707568477ab921d0208fa12a22.jpg;4;46;77;forb_weight_over_7.5t;0;0;46;77
8e73a10fbc2f4ad7a566c6d16011128c.jpg;4;85;83;info_crosswalk;0;0;85;83
5dbd4d0e0c92448086cc7b1edb5f1e47.jpg;4;77;76;prio_stop;0;0;77;76
67546616ce48441d98d02b87450f708d.jpg;4;78;80;mand_straigh_left;0;0;78;80
71bd8e6c3b894dccbb8ca2eeeaa756f3.jpg;4;33;33;info_crosswalk;0;0;33;33
df01d52ceba44004861c070d31de9a6a.jpg;4;46;50;info_crosswalk;0;0;46;50
57cfe363ae90459ca00c5ff2d927764e.jpg;4;20;25;info_bus_station;0;0;20;25
0deaa34e3d8b4b7fad0ea6332cb3c667.jpg;4;42;45;forb_overtake;0;0;42;45
7a54a800a88d4b74881bc424857a90a4.jpg;4;104;187;forb_speed_over_70;0;0;104;187
ea319181c2ee4701b6604d72f38834a0.jpg;4;57;57;forb_speed_over_70;0;0;57;57
045ec0e9f88e47b3aa79b19030905e52.jpg;4;62;51;warn_wild_animals;0;0;62;51
bdb00152fa1041a1a57b53450f776dfd.jpg;4;33;34;info_parking;0;0;33;34
597992ee80924b42bf927750758cb763.jpg;4;38;33;forb_ahead;0;0;38;33
2a26688af6d5406daa5477f0ad30cbc2.jpg;4;39;33;mand_pass_right;0;0;39;33
203a56dc73ee41f19d7b9b2bbb9455bc.jpg;4;157;173;forb_overtake;0;0;157;173
58cc878d6a0840849e6636c9ea5bd03e.jpg;4;162;164;forb_right;0;0;162;164
c2bcfd9033ec4119a9294be8d6eba4ec.jpg;4;135;182;info_parking;0;0;135;182
ffe9b47040ac4b1699feac446503e9a8.jpg;4;153;175;forb_speed_over_50;0;0;153;175
abcce8d7e0ee47a0a86968c639d56e99.jpg;4;94;89;forb_speed_over_30;0;0;94;89
9d8ba1d9fe6143c0917baead5bef78ef.jpg;4;103;93;warn_crosswalk;0;0;103;93
c0b27fc6fce7428ba353b291f4882e4d.jpg;4;53;50;info_crosswalk;0;0;53;50
25ef1a1a8d3b4fd0baa688284646eacd.jpg;4;35;37;prio_give_way;0;0;35;37
7068b3d8f6bf4e5ca5c27666589f9c10.jpg;4;59;66;forb_right;0;0;59;66
c0d6a4aa0cff40b0bcc277f1777090d5.jpg;4;70;77;info_crosswalk;0;0;70;77
2fda440cd0e24a5ab04679633349aedd.jpg;4;73;70;prio_give_way;0;0;73;70
57e6f947270a4a0eaa29e25f3ce34573.jpg;4;102;96;prio_give_way;0;0;102;96
4cfe519caf4c465aa34b7b5eb864fb2b.jpg;4;45;47;forb_weight_over_7.5t;0;0;45;47
1cac57285bbb40c1a1d591176d2c6b63.jpg;4;15;20;info_parking;0;0;15;20
f6041c707a934381b627747e34c4a684.jpg;4;34;48;info_bus_station;0;0;34;48
820f8c17d0e049f59abc9e160c2568e0.jpg;4;93;95;forb_speed_over_80;0;0;93;95
5dfbf30191854a939d2f96dcfef7f526.jpg;4;93;92;forb_speed_over_130;0;0;93;92
62ebfb5f36c3434e8cf4ca2e997946ab.jpg;4;39;49;info_highway;0;0;39;49
091a609f21b94cf6b5603750b7fffb36.jpg;4;216;222;prio_stop;0;0;216;222
8818c4ca26914fbd9620d08c44a880e4.jpg;4;244;217;warn_cyclists;0;0;244;217
a9a7f79d7caa4382bf7500419c49497d.jpg;4;135;192;forb_speed_over_70;0;0;135;192
d87d4617b88a44528747b9d9e44729f1.jpg;4;32;30;warn_poor_road_surface;0;0;32;30
588349a293b742b0840fd454520001b6.jpg;4;92;80;forb_speed_over_90;0;0;92;80
997b391f115e443aafdfa5deaf5ab6c3.jpg;4;33;53;mand_pass_left;0;0;33;53
5a6c10e698fe406481313957fd64c723.jpg;4;33;35;mand_pass_left;0;0;33;35
b54047b8c3a3437d90a222468cf448ea.jpg;4;53;87;prio_give_way;0;0;53;87
b1848d7538f649f0a80219a066b05c96.jpg;4;32;42;forb_left;0;0;32;42
6ac739e7be3b4750b899e3d91932aef7.jpg;4;96;93;info_crosswalk;0;0;96;93
7c5805ff97014757ba4c6bed4cf98985.jpg;4;42;39;forb_overtake;0;0;42;39
8af6a05256b74f72b0e0a4c37eb143a3.jpg;4;34;32;forb_speed_over_50;0;0;34;32
ffc831a5b4ba4ac0aa8d351e9fb3fd40.jpg;4;46;47;forb_left;0;0;46;47
08cfed2f0f214c739b666f499b0e13e5.jpg;4;43;80;forb_speed_over_5;0;0;43;80
8af78bb52be648a69120f94f1ce0e56d.jpg;4;41;50;forb_stopping;0;0;41;50
7ff611c17d144dcda1358c0d9e43104f.jpg;4;43;53;forb_speed_over_40;0;0;43;53
f287ad94a8374194801ed173875e50c1.jpg;4;50;70;info_crosswalk;0;0;50;70
750f9d192cf04fe4a67b76db39da6c9b.jpg;4;44;55;forb_weight_over_7.5t;0;0;44;55
1ff330af8cbe478cbb08b33deca877ff.jpg;4;90;92;forb_speed_over_60;0;0;90;92
8323bb6437dd4462a29b4a0e94b072a6.jpg;4;67;72;forb_overtake;0;0;67;72
7683ad2a9d5247cb99315875d976ac5d.jpg;4;22;24;mand_pass_left;0;0;22;24
b6564294b71543ad9494dc047c1c925f.jpg;4;39;54;forb_speed_over_80;0;0;39;54
3a2cb1329d794c7aa1f8f01621a351e6.jpg;4;41;52;forb_speed_over_130;0;0;41;52
b805043b4b9a479dae92be99a34346be.jpg;4;71;78;mand_pass_right;0;0;71;78
1af90d54d3ea48b98faa664585bae3c4.jpg;4;39;43;forb_speed_over_60;0;0;39;43
79573d487f004143b615956ce2185188.jpg;4;165;196;forb_speed_over_70;0;0;165;196
8d740b62336140c1afc26e7dfa36617f.jpg;4;35;31;warn_crosswalk;0;0;35;31
9e7a03ceeba847868d4a948e7ac82ef7.jpg;4;45;42;warn_speed_bumper;0;0;45;42
849077f409494ba692f5429c130fe78a.jpg;4;22;21;warn_crosswalk;0;0;22;21
2924d110c98d469c997e007e5dcf456f.jpg;4;21;21;forb_stopping;0;0;21;21
20aacea475304b1684926f442a4c5c30.jpg;4;47;42;warn_wild_animals;0;0;47;42
1dd9ffa6cc424778b51a3518a05b8676.jpg;4;123;119;forb_right;0;0;123;119
160871fdf5ee4106bea327ea19f22bc1.jpg;4;34;37;forb_ahead;0;0;34;37
ac69316ccfcb44438fd9bb211203d268.jpg;4;76;65;mand_straigh_left;0;0;76;65
94746bec87444893a3d361bc590c4481.jpg;4;78;69;warn_cyclists;0;0;78;69
d53286ad61914405b982192ad06124e8.jpg;4;28;30;forb_weight_over_3.5t;0;0;28;30
48e85d53bd4a4e45bcbb0292b16bdab1.jpg;4;38;43;forb_weight_over_3.5t;0;0;38;43
3612317924054113ac2d605816404c91.jpg;4;52;25;prio_give_way;0;0;52;25
44bf4ae6f5784853bee4022f466a5a69.jpg;4;35;38;forb_speed_over_50;0;0;35;38
0baf61a8ea2443e7b54d9e4ec7bd7104.jpg;4;34;34;warn_slippery_road;0;0;34;34
a849be90d235440abba308a0d29844e9.jpg;4;41;35;warn_slippery_road;0;0;41;35
9f2a5d1013a945adbe8ed2d683ddcec2.jpg;4;20;19;forb_speed_over_50;0;0;20;19
263832aa296b4091845dbe55d26d2ae7.jpg;4;51;48;warn_construction;0;0;51;48
8d2d1d046c3b46fdbea1b53dca71d36d.jpg;4;59;53;warn_crosswalk;0;0;59;53
b66c218b2cde431fa4c36b498f72e7b8.jpg;4;59;51;warn_traffic_light;0;0;59;51
8d8052450d9d4f29b778a3727377ffc5.jpg;4;31;30;warn_roundabout;0;0;31;30
7a6eb6ca481f4059a9039c46d4994163.jpg;4;29;23;forb_overtake;0;0;29;23
d2c32db8f120488a9e9e4969759539fc.jpg;4;95;24;forb_speed_over_80;0;0;95;24
fd1381c9fb824caaa0b44348315088d5.jpg;4;86;25;forb_speed_over_80;0;0;86;25
fadd04611e7c4296a1e7eef5fe5d9d5c.jpg;4;42;41;forb_speed_over_80;0;0;42;41
4d96c198d05a4cbc90f21613aa6a4563.jpg;4;38;38;warn_children;0;0;38;38
fc485d4483d9458483fadd7ddadfa846.jpg;4;35;41;warn_roundabout;0;0;35;41
471c959d0a8d4defa5db5e5a5da36480.jpg;4;25;32;info_bus_station;0;0;25;32
730f7a6823ca4d89ab34a00ed1eda637.jpg;4;64;69;forb_speed_over_80;0;0;64;69
4951ce5389a147ac97ce52d23f8c998b.jpg;4;48;50;mand_pass_left_right;0;0;48;50
b6d99e54417b408ebe20f22827d414f9.jpg;4;12;16;info_highway;0;0;12;16
5c149a697ede46cab7206f6dfcc02ee0.jpg;4;31;38;info_bus_station;0;0;31;38
ef9028fb2a3e448f8706a49e04397aa6.jpg;4;19;18;forb_speed_over_40;0;0;19;18
35888cc4b343487c9559637f4b920e6d.jpg;4;18;18;info_crosswalk;0;0;18;18
1093f804ef6f49c88d1ec3e5b4f4d100.jpg;4;25;24;prio_priority_road;0;0;25;24
bf04175ac1a5458abf75a2cb7ff263de.jpg;4;55;52;warn_cyclists;0;0;55;52
ace424ef8f0547d68b6fddaa3136901f.jpg;4;16;16;mand_straight_right;0;0;16;16
2636900faa824a52b052e30bd71adfba.jpg;4;43;130;forb_speed_over_40;0;0;43;130
9d071c578b7143c6bdaaab0b36391e9d.jpg;4;41;126;warn_construction;0;0;41;126
2124b7c5b4be4eb7b37be1e552f0ce2e.jpg;4;52;66;prio_stop;0;0;52;66
8a779c3a150a4d3eb401e322be101ad4.jpg;4;63;66;warn_tram;0;0;63;66
97ab88c686354a73b023d696006a2406.jpg;4;69;68;info_crosswalk;0;0;69;68
317ac92907c04a0892481b63b68b4098.jpg;4;25;39;info_one_way_traffic;0;0;25;39
dcc2d55d983c4d68ab93691467838071.jpg;4;27;35;warn_crosswalk;0;0;27;35
234fb78704c24895a5bcd8fdf018daca.jpg;4;52;68;mand_straight_right;0;0;52;68
ba93e08d68e14d36a659ecebecd34585.jpg;4;182;183;forb_ahead;0;0;182;183
e60fd6ddcbe84034af8381f361dbea58.jpg;4;55;76;mand_right;0;0;55;76
e149c5ae84764227a5a99a169678c5c4.jpg;4;51;77;prio_stop;0;0;51;77
144df6465bdc475492abe1c15a2d389b.jpg;4;49;67;forb_left;0;0;49;67
7158b8f0145a4606be5fedc824e1a3b0.jpg;4;62;63;forb_stopping;0;0;62;63
fa2547eeddac4c66970e6597ccdd014b.jpg;4;73;63;warn_traffic_light;0;0;73;63
806cea227f2043f0964ae92ac62045b7.jpg;4;46;67;info_highway;0;0;46;67
f7da438cb6b944efaffd75507618bef7.jpg;4;47;63;info_parking;0;0;47;63
ad0b42b787ed4c3a91f723d1318788f8.jpg;4;54;57;forb_speed_over_50;0;0;54;57
a0e1a5e8841d48c68128c7d4b2434971.jpg;4;64;72;prio_stop;0;0;64;72
bc97e737740f42a795c7676321084e36.jpg;4;61;60;info_crosswalk;0;0;61;60
581999b1eab84e0b9d35e42ca066a81f.jpg;4;58;70;mand_right;0;0;58;70
f46a3c2916804861bab0a079c502327c.jpg;4;37;60;warn_construction;0;0;37;60
8b13eefd0cfa43fd8780eb9629bb07eb.jpg;4;35;43;forb_speed_over_50;0;0;35;43
0448de45f76542c9abe6e3b8320f9d26.jpg;4;99;56;forb_speed_over_50;0;0;99;56
91b6b5ff34f34e17a025c559d6c318a1.jpg;4;59;68;forb_speed_over_40;0;0;59;68
8cd558e4c403473785e7f02bd8c9e7eb.jpg;4;122;148;mand_pass_right;0;0;122;148
e839798909bc4028abac17f35c6746cb.jpg;4;60;78;info_crosswalk;0;0;60;78
f364510ad1a74bac82ff17b2187b6f28.jpg;4;49;71;forb_u_turn;0;0;49;71
4b518de2386b4481a1a8ab738d51a918.jpg;4;25;24;warn_cyclists;0;0;25;24
3c6e81e9fff2436ca91b8af48fb679cb.jpg;4;27;29;info_crosswalk;0;0;27;29
48fb6bd1bcce408694899e5a159b116a.jpg;4;9;10;mand_straight;0;0;9;10
a232a4b420f341a7a2a77675c3e9148a.jpg;4;46;62;mand_right;0;0;46;62
d3d6f389d47946ea91a6d923bd049f20.jpg;4;15;68;prio_stop;0;0;15;68
f1a04d694afa4594a2949c787cd1361a.jpg;4;40;44;warn_roundabout;0;0;40;44
d77895ccf8174b339120c72d5f9684aa.jpg;4;44;70;forb_speed_over_60;0;0;44;70
5ca02ef698304911867181811910d633.jpg;4;42;64;forb_speed_over_60;0;0;42;64
934a678d2d66467ab12d610a1bae3b7e.jpg;4;33;36;forb_speed_over_80;0;0;33;36
6c0d4128662649629677dff6c318a106.jpg;4;13;23;forb_speed_over_80;0;0;13;23
9d64f1ff4fdc4ee49243e7c2a0c45fcf.jpg;4;43;51;warn_construction;0;0;43;51
dd7ae2b0df5a4b8fb29bbb6b9e39f299.jpg;4;45;52;info_crosswalk;0;0;45;52
e204cf31d15e48acbaba100a61756370.jpg;4;46;52;mand_pass_right;0;0;46;52
73176d34ef7c48448da5668b9230ceee.jpg;4;37;43;forb_weight_over_7.5t;0;0;37;43
95be36eb34f44903b479df0b3629a878.jpg;4;20;51;info_one_way_traffic;0;0;20;51
bb7267885ef04165a81ca44dc7583b30.jpg;4;48;49;forb_speed_over_30;0;0;48;49
2dc00e0e01e84a22b9062e71abf8a975.jpg;4;45;52;forb_right;0;0;45;52
b3ad56801b2e48e89092ce75fd4d11df.jpg;4;15;20;info_highway;0;0;15;20
994ebb6af393481c863437576d10c4ba.jpg;4;9;13;info_highway;0;0;9;13
0968adaacc0f42d09b52008beb4ee2d5.jpg;4;16;14;prio_give_way;0;0;16;14
b82a5b05f2ec409ca28555ec7934c192.jpg;4;38;37;forb_left;0;0;38;37
7f347ed620794cc6893a0ba22e6e1411.jpg;4;42;45;forb_weight_over_7.5t;0;0;42;45
66bc676f44264cbdb59d14c465350781.jpg;4;68;85;info_one_way_traffic;0;0;68;85
203fba476a6549609eb6ac277864ce2f.jpg;4;64;81;forb_speed_over_10;0;0;64;81
5af97ea9cd654f59af0f86230b503392.jpg;4;54;54;mand_pass_left;0;0;54;54
ee22c999cf0948999547c136a1ae7c65.jpg;4;28;26;mand_pass_left;0;0;28;26
67cf15cf0ffd492b9e530073fd8df6b3.jpg;4;25;24;mand_pass_left;0;0;25;24
c91350e4fed94d1aa341e0261137e4bd.jpg;4;99;74;prio_give_way;0;0;99;74
e5e62b225339482c8d64f32962d19d97.jpg;4;46;54;prio_give_way;0;0;46;54
399aba78a86548a8b923d87de9bc157f.jpg;4;30;45;mand_right;0;0;30;45
d01fd441602840d78be4f090b40645c5.jpg;4;100;121;prio_stop;0;0;100;121
dce92fd7f5704c41a326f9fe7b0b6bb9.jpg;4;28;34;info_crosswalk;0;0;28;34
aa0e209f7da648db95a31c429ca7d050.jpg;4;29;31;warn_slippery_road;0;0;29;31
9d1b5914c6e44fc4aae1a657761648ec.jpg;4;94;125;forb_u_turn;0;0;94;125
ac5a3ebf200d421f93259d231c524b0a.jpg;4;30;30;forb_speed_over_5;0;0;30;30
b54e274eb1e14e7b942014dab516c85b.jpg;4;39;52;warn_crosswalk;0;0;39;52
11f9704c8a5f49e68d95213d3f569a60.jpg;4;40;53;forb_speed_over_70;0;0;40;53
b08f375ecc1947d899bd9c8b9b89ea62.jpg;4;43;58;info_parking;0;0;43;58
d46287793d8d4947aca00768a44e5805.jpg;4;103;108;info_one_way_traffic;0;0;103;108
90b9484fb7ca42409a1de2d2f9d2c10b.jpg;4;101;102;forb_weight_over_3.5t;0;0;101;102
fd7c1a2a46b642dcb10e1750ada5137d.jpg;4;41;44;mand_pass_left_right;0;0;41;44
c5c56ed743834c1a9f6cee12754e80da.jpg;4;31;26;warn_slippery_road;0;0;31;26
a135829e90bc41d7aaa558d058dc5726.jpg;4;26;34;prio_stop;0;0;26;34
469fb558d0164b6986cf347d6f78ebd4.jpg;4;61;63;forb_speed_over_40;0;0;61;63
3d436009cf2d41438580b8deaa8bf88c.jpg;4;60;57;warn_domestic_animals;0;0;60;57
8f95a5fefddd4854b61ab4f54f809658.jpg;4;29;27;forb_speed_over_30;0;0;29;27
f7ce36d034ee43be9931864ae7505892.jpg;4;29;26;warn_roundabout;0;0;29;26
789f704cecd0404c932e81ebdbc694e1.jpg;4;62;67;warn_roundabout;0;0;62;67
2ec6179e11e54f14944d28543a47de2c.jpg;4;57;67;forb_speed_over_30;0;0;57;67
4ffee0b242fc445a82c04f5970e7d20e.jpg;4;51;54;warn_traffic_light;0;0;51;54
5d703e05078c4752b1b474bc124e4902.jpg;4;49;51;warn_crosswalk;0;0;49;51
cfb4c3174dc2416497e640e7a2cc3db4.jpg;4;198;209;forb_overtake;0;0;198;209
e135812d5dd74bc9a1aa11422d293b26.jpg;4;170;209;forb_speed_over_30;0;0;170;209
3cbfc592dfa744aea4121a4ada625b58.jpg;4;153;171;info_one_way_traffic;0;0;153;171
c45fdeabce7e4b1ca445c8a5bc6382de.jpg;4;42;45;forb_speed_over_30;0;0;42;45
43685649df4544c2b3bc0dfe1f87a537.jpg;4;22;21;prio_give_way;0;0;22;21
98fd136e256f40a286c3440ee0e27def.jpg;4;22;21;mand_roundabout;0;0;22;21
b445aba087b5417e830e6267b83a8925.jpg;4;86;102;forb_speed_over_5;0;0;86;102
7a538a7b64ed4942bc0aac6f4118c8af.jpg;4;91;161;info_parking;0;0;91;161
653744e02c56443a863369b277e41775.jpg;4;26;33;forb_stopping;0;0;26;33
1a1fa6df116a4d2488cc68b79651b156.jpg;4;39;36;warn_traffic_light;0;0;39;36
f7e329ee756b49f5a548e092647da577.jpg;4;74;80;forb_speed_over_70;0;0;74;80
00c4f4ddb9c64eb5a5e72caf387281f2.jpg;4;42;41;forb_weight_over_3.5t;0;0;42;41
55836d86e57148e7b964495634fe7fec.jpg;4;42;41;forb_speed_over_30;0;0;42;41
2da02c0238054510ae787e707f9daf00.jpg;4;23;24;info_crosswalk;0;0;23;24
f5c4d39e837c4d37b6514116f29e5ee1.jpg;4;27;29;info_crosswalk;0;0;27;29
1deebe59451b4e648a849169066db4a9.jpg;4;26;27;prio_priority_road;0;0;26;27
2c6e559db49f4715989a095d7adc9e62.jpg;4;24;25;forb_left;0;0;24;25
756733db2fcf4aafadf0ac8ae8518cb3.jpg;4;24;25;forb_u_turn;0;0;24;25
f1c610967bcd49c592081da1f3d7ae4a.jpg;4;39;35;warn_speed_bumper;0;0;39;35
b6e1b27725bd4ad68fcecf4d3d70d2f7.jpg;4;33;34;forb_speed_over_30;0;0;33;34
daa3a84bf5f840299a25a6c3cb06f7e0.jpg;4;32;33;forb_weight_over_3.5t;0;0;32;33
f4902a4631534df89072286ed99b8308.jpg;4;56;65;forb_right;0;0;56;65
365aa59f91424dc5a0c780373ba087d5.jpg;4;33;31;forb_left;0;0;33;31
bba81f38a20b43f3976f28438ec3a29d.jpg;4;37;51;info_crosswalk;0;0;37;51
80866c57d9404f9cae54c0369c186152.jpg;4;15;50;forb_ahead;0;0;15;50
09551676e0754c21a3aca32b4bdbc563.jpg;4;47;36;forb_weight_over_7.5t;0;0;47;36
dfbeb15129e74735b1a1a6758130f100.jpg;4;24;26;forb_speed_over_10;0;0;24;26
517562df4ed54b3e9fc9d1033ab6242e.jpg;4;74;60;warn_children;0;0;74;60
b4483354084b4ca9b61e2618a4fddf6b.jpg;4;75;63;warn_cyclists;0;0;75;63
b6b2e04484e3461a8571ed0fd337667c.jpg;4;38;39;forb_overtake;0;0;38;39
4a549766e6914293909a7448473907de.jpg;4;39;35;warn_crosswalk;0;0;39;35
7fa9698bf77a4492a11540075ecf00f4.jpg;4;45;49;forb_right;0;0;45;49
c8e07ad90d6840d69f399075296d9ae4.jpg;4;195;182;forb_left;0;0;195;182
637da6a256854863ab858eef4a65a481.jpg;4;83;89;mand_pass_left_right;0;0;83;89
7790c78f5fd149b880173c1e2fc04054.jpg;4;41;45;forb_speed_over_80;0;0;41;45
7fb0388c40c3473d97e4e95c055a08b5.jpg;4;48;45;warn_other_dangers;0;0;48;45
4b72bef5f426443f9a9c7bf9826e6cbc.jpg;4;34;31;warn_crosswalk;0;0;34;31
fc2f3e519c4d4841ae8998547f98fc89.jpg;4;23;23;forb_speed_over_40;0;0;23;23
be8461716f1244379d04184bd68a48ed.jpg;4;77;69;warn_speed_bumper;0;0;77;69
7672822b57fc44999253d0721e1982b8.jpg;4;71;78;forb_speed_over_5;0;0;71;78
5d530a0fe888461bb3ddfab9ad20b7ef.jpg;4;63;82;info_crosswalk;0;0;63;82
ca203c3a75ac4335826281323d33e6e7.jpg;4;78;79;forb_speed_over_70;0;0;78;79
c10d962b3ffa4b999be5e1ef9ff069d9.jpg;4;35;92;mand_pass_right;0;0;35;92
57d2bbb34da94e27b885a6cef3b1b465.jpg;4;38;53;info_bus_station;0;0;38;53
decdd3aa08524019867ff39b0de2e2f5.jpg;4;19;20;forb_speed_over_70;0;0;19;20
7edd8a70d2874a74add0b87cbad994e2.jpg;4;52;55;mand_pass_left_right;0;0;52;55
0ba740e4d8354b488ae47ffb7ff38ada.jpg;4;47;50;info_one_way_traffic;0;0;47;50
318409e6dc564ae08c8680e886c0ff46.jpg;4;48;43;warn_slippery_road;0;0;48;43
fb06bb8b0ed14c13a0bdd955bbbb909b.jpg;4;58;59;warn_construction;0;0;58;59
ac48d0ea6886462e9f9f0b3a50230e73.jpg;4;54;60;forb_speed_over_30;0;0;54;60
65d4c3ae425e423388d40e1589288341.jpg;4;122;139;warn_wild_animals;0;0;122;139
12ac3549f368427d8dbd6a2fa8938c01.jpg;4;124;154;warn_wild_animals;0;0;124;154
c7a60b4c1af94d9d8106b8bac5beb028.jpg;4;77;76;prio_priority_road;0;0;77;76
79638b260e924df0b8cb3fb321821f64.jpg;4;69;71;warn_crosswalk;0;0;69;71
9124a13204b246668a527149167036bb.jpg;4;64;61;warn_roundabout;0;0;64;61
3c419efa44ef4838b55399eb6c1e391c.jpg;4;56;49;warn_crosswalk;0;0;56;49
b1ea4c4f05fe40a9b077fe54c9f9bddd.jpg;4;57;55;info_one_way_traffic;0;0;57;55
d5d218f4e9c54089a1a7a498259e8700.jpg;4;30;30;forb_overtake;0;0;30;30
cceb1efcbaed4033b254ea13f862bc12.jpg;4;68;58;forb_speed_over_70;0;0;68;58
b4451af6ad7c43f1a2ab080a2dc20876.jpg;4;68;60;forb_left;0;0;68;60
01b1810bcec1489e97b86d22f3554c4e.jpg;4;30;42;info_bus_station;0;0;30;42
1aff7ca965d64400b912d839f2002275.jpg;4;16;16;forb_weight_over_3.5t;0;0;16;16
2017fbdb7762489da351d760b6928dd0.jpg;4;30;30;forb_speed_over_60;0;0;30;30
746986c2aad64b2fb33df4787e152501.jpg;4;29;31;prio_priority_road;0;0;29;31
a337ef87dde14c11a03be869dca52c67.jpg;4;34;36;forb_weight_over_3.5t;0;0;34;36
273f1d8fc8b2412183454f9765312395.jpg;4;27;67;forb_speed_over_100;0;0;27;67
c5761c2a126f43a98854d0650bf3e47a.jpg;4;54;128;warn_construction;0;0;54;128
99c527e2664b4fef8ba7e45926fda01c.jpg;4;60;110;warn_poor_road_surface;0;0;60;110
e5495a0f7ac74a9e8c47f08131cead44.jpg;4;63;107;warn_other_dangers;0;0;63;107
bedf1e5a8e1f43b98df4937b1300cc95.jpg;4;44;92;forb_u_turn;0;0;44;92
546a55b1fbdd4284976e99780c0c31ef.jpg;4;49;61;mand_roundabout;0;0;49;61
eee1a6c0bb7e4989a0ce2c1f50e80cab.jpg;4;74;83;prio_give_way;0;0;74;83
2ac3e5ce875146ef80128ef152401d6d.jpg;4;134;78;prio_give_way;0;0;134;78
ff30cbb8e2db4d46b66bad8b3bc41c75.jpg;4;13;15;mand_pass_left_right;0;0;13;15
d8e4ad5a77e5405a8473cf48140c1d8c.jpg;4;51;42;warn_domestic_animals;0;0;51;42
93004bc4b90b41c28ad7d287314f62f2.jpg;4;116;49;forb_speed_over_50;0;0;116;49
deda347b64a947d1b0a5fdd1fd3d2893.jpg;4;55;58;prio_stop;0;0;55;58
2f7e7d260f254dc8a8ec5261485f7a74.jpg;4;40;43;prio_give_way;0;0;40;43
1623920ef9164dee9661ea4af85863d2.jpg;4;115;116;mand_pass_right;0;0;115;116
5dcf0126c9d449e9825bd70ed92b941e.jpg;4;75;75;forb_speed_over_60;0;0;75;75
78a28b043ee54b97956e0af0cfdc68c7.jpg;4;68;80;forb_overtake;0;0;68;80
87f0d809a9054d13becd0902e9ac94b0.jpg;4;59;58;warn_wild_animals;0;0;59;58
818d026c9cae4eee8655ddf7bc13ad49.jpg;4;98;109;forb_speed_over_30;0;0;98;109
53417ee5a53e4d598c394fec1b6d395b.jpg;4;62;70;warn_roundabout;0;0;62;70
8e0be15f49744ed182f69d196c6fe183.jpg;4;65;68;forb_speed_over_30;0;0;65;68
53de4a22243c4848bf0f360cc9c889fb.jpg;4;54;89;warn_crosswalk;0;0;54;89
07595fd846c040fb8ae210fb1fc53af4.jpg;4;58;91;forb_speed_over_30;0;0;58;91
709fab86759c445992c9557279bfd552.jpg;4;71;87;warn_speed_bumper;0;0;71;87
3cb8eda699844ca598ddd3786b7b3b45.jpg;4;45;80;info_crosswalk;0;0;45;80
9fb8a59addf247d78c2bdd12a18fdc4b.jpg;4;39;78;info_crosswalk;0;0;39;78
6beddc31a5ed4a1dbb670e6912c6e825.jpg;4;29;33;forb_weight_over_3.5t;0;0;29;33
01d4ae3977c8488babeca4f8cfe4c53f.jpg;4;65;72;forb_stopping;0;0;65;72
3ce44e5c78e14b2589619d271a15e903.jpg;4;45;86;prio_priority_road;0;0;45;86
de744ddbca0a4e8aaf4921ef78b6f4a4.jpg;4;41;63;info_crosswalk;0;0;41;63
f3b7d205b6974e9f9b7ebc6962015759.jpg;4;335;147;prio_priority_road;0;0;335;147
615cfd2d4e244c2b914edd615fa9a967.jpg;4;32;59;forb_speed_over_30;0;0;32;59
d075c53e0f8143dbb6b731366e92c66b.jpg;4;61;70;mand_pass_left_right;0;0;61;70
ce7e0b75f35144c9829921e2ece1d3b8.jpg;4;85;67;prio_give_way;0;0;85;67
323617ea8eca43eeab7d1f4b9b57ab97.jpg;4;18;20;info_crosswalk;0;0;18;20
17edfcef67fd4c4d8a21cb05abce29c9.jpg;4;185;190;forb_ahead;0;0;185;190
40a368148eb44bad889a3c1e8ab3b93d.jpg;4;20;21;forb_speed_over_50;0;0;20;21
df671e71fd1c4f71984efe9ddf0d27c0.jpg;4;74;77;info_parking;0;0;74;77
96611a5d9074485e8b8581b7d7143023.jpg;4;22;21;info_crosswalk;0;0;22;21
89519c96e81149e8b9e9839471233a10.jpg;4;30;32;forb_right;0;0;30;32
e8206bc9e79d46bca2f7c8a6d6afb4ea.jpg;4;35;35;prio_give_way;0;0;35;35
f6060645db634cf08403f1dcd6c9a3b2.jpg;4;79;86;mand_pass_right;0;0;79;86
0955cee03af8476bb01fd5f69eaf850a.jpg;4;20;21;mand_pass_left_right;0;0;20;21
4e9b2f410f90475db9f71bc1a4481a31.jpg;4;9;10;prio_give_way;0;0;9;10
d06490c1569e4b178ea761922579491b.jpg;4;28;27;forb_trucks;0;0;28;27
fdd32d7e467b49878a7656a9dbefec53.jpg;4;10;11;info_crosswalk;0;0;10;11
3c30f78ec54c41108ba5b1c95247281a.jpg;4;64;63;mand_straigh_left;0;0;64;63
92a15deb8ffa4e8e952833bfac168bff.jpg;4;25;22;prio_give_way;0;0;25;22
7f3799d8a2454a958aeccb3b3afc0d65.jpg;4;26;22;mand_roundabout;0;0;26;22
f251d3600c9d45058a4eb75b4080b049.jpg;4;20;21;mand_roundabout;0;0;20;21
45f450b38e964a30a1a4fd3ff672f937.jpg;4;9;8;info_crosswalk;0;0;9;8
09ab533d1704497ca4df4139a81382a8.jpg;4;20;20;forb_right;0;0;20;20
f4301a36763d4234a5454e3205b8992a.jpg;4;41;46;forb_speed_over_70;0;0;41;46
15f381c456c7423ca614e0db318cbc9e.jpg;4;41;48;mand_pass_right;0;0;41;48
d2f90b52b8644a4382b31424ea4ec1ee.jpg;4;39;48;forb_ahead;0;0;39;48
5cfb1489f3a64493a8b3aa26ebb46872.jpg;4;43;52;forb_speed_over_40;0;0;43;52
973c48d77e6140d4a6255e2c1e51def6.jpg;4;58;61;warn_children;0;0;58;61
d9b834b99b214624bdf983212fcc7d96.jpg;4;57;58;info_crosswalk;0;0;57;58
062f2815b3434c91a4e221604d757d7c.jpg;4;18;16;forb_weight_over_7.5t;0;0;18;16
0b3ea7becadc4262be1386c7690c1786.jpg;4;28;29;forb_weight_over_7.5t;0;0;28;29
fa492bdfb7bf483c994dc22d0796dab5.jpg;4;72;61;warn_traffic_light;0;0;72;61
d4d0d04393f54d088c3e152fa010b45a.jpg;4;77;63;warn_crosswalk;0;0;77;63
7955dddfc6854e8d8a5014d6a6907153.jpg;4;8;7;info_parking;0;0;8;7
7f00f9b805294542a61f3d330d2772a5.jpg;4;28;56;forb_speed_over_30;0;0;28;56
fb1627f42b6e4b1f90bfe73ac7f532c2.jpg;4;21;52;warn_construction;0;0;21;52
63d7884c16aa4b979cd8bc5bc991a11e.jpg;4;17;54;forb_ahead;0;0;17;54
b19558b2ab8b4472aecb0dc30ae0a7f4.jpg;4;89;91;info_crosswalk;0;0;89;91
54777b1ca8a4455fabd4033074155b77.jpg;4;81;82;forb_weight_over_3.5t;0;0;81;82
e893182556dc447881010e6eb6dcfa93.jpg;4;44;50;forb_overtake;0;0;44;50
121a9099241d4a9fa05be984bc4a85f8.jpg;4;41;43;prio_priority_road;0;0;41;43
0bad089fd1ff422187f9b0bbaddc56b3.jpg;4;41;41;forb_u_turn;0;0;41;41
919a2765a48f4358a8c87dc3b8ecebc3.jpg;4;31;32;forb_overtake;0;0;31;32
1200429619e44737998600a36256ff4b.jpg;4;39;56;info_parking;0;0;39;56
494ebd95cb974fa8b969b26778ee8bff.jpg;4;15;15;forb_right;0;0;15;15
8196729038554bfab9f6fe74847c13b7.jpg;4;24;33;info_bus_station;0;0;24;33
a2edc9336f054bafb56d6ad9d9edb042.jpg;4;143;90;info_crosswalk;0;0;143;90
3dc299dee15e45bc97fc8880e80d33f3.jpg;4;41;39;warn_children;0;0;41;39
9696143121654566b0011f7eba153eb5.jpg;4;32;41;info_parking;0;0;32;41
6212712ae0404963a4df314c52e55bba.jpg;4;140;135;mand_roundabout;0;0;140;135
48270018d4fc4c908ce0dd43cc0e2227.jpg;4;201;188;prio_give_way;0;0;201;188
29b2a55ff07f4070bc74d4c799b036c3.jpg;4;132;78;info_one_way_traffic;0;0;132;78
54537d6c60234f0e99f2816dec9c6f2e.jpg;4;122;72;forb_stopping;0;0;122;72
96e8244b44634475a83576c26400e54d.jpg;4;43;46;forb_overtake;0;0;43;46
d9ab79f5c16b4d32874d9c653bf71352.jpg;4;14;14;mand_bike_lane;0;0;14;14
60e31ca03019477f8cb29d469078672f.jpg;4;136;114;forb_right;0;0;136;114
ce45c17eb2cc453fa54d7438fd14d1cd.jpg;4;147;135;info_crosswalk;0;0;147;135
d3648e4919c14cc6818c3db5fa42cf05.jpg;4;23;24;forb_ahead;0;0;23;24
3e21cd19ec8247178da8b346a982d3a9.jpg;4;51;52;forb_weight_over_3.5t;0;0;51;52
f23a2c5507f745a28e2c2088e23931c6.jpg;4;32;58;info_crosswalk;0;0;32;58
09af09a6ee274c268eb80026c10f057b.jpg;4;27;53;info_one_way_traffic;0;0;27;53
ea2939c813b74917b359b407800a436e.jpg;4;16;29;forb_ahead;0;0;16;29
2880cd8ebb394856ae2b104c45a6d403.jpg;4;23;52;forb_speed_over_30;0;0;23;52
614983a27cea47dcac0f351e8621537d.jpg;4;25;53;forb_weight_over_7.5t;0;0;25;53
de87bfb1e618459aac2f8e68e94c92af.jpg;4;34;105;info_bus_station;0;0;34;105
aed55c90d8f24a27b3ebd5ab29f24b90.jpg;4;28;36;mand_pass_right;0;0;28;36
c49e24f6e03441c587492ee565d767fd.jpg;4;50;72;forb_speed_over_50;0;0;50;72
2c57426b41a54bc5b7f41991fb63fcc0.jpg;4;54;61;warn_roundabout;0;0;54;61
09b22f3cd3944165808af5a9da822464.jpg;4;99;159;info_one_way_traffic;0;0;99;159
b2763897c56b4132acac7d29b8d40e14.jpg;4;150;167;info_crosswalk;0;0;150;167
4d5d1160c1fc4d30aee5350fa518febe.jpg;4;50;51;mand_pass_right;0;0;50;51
6f45f432956448a996a9b0239cb80c6d.jpg;4;47;46;warn_crosswalk;0;0;47;46
5931377d776548858134e38e8676ff8f.jpg;4;138;52;warn_crosswalk;0;0;138;52
14bbe67c91254dc6a53a8656e2903aa0.jpg;4;101;98;mand_roundabout;0;0;101;98
a0fe1a0180104775a63a6d3b8c59ff7a.jpg;4;142;124;prio_give_way;0;0;142;124
301676cd867347ae9ef76dcaa004bf4f.jpg;4;29;38;info_parking;0;0;29;38
a698cf7240114b2d93419200a0ebba38.jpg;4;122;149;mand_straight_right;0;0;122;149
4895b5bc8db24b57a16b45055c34afdf.jpg;4;130;146;prio_give_way;0;0;130;146
fea29c5d2e7d44508790ce4f97774722.jpg;4;29;53;warn_speed_bumper;0;0;29;53
9c8094135c3d4be0abaab6c839cb89fc.jpg;4;22;58;forb_speed_over_30;0;0;22;58
90fec3a4cb604a3d8fc79278e1796101.jpg;4;33;56;info_one_way_traffic;0;0;33;56
c39441ff37984e40b665d18e5beec106.jpg;4;54;57;prio_give_way;0;0;54;57
605c9e55c8434f68b943947f969afc74.jpg;4;38;45;mand_right;0;0;38;45
49b1bdca454b434ca4327a4908899cf2.jpg;4;158;43;prio_give_way;0;0;158;43
36c855a3ece144be86b359563bcee583.jpg;4;98;119;info_one_way_traffic;0;0;98;119
dbfbdf19ceb34cffac52dcf8aa47ab92.jpg;4;38;38;forb_speed_over_40;0;0;38;38
066bf5e824214841bb1fb2d31fbb01eb.jpg;4;40;40;forb_weight_over_3.5t;0;0;40;40
f86789286f1e4f64a772bb290c19b0dd.jpg;4;40;41;prio_give_way;0;0;40;41
4e40e61b19204428857a8d38d7ca385c.jpg;4;43;45;info_crosswalk;0;0;43;45
1cfa3e0acbba4a6c906d9d59d46e8699.jpg;4;41;38;warn_construction;0;0;41;38
bbd663e1e6f448788fdf71cb01a580e3.jpg;4;123;176;warn_poor_road_surface;0;0;123;176
4699b2154ee74963bac6f7bdde5aebd6.jpg;4;52;57;warn_children;0;0;52;57
8a275c049aae461e83be11b8c85da52a.jpg;4;46;50;forb_u_turn;0;0;46;50
bcb4595202704e4589947f8691737cf1.jpg;4;151;148;forb_weight_over_3.5t;0;0;151;148
2e2a8c1ca84f4e90b97856bb93c833d7.jpg;4;35;52;mand_pass_right;0;0;35;52
c7ab2d39033c4a958c6544d4f96d12b8.jpg;4;58;64;info_one_way_traffic;0;0;58;64
fe8c66e49e8e456b8e918ede0b52ade7.jpg;4;17;27;info_parking;0;0;17;27
01ed1f3864d641e6b59953b5e32f6d53.jpg;4;80;101;info_crosswalk;0;0;80;101
60cc1cb71e45482280a27ad12cdfe44e.jpg;4;47;52;forb_weight_over_7.5t;0;0;47;52
f66f1c3a5cd64ea7861ad409edbd63af.jpg;4;90;93;mand_pass_right;0;0;90;93
591417ab6803427c89a347956f45c892.jpg;4;37;38;mand_pass_right;0;0;37;38
7f980bbaff464dd6bd1168f158324124.jpg;4;32;40;warn_crosswalk;0;0;32;40
02955dcfcab3483b94b263b1e0c8ac08.jpg;4;26;30;forb_speed_over_40;0;0;26;30
535592ce73484228b0f2af17f7ab0a93.jpg;4;85;166;mand_straigh_left;0;0;85;166
20ce6461871c4aa4bee810c66b78fd4c.jpg;4;26;26;forb_left;0;0;26;26
e4891ad13773433cad44f0374b731292.jpg;4;8;9;prio_give_way;0;0;8;9
1711d9de5fd9419381be4ce55f7af834.jpg;4;41;35;warn_crosswalk;0;0;41;35
cf48392c37cc414a84307275795716a4.jpg;4;190;282;prio_give_way;0;0;190;282
c9baa8ef9c064f969978dd30ca8da419.jpg;4;154;156;prio_priority_road;0;0;154;156
63ae04f808e9409dbfac7463910623ee.jpg;4;77;84;forb_weight_over_7.5t;0;0;77;84
8e4e3a81c1f541ad8bfc1924618db13f.jpg;4;88;90;forb_speed_over_30;0;0;88;90
2eb8805083be496299b68b248aaad4b7.jpg;4;38;48;info_bus_station;0;0;38;48
3d1231dbf8a945f1981ae7bd0c6b8fb5.jpg;4;22;24;forb_overtake;0;0;22;24
a4614822028a47f38d05f38a5822d211.jpg;4;18;25;info_bus_station;0;0;18;25
3612e60573314415b3e86bd1fd3e28dd.jpg;4;39;33;warn_wild_animals;0;0;39;33
e85ef7356e3049c9870538d2069b1a7a.jpg;4;119;131;info_one_way_traffic;0;0;119;131
fbe6e49b713c4db1bb2bbdc42a8c4961.jpg;4;73;159;forb_weight_over_7.5t;0;0;73;159
f3e4ed3bac6249a3bf6c93ed98a66972.jpg;4;168;169;info_crosswalk;0;0;168;169
7c7bf00158794f01b55655bc4110ab92.jpg;4;38;39;forb_stopping;0;0;38;39
7249886dad904af2b4879dbceddc177d.jpg;4;27;27;prio_give_way;0;0;27;27
e9c7df8d44b248c8b7eb61447d72d795.jpg;4;30;30;info_crosswalk;0;0;30;30
f06556210239443f8dd6a64242098efb.jpg;4;28;27;mand_left_right;0;0;28;27
d00b8dd8643a4c22b296bc1c99a068a8.jpg;4;113;202;warn_wild_animals;0;0;113;202
eca030b1735642d784a1b42a9d3a7853.jpg;4;93;245;warn_wild_animals;0;0;93;245
589da9d40511471cb92249b4bc598608.jpg;4;26;28;forb_speed_over_20;0;0;26;28
2f584c33f8d945aaae5b7b83846da057.jpg;4;85;78;warn_speed_bumper;0;0;85;78
c500ed15eb8f4bb09c33c72a8fd0b5ca.jpg;4;52;54;info_crosswalk;0;0;52;54
34bb55ed0a974fe0be67e208205ab96b.jpg;4;15;16;info_crosswalk;0;0;15;16
fed5bc208da345c2a7074eb5c0dec98c.jpg;4;35;31;forb_speed_over_30;0;0;35;31
7bb24484bc21486ca8733b5541e0905b.jpg;4;50;42;warn_roundabout;0;0;50;42
23ddf4165f534b00ac5494f751aece75.jpg;4;31;32;mand_straight_right;0;0;31;32
3b16d7f931634eacb1ff326f051a7975.jpg;4;44;42;prio_priority_road;0;0;44;42
f535eb0768a0464d8013aac5d2826e76.jpg;4;36;35;info_crosswalk;0;0;36;35
602bb05c9c224e2ba717e1b80fb9d527.jpg;4;43;45;forb_overtake;0;0;43;45
5e790715ab81435ca60fe636435b9a56.jpg;4;44;43;forb_speed_over_30;0;0;44;43
24cdfa546b034df5b26d8eaa94f68441.jpg;4;73;91;warn_speed_bumper;0;0;73;91
c262b365323e4949b39a261bbb83671a.jpg;4;68;60;warn_crosswalk;0;0;68;60
adb45f8c1b574b2e866e2456c96b88ac.jpg;4;47;40;warn_wild_animals;0;0;47;40
db1f759faf68402db6a57202296efd9c.jpg;4;27;28;prio_stop;0;0;27;28
5266212811d74185bc8d238b0b95032f.jpg;4;41;47;forb_speed_over_30;0;0;41;47
75de8ec7a33e4c5dbe190114a3a2ebe6.jpg;4;55;182;warn_construction;0;0;55;182
c059a2c9f8c242cb82b3a793efe7789e.jpg;4;74;170;warn_construction;0;0;74;170
0b42aaf034424649b4214aab67853311.jpg;4;42;54;mand_pass_left_right;0;0;42;54
572cc476332048a3b68fedaaf0dd534b.jpg;4;78;80;warn_construction;0;0;78;80
21fdab265e1640c688dcb2e2ef4d6ee2.jpg;4;79;84;forb_weight_over_7.5t;0;0;79;84
4bad6db617804a7c9bfbc3f46de7bc74.jpg;4;44;34;forb_speed_over_30;0;0;44;34
41dde243d5014d498ddf543b3fdb4862.jpg;4;40;33;forb_overtake;0;0;40;33
112162aa90d2446ea5073b8592c5d35a.jpg;4;26;56;info_one_way_traffic;0;0;26;56
4025176d446f457fac58b54ae6c5759d.jpg;4;46;56;info_crosswalk;0;0;46;56
ef3ef6ca42364769a2c25fef0c3f8df1.jpg;4;43;46;forb_weight_over_7.5t;0;0;43;46
3dd1868cc270418c8ab6b37a6c31372f.jpg;4;67;64;mand_pass_left_right;0;0;67;64
632109b3f59545aab5f6ba0cd5b549a0.jpg;4;64;61;forb_weight_over_7.5t;0;0;64;61
5bfb6245b5f34f77970809d13db264e4.jpg;4;25;24;warn_crosswalk;0;0;25;24
2a8bd2cb44294a3784870fbe02f4726c.jpg;4;21;25;forb_speed_over_30;0;0;21;25
af075536d31f45dab4ca39dd2f367a68.jpg;4;72;73;forb_speed_over_30;0;0;72;73
be09185f1aa24af390311565ddbb1eb6.jpg;4;100;102;warn_roundabout;0;0;100;102
9429e0d738234a0aa1850ba8d886d776.jpg;4;72;76;forb_left;0;0;72;76
23f8856eafce48bd9621cba5eb0ea732.jpg;4;70;71;prio_stop;0;0;70;71
f09681b374b04d34a5c3c024913cfa40.jpg;4;73;79;info_crosswalk;0;0;73;79
4f6ca348e5d741e2b880a935b14a0090.jpg;4;68;116;info_parking;0;0;68;116
93d94b1aac2b4bfd862fd97f40c9e54b.jpg;4;66;75;info_crosswalk;0;0;66;75
fde1152be5e344d6afbc2d1cca6d8d2c.jpg;4;60;68;mand_straigh_left;0;0;60;68
a999f33752104ff6b00b6a4abd5a8cb6.jpg;4;29;30;info_crosswalk;0;0;29;30
32b8bce60aec41aabea42f98e2cbaa83.jpg;4;33;35;prio_priority_road;0;0;33;35
fbaa5e372b844b01b55464056fc47c98.jpg;4;9;13;info_parking;0;0;9;13
fcaaa7c453d84585bf23166238356fe1.jpg;4;143;32;prio_priority_road;0;0;143;32
4a97c87b476648179626156e09b78326.jpg;4;118;31;prio_priority_road;0;0;118;31
bdfc0db9eea54e23867ab69cbe5e0d93.jpg;4;41;71;info_bus_station;0;0;41;71
2673c2334bdd43f39295c41d2675c2d2.jpg;4;43;55;forb_speed_over_30;0;0;43;55
200ddf2980ce400fa1892d7801c373bd.jpg;4;41;51;warn_roundabout;0;0;41;51
c801f259c0ea4bc5a25e962c000d7b50.jpg;4;32;30;warn_two_way_traffic;0;0;32;30
7f190721b3df46d38a3191a559517b08.jpg;4;18;27;forb_ahead;0;0;18;27
6abff228bbb345c2a6ab674659045c73.jpg;4;30;30;warn_crosswalk;0;0;30;30
9f0c8f85c2aa430bbec04b1fa63bfbd1.jpg;4;52;80;mand_pass_right;0;0;52;80
23f2c66fa5a845d7b85ccce984b78ed4.jpg;4;80;59;warn_crosswalk;0;0;80;59
b84e323e733645b39a76fec5335881c5.jpg;4;16;13;warn_roundabout;0;0;16;13
ef6973defc434e56be63cb76a2179eff.jpg;4;50;54;prio_priority_road;0;0;50;54
0121af3cb98d4c618fa2af4902f8faf2.jpg;4;45;46;info_crosswalk;0;0;45;46
4458cd72c5234c969d8b1c715ef1532d.jpg;4;59;70;mand_straight_right;0;0;59;70
b1573571b2eb4520bae7338317218c2a.jpg;4;41;41;mand_straight_right;0;0;41;41
6fcd83ebd8524cc5927e53a1d09bd634.jpg;4;88;138;forb_ahead;0;0;88;138
0695376c04d0469f8ac8bd97995a1096.jpg;4;37;35;forb_right;0;0;37;35
79cd7c9a546349da93e4a6804f1e8204.jpg;4;8;12;info_highway;0;0;8;12
fb7cff10a2184eafb882af7fad862f98.jpg;4;21;24;forb_speed_over_130;0;0;21;24
3be805f6bf8c47de976829526b9f60a6.jpg;4;22;25;forb_speed_over_130;0;0;22;25
b7dc475d5ab54aef8870f548c47a063f.jpg;4;42;38;warn_wild_animals;0;0;42;38
cf0212ca612448178e8528d88cd17d76.jpg;4;124;134;info_crosswalk;0;0;124;134
7250c2fafafa44eab925e384e0f8c3e8.jpg;4;52;117;prio_stop;0;0;52;117
9872de428c514304add176dd2d3465c7.jpg;4;34;46;warn_children;0;0;34;46
3aaad73818c04eb3b5f97efaa83aabdc.jpg;4;35;32;warn_crosswalk;0;0;35;32
a047511841b345da96aee9c78efd3422.jpg;4;34;34;forb_speed_over_40;0;0;34;34
34071c7b1e1c4320bfb53dd039f28228.jpg;4;24;26;forb_speed_over_5;0;0;24;26
1ffcd2e10bf34fc29e1f972fc9daea2a.jpg;4;45;49;mand_pass_left_right;0;0;45;49
9e8c7b113d8c47e9ba7f2552b29220d3.jpg;4;44;47;forb_weight_over_7.5t;0;0;44;47
bdb2033f7a774d8c932d13714c9a29eb.jpg;4;15;15;info_crosswalk;0;0;15;15
7084c635afbe46a8ac4951d018221783.jpg;4;27;26;warn_domestic_animals;0;0;27;26
2525c3bf30a54192adb3d4f7c49aef1a.jpg;4;28;25;warn_wild_animals;0;0;28;25
59d5ba0a6e35460781e151e54ae5bd6d.jpg;4;27;38;forb_speed_over_10;0;0;27;38
3b4cb001c59849068d37b02a4c5e2518.jpg;4;28;42;mand_straight;0;0;28;42
905a1658928c42a99d82f2bbb0011b2f.jpg;4;60;50;warn_construction;0;0;60;50
036d172b31754d22ac4c8e6081b8bb7b.jpg;4;55;131;prio_stop;0;0;55;131
251dfca8bf0141aab602043820462066.jpg;4;67;128;mand_straight_right;0;0;67;128
08a70fff3bfb47dd8b1792a5f21a06fe.jpg;4;66;37;forb_speed_over_30;0;0;66;37
be29faa639424226b50963465752cc6e.jpg;4;51;51;forb_speed_over_30;0;0;51;51
bea447579abb4255b7f70b8d3f5b4586.jpg;4;55;48;warn_roundabout;0;0;55;48
6820cabdc3824eeca90230b493cd4cef.jpg;4;16;16;mand_roundabout;0;0;16;16
86cc45892ddd4a18ba8d71a4d7941454.jpg;4;18;19;prio_give_way;0;0;18;19
07f08ca3e62b4e3ea58a150f34a1bbd8.jpg;4;12;12;mand_pass_right;0;0;12;12
c7c3f31284b04740a5b97bb57a101b34.jpg;4;53;49;warn_roundabout;0;0;53;49
abe60bb2f57d480cb2bcfb409ab980da.jpg;4;45;34;forb_overtake;0;0;45;34
42bf9836d65049478595eab8c44d2859.jpg;4;168;164;prio_stop;0;0;168;164
6f632b172b3d4d73b0e86fb89964ed30.jpg;4;165;160;forb_right;0;0;165;160
2a865848ab6a45d89be70614723692cb.jpg;4;38;37;forb_speed_over_5;0;0;38;37
18772f35b9824fc781d7450a6a98384f.jpg;4;36;37;forb_overtake;0;0;36;37
2d37eb85eadf46a4a5e1d42a5e757d5e.jpg;4;36;35;info_crosswalk;0;0;36;35
54d8698208284e21a67d97b83e857918.jpg;4;85;80;forb_stopping;0;0;85;80
3f559f68ff5f4e829c2f1584981bf3c1.jpg;4;94;85;warn_construction;0;0;94;85
3990389a08a34aca9e42c37ee69edc85.jpg;4;80;80;forb_right;0;0;80;80
f29904cad7a34d60941ea4201ce8fdef.jpg;4;105;29;forb_speed_over_70;0;0;105;29
c30e02bda4824624ba6c4852598fe0b3.jpg;4;112;31;forb_speed_over_70;0;0;112;31
c44c484c8e29495e88e8991abe20c80b.jpg;4;42;45;forb_speed_over_70;0;0;42;45
f7586a9635ab46779a752de08acdb170.jpg;4;59;51;warn_two_way_traffic;0;0;59;51
879bf3422b6a4ad8ba6553e1aa7e919a.jpg;4;57;56;info_crosswalk;0;0;57;56
d209c06ff86b4651b859aebe2053c097.jpg;4;47;94;forb_speed_over_70;0;0;47;94
88e4fa1da94743e2bd120e41b82c904f.jpg;4;41;39;prio_give_way;0;0;41;39
52c09a85ad5a43159f70cf1ea079e26a.jpg;4;21;43;info_crosswalk;0;0;21;43
45ddc25964ab49bf8e1efae231c8cde8.jpg;4;40;41;mand_left_right;0;0;40;41
7a0bb0791254469fa258f3a9b664d34d.jpg;4;147;134;warn_poor_road_surface;0;0;147;134
3186901f434645f69fc46488a2c7502e.jpg;4;89;78;info_one_way_traffic;0;0;89;78
006ff7bb33f041bdac3a9cf8591608ba.jpg;4;70;74;mand_bike_lane;0;0;70;74
1bb10db595bd42e483eec7508b4998fb.jpg;4;37;73;mand_straigh_left;0;0;37;73
2c10c7a915974d64a13aff8768ffa951.jpg;4;89;79;warn_wild_animals;0;0;89;79
8756b2b0592043e9a52486adb2a7aea0.jpg;4;57;56;mand_bike_lane;0;0;57;56
ca1d7c8b2ae34271b8cee0cc3b145172.jpg;4;57;57;forb_stopping;0;0;57;57
5887d68d57784297b1deb274ae226512.jpg;4;11;12;info_crosswalk;0;0;11;12
a42d30263c97404e985c72859bd0f436.jpg;4;20;21;mand_pass_left_right;0;0;20;21
3c717ee78f5643988cd27a0e8cdbd319.jpg;4;32;27;warn_roundabout;0;0;32;27
d5e2532ee7f84413b5839e439b907840.jpg;4;30;28;forb_trucks;0;0;30;28
622ca8c20b694fffbb18546d1632e613.jpg;4;31;29;mand_pass_right;0;0;31;29
ec72bd4f7f5a4a299e48c5af80fb534a.jpg;4;82;85;forb_right;0;0;82;85
fe451ebac5e645f185fdfa199d17cea8.jpg;4;68;92;info_parking;0;0;68;92
e8dabbf18f1e4597889910ee4373cc86.jpg;4;41;41;info_crosswalk;0;0;41;41
dc72e9bdf37c4d5ba7ce395f2b69ac34.jpg;4;32;30;info_crosswalk;0;0;32;30
4a4be2e9f26c421a871a41437b9391dc.jpg;4;28;27;mand_straight;0;0;28;27
fc20e8d8ca5442df8f7d609d0d3e0731.jpg;4;28;27;mand_straigh_left;0;0;28;27
feb97f65af9447c4bf7b7ac086e0e4be.jpg;4;12;11;info_one_way_traffic;0;0;12;11
4915bcda95534d3fa595e2d8393d962f.jpg;4;13;13;info_crosswalk;0;0;13;13
d374aefedb674a508591fd6decc086ee.jpg;4;31;43;info_one_way_traffic;0;0;31;43
0c07c506129d46e8adc733ffadfcdfdb.jpg;4;42;58;forb_speed_over_60;0;0;42;58
a83eb2a079e248159a7af7b3d910dc23.jpg;4;49;57;prio_stop;0;0;49;57
7b5f22af38f94f39875d2cb05f61c773.jpg;4;43;50;forb_right;0;0;43;50
2bc205db58ed4798974b34a0c43b794f.jpg;4;83;88;prio_give_way;0;0;83;88
3e5a3f68cd3e4888bf41cbf98c6ce32b.jpg;4;53;67;mand_right;0;0;53;67
cc98878aa271456188e3011756c7652b.jpg;4;20;18;mand_pass_right;0;0;20;18
3a5d35d61d994316adac3693ca6d0759.jpg;4;46;45;mand_pass_left_right;0;0;46;45
cd7a98e88cdf44e2b1e4914fc09f24f9.jpg;4;61;64;forb_stopping;0;0;61;64
37387b7719814ce892139970248b338f.jpg;4;71;66;info_taxi_parking;0;0;71;66
363d04efea1c42fca12729186c16c549.jpg;4;42;37;info_one_way_traffic;0;0;42;37
9e9b3c3339ea4e16b45944248cacc761.jpg;4;28;35;forb_stopping;0;0;28;35
fa0da3381d52414cba2b842d507eff07.jpg;4;30;36;forb_speed_over_40;0;0;30;36
1a99f61b9f684d879465855ecfbd75b4.jpg;4;57;58;forb_speed_over_30;0;0;57;58
76ba17c7389441e2b3665da9d88ff5f4.jpg;4;20;21;forb_speed_over_40;0;0;20;21
7fc200ba168c4f468477849ed808ec69.jpg;4;24;24;info_crosswalk;0;0;24;24
7a9c68855fd04c659d8e4c3341d15dd4.jpg;4;20;20;prio_stop;0;0;20;20
0afe0d4541c84290ac6911fe352390ce.jpg;4;21;20;forb_right;0;0;21;20
a1b22c9beddf419ba3573dbd10fe8e77.jpg;4;52;52;info_crosswalk;0;0;52;52
cdfc032ba0204cc2b1d87420033ae8bb.jpg;4;127;115;prio_give_way;0;0;127;115
ba02e16430a04536be15ff604da9045c.jpg;4;40;49;forb_left;0;0;40;49
331d08cd530247b28c19dc4523c05a14.jpg;4;53;49;prio_give_way;0;0;53;49
0c6a8ade699e4ad18084fde0cc2161cd.jpg;4;59;109;mand_right;0;0;59;109
db7ef8afc3364ca78693e8c1beba4669.jpg;4;40;112;info_crosswalk;0;0;40;112
c33d613001b9436eb46ad59a9059e35a.jpg;4;23;48;forb_stopping;0;0;23;48
3cb45e9e736a43289ba1a7dac1333a76.jpg;4;23;50;forb_left;0;0;23;50
29fd11fef7084d69be1416ef286fa64a.jpg;4;184;187;mand_straight_right;0;0;184;187
a97807303e534afd9613da53f0da2aa0.jpg;4;36;37;prio_stop;0;0;36;37
bb873ac010334c89a49c609615dc114b.jpg;4;73;77;forb_speed_over_5;0;0;73;77
2a6c2f8e9e6749f0b3a9c4605f255cbf.jpg;4;35;48;forb_weight_over_3.5t;0;0;35;48
38f7482b98334621bb58f4c1f850c4b3.jpg;4;30;30;info_crosswalk;0;0;30;30
06b26a18faac43cb9e951b9191e01209.jpg;4;25;25;forb_speed_over_60;0;0;25;25
2b1d6090e8414295ab732cf8c9ca5af2.jpg;4;73;96;forb_u_turn;0;0;73;96
74dd9cbad44d47219f8726fd0216251c.jpg;4;67;82;forb_speed_over_130;0;0;67;82
e12def84c1aa472c9197c922be81aa69.jpg;4;64;83;forb_speed_over_80;0;0;64;83
5610f2458cbf4132a87a58ff285ae53e.jpg;4;64;68;forb_weight_over_3.5t;0;0;64;68
91dfd6e34f9a4ef68e223a354c6d6dd5.jpg;4;48;55;forb_speed_over_70;0;0;48;55
18e5b669159c40aaa00e2b1b990367ab.jpg;4;138;75;forb_speed_over_70;0;0;138;75
04d7d4aff02e45319aa28601cd4b6f76.jpg;4;51;54;warn_speed_bumper;0;0;51;54
fd3e5cb7167241b68b2c6906323384b1.jpg;4;36;38;forb_u_turn;0;0;36;38
c5973fe1d00343c3bf0ef5078f5beebd.jpg;4;18;19;forb_overtake;0;0;18;19
3cce6334cd984b3887417d1b6aa7dbbe.jpg;4;18;18;forb_speed_over_60;0;0;18;18
297ee593e33646d1a096720314452e96.jpg;4;96;101;forb_speed_over_30;0;0;96;101
a83c023bb1904971b2f27d6818372f70.jpg;4;101;99;warn_roundabout;0;0;101;99
e9e7a07b35a64d7aa96eec01c0822304.jpg;4;34;32;info_crosswalk;0;0;34;32
a366271970ce4f339faa9259692c385f.jpg;4;62;57;mand_pass_left_right;0;0;62;57
66cb5385da50439898b3ea3825368d64.jpg;4;32;28;prio_give_way;0;0;32;28
fa3864dd8e3c4e71828c459b9647325a.jpg;4;28;28;mand_straight_right;0;0;28;28
5ad68ae0d38a4b4e903b235a45070f73.jpg;4;12;21;info_crosswalk;0;0;12;21
90bc9c67d5fc4ac3b946cffbcb6392d5.jpg;4;29;28;mand_straigh_left;0;0;29;28
ceda446fb71e45cb9a54dbfdcfb80a20.jpg;4;8;10;info_crosswalk;0;0;8;10
6c4c34a45d4746c8b08a49f068936c01.jpg;4;61;62;warn_traffic_light;0;0;61;62
a7eb620c3cc04b949c02166feece862f.jpg;4;122;123;info_one_way_traffic;0;0;122;123
65df3c2bc2c4437f9667a2d712d57b20.jpg;4;17;17;info_crosswalk;0;0;17;17
b9e825081cb54ff7858359d4a38d48b4.jpg;4;14;14;forb_right;0;0;14;14
fdb2a368d369450e856ffa23b57e728c.jpg;4;39;55;warn_other_dangers;0;0;39;55
a1a909d7bd584fff9d2e43fc5b432b34.jpg;4;58;57;forb_stopping;0;0;58;57
8fb35d80488b4f22ab4d69a39a5e55d1.jpg;4;120;125;forb_weight_over_3.5t;0;0;120;125
413233044cbf4c3baa857ac7aeb5b1f3.jpg;4;62;59;info_one_way_traffic;0;0;62;59
10e7fda4e90f4b39b2f7cebad9145c24.jpg;4;76;71;warn_poor_road_surface;0;0;76;71
aa112617f0ea441d8bb7fddd96e8e282.jpg;4;50;83;warn_poor_road_surface;0;0;50;83
30d508680f0e41a8a8a1fd0d0be422c3.jpg;4;31;32;forb_stopping;0;0;31;32
28b0eca7069a4b49a58a77616e28563d.jpg;4;33;34;forb_speed_over_20;0;0;33;34
49c3689240ed43d8865f4b57e36c03cf.jpg;4;92;108;mand_pass_left_right;0;0;92;108
3d6bbf884c96406182640bd216385ab8.jpg;4;58;62;mand_right;0;0;58;62
f73869cd3d6348179261b785c5e63385.jpg;4;65;96;warn_wild_animals;0;0;65;96
5e4c281e164d4004ae1b3f8c9e72f5c2.jpg;4;28;24;info_crosswalk;0;0;28;24
747ca690cf6b485aaa6355679ae9c5a7.jpg;4;56;45;warn_cyclists;0;0;56;45
4ce4800de57b4109867ee0b7e4c760cf.jpg;4;22;21;prio_stop;0;0;22;21
89e26023534542889e2d68afb0433f62.jpg;4;25;25;info_crosswalk;0;0;25;25
1a3a31cd731944e9bd332fa355d9872c.jpg;4;36;50;info_bus_station;0;0;36;50
81f1c628687e43b2b388480cb06d8b6f.jpg;4;57;65;forb_weight_over_3.5t;0;0;57;65
9aea2d183be84317a17b839f5c47208f.jpg;4;254;314;forb_overtake;0;0;254;314
5816b0029ebb47f58dc0071e24fdbe34.jpg;4;23;35;forb_speed_over_20;0;0;23;35
58fec8e040864555a5946ef692946a31.jpg;4;23;20;warn_speed_bumper;0;0;23;20
7d1ec372deb443748d4f216e8f444c65.jpg;4;12;13;mand_pass_right;0;0;12;13
7b1712c5862f43bdbb27af5e95409457.jpg;4;13;15;forb_ahead;0;0;13;15
fe26cc4dce6c420fb55b6fed073bc395.jpg;4;88;94;forb_speed_over_100;0;0;88;94
b71f81a2b8bd44148507d3164fde30e2.jpg;4;43;41;warn_traffic_light;0;0;43;41
4aee4f8ee11a467babc0d47933a0ed2e.jpg;4;28;29;prio_priority_road;0;0;28;29
c426bbc399e345dc91f070f252c69be4.jpg;4;24;24;info_crosswalk;0;0;24;24
5a288e4bae2c4e00b2390080ea08bb3e.jpg;4;28;29;mand_straight_right;0;0;28;29
52ded633a35041e28acbaeccc4b5a2b9.jpg;4;21;20;mand_straight_right;0;0;21;20
6f5788fa3ccf490eb9f6e7bd194bc41e.jpg;4;139;139;prio_stop;0;0;139;139
e4232d47ff574ab185da40bae01e2743.jpg;4;135;139;mand_right;0;0;135;139
4ef5671b34d549fabdff4367331d82ad.jpg;4;141;161;forb_ahead;0;0;141;161
a8184417e82a4c218ca7cf055e6ff7a4.jpg;4;128;142;info_crosswalk;0;0;128;142
a4a8b006608a40d8811ee5aa99a27462.jpg;4;100;140;info_bus_station;0;0;100;140
2f35b91f938f4d6b81c14b6749090df9.jpg;4;107;109;mand_roundabout;0;0;107;109
f96629f61cf34b98822b865fd2c3508a.jpg;4;22;31;info_parking;0;0;22;31
5e730cfa73234f5e82e713b4b6ea51e7.jpg;4;188;214;warn_wild_animals;0;0;188;214
eb746b1558b7455d976e5b3d894563aa.jpg;4;56;211;warn_wild_animals;0;0;56;211
c4b7b294928049beaf5c2bf0470d8e6e.jpg;4;88;124;mand_bike_lane;0;0;88;124
08ea76b0fa004e93bd046a573eb1a338.jpg;4;37;45;prio_priority_road;0;0;37;45
382271a9df704fac9fe75ec9dfeed388.jpg;4;14;13;info_crosswalk;0;0;14;13
cedf8363331e46d69d47ce8174709594.jpg;4;28;30;mand_straight_right;0;0;28;30
d6bc7f8df09c4e2ca9d188ebffb12994.jpg;4;59;61;info_one_way_traffic;0;0;59;61
43a18353fa514f0493e955c9523f65f2.jpg;4;122;123;info_crosswalk;0;0;122;123
3dfbf4cba3634dbca82c21f9e5742c1a.jpg;4;25;28;info_crosswalk;0;0;25;28
37cc4528835e47ec8e6ac5c032cfde76.jpg;4;119;125;mand_straight;0;0;119;125
481dbe69301443269b74efc2ab770429.jpg;4;25;23;warn_cyclists;0;0;25;23
d157ca16ca2a48b79635617557067854.jpg;4;16;28;prio_stop;0;0;16;28
78e9d3a63ad44b1896e15e77ec754380.jpg;4;65;85;prio_stop;0;0;65;85
ef11d5bf3dfd418ab841c7b0a309d12c.jpg;4;58;82;mand_straigh_left;0;0;58;82
1035ace9e3d94ce894e0e7ea17996203.jpg;4;28;39;info_crosswalk;0;0;28;39
d515dd568f6f4daabafd13e554b2a9b0.jpg;4;27;35;forb_weight_over_3.5t;0;0;27;35
4a9b861e71674df496485b3b5dd29d5e.jpg;4;31;30;forb_weight_over_3.5t;0;0;31;30
21eb6b9b60d24461a6552bd41ca39432.jpg;4;50;48;warn_roundabout;0;0;50;48
6ffa61b9423d4a8ba2f9f268b75c8be7.jpg;4;50;49;forb_speed_over_30;0;0;50;49
e20e502439b844fca728a5d5ba138dec.jpg;4;46;85;forb_ahead;0;0;46;85
51f5c2fdef43484c903c4834d87e9b1d.jpg;4;82;84;mand_left;0;0;82;84
4ef5e97cd2d547e3befe0d952ef64156.jpg;4;83;83;prio_stop;0;0;83;83
04e6af1f1b6f41aa966e54775fcf817c.jpg;4;35;41;mand_pass_left_right;0;0;35;41
d4d9447010dc47f09e9835b69dbd1352.jpg;4;65;86;info_parking;0;0;65;86
658c9f4c8327435eaf8c0182198812c0.jpg;4;72;71;mand_pass_left;0;0;72;71
e77f1d6b160f40a8b9e1fa509aa5bc0c.jpg;4;15;16;forb_speed_over_50;0;0;15;16
6faad06fd85f401193c9859ac7818533.jpg;4;50;61;forb_speed_over_10;0;0;50;61
cab8453204f540f9be2970c14c9baf66.jpg;4;53;55;warn_construction;0;0;53;55
0345df4d76bc4b198b922bfe28a4ed4b.jpg;4;25;24;forb_ahead;0;0;25;24
2e16c1b3c7a344bcb66343fbbcd40dc3.jpg;4;91;108;info_one_way_traffic;0;0;91;108
16d1abd1787644acaa0a24ac2ff2d9e9.jpg;4;82;96;forb_weight_over_3.5t;0;0;82;96
89c8a50c5cbf47ce9261ed7fe16f0955.jpg;4;79;69;warn_wild_animals;0;0;79;69
89e65b78d2344b59b9ed7d4235af5178.jpg;4;60;74;warn_domestic_animals;0;0;60;74
a6fb917e43b54d6a92af67c6dc3a46e8.jpg;4;55;56;prio_stop;0;0;55;56
8daa27f9173a4557a3fa4e7b0e5f91c5.jpg;4;62;61;info_crosswalk;0;0;62;61
c9203863d8c14178931b5e754475487e.jpg;4;54;55;mand_right;0;0;54;55
137958782bfa48fbb8f5ae6ae93d8067.jpg;4;28;26;forb_left;0;0;28;26
519bf42ca09f479887d260da696a4a1a.jpg;4;30;30;forb_left;0;0;30;30
46b7725b4cd3418884b362c1a2203d14.jpg;4;39;36;prio_stop;0;0;39;36
13bde224bfe24caaa5729e239c5114e4.jpg;4;47;42;prio_stop;0;0;47;42
17fa83683d72416282cd18864c476d79.jpg;4;54;53;info_crosswalk;0;0;54;53
e3dff8efbed9475591662807af8930b6.jpg;4;54;46;warn_cyclists;0;0;54;46
832d4bbc80214acd8f9b1832902434ff.jpg;4;28;32;forb_speed_over_5;0;0;28;32
1d459182f10a44ed98e33e1c66172dc8.jpg;4;152;135;mand_pass_left_right;0;0;152;135
bf76474592784023958d40e44d3bb4e2.jpg;4;28;45;info_crosswalk;0;0;28;45
0cd394174afb481297ad418e1f6ba79e.jpg;4;58;59;prio_stop;0;0;58;59
dbe560b641b64de389d0a7a0c5ae8568.jpg;4;60;58;mand_right;0;0;60;58
1a2490e37fa540f79b0fd51db1f02841.jpg;4;57;64;info_crosswalk;0;0;57;64
67e505e5780e4f3dafa15dbd54cf9985.jpg;4;40;42;prio_priority_road;0;0;40;42
1922d54462684cf8a2cccc1cbc77ac1b.jpg;4;32;31;warn_crosswalk;0;0;32;31
c4674b8d378045d8af11a91e9623a2b1.jpg;4;58;90;forb_weight_over_3.5t;0;0;58;90
7e4be56cc3594d24827add9a6a58284f.jpg;4;90;102;warn_crosswalk;0;0;90;102
0bcd08ae573649bfb6bb00eb5ca1d848.jpg;4;104;115;mand_right;0;0;104;115
620b1a089dd2435587bf4111cdea2da1.jpg;4;94;117;prio_stop;0;0;94;117
76051149f6974da28651ca4afc67b560.jpg;4;122;138;info_crosswalk;0;0;122;138
f33c557c9f3643b2b4c5a711ad77a9e1.jpg;4;59;59;forb_weight_over_3.5t;0;0;59;59
c38717f444b144cba92cf5f56219de1f.jpg;4;71;60;prio_give_way;0;0;71;60
7220e0460d9a41a3b3181f2ad97a041f.jpg;4;77;86;info_crosswalk;0;0;77;86
d84b24fc7a1846699c0f3651475ccc92.jpg;4;39;42;info_crosswalk;0;0;39;42
2e041483bcca46af86d3073fd7382fa0.jpg;4;24;25;forb_speed_over_30;0;0;24;25
c632980de1db4874907cd496ef016960.jpg;4;75;86;info_one_way_traffic;0;0;75;86
954977087e814f5ba0851a576e06d4f6.jpg;4;26;22;warn_crosswalk;0;0;26;22
b88d11055ff34df895c52a5d731393b4.jpg;4;25;23;warn_roundabout;0;0;25;23
c5aeafb55fa1439e9e95fe828ec0e6fe.jpg;4;58;64;prio_stop;0;0;58;64
58ed3ba2eb744f3eae1d3c5a7260899b.jpg;4;24;25;forb_ahead;0;0;24;25
a784a4f4c3104cc3ab42c0ccd42bb3e6.jpg;4;46;48;forb_speed_over_50;0;0;46;48
2428016b2af94dca861e32409f00a8d6.jpg;4;58;43;forb_speed_over_50;0;0;58;43
e45aad432ae84421ae467246dcd3cd56.jpg;4;72;54;forb_speed_over_50;0;0;72;54
442ef12949f5496297a50359c5a8799e.jpg;4;74;74;mand_roundabout;0;0;74;74
2c2ccb80111345229bb8012c46c28fae.jpg;4;19;20;mand_roundabout;0;0;19;20
dfd117361834440ab5871a63f445111d.jpg;4;73;70;prio_give_way;0;0;73;70
40a9d08bec364aeb94d786d1fa65451f.jpg;4;44;65;info_crosswalk;0;0;44;65
b3d863bc628047238586d53bfe00af76.jpg;4;47;59;forb_left;0;0;47;59
69c49fa4ae354bb2bfee16587e3141c8.jpg;4;76;73;forb_left;0;0;76;73
e41ac2f1500740f49696dc47a4b132af.jpg;4;77;87;info_crosswalk;0;0;77;87
b63e393d045f4abe80e50fec9a59fb16.jpg;4;27;26;forb_speed_over_30;0;0;27;26
62c705343d784c58896470d8f62ca280.jpg;4;29;27;warn_speed_bumper;0;0;29;27
fc6dba830ed943d197211329b451be9b.jpg;4;65;65;info_parking;0;0;65;65
c3c5e85ed1964a5498d642144dc7f58d.jpg;4;35;36;info_crosswalk;0;0;35;36
07829abe777d418bb3e9c6d73e59c600.jpg;4;29;31;prio_stop;0;0;29;31
b2127090d8fb479383c03159f2ebe7f5.jpg;4;57;58;warn_construction;0;0;57;58
a1d0c892d6af4bd0a04328b4ae0cb8e6.jpg;4;16;15;forb_ahead;0;0;16;15
c8c03648e927459da581d1fa84766347.jpg;4;26;32;info_crosswalk;0;0;26;32
63bb4f44cd9b4a748fde2a060fdad642.jpg;4;56;59;forb_speed_over_30;0;0;56;59
e80ff59b8cc04fb088b03ff9817a1645.jpg;4;59;64;warn_children;0;0;59;64
6df5c134f2244cfb9cb18149827b9fbb.jpg;4;57;67;forb_weight_over_7.5t;0;0;57;67
e53787a060ab4df898cec39cf2bcc7b7.jpg;4;27;32;forb_weight_over_3.5t;0;0;27;32
70c0334113214b68a234dbc25494551d.jpg;4;73;88;warn_domestic_animals;0;0;73;88
e0afbb657dc94ef08fa6d0fe24574c12.jpg;4;32;35;forb_speed_over_100;0;0;32;35
762c9476cb264476a0e755c7dc565236.jpg;4;23;27;forb_speed_over_100;0;0;23;27
e85d5e23b5e64afa919ce13d0e0a3d0c.jpg;4;12;19;info_highway;0;0;12;19
068fc85305c74f0a91c4e38583c1ebfa.jpg;4;19;26;forb_left;0;0;19;26
4545e2e3e76a423297f73d7b5da7c533.jpg;4;25;31;prio_give_way;0;0;25;31
436d3d8c3f3b4d9495acb0ed6ce6d2a4.jpg;4;20;31;info_parking;0;0;20;31
0a01198cb02941fa831d84352189d951.jpg;4;60;66;forb_u_turn;0;0;60;66
75f622dc800b4a0a8cc61ea3542e5bfa.jpg;4;70;103;info_bus_station;0;0;70;103
51e2a026fea84623a53aa88f1d6a0731.jpg;4;305;42;warn_other_dangers;0;0;305;42
98d5be91d7304019960546ca84d4c261.jpg;4;200;204;prio_stop;0;0;200;204
77ad9181886549279b6e04100b9e7ba4.jpg;4;224;224;info_crosswalk;0;0;224;224
6949884e56be44e9b1ec25ef3b4ca523.jpg;4;108;145;forb_weight_over_3.5t;0;0;108;145
048741f555a845cc9c5318b0a4150ab1.jpg;4;67;72;info_parking;0;0;67;72
d2f2adfc067e44ed9ccf9c866aa28f11.jpg;4;75;69;info_parking;0;0;75;69
2c352aa52f1a421591ec3b94fd85e51c.jpg;4;25;54;info_parking;0;0;25;54
5d02bf7031664486b0e2cc7f139d38f7.jpg;4;21;19;prio_stop;0;0;21;19
7788e12785ca4e24974d0ccb5281e74a.jpg;4;23;22;info_crosswalk;0;0;23;22
9cfc658809bd449fba575d67e7ae7a3f.jpg;4;77;112;mand_pass_left_right;0;0;77;112
8114b37dc62e4b78a23e5c4c4b4d890c.jpg;4;103;91;forb_right;0;0;103;91
c1246ee296f442959c7793575cb5ec02.jpg;4;25;30;prio_give_way;0;0;25;30
eb5dd6cbfa07495dba07af4005c8edce.jpg;4;107;101;prio_give_way;0;0;107;101
254ec56b411b45a497cb2024069ee60e.jpg;4;75;76;mand_roundabout;0;0;75;76
0bbd2fc20e6d44538795bdacac4c3f8e.jpg;4;21;21;mand_pass_left_right;0;0;21;21
7353d5ddb6e94dc4ae9bf7ab8ece7294.jpg;4;47;47;forb_speed_over_40;0;0;47;47
8690576063534072a5f62e289c8ec425.jpg;4;50;45;warn_poor_road_surface;0;0;50;45
0048f1d565db464eb0bd28bb87b0c518.jpg;4;11;14;forb_right;0;0;11;14
5bdc0b3877a545bd89a52c250aff4c17.jpg;4;136;215;prio_stop;0;0;136;215
c1cb9dc4fc3c4c28856808eeefcdbac6.jpg;4;107;228;info_crosswalk;0;0;107;228
113cc9b0cc1e4b738ef085f5c8be477b.jpg;4;151;214;mand_pass_left_right;0;0;151;214
55046e14ff2d4308bf20e4eb7f513301.jpg;4;87;102;forb_stopping;0;0;87;102
896aef43c42d4c489e4dc12d154cad68.jpg;4;55;84;forb_speed_over_70;0;0;55;84
ee5cc6756e9644819162b02d728e4fc2.jpg;4;52;82;forb_speed_over_70;0;0;52;82
6bb0b47709b24cfbae47162b188fad1b.jpg;4;63;63;warn_construction;0;0;63;63
f5c2468a581f4fe2a8fd63bb71b0c5b9.jpg;4;18;18;forb_ahead;0;0;18;18
39a2210aa0024905bc85d53012aceba2.jpg;4;42;45;forb_speed_over_50;0;0;42;45
74f01e72305d4419a2bc8b1eac3f71fd.jpg;4;35;41;warn_poor_road_surface;0;0;35;41
4a0fdc5c772247b9a6a03bd3c1e1069c.jpg;4;93;108;prio_stop;0;0;93;108
845bca62e902467c8f988822ac23a7b8.jpg;4;29;80;info_taxi_parking;0;0;29;80
5daa5fa91f624b5da0929ceb00558fa7.jpg;4;67;69;forb_speed_over_70;0;0;67;69
438696fbeb5545cb9824bc8045b665c6.jpg;4;125;39;forb_speed_over_70;0;0;125;39
1aa29d94f85c4e819e2f60b6daa1d5f3.jpg;4;80;74;warn_speed_bumper;0;0;80;74
d610ca2e393e4c8b9fc8aae7aa31ace7.jpg;4;62;78;info_crosswalk;0;0;62;78
92c6076daea1400690e3663f4e30ede7.jpg;4;68;75;prio_stop;0;0;68;75
d9c654310de54718ace43354ee1dd8cf.jpg;4;60;68;mand_right;0;0;60;68
0d37d8ca0e3e4952b904c1cf28d8feba.jpg;4;32;122;prio_stop;0;0;32;122
1bea15af760541c98b14fd8aec46d004.jpg;4;47;114;mand_right;0;0;47;114
d2cc6c9e2dbf45598b283fe8fdb2b02b.jpg;4;17;22;forb_speed_over_5;0;0;17;22
56321a6b682941b18def8595863b2ec7.jpg;4;110;178;mand_bike_lane;0;0;110;178
6196a4d84a9648ec922adfeabc20cf5a.jpg;4;123;165;forb_weight_over_3.5t;0;0;123;165
d7549d7730374585995208e618b67860.jpg;4;89;90;warn_children;0;0;89;90
a48255d4c72e456f83b43960c74abfe5.jpg;4;82;89;forb_stopping;0;0;82;89
f139dab21a8c48c59a914170f117c58d.jpg;4;113;192;prio_stop;0;0;113;192
5592849e15c4429e829242722b421321.jpg;4;147;234;info_crosswalk;0;0;147;234
ae188b5304c54b1d9f271b9dc6580628.jpg;4;57;62;mand_straigh_left;0;0;57;62
f05d5f0f7a744a2aae3fe7dc8f40ea53.jpg;4;28;49;info_crosswalk;0;0;28;49
dd8847fd4dcc439aa58176b57baf3f6a.jpg;4;68;66;info_crosswalk;0;0;68;66
48f50c414aea4159b38a10e73ff8e1ac.jpg;4;22;40;warn_construction;0;0;22;40
388860f5a95f4dc993e23d4149343f10.jpg;4;126;87;mand_pass_left_right;0;0;126;87
ffe2cfc544604ad49a95ff9ad6e4412f.jpg;4;49;46;mand_straight_right;0;0;49;46
aaf0970c813040d8a06e54aefa4b822a.jpg;4;55;56;info_crosswalk;0;0;55;56
ab409df007de4fa59b9dd7bc2899d727.jpg;4;72;63;prio_give_way;0;0;72;63
b283e7adf794451d8bc1fbf55a2d8875.jpg;4;27;24;forb_right;0;0;27;24
e15264eaa5fb455dae78f100b1782cd5.jpg;4;33;27;info_crosswalk;0;0;33;27
9316600664ce417384e44c0685c9ea84.jpg;4;33;64;mand_right;0;0;33;64
e2ce187847ab4576bd12fd5532c29ca2.jpg;4;66;61;mand_roundabout;0;0;66;61
8d53723ff0ab4e0394ea717270879c3a.jpg;4;89;78;prio_give_way;0;0;89;78
b2306b7301c84d18b3d58fa851092dbe.jpg;4;13;13;info_crosswalk;0;0;13;13
205912da7f7b429793579a64d42c44a8.jpg;4;15;14;info_crosswalk;0;0;15;14
868178bfefe149128b60ee7a221c4d61.jpg;4;55;49;mand_straight_right;0;0;55;49
e0e49f15e4cf491da2a72fbb9ff5dcd6.jpg;4;100;142;prio_priority_road;0;0;100;142
d7b28b7b40bb4858af71203f414f5f1a.jpg;4;115;113;forb_speed_over_40;0;0;115;113
32448c0ed57f4461bf7b33620d69e3c2.jpg;4;116;107;warn_two_way_traffic;0;0;116;107
a686833df21e4efabc2e77274fccc859.jpg;4;101;95;prio_stop;0;0;101;95
af61931aed034963b76e901d8da4f535.jpg;4;98;102;mand_straight_right;0;0;98;102
50c82db0e9c24a3eb25aef60fe4b3bf9.jpg;4;52;73;info_parking;0;0;52;73
5fb91c732abc405d8b7ea56503899128.jpg;4;56;66;forb_weight_over_7.5t;0;0;56;66
6ba12e8bbb5340858be02fb22cf93a19.jpg;4;59;64;forb_trucks;0;0;59;64
d0ce02146c39429da00df66c6f91e485.jpg;4;89;95;forb_speed_over_50;0;0;89;95
15eda950f2be4dd89d063a2d90bfba1a.jpg;4;89;96;prio_stop;0;0;89;96
8d46df16ec5f46b084745247dff305dd.jpg;4;56;54;forb_left;0;0;56;54
7ac4dc81b0454fc59fcd52569fe55457.jpg;4;10;10;prio_give_way;0;0;10;10
f8f3a0df603c42f6a2a1b7a87fd262e1.jpg;4;73;89;info_one_way_traffic;0;0;73;89
6cd5124f32eb4c8989c127a5e818a996.jpg;4;11;16;info_parking;0;0;11;16
11fe042846ef418384aa0917820b22b6.jpg;4;66;76;forb_speed_over_10;0;0;66;76
2e8aafc8ee664b02bb23d06755ab7eac.jpg;4;14;14;info_crosswalk;0;0;14;14
3fdd81d4cba143959a6994e8a31f9b65.jpg;4;14;28;forb_ahead;0;0;14;28
59f27cf4626c4785b3cac7d67854febe.jpg;4;15;16;mand_straigh_left;0;0;15;16
8d9faef2ddc1472fa54dbea51086c23f.jpg;4;58;52;info_one_way_traffic;0;0;58;52
59899d4914df403dbd6b94495f854a8c.jpg;4;43;37;warn_poor_road_surface;0;0;43;37
563efb67d0264a1ca39822c1854789de.jpg;4;56;48;warn_traffic_light;0;0;56;48
72c0fe3408a34e2e99f1d4868bb10e3c.jpg;4;53;50;forb_speed_over_30;0;0;53;50
c75018e2518b467f8b2a1231455341f6.jpg;4;13;15;prio_stop;0;0;13;15
fadc2fd3732c495e82e193915589ddc3.jpg;4;70;66;warn_other_dangers;0;0;70;66
f2d56716669a4e15ae1f4469832f58be.jpg;4;73;63;warn_speed_bumper;0;0;73;63
d166c8a542474059b28f94db4e536b1b.jpg;4;147;141;warn_crosswalk;0;0;147;141
02b0b159d4d24612a0345cbb9412a033.jpg;4;155;166;info_crosswalk;0;0;155;166
491a5253db8647f79b4ae7c3d45aed83.jpg;4;137;138;prio_give_way;0;0;137;138
08412cb9e9e146ffa9a30b0f313bb5e8.jpg;4;132;150;mand_right;0;0;132;150
9f392ffb269442a194034f041075e8fe.jpg;4;26;22;warn_traffic_light;0;0;26;22
e9b72ff7a5f546e094d8eff93558b5c4.jpg;4;27;23;warn_crosswalk;0;0;27;23
4e3a187dfc3643c28eb5a0bbbd6161cd.jpg;4;27;25;warn_other_dangers;0;0;27;25
72ab4a948fd3401a88072f72d00dc014.jpg;4;105;103;forb_overtake;0;0;105;103
3e9eaac1125e4640ae630bc3cd4c4c3d.jpg;4;62;63;forb_speed_over_50;0;0;62;63
d77d28feb7b34c9fabad2800159015ff.jpg;4;27;32;info_one_way_traffic;0;0;27;32
727f8cb9f975491eb33d7aedb9cb6c7d.jpg;4;28;31;forb_weight_over_7.5t;0;0;28;31
a184a3f7c74243379f6750c7275696e5.jpg;4;25;27;info_one_way_traffic;0;0;25;27
1e65af6d14d64d7a967c1c3b0379e30c.jpg;4;22;29;info_bus_station;0;0;22;29
7d98d8a012f14a36a33ac71ab1716db7.jpg;4;24;23;warn_poor_road_surface;0;0;24;23
57d74d66a8a5460ea47d7076e87d27aa.jpg;4;52;69;forb_speed_over_50;0;0;52;69
b5d5d626930441de9e1de1e80aadce9e.jpg;4;94;81;warn_crosswalk;0;0;94;81
ec01e624ab78420190fae93f79db61c4.jpg;4;59;114;warn_traffic_light;0;0;59;114
5d62a4c28ca1434581a9ccdb900f9515.jpg;4;88;87;forb_weight_over_3.5t;0;0;88;87
b30beae4a7b5445c8a729ef53978e1ea.jpg;4;101;102;info_crosswalk;0;0;101;102
e2384a1c1b1f4c9eb2d3a33de324478e.jpg;4;302;334;forb_speed_over_80;0;0;302;334
10c000ae5e384221992f66641e6f8352.jpg;4;287;82;warn_other_dangers;0;0;287;82
1ef89fe44508494cbc69984b11f75630.jpg;4;54;34;mand_pass_right;0;0;54;34
3a4c6cdb76124f418dcd4704f6b42cd8.jpg;4;46;50;warn_children;0;0;46;50
cd92f78894e24641b21beee5bfb4670e.jpg;4;50;46;warn_crosswalk;0;0;50;46
3f96b2701418477589ad43839ab0d9ee.jpg;4;18;16;info_crosswalk;0;0;18;16
39ce57cfece44dbd858509a1cf208fb9.jpg;4;52;63;forb_weight_over_7.5t;0;0;52;63
a499bca291c8410da44078a1e3ffbb90.jpg;4;182;96;forb_speed_over_30;0;0;182;96
cec53f1dc00646968d9ba7eac9b49271.jpg;4;38;49;forb_speed_over_30;0;0;38;49
5918940ff41f431f9a778609da5f7e32.jpg;4;49;44;warn_children;0;0;49;44
1dd041c826914993bbe7ddfa2129b49c.jpg;4;58;60;forb_overtake;0;0;58;60
475f7da04ac343509d2b029fc56923ac.jpg;4;59;61;forb_speed_over_60;0;0;59;61
cb89c6fd812f441590319e507f03eeeb.jpg;4;84;78;warn_two_way_traffic;0;0;84;78
e6916b46e3764f4ab483d71e1da030fb.jpg;4;78;73;prio_stop;0;0;78;73
df1252e922304b8cabd974d0673458ac.jpg;4;32;42;forb_weight_over_3.5t;0;0;32;42
b6422244380546baa6d4ab7588b4d866.jpg;4;68;70;forb_weight_over_7.5t;0;0;68;70
7a930532e6fc4a54aebc0e2eb05d178e.jpg;4;61;62;forb_speed_over_40;0;0;61;62
be0141d91b8446d59bffb2a588f68be0.jpg;4;63;58;warn_poor_road_surface;0;0;63;58
0037899fa6034ea0a918f7f29196767f.jpg;4;115;92;forb_speed_over_50;0;0;115;92
4e72fa28b74b43e68bd6c32354efb109.jpg;4;140;81;forb_speed_over_50;0;0;140;81
e2f0aef29a484abba321b9cb5e54ae23.jpg;4;14;14;prio_give_way;0;0;14;14
efb41b4573814bbba3628e4c4fe1b4cc.jpg;4;15;13;prio_give_way;0;0;15;13
c76a7e90a0044964b7aff870032f9e76.jpg;4;27;26;warn_construction;0;0;27;26
8418bdf9cf4f4fe69d1382363e9f0d3f.jpg;4;22;8;forb_stopping;0;0;22;8
333cbd7bc95b45b5a2c2ef232e9bafe9.jpg;4;37;33;warn_other_dangers;0;0;37;33
f4302d161e6940ec93b57b4f085b0891.jpg;4;109;133;info_crosswalk;0;0;109;133
c0e6ac90980543babfb950ec47e52ed4.jpg;4;101;123;info_one_way_traffic;0;0;101;123
3bdf3c6f3f754d28a1519cb8c6ee0715.jpg;4;23;30;info_highway;0;0;23;30
84407d3ef8aa4dc292d0c8ac9f8521b1.jpg;4;39;34;prio_give_way;0;0;39;34
0a5b2be2ee5746fea65b9851efb33334.jpg;4;45;48;warn_poor_road_surface;0;0;45;48
24fa4b3b773c472182c4839ccbe31d86.jpg;4;67;77;forb_overtake;0;0;67;77
daa4678a6cfb46bf84c0bfbc7f66b6aa.jpg;4;70;69;warn_roundabout;0;0;70;69
da93abc1f7704e7f9e5fd3acb7db073c.jpg;4;36;35;forb_speed_over_30;0;0;36;35
41b947611f314453a1bdcb1328d8ca2d.jpg;4;40;26;warn_speed_bumper;0;0;40;26
faa773091a9f46e393d6f931a491801a.jpg;4;31;30;forb_speed_over_5;0;0;31;30
fbae0acaf14a4e1cbbfccfb7f57ab465.jpg;4;86;79;warn_speed_bumper;0;0;86;79
8e7d57d5b7824cc78fb77bcebb7e6948.jpg;4;66;67;forb_speed_over_30;0;0;66;67
ab64218f27fe45f0852caae1be5b5538.jpg;4;90;88;warn_roundabout;0;0;90;88
ee49770f930d4d339f56d7ee63e2e17a.jpg;4;40;87;info_bus_station;0;0;40;87
e90aaf612015497d90c3b329ad6b457a.jpg;4;80;83;prio_priority_road;0;0;80;83
c098585016b2480e82d63976ba746994.jpg;4;64;60;warn_crosswalk;0;0;64;60
fe9d546c8c81402884e5e525cf136132.jpg;4;60;56;warn_children;0;0;60;56
518bc7d519614ae48003fa7cbc82a0f9.jpg;4;18;36;info_highway;0;0;18;36
a070c8f1aa38469b9bb9146d6dcb4a90.jpg;4;158;159;mand_roundabout;0;0;158;159
e48b05d4cff9493596af8fe7350b8fc6.jpg;4;24;22;warn_poor_road_surface;0;0;24;22
9a3881d45336466ab4314fec24e21af0.jpg;4;118;94;prio_give_way;0;0;118;94
d091395b261344f78a3bd06375316caa.jpg;4;56;50;prio_give_way;0;0;56;50
df6bec553be7475987182d86806cc27e.jpg;4;51;54;mand_roundabout;0;0;51;54
e24c19e2731440909757498fb50446c5.jpg;4;13;15;forb_stopping;0;0;13;15
a0cc49192f5944cc87cdeedfc4d90e21.jpg;4;69;88;info_parking;0;0;69;88
c79ac79f7d8b4a519445daaa95911cb4.jpg;4;62;54;warn_two_way_traffic;0;0;62;54
05df0099c9054087a6d35497dc124ba6.jpg;4;26;32;info_parking;0;0;26;32
87f437d974424968ba5fbf3870f4d91a.jpg;4;33;33;forb_speed_over_60;0;0;33;33
24cc53702b9944bba25ade775a3fbff5.jpg;4;62;62;mand_left;0;0;62;62
05f98d1f00854009b377d628ace07f3e.jpg;4;58;64;prio_stop;0;0;58;64
a0432c10c0084a3996fdb5e0f0f04f2d.jpg;4;49;55;forb_right;0;0;49;55
5e44176a5649440295220514ff9e7f59.jpg;4;48;51;info_crosswalk;0;0;48;51
87999fbe7b9441718ea4e753fa30b302.jpg;4;42;43;prio_stop;0;0;42;43
c1a4b85e0e9e45d1995721b4ee9dda4a.jpg;4;31;32;mand_left;0;0;31;32
8ef969343b594424ad9a79a50812d8ee.jpg;4;126;156;forb_stopping;0;0;126;156
39e29d4d77b14e429c795bc7003c6496.jpg;4;142;181;info_taxi_parking;0;0;142;181
c459a7351bfa416481d4f5cd0e967eff.jpg;4;119;120;info_crosswalk;0;0;119;120
b8ea1c43c1aa4a69a2b4a7481503a83a.jpg;4;106;105;prio_stop;0;0;106;105
a0694737731044afa86bcb261c3ff9e7.jpg;4;28;26;warn_roundabout;0;0;28;26
30038e1544554ab4a92c3b30e1a6af10.jpg;4;26;25;forb_speed_over_30;0;0;26;25
0c1aef7115ac42e8bfbea998beb5be15.jpg;4;26;26;forb_speed_over_30;0;0;26;26
f39f4ddcfb0641448c0c776f38a0dfa4.jpg;4;29;24;warn_roundabout;0;0;29;24
a78768a711354d649c83bc6d81c2ccfb.jpg;4;61;76;warn_speed_bumper;0;0;61;76
cce1da760c2b4a289c6e0273bcd844b1.jpg;4;59;78;forb_speed_over_30;0;0;59;78
554b7660680f4c17977217800ae4f856.jpg;4;113;67;forb_speed_over_30;0;0;113;67
02dc38a3effb460e8a9efd5220133673.jpg;4;58;50;forb_speed_over_30;0;0;58;50
031b882074d84804a27fb7d3fb625ead.jpg;4;57;49;warn_roundabout;0;0;57;49
d6ae0ab9e293494f9900c42afab186da.jpg;4;10;11;mand_pass_right;0;0;10;11
580e3b3fa02443368abe66d0e09c0934.jpg;4;9;9;prio_give_way;0;0;9;9
9c3e5b66d0944e1e834f23a7e0f818c0.jpg;4;7;8;mand_roundabout;0;0;7;8
34d2eb5d57934e3480a3eecc4c227843.jpg;4;82;119;forb_stopping;0;0;82;119
26f8030aac594859bebe923dad25cef7.jpg;4;62;68;forb_speed_over_30;0;0;62;68
30cb05402c9e4c5884645939881c1fdf.jpg;4;220;274;prio_stop;0;0;220;274
11ba43bcfeb94eeabb363b5cc6f98839.jpg;4;64;83;info_crosswalk;0;0;64;83
b306889ae9de4eec94dd5f25d7a623d0.jpg;4;63;72;warn_slippery_road;0;0;63;72
c9ff3662a20e4e8db8612db7d14c9c18.jpg;4;147;175;forb_weight_over_7.5t;0;0;147;175
a707caf7f41842d3b7517a7e1f6e7561.jpg;4;115;108;warn_crosswalk;0;0;115;108
b8a856827cc34ed9bbb4f91bb8a9e9ba.jpg;4;121;98;warn_traffic_light;0;0;121;98
b68fca43ccb140789dc7a25013d42472.jpg;4;357;262;forb_speed_over_50;0;0;357;262
1af52692b48542cfa0398817d4c7be3e.jpg;4;97;102;mand_roundabout;0;0;97;102
54f04d99b370441e8ee9e0dcf1557d26.jpg;4;92;106;mand_bike_lane;0;0;92;106
da1c9586b5fc401bb106ba16c4fc86d8.jpg;4;71;70;info_crosswalk;0;0;71;70
6e0e6e7062434f53bb98f7a20cc2c915.jpg;4;36;61;forb_left;0;0;36;61
25c66a8fa544435e987f046a7591f6fc.jpg;4;34;51;forb_speed_over_30;0;0;34;51
2ce3431288fb416388c47d2a784c17d2.jpg;4;39;51;warn_traffic_light;0;0;39;51
7a072d389f4f43db94744f9f4b227838.jpg;4;71;71;prio_priority_road;0;0;71;71
d1939f4b70ba4fb4ad3b93294cc29045.jpg;4;55;54;info_crosswalk;0;0;55;54
a9f2b3bafc6b445cb66821d96936a8c5.jpg;4;51;51;mand_straight_right;0;0;51;51
78333f1904b240c2bcfc53b61508ca38.jpg;4;168;198;forb_ahead;0;0;168;198
73e1fcb8dbe34088be454526077501ae.jpg;4;69;75;forb_overtake;0;0;69;75
3998d3772d6045d088cd23369466ba73.jpg;4;58;60;prio_stop;0;0;58;60
f39889ee64734397bc798cae525d32a6.jpg;4;41;47;mand_right;0;0;41;47
5db1941f9feb4ac8beda7d5da04133f6.jpg;4;55;52;forb_speed_over_50;0;0;55;52
dbebf43431714bdf87a6d182b43b73d8.jpg;4;65;37;forb_speed_over_50;0;0;65;37
65a9fb94248f41bfbd9e2f39f68f38af.jpg;4;77;32;forb_speed_over_50;0;0;77;32
3a39eacb6d1144ca8e2ac065896cd6fd.jpg;4;35;32;warn_construction;0;0;35;32
55567d889c394383a278d73455acbf8c.jpg;4;33;35;forb_speed_over_30;0;0;33;35
844d72fae5d9425fb8489cde81a5e276.jpg;4;32;32;forb_overtake;0;0;32;32
d1dbb4b762e341c79ac94b24623cc065.jpg;4;62;72;forb_u_turn;0;0;62;72
204f13eba5e34f58b25a61f74aaca911.jpg;4;125;124;info_one_way_traffic;0;0;125;124
64e2a08824b84c8eb04ddba4ba362ad9.jpg;4;26;27;forb_right;0;0;26;27
4d7c20d8df0e49d2b00e228282064f97.jpg;4;19;25;forb_stopping;0;0;19;25
1606d72bce0a4933b8047c70f9f307a8.jpg;4;92;86;warn_poor_road_surface;0;0;92;86
5ac7c5fa327841c9a1346a99e108405f.jpg;4;29;34;info_bus_station;0;0;29;34
5185a46f2a0a44a0b9c9834247fa2a69.jpg;4;52;48;prio_give_way;0;0;52;48
3e805222b78843ffae07cab8e82d0a94.jpg;4;111;112;forb_right;0;0;111;112
f31f71656ad34ab5bb0cd3fadd117361.jpg;4;23;25;forb_stopping;0;0;23;25
93c608181f4b484ca6758f9113663464.jpg;4;94;111;info_crosswalk;0;0;94;111
66685803865b4885a2becc323ebe73ea.jpg;4;26;26;forb_speed_over_20;0;0;26;26
f795ec73c3564899a826fd0c0d9f4203.jpg;4;59;75;forb_weight_over_3.5t;0;0;59;75
431eea7ce2ff4f3bb19b21918d399bdc.jpg;4;91;92;forb_overtake;0;0;91;92
4b5661f4be9747acb14e848f31dcbafe.jpg;4;89;95;forb_left;0;0;89;95
aff12dd87b2b4bdc8f5fabd8840acb25.jpg;4;35;39;forb_overtake;0;0;35;39
d0dc0b541fc64f179e2f1964e86f939b.jpg;4;47;43;forb_right;0;0;47;43
6764f5d3b28d497cbf9ccf724a29cd9a.jpg;4;59;59;prio_priority_road;0;0;59;59
a468153c53ee413eac7c28a2a42fd37f.jpg;4;13;11;info_crosswalk;0;0;13;11
01974eb5d4964dc587dadde04fa0d493.jpg;4;80;81;prio_stop;0;0;80;81
de01f84b97e842e8bc0183ad3528f370.jpg;4;91;98;info_crosswalk;0;0;91;98
111b7a06010d41978467244a27b342ca.jpg;4;59;54;warn_children;0;0;59;54
0d971f3b3f0b4b2ca69f96374e42198a.jpg;4;30;27;warn_speed_bumper;0;0;30;27
3bd541996a9e4041861221ea133b5a7e.jpg;4;28;25;forb_speed_over_30;0;0;28;25
618b588597344acb8b7f1b8defd1bd3b.jpg;4;24;24;info_crosswalk;0;0;24;24
cdc78c520b3d4189b807e3a844165930.jpg;4;21;22;forb_right;0;0;21;22
00eca92fc00b4c729727d486d5a625ef.jpg;4;162;142;warn_traffic_light;0;0;162;142
0fb7c6b54548444db41602d4e08831bf.jpg;4;160;137;warn_crosswalk;0;0;160;137
ee6e5b22b04744b48077899e9cbe9dfa.jpg;4;142;137;mand_straight;0;0;142;137
47e6d749cf8549fc9e1d2cb0cca20ed0.jpg;4;36;35;forb_speed_over_30;0;0;36;35
5d90d1ab8f4a48b18664156213e46650.jpg;4;39;33;warn_speed_bumper;0;0;39;33
7e47ed18f864443eb7972cac26e3f3ce.jpg;4;49;57;mand_straight_right;0;0;49;57
f88b17eb2c4f44478ab0a2075e9eb517.jpg;4;26;27;forb_speed_over_60;0;0;26;27
491e9f3c0b32471793b34db31b699f71.jpg;4;15;26;info_bus_station;0;0;15;26
13b926d82f1f4892990c12460d3255cb.jpg;4;64;59;warn_cyclists;0;0;64;59
cde8f277930844ceb1bece53fa96a5ad.jpg;4;62;61;mand_right;0;0;62;61
48217f907984494db61091244ee7cbd9.jpg;4;83;78;prio_give_way;0;0;83;78
0b9c716604d64ec88a6dcde0afa1070a.jpg;4;35;37;forb_speed_over_30;0;0;35;37
3b20fa54274a4e219f585a78b2dd0698.jpg;4;23;20;prio_give_way;0;0;23;20
d13baed48cd943898b8e56bcd5068902.jpg;4;22;18;prio_give_way;0;0;22;18
0e7c72cef6244718980e33623a878bf6.jpg;4;137;130;warn_roundabout;0;0;137;130
bb3bbc3a435a4416812cc862caa26a41.jpg;4;90;130;forb_speed_over_30;0;0;90;130
e81f3308cebd4a0e89cd18bab76e8cb0.jpg;4;14;12;mand_roundabout;0;0;14;12
28be90684bd14e7ca19349c27e812139.jpg;4;14;18;mand_roundabout;0;0;14;18
fdcfdf2558574990a5d8c324eacd116d.jpg;4;30;25;warn_poor_road_surface;0;0;30;25
f040d55c25c54d4da89f8e1d6b839cc9.jpg;4;39;53;forb_ahead;0;0;39;53
6d47439ffd394f67b1725268c54e7b5d.jpg;4;39;49;mand_straight_right;0;0;39;49
8488442a0b1e41668b7dc0a097fcac8a.jpg;4;102;118;prio_give_way;0;0;102;118
993430fb2cd74c8883c62811c3311b45.jpg;4;77;90;mand_right;0;0;77;90
1621706b387b488fb915a2c2bba3c68b.jpg;4;17;17;prio_stop;0;0;17;17
e61e1a17d21448d0b47d643ec13a8360.jpg;4;22;53;info_parking;0;0;22;53
446d5bc189c246cca8e75a707bf22f83.jpg;4;125;143;forb_speed_over_80;0;0;125;143
fa6e7eec669e4e8d91e8d5be47054ec1.jpg;4;40;40;forb_overtake;0;0;40;40
55a12fd6d228498a899d63bee209a911.jpg;4;36;34;forb_weight_over_7.5t;0;0;36;34
0af714ad3bec473fbb5625fc0ce0338e.jpg;4;50;52;forb_speed_over_30;0;0;50;52
a69430cfa51a4329bb9788cbf4f6690d.jpg;4;55;51;warn_construction;0;0;55;51
044436b1bba349559091667142048372.jpg;4;66;67;mand_pass_right;0;0;66;67
d7e675c435d843b789896dbc78bc4e38.jpg;4;13;15;prio_give_way;0;0;13;15
c4ad16f821a441269f7323307b88a150.jpg;4;21;20;forb_speed_over_30;0;0;21;20
3c93f9d22c2d4ab0b643bfbc16234d70.jpg;4;19;20;info_parking;0;0;19;20
f2cd909faa7d4576b4bb9b66e43a09cd.jpg;4;21;19;warn_roundabout;0;0;21;19
bda352c3facd444aac67a812dc1b0156.jpg;4;10;11;mand_roundabout;0;0;10;11
b4268c80ae384801ba23862cf628734b.jpg;4;8;8;mand_pass_right;0;0;8;8
df0b1414267949bb804d0e71272f0d31.jpg;4;75;70;forb_left;0;0;75;70
7e43de7ca72d4f32bbc7f26ef01e3871.jpg;4;15;17;mand_pass_left_right;0;0;15;17
22962a3b2bd641b79ef2f56981b08c05.jpg;4;9;12;forb_right;0;0;9;12
71909a75d9e14a95ae95dd6ad2af6bbf.jpg;4;15;18;prio_stop;0;0;15;18
9af94306f4c540bd897df89ce1487572.jpg;4;63;129;prio_stop;0;0;63;129
1d4962aaaf9042558e83cacc056e07e1.jpg;4;89;104;forb_overtake;0;0;89;104
c7a36a8b0cdb4240b1da10814978ab58.jpg;4;92;107;forb_speed_over_60;0;0;92;107
3f415a3fa7244823aa072c87d5d432f2.jpg;4;60;68;mand_straight_right;0;0;60;68
4259ab4a5d8341739517b9ebe2912ca9.jpg;4;62;66;warn_construction;0;0;62;66
784b50592176438e8030d7fef79fc4f5.jpg;4;19;35;warn_construction;0;0;19;35
de47b4911f954d489092855b933b48d6.jpg;4;18;35;forb_speed_over_60;0;0;18;35
26d0c2a39ccf4c528f4109d137d1ec22.jpg;4;54;66;forb_speed_over_60;0;0;54;66
204f9cbd1597496080e833711db67441.jpg;4;97;98;mand_pass_right;0;0;97;98
129101b655a1446589a75a76cdd5e884.jpg;4;25;25;mand_pass_right;0;0;25;25
fb09b47a620d47aeac850b5310365857.jpg;4;14;14;forb_stopping;0;0;14;14
1d84b154314544f1afdbe80d75d0e0d7.jpg;4;68;65;mand_pass_right;0;0;68;65
b85da254584946d2a300aad030ca8c7c.jpg;4;40;45;mand_straight_right;0;0;40;45
a0595d8bf8ff4b8dbcb76311d587aa90.jpg;4;43;41;warn_crosswalk;0;0;43;41
5ae1bef867f64293a81f24756b082e76.jpg;4;39;36;warn_traffic_light;0;0;39;36
f5444e3cb3854b5bb2de497163e7338e.jpg;4;153;152;forb_ahead;0;0;153;152
4c50991b811a44ec9fb4ac5912c7ab03.jpg;4;117;118;mand_right;0;0;117;118
94c7a04c53a941d7be5443ac9aacc4ed.jpg;4;98;143;info_one_way_traffic;0;0;98;143
773ac5f71a964eeaa5de815a0d840629.jpg;4;37;43;info_crosswalk;0;0;37;43
62a13674e7c1438cb781f4942ed7b267.jpg;4;137;138;info_crosswalk;0;0;137;138
88adda48776140fb95e6269ab66a45a6.jpg;4;29;33;forb_stopping;0;0;29;33
0ededed690064824bda7e98a63b62b55.jpg;4;66;60;info_one_way_traffic;0;0;66;60
58dbfa6144a44745a33f9d7d8632732b.jpg;4;66;53;forb_stopping;0;0;66;53
611ce75472c3426fa6e88ed72a5b4e65.jpg;4;35;31;forb_speed_over_50;0;0;35;31
1627819323074c679a03e1de45018bf1.jpg;4;35;29;warn_roundabout;0;0;35;29
d5cc90f1e68f46d0a9f47a1055d0c398.jpg;4;35;22;warn_speed_bumper;0;0;35;22
1dfacbaa67db457aa6e124723ab0b7c2.jpg;4;40;47;forb_trucks;0;0;40;47
7b6e417cd30e40a8ab78a329161a4404.jpg;4;41;38;warn_roundabout;0;0;41;38
4b59dd3023ed41c8a6b95ccfbaaccb2a.jpg;4;34;32;warn_roundabout;0;0;34;32
0c47be8d3547425e9029e143ec8ff9b2.jpg;4;38;32;forb_overtake;0;0;38;32
abb7a197090d49aaa947768478135a04.jpg;4;34;37;forb_overtake;0;0;34;37
a4004ac7f27b41429d671be6e5a41eaf.jpg;4;22;24;forb_weight_over_3.5t;0;0;22;24
2af0abd6826d480f8177b88f70ee460b.jpg;4;22;23;info_crosswalk;0;0;22;23
a6c6fe757bdb477792dda4fa7dfe5fc1.jpg;4;27;27;info_crosswalk;0;0;27;27
07de696fe35243de827ea1a23386dc13.jpg;4;13;13;info_one_way_traffic;0;0;13;13
f57debdfa4624a16bb314e2ad41077cc.jpg;4;61;64;forb_speed_over_80;0;0;61;64
434ce64ef7ca43328d8d5a096a893172.jpg;4;26;29;forb_stopping;0;0;26;29
e584a96f00ec442db7f07a7be306fca1.jpg;4;20;29;info_taxi_parking;0;0;20;29
0fa550ea991f4afaa61a38aab0fc211f.jpg;4;42;46;prio_give_way;0;0;42;46
55e696e518714122922b77d65d9d5a93.jpg;4;33;32;forb_ahead;0;0;33;32
ae62df62332c4cfeacc06d6223aee297.jpg;4;33;37;mand_roundabout;0;0;33;37
eeb44d6bda404bd9af219ef20e4df1b8.jpg;4;40;40;mand_right;0;0;40;40
083ca526ddb445e7a5c69b8417b7100f.jpg;4;39;89;forb_overtake;0;0;39;89
d67f823e48a740488e6d7cbdbdb6ee2b.jpg;4;205;287;mand_right;0;0;205;287
4aaca0863cf84b7a9247206f3220ad3b.jpg;4;222;288;prio_give_way;0;0;222;288
ec9fb41f8f404c8db68b5996c409e67f.jpg;4;72;91;forb_speed_over_5;0;0;72;91
8884fdc8386348519033ed086b4a00e6.jpg;4;75;98;info_crosswalk;0;0;75;98
0a032543625448978dde5f88c1c1042b.jpg;4;67;98;info_parking;0;0;67;98
07eeb3e38d854d1784d326a277369076.jpg;4;101;97;prio_stop;0;0;101;97
cc10fc94e70b4237b87556e0fb4dc8a8.jpg;4;104;107;info_crosswalk;0;0;104;107
718ca43527d04fcd87ff04c01bb67e91.jpg;4;100;100;mand_right;0;0;100;100
ac948cf6bc644c85a4d62f721fae27cf.jpg;4;59;61;forb_overtake;0;0;59;61
418bf9a2f5494d628520c1c14863ac91.jpg;4;68;65;warn_roundabout;0;0;68;65
55a4d8762b7b41fd8b6ee058f10f5f63.jpg;4;125;170;mand_right;0;0;125;170
e4033477764c43a99816deba802de193.jpg;4;47;182;prio_stop;0;0;47;182
1078b3e731814879a0102fe8f0698fcc.jpg;4;46;43;warn_wild_animals;0;0;46;43
7ac14c2c22b44196a48595cf8415deac.jpg;4;47;42;warn_domestic_animals;0;0;47;42
656454357afd432ba1f19fabb7fe96e8.jpg;4;58;56;prio_give_way;0;0;58;56
2551d2f4663b48b79ee144c90663eea5.jpg;4;42;41;mand_roundabout;0;0;42;41
ee8e74fea88e4ed4ab97bbd087750dea.jpg;4;67;67;mand_pass_right;0;0;67;67
f319be56208e4bb89d0d9f84192f5b6b.jpg;4;23;23;mand_pass_right;0;0;23;23
fff4fe59180540e9ba921087cf0442d3.jpg;4;45;74;forb_trucks;0;0;45;74
88cc781d68cd41e493f579a85162767b.jpg;4;91;98;forb_speed_over_40;0;0;91;98
7899020dc7bc48e58bd41ac66e256a30.jpg;4;88;99;forb_overtake;0;0;88;99
ac960fb7b8b041d3b6f066ed096aba3f.jpg;4;125;125;warn_construction;0;0;125;125
2d5055851458454a8ac8393f57e6f53e.jpg;4;27;31;warn_children;0;0;27;31
faf47cafdedb4584b081b1aeaf6d7330.jpg;4;183;169;prio_give_way;0;0;183;169
ee41e79a928f46e4bb1d1ba67a8c5a60.jpg;4;42;52;forb_weight_over_3.5t;0;0;42;52
2fdab3df1c7541fd8c2f0b967a1efe62.jpg;4;127;131;mand_right;0;0;127;131
a6a5eb44de4f494c8bd96f1607dad2db.jpg;4;50;68;forb_speed_over_30;0;0;50;68
18daf9b845e34df0891f6731b4a88e37.jpg;4;50;64;warn_roundabout;0;0;50;64
d26796341734402c971934bd2ff882d3.jpg;4;34;28;warn_other_dangers;0;0;34;28
6f6c969a5a3348cc9fa6c5f7f3e285aa.jpg;4;52;57;mand_straight_right;0;0;52;57
48050dd159154668860766f694e5fbc9.jpg;4;53;61;prio_give_way;0;0;53;61
9d4624059e004b45a267f4d3dfe83411.jpg;4;52;55;mand_right;0;0;52;55
736fcb7346054f429f59811cf79d74d9.jpg;4;68;63;info_crosswalk;0;0;68;63
1831e5427a45454da83386cd60bd54bc.jpg;4;47;53;prio_stop;0;0;47;53
a2a0539a0cb94c9a95bf2d71bfdf509a.jpg;4;77;75;info_one_way_traffic;0;0;77;75
97e21f78c169456bba7fe9492ed4e983.jpg;4;67;49;warn_wild_animals;0;0;67;49
603479ea0ae942b0badba44444f3d47b.jpg;4;40;41;prio_priority_road;0;0;40;41
bd75b89e93934f4aa39a80a9e6e12c36.jpg;4;43;41;info_crosswalk;0;0;43;41
7a2d99c5adde4512805a323bb4a12818.jpg;4;15;14;info_crosswalk;0;0;15;14
dd08ba09a3894e76a6e9fe59819cda7d.jpg;4;32;34;forb_u_turn;0;0;32;34
dcccc0858e544ebeaf168d5f1c5f6579.jpg;4;13;13;info_crosswalk;0;0;13;13
efb613a3a1b84dabbc1a1ddf63e731cb.jpg;4;11;11;mand_pass_right;0;0;11;11
76ab39dedef043b582501c4d8df665bc.jpg;4;80;103;forb_right;0;0;80;103
afe1381687764eca92cbc1dc783270ad.jpg;4;30;30;forb_stopping;0;0;30;30
ce8d2d51b761450ba127be51405b52ee.jpg;4;30;29;forb_speed_over_40;0;0;30;29
14bd7bb4fdc94d1b90c8024f20360f19.jpg;4;37;48;info_highway;0;0;37;48
db5b29af422241bd827057d941a45a4a.jpg;4;76;63;warn_crosswalk;0;0;76;63
9fb509ac0e70418dafce3113d02aa86d.jpg;4;57;81;info_parking;0;0;57;81
15aa3df68f204ee084307130729dbb88.jpg;4;21;23;forb_speed_over_10;0;0;21;23
8cd9f0cc33bf48528281d9cca4f1649a.jpg;4;62;99;info_parking;0;0;62;99
9599ecf617d14927ad390e3cb9789617.jpg;4;109;146;forb_speed_over_30;0;0;109;146
62c4c379b27b44fca1a35c300fa0d276.jpg;4;114;142;warn_crosswalk;0;0;114;142
365e3730879f47639f93dad6265c2ed1.jpg;4;101;145;warn_roundabout;0;0;101;145
3ea3dfb1ad1a412a88eb8a46840f5753.jpg;4;52;51;forb_speed_over_50;0;0;52;51
c2311897b96241349a0624d663a5ecf1.jpg;4;122;32;forb_speed_over_90;0;0;122;32
019c34be362e4cd3b4b26677c62694a2.jpg;4;103;34;forb_speed_over_90;0;0;103;34
1aec300656b64bdfae91bfbfe4ffb814.jpg;4;38;42;forb_speed_over_90;0;0;38;42
a284150571864dd4a3122a2a89a54f29.jpg;4;170;207;forb_speed_over_80;0;0;170;207
8f0a0a3e42154dc6894b86257f7090ac.jpg;4;39;41;forb_weight_over_7.5t;0;0;39;41
80718f3cd2b14662b46666ba0e326183.jpg;4;98;144;prio_stop;0;0;98;144
1d481632080d4878b2f7f20f8f7fdaa7.jpg;4;32;72;info_one_way_traffic;0;0;32;72
80eedb1422b34b7c8c76d6a8baaf8089.jpg;4;90;135;mand_right;0;0;90;135
e9997b5f626549f99b8a1b5daa774125.jpg;4;97;131;warn_tram;0;0;97;131
fc08e54cc0ec445996a36620ca337c44.jpg;4;95;97;prio_give_way;0;0;95;97
f9f18af0e970406abdc6bf16fc350ce3.jpg;4;77;113;forb_speed_over_70;0;0;77;113
2eaab687615d4da680adb3e77fb21a3c.jpg;4;55;134;info_one_way_traffic;0;0;55;134
f46748dfdcd64f3e82dbcb8b0582df45.jpg;4;56;115;forb_speed_over_10;0;0;56;115
2ba11ecc07664966957fe1afbfbea870.jpg;4;8;10;info_highway;0;0;8;10
13d39589928045c0806379b1b9c99a8c.jpg;4;19;18;forb_speed_over_80;0;0;19;18
6c7022f9f9b74cd1a63f8b0abbb0995b.jpg;4;19;20;forb_speed_over_130;0;0;19;20
3da29de645934be7b1dbe828d69b3e7a.jpg;4;24;22;forb_left;0;0;24;22
8c03434e8fca458ca881b8d37ea6e404.jpg;4;9;11;info_parking;0;0;9;11
7120c60ae8ef487aafc3dee84d5aac7b.jpg;4;164;168;info_crosswalk;0;0;164;168
1c514718b3754b39985a020758edddbc.jpg;4;136;155;info_one_way_traffic;0;0;136;155
bb1dd9f22e8b472492f0aff0d9386160.jpg;4;57;58;mand_straight_right;0;0;57;58
4b25f92ffdbb461c8736a36f243a6437.jpg;4;52;55;warn_speed_bumper;0;0;52;55
aa8a009b45184cb9b0d83968adf4a839.jpg;4;48;53;forb_speed_over_30;0;0;48;53
54310005c57d41a7b0e094ee01e16729.jpg;4;47;45;prio_give_way;0;0;47;45
bddffc624cbc4ff7b0e8cf822dcb4a9c.jpg;4;83;81;info_crosswalk;0;0;83;81
51c54542f1b74c7183105dcd7e5804ad.jpg;4;59;56;warn_tram;0;0;59;56
d5133590d7cc44bfa1b4aa914d41e0be.jpg;4;34;35;mand_right;0;0;34;35
d368f3fc3d414a50a01ca0cfbb114b0f.jpg;4;62;62;mand_pass_left_right;0;0;62;62
9810cf3310774623b1e6d7d17141e068.jpg;4;26;24;prio_give_way;0;0;26;24
1630ccd71c9a4e09879e1f1496aa41db.jpg;4;23;24;mand_straight_right;0;0;23;24
bc3ef0e8c71149389f5c8fe744f0209d.jpg;4;24;24;mand_straight_right;0;0;24;24
940ef0051b2b4a928c25058e15744e77.jpg;4;99;113;forb_speed_over_30;0;0;99;113
83e1340a757946b08a4bcaf68cc5b1fb.jpg;4;17;22;info_bus_station;0;0;17;22
cd4f746adf35405781d8dfa71aae614b.jpg;4;50;46;forb_weight_over_7.5t;0;0;50;46
0bfc0a0aa2cd4a4b83f1e224573a9941.jpg;4;18;16;warn_speed_bumper;0;0;18;16
4d987200a4664dbc82ef81a5c0383a33.jpg;4;17;15;warn_other_dangers;0;0;17;15
8f428e60045d45858dcb5e1703e187bb.jpg;4;134;139;info_one_way_traffic;0;0;134;139
b44539c452e74b3f871fd7d85c017163.jpg;4;26;40;prio_stop;0;0;26;40
66415717b69d4ed29490ecf2838b88e6.jpg;4;32;33;forb_speed_over_70;0;0;32;33
121484c3ea0d4fceb03d0613cf94b8df.jpg;4;31;39;mand_straight_right;0;0;31;39
3154c2642e9a4a01b0df88357d749f8e.jpg;4;42;51;forb_left;0;0;42;51
1d85e0678aa447d29ed8b9631f9531db.jpg;4;67;76;forb_weight_over_3.5t;0;0;67;76
b81e7a919c01488caf133854b55942f6.jpg;4;30;43;info_crosswalk;0;0;30;43
e9f53cf4ac0c435486a7899d56bf9944.jpg;4;24;40;prio_give_way;0;0;24;40
c779468d19d74dadb2717a02c8fea75c.jpg;4;24;37;warn_construction;0;0;24;37
5d56a0a705904d6ca21569d217bd7ff6.jpg;4;112;163;forb_ahead;0;0;112;163
e4df0b75a4f94cd7957a481dd1b019b4.jpg;4;45;97;info_crosswalk;0;0;45;97
05156196db1b443b844344478e4b2257.jpg;4;58;92;prio_stop;0;0;58;92
20ef016206034033a79da483c63ff3f6.jpg;4;48;51;forb_speed_over_30;0;0;48;51
6afc95718db04fedb6bde719e727ec46.jpg;4;56;72;forb_speed_over_70;0;0;56;72
9366a8a9121f4a049af7245912c16d9a.jpg;4;73;76;prio_stop;0;0;73;76
2194d9ee940f404287b7856f48837c6f.jpg;4;62;58;prio_give_way;0;0;62;58
761ac383b8524833945ab1ee9b50d577.jpg;4;55;56;mand_right;0;0;55;56
ffa3d53bbb6e4b26ba786416ade040e7.jpg;4;84;111;mand_pass_left_right;0;0;84;111
133da69fece94b749c917776b89be2d9.jpg;4;78;73;warn_tram;0;0;78;73
fefd0391e830473bb106960a2662fdf7.jpg;4;21;22;info_crosswalk;0;0;21;22
ebbade3da5f849d8a991bbfe5772e20c.jpg;4;11;16;mand_right;0;0;11;16
dec6a19fe1514aafa66e80caebe17e4e.jpg;4;10;17;prio_give_way;0;0;10;17
8466b682d1c54b8db8df6f309f776aea.jpg;4;20;29;info_crosswalk;0;0;20;29
d50a216505be4eb3add86bad50ec3e9a.jpg;4;20;24;forb_weight_over_7.5t;0;0;20;24
3ab57639727b4b5090ba64abc69256a5.jpg;4;94;125;info_parking;0;0;94;125
1a08d81ee0264b65ae8b7ad4bcdb95ed.jpg;4;38;39;warn_roundabout;0;0;38;39
59a669cfff1d45da9678bbe13a38a024.jpg;4;37;36;forb_speed_over_30;0;0;37;36
9c93d7cf7d9949668d68f355558c83c3.jpg;4;128;207;prio_stop;0;0;128;207
ce949aaaaf8742e881b908bc106db8e7.jpg;4;139;126;info_parking;0;0;139;126
6e989ba55a1a46929e38cfe5dfcea066.jpg;4;163;137;info_crosswalk;0;0;163;137
3ca922662514494d985c02ac6a25167f.jpg;4;46;45;mand_pass_left_right;0;0;46;45
a6ec3afc596f4b08bd7f425338283863.jpg;4;34;35;info_crosswalk;0;0;34;35
d24bf770c22e4e1d834b7187abcff341.jpg;4;229;281;warn_crosswalk;0;0;229;281
6752bd8999dd4a28988dd63935b0d680.jpg;4;35;31;warn_other_dangers;0;0;35;31
e24ce458505646f6856fe09ebabe0491.jpg;4;35;27;warn_speed_bumper;0;0;35;27
4e4d8e86395542d39bc116e9e919e94e.jpg;4;39;44;forb_speed_over_60;0;0;39;44
60c51f3a37de4dc2a4b91d511e3a18cc.jpg;4;145;146;forb_speed_over_90;0;0;145;146
79e793dd17ba486480d47b86ea34df19.jpg;4;91;91;forb_stopping;0;0;91;91
cf13056393f843778e56013aa71dd8f2.jpg;4;59;97;prio_stop;0;0;59;97
ae92601b4d404977a3213bf8aa0f08d6.jpg;4;50;63;forb_speed_over_5;0;0;50;63
6928b8dd91ec45aa9126160c410b258b.jpg;4;50;65;info_one_way_traffic;0;0;50;65
5b790c2671354914966f05266d2913f5.jpg;4;29;27;warn_construction;0;0;29;27
9fc6a066dd994334a6a2b93ed0f0596b.jpg;4;29;29;forb_speed_over_30;0;0;29;29
324eb5e8da404f34bfd34e1d84cdacd4.jpg;4;58;90;warn_children;0;0;58;90
6bcc417290684480985f95c2c520d1c9.jpg;4;13;15;forb_left;0;0;13;15
a45a1d8dbb0f40bc8f5acc5eb97f6448.jpg;4;10;10;info_crosswalk;0;0;10;10
ec27f93e211944e4ab95e7eb754c2ca4.jpg;4;99;98;info_crosswalk;0;0;99;98
ba24447d892d4ce9bb00487324655130.jpg;4;110;104;info_one_way_traffic;0;0;110;104
5006baed47e643c58531bcbbabe02802.jpg;4;67;58;prio_stop;0;0;67;58
f95a2bc8dd36413085c11c4291b0f84b.jpg;4;76;71;info_crosswalk;0;0;76;71
938f71f53b9a4c89ab556edb3400c0a2.jpg;4;62;59;mand_left;0;0;62;59
3d66b073022946efa742486bcf1868ca.jpg;4;61;65;prio_give_way;0;0;61;65
ff63d62019cc4afa8c3c3ef00154e8a2.jpg;4;63;68;mand_roundabout;0;0;63;68
b84d69ccb7bd414fb4d3f9411f6d5344.jpg;4;21;28;forb_ahead;0;0;21;28
0b461dc189294fbbba0132bd15bfcfdf.jpg;4;20;33;forb_ahead;0;0;20;33
cab128e4ea154ccead6b8e0bf22f9b5e.jpg;4;19;29;prio_give_way;0;0;19;29
8aad4c40aa6d4d0a8cea2368a7f29ce0.jpg;4;24;34;info_crosswalk;0;0;24;34
16505713aa44463a9ac1471e955fc3b0.jpg;4;24;30;mand_left_right;0;0;24;30
19e9513ffa0e446fadca0584b316c5a9.jpg;4;57;221;forb_speed_over_30;0;0;57;221
61ae1411bf404a6e9923eb7ade9c38ba.jpg;4;52;201;forb_weight_over_3.5t;0;0;52;201
7dce324736244bbab3baa8b96e5bb17e.jpg;4;42;104;info_bus_station;0;0;42;104
a340f658f0c94abda5e57dc92e1babfb.jpg;4;15;24;info_bus_station;0;0;15;24
34c31e628adb47099a4cb0b7ace56c77.jpg;4;20;20;prio_stop;0;0;20;20
26007b8881b14583b4d064454b6e869e.jpg;4;68;76;info_one_way_traffic;0;0;68;76
1c782e97f476430f8ed5e1081f2290fd.jpg;4;47;75;forb_speed_over_90;0;0;47;75
2a8f8dc6631842059ba01d168561763b.jpg;4;58;81;forb_speed_over_60;0;0;58;81
8e031396ade943ed9504edcdd32f848d.jpg;4;55;79;forb_speed_over_70;0;0;55;79
c44db02a3b974c85a6ea5e93b7db2ed0.jpg;4;52;77;forb_speed_over_80;0;0;52;77
89a6c5efc6564188ab5aa7483dd0a13c.jpg;4;28;27;forb_speed_over_60;0;0;28;27
1a6a9f2e95274abdb64bdaeade4df5b5.jpg;4;14;12;warn_cyclists;0;0;14;12
5e695786b70244f6992e001372490c8f.jpg;4;17;16;prio_priority_road;0;0;17;16
2379e90168544632a3fe8b38b3b08e62.jpg;4;69;94;info_one_way_traffic;0;0;69;94
f03693a93b22474d86f1fc19a3f55da7.jpg;4;32;39;info_parking;0;0;32;39
c3423b5ec5eb47ab8c9ad2778b2b3103.jpg;4;35;29;mand_pass_left_right;0;0;35;29
46e17b26d26e4f34a9e7dbe6f8dd342a.jpg;4;107;103;forb_left;0;0;107;103
1af31d16fe354b48b9cadf4fa9687466.jpg;4;38;32;warn_speed_bumper;0;0;38;32
544aabcf92694d35bc7d184b050ad48e.jpg;4;38;52;forb_right;0;0;38;52
c632808e75d5437a8d046677e55af556.jpg;4;59;66;prio_stop;0;0;59;66
01b2f0f204d249c3bf121673cad4b519.jpg;4;48;56;info_crosswalk;0;0;48;56
b57c2fac2778417aa36680fb75a6c3bd.jpg;4;27;33;forb_ahead;0;0;27;33
f712bb00f7d3483db41b9dd4c65a0a8a.jpg;4;111;118;forb_overtake;0;0;111;118
3e45583237794300b182bfa386a07673.jpg;4;25;26;info_bus_station;0;0;25;26
99884580fb3c43649360a16fb7f4641c.jpg;4;11;9;info_crosswalk;0;0;11;9
4d5566d6163b495aa6228b54f32ffd41.jpg;4;35;98;forb_speed_over_30;0;0;35;98
837caa70f5834453b12eebda8397adf0.jpg;4;47;104;warn_speed_bumper;0;0;47;104
9188a289332049ad9769d801737b44cf.jpg;4;35;42;mand_straigh_left;0;0;35;42
bbb5be8f0234496da3cb6db357d8362b.jpg;4;9;10;info_crosswalk;0;0;9;10
df15bc1c212d42879cdcc7390ab5c26d.jpg;4;30;27;warn_roundabout;0;0;30;27
c40f60c3f473480c8fd437fe08fe402e.jpg;4;43;42;forb_left;0;0;43;42
d0a2056ffb6544949ff1cff9a8c07e05.jpg;4;57;68;info_crosswalk;0;0;57;68
a096bf69a49e48ff92eb17eca5a4bf2e.jpg;4;104;118;warn_roundabout;0;0;104;118
cc3c2ae01c6c44f795ce01a84ef81ea6.jpg;4;76;76;forb_speed_over_30;0;0;76;76
5067e9ba91664e1392069c7c89042527.jpg;4;84;74;warn_speed_bumper;0;0;84;74
2351793ef3f845638ed18740781c51c4.jpg;4;22;31;prio_stop;0;0;22;31
ca003f163de54ec39b9327cad33361c6.jpg;4;20;39;info_bus_station;0;0;20;39
59d2d44ccb8647f394dab9540ffd2be8.jpg;4;17;21;info_taxi_parking;0;0;17;21
38781d6533674d648ddb745f49742de2.jpg;4;14;13;info_taxi_parking;0;0;14;13
3018be9c42f74c12ae2df36d718bf9c0.jpg;4;35;37;forb_speed_over_60;0;0;35;37
8f81bfd83d0f4c4f9235e0e626c91df4.jpg;4;30;27;forb_weight_over_7.5t;0;0;30;27
28f50cfe99ea4945b313e25828f45b18.jpg;4;33;32;info_crosswalk;0;0;33;32
9876fb20961b4f4d97f8d4d89edc0eae.jpg;4;18;17;forb_stopping;0;0;18;17
34d40bef47dc4a399202e48c50199651.jpg;4;82;112;forb_speed_over_70;0;0;82;112
e9312d4a74484727bfd9ad91eb77e13f.jpg;4;83;85;forb_speed_over_50;0;0;83;85
d3ba83ab28994a9983b51a298c1273c0.jpg;4;82;84;forb_overtake;0;0;82;84
49146d3f28794ea6b40add7c2c3d1cb6.jpg;4;20;67;info_highway;0;0;20;67
2340b32d22a846878c01ab7cc7412df8.jpg;4;42;143;forb_speed_over_130;0;0;42;143
b1251e773a6a435bb9f968c2b7bf4731.jpg;4;40;144;forb_speed_over_80;0;0;40;144
a7a782e6e48c46c3af1d3a66350ed031.jpg;4;103;113;forb_speed_over_30;0;0;103;113
f1a9c42604d14d99aff8974f76675c87.jpg;4;111;105;warn_crosswalk;0;0;111;105
15c439b3865e4ef5a396b41e4322890f.jpg;4;69;69;prio_give_way;0;0;69;69
e2d3bc2cb72a4579ba5610f84d9112b6.jpg;4;64;68;mand_left;0;0;64;68
c38d136c90de48f384585b984d4f79b6.jpg;4;118;135;forb_speed_over_70;0;0;118;135
a1d1fa3561cb4f199fb962809c7ab1bd.jpg;4;125;123;warn_wild_animals;0;0;125;123
f4e7a57513164f00ae3ebc196097c88e.jpg;4;19;29;info_highway;0;0;19;29
4e17e6fe4f6d458281a93c7014a98d4d.jpg;4;60;54;warn_slippery_road;0;0;60;54
74453cdf534e4dceb1422ae8ff5093a8.jpg;4;41;42;prio_priority_road;0;0;41;42
5c84f809591049b7bd3bdcc4c5845a32.jpg;4;32;35;forb_speed_over_50;0;0;32;35
65f719c416434480b1985c06d6b64271.jpg;4;189;194;prio_stop;0;0;189;194
078e34018b66466e809ae954764ca6d7.jpg;4;40;56;info_parking;0;0;40;56
c1f0ca977e9341df8bfb19f0e15a4486.jpg;4;21;21;warn_traffic_light;0;0;21;21
99734f1941ad40bc9f018d65368a4332.jpg;4;19;21;forb_speed_over_30;0;0;19;21
7c9ff503c82a4cf8acb977f825a00ca8.jpg;4;175;174;prio_give_way;0;0;175;174
6af8765928a94c948b2c5ae1cf723c91.jpg;4;178;191;forb_speed_over_70;0;0;178;191
84e7aed5f6ff472783d3207e0de5fa26.jpg;4;43;38;forb_trucks;0;0;43;38
9113da28cf5e42a9b2da837463346820.jpg;4;48;38;info_one_way_traffic;0;0;48;38
43b2fe6ccb7c426ca35bf7bbd730bd2b.jpg;4;54;46;info_crosswalk;0;0;54;46
391008ddb3a242e195c3db24bf5d740a.jpg;4;44;38;forb_speed_over_60;0;0;44;38
b2a29446b57742d7ab4d70b92c387443.jpg;4;27;32;forb_ahead;0;0;27;32
d814a5abcd54410793b663e32b44703b.jpg;4;18;18;info_crosswalk;0;0;18;18
d30730fcdc56436f9a89fe673baa5768.jpg;4;32;32;info_crosswalk;0;0;32;32
e39a731ff8be4a16ae59241ac7a0449a.jpg;4;29;32;info_one_way_traffic;0;0;29;32
61ebfbac9c404f0f92caedfefd13ed04.jpg;4;30;28;forb_stopping;0;0;30;28
38cca281f9f54f2284c0d673c32ba567.jpg;4;28;30;forb_weight_over_3.5t;0;0;28;30
6f2b684198904d47950f7d31bce36390.jpg;4;54;61;warn_speed_bumper;0;0;54;61
0cd6589ad21c4734a1fe47c3526fbb37.jpg;4;52;56;forb_speed_over_30;0;0;52;56
6b232c7712e44023948a5ea5302e9844.jpg;4;46;63;info_bus_station;0;0;46;63
0c1d1a396f064860a6a4f12cc6fdc1f8.jpg;4;60;71;info_one_way_traffic;0;0;60;71
efb2b9c959b248ab9644deab839f5e9c.jpg;4;57;44;prio_give_way;0;0;57;44
59c5c87984a74da1ac4e0b9c000645bd.jpg;4;37;36;mand_right;0;0;37;36
e249e588ad3a43dd8cac1c2d19677619.jpg;4;32;42;forb_u_turn;0;0;32;42
774aee92ab694641a4942cee87c15413.jpg;4;16;16;forb_u_turn;0;0;16;16
acaa76b934fc4e00ade1e4eec121c4c8.jpg;4;41;46;forb_weight_over_7.5t;0;0;41;46
ac529166c1824aba8cbca0d970157252.jpg;4;22;31;info_bus_station;0;0;22;31
24740961fd47469b8548d318c8ff5a00.jpg;4;97;102;info_crosswalk;0;0;97;102
d563650506cd4ba09f3fb9acb8394b30.jpg;4;96;103;forb_speed_over_30;0;0;96;103
a9ebcc8643574373ae2ea49297ec1914.jpg;4;103;100;warn_roundabout;0;0;103;100
83a704425189405495ee51e5ac15a237.jpg;4;37;38;forb_weight_over_3.5t;0;0;37;38
49884bfa5ea34968997273e3ec00ad17.jpg;4;39;44;info_crosswalk;0;0;39;44
bdc5b8c17a5644d6a58a9b2afb7632ee.jpg;4;39;39;forb_speed_over_30;0;0;39;39
930500afec5c444fbfc8348900ccedc6.jpg;4;17;16;forb_stopping;0;0;17;16
13f0a7fc826044cea00941d635cc6f7f.jpg;4;53;58;forb_speed_over_80;0;0;53;58
6d50145d681b43359310729cf2fc5f09.jpg;4;75;71;warn_children;0;0;75;71
ad88a17eda064c5bb98e0c47f253adf0.jpg;4;50;52;info_one_way_traffic;0;0;50;52
c47aecfde2f84adc82c9b0b150fe0ae6.jpg;4;55;62;info_one_way_traffic;0;0;55;62
3d442ba0f46d490cb72f88849834fe93.jpg;4;161;175;forb_overtake;0;0;161;175
4aa8e4fb6da64d28b851b5f4e77eb782.jpg;4;70;85;forb_speed_over_100;0;0;70;85
7dbbd70097c34c6289a5ceb5bcaf2566.jpg;4;41;63;mand_right;0;0;41;63
b6d9f359e85d429b88e28a148eadd11c.jpg;4;27;56;prio_stop;0;0;27;56
2f543cd8387541e9a5e5e9ff90d20483.jpg;4;25;27;forb_ahead;0;0;25;27
03e8c568757b4c0ca9fd03d228da5ab2.jpg;4;19;32;prio_stop;0;0;19;32
a10250996b864b60b8203a3db6490408.jpg;4;16;32;mand_left;0;0;16;32
2e9cbedaf3d64b789208c4ab39284c25.jpg;4;141;143;forb_speed_over_70;0;0;141;143
32cddb85c61d42af984e5b0ddfdc170c.jpg;4;24;26;forb_overtake;0;0;24;26
7f7fd34d215d4b95876189c7ddbecb25.jpg;4;33;39;forb_weight_over_3.5t;0;0;33;39
7078e6633aad4bd98e0849a213996573.jpg;4;25;28;forb_weight_over_3.5t;0;0;25;28
234bd5c15d3146a2a9a42a14a234989a.jpg;4;41;40;forb_stopping;0;0;41;40
c2a0073bacdd4881b215c60dc86447cf.jpg;4;37;33;warn_children;0;0;37;33
0fae4362a4e64be38cb1ee21680aaab3.jpg;4;27;28;mand_pass_left;0;0;27;28
8c135d562cfc45b995c3e8b8dfbe1300.jpg;4;14;14;forb_stopping;0;0;14;14
c755b188fa5c485d80c18f8fdca9533d.jpg;4;41;56;mand_pass_left_right;0;0;41;56
ecda642bf0e0487080189657dd441eb8.jpg;4;58;51;warn_slippery_road;0;0;58;51
3973c3f91be94a7ebbf2ff1b21f6db30.jpg;4;56;52;forb_weight_over_3.5t;0;0;56;52
856337dc201c43889e1e0eefe4684093.jpg;4;64;61;info_crosswalk;0;0;64;61
43b475399643443dade451e7d0c36e50.jpg;4;33;44;info_bus_station;0;0;33;44
375de7f378464307846993458db9a4a5.jpg;4;31;33;forb_stopping;0;0;31;33
b1cfbef78afa47bcad92e96770ad805e.jpg;4;32;33;forb_speed_over_40;0;0;32;33
37bb068ef0a84c178eb9ee28637cd212.jpg;4;39;39;forb_weight_over_3.5t;0;0;39;39
c949267d984647d7b1e05d9566d4a367.jpg;4;95;155;prio_stop;0;0;95;155
f16693da6209424cbecebc4c2e5de9b4.jpg;4;62;62;forb_speed_over_60;0;0;62;62
a9be0790be9348819b39b8d03e580261.jpg;4;56;81;info_taxi_parking;0;0;56;81
c14085160cf84178ae64ccea0ff9b29d.jpg;4;58;82;info_taxi_parking;0;0;58;82
12f39ee017d84525ad298af9d1cb8058.jpg;4;45;59;forb_speed_over_30;0;0;45;59
5e77cebad6b6462ba3c4a949cc1b6901.jpg;4;101;132;forb_left;0;0;101;132
4b3ba766d1564db29a6290ad23608595.jpg;4;202;102;forb_speed_over_80;0;0;202;102
a3b098ed799e490a9004cd059118c372.jpg;4;233;158;forb_speed_over_80;0;0;233;158
75330f8d93bf4b7295d272ae630011d6.jpg;4;59;62;forb_overtake;0;0;59;62
ad0557e0b1104efe8b26ffe5120a9c70.jpg;4;65;61;warn_cyclists;0;0;65;61
0119dcdc05af40959ef1956fd1fa099d.jpg;4;59;63;forb_stopping;0;0;59;63
a598323ef15345ebaf122d7a851a0726.jpg;4;63;71;info_crosswalk;0;0;63;71
b4d1e70212c840b98828e2e20f8c9d49.jpg;4;31;33;forb_right;0;0;31;33
38d9eb777b8646ff81356164ce6f76ba.jpg;4;36;36;info_crosswalk;0;0;36;36
df888122a640435f892f12dc668637d8.jpg;4;10;12;info_bus_station;0;0;10;12
2a0b37da78314cc999bdf6ee6d64f3c1.jpg;4;35;36;info_crosswalk;0;0;35;36
68b3dd1f4bd14bc285a595d4e9f39a5a.jpg;4;36;34;info_crosswalk;0;0;36;34
1fff32b14b6f4b128a1fd6dbb3318cb4.jpg;4;44;46;forb_stopping;0;0;44;46
77338c81792a4cf58f07b183ca202f8a.jpg;4;32;38;forb_speed_over_10;0;0;32;38
6c00d9ff3c284481b4125a8beea24410.jpg;4;146;145;prio_priority_road;0;0;146;145
f14b3b53e4ef4a648256d4652e0ec94e.jpg;4;179;191;forb_speed_over_70;0;0;179;191
7ddbbe03dbd349f4a1218ab1502df4bc.jpg;4;28;30;forb_speed_over_70;0;0;28;30
3120a980af6e4129b8b108f7dd57c9af.jpg;4;97;93;forb_overtake;0;0;97;93
458331657f9a43309b517bc49921dcba.jpg;4;100;91;warn_slippery_road;0;0;100;91
772f8c662b8443e288e81b4d442e914e.jpg;4;27;28;mand_right;0;0;27;28
87f6305be39f43cb83580ab888be873d.jpg;4;19;16;forb_ahead;0;0;19;16
09eeae68d83f43e791553ce1b8097a3c.jpg;4;31;31;forb_speed_over_100;0;0;31;31
29301209ab064f0b90e7ebe0b13fc078.jpg;4;143;166;prio_stop;0;0;143;166
161d2a6f29d34d509c8a846166b1d891.jpg;4;144;164;mand_right;0;0;144;164
4eb2b614061c43adbad9167aaf646d65.jpg;4;196;174;info_crosswalk;0;0;196;174
42d538d1741a420f8652fb3ecc86d2de.jpg;4;78;83;forb_weight_over_3.5t;0;0;78;83
58a6b4ed14424b928404ded912521dfe.jpg;4;34;34;forb_stopping;0;0;34;34
c6c1654421cf45879b382210fe61ec7b.jpg;4;34;34;forb_speed_over_40;0;0;34;34
d57230dff6d94167ada772757b90bfc7.jpg;4;86;171;info_crosswalk;0;0;86;171
658c56bb96fd4ef9be1b4909b2bf754b.jpg;4;82;160;info_one_way_traffic;0;0;82;160
acce8055563741ee9e23d9c01605dfc9.jpg;4;232;208;warn_speed_bumper;0;0;232;208
7941fcb68bab487ba3f2ed2ceddcf55d.jpg;4;202;210;forb_speed_over_70;0;0;202;210
2839fee6ba52424b99646a39ab52ecf3.jpg;4;42;43;prio_priority_road;0;0;42;43
647fcafc61d342b9acf04dc94d2f9d05.jpg;4;35;30;warn_cyclists;0;0;35;30
5092c4a5113a4d10957eb29a42442871.jpg;4;16;26;info_bus_station;0;0;16;26
91c1232d5531467691eb0bb843709a08.jpg;4;93;115;forb_stopping;0;0;93;115
72cefe6b89a949879c2ab725eb93bfab.jpg;4;58;55;forb_trucks;0;0;58;55
e4649f20feb84a71ad69b34102d2b77a.jpg;4;39;45;forb_speed_over_50;0;0;39;45
3466173b71744b89ab07bd040183929e.jpg;4;19;19;info_crosswalk;0;0;19;19
b73b431eab6249278653a420ba90999b.jpg;4;71;70;warn_crosswalk;0;0;71;70
83e8b79490ea48c58803eac72e4ba8d8.jpg;4;34;48;info_parking;0;0;34;48
5b28e47921e449359f7fd669c8a28be6.jpg;4;34;35;mand_straigh_left;0;0;34;35
3efbfa09fc46456680d2a8dd8282552d.jpg;4;26;30;forb_ahead;0;0;26;30
0d365ad3fd2d47e09b28fd375a6ef790.jpg;4;36;39;warn_two_way_traffic;0;0;36;39
8f17ee26de664159a7541b241a08a559.jpg;4;32;39;info_crosswalk;0;0;32;39
be061611451b4fd19992f3e179a4be1c.jpg;4;51;64;info_bus_station;0;0;51;64
443abb49124e4e43ba6236f48e621294.jpg;4;46;45;mand_pass_left_right;0;0;46;45
dc084fe5eba44c988d6a71e70bad2003.jpg;4;56;52;warn_crosswalk;0;0;56;52
df5af36113794ef595d3f74403333bf6.jpg;4;54;58;warn_construction;0;0;54;58
39e7f3d47f2149dba29466b9c738a60e.jpg;4;48;59;forb_speed_over_40;0;0;48;59
e8de950b17d444448f6b4107655311ce.jpg;4;89;82;warn_poor_road_surface;0;0;89;82
e79d3fc268c14f3da5d2a45a835ff23a.jpg;4;35;37;forb_stopping;0;0;35;37
92e3798053fa45d8870bc066891f1824.jpg;4;36;39;forb_speed_over_40;0;0;36;39
35acc364e3ea479ab0bd7ec985b2429e.jpg;4;42;45;warn_poor_road_surface;0;0;42;45
c98f5f7b1cc4444bbdc293ab7a38c0b5.jpg;4;165;151;warn_roundabout;0;0;165;151
eeef449b94d24aa3a0d81de89f4b31a4.jpg;4;156;156;forb_speed_over_30;0;0;156;156
dd580d772dbc4dedbaad98b8acaeecab.jpg;4;47;49;mand_roundabout;0;0;47;49
15b3758376934fbe9b3129e27b75ef6c.jpg;4;55;59;prio_give_way;0;0;55;59
3999f737ad264935a8fcd76222de583e.jpg;4;54;77;forb_speed_over_30;0;0;54;77
10fe079d89694b86b38362f7df9e2751.jpg;4;44;72;warn_speed_bumper;0;0;44;72
4b859b4f68b94ea0afeb9ebfb61766ab.jpg;4;33;37;forb_u_turn;0;0;33;37
2c35b14292164172aea5a354cc0bb06d.jpg;4;35;48;mand_pass_right;0;0;35;48
4bbee7dda9ee4c2b9f6253031b3fdda4.jpg;4;72;66;prio_give_way;0;0;72;66
1f5881b8b22343f3b12f1879fd0804c2.jpg;4;33;37;info_crosswalk;0;0;33;37
8fa0f5043efb4fcb81c16a70301fb2e0.jpg;4;37;37;forb_speed_over_40;0;0;37;37
d2e90f6b0e0b464ca9ed97cae6ad97e1.jpg;4;37;33;warn_slippery_road;0;0;37;33
8b489796ffea43a5a9a24db065d2673c.jpg;4;112;117;forb_overtake;0;0;112;117
58b7c0842d8e4cc48022b8f8a52fd22d.jpg;4;43;71;mand_pass_right;0;0;43;71
a454dfb7af234b85857a9742d477b290.jpg;4;31;34;info_crosswalk;0;0;31;34
9ef1a0a31e6a472c960eda9fd122a536.jpg;4;27;27;prio_stop;0;0;27;27
d0fb82fc854a447583cb856ba220822f.jpg;4;27;27;forb_right;0;0;27;27
fa57bfffd1644bd7b0f176876748fbd1.jpg;4;7;11;info_parking;0;0;7;11
08282a3949d24d7eb06014225f7dcb9e.jpg;4;73;78;forb_weight_over_3.5t;0;0;73;78
fe88699ae2b44a70abe50c45aa1fcddc.jpg;4;57;77;forb_speed_over_30;0;0;57;77
c79e0c93c89046528dd520e11f6de2a2.jpg;4;52;76;warn_speed_bumper;0;0;52;76
edd143ce603f4d86b9ed4253cd945c05.jpg;4;87;104;info_crosswalk;0;0;87;104
edbfa17e00b4448d8e43dc422680214a.jpg;4;56;60;info_crosswalk;0;0;56;60
2f1baaaf0c1d442182a2f8a14696daa5.jpg;4;57;47;warn_cyclists;0;0;57;47
a8cf01d706414ebab7ebde91aa66e575.jpg;4;56;53;info_crosswalk;0;0;56;53
1a243956139448dfb3ecacdbbd5d6076.jpg;4;110;104;forb_weight_over_3.5t;0;0;110;104
e946fe7b5b1f4e5b86ba03d70d267570.jpg;4;43;60;mand_right;0;0;43;60
cc5deb16796a4769aa31424e677bd416.jpg;4;75;63;prio_give_way;0;0;75;63
c40a9dd5388f45578307831b12f5a801.jpg;4;33;47;info_one_way_traffic;0;0;33;47
c58b214a0aeb491ebd2fea91c47b1e34.jpg;4;27;42;forb_trucks;0;0;27;42
496360cde0144e428b4880c9a000c6d8.jpg;4;131;203;forb_speed_over_70;0;0;131;203
1ccfec84049542d6a6a88ce7b5cb8d77.jpg;4;131;192;forb_overtake;0;0;131;192
95cbbdb8375a43c4b248f6546b38ba51.jpg;4;313;239;prio_stop;0;0;313;239
f911741bde8d4611898beb84a4ccdde3.jpg;4;270;209;mand_right;0;0;270;209
23e11525ddc84665b2915888e2f63d31.jpg;4;342;185;info_crosswalk;0;0;342;185
64ee6c24de0f4efab558e68bb9c79624.jpg;4;24;25;warn_slippery_road;0;0;24;25
38b837b4c596486ab668c7c34717c97e.jpg;4;29;26;mand_straight_right;0;0;29;26
50fa92d78ae04797bd22f4a5d8889e25.jpg;4;47;42;info_crosswalk;0;0;47;42
2a794802d0eb4487a8eb1ea92768df60.jpg;4;42;34;prio_give_way;0;0;42;34
13fec7e8f0db4ec4b4600a7a6847ad92.jpg;4;9;9;forb_left;0;0;9;9
a70094a273744536b7a00123036a995a.jpg;4;50;54;mand_pass_right;0;0;50;54
ff6fdc4d3220425bac88c41bb68c763f.jpg;4;83;76;info_parking;0;0;83;76
51c149a076ce4f0b9a9095266881f014.jpg;4;91;82;info_crosswalk;0;0;91;82
9d9937d18f4c48179548b1150c07c26e.jpg;4;30;32;mand_pass_left;0;0;30;32
7ce6a74df1e0472a81234b7151a9c20d.jpg;4;15;15;mand_pass_left;0;0;15;15
07e57690b4ff43f784d5a82b63238aa7.jpg;4;21;20;mand_pass_left;0;0;21;20
eeb0f0672a634092b881eddfa23d3202.jpg;4;33;36;forb_speed_over_50;0;0;33;36
c6a1050bb9e647a6985a15f726710d03.jpg;4;151;233;warn_poor_road_surface;0;0;151;233
f9745e9468004afcb10780e7f2899672.jpg;4;53;54;forb_left;0;0;53;54
12050424ed4e4ddabbfe624479371c6c.jpg;4;39;43;forb_speed_over_40;0;0;39;43
2c6e5cdb3f254bcc9e6cf27189470826.jpg;4;42;38;warn_wild_animals;0;0;42;38
3d6ab9cadddf4612973f1718d25db242.jpg;4;91;92;mand_pass_right;0;0;91;92
bb5644da8b8a4c7ba4db33e1ae60e790.jpg;4;57;46;forb_speed_over_70;0;0;57;46
a09400e3ea734fd78353b4a8f9555b7b.jpg;4;95;103;forb_overtake;0;0;95;103
9e82a7064eae42c984f911b38e814456.jpg;4;30;29;mand_bike_lane;0;0;30;29
2e1451e9955d4708b3cd26ace827f0d7.jpg;4;25;23;warn_children;0;0;25;23
af213e8fbde44e18a784cb1e921f387f.jpg;4;27;24;warn_crosswalk;0;0;27;24
1005331c67aa4bc19a1ea36d1408ef8d.jpg;4;32;31;forb_speed_over_100;0;0;32;31
a8803b34eb9c41b08fdb2a98cff9f81d.jpg;4;20;20;info_highway;0;0;20;20
e2073d4af2a7410bbfe428c830a374df.jpg;4;45;41;warn_children;0;0;45;41
f01fc4f1fce74d17b79575ced335dee4.jpg;4;77;63;warn_cyclists;0;0;77;63
e214136bc9844927b0e947bc28f477e7.jpg;4;78;69;info_crosswalk;0;0;78;69
abd394da78834e8da61d9510720aa5c1.jpg;4;16;18;forb_speed_over_30;0;0;16;18
68a0e4b9cd344a7b9d868f168c1de816.jpg;4;248;227;warn_crosswalk;0;0;248;227
cc2d41b79e2a409597e0f7b122280b2f.jpg;4;141;82;forb_speed_over_50;0;0;141;82
12382ba8a7204647811428c2760a2f53.jpg;4;39;57;forb_speed_over_50;0;0;39;57
86acf1e9901d4fc0b19bf07dea8d9a84.jpg;4;61;59;warn_poor_road_surface;0;0;61;59
44c338f64db2472dbceea24f820c5a2c.jpg;4;105;110;forb_left;0;0;105;110
c90bbcdfb5804451bf27b4bc685e5e68.jpg;4;51;37;warn_cyclists;0;0;51;37
d93d01bd57dc4cb7b754ac6444d2620a.jpg;4;29;24;info_crosswalk;0;0;29;24
960fa775ed324ca1a1866b47998ca64b.jpg;4;11;14;info_parking;0;0;11;14
1be25d818f974c4e9877fbcceec84dda.jpg;4;67;81;forb_ahead;0;0;67;81
bff9b7533f514613957ceb0061f62a81.jpg;4;146;161;prio_stop;0;0;146;161
bcb0615ed50b49d9a060fecf62066682.jpg;4;159;183;info_crosswalk;0;0;159;183
0830c09104cf4c6b95c7f8ccd8ea6edf.jpg;4;152;159;mand_right;0;0;152;159
8e87800b80764204ac4ebc2298050a97.jpg;4;29;28;warn_construction;0;0;29;28
51fac2e5860142e9bf7c12202c82f720.jpg;4;80;90;prio_stop;0;0;80;90
4bf0797f66a948d49520294318d2ffb1.jpg;4;70;88;mand_right;0;0;70;88
5ea924ddf7d843408147246f525cf3bd.jpg;4;71;85;warn_tram;0;0;71;85
8f9d6dbb9c9645c185d280ec25ae7f08.jpg;4;58;84;info_crosswalk;0;0;58;84
f4bc4bf180a446e38749f810d0da6a32.jpg;4;23;25;mand_left;0;0;23;25
8be1b59db65845008915b5ee5c89096c.jpg;4;23;33;prio_stop;0;0;23;33
23c4785d1a2b4a98b92d9242620ef61f.jpg;4;39;38;info_crosswalk;0;0;39;38
60806a1caf9e4d3d873fe4e5e3e7d051.jpg;4;24;24;forb_stopping;0;0;24;24
98ba251e15b448f3a65af0b5059da6dd.jpg;4;32;33;warn_children;0;0;32;33
12088a3e01e249ff980071ba62a0d421.jpg;4;25;23;forb_speed_over_40;0;0;25;23
e84e2e6e6b124ad7ac8707e1dc485937.jpg;4;320;114;forb_speed_over_70;0;0;320;114
b8dba89f4f194b929cee90e8f161bb80.jpg;4;86;102;forb_speed_over_70;0;0;86;102
d1687ca605ab438a8e178411dfdd3327.jpg;4;98;111;warn_speed_bumper;0;0;98;111
2c2ca906b83d4b92a3c393032469f305.jpg;4;193;72;forb_speed_over_30;0;0;193;72
e569e408ab9a49b2bcab1ca4fe2da237.jpg;4;266;137;forb_speed_over_100;0;0;266;137
506c150bfd944ed58933643d0e35e397.jpg;4;41;48;forb_speed_over_80;0;0;41;48
95ef5e82859e42928f65b87528a49b69.jpg;4;60;54;warn_children;0;0;60;54
15cec2c0e2214b5ab9475ef887c8e4ef.jpg;4;38;39;info_one_way_traffic;0;0;38;39
045d5c0ba51d4119a4bdea6528bdaf8a.jpg;4;39;55;info_one_way_traffic;0;0;39;55
1f15cfac0fd745d1a5c148a7c63c87e9.jpg;4;57;75;info_bus_station;0;0;57;75
330f80b71cf94f9b9aeb63893f220f1c.jpg;4;46;47;warn_crosswalk;0;0;46;47
d4c1a24c838b42e785f9685fd41f7888.jpg;4;88;81;prio_give_way;0;0;88;81
4901ef3e46294a2ab5e44bd2bc8b7225.jpg;4;79;79;mand_right;0;0;79;79
275952fe29154a15ba1894e4b5c2d073.jpg;4;159;162;info_crosswalk;0;0;159;162
a916fe426bcc43b8bbd0e6522cc0d346.jpg;4;92;129;mand_pass_right;0;0;92;129
b2642737dce34cd2874c4d21d4e54d86.jpg;4;68;77;mand_roundabout;0;0;68;77
7ae2a05ea9f4461881165f283d4cc673.jpg;4;29;38;mand_roundabout;0;0;29;38
67a510e546714a619d00e8da6536e52b.jpg;4;79;72;prio_give_way;0;0;79;72
6d9393dcebd94fbbafc69cb0a99cc09b.jpg;4;28;36;prio_give_way;0;0;28;36
68fb470ab5ce43d5aaeffa18991554ac.jpg;4;108;110;forb_speed_over_30;0;0;108;110
bddf43b00a4547cbae8e43ae96f24a20.jpg;4;121;107;warn_speed_bumper;0;0;121;107
7b40f4c3e75f4ad8ae44d8801b0c4d56.jpg;4;201;201;mand_roundabout;0;0;201;201
f92d5a184ebc4564a25893c7106af640.jpg;4;77;77;info_crosswalk;0;0;77;77
6e723ca80e9445859aa5ca7c2d23c303.jpg;4;22;26;info_parking;0;0;22;26
8dab749be4be48cfb75faabc3111b847.jpg;4;46;65;forb_speed_over_70;0;0;46;65
b51d499004e74746bbabef4096998bfc.jpg;4;224;130;forb_speed_over_70;0;0;224;130
db96152080e441dc8f03dd1ba3a11880.jpg;4;100;130;warn_traffic_light;0;0;100;130
922d15df7f1a4767a64fb7db8dcab837.jpg;4;112;128;warn_crosswalk;0;0;112;128
6b9fa7440fb443339f62e2203cac0cb2.jpg;4;165;155;forb_stopping;0;0;165;155
4b845039aca54f019c81b602f7b6010a.jpg;4;46;45;forb_speed_over_30;0;0;46;45
da2f345af7754ca7b895ea5e20344da3.jpg;4;46;41;warn_crosswalk;0;0;46;41
adade55169c348309b36079f9386b8fc.jpg;4;9;14;info_crosswalk;0;0;9;14
3bda3972691b4a0fa138fb3b9a01c3f6.jpg;4;20;19;info_crosswalk;0;0;20;19
0f9d7eee716a4488bbdb896a19e397e2.jpg;4;72;76;mand_pass_right;0;0;72;76
a0cced331e734325b267782d442f68e1.jpg;4;34;35;mand_pass_right;0;0;34;35
022135dea4e2450d818d8ee6762aa6e7.jpg;4;20;22;forb_stopping;0;0;20;22
4212bfa80c8042d7b41f5c2ff7163300.jpg;4;61;62;prio_give_way;0;0;61;62
56ba074309b04a5c8230b3850541947d.jpg;4;43;63;mand_roundabout;0;0;43;63
612634fe0788403eaa61dac52c541950.jpg;4;20;23;mand_roundabout;0;0;20;23
c9381b26e87a4a719fc19fd2d087b39e.jpg;4;36;33;mand_roundabout;0;0;36;33
98ee6dbadc2b4573be989a7a905588e5.jpg;4;38;34;prio_give_way;0;0;38;34
619804bb66224b6d87c741d316936cfa.jpg;4;26;23;prio_give_way;0;0;26;23
cc2f738e2ce4463fa66ff068bc545b63.jpg;4;18;18;info_crosswalk;0;0;18;18
196abd9498f545ba83553a1c4d816fc4.jpg;4;34;33;mand_pass_right;0;0;34;33
8a0c7901f89e4fd79eb0344aa427ee37.jpg;4;13;12;mand_pass_right;0;0;13;12
f073fb4cda3a472a89b7e94e83222c67.jpg;4;91;93;info_one_way_traffic;0;0;91;93
47fbf6c2f31348adb674e6ee47bfeea2.jpg;4;85;89;forb_weight_over_7.5t;0;0;85;89
d212059735d843f7a0556027ead839c4.jpg;4;70;82;forb_speed_over_30;0;0;70;82
0fab2d4488154754b4e33ed3c67c82ca.jpg;4;51;61;prio_give_way;0;0;51;61
bd463614ad444f9e9b1070bee34bff4e.jpg;4;42;48;mand_straight;0;0;42;48
63592c04f8cd4a65b0b3fe4aa0a0d7f8.jpg;4;53;58;forb_stopping;0;0;53;58
4afe402b9ab1405abe1bb6bdf877a82b.jpg;4;56;59;forb_left;0;0;56;59
f5f58c7b4c944570b2dc35aea1e4f1ed.jpg;4;198;265;prio_give_way;0;0;198;265
596b96ccad9a437aa4500ff2690c0f55.jpg;4;30;48;forb_stopping;0;0;30;48
a4ece17b81b14f219c320f9c4ece90fb.jpg;4;46;60;forb_stopping;0;0;46;60
2cdf09ad325445e3839269719e4a1311.jpg;4;23;26;forb_ahead;0;0;23;26
aab5b0888f724f8eaf48270cf62515b5.jpg;4;35;67;forb_right;0;0;35;67
9ef836f629564e2bbc8cd933faf0f6cb.jpg;4;52;80;info_crosswalk;0;0;52;80
42540cd7da954d17b904d43cd157df24.jpg;4;69;103;prio_priority_road;0;0;69;103
a682a459005649ab85ec1e983b2991b1.jpg;4;54;62;info_bus_station;0;0;54;62
7f7bc4afa52942b2ab90ae2384c97198.jpg;4;37;51;info_one_way_traffic;0;0;37;51
3779af5e545a4617b60431ed5a5eef7d.jpg;4;33;37;info_crosswalk;0;0;33;37
920337d15ec24d089c429fda5d101750.jpg;4;56;55;mand_pass_left_right;0;0;56;55
6121e969044345d589809d04f22f21f2.jpg;4;56;57;info_one_way_traffic;0;0;56;57
b11df82dd4a5429c82273cde7cf910d9.jpg;4;65;56;warn_construction;0;0;65;56
44e7527c79054b7c9719272e6489a3df.jpg;4;56;54;forb_speed_over_30;0;0;56;54
c81ebf4a161b44d98ab8ae1d07af79cc.jpg;4;147;156;prio_stop;0;0;147;156
c00138c7b0264d83b5fcf97bf2793cf3.jpg;4;165;164;info_crosswalk;0;0;165;164
37b76b72ca88410ebd33ed6b5ff66bf6.jpg;4;67;140;prio_stop;0;0;67;140
090cbaa07db94ee99b109bea7a9cd17a.jpg;4;96;130;forb_left;0;0;96;130
2806ef4f1879401591a3d7347864859a.jpg;4;100;149;info_bus_station;0;0;100;149
2c50b709bb3548608390077db86c07c2.jpg;4;49;50;forb_speed_over_100;0;0;49;50
91eb3abf7f7f4dfc88659ff8a6189508.jpg;4;110;30;forb_speed_over_100;0;0;110;30
66cf13c11ba74e4b9f189f82c6cc9643.jpg;4;119;30;forb_speed_over_100;0;0;119;30
8184a0c3002d4c60abba9866a2e0bb99.jpg;4;42;41;prio_stop;0;0;42;41
d355cd23cf3c436a83db2b7c430e3e91.jpg;4;46;46;info_crosswalk;0;0;46;46
8c0241f05487455c85fa04af8f8faa3e.jpg;4;85;91;forb_overtake;0;0;85;91
b6720a340659417a9f839c2a6dccb88d.jpg;4;45;41;warn_wild_animals;0;0;45;41
5190684555ec420b8f04dd12f0eb9d2b.jpg;4;72;76;info_crosswalk;0;0;72;76
b3ee75db1d2740b9b0fb3f5a989acbd0.jpg;4;60;75;info_one_way_traffic;0;0;60;75
c69f26c749644e3a872bd755b771ec1e.jpg;4;37;30;mand_roundabout;0;0;37;30
bf96828c87cd482d82e8c93fdf5d5e20.jpg;4;42;38;prio_give_way;0;0;42;38
c92e12aed17241abb108d4afdc0c5301.jpg;4;102;96;warn_roundabout;0;0;102;96
368dd48cad7d4bbeb5dc98984b072c26.jpg;4;105;105;forb_speed_over_30;0;0;105;105
c26efe49007b4e908b6a2a099f39b2d5.jpg;4;16;18;mand_pass_left_right;0;0;16;18
f163c345e1e64040b2527d010abdaa57.jpg;4;93;86;info_crosswalk;0;0;93;86
f0bfd25c27b0467399e062b8ce64e4af.jpg;4;17;23;prio_stop;0;0;17;23
966c86473708496b9d901330f791345c.jpg;4;22;22;forb_stopping;0;0;22;22
18613b14113040feb5c74faddd630906.jpg;4;30;33;mand_pass_right;0;0;30;33
3a7099b52cd44d1390180e79eef8bf99.jpg;4;41;43;forb_speed_over_100;0;0;41;43
1ef55cc7a11a406a9ea4b9c7829de8b8.jpg;4;20;20;prio_stop;0;0;20;20
960412dc873a47ed948de0e549247274.jpg;4;23;18;warn_two_way_traffic;0;0;23;18
9048ad154cfc4dd4a65ce74b6c141c69.jpg;4;130;152;prio_stop;0;0;130;152
da024f8dc30148cbb45cfd9379dda651.jpg;4;81;95;forb_speed_over_30;0;0;81;95
1ea95334990e4af4b41bdf76fd85b917.jpg;4;77;97;warn_crosswalk;0;0;77;97
eb40042e71354698874bee8b23af4258.jpg;4;57;63;info_crosswalk;0;0;57;63
970c0e6abc0843c493da7fcfe8bae6af.jpg;4;161;153;warn_crosswalk;0;0;161;153
01d26351260e41f684251bcd7b7e8a36.jpg;4;148;137;forb_stopping;0;0;148;137
daa0de5a7f2749959968a9d561c32414.jpg;4;144;143;forb_weight_over_3.5t;0;0;144;143
81c35b83d05f4a9ba949704e1f337cf1.jpg;4;75;70;forb_overtake;0;0;75;70
1acb54da7c314cab9a0e4d0f036dfe36.jpg;4;78;73;warn_roundabout;0;0;78;73
7c79d0bad77c4a1f812a0f36c2efcb08.jpg;4;13;16;prio_give_way;0;0;13;16
562f3f9452434a2a98bf32107de65b9d.jpg;4;10;10;mand_roundabout;0;0;10;10
023136b9985f459e98ebfd4803f051e2.jpg;4;30;38;forb_u_turn;0;0;30;38
f4e97b5940eb4d539e56cbea2d7c2c03.jpg;4;53;51;forb_speed_over_30;0;0;53;51
2db6e8850bbc48a9b9495210c3cb6b67.jpg;4;58;50;warn_speed_bumper;0;0;58;50
51c4fd7c9e314e9c99fd2e739e9f7e4f.jpg;4;71;113;mand_straigh_left;0;0;71;113
aff9aaacc48a426ea3049370175fe3c7.jpg;4;78;73;warn_poor_road_surface;0;0;78;73
42cc4544cf004933a930dae0dcc59ba1.jpg;4;30;25;warn_children;0;0;30;25
bdcd02895c434f21a6738e574ea30913.jpg;4;10;12;info_parking;0;0;10;12
9cf37874a4e94f498dd8018bb26110ed.jpg;4;50;95;mand_pass_right;0;0;50;95
39dfb4d6a9e44ee7b9006c10167d27ab.jpg;4;38;39;mand_pass_right;0;0;38;39
a270ccbb28884f12a0a3818063055aeb.jpg;4;70;73;warn_cyclists;0;0;70;73
1e422bdeefb740e09111a924f2af74d1.jpg;4;59;68;mand_pass_left_right;0;0;59;68
2350228aeb55440691ee8f56a577962a.jpg;4;11;14;info_crosswalk;0;0;11;14
8b06151ef3234ae384860cdcde3202ad.jpg;4;11;11;mand_straight;0;0;11;11
d845f34d921a43c595c71a0dfeae42b6.jpg;4;38;42;prio_priority_road;0;0;38;42
91cb70cd03c5434ebb7e5b8ce04c8064.jpg;4;26;31;info_crosswalk;0;0;26;31
ed326acf4eb64754ae9cc8d99ce94cbf.jpg;4;12;13;info_crosswalk;0;0;12;13
192669420b694069b74ccf8759ba4425.jpg;4;36;34;warn_cyclists;0;0;36;34
17773e434e454960aa1e6dc1af27e728.jpg;4;16;15;info_crosswalk;0;0;16;15
2c3d6014ec874cbd99bae4cc25d25229.jpg;4;13;12;prio_give_way;0;0;13;12
cce29c7df79b41b6a8d4e6aeb6222820.jpg;4;134;132;prio_give_way;0;0;134;132
543d40a5e58b4649bab838e3171e3f6a.jpg;4;58;58;info_crosswalk;0;0;58;58
2a881c91e367421aaa4ae0a1ad14c61a.jpg;4;50;52;prio_give_way;0;0;50;52
4a4f422ed7204bf2bb9a0e457b0d32db.jpg;4;35;34;warn_wild_animals;0;0;35;34
5fce83849d3e4ca7852b79d947bfe067.jpg;4;155;150;prio_give_way;0;0;155;150
5b807e897885492a8f3bf44336990c1f.jpg;4;47;49;forb_right;0;0;47;49
a17d62174f2043adaa7aff5423a0ec26.jpg;4;40;42;forb_speed_over_70;0;0;40;42
effb9c4aef8047289ce630c5c3aecc27.jpg;4;47;48;forb_left;0;0;47;48
c028e2dcf8ad4aea95a844bb0e807b9c.jpg;4;120;157;info_parking;0;0;120;157
7491209075f247749d2e73184ec7b94a.jpg;4;22;29;info_bus_station;0;0;22;29
43962cb77fde48e685dea8f779ef151d.jpg;4;150;284;info_one_way_traffic;0;0;150;284
e37213e2382d43ca8cb1426caf1b5321.jpg;4;147;178;warn_domestic_animals;0;0;147;178
9d55af6a35e04249b6bfde01679e1e01.jpg;4;132;157;warn_wild_animals;0;0;132;157
9ea69def6e704228b7ca343e46e46e7f.jpg;4;59;59;forb_speed_over_10;0;0;59;59
4d8b099224084fa3992aa7841496f065.jpg;4;59;58;forb_ahead;0;0;59;58
b6b2a5e9de3b4621a17fea3e0162e02a.jpg;4;27;35;info_parking;0;0;27;35
94ace28cc0a44f3799872d8c41b2d72b.jpg;4;30;29;forb_stopping;0;0;30;29
8220f386f1c54cfc8f1104d10dce7dfa.jpg;4;27;29;forb_speed_over_40;0;0;27;29
3ebdca8c487b418bbf6e37afbf091a45.jpg;4;26;28;forb_overtake;0;0;26;28
fbdcf9bc212b40c3a5e0a528f9cf03ee.jpg;4;39;41;prio_stop;0;0;39;41
68320711ea02441ea97a4286c3bd31bd.jpg;4;36;37;forb_right;0;0;36;37
9e0e7ce773164546b6f6d6acd51d57ff.jpg;4;40;45;info_crosswalk;0;0;40;45
e940b35a9e2944f797238a6117c63c37.jpg;4;41;56;warn_other_dangers;0;0;41;56
a53603200b514d298bc46312fae7f9b3.jpg;4;14;14;forb_stopping;0;0;14;14
14b564bf2ad14bab8167c56872ccdd18.jpg;4;70;56;prio_give_way;0;0;70;56
b9f1cf08315545efa6ca3172e033d7b2.jpg;4;67;56;mand_roundabout;0;0;67;56
ce754703c85e4bffb7a31e63c8f8e1c2.jpg;4;63;97;info_taxi_parking;0;0;63;97
3093847c7a20434d868786a4454d67cc.jpg;4;92;95;mand_bike_lane;0;0;92;95
abdc73f060004ac99453e9ad8cdd69a6.jpg;4;29;31;forb_right;0;0;29;31
4ddd83d4b9e548309d4c4c6a01c39721.jpg;4;35;35;info_crosswalk;0;0;35;35
d9b8c20e03784c50b719fba75edcd51f.jpg;4;27;27;forb_speed_over_70;0;0;27;27
df762c6bfaf5481bbaeb6f71640e4e7f.jpg;4;43;81;forb_weight_over_3.5t;0;0;43;81
e1901976b8aa41669ec594c22bb7e1d3.jpg;4;99;85;warn_traffic_light;0;0;99;85
39c034034c6a4830a6d7de2bbf495f2e.jpg;4;93;86;warn_crosswalk;0;0;93;86
295b9a0f8b594b3f9b964b3676910384.jpg;4;88;84;forb_stopping;0;0;88;84
2b95c86d58d841f3b9685a9bd6ba8717.jpg;4;21;26;forb_right;0;0;21;26
ad2b99a8a86b460c99ee71d564930ec7.jpg;4;149;188;warn_traffic_light;0;0;149;188
5a51d51f76674d5fb2a36e07a73a7171.jpg;4;26;24;warn_wild_animals;0;0;26;24
f7ea2e3bbe474b2e9be2ddf999446db3.jpg;4;25;29;forb_overtake;0;0;25;29
87d230979b814b548b5afc2649ccbfa7.jpg;4;81;110;mand_right;0;0;81;110
135e58057d1d43129751fd7f3947b35e.jpg;4;88;93;prio_give_way;0;0;88;93
32d11681812b4769a95c8504d0cf8ce1.jpg;4;45;37;warn_slippery_road;0;0;45;37
7b64c01223b7407abfd85e8da74fba43.jpg;4;145;168;prio_stop;0;0;145;168
d116b5e944154cd19c9b45d8c0687ed3.jpg;4;78;80;warn_speed_bumper;0;0;78;80
b22e06f31dfa4ac98b4cf337c0b1d63b.jpg;4;15;17;info_crosswalk;0;0;15;17
3b20f4d043384bf984dbab30456db0df.jpg;4;84;93;info_crosswalk;0;0;84;93
0ed98fa37eb349d48f4d8a7496196683.jpg;4;81;95;info_one_way_traffic;0;0;81;95
24d60c8229de4f2f81a51e4e55f36adc.jpg;4;24;27;forb_stopping;0;0;24;27
6b8fb8da02e2414287621d44c16890e7.jpg;4;27;30;info_bus_station;0;0;27;30
95ce930d2dd141a1b959bc77e3ccd911.jpg;4;147;88;prio_give_way;0;0;147;88
eca331da0d4d4d939aa60927bb7fe292.jpg;4;42;70;forb_weight_over_7.5t;0;0;42;70
4ca2e635b916455eb6eef04813c2c4d3.jpg;4;25;25;info_crosswalk;0;0;25;25
459c38b54c204c9fb2d53b4000fcd402.jpg;4;15;22;info_parking;0;0;15;22
f678e2c1ebb449db9c8fa3c852495f1e.jpg;4;21;23;forb_speed_over_10;0;0;21;23
b246faeee83e40f9b06bc7fd48510399.jpg;4;22;22;forb_weight_over_7.5t;0;0;22;22
5084239fa11d45f49b5a2c26700b2521.jpg;4;28;40;mand_straight;0;0;28;40
1c04dc9ec37c4814bc19b6c3442c2b6b.jpg;4;19;38;info_crosswalk;0;0;19;38
3f22a44206ac4d9abe01dff73eaf7f14.jpg;4;35;37;warn_slippery_road;0;0;35;37
34ecc75a23e646d19366f19089ad0390.jpg;4;75;94;warn_wild_animals;0;0;75;94
cab6f5406ca5410d86eeb36f859ef974.jpg;4;88;102;warn_wild_animals;0;0;88;102
beb7e77ff3ca494bb255f7e5d0baae71.jpg;4;42;44;warn_other_dangers;0;0;42;44
05a7847504b04ec2af7d2c9fd42c2c80.jpg;4;43;35;mand_pass_left_right;0;0;43;35
fd0b25ece95244ba905f011cdf8b405f.jpg;4;27;22;warn_slippery_road;0;0;27;22
c399cc93961148d397c0d4231bf24920.jpg;4;118;63;prio_give_way;0;0;118;63
75710469148e47a4a8d8089fcf1e1885.jpg;4;59;42;prio_give_way;0;0;59;42
98d7677ee6f6422ebe99bf051974f7fc.jpg;4;47;40;info_crosswalk;0;0;47;40
1301d2a1cb6e4e1bba99921983ca6edb.jpg;4;49;35;warn_cyclists;0;0;49;35
4056f8571ded46c4ae8740938b6699bf.jpg;4;13;12;mand_pass_left_right;0;0;13;12
c8e653cf27c34d31b3f7d7c60afc57ef.jpg;4;62;60;warn_other_dangers;0;0;62;60
e011d5df0c20446797f79359582095d6.jpg;4;30;29;warn_slippery_road;0;0;30;29
126d70887ef34a4f93afd032af2385ac.jpg;4;31;42;info_crosswalk;0;0;31;42
1513ed5ffbaf4c05ba40626bda845bd6.jpg;4;24;39;forb_speed_over_5;0;0;24;39
18b1f86186e5485a85e0aa5d14bbfc7c.jpg;4;25;40;info_parking;0;0;25;40
06a8625cc86a4cffaf9a22c849fa939b.jpg;4;34;34;forb_u_turn;0;0;34;34
74725977730547508f469b562948160a.jpg;4;46;43;mand_straight;0;0;46;43
83b57f6b9a3146f3a4f5ee3e8188b987.jpg;4;47;50;info_crosswalk;0;0;47;50
1c038ca30e8246e892e73c2a9c051d0f.jpg;4;101;133;warn_roundabout;0;0;101;133
7d187774bad14757a166ef3d10a2d4e4.jpg;4;101;140;forb_speed_over_30;0;0;101;140
56b1b5fc85274ccbbf5e9caa2f9681f9.jpg;4;48;47;forb_weight_over_7.5t;0;0;48;47
9ac68c49007347d8adeffe22aecf3f5e.jpg;4;53;55;forb_overtake;0;0;53;55
a0277a4bf02148d9a0d692d25ed08abb.jpg;4;43;51;forb_speed_over_50;0;0;43;51
559d69db5cc14ac0ad652a30172ec8b8.jpg;4;70;36;forb_speed_over_50;0;0;70;36
2eabc0fc87fe48d389b393923da60497.jpg;4;66;37;forb_speed_over_50;0;0;66;37
d894f1df603c4b2aae3483a9368ae243.jpg;4;82;82;warn_crosswalk;0;0;82;82
cb108a93a8354b38b6a4813d408eec63.jpg;4;29;44;info_crosswalk;0;0;29;44
ac4dc1b8a5264fd0b7098f39097182b3.jpg;4;44;44;forb_weight_over_7.5t;0;0;44;44
4f4b95f654db4c5694583a3544039549.jpg;4;45;57;forb_stopping;0;0;45;57
a2f0d00e47fc4f76b9707f46a24ad3e6.jpg;4;48;50;info_crosswalk;0;0;48;50
0eaf5b42732848a994ded0da7e633259.jpg;4;15;21;info_parking;0;0;15;21
5cfd7eb4cbbd447e8766e8a470ded713.jpg;4;32;39;forb_u_turn;0;0;32;39
76b1f8a664214aff8c9d6bbf891273ff.jpg;4;50;59;warn_construction;0;0;50;59
e50e7c68d7e04539becfbff3ec661a8c.jpg;4;63;62;forb_speed_over_30;0;0;63;62
fc3867544f734a2eb126c1543c1e05fa.jpg;4;148;151;prio_give_way;0;0;148;151
05efb3d672244904b71c76b012cb88a3.jpg;4;25;24;info_crosswalk;0;0;25;24
3cd5e42c263e490080a0164153a4521c.jpg;4;23;24;forb_speed_over_60;0;0;23;24
3f90c2d6c7f242e7ae25ef200ef26d95.jpg;4;11;21;info_bus_station;0;0;11;21
1fd1396f667a4aa6b1083effe30a4a77.jpg;4;73;88;forb_speed_over_100;0;0;73;88
d09196dfd84b46ce9748d85bc3a54a8f.jpg;4;51;49;warn_wild_animals;0;0;51;49
8ccee69204494c4b81e4fcd45df2a25f.jpg;4;49;54;forb_speed_over_90;0;0;49;54
95aa3b9bb5f5437c8ab0310cece8c1f2.jpg;4;111;98;warn_children;0;0;111;98
620ad6ae00e74a0ba477abf87109a344.jpg;4;118;137;info_parking;0;0;118;137
70d9744e62ff4227b8390823d3f09cd0.jpg;4;36;36;info_crosswalk;0;0;36;36
87737c01bdc34b0fa4e79f491411426d.jpg;4;33;38;mand_pass_left_right;0;0;33;38
b88c630427df4a41a03b9589073ca273.jpg;4;15;15;mand_pass_left;0;0;15;15
0591967a605947bea182b5e0bdfef6fb.jpg;4;19;19;prio_stop;0;0;19;19
75d2112e31fd4929b5f0c4e7260f9867.jpg;4;25;23;warn_tram;0;0;25;23
83dee2cfdfc74a5e8fda7fdf0713678e.jpg;4;14;14;mand_left;0;0;14;14
0be97deffeb443f2a75025917a087864.jpg;4;22;19;prio_give_way;0;0;22;19
b831a50ededd4d52809d4065d31743c0.jpg;4;15;15;mand_pass_right;0;0;15;15
b5c16c1dcda1472cabd619003e092103.jpg;4;16;15;mand_right;0;0;16;15
ecd64ce83ae7416b9a90820f2953bce0.jpg;4;35;38;info_crosswalk;0;0;35;38
9d4f702875f1432eb69f1dba7e302188.jpg;4;15;16;info_one_way_traffic;0;0;15;16
0758dbc1d86449dea2fc7bac64297c19.jpg;4;39;35;mand_straight_right;0;0;39;35
75a159ccf00e47668b689d11c2961e11.jpg;4;39;40;forb_speed_over_40;0;0;39;40
f9059a5518c4494abc6eaa6da5bd4a8c.jpg;4;86;92;forb_stopping;0;0;86;92
f7f4551bda8a49a6be1faf635cada132.jpg;4;99;103;info_crosswalk;0;0;99;103
93110deef6674b9cbd04bf17674c5701.jpg;4;86;89;forb_weight_over_7.5t;0;0;86;89
028d2e96fe404be0bb44dc325443c119.jpg;4;21;21;forb_stopping;0;0;21;21
2dedb43a48cf494f83ce4766b623a147.jpg;4;149;188;warn_traffic_light;0;0;149;188
c868d8ee7dab42ebaadacf46ff1cfbf7.jpg;4;195;177;warn_crosswalk;0;0;195;177
b9f6cf5e4e3f47f880c100194e1aeaad.jpg;4;42;44;mand_right;0;0;42;44
feca0d4413a14cbf9037b5695ccdf2dc.jpg;4;42;41;prio_give_way;0;0;42;41
7b936e6f4f8d4ac4955d1ef8f89d25e2.jpg;4;64;62;forb_u_turn;0;0;64;62
fb73b9a2ae4240a0a7c86a6ab3dc5caf.jpg;4;75;68;warn_other_dangers;0;0;75;68
9de6033b68894ca498c48c661963fcb9.jpg;4;73;68;warn_poor_road_surface;0;0;73;68
30f4b09f410a4da9881aa9e8091f5eae.jpg;4;110;99;warn_construction;0;0;110;99
53685c13ffec4a039262839efdc90784.jpg;4;66;64;forb_speed_over_100;0;0;66;64
992e0ac9783a4c279a13aa6de1377518.jpg;4;30;29;forb_speed_over_5;0;0;30;29
07dfc69e05034fcd97df438e672d730c.jpg;4;13;15;info_parking;0;0;13;15
63dc446e8a714ea08620bfe3a7d30263.jpg;4;72;67;info_one_way_traffic;0;0;72;67
8225dac31cad482281f1a6e085c06fd6.jpg;4;62;76;info_parking;0;0;62;76
8aaa0b2f92a6494e94853c761d6c4bc4.jpg;4;66;67;forb_weight_over_7.5t;0;0;66;67
02d7cb28f550411587bd45c0392c9248.jpg;4;83;87;info_crosswalk;0;0;83;87
aa4c57a2ec1944bfbefed8dec938ec68.jpg;4;76;75;prio_stop;0;0;76;75
61bf0cf9c3c643a7abd25c6c3cd97daf.jpg;4;30;31;forb_overtake;0;0;30;31
a91a150b0fb4400a984ba9d81ffbf89e.jpg;4;22;18;warn_construction;0;0;22;18
6a349225117e46678e8bc61deca7c52e.jpg;4;22;18;forb_speed_over_30;0;0;22;18
f74932cbb79142c0964357084ebb49bf.jpg;4;21;15;warn_crosswalk;0;0;21;15
dfa5ae07f17643b7b7862e2abfa881d4.jpg;4;31;26;warn_poor_road_surface;0;0;31;26
bfd8d704ac494f849e78a6e186cbd8d8.jpg;4;18;44;info_crosswalk;0;0;18;44
b6a53b86c7754355a1862657d924f460.jpg;4;7;11;info_parking;0;0;7;11
bcfb4979ce50452787ce1d402b08f9ca.jpg;4;18;38;forb_speed_over_5;0;0;18;38
8593cc62c1bc420cbd1835c8ae959317.jpg;4;107;147;forb_speed_over_70;0;0;107;147
d67b51b787774f418e3562a9f8b7319d.jpg;4;109;143;warn_construction;0;0;109;143
d8376710d24347e8b7f3c9e9260bf9c2.jpg;4;21;24;forb_speed_over_5;0;0;21;24
145c3897e01a412f83b1946188c9dc1a.jpg;4;187;178;warn_other_dangers;0;0;187;178
653996d7d6804f17b01fe88a4a6b8137.jpg;4;80;55;forb_speed_over_50;0;0;80;55
250aa2e5d4964d48a580ae942b3a4278.jpg;4;60;41;forb_speed_over_50;0;0;60;41
9eca79bab57b44b68c29dac4f9ae560a.jpg;4;35;40;mand_roundabout;0;0;35;40
9cfbdd420f99443093c2714022c5bf0d.jpg;4;104;84;warn_crosswalk;0;0;104;84
854694dace414f308bd512b74207e4d0.jpg;4;78;89;warn_traffic_light;0;0;78;89
3ed92e02d4cd41acbe01531860467c91.jpg;4;38;39;info_crosswalk;0;0;38;39
ef2e7fec0f634b54b0aa5902ac0576f0.jpg;4;35;36;forb_left;0;0;35;36
236f34d1dcd54df599fece8a22acd76e.jpg;4;23;27;warn_crosswalk;0;0;23;27
3bb61e79509d4b6fb3d941507dc3f8b3.jpg;4;29;27;warn_children;0;0;29;27
d5013b82e482469cb28e78668d7e8182.jpg;4;63;68;mand_pass_right;0;0;63;68
1ab011b53e974a07a51372668133ed8d.jpg;4;38;39;forb_speed_over_40;0;0;38;39
c8a9e3c4314f4ed0a7813aecf3d70000.jpg;4;50;47;mand_right;0;0;50;47
cdf81795a9ae4e37b9c1390ab86b0c86.jpg;4;66;67;prio_give_way;0;0;66;67
ffca9c7fc5ab496f9009cbd8d215afec.jpg;4;69;68;info_one_way_traffic;0;0;69;68
bbc0441918de4622aeb904d309ea5827.jpg;4;75;85;prio_give_way;0;0;75;85
f61666943ab240c69f48100cde08adbd.jpg;4;71;79;mand_right;0;0;71;79
9c321725a16f4efcac9098e38c7b3fef.jpg;4;83;96;info_crosswalk;0;0;83;96
1bef4cf8826845e1b327acdcb478904c.jpg;4;39;52;forb_speed_over_30;0;0;39;52
7f891b8d7cc942ca91185a59d5eb39be.jpg;4;66;66;mand_straight;0;0;66;66
9bc0d80b5f994def8a6b23f93bbc013a.jpg;4;54;53;warn_wild_animals;0;0;54;53
6f3cc4aff4a146d2bc548855de7e73fa.jpg;4;59;97;forb_overtake;0;0;59;97
d6cdf363c05f4c10adba441d73319cdb.jpg;4;23;49;forb_speed_over_5;0;0;23;49
49a511212fcb452594b70acc7ef140f4.jpg;4;23;56;info_crosswalk;0;0;23;56
6ca1c21d89e648159ba0416cb23ccc6e.jpg;4;183;156;prio_give_way;0;0;183;156
faf1fa9223014cf597112be7be46b1c6.jpg;4;96;133;info_highway;0;0;96;133
901638e0617442dfb98c86f1d45f5909.jpg;4;25;50;mand_pass_right;0;0;25;50
1b312331c54f4d40b19d055460ec88df.jpg;4;25;24;mand_pass_left_right;0;0;25;24
60a90986e3504ec4a7a0f266470d1bc8.jpg;4;14;14;info_crosswalk;0;0;14;14
c9fb7c28dc5b4b77a672bc716bf22700.jpg;4;29;33;forb_weight_over_3.5t;0;0;29;33
fcfc2507317343049e278bf9d292c276.jpg;4;23;23;forb_left;0;0;23;23
e1802a4c2c9540b5bf0f3a037834895e.jpg;4;18;23;forb_speed_over_30;0;0;18;23
5b41a92d05824e6bbbf2cabd78b1333a.jpg;4;22;20;warn_speed_bumper;0;0;22;20
4e2d1c12473b4bba8f2c8754a91e0083.jpg;4;9;10;info_crosswalk;0;0;9;10
18b269b0b2cc45419119addbd3b8279b.jpg;4;20;29;info_bus_station;0;0;20;29
dcb7a5c139974ad999235e0263d73989.jpg;4;112;127;forb_speed_over_50;0;0;112;127
5351b5f5dc3d4dabb4770225e898a053.jpg;4;23;26;forb_speed_over_30;0;0;23;26
a29889bcce844ca5ba2969d83fa0956a.jpg;4;95;97;info_crosswalk;0;0;95;97
d68adf2715054100b0b02b7a60c9949b.jpg;4;55;56;forb_left;0;0;55;56
4f11384f45e14b79bd7691b62b941fdb.jpg;4;29;29;info_crosswalk;0;0;29;29
559b07f5024e490db4c047c1142c7501.jpg;4;37;38;info_one_way_traffic;0;0;37;38
799b81912a604643b800716d6ad2e443.jpg;4;14;20;info_bus_station;0;0;14;20
ede7489b79bb4dcea7b9bba2b8af605a.jpg;4;58;80;warn_poor_road_surface;0;0;58;80
c4c185e1bf824db58c30f6ed20fdf40d.jpg;4;100;98;forb_left;0;0;100;98
8eddd059674d433f9bed71404731f7f9.jpg;4;33;37;mand_bike_lane;0;0;33;37
cbc2ea0738b545e1a7753935f98654d0.jpg;4;48;45;warn_traffic_light;0;0;48;45
6de6e8d6357a478b9aa0b912842893d7.jpg;4;66;56;mand_pass_left_right;0;0;66;56
9a2ba67555c644558b7961b5e14c93e2.jpg;4;72;75;warn_children;0;0;72;75
288368af4572445a95b46f66907c751c.jpg;4;22;87;info_crosswalk;0;0;22;87
e5358a295e434b368428c48d7b140993.jpg;4;75;73;warn_cyclists;0;0;75;73
ff7a83e092fd4df9afd76d75fd07743c.jpg;4;75;80;info_crosswalk;0;0;75;80
822f9fcb9fac4c8aa5e39ca0f523ea9e.jpg;4;28;25;warn_construction;0;0;28;25
e7463c02dac54c8b80d5314110ece65d.jpg;4;27;27;forb_speed_over_60;0;0;27;27
4f7e3077cdea4268a33f44665ae03b86.jpg;4;39;39;forb_weight_over_7.5t;0;0;39;39
0563902bf10a480e98b560af2c51486c.jpg;4;204;236;prio_stop;0;0;204;236
25ce8d755f934bb4acd19d6f87bd92d1.jpg;4;239;250;info_crosswalk;0;0;239;250
ff6153e505c044c6abc4101a07fe5e05.jpg;4;208;154;mand_right;0;0;208;154
d08bbed6639c40fbb695ee7bf0a520fb.jpg;4;47;39;mand_right;0;0;47;39
27688a9a07934f40969c875e0a86f80b.jpg;4;42;36;prio_stop;0;0;42;36
f45a12dde005472c87adff054a910440.jpg;4;66;44;info_crosswalk;0;0;66;44
b5dbf3745c1e4798a26283b7a6629595.jpg;4;45;71;forb_speed_over_70;0;0;45;71
1fefa8c1693a464992de6c1646deec24.jpg;4;69;73;forb_right;0;0;69;73
f08f5f7124a04b769b7b22ea792bcde6.jpg;4;77;82;info_crosswalk;0;0;77;82
b8dde35318be4435845d8ec04a7e69ab.jpg;4;8;10;forb_stopping;0;0;8;10
92de03f1551047ffbed6e9a881ac09c6.jpg;4;45;39;warn_speed_bumper;0;0;45;39
b9784980374441e68cbcbca4c9039908.jpg;4;42;43;forb_left;0;0;42;43
969ef6d2012e4b6daab27b25030bf180.jpg;4;42;42;forb_speed_over_30;0;0;42;42
45351fecd8ae4e6093bcc1f54cd94c65.jpg;4;130;47;prio_stop;0;0;130;47
4c65ac0472bc4d08a55ad3684f29613c.jpg;4;81;24;prio_stop;0;0;81;24
b089f0fbd820484bb9028337686badc9.jpg;4;91;107;info_parking;0;0;91;107
bb984e7ad63f4328a72464aba93b6408.jpg;4;61;66;mand_straight_right;0;0;61;66
1d5919f4435148fdad6cce09719a34fe.jpg;4;30;36;prio_stop;0;0;30;36
bb30d94ddb8a499eb73850affaf52c50.jpg;4;38;41;info_crosswalk;0;0;38;41
2c1d2af9c3c54a1eb9cdf042303480ab.jpg;4;25;29;info_parking;0;0;25;29
5b1828cf4b3540869b0d5dfff49665e5.jpg;4;28;24;info_crosswalk;0;0;28;24
353a6521722e4917b7856ad6d7313774.jpg;4;92;33;prio_stop;0;0;92;33
7c24ba6cd42e4397b8179de351e72abd.jpg;4;65;74;warn_slippery_road;0;0;65;74
58ee2c24969247e0957776aae3b52e8b.jpg;4;79;72;prio_give_way;0;0;79;72
485c73daea6147fd875aecea81f87763.jpg;4;59;61;mand_right;0;0;59;61
5b2d7ddb195d48eea92ae6a59fa48220.jpg;4;32;29;warn_construction;0;0;32;29
912e3572804242a6b76ac9472061bc98.jpg;4;30;29;forb_speed_over_30;0;0;30;29
df371c4eb2604d47a9a2e7bbc0c0d523.jpg;4;123;138;prio_give_way;0;0;123;138
3e0a901e3e574de1bb4c9921ee090531.jpg;4;42;59;prio_give_way;0;0;42;59
f58bff670b6d4599892c37fc0a20d87e.jpg;4;51;62;mand_pass_left_right;0;0;51;62
18d819e3b44d4eb2b02b1e7d881ba625.jpg;4;91;110;mand_roundabout;0;0;91;110
6a0217c242384592b5e0fd70e8b1d386.jpg;4;32;48;mand_roundabout;0;0;32;48
26e0972beafc43f5a360c1502e00f09b.jpg;4;28;30;forb_overtake;0;0;28;30
a6cb07df9bf842f8957f472e146ec740.jpg;4;30;27;warn_two_way_traffic;0;0;30;27
fb430ed9b6ad421682cd552f4aa00d3a.jpg;4;39;107;warn_poor_road_surface;0;0;39;107
52be28d812ae4c3da8701f6dd3b45ffb.jpg;4;37;34;warn_traffic_light;0;0;37;34
ceb076b087354a6a809fffb0e1a8fd5f.jpg;4;36;33;warn_crosswalk;0;0;36;33
cc3264dc55c0441f9fd6550523a16ade.jpg;4;32;35;forb_speed_over_50;0;0;32;35
bb1a395539d241b68981e042bab91533.jpg;4;113;121;forb_stopping;0;0;113;121
98b1cf5effd44377803572d8257e73a1.jpg;4;9;21;forb_stopping;0;0;9;21
527348a1493f47ffa45d04ed89601f84.jpg;4;34;32;warn_slippery_road;0;0;34;32
3730d4a26324485b8545aac2512837bf.jpg;4;36;32;warn_poor_road_surface;0;0;36;32
f84b61d32f7f4126932d50930dc6b2ab.jpg;4;37;36;info_crosswalk;0;0;37;36
fd5dddc0b2524e8f8caf7ac5a8f755be.jpg;4;34;30;prio_stop;0;0;34;30
ded1aaf9fc9c43478909265920e98853.jpg;4;27;25;forb_ahead;0;0;27;25
4abb59db2e084c60922b2c92367f5fdc.jpg;4;31;32;mand_left_right;0;0;31;32
16ee5feae82e40149eb779e244266164.jpg;4;23;24;forb_speed_over_70;0;0;23;24
3ef727f23c884e8796378973a2d63abb.jpg;4;33;81;forb_speed_over_80;0;0;33;81
04b70dc15c23482dad47ad1ad9584335.jpg;4;110;112;forb_speed_over_60;0;0;110;112
d533fb87b22942169d707ca97d04fdc0.jpg;4;108;114;forb_overtake;0;0;108;114
992e8a1689f84caf93c965067985db4c.jpg;4;69;81;warn_speed_bumper;0;0;69;81
14a62d49ec2f4736a627419a0b4a1b6a.jpg;4;65;82;forb_speed_over_30;0;0;65;82
ce49d9d0625e4e2390f8d09369ea9be4.jpg;4;31;29;warn_two_way_traffic;0;0;31;29
3243dd4abc6c470a915579fa8001128e.jpg;4;77;74;info_one_way_traffic;0;0;77;74
99d37fe3508848a0be72a597101bebc3.jpg;4;28;29;forb_right;0;0;28;29
a5e3b0eb032d4048921ab02509685f0a.jpg;4;95;143;info_highway;0;0;95;143
9757c3e338834de48d0d7cf5c1bab274.jpg;4;111;107;mand_pass_right;0;0;111;107
80a7125c2b494535b45623aa7793a327.jpg;4;27;27;forb_stopping;0;0;27;27
94e1a077b55d4127859fe07c17b16291.jpg;4;27;26;forb_speed_over_40;0;0;27;26
bfac49278a4e464c85edabc948cbb4b0.jpg;4;130;138;warn_crosswalk;0;0;130;138
36bf450ce30e466f830a24fd4d52eb47.jpg;4;144;144;prio_priority_road;0;0;144;144
67c49e9dfa3b4bdcb39ec03ff8fdc4e8.jpg;4;45;59;info_parking;0;0;45;59
719116bc4c264b5b8d3f517922ca2138.jpg;4;10;15;info_highway;0;0;10;15
7a46925043224769b1903452a074e410.jpg;4;48;40;prio_give_way;0;0;48;40
5dd2039a3e1b4d6b86b7e171bf40abb6.jpg;4;36;39;mand_pass_left_right;0;0;36;39
a278950f0c3d4c0ca6f814bf72597ccd.jpg;4;31;36;forb_right;0;0;31;36
868785682f754953be83f8529496a374.jpg;4;36;39;forb_stopping;0;0;36;39
ee9a0d5fba6340b4a31757654a6d2fb7.jpg;4;31;28;warn_speed_bumper;0;0;31;28
b84b251c8d9d4c3fbe1d1b6b63d6c01e.jpg;4;88;84;prio_give_way;0;0;88;84
b7d4f13bea2f4faa83b44410147da738.jpg;4;87;89;mand_roundabout;0;0;87;89
6aa29d0ea406439897a68f103becfe17.jpg;4;43;47;warn_construction;0;0;43;47
cf9c226d2d764376bd8d93573f3d530b.jpg;4;42;44;forb_speed_over_30;0;0;42;44
dc2e0fe162d144a9bbf87d518d7eea82.jpg;4;54;81;forb_speed_over_20;0;0;54;81
3ec6a3cfdf984277a845cecc676d5d61.jpg;4;23;21;warn_roundabout;0;0;23;21
0e9e3aa6278f488b8fc576bf4e737f22.jpg;4;35;33;warn_poor_road_surface;0;0;35;33
190499d153e84bf882120a947b2dadbf.jpg;4;182;185;forb_left;0;0;182;185
23b9b4c97ab14b5994764ef44677ac25.jpg;4;23;24;forb_stopping;0;0;23;24
14006e301a2646469ec626e91db9402d.jpg;4;19;33;info_one_way_traffic;0;0;19;33
2a3628b52d9c437fa03660a1e5257b5b.jpg;4;30;42;info_bus_station;0;0;30;42
157eaec3cd4246ed84c18940f6e48968.jpg;4;38;41;forb_speed_over_5;0;0;38;41
a350b9cf00214525a1919ee0fd1b8e9e.jpg;4;32;32;info_crosswalk;0;0;32;32
382075ddf1aa4650a8f0d9db56f36b04.jpg;4;28;28;info_crosswalk;0;0;28;28
f3f66f0685d04ac6aad1a2417e37f02c.jpg;4;23;23;info_one_way_traffic;0;0;23;23
90e765c829864d40a87159032963cff4.jpg;4;23;51;info_crosswalk;0;0;23;51
b7063d9ed36440cfad82988c51abaf68.jpg;4;14;13;info_crosswalk;0;0;14;13
16c30a1ce6f8425b85c8425772d50060.jpg;4;13;12;info_crosswalk;0;0;13;12
d69371eedb914d79806154550b17293f.jpg;4;13;12;info_crosswalk;0;0;13;12
30589f7554304cdfb62c070876b787c1.jpg;4;57;64;info_bus_station;0;0;57;64
ae2f93d25a974ab4b5052a2037f6f5bf.jpg;4;116;116;forb_ahead;0;0;116;116
c38b862f2ecd4dc7ba8f4ba0809403db.jpg;4;130;130;forb_ahead;0;0;130;130
d1c15c391cc24dd7b24996192d5f50c2.jpg;4;38;39;forb_speed_over_30;0;0;38;39
05c80d179b8e4cb595ab83027bd34449.jpg;4;57;67;forb_stopping;0;0;57;67
5c7c2161d2e640378415548c1e2c5dbf.jpg;4;60;82;info_crosswalk;0;0;60;82
bfcd0acc1b47497fbb8aa34311600245.jpg;4;44;41;warn_tram;0;0;44;41
5c706942a92947608089524bd2bfc918.jpg;4;39;42;info_crosswalk;0;0;39;42
e1329395eab44fc78023271ff223f907.jpg;4;48;54;prio_stop;0;0;48;54
58027535062b494aaa7c929f2d03fa25.jpg;4;40;41;forb_speed_over_100;0;0;40;41
fa77b99d3b444398b4d425a420bd03e7.jpg;4;72;132;forb_speed_over_130;0;0;72;132
100cdaf752ce4c9ca0e6a4c7ef401f7d.jpg;4;159;464;info_highway;0;0;159;464
58fb5495e3c54c0581d953c9c9266ef8.jpg;4;25;26;warn_slippery_road;0;0;25;26
7226e92f66b44a59970d4b3835f7853e.jpg;4;159;147;warn_tram;0;0;159;147
d93e43a33faa446ea8a0f40c0e5b0be3.jpg;4;26;28;info_crosswalk;0;0;26;28
b47ff794ffb44abab0e4d19ff77d4561.jpg;4;25;26;prio_give_way;0;0;25;26
b76b28b0decc48c993d73a8f34fc0644.jpg;4;25;26;forb_left;0;0;25;26
f1da16af80e343708aebebf3b2eae66a.jpg;4;11;12;forb_right;0;0;11;12
bbb34906a3594188916958c37c92b516.jpg;4;157;185;prio_priority_road;0;0;157;185
66b080ad2d0b450bbb2b6a0af2d96fb1.jpg;4;70;69;forb_left;0;0;70;69
1834af2c38184e99b8d2f37ca4737f97.jpg;4;24;39;info_highway;0;0;24;39
6492226a0f964643a659b69b2499e646.jpg;4;62;83;info_parking;0;0;62;83
1dec57331bfd488786895e6a6cae5dca.jpg;4;152;118;info_one_way_traffic;0;0;152;118
d9d3e9fff54346f6827cff38d4cb8fe1.jpg;4;29;30;forb_stopping;0;0;29;30
da58aa23be1248888d35ca21bd9c74b7.jpg;4;21;41;info_parking;0;0;21;41
7626a0be8e3d46809c047b0ae8350186.jpg;4;88;160;forb_weight_over_7.5t;0;0;88;160
933ea6ac0db943e2b42b4a09b067a7d3.jpg;4;54;58;forb_speed_over_5;0;0;54;58
57369e6e84d14b1fb033c20c376b0535.jpg;4;46;52;info_crosswalk;0;0;46;52
b57dedbb409f49ad95ba524f00570284.jpg;4;38;38;info_crosswalk;0;0;38;38
8571c42f0ce64be7ae073dfbc9fa9e52.jpg;4;111;121;forb_right;0;0;111;121
d1100bca3c7a430cbde74df108c0c3ac.jpg;4;107;138;info_crosswalk;0;0;107;138
eab03dbe9066411cb965a6862353f33f.jpg;4;16;18;forb_stopping;0;0;16;18
52c0a85f22fc42beaac8e1eab02389c4.jpg;4;18;21;forb_speed_over_40;0;0;18;21
e1a0f77e3b2b485c895926b15c4a70c5.jpg;4;8;10;forb_stopping;0;0;8;10
29457422d08142f89de8dd44b5bf6de0.jpg;4;23;23;forb_stopping;0;0;23;23
de70de66fb424e8bac51a117b07dd44d.jpg;4;24;25;forb_speed_over_20;0;0;24;25
fb0d8c8393aa4bc5b29354a6adffc400.jpg;4;44;47;forb_stopping;0;0;44;47
2fea978461854c6180fba6aa01e06381.jpg;4;46;48;forb_stopping;0;0;46;48
0397e75c8848482693ad86a7c2822083.jpg;4;51;49;warn_traffic_light;0;0;51;49
3112d55c549343e5a8b06f4ba227f176.jpg;4;27;41;forb_u_turn;0;0;27;41
a535e0a2c0c74d9ba52806cea1b760f1.jpg;4;25;81;forb_overtake;0;0;25;81
c6a70b3f5b0d440190ac8250060b76d7.jpg;4;32;41;forb_speed_over_50;0;0;32;41
5040e2db65d44133adf0141801f6b2dd.jpg;4;81;42;forb_speed_over_50;0;0;81;42
86c3ae387a154dbf9afb41bb388a5356.jpg;4;40;58;forb_speed_over_60;0;0;40;58
759676b7888145809f88b387bb81e0c9.jpg;4;41;57;forb_overtake;0;0;41;57
9b08429684f94df28c42c1b3b1ad00ae.jpg;4;67;75;mand_pass_left;0;0;67;75
3ab052370d9c4e33abc0ee6292d8065e.jpg;4;29;28;forb_weight_over_3.5t;0;0;29;28
e1bb8baeb587422093419832f3304afb.jpg;4;28;27;forb_speed_over_30;0;0;28;27
2b4ed41174ef4af790ffe8eb16f44acf.jpg;4;65;82;forb_speed_over_80;0;0;65;82
1bd13e54ed5246efa6a8f9f3fd5911c6.jpg;4;31;26;warn_tram;0;0;31;26
4afea9dca20b4c99b01a399c60bfe1f9.jpg;4;24;24;warn_traffic_light;0;0;24;24
349381a829a6470586a65397376760cb.jpg;4;118;116;prio_stop;0;0;118;116
c2df2be6a004401b9e1ca8bec1ac4ee9.jpg;4;66;68;forb_speed_over_30;0;0;66;68
af453bdacc3c40c0a1bf456d1e37223f.jpg;4;68;68;warn_crosswalk;0;0;68;68
9b21d7e2a07845698f82f8807ed21fe7.jpg;4;150;65;warn_crosswalk;0;0;150;65
4f0f2e8576474b659e5b1165ac732c6b.jpg;4;35;36;info_crosswalk;0;0;35;36
fbd4a1fa7df448ec86378d90d8cea764.jpg;4;24;23;mand_pass_left_right;0;0;24;23
770be846e6d54748b99532e5164043fa.jpg;4;58;65;forb_overtake;0;0;58;65
cda423b8e5ce47218a70c62d5cac1769.jpg;4;46;49;forb_speed_over_70;0;0;46;49
8fa93db201254a40a8c7dceb95d95a1a.jpg;4;84;109;forb_weight_over_7.5t;0;0;84;109
cecb6eebba5649a1909d5adce50915b8.jpg;4;31;32;forb_speed_over_5;0;0;31;32
9f2904957b9141df9f2735bba1a76027.jpg;4;33;33;mand_pass_left;0;0;33;33
1345b5cef3234ce694369c0efc1dbdb3.jpg;4;83;77;warn_slippery_road;0;0;83;77
e2d75b08f49445cfbf548b7324e33e9e.jpg;4;28;27;warn_construction;0;0;28;27
43d5df796a5840e6b8b4dded08e424d0.jpg;4;51;57;forb_overtake;0;0;51;57
b2653b12781f43569315b732ed4729ee.jpg;4;40;39;warn_poor_road_surface;0;0;40;39
497c307da6cd44d187a7cec8b233b231.jpg;4;74;79;mand_pass_left_right;0;0;74;79
8c5a32ff30744163bf1f783437091eb7.jpg;4;27;26;prio_stop;0;0;27;26
45d18b20b7824ecfb0e382c7de70b359.jpg;4;23;19;mand_left;0;0;23;19
07ee6e7eb5a54038a8d8f21995ff602f.jpg;4;94;156;forb_speed_over_100;0;0;94;156
283e867454a74ecaaf67ec91ab500ebc.jpg;4;91;170;forb_speed_over_100;0;0;91;170
5cdfe159dc654f30954d7ffbb9f3a57f.jpg;4;29;27;mand_pass_left_right;0;0;29;27
2a039e64b7074e189cc54fced20472ea.jpg;4;27;27;forb_speed_over_10;0;0;27;27
a72caecb878b4fd083860ce616adffd5.jpg;4;18;19;forb_stopping;0;0;18;19
ab7716d3ca994ea09820937e1c3fe9a6.jpg;4;19;19;forb_speed_over_40;0;0;19;19
f1c0c35cd5d4419bbeb3c7d63b388362.jpg;4;15;20;forb_left;0;0;15;20
a5e126d4a3b94e27a4d782d1ba3f1f4c.jpg;4;20;27;forb_speed_over_80;0;0;20;27
2fbdcbbd91e5496a9f2658464b46768d.jpg;4;19;27;forb_speed_over_130;0;0;19;27
311d409d1d9149e9b5fff0402718fc1d.jpg;4;9;15;info_highway;0;0;9;15
be702e02116141cea5e76ea3f3ead9da.jpg;4;74;77;info_crosswalk;0;0;74;77
ee30c13eeb304b46ba5959cba677c6ba.jpg;4;67;72;mand_straight;0;0;67;72
cb3aa2e07af047beb9fbdedf7efc4568.jpg;4;27;27;info_crosswalk;0;0;27;27
6939a4b5dd9a4eff83fbd132afad3680.jpg;4;22;22;info_crosswalk;0;0;22;22
1448c67c58734a30a7100d4c5ef73bcd.jpg;4;26;27;prio_stop;0;0;26;27
029435e3eb5f46f1b397621fda0543e3.jpg;4;21;21;prio_give_way;0;0;21;21
cf4240c3b29142189510956fec2078cd.jpg;4;46;46;forb_weight_over_7.5t;0;0;46;46
2d2e9e24679d4407ac53acc61f31ad84.jpg;4;82;77;forb_speed_over_70;0;0;82;77
a46bc8d7abcd4573a9c01ee25af42e70.jpg;4;43;38;forb_speed_over_70;0;0;43;38
08db929a79ae411986c83d1e0a9f6ca5.jpg;4;87;88;forb_overtake;0;0;87;88
17be4a2f5d8f40f196bdec6a76a0a65b.jpg;4;45;41;warn_construction;0;0;45;41
07b72aa01d2f48cbb6a4a6b3f648e441.jpg;4;14;12;forb_ahead;0;0;14;12
9b7dfb7c47b4430786d4b13b1f4c83ab.jpg;4;32;33;warn_poor_road_surface;0;0;32;33
fcdfd131ac3d4839863976838f4fbb73.jpg;4;23;24;warn_poor_road_surface;0;0;23;24
4963220d53544771ae8b0b3629da2a58.jpg;4;23;30;mand_pass_right;0;0;23;30
53a8b68d978b49f6ab60517f26911985.jpg;4;61;94;forb_u_turn;0;0;61;94
e1cfaa219b7c470abef0a345caf5d8d1.jpg;4;11;12;info_crosswalk;0;0;11;12
8dc8a697f2bd44458426cff532b729c0.jpg;4;24;30;info_taxi_parking;0;0;24;30
2abf39747f4f4f7f88b1b3f7653b03f1.jpg;4;97;109;forb_speed_over_10;0;0;97;109
f5e6e0634bfa48269b6b61a0f6409217.jpg;4;107;126;mand_pass_left_right;0;0;107;126
14512e91d14e4e89a88a898074f439f6.jpg;4;12;15;info_highway;0;0;12;15
1e713b3b5a2e4db58210e0a55c3d416f.jpg;4;24;25;forb_overtake;0;0;24;25
4020b72fd3d5402e80ea7cb316955ef6.jpg;4;42;53;warn_children;0;0;42;53
4ef9bf78260e4eb5bb76f57c1ed9bf0c.jpg;4;37;54;forb_speed_over_30;0;0;37;54
6ce50c6865fb4be9bd2ab8a5baedc647.jpg;4;79;97;mand_pass_left_right;0;0;79;97
3a5327dd6d4e406cae309698b2118aa8.jpg;4;24;27;info_one_way_traffic;0;0;24;27
eb47227a62094f86910ac89b07428d25.jpg;4;21;26;mand_right;0;0;21;26
3989189cb6574feeb0be094f1cd06774.jpg;4;14;25;prio_stop;0;0;14;25
896ad5b21e6540e89c4e5f25c541a07b.jpg;4;41;40;forb_right;0;0;41;40
897320346e864992b096aa94ca5fcd20.jpg;4;41;40;prio_give_way;0;0;41;40
bf8cc9e89cec4ed9b5674fd0d768b926.jpg;4;70;56;warn_wild_animals;0;0;70;56
c9b93e628d6a49bea42c337d9c9bc418.jpg;4;56;58;prio_give_way;0;0;56;58
e0c0867fddfe4447b4fec9bca2e372e4.jpg;4;98;122;info_highway;0;0;98;122
0826f42d51cd439f9666f5444996cea9.jpg;4;60;77;forb_speed_over_30;0;0;60;77
3613e1a7d25d470e9b65490404a8e315.jpg;4;192;93;forb_speed_over_30;0;0;192;93
e7665cbc10d9485a8918260a76c43752.jpg;4;68;74;warn_roundabout;0;0;68;74
5e53f69620784f4a9af22c4fa7bc2f86.jpg;4;21;16;prio_give_way;0;0;21;16
bebeafe145e04205877ad33093d04684.jpg;4;17;16;mand_roundabout;0;0;17;16
17c80bec118940e997e5880c116e6906.jpg;4;10;12;mand_pass_left_right;0;0;10;12
545f5bea40154198ad0a7bc28d579977.jpg;4;24;33;info_one_way_traffic;0;0;24;33
3b3953b35546409da244a46ddf5d843d.jpg;4;24;32;forb_weight_over_7.5t;0;0;24;32
01513196241443d2a9e16bd06fa8c7fb.jpg;4;80;27;forb_speed_over_70;0;0;80;27
5819ac1d066748ee9893ffa14625b53d.jpg;4;164;161;mand_roundabout;0;0;164;161
cb529a718af446a685d5cf3cc6a72451.jpg;4;89;105;forb_u_turn;0;0;89;105
b1ce4186210d418c950b3a8a11ee4d85.jpg;4;29;34;forb_speed_over_30;0;0;29;34
92528e659eb94353a1d42da11a6ffcf1.jpg;4;38;36;warn_roundabout;0;0;38;36
dd0da2e5f8f441d8a1ba0d8a21df3a23.jpg;4;25;33;info_parking;0;0;25;33
6b29675463944195b05dbf2b55bdc179.jpg;4;86;116;forb_speed_over_80;0;0;86;116
7a74757f3c18486c8302f9acd252d584.jpg;4;28;33;mand_straigh_left;0;0;28;33
97a9a7742fc14b608760c55a84bc4d14.jpg;4;38;47;info_crosswalk;0;0;38;47
5622c2a890df458e923d17de1783155e.jpg;4;32;43;prio_priority_road;0;0;32;43
45afa00fb68646cc8467846686b03f2b.jpg;4;14;19;info_highway;0;0;14;19
4ab4b9f728d4456ca770e16c22dd6eed.jpg;4;33;35;forb_speed_over_130;0;0;33;35
8cd176ba59694c848a44b2940dec1390.jpg;4;60;57;forb_speed_over_80;0;0;60;57
16eab98877cd4e80a4562bd7341167b2.jpg;4;19;23;forb_right;0;0;19;23
9f8b5b1e338d495ab6192dd8ed8b5076.jpg;4;23;24;info_crosswalk;0;0;23;24
7e7dd7fdf2e24a4594650b711ff61ec7.jpg;4;34;40;forb_weight_over_7.5t;0;0;34;40
9a6e90806c724f849234f7a2b509b827.jpg;4;31;56;forb_speed_over_5;0;0;31;56
af96bced2cb5480bbae0077049e7be00.jpg;4;162;168;prio_stop;0;0;162;168
42253fd0b15c4677ab1b1f2a3551d6f4.jpg;4;181;190;info_crosswalk;0;0;181;190
ae65fdfdcc544fbfa83295794044acb1.jpg;4;49;52;forb_speed_over_30;0;0;49;52
6d81de2cd116438485ab3f5da0dbdb02.jpg;4;25;23;prio_give_way;0;0;25;23
aff3ae0d37924ea9948cb41cbe45849f.jpg;4;87;92;info_one_way_traffic;0;0;87;92
51e51440dfc5465283832972fc47514c.jpg;4;29;31;forb_left;0;0;29;31
c7df0fa8a2e842d2837e8a8a2998becf.jpg;4;28;28;forb_stopping;0;0;28;28
c4bade2fe3ea41449aa0152f29475d5d.jpg;4;79;80;info_crosswalk;0;0;79;80
4b1c48a8405543de8c9e9249db42ad41.jpg;4;77;76;warn_children;0;0;77;76
e942aa483b8f495191e40ced8718e05d.jpg;4;59;53;forb_right;0;0;59;53
18f5a2a23dab4a3b92fc2d3a0c274048.jpg;4;19;22;prio_give_way;0;0;19;22
7c60c683ee70443bb9240a5e74ba26ce.jpg;4;36;48;mand_pass_right;0;0;36;48
4c613c604957488fa1c519d9fef3b09f.jpg;4;39;51;warn_cyclists;0;0;39;51
178c4fa7cff44599a257b5be11547692.jpg;4;49;71;prio_priority_road;0;0;49;71
501bb1e9a8f744fbacc648aaa4812f78.jpg;4;50;56;prio_priority_road;0;0;50;56
b180163fe92d415fa84a3e2c18888cca.jpg;4;50;56;forb_u_turn;0;0;50;56
ce959645ddf042108af4d750da000c0a.jpg;4;17;17;forb_speed_over_80;0;0;17;17
118e7466de30456fba24c8ad7819a489.jpg;4;18;18;forb_speed_over_130;0;0;18;18
6cb41721353441f78583f85b9d51a070.jpg;4;9;9;info_highway;0;0;9;9
d97e7f82bc6a4177bf001c41587a9adb.jpg;4;30;30;mand_pass_left;0;0;30;30
e19c0242b2054cbda9b7043c88bae85b.jpg;4;20;20;mand_pass_left;0;0;20;20
b61466b393a54ed78c666b8d002b3209.jpg;4;14;15;mand_pass_left;0;0;14;15
7f6dbb8868184e1db95ba224a8239ef3.jpg;4;10;10;mand_pass_left;0;0;10;10
abd8146ca9e04e4386abf266ec523ebb.jpg;4;51;52;forb_left;0;0;51;52
a362d1971f9e4418bb89e9adb8613f5f.jpg;4;54;56;info_crosswalk;0;0;54;56
991810490d0d4eb3909fa939f6836ca2.jpg;4;24;30;mand_straight;0;0;24;30
d0c55ef3844449e3916265192b1202dd.jpg;4;17;22;info_parking;0;0;17;22
0a8b469612e5484181c2b8e0c5dcca61.jpg;4;21;17;forb_ahead;0;0;21;17
516b9b6a72d448b58ce4fbf2e7614923.jpg;4;8;19;info_parking;0;0;8;19
c5229ee3b50c4fb18d9dd6b36077ec79.jpg;4;31;35;forb_speed_over_70;0;0;31;35
6f50636951744018aaafb8e5f6d21e26.jpg;4;62;54;warn_crosswalk;0;0;62;54
a2dd1686ce3b4f2da8ad2304f0d577ba.jpg;4;61;55;warn_children;0;0;61;55
a64604d424f543edbba594c595354529.jpg;4;111;111;info_crosswalk;0;0;111;111
b98b4ee9a6534ab2ae4708011ded3047.jpg;4;101;96;forb_left;0;0;101;96
fc14f94d02bf49498958225fc6b1a8f0.jpg;4;28;28;forb_right;0;0;28;28
8537438b06f04bc9ae4b626468392b84.jpg;4;30;31;info_crosswalk;0;0;30;31
88061aef05a541ef9808f5736a38fbd8.jpg;4;18;23;info_crosswalk;0;0;18;23
69172486b02b42898c96ed266dff8f9a.jpg;4;37;40;warn_speed_bumper;0;0;37;40
f248760db5b34963be4a36e95fc1425f.jpg;4;36;40;forb_speed_over_30;0;0;36;40
f401fa73ce3340e19aa27248a57009dd.jpg;4;62;79;forb_speed_over_50;0;0;62;79
d4c177ac3f494a34882da005fdf25317.jpg;4;65;75;warn_children;0;0;65;75
0f1ad52f11b94b3dbdd1595921891978.jpg;4;53;55;mand_pass_right;0;0;53;55
f7706e06f4a84793b6956404c51fec63.jpg;4;29;32;forb_speed_over_5;0;0;29;32
10f08e5c7241481fa6f97e784f3e5a36.jpg;4;28;27;forb_speed_over_5;0;0;28;27
661038fc55ee4206bf364f4006e9b525.jpg;4;53;64;forb_speed_over_5;0;0;53;64
2fe590ea6c354b22ab72c358d06282b4.jpg;4;113;122;mand_pass_right;0;0;113;122
3f0df7e3a5914f56ba2ac14ee3348718.jpg;4;12;18;info_highway;0;0;12;18
c7e990eab8dc4530a148de6b16af8071.jpg;4;30;39;forb_speed_over_130;0;0;30;39
39451f82d377472786a41277a385b316.jpg;4;28;38;forb_speed_over_80;0;0;28;38
b48e7774876b4471afbcb1e9d3ed492b.jpg;4;25;22;forb_stopping;0;0;25;22
3da7c03d15654597be43aef7d9798416.jpg;4;27;24;forb_left;0;0;27;24
ce27c7179aa9477c808189bfa665d47b.jpg;4;118;127;forb_speed_over_70;0;0;118;127
eeeb8b63e531491994fad932c0f6ba06.jpg;4;117;135;forb_left;0;0;117;135
477a2ca4f28f40b5867c60a2a456cdb4.jpg;4;42;46;forb_speed_over_100;0;0;42;46
0d0312dfa5dd457bbd6c7f06c00b3e0d.jpg;4;48;48;forb_speed_over_5;0;0;48;48
dc96d426e9e040cdaedce3156c055bb2.jpg;4;58;61;prio_stop;0;0;58;61
ab54710039f14339893abb8c8a89aadc.jpg;4;53;68;prio_stop;0;0;53;68
fed64302d2c84e1b80ef772c0b880568.jpg;4;22;19;warn_tram;0;0;22;19
83a43b25336b48299f038f237e55f73d.jpg;4;50;52;info_crosswalk;0;0;50;52
ee96860d85ea4e1f821144613a726f33.jpg;4;29;46;mand_bike_lane;0;0;29;46
ca8d65a58eae41f286c1fa6e80afd5eb.jpg;4;16;37;forb_stopping;0;0;16;37
84cd05731ad842458cfe5613d5f61545.jpg;4;153;149;warn_roundabout;0;0;153;149
f227f92924b64b8fbb0f1f87f9d31305.jpg;4;151;156;forb_speed_over_50;0;0;151;156
18728d64e0c74e51a19a287b53b39886.jpg;4;45;49;forb_stopping;0;0;45;49
ecd90ce2102d4e408ea6eca38e73dbf5.jpg;4;29;26;forb_speed_over_60;0;0;29;26
f9c95b63a6f949fd8a5d4cbb0ecca2a5.jpg;4;31;28;info_one_way_traffic;0;0;31;28
0556347327b24da490f9b5b63f39d3ad.jpg;4;18;18;info_one_way_traffic;0;0;18;18
1cbf455bd3284585ae62bb97197875d1.jpg;4;36;31;info_crosswalk;0;0;36;31
c14674cb44a14ec29982904410bfa7a1.jpg;4;44;45;prio_priority_road;0;0;44;45
48360763b18b4c01a00c4074e2200eb4.jpg;4;47;66;forb_speed_over_60;0;0;47;66
c80880f4a42f4f05a79d9035c8503698.jpg;4;42;51;warn_crosswalk;0;0;42;51
502cc3be5358406288e7c38232519574.jpg;4;19;26;info_parking;0;0;19;26
d4c4ff9c926c46a3b420ec3c938c0397.jpg;4;22;24;forb_ahead;0;0;22;24
154448a99a504681be37f461b4077435.jpg;4;75;63;prio_give_way;0;0;75;63
44389d1be5b84a5fba2bb64d301d78d0.jpg;4;53;49;forb_speed_over_50;0;0;53;49
3394d9e0fa02423080973eb0f3048a41.jpg;4;59;49;warn_roundabout;0;0;59;49
18e848ddcf82426fba43c8894621bea4.jpg;4;64;69;forb_right;0;0;64;69
7a2a97d40bca40be9192f4abd2e26c6b.jpg;4;33;35;mand_straight;0;0;33;35
c5b99173ed2c4d08bf5f18eacd5c853f.jpg;4;78;78;mand_pass_left_right;0;0;78;78
e52ade00e87846679c16fe50cf5ba757.jpg;4;22;33;prio_give_way;0;0;22;33
50abac4b771e479882e669aae0dc2ffd.jpg;4;161;141;warn_two_way_traffic;0;0;161;141
ca01d6bf53a64704a1b39bcffcb0f11b.jpg;4;103;105;forb_speed_over_30;0;0;103;105
c37ef3d854d4449cb828b54562266c8e.jpg;4;46;47;mand_pass_right;0;0;46;47
bfbaab24f8284e178af11499b8e4888f.jpg;4;29;25;prio_give_way;0;0;29;25
8f0fc64f44d140108b8a6e89aab6d052.jpg;4;31;25;mand_roundabout;0;0;31;25
686cce6720b742cdafa29af3389050b3.jpg;4;16;13;mand_pass_right;0;0;16;13
2b1ea1c6483349fcb7aecd4c06375c54.jpg;4;35;31;warn_two_way_traffic;0;0;35;31
d66de420191d409c838e489039830e07.jpg;4;42;41;info_one_way_traffic;0;0;42;41
e3de1b5e3f9d4731b57b303a90a0800e.jpg;4;35;36;mand_bike_lane;0;0;35;36
d389c8d702b540358bbe02e40888c1e2.jpg;4;8;8;forb_ahead;0;0;8;8
d548df96328e450e9a32f7cd752978d4.jpg;4;62;80;forb_speed_over_40;0;0;62;80
916c4151b90f4a3a9b7f64aa1d8077e0.jpg;4;108;104;warn_two_way_traffic;0;0;108;104
70f1c90002544835bb6bfaf35c71292b.jpg;4;95;95;mand_straight;0;0;95;95
0359b58bc53043749d537deeea024936.jpg;4;25;23;info_crosswalk;0;0;25;23
bd2da91e449a4e2cb455467bd74370a7.jpg;4;36;48;forb_speed_over_50;0;0;36;48
f72194a985f9442187f947b942fa6365.jpg;4;89;59;forb_speed_over_50;0;0;89;59
ffb8b99fab274c11a14744eb408e1c10.jpg;4;73;129;info_one_way_traffic;0;0;73;129
f375b4dc46e546e5b17bd0fb2a6e7903.jpg;4;78;132;info_crosswalk;0;0;78;132
76ece75d8e5c41c4b1becc32d390cfbc.jpg;4;190;85;prio_give_way;0;0;190;85
66062cdde99d4bb289411ec3257a41dc.jpg;4;31;32;forb_speed_over_30;0;0;31;32
2653735558da49eca74e814a94270918.jpg;4;32;30;warn_crosswalk;0;0;32;30
63e16781a4454096b4c74ff0986ebdec.jpg;4;27;37;info_bus_station;0;0;27;37
867adbdd37234e73a34fda7a303e9528.jpg;4;30;30;warn_roundabout;0;0;30;30
5cfac5578e794a4ca126317485faa34c.jpg;4;60;59;info_parking;0;0;60;59
0f116dae090e4db380574f99935edeb5.jpg;4;73;63;info_crosswalk;0;0;73;63
00114129983f405a84bbfa51f02ef4b0.jpg;4;37;41;forb_speed_over_50;0;0;37;41
7180eb955c2b46a3bdd7b37e3549843e.jpg;4;22;31;forb_left;0;0;22;31
720e3e98da1b45b185b075f7b8e094b6.jpg;4;41;37;warn_roundabout;0;0;41;37
b38b53ae392240d8916660663c93d9c7.jpg;4;199;231;forb_ahead;0;0;199;231
8c966c3162ae49d5a8f834093c7878f7.jpg;4;48;49;info_crosswalk;0;0;48;49
01e3663956334aac9d5cb8457c4ad346.jpg;4;28;51;forb_left;0;0;28;51
20c0642a47374c81b373c8680c5f03c8.jpg;4;47;52;forb_speed_over_100;0;0;47;52
20115d5e23884def86dbfe1d803aad51.jpg;4;28;27;warn_crosswalk;0;0;28;27
5b9358d0947f4dd5b1b2c872d7cb8c3a.jpg;4;20;24;info_bus_station;0;0;20;24
ddf6c15da4ee457e9b4919efbb6eaefc.jpg;4;36;14;warn_crosswalk;0;0;36;14
f0e173e7f05343a783a95740da1f8f8a.jpg;4;28;26;warn_poor_road_surface;0;0;28;26
b26e9e95505a48ffaa268d68b8de8712.jpg;4;45;50;info_crosswalk;0;0;45;50
dd71ab7d27f149eebf9667dc30ab13ee.jpg;4;37;44;forb_weight_over_7.5t;0;0;37;44
e114ce03f15a44fca8bbf9f1aa6db5bd.jpg;4;96;127;info_parking;0;0;96;127
bb341a8db1a941e996c0d2ba4b89fc09.jpg;4;27;87;info_crosswalk;0;0;27;87
0f8f02044275404bb9b1274ecd38f246.jpg;4;112;117;forb_weight_over_7.5t;0;0;112;117
0baaf909f6c04c4a9113a049d00ff0f0.jpg;4;26;83;info_one_way_traffic;0;0;26;83
4675be74f243457eb8b9bf30ad20ed22.jpg;4;112;112;forb_trucks;0;0;112;112
0afced7d43e3472cad44b13bb1742166.jpg;4;40;46;info_one_way_traffic;0;0;40;46
0b05c08332384e4bb45088ac25ab5183.jpg;4;43;43;info_crosswalk;0;0;43;43
eb5ff2b7a9dc415dac020890985e6633.jpg;4;36;39;forb_ahead;0;0;36;39
5c3a658a2b9142a3a8d862cdc2efe924.jpg;4;45;66;info_bus_station;0;0;45;66
b83c90b183184b4b93167df3fe8684ea.jpg;4;49;54;forb_ahead;0;0;49;54
4c7b50e2a9bf46a39263a7b735cba647.jpg;4;70;68;forb_stopping;0;0;70;68
c94e02ee45e54ff69abee834e22589c6.jpg;4;85;147;prio_stop;0;0;85;147
7fa14383e41c407093263356b451aee5.jpg;4;54;103;forb_weight_over_7.5t;0;0;54;103
955a95fc8004445a8be8fc5a87585990.jpg;4;97;83;warn_two_way_traffic;0;0;97;83
c9354bad284047818b3fd909cbf9bce2.jpg;4;54;51;warn_two_way_traffic;0;0;54;51
81417de0fb77448087582f44c742db53.jpg;4;38;45;info_crosswalk;0;0;38;45
e60977cc2ab74a1e829e25466098c109.jpg;4;45;43;info_crosswalk;0;0;45;43
39f443ff8e0941c4a86f4ec7931cd4bc.jpg;4;50;51;prio_priority_road;0;0;50;51
610f33c34d4646f3ace7495ccb35133b.jpg;4;20;26;forb_ahead;0;0;20;26
fd3e0e0900234dc1b490a2195deb670e.jpg;4;39;39;forb_right;0;0;39;39
b6caef583ad242e99f486a86cef4d367.jpg;4;67;84;prio_stop;0;0;67;84
00a241c256664b2f8ae15d2bd32a83a6.jpg;4;69;90;info_crosswalk;0;0;69;90
e67cffd4761540beb1e9b45959efa4e0.jpg;4;22;24;info_crosswalk;0;0;22;24
25600804ba7d434a911a083d8cec1cc7.jpg;4;122;109;prio_give_way;0;0;122;109
a40b548dadc7445a8999e97b1367a9c3.jpg;4;125;137;mand_right;0;0;125;137
594390ac76224caaaf1509087d618965.jpg;4;47;46;forb_speed_over_30;0;0;47;46
19791d2a789747bc926810092e4f2d69.jpg;4;49;44;warn_construction;0;0;49;44
15d2599e2e4c42658d6a05674831ab4b.jpg;4;43;41;info_crosswalk;0;0;43;41
32fd93e9fb77450ea01dc4f90c287f12.jpg;4;44;44;forb_right;0;0;44;44
262a706bc7114ed2ad4a1e1fdf454070.jpg;4;51;51;info_crosswalk;0;0;51;51
5766946b470948b09083cac6f04ad245.jpg;4;46;46;prio_stop;0;0;46;46
a50f1a24e63149c6bdbb70ab08d58ed8.jpg;4;9;14;info_parking;0;0;9;14
62f68b2109974960812ad343433f5bc4.jpg;4;60;60;info_crosswalk;0;0;60;60
cab17f539e514d5188d3f5ffda2b950e.jpg;4;74;80;forb_weight_over_3.5t;0;0;74;80
9a31ca9bb494402aaae4ac8b42418352.jpg;4;71;84;warn_cyclists;0;0;71;84
3191de4849c54a469de3b830aea0cdc5.jpg;4;19;20;forb_speed_over_5;0;0;19;20
c1783d944dd1449b9837ec9c9d7faf3b.jpg;4;43;42;forb_stopping;0;0;43;42
9824961d8dc04c2b8f7ea3400d8d13fd.jpg;4;43;44;forb_trucks;0;0;43;44
ab304ccc11104ca38397a02457f6065b.jpg;4;62;60;forb_speed_over_40;0;0;62;60
1cd2dc7a2c434e9e8d33dfe2036d0a86.jpg;4;63;62;forb_overtake;0;0;63;62
c6061a0202444c4dae94e760cd3903a9.jpg;4;93;97;forb_stopping;0;0;93;97
56c7c5d6be834724b135aba790377ebb.jpg;4;186;196;mand_straigh_left;0;0;186;196
81058199cb5b4249aafc71f55f57edc2.jpg;4;49;51;info_crosswalk;0;0;49;51
02af49798429452b95fa11ac64ec4cdb.jpg;4;52;47;warn_children;0;0;52;47
1e2af356b9744972a41825f4806d7b39.jpg;4;33;46;mand_pass_left_right;0;0;33;46
2be9fdf1dfc947739d0a6c58fe5ff4b6.jpg;4;39;47;info_one_way_traffic;0;0;39;47
8d70bc506c2a42cab5c3328e19ece214.jpg;4;46;46;warn_poor_road_surface;0;0;46;46
241be56857bb48269ba80c06512fe794.jpg;4;40;39;info_parking;0;0;40;39
bfe03b4f153c4e7cb9916d896f6b5cf2.jpg;4;36;33;info_crosswalk;0;0;36;33
454e08d419434e739dba5fdda3fc6405.jpg;4;33;30;info_one_way_traffic;0;0;33;30
fca08b1da31b4f89906dcc120bbf5eb0.jpg;4;22;27;info_parking;0;0;22;27
5065215f51da4fdd8c829595704a4c57.jpg;4;64;60;warn_wild_animals;0;0;64;60
3c7009ff818d48e890afdd10aa2b221b.jpg;4;44;48;mand_pass_left_right;0;0;44;48
a18b5af03215495f9c32fcf840337cc6.jpg;4;48;75;forb_stopping;0;0;48;75
8b4212e1389f420d8b6f0142f9f8dbf8.jpg;4;36;76;forb_speed_over_10;0;0;36;76
6b99d7570dc041f0b5b9e9ea94ce4ab1.jpg;4;35;76;forb_trucks;0;0;35;76
f4cec7e5f1a54b529df593ce421910cd.jpg;4;87;98;forb_overtake;0;0;87;98
6bf66559226e4b598c46a1acf574e4bf.jpg;4;47;42;info_crosswalk;0;0;47;42
5e86daf00c72478786acc5b94133062a.jpg;4;39;39;forb_weight_over_7.5t;0;0;39;39
78493d584cbe4b2fbdf8e0c2cd038891.jpg;4;11;19;info_crosswalk;0;0;11;19
e776908483cb4996bc217f0334799ee9.jpg;4;40;39;forb_overtake;0;0;40;39
d0b4b4f1b5fa4fddba8efa0439ba157f.jpg;4;31;31;forb_speed_over_50;0;0;31;31
052f48efaf97461496489bddadb6c064.jpg;4;21;25;forb_speed_over_10;0;0;21;25
6e0e8cf931644891abd5bfb0d9d0eacb.jpg;4;24;29;forb_overtake;0;0;24;29
fd0b61323d404d728d8dcf55dd2e7ab0.jpg;4;16;27;forb_speed_over_30;0;0;16;27
006374ff722441c3bf9f3a181ac7721b.jpg;4;34;42;forb_speed_over_10;0;0;34;42
780731b6b6f44344a05fc1ff780fdfa1.jpg;4;33;46;mand_straight;0;0;33;46
3aee8b020d7e4ccd86fff059d0132287.jpg;4;15;18;info_parking;0;0;15;18
69ac684e304e4a649ba1f7f0e848df3b.jpg;4;35;32;mand_left;0;0;35;32
590a6691bd9d4bacbb69ac38d12696f1.jpg;4;13;13;forb_ahead;0;0;13;13
7636746572e74c2da98c62408d0e6aad.jpg;4;98;99;forb_speed_over_40;0;0;98;99
cdde65ab53f8416289c5173d69912824.jpg;4;92;93;forb_overtake;0;0;92;93
6e0c2568fb6b4342b2130d0c16044bd4.jpg;4;64;99;forb_stopping;0;0;64;99
7f6a31cf8b2947b39c300ec71e2cae07.jpg;4;198;270;info_crosswalk;0;0;198;270
6d8b57e5646446baa6406f07418e4f21.jpg;4;63;97;forb_trucks;0;0;63;97
3cf7a436742f47b6bd21e2a41b9fa824.jpg;4;98;117;info_crosswalk;0;0;98;117
b23d3ca5e529482a95eacfe078576eb6.jpg;4;75;83;mand_straight_right;0;0;75;83
557649ab406343f381c038bd571496de.jpg;4;43;48;mand_pass_left_right;0;0;43;48
a87e5990fa1d4a7f856434ac022f2efd.jpg;4;56;57;forb_weight_over_3.5t;0;0;56;57
80de849e3d9c4edf8620d433dd39288b.jpg;4;52;38;warn_crosswalk;0;0;52;38
945d117558394f5fbbc9a1c19b17019e.jpg;4;46;47;warn_construction;0;0;46;47
48b1537a06e54135bcf1a75be1bf04e1.jpg;4;47;47;forb_speed_over_30;0;0;47;47
eea2d9a329f64273b8de3abe4325f823.jpg;4;81;60;warn_poor_road_surface;0;0;81;60
bafac16d06554aa5b920f75fb2c37e8a.jpg;4;100;125;prio_stop;0;0;100;125
954c250fd7ff47298fb2f36c096c3352.jpg;4;114;148;info_crosswalk;0;0;114;148
3684077e8de643ee9cd048c3f943be22.jpg;4;108;126;mand_left;0;0;108;126
f23045ba59ee4840942fac99d86316fa.jpg;4;55;57;info_crosswalk;0;0;55;57
cc2bf033235c4fbd9bd234f7ee9c8289.jpg;4;33;34;info_crosswalk;0;0;33;34
fdbcbf18cbcb4099ad02bb85334190f5.jpg;4;39;54;info_bus_station;0;0;39;54
f494f0d4e4d2400bb25df19893431982.jpg;4;119;107;warn_wild_animals;0;0;119;107
ded350906c744b0f96a2de70e79c0a11.jpg;4;98;118;warn_domestic_animals;0;0;98;118
f839f34604954246a5c1fc373f8ac336.jpg;4;108;113;warn_poor_road_surface;0;0;108;113
d32028959a0d485f82a98114ba0463a8.jpg;4;102;109;info_one_way_traffic;0;0;102;109
097029f1751b4bf4ab598fbf180fcc3f.jpg;4;103;103;info_crosswalk;0;0;103;103
f5c7e05f3c01496aa08a48f66fcaec53.jpg;4;100;107;prio_stop;0;0;100;107
bc06330165f647d89a18d56e8652ff79.jpg;4;100;102;mand_right;0;0;100;102
1a3018c4b03e4efeaad743e817862701.jpg;4;67;69;forb_ahead;0;0;67;69
c6dfd8248692416ca7c15cf98f9f3a92.jpg;4;97;126;prio_give_way;0;0;97;126
14e163ded247476c8074510bfb7bad5a.jpg;4;91;128;mand_roundabout;0;0;91;128
f1fca75de61f42b5ae7ff13a8d8136d5.jpg;4;123;140;info_crosswalk;0;0;123;140
71e190bc9a2b49d98848c33071f18b3e.jpg;4;51;39;warn_slippery_road;0;0;51;39
9aa085fa00b847cb8a5fe18b7b8afee3.jpg;4;29;42;forb_ahead;0;0;29;42
fbb63a86625840baac210ea71ff599b1.jpg;4;38;64;forb_weight_over_3.5t;0;0;38;64
b819e611c29a4c2a9ef9b675c31cb8aa.jpg;4;23;74;info_parking;0;0;23;74
2f124746d2bd4ea39a54beb975ba280b.jpg;4;179;167;prio_give_way;0;0;179;167
62e8f2dfcb844bbfa230c46fe492134f.jpg;4;113;170;mand_roundabout;0;0;113;170
8baacc664cec4105be9bb1dbc609e213.jpg;4;20;50;prio_give_way;0;0;20;50
08b0d0ca9e944427865e5c99ce010e67.jpg;4;47;49;forb_speed_over_30;0;0;47;49
c14b11c526de46d797541276a8572e12.jpg;4;43;42;forb_speed_over_5;0;0;43;42
0a3b4420b9eb42d496a9d9c523a9ab09.jpg;4;48;48;info_crosswalk;0;0;48;48
6ab79619453f4d5da5a3c70e3e2e7933.jpg;4;32;28;warn_speed_bumper;0;0;32;28
7d5b0133e9cb4dec9e17188482cb923b.jpg;4;29;30;forb_speed_over_30;0;0;29;30
3695fe1672754c99ab17007a416495b9.jpg;4;43;45;forb_weight_over_7.5t;0;0;43;45
ab9a006f94964f0fb0d7e573d1e49055.jpg;4;68;70;forb_speed_over_30;0;0;68;70
15090da2156d41a0b673cae7bcc3fabb.jpg;4;61;69;warn_roundabout;0;0;61;69
9f4aec06fdf349fa93a3776f277b92f7.jpg;4;36;28;warn_crosswalk;0;0;36;28
beacf9bdb06442ed9a5e13316a4daa5c.jpg;4;38;26;warn_traffic_light;0;0;38;26
3900602db538479ea4b5a2936dbc9f6b.jpg;4;16;21;info_bus_station;0;0;16;21
7fc5e324109942e09379a30f542d0161.jpg;4;90;90;forb_overtake;0;0;90;90
033cee2b2efe4517adee9103290c07ff.jpg;4;91;94;forb_left;0;0;91;94
70f4bd239c2e4c5d84ae9b75b2825c35.jpg;4;33;44;prio_give_way;0;0;33;44
4274fb9b7d454f879e6d7c9c279b5971.jpg;4;25;34;mand_left_right;0;0;25;34
152f28e7e72840ccad18fda4116c4a1b.jpg;4;37;31;warn_construction;0;0;37;31
228c53137e0b4a1790c0bf5752a7f3b8.jpg;4;11;17;info_one_way_traffic;0;0;11;17
acb8c1ebb9224ffeb1f1085a9a16842e.jpg;4;12;11;forb_ahead;0;0;12;11
9716622166c742a3bdd0c657fc460407.jpg;4;12;11;mand_pass_left;0;0;12;11
76e39b2b10074c67942aff367abad27b.jpg;4;56;72;forb_left;0;0;56;72
578cd7400f314c958d00a0465c081786.jpg;4;73;81;info_crosswalk;0;0;73;81
9949f03d8344481d9541147f579d151a.jpg;4;69;57;warn_crosswalk;0;0;69;57
c287e94a51ed4e479eb02052fcb96406.jpg;4;78;68;warn_traffic_light;0;0;78;68
2f8108ec21134da4958b11a40a328440.jpg;4;87;87;prio_priority_road;0;0;87;87
837b6e1bbfbd4257abadeb56b395b711.jpg;4;84;81;warn_traffic_light;0;0;84;81
d6610475ad6c41d9bc3650dbd2891969.jpg;4;69;72;forb_stopping;0;0;69;72
a2fcc46ec5654da9af274744d52cf01f.jpg;4;58;84;info_bus_station;0;0;58;84
256319869d224e5d83718b8cc59327fe.jpg;4;50;51;forb_weight_over_7.5t;0;0;50;51
8f04f209fd864478a3b8f5edeb8bf7e0.jpg;4;58;58;info_crosswalk;0;0;58;58
fd818d307e81489a830649f23df8de80.jpg;4;32;39;info_crosswalk;0;0;32;39
6cfbedf085e747558aba12f38485d206.jpg;4;19;22;info_crosswalk;0;0;19;22
2b528379ce214114a8bf24c91e606d4f.jpg;4;21;21;forb_speed_over_50;0;0;21;21
645f19af679349c79a84b02c06610041.jpg;4;24;24;forb_speed_over_100;0;0;24;24
620e92540075480cbf0c547bb288d014.jpg;4;41;39;info_crosswalk;0;0;41;39
d45dffa68a2f4c1b979bfadfc9d05bf4.jpg;4;46;46;prio_priority_road;0;0;46;46
749f5ef4353a4cdeacda710288f06db6.jpg;4;43;43;prio_give_way;0;0;43;43
af4cfecdfa234b22adb2b31727eadf68.jpg;4;35;37;mand_right;0;0;35;37
b52275a9a2874da6a22d11f72591bbfb.jpg;4;40;36;warn_wild_animals;0;0;40;36
ef239d12eac6431f98063b7eb2734e72.jpg;4;47;48;prio_stop;0;0;47;48
d1b4bf2813c544018863aa4debade751.jpg;4;83;83;info_crosswalk;0;0;83;83
e60f4cb0d9f24b6592312850b2045716.jpg;4;62;62;prio_give_way;0;0;62;62
339388c236854507b2932d31c9720e9c.jpg;4;37;36;info_crosswalk;0;0;37;36
fbb65f670bc448af9fa9353b6ac81196.jpg;4;15;16;info_crosswalk;0;0;15;16
1a4c0aee92cd45d3b891517b3c6811ab.jpg;4;17;16;prio_give_way;0;0;17;16
527631f55c16466892b0c34d3cd1f27d.jpg;4;29;36;forb_stopping;0;0;29;36
0fc6e5af016d4d02a677b57befe2f7c0.jpg;4;29;38;warn_children;0;0;29;38
af98fdc4e80b4fe6bb11c19df12d37ed.jpg;4;24;34;forb_u_turn;0;0;24;34
e71f891e419e40d8b5db993b287153fe.jpg;4;41;50;info_bus_station;0;0;41;50
ed1d4a30e80943109fdf7f6fe635f3f7.jpg;4;18;19;info_one_way_traffic;0;0;18;19
1928bab11a0f46a5b5c0607878a23c8f.jpg;4;19;18;forb_speed_over_30;0;0;19;18
335a125d0d6e44e89c6d1399d671f9bf.jpg;4;91;109;forb_right;0;0;91;109
87893f1777634711ad6879cfba8cec08.jpg;4;97;173;mand_pass_left_right;0;0;97;173
8b4a87e3e87b430dbbc897d65355ac26.jpg;4;18;24;info_bus_station;0;0;18;24
430a52f95b3a4f5ca87122b347e181c4.jpg;4;236;90;prio_give_way;0;0;236;90
12f16d666271484891ce45d76511dd66.jpg;4;28;35;info_crosswalk;0;0;28;35
0dd8134f0d7843d4a3f1562c63a453fb.jpg;4;17;30;prio_give_way;0;0;17;30
def453612fc94dbeb90d104f8ae66c6b.jpg;4;22;32;mand_left_right;0;0;22;32
cf37003f90174c2d8daed6c2ae65ada9.jpg;4;31;86;info_bus_station;0;0;31;86
0c47dfc44405400ca23b48a05140292f.jpg;4;130;150;forb_ahead;0;0;130;150
bab8e06dffe04c4fb9661c5a286ee089.jpg;4;28;111;info_parking;0;0;28;111
4bf42c5a8d8d427fa2dce3cdfb293f06.jpg;4;29;68;forb_stopping;0;0;29;68
7164cd5f03c24ed9a9084068259929cd.jpg;4;119;112;warn_traffic_light;0;0;119;112
3416f42e246c4bfe8fc83bbaabe9d535.jpg;4;111;111;forb_speed_over_30;0;0;111;111
fd2541653cf246df908e613956d23edf.jpg;4;29;34;prio_stop;0;0;29;34
cf0bb55018e845cfb07fbbffb7a07bb0.jpg;4;17;18;info_crosswalk;0;0;17;18
ce2425ee929048dcb1900d3cee232840.jpg;4;36;52;forb_speed_over_5;0;0;36;52
71e96e2b98394725b016d60710e4c305.jpg;4;32;33;prio_priority_road;0;0;32;33
57df545731194b848295bb80503a5fc1.jpg;4;151;39;prio_priority_road;0;0;151;39
40ee9847e0704a49b87413e6d371192b.jpg;4;127;34;prio_priority_road;0;0;127;34
81917031545c4efb80a021ab72c8b03f.jpg;4;7;7;mand_pass_right;0;0;7;7
c83315647a4546cb948b22a521946ed4.jpg;4;38;42;mand_pass_right;0;0;38;42
52634609c8dd4a10af00294839987fc4.jpg;4;38;65;forb_speed_over_5;0;0;38;65
ecbd0c4699534d85b38cea842c4cc2d5.jpg;4;38;76;info_parking;0;0;38;76
6722ac2d21b0453cb83f883f43139dda.jpg;4;18;18;forb_stopping;0;0;18;18
b22933636e8d406493b19695a8c608e8.jpg;4;17;27;info_bus_station;0;0;17;27
a3deb18375404708a66c4f80c5f01f58.jpg;4;13;10;warn_roundabout;0;0;13;10
b766930a909a40e9ad87b9ff116ca3b4.jpg;4;48;53;forb_speed_over_50;0;0;48;53
7b69b34249e44a678709c39953c3dd70.jpg;4;29;28;forb_speed_over_60;0;0;29;28
f341130ed3f640f59a1a260774d6c061.jpg;4;142;133;warn_wild_animals;0;0;142;133
7fb9148a44e44162953ee7edc19d1769.jpg;4;139;133;warn_speed_bumper;0;0;139;133
7cb1fc3bb8ec42ddb09f156a3191c952.jpg;4;34;36;info_crosswalk;0;0;34;36
c2d2512a9d1c4466b22190340244edbd.jpg;4;19;17;forb_stopping;0;0;19;17
7de7907175284aba91ee9ad6c270df87.jpg;4;32;32;forb_weight_over_7.5t;0;0;32;32
ee527cf24b9b40b2a5f8524841ac3a81.jpg;4;115;122;prio_give_way;0;0;115;122
b244cb2cadf64feab20e745b96bd58b5.jpg;4;94;97;forb_speed_over_50;0;0;94;97
f27f0cda584e41028c5b69da4472df4a.jpg;4;90;91;forb_u_turn;0;0;90;91
99103a6127514cd1b646d763574dcf31.jpg;4;53;53;prio_stop;0;0;53;53
840ec186af77414182788b8d050734dc.jpg;4;62;58;info_crosswalk;0;0;62;58
2dc6839665d4401c8d48cb83631ce66a.jpg;4;98;167;info_parking;0;0;98;167
8ae497e5f67844d1a4cc933e173f5557.jpg;4;49;45;warn_poor_road_surface;0;0;49;45
2e4d86e0aefd438f93771d266c48392c.jpg;4;22;23;warn_traffic_light;0;0;22;23
f4e09209c9014f5b8f9e0769b222391b.jpg;4;31;42;mand_pass_left_right;0;0;31;42
807cba9ef48b4195805925940cc294fd.jpg;4;22;22;forb_stopping;0;0;22;22
b00d4015a8024b70ac885578ff3a1132.jpg;4;25;24;forb_speed_over_20;0;0;25;24
9b6b08eb88b74beb80e12f27c804f529.jpg;4;10;9;forb_stopping;0;0;10;9
07d2d4c5a4c349da8e42457a767acd1a.jpg;4;55;58;mand_pass_right;0;0;55;58
a05c45009f3a4923b6b829d25e08a77f.jpg;4;151;191;forb_speed_over_100;0;0;151;191
b05d0d9ad98140ee87d3aa866a6fc1ac.jpg;4;59;61;forb_speed_over_60;0;0;59;61
5dc495f9f3c445d29d8543a0a59015e7.jpg;4;81;87;mand_pass_right;0;0;81;87
3f421fcefcb54365b5801ea3cbe66afa.jpg;4;18;17;prio_give_way;0;0;18;17
dbd475ae1f3f4f4f9017e49cb2e777c8.jpg;4;23;31;mand_pass_left_right;0;0;23;31
6e47060390bb4419abcfd75021eb7ed5.jpg;4;40;42;mand_pass_right;0;0;40;42
09ea8abb3bf14d7880462071dff2c43f.jpg;4;12;11;mand_roundabout;0;0;12;11
2274af2ca81b45ecbb816a52f71ec1dd.jpg;4;12;11;prio_give_way;0;0;12;11
130a02a79e7a44ab84b7726f56851878.jpg;4;37;56;info_bus_station;0;0;37;56
cdb094117e5e410cb381da291f310ea1.jpg;4;89;93;forb_speed_over_50;0;0;89;93
0d9e76df7da94f92952c659d9ff7eb4b.jpg;4;102;109;info_crosswalk;0;0;102;109
42838e6cadef4065909514cc50ea257b.jpg;4;70;72;info_crosswalk;0;0;70;72
42d9be3bf8ef42f8ad70dccefde5416e.jpg;4;59;62;info_crosswalk;0;0;59;62
45885c08571c42049800a30b58902233.jpg;4;29;32;info_crosswalk;0;0;29;32
1cab7ddde7a54fc1a04f65ac7273c246.jpg;4;81;81;forb_weight_over_7.5t;0;0;81;81
ecf4c03715f047b9b09e9ffbe8ca7feb.jpg;4;29;36;forb_speed_over_5;0;0;29;36
dc5299f67f004677a2b44ed20f6fa847.jpg;4;26;72;prio_stop;0;0;26;72
53bed202e85342d18473ba984a4b6bf1.jpg;4;29;62;info_crosswalk;0;0;29;62
daacc6e001794dd2a86a540f63b10501.jpg;4;29;30;mand_pass_left_right;0;0;29;30
edda0c47dc7944e88a3d9636ddd0260d.jpg;4;175;224;forb_speed_over_50;0;0;175;224
226f6a7cc6914b19b19c0de866076370.jpg;4;61;81;forb_speed_over_30;0;0;61;81
2734ac2442d543179f671a75c17a4551.jpg;4;27;39;info_one_way_traffic;0;0;27;39
4d911979b75549caa58f923835d556e7.jpg;4;92;59;prio_give_way;0;0;92;59
f55548f190e2438c9b6dff3a57127c8d.jpg;4;108;50;prio_give_way;0;0;108;50
b80894de24ef4ed7bbb2e692516570ca.jpg;4;33;34;mand_pass_right;0;0;33;34
1d10ce693aa549e6bb9d1938e2ebe6c2.jpg;4;18;18;mand_pass_left_right;0;0;18;18
0cde708de2d04bde87b3d34b512d21f6.jpg;4;30;33;forb_stopping;0;0;30;33
305501d97aaa48b5b2ed7e370cfc7373.jpg;4;31;34;forb_speed_over_40;0;0;31;34
7c472dabdfec44b1be1cf541bffb94ff.jpg;4;105;102;prio_stop;0;0;105;102
e6c994b9eb24499e936dcc48a710bfbb.jpg;4;100;104;mand_straigh_left;0;0;100;104
a357229635b84be293d66b224260532e.jpg;4;47;51;info_crosswalk;0;0;47;51
7fd364a2aa6240949edfb7dd9cf2fad9.jpg;4;32;33;forb_weight_over_3.5t;0;0;32;33
c7cdeaa16446416398a54747487ccfd1.jpg;4;36;38;info_crosswalk;0;0;36;38
b250d046e26146da98c30ed8ca61717c.jpg;4;29;69;info_parking;0;0;29;69
02e01b746db14293a353f8df3b614876.jpg;4;12;17;info_parking;0;0;12;17
0d31d6a768f842fa97a609024049e46e.jpg;4;44;48;info_crosswalk;0;0;44;48
5ed4527aa4424dde8b1dadba16a47cb5.jpg;4;31;33;mand_straight_right;0;0;31;33
3c730d19d452403a9ab90b70164fb5e0.jpg;4;31;31;forb_stopping;0;0;31;31
8c62d65cbecb4ae7a1ca2d6a943a770c.jpg;4;72;62;forb_stopping;0;0;72;62
6be921478cfa410b947ea5a6edddcb50.jpg;4;64;61;forb_weight_over_3.5t;0;0;64;61
d0b5e51255f74a20b1bf634305989309.jpg;4;70;67;info_one_way_traffic;0;0;70;67
2556f87d83af45c28a6904bb9a23275a.jpg;4;27;29;forb_left;0;0;27;29
01b5dc281fa64aea9cfff649ca311889.jpg;4;31;53;prio_stop;0;0;31;53
62f146f738ed41d6a3a3410efc1a1849.jpg;4;26;51;mand_right;0;0;26;51
547decbb64ab4ca5ac85f6a645c11ef0.jpg;4;26;27;forb_u_turn;0;0;26;27
109c27c22cc246f2b44f2f6e173dd99d.jpg;4;27;30;info_crosswalk;0;0;27;30
c60d609a2040499db52d349cc4e951f3.jpg;4;33;36;forb_speed_over_60;0;0;33;36
36b4f470e2fe4940866683049f78984c.jpg;4;39;47;forb_speed_over_50;0;0;39;47
9d48be40a33c4f918e23f90482bba295.jpg;4;54;60;forb_overtake;0;0;54;60
6b960628cea24e75ab3f95038fec1e00.jpg;4;55;57;forb_speed_over_40;0;0;55;57
4e8f5653b61040ef9a678883ce89d614.jpg;4;27;39;forb_weight_over_3.5t;0;0;27;39
1dc2063badfe4619a15c621c315d0c53.jpg;4;31;44;info_crosswalk;0;0;31;44
89d847c8019f45b391af0712a4742a2b.jpg;4;26;32;info_one_way_traffic;0;0;26;32
ba1b11e131e74010aba5bf53a674e8f1.jpg;4;21;30;forb_trucks;0;0;21;30
bf484ec77d484dc38b6cdc6a164cb313.jpg;4;79;94;info_crosswalk;0;0;79;94
7d8ce6e3b132457b860370646cc6429c.jpg;4;74;81;forb_speed_over_5;0;0;74;81
537297db76aa46e28e2d82c072da65a7.jpg;4;81;80;prio_stop;0;0;81;80
d641f5b103fb41568d4d5944a931ec35.jpg;4;58;64;mand_right;0;0;58;64
2689c010ac7b47c8a0df1585c26ea7ae.jpg;4;19;22;forb_u_turn;0;0;19;22
1fb8b569760c433385da5bb00ab27e5b.jpg;4;30;31;forb_weight_over_7.5t;0;0;30;31
9e3b7474e39b42f39038f994c194ccf3.jpg;4;16;16;forb_stopping;0;0;16;16
490117ebc7fb40c6b12bf4c2eb926423.jpg;4;16;18;forb_speed_over_40;0;0;16;18
3a9b945769ed4c859de30e9b2b417a6a.jpg;4;21;27;forb_right;0;0;21;27
8c7646e1e1e14d06b25071a5d5a8874e.jpg;4;20;26;forb_speed_over_40;0;0;20;26
410117089bf54e918127e731e52ff41f.jpg;4;12;12;forb_ahead;0;0;12;12
c84a7e84d3134df4b9abc7250952eae6.jpg;4;55;45;warn_roundabout;0;0;55;45
fd7fd69eb9534bf29f20acecaee361f7.jpg;4;44;51;info_taxi_parking;0;0;44;51
a047050260ba4b3b8476014f1470c121.jpg;4;10;10;mand_roundabout;0;0;10;10
57ca5502197d4e798f27c39e1b6bd7fc.jpg;4;11;10;prio_give_way;0;0;11;10
e3ad86ef5db849449ac176c7b262f463.jpg;4;29;28;forb_weight_over_3.5t;0;0;29;28
5d9a742003e64ba395cdae4a5d618f05.jpg;4;110;143;prio_stop;0;0;110;143
16fe52dba4ba47fba7a7e01afb4082c9.jpg;4;106;137;mand_straigh_left;0;0;106;137
d67d6469a5f24eeb84f3014e6ca782fe.jpg;4;46;59;forb_weight_over_3.5t;0;0;46;59
5ddb7c1c4346408095b6bef13731b9e9.jpg;4;48;66;info_crosswalk;0;0;48;66
ac324f583a8f414a8de44aaaa6377ba5.jpg;4;10;11;mand_pass_left_right;0;0;10;11
d50b6bac07c047e081642c7fe1308d63.jpg;4;86;76;prio_give_way;0;0;86;76
5b79d47ff6eb4dc29e10899880718f84.jpg;4;68;70;info_crosswalk;0;0;68;70
8a72444b30584bc589bc578a3c07e17c.jpg;4;69;60;warn_cyclists;0;0;69;60
0c37ba698f284abbbf02ebd797544122.jpg;4;59;57;mand_straight_right;0;0;59;57
dc5bb056f93c4e48b96697c152797bf9.jpg;4;16;15;forb_ahead;0;0;16;15
bb673a2e0d434193bac639dabd2a2c73.jpg;4;77;77;prio_stop;0;0;77;77
1311b0599df743cba8850ba2933d976e.jpg;4;82;85;info_crosswalk;0;0;82;85
b669c9029b634a86a021b2b164b5539d.jpg;4;44;52;info_crosswalk;0;0;44;52
9aabf54e43b54f12872844dc2186d72d.jpg;4;50;51;info_one_way_traffic;0;0;50;51
a9c97e2d275c44e283a4911f973a3494.jpg;4;15;20;info_parking;0;0;15;20
419b17dd41a343dda4f15715e0f17096.jpg;4;46;49;forb_weight_over_3.5t;0;0;46;49
1da865ceb55246d68477474ce3a06e85.jpg;4;64;60;warn_crosswalk;0;0;64;60
7ff086dac9254a299ad5d4fdfc046cad.jpg;4;74;66;warn_construction;0;0;74;66
d2902e91eb15433cbdb3872dd1cec558.jpg;4;65;66;forb_speed_over_30;0;0;65;66
e6e08edb08e44682a7b16f2f6d4af969.jpg;4;97;93;warn_poor_road_surface;0;0;97;93
35cf0e7fd7de41cfb397ebc549b225cf.jpg;4;70;92;forb_ahead;0;0;70;92
9d32f9f0d3444955894624b1cd9c2300.jpg;4;54;73;info_crosswalk;0;0;54;73
2d613ddabc264c15b79440468a8c699b.jpg;4;40;71;info_bus_station;0;0;40;71
52314b001c1a408d8c1088edaed52fb1.jpg;4;122;122;forb_left;0;0;122;122
c114e935669f4405a045881f6ceb0489.jpg;4;145;124;warn_crosswalk;0;0;145;124
387553fc099b4c7d85fdf2cfa999766e.jpg;4;20;18;warn_slippery_road;0;0;20;18
554100742ae64a45af450a0100b9d227.jpg;4;67;68;info_crosswalk;0;0;67;68
148d2ae452894d668da793b39482de34.jpg;4;58;59;forb_speed_over_30;0;0;58;59
9f583bdcfb004069abf030854394a4d6.jpg;4;38;65;warn_wild_animals;0;0;38;65
4056baf9eb324413a05ead451fad97e3.jpg;4;34;68;forb_speed_over_90;0;0;34;68
4ea8aaf00d1145e6ab0d97f4041a9fad.jpg;4;123;138;warn_wild_animals;0;0;123;138
e02f4e436abb450fa9bf706db4034f73.jpg;4;46;47;forb_speed_over_50;0;0;46;47
a7f1ee0819254707b9357d3eb70302be.jpg;4;60;23;forb_speed_over_50;0;0;60;23
abbb011da42f4b29844d7aa152e92967.jpg;4;42;23;forb_speed_over_50;0;0;42;23
e45edb406b6a403789280218bafe5ef1.jpg;4;12;11;prio_give_way;0;0;12;11
7c844aff85f44a90be51e8c562e4b055.jpg;4;92;92;mand_pass_right;0;0;92;92
a8a1df1026cd45c996fa572f9435a111.jpg;4;40;48;forb_overtake;0;0;40;48
952fd12f394348f3873aeec545a1de9b.jpg;4;97;104;info_crosswalk;0;0;97;104
9f5f4f42a3624e21b4b7f0f7cebf81be.jpg;4;98;102;prio_stop;0;0;98;102
11ecaed8ffac48d5baf6cb6e9178b842.jpg;4;78;116;mand_straigh_left;0;0;78;116
7e7f13b63aff4db9bf7529c56ea3f7c4.jpg;4;110;113;forb_right;0;0;110;113
9c27a3131f204b2eba02a2cd05ae4ca9.jpg;4;103;114;forb_stopping;0;0;103;114
29615fd08faa4892baf9c2c9e8022aaa.jpg;4;16;17;forb_stopping;0;0;16;17
8576b471ac964739b3823ed7a28f9628.jpg;4;18;18;forb_speed_over_20;0;0;18;18
ba51f2c855904c67b2f72ba151ef3a29.jpg;4;52;152;forb_weight_over_7.5t;0;0;52;152
d643b6d298b14183b3050a420f2408ca.jpg;4;65;57;warn_crosswalk;0;0;65;57
3a093eb13f2a488980de878e425ad0cf.jpg;4;66;59;warn_traffic_light;0;0;66;59
a27d2a2f6eec437e894dd3c7623fc18e.jpg;4;21;35;forb_stopping;0;0;21;35
6bea03447fa1492fa0a7b89fe155d1fe.jpg;4;77;80;mand_straight;0;0;77;80
5e8bc95be77d48eaab519c7e80a0f34e.jpg;4;83;70;warn_crosswalk;0;0;83;70
33390c00e5e14fe3b7878b515b282e22.jpg;4;86;77;warn_traffic_light;0;0;86;77
39430ddeadc9453d890f8c187b3b8473.jpg;4;21;22;forb_speed_over_5;0;0;21;22
1c38ec99801a4413bea2cfc8ce076c23.jpg;4;30;31;forb_overtake;0;0;30;31
3f5a559217104ba9914daa7ab6be85fb.jpg;4;30;32;forb_speed_over_60;0;0;30;32
53d368d33e01434fae7b6ed67cc138d4.jpg;4;146;78;forb_speed_over_50;0;0;146;78
365324d7ee9a4a1d86926c8e6c86e69d.jpg;4;160;67;forb_speed_over_50;0;0;160;67
abaebf095ecd4b589ffc34e2ef17db41.jpg;4;63;66;info_one_way_traffic;0;0;63;66
8455383b3ab943c98ca2d0da5b7581a4.jpg;4;46;58;forb_speed_over_30;0;0;46;58
82cc02f2a4fb4672ba271760e9e00707.jpg;4;53;50;forb_weight_over_3.5t;0;0;53;50
9a5648b77f724751a411b8488ea5407d.jpg;4;53;58;warn_speed_bumper;0;0;53;58
438ba7002f5b462a9798d505ebce271e.jpg;4;91;103;prio_stop;0;0;91;103
738a0250df81428baceb43fb720b42ed.jpg;4;67;79;forb_right;0;0;67;79
ebe18b583d64485fb4a0aeef2dc327d3.jpg;4;25;25;warn_cyclists;0;0;25;25
cad8316510f2491faed83d9dfb8ab71d.jpg;4;25;26;forb_stopping;0;0;25;26
36928c0f2e9c4e2a81394dadd1f278e5.jpg;4;29;25;warn_tram;0;0;29;25
c391e2a5f15d4690b424eeb4dd0ad150.jpg;4;14;15;prio_stop;0;0;14;15
660ffed575bd4343b20db55c3211ca4c.jpg;4;12;12;info_crosswalk;0;0;12;12
9ff4758e06224d84941ed8362ae167b0.jpg;4;45;40;warn_crosswalk;0;0;45;40
490723b459e6417889eb4e8da4b614b6.jpg;4;47;39;prio_priority_road;0;0;47;39
cae2fc2508fe4d0e99bb08682ac9caff.jpg;4;35;41;mand_roundabout;0;0;35;41
9cfdfd4ea4d049d4b671b0e6768942e5.jpg;4;27;36;prio_give_way;0;0;27;36
2eea98c214c8441caf9c56fce675c5fe.jpg;4;50;54;prio_give_way;0;0;50;54
81148d2a0ba347e7aa3d03943b9b9cf2.jpg;4;20;30;mand_roundabout;0;0;20;30
f73e90a71a2b468aa83cc086906d18cd.jpg;4;14;19;mand_pass_right;0;0;14;19
d0680afcda56429380633bbcf07984f7.jpg;4;93;20;prio_give_way;0;0;93;20
cb5dec3686e94ce7adfcd6199f340e60.jpg;4;8;16;forb_ahead;0;0;8;16
3365ae074967453085ce801998ba0bad.jpg;4;46;55;warn_domestic_animals;0;0;46;55
a532449acec14b91b2658a93aa6a7d15.jpg;4;42;57;warn_wild_animals;0;0;42;57
e230c70a03dd4b92a93cd8cdcc494f49.jpg;4;17;16;forb_speed_over_10;0;0;17;16
06420baf43854f75b3f71f5670a410ca.jpg;4;11;14;forb_speed_over_10;0;0;11;14
79bd72bb93d54e2b9c6da593e5d698da.jpg;4;16;16;forb_ahead;0;0;16;16
cd9e9468a6194ee1bed51dea264d4bed.jpg;4;40;39;forb_u_turn;0;0;40;39
f1734460e6e24f09b5161eb6bfc60209.jpg;4;99;112;forb_weight_over_3.5t;0;0;99;112
eafaeaeb91534f168ac0c7822ca6105b.jpg;4;105;107;forb_stopping;0;0;105;107
57a6be26dd004ee2a4513f1222b2e5de.jpg;4;74;74;info_crosswalk;0;0;74;74
3b299a69432f41f28a5046553cf71021.jpg;4;33;30;prio_give_way;0;0;33;30
fb83c520a2f34adebb24f62594e33954.jpg;4;62;85;mand_pass_right;0;0;62;85
0da288fb3afc451ab4c3732b4c8d8454.jpg;4;61;57;info_crosswalk;0;0;61;57
964a18a6669449dd8ffc86ee32b5a474.jpg;4;27;29;mand_roundabout;0;0;27;29
fc666b277b564e938d6f6c8cdcd6a816.jpg;4;82;95;forb_weight_over_3.5t;0;0;82;95
fe8390cd94b344e195e06bb57f05947a.jpg;4;50;48;forb_overtake;0;0;50;48
5e2bd632dd41465cb473e903412fcd35.jpg;4;14;13;forb_speed_over_70;0;0;14;13
182c2242afdf41b185a006150697fb38.jpg;4;14;15;forb_left;0;0;14;15
f6d9d622d6054cd2ac3bc9833832a066.jpg;4;59;112;prio_stop;0;0;59;112
a435723a43874ff499064eb496f0ae1c.jpg;4;82;109;mand_right;0;0;82;109
10ebf1797ecd4d4a8c57815d20cceeaa.jpg;4;144;165;forb_ahead;0;0;144;165
3504c3ca5f894f0d88b86aa5ffbba51d.jpg;4;113;37;forb_speed_over_50;0;0;113;37
ecfdc14af0634291b38b76850446bb52.jpg;4;114;57;forb_speed_over_50;0;0;114;57
d758410c55b14b2b9f74ce742ea444c1.jpg;4;97;96;forb_left;0;0;97;96
83838f5983d2497cbe20f554b2720d15.jpg;4;125;131;prio_stop;0;0;125;131
3de872723c5240a3b623e97b1fac0417.jpg;4;26;24;forb_speed_over_5;0;0;26;24
42d319f6276a4d4194c5161e5e5fd380.jpg;4;30;32;forb_u_turn;0;0;30;32
de49bf02d80d42d7a28293d64df3b584.jpg;4;60;73;forb_speed_over_90;0;0;60;73
dd9922d59e5244358b40afefd9ccc6ec.jpg;4;35;36;mand_pass_right;0;0;35;36
45e5ea39b00545b39aa15d84bdcb86ba.jpg;4;94;98;forb_speed_over_70;0;0;94;98
0c8eecdfa7874447b6cdd6aee8723766.jpg;4;58;63;forb_right;0;0;58;63
3d8736ae6fab45e0813dbb04c5ddc486.jpg;4;65;75;info_crosswalk;0;0;65;75
9756192c7f3142f08602c21f9c8a9a72.jpg;4;82;112;info_crosswalk;0;0;82;112
a7c01fb8988d4673bf5d38d10977c5da.jpg;4;25;41;forb_stopping;0;0;25;41
6d4be0588eef467e994fe042ec6582c6.jpg;4;26;41;forb_trucks;0;0;26;41
0c24b9a243754ab694fcb5884ea0be4b.jpg;4;33;28;warn_crosswalk;0;0;33;28
71c7b432dc994987817735a2b2429b94.jpg;4;31;30;forb_speed_over_70;0;0;31;30
e9b65fa684d54705aa15ff09b5094b77.jpg;4;83;83;mand_left;0;0;83;83
9b5b5fab6a69459ab5608ec825d4897d.jpg;4;82;83;prio_stop;0;0;82;83
329bac589e6c4016b046b0d3e0c4938f.jpg;4;42;77;forb_ahead;0;0;42;77
5da1393292be47548ac92c94322efde6.jpg;4;12;13;info_parking;0;0;12;13
f842eecadbe94e1bac828f274a2a684a.jpg;4;57;60;mand_bike_lane;0;0;57;60
4569bc692d7643c1a986dcaa57d0b2f0.jpg;4;37;36;forb_weight_over_3.5t;0;0;37;36
c4ea689ca9634a758cd314e9df8e30b3.jpg;4;67;69;warn_traffic_light;0;0;67;69
2b3f5e7bdd6146da867832d1a670014f.jpg;4;38;66;warn_crosswalk;0;0;38;66
c0c788e885bb4673bb09d570cae3094b.jpg;4;35;40;info_bus_station;0;0;35;40
507b672b0b014676a7621b5d84cc9a71.jpg;4;22;35;info_crosswalk;0;0;22;35
01316015c9654fd59e4c457a2155844b.jpg;4;13;23;forb_right;0;0;13;23
e5ff47f38b2b499c9a96441bb851b6cc.jpg;4;13;23;forb_left;0;0;13;23
66a7ff1a377a407fa5f16a8eccba44bf.jpg;4;35;34;forb_left;0;0;35;34
fb94ffbe5caa4e3c9660d0cefbd4fd5c.jpg;4;32;35;mand_pass_right;0;0;32;35
339fd77d5fa749e28f37db5c84e443f3.jpg;4;248;231;warn_crosswalk;0;0;248;231
5dc0b9cb47c14f8aa1159443c5dc470e.jpg;4;22;20;forb_speed_over_80;0;0;22;20
0160622d278449aea767887b584d8e02.jpg;4;22;21;forb_speed_over_130;0;0;22;21
2d596a3b915b49ad89d8a8fcf89be531.jpg;4;9;9;info_highway;0;0;9;9
73f8d0bf241a4d3f96665e41de48741d.jpg;4;165;117;mand_pass_right;0;0;165;117
4feb6bd0d4cc4cd1b2ce96622d125352.jpg;4;25;26;forb_overtake;0;0;25;26
f6e916c96e2b47088594ebc7ec1f9402.jpg;4;55;56;mand_pass_left;0;0;55;56
42bad44256db407fa07bdbbf0a7ef463.jpg;4;22;23;mand_pass_left;0;0;22;23
596d5649fbd6420db45b05567de1e943.jpg;4;25;27;forb_speed_over_60;0;0;25;27
7390cc1c36fd43b0a1058400162561f8.jpg;4;11;12;mand_pass_left;0;0;11;12
7a1cdba320ab4635b2d22af4e955b947.jpg;4;44;45;forb_speed_over_30;0;0;44;45
33baeefa834f489089e25799ce8a1bfa.jpg;4;41;46;warn_roundabout;0;0;41;46
0b8ba12a5ad041eb8eaa4bd862f488d8.jpg;4;16;16;mand_right;0;0;16;16
f300968b5d494c8d860e0c9fd99f8f44.jpg;4;33;36;forb_ahead;0;0;33;36
45dd72c1e7e44e59bb137acaad3bb303.jpg;4;61;100;mand_straigh_left;0;0;61;100
8eed7dee2a1648438e17c37e9a7dc2cf.jpg;4;43;45;mand_left;0;0;43;45
e401cba6b1dd42c0a7c916ec042d6d6f.jpg;4;45;42;prio_stop;0;0;45;42
9b19a6dabbee43f98d0d1f8bfb94fc11.jpg;4;160;153;warn_two_way_traffic;0;0;160;153
9d4caa7d100c4f9792162986db51f8e5.jpg;4;151;152;forb_stopping;0;0;151;152
e6ddff56434e41a4a4882c2097e11898.jpg;4;32;35;warn_speed_bumper;0;0;32;35
72d3461cb5824101a69a1f7878e0b4fe.jpg;4;40;34;forb_speed_over_30;0;0;40;34
2b0ce82f74d44fdf9ac217a41c91203a.jpg;4;164;162;forb_right;0;0;164;162
87a39afd816a4b2f9dc3fbb631d8b7bb.jpg;4;68;71;info_crosswalk;0;0;68;71
bf825576c34149fc99aa565899199423.jpg;4;122;171;prio_stop;0;0;122;171
bd9d7401cc1547cdbfc80175cd44a293.jpg;4;18;19;prio_stop;0;0;18;19
56e72e4b486642deb151a65f8b6f363d.jpg;4;14;15;info_crosswalk;0;0;14;15
82c3bb8d7cb047078ba8fd41da0feb44.jpg;4;83;76;warn_tram;0;0;83;76
7803b5d48b2246bd902549758e15b991.jpg;4;76;69;forb_stopping;0;0;76;69
c74cfde73ab242bfa8f31b19a7637dd5.jpg;4;79;67;warn_cyclists;0;0;79;67
cc74c2cbda884d2f8872a9c01f58fe01.jpg;4;51;54;forb_speed_over_30;0;0;51;54
7c648d411f924d3c9f1c5ab2b24ca49f.jpg;4;58;104;forb_speed_over_70;0;0;58;104
e109c61ca9484da8871bda251aef5f52.jpg;4;29;29;forb_speed_over_30;0;0;29;29
96daa05345234934972980aa3e27a30d.jpg;4;33;27;warn_speed_bumper;0;0;33;27
feeb9bd8f97e428bb1a78c9fe8fc2e3d.jpg;4;75;77;info_one_way_traffic;0;0;75;77
544dee9c7ddf4f119bdad69624585d9d.jpg;4;69;70;info_crosswalk;0;0;69;70
449e918db63a4654990a2d57899c9652.jpg;4;71;70;forb_overtake;0;0;71;70
d03b34ecfde34ff2901cd69bb31cb4d3.jpg;4;40;32;info_one_way_traffic;0;0;40;32
b127603857b141bb93e5448d0d9493f7.jpg;4;41;34;warn_crosswalk;0;0;41;34
0817dee29d9245f483cf3d32580ba2c5.jpg;4;37;34;forb_stopping;0;0;37;34
7d1d7e87238d4106a00b5791ac35b1bc.jpg;4;47;51;forb_speed_over_50;0;0;47;51
60c2bf649a4b491db92980ec0e87e9b3.jpg;4;46;48;info_crosswalk;0;0;46;48
733e4560dace468e9abfb2da4250cd22.jpg;4;22;24;forb_weight_over_7.5t;0;0;22;24
9255773096a744269fd3ec1ac26f365f.jpg;4;41;37;warn_wild_animals;0;0;41;37
1081fc3cf80b4db8a075bbb72450a02e.jpg;4;94;89;warn_wild_animals;0;0;94;89
390562ec9f234be8a71d5a474427a0be.jpg;4;52;90;forb_speed_over_80;0;0;52;90
3a347667d74e4dc98100e0a9560493ea.jpg;4;52;87;forb_overtake;0;0;52;87
670761af541643eab2bbe0d4a915c846.jpg;4;45;54;forb_overtake;0;0;45;54
0d36c5e7a97843b9b75bd124515a947b.jpg;4;33;56;forb_speed_over_30;0;0;33;56
29cf50e47135428e956fe2fd2433216a.jpg;4;200;83;warn_crosswalk;0;0;200;83
6edf29244453472aa00e869843646bf1.jpg;4;58;50;info_one_way_traffic;0;0;58;50
d4697cbc71b94e4a952f0ff63b2c5a45.jpg;4;61;98;info_crosswalk;0;0;61;98
57979f44b51d452887946fcc227ee161.jpg;4;60;84;warn_tram;0;0;60;84
4c35b12bc7b6409782b9bcbea090e29d.jpg;4;20;20;forb_speed_over_40;0;0;20;20
e059a8d7d1144d438adb80efbe7c6281.jpg;4;55;58;forb_right;0;0;55;58
7049de40a2614e6ba969d554e982422b.jpg;4;56;65;info_crosswalk;0;0;56;65
11318f8cdbfd4b7d9b8b0fb392a12481.jpg;4;54;52;mand_straigh_left;0;0;54;52
c5f37d4c808a4949b316b08a86c5a8cf.jpg;4;27;36;forb_ahead;0;0;27;36
b3e8838064c040a9a3be66518c7765f6.jpg;4;113;112;forb_speed_over_50;0;0;113;112
9ae47dfa62ed4c02aeff12daf0df2a5f.jpg;4;141;53;forb_speed_over_50;0;0;141;53
f4ddcebafaec4fba81658f56748d177b.jpg;4;114;118;forb_left;0;0;114;118
27c4295e00bc4595b1b2933731596cd9.jpg;4;38;68;forb_speed_over_90;0;0;38;68
0256c3cd5acb421080353762084412ca.jpg;4;41;64;forb_speed_over_90;0;0;41;64
4745035402aa40b885111a344b88e5f7.jpg;4;38;33;warn_slippery_road;0;0;38;33
e4b35bcdfd51493a97635e7ff2d387e5.jpg;4;13;12;warn_slippery_road;0;0;13;12
7ee402a1627c4a0286b49610b7729d1e.jpg;4;92;67;warn_traffic_light;0;0;92;67
f657e0f8c3df42e3ab84d23a68ce364d.jpg;4;132;119;warn_roundabout;0;0;132;119
bd34219831f147c9b9c58930357ea02f.jpg;4;124;123;forb_speed_over_30;0;0;124;123
8bfcaa844159425895c41c30570c65ff.jpg;4;36;36;forb_overtake;0;0;36;36
41288784bb2d4776b5024562ba66a421.jpg;4;37;37;forb_speed_over_80;0;0;37;37
978d7efe65534146b88c4d1868f003cf.jpg;4;31;35;info_bus_station;0;0;31;35
6323ac76f17d4d5d9ac7304a86d3d24d.jpg;4;37;34;forb_speed_over_60;0;0;37;34
e7d17520e58743fb80bb70b1e88da273.jpg;4;42;47;forb_speed_over_5;0;0;42;47
4d43d30fd0d54521a1649f11d9b3706a.jpg;4;168;182;mand_pass_left_right;0;0;168;182
855681229a35493682d78493d5e4eec0.jpg;4;24;36;forb_stopping;0;0;24;36
ff28a4fa75094f7387fa4f1468649587.jpg;4;32;55;info_crosswalk;0;0;32;55
626625e51a4442799dfdc88ef237a2bb.jpg;4;20;20;info_crosswalk;0;0;20;20
6507e65f9eef4c8da61b9fe53515478f.jpg;4;61;67;prio_priority_road;0;0;61;67
4705325e71b945ceb3af835c10e2014c.jpg;4;62;86;info_crosswalk;0;0;62;86
9b7ed149a8c448cbb9df5a79259ed745.jpg;4;57;54;warn_poor_road_surface;0;0;57;54
162655b1127b4e9db50b44ee3fa7526d.jpg;4;255;134;forb_speed_over_90;0;0;255;134
3aeb086223a24417bad3f1a6f0f42530.jpg;4;38;66;forb_speed_over_90;0;0;38;66
0ae60d7de1474a5d885893bde7109892.jpg;4;35;62;forb_speed_over_30;0;0;35;62
cdc3d415ed764140a26bd58067664a31.jpg;4;313;111;forb_speed_over_30;0;0;313;111
3b23f27d0a17474f8c9808b9412383f7.jpg;4;39;57;warn_roundabout;0;0;39;57
d327a50f76bf4a0883160e45e6c20af5.jpg;4;31;40;info_bus_station;0;0;31;40
e5f4af0fc03d424e8cf18a3e25496b56.jpg;4;16;23;info_crosswalk;0;0;16;23
6fb6026a1a054240bc68393dcd26e96c.jpg;4;19;22;forb_weight_over_7.5t;0;0;19;22
7e8e26e5912b4088a90f5ac903bd2bbb.jpg;4;76;68;forb_stopping;0;0;76;68
6f070a10991341309ca4271aff05d2f2.jpg;4;33;28;prio_give_way;0;0;33;28
c6b32f1d79ae4c84929e10c6bc8665fd.jpg;4;22;24;forb_speed_over_50;0;0;22;24
c2a1efc85e294781b17342ede6a781ce.jpg;4;64;77;info_taxi_parking;0;0;64;77
b345ad7db49e4101a0c090ccce904377.jpg;4;51;64;mand_straight_right;0;0;51;64
488fd49604354b58a4c481625e3dfe88.jpg;4;43;62;info_bus_station;0;0;43;62
e303970b3c074394aaf417fd65ad2d35.jpg;4;50;45;forb_weight_over_7.5t;0;0;50;45
fa06eecc2f3a4ce8a0d190304f85da46.jpg;4;58;56;forb_left;0;0;58;56
bf1e7c951c6547f99bced5b98743986e.jpg;4;60;57;warn_two_way_traffic;0;0;60;57
d3130f9328d346c18f24c71bb236957b.jpg;4;22;27;info_parking;0;0;22;27
10fc04d0df1d4b9c9875788a32ba4492.jpg;4;10;11;info_parking;0;0;10;11
94fd274f782446f69d8b6a6ecaf2d2c0.jpg;4;26;27;mand_straight;0;0;26;27
313f9426dd1748d0b828d15b0963d64e.jpg;4;41;42;prio_priority_road;0;0;41;42
dbd594c6b05b47aabd60187b4eb35bd4.jpg;4;71;87;forb_overtake;0;0;71;87
d4e774a8b7954181bae49b0b4f996a9e.jpg;4;84;89;forb_left;0;0;84;89
59258fc769344cc7ad2daa44ee785332.jpg;4;88;92;prio_stop;0;0;88;92
87467a8af8ab44f48449dc91507c3e5d.jpg;4;80;90;info_bus_station;0;0;80;90
5780cff3cc714d43bce8e292c91df789.jpg;4;85;81;prio_priority_road;0;0;85;81
2b781210974c474494f2e644ea90b06c.jpg;4;65;61;warn_traffic_light;0;0;65;61
853cde10e6d04edc9cd8ed8170b90df8.jpg;4;37;33;info_crosswalk;0;0;37;33
f430c66a43334af982e5fcb7b5d2cfcb.jpg;4;43;50;info_crosswalk;0;0;43;50
7e391d1020c9476fa01cb44fa77a09e3.jpg;4;26;29;forb_right;0;0;26;29
9c3710b3464b42a699951784c762d9b9.jpg;4;10;16;info_bus_station;0;0;10;16
9d5b9b173a8149ecbf5d34b427cde572.jpg;4;164;176;prio_stop;0;0;164;176
a6b95b7d80e7443eb56e55ff95a4eac6.jpg;4;100;107;forb_overtake;0;0;100;107
d685ee73785b45b7a223878fcafce9f2.jpg;4;103;105;forb_speed_over_90;0;0;103;105
4f22657471e149718c7d4eff4dbc133a.jpg;4;99;168;prio_give_way;0;0;99;168
643acc2436734256b26a67e531b91474.jpg;4;42;43;forb_overtake;0;0;42;43
aa14599ac4ec45cd85301a627bb4c7ea.jpg;4;119;110;forb_speed_over_80;0;0;119;110
310091e9d6b14664afdb00ff0e9c9d45.jpg;4;37;44;warn_two_way_traffic;0;0;37;44
4b7124c0db8748f49d643a4f04d5f32d.jpg;4;45;47;forb_overtake;0;0;45;47
247786c86e8d428282ffb0a2e59f58ec.jpg;4;13;18;info_highway;0;0;13;18
8390db0f7b3a44d6ba77bf47149cb817.jpg;4;105;96;warn_poor_road_surface;0;0;105;96
ad14c906535f4077bfe92cff64f0b522.jpg;4;46;71;prio_stop;0;0;46;71
034c0ee5f7574f5fb63f338e95ee473e.jpg;4;47;70;mand_right;0;0;47;70
d6cee63400d44abb8199ea49d948329e.jpg;4;57;73;warn_cyclists;0;0;57;73
8a808e28e67f4343ab7e39bb3caadbb3.jpg;4;50;53;info_crosswalk;0;0;50;53
a100c13a4f6d426aa8951ad652148cf5.jpg;4;53;41;warn_slippery_road;0;0;53;41
55d293a2bc6b4ee288ab658557238819.jpg;4;92;128;mand_right;0;0;92;128
8dc7be871aca4fc8845ca2ab590f8025.jpg;4;98;152;prio_stop;0;0;98;152
4bad705b96b54e1bae179071ead52820.jpg;4;68;72;warn_roundabout;0;0;68;72
5e64aac6226143c3a3e33f224feec247.jpg;4;41;72;forb_speed_over_30;0;0;41;72
66016560c4d2402fb3a61be6d71933db.jpg;4;45;45;mand_bike_lane;0;0;45;45
521521d92a574c2aaaf12edcd248ee8f.jpg;4;19;33;forb_speed_over_5;0;0;19;33
1f3efb31a54c4f469f1f8d0b6f4019e1.jpg;4;21;36;info_crosswalk;0;0;21;36
1d3c3969715947b8bcf62f02545b1a86.jpg;4;24;32;info_bus_station;0;0;24;32
b783ef72491f4d60bebfab8c47b65b88.jpg;4;29;30;forb_overtake;0;0;29;30
06f9a2e56f824cd299535c6f2e381f58.jpg;4;29;27;warn_roundabout;0;0;29;27
0f8243b11bdd4c068bed9a77cef727e6.jpg;4;49;73;forb_speed_over_100;0;0;49;73
25325f37929a42e9a61b58e63aacc94d.jpg;4;135;265;info_bus_station;0;0;135;265
9fbd848721ca417791e8cd5c9886b565.jpg;4;74;168;mand_right;0;0;74;168
f0f017be9721451bb6b38410240095d0.jpg;4;116;121;forb_speed_over_50;0;0;116;121
263a349c48744735b9bf5e1a164ffa25.jpg;4;119;114;warn_roundabout;0;0;119;114
b0dd831716dd4e9eb0d316d62ed00dfc.jpg;4;20;19;warn_wild_animals;0;0;20;19
f713e380a3854d35ac5d65b141b372c4.jpg;4;63;69;forb_speed_over_50;0;0;63;69
0ee99a4a4f204cc1b56ba0c80618a759.jpg;4;80;93;forb_overtake;0;0;80;93
1a84118a136347c89ac6e71892ec8ba2.jpg;4;72;63;mand_right;0;0;72;63
c11a7d6b71b54fb9bafe8c0b21690aec.jpg;4;31;36;prio_give_way;0;0;31;36
c72ccb3274d54062a25f5276dd2e7fc4.jpg;4;19;18;forb_ahead;0;0;19;18
a36b42b99b494e488b7577762d934e1c.jpg;4;60;93;mand_bike_lane;0;0;60;93
b6273f79c3bb4187b64b463419cd2a50.jpg;4;14;30;info_parking;0;0;14;30
fa2f90d1858d49d1b47abef44036f9b3.jpg;4;67;70;forb_overtake;0;0;67;70
65f2c1ddbf724622b2ab6cb2618d2d77.jpg;4;67;66;forb_speed_over_50;0;0;67;66
673132e6a926422da37054f880557d12.jpg;4;174;186;mand_pass_left_right;0;0;174;186
e71f89212e3e40dab16e6c822ee49c77.jpg;4;32;34;forb_weight_over_3.5t;0;0;32;34
6912f053603b474597cf634b7a4c0467.jpg;4;33;33;warn_slippery_road;0;0;33;33
f9cad041151947338afb7234dbbc6294.jpg;4;81;91;warn_cyclists;0;0;81;91
8dddcbff4a7a44498d7fc0a21fec3bbc.jpg;4;87;101;info_crosswalk;0;0;87;101
3b0c56a4242146cabfa6921a32d362af.jpg;4;28;72;warn_wild_animals;0;0;28;72
2d9c789dce2d4f16a56035b01b513213.jpg;4;30;58;mand_pass_right;0;0;30;58
0f8ef83135084092a8b5d06b4734ebd6.jpg;4;44;55;forb_speed_over_10;0;0;44;55
81884a55fc9b4bd2bb65ead1db3337d6.jpg;4;83;65;warn_construction;0;0;83;65
9b269d8669b14e9da0735af23d386bbb.jpg;4;62;108;prio_priority_road;0;0;62;108
08265d1ad9d24c1596c4a56ae5a2f978.jpg;4;48;74;mand_straight_right;0;0;48;74
c5bc06e65c734b0b9b48ad7b86bc1b2c.jpg;4;53;115;forb_weight_over_3.5t;0;0;53;115
ba4f9a98d52b44c884c21c4035fcd251.jpg;4;58;129;info_one_way_traffic;0;0;58;129
5f966aa3fc664de2986b61721f7b346a.jpg;4;37;36;warn_slippery_road;0;0;37;36
4d4dd438a9a144128e787aa0959a2343.jpg;4;83;83;prio_give_way;0;0;83;83
07ee9446282c479bade2e91c92993fbe.jpg;4;40;60;forb_speed_over_30;0;0;40;60
5dd51e527e0f4d0994df544ca3381a5a.jpg;4;92;94;info_crosswalk;0;0;92;94
c5b1ec74968b461fbeb99089773e935c.jpg;4;83;83;mand_right;0;0;83;83
c6b64621210a433d9b081c4197b30ee5.jpg;4;31;35;info_crosswalk;0;0;31;35
dfe696d87dd24f13b85650c97e1fa663.jpg;4;23;54;prio_give_way;0;0;23;54
80c6ff1ab1a54123b8cf2f59caa72be6.jpg;4;25;44;mand_straigh_left;0;0;25;44
633501a48fda4af7a724937591b838b3.jpg;4;29;30;forb_speed_over_5;0;0;29;30
b1c7c7587a5d4b368966f0c5fd0271e7.jpg;4;79;80;forb_speed_over_30;0;0;79;80
6cfc750e1a1c4481a6540d8a4ff986d4.jpg;4;87;79;warn_speed_bumper;0;0;87;79
0aefe8dbabc44faab23b3412492497d4.jpg;4;46;101;info_crosswalk;0;0;46;101
3ff52b33d2b14bdf8b803d1e0ae6dd41.jpg;4;80;76;prio_give_way;0;0;80;76
dd8bbdcad3ee460596a77db9f015dc79.jpg;4;84;145;prio_give_way;0;0;84;145
eab1e09e2bde4b8d856144f6b14bb1dc.jpg;4;56;55;mand_roundabout;0;0;56;55
b9d6dd649f3c44ce95e16b9fc8beb354.jpg;4;23;35;forb_speed_over_5;0;0;23;35
53deeae4e11b458aa5ee34f1e2198ad1.jpg;4;24;36;mand_pass_left;0;0;24;36
a61a2df27a9a4ba4ac55cfa76895ed7e.jpg;4;122;121;info_crosswalk;0;0;122;121
256fea447447457985e88f94e291aadf.jpg;4;41;75;info_crosswalk;0;0;41;75
591e9cebebfe4803a069501cdef61732.jpg;4;114;102;mand_straigh_left;0;0;114;102
8a8b1865412e416ea2d93275ee764d20.jpg;4;46;64;forb_speed_over_30;0;0;46;64
61d82efbd8a74ab5aba64a14caa68bd5.jpg;4;46;60;warn_roundabout;0;0;46;60
3c1f633bc61142cda0b2d4b47d5007e8.jpg;4;108;146;info_parking;0;0;108;146
24a3cafad50d44f9974519b459a31ed3.jpg;4;23;25;mand_pass_right;0;0;23;25
020261991b894180897f3d79cbc78d6f.jpg;4;20;23;forb_left;0;0;20;23
4bbbfeb3bc5b4c9eb621f7a85a585fda.jpg;4;41;43;warn_crosswalk;0;0;41;43
d65b49804da54271b0ced18ea1262aff.jpg;4;39;45;mand_straight_right;0;0;39;45
3e6f3fbfdcb24776959ea03b7b255ba8.jpg;4;55;52;forb_speed_over_90;0;0;55;52
9c1c0332af6c4855af1682d081e7f7bf.jpg;4;55;55;forb_overtake;0;0;55;55
8a12f2d2dd90480a9ce5260a85f14b96.jpg;4;20;20;prio_priority_road;0;0;20;20
31b71023afe042c4a42eb01d7dafe0f8.jpg;4;38;35;mand_pass_left_right;0;0;38;35
650a15962c064d91b224ee2420251582.jpg;4;38;39;forb_stopping;0;0;38;39
35696084524440a1a2221f450fe84db2.jpg;4;69;75;forb_overtake;0;0;69;75
476b70dab42e46479a3f05798f26b0b2.jpg;4;49;54;forb_weight_over_3.5t;0;0;49;54
668ddea10f4840568137fc7d4b319a8f.jpg;4;51;64;info_one_way_traffic;0;0;51;64
075596d388c14add9708ef9b6721c99a.jpg;4;60;60;warn_construction;0;0;60;60
8c4fd0e57337481a91bba22c818ae57e.jpg;4;57;63;forb_ahead;0;0;57;63
016a583e88ee4e5a841d207443822d88.jpg;4;63;64;forb_speed_over_30;0;0;63;64
15d7c13c21584d68a26fc6fd229b6290.jpg;4;39;55;info_crosswalk;0;0;39;55
82d83db27d9b4fab90afee81ec35252c.jpg;4;181;113;forb_speed_over_100;0;0;181;113
df10cee2ce794db4b41422262ca7fa63.jpg;4;32;32;mand_pass_right;0;0;32;32
e942219b555a4887b63f5cf214800d5b.jpg;4;42;52;info_crosswalk;0;0;42;52
344137daebc543e49c5f7a1ee73b0ae8.jpg;4;34;36;warn_two_way_traffic;0;0;34;36
0a47f51c19b24ac48d9b052e43051e9b.jpg;4;29;26;warn_tram;0;0;29;26
a0b1958a15ba41c6a779365b71ff515b.jpg;4;37;41;prio_stop;0;0;37;41
b796b942ddc8484290fed9919acd0095.jpg;4;30;29;info_crosswalk;0;0;30;29
4ae2e070f23b4d759321d00d119fe5c8.jpg;4;28;26;prio_stop;0;0;28;26
23573bce49554466a29be65bc02c3b90.jpg;4;40;45;mand_pass_left_right;0;0;40;45
a5fd58e4e6604f559955a979eb741dbb.jpg;4;33;36;info_crosswalk;0;0;33;36
8d3e7e7189064226b879819616703ae4.jpg;4;26;23;warn_tram;0;0;26;23
9a5ba8e6c1964c7d9d8d3c7cf4aa3229.jpg;4;21;20;mand_right;0;0;21;20
27160164469c44c58481c8bece1bb7e5.jpg;4;13;19;mand_bike_lane;0;0;13;19
176a668f07d64f4d869d161587b6c302.jpg;4;53;110;forb_ahead;0;0;53;110
49f89b84f57e40b8968ad7c028603565.jpg;4;21;25;info_parking;0;0;21;25
0a06cf47078044c3821f8216ef7a0dba.jpg;4;125;133;forb_speed_over_100;0;0;125;133
df29fe1eebec41eca928659ee1706b03.jpg;4;66;72;forb_speed_over_50;0;0;66;72
b5621e24bc4c40c195a77082acd51b45.jpg;4;37;117;info_one_way_traffic;0;0;37;117
5fd692341c3f4841b71e04df9891da24.jpg;4;54;78;info_crosswalk;0;0;54;78
4539e1344d6e40a38a994b80b9a9effb.jpg;4;177;189;mand_bike_lane;0;0;177;189
119448ceb6f94925acbb95605db21b53.jpg;4;358;104;warn_other_dangers;0;0;358;104
00c2b5d3c42b40179833f1e13ed3b7df.jpg;4;29;30;forb_ahead;0;0;29;30
80c0a8a201484c27850fd2071eb2c06e.jpg;4;7;9;prio_give_way;0;0;7;9
07034b09ea5c4d13bf25a7f90a5e93d7.jpg;4;28;45;info_bus_station;0;0;28;45
c118984c109c422ba2788d89e67d5ad6.jpg;4;27;34;info_bus_station;0;0;27;34
f9c4e49e0fda4fb9a26556d2cff6a5d6.jpg;4;235;231;prio_stop;0;0;235;231
cd717715167b4fdc8391f5d53a7cfb31.jpg;4;234;223;mand_right;0;0;234;223
b601d3f13ccf475bb9c5fe08b5a983e3.jpg;4;133;159;prio_priority_road;0;0;133;159
d22678c704ad4f9a9df7024a73d683e2.jpg;4;21;43;forb_speed_over_5;0;0;21;43
acefd9c2b52c4a6abfc4c4d41cab4185.jpg;4;110;108;mand_pass_left_right;0;0;110;108
d538da36b92e40c29817c3e376c2ce39.jpg;4;18;16;warn_construction;0;0;18;16
179354d669654dc98fda3d4b888d32ea.jpg;4;17;19;forb_speed_over_60;0;0;17;19
3a0b7785bdcc4c36b020350b79ae903d.jpg;4;115;118;forb_overtake;0;0;115;118
f42accda17a04521950681b7072007a4.jpg;4;116;123;forb_speed_over_70;0;0;116;123
3afdf265d6ac49ada16c28cd95fd27cd.jpg;4;46;43;warn_cyclists;0;0;46;43
1122226ebc9841dcbec58b3f42d20e7f.jpg;4;7;8;forb_ahead;0;0;7;8
cd86786907c84442bb24f8edb2fc206d.jpg;4;9;10;mand_pass_right;0;0;9;10
c110c45da0a440538cc4676c78c6ae99.jpg;4;48;51;info_bus_station;0;0;48;51
a5d549c08ee3418c9669c4f7f4519101.jpg;4;30;43;info_bus_station;0;0;30;43
6b7aac63796c48a9b9a66081346529f9.jpg;4;93;94;mand_straight;0;0;93;94
5eb879283667422ea70234b46e1796f6.jpg;4;109;108;warn_two_way_traffic;0;0;109;108
332697538d7d4425938967bd5e147cd0.jpg;4;122;219;info_one_way_traffic;0;0;122;219
dba3fbabc0a145748b032bce110b62ec.jpg;4;36;35;forb_weight_over_7.5t;0;0;36;35
607f167c9cfe445290debcb4dbe674e1.jpg;4;60;58;prio_stop;0;0;60;58
0a45d2819fae4e79a0d9f7381578c054.jpg;4;46;45;forb_right;0;0;46;45
50b31716e61a410188a91fe79cfa7d18.jpg;4;87;85;prio_give_way;0;0;87;85
4ee91e8041bb4e65997eaf96bfe47c1c.jpg;4;84;95;mand_roundabout;0;0;84;95
51ded4b5a4f44837ab71b1d57f161e29.jpg;4;47;41;warn_wild_animals;0;0;47;41
4f1832c9ef204885bd455a3e084462bd.jpg;4;250;277;forb_ahead;0;0;250;277
31189336b7654f7c9cbf41013746903f.jpg;4;142;231;info_crosswalk;0;0;142;231
ada9e0b3db4a4076b75ea5a5383b7684.jpg;4;119;195;info_bus_station;0;0;119;195
18ae40e1313445a3b5525c27f4e8b4f6.jpg;4;13;25;mand_bike_lane;0;0;13;25
be8da3ed9165426d8eeb9e4d6a564c5a.jpg;4;103;141;mand_pass_right;0;0;103;141
1843200f7d744031bbb61ab5e866ab21.jpg;4;38;45;mand_pass_left;0;0;38;45
a9afa0ba48854a83ad4737a21035dbbf.jpg;4;84;82;warn_two_way_traffic;0;0;84;82
7daef7f06d554608a70400e607bde527.jpg;4;84;89;forb_overtake;0;0;84;89
84849ca2d4404099876a27991c4be7e2.jpg;4;385;102;forb_speed_over_100;0;0;385;102
3c5f464369c3408992f16c8056949b8d.jpg;4;35;41;forb_speed_over_60;0;0;35;41
62a0246b41ac4223b2c689692b31a6eb.jpg;4;41;41;forb_left;0;0;41;41
4ec4643c36254a60bb2e9772735619c8.jpg;4;14;10;prio_give_way;0;0;14;10
a13b520073e74e158a16a689f1d45397.jpg;4;11;13;info_parking;0;0;11;13
cf6ac2894fca4f14a3363d3918869c7a.jpg;4;11;13;info_crosswalk;0;0;11;13
15fb4c20cea5415098b5e0f809168c44.jpg;4;54;82;mand_pass_right;0;0;54;82
8d555207017048ef91c181c815d65331.jpg;4;119;120;prio_stop;0;0;119;120
d275168c7da1426c907e4da859a8e966.jpg;4;89;100;forb_stopping;0;0;89;100
8b1933749ff84340a1b7d0c5859a5346.jpg;4;113;109;warn_crosswalk;0;0;113;109
49702edb133a404284375222ee9a96c9.jpg;4;95;104;forb_left;0;0;95;104
db3091bf00a447c9a32a8305875aa0f2.jpg;4;276;227;forb_speed_over_90;0;0;276;227
44bdef564c3b4a2c83c01f00be043bf2.jpg;4;45;48;warn_children;0;0;45;48
d98d31ac9a48423b86e3ebbae8b9ea9b.jpg;4;29;30;forb_left;0;0;29;30
03b7c05d67074da2b220021dc8f4c94f.jpg;4;28;30;forb_stopping;0;0;28;30
002ec68d6d0f4b3f98ebc41abe9b2e39.jpg;4;14;20;info_highway;0;0;14;20
f2bf95954d5840aaae77ebb80ca20aa6.jpg;4;49;47;mand_pass_right;0;0;49;47
ff8e7cae1c9a40ee9f5b3f28dc252f10.jpg;4;51;49;forb_ahead;0;0;51;49
6a89b40620b245ddb810e6897d8a757d.jpg;4;46;49;forb_speed_over_40;0;0;46;49
afcd447ff12741a0823e147f1cc3fcf8.jpg;4;52;51;forb_speed_over_70;0;0;52;51
681bf19646e04723af6b77d92ca77911.jpg;4;52;53;forb_overtake;0;0;52;53
4e30942e77f64f599af8adbe852f2896.jpg;4;61;59;forb_overtake;0;0;61;59
9027d8d934d949e0add23a53fbcc4705.jpg;4;65;54;warn_two_way_traffic;0;0;65;54
2270dc3e7e744f3995b8619e8cb1ff8b.jpg;4;49;65;info_one_way_traffic;0;0;49;65
f452a1995d74460f925df0e4d4104c9a.jpg;4;40;74;info_parking;0;0;40;74
cf7f410683aa40668ed98f5612608d0d.jpg;4;47;65;forb_weight_over_7.5t;0;0;47;65
96d980cf72b54e51906a89e19e8c9ba6.jpg;4;246;152;forb_speed_over_80;0;0;246;152
831cc8ed1a0e4f68904a8e1f95a7c7c7.jpg;4;234;183;forb_speed_over_80;0;0;234;183
6a5e6b3527f848008eb588b40e6d315a.jpg;4;65;73;mand_pass_right;0;0;65;73
6b313bb5d0e546aca9b14f28090fc7fd.jpg;4;133;148;mand_roundabout;0;0;133;148
58052b0753564d47b15ada0ef5a584ff.jpg;4;183;184;prio_give_way;0;0;183;184
44f27b49433244ef9b293632543c14eb.jpg;4;56;91;forb_speed_over_30;0;0;56;91
9eed0a1dc4434ce1aca87aae7c428443.jpg;4;65;66;forb_right;0;0;65;66
7bad69a761574b61881040f29fb08947.jpg;4;66;76;info_crosswalk;0;0;66;76
eda30bb1eb6e4856b9af7296ae140aec.jpg;4;16;17;info_crosswalk;0;0;16;17
4799f7015cd344d7b6a977b3bb72aade.jpg;4;348;321;prio_give_way;0;0;348;321
04cd8db60269423d803619034f4cd67c.jpg;4;261;232;info_crosswalk;0;0;261;232
92ab57f510474c48ab7ca7469f496732.jpg;4;39;43;forb_overtake;0;0;39;43
21febff6129a4a75bb47609fb9b993b1.jpg;4;28;30;prio_stop;0;0;28;30
597f03c9f54742a69e4bb1a60712c124.jpg;4;11;9;prio_give_way;0;0;11;9
582576a56f494c2f853cb3094929d4bd.jpg;4;45;45;info_crosswalk;0;0;45;45
7f3d20c95dbc4c32ae9f285d844c904d.jpg;4;69;70;mand_pass_left_right;0;0;69;70
dcfbb418f57c44f1aca1427939865f68.jpg;4;59;57;warn_children;0;0;59;57
d57f2a78e0214056872e517a9d9438f0.jpg;4;56;56;warn_crosswalk;0;0;56;56
eef4477303ee406d93ca6fd30444f8a9.jpg;4;37;46;forb_speed_over_30;0;0;37;46
5981033b003f420186b809e6b25bff14.jpg;4;38;49;forb_overtake;0;0;38;49
f2825c5970254fe38aa2a1f6a40e5d17.jpg;4;22;30;info_crosswalk;0;0;22;30
5833d83b0b39435ead9955b3b8342ef2.jpg;4;166;123;warn_roundabout;0;0;166;123
777168fe08574fb7a95e1cbefa0eceef.jpg;4;126;98;forb_speed_over_30;0;0;126;98
953827d91a8d4c90beadc58a016c80a9.jpg;4;147;100;warn_crosswalk;0;0;147;100
c5a532f273dc4b6693b3436002d29b56.jpg;4;107;147;forb_ahead;0;0;107;147
4780ecb7ddf94135968dad9f520038f5.jpg;4;20;20;forb_stopping;0;0;20;20
bffe335a8a2e41f488eac1eeb1f46900.jpg;4;19;20;forb_speed_over_40;0;0;19;20
a099249ec94b4855bb2f34a5c5f4b102.jpg;4;81;79;warn_construction;0;0;81;79
25779541bbfc4766862d5eca91c57ad5.jpg;4;78;88;forb_speed_over_60;0;0;78;88
8f48370640744f41b4709339bceb1eff.jpg;4;143;156;info_crosswalk;0;0;143;156
2bfa3f6e48834c2ea2e4eacf56a3c5fe.jpg;4;125;131;forb_weight_over_3.5t;0;0;125;131
e134ec82560340158f23ec0815ea3aac.jpg;4;44;60;info_parking;0;0;44;60
8679dc31856f4137b3e824c9d6d3ba8c.jpg;4;114;151;info_parking;0;0;114;151
621f98263d7343949473043245fa430c.jpg;4;53;69;info_crosswalk;0;0;53;69
53c1572e1946486aa4671d72c6501f3e.jpg;4;47;60;forb_weight_over_3.5t;0;0;47;60
cef82a98b70b426b9b89636b4ea04215.jpg;4;47;59;forb_speed_over_10;0;0;47;59
cc76c1a8b2234a60bd93bc1f98b364f5.jpg;4;17;22;mand_straight;0;0;17;22
581cbdc7b5c945fca290ef07dceef8ab.jpg;4;31;44;info_parking;0;0;31;44
f07212d63cb74536b90266b5e834133e.jpg;4;35;38;forb_speed_over_60;0;0;35;38
788f78b6bca24409b2af427f27267f30.jpg;4;86;94;forb_stopping;0;0;86;94
a250ed2575cb493fbd827a113acdb0b2.jpg;4;84;97;forb_right;0;0;84;97
2e5289346ef04267b5fd593f74b5cc31.jpg;4;35;36;info_parking;0;0;35;36
89a29dd8f83840fb96394ac06fbd4ca1.jpg;4;11;10;forb_stopping;0;0;11;10
9c6e941509ff44f386534e3810123186.jpg;4;124;124;forb_left;0;0;124;124
5a0098f875024703bbb381126b824bba.jpg;4;119;126;mand_straight;0;0;119;126
18286be782bc4d7e9cebe8013a94df5c.jpg;4;29;30;mand_straight;0;0;29;30
7f23cb94014d4f47b66dc26afa6aebb5.jpg;4;29;41;info_parking;0;0;29;41
0b821f31b2664466b8b12913fce1445f.jpg;4;21;29;info_parking;0;0;21;29
7cab89e40a754dbba18e6cadf4fec0a9.jpg;4;30;37;forb_speed_over_5;0;0;30;37
88928be64b5642d39a511d5d34395dab.jpg;4;27;29;mand_pass_right;0;0;27;29
5a9979785b044563bbf353f62dc2724c.jpg;4;44;45;mand_pass_right;0;0;44;45
6751e03bcda947c8b947f17a4315715d.jpg;4;31;28;prio_give_way;0;0;31;28
24f16615afbd493b8357014678656c12.jpg;4;29;29;mand_roundabout;0;0;29;29
2b61e6c945234d178065763c368456bd.jpg;4;14;16;mand_pass_right;0;0;14;16
b7ec5db3f0d642a2aafb516510c112c7.jpg;4;32;10;prio_give_way;0;0;32;10
64027b33112343a8b047085030945440.jpg;4;31;38;prio_priority_road;0;0;31;38
5e9347e23e884fcfa44d101515952ca6.jpg;4;29;37;forb_u_turn;0;0;29;37
d39bcc502ce64a72bd0803a152a83ac7.jpg;4;65;68;mand_pass_left_right;0;0;65;68
da2d9599f718452794b1fde5a1c2b8af.jpg;4;172;226;forb_speed_over_50;0;0;172;226
9ea9f43715cd4fe7ba13fcdb2978e397.jpg;4;23;29;info_bus_station;0;0;23;29
47572414ebd249c88a5868df75f60259.jpg;4;106;107;forb_right;0;0;106;107
452a409d102140c9a8bdbe3eae8c74cd.jpg;4;146;146;prio_stop;0;0;146;146
6bf09e0b2c8d4d608b33044526d4418b.jpg;4;37;49;info_crosswalk;0;0;37;49
ecf74b3139a74ff39d091c4807a17a49.jpg;4;31;43;forb_weight_over_7.5t;0;0;31;43
c27bbd7aae64469b9aaa0b649b84232b.jpg;4;23;25;forb_right;0;0;23;25
c0fd6880e7dd4e98bfa63fab2076125d.jpg;4;32;34;forb_overtake;0;0;32;34
a0bffc7d48fb4c5997e639a30a93635e.jpg;4;29;33;forb_speed_over_50;0;0;29;33
ac02014de8a94f9eacd50287ec431c65.jpg;4;118;48;forb_speed_over_80;0;0;118;48
3ba9808cd5b44c828258111b0f481385.jpg;4;99;38;forb_speed_over_80;0;0;99;38
1001d83a19c74ded945d2e521295ee53.jpg;4;34;42;forb_speed_over_80;0;0;34;42
ebabceb268294f7fbc46fe6e45531647.jpg;4;136;139;info_one_way_traffic;0;0;136;139
9e0c7517cd9e4967aff26a0a446d58b2.jpg;4;66;64;mand_right;0;0;66;64
915427804e82467fa00b3c9117cce46d.jpg;4;70;70;prio_stop;0;0;70;70
77328c2d93d74530a657acb3386b3680.jpg;4;84;93;prio_stop;0;0;84;93
f4fe7dd2ab2e4589a84f39a969a9a570.jpg;4;77;89;mand_straigh_left;0;0;77;89
3d05ed8e2ad24b0bbf69f1253d897932.jpg;4;146;175;prio_priority_road;0;0;146;175
d066b49e91f5422ebe5badddf9e71b3a.jpg;4;152;261;info_parking;0;0;152;261
936c2cc61db44dee8c766786a33ddc25.jpg;4;140;149;prio_priority_road;0;0;140;149
9b1f31e1161b461695cbe896ab92b1e2.jpg;4;133;132;warn_crosswalk;0;0;133;132
efa4a66e39b347f7942624932ea29fa1.jpg;4;42;37;warn_children;0;0;42;37
8dfa4d5b8aa048c19338e3de1c1c3e3f.jpg;4;36;34;warn_children;0;0;36;34
5129547f8fc5485bb009654d870f0a89.jpg;4;31;30;warn_children;0;0;31;30
2bd413ef3eec415dbfbd58c0f1af82f5.jpg;4;29;34;forb_speed_over_40;0;0;29;34
ac7ce2362c52493187e4ebc2af457db3.jpg;4;78;75;forb_stopping;0;0;78;75
ceb79c03221b4b47854096f2cbe6e5c4.jpg;4;79;79;warn_speed_bumper;0;0;79;79
7cf1269731c74e1482121298e604324e.jpg;4;52;47;warn_construction;0;0;52;47
117d4e0cfa0d4eb3ae519ea777cd3823.jpg;4;17;19;forb_speed_over_10;0;0;17;19
d32ea19bffff4ccba5a55e536cbfd3cd.jpg;4;30;26;warn_construction;0;0;30;26
abf1c0cf87d444e39ce5d94c91f5ebc7.jpg;4;82;78;forb_stopping;0;0;82;78
80ea92752acd488a8a539c0f34d46e02.jpg;4;85;83;forb_speed_over_40;0;0;85;83
998970346eb94d1d832dd6f226c2c354.jpg;4;114;96;warn_cyclists;0;0;114;96
00a7e41d5e1a4613b0c94a192f736afb.jpg;4;25;25;info_crosswalk;0;0;25;25
56091fd35ebc4b6c81eaa8f323032237.jpg;4;22;22;mand_right;0;0;22;22
23cea2cf5b23441db613ebf4b9500e7b.jpg;4;32;31;prio_priority_road;0;0;32;31
10680344364f4609b8f0e274d7789e1e.jpg;4;117;138;forb_speed_over_30;0;0;117;138
2eb65793d05946889ac694bb72bf6829.jpg;4;135;142;forb_overtake;0;0;135;142
4c32af63542f41e5a046f5bbeb324b37.jpg;4;24;21;warn_construction;0;0;24;21
00e5538a670f4e6ba583f4791ef2e0b8.jpg;4;18;31;mand_left;0;0;18;31
3dacfc317bbf4e0d86ba3feef44f4c4a.jpg;4;25;40;prio_give_way;0;0;25;40
0584b4fe020748a39118f2fa721847fe.jpg;4;16;21;info_one_way_traffic;0;0;16;21
5fbb6079d7af4b64ad52719175dc6487.jpg;4;237;239;forb_ahead;0;0;237;239
4d9bb66e64454db3ba8a4b25dd4c2ba0.jpg;4;36;57;forb_speed_over_5;0;0;36;57
b23273130ba54e13806541c003b7a5bb.jpg;4;35;62;info_crosswalk;0;0;35;62
2ee1c33397c2440c819f4c86aee75046.jpg;4;34;62;info_parking;0;0;34;62
1a896538fd1a4096a7adc52f4698367c.jpg;4;31;28;prio_give_way;0;0;31;28
f89793d2dfee42e09531fe524f7e6943.jpg;4;29;28;mand_left_right;0;0;29;28
f50b5df11336484e9f111e782cfae722.jpg;4;117;92;warn_children;0;0;117;92
4856c81581524df88f1b83bf220bae19.jpg;4;117;95;warn_crosswalk;0;0;117;95
ed23bcaec05d427aaf6c4c20388f8e26.jpg;4;196;87;forb_speed_over_30;0;0;196;87
40afe7d74b5540b5846951df8132a93a.jpg;4;70;81;forb_weight_over_3.5t;0;0;70;81
815f77ebe4414be5b8baede6c198cd76.jpg;4;69;98;info_crosswalk;0;0;69;98
4ae2ddbf9ceb49d884a0387941c3c3c6.jpg;4;68;68;info_crosswalk;0;0;68;68
9787217dd4244cc2927306136c206225.jpg;4;65;61;mand_straigh_left;0;0;65;61
a7575718ce8e4f329c4f021dbc5faade.jpg;4;65;58;prio_stop;0;0;65;58
16ef11cf9cf9482e83fed50ac5f680a7.jpg;4;86;77;warn_slippery_road;0;0;86;77
dca42db1391644a78af82ed57d757ba3.jpg;4;30;28;warn_poor_road_surface;0;0;30;28
417270ce5f594190858d40b40a448278.jpg;4;35;32;forb_speed_over_30;0;0;35;32
06fba3bd27464d499acf4655f9d79e32.jpg;4;69;74;mand_pass_left_right;0;0;69;74
eb6450bc1c584d7fb2ffb9369881d576.jpg;4;43;45;forb_speed_over_80;0;0;43;45
954bc0ed8e3a4afa809cd9ff1cffc788.jpg;4;111;118;mand_right;0;0;111;118
fdfb561d90404ef49537c6fed799ad57.jpg;4;41;112;prio_give_way;0;0;41;112
95c2f9801fd3491091dd1cd4b1b28ce3.jpg;4;57;144;info_crosswalk;0;0;57;144
8d430a61b84449f7908bb726027b9524.jpg;4;49;52;warn_poor_road_surface;0;0;49;52
4c88bfb2e981467c8a5c39a49b918699.jpg;4;96;107;warn_crosswalk;0;0;96;107
00cd4d48363642fd8906796113b633b5.jpg;4;29;37;info_bus_station;0;0;29;37
5e3946c8c9a9469e834810f175332a7f.jpg;4;38;38;info_crosswalk;0;0;38;38
945d05febcaf41699eaa3ca8f08988b3.jpg;4;48;46;prio_priority_road;0;0;48;46
cd72698b5bd04fedae38ab115375efc4.jpg;4;50;95;forb_speed_over_40;0;0;50;95
e55a28bbef2f4901a11ad0c91df5556a.jpg;4;232;223;mand_pass_left_right;0;0;232;223
93ee758d5395493aa0ee485428d558ee.jpg;4;85;84;prio_stop;0;0;85;84
f6ac75e2a791441b820d65c30049dac0.jpg;4;33;31;warn_crosswalk;0;0;33;31
41f6555e6cfa4e6887a0491afd07c08f.jpg;4;31;33;forb_speed_over_40;0;0;31;33
fa57b77f7daf48dead329e5938dc2c7a.jpg;4;131;37;forb_speed_over_70;0;0;131;37
74e3ae5a821548cebc4dee3ba1c94609.jpg;4;49;58;forb_speed_over_70;0;0;49;58
41d0b29ab7da4e4da8fc55a9cddb57c5.jpg;4;53;57;warn_speed_bumper;0;0;53;57
60b559258b4f4ff7a1e3e24994db217a.jpg;4;17;16;mand_pass_left;0;0;17;16
bb9375c65ef242038a16dc6d56c99515.jpg;4;50;49;forb_right;0;0;50;49
10a9ccc8445f44b88306db363a7374ab.jpg;4;53;52;info_crosswalk;0;0;53;52
c88ccfe737164e1daa81e1157a89050b.jpg;4;18;18;info_crosswalk;0;0;18;18
5650d1735b704d3e8e3079f0cb6a4da5.jpg;4;90;112;prio_stop;0;0;90;112
5491d12c8f7c4b3b9ad16fd3be7c3d35.jpg;4;77;89;info_crosswalk;0;0;77;89
bcdd78ebc7a344e89d6a5ce2951855d8.jpg;4;62;79;mand_left;0;0;62;79
9bb483396f2c40a9a40e1edeb2478fff.jpg;4;25;33;info_bus_station;0;0;25;33
83b1c1b8eb9c4b75a93d26614569c486.jpg;4;30;57;info_parking;0;0;30;57
95c9daf69ebc4a14968f5301af06b9ec.jpg;4;35;34;warn_traffic_light;0;0;35;34
fc3306436e8d44f99de5db17b2b94e71.jpg;4;169;161;info_crosswalk;0;0;169;161
15c72361a01f46b58fe484a0cd38296f.jpg;4;167;164;prio_stop;0;0;167;164
94ad73b8fe6449fdb979b97616c08246.jpg;4;77;119;mand_pass_left_right;0;0;77;119
f1412accca5544b58cdcad35400b4fd5.jpg;4;47;50;prio_stop;0;0;47;50
5c0293b2657b4fe187c92e69663fd5af.jpg;4;36;39;info_crosswalk;0;0;36;39
58f699a80daf4352a380a330995dcb2b.jpg;4;22;41;forb_weight_over_7.5t;0;0;22;41
400726edde644b98984a00e2afd9a5e6.jpg;4;70;80;forb_speed_over_100;0;0;70;80
f3c4a87e0737453d8b2c2c3a1f1852a3.jpg;4;27;43;info_parking;0;0;27;43
22e71e121ae045eba93120e1d1ceefeb.jpg;4;52;57;mand_straight_right;0;0;52;57
b8f1a42106b64edebae30ce4c3495021.jpg;4;33;29;warn_two_way_traffic;0;0;33;29
19d7a958809846b19df2daeea6bb3b1a.jpg;4;22;30;forb_speed_over_70;0;0;22;30
9cec7f869c69429e93990b91db2e2808.jpg;4;22;28;warn_construction;0;0;22;28
086612a822084a9fb040c58250ef47bc.jpg;4;88;100;warn_speed_bumper;0;0;88;100
c9bc22293a5a47199c6b0621e1b30616.jpg;4;88;99;forb_speed_over_70;0;0;88;99
648513a2dc5f44f0bc920e5b23153800.jpg;4;151;181;warn_two_way_traffic;0;0;151;181
1e9f0984284c4812a4bb419e6bb7de57.jpg;4;78;85;forb_stopping;0;0;78;85
41ba0951150240a1844b8d035794c6dd.jpg;4;17;16;mand_bike_lane;0;0;17;16
0a14f80910834d52bfc5319f419460f9.jpg;4;31;33;mand_straight;0;0;31;33
1ca996d32a8a4d368416784f62c669c7.jpg;4;33;33;info_crosswalk;0;0;33;33
61014553da8e4eeaa1dbefb979d6f1e9.jpg;4;45;55;prio_priority_road;0;0;45;55
9f66f8cc460a4dbeb5c89a9d1443b88e.jpg;4;18;27;info_highway;0;0;18;27
313005cd5c914e6780ed31bea48cee54.jpg;4;17;25;info_highway;0;0;17;25
66e4cb4116024666b0ab03937d53272b.jpg;4;27;39;info_bus_station;0;0;27;39
e8a80171a6ab44fe92c9ad8b6c9ed7bb.jpg;4;84;94;forb_stopping;0;0;84;94
35446f8ce6cd4d168e762d3701f836ee.jpg;4;90;101;forb_overtake;0;0;90;101
884f6c150bb94592832db91378428adf.jpg;4;82;96;forb_speed_over_50;0;0;82;96
42a2fca2c2e74089bc937321af433a11.jpg;4;100;131;info_bus_station;0;0;100;131
31da21d0d5d540d6983a04c53a6f2e49.jpg;4;12;11;warn_speed_bumper;0;0;12;11
4a25202fe3f94aaabcadab863f98c629.jpg;4;68;65;forb_weight_over_7.5t;0;0;68;65
5d0e49f96c9f4641b12d0d2ad7007392.jpg;4;45;53;info_one_way_traffic;0;0;45;53
18be3be55cfa47859b9936e1eb896a4c.jpg;4;50;49;info_crosswalk;0;0;50;49
7bd30756ab4a453ba4503f661791a654.jpg;4;47;56;forb_stopping;0;0;47;56
b33e4a214c9e4dc9a3cb3c7534ffac9e.jpg;4;38;42;forb_speed_over_30;0;0;38;42
7c97cc644bdf46d5989c598f40dd1ca1.jpg;4;40;37;warn_roundabout;0;0;40;37
e1249845444149238896b3b4a38833b4.jpg;4;45;42;warn_crosswalk;0;0;45;42
267ef82e89c24a759f378e7189bce66b.jpg;4;13;16;forb_stopping;0;0;13;16
009f3ce40604469ba5723b575ecbaf97.jpg;4;13;13;info_crosswalk;0;0;13;13
a3830debe2ad4f71bb58f7e44ceaf853.jpg;4;114;45;forb_speed_over_70;0;0;114;45
1da7aecc525342229e2f0b2cf17c4f09.jpg;4;113;42;forb_speed_over_70;0;0;113;42
6975af3efed84676b2ee07b5de2fc141.jpg;4;35;41;forb_speed_over_70;0;0;35;41
96996678b70a4a979ebe1b458da35fff.jpg;4;50;86;forb_left;0;0;50;86
cc630baba2f245a38590ff6eb913ab13.jpg;4;69;101;info_crosswalk;0;0;69;101
22583b02bab24c5db206b931e2c93e6c.jpg;4;27;57;info_crosswalk;0;0;27;57
a9b89fd6641c4fd896761307fe62fd80.jpg;4;37;38;info_crosswalk;0;0;37;38
8ff264ec04844da8b37491411f236ec6.jpg;4;34;46;info_bus_station;0;0;34;46
313c27108652470a99aa18e19b607af3.jpg;4;76;79;forb_speed_over_50;0;0;76;79
9cc11cc0d9a346279feac91c2869e71b.jpg;4;12;10;prio_give_way;0;0;12;10
70f265128dab43d5b2fc3591e9e0fbde.jpg;4;101;98;info_crosswalk;0;0;101;98
e75b65e822004f7185e1f01ec269955d.jpg;4;42;57;forb_speed_over_50;0;0;42;57
e67a76e6414547a99e9670aaa8c2bc9c.jpg;4;121;60;forb_speed_over_50;0;0;121;60
7a55342ea9db446f99caf19b9ae6143a.jpg;4;78;78;mand_pass_right;0;0;78;78
d5497ee2fab948c5a3a658cf633aa4f1.jpg;4;63;86;info_crosswalk;0;0;63;86
bbdfded47eea4650ac1ba5707c698555.jpg;4;11;12;mand_roundabout;0;0;11;12
5aca23d8970242ada38d423111cf2ce7.jpg;4;67;91;info_parking;0;0;67;91
cd321e4b43cb48089aead26ae21b5fea.jpg;4;138;138;info_one_way_traffic;0;0;138;138
e48822d8199b43698749152c7ea882ff.jpg;4;130;119;warn_crosswalk;0;0;130;119
a980d1754fba4673b7ed8fea636943ef.jpg;4;43;44;prio_stop;0;0;43;44
def4570d99754aa9acadc7e2ff506f57.jpg;4;39;43;mand_right;0;0;39;43
cd2118c6bb9c4fbf9aa12236f938216f.jpg;4;52;41;warn_roundabout;0;0;52;41
45b3211dd7c749f1b29db81e647d1939.jpg;4;55;36;warn_crosswalk;0;0;55;36
a5a6af2d370d4e0d87849c7a50e156e0.jpg;4;175;158;prio_give_way;0;0;175;158
df5eac830cff4d1b9e9048c5d982cd82.jpg;4;167;164;mand_roundabout;0;0;167;164
177ff19e181c4632a94d43f8be3c5472.jpg;4;49;44;forb_stopping;0;0;49;44
0b828ee265a4487183ac4e80bf623989.jpg;4;38;42;forb_weight_over_3.5t;0;0;38;42
5bc7ecea904b42bab357ab7d274d1c7f.jpg;4;59;75;prio_priority_road;0;0;59;75
0670ae8e93b64467a3629339fd1bc0c0.jpg;4;43;40;warn_poor_road_surface;0;0;43;40
c48a8e43e68b4162bcfe5a7662faa769.jpg;4;119;113;prio_stop;0;0;119;113
146f3b7fe17d437a81e66c3b7958929d.jpg;4;120;122;mand_left;0;0;120;122
83d763afa8f1486abb3dfbcd38b4de73.jpg;4;130;133;info_crosswalk;0;0;130;133
b1d8385a77354b93a51e7943802aa638.jpg;4;62;65;forb_weight_over_3.5t;0;0;62;65
8715f882e3c04336af4623ead520bb7a.jpg;4;45;127;info_bus_station;0;0;45;127
00a1a675ee744555bbf704534d286be7.jpg;4;43;146;info_bus_station;0;0;43;146
0d67a79f95734facb1c65b42429714c7.jpg;4;106;111;forb_speed_over_50;0;0;106;111
98b2daea7e694b0cb2e847279a229e4a.jpg;4;108;110;forb_overtake;0;0;108;110
9db64224a7174d4aa1f94ccba940e581.jpg;4;72;80;info_crosswalk;0;0;72;80
2de8bc6002b74299adddd20d76f278a6.jpg;4;42;84;info_bus_station;0;0;42;84
1006a13e6a4c4d66ab32bde044d74271.jpg;4;54;62;forb_ahead;0;0;54;62
6440163552734377830f8a7b8d3cfad5.jpg;4;110;125;prio_stop;0;0;110;125
a8de9a77b8564555a10567cc537a527b.jpg;4;89;105;info_crosswalk;0;0;89;105
3dcecd3016dd44caa228d7fa094f2abf.jpg;4;68;93;forb_right;0;0;68;93
e2196a301121454898e4133f8179a7bb.jpg;4;49;63;warn_speed_bumper;0;0;49;63
ba9c2ea3522644018a26b4ddd3cd06c7.jpg;4;32;33;info_crosswalk;0;0;32;33
f0c18f5db14b4285b54a58d2be5f654f.jpg;4;58;64;warn_other_dangers;0;0;58;64
43fc9d1b66a84ff7a2782e091ed4fe9a.jpg;4;55;63;warn_children;0;0;55;63
ded91d28cd92499f8a421994bd54084c.jpg;4;31;46;info_parking;0;0;31;46
b0ad49c6a52d4322a0d52b933a9905ed.jpg;4;22;25;mand_pass_right;0;0;22;25
5284edd9534642b49bc2b8461c84351a.jpg;4;18;22;forb_speed_over_30;0;0;18;22
cd24ac901edf48d3aa59ad52eb9f71c4.jpg;4;24;25;warn_construction;0;0;24;25
32463722296347fab34a2818d1655782.jpg;4;189;186;prio_give_way;0;0;189;186
ae0658b3aa0e4824837ca14288755b95.jpg;4;136;121;warn_crosswalk;0;0;136;121
4bbd5264eff84b1494e7b05472e4c3f1.jpg;4;114;118;forb_left;0;0;114;118
699b10e057dc46339472453107a52c24.jpg;4;126;123;forb_ahead;0;0;126;123
de20f39e99764cfdad191c547dd239cf.jpg;4;196;80;warn_other_dangers;0;0;196;80
8a307d63c2894383817a28a3d1afba11.jpg;4;36;71;warn_traffic_light;0;0;36;71
15b9578a322b4dc4a7594abf15eb950b.jpg;4;66;60;warn_wild_animals;0;0;66;60
a7c84e85e3774545a9b049f7d683ed51.jpg;4;208;219;mand_roundabout;0;0;208;219
a5374aa527ba4c22a48acd71bccb12b7.jpg;4;199;181;warn_crosswalk;0;0;199;181
f7af04fdfc5e44ed9debeba550359060.jpg;4;206;193;warn_traffic_light;0;0;206;193
7665d538c74e43caaf46eeb8f801ac27.jpg;4;49;50;forb_speed_over_30;0;0;49;50
21174eabca454b0e9c8f70fbdb2f88c0.jpg;4;52;45;warn_crosswalk;0;0;52;45
6af7be3ddfb0481e81968c9b3ba256cf.jpg;4;21;21;info_crosswalk;0;0;21;21
a591d425a7634316a06c75336924273d.jpg;4;14;14;info_crosswalk;0;0;14;14
3ac5481a0c0f416da2272f17b8e2b8cc.jpg;4;13;24;prio_give_way;0;0;13;24
541f30b9cd6443498dfc2179131942bc.jpg;4;119;109;prio_stop;0;0;119;109
f5694294c900477283836db3a7f23b38.jpg;4;116;107;mand_right;0;0;116;107
c73f666170e84520b67d44a8f782712f.jpg;4;135;116;info_crosswalk;0;0;135;116
e9d16386560c4740aac33205ff7ed224.jpg;4;123;154;info_parking;0;0;123;154
d9e6f512221d451d88a9540217bbbd0b.jpg;4;21;32;forb_right;0;0;21;32
b3840644d7354fe098bbee9dc25a5ca5.jpg;4;107;122;info_crosswalk;0;0;107;122
a17290c9bc854385ac56c1f5ef165193.jpg;4;80;88;mand_straight_right;0;0;80;88
2372cfd7a05d464fb11fa9e31668a442.jpg;4;42;39;mand_pass_left_right;0;0;42;39
272bec010b534687b7f033fcdc4bfcf8.jpg;4;53;40;info_crosswalk;0;0;53;40
d7ea558278e74978a488992d15866de6.jpg;4;91;90;forb_speed_over_90;0;0;91;90
784e3811255a4e03be8da0ba434fe499.jpg;4;91;83;forb_overtake;0;0;91;83
5abce540a7a644b0b648e1b545a55097.jpg;4;56;56;prio_priority_road;0;0;56;56
b00844e1c4f34c5e82d22879c233dff2.jpg;4;63;64;info_one_way_traffic;0;0;63;64
5a54f3f95031456b816c0d7e7978ec8d.jpg;4;59;59;forb_weight_over_3.5t;0;0;59;59
6438caf18ce24241a4f1916307a60021.jpg;4;23;24;info_crosswalk;0;0;23;24
d45e0f6a7a514d919ee30d1335695ed1.jpg;4;20;20;forb_weight_over_7.5t;0;0;20;20
1610536fb6c84bd1856548895c5cbc11.jpg;4;20;22;forb_speed_over_10;0;0;20;22
504b747ade33427abf9557e8ee4b9444.jpg;4;13;21;info_parking;0;0;13;21
0da175c77e2344ed8e95d1f7944922b2.jpg;4;28;35;info_highway;0;0;28;35
033b823d903c49e1ad10d7fd868a64ab.jpg;4;9;8;prio_give_way;0;0;9;8
ea0e2c4c2b544f2f9be465fde85cbef5.jpg;4;7;10;mand_right;0;0;7;10
34339ceea8864b7d83c21a4490cfa2a5.jpg;4;70;72;mand_right;0;0;70;72
5d0771f96b184dc081c43ccf4b814089.jpg;4;63;59;forb_left;0;0;63;59
fd461e6995374e7a987c1d79cd56f384.jpg;4;80;67;warn_crosswalk;0;0;80;67
c530feeedf7c43bda6e2adee3a55f770.jpg;4;62;59;forb_stopping;0;0;62;59
bc0c089eb6aa4796b14b9419260aa13a.jpg;4;30;28;forb_speed_over_60;0;0;30;28
44a7b51a4299452b893b43e11a15b70c.jpg;4;71;79;forb_u_turn;0;0;71;79
adeaaf65d84d4d2b994c8aeb33bbd85f.jpg;4;26;22;forb_u_turn;0;0;26;22
6d9c9d51d2f44f59b65f3a961c5da362.jpg;4;45;48;forb_speed_over_100;0;0;45;48
d00b289b8fab4723b0840dbe7711bbeb.jpg;4;30;38;info_parking;0;0;30;38
bb72594103c646d38e37a28ac2dda3e5.jpg;4;14;22;info_parking;0;0;14;22
f47259ee03994346abc8f1dc7c8b3b22.jpg;4;26;32;info_parking;0;0;26;32
cfb5ead2077b425faf48c18f80c42e4d.jpg;4;25;27;forb_ahead;0;0;25;27
07a4e35a37584c50b0992473148ae765.jpg;4;40;56;mand_straight;0;0;40;56
a31b73ac965d436fa07e5089a5877efb.jpg;4;45;52;forb_speed_over_50;0;0;45;52
f3337a5116a346abab0957c5bb26cb3e.jpg;4;86;101;prio_give_way;0;0;86;101
6dda283cb2e545d695c00be8671873cc.jpg;4;48;48;warn_construction;0;0;48;48
f501f19ce9ee40adb3317412bba232f4.jpg;4;57;59;mand_straight_right;0;0;57;59
947ec0363f67488987df3ece7ff9e73e.jpg;4;61;61;info_crosswalk;0;0;61;61
03ba031fa3ad42609e5f3601e6ad8c7e.jpg;4;57;56;info_one_way_traffic;0;0;57;56
8701027bab334a778531576519a68ed1.jpg;4;25;34;forb_weight_over_3.5t;0;0;25;34
62fb735d1327471cbb0dc9b89cc93380.jpg;4;13;16;forb_ahead;0;0;13;16
a52dd5e4b1f049948b53999dd578c492.jpg;4;55;61;forb_weight_over_3.5t;0;0;55;61
e6bdc5948dd143909ce4a98eef29c392.jpg;4;102;98;warn_traffic_light;0;0;102;98
544f38e9a8e240e4b73118e8eb4ba5a9.jpg;4;104;99;warn_crosswalk;0;0;104;99
d07a7d59b48e4a2697f9e25f42a998b8.jpg;4;74;72;mand_straight;0;0;74;72
db50b817d59d469980901e70b8d6a721.jpg;4;118;117;info_crosswalk;0;0;118;117
351dcff7655543e2af3f6bd0c51fa0d4.jpg;4;105;105;prio_stop;0;0;105;105
54200d0868d9408bbb8d999fc87f085c.jpg;4;80;73;info_one_way_traffic;0;0;80;73
e5be3a4765f74fb88b2006dee641c250.jpg;4;62;64;info_one_way_traffic;0;0;62;64
22fa165267264496bc6be1a53da5ebe5.jpg;4;62;62;forb_speed_over_10;0;0;62;62
6284df42afad42559805e455e21a195e.jpg;4;23;23;forb_speed_over_50;0;0;23;23
0d6fb6901be247e39272e1572f1a40e5.jpg;4;23;25;forb_speed_over_70;0;0;23;25
46ef639fffdf4b7986f1308c2fd1a4ab.jpg;4;21;23;forb_speed_over_80;0;0;21;23
02cb28a5863a4df9862c64e5f54ca067.jpg;4;20;23;forb_speed_over_90;0;0;20;23
18b066fef3a4462a82fcd43c01d75a25.jpg;4;9;8;prio_give_way;0;0;9;8
a84734a52d5f421da0e149b54a84347d.jpg;4;7;7;mand_left;0;0;7;7
c25aaaf8d2bb448fae93445804911f27.jpg;4;4;7;forb_left;0;0;4;7
887f47cdede34f2c867499ed31816741.jpg;4;36;36;forb_ahead;0;0;36;36
290ec1f63d7f4a14988d24355b3e8ba0.jpg;4;59;59;mand_straigh_left;0;0;59;59
e405404fec864b039151318ce09d0862.jpg;4;143;218;forb_speed_over_20;0;0;143;218
ac9cc0cb53ab4b669b5ee3a47bc7ab0d.jpg;4;206;185;warn_construction;0;0;206;185
0e1aba881a9641a2adfc3b47f74b309b.jpg;4;98;101;mand_pass_left;0;0;98;101
a9f27da748674b7288954d5834e51892.jpg;4;68;65;mand_pass_left;0;0;68;65
5f146fb452f2420cba431c40486ed6bc.jpg;4;34;35;forb_speed_over_50;0;0;34;35
cba514474dcb43f190bd60b029d8c50c.jpg;4;160;154;prio_give_way;0;0;160;154
ff139e4341104df791de0a39cffbc2d7.jpg;4;58;58;warn_poor_road_surface;0;0;58;58
8abed09c872e44f298f57a3e91d8e119.jpg;4;46;53;mand_straight;0;0;46;53
ba7bf99d4cd7462d8a92f6a3b77586de.jpg;4;22;22;info_crosswalk;0;0;22;22
c679ab1367ea4031af52dbb46784052d.jpg;4;50;49;forb_stopping;0;0;50;49
0346e4bd4c2f4928986c2756ef3fb05c.jpg;4;64;74;info_one_way_traffic;0;0;64;74
5bc90a6b3f2d4d29a224e4bf121ddbfd.jpg;4;38;38;forb_weight_over_7.5t;0;0;38;38
74b44e0bdb654668acd4a1eec7d5fda9.jpg;4;33;42;info_highway;0;0;33;42
76a0dd0078aa494d82bb59369acd79c9.jpg;4;28;41;info_highway;0;0;28;41
968005641f7e447b8ed2ca14704bd463.jpg;4;49;53;forb_speed_over_130;0;0;49;53
3dde36c52842451f95e8dadf298a6e59.jpg;4;37;64;info_crosswalk;0;0;37;64
a9ed045d9969473f8ee99abb3b86b817.jpg;4;100;119;warn_other_dangers;0;0;100;119
87bf6e5e8fef4bc5a4b60dad6789be1e.jpg;4;27;46;forb_weight_over_7.5t;0;0;27;46
13b81ec78b1c4e59940cf0af020e222f.jpg;4;18;24;info_parking;0;0;18;24
24a56e3c89e5488798d0f7f70ddf0fee.jpg;4;40;36;warn_poor_road_surface;0;0;40;36
6e21b8d2182d4b2996ba18e05e777961.jpg;4;40;36;warn_slippery_road;0;0;40;36
dc694eeeb51b43169fddf5cdfdfa86ae.jpg;4;95;98;mand_left;0;0;95;98
0ed82d3d2cb5463e80f4403e76fe5b0a.jpg;4;103;96;prio_stop;0;0;103;96
d1409600d3444578ab8b62482a4015cc.jpg;4;83;87;mand_pass_left;0;0;83;87
224234d83edb4cf6b687fdad07ceef15.jpg;4;19;19;mand_pass_left;0;0;19;19
1b485b3c610d427eb151cf4d6e65665a.jpg;4;35;31;mand_pass_left;0;0;35;31
3021f7c352184278b6e5931d4406f767.jpg;4;35;34;mand_straigh_left;0;0;35;34
92ccd1f6758240d28e618709522e3e15.jpg;4;91;89;warn_poor_road_surface;0;0;91;89
1d0062eca6a5401491e54beac87ba08d.jpg;4;61;71;mand_straight;0;0;61;71
2a8c91c397734dcc9df33176cc9edb10.jpg;4;51;47;forb_right;0;0;51;47
2b0a3ab59ace4f8faaefbd560af13008.jpg;4;57;33;prio_give_way;0;0;57;33
3645f63f204d443d9d90d0f76a554182.jpg;4;44;46;mand_straight;0;0;44;46
45fb8cf817b64c5ca34aa39ddc75e454.jpg;4;44;45;forb_speed_over_30;0;0;44;45
133938f34a3f4608b5d5564a0c77a4d0.jpg;4;45;39;warn_speed_bumper;0;0;45;39
5d239d06275b4c07b7dcfad06b65ec6e.jpg;4;111;112;mand_pass_left;0;0;111;112
a3c4938433f549a49bd65ff0e74fd157.jpg;4;18;18;mand_pass_left;0;0;18;18
454961d0e2f24443915ac81e06d23a23.jpg;4;25;26;mand_pass_left;0;0;25;26
a7c2057c1a3c43a78e43b910c1cb8152.jpg;4;101;95;prio_stop;0;0;101;95
7c83e9c8845646afb67339b76df7dd3c.jpg;4;74;74;mand_right;0;0;74;74
9ec0fcca760e4d70893d3615261c8f1d.jpg;4;44;46;forb_overtake;0;0;44;46
2863d2bc69b94ab688e4d46e173f9f59.jpg;4;69;65;warn_traffic_light;0;0;69;65
268e8d4cb0c242198fddcbef1a0c876f.jpg;4;89;118;info_parking;0;0;89;118
22c13eeff9b146d7a50834b70328470e.jpg;4;37;52;info_parking;0;0;37;52
589c3b28191d458f8df2b1238944ce3a.jpg;4;19;22;warn_crosswalk;0;0;19;22
81d97193fc044392bea7d987455ef3c5.jpg;4;128;119;forb_speed_over_30;0;0;128;119
6e40ca597adc45149e4fbc1e2bae5fe1.jpg;4;123;124;warn_speed_bumper;0;0;123;124
1224c033718b4ef38c7fcc43717cf090.jpg;4;80;98;forb_speed_over_30;0;0;80;98
e8396f88037242fea77c210836f53dae.jpg;4;88;98;warn_roundabout;0;0;88;98
08690be6febf464e98fcec86753616e1.jpg;4;24;36;prio_give_way;0;0;24;36
1177d9a5bca444a4a87080c80307de7d.jpg;4;13;9;prio_give_way;0;0;13;9
f7311617cc2f45838a6532dbcadefd8b.jpg;4;11;11;mand_left;0;0;11;11
69c0d12f71d0484390d12adb1ecc263a.jpg;4;18;38;mand_left;0;0;18;38
5831e25d99284f48b469400e59a4cb2b.jpg;4;8;11;info_parking;0;0;8;11
f3b53550540b42eebd6a26d812377a10.jpg;4;27;75;forb_left;0;0;27;75
88a7fbd1da5f4e04af0fc5994057f34c.jpg;4;33;32;forb_speed_over_50;0;0;33;32
950338917450465d8ac8ff7e765bae1e.jpg;4;78;85;info_parking;0;0;78;85
dcf706ce19a24a5cb5eb91e70999346c.jpg;4;21;65;info_parking;0;0;21;65
6b77cd1fed784dadbfdac02e1ba9369a.jpg;4;27;28;forb_weight_over_3.5t;0;0;27;28
b474d5837bc243fc8942d586c7613824.jpg;4;22;31;info_parking;0;0;22;31
6c281345ec074479bb21c02ea8bad663.jpg;4;26;29;forb_overtake;0;0;26;29
ffe7e5768cf74942a6c577f7f9acf01a.jpg;4;81;89;forb_left;0;0;81;89
2c2b5bd0174f4b2cbbd8f2781cb2a440.jpg;4;96;96;info_crosswalk;0;0;96;96
9bf74fb695d34798bfa39bda43621298.jpg;4;28;27;warn_traffic_light;0;0;28;27
768fa47a42d946b889c0cc8ad3807f23.jpg;4;79;125;forb_overtake;0;0;79;125
765a0e53cc2a406d88d593061b8fe77b.jpg;4;105;100;mand_pass_right;0;0;105;100
47e3626ea5e246069c23c16bc90253a7.jpg;4;43;43;mand_pass_right;0;0;43;43
56fc26d3f8c64d70bf9687b3434712df.jpg;4;31;26;warn_construction;0;0;31;26
5b7ff6d81d7b44aaae64b653e3cad70a.jpg;4;56;55;forb_stopping;0;0;56;55
d2fe6d6d97894ad8b0f2ea3249bf2187.jpg;4;56;58;forb_speed_over_40;0;0;56;58
497eb61747744b0f9d2fd6fd9bacd8ea.jpg;4;129;128;info_one_way_traffic;0;0;129;128
1f87f98bb76c4532bef021912b660385.jpg;4;107;91;warn_cyclists;0;0;107;91
1e6b26628a38430fa23d922e7221a4ca.jpg;4;101;96;info_one_way_traffic;0;0;101;96
44a73208632449418df61b40886a23be.jpg;4;107;104;info_crosswalk;0;0;107;104
c8e810a76a594c51b66c378371e22bfb.jpg;4;70;93;forb_ahead;0;0;70;93
f2b66b175ebf442ea56c5214a27fff6e.jpg;4;19;18;mand_straight;0;0;19;18
f75d600c29ff4f22ac1b933a56bcd46c.jpg;4;15;28;info_parking;0;0;15;28
7529e2f806194d018276670da062be35.jpg;4;11;13;info_crosswalk;0;0;11;13
e51b550cf7da4a1d92def3a699d2895f.jpg;4;8;13;info_parking;0;0;8;13
df7468eee59b45bc8e90902cbc9a2916.jpg;4;162;85;forb_speed_over_80;0;0;162;85
e61c8893c820403fb455572d579493fb.jpg;4;156;56;forb_speed_over_80;0;0;156;56
ce9e06379c65426289820dea13849e5e.jpg;4;53;58;warn_wild_animals;0;0;53;58
def9a0737ad94f76965d3d1b78cac81d.jpg;4;37;44;forb_speed_over_50;0;0;37;44
2bdcfa60568e4e1189ea03b2df24c9b5.jpg;4;135;165;forb_stopping;0;0;135;165
5fb4411d45df4cc8ba6de93b820d938d.jpg;4;36;39;mand_pass_right;0;0;36;39
723a9843ae3747ffb4ae1683f30720b0.jpg;4;40;41;forb_ahead;0;0;40;41
92095468c0f349ab98c6e4596669f43d.jpg;4;55;53;forb_weight_over_3.5t;0;0;55;53
cc55a9ca20c34e648fcb2b03e587c1aa.jpg;4;39;40;info_crosswalk;0;0;39;40
ee778787948d4df3973835c85f0394cd.jpg;4;50;164;info_bus_station;0;0;50;164
adca774ff24941abaee7f3ded892c49f.jpg;4;66;69;info_crosswalk;0;0;66;69
d4bbc77c328245249b8585503b80e005.jpg;4;11;24;forb_ahead;0;0;11;24
dc1f982823b345a49848210955b2f7fc.jpg;4;19;26;info_parking;0;0;19;26
0a4a2e5678614f2e808923bd8f80facf.jpg;4;46;44;warn_slippery_road;0;0;46;44
b0e9fe3d3d3b4ceea272cb9231866d64.jpg;4;56;68;forb_speed_over_70;0;0;56;68
35ef4dbdeed549ca846013c46f0a8c09.jpg;4;171;66;forb_speed_over_70;0;0;171;66
6cff2b69b6404b4e91ceb14b6b652bfb.jpg;4;42;53;mand_bike_lane;0;0;42;53
9728bf5b8f184e259392045382be26bc.jpg;4;42;38;warn_poor_road_surface;0;0;42;38
fccc9269990e4efd9c448603c215e20c.jpg;4;45;39;warn_slippery_road;0;0;45;39
972df0ddace94915b71af6c57fcf9bbe.jpg;4;53;63;info_crosswalk;0;0;53;63
1c83fa5411694a87aa4422b81fe7a047.jpg;4;37;41;forb_weight_over_7.5t;0;0;37;41
82cf764999c0441e85bd8c8769f581b5.jpg;4;53;56;forb_speed_over_130;0;0;53;56
e68a1a97d27544dfb60e384a117ce868.jpg;4;26;35;info_highway;0;0;26;35
58098226165b49e18401d3385dab88d9.jpg;4;53;56;forb_speed_over_80;0;0;53;56
e2794a16d1d44392a44d62f3da68da00.jpg;4;79;87;forb_speed_over_50;0;0;79;87
bfe314b2b6e94e318d923036cbdcb893.jpg;4;95;71;info_one_way_traffic;0;0;95;71
7c570d15e4ec4f98822062ca0a25837f.jpg;4;76;79;info_bus_station;0;0;76;79
d867f2169ba84ac59e2af0a2999be159.jpg;4;64;60;forb_speed_over_10;0;0;64;60
49b295eb11a4403b8188408a57c21435.jpg;4;9;11;mand_straight;0;0;9;11
06db8c11af254d1d96f796e3be3ae6b4.jpg;4;63;60;mand_pass_left_right;0;0;63;60
6531f9a540a34f56a7bf45c53dd019ca.jpg;4;124;142;mand_straigh_left;0;0;124;142
6da0b6707d2e463cb3cd900bcb0c9204.jpg;4;55;67;warn_roundabout;0;0;55;67
29e60a7454814e358293f2c299557776.jpg;4;59;72;warn_crosswalk;0;0;59;72
9aed892ee511455bab00302d44bd7b1f.jpg;4;145;165;forb_speed_over_100;0;0;145;165
ca9e23076bc24960876c0851edf4b6a9.jpg;4;96;110;info_crosswalk;0;0;96;110
7ce511c576d449a4b8c7012cca4b3cc7.jpg;4;107;145;info_one_way_traffic;0;0;107;145
c480f23992824d9ab1b6e607921d6a2f.jpg;4;96;94;forb_ahead;0;0;96;94
4c3f1e176cad40bb9f41fb9af75a5d10.jpg;4;72;71;forb_stopping;0;0;72;71
e01a35f6d4ca4f31b246bc30b91d9990.jpg;4;36;33;warn_speed_bumper;0;0;36;33
a411ad9252f74d25aec25c57d35c2d3b.jpg;4;149;134;warn_two_way_traffic;0;0;149;134
c99f6389fe6f4799b94d376d62962983.jpg;4;72;137;info_crosswalk;0;0;72;137
d29ea834e89a45caaf123bae82103ad8.jpg;4;48;55;mand_pass_right;0;0;48;55
277de6a8c09f41198ddbc83c25b3bd30.jpg;4;29;32;mand_pass_right;0;0;29;32
83f3b1629a9549a5aadc103cf94dbe6a.jpg;4;240;247;prio_stop;0;0;240;247
009f34fee9a54d3baa17d24f61f91a34.jpg;4;256;225;info_crosswalk;0;0;256;225
82ebdae19695420eba88727742234c25.jpg;4;111;112;mand_straight_right;0;0;111;112
73a7f2a1feb54e09a630fe6792d64718.jpg;4;123;114;info_crosswalk;0;0;123;114
47e40bb85e7044afaf06117b838867d9.jpg;4;29;25;warn_crosswalk;0;0;29;25
9a0c547232f84665a2ba59b0ef6a7dd7.jpg;4;29;25;warn_other_dangers;0;0;29;25
d9d71c437d9c4f08a690ddbd4abd9dea.jpg;4;19;14;warn_roundabout;0;0;19;14
84aae754285542b0a30f9e74442a46b6.jpg;4;19;14;info_crosswalk;0;0;19;14
b2650687673c456fa9bf6ec7618a2b19.jpg;4;40;43;mand_straight_right;0;0;40;43
d0b049e63bb846bd861e3a85ec0566c9.jpg;4;26;66;warn_wild_animals;0;0;26;66
7fb477260d594e90a3ae1c3918a4eba5.jpg;4;28;73;warn_domestic_animals;0;0;28;73
604b9681e73a411d96a1dbc66b4783ec.jpg;4;75;74;prio_stop;0;0;75;74
8dbcdfd4cbc44bdd876be11fd2c0aa54.jpg;4;55;57;forb_right;0;0;55;57
c8f64c13e4184fdb8f8142c631a8d73f.jpg;4;54;52;prio_stop;0;0;54;52
db80f2fd38ba4452b97be0a7fbbe27ad.jpg;4;53;52;mand_right;0;0;53;52
9dcd6494cc0e4686865500b064a14f89.jpg;4;135;128;warn_traffic_light;0;0;135;128
678ce8ee9809490fa833540b9b1c8848.jpg;4;139;124;warn_crosswalk;0;0;139;124
0239fc2446934f02aa50ca02b70727e9.jpg;4;63;78;forb_weight_over_7.5t;0;0;63;78
964842ebc4014bb0a1bc68e935e0ad7d.jpg;4;22;35;info_parking;0;0;22;35
b61ea339124742548c402eab08339d11.jpg;4;31;40;info_one_way_traffic;0;0;31;40
70dc34808ac34d6792f79610aa919201.jpg;4;122;125;forb_ahead;0;0;122;125
cf6c33f5ecb342fba90c05089d535235.jpg;4;88;70;warn_crosswalk;0;0;88;70
386e9ff30638447a8168425378794a19.jpg;4;91;76;forb_speed_over_30;0;0;91;76
10d48e5634b945f49a116016a0c4fa69.jpg;4;20;29;prio_stop;0;0;20;29
3c326cc03a214fafa2d3e770e61207a7.jpg;4;49;49;prio_stop;0;0;49;49
2477f5fc801d47b5a8d725a88edb4d31.jpg;4;33;35;forb_weight_over_7.5t;0;0;33;35
240ce321199b484682c9e04bf7b23eac.jpg;4;17;21;forb_weight_over_7.5t;0;0;17;21
c36482b162f446b18d9041bf9fcd28fb.jpg;4;85;93;prio_stop;0;0;85;93
e171d8e103ea42bdb4abfb06e2f6e38c.jpg;4;375;132;prio_stop;0;0;375;132
93743292f3ef4627aedba9f0b1b790aa.jpg;4;58;58;forb_left;0;0;58;58
da3cbbff447f440fadda7da08f7e4d36.jpg;4;18;49;info_crosswalk;0;0;18;49
fe042960040f48dfaaeaa8782c4c0a48.jpg;4;80;87;forb_speed_over_30;0;0;80;87
67f1d47788ea45a1b06a2371b318e8dc.jpg;4;42;47;info_parking;0;0;42;47
7bdc3c1b103b4ae1b2961bb90fc7d073.jpg;4;48;51;info_crosswalk;0;0;48;51
2ae578311c444ad4af4269e297ba119f.jpg;4;28;55;info_bus_station;0;0;28;55
561e1b0b86904cc18576b2268d101cd0.jpg;4;61;123;warn_wild_animals;0;0;61;123
8da21c63472d49fb882354fbed735960.jpg;4;65;64;forb_speed_over_30;0;0;65;64
c11cbddf34f642d4a4bbf563055ac553.jpg;4;63;55;prio_give_way;0;0;63;55
1ffbd7b030e446629fa51d9f60d3c514.jpg;4;62;64;info_crosswalk;0;0;62;64
3733c7f7d5eb415c9ec1b74ef19a4452.jpg;4;56;59;forb_left;0;0;56;59
984f82b7f478410994fce5e952ac4111.jpg;4;117;136;forb_ahead;0;0;117;136
e353ab92e4854c6b9fcad69008197f76.jpg;4;34;37;info_one_way_traffic;0;0;34;37
e14c9cd9e99f4a17b31a814f3e15faf5.jpg;4;25;26;forb_u_turn;0;0;25;26
245efa2b2a974a2ca38e8dcc01b85607.jpg;4;40;33;warn_poor_road_surface;0;0;40;33
97b42461879b4c40b1924d2c444f1620.jpg;4;80;122;info_parking;0;0;80;122
609919623a6f4b3c94e3ed7e420dc16f.jpg;4;21;27;info_bus_station;0;0;21;27
f7bc3616cbf4435f9bd1d18cf8f25582.jpg;4;57;61;warn_wild_animals;0;0;57;61
fc0bf3d5e2f54427b4ad118a25b9440e.jpg;4;52;102;warn_crosswalk;0;0;52;102
cc6cba928b4444f38fdf51c4280bfbd2.jpg;4;58;114;forb_overtake;0;0;58;114
cc2417c8fec9494685e6e63b48d9c728.jpg;4;30;25;forb_stopping;0;0;30;25
398b5074511d453b8a31c105d9e502ba.jpg;4;30;28;forb_trucks;0;0;30;28
48dbeb8730c749c68aeb2197bac7f3e9.jpg;4;38;37;warn_children;0;0;38;37
e67fc6fc40b34709aa4588a04cdd61e4.jpg;4;8;12;info_parking;0;0;8;12
4489b3b8edd94f339853a12d2e701211.jpg;4;68;81;forb_ahead;0;0;68;81
3054fb8326a24accb932300083cee680.jpg;4;21;20;info_crosswalk;0;0;21;20
b2a1eb47fe8a41ef9e13ef309878b3aa.jpg;4;21;20;warn_two_way_traffic;0;0;21;20
3a1eed54b62f4c81ab79aed8150ff3ab.jpg;4;437;187;forb_speed_over_90;0;0;437;187
13306f48ac144d6dada27ae62563aa62.jpg;4;54;69;mand_pass_right;0;0;54;69
8dcd5bbbffba42cbb9b028a19918e3b3.jpg;4;16;24;forb_stopping;0;0;16;24
c52e01f2c0a14391b2bc30110d7cc844.jpg;4;118;160;info_one_way_traffic;0;0;118;160
a694c10d6d774566933a9e7df80f565c.jpg;4;19;20;mand_straight;0;0;19;20
66a1ba95296f49abb1a6594c61a1c78c.jpg;4;21;22;forb_stopping;0;0;21;22
8aaca57d8cfe4de887804aaeeae32b6b.jpg;4;24;33;warn_traffic_light;0;0;24;33
c2120139c9fd406299d680007e645d8a.jpg;4;28;26;warn_crosswalk;0;0;28;26
0fb78a239fda44109b07fc1614726b7a.jpg;4;29;39;prio_give_way;0;0;29;39
a492454741544ee0ab0ce261d55f5b90.jpg;4;36;31;warn_traffic_light;0;0;36;31
d1b0ade20cba4d8d8df32ae785d7d352.jpg;4;19;30;mand_right;0;0;19;30
62d2beb907604217b6b3441c8b1d9ab9.jpg;4;28;24;warn_crosswalk;0;0;28;24
e4c9c27eff4842dbae038c66252e2782.jpg;4;180;59;warn_other_dangers;0;0;180;59
92d7f1b957df44ebaa794c7eb905e0e2.jpg;4;20;18;forb_ahead;0;0;20;18
49181a054cb543f7b23bf36dd2d49fb1.jpg;4;14;15;forb_speed_over_30;0;0;14;15
2578e5636f764ee2ac1a036aa95d4279.jpg;4;13;14;forb_speed_over_30;0;0;13;14
dd2acd63d1ea42869c68733fba8b8d54.jpg;4;16;16;mand_pass_left_right;0;0;16;16
29c83465cfc74660ae5402cbd4727792.jpg;4;13;14;mand_pass_left_right;0;0;13;14
9598ac11adb74cea9f2cada48dd329a7.jpg;4;58;50;warn_two_way_traffic;0;0;58;50
daba85ced08d471ba64e2e61a7485124.jpg;4;57;58;warn_crosswalk;0;0;57;58
56ef0d92853b4b39aae150ab61a5f83e.jpg;4;48;72;info_parking;0;0;48;72
0d0e5dd7412a4a3a8c5bc3311b482543.jpg;4;93;94;mand_straight_right;0;0;93;94
39bed9d711664347b8d75963f90ab794.jpg;4;106;104;warn_roundabout;0;0;106;104
8b85d5dd36cc4c15b320a10ebd851600.jpg;4;98;100;forb_speed_over_30;0;0;98;100
9a6d182261ca47ac86d6c0c269c8dc86.jpg;4;36;42;info_parking;0;0;36;42
ce5f36caba124106812988f0ca924a78.jpg;4;51;73;forb_overtake;0;0;51;73
f8fc92c8310e47f28e468ea70e4c9c7c.jpg;4;63;151;mand_pass_left_right;0;0;63;151
7ac3b37bbea6429cac249b5dd8718a84.jpg;4;78;111;forb_weight_over_3.5t;0;0;78;111
c70ffd8a318c49968452465505edb51d.jpg;4;41;39;mand_left;0;0;41;39
33341aec8327483187a1d1c3dbc755d9.jpg;4;48;46;info_crosswalk;0;0;48;46
4aa6a1e1cd16436b846bceb90d1192fb.jpg;4;42;51;warn_slippery_road;0;0;42;51
57ce036201c54ffcb15bf454db0f555c.jpg;4;20;21;info_one_way_traffic;0;0;20;21
e692e094d34c4349a24e50f6d277356d.jpg;4;25;23;info_crosswalk;0;0;25;23
1114c115167f496ab5e331494b87f981.jpg;4;38;62;info_crosswalk;0;0;38;62
d72172ef33094671afa9b5a43548e64b.jpg;4;36;38;prio_stop;0;0;36;38
fffe121a2f03430d86c923ca8fc7c866.jpg;4;87;90;mand_pass_right;0;0;87;90
06027305ebf245dc8fd5612db3628b92.jpg;4;56;107;forb_ahead;0;0;56;107
f4c65bfff6c949af94f7788e2ae2c097.jpg;4;133;132;forb_right;0;0;133;132
c239cbca570746f1b97f37601ac67528.jpg;4;138;147;info_crosswalk;0;0;138;147
a451efbba02147659042b0f36005c82e.jpg;4;135;133;mand_straigh_left;0;0;135;133
c220689c1adb4773aa9b77ba06d3698f.jpg;4;187;245;forb_speed_over_30;0;0;187;245
45000c69d4324f2799f034641a02f48c.jpg;4;60;109;forb_speed_over_5;0;0;60;109
2798e48908a6453189503b323f04a2e2.jpg;4;155;160;forb_speed_over_100;0;0;155;160
4fb50e3ec94a48e4a039c2c8e225987d.jpg;4;73;74;forb_speed_over_80;0;0;73;74
89f667d9a4e24dab8d52b9306515e065.jpg;4;34;42;info_highway;0;0;34;42
9d62d2645398486cb4940bc74f97cb42.jpg;4;134;120;warn_crosswalk;0;0;134;120
37bcd032769a4855a50166ece5682475.jpg;4;49;49;forb_speed_over_50;0;0;49;49
9ca3202542ee458cbcbc578c33dc41f8.jpg;4;59;115;info_crosswalk;0;0;59;115
5f383b851b264fa2879a7121e28425ab.jpg;4;81;107;forb_weight_over_7.5t;0;0;81;107
3614780ddc314ea28b09c2f338d4f6e6.jpg;4;91;121;mand_pass_left_right;0;0;91;121
cbe7e84d11804267b6d755c8de018f58.jpg;4;102;115;forb_speed_over_30;0;0;102;115
6b32bac2449f4734bbcace969f7024bd.jpg;4;67;125;warn_construction;0;0;67;125
881cefd0957146ebb6d10b803acd9204.jpg;4;26;24;prio_stop;0;0;26;24
1104bacd027941e18dbc47932bbcf883.jpg;4;26;25;forb_left;0;0;26;25
9af4389edde54988ae458c55f8963d9b.jpg;4;49;52;forb_overtake;0;0;49;52
c1e5df4e400944f59e77f77c4aeab40c.jpg;4;31;35;mand_bike_lane;0;0;31;35
2cf96ad833df4693a275f91781299e25.jpg;4;32;33;forb_speed_over_30;0;0;32;33
dd09205813a248669b1f11de0871059e.jpg;4;32;35;forb_speed_over_10;0;0;32;35
46e98a7050f048dc8c0c4857f6b2ced5.jpg;4;34;33;forb_trucks;0;0;34;33
ceabf6893ce245c2b47bd30262cc1abf.jpg;4;176;182;forb_speed_over_30;0;0;176;182
33ed3afea1cd45fc96961ebce315d322.jpg;4;174;173;forb_overtake;0;0;174;173
f28b6e5afe6643f2aa99afb1dbe1d685.jpg;4;44;39;warn_cyclists;0;0;44;39
67de1e16c7024967942003989bd1b1e9.jpg;4;49;46;info_crosswalk;0;0;49;46
b8d02c0d98fc45fb9514963154cd344f.jpg;4;14;15;info_crosswalk;0;0;14;15
9480493a5a204af8a35b4a8cdf99ee91.jpg;4;61;73;warn_speed_bumper;0;0;61;73
065f1255196e46e38140e23ed9733ea7.jpg;4;55;75;forb_speed_over_30;0;0;55;75
3cdc15be22f04f58932117a826e7db33.jpg;4;244;244;forb_speed_over_30;0;0;244;244
69c6b08c9d0742e5875aedb534745ddc.jpg;4;261;244;warn_speed_bumper;0;0;261;244
a06cda8181944e0da2c7b8f1b20c7549.jpg;4;80;73;prio_give_way;0;0;80;73
76ec06c3fa344b289fb4a2740bf17fbc.jpg;4;75;73;mand_right;0;0;75;73
ca3d1f82cf8b4a6bac6f50d1b9579f21.jpg;4;84;80;info_crosswalk;0;0;84;80
910cb6dfbce54292be5d169eb970834b.jpg;4;46;99;info_crosswalk;0;0;46;99
36c5798b0d6e466e8f9cb0ea026836d7.jpg;4;41;91;forb_speed_over_30;0;0;41;91
661baa8a8bce4ed3a2e71b2aa3355609.jpg;4;141;71;warn_cyclists;0;0;141;71
93c57487999f4410b577ba9f06ff0562.jpg;4;57;52;forb_weight_over_7.5t;0;0;57;52
3541957de3c64b6c903e6c60ac023917.jpg;4;27;27;forb_speed_over_10;0;0;27;27
ffcc266b9dda4036b5d8bc2bdfcba2cc.jpg;4;27;29;forb_weight_over_3.5t;0;0;27;29
c41e9b9318874a5eb97f8611fbcc6a9e.jpg;4;15;18;forb_ahead;0;0;15;18
4c53bf795b06424aaa66c62613142aa9.jpg;4;12;15;forb_ahead;0;0;12;15
56df0de6c15f4a9ea3bd28fc4bc61904.jpg;4;11;11;forb_stopping;0;0;11;11
c6c3aca637bc4bad80f92691beff6615.jpg;4;11;12;forb_ahead;0;0;11;12
f708645177ee419b99d50f4a90bc1f18.jpg;4;25;21;warn_cyclists;0;0;25;21
cc2ec53c11304b20a46f12a0d7f97b0c.jpg;4;26;24;info_crosswalk;0;0;26;24
3b414ee2c168468f84ad666296b4178f.jpg;4;23;26;mand_pass_right;0;0;23;26
56b29bcc0b294bc9a24346f5173b3ff8.jpg;4;24;26;mand_pass_left;0;0;24;26
15841c30454849b5aecfd30328c71309.jpg;4;28;26;mand_straigh_left;0;0;28;26
9d8b14935481483b8d88f7fc514bc767.jpg;4;72;72;forb_speed_over_30;0;0;72;72
67644d95ae4f4fd3a2418ced0c25d841.jpg;4;77;69;warn_speed_bumper;0;0;77;69
803f96533227496f9b67a33560778bc1.jpg;4;81;104;info_parking;0;0;81;104
5c93683dbe514bea95705a7fed551712.jpg;4;83;84;info_crosswalk;0;0;83;84
e8c318484d594dbc9bdaf61ccec48116.jpg;4;85;87;info_one_way_traffic;0;0;85;87
4171a762eebb42ecbae20da87ac64997.jpg;4;168;153;prio_give_way;0;0;168;153
947f409de82a499fbff911a251b7a378.jpg;4;119;123;mand_left_right;0;0;119;123
6de4079c63424e47b76a5dbd00c11a23.jpg;4;33;62;forb_ahead;0;0;33;62
72c31aa52c1043f8b0294fbf81b01d27.jpg;4;140;140;forb_ahead;0;0;140;140
924af66c1ffc4d0f8a2ccc71fdc405ef.jpg;4;138;141;mand_left;0;0;138;141
523904575bdd4b38826e9d428a9ebfad.jpg;4;41;41;forb_right;0;0;41;41
0e1a0ad6fbdb4a3683a6548c4f28954d.jpg;4;40;47;prio_stop;0;0;40;47
54d9ded862574c3c8aa3cfc1eac4176b.jpg;4;24;42;info_crosswalk;0;0;24;42
8e60261b77774a33aa36a1d870d8472a.jpg;4;37;50;info_crosswalk;0;0;37;50
da565c0c90824725b32f1cf2ff27736b.jpg;4;47;70;mand_straigh_left;0;0;47;70
07cb37fcb8f14ed59f5c35f45a9956c5.jpg;4;65;68;forb_stopping;0;0;65;68
3e0989197d3f438580c6e1a55f4a2191.jpg;4;63;68;forb_right;0;0;63;68
bd06a77870e142d59acac946cc08bc0f.jpg;4;37;43;mand_right;0;0;37;43
a6258b2940ec49cf84685766755524f0.jpg;4;28;28;forb_right;0;0;28;28
a7ab3c305e084fb89a554ff092bd0f67.jpg;4;25;46;forb_weight_over_7.5t;0;0;25;46
7a0a464452544eefbdc4e0fe60cf31da.jpg;4;31;35;info_bus_station;0;0;31;35
7110d6751222448093a53790a9250f2b.jpg;4;65;88;forb_overtake;0;0;65;88
fd6735280f824c2f8ce6d9541fc5e4b4.jpg;4;51;50;forb_ahead;0;0;51;50
11aa073332334cc288c4c100703e9690.jpg;4;45;88;info_one_way_traffic;0;0;45;88
f18903bfb9724da092329e7344b462bb.jpg;4;60;74;prio_priority_road;0;0;60;74
300a123987bf421f96facb1ac4724c1a.jpg;4;83;85;info_crosswalk;0;0;83;85
38faa42dc00f418a80efc68303a61614.jpg;4;71;72;forb_left;0;0;71;72
6932f78b47c84d44bd18293ac6c7a3b4.jpg;4;113;130;info_one_way_traffic;0;0;113;130
1c51826464344e87b55d28e0b7080c0a.jpg;4;76;123;forb_weight_over_7.5t;0;0;76;123
c1e0affc8b564357af350f1870e31175.jpg;4;21;20;forb_speed_over_80;0;0;21;20
3e8bcbb129be449ea2e3cfe8c4acb530.jpg;4;87;97;mand_right;0;0;87;97
df86268fce864f53989bc8af42eea275.jpg;4;44;59;info_bus_station;0;0;44;59
1741898c54d64d1b9f24cd8f73bf4e66.jpg;4;88;84;info_crosswalk;0;0;88;84
5b2f2670e72f48399f515b763609b7a2.jpg;4;29;38;forb_stopping;0;0;29;38
4eed8f40b8aa4b4f89e1243ef79411ba.jpg;4;28;33;forb_speed_over_10;0;0;28;33
a213e4332b0441be9fafbdd5e16ea7e4.jpg;4;185;113;prio_give_way;0;0;185;113
81f1671541ae488599946cae59e2c5af.jpg;4;59;57;forb_right;0;0;59;57
460ac2eac3fd4d078073e56951215db3.jpg;4;64;57;warn_speed_bumper;0;0;64;57
bf8c2817c89b478c80d5fd57c845ddda.jpg;4;30;44;info_crosswalk;0;0;30;44
2ffafbf7f41a4eba89280bbd9c4876df.jpg;4;31;39;prio_stop;0;0;31;39
69adc8c4d236413cbe9926750a4bf8ba.jpg;4;70;68;forb_stopping;0;0;70;68
9f3029eb49a24bb69d12c3aa9b971331.jpg;4;71;64;warn_two_way_traffic;0;0;71;64
2b36f0c9088045b18d2b12b8cec43b3e.jpg;4;26;26;warn_wild_animals;0;0;26;26
c5c93d2123b847e19db1a6a922142b37.jpg;4;46;55;forb_speed_over_50;0;0;46;55
79f0155c69734f88a319616324273698.jpg;4;16;25;info_highway;0;0;16;25
f2a3a89f796745e8bdd682f5ca50aab6.jpg;4;22;31;info_bus_station;0;0;22;31
619db34ea5914d3aa7d25c30f8e2d207.jpg;4;36;49;info_bus_station;0;0;36;49
aedf79014d174b2fafa0d4dd1f283044.jpg;4;195;118;mand_roundabout;0;0;195;118
7e11788387b84ecda396fa1064698270.jpg;4;135;140;prio_stop;0;0;135;140
79598d1ed2524921be789ece1e3abfdc.jpg;4;136;137;mand_right;0;0;136;137
fe7d965b171e4edeaaffc7c8bd924fbb.jpg;4;30;32;info_one_way_traffic;0;0;30;32
beb485f63d214bcc862bf30db8b0074c.jpg;4;31;31;forb_stopping;0;0;31;31
d23b1f4cef664ebcbee37f9a4dc04c3e.jpg;4;26;23;forb_left;0;0;26;23
792a43de2ddc4a3c861b3a34d76946f0.jpg;4;26;24;forb_stopping;0;0;26;24
e7b05736a93e47fda73918549761c6f7.jpg;4;29;26;warn_children;0;0;29;26
8b6bf2ab0ad8462c8bcaaaeed502bc25.jpg;4;44;45;warn_other_dangers;0;0;44;45
be7c02eb17f04f1da4b86b6f59d0341d.jpg;4;22;21;info_crosswalk;0;0;22;21
a51b01c515bf421da9f494319925b3e1.jpg;4;42;45;warn_crosswalk;0;0;42;45
b4321d3ada084c269346eedf130d20e2.jpg;4;20;16;warn_roundabout;0;0;20;16
bad5d4b8ae9d4220a58a62cd6088643a.jpg;4;27;28;forb_overtake;0;0;27;28
fee86a1cd0684a679d62dcae6640249c.jpg;4;11;12;mand_straight;0;0;11;12
d23f58f484344134b71e1264d0cb945c.jpg;4;44;62;prio_priority_road;0;0;44;62
760abab62e294fecb93a9a311d93f606.jpg;4;145;159;forb_stopping;0;0;145;159
f4511d955252431096d12e3afe5e9cb1.jpg;4;61;56;info_crosswalk;0;0;61;56
b70a61619ff54f5ca406700b9d678411.jpg;4;43;45;warn_children;0;0;43;45
e46cb2a2323b4db4a6cf74bb9c310d3b.jpg;4;41;54;forb_weight_over_3.5t;0;0;41;54
1cd95ee82875437e9941c731c4387c60.jpg;4;63;79;info_crosswalk;0;0;63;79
1bb3cfd5c1164f3cac89c12d2e5a2396.jpg;4;148;150;info_one_way_traffic;0;0;148;150
ac2a376de7064b78a24800f495308f8b.jpg;4;148;148;info_crosswalk;0;0;148;148
9975241b7bf544e89ca559d9f7cc844e.jpg;4;82;103;forb_left;0;0;82;103
327b07e14164479fa7463ddba3cb7861.jpg;4;22;43;info_one_way_traffic;0;0;22;43
93b0f6252eee4a8c9f2a4308f8c2153f.jpg;4;24;24;info_crosswalk;0;0;24;24
60a892be564f4a33ba5b6cfac3ce8040.jpg;4;23;21;warn_speed_bumper;0;0;23;21
dea1874e9f49483e913d35be333f3dac.jpg;4;37;38;warn_construction;0;0;37;38
bc5d1bfcecc84cbf92f4cb7ae340798d.jpg;4;35;40;forb_speed_over_30;0;0;35;40
5c465f92fd4e4be4a488f8637656e6df.jpg;4;39;33;warn_crosswalk;0;0;39;33
29f3930db80d402eb5ea6a10b2847722.jpg;4;63;53;warn_poor_road_surface;0;0;63;53
998f8bbfafac42f79b9dfa718e242ed6.jpg;4;42;55;forb_speed_over_10;0;0;42;55
fbb906b128e840c7b802f3962c39a6ec.jpg;4;103;93;warn_speed_bumper;0;0;103;93
baf97ee564254188bc69b98e04a29636.jpg;4;64;58;info_crosswalk;0;0;64;58
da6dd6b06e18446b89238615f4c44611.jpg;4;36;39;forb_weight_over_7.5t;0;0;36;39
b0a7ea72596042e5840d37de8664e2bc.jpg;4;45;42;forb_speed_over_80;0;0;45;42
3b82682364064cd8be4a2c67cd2eb855.jpg;4;40;41;forb_speed_over_80;0;0;40;41
23cca87a22c1465e9f8f909a361adbd3.jpg;4;68;64;forb_stopping;0;0;68;64
e1f550550cdd47758d68072e9fa5cc5f.jpg;4;37;46;forb_overtake;0;0;37;46
c91cdb9aa8444e059aa44310351629e9.jpg;4;67;63;forb_weight_over_7.5t;0;0;67;63
8a72391273774c9f89d9a22346e7a308.jpg;4;62;76;prio_priority_road;0;0;62;76
02cf8e4a92b147438803281175595e8f.jpg;4;36;39;mand_straigh_left;0;0;36;39
1af6032911784edc979ebcac7d633413.jpg;4;90;84;mand_pass_right;0;0;90;84
596b4f91c5ee43fe9f1c689b34b06991.jpg;4;31;26;forb_speed_over_10;0;0;31;26
80b50317cc4c44de8c364b65be6fde20.jpg;4;65;242;forb_weight_over_3.5t;0;0;65;242
f748f628f2ca4c63988eea3b74e4b677.jpg;4;118;118;prio_stop;0;0;118;118
92f58d84f4624f3dbd6643c6f80fa1ba.jpg;4;85;89;mand_right;0;0;85;89
a68df7ca6644483eab4918f7410e10af.jpg;4;43;54;prio_stop;0;0;43;54
2420c392d0e546d6936ea6c47229a0d5.jpg;4;40;59;mand_right;0;0;40;59
d4988a16cecc4351ab852d91a6dca90b.jpg;4;78;84;forb_weight_over_3.5t;0;0;78;84
eac928600db043c49df653b1c10034b0.jpg;4;48;75;info_parking;0;0;48;75
4c050f7a597840999c1bd579272a7dc9.jpg;4;39;66;prio_give_way;0;0;39;66
5130e2925c37453d959467ed42982b24.jpg;4;28;53;mand_straight_right;0;0;28;53
1bca95e9fbef4da5a966591b438706fc.jpg;4;68;72;forb_ahead;0;0;68;72
8ed6b2a983fb4a3e9304330ecb82a4d6.jpg;4;39;46;info_highway;0;0;39;46
e45757263e6d4017b1674a002b0f9946.jpg;4;121;106;mand_pass_right;0;0;121;106
e98b7d670a9f4be2b033481686f1ad13.jpg;4;119;32;forb_speed_over_80;0;0;119;32
4097989f191f4640a990a641d7b190fc.jpg;4;119;31;forb_speed_over_80;0;0;119;31
e7c56a94a2fe4dd9be01bd9e492717d7.jpg;4;23;22;forb_speed_over_5;0;0;23;22
344658ebb180426492b03690d05e4f39.jpg;4;26;25;info_one_way_traffic;0;0;26;25
bedbd7d8ea6446c5aafe8793be0ae050.jpg;4;39;42;mand_straight_right;0;0;39;42
45c31726b050459d842a89b4486968db.jpg;4;59;62;prio_priority_road;0;0;59;62
c72640210fea4e98a3ad5e53ec06ec1a.jpg;4;51;55;prio_priority_road;0;0;51;55
84eba9d015a14adba30a1bf14ba76901.jpg;4;51;51;info_crosswalk;0;0;51;51
4ae2b9a045204c04af34123ae7d00c6d.jpg;4;36;41;info_crosswalk;0;0;36;41
4fab303a1cd34ec1bdb289b9a83b201c.jpg;4;29;34;mand_straigh_left;0;0;29;34
f3f4674359cb45e49f400c68553e64d0.jpg;4;8;9;forb_stopping;0;0;8;9
65c42e0a4111495f8126366a80332582.jpg;4;233;266;forb_ahead;0;0;233;266
5b605003d4d14f8798f33fdcab1ad0b7.jpg;4;110;87;info_crosswalk;0;0;110;87
977d163991ca4c3488adcd56eb54f101.jpg;4;107;78;warn_children;0;0;107;78
4f39f3ee11d34f9fbd85ea7c9ddf930e.jpg;4;93;86;info_crosswalk;0;0;93;86
862af45a8bf447ab875286c08278dff4.jpg;4;88;82;mand_right;0;0;88;82
8c9b6a69ba1e44a3909dd8d8b9bb533c.jpg;4;81;77;prio_stop;0;0;81;77
a9d6067901a8486487af9fd12b9a3b70.jpg;4;14;15;forb_stopping;0;0;14;15
151e79a4267d492bacfe2c76d54f2f59.jpg;4;18;16;warn_crosswalk;0;0;18;16
dd67d4d2de394ff0ac30c1826fdf238b.jpg;4;16;17;forb_left;0;0;16;17
4e1c878a069745609f5a86846356ad06.jpg;4;35;34;forb_speed_over_60;0;0;35;34
83b795cd98644c618028950e8817eae8.jpg;4;52;49;warn_children;0;0;52;49
1ad23d11afa7414e8c7917d478eb665e.jpg;4;57;54;warn_children;0;0;57;54
3473c2b07f5b42d6bcf9927c22d30ce0.jpg;4;10;11;info_crosswalk;0;0;10;11
c3e4cb59e9c1457c80a96cce439870ed.jpg;4;79;97;forb_speed_over_60;0;0;79;97
399f3fc3f66f447698b8b7a1bf7d18b6.jpg;4;68;69;mand_right;0;0;68;69
fe7c7cccb17949c2b604dd86ebcf7a09.jpg;4;68;66;prio_stop;0;0;68;66
1fe6baf7916847b7937cb418e41527db.jpg;4;78;119;mand_pass_right;0;0;78;119
8a2f63b466294543aa1bd81d70785995.jpg;4;64;149;warn_traffic_light;0;0;64;149
44869f0211da450bb1e5e8a0fcbfd7b6.jpg;4;26;27;info_crosswalk;0;0;26;27
e677e365e0354eae9bea04862cc79287.jpg;4;32;44;info_bus_station;0;0;32;44
ea5e74699c004c1594d2ee5e06b3b26e.jpg;4;43;45;info_crosswalk;0;0;43;45
3928a57864fb49bb92a4da3d1a93476a.jpg;4;119;120;mand_pass_right;0;0;119;120
95af596502374994baeabb3978359f23.jpg;4;34;36;forb_stopping;0;0;34;36
bbf38f2cab354cbe89afa9fccf75bb3e.jpg;4;35;39;forb_speed_over_40;0;0;35;39
de4ed37ae966498992282731c821af81.jpg;4;32;45;info_highway;0;0;32;45
fb013c1e608145a59d5d8ce8f5cdd962.jpg;4;52;54;prio_give_way;0;0;52;54
ac6e71ca9b8f4b7e9e2a67a6f0e90143.jpg;4;38;32;warn_wild_animals;0;0;38;32
1c13a488b1eb4e9e822a9c2a7bd190cc.jpg;4;39;32;warn_domestic_animals;0;0;39;32
21acd32c12a34ce4bb9981ffc3826a94.jpg;4;82;93;info_crosswalk;0;0;82;93
fae80ce80c3245c69df319095cf23cc5.jpg;4;70;77;forb_weight_over_7.5t;0;0;70;77
dcbfe8cedf39434dbda21568fdd7b6e4.jpg;4;106;122;mand_roundabout;0;0;106;122
88ccc93464974f9f89e87e862721b01e.jpg;4;113;121;prio_give_way;0;0;113;121
d7e83c4e286a4a6988efa177245ac53f.jpg;4;105;114;mand_bike_lane;0;0;105;114
837795eb6b4544338e3fd86260d0250e.jpg;4;19;40;mand_bike_lane;0;0;19;40
d13b63fede5a4d999d789e43e41f1896.jpg;4;17;43;info_parking;0;0;17;43
a6e96b6f3d754994bd7b0790eacf5519.jpg;4;21;37;info_bus_station;0;0;21;37
e838b369a13c4e6db337a8507261fb6f.jpg;4;26;37;warn_crosswalk;0;0;26;37
c16b4b57dd9c4238b0f41fc6659eaa75.jpg;4;70;48;prio_stop;0;0;70;48
6f55a3533e2446878260b60112dfa71f.jpg;4;73;55;info_crosswalk;0;0;73;55
9a8a0e32ef1d4ce6baf444c9e759ce48.jpg;4;22;29;info_bus_station;0;0;22;29
f1cff87bfe054c22af97f95ab0db6c98.jpg;4;95;134;info_one_way_traffic;0;0;95;134
48e2b26a2f714c589bfbb9bc6c246097.jpg;4;54;53;info_crosswalk;0;0;54;53
4e6a5d09163f4dc18f8cd1e69f38c655.jpg;4;48;58;info_one_way_traffic;0;0;48;58
76e61d4d7ae547bda4e5f346bb5b88bc.jpg;4;61;61;warn_wild_animals;0;0;61;61
30c3bba0d4dc48d6bd9d0583a5a5eebe.jpg;4;73;67;warn_traffic_light;0;0;73;67
c3c3fdc7f037458c8e8d848f174b7887.jpg;4;73;67;warn_crosswalk;0;0;73;67
3725ec1ced954a44b2b76edcbd3078ec.jpg;4;67;68;forb_right;0;0;67;68
85ba674610e94201adec3e6c0371cd9b.jpg;4;18;54;forb_ahead;0;0;18;54
234b4beaa2a24ae695bcb7b4138320ef.jpg;4;45;41;warn_slippery_road;0;0;45;41
df7689afd5ff44b4974562dd80046f85.jpg;4;97;110;warn_children;0;0;97;110
cd3fdff814eb42ca99131cb8e56f555b.jpg;4;57;73;info_one_way_traffic;0;0;57;73
08d78c671ef64ebc9ffa0c0dbf08e651.jpg;4;36;35;mand_roundabout;0;0;36;35
6902e1ea96174df39e89b05d812a9f05.jpg;4;52;45;prio_give_way;0;0;52;45
64a0d745bb8d44878cc1f26c817fdeaa.jpg;4;18;21;mand_pass_right;0;0;18;21
6345dd18d35048de95c029e2c179e199.jpg;4;61;62;forb_speed_over_70;0;0;61;62
d12e3681ac3045bda984eb3355a6f00f.jpg;4;13;18;mand_right;0;0;13;18
c14c6cc156e34c28b3f15a9117f05bcf.jpg;4;44;43;forb_weight_over_7.5t;0;0;44;43
5e1b7f4110d94c8293a7b4a52c0684ae.jpg;4;210;215;prio_stop;0;0;210;215
f06c59cd525048989431984fe548500e.jpg;4;217;183;mand_right;0;0;217;183
e8c7deb638af436598b9c4e2202af562.jpg;4;228;238;info_crosswalk;0;0;228;238
433af23cf8084776839b779cdb45e3c0.jpg;4;52;70;info_bus_station;0;0;52;70
f7d99d4b8b92476faf3577698a65c6e8.jpg;4;47;47;warn_construction;0;0;47;47
26b65cd9d6c2428d9a2dd7df77f5036c.jpg;4;64;66;forb_speed_over_50;0;0;64;66
f4ee9dfd0d3143a5a9028681a6c010e5.jpg;4;58;65;forb_speed_over_50;0;0;58;65
f2dbc75b40b547728259e0d0c98c2033.jpg;4;60;64;prio_stop;0;0;60;64
e1cd4366faf749d4a38af154b9b2fd07.jpg;4;16;23;info_bus_station;0;0;16;23
05002df8173e48cb981fe6577c2dc288.jpg;4;34;50;warn_traffic_light;0;0;34;50
0de5724a2aeb4dbe9fe745881489aa74.jpg;4;96;76;info_crosswalk;0;0;96;76
7b63777530e246b59e2bbc58721785dc.jpg;4;90;71;warn_children;0;0;90;71
055279a9d2434aed8cfb2daee8e05cba.jpg;4;27;24;forb_stopping;0;0;27;24
5806343183b6414e966e938ae3f2cb4d.jpg;4;25;26;forb_speed_over_40;0;0;25;26
1ae2ad9f62444365a814df80aaf37610.jpg;4;26;28;forb_speed_over_70;0;0;26;28
ed81a213069742ad91a62bc2e0aa4723.jpg;4;31;31;warn_wild_animals;0;0;31;31
195218ea375c4faea14346c640e6586b.jpg;4;24;22;forb_speed_over_50;0;0;24;22
a86bb71a4ed840c7a38290d07a30e124.jpg;4;59;57;prio_stop;0;0;59;57
b96779750df04055b4994abd3fdce679.jpg;4;60;62;info_crosswalk;0;0;60;62
e5d89283486048c2a1f9d4f763933403.jpg;4;54;69;warn_speed_bumper;0;0;54;69
fd05486a774b427fadaffb3408e2b2ea.jpg;4;54;66;forb_speed_over_30;0;0;54;66
d8767bf132774583a4e8f1c4a5a19e6a.jpg;4;59;109;forb_speed_over_80;0;0;59;109
adc6ef2a662c46f490eaa95cd6e1d7f8.jpg;4;47;117;forb_speed_over_80;0;0;47;117
e96f3d92a6b34731a14e6715e1e02247.jpg;4;141;168;info_bus_station;0;0;141;168
3f4e681e536940b58955c8cb09a74872.jpg;4;75;72;warn_tram;0;0;75;72
51ebd6d365ee45dbb9b2ea5cdb8cc3d7.jpg;4;35;29;warn_cyclists;0;0;35;29
c8fb6ff75f5a442db67545d4efc5e6ab.jpg;4;32;30;mand_right;0;0;32;30
732ee52b98de4d108d5834db39b2d3d4.jpg;4;36;33;info_crosswalk;0;0;36;33
0d691a4e963843b897407fbf07f9c973.jpg;4;42;38;prio_give_way;0;0;42;38
0e6d2fed687848558309106e0b43f6e8.jpg;4;168;163;warn_speed_bumper;0;0;168;163
76a72485124b4dc58da5e007fde2536c.jpg;4;151;163;forb_speed_over_70;0;0;151;163
ffc08dbe9831441c97a918431a9a957f.jpg;4;37;49;info_bus_station;0;0;37;49
a11ee6794c264706b782eed2cac3dd9f.jpg;4;47;62;warn_traffic_light;0;0;47;62
2d85eb28801343e4bf34390528554753.jpg;4;20;25;info_bus_station;0;0;20;25
e0f71bc5e3d34d92b8ef5089454f10e7.jpg;4;100;121;warn_wild_animals;0;0;100;121
24186f461de84b94ad819cdb99d476f1.jpg;4;88;95;prio_give_way;0;0;88;95
634c45434cf2426a95137b1794f99eaa.jpg;4;91;105;info_crosswalk;0;0;91;105
25560399742d40de9d8c195ae5a0d6e5.jpg;4;79;93;mand_right;0;0;79;93
abbf627453a64a9db6559656518d0493.jpg;4;30;34;forb_speed_over_80;0;0;30;34
892dbdf4e5f4487e98183627a01dbb1b.jpg;4;39;38;forb_speed_over_80;0;0;39;38
b2a45b227b2b40f5b84b837b62bb4dab.jpg;4;70;19;forb_speed_over_80;0;0;70;19
0eb9ff7cddee4a90b6f0087928c50fbf.jpg;4;70;18;forb_speed_over_80;0;0;70;18
9673a0575c9c46eebf304b5cc840d1da.jpg;4;56;66;info_parking;0;0;56;66
9d649c22197543bbba81aa6fb7d8acb4.jpg;4;14;13;prio_give_way;0;0;14;13
48447b98a9454438a2dcdc106eec71b9.jpg;4;54;62;warn_crosswalk;0;0;54;62
d8c26caac69b4aa98c073644f5a39487.jpg;4;48;57;forb_left;0;0;48;57
21f8884a6feb4c9a86331c6b98861e6d.jpg;4;84;85;warn_two_way_traffic;0;0;84;85
d7f0530a81df4665a56446020dad2399.jpg;4;82;96;forb_overtake;0;0;82;96
14d585a616ac49b6bab81bebf4f1eab9.jpg;4;66;67;forb_overtake;0;0;66;67
39f1542ab976478e89e331c8c4ba03b9.jpg;4;41;43;info_crosswalk;0;0;41;43
f95d09c2d7d4447a890cfc6d651cd90c.jpg;4;65;60;warn_children;0;0;65;60
b0268ed45117456eb7e933e320c804a2.jpg;4;63;55;warn_other_dangers;0;0;63;55
90def38f6720455ca33fd67e383952c9.jpg;4;59;56;warn_speed_bumper;0;0;59;56
0bf636b241fd488995056533d223710b.jpg;4;22;41;info_bus_station;0;0;22;41
a471f6bb51634b5986684aac42c7c006.jpg;4;38;40;forb_weight_over_3.5t;0;0;38;40
98172ec04e1d47008d5e71946a288cd1.jpg;4;32;33;info_one_way_traffic;0;0;32;33
aab46436af214fc487f3c4599045acac.jpg;4;30;30;forb_weight_over_7.5t;0;0;30;30
1b55f2c37a084b7593612a7f4f70f0f1.jpg;4;29;55;info_bus_station;0;0;29;55
bde77f090b094223ac0da933a41eddd7.jpg;4;104;123;warn_crosswalk;0;0;104;123
cae9d448df3a4c7684403da11a49588f.jpg;4;103;129;info_one_way_traffic;0;0;103;129
a92228151fe54c429855ecbc200b3c3d.jpg;4;117;119;forb_weight_over_3.5t;0;0;117;119
16f8c6e9fdab4ff0ae35eda127e75717.jpg;4;86;94;prio_priority_road;0;0;86;94
0fbf3ad634684cd28c51520a59da7a46.jpg;4;60;63;prio_give_way;0;0;60;63
5ff69550f730455aac45619da2781cb3.jpg;4;43;49;mand_right;0;0;43;49
9de9ca717c1b4b3cb476184df7955a1f.jpg;4;76;49;warn_crosswalk;0;0;76;49
b8d575856175435d915ee670afefea26.jpg;4;64;55;warn_crosswalk;0;0;64;55
312cd05dc7c24e4a912bd8afa1de4300.jpg;4;40;50;info_bus_station;0;0;40;50
500bc879534e424abb5e5af2ddf8ddc6.jpg;4;43;74;mand_pass_right;0;0;43;74
1017a38bf8d64ed19a63868bc154dff8.jpg;4;16;17;mand_pass_left_right;0;0;16;17
201943054aa0493cbaa27b5e29b985f3.jpg;4;11;11;mand_left;0;0;11;11
7b9a781f4cfd42ddb0c82f83d6447726.jpg;4;15;14;mand_left;0;0;15;14
f7149f96479648e7870ae2e3e6b05d95.jpg;4;215;221;prio_stop;0;0;215;221
63bd499a87d24972859ac7c0e606d4a2.jpg;4;46;79;forb_overtake;0;0;46;79
8e4002cc32f046c78e33a75211a3d123.jpg;4;119;120;forb_speed_over_30;0;0;119;120
4f66c90b08cc490f926f0063fdc2fb8f.jpg;4;126;112;warn_roundabout;0;0;126;112
e92f19a5859c45708ec1c30281e9f116.jpg;4;28;35;mand_roundabout;0;0;28;35
85b46b1237ef4d248820ee516d53857b.jpg;4;40;36;prio_give_way;0;0;40;36
b6f07627165445a1b598a7f597166cca.jpg;4;35;36;forb_speed_over_50;0;0;35;36
e84e279bca76422faab49c47cb7e5219.jpg;4;35;33;warn_slippery_road;0;0;35;33
ac604309512a4cf0b5e3da0272f0af26.jpg;4;48;190;forb_speed_over_40;0;0;48;190
3459f09086a6463485fe86b65a71b24e.jpg;4;53;190;forb_overtake;0;0;53;190
a92b91df37324d6d845e6cf4978bd331.jpg;4;27;31;forb_weight_over_3.5t;0;0;27;31
086c2a40744d4b758f9ae6c192c76458.jpg;4;24;21;prio_give_way;0;0;24;21
fcdb4cfb9e7e4b07b482c34870e7d5bd.jpg;4;64;22;mand_right;0;0;64;22
d98bffaadbd044a2aa9ba4508956d52c.jpg;4;232;272;prio_priority_road;0;0;232;272
185e9cd9c8ec4f6baeafb3303305feeb.jpg;4;96;240;info_crosswalk;0;0;96;240
d8820401318947e7852d1b30f5e29b05.jpg;4;50;60;prio_stop;0;0;50;60
c6223bb07aa74a55aa0e2739bd9ba86d.jpg;4;49;56;forb_right;0;0;49;56
8b7506b1d3064c2b98be02c106c8ddb1.jpg;4;12;33;forb_ahead;0;0;12;33
a8217a4a5c234d82b0bfd6ef6bdd055c.jpg;4;49;48;warn_construction;0;0;49;48
bddfd54930264de9bacf83859bcf78a1.jpg;4;81;102;warn_cyclists;0;0;81;102
4746528182d04372b86eaf4ce5d3e2a0.jpg;4;85;90;prio_give_way;0;0;85;90
463dea667670462f97aa573dd3b731a1.jpg;4;57;69;mand_right;0;0;57;69
55e68342f3c74517b029d0dc63a916de.jpg;4;314;316;forb_ahead;0;0;314;316
3adfad58494f4da88b9bd1be90c167ce.jpg;4;39;36;forb_speed_over_5;0;0;39;36
55475c97b1dc435c8ad0ce6e20c9db41.jpg;4;79;101;info_parking;0;0;79;101
ebb5c2eb08a24416b8d27ac20afa6982.jpg;4;80;97;info_crosswalk;0;0;80;97
360c79f2a8b84773bdf6574e25d233c8.jpg;4;93;109;mand_left;0;0;93;109
a476698fa3bf4bb9b9f53729554ea3be.jpg;4;40;45;forb_right;0;0;40;45
fa61f3ac818b46d9be6fa6fd3a964a5b.jpg;4;29;34;info_crosswalk;0;0;29;34
c10075eb37da42e3b728a6aa19e9dd3f.jpg;4;486;106;prio_give_way;0;0;486;106
a592ba071ec2457aab3b8075359498bf.jpg;4;48;42;info_one_way_traffic;0;0;48;42
49b157286d684dc9bd551c456e3c8d24.jpg;4;172;158;mand_roundabout;0;0;172;158
ff22721c0e844f6b936900df6595da32.jpg;4;46;50;warn_other_dangers;0;0;46;50
1412317d186944c6934903374249ec27.jpg;4;53;73;forb_ahead;0;0;53;73
17862fd287324cf48baaad5b7061de6c.jpg;4;132;137;forb_overtake;0;0;132;137
f2d5fdfc493744c7925717dc1ad969c8.jpg;4;117;137;forb_speed_over_30;0;0;117;137
958bd8a890aa45f0981de7bf8127f44a.jpg;4;27;35;forb_speed_over_30;0;0;27;35
3c53afa751df4e599d0f3df2ce0e877f.jpg;4;28;36;forb_weight_over_7.5t;0;0;28;36
9c41f5007c834038aa7a523c6b8ca578.jpg;4;37;38;prio_stop;0;0;37;38
64d287a4cda544fb8e431867d63e1e22.jpg;4;39;38;forb_right;0;0;39;38
734c42b9b95b4e0f8f12aa463ef22f59.jpg;4;45;45;info_crosswalk;0;0;45;45
0ec74603d435430cb7a296364fff9868.jpg;4;13;13;forb_ahead;0;0;13;13
7efde13a8ebe4d2aa4ca1a3f2d0b1668.jpg;4;92;105;forb_right;0;0;92;105
c52d4a49899044599062668da2908c48.jpg;4;35;33;mand_straight;0;0;35;33
75c3203f0ddf4b5d875f576571323d91.jpg;4;125;128;mand_pass_left_right;0;0;125;128
076a77a7f2fe4d348d89ac3b22a60607.jpg;4;105;131;info_parking;0;0;105;131
01b078a59d5b48d29516bbe07b0d147f.jpg;4;113;118;forb_ahead;0;0;113;118
9ed5c8c8c9484979a06c3a503a4d544a.jpg;4;132;128;warn_speed_bumper;0;0;132;128
1bce5295c0d84fbf8b7d0584bd9e4d4b.jpg;4;23;37;info_parking;0;0;23;37
3f797d489c86485a90f1ecbdc2dc14df.jpg;4;50;48;mand_straight_right;0;0;50;48
77f07f61d45a43769e302dca2da869a5.jpg;4;103;143;info_taxi_parking;0;0;103;143
9781e20519bc4ab9b5eeb98c0df87cde.jpg;4;84;80;mand_pass_right;0;0;84;80
b916515d62b0462ca3801143386bab6a.jpg;4;19;20;info_crosswalk;0;0;19;20
2504ccfb2fb343319b30c649ba9b65e5.jpg;4;19;17;prio_give_way;0;0;19;17
121283ed04e2420a93afd2e43a409ab9.jpg;4;18;17;warn_construction;0;0;18;17
129edcb04d0246cb8f5c32e4591d2140.jpg;4;78;106;forb_speed_over_50;0;0;78;106
da78c4aaaeca4b78aedd6efdfea5ea31.jpg;4;46;46;forb_speed_over_50;0;0;46;46
42cf424b50cb4720b0308a64449d8364.jpg;4;44;43;warn_poor_road_surface;0;0;44;43
2b83f5a858254312ac0c4fefe63020b4.jpg;4;73;61;mand_pass_left_right;0;0;73;61
9819a86639044752af5be96a321b09ec.jpg;4;15;18;info_highway;0;0;15;18
6251f036552f4aeba3d38a10381d748d.jpg;4;30;31;forb_u_turn;0;0;30;31
87231b90d676448db1a7ea9d41536267.jpg;4;32;37;forb_speed_over_30;0;0;32;37
31f212199de54680a737cfa825d23b1b.jpg;4;77;69;warn_crosswalk;0;0;77;69
a1f069a6b79645c99f56a14900652713.jpg;4;30;30;prio_priority_road;0;0;30;30
30e39128c08c4dccb7785073b4998a1f.jpg;4;24;21;info_crosswalk;0;0;24;21
d156cdbbad5a4d928c0107065d4f2b84.jpg;4;30;29;prio_priority_road;0;0;30;29
230437c2983c4b8db00193c1df702768.jpg;4;25;25;info_crosswalk;0;0;25;25
5a9b1e132e4a4063abcf563c3de5a072.jpg;4;26;28;mand_straigh_left;0;0;26;28
b21a72055cfb4d9e84bbf0c8c8b8cb70.jpg;4;26;28;mand_straight_right;0;0;26;28
57e38682703842d28fd1a4b872e8d163.jpg;4;21;21;mand_straight_right;0;0;21;21
191f249855fb4e1da4716b38be9207ee.jpg;4;106;47;prio_give_way;0;0;106;47
d30e2f6d463a4841b5d431ea24ee3bc0.jpg;4;110;181;mand_right;0;0;110;181
e227ef86ca1145baa15b9b87c703b9b8.jpg;4;113;182;prio_stop;0;0;113;182
b4d347f423344a54a0994e5598a3930e.jpg;4;53;52;forb_overtake;0;0;53;52
cd91c20a422d48949fe8457e7a0f2472.jpg;4;48;50;forb_speed_over_30;0;0;48;50
d565125d6c854a2d94e92725bab7ab52.jpg;4;53;56;forb_weight_over_7.5t;0;0;53;56
9bce45a6d5144b8795d409a5da707ff5.jpg;4;45;60;info_parking;0;0;45;60
ab6d9f93605546f1a24f7e416eb7eb7f.jpg;4;24;24;info_one_way_traffic;0;0;24;24
d25c9f5753234d0186ca246983328f8f.jpg;4;23;24;forb_right;0;0;23;24
9de06efe59a64879832225757903f6f4.jpg;4;15;16;info_one_way_traffic;0;0;15;16
119a89a3eeb9431c9908b43d9ab53357.jpg;4;54;57;forb_trucks;0;0;54;57
456c0271501f4ea6b0eadd04715cc1ca.jpg;4;13;13;forb_right;0;0;13;13
0d95c202071b4fd3ab892dd47107550f.jpg;4;14;39;info_one_way_traffic;0;0;14;39
46f5eb4ef64e402ab422f8ca89c5be5e.jpg;4;14;44;info_crosswalk;0;0;14;44
d081280248a54d4f93f7f0c0fa14a2c6.jpg;4;12;13;info_one_way_traffic;0;0;12;13
9e4c7273e6ba4ebcba9288a8d861ecb6.jpg;4;10;10;info_one_way_traffic;0;0;10;10
b9d5aa72c6664c31af80da85abd2e15e.jpg;4;53;53;forb_speed_over_5;0;0;53;53
047de74f9291408186747c2cbbd63646.jpg;4;25;54;warn_other_dangers;0;0;25;54
fe4ffa9aa9b144b3a0d6faff761c8697.jpg;4;23;59;warn_other_dangers;0;0;23;59
934d8018fc7948fbb4f3fb95addf1cbd.jpg;4;46;49;forb_speed_over_100;0;0;46;49
b533adc38a3d4e0e9dbc996cbf4705b0.jpg;4;118;34;forb_speed_over_100;0;0;118;34
285cb8a849ec46e1b9c4f33308b9b9c0.jpg;4;115;33;forb_speed_over_100;0;0;115;33
541b2bc644824bc08c75f576e5966ef4.jpg;4;123;117;warn_roundabout;0;0;123;117
59c17ee244de464288a098b468415c15.jpg;4;116;126;forb_overtake;0;0;116;126
a064d71caf994d0e9740d9baebe4a7ce.jpg;4;22;24;info_crosswalk;0;0;22;24
60a3660bcfc9482c89a5215376ebc974.jpg;4;21;23;forb_speed_over_20;0;0;21;23
9be7bfbe57384839a517973393adfdda.jpg;4;22;30;forb_ahead;0;0;22;30
099f52c657c54924a7e71518999d82a9.jpg;4;34;31;warn_tram;0;0;34;31
35aa4a5f0a0c4711b84f638d9a14d6a9.jpg;4;101;75;warn_crosswalk;0;0;101;75
15c873a21c2e4a989ea18f66a61d052a.jpg;4;59;52;forb_right;0;0;59;52
651a27f3c8c8456f9adc4ff601c96b6e.jpg;4;201;208;info_one_way_traffic;0;0;201;208
ddecb09ab47841d68850e49f1a4a4e85.jpg;4;197;202;forb_stopping;0;0;197;202
c9db349535c54051ad30716502f29458.jpg;4;21;21;forb_trucks;0;0;21;21
32dd8420a8c1486f927a0837f4ebe845.jpg;4;16;17;info_crosswalk;0;0;16;17
b9f5aa6ddef54ea491a5a889a5a65182.jpg;4;33;33;forb_stopping;0;0;33;33
3de5ee8ad5184763bf6a98f47c16b4ea.jpg;4;32;35;forb_left;0;0;32;35
cdf8caa02b824b4db45bc29661263c0c.jpg;4;14;14;forb_stopping;0;0;14;14
70738a187ec742a2892341b4f8484390.jpg;4;41;48;info_bus_station;0;0;41;48
944e0ce55b584fdbb2e868be3aface1e.jpg;4;17;16;forb_left;0;0;17;16
2457b179e5dc41f6a6d310eb870db128.jpg;4;8;7;prio_give_way;0;0;8;7
1d7780218d1548ab9d181d1ac2e2d377.jpg;4;23;25;mand_right;0;0;23;25
7a376d38227d450d81b518352e7f28d5.jpg;4;11;11;forb_u_turn;0;0;11;11
3d942d9aee2047948bba1d7f8677fc21.jpg;4;24;25;forb_right;0;0;24;25
98e49ec6700d47448e0c15cd654ad96a.jpg;4;32;33;forb_ahead;0;0;32;33
592f02ebbe9042898badc7e1db3d7c76.jpg;4;28;41;warn_children;0;0;28;41
493e0d643b7442b7b222935c2b491981.jpg;4;25;25;forb_stopping;0;0;25;25
d8c11fcce7de4243873a0befea6304c8.jpg;4;384;417;warn_other_dangers;0;0;384;417
3c94015bb1814650bce06bb503fc2f91.jpg;4;44;106;info_bus_station;0;0;44;106
da1506f9ba534c47a796a436b40267c8.jpg;4;53;49;forb_weight_over_3.5t;0;0;53;49
5820a29cfb9a4b04943f536e5d85e7f1.jpg;4;52;54;info_crosswalk;0;0;52;54
1cff7a69a8634e019f6c42d4e84399e4.jpg;4;46;52;forb_weight_over_7.5t;0;0;46;52
ef9eda1b7139488dbaae164f843494a3.jpg;4;222;228;prio_stop;0;0;222;228
797aff7a3b3648c19788121ea1b0e224.jpg;4;243;247;info_crosswalk;0;0;243;247
820fa5f8279148d7976f8410e5f9b44d.jpg;4;35;31;forb_speed_over_30;0;0;35;31
f4b6f9d162da4490b0a372ccb8daa3bb.jpg;4;36;31;warn_speed_bumper;0;0;36;31
608c2d25a37a4a3d8047def190d5ae77.jpg;4;74;99;info_parking;0;0;74;99
d026118adbec4f1ab84d22593789fd60.jpg;4;51;52;forb_weight_over_7.5t;0;0;51;52
bbf1c2036d2d4258b5ea8d97ce6e1096.jpg;4;47;59;info_bus_station;0;0;47;59
f1cf50b0bbb145cb96a5903e90913f1d.jpg;4;58;57;forb_stopping;0;0;58;57
c5f7e1a0fd3547cb94e2fa40fad08976.jpg;4;24;24;forb_stopping;0;0;24;24
983bed67e9124e7f8b072e47887c99b9.jpg;4;59;58;info_one_way_traffic;0;0;59;58
0d7ace431b2f410d86bd27934da05da6.jpg;4;46;42;warn_speed_bumper;0;0;46;42
4e24e4ded0b4412e99b7508c994f8982.jpg;4;48;45;warn_other_dangers;0;0;48;45
db80f76d63c24cdbae78ecd457ed8cf5.jpg;4;46;39;prio_give_way;0;0;46;39
234a0e17a6814784bbb3eca5b8c71e63.jpg;4;42;41;mand_right;0;0;42;41
0253a91f25da4e4890df457afe64d11f.jpg;4;6;10;info_parking;0;0;6;10
decf814d41e74944b9976416890f2459.jpg;4;485;321;forb_speed_over_50;0;0;485;321
402385bd2470411bb2dc3b8fa4b1541e.jpg;4;24;25;forb_speed_over_30;0;0;24;25
8ed7a7049b2b4e5c8cba614abf356c70.jpg;4;47;41;warn_traffic_light;0;0;47;41
1b36157df32542478373a327c3cf17cf.jpg;4;89;91;mand_pass_right;0;0;89;91
7440a7b783494eacb307c5d41ddf5b3a.jpg;4;37;32;forb_speed_over_30;0;0;37;32
7114648bfcda4ba0845ccff22f72a3ad.jpg;4;17;15;info_crosswalk;0;0;17;15
b0385e22b9d04da8a07983fe60efaedc.jpg;4;35;27;warn_speed_bumper;0;0;35;27
0ab969ef4d0b4c169ee11754d88f7421.jpg;4;26;25;warn_construction;0;0;26;25
fa219ab579d9462f960f3ada00b86807.jpg;4;40;37;warn_construction;0;0;40;37
bc155cbf5f1a4a6285467f3e4551226f.jpg;4;8;8;forb_ahead;0;0;8;8
f0a6abedb0904883bf7c0e5463fd0a1c.jpg;4;29;30;info_crosswalk;0;0;29;30
1814a882f27a4a9981130211130fb75d.jpg;4;30;24;warn_construction;0;0;30;24
c892118477c048779b337d89e7f6f3ed.jpg;4;45;52;forb_speed_over_30;0;0;45;52
d0a1a576bbe94273a821efe0a15f9fcb.jpg;4;60;84;prio_stop;0;0;60;84
542098aa25af46588cc2a7b43704554e.jpg;4;55;80;warn_tram;0;0;55;80
8144250ec9734885a3b8c7a78d5b2ec7.jpg;4;57;79;mand_right;0;0;57;79
844910c5cb6547c59003cb1c3650bdce.jpg;4;22;42;info_one_way_traffic;0;0;22;42
3b24eb06a80e443b9ea326e9e156352e.jpg;4;65;127;prio_give_way;0;0;65;127
b50e94d7b75748a2bdf6f17072517575.jpg;4;49;100;mand_right;0;0;49;100
bf47ed69d3e54687b7ccf1aa72b651b3.jpg;4;80;75;warn_crosswalk;0;0;80;75
f1da9484b0bc465f8e06540deb0107c8.jpg;4;76;80;forb_speed_over_30;0;0;76;80
9205344c64ec433c9d7240c250b92064.jpg;4;60;54;forb_speed_over_50;0;0;60;54
4914f7ae2fe947cebc9b394da7e923cd.jpg;4;59;58;forb_overtake;0;0;59;58
fa6e54fed2534e1d91c6b0d856072e30.jpg;4;86;92;forb_speed_over_30;0;0;86;92
3a20a609d8084535a07ea6bdfcb6d7e1.jpg;4;85;85;warn_roundabout;0;0;85;85
89bea740f7864ec2ba925478bada37e5.jpg;4;162;79;forb_speed_over_30;0;0;162;79
4e9eb2f2bdf14883a98f6ba293353e21.jpg;4;30;43;info_bus_station;0;0;30;43
19c903f9bd124b5087966a9fcbaf8c2e.jpg;4;31;44;info_bus_station;0;0;31;44
664fece40b644422a0fece5f81cc2dec.jpg;4;46;77;info_parking;0;0;46;77
27fa6c28fe9943768216519d26fb21bb.jpg;4;43;51;warn_roundabout;0;0;43;51
a2d3ccdff66a45b4a76c7dcecb09c400.jpg;4;38;51;forb_speed_over_30;0;0;38;51
dad4ef52406a468d98dfafda47982b54.jpg;4;45;66;mand_right;0;0;45;66
dd816e9a2f94400687142ec39c0d138f.jpg;4;15;69;prio_stop;0;0;15;69
b4fb512aa4c24fe1bee14333f5ee6baa.jpg;4;67;74;warn_construction;0;0;67;74
0718a2a300bc4d6298953355f4b86804.jpg;4;16;19;forb_ahead;0;0;16;19
709e81ad70934f3891fdd2c12c0abffa.jpg;4;55;65;info_crosswalk;0;0;55;65
589044b933614814b5a3c43fc4727edd.jpg;4;46;47;forb_speed_over_30;0;0;46;47
6858251b80e44aac9d83acc58fbe43d8.jpg;4;64;55;warn_two_way_traffic;0;0;64;55
95831fab3fc24d47ae3f341af844d12d.jpg;4;104;108;prio_give_way;0;0;104;108
4a81048a0abd4e1c823a25803a45919d.jpg;4;77;110;mand_left;0;0;77;110
e83af9ea22ef42b18b8fbbdb4baf4077.jpg;4;40;38;warn_roundabout;0;0;40;38
5cba1137db8c44c4ab10c18957cc1443.jpg;4;40;38;warn_crosswalk;0;0;40;38
78f2090027374e63ae1f5c004dd89bf8.jpg;4;55;54;warn_construction;0;0;55;54
1727202147304203bdad8ddb790e761e.jpg;4;38;40;forb_speed_over_30;0;0;38;40
fb5a8497ce5b45559771efd81b0e939b.jpg;4;52;55;mand_pass_left;0;0;52;55
af6a8611790448a1bcf430eccabedf99.jpg;4;18;18;mand_pass_right;0;0;18;18
07b3d6c1820c4f859b75ad14043c422c.jpg;4;10;9;mand_pass_right;0;0;10;9
df25048a145f42f5957b5b2c96850341.jpg;4;11;12;mand_roundabout;0;0;11;12
f4ac3b3d81154340ac37498489ea13c5.jpg;4;79;122;mand_pass_right;0;0;79;122
e73556d47e4a4a328200c5bc983edaba.jpg;4;57;59;info_crosswalk;0;0;57;59
50856049ca3a48658cc696bf08684b91.jpg;4;49;53;forb_speed_over_30;0;0;49;53
ddb630ced6564c16b7e418995df44346.jpg;4;33;150;info_bus_station;0;0;33;150
701e7dfdbd0e4cd7a4e270edb6da541e.jpg;4;41;143;info_taxi_parking;0;0;41;143
be5ce62550d84671b28a044ca6e8eb47.jpg;4;80;81;forb_speed_over_30;0;0;80;81
eb7901120015487f99decdd3421aada1.jpg;4;42;16;prio_give_way;0;0;42;16
f1543f9168a34c7aab9c14f2bdae6e0d.jpg;4;38;55;info_bus_station;0;0;38;55
18f1a6bdf5d943509757029556cc0acf.jpg;4;67;66;forb_speed_over_70;0;0;67;66
e04ee220669a4c71affbe49518b8005b.jpg;4;70;83;forb_u_turn;0;0;70;83
9464e3b636d44b37b20703cf2942e653.jpg;4;42;55;warn_poor_road_surface;0;0;42;55
60793b2408b74e17b31354e70539de84.jpg;4;26;24;info_one_way_traffic;0;0;26;24
50cb50336f0d4327bdba1701159fb157.jpg;4;23;22;forb_speed_over_5;0;0;23;22
4e809a4833de4e08a4ec13cfbf12246f.jpg;4;23;26;forb_speed_over_5;0;0;23;26
225d37cdb6024d31808b1c60dbd43811.jpg;4;23;25;mand_pass_left;0;0;23;25
40d7f4047b544f58bc00bd6e250b4806.jpg;4;52;59;warn_construction;0;0;52;59
459751e3ff59412aa34f7fa27fd4c3b8.jpg;4;22;28;forb_ahead;0;0;22;28
3fabcd1793a74aa3b0249f0ee3a16c9b.jpg;4;36;33;warn_other_dangers;0;0;36;33
037fc3b43d6e4af48aa194b28c717127.jpg;4;22;31;info_parking;0;0;22;31
f7dbc0361772462494333895373a7934.jpg;4;53;80;forb_u_turn;0;0;53;80
b4ed9cda47094dfd8d9517ecb5152634.jpg;4;67;73;prio_priority_road;0;0;67;73
de22ce6eba1d4a9ea34e611da87ed1dc.jpg;4;101;87;info_one_way_traffic;0;0;101;87
b30bad8187b54f72b7ee9a02f852c6b5.jpg;4;66;61;info_crosswalk;0;0;66;61
c664bda369c74d74947b1aad8e8e92d9.jpg;4;120;124;info_crosswalk;0;0;120;124
6dc437d673e8478797253b184d83edda.jpg;4;116;111;forb_left;0;0;116;111
d938723b46b04567bb7dcb304ef1b682.jpg;4;34;45;info_bus_station;0;0;34;45
1e4246f6366d4f8494224e83f934a7f5.jpg;4;52;59;mand_pass_right;0;0;52;59
40df4b00fd5d4e8980d051d4b9b4ee7b.jpg;4;9;13;mand_straight;0;0;9;13
9cabc1f14fba44fab7ee6c3f79060651.jpg;4;87;100;forb_ahead;0;0;87;100
cf8fb0d13c40455a9f9cf8bd2c4c5084.jpg;4;163;123;warn_crosswalk;0;0;163;123
8fc00c9b4a8a463598f8c061a29e3846.jpg;4;60;108;info_crosswalk;0;0;60;108
d5b94fcab5864cfd8614ac9778c0e6df.jpg;4;114;133;prio_stop;0;0;114;133
8e9b514273404a299240e0a9a05f1f4d.jpg;4;102;137;mand_straight_right;0;0;102;137
b7f25b31a84b4e6a9325acadbd52292f.jpg;4;127;136;warn_tram;0;0;127;136
f53dd38d0e00497d9ae123389214022b.jpg;4;31;37;info_crosswalk;0;0;31;37
80d78b02d6b845758bd078df15bc5c93.jpg;4;26;28;forb_weight_over_7.5t;0;0;26;28
2f580ea7dbcf4e4e84776c9026f72470.jpg;4;19;24;info_bus_station;0;0;19;24
a7045bdcc4854d1ca7f4480855676279.jpg;4;11;10;prio_give_way;0;0;11;10
465770a21eae434084821229bade991a.jpg;4;55;57;forb_speed_over_30;0;0;55;57
6f618e7812fd4a418dd8e20cecc365d6.jpg;4;60;59;warn_traffic_light;0;0;60;59
bea769be2c714815982b23f20832332b.jpg;4;42;43;mand_pass_right;0;0;42;43
7578d2f15953415bb154c74f69915131.jpg;4;41;43;forb_ahead;0;0;41;43
02ce59ac80e943ab85d6c96f93e620e7.jpg;4;68;71;info_one_way_traffic;0;0;68;71
edc091dc5df14430befc8eb96aa01e43.jpg;4;32;38;info_highway;0;0;32;38
3adea232411b427496dc54537c9b358f.jpg;4;26;41;info_parking;0;0;26;41
5c7754867a3441f7b5aa912f3c77061b.jpg;4;56;45;info_crosswalk;0;0;56;45
b7730a83fdb840e7aef44b0b8af6507d.jpg;4;52;48;info_one_way_traffic;0;0;52;48
6be4f7a701ec483b9adad346d690aea7.jpg;4;166;165;prio_stop;0;0;166;165
d0d671e4992044429605b809a0e7f83d.jpg;4;175;165;info_crosswalk;0;0;175;165
4200af20b2034ab0b6c83533ce90c90d.jpg;4;23;21;forb_speed_over_5;0;0;23;21
b38c998f5d4e48a8a38f45117e22c266.jpg;4;40;41;forb_speed_over_90;0;0;40;41
18d0079b872c41019b2232f29f964b35.jpg;4;44;41;warn_wild_animals;0;0;44;41
f98a06bae178449bb414c96e5d54dc6e.jpg;4;50;53;forb_speed_over_30;0;0;50;53
5baab25418844055ac01bda797027b07.jpg;4;20;19;info_crosswalk;0;0;20;19
0580935574f7431fb3c9bf55967c126f.jpg;4;42;44;warn_speed_bumper;0;0;42;44
3743c117b33e49a6b7d30d8448642f96.jpg;4;44;122;forb_stopping;0;0;44;122
51dbaa6187774a059852dcaa39fa2e25.jpg;4;42;125;forb_speed_over_40;0;0;42;125
3f7a0d4535c6474982e661da9dfc42c8.jpg;4;102;114;mand_right;0;0;102;114
7acc2c6f3efe4a2480c11ca9a38749b3.jpg;4;22;28;forb_stopping;0;0;22;28
26a9f97a85144f459c4925b790f7136b.jpg;4;26;27;forb_left;0;0;26;27
45d721be7e94434496b116fc51ff7856.jpg;4;36;50;info_parking;0;0;36;50
44f88708baa34bd8b3eac1103c9ff61e.jpg;4;26;35;info_parking;0;0;26;35
c682743983344885a21bb07bdc890151.jpg;4;10;15;info_parking;0;0;10;15
90c77d44b4094ac982b15a4dd4bd233b.jpg;4;126;182;mand_pass_right;0;0;126;182
edb88699baad4b749801f360a46c816c.jpg;4;30;29;warn_tram;0;0;30;29
cba9c6646733460889d53cc616b751e4.jpg;4;20;23;mand_right;0;0;20;23
5baab17bbe5345caa9d1076f25285186.jpg;4;36;39;info_crosswalk;0;0;36;39
45a4b46d6cc442cf86d6ebeeb14b6cd1.jpg;4;45;63;prio_stop;0;0;45;63
7a4bab423eca43b897998f744a2ede1c.jpg;4;44;41;warn_tram;0;0;44;41
a175850a6efe4452804da9a9088d0d7f.jpg;4;36;53;info_crosswalk;0;0;36;53
dcd17693e739400390910a8b22991ed2.jpg;4;19;25;mand_bike_lane;0;0;19;25
b379a4c794304f25ac0a7caa81388a8c.jpg;4;16;28;prio_stop;0;0;16;28
48c1760c04b549ffa1e888be3da5fecd.jpg;4;51;48;warn_children;0;0;51;48
97449cdf86e748ae9aa7c5e791dd804a.jpg;4;15;16;info_crosswalk;0;0;15;16
823e57e62b5148eba0f79944ca40c4e3.jpg;4;65;99;forb_speed_over_10;0;0;65;99
da3d7389b7604fa1a990087e0c8072d7.jpg;4;59;75;forb_ahead;0;0;59;75
8a410f537db145908448b05f132ee7ef.jpg;4;33;29;warn_construction;0;0;33;29
2a5205467f2246f0a7fe05956c0efabc.jpg;4;52;39;warn_construction;0;0;52;39
90cbdfdba13643b8adba8e108e2451d2.jpg;4;34;34;warn_roundabout;0;0;34;34
b1488a1c7f6644fd84643ccec7957d71.jpg;4;35;34;warn_crosswalk;0;0;35;34
c8a96a491eab45e0bab8453dd48538b3.jpg;4;44;96;forb_weight_over_7.5t;0;0;44;96
b757b6d2e6224d2b9bc8d929b1e5f554.jpg;4;74;71;info_crosswalk;0;0;74;71
b85a20dcc27f48989325a18b67347342.jpg;4;69;65;prio_give_way;0;0;69;65
7a88cc6075ec41cb9a931dc8051b7581.jpg;4;55;66;mand_right;0;0;55;66
1990ba4ae3c0432b97d81849485a8da3.jpg;4;63;126;info_parking;0;0;63;126
3bc204a8de5444679041a556c9c1024e.jpg;4;19;21;forb_speed_over_5;0;0;19;21
0f73151ec46a41dd84cf04d802f0059a.jpg;4;16;15;forb_stopping;0;0;16;15
6595855d7fc242ffb857af7fb49224d6.jpg;4;31;46;info_parking;0;0;31;46
1094621cb0a54c55b61ce84880633685.jpg;4;178;184;forb_speed_over_90;0;0;178;184
4b9e41e4e0564edb88f71c9faa59a077.jpg;4;179;183;forb_overtake;0;0;179;183
05d8dad50bb244a986d6a5223ad3cc97.jpg;4;39;48;forb_weight_over_3.5t;0;0;39;48
df34e9066b1d4736950766c4b359bd5a.jpg;4;39;50;forb_weight_over_3.5t;0;0;39;50
6f762476aca94b6a93c1f5b3d5b35564.jpg;4;23;21;forb_stopping;0;0;23;21
4f1c8b9d70f0428ab598769da1301b63.jpg;4;31;31;forb_overtake;0;0;31;31
d945a392c7f54fd7a38fd12b51c37fc7.jpg;4;31;32;forb_speed_over_40;0;0;31;32
8359fb7068eb4539a0c9200758a21ee2.jpg;4;60;67;warn_crosswalk;0;0;60;67
ce2fee3f4ede4e4a92d0e3c7fee2c161.jpg;4;53;67;forb_speed_over_30;0;0;53;67
96398021ad1b439f9dcf3a32b66daf46.jpg;4;151;59;forb_speed_over_30;0;0;151;59
837fa995ded64182b0ac07d561f2dd64.jpg;4;15;18;forb_overtake;0;0;15;18
e73b2cb96fc9405bb1e8b4ab039c579f.jpg;4;31;34;forb_speed_over_10;0;0;31;34
a7454a9229dd4553bfe11a98bfc668f5.jpg;4;61;52;mand_pass_right;0;0;61;52
ce9b1ac32fb74e35b5e0d2c8e4272d86.jpg;4;24;50;info_parking;0;0;24;50
96a7fefa9b1f4dbe80f47c8e4d356d99.jpg;4;37;52;info_crosswalk;0;0;37;52
7b88193a21794b2f937be482dbbb1363.jpg;4;22;33;prio_stop;0;0;22;33
8a15c62350e2482487f5607cfbcf9381.jpg;4;24;28;info_crosswalk;0;0;24;28
107248ed586844d5bd7b334b8fae24a6.jpg;4;24;33;forb_speed_over_5;0;0;24;33
1851f566f8c94f3bb6f4081fd6fc861b.jpg;4;16;18;forb_stopping;0;0;16;18
bb0cb022b52649e5b1ed09d5dfd5fe53.jpg;4;50;45;warn_poor_road_surface;0;0;50;45
45d1176a69ae47588831d3627c39bbbf.jpg;4;24;25;forb_speed_over_50;0;0;24;25
fdb7f1a2ca214a0eac40978d06080711.jpg;4;53;56;warn_wild_animals;0;0;53;56
f8a8399ba61340debcde686e7aa0c0d5.jpg;4;124;165;info_parking;0;0;124;165
39d8f6870b9f49d2bb6b171d4d8d1290.jpg;4;19;21;forb_right;0;0;19;21
151e71b5309a4447809a29b912bc1236.jpg;4;21;21;info_crosswalk;0;0;21;21
3daf19b8f73d42d1b10aba1283627641.jpg;4;43;47;forb_speed_over_30;0;0;43;47
b60aa34bef3b466a9437dc272d52e4c2.jpg;4;31;25;warn_speed_bumper;0;0;31;25
0f7d18eeda114eec994af4f1e4413979.jpg;4;53;44;info_crosswalk;0;0;53;44
b62cbb2b50f74304bc38a4edcfc34389.jpg;4;43;39;warn_children;0;0;43;39
4ee03f5bb2644cd78d12f9166f2b6d11.jpg;4;38;41;forb_speed_over_30;0;0;38;41
60925f1e84f14f90876902780e70b755.jpg;4;57;60;forb_speed_over_100;0;0;57;60
3c645338cd9447d4b65ccaca6012edb2.jpg;4;47;49;forb_u_turn;0;0;47;49
08210376d5bd4964a33d47cca1039255.jpg;4;28;34;forb_stopping;0;0;28;34
3ff84fc7ab054a6fa2b04ec35212505e.jpg;4;29;31;forb_overtake;0;0;29;31
ed198ad82aa54b37a78c7bda9f70441a.jpg;4;23;24;forb_speed_over_70;0;0;23;24
134069ca6f89485ea993ad5c648ccf7d.jpg;4;31;33;forb_weight_over_3.5t;0;0;31;33
20e83beb6a4d4f84bf7042e566a55146.jpg;4;172;177;prio_stop;0;0;172;177
3dabc557f82c41dd9d041ed0d45a82b2.jpg;4;150;154;info_crosswalk;0;0;150;154
75ebb37d6ec346ea9bb35633cd736c72.jpg;4;139;125;mand_straight_right;0;0;139;125
126678486a3847279cc6f014f4e2b4f0.jpg;4;39;63;info_crosswalk;0;0;39;63
a471c7a695974b5fbea0d40ae7f337c7.jpg;4;57;59;forb_speed_over_5;0;0;57;59
9a8a30d544744cf0b02cc77123017ae1.jpg;4;58;58;warn_children;0;0;58;58
e78e00ca8ffe44b79686e9e8330bfaaf.jpg;4;39;40;forb_right;0;0;39;40
bc8160e3aa104172a2972f814d57056a.jpg;4;41;42;warn_children;0;0;41;42
81c4476124104e40b4cf12b283c9c800.jpg;4;37;41;forb_stopping;0;0;37;41
f7416efea379478a84ca7918581a2843.jpg;4;36;41;forb_right;0;0;36;41
7cd0613d21d04e988a9bd1654a77172b.jpg;4;25;67;prio_stop;0;0;25;67
f35a60b08b7a4818af94b26018f203ca.jpg;4;20;50;mand_right;0;0;20;50
1e66c348925f40aaaa2040b4ec3e4160.jpg;4;27;26;info_one_way_traffic;0;0;27;26
558bfd2c3c5f4719864972504067f5a7.jpg;4;31;27;mand_pass_left_right;0;0;31;27
70956baee1b94527aea1ce16df586b58.jpg;4;28;23;warn_slippery_road;0;0;28;23
436eadbcc25a46d693b6cc448f07fc42.jpg;4;53;69;info_bus_station;0;0;53;69
800f4128c57a417c9befbaa6c5041fb2.jpg;4;27;28;forb_right;0;0;27;28
9e0f66ed2343429ba23aea0ff6921cc7.jpg;4;29;30;info_crosswalk;0;0;29;30
42595b5f5d5642549c9d30c6ddfc031f.jpg;4;39;41;forb_speed_over_70;0;0;39;41
f897108855ea4654ac7e7d03d4e7b300.jpg;4;13;16;info_crosswalk;0;0;13;16
31c1e4796fc541f7afd0042198116783.jpg;4;43;39;warn_crosswalk;0;0;43;39
bce9bf74daad44739f0459994118ed02.jpg;4;50;78;info_one_way_traffic;0;0;50;78
47b423291ae1415797119b450aa6f184.jpg;4;46;49;forb_stopping;0;0;46;49
75a5646b082140129215d2426af78222.jpg;4;41;88;warn_poor_road_surface;0;0;41;88
512ceed464e74f938856decf5c303023.jpg;4;35;99;warn_poor_road_surface;0;0;35;99
6836cfd17d1045d6b23461d41d00761e.jpg;4;40;40;warn_roundabout;0;0;40;40
78ecb556756b45c3a5b9273687b889b2.jpg;4;39;37;forb_speed_over_30;0;0;39;37
3d75b07f75a84192bc47ec75c0d6876f.jpg;4;31;28;warn_roundabout;0;0;31;28
a8df56ecd5054ec0b176bfd5903b3c7a.jpg;4;25;30;info_taxi_parking;0;0;25;30
fbfa41f30803454093edc875766649bc.jpg;4;65;64;warn_other_dangers;0;0;65;64
cf08f24dc74446bd8e9aa8de7c0220cf.jpg;4;37;34;warn_other_dangers;0;0;37;34
084c50977950485f9c95d6bf1e0a1b68.jpg;4;36;35;warn_poor_road_surface;0;0;36;35
29f758f95e6149d984a2bcd45bd8b557.jpg;4;25;20;warn_poor_road_surface;0;0;25;20
c4af3801b6ae4788a61ff3c4171cbb89.jpg;4;24;20;warn_slippery_road;0;0;24;20
ad22a2a935b34d6eb9cc800aa7e4a13e.jpg;4;88;98;mand_pass_left_right;0;0;88;98
d8fccb07e38b434f8412aac30e792a42.jpg;4;123;114;prio_give_way;0;0;123;114
82303f8826cd4a83a20b2853d06a65fd.jpg;4;92;90;mand_pass_right;0;0;92;90
9075fcf5d4d64e5ca69664a510c01423.jpg;4;27;29;mand_pass_right;0;0;27;29
2a7fbc2980644c28966f3d2bc1f6d73d.jpg;4;8;18;mand_pass_left_right;0;0;8;18
c325eb7542aa4e1281e4db3d5e3661b8.jpg;4;10;9;mand_pass_left;0;0;10;9
2b97c4d095b04836aa6c05629f29268d.jpg;4;42;51;forb_trucks;0;0;42;51
46de39c8bd5e45c4a04e857dc4b72821.jpg;4;42;56;forb_speed_over_10;0;0;42;56
225aee92da574ef6ad4b1b223f2a3c3b.jpg;4;53;58;warn_cyclists;0;0;53;58
47c0d9367f4c4cdabaff69f2867293a6.jpg;4;25;45;info_bus_station;0;0;25;45
da6518219cf54e8ba0c7aa45d0c0045c.jpg;4;28;40;forb_stopping;0;0;28;40
8d69d998cc6347519fd4c26c3ca9eb2a.jpg;4;52;56;forb_left;0;0;52;56
47abcb8075684c8ab008a5d8cd437a77.jpg;4;82;84;prio_stop;0;0;82;84
b7b067557f7c4b298220500c21c5e8f9.jpg;4;56;63;forb_left;0;0;56;63
25b4549d8eeb41dba4fdccb1f39b2836.jpg;4;23;46;info_crosswalk;0;0;23;46
33abf7824278420d8ba0d494e21e1b7a.jpg;4;66;66;info_crosswalk;0;0;66;66
559764e074614540a18749a330d5b631.jpg;4;58;58;forb_left;0;0;58;58
829bb44c54c44398a57f32b213104a4f.jpg;4;102;106;warn_slippery_road;0;0;102;106
172bd142b4234e52b4b13519709cb2fa.jpg;4;22;18;warn_poor_road_surface;0;0;22;18
b9d3b8cf35cd49daac018604c901d0ba.jpg;4;51;42;forb_speed_over_90;0;0;51;42
b7e8ec5498984a3490e8f0db91a726d6.jpg;4;82;28;forb_speed_over_90;0;0;82;28
e75c2e845f7e45d3bced8952504458ed.jpg;4;92;36;forb_speed_over_90;0;0;92;36
425614d4143c40bb8b2eccb6e5c1aa68.jpg;4;161;186;forb_right;0;0;161;186
44ff4ceadc2d4a948926b3a15ed7c4dd.jpg;4;158;191;forb_stopping;0;0;158;191
929f63a2a3eb4bcfa9a83dada5f2280b.jpg;4;56;122;forb_ahead;0;0;56;122
ff62931135084f9cadac3b43f6880c49.jpg;4;36;34;prio_stop;0;0;36;34
9c20e110e06d481b903445cd5d0d47d7.jpg;4;36;35;mand_right;0;0;36;35
ce81fef97222425085cb1f24e6237386.jpg;4;25;26;forb_overtake;0;0;25;26
05122c808dd5472e8539e230fc38869f.jpg;4;25;25;warn_two_way_traffic;0;0;25;25
d246610bd8a24b11b77a5048d28daa0a.jpg;4;35;41;warn_speed_bumper;0;0;35;41
d6bba8ad88364516a5a88b6ed7bd0cea.jpg;4;30;38;forb_speed_over_70;0;0;30;38
04b29f336ae34d399baef47264f15dbc.jpg;4;104;40;forb_speed_over_70;0;0;104;40
c1111630e7ed44af80e0721a1266bace.jpg;4;136;68;forb_speed_over_70;0;0;136;68
955909461e8144e7a50907967336f949.jpg;4;40;48;forb_right;0;0;40;48
798c672b81f34980961b8729b0fae7c4.jpg;4;55;53;info_crosswalk;0;0;55;53
883cb61f00d94b8e829593c0f2679166.jpg;4;69;70;mand_pass_right;0;0;69;70
270be8d96ff74674af7746a290183f12.jpg;4;46;42;prio_give_way;0;0;46;42
8d5ec4bd9e594059911dff87183f3ab3.jpg;4;32;32;mand_roundabout;0;0;32;32
16aa9a7e59ee4e9380cb7642b37f4f46.jpg;4;24;23;mand_right;0;0;24;23
9b93d1123fa243308dd1e1a370f8eac9.jpg;4;40;44;forb_overtake;0;0;40;44
c91dfd75fd2947e1961b16c2706bd892.jpg;4;41;44;forb_speed_over_60;0;0;41;44
ca9ff123d6a74f438337d9f3c4ffd1a7.jpg;4;28;27;prio_stop;0;0;28;27
b9112c8c63d6437888a7d5cb69a9ff77.jpg;4;33;33;info_crosswalk;0;0;33;33
22d1a13961f14d169465e6a474de1608.jpg;4;27;27;forb_weight_over_7.5t;0;0;27;27
d445ef1bf979459e95b7b531555026c5.jpg;4;35;33;prio_give_way;0;0;35;33
656421d81915476ba86b3fbe2a03211e.jpg;4;35;33;mand_roundabout;0;0;35;33
616f29f9e8ba492b934d3893c8998ccf.jpg;4;15;14;forb_speed_over_30;0;0;15;14
cf2e9951f69d41bf9f95536f4bb9a0cd.jpg;4;12;13;warn_crosswalk;0;0;12;13
ca25d051b704427e83ca3892b8c983ef.jpg;4;67;71;forb_speed_over_30;0;0;67;71
2d3cc94ece554ffea392a59cfbb51fde.jpg;4;60;72;forb_overtake;0;0;60;72
015aba4e12aa423396afc5ed21433607.jpg;4;43;37;warn_cyclists;0;0;43;37
6c4f93828a184e85b400774dca5a483b.jpg;4;42;40;warn_crosswalk;0;0;42;40
05091fc03427426283740ede58a08890.jpg;4;21;23;forb_stopping;0;0;21;23
49d4b667f345406687f1c68c78a97f49.jpg;4;44;49;mand_pass_left_right;0;0;44;49
23a7ecd6571a4922b8c24c2a7d01b1c7.jpg;4;41;40;forb_trucks;0;0;41;40
c5c39f1058fd4550a330e910737184e3.jpg;4;23;23;forb_speed_over_60;0;0;23;23
acf47f15e11940a8ae5a7a58b9e9f9e0.jpg;4;23;24;info_crosswalk;0;0;23;24
0342e243b72b4b9d8db3668d1fe09c36.jpg;4;22;23;forb_trucks;0;0;22;23
be077ae488434f64a97e2cfbf22e1881.jpg;4;25;24;info_one_way_traffic;0;0;25;24
b06ff16594ab43ec95156e76f1c80c35.jpg;4;28;25;info_crosswalk;0;0;28;25
d03b4bc8f76f4f2fb883e22a907959b0.jpg;4;201;213;info_crosswalk;0;0;201;213
abfbefd5657248f69e458d88dfac4d35.jpg;4;188;190;mand_right;0;0;188;190
09365d1a533b41e08fbf7ddfcf86bf2f.jpg;4;52;50;forb_speed_over_30;0;0;52;50
abf91881d7e0451793b01daea68e8021.jpg;4;57;50;warn_roundabout;0;0;57;50
808db6f129604e50b195a58e7b649065.jpg;4;24;22;forb_speed_over_60;0;0;24;22
05108a9ad8864ccda3a0fc003abdec47.jpg;4;37;76;forb_speed_over_40;0;0;37;76
074fbe1f93974ae2a7d7ce152462254c.jpg;4;45;185;forb_speed_over_50;0;0;45;185
d2ab86bdfe074af69b90e8c7c5b0f797.jpg;4;46;52;mand_roundabout;0;0;46;52
c9a0e932d8f44a98b5e3d2ed215b3094.jpg;4;70;69;prio_give_way;0;0;70;69
92b8d1ca039041228c614d3d33707973.jpg;4;111;195;prio_give_way;0;0;111;195
4edfacc4116246bb83b416f61c704bb2.jpg;4;22;32;info_crosswalk;0;0;22;32
b1b7027355b6499b8992bce3bfd68d72.jpg;4;35;50;forb_weight_over_3.5t;0;0;35;50
f98f188376694de2b3bc917b6edcf103.jpg;4;34;57;info_bus_station;0;0;34;57
5637fbffe8c04cf1ae3fd7cbd07d9653.jpg;4;26;32;forb_ahead;0;0;26;32
fb5c185b7e4549cdbc6456b254ea3127.jpg;4;58;63;forb_stopping;0;0;58;63
621b9fa5a16f40e5b293690496718ccb.jpg;4;53;66;forb_right;0;0;53;66
aa40fdf9e96e4788812271881f8f743e.jpg;4;25;28;mand_pass_left_right;0;0;25;28
948fdeca4b9c448d92d247a58fd4c383.jpg;4;23;22;info_parking;0;0;23;22
5c44ea95c90d4c7f8244cb998f563047.jpg;4;54;47;forb_weight_over_3.5t;0;0;54;47
712b437bd5b6466aad151d3814432973.jpg;4;28;27;prio_give_way;0;0;28;27
0fad3bbbe8104840ac5a8545aa64b600.jpg;4;40;46;prio_priority_road;0;0;40;46
18112bdb7b6844218c1ba08fc5010a2a.jpg;4;35;44;prio_give_way;0;0;35;44
3b87dad8ad8c4fa6a1ab483b4e3197fa.jpg;4;25;38;mand_right;0;0;25;38
5564c6f2c98245dd922bdfa42867d42b.jpg;4;58;52;warn_slippery_road;0;0;58;52
2037aa49309e447aa9f5c481b6dc6195.jpg;4;28;22;warn_slippery_road;0;0;28;22
f7f3028237df4f6c8b63ef509869653e.jpg;4;25;27;forb_speed_over_60;0;0;25;27
0e439b2ef71241faa047f1cc551021bd.jpg;4;22;30;info_parking;0;0;22;30
b2a7157c25fb4a73b8d14a2ae5d6d2d2.jpg;4;31;30;forb_speed_over_30;0;0;31;30
975cb7cf83034edb94687a49f7377b97.jpg;4;31;29;warn_speed_bumper;0;0;31;29
9b69c9f622374fb59122d668b385a4de.jpg;4;31;29;warn_traffic_light;0;0;31;29
1fe94bd7533741c9a9d7047c28403c98.jpg;4;30;28;forb_stopping;0;0;30;28
13bb686451794f83bf3fcb24c88f5c60.jpg;4;36;40;info_bus_station;0;0;36;40
e889d5cf916b4ae8ad9283ed87ff0670.jpg;4;47;47;forb_weight_over_7.5t;0;0;47;47
ce972f387fc34d3cb316d669289aaa0c.jpg;4;38;49;forb_speed_over_30;0;0;38;49
e97fa3b4b7454483be24f9eadf642437.jpg;4;103;124;mand_pass_left_right;0;0;103;124
9844ec88a9cd41d3bf0b1e7bb7370bac.jpg;4;119;130;forb_ahead;0;0;119;130
25da972ac2d147aa813bb53951451511.jpg;4;27;51;info_bus_station;0;0;27;51
0c21187137be46e28a302272dbd23a3b.jpg;4;150;113;warn_crosswalk;0;0;150;113
bb367f5fcaca495ab1e885053fc18c85.jpg;4;22;24;mand_left;0;0;22;24
67ae85d3032149b5a0f45b318191c6a0.jpg;4;27;26;prio_give_way;0;0;27;26
d0178973af0c4da69e9a7ff730073363.jpg;4;25;23;mand_left;0;0;25;23
336ac1d992d541fea97664f96dbd61bd.jpg;4;19;21;info_parking;0;0;19;21
c77d772851594d21a103e1225abc3baf.jpg;4;20;14;forb_ahead;0;0;20;14
6015d2b05b7944ef9c6ccd76594e2696.jpg;4;47;52;forb_speed_over_50;0;0;47;52
dc99644ec097421e93b3d65ff99b5083.jpg;4;51;42;warn_children;0;0;51;42
1911936d71f341588fda78e75352ac05.jpg;4;39;33;warn_construction;0;0;39;33
85d3fda51d684cd08b61355372b1bfe1.jpg;4;550;302;forb_speed_over_50;0;0;550;302
2055b3e79f794b26b93f9165ab2c6f85.jpg;4;67;66;info_one_way_traffic;0;0;67;66
c7c2308d9dd340a9b2cbb545c56e64ca.jpg;4;125;132;forb_speed_over_80;0;0;125;132
2e22cd413cf14e0490cef9e9c4d3cd33.jpg;4;98;98;info_one_way_traffic;0;0;98;98
1383a46d6bea4f79a67512b1dd6a6d25.jpg;4;110;90;info_crosswalk;0;0;110;90
6887c08c3b8245eeb978695bf4d28583.jpg;4;21;29;forb_ahead;0;0;21;29
8659c55fb119460d98548e2ab7a1d786.jpg;4;90;82;forb_speed_over_30;0;0;90;82
1b5f9fc7b525455e815979e36b1d96e4.jpg;4;96;87;forb_weight_over_7.5t;0;0;96;87
46e52e7fafd5431d9f34463739245d40.jpg;4;39;42;mand_pass_right;0;0;39;42
55e28986829141dab389c758290a812a.jpg;4;24;54;prio_stop;0;0;24;54
e2adc62d35f544ddb3d1c3ed4fac5863.jpg;4;18;41;mand_left;0;0;18;41
de7c4beffaca42f0862558fb5215f6a8.jpg;4;26;18;warn_other_dangers;0;0;26;18
7168d48bafb543e498a1a1044f6a617c.jpg;4;34;35;warn_wild_animals;0;0;34;35
c816d42c85a2420fa3c124bc0a29451d.jpg;4;21;22;mand_pass_right;0;0;21;22
1e3bcea9914443c0b350d0c1d2bc8373.jpg;4;30;27;forb_speed_over_50;0;0;30;27
6231a158fb704a828fd736645632aed7.jpg;4;21;22;forb_ahead;0;0;21;22
c862c7026197453b88603eba43edf189.jpg;4;31;26;forb_speed_over_50;0;0;31;26
bf212141d9a5493e997e5944ddf2c449.jpg;4;23;23;forb_speed_over_50;0;0;23;23
db246622dda34073ae4b946a1c0eada8.jpg;4;89;79;warn_traffic_light;0;0;89;79
f088859289754b94a68dfcddec26e695.jpg;4;90;72;warn_crosswalk;0;0;90;72
4b3dac8561534cf59e5768ff2bdc9321.jpg;4;72;75;warn_two_way_traffic;0;0;72;75
11df0cf08720483abbe12c0d71244959.jpg;4;82;84;warn_traffic_light;0;0;82;84
a719708bd5514f3a9b281011bb5e6400.jpg;4;118;112;mand_pass_right;0;0;118;112
ac9e66a4127949b8b36d90634e3a9877.jpg;4;330;119;forb_speed_over_80;0;0;330;119
467425a615864573a41fc5ca182acc9d.jpg;4;48;83;warn_crosswalk;0;0;48;83
185824bee5134aa2b5f8b030987dc1e4.jpg;4;43;84;warn_traffic_light;0;0;43;84
3d7c85238bb94c6dbd5a8d6bc6ad7815.jpg;4;18;17;info_crosswalk;0;0;18;17
74a09de7b3c9495c800602cdaa213764.jpg;4;18;18;info_crosswalk;0;0;18;18
5008820aa6ef43528731d5a07d747c4c.jpg;4;20;20;prio_priority_road;0;0;20;20
8ee126b2d8e84388864c6e38ca5cf154.jpg;4;7;10;forb_ahead;0;0;7;10
46b0b2c1da6c41758d0307865333ab0d.jpg;4;15;15;forb_right;0;0;15;15
903fad1dbe754e0487d5702592fe75ff.jpg;4;92;117;mand_straight_right;0;0;92;117
86f9b1f15beb4048a8cf66d320c874f2.jpg;4;86;119;info_bus_station;0;0;86;119
50a7f16de70c40f1a52cd423a7b51ab4.jpg;4;28;51;info_bus_station;0;0;28;51
69314cee355b455991b91d25a41a3f50.jpg;4;56;73;info_crosswalk;0;0;56;73
35408b1520a0434e9649b558f25af3ec.jpg;4;51;51;mand_pass_right;0;0;51;51
e6593e330e3a4765b5c648bbbe35bc0d.jpg;4;174;174;forb_left;0;0;174;174
184a82cf713643c69c4468734aff7e35.jpg;4;69;87;mand_roundabout;0;0;69;87
78fe26f49d9144748a550f42e5c1b8d5.jpg;4;64;85;mand_pass_right;0;0;64;85
511614a079da4192a2e52578aa689a20.jpg;4;79;92;prio_give_way;0;0;79;92
149bfc55ff5749e796805445118ba5e4.jpg;4;25;23;prio_give_way;0;0;25;23
528e49cee4154b7e8146948d03a04f49.jpg;4;22;24;mand_roundabout;0;0;22;24
f38155c54c404287a787d9e58f56539a.jpg;4;13;15;info_crosswalk;0;0;13;15
a3cba28abf864ffe96a90f71639e1603.jpg;4;197;231;forb_left;0;0;197;231
8c0200a5c06a42108e73f7e8e2e5e855.jpg;4;70;70;forb_speed_over_50;0;0;70;70
3575f1bd858e49b19db664d0cbfc9df0.jpg;4;14;14;mand_pass_right;0;0;14;14
5d60613eba36426cab9784b816edd356.jpg;4;21;22;forb_speed_over_30;0;0;21;22
0f75755db28842d0a06c760aec175052.jpg;4;114;203;info_bus_station;0;0;114;203
d893930ad5864d5da7ae76ce4513f8b4.jpg;4;83;75;warn_crosswalk;0;0;83;75
9963c18bbf394bc3a115f6d43c3b93cd.jpg;4;56;68;mand_straight;0;0;56;68
73b42911ce7e4caba052d3625b64691e.jpg;4;78;80;forb_stopping;0;0;78;80
b514a9cd69bf478d8e54cec67e633c1e.jpg;4;120;122;forb_right;0;0;120;122
75d5d483d8894631856bbf293eb48bcc.jpg;4;147;127;warn_cyclists;0;0;147;127
b0b1ed51fd294e338c1d22393f2fad72.jpg;4;136;126;prio_give_way;0;0;136;126
a8684f0214694f0e8e2b4796e4ba85bc.jpg;4;15;17;info_crosswalk;0;0;15;17
fbecf8de527349e09f63fae5718fee42.jpg;4;17;16;warn_cyclists;0;0;17;16
515bc53b6a064801abb159fa29453408.jpg;4;77;75;info_crosswalk;0;0;77;75
3ccb60786066485eb55f9d0e60f6af24.jpg;4;19;17;prio_give_way;0;0;19;17
c12ccacea4414208a881737612cb1f6b.jpg;4;16;15;mand_roundabout;0;0;16;15
1e707b9f097b443c828c8b147c7a94eb.jpg;4;65;70;prio_priority_road;0;0;65;70
5f9ff8be3ffd4f96b8d3d2e6ee4fe1c4.jpg;4;57;52;warn_traffic_light;0;0;57;52
0989df83ffd2477482cc78bc19692afd.jpg;4;42;93;forb_stopping;0;0;42;93
87ff331368b34496a9793eeb85960cce.jpg;4;57;88;warn_poor_road_surface;0;0;57;88
c17a35144b36400f8175745549ac9de1.jpg;4;41;90;forb_left;0;0;41;90
62c668af8b5846bb9f3b4394b60b5847.jpg;4;85;106;forb_weight_over_3.5t;0;0;85;106
74df04120d6343608ca232873b0dec14.jpg;4;42;110;warn_crosswalk;0;0;42;110
5e42e3c164274f5db42468989d1cea82.jpg;4;60;51;warn_wild_animals;0;0;60;51
b2d84d4bf3c94463acd512b1dae9f9d5.jpg;4;23;26;mand_pass_right;0;0;23;26
97c3de7245334dcfba8a3fd41b4022e9.jpg;4;118;117;mand_pass_right;0;0;118;117
a43d2a91c2384cbe8bb23abd52a5d8a3.jpg;4;30;52;warn_crosswalk;0;0;30;52
4d1f82a19e1345fab417590513c86918.jpg;4;41;53;warn_speed_bumper;0;0;41;53
be59713aa3bd49a79d639c40271c7ed0.jpg;4;35;49;forb_speed_over_30;0;0;35;49
d0544e7da2d44fe4a938e002be2571ae.jpg;4;48;45;warn_children;0;0;48;45
7118a41f71ff4d6ca9509516b130cf85.jpg;4;97;103;warn_other_dangers;0;0;97;103
7dcfaab200394e0f89bf644c89a3fe51.jpg;4;88;92;warn_speed_bumper;0;0;88;92
03b9d8977e7a4fc4a59d3f72581198d4.jpg;4;90;92;prio_stop;0;0;90;92
0b756d5b61bd4ac0a367aefd64371a39.jpg;4;91;97;info_crosswalk;0;0;91;97
3bb7eab5b13947fc9d390ad2966c639f.jpg;4;98;99;forb_speed_over_50;0;0;98;99
c86bcf445959466abe492b413ef8cfe3.jpg;4;112;48;forb_speed_over_50;0;0;112;48
cd3caa9c529a4db984c5aba94379a4da.jpg;4;25;24;prio_give_way;0;0;25;24
82e5ce4cc8a7438696947605ac02099b.jpg;4;17;16;warn_roundabout;0;0;17;16
a4827ddc3f0a4af9a6b2cfcedc78f5d7.jpg;4;17;16;forb_overtake;0;0;17;16
31cb10a1540e4e64bb7d45d53fea7900.jpg;4;11;11;mand_roundabout;0;0;11;11
687d64ff869247f1bdd9afce6abe79e9.jpg;4;49;75;forb_speed_over_30;0;0;49;75
d70666c346784026802ce37527daf9d0.jpg;4;44;49;forb_speed_over_30;0;0;44;49
a5ca056ff4734bc9985d3b788afaab2a.jpg;4;35;30;forb_speed_over_30;0;0;35;30
e8f28099726b4e97993f7c0e93f5009f.jpg;4;40;32;warn_speed_bumper;0;0;40;32
7909c881ce2140fd878a703588c91328.jpg;4;63;58;forb_speed_over_30;0;0;63;58
c3ef92f4f29f493887fec0361005cb3c.jpg;4;67;62;warn_roundabout;0;0;67;62
87f94a8e7b594d67a43eec34797161f5.jpg;4;151;150;forb_ahead;0;0;151;150
8cc1c1d722444efeb5cbbe7c11ac9ade.jpg;4;114;121;mand_pass_right;0;0;114;121
fb53702edfcf48a6a25a832934baddc0.jpg;4;54;98;info_parking;0;0;54;98
c7adfee602904fa3afb41684c2ca5c9f.jpg;4;48;25;prio_give_way;0;0;48;25
9828d61f1c5c4f85afdf2d7a81e0e3c5.jpg;4;17;14;warn_speed_bumper;0;0;17;14
e4f32ac35e5c4172a2b15be500cf13fc.jpg;4;71;65;forb_ahead;0;0;71;65
628bb257414c48ea8fa93ee74cc147d7.jpg;4;28;28;mand_straight;0;0;28;28
aa58fc322c0a4d5d8a3ea757e65410e6.jpg;4;46;44;prio_priority_road;0;0;46;44
1da51d26daea468f88cd2d27c600f2e1.jpg;4;20;33;info_crosswalk;0;0;20;33
bcdf55084eb74701881cd8aa5e8e4bfc.jpg;4;53;67;forb_speed_over_100;0;0;53;67
b62ad1a6ba02443881177b02783123c0.jpg;4;107;131;forb_stopping;0;0;107;131
232ba5b19c024ec2a27fa65f0d4e4a88.jpg;4;124;129;forb_left;0;0;124;129
7d4fac6f490d4291b8f5bc4cc720df67.jpg;4;19;19;info_parking;0;0;19;19
5e48a68731a840fca6ad2e43decb4312.jpg;4;96;87;warn_two_way_traffic;0;0;96;87
0484d96ab8684c46830a387e9fcc8753.jpg;4;53;73;forb_left;0;0;53;73
95ef292f6f7b417fa54909e52d4544e8.jpg;4;23;22;forb_left;0;0;23;22
4dd643ed65be4679801e844208dffc01.jpg;4;21;23;forb_u_turn;0;0;21;23
a9490a2d216a4eea9fc321ab574fe0d2.jpg;4;50;82;forb_speed_over_5;0;0;50;82
6a181bdfb94a43108cd92e56a1e927d8.jpg;4;24;27;forb_speed_over_5;0;0;24;27
53f35a2e467c4e43a27e1bddda6c527c.jpg;4;86;115;warn_poor_road_surface;0;0;86;115
ed2ad7c2c429418dbabd6a317c2b47f3.jpg;4;90;119;warn_slippery_road;0;0;90;119
3b87e40291f24fa4ab715fd9853e4eaa.jpg;4;49;50;forb_speed_over_50;0;0;49;50
2cba00ef63ae4c0f80c976ee6bcaad81.jpg;4;84;88;forb_overtake;0;0;84;88
e8457a064b4043b6aae60d37ed373114.jpg;4;21;19;forb_speed_over_30;0;0;21;19
ab9b772739d746f58f994e40aae605f3.jpg;4;23;25;forb_right;0;0;23;25
1ad018a279984d489a3827450a35680a.jpg;4;27;26;forb_overtake;0;0;27;26
e5d47693e16c41b888dbed0c3db8cd93.jpg;4;27;25;warn_slippery_road;0;0;27;25
a71b416dd27145f488cdc0f8a55f6fdf.jpg;4;49;52;forb_speed_over_30;0;0;49;52
015b3e0c04ea46c3a8e7b90e6200c374.jpg;4;57;50;warn_children;0;0;57;50
a537da2a4ea647eeb39dcce596881fd1.jpg;4;20;18;prio_give_way;0;0;20;18
7d9c7383f82a4a1e8d9dd9a836c7980c.jpg;4;18;17;mand_roundabout;0;0;18;17
9b320d8879574fb8b17b222847877eb2.jpg;4;15;15;mand_roundabout;0;0;15;15
f175b1fc63184a55aad75b5bad536cd3.jpg;4;18;18;forb_right;0;0;18;18
d70bb791153f4f189bf65076a6c2f835.jpg;4;6;8;info_crosswalk;0;0;6;8
2415c5468e1b4f0ead84583c715ac391.jpg;4;25;27;forb_right;0;0;25;27
bcabd22ee1f64038958ffa9c14942ce9.jpg;4;32;35;prio_priority_road;0;0;32;35
89bc0128ba804abf9b4677d70d1c5fe3.jpg;4;96;73;prio_give_way;0;0;96;73
4939a3ec3b064b08b1d070411744a014.jpg;4;15;15;mand_pass_left_right;0;0;15;15
b6c35aff43744b349276827dc07fe241.jpg;4;18;52;prio_stop;0;0;18;52
621ea57843db4cfe8fcee01b56cc4f01.jpg;4;21;49;mand_right;0;0;21;49
998abd6a73f547de8cd54747f88be985.jpg;4;37;39;forb_speed_over_10;0;0;37;39
99a917bce4be45db9c3b0d792fa499fd.jpg;4;37;39;info_one_way_traffic;0;0;37;39
75a7392cba8141a3a3d649eaf8fdf6f0.jpg;4;11;16;info_parking;0;0;11;16
d308f0896126404f839500b8c8401a5e.jpg;4;59;66;mand_pass_left;0;0;59;66
27803ba2dd534c35a8fee89ea41bd182.jpg;4;23;22;mand_pass_left_right;0;0;23;22
453bc81cb15849c5b9ea9a1ad33097d7.jpg;4;65;72;warn_children;0;0;65;72
a63fe6bd8a0645878335e3a7b5f85a2b.jpg;4;60;71;forb_speed_over_50;0;0;60;71
39486d134fe34dea9c342da207184b80.jpg;4;51;73;forb_u_turn;0;0;51;73
0c84927973604fcbae91148cf8f35636.jpg;4;76;79;warn_speed_bumper;0;0;76;79
28c7d5a2afe04fc9a32b2e3564872c62.jpg;4;100;91;forb_speed_over_30;0;0;100;91
3c8d9d66ea5b4fa49fe707d4dbd3fefd.jpg;4;64;58;warn_crosswalk;0;0;64;58
e5f22c9d261b492aa461b86aef9fba50.jpg;4;52;45;warn_other_dangers;0;0;52;45
bd10d36f835b4219b6a16261726e13aa.jpg;4;49;44;warn_speed_bumper;0;0;49;44
b80800dd7a554e8c87de682e1068d435.jpg;4;24;23;forb_right;0;0;24;23
1f103fb0b94249e3a1b65e2e08f4fe1a.jpg;4;24;46;info_parking;0;0;24;46
745183abcf2a48e9aea9361ac6cf6a35.jpg;4;24;26;info_one_way_traffic;0;0;24;26
59ed8aa8e3154a1c91c85647c3880c0f.jpg;4;24;36;info_crosswalk;0;0;24;36
5761d884ae4242ef9fe76052588dc6c1.jpg;4;20;31;info_one_way_traffic;0;0;20;31
5fd53f5fdde945848a24c9757a1e9d32.jpg;4;28;43;forb_weight_over_7.5t;0;0;28;43
30a1a594a5e04563a55c3900ae65ed46.jpg;4;10;21;forb_ahead;0;0;10;21
39a5711c483e46f08de2d10ce6dd56ed.jpg;4;28;42;forb_trucks;0;0;28;42
33061b8552224f33a92593bc6c97aadb.jpg;4;128;190;mand_pass_right;0;0;128;190
789db87ba2b44d48af57527d27c846ae.jpg;4;58;61;forb_right;0;0;58;61
c1c063d2117a474d8658d168371cbe9c.jpg;4;63;62;forb_stopping;0;0;63;62
1c736098c0434c7493313dd009fd5ee7.jpg;4;23;27;forb_ahead;0;0;23;27
357a6f98c63b4702be60f316638a41da.jpg;4;32;37;warn_construction;0;0;32;37
27e2bb215a924629bc8a38756fe303a4.jpg;4;43;85;warn_poor_road_surface;0;0;43;85
09da3698a7d34e6c906f69e0fd2e2885.jpg;4;26;48;forb_speed_over_50;0;0;26;48
c06d056882d6493b87da5981cf794cfd.jpg;4;54;55;info_one_way_traffic;0;0;54;55
a4edee9fdc2841318183b4ffddb9e384.jpg;4;58;58;mand_pass_left_right;0;0;58;58
7f82067ebc5b4cc4a5f562eb3cc76be8.jpg;4;49;48;warn_slippery_road;0;0;49;48
8dc338ab065c405a962bed15ef6bd6aa.jpg;4;42;50;warn_construction;0;0;42;50
77affc4098c64d3ca7aa8123bf4df34a.jpg;4;34;39;forb_speed_over_30;0;0;34;39
06e8edc783414726a63c49c09d700cad.jpg;4;101;106;forb_left;0;0;101;106
9004c7681e5e4b3bb427ed7778efb403.jpg;4;55;74;mand_left;0;0;55;74
77ef2f8e069e48258732bd4d8c776f31.jpg;4;65;72;prio_give_way;0;0;65;72
86775daa33d54f92a72d6acc6f88aefa.jpg;4;37;39;info_one_way_traffic;0;0;37;39
3d5e5da66ec7496ab2988a5a008102dc.jpg;4;48;65;info_bus_station;0;0;48;65
3408d033cbe342dba3ba156e68a5c7fb.jpg;4;25;27;forb_weight_over_7.5t;0;0;25;27
e11771eaa5f843228437d79add283b30.jpg;4;34;32;forb_weight_over_7.5t;0;0;34;32
8e1d0ba2d76a494aa0f9cf7934d34c25.jpg;4;91;98;mand_bike_lane;0;0;91;98
faecddaa28444a2080056b2b61cff678.jpg;4;104;82;mand_pass_right;0;0;104;82
0cbfab986189481b92a064065313cdc7.jpg;4;53;56;forb_speed_over_70;0;0;53;56
14afede29c30462e91c022a92a6171a2.jpg;4;44;43;prio_give_way;0;0;44;43
d02c633319734ca1a359da763047ec5f.jpg;4;54;56;mand_straight;0;0;54;56
c21c066b45b74f1db62c3e5fb6923817.jpg;4;208;222;forb_speed_over_50;0;0;208;222
4fe4c83804064c73af05b9b6795ac9cf.jpg;4;220;207;warn_roundabout;0;0;220;207
4cc95f7378154615bae93cbae7497b6e.jpg;4;30;27;prio_give_way;0;0;30;27
caecd992f12d498b97a5f470c81cdc2f.jpg;4;18;22;info_highway;0;0;18;22
99a438301bef47eba98eb2d569b75280.jpg;4;43;39;mand_pass_left_right;0;0;43;39
7bc7b39424314e6b8195e72c3ac79880.jpg;4;40;39;info_crosswalk;0;0;40;39
1c38b3f949cf4ecba268e2b76195a35c.jpg;4;36;33;prio_give_way;0;0;36;33
24894723eccf4c059c329e5e1d9316af.jpg;4;38;36;mand_right;0;0;38;36
d83257f3db86433c821df84b59c2757e.jpg;4;49;54;warn_roundabout;0;0;49;54
65815db9f8c141579a5ada3b92fc2eff.jpg;4;45;51;forb_speed_over_30;0;0;45;51
2fb47dea8d4f48808a5fe03efdfeb530.jpg;4;6;6;mand_roundabout;0;0;6;6
58029d7e2aac4f2fafdb116916a79ba0.jpg;4;6;8;prio_give_way;0;0;6;8
a27d7275301a4e2784bd0cbeebfe9e0b.jpg;4;21;43;info_bus_station;0;0;21;43
068692ab16914438936cd80553f9aa74.jpg;4;17;18;forb_speed_over_30;0;0;17;18
63159274f9dd4cb0a32dd31b4ee1ae43.jpg;4;31;36;mand_pass_left;0;0;31;36
cd0be3e149ce4d479fe6edf5916957aa.jpg;4;25;23;mand_pass_left;0;0;25;23
81080479e92e493f9d5d347bd4466247.jpg;4;56;57;mand_pass_left_right;0;0;56;57
ab769d29a3ff4a30bb3eea07e8ca40d1.jpg;4;55;46;prio_give_way;0;0;55;46
ab70d30e18de4e58b8b7cd880920ad11.jpg;4;41;38;prio_give_way;0;0;41;38
5311c409db9449f19131cbd89621485e.jpg;4;20;30;warn_tram;0;0;20;30
5c81fcbb70b449a5bc1d31bdaad8fabc.jpg;4;47;49;mand_pass_left_right;0;0;47;49
9db04a2ba75549819b5fca28fe5101f7.jpg;4;8;7;mand_straight;0;0;8;7
a1913eee9f76495ea04d9f0768473e9e.jpg;4;13;12;warn_cyclists;0;0;13;12
ea92b66ac50f43cda07dbe7de7016c93.jpg;4;13;13;forb_stopping;0;0;13;13
37da8d8c642d46f9be90e2555239d509.jpg;4;37;44;forb_overtake;0;0;37;44
98a70ea3f9fe4f3dbae6e6db4ed5206d.jpg;4;21;28;info_bus_station;0;0;21;28
475818a81b30490eb509706e11aae699.jpg;4;51;47;warn_wild_animals;0;0;51;47
eda5fa546769475ca4864e00ad5187d8.jpg;4;46;51;info_one_way_traffic;0;0;46;51
2b2c2d4e4597428a9784c2eacca07be9.jpg;4;45;46;forb_weight_over_7.5t;0;0;45;46
99c71c72f7db4c75a070b7a218af06cb.jpg;4;82;95;info_one_way_traffic;0;0;82;95
f71e338604544fd4b283f0773aab3864.jpg;4;73;83;forb_speed_over_30;0;0;73;83
45639ca8b77c492a9862cd183d457858.jpg;4;66;62;info_one_way_traffic;0;0;66;62
24250c6b28d34803a32d291857d62892.jpg;4;40;37;info_crosswalk;0;0;40;37
14ec0609eab4477c86e0d98d26094db1.jpg;4;74;70;info_crosswalk;0;0;74;70
fca1c0b698ac4ce08d4c4805215bc104.jpg;4;24;28;forb_speed_over_30;0;0;24;28
a0cbab81c20a467c9d2cab49f5f98124.jpg;4;27;28;warn_speed_bumper;0;0;27;28
b7934efa370944cfbaf1e9cbfaf3b3ce.jpg;4;8;8;forb_right;0;0;8;8
5f485be947774ec88594e0e1d8a1f6af.jpg;4;24;46;forb_speed_over_80;0;0;24;46
17ec4f06e6e545b29b4314eddcd1c8f7.jpg;4;21;48;forb_speed_over_130;0;0;21;48
b6d876ce0868465996de239e8e53d6f4.jpg;4;10;25;info_highway;0;0;10;25
58fb2bd2277a4c89ba33ea764043352b.jpg;4;135;143;info_one_way_traffic;0;0;135;143
0cbf4ad021dc4fe7bb5373d150c1749b.jpg;4;601;517;prio_priority_road;0;0;601;517
bbddde8f295b4228ad7f06b32c4a024b.jpg;4;147;142;prio_stop;0;0;147;142
8584bb0729ca43dea8b0b4e67b330093.jpg;4;100;108;forb_left;0;0;100;108
6078890d89de46ad9c40bc3f644c0a59.jpg;4;98;126;info_crosswalk;0;0;98;126
045667af6c654cc782f3777158f2d760.jpg;4;108;132;info_one_way_traffic;0;0;108;132
5818a7c122ef4563a09c1bb46d036666.jpg;4;38;41;forb_speed_over_70;0;0;38;41
2e3b6060ffec4066935edbd55c8b54c4.jpg;4;87;68;warn_roundabout;0;0;87;68
d642814145644e338deee542719f7131.jpg;4;75;80;forb_speed_over_30;0;0;75;80
5f48c827fe93482fbe09f84137adb19d.jpg;4;15;16;forb_right;0;0;15;16
3275bfca8cc2474dbef600e15bbe02d0.jpg;4;140;126;prio_give_way;0;0;140;126
bf85d17a12d840398fd4bc66cc6122b0.jpg;4;31;32;warn_crosswalk;0;0;31;32
0d7f3e6cb99a40b5a86e9aba2d8d11bc.jpg;4;22;34;info_taxi_parking;0;0;22;34
c2700369e2a8488a9aa40d0dd7c4b386.jpg;4;139;148;forb_speed_over_70;0;0;139;148
d5d517b30be24c85a04288654cb5dc74.jpg;4;73;82;forb_right;0;0;73;82
4f953fb18b384fb1af74f0386440fca3.jpg;4;149;154;forb_ahead;0;0;149;154
b74bdf46ae2744b08ddcd0efa42c50a1.jpg;4;27;27;forb_left;0;0;27;27
43d20986d535493e989413b396293805.jpg;4;31;27;warn_crosswalk;0;0;31;27
981d753cee0b45f189539155f0a4c00d.jpg;4;9;12;info_parking;0;0;9;12
173a412ead0f46ab9ac70bbdf11856e9.jpg;4;12;13;info_crosswalk;0;0;12;13
2d86f1d9b1c24240876f33551f0b22b7.jpg;4;44;64;forb_speed_over_130;0;0;44;64
7a7d512214cb42719fe976d5912b364e.jpg;4;18;30;info_highway;0;0;18;30
4f50fe2c3f7443f6ba3f1cf1f83d28d7.jpg;4;45;61;forb_speed_over_80;0;0;45;61
8fa6e457cfae4a9a972c138831ce7ecc.jpg;4;64;84;forb_left;0;0;64;84
16440b2ea6df4ea8b032f9d64feaebfe.jpg;4;38;56;info_parking;0;0;38;56
60552b771e9b424d80b4fecc3db72a7f.jpg;4;98;40;forb_speed_over_70;0;0;98;40
6e855ff33b8b4b5693eb7f93e27579ea.jpg;4;32;35;forb_speed_over_70;0;0;32;35
9dcf31c7a5764863b03961d897007d00.jpg;4;37;31;warn_poor_road_surface;0;0;37;31
74d5c5efc5084bc78a7ed2cdc495fc98.jpg;4;6;7;prio_give_way;0;0;6;7
597ae50edcec484bb154a0cb12cf5886.jpg;4;55;55;forb_stopping;0;0;55;55
82143722c0f04e9bbeafc60d9aa65c2f.jpg;4;46;51;forb_right;0;0;46;51
22b2bc31d2f64cc6990e5de751a095f7.jpg;4;67;69;info_one_way_traffic;0;0;67;69
acde5563391643b4934cf714d4a9807e.jpg;4;52;51;forb_speed_over_30;0;0;52;51
357cf3f6b88b4cd285f2168f0105ee06.jpg;4;52;51;warn_crosswalk;0;0;52;51
46a4fe6017e94fa2b0f4c3d17b220031.jpg;4;101;163;mand_straigh_left;0;0;101;163
e3a610b3e13644f3b59107e655113f80.jpg;4;60;58;prio_stop;0;0;60;58
76cbf4bd03c14122bb1ba80caca6e453.jpg;4;57;55;mand_right;0;0;57;55
87569d5bf1b040d9bbb523fddcce9383.jpg;4;45;40;warn_domestic_animals;0;0;45;40
6534b24ee6334b2997bd720fd939b2fe.jpg;4;48;40;warn_poor_road_surface;0;0;48;40
641f223cbe994c81893618dd7ec367e2.jpg;4;45;37;warn_wild_animals;0;0;45;37
72a05578369442adbfdac71c7a271f87.jpg;4;31;34;forb_speed_over_5;0;0;31;34
5e62371466bf4fbba1ecd0c3c198c31b.jpg;4;60;98;info_parking;0;0;60;98
74456bde81074a059769b237100935f4.jpg;4;39;36;warn_two_way_traffic;0;0;39;36
e911ff3025134158a1365fd4312c59e7.jpg;4;60;70;info_crosswalk;0;0;60;70
3544653fbec840ceb6dc48f9b43a8d3e.jpg;4;32;39;warn_construction;0;0;32;39
9c34b63546f04897ac4db6d9a48327b3.jpg;4;67;82;info_one_way_traffic;0;0;67;82
bd90afc1c7cf44a7918e58193a0fe804.jpg;4;72;72;forb_weight_over_3.5t;0;0;72;72
89b3eb2100064d568b2cbe17f2a2c8d6.jpg;4;68;77;warn_crosswalk;0;0;68;77
04207594ad744c8aa01cebbb3d93a793.jpg;4;39;41;info_crosswalk;0;0;39;41
d5b9e90428fa4e59b8ac7ba81b100c42.jpg;4;34;33;forb_ahead;0;0;34;33
2fcd4e6cffad46dcb4a5ecc3991221d4.jpg;4;31;34;mand_pass_right;0;0;31;34
3513c5044fba4a6d983c9e71b56c37aa.jpg;4;15;20;info_parking;0;0;15;20
540d8cff4ffc44b480438303a598ba03.jpg;4;21;30;forb_speed_over_5;0;0;21;30
02f3d22fbafa4af681541b88f5805abe.jpg;4;157;230;prio_priority_road;0;0;157;230
62dbc6199a8846a3b9fb09b6534a69a4.jpg;4;104;169;info_crosswalk;0;0;104;169
bcab2a50bafd4574987279e57c794d56.jpg;4;93;131;forb_speed_over_50;0;0;93;131
969e09c5b5ef44fe9bae7e633b41a91b.jpg;4;98;97;mand_roundabout;0;0;98;97
1cd13a9ad7fe41b5a83f30962c46b7e9.jpg;4;140;125;prio_give_way;0;0;140;125
c8d6ef54b1194167bb3e21f2110f840b.jpg;4;43;46;forb_speed_over_30;0;0;43;46
30cb9ee45372405f9af23907d4ab3317.jpg;4;33;34;forb_weight_over_3.5t;0;0;33;34
8be8f27505aa44688c8fb2f1e6a30ed0.jpg;4;50;48;warn_speed_bumper;0;0;50;48
7062c70e50624a55adc21b83faf62cb9.jpg;4;38;41;info_one_way_traffic;0;0;38;41
c888cb2057dd4929bd8b257d4f3a6273.jpg;4;57;54;info_crosswalk;0;0;57;54
4aed2b020342445cb5694f5c3544d4c7.jpg;4;53;48;forb_left;0;0;53;48
d61fa62fcd2a413aa81adffce15eae62.jpg;4;50;45;prio_give_way;0;0;50;45
49ccf14f67f84778a520a8a386c9b4fc.jpg;4;31;42;forb_left;0;0;31;42
32d47bc7a9f148c899d23cfad494892c.jpg;4;41;40;warn_traffic_light;0;0;41;40
8b87369ae396437a9d76324bd916ced8.jpg;4;83;109;info_bus_station;0;0;83;109
b6a72f537d874ba8abc71d0ddb58d756.jpg;4;40;39;forb_right;0;0;40;39
ea2b5a9c6e654d668cc8a1024e70cb91.jpg;4;31;37;prio_give_way;0;0;31;37
c457f76744e14b3c93a70fc669808527.jpg;4;38;38;mand_left_right;0;0;38;38
bcc194003eb04e71b7cec693c980f605.jpg;4;179;81;forb_speed_over_80;0;0;179;81
2d0c931fec9c4e7fa96dddddd4715692.jpg;4;36;57;forb_speed_over_80;0;0;36;57
b590da13bbe14bf2b6c14e7cf44d7c64.jpg;4;18;22;info_parking;0;0;18;22
a6959c1c63ac488da6e5c48386c57267.jpg;4;15;19;info_parking;0;0;15;19
9bdfccfa5ed34c62b610b9200b0c2bec.jpg;4;15;19;info_parking;0;0;15;19
1632330638044f2da385752a81c827fa.jpg;4;18;20;info_one_way_traffic;0;0;18;20
163f68baf463444ebe458227e42d93f0.jpg;4;27;24;info_crosswalk;0;0;27;24
89cb2e0a913640f694b5b7f929fd00b1.jpg;4;66;38;mand_pass_left;0;0;66;38
bda7928485bf4f7ba97d3fef1140b204.jpg;4;131;137;mand_pass_left_right;0;0;131;137
6cd123bc4fe94e5cbb74259c7c8831e0.jpg;4;75;138;mand_pass_left_right;0;0;75;138
cbe082bb2b844c10979229d8145af0f2.jpg;4;29;29;forb_speed_over_5;0;0;29;29
6d047132582946ecb9c181c9f8bec586.jpg;4;40;36;forb_left;0;0;40;36
e542a2c38fda4d639129b6ba956e481f.jpg;4;26;26;forb_left;0;0;26;26
208d9e76f1294e52a50b57f6c134efdf.jpg;4;27;26;forb_stopping;0;0;27;26
9f9220a9aa1b4cf683ffc1de5daefda7.jpg;4;30;28;warn_children;0;0;30;28
854d18f8378243faac544d254c5fb7aa.jpg;4;42;37;prio_give_way;0;0;42;37
48c2ea168baa4dcbb1aefc66fe0dc590.jpg;4;23;24;info_crosswalk;0;0;23;24
c134d2026e4c44c0828987fb1e240126.jpg;4;138;150;forb_stopping;0;0;138;150
d77cd039d45d44b28a7140748b7502be.jpg;4;17;17;info_crosswalk;0;0;17;17
1ea7601aef9d46b5aa55e3e467f043a2.jpg;4;13;12;mand_roundabout;0;0;13;12
374a5176a1b546b580f3cdc7dba5163c.jpg;4;22;20;warn_roundabout;0;0;22;20
e38c9ff518534896898244d1b305af29.jpg;4;32;29;warn_crosswalk;0;0;32;29
e5ed5500058d45c7b222ca6f6bd25e36.jpg;4;21;22;forb_speed_over_30;0;0;21;22
7a142e4b7d484679b8c2ffc37a86faf2.jpg;4;53;81;warn_construction;0;0;53;81
8b0a7efce1464dd180746e80251a2176.jpg;4;23;25;forb_stopping;0;0;23;25
fbd61a81692946ae8ef1c5f604ba1dc6.jpg;4;42;43;forb_overtake;0;0;42;43
48bb0f9320614f0f8c5d5e2d3246ed4e.jpg;4;174;171;forb_speed_over_30;0;0;174;171
1b86b64b8d534a7eb9f82017715d7c38.jpg;4;35;48;forb_speed_over_50;0;0;35;48
0a8165111923477e94b8efa5c3488dca.jpg;4;34;45;info_bus_station;0;0;34;45
efedd54f16524b51aab9fc625e378308.jpg;4;37;34;forb_speed_over_30;0;0;37;34
32effee364a64e1eb3b87b99d32c323b.jpg;4;66;66;mand_pass_left_right;0;0;66;66
7d79a56e870e48c791493bb4262f895a.jpg;4;38;34;warn_roundabout;0;0;38;34
c83ffca3bc5149bfbbb9cc727c84e04b.jpg;4;18;17;prio_give_way;0;0;18;17
adc9cc52f09a4a489c23caa377df8774.jpg;4;14;14;mand_roundabout;0;0;14;14
7598b523f4c2495abaa401a97c6b5054.jpg;4;18;28;forb_ahead;0;0;18;28
3ef29c33517f456a9a634f1ee9d2dba0.jpg;4;68;66;prio_priority_road;0;0;68;66
2b31878ee837408dbc299c33db72f407.jpg;4;64;52;info_crosswalk;0;0;64;52
fc17118fb7d5431eafaf1e8bd8cc1e55.jpg;4;15;14;info_crosswalk;0;0;15;14
6a1c2febc5934e5ca9b906f743210241.jpg;4;36;34;warn_children;0;0;36;34
1944e31c82b145fdb105657dd701c853.jpg;4;14;15;info_crosswalk;0;0;14;15
dc87a3ec1c67418bb30c57b2834d31fa.jpg;4;74;90;mand_straight;0;0;74;90
1856ad92b27343cabfef5ab3a4981600.jpg;4;162;187;forb_stopping;0;0;162;187
01e5d84d74a249b6ac34fa68ef5517ed.jpg;4;159;192;forb_right;0;0;159;192
860512cef27d446f99808b66eb33c023.jpg;4;64;63;forb_right;0;0;64;63
8eb3a1aa9a3947eeb147d1cc571d1a85.jpg;4;26;26;info_crosswalk;0;0;26;26
77dfab1d4bde45338ca6758a22cf5edb.jpg;4;15;16;forb_stopping;0;0;15;16
6a7d943e746546108a6aabaa7bd5c668.jpg;4;139;131;warn_other_dangers;0;0;139;131
9457dd05db374651b0f91d59040ccc20.jpg;4;62;68;mand_pass_right;0;0;62;68
203f0a8c389f4450aa2339fba2909b81.jpg;4;56;116;prio_stop;0;0;56;116
b76e77ac4bb24af39b38dec613393447.jpg;4;91;91;forb_right;0;0;91;91
6ed894b1a96444b19f2bc9652cdc7cb4.jpg;4;33;28;warn_roundabout;0;0;33;28
5db6bf9520f047eeae2140f4f7e255f6.jpg;4;31;27;forb_speed_over_30;0;0;31;27
c0d3e85347b2468896bda1b749912d36.jpg;4;80;87;forb_stopping;0;0;80;87
8be803bafbfd493aad88a938b6fc45ba.jpg;4;95;87;warn_speed_bumper;0;0;95;87
96facc1f90e74817a452370c457b5565.jpg;4;18;18;info_crosswalk;0;0;18;18
fea3d4456aac4718b830c4aa80a3632e.jpg;4;13;14;forb_stopping;0;0;13;14
c26ea32b903345088f518d2c785d6b50.jpg;4;91;80;warn_wild_animals;0;0;91;80
61a9f871c73a40459a8b92e5b9b69c29.jpg;4;114;98;info_crosswalk;0;0;114;98
8617e84fdd704d86aac058c9542a8c69.jpg;4;101;95;info_crosswalk;0;0;101;95
0a39b61bf78b405f9f226911ee42ef43.jpg;4;38;56;forb_ahead;0;0;38;56
48448953a0654fa49dadfa4b91921a84.jpg;4;47;128;info_bus_station;0;0;47;128
b7074e3c7bec43189f84715531e5ff0e.jpg;4;26;34;forb_ahead;0;0;26;34
3565e03dfcc14a3681cd51d89f62ab6c.jpg;4;53;52;warn_children;0;0;53;52
5801b0ef2c984a2e82464ef897e67172.jpg;4;47;52;forb_right;0;0;47;52
11362eb2fb9f46e5a7918325e74bc1c0.jpg;4;152;152;info_crosswalk;0;0;152;152
d4f0da447c48446282f76da1914dbd68.jpg;4;112;124;warn_cyclists;0;0;112;124
bbc12a5b9e3246cd82c1adb7f59e3fe1.jpg;4;44;38;prio_give_way;0;0;44;38
956bc733957f497f8ee1acbb6120bc78.jpg;4;43;37;prio_give_way;0;0;43;37
29c2666589c74ddda6950ad682471878.jpg;4;31;31;forb_speed_over_50;0;0;31;31
040bc43e819448829e67504da6fd8a24.jpg;4;28;29;forb_speed_over_50;0;0;28;29
8ccf1b2f64f14149a87014425b0dc9b8.jpg;4;32;39;mand_straight;0;0;32;39
b78dac94fc5b447891ae478e8bbecfa1.jpg;4;41;35;warn_slippery_road;0;0;41;35
a7107ecbd54944c09e710dea73032776.jpg;4;129;55;prio_give_way;0;0;129;55
5e2347ba291541ca8b7728a50f9b0a5e.jpg;4;206;396;forb_u_turn;0;0;206;396
01be5233f61a4bcdbfae7f1ab661506a.jpg;4;71;73;info_crosswalk;0;0;71;73
01ad3339164d4a6796847ba2479bce37.jpg;4;20;22;info_crosswalk;0;0;20;22
7990014385104b37909a7d984eec248e.jpg;4;70;64;prio_give_way;0;0;70;64
69213dae0b714ae5897a8a707c87cb5e.jpg;4;39;41;mand_pass_left_right;0;0;39;41
0e0ebb9c1b4744cf9a6e9bca99b0241e.jpg;4;30;32;info_one_way_traffic;0;0;30;32
5d5fc1be7d0a47d28f2afa10139c1928.jpg;4;28;30;forb_speed_over_10;0;0;28;30
2f86db5b34c74e67a23909cf1fc40cd8.jpg;4;8;14;info_parking;0;0;8;14
cd0742cffa0541aa987729595e7e60ff.jpg;4;25;21;warn_slippery_road;0;0;25;21
07f47c73dfb54962b4c6cb58e282b129.jpg;4;25;21;warn_poor_road_surface;0;0;25;21
44c5228c02f04571bf4204a334cae969.jpg;4;25;53;forb_ahead;0;0;25;53
6fcc3efde62446a5884ad8872529617a.jpg;4;58;106;info_bus_station;0;0;58;106
265c4b3578114bfeb10a6042d5743cf1.jpg;4;66;65;forb_speed_over_30;0;0;66;65
d266b49bc16f4b1084c732c7b8299ad6.jpg;4;43;57;info_crosswalk;0;0;43;57
223d7a4a97fd48b696216b170c94d8a5.jpg;4;37;53;info_bus_station;0;0;37;53
7defe2f8831641379a8eb915c955578c.jpg;4;116;107;warn_construction;0;0;116;107
d5b73f861bb54f0bb4612fdfcd6ffcb1.jpg;4;47;48;forb_weight_over_3.5t;0;0;47;48
83b12ad77701475496d276a12541128e.jpg;4;50;54;forb_ahead;0;0;50;54
50dff157fff44f62bf02ec49b47a22ac.jpg;4;28;23;info_one_way_traffic;0;0;28;23
f25e8457e93d47dab3be243dfc86f741.jpg;4;231;222;warn_two_way_traffic;0;0;231;222
071e4b29027249c391282ab748e2aa50.jpg;4;232;230;forb_speed_over_40;0;0;232;230
60d5e3f30c90458b95542b40a46b909d.jpg;4;145;208;forb_speed_over_30;0;0;145;208
456bf3fe81d44130b1c7a942b51efef8.jpg;4;152;211;forb_weight_over_7.5t;0;0;152;211
434b5b463f874ac7bb44003d57e5a598.jpg;4;44;41;warn_wild_animals;0;0;44;41
70b993e608934a639951b5c36f30372d.jpg;4;43;40;warn_speed_bumper;0;0;43;40
88c9cdccbf9143f0aec13dc684709797.jpg;4;20;20;forb_overtake;0;0;20;20
f0291acff0d348c4b73c9189225a51ae.jpg;4;113;118;forb_speed_over_30;0;0;113;118
73e6c8ef25464449a68031ea8e046356.jpg;4;61;60;forb_left;0;0;61;60
1cd233a7dc624c6fb85be15979b38cbb.jpg;4;47;55;info_crosswalk;0;0;47;55
ff5cc026f29f40cd986e772375105895.jpg;4;50;71;info_parking;0;0;50;71
630b208fd5804eedb0a23808c79bc591.jpg;4;47;52;prio_give_way;0;0;47;52
63f565ffdd514bcdb50b82b5dbb8b525.jpg;4;152;138;prio_give_way;0;0;152;138
450cb5b1c78548a1aab0397c082d4f49.jpg;4;30;90;forb_left;0;0;30;90
eda9a8ace2e04349bc51bed4c1ba3391.jpg;4;10;10;mand_pass_right;0;0;10;10
38c08a34de2d4577a1ff7c1c841a7430.jpg;4;27;23;warn_slippery_road;0;0;27;23
c21fdcc0c7194abca8350e07d8083642.jpg;4;26;22;warn_other_dangers;0;0;26;22
02b717311bb246c1a3d1e2dfef95b8e0.jpg;4;43;44;mand_pass_left_right;0;0;43;44
1b6eac31fc00479a9bb7609820c05083.jpg;4;25;23;prio_give_way;0;0;25;23
7b866f53d3e14e0ea5ebee959f9d8476.jpg;4;14;14;mand_straight;0;0;14;14
76cc407c57d44ec2945a01d053a0ec66.jpg;4;10;12;mand_straight;0;0;10;12
9ef5ac973f9e44d4838e6f1b4996953b.jpg;4;12;11;prio_priority_road;0;0;12;11
8b083fbd0da34c048707ad8e63819b20.jpg;4;31;28;forb_left;0;0;31;28
2ece6477a69647d79a28c4400dcc4bb8.jpg;4;37;33;info_crosswalk;0;0;37;33
3f69eeb377614b9ca0892e0a09dfd514.jpg;4;28;52;forb_stopping;0;0;28;52
267735dc4acc42c680960c788a8004ae.jpg;4;54;59;forb_speed_over_5;0;0;54;59
ab4d9361334741e999b5fda58ecfd843.jpg;4;212;215;mand_pass_left_right;0;0;212;215
dad3e98374524ea2822c1f15560f0540.jpg;4;109;122;forb_speed_over_130;0;0;109;122
56c55c8a54c6442ebdf472aba9714fa3.jpg;4;100;120;info_highway;0;0;100;120
0647cc0b3ade409fac6ec13674bf1f5c.jpg;4;21;19;warn_children;0;0;21;19
3d324a9c740341a5a0a09c9234b63267.jpg;4;108;143;warn_construction;0;0;108;143
c8444cabc53d46df8471a07805410ffe.jpg;4;107;149;forb_speed_over_70;0;0;107;149
f569831af3c54cc585592d8cb990340c.jpg;4;40;38;forb_weight_over_7.5t;0;0;40;38
0d738442aad248999232b2f57761ba46.jpg;4;123;128;forb_speed_over_100;0;0;123;128
ae95fee0541d484d8e5dd02ea9eab725.jpg;4;67;117;forb_right;0;0;67;117
ac131a6d240b43d7b8aac2f35bc74f80.jpg;4;123;111;warn_children;0;0;123;111
ce86ceb54afd4100bdb1d35811bcdcda.jpg;4;75;102;info_crosswalk;0;0;75;102
fc17d88c69c34cca8e4f3478eae1a4ca.jpg;4;51;62;forb_weight_over_7.5t;0;0;51;62
6e2e2cabe52643e7abcabf9ea3c9e1ec.jpg;4;25;23;warn_poor_road_surface;0;0;25;23
b9b17e4713564c9faa2127aa98a9678a.jpg;4;32;35;forb_overtake;0;0;32;35
d74cb54462714452a4f1d5a557f27304.jpg;4;62;84;forb_stopping;0;0;62;84
5199e39ac99e4560a5567442bdb7cc32.jpg;4;27;24;prio_give_way;0;0;27;24
ae145daf403647bda82edea13a0cd90f.jpg;4;15;16;mand_left_right;0;0;15;16
c36a8dff52f141268a12d34cc9b5a923.jpg;4;68;62;warn_roundabout;0;0;68;62
1c8f4869f62d41db8a97f81c75327126.jpg;4;101;48;forb_speed_over_30;0;0;101;48
8f81b70519a542738ee4be739578527c.jpg;4;61;60;forb_speed_over_30;0;0;61;60
e94be14dfe3a47acaddb9ecf50eb3238.jpg;4;15;14;prio_give_way;0;0;15;14
f0bfe4812939439e89080bdd316da043.jpg;4;12;12;mand_roundabout;0;0;12;12
a7e5c13647c34245883f70289abffad2.jpg;4;11;19;info_crosswalk;0;0;11;19
b20ef794c84742648ce362330e70df7c.jpg;4;84;91;info_crosswalk;0;0;84;91
206543b229b847aab2e5a5497e2b56d3.jpg;4;34;36;forb_speed_over_20;0;0;34;36
ed085f4e97044a4ba9950553d93936f6.jpg;4;59;112;forb_speed_over_5;0;0;59;112
7bf6ba9095a243deb4c91636cc041f2d.jpg;4;47;46;forb_speed_over_40;0;0;47;46
72d29ae4b0284cf3a2fa14de8691926a.jpg;4;63;88;info_crosswalk;0;0;63;88
6b2d8909734e421b9bd45ff5cd8580ea.jpg;4;68;86;info_one_way_traffic;0;0;68;86
95dfb1726b3344acb1623aa858201ca1.jpg;4;70;84;forb_stopping;0;0;70;84
030a62f12c014fd1b8af4d2ac80c41ff.jpg;4;66;75;forb_overtake;0;0;66;75
0bacde87f6a24b3ab1f1663f42aed6a8.jpg;4;40;39;info_crosswalk;0;0;40;39
822ec07d42514f83b2c292429e6fd84f.jpg;4;38;45;info_bus_station;0;0;38;45
9196fd5dc67a4c699d5559843350869f.jpg;4;177;54;prio_give_way;0;0;177;54
8b98b44daf494f2abb8b777ba21e5a3c.jpg;4;171;73;prio_give_way;0;0;171;73
85cb7a0c89a14634b9c31bb7d247b906.jpg;4;28;32;forb_speed_over_5;0;0;28;32
fd51244b66794faabff10aa2f36cb844.jpg;4;63;67;prio_stop;0;0;63;67
bed455a9f6db482b87ad7774aada9397.jpg;4;61;69;mand_right;0;0;61;69
585c614b118946558731860e2b18204f.jpg;4;76;76;info_crosswalk;0;0;76;76
97f477855eed4856baf4b13b5aa767b2.jpg;4;20;24;forb_ahead;0;0;20;24
67d4e5f866044a609077721b6ea01306.jpg;4;37;35;warn_other_dangers;0;0;37;35
f8c3c98fb019472e96bf80a7d29872f3.jpg;4;37;34;warn_speed_bumper;0;0;37;34
e1d542e7dbc846378509afdb80257fa5.jpg;4;39;43;forb_speed_over_5;0;0;39;43
fbe47ef94611401b8045edbc22242477.jpg;4;37;40;forb_weight_over_3.5t;0;0;37;40
74a06f3e93d8475f9eead1276ee13dc5.jpg;4;13;14;info_crosswalk;0;0;13;14
61e2d4f130d04b72825f29bf2a72cf8b.jpg;4;12;13;info_one_way_traffic;0;0;12;13
ab18839bf5f449d4972778058e50d78d.jpg;4;45;46;forb_speed_over_100;0;0;45;46
a02dd94965774a43a8743105d6fd6957.jpg;4;33;35;forb_speed_over_70;0;0;33;35
9838198725454109a8aa1fbc4a323ada.jpg;4;62;24;forb_speed_over_70;0;0;62;24
a13b9c64d1f2434887ad41af8b1404cf.jpg;4;75;28;forb_speed_over_70;0;0;75;28
24b392b0433b4c0fa7de1d41bac6a9b7.jpg;4;66;46;forb_speed_over_70;0;0;66;46
6940d17967144954a451ff8713411583.jpg;4;71;42;warn_speed_bumper;0;0;71;42
e756b92949ba4163acbedb94e87362ca.jpg;4;34;34;warn_speed_bumper;0;0;34;34
639ff2b71d8f419ab487185644fc3baf.jpg;4;5;6;mand_pass_left;0;0;5;6
c7e4f164f7144979b772b1d9830d92b3.jpg;4;7;7;mand_pass_left;0;0;7;7
281d8ba1f03a47b4823d0bb55c9bb589.jpg;4;10;8;mand_pass_left;0;0;10;8
2e7528cc0a4049f2a4fc85f8d4555bc4.jpg;4;87;106;warn_traffic_light;0;0;87;106
06e7a75818714f77b7730a0ea8a41c67.jpg;4;66;100;mand_straight_right;0;0;66;100
0fd9c1790d23441a8906ca689204ae86.jpg;4;85;108;warn_crosswalk;0;0;85;108
73841585dc104aa38daaf35b3302b8ab.jpg;4;42;63;mand_pass_left;0;0;42;63
ddfa99bf5f51487e92ef8ebba995f0a2.jpg;4;150;159;forb_weight_over_7.5t;0;0;150;159
69af0cc79a574332806d4c62d0c16e80.jpg;4;49;53;forb_speed_over_80;0;0;49;53
ddcc3792470d46f6b65fbcc2b32de3ea.jpg;4;33;49;info_crosswalk;0;0;33;49
6db05c7532c641829bc8c9f1687655d1.jpg;4;50;61;info_bus_station;0;0;50;61
0b537fb240a8426c826ba280ffe82098.jpg;4;54;56;info_taxi_parking;0;0;54;56
7cb423fe8880427ab17828d7a0cdf4e8.jpg;4;183;185;forb_speed_over_70;0;0;183;185
b09ad54e1f0d42af85c208d8781255a1.jpg;4;70;82;forb_ahead;0;0;70;82
2157eee006c140da8732dfb57d556ebc.jpg;4;48;75;info_bus_station;0;0;48;75
de3c431faa4d49809960e755a1328852.jpg;4;16;25;info_bus_station;0;0;16;25
4c1ccdfdba7e4b2aab3bd00eed1dfb17.jpg;4;202;206;forb_speed_over_30;0;0;202;206
838216e55310401aa628538badc46080.jpg;4;80;80;mand_pass_right;0;0;80;80
817ea0089e124aac9a81a95ed0db24d2.jpg;4;142;142;forb_stopping;0;0;142;142
fc6e5258d8ff4278b3c7236877aeb31b.jpg;4;140;146;forb_speed_over_40;0;0;140;146
dc25f59f982e4f32858dd29190eb57e2.jpg;4;33;34;warn_construction;0;0;33;34
e7b531186f474f9cac131e061d93439e.jpg;4;15;16;forb_ahead;0;0;15;16
25e6482af0834f579153ddbaa5f6a301.jpg;4;23;32;info_highway;0;0;23;32
5db4b1df748e473b8ffd8d56864881e8.jpg;4;22;31;info_highway;0;0;22;31
133003058d394ebeae6697f0bbb5c7b9.jpg;4;41;38;warn_construction;0;0;41;38
d243cff143ca4bf1bd55ef61fb05f37e.jpg;4;33;44;info_crosswalk;0;0;33;44
1a2ba45b36de43fd866258b9869443a6.jpg;4;11;11;info_one_way_traffic;0;0;11;11
ee0c70f335474b6ea22ae299536e315c.jpg;4;43;38;warn_tram;0;0;43;38
46996cb6f0e1401783a0e311a04d03da.jpg;4;56;51;prio_give_way;0;0;56;51
50e183b04b76467c982626938772924a.jpg;4;39;49;warn_poor_road_surface;0;0;39;49
f005f38c5dd34272a1c4e2ade366181f.jpg;4;389;111;forb_speed_over_90;0;0;389;111
e4d14a1441af49e0a36aa18d7a2a3e96.jpg;4;17;17;forb_stopping;0;0;17;17
53673d0320614db7b0a4a538af2748ee.jpg;4;31;32;forb_speed_over_5;0;0;31;32
4f5f433f3b5e4a938ed1bbb4622d7c4d.jpg;4;51;52;forb_weight_over_3.5t;0;0;51;52
359e1055ad0b4aea885bc5f2ef54d2d6.jpg;4;45;48;forb_speed_over_5;0;0;45;48
dc759370b0374eb682feae5e29405636.jpg;4;32;32;forb_speed_over_130;0;0;32;32
66af1280a6064325b554c71e85b752c9.jpg;4;28;29;forb_speed_over_80;0;0;28;29
dbc8afeab09a47c29202bd5cdcaf19e4.jpg;4;11;16;info_highway;0;0;11;16
483a3127b9bd434f975f461b25c54721.jpg;4;32;32;forb_speed_over_60;0;0;32;32
8d2445a545634e08ab14be048146ba73.jpg;4;93;99;forb_weight_over_3.5t;0;0;93;99
cb70819c72cd41c6a8b1d27c2280d3a9.jpg;4;30;28;forb_right;0;0;30;28
d5409155e60a4dc08cc2259c2bdef00a.jpg;4;32;33;info_crosswalk;0;0;32;33
78973e6ace2c445e9b28c0e030edc309.jpg;4;26;32;info_highway;0;0;26;32
b5df11988c7a4a28b933ed0252a2ca9f.jpg;4;43;44;mand_pass_right;0;0;43;44
d2925676a9364acd8d281d5ac44c4635.jpg;4;20;13;prio_give_way;0;0;20;13
1277d1498cbc4670bd875a88dc559a9a.jpg;4;15;12;mand_roundabout;0;0;15;12
c1d24dd4e4474102b5e0b443fac0e702.jpg;4;9;9;mand_roundabout;0;0;9;9
74da8c71d13745ca97caf92cc3ea863a.jpg;4;14;10;prio_give_way;0;0;14;10
46c808f7361e41a392c3b9ea82f8c9b4.jpg;4;7;7;mand_pass_right;0;0;7;7
e6c5204dac694a7da75947c5e186e4f1.jpg;4;57;79;warn_speed_bumper;0;0;57;79
fc6192667fa0432ba5c8cce4ba9b7cdc.jpg;4;62;86;info_crosswalk;0;0;62;86
1c377d7b72ce492c931a54f59390fd62.jpg;4;41;42;mand_straight_right;0;0;41;42
ead850f587b4463cae6110044df6d5cc.jpg;4;31;33;info_parking;0;0;31;33
a99c6cf4ec6b4d148954c2aefa3f4f04.jpg;4;298;314;prio_priority_road;0;0;298;314
8f17ba65a58e42ceb30932b1f10339a6.jpg;4;44;139;forb_right;0;0;44;139
b9b5be189a774a29ae757d9e45b2f599.jpg;4;31;64;forb_speed_over_80;0;0;31;64
2f8bc64a02dc4beeadd5aa2cc69edb16.jpg;4;26;56;info_crosswalk;0;0;26;56
0fc4b20720694b3cb6b867e595b21526.jpg;4;51;63;info_crosswalk;0;0;51;63
f5806255734f49dcac50630296e7554c.jpg;4;63;92;mand_straigh_left;0;0;63;92
5d62f3fb877a4a7a80816118a3769a69.jpg;4;92;92;forb_right;0;0;92;92
5a87eee8dc89401badf90c668abb50d2.jpg;4;87;92;forb_stopping;0;0;87;92
5c106c3844984710bb927b26e623e214.jpg;4;51;58;mand_right;0;0;51;58
04c0e61e80f74d26893a590a223b6b01.jpg;4;56;61;prio_stop;0;0;56;61
3973f970605d4c55a82be02ad66e0cd1.jpg;4;73;73;forb_speed_over_50;0;0;73;73
83bf10f262a54c5cbcb7d5cc793abce3.jpg;4;17;15;mand_pass_right;0;0;17;15
587d3284ebc64b84bb1274874d19972d.jpg;4;22;23;forb_speed_over_30;0;0;22;23
57f1bbc47eae466cbcec7f14fac5c13c.jpg;4;74;156;info_highway;0;0;74;156
66774506639146bcb7f9455c284e0967.jpg;4;97;104;prio_give_way;0;0;97;104
e259807727fa4b68a969a8e59f0948db.jpg;4;87;105;mand_roundabout;0;0;87;105
72a1f9d185084b048a709160be933551.jpg;4;101;162;info_parking;0;0;101;162
53a8ad695ca04730b66b469bc66be481.jpg;4;11;12;mand_right;0;0;11;12
0a5d5fad0b9c41f9b7fb0022ba31b9af.jpg;4;25;29;forb_right;0;0;25;29
ad83e8a9974849758c1de3a9472134ee.jpg;4;9;15;prio_give_way;0;0;9;15
011e200f51d24806863a99f2c3da6306.jpg;4;24;27;forb_speed_over_40;0;0;24;27
8e7ad49d6965426d8f02ebd06162a1fc.jpg;4;45;43;forb_overtake;0;0;45;43
8ae42ac06436413b8194bbed22450450.jpg;4;44;46;forb_speed_over_50;0;0;44;46
a23ee58cc5e2450787c71fdabd9b6bdb.jpg;4;21;22;forb_speed_over_5;0;0;21;22
34f9460d9c9e4c3b85113345f6d14703.jpg;4;39;62;info_bus_station;0;0;39;62
2a16025140e44ae0b26bb930623f1b70.jpg;4;45;46;mand_pass_right;0;0;45;46
29bf64322fe7467388ffa95340958fbb.jpg;4;31;31;mand_pass_right;0;0;31;31
7e94930bbf5345d58b1c05e147a51e3b.jpg;4;83;83;prio_give_way;0;0;83;83
153ee038d8874a0aaec415f0faf2e5f6.jpg;4;74;73;info_crosswalk;0;0;74;73
e40ce51b54dd4c46be84893a1721fee9.jpg;4;36;50;forb_overtake;0;0;36;50
311ee416a9ff487fa8eb42acd73705c8.jpg;4;133;128;prio_stop;0;0;133;128
2e27040086224b5eac69a514143bef18.jpg;4;125;125;forb_left;0;0;125;125
4ede96b439d1455caa6d5282201d42f3.jpg;4;101;121;forb_speed_over_50;0;0;101;121
e265fa76c84d4c95afef1dd5986e3ea9.jpg;4;39;43;mand_straight;0;0;39;43
f109b969c28644f2a1713edb9832f6eb.jpg;4;86;61;info_one_way_traffic;0;0;86;61
7af00901888647c8a32b2e01456147f2.jpg;4;52;37;forb_speed_over_30;0;0;52;37
5fcecb1d5ea14dd3945d7392cf827daa.jpg;4;67;138;forb_speed_over_60;0;0;67;138
19e6260bddbf45aeb17b00b7913013c6.jpg;4;57;108;info_one_way_traffic;0;0;57;108
826f225ee5bf4f5ab041438e38e5eef0.jpg;4;30;29;mand_left_right;0;0;30;29
dcaa354a587545c5ad84feadcf3395d5.jpg;4;28;29;prio_give_way;0;0;28;29
030a1db6a9d24c478c3c5141605b3690.jpg;4;32;42;forb_left;0;0;32;42
b9ecb16f48304c6c8a70df40eea246e8.jpg;4;40;58;info_crosswalk;0;0;40;58
650776bc0d444be3b283460092ae1840.jpg;4;21;20;forb_speed_over_30;0;0;21;20
be98c4054e694d71b94f026b6f276efa.jpg;4;22;21;warn_speed_bumper;0;0;22;21
96f8434ac96441119079b11b97242d94.jpg;4;28;32;forb_speed_over_50;0;0;28;32
78c0282d2dcb415d90e9de6096e2174a.jpg;4;40;41;forb_speed_over_60;0;0;40;41
714c8cfd2e7d499ebbe05d3f428db3de.jpg;4;20;20;info_crosswalk;0;0;20;20
c35e18cd1a394324a7723de8cf218b40.jpg;4;17;23;info_bus_station;0;0;17;23
f76f2afe94b5457aaaed172fc92301e9.jpg;4;21;21;forb_speed_over_60;0;0;21;21
3debb4ff30bf4481941676561e674b48.jpg;4;36;39;forb_speed_over_5;0;0;36;39
4806736f0b3e46619c482161d00a8604.jpg;4;39;38;warn_speed_bumper;0;0;39;38
026037b4c6fb4b37bafc515053876f1b.jpg;4;63;63;forb_weight_over_3.5t;0;0;63;63
12ec797402e04dcf8a9ddfc494f67f77.jpg;4;28;24;warn_traffic_light;0;0;28;24
ee709d08edf04f2597537469c2533928.jpg;4;7;6;info_one_way_traffic;0;0;7;6
e21b8e3af3d24b539ae8e0e68ebe125a.jpg;4;7;7;mand_right;0;0;7;7
def34fb248bc432091ec5f04ff91d020.jpg;4;6;8;info_one_way_traffic;0;0;6;8
0c754034bc9447eab1a7b907519c2f7c.jpg;4;68;78;mand_straight_right;0;0;68;78
99e9c1f79060486cb26025636b019882.jpg;4;55;60;mand_pass_right;0;0;55;60
0a782f076d8749979d8287957c6146e9.jpg;4;29;48;mand_pass_left;0;0;29;48
c9d2584b2a564cbbb8826b6e9e421777.jpg;4;90;109;forb_left;0;0;90;109
3f5cccd27214495793bdd8b7167e3682.jpg;4;113;121;info_crosswalk;0;0;113;121
c221edcfd0ba4cc38b525320edc1208c.jpg;4;40;61;info_crosswalk;0;0;40;61
7b7a7902e8164c2dba68502fe0a78e9c.jpg;4;62;57;warn_cyclists;0;0;62;57
0f9a8856c9334e2eacec4504a7a79143.jpg;4;42;37;warn_cyclists;0;0;42;37
736055366e404872a55f8c175e23c9f1.jpg;4;56;54;info_parking;0;0;56;54
71c2c910e8b746e1b982a8cb4d7f0b60.jpg;4;19;19;mand_right;0;0;19;19
240233a8c510440ca7025dc4c176a56e.jpg;4;17;16;prio_give_way;0;0;17;16
3bcdb217f9c94683aa90a36c7eab1591.jpg;4;44;42;info_one_way_traffic;0;0;44;42
b56e0bb440fa4b5cae3a62aa8245ca20.jpg;4;22;25;forb_stopping;0;0;22;25
39eb2e23538749e0a22b8a467af84eaa.jpg;4;67;70;forb_speed_over_5;0;0;67;70
f2da34a4a74341bd9042e9d064bf95d2.jpg;4;119;102;warn_crosswalk;0;0;119;102
ce954dc7e4104d6a98aee1019563814c.jpg;4;147;147;prio_priority_road;0;0;147;147
b7cd3ab0c6d54138b9aa01fa23369a95.jpg;4;24;29;forb_left;0;0;24;29
62697e1973964ddeb90ea99e3e834a8b.jpg;4;62;60;warn_poor_road_surface;0;0;62;60
82c374de6f944113968b92a9301bd156.jpg;4;61;61;warn_slippery_road;0;0;61;61
b5116e5409164b6fb76c0273d858c2c3.jpg;4;22;33;forb_right;0;0;22;33
a171e6e5da02474d920c71a4844c17d6.jpg;4;120;128;forb_ahead;0;0;120;128
0f6e20f58f944e0f8a149c18b6295b72.jpg;4;28;27;info_crosswalk;0;0;28;27
735ee4607faf4ce88fba7fb4df9ad701.jpg;4;24;22;forb_right;0;0;24;22
563c57f95c114edfb432fc7a46969a4f.jpg;4;72;83;forb_speed_over_60;0;0;72;83
51f841343dd243e7a9cff02b68ab5935.jpg;4;43;47;mand_pass_right;0;0;43;47
550062bb89c84f5b9e4e4a4ec1b84936.jpg;4;17;25;forb_ahead;0;0;17;25
d92fc204527d4870af059dce5294072d.jpg;4;29;31;mand_right;0;0;29;31
a8e39c87bbae4cca93e16aeed989c9fe.jpg;4;34;33;prio_give_way;0;0;34;33
c852c17f2a2a4ca1b7515b9ba4c79fa3.jpg;4;34;36;info_one_way_traffic;0;0;34;36
bf0ea94bae1c4cceb3532f7886738b82.jpg;4;7;20;forb_ahead;0;0;7;20
ec5ebb90740c46949531bdcaf16f27d9.jpg;4;76;95;forb_speed_over_30;0;0;76;95
55e8104e195341eb9d752724337c22b4.jpg;4;110;125;forb_ahead;0;0;110;125
c19eba6df660475ebde3bdbe11b6b7ab.jpg;4;139;140;mand_pass_left_right;0;0;139;140
8f62a6d2fe604b109b8a12724f3e7ba3.jpg;4;151;148;prio_give_way;0;0;151;148
73d3f2ee5bb6410db79dfd6ae9c8d64c.jpg;4;100;95;forb_speed_over_30;0;0;100;95
25b28d08da0647998fb12ce6d1416645.jpg;4;71;79;forb_speed_over_100;0;0;71;79
295b1e5d3fdb497cb03534bb7d40732a.jpg;4;60;113;mand_right;0;0;60;113
a8b178d0ff7d49f3b46c243d5a11c5d5.jpg;4;30;31;mand_straigh_left;0;0;30;31
5da2e80f95474ff49c54198cf55ab650.jpg;4;31;36;info_crosswalk;0;0;31;36
7d6e42c5c6d24c7087720cbc8fa1701b.jpg;4;56;54;warn_wild_animals;0;0;56;54
ee11cf1109d04396bf395bf6f5db4b42.jpg;4;36;36;warn_two_way_traffic;0;0;36;36
9da25732493c409f817d65e8ba8fbb89.jpg;4;38;36;warn_two_way_traffic;0;0;38;36
2753f78845c14ef9a1f44ae94b2d8003.jpg;4;67;66;info_crosswalk;0;0;67;66
8c8e36e217f04772bf5a50c561a98ac8.jpg;4;59;57;info_one_way_traffic;0;0;59;57
ddb90e9151504f718b222137ce18de71.jpg;4;93;102;forb_overtake;0;0;93;102
17316618221e4c5581f32571007ac188.jpg;4;37;45;forb_speed_over_50;0;0;37;45
69b6881804564312bdc9afcc30a46d74.jpg;4;46;53;forb_overtake;0;0;46;53
8303bbfb2e16481cb94eff6c12489914.jpg;4;37;37;forb_overtake;0;0;37;37
0f9b3f2cb73b407085b9f8aa9b5de9a0.jpg;4;39;44;forb_weight_over_3.5t;0;0;39;44
bac6a7be2f7d407b93d192834b203f3f.jpg;4;20;19;info_crosswalk;0;0;20;19
57f15217852244608f685f8814520c1b.jpg;4;16;17;mand_straigh_left;0;0;16;17
582820a1678f47649c34cd0e6ac43ec7.jpg;4;174;181;mand_right;0;0;174;181
4b299438199a4c4fa126548b0e899e3b.jpg;4;143;122;prio_give_way;0;0;143;122
dbe70f911eaa4905b462f0a7478ebc76.jpg;4;95;98;mand_right;0;0;95;98
1e691cefac4047ab8a7c3a407086c6b7.jpg;4;46;66;forb_weight_over_3.5t;0;0;46;66
71b3043f468548369a836953f38d4a12.jpg;4;49;50;forb_overtake;0;0;49;50
3ba30a17d73b4d089e77ad4b1d00d5d4.jpg;4;148;168;forb_right;0;0;148;168
526bef82d8d8431890ad7d4f490e7b1a.jpg;4;102;111;prio_stop;0;0;102;111
5c1c1fda9c2447a6b1e6410d16ea6948.jpg;4;83;73;forb_left;0;0;83;73
dcd835a31a0c43de8467bd9f05f6b33a.jpg;4;18;65;info_one_way_traffic;0;0;18;65
92189f9c9f204698b4338c46feb81f1a.jpg;4;24;50;info_bus_station;0;0;24;50
e15cfd7f09774a3bbbaf2493ad468794.jpg;4;50;51;prio_stop;0;0;50;51
578f217cf7f5442d96c2e46407fc7d65.jpg;4;55;51;info_crosswalk;0;0;55;51
ca8d0b033a3c4239a0483caad6a8cf51.jpg;4;56;51;mand_straigh_left;0;0;56;51
d4a3a04a4fd0436092f6ba33249880dd.jpg;4;16;17;info_crosswalk;0;0;16;17
0a1add4e272b43deaf59205fe6fa22da.jpg;4;25;32;info_highway;0;0;25;32
2f26e2fea2b943d5b107cab4637bb66d.jpg;4;38;39;forb_speed_over_130;0;0;38;39
8e454e9294e24a3ca5c176594f3fe0d8.jpg;4;117;138;forb_stopping;0;0;117;138
147ff6f64c8049d39a914c4fe375447b.jpg;4;31;42;forb_left;0;0;31;42
a05b9ee142b240ee933a6ff26d3eda36.jpg;4;77;113;prio_stop;0;0;77;113
ec8bacbd476547a887be23c8299ad722.jpg;4;48;117;mand_right;0;0;48;117
0c91d44bdcdc492aa9671d7dbd384475.jpg;4;129;175;mand_pass_right;0;0;129;175
4990382634e848288e0b6ac6bc191d05.jpg;4;38;51;forb_speed_over_30;0;0;38;51
3ac94d76ca1947cc869ed60f08c6f961.jpg;4;28;28;warn_children;0;0;28;28
914c7eeba24b49dda24beb23e12c233b.jpg;4;85;78;info_crosswalk;0;0;85;78
9f94478246b74f1cbde4520f125603e6.jpg;4;68;72;prio_stop;0;0;68;72
3195c2da0def492ab5fd02ab4eeab976.jpg;4;65;73;mand_right;0;0;65;73
d16797e96b9648a489f3b3d519c7761b.jpg;4;73;84;warn_crosswalk;0;0;73;84
a0788c1602804f5d9358232a25337624.jpg;4;65;84;warn_traffic_light;0;0;65;84
e889662cf03a42ac8ff388b4cf8689ab.jpg;4;53;90;info_bus_station;0;0;53;90
75d36aac39a84611bdf096b1001e1a78.jpg;4;48;42;warn_wild_animals;0;0;48;42
300e6f36b21846eebd96786c0a3a3b8e.jpg;4;9;9;mand_pass_right;0;0;9;9
df492659056e400682f42de9c47c8def.jpg;4;254;262;warn_crosswalk;0;0;254;262
401a99dbf3854147b299c3e9935a9690.jpg;4;257;260;warn_other_dangers;0;0;257;260
63162f8abfe94e6a9d86744e86e96cba.jpg;4;44;41;warn_cyclists;0;0;44;41
bec5991be1b84acca53a07252c8e1151.jpg;4;42;44;info_crosswalk;0;0;42;44
51310ccd7697407bb0045ea6797f0e89.jpg;4;39;40;mand_pass_right;0;0;39;40
7ca4a26fea6d43b29d57c2461a8c4ae8.jpg;4;28;32;mand_bike_lane;0;0;28;32
209d31b378f44d76a2ec623a270fc03b.jpg;4;103;93;warn_crosswalk;0;0;103;93
a79293a80b064be6815d1d73778a11e2.jpg;4;103;94;warn_other_dangers;0;0;103;94
0fe59ec6e0154c9f9887a919128ed12f.jpg;4;31;33;info_crosswalk;0;0;31;33
7b560f861bc84218bbb34545b1f09f5c.jpg;4;48;45;forb_weight_over_3.5t;0;0;48;45
4c38ecb8366740a0a6f239028e0ae61a.jpg;4;38;39;forb_stopping;0;0;38;39
596775ea499b49528082ce653741ff2c.jpg;4;54;55;forb_weight_over_7.5t;0;0;54;55
60005867f9c24d789ab26d7df4ef1d5b.jpg;4;24;24;forb_weight_over_7.5t;0;0;24;24
8243d3facac9402284ea5826a73b0bf7.jpg;4;54;55;forb_weight_over_3.5t;0;0;54;55
18dadf28e076476fbb9d401ab2ec1a04.jpg;4;37;45;info_bus_station;0;0;37;45
a08cc2acf4d34781863c75058debc101.jpg;4;24;28;prio_priority_road;0;0;24;28
f5ade2d3641f4ad38249a2dd30741c80.jpg;4;29;30;forb_speed_over_60;0;0;29;30
1fbda638f66c4aff9c5e22dd5e0fe4d7.jpg;4;32;60;prio_stop;0;0;32;60
21169675ac3e41b0b206ec370896d84e.jpg;4;34;58;mand_right;0;0;34;58
34694e4210114237973ddb28b8e959bc.jpg;4;104;119;warn_two_way_traffic;0;0;104;119
a34f76b3ce2a48d9aa03b31222bbe3ac.jpg;4;54;60;forb_speed_over_80;0;0;54;60
8ae3e24d741d4a0eb516ba60744dc100.jpg;4;277;220;forb_speed_over_100;0;0;277;220
3209fbbbeaa0412594aa98b7688db14d.jpg;4;113;103;warn_crosswalk;0;0;113;103
f26b49a811ed4c7aa597fb410107c034.jpg;4;106;103;warn_roundabout;0;0;106;103
bfe0eeb66472459894bc70b33e212351.jpg;4;102;94;forb_speed_over_30;0;0;102;94
acf3a82ddb38410fae4f58886219b59b.jpg;4;128;126;forb_stopping;0;0;128;126
0f86b46b42374eb2943e98d97768d978.jpg;4;36;48;forb_stopping;0;0;36;48
895b6cd5fdae4ad5b4d608dddfa02ecb.jpg;4;38;44;info_crosswalk;0;0;38;44
c881cd0fc90d4459aefd52e93959b646.jpg;4;8;9;mand_straigh_left;0;0;8;9
95eb830de5ec445ea32148ba42bf918a.jpg;4;319;374;prio_stop;0;0;319;374
1f710626d9ea416dabfb99d487a28ff4.jpg;4;31;41;forb_weight_over_7.5t;0;0;31;41
4565e8a3a35b499d9d3703ed8d47ea53.jpg;4;46;43;forb_speed_over_5;0;0;46;43
3c682c58bca74ce9b5481b163e3dc47b.jpg;4;64;59;prio_give_way;0;0;64;59
d2b2e192774843ef85308a5003165b7f.jpg;4;51;57;mand_right;0;0;51;57
ca19faeae5f7461e92e08bcd63d830bc.jpg;4;28;31;forb_stopping;0;0;28;31
56a255313677446a8843760c4881cbda.jpg;4;163;215;warn_poor_road_surface;0;0;163;215
eda12d7ac3b341a2a2c2ca93d80a68bb.jpg;4;16;19;forb_right;0;0;16;19
b24019c975c049e28521086c26ef9a19.jpg;4;28;23;forb_weight_over_7.5t;0;0;28;23
9cabf4e9fb124633ae0cdf35615dbe78.jpg;4;22;22;forb_speed_over_10;0;0;22;22
da414f0e41c6463ebd5b010ae664bbd0.jpg;4;51;54;forb_stopping;0;0;51;54
16d29d4a290046289018aeaef2398ee0.jpg;4;50;71;warn_construction;0;0;50;71
56dc37f09c984dd4aeecdf62d3ecf82b.jpg;4;44;62;mand_pass_left;0;0;44;62
7a8f69f0135342bab60f833d91c5d139.jpg;4;35;66;forb_speed_over_30;0;0;35;66
5f8613e895de4ad3b341ba5d9ebfd849.jpg;4;28;29;forb_stopping;0;0;28;29
f2198f8b11be4b498999839086c11b56.jpg;4;95;89;warn_two_way_traffic;0;0;95;89
0863312cd4ca48928a6f5f813de73410.jpg;4;86;88;forb_stopping;0;0;86;88
87f2e6a0684549229b1fdb8bbc31015e.jpg;4;46;48;forb_stopping;0;0;46;48
1e69162e4b0e46a2918a959258199a76.jpg;4;17;19;info_one_way_traffic;0;0;17;19
317dfa2aa15c45888122c5a7ab3d0af3.jpg;4;14;19;info_parking;0;0;14;19
4ff5c78760d0412aadcc5de31a854461.jpg;4;44;47;forb_left;0;0;44;47
22f84864e1d74168b10dcfa8b3d229b5.jpg;4;28;27;forb_left;0;0;28;27
815deba50a4749929615df774accb044.jpg;4;27;29;forb_stopping;0;0;27;29
b2b73f6ef8ea4b4a87e9c3ee019ba497.jpg;4;20;20;forb_stopping;0;0;20;20
